timestamp_ms,local_time,heading_deg,speed_ms,speed_src,pos_x_m,pos_y_m,lat,lon,pos_src,adjusted_speed_ms,adjusted_pos_x_m,adjusted_pos_y_m,adjusted_lat,adjusted_lon
1063408,2026-05-31T09:52:26,170.83,0,F,2688.01,9967.97,47.67851,-122.248062,G,0,2698.2,9975.39,47.67851,-122.248062
1064476,2026-05-31T09:52:27,171.23,0,F,2688.01,9967.97,47.67851,-122.248062,E,0,2698.2,9975.39,47.67851,-122.248062
1065548,2026-05-31T09:52:28,168.2,0.016,F,2688.01,9967.97,47.67850989,-122.24806197,E,0.0119,2698.2,9975.37,47.67850989,-122.24806197
1066626,2026-05-31T09:52:30,53.89,0.097,F,2688.05,9967.96,47.6785103,-122.24806113,E,0.0723,2698.26,9975.42,47.6785103,-122.24806113
1067696,2026-05-31T09:52:31,14.77,0.119,F,2688.09,9968.06,47.67851112,-122.2480608,E,0.0887,2698.29,9975.51,47.67851112,-122.2480608
1068775,2026-05-31T09:52:32,15.14,0.112,F,2688.11,9968.17,47.67851191,-122.24806049,E,0.0835,2698.31,9975.6,47.67851191,-122.24806049
1069853,2026-05-31T09:52:33,16.48,0.093,F,2688.14,9968.28,47.67851255,-122.24806021,E,0.0693,2698.33,9975.67,47.67851255,-122.24806021
1070931,2026-05-31T09:52:34,29.18,0.095,F,2688.17,9968.38,47.67851315,-122.24805971,E,0.0708,2698.37,9975.74,47.67851315,-122.24805971
1071992,2026-05-31T09:52:35,56.22,0.094,F,2688.24,9968.47,47.67851352,-122.24805889,E,0.0701,2698.43,9975.78,47.67851352,-122.24805889
1073080,2026-05-31T09:52:36,145.74,0.065,F,2688.31,9968.46,47.67851313,-122.24805849,E,0.0485,2698.46,9975.73,47.67851313,-122.24805849
1074140,2026-05-31T09:52:37,155.46,0.046,F,2688.34,9968.39,47.67851283,-122.24805829,E,0.0343,2698.48,9975.7,47.67851283,-122.24805829
1075210,2026-05-31T09:52:38,155.62,0.073,F,2688.37,9968.32,47.67851236,-122.24805797,E,0.0544,2698.5,9975.65,47.67851236,-122.24805797
1076282,2026-05-31T09:52:39,187.72,0.104,F,2688.38,9968.22,47.67851162,-122.24805812,E,0.0775,2698.49,9975.57,47.67851162,-122.24805812
1077361,2026-05-31T09:52:40,190.51,0.073,F,2688.36,9968.12,47.6785111,-122.24805826,E,0.0544,2698.48,9975.51,47.6785111,-122.24805826
1078440,2026-05-31T09:52:41,195.01,0.051,F,2688.35,9968.02,47.67851074,-122.24805841,E,0.038,2698.47,9975.47,47.67851074,-122.24805841
1079519,2026-05-31T09:52:42,221.26,0.113,F,2688.31,9967.98,47.67851013,-122.2480592,E,0.0842,2698.41,9975.4,47.67851013,-122.2480592
1080585,2026-05-31T09:52:43,222.83,0.19,F,2688.2,9967.88,47.67850913,-122.24806057,E,0.1416,2698.31,9975.29,47.67850913,-122.24806057
1081672,2026-05-31T09:52:45,218.63,0.273,F,2688.04,9967.68,47.67850758,-122.24806241,E,0.2035,2698.17,9975.12,47.67850758,-122.24806241
1082750,2026-05-31T09:52:46,223.01,0.329,F,2687.83,9967.45,47.67850584,-122.24806481,E,0.2453,2697.99,9974.92,47.67850584,-122.24806481
1083820,2026-05-31T09:52:47,227.08,0.382,F,2687.55,9967.15,47.67850398,-122.24806779,E,0.2848,2697.76,9974.71,47.67850398,-122.24806779
1084898,2026-05-31T09:52:48,217.09,0.435,F,2687.24,9966.83,47.67850147,-122.24807059,E,0.3243,2697.55,9974.44,47.67850147,-122.24807059
1085977,2026-05-31T09:52:49,204.73,0.472,F,2687,9966.42,47.67849838,-122.24807271,E,0.3519,2697.39,9974.09,47.67849838,-122.24807271
1087042,2026-05-31T09:52:50,197.1,0.484,F,2686.82,9965.92,47.67849508,-122.24807421,E,0.3608,2697.28,9973.72,47.67849508,-122.24807421
1088107,2026-05-31T09:52:51,184.39,0.506,F,2686.71,9965.41,47.67849148,-122.24807462,E,0.3772,2697.25,9973.32,47.67849148,-122.24807462
1089169,2026-05-31T09:52:52,167.95,0.509,F,2686.74,9964.88,47.67848794,-122.2480735,E,0.3795,2697.34,9972.93,47.67848794,-122.2480735
1090238,2026-05-31T09:52:53,152.6,0.508,F,2686.92,9964.36,47.67848471,-122.24807102,E,0.3787,2697.52,9972.57,47.67848471,-122.24807102
1091310,2026-05-31T09:52:54,140.49,0.509,F,2687.22,9963.91,47.67848189,-122.24806757,E,0.3795,2697.78,9972.26,47.67848189,-122.24806757
1092390,2026-05-31T09:52:55,114.78,0.496,F,2687.65,9963.61,47.67848039,-122.24806274,E,0.3698,2698.14,9972.09,47.67848039,-122.24806274
1093494,2026-05-31T09:52:56,119.81,0.496,F,2688.15,9963.4,47.67847856,-122.24805803,E,0.3698,2698.5,9971.89,47.67847856,-122.24805803
1094566,2026-05-31T09:52:57,129.8,0.359,F,2688.53,9963.14,47.67847691,-122.24805509,E,0.2676,2698.72,9971.7,47.67847691,-122.24805509
1095645,2026-05-31T09:52:59,142.22,0.251,F,2688.75,9962.92,47.67847548,-122.24805344,E,0.1871,2698.84,9971.54,47.67847548,-122.24805344
1096731,2026-05-31T09:53:00,145.72,0.175,F,2688.88,9962.72,47.67847443,-122.24805238,E,0.1305,2698.92,9971.43,47.67847443,-122.24805238
1097802,2026-05-31T09:53:01,152.58,0.122,F,2688.96,9962.61,47.67847365,-122.24805178,E,0.091,2698.97,9971.34,47.67847365,-122.24805178
1098872,2026-05-31T09:53:02,119.27,0.086,F,2689.02,9962.51,47.67847335,-122.24805099,E,0.0641,2699.03,9971.31,47.67847335,-122.24805099
1099961,2026-05-31T09:53:03,90.97,0.09,F,2689.1,9962.51,47.67847334,-122.24805001,E,0.0671,2699.1,9971.3,47.67847334,-122.24805001
1101039,2026-05-31T09:53:04,110.98,0.245,F,2689.28,9962.49,47.67847271,-122.24804756,E,0.1826,2699.28,9971.23,47.67847271,-122.24804756
1102119,2026-05-31T09:53:05,106.93,0.336,F,2689.59,9962.38,47.678472,-122.24804412,E,0.2505,2699.54,9971.15,47.678472,-122.24804412
1103180,2026-05-31T09:53:06,110.22,0.322,F,2689.92,9962.28,47.67847121,-122.24804093,E,0.2401,2699.78,9971.07,47.67847121,-122.24804093
1104259,2026-05-31T09:53:07,155.16,0.433,F,2690.21,9962,47.67846837,-122.24803899,E,0.3228,2699.93,9970.75,47.67846837,-122.24803899
1105338,2026-05-31T09:53:08,179.92,0.468,F,2690.31,9961.53,47.67846499,-122.24803898,E,0.3489,2699.93,9970.37,47.67846499,-122.24803898
1106416,2026-05-31T09:53:09,190.62,0.482,F,2690.24,9961.01,47.67846157,-122.24803993,E,0.3593,2699.86,9969.99,47.67846157,-122.24803993
1107494,2026-05-31T09:53:10,128.62,0.453,F,2690.36,9960.57,47.67845953,-122.24803614,E,0.3377,2700.14,9969.77,47.67845953,-122.24803614
1108573,2026-05-31T09:53:11,53.59,0.491,F,2690.79,9960.63,47.67846163,-122.24803191,E,0.366,2700.46,9970,47.67846163,-122.24803191
1109652,2026-05-31T09:53:13,93.42,0.418,F,2691.28,9960.75,47.67846145,-122.24802744,E,0.3116,2700.79,9969.98,47.67846145,-122.24802744
1110719,2026-05-31T09:53:14,94.17,0.366,F,2691.68,9960.67,47.67846126,-122.24802357,E,0.2729,2701.08,9969.96,47.67846126,-122.24802357
1111806,2026-05-31T09:53:15,105.63,0.37,F,2692.11,9960.63,47.67846053,-122.24801972,E,0.2758,2701.37,9969.88,47.67846053,-122.24801972
1112894,2026-05-31T09:53:16,117.83,0.325,F,2692.46,9960.48,47.67845943,-122.24801662,E,0.2423,2701.61,9969.76,47.67845943,-122.24801662
1113973,2026-05-31T09:53:17,132.59,0.227,F,2692.7,9960.28,47.67845832,-122.24801483,E,0.1692,2701.74,9969.63,47.67845832,-122.24801483
1115052,2026-05-31T09:53:18,133.16,0.17,F,2692.86,9960.14,47.67845748,-122.2480135,E,0.1267,2701.84,9969.54,47.67845748,-122.2480135
1116132,2026-05-31T09:53:19,136.57,0.119,F,2692.97,9960.03,47.67845685,-122.24801262,E,0.0887,2701.91,9969.47,47.67845685,-122.24801262
1117204,2026-05-31T09:53:20,129.02,0.083,F,2693.05,9959.94,47.67845648,-122.24801194,E,0.0619,2701.96,9969.43,47.67845648,-122.24801194
1118284,2026-05-31T09:53:21,143.99,0.058,F,2693.1,9959.86,47.67845614,-122.24801157,E,0.0432,2701.98,9969.39,47.67845614,-122.24801157
1119345,2026-05-31T09:53:22,156.84,0.041,F,2693.13,9959.84,47.67845587,-122.2480114,E,0.0306,2702,9969.36,47.67845587,-122.2480114
1120425,2026-05-31T09:53:23,171.5,0.042,F,2693.15,9959.83,47.67845557,-122.24801133,E,0.0313,2702,9969.33,47.67845557,-122.24801133
1121495,2026-05-31T09:53:24,169.4,0.029,F,2693.15,9959.82,47.67845537,-122.24801128,E,0.0216,2702.01,9969.3,47.67845537,-122.24801128
1122576,2026-05-31T09:53:25,131.3,0.021,F,2693.15,9959.82,47.67845527,-122.24801111,E,0.0157,2702.02,9969.29,47.67845527,-122.24801111
1123662,2026-05-31T09:53:27,102.58,0.014,F,2693.18,9959.81,47.67845524,-122.24801096,E,0.0104,2702.03,9969.29,47.67845524,-122.24801096
1124732,2026-05-31T09:53:28,68.18,0.038,F,2693.21,9959.81,47.67845535,-122.24801059,E,0.0283,2702.06,9969.3,47.67845535,-122.24801059
1125812,2026-05-31T09:53:29,47.65,0.027,F,2693.24,9959.81,47.67845548,-122.24801037,E,0.0201,2702.07,9969.32,47.67845548,-122.24801037
1126883,2026-05-31T09:53:30,54.94,0.019,F,2693.26,9959.82,47.67845556,-122.24801021,E,0.0142,2702.09,9969.32,47.67845556,-122.24801021
1127954,2026-05-31T09:53:31,56.52,0.013,F,2693.28,9959.82,47.67845561,-122.24801009,E,0.0097,2702.1,9969.33,47.67845561,-122.24801009
1129024,2026-05-31T09:53:32,48.85,0.009,F,2693.28,9959.82,47.67845565,-122.24801002,E,0.0067,2702.1,9969.33,47.67845565,-122.24801002
1130095,2026-05-31T09:53:33,52.54,0.006,F,2693.28,9959.82,47.67845568,-122.24800997,E,0.0045,2702.11,9969.34,47.67845568,-122.24800997
1131149,2026-05-31T09:53:34,49.64,0.109,F,2693.31,9959.84,47.67845617,-122.2480091,E,0.0813,2702.17,9969.39,47.67845617,-122.2480091
1132230,2026-05-31T09:53:35,42.51,0.213,F,2693.45,9959.95,47.67845731,-122.24800755,E,0.1588,2702.29,9969.52,47.67845731,-122.24800755
1133310,2026-05-31T09:53:36,70.42,0.304,F,2693.67,9960.1,47.67845805,-122.24800448,E,0.2266,2702.52,9969.6,47.67845805,-122.24800448
1134391,2026-05-31T09:53:37,105.33,0.224,F,2693.95,9960.11,47.67845762,-122.24800216,E,0.167,2702.69,9969.55,47.67845762,-122.24800216
1135470,2026-05-31T09:53:38,119.83,0.184,F,2694.16,9960.01,47.67845696,-122.24800045,E,0.1372,2702.82,9969.48,47.67845696,-122.24800045
1136551,2026-05-31T09:53:39,138.86,0.129,F,2694.29,9959.9,47.67845625,-122.24799954,E,0.0962,2702.89,9969.4,47.67845625,-122.24799954
1137631,2026-05-31T09:53:41,154.86,0.09,F,2694.36,9959.8,47.67845566,-122.24799913,E,0.0671,2702.92,9969.34,47.67845566,-122.24799913
1138703,2026-05-31T09:53:42,144.37,0.063,F,2694.41,9959.7,47.6784553,-122.24799874,E,0.047,2702.95,9969.3,47.6784553,-122.24799874
1139783,2026-05-31T09:53:43,153.46,0.044,F,2694.43,9959.68,47.67845501,-122.24799853,E,0.0328,2702.96,9969.26,47.67845501,-122.24799853
1140849,2026-05-31T09:53:44,176.41,0.047,F,2694.44,9959.66,47.67845468,-122.2479985,E,0.035,2702.97,9969.23,47.67845468,-122.2479985
1141930,2026-05-31T09:53:45,169.1,0.124,F,2694.45,9959.61,47.6784538,-122.24799825,E,0.0924,2702.99,9969.13,47.6784538,-122.24799825
1143002,2026-05-31T09:53:46,153.54,0.239,F,2694.52,9959.42,47.67845226,-122.24799711,E,0.1782,2703.07,9968.96,47.67845226,-122.24799711
1144091,2026-05-31T09:53:47,147.77,0.333,F,2694.68,9959.15,47.67845021,-122.24799519,E,0.2483,2703.21,9968.73,47.67845021,-122.24799519
1145161,2026-05-31T09:53:48,143.42,0.414,F,2694.9,9958.83,47.67844782,-122.24799257,E,0.3086,2703.41,9968.46,47.67844782,-122.24799257
1146240,2026-05-31T09:53:49,151.61,0.499,F,2695.16,9958.41,47.67844465,-122.24799003,E,0.372,2703.6,9968.11,47.67844465,-122.24799003
1147319,2026-05-31T09:53:50,162.68,0.531,F,2695.36,9957.89,47.67844099,-122.24798834,E,0.3959,2703.73,9967.7,47.67844099,-122.24798834
1148391,2026-05-31T09:53:51,161.18,0.598,F,2695.55,9957.33,47.67843692,-122.24798628,E,0.4458,2703.88,9967.25,47.67843692,-122.24798628
1149483,2026-05-31T09:53:52,158.35,0.636,F,2695.78,9956.69,47.6784326,-122.24798374,E,0.4741,2704.07,9966.77,47.6784326,-122.24798374
1150562,2026-05-31T09:53:53,163.18,0.625,F,2696.01,9956.05,47.67842828,-122.2479818,E,0.4659,2704.22,9966.29,47.67842828,-122.2479818
1151641,2026-05-31T09:53:55,168.6,0.644,F,2696.17,9955.41,47.67842372,-122.24798044,E,0.4801,2704.32,9965.78,47.67842372,-122.24798044
1152720,2026-05-31T09:53:56,169.63,0.658,F,2696.31,9954.7,47.67841904,-122.24797917,E,0.4905,2704.42,9965.26,47.67841904,-122.24797917
1153723,2026-05-31T09:53:57,173.79,0.512,F,2696.41,9954.12,47.67841562,-122.24797862,E,0.3817,2704.46,9964.88,47.67841562,-122.24797862
1154793,2026-05-31T09:53:58,169.31,0.358,F,2696.47,9953.66,47.6784131,-122.24797791,E,0.2669,2704.51,9964.6,47.6784131,-122.24797791
1155874,2026-05-31T09:53:59,162.64,0.25,F,2696.54,9953.34,47.67841137,-122.24797711,E,0.1864,2704.57,9964.41,47.67841137,-122.24797711
1156955,2026-05-31T09:54:00,151.99,0.175,F,2696.62,9953.13,47.67841025,-122.24797623,E,0.1305,2704.64,9964.28,47.67841025,-122.24797623
1158036,2026-05-31T09:54:01,139.82,0.122,F,2696.71,9953.01,47.67840958,-122.24797538,E,0.091,2704.7,9964.21,47.67840958,-122.24797538
1159116,2026-05-31T09:54:02,130.69,0.085,F,2696.79,9952.91,47.67840918,-122.24797469,E,0.0634,2704.75,9964.16,47.67840918,-122.24797469
1160195,2026-05-31T09:54:03,138.16,0.059,F,2696.84,9952.85,47.67840886,-122.24797427,E,0.044,2704.79,9964.13,47.67840886,-122.24797427
1161274,2026-05-31T09:54:04,146.17,0.041,F,2696.87,9952.84,47.67840861,-122.24797403,E,0.0306,2704.8,9964.1,47.67840861,-122.24797403
1162344,2026-05-31T09:54:05,151.65,0.043,F,2696.9,9952.83,47.67840834,-122.24797381,E,0.0321,2704.82,9964.07,47.67840834,-122.24797381
1163414,2026-05-31T09:54:06,156.16,0.045,F,2696.92,9952.82,47.67840805,-122.24797362,E,0.0335,2704.83,9964.04,47.67840805,-122.24797362
1164484,2026-05-31T09:54:07,135.75,0.032,F,2696.95,9952.81,47.67840788,-122.24797338,E,0.0239,2704.85,9964.02,47.67840788,-122.24797338
1165564,2026-05-31T09:54:08,125.86,0.113,F,2696.99,9952.79,47.67840741,-122.2479724,E,0.0842,2704.93,9963.96,47.67840741,-122.2479724
1166643,2026-05-31T09:54:10,131.62,0.247,F,2697.14,9952.67,47.67840622,-122.24797042,E,0.1841,2705.07,9963.83,47.67840622,-122.24797042
1167722,2026-05-31T09:54:11,131.26,0.325,F,2697.37,9952.46,47.67840467,-122.2479678,E,0.2423,2705.27,9963.66,47.67840467,-122.2479678
1168802,2026-05-31T09:54:12,128.73,0.392,F,2697.67,9952.23,47.6784029,-122.24796452,E,0.2922,2705.52,9963.46,47.6784029,-122.24796452
1169874,2026-05-31T09:54:13,131.26,0.427,F,2698.01,9951.93,47.67840088,-122.24796111,E,0.3183,2705.77,9963.24,47.67840088,-122.24796111
1170951,2026-05-31T09:54:14,131.35,0.467,F,2698.37,9951.62,47.67839865,-122.24795736,E,0.3481,2706.06,9962.99,47.67839865,-122.24795736
1172014,2026-05-31T09:54:15,129.04,0.454,F,2698.74,9951.31,47.67839662,-122.24795363,E,0.3385,2706.33,9962.76,47.67839662,-122.24795363
1173084,2026-05-31T09:54:16,128.32,0.469,F,2699.14,9951.01,47.67839453,-122.24794972,E,0.3496,2706.63,9962.53,47.67839453,-122.24794972
1174163,2026-05-31T09:54:17,128.84,0.493,F,2699.54,9950.68,47.6783923,-122.24794561,E,0.3675,2706.94,9962.28,47.6783923,-122.24794561
1175216,2026-05-31T09:54:18,137.33,0.543,F,2699.94,9950.32,47.67838948,-122.24794176,E,0.4048,2707.23,9961.97,47.67838948,-122.24794176
1176295,2026-05-31T09:54:19,136.42,0.575,F,2700.35,9949.89,47.67838647,-122.24793752,E,0.4287,2707.54,9961.63,47.67838647,-122.24793752
1177383,2026-05-31T09:54:20,153.15,0.594,F,2700.7,9949.37,47.67838261,-122.24793462,E,0.4428,2707.76,9961.2,47.67838261,-122.24793462
1178461,2026-05-31T09:54:21,172.14,0.495,F,2700.86,9948.79,47.67837907,-122.24793389,E,0.369,2707.82,9960.81,47.67837907,-122.24793389
1179532,2026-05-31T09:54:22,168.1,0.541,F,2700.94,9948.26,47.67837527,-122.24793271,E,0.4033,2707.91,9960.39,47.67837527,-122.24793271
1180601,2026-05-31T09:54:23,155.61,0.558,F,2701.11,9947.7,47.67837164,-122.24793026,E,0.416,2708.09,9959.98,47.67837164,-122.24793026
1181681,2026-05-31T09:54:25,146.66,0.465,F,2701.39,9947.2,47.67836883,-122.24792752,E,0.3467,2708.3,9959.67,47.67836883,-122.24792752
1182761,2026-05-31T09:54:26,125.81,0.337,F,2701.69,9946.89,47.6783674,-122.24792459,E,0.2512,2708.52,9959.51,47.6783674,-122.24792459
1183832,2026-05-31T09:54:27,127.77,0.236,F,2701.94,9946.7,47.67836636,-122.24792261,E,0.1759,2708.66,9959.4,47.67836636,-122.24792261
1184913,2026-05-31T09:54:28,130.88,0.197,F,2702.1,9946.58,47.67836543,-122.24792101,E,0.1469,2708.78,9959.29,47.67836543,-122.24792101
1185983,2026-05-31T09:54:29,118.91,0.32,F,2702.34,9946.44,47.67836432,-122.24791803,E,0.2386,2709.01,9959.17,47.67836432,-122.24791803
1187052,2026-05-31T09:54:30,126.59,0.377,F,2702.65,9946.24,47.67836271,-122.24791482,E,0.2811,2709.25,9958.99,47.67836271,-122.24791482
1188132,2026-05-31T09:54:31,119.77,0.458,F,2703.03,9945.98,47.67836107,-122.24791055,E,0.3414,2709.57,9958.81,47.67836107,-122.24791055
1189212,2026-05-31T09:54:32,125.96,0.475,F,2703.43,9945.7,47.67835905,-122.24790643,E,0.3541,2709.88,9958.58,47.67835905,-122.24790643
1190282,2026-05-31T09:54:33,124.48,0.51,F,2703.87,9945.4,47.67835698,-122.24790196,E,0.3802,2710.21,9958.35,47.67835698,-122.24790196
1191361,2026-05-31T09:54:34,123.62,0.55,F,2704.35,9945.08,47.67835478,-122.24789706,E,0.41,2710.58,9958.11,47.67835478,-122.24789706
1192439,2026-05-31T09:54:35,135.31,0.577,F,2704.85,9944.73,47.67835182,-122.24789271,E,0.4302,2710.91,9957.78,47.67835182,-122.24789271
1193517,2026-05-31T09:54:36,142.26,0.598,F,2705.23,9944.23,47.67834841,-122.2478888,E,0.4458,2711.2,9957.4,47.67834841,-122.2478888
1194569,2026-05-31T09:54:37,134.27,0.644,F,2705.68,9943.73,47.67834524,-122.24788398,E,0.4801,2711.56,9957.04,47.67834524,-122.24788398
1195623,2026-05-31T09:54:39,133.23,0.677,F,2706.18,9943.23,47.67834197,-122.24787882,E,0.5047,2711.95,9956.68,47.67834197,-122.24787882
1196693,2026-05-31T09:54:40,129.7,0.698,F,2706.73,9942.73,47.67833877,-122.24787311,E,0.5204,2712.38,9956.32,47.67833877,-122.24787311
1197781,2026-05-31T09:54:41,127.32,0.708,F,2707.33,9942.25,47.67833564,-122.24786703,E,0.5278,2712.84,9955.98,47.67833564,-122.24786703
1198851,2026-05-31T09:54:42,126.81,0.733,F,2707.95,9941.81,47.6783325,-122.24786079,E,0.5465,2713.31,9955.63,47.6783325,-122.24786079
1199923,2026-05-31T09:54:43,131.74,0.722,F,2708.54,9941.3,47.67832904,-122.24785506,E,0.5383,2713.74,9955.24,47.67832904,-122.24785506
1200998,2026-05-31T09:54:44,127.25,0.728,F,2709.14,9940.79,47.67832587,-122.24784887,E,0.5427,2714.2,9954.89,47.67832587,-122.24784887
1202076,2026-05-31T09:54:45,130.07,0.73,F,2709.75,9940.29,47.67832248,-122.24784289,E,0.5442,2714.65,9954.51,47.67832248,-122.24784289
1203155,2026-05-31T09:54:46,131.79,0.73,F,2710.35,9939.76,47.67831896,-122.24783706,E,0.5442,2715.09,9954.12,47.67831896,-122.24783706
1204224,2026-05-31T09:54:47,130.27,0.732,F,2710.97,9939.27,47.67831558,-122.24783113,E,0.5457,2715.53,9953.74,47.67831558,-122.24783113
1205304,2026-05-31T09:54:48,134.26,0.734,F,2711.55,9938.74,47.67831187,-122.2478255,E,0.5472,2715.96,9953.33,47.67831187,-122.2478255
1206373,2026-05-31T09:54:49,134.57,0.766,F,2712.12,9938.2,47.67830802,-122.2478197,E,0.5711,2716.39,9952.9,47.67830802,-122.2478197
1207443,2026-05-31T09:54:50,137.95,0.774,F,2712.68,9937.6,47.67830391,-122.2478142,E,0.577,2716.8,9952.44,47.67830391,-122.2478142
1208523,2026-05-31T09:54:51,135.81,0.789,F,2713.27,9936.97,47.67829981,-122.2478083,E,0.5882,2717.25,9951.99,47.67829981,-122.2478083
1209602,2026-05-31T09:54:52,135.38,0.788,F,2713.87,9936.35,47.67829576,-122.24780237,E,0.5875,2717.69,9951.54,47.67829576,-122.24780237
1210680,2026-05-31T09:54:54,133.22,0.773,F,2714.46,9935.76,47.67829194,-122.24779634,E,0.5763,2718.14,9951.11,47.67829194,-122.24779634
1211760,2026-05-31T09:54:55,129.09,0.747,F,2715.06,9935.21,47.67828853,-122.24779012,E,0.5569,2718.61,9950.73,47.67828853,-122.24779012
1212839,2026-05-31T09:54:56,124.86,0.758,F,2715.71,9934.7,47.6782854,-122.24778346,E,0.5651,2719.11,9950.38,47.6782854,-122.24778346
1213941,2026-05-31T09:54:57,129.1,0.734,F,2716.38,9934.24,47.67828199,-122.24777722,E,0.5472,2719.58,9950,47.67828199,-122.24777722
1215019,2026-05-31T09:54:58,138.2,0.72,F,2716.94,9933.7,47.67827811,-122.24777209,E,0.5368,2719.97,9949.57,47.67827811,-122.24777209
1216106,2026-05-31T09:54:59,146.65,0.72,F,2717.43,9933.07,47.67827373,-122.24776781,E,0.5368,2720.29,9949.08,47.67827373,-122.24776781
1217158,2026-05-31T09:55:00,161.93,0.714,F,2717.75,9932.38,47.67826895,-122.2477655,E,0.5323,2720.46,9948.55,47.67826895,-122.2477655
1218228,2026-05-31T09:55:01,159.31,0.711,F,2718.01,9931.66,47.67826418,-122.24776283,E,0.5301,2720.66,9948.02,47.67826418,-122.24776283
1219306,2026-05-31T09:55:02,151.25,0.704,F,2718.32,9930.95,47.67825973,-122.24775921,E,0.5248,2720.93,9947.52,47.67825973,-122.24775921
1220375,2026-05-31T09:55:03,145.2,0.742,F,2718.73,9930.32,47.67825537,-122.24775471,E,0.5532,2721.27,9947.04,47.67825537,-122.24775471
1221454,2026-05-31T09:55:04,139.57,0.766,F,2719.23,9929.68,47.67825115,-122.24774939,E,0.5711,2721.67,9946.57,47.67825115,-122.24774939
1222532,2026-05-31T09:55:05,138.77,0.785,F,2719.79,9929.05,47.67824689,-122.24774385,E,0.5852,2722.08,9946.1,47.67824689,-122.24774385
1223610,2026-05-31T09:55:06,142.54,0.785,F,2720.34,9928.41,47.67824239,-122.24773874,E,0.5852,2722.47,9945.6,47.67824239,-122.24773874
1224671,2026-05-31T09:55:08,140.13,0.83,F,2720.88,9927.77,47.67823787,-122.24773314,E,0.6188,2722.89,9945.09,47.67823787,-122.24773314
1225759,2026-05-31T09:55:09,134.13,0.854,F,2721.5,9927.11,47.67823353,-122.24772651,E,0.6367,2723.39,9944.61,47.67823353,-122.24772651
1226837,2026-05-31T09:55:10,126.42,0.873,F,2722.22,9926.49,47.67822979,-122.24771899,E,0.6508,2723.95,9944.19,47.67822979,-122.24771899
1227908,2026-05-31T09:55:11,121.49,0.902,F,2723.01,9925.97,47.67822641,-122.24771082,E,0.6724,2724.57,9943.82,47.67822641,-122.24771082
1228986,2026-05-31T09:55:12,124.32,0.935,F,2723.85,9925.44,47.67822261,-122.24770255,E,0.697,2725.19,9943.39,47.67822261,-122.24770255
1230064,2026-05-31T09:55:13,121.57,0.944,F,2724.71,9924.91,47.67821904,-122.24769394,E,0.7038,2725.83,9943,47.67821904,-122.24769394
1231147,2026-05-31T09:55:14,122.3,0.951,F,2725.58,9924.37,47.67821535,-122.2476853,E,0.709,2726.48,9942.59,47.67821535,-122.2476853
1232210,2026-05-31T09:55:15,123.68,0.975,F,2726.45,9923.85,47.6782115,-122.24767673,E,0.7269,2727.12,9942.16,47.6782115,-122.24767673
1233280,2026-05-31T09:55:16,124.96,0.976,F,2727.29,9923.23,47.6782075,-122.24766823,E,0.7276,2727.76,9941.71,47.6782075,-122.24766823
1234349,2026-05-31T09:55:17,127.14,1.005,F,2728.15,9922.6,47.67820315,-122.24765973,E,0.7492,2728.4,9941.23,47.67820315,-122.24765973
1235428,2026-05-31T09:55:18,126.55,0.991,F,2729.02,9921.97,47.67819889,-122.2476512,E,0.7388,2729.04,9940.75,47.67819889,-122.2476512
1236507,2026-05-31T09:55:19,123.53,0.955,F,2729.87,9921.35,47.67819508,-122.24764267,E,0.712,2729.68,9940.33,47.67819508,-122.24764267
1237576,2026-05-31T09:55:20,119.77,0.934,F,2730.74,9920.83,47.67819176,-122.24763407,E,0.6963,2730.33,9939.96,47.67819176,-122.24763407
1238654,2026-05-31T09:55:22,121.48,0.888,F,2731.59,9920.32,47.67818841,-122.24762596,E,0.662,2730.94,9939.59,47.67818841,-122.24762596
1239733,2026-05-31T09:55:23,132.18,0.87,F,2732.32,9919.72,47.67818419,-122.24761905,E,0.6486,2731.45,9939.12,47.67818419,-122.24761905
1240812,2026-05-31T09:55:24,133.6,0.817,F,2732.98,9919.09,47.67818012,-122.24761271,E,0.6091,2731.93,9938.66,47.67818012,-122.24761271
1241884,2026-05-31T09:55:25,133.79,0.796,F,2733.6,9918.47,47.67817616,-122.2476066,E,0.5934,2732.39,9938.22,47.67817616,-122.2476066
1242935,2026-05-31T09:55:26,130.32,0.786,F,2734.21,9917.93,47.67817258,-122.24760034,E,0.586,2732.86,9937.82,47.67817258,-122.24760034
1243995,2026-05-31T09:55:27,127.66,0.763,F,2734.85,9917.42,47.67816927,-122.24759398,E,0.5688,2733.34,9937.46,47.67816927,-122.24759398
1245057,2026-05-31T09:55:28,127.12,0.743,F,2735.48,9916.91,47.67816608,-122.24758774,E,0.5539,2733.81,9937.1,47.67816608,-122.24758774
1246128,2026-05-31T09:55:29,129.71,0.744,F,2736.11,9916.41,47.67816267,-122.24758165,E,0.5547,2734.26,9936.72,47.67816267,-122.24758165
1247216,2026-05-31T09:55:30,129.96,0.741,F,2736.72,9915.89,47.67815921,-122.24757551,E,0.5524,2734.72,9936.33,47.67815921,-122.24757551
1248295,2026-05-31T09:55:31,129.77,0.765,F,2737.35,9915.36,47.67815567,-122.24756922,E,0.5703,2735.2,9935.94,47.67815567,-122.24756922
1249358,2026-05-31T09:55:32,128,0.802,F,2738.01,9914.84,47.67815216,-122.24756254,E,0.5979,2735.7,9935.55,47.67815216,-122.24756254
1250410,2026-05-31T09:55:33,132.38,0.803,F,2738.66,9914.31,47.67814834,-122.24755635,E,0.5986,2736.16,9935.13,47.67814834,-122.24755635
1251490,2026-05-31T09:55:34,129.39,0.798,F,2739.31,9913.77,47.67814468,-122.24754973,E,0.5949,2736.66,9934.72,47.67814468,-122.24754973
1252560,2026-05-31T09:55:35,128.72,0.795,F,2739.97,9913.24,47.67814112,-122.24754314,E,0.5927,2737.15,9934.32,47.67814112,-122.24754314
1253621,2026-05-31T09:55:37,127.96,0.768,F,2740.62,9912.73,47.67813776,-122.24753677,E,0.5725,2737.63,9933.95,47.67813776,-122.24753677
1254681,2026-05-31T09:55:38,123.21,0.749,F,2741.26,9912.25,47.67813485,-122.24753017,E,0.5584,2738.13,9933.62,47.67813485,-122.24753017
1255743,2026-05-31T09:55:39,121.92,0.721,F,2741.91,9911.83,47.67813214,-122.24752372,E,0.5375,2738.61,9933.32,47.67813214,-122.24752372
1256795,2026-05-31T09:55:40,121.96,0.717,F,2742.56,9911.42,47.67812946,-122.24751736,E,0.5345,2739.09,9933.02,47.67812946,-122.24751736
1257875,2026-05-31T09:55:41,115.88,0.724,F,2743.24,9911.06,47.67812718,-122.24751038,E,0.5397,2739.61,9932.77,47.67812718,-122.24751038
1258963,2026-05-31T09:55:42,114.91,0.727,F,2743.94,9910.73,47.67812495,-122.24750325,E,0.542,2740.15,9932.52,47.67812495,-122.24750325
1260042,2026-05-31T09:55:43,111.66,0.729,F,2744.66,9910.41,47.678123,-122.24749599,E,0.5435,2740.69,9932.3,47.678123,-122.24749599
1261117,2026-05-31T09:55:44,107.49,0.73,F,2745.41,9910.13,47.67812142,-122.24748856,E,0.5442,2741.25,9932.13,47.67812142,-122.24748856
1262197,2026-05-31T09:55:45,109.02,0.743,F,2746.18,9909.92,47.67811967,-122.24748103,E,0.5539,2741.82,9931.93,47.67811967,-122.24748103
1263267,2026-05-31T09:55:46,110.26,0.712,F,2746.92,9909.63,47.6781179,-122.24747393,E,0.5308,2742.35,9931.74,47.6781179,-122.24747393
1264327,2026-05-31T09:55:47,114.02,0.753,F,2747.64,9909.33,47.67811573,-122.24746669,E,0.5614,2742.89,9931.49,47.67811573,-122.24746669
1265398,2026-05-31T09:55:48,120.13,0.75,F,2748.35,9908.96,47.67811303,-122.2474598,E,0.5591,2743.41,9931.19,47.67811303,-122.2474598
1266478,2026-05-31T09:55:49,120.46,0.774,F,2749.06,9908.54,47.67811019,-122.24745264,E,0.577,2743.95,9930.88,47.67811019,-122.24745264
1267557,2026-05-31T09:55:50,117.54,0.791,F,2749.79,9908.13,47.67810755,-122.24744513,E,0.5897,2744.51,9930.58,47.67810755,-122.24744513
1268635,2026-05-31T09:55:52,118.23,0.789,F,2750.55,9907.72,47.67810485,-122.24743769,E,0.5882,2745.07,9930.28,47.67810485,-122.24743769
1269705,2026-05-31T09:55:53,117.39,0.789,F,2751.3,9907.31,47.67810225,-122.24743024,E,0.5882,2745.63,9929.99,47.67810225,-122.24743024
1270774,2026-05-31T09:55:54,120.51,0.788,F,2752.04,9906.89,47.67809939,-122.24742304,E,0.5875,2746.17,9929.68,47.67809939,-122.24742304
1271853,2026-05-31T09:55:55,118.4,0.801,F,2752.78,9906.47,47.67809664,-122.24741549,E,0.5971,2746.74,9929.37,47.67809664,-122.24741549
1272915,2026-05-31T09:55:56,114.6,0.8,F,2753.55,9906.11,47.67809427,-122.24740782,E,0.5964,2747.31,9929.11,47.67809427,-122.24740782
1273985,2026-05-31T09:55:57,111.45,0.796,F,2754.34,9905.79,47.67809218,-122.24739994,E,0.5934,2747.91,9928.87,47.67809218,-122.24739994
1275071,2026-05-31T09:55:58,110.9,0.804,F,2755.15,9905.48,47.67809009,-122.24739185,E,0.5994,2748.51,9928.64,47.67809009,-122.24739185
1276150,2026-05-31T09:55:59,110.99,0.798,F,2755.95,9905.17,47.67808803,-122.24738386,E,0.5949,2749.11,9928.41,47.67808803,-122.24738386
1277222,2026-05-31T09:56:00,109.93,0.796,F,2756.75,9904.86,47.67808608,-122.2473759,E,0.5934,2749.71,9928.19,47.67808608,-122.2473759
1278300,2026-05-31T09:56:01,112.53,0.808,F,2757.55,9904.55,47.67808385,-122.24736791,E,0.6024,2750.31,9927.95,47.67808385,-122.24736791
1279378,2026-05-31T09:56:02,111.76,0.817,F,2758.36,9904.23,47.67808166,-122.24735979,E,0.6091,2750.92,9927.7,47.67808166,-122.24735979
1280456,2026-05-31T09:56:03,109.16,0.807,F,2759.18,9903.95,47.67807975,-122.24735163,E,0.6016,2751.53,9927.49,47.67807975,-122.24735163
1281535,2026-05-31T09:56:04,107.93,0.803,F,2759.98,9903.64,47.67807796,-122.24734344,E,0.5986,2752.15,9927.29,47.67807796,-122.24734344
1282604,2026-05-31T09:56:05,104.53,0.829,F,2760.81,9903.37,47.67807647,-122.24733492,E,0.618,2752.79,9927.12,47.67807647,-122.24733492
1283683,2026-05-31T09:56:07,107.13,0.858,F,2761.68,9903.15,47.67807465,-122.24732614,E,0.6396,2753.45,9926.92,47.67807465,-122.24732614
1284740,2026-05-31T09:56:08,113.4,0.883,F,2762.54,9902.81,47.67807216,-122.24731763,E,0.6583,2754.09,9926.65,47.67807216,-122.24731763
1285803,2026-05-31T09:56:09,112.81,0.885,F,2763.39,9902.41,47.67806972,-122.24730902,E,0.6598,2754.73,9926.37,47.67806972,-122.24730902
1286882,2026-05-31T09:56:10,106.66,0.897,F,2764.3,9902.09,47.67806786,-122.24729982,E,0.6687,2755.42,9926.17,47.67806786,-122.24729982
1287961,2026-05-31T09:56:11,103.06,0.904,F,2765.24,9901.85,47.67806639,-122.24729038,E,0.6739,2756.13,9926,47.67806639,-122.24729038
1289033,2026-05-31T09:56:12,107.2,0.883,F,2766.16,9901.59,47.67806451,-122.2472814,E,0.6583,2756.81,9925.79,47.67806451,-122.2472814
1290112,2026-05-31T09:56:13,108.78,0.866,F,2767.06,9901.28,47.6780625,-122.24727262,E,0.6456,2757.46,9925.57,47.6780625,-122.24727262
1291173,2026-05-31T09:56:14,111.49,0.873,F,2767.92,9900.96,47.67806023,-122.24726406,E,0.6508,2758.11,9925.32,47.67806023,-122.24726406
1292243,2026-05-31T09:56:15,113.33,0.862,F,2768.77,9900.62,47.67805778,-122.24725565,E,0.6426,2758.74,9925.04,47.67805778,-122.24725565
1293321,2026-05-31T09:56:16,117.16,0.88,F,2769.62,9900.21,47.67805488,-122.24724727,E,0.656,2759.37,9924.72,47.67805488,-122.24724727
1294400,2026-05-31T09:56:17,119.54,0.895,F,2770.45,9899.76,47.67805169,-122.24723893,E,0.6672,2759.99,9924.37,47.67805169,-122.24723893
1295471,2026-05-31T09:56:18,124,0.905,F,2771.27,9899.25,47.67804806,-122.24723095,E,0.6747,2760.59,9923.96,47.67804806,-122.24723095
1296550,2026-05-31T09:56:19,127.88,0.897,F,2772.07,9898.71,47.67804408,-122.24722336,E,0.6687,2761.16,9923.52,47.67804408,-122.24722336
1297628,2026-05-31T09:56:21,139.52,0.905,F,2772.74,9898.01,47.67803911,-122.24721707,E,0.6747,2761.64,9922.97,47.67803911,-122.24721707
1298708,2026-05-31T09:56:22,134.16,0.897,F,2773.4,9897.31,47.67803459,-122.24721017,E,0.6687,2762.15,9922.46,47.67803459,-122.24721017
1299787,2026-05-31T09:56:23,132.05,0.905,F,2774.12,9896.67,47.67803021,-122.24720297,E,0.6747,2762.69,9921.98,47.67803021,-122.24720297
1300850,2026-05-31T09:56:24,130.37,0.901,F,2774.84,9896.04,47.67802606,-122.24719573,E,0.6717,2763.24,9921.51,47.67802606,-122.24719573
1301920,2026-05-31T09:56:25,132.88,0.895,F,2775.56,9895.41,47.67802169,-122.24718876,E,0.6672,2763.76,9921.03,47.67802169,-122.24718876
1302998,2026-05-31T09:56:26,131.55,0.901,F,2776.28,9894.77,47.67801738,-122.24718154,E,0.6717,2764.3,9920.55,47.67801738,-122.24718154
1304068,2026-05-31T09:56:27,127.96,0.909,F,2777.02,9894.14,47.67801337,-122.24717393,E,0.6777,2764.87,9920.1,47.67801337,-122.24717393
1305168,2026-05-31T09:56:28,122.09,0.906,F,2777.85,9893.58,47.67800983,-122.24716554,E,0.6754,2765.5,9919.71,47.67800983,-122.24716554
1306238,2026-05-31T09:56:29,120.77,0.912,F,2778.68,9893.07,47.67800648,-122.24715722,E,0.6799,2766.13,9919.33,47.67800648,-122.24715722
1307316,2026-05-31T09:56:30,121.18,0.915,F,2779.53,9892.55,47.67800306,-122.24714884,E,0.6821,2766.76,9918.95,47.67800306,-122.24714884
1308403,2026-05-31T09:56:31,129.73,0.913,F,2780.33,9891.96,47.67799882,-122.24714126,E,0.6806,2767.33,9918.48,47.67799882,-122.24714126
1309466,2026-05-31T09:56:32,129.52,0.919,F,2781.1,9891.34,47.67799465,-122.24713378,E,0.6851,2767.89,9918.02,47.67799465,-122.24713378
1310537,2026-05-31T09:56:33,135.49,0.908,F,2781.8,9890.65,47.67799001,-122.24712701,E,0.6769,2768.4,9917.5,47.67799001,-122.24712701
1311616,2026-05-31T09:56:34,131.86,0.885,F,2782.5,9889.99,47.67798574,-122.24711995,E,0.6598,2768.93,9917.02,47.67798574,-122.24711995
1312688,2026-05-31T09:56:36,132.12,0.869,F,2783.2,9889.36,47.67798156,-122.24711309,E,0.6478,2769.44,9916.56,47.67798156,-122.24711309
1313759,2026-05-31T09:56:37,130.44,0.857,F,2783.9,9888.74,47.67797757,-122.24710615,E,0.6389,2769.96,9916.12,47.67797757,-122.24710615
1314820,2026-05-31T09:56:38,128.59,0.839,F,2784.58,9888.15,47.67797385,-122.24709924,E,0.6255,2770.48,9915.7,47.67797385,-122.24709924
1315898,2026-05-31T09:56:39,126.52,0.836,F,2785.3,9887.61,47.67797026,-122.24709205,E,0.6232,2771.02,9915.3,47.67797026,-122.24709205
1316968,2026-05-31T09:56:40,124.43,0.837,F,2786.03,9887.09,47.67796687,-122.24708471,E,0.624,2771.57,9914.92,47.67796687,-122.24708471
1318047,2026-05-31T09:56:41,119.61,0.851,F,2786.79,9886.62,47.67796383,-122.24707679,E,0.6344,2772.17,9914.59,47.67796383,-122.24707679
1319098,2026-05-31T09:56:42,120.09,0.851,F,2787.56,9886.17,47.67796083,-122.2470691,E,0.6344,2772.74,9914.25,47.67796083,-122.2470691
1320159,2026-05-31T09:56:43,122.39,0.861,F,2788.35,9885.7,47.67795755,-122.24706144,E,0.6419,2773.32,9913.89,47.67795755,-122.24706144
1321225,2026-05-31T09:56:44,122.77,0.867,F,2789.12,9885.19,47.6779542,-122.24705373,E,0.6463,2773.9,9913.51,47.6779542,-122.24705373
1322295,2026-05-31T09:56:45,117.32,0.886,F,2789.93,9884.72,47.67795129,-122.24704536,E,0.6605,2774.53,9913.19,47.67795129,-122.24704536
1323349,2026-05-31T09:56:46,116.45,0.89,F,2790.76,9884.31,47.67794849,-122.24703702,E,0.6635,2775.15,9912.88,47.67794849,-122.24703702
1324427,2026-05-31T09:56:47,119.63,0.87,F,2791.6,9883.88,47.67794538,-122.24702893,E,0.6486,2775.76,9912.53,47.67794538,-122.24702893
1325497,2026-05-31T09:56:48,120.71,0.86,F,2792.41,9883.44,47.67794224,-122.24702107,E,0.6411,2776.35,9912.18,47.67794224,-122.24702107
1326568,2026-05-31T09:56:49,126.62,0.869,F,2793.16,9882.92,47.67793852,-122.24701366,E,0.6478,2776.91,9911.77,47.67793852,-122.24701366
1327622,2026-05-31T09:56:51,124.59,0.863,F,2793.91,9882.41,47.67793506,-122.24700622,E,0.6434,2777.47,9911.38,47.67793506,-122.24700622
1328701,2026-05-31T09:56:52,125.58,0.826,F,2794.66,9881.89,47.67793159,-122.24699902,E,0.6158,2778.01,9911,47.67793159,-122.24699902
1329771,2026-05-31T09:56:53,123.22,0.826,F,2795.38,9881.36,47.67792834,-122.24699168,E,0.6158,2778.56,9910.64,47.67792834,-122.24699168
1330843,2026-05-31T09:56:54,122.65,0.842,F,2796.15,9880.91,47.67792508,-122.24698414,E,0.6277,2779.12,9910.27,47.67792508,-122.24698414
1331922,2026-05-31T09:56:55,116.28,0.823,F,2796.92,9880.45,47.67792245,-122.24697623,E,0.6135,2779.72,9909.98,47.67792245,-122.24697623
1333003,2026-05-31T09:56:56,115.09,0.797,F,2797.71,9880.04,47.67792,-122.24696848,E,0.5942,2780.3,9909.71,47.67792,-122.24696848
1334064,2026-05-31T09:56:57,116.62,0.782,F,2798.47,9879.7,47.67791751,-122.24696112,E,0.583,2780.85,9909.43,47.67791751,-122.24696112
1335143,2026-05-31T09:56:58,117.48,0.726,F,2799.19,9879.29,47.67791509,-122.24695422,E,0.5412,2781.37,9909.16,47.67791509,-122.24695422
1336242,2026-05-31T09:56:59,109.58,0.712,F,2799.91,9878.99,47.67791334,-122.24694689,E,0.5308,2781.92,9908.96,47.67791334,-122.24694689
1337322,2026-05-31T09:57:00,115.45,0.689,F,2800.62,9878.74,47.6779112,-122.24694022,E,0.5136,2782.42,9908.73,47.6779112,-122.24694022
1338385,2026-05-31T09:57:01,137.54,0.676,F,2801.2,9878.29,47.67790764,-122.24693541,E,0.504,2782.78,9908.33,47.67790764,-122.24693541
1339463,2026-05-31T09:57:02,141.97,0.681,F,2801.68,9877.75,47.67790377,-122.24693092,E,0.5077,2783.12,9907.9,47.67790377,-122.24693092
1340526,2026-05-31T09:57:03,140.69,0.676,F,2802.1,9877.18,47.67790005,-122.2469264,E,0.504,2783.46,9907.49,47.67790005,-122.2469264
1341587,2026-05-31T09:57:04,137.94,0.698,F,2802.58,9876.64,47.67789637,-122.24692147,E,0.5204,2783.83,9907.08,47.67789637,-122.24692147
1342665,2026-05-31T09:57:06,136.77,0.694,F,2803.09,9876.11,47.67789272,-122.24691638,E,0.5174,2784.21,9906.67,47.67789272,-122.24691638
1343743,2026-05-31T09:57:07,130.05,0.706,F,2803.64,9875.58,47.67788944,-122.2469106,E,0.5263,2784.65,9906.3,47.67788944,-122.2469106
1344806,2026-05-31T09:57:08,129.03,0.719,F,2804.23,9875.08,47.67788621,-122.2469047,E,0.536,2785.09,9905.95,47.67788621,-122.2469047
1345894,2026-05-31T09:57:09,127.69,0.723,F,2804.84,9874.57,47.67788299,-122.24689852,E,0.539,2785.55,9905.59,47.67788299,-122.24689852
1346973,2026-05-31T09:57:10,124.2,0.726,F,2805.48,9874.1,47.67788004,-122.24689209,E,0.5412,2786.03,9905.26,47.67788004,-122.24689209
1348053,2026-05-31T09:57:11,125.33,0.726,F,2806.13,9873.67,47.67787701,-122.24688573,E,0.5412,2786.51,9904.92,47.67787701,-122.24688573
1349114,2026-05-31T09:57:12,125.75,0.746,F,2806.77,9873.24,47.67787391,-122.24687936,E,0.5561,2786.99,9904.58,47.67787391,-122.24687936
1350192,2026-05-31T09:57:13,123.58,0.773,F,2807.44,9872.8,47.67787082,-122.24687246,E,0.5763,2787.51,9904.23,47.67787082,-122.24687246
1351277,2026-05-31T09:57:14,122.52,0.818,F,2808.16,9872.34,47.67786763,-122.24686503,E,0.6098,2788.07,9903.88,47.67786763,-122.24686503
1352357,2026-05-31T09:57:15,128.89,0.834,F,2808.89,9871.82,47.67786384,-122.24685807,E,0.6217,2788.59,9903.45,47.67786384,-122.24685807
1353406,2026-05-31T09:57:16,134.09,0.867,F,2809.54,9871.21,47.6778596,-122.24685158,E,0.6463,2789.08,9902.98,47.6778596,-122.24685158
1354492,2026-05-31T09:57:17,129.88,0.881,F,2810.25,9870.58,47.6778555,-122.24684429,E,0.6568,2789.62,9902.53,47.6778555,-122.24684429
1355570,2026-05-31T09:57:18,128.81,0.892,F,2810.99,9869.96,47.67785146,-122.24683685,E,0.665,2790.18,9902.08,47.67785146,-122.24683685
1356649,2026-05-31T09:57:20,127.98,0.902,F,2811.75,9869.34,47.67784745,-122.24682924,E,0.6724,2790.75,9901.63,47.67784745,-122.24682924
1357728,2026-05-31T09:57:21,130.25,0.894,F,2812.51,9868.71,47.67784327,-122.24682193,E,0.6665,2791.3,9901.17,47.67784327,-122.24682193
1358788,2026-05-31T09:57:22,127.62,0.904,F,2813.25,9868.09,47.67783936,-122.24681439,E,0.6739,2791.87,9900.73,47.67783936,-122.24681439
1359859,2026-05-31T09:57:23,122.56,0.925,F,2814.05,9867.53,47.67783579,-122.2468061,E,0.6896,2792.49,9900.33,47.67783579,-122.2468061
1360939,2026-05-31T09:57:24,130.76,0.921,F,2814.86,9866.93,47.67783144,-122.24679862,E,0.6866,2793.05,9899.85,47.67783144,-122.24679862
1362018,2026-05-31T09:57:25,130.77,0.919,F,2815.6,9866.29,47.6778271,-122.24679116,E,0.6851,2793.61,9899.36,47.6778271,-122.24679116
1363088,2026-05-31T09:57:26,129.74,0.922,F,2816.35,9865.66,47.67782288,-122.24678363,E,0.6874,2794.18,9898.89,47.67782288,-122.24678363
1364176,2026-05-31T09:57:27,127.19,0.934,F,2817.14,9865.03,47.67781876,-122.24677559,E,0.6963,2794.78,9898.44,47.67781876,-122.24677559
1365254,2026-05-31T09:57:28,126.36,0.916,F,2817.94,9864.41,47.67781484,-122.24676769,E,0.6829,2795.37,9898,47.67781484,-122.24676769
1366325,2026-05-31T09:57:29,124.5,0.918,F,2818.75,9863.86,47.67781111,-122.24675965,E,0.6844,2795.98,9897.59,47.67781111,-122.24675965
1367395,2026-05-31T09:57:30,121.05,0.907,F,2819.56,9863.34,47.67780776,-122.24675139,E,0.6762,2796.6,9897.21,47.67780776,-122.24675139
1368474,2026-05-31T09:57:31,125.04,0.91,F,2820.39,9862.81,47.67780399,-122.24674341,E,0.6784,2797.2,9896.79,47.67780399,-122.24674341
1369552,2026-05-31T09:57:32,127.61,0.927,F,2821.2,9862.23,47.6777999,-122.24673555,E,0.6911,2797.79,9896.34,47.6777999,-122.24673555
1370621,2026-05-31T09:57:34,129.61,0.912,F,2821.96,9861.6,47.67779574,-122.24672809,E,0.6799,2798.35,9895.87,47.67779574,-122.24672809
1371691,2026-05-31T09:57:35,130.37,0.918,F,2822.71,9860.97,47.67779148,-122.24672066,E,0.6844,2798.91,9895.4,47.67779148,-122.24672066
1372769,2026-05-31T09:57:36,130.36,0.918,F,2823.47,9860.33,47.67778719,-122.24671317,E,0.6844,2799.47,9894.92,47.67778719,-122.24671317
1373840,2026-05-31T09:57:37,128.4,0.935,F,2824.24,9859.7,47.67778302,-122.24670538,E,0.697,2800.05,9894.46,47.67778302,-122.24670538
1374920,2026-05-31T09:57:38,124.65,0.931,F,2825.06,9859.13,47.67777919,-122.24669717,E,0.6941,2800.67,9894.03,47.67777919,-122.24669717
1376000,2026-05-31T09:57:39,121.91,0.944,F,2825.9,9858.59,47.67777558,-122.24668857,E,0.7038,2801.31,9893.63,47.67777558,-122.24668857
1377079,2026-05-31T09:57:40,124.77,0.938,F,2826.75,9858.05,47.67777172,-122.24668032,E,0.6993,2801.93,9893.2,47.67777172,-122.24668032
1378158,2026-05-31T09:57:41,125.06,0.934,F,2827.57,9857.44,47.67776784,-122.24667213,E,0.6963,2802.55,9892.77,47.67776784,-122.24667213
1379237,2026-05-31T09:57:42,128.22,0.943,F,2828.38,9856.82,47.67776363,-122.24666419,E,0.703,2803.15,9892.3,47.67776363,-122.24666419
1380302,2026-05-31T09:57:43,129.21,0.926,F,2829.16,9856.19,47.67775945,-122.2466566,E,0.6903,2803.71,9891.83,47.67775945,-122.2466566
1381363,2026-05-31T09:57:44,128.46,0.942,F,2829.93,9855.56,47.67775529,-122.24664883,E,0.7023,2804.3,9891.37,47.67775529,-122.24664883
1382417,2026-05-31T09:57:45,128.88,0.943,F,2830.71,9854.94,47.67775111,-122.24664115,E,0.703,2804.88,9890.91,47.67775111,-122.24664115
1383496,2026-05-31T09:57:46,127.92,0.938,F,2831.49,9854.3,47.67774694,-122.24663322,E,0.6993,2805.47,9890.44,47.67774694,-122.24663322
1384567,2026-05-31T09:57:47,127.75,0.936,F,2832.28,9853.68,47.67774283,-122.24662535,E,0.6978,2806.06,9889.98,47.67774283,-122.24662535
1385653,2026-05-31T09:57:49,126.96,0.931,F,2833.07,9853.05,47.67773876,-122.24661733,E,0.6941,2806.66,9889.53,47.67773876,-122.24661733
1386732,2026-05-31T09:57:50,125.19,0.927,F,2833.88,9852.44,47.6777349,-122.24660921,E,0.6911,2807.27,9889.1,47.6777349,-122.24660921
1387805,2026-05-31T09:57:51,127.74,0.925,F,2834.69,9851.84,47.67773083,-122.24660142,E,0.6896,2807.86,9888.65,47.67773083,-122.24660142
1388884,2026-05-31T09:57:52,126.44,0.938,F,2835.49,9851.22,47.67772681,-122.24659333,E,0.6993,2808.47,9888.2,47.67772681,-122.24659333
1389964,2026-05-31T09:57:53,128.46,0.934,F,2836.29,9850.6,47.67772261,-122.24658549,E,0.6963,2809.05,9887.73,47.67772261,-122.24658549
1391009,2026-05-31T09:57:54,126.39,0.938,F,2837.07,9849.99,47.67771871,-122.24657766,E,0.6993,2809.64,9887.3,47.67771871,-122.24657766
1392080,2026-05-31T09:57:55,124.3,0.935,F,2837.89,9849.4,47.67771493,-122.24656944,E,0.697,2810.26,9886.88,47.67771493,-122.24656944
1393143,2026-05-31T09:57:56,123.03,0.922,F,2838.7,9848.86,47.67771136,-122.24656128,E,0.6874,2810.87,9886.48,47.67771136,-122.24656128
1394222,2026-05-31T09:57:57,121.62,0.921,F,2839.55,9848.34,47.67770787,-122.24655288,E,0.6866,2811.5,9886.09,47.67770787,-122.24655288
1395293,2026-05-31T09:57:58,118.23,0.937,F,2840.41,9847.83,47.67770469,-122.2465441,E,0.6985,2812.16,9885.74,47.67770469,-122.2465441
1396396,2026-05-31T09:57:59,119.51,0.941,F,2841.32,9847.31,47.67770126,-122.24653513,E,0.7015,2812.83,9885.36,47.67770126,-122.24653513
1397474,2026-05-31T09:58:00,117.78,0.938,F,2842.2,9846.83,47.67769811,-122.24652625,E,0.6993,2813.5,9885.01,47.67769811,-122.24652625
1398553,2026-05-31T09:58:01,118.48,0.933,F,2843.09,9846.35,47.67769489,-122.24651746,E,0.6956,2814.16,9884.65,47.67769489,-122.24651746
1399640,2026-05-31T09:58:03,118.46,0.926,F,2843.98,9845.83,47.67769168,-122.24650868,E,0.6903,2814.82,9884.29,47.67769168,-122.24650868
1400718,2026-05-31T09:58:04,118.37,0.938,F,2844.87,9845.39,47.67768846,-122.24649984,E,0.6993,2815.48,9883.93,47.67768846,-122.24649984
1401788,2026-05-31T09:58:05,119.64,0.923,F,2845.74,9844.88,47.67768519,-122.24649132,E,0.6881,2816.12,9883.57,47.67768519,-122.24649132
1402867,2026-05-31T09:58:06,119.61,0.937,F,2846.61,9844.37,47.67768185,-122.24648259,E,0.6985,2816.78,9883.2,47.67768185,-122.24648259
1403945,2026-05-31T09:58:07,122.58,0.972,F,2847.5,9843.84,47.67767807,-122.24647382,E,0.7246,2817.44,9882.77,47.67767807,-122.24647382
1405024,2026-05-31T09:58:08,125.61,1.012,F,2848.4,9843.24,47.67767381,-122.24646501,E,0.7544,2818.1,9882.3,47.67767381,-122.24646501
1406103,2026-05-31T09:58:09,126.73,1.011,F,2849.27,9842.6,47.67766944,-122.24645633,E,0.7537,2818.75,9881.81,47.67766944,-122.24645633
1407166,2026-05-31T09:58:10,123.61,1.045,F,2850.16,9841.97,47.67766532,-122.24644714,E,0.779,2819.44,9881.36,47.67766532,-122.24644714
1408237,2026-05-31T09:58:11,119.02,1.053,F,2851.12,9841.39,47.67766166,-122.24643735,E,0.785,2820.18,9880.95,47.67766166,-122.24643735
1409315,2026-05-31T09:58:12,114.05,1.068,F,2852.15,9840.88,47.67765852,-122.24642691,E,0.7962,2820.96,9880.6,47.67765852,-122.24642691
1410389,2026-05-31T09:58:13,112.19,1.066,F,2853.21,9840.46,47.67765562,-122.24641638,E,0.7947,2821.75,9880.28,47.67765562,-122.24641638
1411468,2026-05-31T09:58:14,117.84,1.064,F,2854.25,9839.95,47.67765203,-122.2464063,E,0.7932,2822.51,9879.88,47.67765203,-122.2464063
1412546,2026-05-31T09:58:15,122.13,1.047,F,2855.24,9839.38,47.67764801,-122.24639681,E,0.7805,2823.22,9879.43,47.67764801,-122.24639681
1413616,2026-05-31T09:58:16,119.4,1.012,F,2856.18,9838.81,47.67764445,-122.24638744,E,0.7544,2823.92,9879.03,47.67764445,-122.24638744
1414694,2026-05-31T09:58:18,118.16,0.985,F,2857.14,9838.33,47.6776411,-122.24637815,E,0.7343,2824.62,9878.66,47.6776411,-122.24637815
1415767,2026-05-31T09:58:19,115.1,0.955,F,2858.06,9837.85,47.67763818,-122.24636893,E,0.712,2825.31,9878.33,47.67763818,-122.24636893
1416829,2026-05-31T09:58:20,114.68,0.921,F,2858.96,9837.42,47.67763545,-122.24636011,E,0.6866,2825.98,9878.03,47.67763545,-122.24636011
1417908,2026-05-31T09:58:21,114.52,0.919,F,2859.87,9837.01,47.67763269,-122.24635115,E,0.6851,2826.65,9877.72,47.67763269,-122.24635115
1418970,2026-05-31T09:58:22,110.34,0.908,F,2860.75,9836.61,47.67763045,-122.24634217,E,0.6769,2827.32,9877.47,47.67763045,-122.24634217
1420050,2026-05-31T09:58:23,106.87,0.898,F,2861.68,9836.3,47.67762856,-122.24633296,E,0.6695,2828.01,9877.26,47.67762856,-122.24633296
1421117,2026-05-31T09:58:24,110.82,0.881,F,2862.58,9835.99,47.67762633,-122.24632423,E,0.6568,2828.67,9877.01,47.67762633,-122.24632423
1422187,2026-05-31T09:58:25,114.05,0.881,F,2863.45,9835.62,47.67762375,-122.24631569,E,0.6568,2829.31,9876.73,47.67762375,-122.24631569
1423266,2026-05-31T09:58:26,116.56,0.877,F,2864.31,9835.2,47.67762092,-122.24630728,E,0.6538,2829.94,9876.41,47.67762092,-122.24630728
1424329,2026-05-31T09:58:27,114.3,0.907,F,2865.17,9834.79,47.67761826,-122.24629856,E,0.6762,2830.6,9876.12,47.67761826,-122.24629856
1425408,2026-05-31T09:58:28,128.05,0.911,F,2866.02,9834.31,47.67761421,-122.24629087,E,0.6792,2831.17,9875.67,47.67761421,-122.24629087
1426495,2026-05-31T09:58:29,128.82,0.896,F,2866.79,9833.68,47.67761012,-122.24628334,E,0.668,2831.74,9875.21,47.67761012,-122.24628334
1427555,2026-05-31T09:58:30,114.15,0.879,F,2867.59,9833.18,47.67760756,-122.24627489,E,0.6553,2832.37,9874.93,47.67760756,-122.24627489
1428625,2026-05-31T09:58:32,105.86,0.865,F,2868.47,9832.87,47.67760587,-122.24626605,E,0.6449,2833.04,9874.74,47.67760587,-122.24626605
1429703,2026-05-31T09:58:33,114.67,0.868,F,2869.35,9832.55,47.67760325,-122.24625761,E,0.6471,2833.67,9874.45,47.67760325,-122.24625761
1430789,2026-05-31T09:58:34,116.05,0.882,F,2870.2,9832.13,47.67760044,-122.24624907,E,0.6575,2834.31,9874.13,47.67760044,-122.24624907
1431858,2026-05-31T09:58:35,107.71,0.899,F,2871.09,9831.8,47.67759848,-122.24623997,E,0.6702,2834.99,9873.91,47.67759848,-122.24623997
1432928,2026-05-31T09:58:36,104.78,0.909,F,2872.01,9831.54,47.67759682,-122.24623064,E,0.6777,2835.7,9873.73,47.67759682,-122.24623064
1434007,2026-05-31T09:58:37,105.86,0.927,F,2872.96,9831.25,47.67759499,-122.24622108,E,0.6911,2836.41,9873.53,47.67759499,-122.24622108
1435085,2026-05-31T09:58:38,110,0.94,F,2873.92,9830.94,47.67759267,-122.24621163,E,0.7008,2837.12,9873.27,47.67759267,-122.24621163
1436155,2026-05-31T09:58:39,114.71,0.966,F,2874.86,9830.57,47.67758977,-122.2462023,E,0.7202,2837.82,9872.95,47.67758977,-122.2462023
1437235,2026-05-31T09:58:40,113.61,1.007,F,2875.83,9830.13,47.67758686,-122.24619241,E,0.7507,2838.57,9872.62,47.67758686,-122.24619241
1438304,2026-05-31T09:58:41,109.41,1.053,F,2876.86,9829.73,47.67758435,-122.24618187,E,0.785,2839.36,9872.34,47.67758435,-122.24618187
1439374,2026-05-31T09:58:42,107.83,1.072,F,2877.92,9829.32,47.677582,-122.24617102,E,0.7992,2840.17,9872.08,47.677582,-122.24617102
1440449,2026-05-31T09:58:43,106.68,1.067,F,2879.04,9829.01,47.67757979,-122.24616011,E,0.7954,2840.99,9871.83,47.67757979,-122.24616011
1441512,2026-05-31T09:58:44,115.4,1.083,F,2880.1,9828.57,47.67757649,-122.24614979,E,0.8074,2841.77,9871.47,47.67757649,-122.24614979
1442592,2026-05-31T09:58:45,123.58,1.062,F,2881.1,9828,47.67757224,-122.2461403,E,0.7917,2842.48,9870.99,47.67757224,-122.2461403
1443662,2026-05-31T09:58:47,120.76,1.078,F,2882.08,9827.39,47.67756829,-122.24613046,E,0.8036,2843.22,9870.55,47.67756829,-122.24613046
1444740,2026-05-31T09:58:48,118.7,1.058,F,2883.08,9826.83,47.67756462,-122.24612052,E,0.7887,2843.96,9870.15,47.67756462,-122.24612052
1445827,2026-05-31T09:58:49,124.18,1.027,F,2884.05,9826.24,47.67756042,-122.24611135,E,0.7656,2844.65,9869.68,47.67756042,-122.24611135
1446918,2026-05-31T09:58:50,128.25,1.018,F,2884.97,9825.6,47.67755581,-122.24610269,E,0.7589,2845.3,9869.17,47.67755581,-122.24610269
1447988,2026-05-31T09:58:51,138.18,1.017,F,2885.76,9824.83,47.67755038,-122.24609549,E,0.7582,2845.84,9868.56,47.67755038,-122.24609549
1449068,2026-05-31T09:58:52,140.61,1.03,F,2886.48,9823.99,47.67754463,-122.24608848,E,0.7679,2846.37,9867.92,47.67754463,-122.24608848
1450130,2026-05-31T09:58:53,138.74,1.045,F,2887.18,9823.15,47.67753904,-122.24608121,E,0.779,2846.91,9867.3,47.67753904,-122.24608121
1451200,2026-05-31T09:58:54,134.7,1.038,F,2887.94,9822.32,47.67753381,-122.24607337,E,0.7738,2847.5,9866.72,47.67753381,-122.24607337
1452279,2026-05-31T09:58:55,126.98,1.057,F,2888.8,9821.58,47.67752921,-122.24606433,E,0.788,2848.18,9866.2,47.67752921,-122.24606433
1453350,2026-05-31T09:58:56,122.98,1.03,F,2889.71,9820.93,47.67752519,-122.24605514,E,0.7679,2848.87,9865.76,47.67752519,-122.24605514
1454421,2026-05-31T09:58:57,116.25,1.014,F,2890.66,9820.38,47.67752198,-122.24604547,E,0.7559,2849.6,9865.4,47.67752198,-122.24604547
1455500,2026-05-31T09:58:58,114.17,0.985,F,2891.63,9819.94,47.67751906,-122.24603584,E,0.7343,2850.32,9865.07,47.67751906,-122.24603584
1456608,2026-05-31T09:58:59,115.03,0.972,F,2892.62,9819.51,47.67751601,-122.24602615,E,0.7246,2851.05,9864.73,47.67751601,-122.24602615
1457671,2026-05-31T09:59:01,117.17,0.918,F,2893.52,9819.07,47.67751303,-122.24601753,E,0.6844,2851.7,9864.4,47.67751303,-122.24601753
1458742,2026-05-31T09:59:02,116.11,0.896,F,2894.39,9818.65,47.6775102,-122.24600897,E,0.668,2852.34,9864.09,47.6775102,-122.24600897
1459840,2026-05-31T09:59:03,112.66,0.9,F,2895.27,9818.22,47.67750765,-122.24599992,E,0.671,2853.02,9863.8,47.67750765,-122.24599992
1460919,2026-05-31T09:59:04,108.45,0.907,F,2896.18,9817.9,47.67750557,-122.2459907,E,0.6762,2853.71,9863.57,47.67750557,-122.2459907
1461990,2026-05-31T09:59:05,112.37,0.899,F,2897.09,9817.58,47.67750312,-122.24598186,E,0.6702,2854.37,9863.3,47.67750312,-122.24598186
1463061,2026-05-31T09:59:06,112.53,0.907,F,2897.98,9817.17,47.67750063,-122.24597295,E,0.6762,2855.04,9863.02,47.67750063,-122.24597295
1464140,2026-05-31T09:59:07,115.44,0.912,F,2898.88,9816.78,47.6774978,-122.24596413,E,0.6799,2855.71,9862.71,47.6774978,-122.24596413
1465220,2026-05-31T09:59:08,115.72,0.9,F,2899.76,9816.36,47.67749497,-122.24595543,E,0.671,2856.36,9862.39,47.67749497,-122.24595543
1466282,2026-05-31T09:59:09,125.14,0.896,F,2900.58,9815.88,47.6774913,-122.2459477,E,0.668,2856.94,9861.98,47.6774913,-122.2459477
1467352,2026-05-31T09:59:10,125.62,0.904,F,2901.36,9815.31,47.67748753,-122.2459399,E,0.6739,2857.52,9861.56,47.67748753,-122.2459399
1468423,2026-05-31T09:59:11,127.83,0.913,F,2902.15,9814.76,47.67748351,-122.24593223,E,0.6806,2858.1,9861.12,47.67748351,-122.24593223
1469512,2026-05-31T09:59:12,133.87,0.914,F,2902.9,9814.12,47.67747889,-122.2459251,E,0.6814,2858.64,9860.6,47.67747889,-122.2459251
1470580,2026-05-31T09:59:13,138.2,0.918,F,2903.58,9813.4,47.677474,-122.24591861,E,0.6844,2859.12,9860.06,47.677474,-122.24591861
1471660,2026-05-31T09:59:15,138.59,0.903,F,2904.22,9812.65,47.6774691,-122.24591221,E,0.6732,2859.6,9859.51,47.6774691,-122.24591221
1472740,2026-05-31T09:59:16,134.55,0.924,F,2904.89,9811.92,47.67746441,-122.24590515,E,0.6888,2860.13,9858.99,47.67746441,-122.24590515
1473819,2026-05-31T09:59:17,127.56,0.909,F,2905.62,9811.27,47.67746041,-122.24589743,E,0.6777,2860.71,9858.54,47.67746041,-122.24589743
1474907,2026-05-31T09:59:18,119.59,0.911,F,2906.45,9810.73,47.67745713,-122.24588887,E,0.6792,2861.36,9858.18,47.67745713,-122.24588887
1475971,2026-05-31T09:59:19,113.75,0.903,F,2907.32,9810.29,47.67745454,-122.24588014,E,0.6732,2862.01,9857.89,47.67745454,-122.24588014
1477050,2026-05-31T09:59:20,113.64,0.908,F,2908.21,9809.88,47.67745191,-122.24587123,E,0.6769,2862.68,9857.6,47.67745191,-122.24587123
1478129,2026-05-31T09:59:21,112.34,0.901,F,2909.1,9809.48,47.67744943,-122.2458623,E,0.6717,2863.35,9857.32,47.67744943,-122.2458623
1479219,2026-05-31T09:59:22,111.55,0.906,F,2910.01,9809.14,47.67744701,-122.24585318,E,0.6754,2864.04,9857.05,47.67744701,-122.24585318
1480289,2026-05-31T09:59:23,110.33,0.884,F,2910.91,9808.82,47.6774448,-122.24584437,E,0.659,2864.7,9856.81,47.6774448,-122.24584437
1481360,2026-05-31T09:59:24,111.44,0.882,F,2911.79,9808.48,47.67744249,-122.24583564,E,0.6575,2865.35,9856.55,47.67744249,-122.24583564
1482441,2026-05-31T09:59:25,113.92,0.866,F,2912.66,9808.15,47.67743995,-122.24582714,E,0.6456,2865.99,9856.27,47.67743995,-122.24582714
1483520,2026-05-31T09:59:26,109.71,0.867,F,2913.53,9807.8,47.67743784,-122.2458184,E,0.6463,2866.65,9856.03,47.67743784,-122.2458184
1484600,2026-05-31T09:59:27,110.87,0.896,F,2914.44,9807.49,47.67743553,-122.24580942,E,0.668,2867.32,9855.78,47.67743553,-122.24580942
1485680,2026-05-31T09:59:29,113.31,0.888,F,2915.34,9807.15,47.67743299,-122.24580067,E,0.662,2867.98,9855.49,47.67743299,-122.24580067
1486752,2026-05-31T09:59:30,120.71,0.9,F,2916.18,9806.69,47.67742969,-122.24579244,E,0.671,2868.6,9855.12,47.67742969,-122.24579244
1487832,2026-05-31T09:59:31,124.38,0.891,F,2917,9806.17,47.67742605,-122.24578455,E,0.6642,2869.19,9854.72,47.67742605,-122.24578455
1488896,2026-05-31T09:59:32,123.81,0.875,F,2917.77,9805.64,47.67742258,-122.24577687,E,0.6523,2869.76,9854.33,47.67742258,-122.24577687
1489985,2026-05-31T09:59:33,123.82,0.887,F,2918.57,9805.11,47.67741898,-122.2457689,E,0.6613,2870.36,9853.93,47.67741898,-122.2457689
1491065,2026-05-31T09:59:34,126.71,0.884,F,2919.34,9804.57,47.67741516,-122.2457613,E,0.659,2870.93,9853.51,47.67741516,-122.2457613
1492153,2026-05-31T09:59:35,130.09,0.864,F,2920.09,9803.96,47.6774111,-122.24575416,E,0.6441,2871.47,9853.06,47.6774111,-122.24575416
1493223,2026-05-31T09:59:36,129.34,0.87,F,2920.79,9803.35,47.67740715,-122.24574701,E,0.6486,2872.01,9852.62,47.67740715,-122.24574701
1494293,2026-05-31T09:59:37,125.69,0.888,F,2921.55,9802.79,47.67740344,-122.24573935,E,0.662,2872.58,9852.2,47.67740344,-122.24573935
1495359,2026-05-31T09:59:38,123.39,0.887,F,2922.32,9802.26,47.67739995,-122.24573151,E,0.6613,2873.17,9851.81,47.67739995,-122.24573151
1496438,2026-05-31T09:59:39,122.35,0.868,F,2923.12,9801.74,47.6773966,-122.24572365,E,0.6471,2873.76,9851.44,47.6773966,-122.24572365
1497492,2026-05-31T09:59:40,126.75,0.89,F,2923.89,9801.22,47.67739284,-122.24571619,E,0.6635,2874.32,9851.02,47.67739284,-122.24571619
1498571,2026-05-31T09:59:41,125.43,0.898,F,2924.66,9800.66,47.67738908,-122.24570835,E,0.6695,2874.91,9850.6,47.67738908,-122.24570835
1499650,2026-05-31T09:59:43,126.16,0.905,F,2925.45,9800.11,47.67738522,-122.24570052,E,0.6747,2875.5,9850.17,47.67738522,-122.24570052
1500723,2026-05-31T09:59:44,127.04,0.911,F,2926.24,9799.54,47.67738128,-122.24569278,E,0.6792,2876.08,9849.74,47.67738128,-122.24569278
1501801,2026-05-31T09:59:45,128.75,0.927,F,2927.02,9798.91,47.67737709,-122.24568504,E,0.6911,2876.66,9849.27,47.67737709,-122.24568504
1502880,2026-05-31T09:59:46,128.88,0.91,F,2927.8,9798.28,47.67737296,-122.24567745,E,0.6784,2877.23,9848.81,47.67737296,-122.24567745
1503976,2026-05-31T09:59:47,125.37,0.894,F,2928.59,9797.69,47.67736916,-122.24566951,E,0.6665,2877.82,9848.39,47.67736916,-122.24566951
1505054,2026-05-31T09:59:48,126.3,0.9,F,2929.38,9797.15,47.67736531,-122.24566175,E,0.671,2878.41,9847.96,47.67736531,-122.24566175
1506133,2026-05-31T09:59:49,131,0.921,F,2930.16,9796.56,47.67736095,-122.2456543,E,0.6866,2878.97,9847.47,47.67736095,-122.2456543
1507212,2026-05-31T09:59:50,129.61,0.933,F,2930.91,9795.92,47.67735665,-122.2456466,E,0.6956,2879.55,9846.99,47.67735665,-122.2456466
1508284,2026-05-31T09:59:51,123.39,0.931,F,2931.73,9795.34,47.67735297,-122.24563833,E,0.6941,2880.17,9846.58,47.67735297,-122.24563833
1509354,2026-05-31T09:59:52,125.95,0.916,F,2932.54,9794.79,47.67734912,-122.24563045,E,0.6829,2880.76,9846.16,47.67734912,-122.24563045
1510423,2026-05-31T09:59:53,124.03,0.918,F,2933.35,9794.25,47.67734544,-122.24562237,E,0.6844,2881.36,9845.75,47.67734544,-122.24562237
1511492,2026-05-31T09:59:54,119.33,0.936,F,2934.2,9793.73,47.67734216,-122.24561371,E,0.6978,2882.01,9845.38,47.67734216,-122.24561371
1512562,2026-05-31T09:59:55,119.82,0.936,F,2935.06,9793.21,47.67733882,-122.24560508,E,0.6978,2882.66,9845.01,47.67733882,-122.24560508
1513625,2026-05-31T09:59:57,118.38,0.921,F,2935.93,9792.73,47.67733571,-122.24559653,E,0.6866,2883.3,9844.66,47.67733571,-122.24559653
1514696,2026-05-31T09:59:58,114.95,0.921,F,2936.81,9792.3,47.67733292,-122.24558765,E,0.6866,2883.97,9844.35,47.67733292,-122.24558765
1515766,2026-05-31T09:59:59,114.45,0.938,F,2937.71,9791.88,47.67733014,-122.24557858,E,0.6993,2884.65,9844.04,47.67733014,-122.24557858
1516777,2026-05-31T10:00:00,109.83,0.938,F,2938.58,9791.52,47.67732798,-122.24556972,E,0.6993,2885.32,9843.8,47.67732798,-122.24556972
1517849,2026-05-31T10:00:01,110.2,0.962,F,2939.54,9791.2,47.6773256,-122.24556011,E,0.7172,2886.04,9843.54,47.6773256,-122.24556011
1518928,2026-05-31T10:00:02,106.05,0.99,F,2940.55,9790.88,47.67732362,-122.24554992,E,0.738,2886.8,9843.32,47.67732362,-122.24554992
1520014,2026-05-31T10:00:03,105.09,1.024,F,2941.6,9790.62,47.67732168,-122.24553926,E,0.7634,2887.6,9843.1,47.67732168,-122.24553926
1521092,2026-05-31T10:00:04,109.13,1.05,F,2942.67,9790.3,47.6773192,-122.24552864,E,0.7828,2888.4,9842.83,47.6773192,-122.24552864
1522162,2026-05-31T10:00:05,109.46,1.067,F,2943.75,9789.92,47.67731665,-122.24551795,E,0.7954,2889.2,9842.54,47.67731665,-122.24551795
1523216,2026-05-31T10:00:06,105.08,1.084,F,2944.84,9789.58,47.67731466,-122.24550699,E,0.8081,2890.03,9842.32,47.67731466,-122.24550699
1524287,2026-05-31T10:00:07,102.11,1.076,F,2945.96,9789.29,47.67731304,-122.24549581,E,0.8022,2890.87,9842.14,47.67731304,-122.24549581
1525366,2026-05-31T10:00:08,104.54,1.086,F,2947.1,9789.03,47.67731107,-122.24548454,E,0.8096,2891.71,9841.92,47.67731107,-122.24548454
1526438,2026-05-31T10:00:09,106.87,1.093,F,2948.22,9788.71,47.67730879,-122.24547341,E,0.8148,2892.55,9841.67,47.67730879,-122.24547341
1527517,2026-05-31T10:00:10,111.71,1.051,F,2949.33,9788.34,47.67730598,-122.24546295,E,0.7835,2893.33,9841.35,47.67730598,-122.24546295
1528579,2026-05-31T10:00:11,106.8,1.057,F,2950.39,9787.98,47.67730381,-122.24545228,E,0.788,2894.13,9841.11,47.67730381,-122.24545228
1529658,2026-05-31T10:00:13,105.24,1.041,F,2951.49,9787.67,47.67730183,-122.24544152,E,0.7761,2894.94,9840.89,47.67730183,-122.24544152
1530732,2026-05-31T10:00:14,108.28,1.048,F,2952.57,9787.35,47.67729947,-122.2454309,E,0.7813,2895.74,9840.63,47.67729947,-122.2454309
1531793,2026-05-31T10:00:15,106.54,1.058,F,2953.63,9787.02,47.67729733,-122.24542022,E,0.7887,2896.54,9840.39,47.67729733,-122.24542022
1532872,2026-05-31T10:00:16,102.49,1.061,F,2954.73,9786.75,47.67729567,-122.24540912,E,0.791,2897.37,9840.21,47.67729567,-122.24540912
1533942,2026-05-31T10:00:17,101.84,0.991,F,2955.8,9786.49,47.67729421,-122.24539882,E,0.7388,2898.15,9840.04,47.67729421,-122.24539882
1535020,2026-05-31T10:00:18,102.09,0.958,F,2956.82,9786.28,47.67729277,-122.24538879,E,0.7142,2898.9,9839.88,47.67729277,-122.24538879
1536107,2026-05-31T10:00:19,100.66,0.947,F,2957.82,9786.07,47.67729149,-122.24537874,E,0.706,2899.66,9839.74,47.67729149,-122.24537874
1537177,2026-05-31T10:00:20,95.22,0.927,F,2958.82,9785.93,47.67729089,-122.24536894,E,0.6911,2900.39,9839.67,47.67729089,-122.24536894
1538246,2026-05-31T10:00:21,101.46,0.898,F,2959.78,9785.75,47.67728961,-122.24535959,E,0.6695,2901.09,9839.53,47.67728961,-122.24535959
1539325,2026-05-31T10:00:22,99.12,0.89,F,2960.74,9785.56,47.67728859,-122.24535018,E,0.6635,2901.8,9839.42,47.67728859,-122.24535018
1540405,2026-05-31T10:00:23,98.83,0.886,F,2961.68,9785.39,47.67728761,-122.24534079,E,0.6605,2902.51,9839.31,47.67728761,-122.24534079
1541465,2026-05-31T10:00:24,91.98,0.888,F,2962.61,9785.31,47.67728739,-122.24533145,E,0.662,2903.21,9839.28,47.67728739,-122.24533145
1542545,2026-05-31T10:00:25,94.48,0.883,F,2963.56,9785.25,47.67728689,-122.24532201,E,0.6583,2903.92,9839.23,47.67728689,-122.24532201
1543614,2026-05-31T10:00:26,113.4,0.827,F,2964.45,9785.05,47.67728454,-122.24531395,E,0.6165,2904.52,9838.97,47.67728454,-122.24531395
1544692,2026-05-31T10:00:28,127.92,0.854,F,2965.22,9784.56,47.67728075,-122.24530674,E,0.6367,2905.06,9838.55,47.67728075,-122.24530674
1545762,2026-05-31T10:00:29,117.88,0.878,F,2965.99,9784.07,47.67727781,-122.2452985,E,0.6545,2905.68,9838.22,47.67727781,-122.2452985
1546831,2026-05-31T10:00:30,114.99,0.893,F,2966.84,9783.66,47.67727511,-122.2452899,E,0.6657,2906.33,9837.92,47.67727511,-122.2452899
1547930,2026-05-31T10:00:31,113.25,0.898,F,2967.74,9783.24,47.6772725,-122.2452809,E,0.6695,2907,9837.63,47.6772725,-122.2452809
1549009,2026-05-31T10:00:32,114.71,0.905,F,2968.62,9782.82,47.67726976,-122.24527209,E,0.6747,2907.66,9837.32,47.67726976,-122.24527209
1550086,2026-05-31T10:00:33,114.37,0.922,F,2969.52,9782.41,47.67726702,-122.24526311,E,0.6874,2908.34,9837.02,47.67726702,-122.24526311
1551156,2026-05-31T10:00:34,112.34,0.923,F,2970.43,9782,47.67726451,-122.24525404,E,0.6881,2909.02,9836.74,47.67726451,-122.24525404
1552226,2026-05-31T10:00:35,108.08,0.909,F,2971.35,9781.67,47.67726248,-122.24524486,E,0.6777,2909.71,9836.51,47.67726248,-122.24524486
1553314,2026-05-31T10:00:36,108.15,0.91,F,2972.3,9781.36,47.67726042,-122.24523552,E,0.6784,2910.41,9836.28,47.67726042,-122.24523552
1554375,2026-05-31T10:00:37,108.85,0.931,F,2973.23,9781.06,47.67725828,-122.24522624,E,0.6941,2911.11,9836.04,47.67725828,-122.24522624
1555454,2026-05-31T10:00:38,109.73,0.9,F,2974.15,9780.73,47.67725609,-122.24521716,E,0.671,2911.79,9835.8,47.67725609,-122.24521716
1556508,2026-05-31T10:00:39,106.41,0.898,F,2975.05,9780.43,47.6772543,-122.24520814,E,0.6695,2912.46,9835.6,47.6772543,-122.24520814
1557570,2026-05-31T10:00:40,98.53,0.898,F,2975.98,9780.25,47.67725335,-122.24519878,E,0.6695,2913.17,9835.49,47.67725335,-122.24519878
1558639,2026-05-31T10:00:42,103.26,0.879,F,2976.91,9780.05,47.6772519,-122.2451897,E,0.6553,2913.85,9835.33,47.6772519,-122.2451897
1559700,2026-05-31T10:00:43,101.6,0.881,F,2977.82,9779.85,47.67725065,-122.24518061,E,0.6568,2914.53,9835.19,47.67725065,-122.24518061
1560775,2026-05-31T10:00:44,99.02,0.88,F,2978.75,9779.68,47.67724965,-122.24517133,E,0.656,2915.23,9835.08,47.67724965,-122.24517133
1561847,2026-05-31T10:00:45,103.71,0.865,F,2979.67,9779.52,47.67724818,-122.24516238,E,0.6449,2915.9,9834.92,47.67724818,-122.24516238
1562911,2026-05-31T10:00:46,104.61,0.872,F,2980.56,9779.3,47.67724661,-122.24515347,E,0.6501,2916.57,9834.75,47.67724661,-122.24515347
1563980,2026-05-31T10:00:47,95.1,0.876,F,2981.48,9779.14,47.67724606,-122.24514421,E,0.6531,2917.26,9834.68,47.67724606,-122.24514421
1565050,2026-05-31T10:00:48,91.41,0.892,F,2982.42,9779.12,47.6772459,-122.24513473,E,0.665,2917.98,9834.67,47.6772459,-122.24513473
1566127,2026-05-31T10:00:49,91.65,0.887,F,2983.38,9779.12,47.67724571,-122.24512525,E,0.6613,2918.69,9834.64,47.67724571,-122.24512525
1567197,2026-05-31T10:00:50,92.44,0.873,F,2984.32,9779.11,47.67724545,-122.24511598,E,0.6508,2919.38,9834.62,47.67724545,-122.24511598
1568267,2026-05-31T10:00:51,95.19,0.86,F,2985.25,9779.04,47.67724489,-122.24510688,E,0.6411,2920.07,9834.55,47.67724489,-122.24510688
1569346,2026-05-31T10:00:52,96.21,0.906,F,2986.2,9778.94,47.67724418,-122.24509723,E,0.6754,2920.79,9834.47,47.67724418,-122.24509723
1570407,2026-05-31T10:00:53,97.48,0.955,F,2987.19,9778.83,47.6772433,-122.24508726,E,0.712,2921.54,9834.38,47.6772433,-122.24508726
1571486,2026-05-31T10:00:54,99.2,0.998,F,2988.24,9778.7,47.67724215,-122.2450767,E,0.744,2922.33,9834.25,47.67724215,-122.2450767
1572574,2026-05-31T10:00:55,106.31,1.027,F,2989.32,9778.46,47.67724005,-122.24506606,E,0.7656,2923.13,9834.01,47.67724005,-122.24506606
1573652,2026-05-31T10:00:57,109.2,1.04,F,2990.36,9778.08,47.67723758,-122.24505554,E,0.7753,2923.92,9833.74,47.67723758,-122.24505554
1574714,2026-05-31T10:00:58,100.11,1.036,F,2991.42,9777.79,47.67723628,-122.24504479,E,0.7723,2924.73,9833.59,47.67723628,-122.24504479
1575777,2026-05-31T10:00:59,97.15,1.046,F,2992.52,9777.66,47.67723536,-122.24503383,E,0.7798,2925.55,9833.49,47.67723536,-122.24503383
1576856,2026-05-31T10:01:00,102,1.036,F,2993.63,9777.48,47.6772338,-122.24502298,E,0.7723,2926.37,9833.32,47.6772338,-122.24502298
1577933,2026-05-31T10:01:01,98.54,1.017,F,2994.71,9777.31,47.67723271,-122.24501222,E,0.7582,2927.17,9833.2,47.67723271,-122.24501222
1578988,2026-05-31T10:01:02,100.4,1.038,F,2995.78,9777.13,47.67723139,-122.24500153,E,0.7738,2927.98,9833.05,47.67723139,-122.24500153
1580067,2026-05-31T10:01:03,103.32,1.033,F,2996.86,9776.91,47.67722967,-122.24499076,E,0.7701,2928.79,9832.86,47.67722967,-122.24499076
1581147,2026-05-31T10:01:04,108.2,1.039,F,2997.93,9776.59,47.67722732,-122.24498017,E,0.7746,2929.58,9832.6,47.67722732,-122.24498017
1582218,2026-05-31T10:01:05,109.05,1.048,F,2999,9776.27,47.67722487,-122.24496964,E,0.7813,2930.37,9832.32,47.67722487,-122.24496964
1583298,2026-05-31T10:01:06,111.5,1.05,F,3000.07,9775.86,47.67722208,-122.24495916,E,0.7828,2931.16,9832.01,47.67722208,-122.24495916
1584361,2026-05-31T10:01:07,110.64,1.044,F,3001.1,9775.44,47.67721946,-122.24494885,E,0.7783,2931.93,9831.72,47.67721946,-122.24494885
1585431,2026-05-31T10:01:08,112.59,1.035,F,3002.13,9775.02,47.67721661,-122.24493869,E,0.7716,2932.69,9831.41,47.67721661,-122.24493869
1586500,2026-05-31T10:01:09,104.2,1.029,F,3003.19,9774.68,47.67721481,-122.24492811,E,0.7671,2933.49,9831.2,47.67721481,-122.24492811
1587570,2026-05-31T10:01:10,97.5,1.024,F,3004.28,9774.47,47.67721385,-122.24491732,E,0.7634,2934.3,9831.1,47.67721385,-122.24491732
1588649,2026-05-31T10:01:12,96.37,0.962,F,3005.35,9774.35,47.67721308,-122.24490708,E,0.7172,2935.07,9831.01,47.67721308,-122.24490708
1589718,2026-05-31T10:01:13,99.55,0.907,F,3006.35,9774.22,47.677212,-122.24489758,E,0.6762,2935.78,9830.89,47.677212,-122.24489758
1590793,2026-05-31T10:01:14,93.61,0.869,F,3007.3,9774.11,47.67721161,-122.24488832,E,0.6478,2936.48,9830.85,47.67721161,-122.24488832
1591864,2026-05-31T10:01:15,97.49,0.887,F,3008.24,9774.02,47.67721078,-122.24487897,E,0.6613,2937.18,9830.76,47.67721078,-122.24487897
1592929,2026-05-31T10:01:16,97.46,0.888,F,3009.17,9773.91,47.67720996,-122.24486966,E,0.662,2937.88,9830.66,47.67720996,-122.24486966
1594008,2026-05-31T10:01:17,97.65,0.826,F,3010.09,9773.82,47.67720916,-122.24486089,E,0.6158,2938.54,9830.58,47.67720916,-122.24486089
1595060,2026-05-31T10:01:18,96.08,0.791,F,3010.94,9773.76,47.67720857,-122.24485267,E,0.5897,2939.15,9830.51,47.67720857,-122.24485267
1596122,2026-05-31T10:01:19,110.37,0.821,F,3011.78,9773.61,47.67720654,-122.24484456,E,0.6121,2939.76,9830.28,47.67720654,-122.24484456
1597218,2026-05-31T10:01:20,119.91,0.806,F,3012.55,9773.17,47.67720359,-122.24483695,E,0.6009,2940.33,9829.96,47.67720359,-122.24483695
1598288,2026-05-31T10:01:21,116.73,0.788,F,3013.3,9772.76,47.67720105,-122.24482948,E,0.5875,2940.89,9829.67,47.67720105,-122.24482948
1599367,2026-05-31T10:01:22,115.6,0.785,F,3014.07,9772.36,47.6771986,-122.24482189,E,0.5852,2941.46,9829.4,47.6771986,-122.24482189
1600421,2026-05-31T10:01:23,112.94,0.816,F,3014.84,9771.98,47.67719635,-122.24481403,E,0.6083,2942.05,9829.15,47.67719635,-122.24481403
1601491,2026-05-31T10:01:24,112.75,0.821,F,3015.64,9771.64,47.67719408,-122.24480598,E,0.6121,2942.66,9828.9,47.67719408,-122.24480598
1602571,2026-05-31T10:01:25,114.39,0.822,F,3016.46,9771.27,47.67719162,-122.24479796,E,0.6128,2943.26,9828.62,47.67719162,-122.24479796
1603643,2026-05-31T10:01:27,106.7,0.826,F,3017.28,9770.96,47.67718992,-122.24478953,E,0.6158,2943.89,9828.43,47.67718992,-122.24478953
1604722,2026-05-31T10:01:28,104.27,0.827,F,3018.15,9770.75,47.67718845,-122.24478095,E,0.6165,2944.54,9828.27,47.67718845,-122.24478095
1605793,2026-05-31T10:01:29,106.04,0.828,F,3019.01,9770.54,47.6771868,-122.24477248,E,0.6173,2945.17,9828.09,47.6771868,-122.24477248
1606856,2026-05-31T10:01:30,104.94,0.845,F,3019.87,9770.3,47.67718525,-122.24476387,E,0.6299,2945.82,9827.91,47.67718525,-122.24476387
1607955,2026-05-31T10:01:31,104.2,0.862,F,3020.78,9770.07,47.6771837,-122.24475475,E,0.6426,2946.5,9827.74,47.6771837,-122.24475475
1609034,2026-05-31T10:01:32,102.83,0.853,F,3021.67,9769.86,47.67718233,-122.24474584,E,0.6359,2947.17,9827.59,47.67718233,-122.24474584
1610112,2026-05-31T10:01:33,103.76,0.847,F,3022.56,9769.65,47.67718087,-122.24473703,E,0.6314,2947.83,9827.43,47.67718087,-122.24473703
1611182,2026-05-31T10:01:34,106.61,0.854,F,3023.45,9769.44,47.67717912,-122.24472834,E,0.6367,2948.49,9827.23,47.67717912,-122.24472834
1612260,2026-05-31T10:01:35,103.92,0.873,F,3024.36,9769.22,47.67717761,-122.24471927,E,0.6508,2949.17,9827.06,47.67717761,-122.24471927
1613329,2026-05-31T10:01:36,102.16,0.889,F,3025.28,9769.01,47.67717627,-122.24471004,E,0.6627,2949.86,9826.91,47.67717627,-122.24471004
1614408,2026-05-31T10:01:37,105.16,0.883,F,3026.21,9768.79,47.6771746,-122.24470091,E,0.6583,2950.55,9826.73,47.6771746,-122.24470091
1615487,2026-05-31T10:01:38,102.71,0.88,F,3027.13,9768.58,47.6771732,-122.24469171,E,0.656,2951.24,9826.57,47.6771732,-122.24469171
1616550,2026-05-31T10:01:39,105.23,0.87,F,3028.03,9768.35,47.67717157,-122.24468285,E,0.6486,2951.9,9826.39,47.67717157,-122.24468285
1617620,2026-05-31T10:01:40,101.87,0.873,F,3028.94,9768.15,47.67717029,-122.24467378,E,0.6508,2952.58,9826.25,47.67717029,-122.24467378
1618699,2026-05-31T10:01:42,103.33,0.874,F,3029.85,9767.93,47.67716883,-122.24466466,E,0.6516,2953.27,9826.09,47.67716883,-122.24466466
1619768,2026-05-31T10:01:43,104.35,0.863,F,3030.76,9767.72,47.6771673,-122.24465579,E,0.6434,2953.93,9825.92,47.6771673,-122.24465579
1620837,2026-05-31T10:01:44,106.6,0.867,F,3031.65,9767.49,47.67716553,-122.24464697,E,0.6463,2954.6,9825.72,47.67716553,-122.24464697
1621926,2026-05-31T10:01:45,110.97,0.881,F,3032.55,9767.18,47.67716323,-122.24463807,E,0.6568,2955.26,9825.46,47.67716323,-122.24463807
1623004,2026-05-31T10:01:46,105.24,0.909,F,3033.46,9766.88,47.6771615,-122.24462869,E,0.6777,2955.97,9825.27,47.6771615,-122.24462869
1624066,2026-05-31T10:01:47,100.4,0.918,F,3034.41,9766.67,47.67716032,-122.24461917,E,0.6844,2956.68,9825.14,47.67716032,-122.24461917
1625145,2026-05-31T10:01:48,98.23,0.918,F,3035.39,9766.52,47.67715937,-122.24460943,E,0.6844,2957.42,9825.03,47.67715937,-122.24460943
1626216,2026-05-31T10:01:49,97.72,0.935,F,3036.37,9766.41,47.67715847,-122.24459958,E,0.697,2958.15,9824.93,47.67715847,-122.24459958
1627302,2026-05-31T10:01:50,98.9,0.931,F,3037.36,9766.22,47.67715743,-122.24458966,E,0.6941,2958.9,9824.82,47.67715743,-122.24458966
1628380,2026-05-31T10:01:51,102.65,0.929,F,3038.34,9766.06,47.67715596,-122.24457996,E,0.6926,2959.63,9824.65,47.67715596,-122.24457996
1629459,2026-05-31T10:01:52,107.14,0.914,F,3039.3,9765.78,47.67715401,-122.2445706,E,0.6814,2960.33,9824.44,47.67715401,-122.2445706
1630528,2026-05-31T10:01:53,107.51,0.93,F,3040.24,9765.48,47.67715201,-122.24456118,E,0.6933,2961.04,9824.21,47.67715201,-122.24456118
1631580,2026-05-31T10:01:54,105.86,0.933,F,3041.18,9765.18,47.67715021,-122.24455181,E,0.6956,2961.74,9824.01,47.67715021,-122.24455181
1632660,2026-05-31T10:01:56,112.46,0.928,F,3042.13,9764.83,47.67714765,-122.24454261,E,0.6918,2962.43,9823.73,47.67714765,-122.24454261
1633749,2026-05-31T10:01:57,112.96,0.923,F,3043.07,9764.41,47.67714502,-122.24453342,E,0.6881,2963.12,9823.44,47.67714502,-122.24453342
1634827,2026-05-31T10:01:58,116.33,0.922,F,3043.96,9763.99,47.67714207,-122.24452458,E,0.6874,2963.79,9823.11,47.67714207,-122.24452458
1635898,2026-05-31T10:01:59,112.47,0.922,F,3044.86,9763.57,47.67713954,-122.24451552,E,0.6874,2964.47,9822.83,47.67713954,-122.24451552
1636967,2026-05-31T10:02:00,107.92,0.926,F,3045.78,9763.2,47.6771375,-122.24450616,E,0.6903,2965.17,9822.6,47.6771375,-122.24450616
1638037,2026-05-31T10:02:01,106.87,0.926,F,3046.74,9762.93,47.67713558,-122.24449675,E,0.6903,2965.88,9822.38,47.67713558,-122.24449675
1639107,2026-05-31T10:02:02,104.39,0.925,F,3047.69,9762.64,47.67713393,-122.24448723,E,0.6896,2966.59,9822.2,47.67713393,-122.24448723
1640179,2026-05-31T10:02:03,101.96,0.924,F,3048.66,9762.43,47.67713255,-122.24447761,E,0.6888,2967.31,9822.05,47.67713255,-122.24447761
1641258,2026-05-31T10:02:04,104.03,0.909,F,3049.62,9762.2,47.67713096,-122.24446816,E,0.6777,2968.02,9821.87,47.67713096,-122.24446816
1642335,2026-05-31T10:02:05,107.74,0.901,F,3050.55,9761.96,47.67712898,-122.24445898,E,0.6717,2968.71,9821.65,47.67712898,-122.24445898
1643413,2026-05-31T10:02:06,111.31,0.906,F,3051.47,9761.64,47.6771266,-122.24444995,E,0.6754,2969.39,9821.39,47.6771266,-122.24444995
1644483,2026-05-31T10:02:07,110.26,0.911,F,3052.39,9761.31,47.67712434,-122.24444087,E,0.6792,2970.07,9821.13,47.67712434,-122.24444087
1645562,2026-05-31T10:02:08,112.35,0.926,F,3053.33,9760.97,47.6771218,-122.24443169,E,0.6903,2970.76,9820.85,47.6771218,-122.24443169
1646640,2026-05-31T10:02:10,112.18,0.926,F,3054.24,9760.56,47.67711928,-122.24442251,E,0.6903,2971.45,9820.57,47.67711928,-122.24442251
1647710,2026-05-31T10:02:11,111.89,0.928,F,3055.16,9760.17,47.6771168,-122.24441337,E,0.6918,2972.14,9820.29,47.6771168,-122.24441337
1648788,2026-05-31T10:02:12,107.44,0.94,F,3056.11,9759.84,47.67711476,-122.24440377,E,0.7008,2972.86,9820.07,47.67711476,-122.24440377
1649866,2026-05-31T10:02:13,105.84,0.921,F,3057.06,9759.53,47.67711295,-122.24439428,E,0.6866,2973.57,9819.87,47.67711295,-122.24439428
1650944,2026-05-31T10:02:14,104.32,0.948,F,3058.04,9759.29,47.67711125,-122.24438445,E,0.7067,2974.31,9819.68,47.67711125,-122.24438445
1652013,2026-05-31T10:02:15,103.41,0.985,F,3059.04,9759.08,47.67710962,-122.24437428,E,0.7343,2975.07,9819.49,47.67710962,-122.24437428
1653074,2026-05-31T10:02:16,102.49,1.013,F,3060.07,9758.86,47.67710806,-122.24436386,E,0.7552,2975.85,9819.32,47.67710806,-122.24436386
1654154,2026-05-31T10:02:17,94.8,1.025,F,3061.17,9758.7,47.67710744,-122.24435291,E,0.7641,2976.67,9819.25,47.67710744,-122.24435291
1655208,2026-05-31T10:02:18,97.95,1.042,F,3062.25,9758.59,47.67710642,-122.24434211,E,0.7768,2977.49,9819.14,47.67710642,-122.24434211
1656278,2026-05-31T10:02:19,99.58,1.036,F,3063.34,9758.39,47.67710519,-122.24433125,E,0.7723,2978.3,9819,47.67710519,-122.24433125
1657366,2026-05-31T10:02:20,100.24,1.026,F,3064.45,9758.18,47.67710386,-122.24432034,E,0.7649,2979.12,9818.85,47.67710386,-122.24432034
1658454,2026-05-31T10:02:21,96.28,1.045,F,3065.57,9758.04,47.67710303,-122.24430912,E,0.779,2979.96,9818.76,47.67710303,-122.24430912
1659533,2026-05-31T10:02:22,86.47,1.064,F,3066.71,9758.02,47.6771035,-122.24429774,E,0.7932,2980.82,9818.81,47.6771035,-122.24429774
1660621,2026-05-31T10:02:24,92.43,1.046,F,3067.85,9758.06,47.67710318,-122.24428645,E,0.7798,2981.66,9818.78,47.67710318,-122.24428645
1661699,2026-05-31T10:02:25,96.39,1.05,F,3068.98,9757.96,47.67710233,-122.24427529,E,0.7828,2982.5,9818.68,47.67710233,-122.24427529
1662760,2026-05-31T10:02:26,106.2,1.06,F,3070.06,9757.72,47.67710023,-122.24426456,E,0.7902,2983.31,9818.45,47.67710023,-122.24426456
1663823,2026-05-31T10:02:27,109.47,1.064,F,3071.13,9757.37,47.67709771,-122.24425397,E,0.7932,2984.1,9818.17,47.67709771,-122.24425397
1664902,2026-05-31T10:02:28,107.24,1.046,F,3072.21,9756.98,47.67709547,-122.24424327,E,0.7798,2984.91,9817.92,47.67709547,-122.24424327
1665972,2026-05-31T10:02:29,111.9,1.053,F,3073.27,9756.61,47.67709265,-122.24423289,E,0.785,2985.69,9817.61,47.67709265,-122.24423289
1667036,2026-05-31T10:02:30,112.49,1.046,F,3074.31,9756.19,47.6770898,-122.24422268,E,0.7798,2986.45,9817.29,47.6770898,-122.24422268
1668038,2026-05-31T10:02:31,110.22,1.072,F,3075.3,9755.81,47.67708732,-122.24421267,E,0.7992,2987.2,9817.01,47.67708732,-122.24421267
1669108,2026-05-31T10:02:32,105.26,1.056,F,3076.38,9755.44,47.67708532,-122.24420185,E,0.7872,2988.02,9816.79,47.67708532,-122.24420185
1670186,2026-05-31T10:02:33,105.41,1.069,F,3077.49,9755.13,47.67708327,-122.24419082,E,0.7969,2988.84,9816.56,47.67708327,-122.24419082
1671264,2026-05-31T10:02:34,105.46,1.078,F,3078.62,9754.82,47.6770812,-122.24417969,E,0.8036,2989.68,9816.33,47.6770812,-122.24417969
1672325,2026-05-31T10:02:35,106.02,1.075,F,3079.72,9754.51,47.67707909,-122.24416881,E,0.8014,2990.5,9816.1,47.67707909,-122.24416881
1673396,2026-05-31T10:02:36,105.02,1.057,F,3080.83,9754.2,47.67707713,-122.24415795,E,0.788,2991.31,9815.88,47.67707713,-122.24415795
1674473,2026-05-31T10:02:37,105.98,1.073,F,3081.94,9753.91,47.677075,-122.24414692,E,0.7999,2992.14,9815.64,47.677075,-122.24414692
1675552,2026-05-31T10:02:38,105.44,1.068,F,3083.05,9753.59,47.67707294,-122.24413589,E,0.7962,2992.97,9815.41,47.67707294,-122.24413589
1676624,2026-05-31T10:02:40,114.12,1.055,F,3084.11,9753.22,47.67706985,-122.24412564,E,0.7865,2993.74,9815.07,47.67706985,-122.24412564
1677703,2026-05-31T10:02:41,111.81,1.056,F,3085.16,9752.79,47.67706701,-122.24411514,E,0.7872,2994.53,9814.75,47.67706701,-122.24411514
1678773,2026-05-31T10:02:42,107.13,1.047,F,3086.22,9752.41,47.6770648,-122.24410451,E,0.7805,2995.32,9814.51,47.6770648,-122.24410451
1679836,2026-05-31T10:02:43,101.95,1.04,F,3087.29,9752.15,47.67706327,-122.24409377,E,0.7753,2996.13,9814.34,47.67706327,-122.24409377
1680911,2026-05-31T10:02:44,103.2,1.044,F,3088.4,9751.93,47.67706155,-122.24408292,E,0.7783,2996.95,9814.14,47.67706155,-122.24408292
1681981,2026-05-31T10:02:45,105.89,1.052,F,3089.48,9751.64,47.67705949,-122.24407217,E,0.7843,2997.75,9813.91,47.67705949,-122.24407217
1683051,2026-05-31T10:02:46,114.47,1.026,F,3090.52,9751.25,47.67705644,-122.24406225,E,0.7649,2998.5,9813.58,47.67705644,-122.24406225
1684131,2026-05-31T10:02:47,112.77,1.009,F,3091.53,9750.81,47.67705362,-122.24405227,E,0.7522,2999.25,9813.26,47.67705362,-122.24405227
1685209,2026-05-31T10:02:48,110.38,0.983,F,3092.52,9750.4,47.67705115,-122.24404241,E,0.7328,2999.99,9812.99,47.67705115,-122.24404241
1686288,2026-05-31T10:02:49,104.14,0.978,F,3093.53,9750.08,47.67704942,-122.24403225,E,0.7291,3000.75,9812.79,47.67704942,-122.24403225
1687359,2026-05-31T10:02:50,119.5,0.951,F,3094.49,9749.73,47.67704606,-122.24402344,E,0.709,3001.41,9812.42,47.67704606,-122.24402344
1688448,2026-05-31T10:02:51,117.15,0.925,F,3095.37,9749.22,47.67704298,-122.24401454,E,0.6896,3002.08,9812.08,47.67704298,-122.24401454
1689528,2026-05-31T10:02:52,114.44,0.922,F,3096.27,9748.79,47.67704023,-122.24400554,E,0.6874,3002.75,9811.77,47.67704023,-122.24400554
1690607,2026-05-31T10:02:53,105.82,0.922,F,3097.2,9748.44,47.67703841,-122.24399604,E,0.6874,3003.47,9811.57,47.67703841,-122.24399604
1691685,2026-05-31T10:02:55,103.07,0.936,F,3098.17,9748.22,47.67703688,-122.24398628,E,0.6978,3004.2,9811.4,47.67703688,-122.24398628
1692755,2026-05-31T10:02:56,107.36,0.92,F,3099.13,9747.99,47.67703491,-122.24397695,E,0.6859,3004.9,9811.18,47.67703491,-122.24397695
1693825,2026-05-31T10:02:57,112.66,0.91,F,3100.03,9747.6,47.6770324,-122.24396803,E,0.6784,3005.57,9810.9,47.6770324,-122.24396803
1694890,2026-05-31T10:02:58,119.76,0.902,F,3100.91,9747.17,47.67702921,-122.24395975,E,0.6724,3006.19,9810.54,47.67702921,-122.24395975
1695969,2026-05-31T10:02:59,128.49,0.882,F,3101.68,9746.62,47.67702524,-122.24395235,E,0.6575,3006.75,9810.1,47.67702524,-122.24395235
1697048,2026-05-31T10:03:00,124.22,0.865,F,3102.45,9746.07,47.67702173,-122.24394469,E,0.6449,3007.32,9809.71,47.67702173,-122.24394469
1698152,2026-05-31T10:03:01,137.93,0.848,F,3103.17,9745.47,47.67701707,-122.24393846,E,0.6322,3007.79,9809.19,47.67701707,-122.24393846
1699217,2026-05-31T10:03:02,133.38,0.805,F,3103.77,9744.84,47.67701313,-122.24393227,E,0.6001,3008.26,9808.75,47.67701313,-122.24393227
1700287,2026-05-31T10:03:03,129.93,0.814,F,3104.42,9744.26,47.67700939,-122.24392564,E,0.6068,3008.75,9808.34,47.67700939,-122.24392564
1701347,2026-05-31T10:03:04,140.3,0.777,F,3105.02,9743.65,47.67700514,-122.24392041,E,0.5793,3009.15,9807.86,47.67700514,-122.24392041
1702426,2026-05-31T10:03:05,143.4,0.735,F,3105.51,9743.02,47.67700088,-122.24391572,E,0.5479,3009.5,9807.39,47.67700088,-122.24391572
1703513,2026-05-31T10:03:06,135.51,0.734,F,3106.04,9742.42,47.67699707,-122.24391017,E,0.5472,3009.92,9806.97,47.67699707,-122.24391017
1704585,2026-05-31T10:03:07,134.82,0.72,F,3106.59,9741.88,47.67699342,-122.24390473,E,0.5368,3010.32,9806.56,47.67699342,-122.24390473
1705655,2026-05-31T10:03:09,133.68,0.726,F,3107.15,9741.35,47.67698983,-122.24389915,E,0.5412,3010.74,9806.16,47.67698983,-122.24389915
1706734,2026-05-31T10:03:10,135.75,0.743,F,3107.72,9740.82,47.67698598,-122.2438936,E,0.5539,3011.16,9805.73,47.67698598,-122.2438936
1707806,2026-05-31T10:03:11,151.71,0.742,F,3108.21,9740.19,47.67698129,-122.24388986,E,0.5532,3011.44,9805.21,47.67698129,-122.24388986
1708885,2026-05-31T10:03:12,150.57,0.726,F,3108.55,9739.47,47.67697672,-122.24388603,E,0.5412,3011.73,9804.7,47.67697672,-122.24388603
1709965,2026-05-31T10:03:13,148.33,0.701,F,3108.97,9738.83,47.67697241,-122.24388209,E,0.5226,3012.02,9804.22,47.67697241,-122.24388209
1711033,2026-05-31T10:03:14,148.99,0.687,F,3109.32,9738.2,47.6769682,-122.24387833,E,0.5122,3012.31,9803.75,47.6769682,-122.24387833
1712112,2026-05-31T10:03:15,131.29,0.716,F,3109.81,9737.62,47.67696478,-122.24387257,E,0.5338,3012.74,9803.37,47.67696478,-122.24387257
1713164,2026-05-31T10:03:16,119.6,0.743,F,3110.44,9737.19,47.6769622,-122.24386582,E,0.5539,3013.24,9803.08,47.6769622,-122.24386582
1714234,2026-05-31T10:03:17,115.57,0.758,F,3111.15,9736.83,47.67695985,-122.24385856,E,0.5651,3013.79,9802.82,47.67695985,-122.24385856
1715304,2026-05-31T10:03:18,105.77,0.769,F,3111.91,9736.57,47.67695836,-122.24385069,E,0.5733,3014.38,9802.66,47.67695836,-122.24385069
1716392,2026-05-31T10:03:19,99.78,0.757,F,3112.73,9736.4,47.67695742,-122.24384263,E,0.5643,3014.99,9802.55,47.67695742,-122.24384263
1717470,2026-05-31T10:03:20,99.02,0.779,F,3113.54,9736.29,47.67695654,-122.2438344,E,0.5807,3015.6,9802.45,47.67695654,-122.2438344
1718557,2026-05-31T10:03:21,97.52,0.765,F,3114.37,9736.18,47.67695581,-122.24382621,E,0.5703,3016.22,9802.37,47.67695581,-122.24382621
1719645,2026-05-31T10:03:23,95.93,0.756,F,3115.18,9736.04,47.67695524,-122.24381809,E,0.5636,3016.83,9802.31,47.67695524,-122.24381809
1720724,2026-05-31T10:03:24,103.8,0.723,F,3115.96,9735.87,47.67695399,-122.24381057,E,0.539,3017.39,9802.17,47.67695399,-122.24381057
1721803,2026-05-31T10:03:25,113.97,0.771,F,3116.71,9735.61,47.67695173,-122.24380302,E,0.5748,3017.96,9801.92,47.67695173,-122.24380302
1722865,2026-05-31T10:03:26,114.37,0.779,F,3117.46,9735.29,47.67694944,-122.24379554,E,0.5807,3018.52,9801.66,47.67694944,-122.24379554
1723944,2026-05-31T10:03:27,116.89,0.795,F,3118.23,9734.92,47.67694685,-122.24378794,E,0.5927,3019.09,9801.37,47.67694685,-122.24378794
1725023,2026-05-31T10:03:28,108.9,0.803,F,3119.02,9734.58,47.67694497,-122.2437798,E,0.5986,3019.7,9801.17,47.67694497,-122.2437798
1726092,2026-05-31T10:03:29,118.8,0.811,F,3119.81,9734.21,47.67694217,-122.24377226,E,0.6046,3020.27,9800.85,47.67694217,-122.24377226
1727172,2026-05-31T10:03:30,113.65,0.802,F,3120.59,9733.83,47.67693984,-122.24376438,E,0.5979,3020.86,9800.6,47.67693984,-122.24376438
1728258,2026-05-31T10:03:31,116.71,0.702,F,3121.32,9733.51,47.67693755,-122.24375762,E,0.5233,3021.37,9800.34,47.67693755,-122.24375762
1729336,2026-05-31T10:03:32,124.91,0.729,F,3121.97,9733.11,47.67693454,-122.24375122,E,0.5435,3021.85,9800,47.67693454,-122.24375122
1730414,2026-05-31T10:03:33,130.84,0.745,F,3122.61,9732.65,47.67693102,-122.24374518,E,0.5554,3022.3,9799.61,47.67693102,-122.24374518
1731493,2026-05-31T10:03:34,135.85,0.757,F,3123.18,9732.08,47.67692709,-122.24373953,E,0.5643,3022.73,9799.18,47.67692709,-122.24373953
1732580,2026-05-31T10:03:35,136.23,0.735,F,3123.73,9731.47,47.67692323,-122.24373405,E,0.5479,3023.14,9798.75,47.67692323,-122.24373405
1733651,2026-05-31T10:03:37,133.98,0.764,F,3124.3,9730.93,47.67691942,-122.2437282,E,0.5696,3023.58,9798.32,47.67691942,-122.2437282
1734712,2026-05-31T10:03:38,129.36,0.814,F,3124.93,9730.39,47.67691576,-122.24372157,E,0.6068,3024.07,9797.91,47.67691576,-122.24372157
1735784,2026-05-31T10:03:39,131.67,0.807,F,3125.6,9729.85,47.6769119,-122.24371515,E,0.6016,3024.56,9797.49,47.6769119,-122.24371515
1736854,2026-05-31T10:03:40,141.36,0.801,F,3126.18,9729.23,47.67690742,-122.24370984,E,0.5971,3024.96,9796.99,47.67690742,-122.24370984
1737934,2026-05-31T10:03:41,144.14,0.78,F,3126.7,9728.56,47.67690285,-122.24370494,E,0.5815,3025.32,9796.48,47.67690285,-122.24370494
1739006,2026-05-31T10:03:42,137.36,0.798,F,3127.22,9727.91,47.67689864,-122.24369918,E,0.5949,3025.76,9796.01,47.67689864,-122.24369918
1740085,2026-05-31T10:03:43,128.34,0.823,F,3127.86,9727.33,47.67689495,-122.24369227,E,0.6135,3026.27,9795.6,47.67689495,-122.24369227
1741150,2026-05-31T10:03:44,124.15,0.83,F,3128.58,9726.82,47.67689162,-122.24368501,E,0.6188,3026.82,9795.23,47.67689162,-122.24368501
1742228,2026-05-31T10:03:45,124.41,0.859,F,3129.32,9726.29,47.67688812,-122.24367742,E,0.6404,3027.39,9794.84,47.67688812,-122.24367742
1743289,2026-05-31T10:03:46,118.46,0.855,F,3130.1,9725.83,47.67688522,-122.2436695,E,0.6374,3027.98,9794.52,47.67688522,-122.2436695
1744359,2026-05-31T10:03:47,118.94,0.861,F,3130.91,9725.4,47.67688224,-122.24366149,E,0.6419,3028.59,9794.18,47.67688224,-122.24366149
1745429,2026-05-31T10:03:48,115.49,0.881,F,3131.74,9724.98,47.67687952,-122.24365305,E,0.6568,3029.22,9793.88,47.67687952,-122.24365305
1746508,2026-05-31T10:03:49,115.95,0.877,F,3132.6,9724.57,47.67687675,-122.2436446,E,0.6538,3029.85,9793.57,47.67687675,-122.2436446
1747586,2026-05-31T10:03:50,121.29,0.876,F,3133.43,9724.11,47.67687346,-122.24363658,E,0.6531,3030.46,9793.21,47.67687346,-122.24363658
1748663,2026-05-31T10:03:52,116.18,0.862,F,3134.24,9723.64,47.67687072,-122.24362831,E,0.6426,3031.08,9792.9,47.67687072,-122.24362831
1749733,2026-05-31T10:03:53,110.89,0.856,F,3135.08,9723.28,47.67686853,-122.24361981,E,0.6381,3031.71,9792.66,47.67686853,-122.24361981
1750803,2026-05-31T10:03:54,113.2,0.837,F,3135.91,9722.96,47.67686617,-122.24361164,E,0.624,3032.33,9792.39,47.67686617,-122.24361164
1751874,2026-05-31T10:03:55,111.57,0.823,F,3136.73,9722.63,47.676864,-122.2436035,E,0.6135,3032.94,9792.15,47.676864,-122.2436035
1752953,2026-05-31T10:03:56,107.25,0.809,F,3137.57,9722.33,47.67686227,-122.24359522,E,0.6031,3033.56,9791.96,47.67686227,-122.24359522
1754032,2026-05-31T10:03:57,106.46,0.803,F,3138.39,9722.11,47.67686062,-122.24358697,E,0.5986,3034.18,9791.78,47.67686062,-122.24358697
1755111,2026-05-31T10:03:58,106.24,0.799,F,3139.22,9721.9,47.67685901,-122.24357875,E,0.5957,3034.8,9791.6,47.67685901,-122.24357875
1756172,2026-05-31T10:03:59,139.4,0.706,F,3139.91,9721.48,47.6768552,-122.24357391,E,0.5263,3035.16,9791.17,47.6768552,-122.24357391
1757242,2026-05-31T10:04:00,149.04,0.575,F,3140.29,9720.9,47.67685167,-122.24357077,E,0.4287,3035.4,9790.78,47.67685167,-122.24357077
1758349,2026-05-31T10:04:01,153.59,0.398,F,3140.55,9720.43,47.67684902,-122.24356883,E,0.2967,3035.54,9790.49,47.67684902,-122.24356883
1759428,2026-05-31T10:04:02,139.27,0.367,F,3140.75,9720.1,47.67684701,-122.24356626,E,0.2736,3035.74,9790.26,47.67684701,-122.24356626
1760490,2026-05-31T10:04:03,138.58,0.454,F,3141.05,9719.79,47.67684459,-122.24356309,E,0.3385,3035.97,9789.99,47.67684459,-122.24356309
1761543,2026-05-31T10:04:04,137.12,0.528,F,3141.39,9719.39,47.67684186,-122.24355934,E,0.3936,3036.26,9789.69,47.67684186,-122.24355934
1762597,2026-05-31T10:04:05,130.08,0.595,F,3141.83,9718.98,47.67683916,-122.24355457,E,0.4436,3036.61,9789.39,47.67683916,-122.24355457
1763685,2026-05-31T10:04:07,123.58,0.665,F,3142.39,9718.57,47.67683648,-122.24354859,E,0.4958,3037.06,9789.09,47.67683648,-122.24354859
1764748,2026-05-31T10:04:08,121.24,0.734,F,3143.01,9718.16,47.67683377,-122.24354196,E,0.5472,3037.56,9788.79,47.67683377,-122.24354196
1765828,2026-05-31T10:04:09,127.78,0.805,F,3143.68,9717.67,47.6768302,-122.24353514,E,0.6001,3038.07,9788.39,47.6768302,-122.24353514
1766895,2026-05-31T10:04:10,122.84,0.896,F,3144.43,9717.14,47.67682673,-122.24352716,E,0.668,3038.67,9788,47.67682673,-122.24352716
1767965,2026-05-31T10:04:11,118.34,0.946,F,3145.28,9716.63,47.67682351,-122.24351832,E,0.7052,3039.34,9787.65,47.67682351,-122.24351832
1769027,2026-05-31T10:04:12,115.04,0.984,F,3146.2,9716.16,47.67682055,-122.24350892,E,0.7336,3040.04,9787.32,47.67682055,-122.24350892
1770115,2026-05-31T10:04:13,112.25,1.005,F,3147.19,9715.73,47.67681778,-122.24349887,E,0.7492,3040.8,9787.01,47.67681778,-122.24349887
1771189,2026-05-31T10:04:14,118.68,1.021,F,3148.18,9715.28,47.67681425,-122.24348931,E,0.7612,3041.51,9786.61,47.67681425,-122.24348931
1772258,2026-05-31T10:04:15,120.1,1.006,F,3149.12,9714.75,47.67681064,-122.24348008,E,0.75,3042.21,9786.21,47.67681064,-122.24348008
1773321,2026-05-31T10:04:16,123.83,1.013,F,3150.03,9714.17,47.67680663,-122.24347119,E,0.7552,3042.87,9785.77,47.67680663,-122.24347119
1774382,2026-05-31T10:04:17,123.78,1.004,F,3150.91,9713.56,47.67680266,-122.2434624,E,0.7485,3043.53,9785.32,47.67680266,-122.2434624
1775461,2026-05-31T10:04:18,124.55,1.006,F,3151.81,9712.93,47.67679854,-122.24345353,E,0.75,3044.2,9784.87,47.67679854,-122.24345353
1776539,2026-05-31T10:04:19,121.69,1.007,F,3152.72,9712.34,47.67679472,-122.24344435,E,0.7507,3044.89,9784.44,47.67679472,-122.24344435
1777600,2026-05-31T10:04:20,125.33,1.001,F,3153.59,9711.73,47.67679061,-122.24343575,E,0.7462,3045.53,9783.98,47.67679061,-122.24343575
1778688,2026-05-31T10:04:22,123.96,1.028,F,3154.51,9711.09,47.67678642,-122.24342654,E,0.7664,3046.23,9783.52,47.67678642,-122.24342654
1779774,2026-05-31T10:04:23,123.56,1.034,F,3155.44,9710.46,47.67678227,-122.24341725,E,0.7708,3046.92,9783.05,47.67678227,-122.24341725
1780843,2026-05-31T10:04:24,130.66,1.031,F,3156.32,9709.79,47.67677746,-122.24340895,E,0.7686,3047.55,9782.52,47.67677746,-122.24340895
1781914,2026-05-31T10:04:25,127.64,1.002,F,3157.15,9709.1,47.67677307,-122.24340051,E,0.747,3048.18,9782.03,47.67677307,-122.24340051
1782993,2026-05-31T10:04:26,124.08,0.993,F,3158.02,9708.47,47.67676905,-122.2433917,E,0.7403,3048.84,9781.58,47.67676905,-122.2433917
1784071,2026-05-31T10:04:27,111.9,0.97,F,3158.94,9707.95,47.67676643,-122.24338206,E,0.7231,3049.56,9781.29,47.67676643,-122.24338206
1785149,2026-05-31T10:04:28,108.73,0.969,F,3159.92,9707.56,47.67676419,-122.24337224,E,0.7224,3050.3,9781.04,47.67676419,-122.24337224
1786219,2026-05-31T10:04:29,109.23,0.93,F,3160.87,9707.24,47.67676199,-122.24336291,E,0.6933,3051,9780.8,47.67676199,-122.24336291
1787298,2026-05-31T10:04:30,111.03,0.914,F,3161.8,9706.91,47.67675962,-122.24335377,E,0.6814,3051.69,9780.53,47.67675962,-122.24335377
1788384,2026-05-31T10:04:31,112.6,0.887,F,3162.7,9706.52,47.67675714,-122.24334494,E,0.6613,3052.35,9780.26,47.67675714,-122.24334494
1789463,2026-05-31T10:04:32,105.67,0.871,F,3163.59,9706.21,47.67675544,-122.24333595,E,0.6493,3053.03,9780.07,47.67675544,-122.24333595
1790542,2026-05-31T10:04:33,121.95,0.841,F,3164.46,9705.87,47.67675223,-122.24332831,E,0.627,3053.6,9779.71,47.67675223,-122.24332831
1791611,2026-05-31T10:04:34,129.92,0.825,F,3165.17,9705.35,47.67674844,-122.24332159,E,0.615,3054.11,9779.29,47.67674844,-122.24332159
1792690,2026-05-31T10:04:36,133,0.828,F,3165.83,9704.77,47.67674436,-122.2433151,E,0.6173,3054.59,9778.83,47.67674436,-122.2433151
1793761,2026-05-31T10:04:37,131.66,0.858,F,3166.49,9704.15,47.67674027,-122.24330829,E,0.6396,3055.1,9778.38,47.67674027,-122.24330829
1794832,2026-05-31T10:04:38,125.58,0.879,F,3167.22,9703.56,47.6767366,-122.24330068,E,0.6553,3055.67,9777.97,47.6767366,-122.24330068
1795904,2026-05-31T10:04:39,118.16,0.879,F,3168.02,9703.08,47.67673362,-122.24329244,E,0.6553,3056.29,9777.64,47.67673362,-122.24329244
1796976,2026-05-31T10:04:40,115.55,0.878,F,3168.87,9702.66,47.6767309,-122.243284,E,0.6545,3056.93,9777.34,47.6767309,-122.243284
1798046,2026-05-31T10:04:41,117.68,0.85,F,3169.7,9702.25,47.67672807,-122.24327601,E,0.6337,3057.53,9777.02,47.67672807,-122.24327601
1799126,2026-05-31T10:04:42,132.15,0.813,F,3170.44,9701.72,47.67672413,-122.24326954,E,0.6061,3058.01,9776.58,47.67672413,-122.24326954
1800198,2026-05-31T10:04:43,129.87,0.806,F,3171.08,9701.14,47.67672042,-122.24326296,E,0.6009,3058.51,9776.17,47.67672042,-122.24326296
1801273,2026-05-31T10:04:44,127.44,0.788,F,3171.75,9700.62,47.67671697,-122.24325628,E,0.5875,3059.01,9775.78,47.67671697,-122.24325628
1802343,2026-05-31T10:04:45,120.95,0.803,F,3172.45,9700.14,47.67671401,-122.24324896,E,0.5986,3059.56,9775.46,47.67671401,-122.24324896
1803421,2026-05-31T10:04:46,121.57,0.796,F,3173.21,9699.72,47.676711,-122.2432417,E,0.5934,3060.1,9775.12,47.676711,-122.2432417
1804500,2026-05-31T10:04:47,120.45,0.792,F,3173.94,9699.28,47.6767081,-122.24323439,E,0.5904,3060.65,9774.8,47.6767081,-122.24323439
1805570,2026-05-31T10:04:48,119.49,0.791,F,3174.69,9698.87,47.67670531,-122.24322707,E,0.5897,3061.2,9774.49,47.67670531,-122.24322707
1806649,2026-05-31T10:04:50,118.16,0.815,F,3175.45,9698.45,47.67670253,-122.24321937,E,0.6076,3061.78,9774.18,47.67670253,-122.24321937
1807728,2026-05-31T10:04:51,121.13,0.832,F,3176.23,9698.03,47.67669942,-122.24321174,E,0.6203,3062.35,9773.83,47.67669942,-122.24321174
1808816,2026-05-31T10:04:52,119.98,0.856,F,3177.03,9697.58,47.67669631,-122.24320373,E,0.6381,3062.95,9773.48,47.67669631,-122.24320373
1809896,2026-05-31T10:04:53,120.93,0.834,F,3177.81,9697.14,47.67669321,-122.24319606,E,0.6217,3063.53,9773.14,47.67669321,-122.24319606
1810976,2026-05-31T10:04:54,124.91,0.847,F,3178.57,9696.66,47.6766897,-122.24318861,E,0.6314,3064.09,9772.75,47.6766897,-122.24318861
1812056,2026-05-31T10:04:55,121.49,0.842,F,3179.34,9696.16,47.67668652,-122.24318091,E,0.6277,3064.67,9772.4,47.67668652,-122.24318091
1813126,2026-05-31T10:04:56,121.89,0.841,F,3180.1,9695.68,47.67668334,-122.24317333,E,0.627,3065.24,9772.04,47.67668334,-122.24317333
1814206,2026-05-31T10:04:57,117.56,0.853,F,3180.89,9695.25,47.67668048,-122.24316522,E,0.6359,3065.85,9771.72,47.67668048,-122.24316522
1815286,2026-05-31T10:04:58,113.34,0.858,F,3181.72,9694.83,47.67667802,-122.24315677,E,0.6396,3066.48,9771.45,47.67667802,-122.24315677
1816368,2026-05-31T10:04:59,106.64,0.875,F,3182.62,9694.56,47.67667621,-122.24314776,E,0.6523,3067.16,9771.25,47.67667621,-122.24314776
1817448,2026-05-31T10:05:00,110.05,0.875,F,3183.51,9694.24,47.67667404,-122.24313895,E,0.6523,3067.82,9771.01,47.67667404,-122.24313895
1818452,2026-05-31T10:05:01,110.91,0.852,F,3184.32,9693.95,47.67667199,-122.24313101,E,0.6352,3068.41,9770.78,47.67667199,-122.24313101
1819532,2026-05-31T10:05:02,104.84,0.829,F,3185.19,9693.67,47.67667046,-122.24312242,E,0.618,3069.06,9770.61,47.67667046,-122.24312242
1820611,2026-05-31T10:05:03,106.72,0.815,F,3186.04,9693.45,47.67666876,-122.24311406,E,0.6076,3069.69,9770.42,47.67666876,-122.24311406
1821690,2026-05-31T10:05:05,136.69,0.807,F,3186.78,9693.02,47.67666452,-122.24310813,E,0.6016,3070.13,9769.95,47.67666452,-122.24310813
1822760,2026-05-31T10:05:06,143.03,0.831,F,3187.33,9692.34,47.67665976,-122.24310282,E,0.6195,3070.53,9769.42,47.67665976,-122.24310282
1823848,2026-05-31T10:05:07,145.56,0.841,F,3187.86,9691.59,47.67665471,-122.24309768,E,0.627,3070.92,9768.85,47.67665471,-122.24309768
1824930,2026-05-31T10:05:08,145.6,0.865,F,3188.36,9690.84,47.67664954,-122.24309243,E,0.6449,3071.31,9768.28,47.67664954,-122.24309243
1826000,2026-05-31T10:05:09,125.46,0.857,F,3188.99,9690.18,47.67664597,-122.24308501,E,0.6389,3071.87,9767.88,47.67664597,-122.24308501
1827090,2026-05-31T10:05:10,112.72,0.848,F,3189.8,9689.75,47.67664358,-122.24307655,E,0.6322,3072.5,9767.62,47.67664358,-122.24307655
1828161,2026-05-31T10:05:11,106.04,0.861,F,3190.66,9689.45,47.67664188,-122.24306775,E,0.6419,3073.16,9767.43,47.67664188,-122.24306775
1829233,2026-05-31T10:05:12,113.11,0.853,F,3191.52,9689.15,47.67663947,-122.24305939,E,0.6359,3073.79,9767.16,47.67663947,-122.24305939
1830287,2026-05-31T10:05:13,119.81,0.836,F,3192.31,9688.74,47.67663654,-122.2430518,E,0.6232,3074.36,9766.83,47.67663654,-122.2430518
1831373,2026-05-31T10:05:14,120.4,0.845,F,3193.11,9688.3,47.67663343,-122.24304394,E,0.6299,3074.95,9766.49,47.67663343,-122.24304394
1832452,2026-05-31T10:05:15,119.56,0.839,F,3193.9,9687.86,47.67663044,-122.24303613,E,0.6255,3075.54,9766.15,47.67663044,-122.24303613
1833541,2026-05-31T10:05:16,119.34,0.846,F,3194.69,9687.42,47.67662742,-122.24302815,E,0.6307,3076.14,9765.82,47.67662742,-122.24302815
1834620,2026-05-31T10:05:17,120.18,0.855,F,3195.49,9686.99,47.67662431,-122.24302023,E,0.6374,3076.73,9765.47,47.67662431,-122.24302023
1835697,2026-05-31T10:05:19,123.23,0.848,F,3196.26,9686.5,47.67662096,-122.24301265,E,0.6322,3077.3,9765.1,47.67662096,-122.24301265
1836767,2026-05-31T10:05:20,122.57,0.845,F,3197.02,9685.99,47.6766177,-122.24300508,E,0.6299,3077.87,9764.73,47.6766177,-122.24300508
1837839,2026-05-31T10:05:21,116.64,0.841,F,3197.8,9685.54,47.67661499,-122.24299708,E,0.627,3078.47,9764.43,47.67661499,-122.24299708
1838917,2026-05-31T10:05:22,116.42,0.839,F,3198.61,9685.13,47.6766123,-122.24298904,E,0.6255,3079.07,9764.13,47.6766123,-122.24298904
1839989,2026-05-31T10:05:23,110.25,0.838,F,3199.43,9684.75,47.67661021,-122.24298067,E,0.6247,3079.7,9763.9,47.67661021,-122.24298067
1841033,2026-05-31T10:05:24,106.11,0.842,F,3200.27,9684.47,47.67660858,-122.24297228,E,0.6277,3080.33,9763.72,47.67660858,-122.24297228
1842103,2026-05-31T10:05:25,103.93,0.851,F,3201.16,9684.25,47.67660711,-122.24296351,E,0.6344,3080.99,9763.56,47.67660711,-122.24296351
1843173,2026-05-31T10:05:26,106.19,0.859,F,3202.05,9684.04,47.6766054,-122.24295474,E,0.6404,3081.65,9763.36,47.6766054,-122.24295474
1844252,2026-05-31T10:05:27,103.89,0.864,F,3202.95,9683.82,47.6766039,-122.24294576,E,0.6441,3082.32,9763.2,47.6766039,-122.24294576
1845322,2026-05-31T10:05:28,110.06,0.868,F,3203.85,9683.57,47.67660176,-122.24293709,E,0.6471,3082.97,9762.96,47.67660176,-122.24293709
1846392,2026-05-31T10:05:29,109.68,0.829,F,3204.7,9683.26,47.67659976,-122.2429288,E,0.618,3083.6,9762.74,47.67659976,-122.2429288
1847462,2026-05-31T10:05:30,109.18,0.788,F,3205.52,9682.95,47.67659791,-122.24292089,E,0.5875,3084.19,9762.53,47.67659791,-122.24292089
1848563,2026-05-31T10:05:31,110.67,0.797,F,3206.33,9682.64,47.67659583,-122.24291274,E,0.5942,3084.8,9762.3,47.67659583,-122.24291274
1849642,2026-05-31T10:05:33,110.06,0.819,F,3207.16,9682.33,47.6765938,-122.2429045,E,0.6106,3085.42,9762.07,47.6765938,-122.2429045
1850721,2026-05-31T10:05:34,112.57,0.822,F,3207.98,9682.01,47.67659152,-122.24289636,E,0.6128,3086.03,9761.82,47.67659152,-122.24289636
1851793,2026-05-31T10:05:35,113.37,0.749,F,3208.78,9681.7,47.67658939,-122.24288905,E,0.5584,3086.58,9761.58,47.67658939,-122.24288905
1852872,2026-05-31T10:05:36,110.59,0.563,F,3209.44,9681.45,47.67658796,-122.2428834,E,0.4197,3087,9761.42,47.67658796,-122.2428834
1853958,2026-05-31T10:05:37,109.47,0.404,F,3209.93,9681.25,47.67658698,-122.24287929,E,0.3012,3087.31,9761.31,47.67658698,-122.24287929
1855036,2026-05-31T10:05:38,108.05,0.48,F,3210.38,9681.13,47.67658591,-122.24287441,E,0.3578,3087.68,9761.2,47.67658591,-122.24287441
1856106,2026-05-31T10:05:39,104.13,0.589,F,3210.93,9681.01,47.67658488,-122.24286834,E,0.4391,3088.13,9761.08,47.67658488,-122.24286834
1857185,2026-05-31T10:05:40,104.19,0.69,F,3211.59,9680.81,47.67658366,-122.24286117,E,0.5144,3088.67,9760.94,47.67658366,-122.24286117
1858263,2026-05-31T10:05:41,107.86,0.785,F,3212.37,9680.6,47.67658192,-122.24285317,E,0.5852,3089.27,9760.75,47.67658192,-122.24285317
1859333,2026-05-31T10:05:42,114.99,0.854,F,3213.2,9680.3,47.67657933,-122.24284495,E,0.6367,3089.89,9760.46,47.67657933,-122.24284495
1860407,2026-05-31T10:05:43,118.41,0.915,F,3214.05,9679.85,47.6765762,-122.24283637,E,0.6821,3090.54,9760.11,47.6765762,-122.24283637
1861485,2026-05-31T10:05:44,117.82,0.986,F,3214.95,9679.34,47.67657288,-122.24282703,E,0.7351,3091.24,9759.74,47.67657288,-122.24282703
1862564,2026-05-31T10:05:45,115.58,1.022,F,3215.92,9678.86,47.67656969,-122.24281716,E,0.7619,3091.98,9759.39,47.67656969,-122.24281716
1863643,2026-05-31T10:05:47,118.05,1.019,F,3216.9,9678.34,47.67656623,-122.24280752,E,0.7597,3092.7,9759,47.67656623,-122.24280752
1864715,2026-05-31T10:05:48,114.42,1.046,F,3217.9,9677.85,47.67656312,-122.24279738,E,0.7798,3093.46,9758.66,47.67656312,-122.24279738
1865794,2026-05-31T10:05:49,112.63,1.077,F,3218.95,9677.41,47.67656013,-122.24278673,E,0.8029,3094.26,9758.33,47.67656013,-122.24278673
1866855,2026-05-31T10:05:50,110.8,1.064,F,3220.01,9677,47.67655744,-122.24277625,E,0.7932,3095.05,9758.03,47.67655744,-122.24277625
1867934,2026-05-31T10:05:51,112,1.032,F,3221.07,9676.58,47.67655465,-122.242766,E,0.7694,3095.82,9757.72,47.67655465,-122.242766
1869021,2026-05-31T10:05:52,117.29,1.066,F,3222.09,9676.08,47.67655109,-122.24275578,E,0.7947,3096.59,9757.32,47.67655109,-122.24275578
1870109,2026-05-31T10:05:53,117.04,1.06,F,3223.13,9675.55,47.67654758,-122.24274558,E,0.7902,3097.35,9756.93,47.67654758,-122.24274558
1871187,2026-05-31T10:05:54,112.01,1.061,F,3224.17,9675.12,47.67654471,-122.24273505,E,0.791,3098.14,9756.61,47.67654471,-122.24273505
1872266,2026-05-31T10:05:55,114.19,1.061,F,3225.23,9674.69,47.67654157,-122.24272468,E,0.791,3098.92,9756.26,47.67654157,-122.24272468
1873345,2026-05-31T10:05:56,121.08,1.06,F,3226.25,9674.16,47.67653762,-122.24271495,E,0.7902,3099.65,9755.82,47.67653762,-122.24271495
1874406,2026-05-31T10:05:57,121.12,1.046,F,3227.21,9673.55,47.67653377,-122.24270552,E,0.7798,3100.36,9755.39,47.67653377,-122.24270552
1875476,2026-05-31T10:05:58,115.38,1.025,F,3228.18,9673.03,47.67653063,-122.24269568,E,0.7641,3101.1,9755.04,47.67653063,-122.24269568
1876564,2026-05-31T10:05:59,110.11,0.993,F,3229.19,9672.61,47.67652814,-122.24268561,E,0.7403,3101.85,9754.76,47.67652814,-122.24268561
1877625,2026-05-31T10:06:01,110.54,0.962,F,3230.17,9672.29,47.67652574,-122.24267612,E,0.7172,3102.57,9754.5,47.67652574,-122.24267612
1878708,2026-05-31T10:06:02,108.99,0.952,F,3231.13,9671.96,47.67652349,-122.24266643,E,0.7097,3103.29,9754.25,47.67652349,-122.24266643
1879787,2026-05-31T10:06:03,110.7,0.943,F,3232.09,9671.63,47.67652108,-122.24265698,E,0.703,3104,9753.98,47.67652108,-122.24265698
1880857,2026-05-31T10:06:04,109.32,0.926,F,3233.02,9671.3,47.67651889,-122.2426477,E,0.6903,3104.7,9753.73,47.67651889,-122.2426477
1881929,2026-05-31T10:06:05,115.47,0.925,F,3233.96,9670.97,47.67651603,-122.24263881,E,0.6896,3105.37,9753.42,47.67651603,-122.24263881
1882992,2026-05-31T10:06:06,120.88,0.9,F,3234.8,9670.48,47.67651275,-122.24263066,E,0.671,3105.98,9753.05,47.67651275,-122.24263066
1884070,2026-05-31T10:06:07,119.4,0.878,F,3235.64,9670.02,47.67650963,-122.24262247,E,0.6545,3106.59,9752.7,47.67650963,-122.24262247
1885158,2026-05-31T10:06:08,121.23,0.86,F,3236.45,9669.5,47.67650638,-122.24261453,E,0.6411,3107.19,9752.34,47.67650638,-122.24261453
1886236,2026-05-31T10:06:09,119.62,0.864,F,3237.25,9669.04,47.6765033,-122.24260649,E,0.6441,3107.79,9752,47.6765033,-122.24260649
1887306,2026-05-31T10:06:10,118.18,0.857,F,3238.05,9668.61,47.6765004,-122.24259846,E,0.6389,3108.4,9751.68,47.6765004,-122.24259846
1888385,2026-05-31T10:06:11,118.39,0.865,F,3238.87,9668.19,47.67649743,-122.24259031,E,0.6449,3109.01,9751.35,47.67649743,-122.24259031
1889463,2026-05-31T10:06:12,122.15,0.867,F,3239.68,9667.71,47.6764941,-122.24258245,E,0.6463,3109.6,9750.98,47.6764941,-122.24258245
1890528,2026-05-31T10:06:13,123.24,0.886,F,3240.46,9667.2,47.67649064,-122.24257461,E,0.6605,3110.19,9750.59,47.67649064,-122.24257461
1891607,2026-05-31T10:06:14,123.03,0.883,F,3241.26,9666.68,47.67648716,-122.24256668,E,0.6583,3110.78,9750.2,47.67648716,-122.24256668
1892677,2026-05-31T10:06:16,122.06,0.885,F,3242.04,9666.16,47.67648379,-122.24255871,E,0.6598,3111.38,9749.83,47.67648379,-122.24255871
1893757,2026-05-31T10:06:17,120.2,0.868,F,3242.85,9665.65,47.67648063,-122.24255067,E,0.6471,3111.99,9749.48,47.67648063,-122.24255067
1894845,2026-05-31T10:06:18,119.47,0.853,F,3243.67,9665.21,47.67647758,-122.24254264,E,0.6359,3112.59,9749.14,47.67647758,-122.24254264
1895914,2026-05-31T10:06:19,119.86,0.876,F,3244.48,9664.78,47.67647445,-122.24253458,E,0.6531,3113.19,9748.79,47.67647445,-122.24253458
1896985,2026-05-31T10:06:20,122.16,0.863,F,3245.27,9664.29,47.67647116,-122.24252681,E,0.6434,3113.78,9748.42,47.67647116,-122.24252681
1898074,2026-05-31T10:06:21,119.51,0.877,F,3246.09,9663.81,47.67646801,-122.24251856,E,0.6538,3114.4,9748.07,47.67646801,-122.24251856
1899160,2026-05-31T10:06:22,119.55,0.889,F,3246.93,9663.36,47.67646482,-122.24251022,E,0.6627,3115.02,9747.72,47.67646482,-122.24251022
1900239,2026-05-31T10:06:23,118.42,0.9,F,3247.77,9662.92,47.67646172,-122.24250174,E,0.671,3115.66,9747.37,47.67646172,-122.24250174
1901311,2026-05-31T10:06:24,120.62,0.91,F,3248.6,9662.42,47.6764584,-122.2424934,E,0.6784,3116.28,9747,47.6764584,-122.2424934
1902390,2026-05-31T10:06:25,120.5,0.914,F,3249.45,9661.92,47.67645505,-122.24248496,E,0.6814,3116.92,9746.63,47.67645505,-122.24248496
1903463,2026-05-31T10:06:26,122.52,0.919,F,3250.28,9661.4,47.67645149,-122.24247671,E,0.6851,3117.54,9746.23,47.67645149,-122.24247671
1904526,2026-05-31T10:06:27,118.14,0.909,F,3251.12,9660.89,47.67644844,-122.24246825,E,0.6777,3118.17,9745.89,47.67644844,-122.24246825
1905589,2026-05-31T10:06:28,113.46,0.916,F,3252,9660.48,47.67644585,-122.24245938,E,0.6829,3118.84,9745.6,47.67644585,-122.24245938
1906678,2026-05-31T10:06:30,114.88,0.929,F,3252.92,9660.06,47.676443,-122.24245027,E,0.6926,3119.52,9745.29,47.676443,-122.24245027
1907756,2026-05-31T10:06:31,112.77,0.913,F,3253.83,9659.65,47.67644045,-122.24244125,E,0.6806,3120.2,9745,47.67644045,-122.24244125
1908847,2026-05-31T10:06:32,116.54,0.925,F,3254.75,9659.23,47.67643743,-122.24243229,E,0.6896,3120.87,9744.67,47.67643743,-122.24243229
1909918,2026-05-31T10:06:33,119.82,0.927,F,3255.61,9658.73,47.67643412,-122.24242374,E,0.6911,3121.52,9744.3,47.67643412,-122.24242374
1910990,2026-05-31T10:06:34,120.8,0.927,F,3256.47,9658.21,47.67643071,-122.24241526,E,0.6911,3122.15,9743.92,47.67643071,-122.24241526
1912060,2026-05-31T10:06:35,121.23,0.925,F,3257.32,9657.7,47.67642728,-122.24240686,E,0.6896,3122.78,9743.54,47.67642728,-122.24240686
1913147,2026-05-31T10:06:36,121.41,0.935,F,3258.18,9657.17,47.67642373,-122.24239825,E,0.697,3123.43,9743.14,47.67642373,-122.24239825
1914226,2026-05-31T10:06:37,134.78,0.932,F,3258.98,9656.57,47.67641898,-122.24239116,E,0.6948,3123.96,9742.61,47.67641898,-122.24239116
1915305,2026-05-31T10:06:38,127.2,0.94,F,3259.73,9655.88,47.67641488,-122.24238314,E,0.7008,3124.56,9742.16,47.67641488,-122.24238314
1916374,2026-05-31T10:06:39,111.61,0.91,F,3260.59,9655.41,47.67641248,-122.24237415,E,0.6784,3125.24,9741.89,47.67641248,-122.24237415
1917444,2026-05-31T10:06:40,110.45,0.889,F,3261.48,9655.08,47.67641025,-122.2423653,E,0.6627,3125.9,9741.64,47.67641025,-122.2423653
1918523,2026-05-31T10:06:41,110.48,0.914,F,3262.39,9654.76,47.67640794,-122.24235613,E,0.6814,3126.59,9741.38,47.67640794,-122.24235613
1919602,2026-05-31T10:06:42,109.99,0.917,F,3263.32,9654.44,47.67640568,-122.2423469,E,0.6836,3127.28,9741.13,47.67640568,-122.2423469
1920677,2026-05-31T10:06:44,114.6,0.92,F,3264.23,9654.06,47.67640292,-122.24233797,E,0.6859,3127.95,9740.82,47.67640292,-122.24233797
1921738,2026-05-31T10:06:45,118.47,0.924,F,3265.1,9653.6,47.67639979,-122.24232941,E,0.6888,3128.6,9740.48,47.67639979,-122.24232941
1922810,2026-05-31T10:06:46,125.96,0.925,F,3265.94,9653.08,47.67639589,-122.24232144,E,0.6896,3129.2,9740.04,47.67639589,-122.24232144
1923889,2026-05-31T10:06:47,122.1,0.909,F,3266.76,9652.52,47.6763924,-122.24231319,E,0.6777,3129.81,9739.65,47.6763924,-122.24231319
1924969,2026-05-31T10:06:48,116.58,0.912,F,3267.62,9652.03,47.67638945,-122.24230445,E,0.6799,3130.47,9739.33,47.67638945,-122.24230445
1926048,2026-05-31T10:06:49,117.48,0.915,F,3268.49,9651.6,47.6763864,-122.24229575,E,0.6821,3131.12,9738.99,47.6763864,-122.24229575
1927128,2026-05-31T10:06:50,117.81,0.902,F,3269.36,9651.16,47.67638335,-122.24228719,E,0.6724,3131.77,9738.65,47.67638335,-122.24228719
1928197,2026-05-31T10:06:51,116.57,0.909,F,3270.23,9650.73,47.67638044,-122.24227856,E,0.6777,3132.41,9738.32,47.67638044,-122.24227856
1929268,2026-05-31T10:06:52,117.31,0.9,F,3271.1,9650.3,47.67637748,-122.24227006,E,0.671,3133.05,9737.99,47.67637748,-122.24227006
1930347,2026-05-31T10:06:53,116.65,0.864,F,3271.94,9649.88,47.67637468,-122.24226179,E,0.6441,3133.67,9737.68,47.67637468,-122.24226179
1931427,2026-05-31T10:06:54,115.86,0.823,F,3272.77,9649.46,47.67637208,-122.24225384,E,0.6135,3134.27,9737.39,47.67637208,-122.24225384
1932497,2026-05-31T10:06:55,114.61,0.812,F,3273.57,9649.12,47.67636966,-122.242246,E,0.6053,3134.86,9737.12,47.67636966,-122.242246
1933576,2026-05-31T10:06:56,115.08,0.816,F,3274.36,9648.72,47.67636716,-122.24223808,E,0.6083,3135.45,9736.84,47.67636716,-122.24223808
1934645,2026-05-31T10:06:58,116.26,0.836,F,3275.16,9648.33,47.67636451,-122.24223012,E,0.6232,3136.05,9736.55,47.67636451,-122.24223012
1935724,2026-05-31T10:06:59,117.51,0.835,F,3275.96,9647.91,47.67636173,-122.24222219,E,0.6225,3136.65,9736.24,47.67636173,-122.24222219
1936794,2026-05-31T10:07:00,116.77,0.822,F,3276.74,9647.5,47.67635907,-122.24221439,E,0.6128,3137.23,9735.94,47.67635907,-122.24221439
1937874,2026-05-31T10:07:01,119.31,0.853,F,3277.53,9647.08,47.67635605,-122.24220642,E,0.6359,3137.83,9735.61,47.67635605,-122.24220642
1938926,2026-05-31T10:07:02,124.4,0.852,F,3278.3,9646.61,47.67635266,-122.24219907,E,0.6352,3138.38,9735.23,47.67635266,-122.24219907
1940005,2026-05-31T10:07:03,123.08,0.858,F,3279.06,9646.08,47.67634928,-122.24219137,E,0.6396,3138.96,9734.85,47.67634928,-122.24219137
1941065,2026-05-31T10:07:04,118.99,0.843,F,3279.82,9645.62,47.67634638,-122.24218361,E,0.6285,3139.54,9734.53,47.67634638,-122.24218361
1942117,2026-05-31T10:07:05,117.53,0.888,F,3280.61,9645.2,47.67634349,-122.24217538,E,0.662,3140.16,9734.21,47.67634349,-122.24217538
1943186,2026-05-31T10:07:06,117.67,0.927,F,3281.48,9644.76,47.67634041,-122.24216667,E,0.6911,3140.82,9733.87,47.67634041,-122.24216667
1944254,2026-05-31T10:07:07,119.15,0.982,F,3282.38,9644.27,47.67633698,-122.24215757,E,0.7321,3141.5,9733.49,47.67633698,-122.24215757
1945315,2026-05-31T10:07:08,118.25,1.013,F,3283.3,9643.75,47.67633358,-122.24214817,E,0.7552,3142.2,9733.11,47.67633358,-122.24214817
1946385,2026-05-31T10:07:09,117.43,1.015,F,3284.27,9643.24,47.67633023,-122.2421386,E,0.7567,3142.92,9732.73,47.67633023,-122.2421386
1947448,2026-05-31T10:07:10,122.58,1.017,F,3285.21,9642.71,47.67632633,-122.24212956,E,0.7582,3143.6,9732.3,47.67632633,-122.24212956
1948528,2026-05-31T10:07:11,125,1.017,F,3286.13,9642.1,47.67632211,-122.24212062,E,0.7582,3144.27,9731.83,47.67632211,-122.24212062
1949580,2026-05-31T10:07:12,124.32,1.024,F,3287,9641.48,47.67631804,-122.24211179,E,0.7634,3144.94,9731.38,47.67631804,-122.24211179
1950636,2026-05-31T10:07:14,121.32,1.013,F,3287.91,9640.91,47.67631432,-122.24210271,E,0.7552,3145.62,9730.96,47.67631432,-122.24210271
1951715,2026-05-31T10:07:15,118.81,1.04,F,3288.87,9640.37,47.6763107,-122.24209295,E,0.7753,3146.35,9730.56,47.6763107,-122.24209295
1952787,2026-05-31T10:07:16,113.32,1.049,F,3289.87,9639.88,47.67630772,-122.2420827,E,0.782,3147.12,9730.23,47.67630772,-122.2420827
1953866,2026-05-31T10:07:17,117.25,1.039,F,3290.89,9639.41,47.67630428,-122.2420728,E,0.7746,3147.86,9729.84,47.67630428,-122.2420728
1954945,2026-05-31T10:07:18,122.41,1.046,F,3291.86,9638.84,47.67630023,-122.24206334,E,0.7798,3148.57,9729.39,47.67630023,-122.24206334
1956025,2026-05-31T10:07:19,117.82,1.037,F,3292.82,9638.27,47.67629673,-122.2420535,E,0.7731,3149.31,9729,47.67629673,-122.2420535
1957077,2026-05-31T10:07:20,110.99,1.037,F,3293.82,9637.83,47.67629411,-122.24204339,E,0.7731,3150.07,9728.71,47.67629411,-122.24204339
1958146,2026-05-31T10:07:21,115.22,1.021,F,3294.82,9637.41,47.67629099,-122.24203359,E,0.7612,3150.81,9728.37,47.67629099,-122.24203359
1959225,2026-05-31T10:07:22,127.46,1.006,F,3295.75,9636.84,47.67628657,-122.24202503,E,0.75,3151.45,9727.87,47.67628657,-122.24202503
1960312,2026-05-31T10:07:23,123.69,1.034,F,3296.65,9636.19,47.6762824,-122.24201574,E,0.7708,3152.15,9727.41,47.6762824,-122.24201574
1961384,2026-05-31T10:07:24,120.38,1.027,F,3297.59,9635.59,47.67627867,-122.24200631,E,0.7656,3152.86,9726.99,47.67627867,-122.24200631
1962464,2026-05-31T10:07:25,116.7,1.035,F,3298.57,9635.06,47.67627531,-122.2419964,E,0.7716,3153.6,9726.62,47.67627531,-122.2419964
1963524,2026-05-31T10:07:26,114.06,1.034,F,3299.56,9634.58,47.67627231,-122.24198646,E,0.7708,3154.35,9726.29,47.67627231,-122.24198646
1964602,2026-05-31T10:07:27,115.05,1.043,F,3300.58,9634.14,47.67626913,-122.24197635,E,0.7776,3155.11,9725.93,47.67626913,-122.24197635
1965650,2026-05-31T10:07:29,120.53,1.042,F,3301.55,9633.64,47.67626541,-122.24196701,E,0.7768,3155.81,9725.52,47.67626541,-122.24196701
1966729,2026-05-31T10:07:30,125.74,1.018,F,3302.49,9633.04,47.67626111,-122.24195815,E,0.7589,3156.47,9725.04,47.67626111,-122.24195815
1967808,2026-05-31T10:07:31,123.55,0.988,F,3303.37,9632.41,47.67625717,-122.24194933,E,0.7366,3157.13,9724.6,47.67625717,-122.24194933
1968887,2026-05-31T10:07:32,120.66,1.01,F,3304.28,9631.85,47.67625345,-122.24194002,E,0.753,3157.83,9724.19,47.67625345,-122.24194002
1969989,2026-05-31T10:07:33,114.01,1.034,F,3305.27,9631.33,47.67625034,-122.24192969,E,0.7708,3158.61,9723.84,47.67625034,-122.24192969
1971051,2026-05-31T10:07:34,115.08,1.047,F,3306.28,9630.89,47.67624718,-122.24191969,E,0.7805,3159.36,9723.49,47.67624718,-122.24191969
1972094,2026-05-31T10:07:35,113.64,1.046,F,3307.27,9630.43,47.67624426,-122.24190976,E,0.7798,3160.1,9723.16,47.67624426,-122.24190976
1973159,2026-05-31T10:07:36,116.16,1.043,F,3308.29,9630,47.67624098,-122.24189986,E,0.7776,3160.85,9722.8,47.67624098,-122.24189986
1974238,2026-05-31T10:07:37,122.48,1.035,F,3309.23,9629.41,47.67623696,-122.24189051,E,0.7716,3161.55,9722.35,47.67623696,-122.24189051
1975301,2026-05-31T10:07:38,125.34,1.047,F,3310.15,9628.79,47.67623265,-122.2418815,E,0.7805,3162.23,9721.87,47.67623265,-122.2418815
1976380,2026-05-31T10:07:39,118.16,1.023,F,3311.11,9628.22,47.67622916,-122.24187183,E,0.7626,3162.95,9721.48,47.67622916,-122.24187183
1977468,2026-05-31T10:07:40,121.29,1.031,F,3312.08,9627.67,47.67622526,-122.24186231,E,0.7686,3163.67,9721.05,47.67622526,-122.24186231
1978538,2026-05-31T10:07:41,118.78,1.011,F,3313.03,9627.13,47.67622177,-122.2418529,E,0.7537,3164.37,9720.66,47.67622177,-122.2418529
1979618,2026-05-31T10:07:42,118.89,0.97,F,3313.98,9626.63,47.67621838,-122.24184379,E,0.7231,3165.06,9720.28,47.67621838,-122.24184379
1980701,2026-05-31T10:07:44,130.35,0.912,F,3314.8,9626.04,47.6762141,-122.24183632,E,0.6799,3165.62,9719.81,47.6762141,-122.24183632
1981772,2026-05-31T10:07:45,127.11,0.874,F,3315.55,9625.45,47.67621032,-122.24182891,E,0.6516,3166.17,9719.38,47.67621032,-122.24182891
1982852,2026-05-31T10:07:46,119.45,0.845,F,3316.32,9624.93,47.67620731,-122.24182101,E,0.6299,3166.77,9719.05,47.67620731,-122.24182101
1983932,2026-05-31T10:07:47,117.77,0.84,F,3317.13,9624.52,47.67620448,-122.24181304,E,0.6262,3167.37,9718.73,47.67620448,-122.24181304
1985001,2026-05-31T10:07:48,123.19,0.851,F,3317.91,9624.05,47.67620115,-122.24180548,E,0.6344,3167.93,9718.36,47.67620115,-122.24180548
1986062,2026-05-31T10:07:49,121.92,0.836,F,3318.66,9623.55,47.676198,-122.24179801,E,0.6232,3168.49,9718.01,47.676198,-122.24179801
1987135,2026-05-31T10:07:50,119.69,0.807,F,3319.42,9623.12,47.67619513,-122.24179054,E,0.6016,3169.06,9717.69,47.67619513,-122.24179054
1988205,2026-05-31T10:07:51,121.19,0.801,F,3320.17,9622.7,47.67619216,-122.24178326,E,0.5971,3169.6,9717.36,47.67619216,-122.24178326
1989285,2026-05-31T10:07:52,125.69,0.822,F,3320.89,9622.19,47.67618869,-122.2417761,E,0.6128,3170.14,9716.98,47.67618869,-122.2417761
1990357,2026-05-31T10:07:53,122.91,0.811,F,3321.61,9621.68,47.67618553,-122.24176885,E,0.6046,3170.68,9716.62,47.67618553,-122.24176885
1991435,2026-05-31T10:07:54,119.88,0.802,F,3322.36,9621.24,47.67618264,-122.24176141,E,0.5979,3171.24,9716.3,47.67618264,-122.24176141
1992513,2026-05-31T10:07:55,114.84,0.797,F,3323.11,9620.84,47.67618023,-122.24175367,E,0.5942,3171.82,9716.03,47.67618023,-122.24175367
1993591,2026-05-31T10:07:56,114.33,0.836,F,3323.91,9620.48,47.67617774,-122.24174551,E,0.6232,3172.44,9715.76,47.67617774,-122.24174551
1994661,2026-05-31T10:07:58,117.68,0.862,F,3324.74,9620.07,47.67617487,-122.2417374,E,0.6426,3173.04,9715.44,47.67617487,-122.2417374
1995715,2026-05-31T10:07:59,120.13,0.869,F,3325.55,9619.64,47.67617179,-122.24172954,E,0.6478,3173.64,9715.1,47.67617179,-122.24172954
1996794,2026-05-31T10:08:00,119.61,0.869,F,3326.37,9619.2,47.67616869,-122.24172144,E,0.6478,3174.24,9714.75,47.67616869,-122.24172144
1997873,2026-05-31T10:08:01,122.49,0.87,F,3327.17,9618.71,47.67616531,-122.24171358,E,0.6486,3174.83,9714.37,47.67616531,-122.24171358
1998953,2026-05-31T10:08:02,121.82,0.857,F,3327.96,9618.19,47.67616204,-122.24170577,E,0.6389,3175.42,9714.01,47.67616204,-122.24170577
2000039,2026-05-31T10:08:03,117.12,0.86,F,3328.79,9617.76,47.67615919,-122.24169752,E,0.6411,3176.04,9713.69,47.67615919,-122.24169752
2001109,2026-05-31T10:08:04,117.53,0.894,F,3329.62,9617.33,47.67615623,-122.24168909,E,0.6665,3176.67,9713.36,47.67615623,-122.24168909
2002187,2026-05-31T10:08:05,118.7,0.903,F,3330.47,9616.9,47.6761531,-122.24168062,E,0.6732,3177.31,9713.02,47.6761531,-122.24168062
2003265,2026-05-31T10:08:06,117.19,0.909,F,3331.33,9616.47,47.6761501,-122.24167196,E,0.6777,3177.96,9712.68,47.6761501,-122.24167196
2004344,2026-05-31T10:08:07,116.2,0.912,F,3332.21,9616.04,47.67614719,-122.24166319,E,0.6799,3178.62,9712.36,47.67614719,-122.24166319
2005440,2026-05-31T10:08:08,121.43,0.923,F,3333.1,9615.56,47.67614366,-122.24165462,E,0.6881,3179.26,9711.96,47.67614366,-122.24165462
2006518,2026-05-31T10:08:09,121.15,0.908,F,3333.94,9615.04,47.67614027,-122.24164631,E,0.6769,3179.88,9711.59,47.67614027,-122.24164631
2007580,2026-05-31T10:08:10,116.1,0.902,F,3334.78,9614.56,47.67613745,-122.24163776,E,0.6724,3180.53,9711.27,47.67613745,-122.24163776
2008643,2026-05-31T10:08:12,117.43,0.912,F,3335.64,9614.14,47.67613446,-122.24162922,E,0.6799,3181.17,9710.94,47.67613446,-122.24162922
2009714,2026-05-31T10:08:13,111.85,0.903,F,3336.52,9613.74,47.67613205,-122.24162031,E,0.6732,3181.84,9710.67,47.67613205,-122.24162031
2010782,2026-05-31T10:08:14,114.32,0.896,F,3337.41,9613.36,47.67612941,-122.24161165,E,0.668,3182.49,9710.38,47.67612941,-122.24161165
2011844,2026-05-31T10:08:15,108.79,0.908,F,3338.3,9613,47.67612733,-122.24160258,E,0.6769,3183.17,9710.15,47.67612733,-122.24160258
2012914,2026-05-31T10:08:16,108.99,0.902,F,3339.21,9612.7,47.67612522,-122.24159352,E,0.6724,3183.85,9709.91,47.67612522,-122.24159352
2013993,2026-05-31T10:08:17,109.5,0.892,F,3340.13,9612.39,47.67612307,-122.24158451,E,0.665,3184.52,9709.67,47.67612307,-122.24158451
2015063,2026-05-31T10:08:18,116.17,0.888,F,3341.02,9612.03,47.67612027,-122.24157605,E,0.662,3185.16,9709.36,47.67612027,-122.24157605
2016132,2026-05-31T10:08:19,118.9,0.859,F,3341.84,9611.6,47.67611729,-122.24156806,E,0.6404,3185.76,9709.03,47.67611729,-122.24156806
2017202,2026-05-31T10:08:20,120.23,0.838,F,3342.63,9611.17,47.67611427,-122.24156037,E,0.6247,3186.34,9708.69,47.67611427,-122.24156037
2018264,2026-05-31T10:08:21,122.23,0.838,F,3343.4,9610.72,47.67611109,-122.2415529,E,0.6247,3186.9,9708.34,47.67611109,-122.2415529
2019336,2026-05-31T10:08:22,124.98,0.862,F,3344.16,9610.2,47.67610754,-122.24154538,E,0.6426,3187.46,9707.94,47.67610754,-122.24154538
2020415,2026-05-31T10:08:23,124.52,0.851,F,3344.92,9609.67,47.67610406,-122.24153786,E,0.6344,3188.03,9707.56,47.67610406,-122.24153786
2021492,2026-05-31T10:08:24,120.73,0.858,F,3345.69,9609.16,47.6761009,-122.24152998,E,0.6396,3188.62,9707.2,47.6761009,-122.24152998
2022570,2026-05-31T10:08:25,118.39,0.837,F,3346.48,9608.73,47.67609802,-122.2415221,E,0.624,3189.21,9706.88,47.67609802,-122.2415221
2023632,2026-05-31T10:08:27,121.92,0.839,F,3347.25,9608.28,47.67609487,-122.24151459,E,0.6255,3189.77,9706.53,47.67609487,-122.24151459
2024720,2026-05-31T10:08:28,118.17,0.819,F,3348.02,9607.83,47.67609205,-122.24150679,E,0.6106,3190.36,9706.22,47.67609205,-122.24150679
2025800,2026-05-31T10:08:29,114.52,0.822,F,3348.82,9607.46,47.67608958,-122.24149877,E,0.6128,3190.96,9705.94,47.67608958,-122.24149877
2026879,2026-05-31T10:08:30,112.61,0.853,F,3349.65,9607.11,47.67608721,-122.24149033,E,0.6359,3191.59,9705.68,47.67608721,-122.24149033
2027949,2026-05-31T10:08:31,112.62,0.877,F,3350.49,9606.78,47.6760848,-122.24148173,E,0.6538,3192.24,9705.41,47.6760848,-122.24148173
2029027,2026-05-31T10:08:32,114.92,0.878,F,3351.35,9606.38,47.67608213,-122.24147321,E,0.6545,3192.88,9705.11,47.67608213,-122.24147321
2030114,2026-05-31T10:08:33,112.32,0.843,F,3352.22,9605.98,47.6760798,-122.24146479,E,0.6285,3193.51,9704.85,47.6760798,-122.24146479
2031193,2026-05-31T10:08:34,111.07,0.642,F,3352.96,9605.69,47.67607813,-122.24145837,E,0.4786,3193.99,9704.67,47.67607813,-122.24145837
2032265,2026-05-31T10:08:35,103.8,0.555,F,3353.54,9605.52,47.67607718,-122.24145263,E,0.4138,3194.43,9704.56,47.67607718,-122.24145263
2033337,2026-05-31T10:08:36,100.08,0.506,F,3354.12,9605.41,47.67607654,-122.24144733,E,0.3772,3194.82,9704.49,47.67607654,-122.24144733
2034416,2026-05-31T10:08:37,99.78,0.366,F,3354.59,9605.32,47.67607609,-122.24144347,E,0.2729,3195.11,9704.44,47.67607609,-122.24144347
2035488,2026-05-31T10:08:38,101.12,0.256,F,3354.91,9605.22,47.67607574,-122.24144079,E,0.1908,3195.31,9704.4,47.67607574,-122.24144079
2036575,2026-05-31T10:08:39,106.18,0.179,F,3355.14,9605.2,47.67607538,-122.24143894,E,0.1334,3195.45,9704.36,47.67607538,-122.24143894
2037653,2026-05-31T10:08:41,113.51,0.125,F,3355.29,9605.11,47.67607502,-122.24143771,E,0.0932,3195.55,9704.32,47.67607502,-122.24143771
2038731,2026-05-31T10:08:42,116.96,0.087,F,3355.39,9605.08,47.67607473,-122.24143688,E,0.0649,3195.61,9704.29,47.67607473,-122.24143688
2039792,2026-05-31T10:08:43,119.5,0.061,F,3355.46,9605.07,47.67607452,-122.24143632,E,0.0455,3195.65,9704.27,47.67607452,-122.24143632
2040852,2026-05-31T10:08:44,116.59,0.043,F,3355.51,9605.07,47.67607438,-122.24143592,E,0.0321,3195.68,9704.25,47.67607438,-122.24143592
2041924,2026-05-31T10:08:45,113.49,0.03,F,3355.54,9605.07,47.67607429,-122.24143562,E,0.0224,3195.7,9704.24,47.67607429,-122.24143562
2042993,2026-05-31T10:08:46,108.81,0.021,F,3355.57,9605.07,47.67622,-122.24122,G,0.0157,3211.89,9720.46,47.67622,-122.24122
2044063,2026-05-31T10:08:47,112.73,0.015,F,3355.59,9605.07,47.67621996,-122.24121985,E,0.0112,3211.9,9720.46,47.67621996,-122.24121985
2045133,2026-05-31T10:08:48,112.91,0.01,F,3355.6,9605.07,47.67621993,-122.24121976,E,0.0075,3211.91,9720.45,47.67621993,-122.24121976
2046205,2026-05-31T10:08:49,115.09,0.007,F,3355.6,9605.07,47.67621991,-122.24121969,E,0.0052,3211.91,9720.45,47.67621991,-122.24121969
2047284,2026-05-31T10:08:50,124.36,0.005,F,3355.6,9605.07,47.67621989,-122.24121964,E,0.0037,3211.92,9720.45,47.67621989,-122.24121964
2048354,2026-05-31T10:08:51,122.23,0.004,F,3355.6,9605.07,47.67621987,-122.24121961,E,0.003,3211.92,9720.45,47.67621987,-122.24121961
2049427,2026-05-31T10:08:52,123.35,0.002,F,3355.6,9605.07,47.67621987,-122.24121959,E,0.0015,3211.92,9720.45,47.67621987,-122.24121959
2050488,2026-05-31T10:08:53,91.82,0.042,F,3355.63,9605.07,47.67621986,-122.24121915,E,0.0313,3211.96,9720.45,47.67621986,-122.24121915
2051568,2026-05-31T10:08:54,82.39,0.045,F,3355.67,9605.07,47.6762199,-122.24121867,E,0.0335,3211.99,9720.45,47.6762199,-122.24121867
2052631,2026-05-31T10:08:56,102.03,0.087,F,3355.74,9605.07,47.67621977,-122.24121777,E,0.0649,3212.06,9720.44,47.67621977,-122.24121777
2053710,2026-05-31T10:08:57,95.2,0.061,F,3355.82,9605.07,47.67621973,-122.24121712,E,0.0455,3212.11,9720.43,47.67621973,-122.24121712
2054770,2026-05-31T10:08:58,87.23,0.043,F,3355.87,9605.07,47.67621975,-122.24121667,E,0.0321,3212.14,9720.43,47.67621975,-122.24121667
2055840,2026-05-31T10:08:59,86.3,0.03,F,3355.91,9605.07,47.67621976,-122.24121635,E,0.0224,3212.17,9720.44,47.67621976,-122.24121635
2056904,2026-05-31T10:09:00,96.33,0.021,F,3355.94,9605.07,47.67621974,-122.24121613,E,0.0157,3212.18,9720.43,47.67621974,-122.24121613
2057984,2026-05-31T10:09:01,100.55,0.04,F,3355.98,9605.07,47.67621969,-122.24121571,E,0.0298,3212.21,9720.43,47.67621969,-122.24121571
2059063,2026-05-31T10:09:02,100.39,0.028,F,3356.01,9605.07,47.67621965,-122.24121541,E,0.0209,3212.24,9720.42,47.67621965,-122.24121541
2060168,2026-05-31T10:09:03,102.08,0.019,F,3356.04,9605.07,47.67621962,-122.24121521,E,0.0142,3212.25,9720.42,47.67621962,-122.24121521
2061240,2026-05-31T10:09:04,98.32,0.014,F,3356.06,9605.07,47.67621961,-122.24121506,E,0.0104,3212.26,9720.42,47.67621961,-122.24121506
2062319,2026-05-31T10:09:05,120.5,0.009,F,3356.07,9605.07,47.67621958,-122.24121498,E,0.0067,3212.27,9720.42,47.67621958,-122.24121498
2063398,2026-05-31T10:09:06,145.92,0.007,F,3356.07,9605.07,47.67621953,-122.24121494,E,0.0052,3212.27,9720.41,47.67621953,-122.24121494
2064476,2026-05-31T10:09:07,149.14,0.005,F,3356.07,9605.07,47.6762195,-122.24121491,E,0.0037,3212.27,9720.41,47.6762195,-122.24121491
2065555,2026-05-31T10:09:08,149.56,0.003,F,3356.07,9605.07,47.67621948,-122.24121489,E,0.0022,3212.27,9720.41,47.67621948,-122.24121489
2066642,2026-05-31T10:09:10,158.36,0.002,F,3356.07,9605.07,47.67621947,-122.24121488,E,0.0015,3212.28,9720.4,47.67621947,-122.24121488
2067715,2026-05-31T10:09:11,160.58,0.014,F,3356.07,9605.07,47.67621938,-122.24121484,E,0.0104,3212.28,9720.39,47.67621938,-122.24121484
2068785,2026-05-31T10:09:12,156,0.039,F,3356.08,9605.07,47.67621912,-122.24121467,E,0.0291,3212.29,9720.36,47.67621912,-122.24121467
2069865,2026-05-31T10:09:13,161.28,0.042,F,3356.1,9605.06,47.67621883,-122.24121452,E,0.0313,3212.3,9720.33,47.67621883,-122.24121452
2070931,2026-05-31T10:09:14,156.57,0.03,F,3356.11,9605.04,47.67621864,-122.2412144,E,0.0224,3212.31,9720.31,47.67621864,-122.2412144
2072010,2026-05-31T10:09:15,116.57,0.021,F,3356.13,9605.04,47.67621857,-122.24121419,E,0.0157,3212.33,9720.3,47.67621857,-122.24121419
2073089,2026-05-31T10:09:16,153.35,0.06,F,3356.15,9605.03,47.67621818,-122.24121391,E,0.0447,3212.35,9720.26,47.67621818,-122.24121391
2074161,2026-05-31T10:09:17,149.89,0.081,F,3356.19,9604.94,47.67621768,-122.24121347,E,0.0604,3212.38,9720.2,47.67621768,-122.24121347
2075240,2026-05-31T10:09:18,132.94,0.057,F,3356.24,9604.87,47.6762174,-122.24121303,E,0.0425,3212.41,9720.17,47.6762174,-122.24121303
2076310,2026-05-31T10:09:19,125.07,0.04,F,3356.28,9604.87,47.67621723,-122.24121268,E,0.0298,3212.44,9720.15,47.67621723,-122.24121268
2077382,2026-05-31T10:09:20,133.01,0.028,F,3356.31,9604.87,47.6762171,-122.24121246,E,0.0209,3212.46,9720.14,47.6762171,-122.24121246
2078443,2026-05-31T10:09:21,134.59,0.02,F,3356.33,9604.87,47.676217,-122.24121231,E,0.0149,3212.47,9720.13,47.676217,-122.24121231
2079521,2026-05-31T10:09:22,133.24,0.014,F,3356.34,9604.87,47.67621693,-122.2412122,E,0.0104,3212.48,9720.12,47.67621693,-122.2412122
2080600,2026-05-31T10:09:23,116.57,0.01,F,3356.35,9604.87,47.67621689,-122.24121211,E,0.0075,3212.48,9720.12,47.67621689,-122.24121211
2081679,2026-05-31T10:09:25,105.53,0.032,F,3356.38,9604.87,47.67621683,-122.24121178,E,0.0239,3212.51,9720.11,47.67621683,-122.24121178
2082742,2026-05-31T10:09:26,135.19,0.022,F,3356.4,9604.87,47.67621672,-122.24121161,E,0.0164,3212.52,9720.1,47.67621672,-122.24121161
2083821,2026-05-31T10:09:27,132.7,0.016,F,3356.42,9604.87,47.67621664,-122.24121149,E,0.0119,3212.53,9720.09,47.67621664,-122.24121149
2084900,2026-05-31T10:09:28,120.17,0.011,F,3356.42,9604.87,47.6762166,-122.24121138,E,0.0082,3212.54,9720.08,47.6762166,-122.24121138
2085963,2026-05-31T10:09:29,98.53,0.02,F,3356.44,9604.87,47.67621658,-122.24121118,E,0.0149,3212.55,9720.08,47.67621658,-122.24121118
2087025,2026-05-31T10:09:30,79.16,0.014,F,3356.46,9604.87,47.6762166,-122.24121103,E,0.0104,3212.56,9720.08,47.6762166,-122.24121103
2088095,2026-05-31T10:09:31,121.65,0.04,F,3356.49,9604.87,47.67621645,-122.24121067,E,0.0298,3212.59,9720.07,47.67621645,-122.24121067
2089166,2026-05-31T10:09:32,131.36,0.028,F,3356.51,9604.87,47.67621632,-122.24121044,E,0.0209,3212.61,9720.05,47.67621632,-122.24121044
2090253,2026-05-31T10:09:33,137.84,0.019,F,3356.54,9604.87,47.67621621,-122.24121031,E,0.0142,3212.62,9720.04,47.67621621,-122.24121031
2091331,2026-05-31T10:09:34,142.28,0.014,F,3356.54,9604.87,47.67621614,-122.24121022,E,0.0104,3212.63,9720.03,47.67621614,-122.24121022
2092409,2026-05-31T10:09:35,152.06,0.009,F,3356.54,9604.87,47.67621608,-122.24121017,E,0.0067,3212.63,9720.03,47.67621608,-122.24121017
2093488,2026-05-31T10:09:36,166.15,0.007,F,3356.54,9604.87,47.67621603,-122.24121015,E,0.0052,3212.63,9720.02,47.67621603,-122.24121015
2094567,2026-05-31T10:09:37,163.31,0.005,F,3356.54,9604.87,47.67621599,-122.24121014,E,0.0037,3212.63,9720.02,47.67621599,-122.24121014
2095631,2026-05-31T10:09:39,168.49,0.003,F,3356.54,9604.87,47.67621597,-122.24121013,E,0.0022,3212.63,9720.01,47.67621597,-122.24121013
2096711,2026-05-31T10:09:40,163.74,0.015,F,3356.54,9604.87,47.67621587,-122.24121009,E,0.0112,3212.64,9720,47.67621587,-122.24121009
2097774,2026-05-31T10:09:41,172.61,0.011,F,3356.54,9604.87,47.67621579,-122.24121007,E,0.0082,3212.64,9719.99,47.67621579,-122.24121007
2098853,2026-05-31T10:09:42,166.3,0.007,F,3356.54,9604.87,47.67621574,-122.24121005,E,0.0052,3212.64,9719.99,47.67621574,-122.24121005
2099932,2026-05-31T10:09:43,168.09,0.005,F,3356.54,9604.87,47.67621571,-122.24121004,E,0.0037,3212.64,9719.98,47.67621571,-122.24121004
2100987,2026-05-31T10:09:44,167.8,0.042,F,3356.54,9604.85,47.67621542,-122.24120995,E,0.0313,3212.65,9719.95,47.67621542,-122.24120995
2102066,2026-05-31T10:09:45,165.24,0.029,F,3356.55,9604.84,47.67621521,-122.24120987,E,0.0216,3212.65,9719.93,47.67621521,-122.24120987
2103145,2026-05-31T10:09:46,165.23,0.032,F,3356.55,9604.83,47.67621499,-122.24120978,E,0.0239,3212.66,9719.9,47.67621499,-122.24120978
2104223,2026-05-31T10:09:47,166.54,0.022,F,3356.55,9604.82,47.67621484,-122.24120973,E,0.0164,3212.66,9719.89,47.67621484,-122.24120973
2105302,2026-05-31T10:09:48,167.72,0.016,F,3356.55,9604.82,47.67621472,-122.24120969,E,0.0119,3212.66,9719.87,47.67621472,-122.24120969
2106371,2026-05-31T10:09:49,165.4,0.011,F,3356.55,9604.82,47.67621465,-122.24120966,E,0.0082,3212.67,9719.87,47.67621465,-122.24120966
2107440,2026-05-31T10:09:50,144.21,0.008,F,3356.55,9604.82,47.6762146,-122.24120961,E,0.006,3212.67,9719.86,47.6762146,-122.24120961
2108519,2026-05-31T10:09:51,135.38,0.005,F,3356.55,9604.82,47.67621457,-122.24120957,E,0.0037,3212.67,9719.86,47.67621457,-122.24120957
2109589,2026-05-31T10:09:52,151.98,0.004,F,3356.55,9604.82,47.67621455,-122.24120955,E,0.003,3212.68,9719.86,47.67621455,-122.24120955
2110668,2026-05-31T10:09:54,156.05,0.003,F,3356.55,9604.82,47.67621453,-122.24120954,E,0.0022,3212.68,9719.85,47.67621453,-122.24120954
2111755,2026-05-31T10:09:55,155.98,0.002,F,3356.55,9604.82,47.67621452,-122.24120953,E,0.0015,3212.68,9719.85,47.67621452,-122.24120953
2112827,2026-05-31T10:09:56,149.48,0.001,F,3356.55,9604.82,47.67621451,-122.24120953,E,0.0007,3212.68,9719.85,47.67621451,-122.24120953
2113898,2026-05-31T10:09:57,143.12,0.001,F,3356.55,9604.82,47.6762145,-122.24120952,E,0.0007,3212.68,9719.85,47.6762145,-122.24120952
2114967,2026-05-31T10:09:58,143.18,0.016,F,3356.55,9604.82,47.67621441,-122.24120942,E,0.0119,3212.69,9719.84,47.67621441,-122.24120942
2116045,2026-05-31T10:09:59,147.74,0.011,F,3356.55,9604.82,47.67621435,-122.24120936,E,0.0082,3212.69,9719.83,47.67621435,-122.24120936
2117117,2026-05-31T10:10:00,150.09,0.008,F,3356.55,9604.82,47.6762143,-122.24120931,E,0.006,3212.69,9719.83,47.6762143,-122.24120931
2118195,2026-05-31T10:10:01,148.79,0.006,F,3356.55,9604.82,47.67621426,-122.24120928,E,0.0045,3212.7,9719.82,47.67621426,-122.24120928
2119266,2026-05-31T10:10:02,137.12,0.004,F,3356.55,9604.82,47.67621424,-122.24120925,E,0.003,3212.7,9719.82,47.67621424,-122.24120925
2120267,2026-05-31T10:10:03,134.28,0.003,F,3356.55,9604.82,47.67621422,-122.24120923,E,0.0022,3212.7,9719.82,47.67621422,-122.24120923
2121346,2026-05-31T10:10:04,135.73,0.002,F,3356.55,9604.82,47.67621421,-122.24120922,E,0.0015,3212.7,9719.82,47.67621421,-122.24120922
2122416,2026-05-31T10:10:05,137.44,0.001,F,3356.55,9604.82,47.67621421,-122.24120921,E,0.0007,3212.7,9719.82,47.67621421,-122.24120921
2123495,2026-05-31T10:10:06,137.28,0.001,F,3356.55,9604.82,47.6762142,-122.2412092,E,0.0007,3212.7,9719.82,47.6762142,-122.2412092
2124565,2026-05-31T10:10:07,141.68,0.001,F,3356.55,9604.82,47.6762142,-122.24120919,E,0.0007,3212.7,9719.82,47.6762142,-122.24120919
2125644,2026-05-31T10:10:09,145.24,0,F,3356.55,9604.82,47.6762142,-122.24120919,E,0,3212.7,9719.82,47.6762142,-122.24120919
2126723,2026-05-31T10:10:10,145.58,0,F,3356.55,9604.82,47.6762142,-122.24120919,E,0,3212.7,9719.82,47.6762142,-122.24120919
2127811,2026-05-31T10:10:11,141.87,0,F,3356.55,9604.82,47.6762142,-122.24120919,E,0,3212.7,9719.82,47.6762142,-122.24120919
2128900,2026-05-31T10:10:12,138.5,0,F,3356.55,9604.82,47.6762142,-122.24120919,E,0,3212.7,9719.82,47.6762142,-122.24120919
2129980,2026-05-31T10:10:13,140.49,0,F,3356.55,9604.82,47.6762142,-122.24120919,E,0,3212.7,9719.82,47.6762142,-122.24120919
2131055,2026-05-31T10:10:14,150.29,0,F,3356.55,9604.82,47.6762142,-122.24120919,E,0,3212.7,9719.82,47.6762142,-122.24120919
2132126,2026-05-31T10:10:15,166.83,0,F,3356.55,9604.82,47.6762142,-122.24120919,E,0,3212.7,9719.82,47.6762142,-122.24120919
2133205,2026-05-31T10:10:16,189.4,0,F,3356.55,9604.82,47.6762142,-122.24120919,E,0,3212.7,9719.82,47.6762142,-122.24120919
2134284,2026-05-31T10:10:17,198.91,0,F,3356.55,9604.82,47.6762142,-122.24120919,E,0,3212.7,9719.82,47.6762142,-122.24120919
2135354,2026-05-31T10:10:18,201.6,0,F,3356.55,9604.82,47.6762142,-122.24120919,E,0,3212.7,9719.82,47.6762142,-122.24120919
2136434,2026-05-31T10:10:19,204.42,0,F,3356.55,9604.82,47.6762142,-122.24120919,E,0,3212.7,9719.82,47.6762142,-122.24120919
2137504,2026-05-31T10:10:20,202.22,0,F,3356.55,9604.82,47.6762142,-122.24120919,E,0,3212.7,9719.82,47.6762142,-122.24120919
2138575,2026-05-31T10:10:21,203.48,0,F,3356.55,9604.82,47.6762142,-122.24120919,E,0,3212.7,9719.82,47.6762142,-122.24120919
2139645,2026-05-31T10:10:23,207.53,0,F,3356.55,9604.82,47.6762142,-122.24120919,E,0,3212.7,9719.82,47.6762142,-122.24120919
2140715,2026-05-31T10:10:24,226.8,0,F,3356.55,9604.82,47.6762142,-122.24120919,E,0,3212.7,9719.82,47.6762142,-122.24120919
2141805,2026-05-31T10:10:25,224.21,0,F,3356.55,9604.82,47.6762142,-122.24120919,E,0,3212.7,9719.82,47.6762142,-122.24120919
2142885,2026-05-31T10:10:26,207.76,0.016,F,3356.55,9604.82,47.67621409,-122.24120927,E,0.0119,3212.7,9719.81,47.67621409,-122.24120927
2143947,2026-05-31T10:10:27,212.34,0.038,F,3356.53,9604.82,47.67621387,-122.24120949,E,0.0283,3212.68,9719.78,47.67621387,-122.24120949
2145017,2026-05-31T10:10:28,195.4,0.042,F,3356.52,9604.81,47.67621358,-122.24120961,E,0.0313,3212.67,9719.75,47.67621358,-122.24120961
2146071,2026-05-31T10:10:29,184.65,0.042,F,3356.51,9604.76,47.67621328,-122.24120964,E,0.0313,3212.67,9719.71,47.67621328,-122.24120964
2147115,2026-05-31T10:10:30,177.92,0.03,F,3356.51,9604.75,47.67621307,-122.24120963,E,0.0224,3212.67,9719.69,47.67621307,-122.24120963
2148186,2026-05-31T10:10:31,179.2,0.021,F,3356.51,9604.75,47.67621292,-122.24120963,E,0.0157,3212.67,9719.67,47.67621292,-122.24120963
2149255,2026-05-31T10:10:32,176.31,0.015,F,3356.51,9604.75,47.67621281,-122.24120962,E,0.0112,3212.67,9719.66,47.67621281,-122.24120962
2150326,2026-05-31T10:10:33,167.18,0.01,F,3356.51,9604.75,47.67621274,-122.24120959,E,0.0075,3212.67,9719.65,47.67621274,-122.24120959
2151429,2026-05-31T10:10:34,163.72,0.038,F,3356.51,9604.75,47.67621247,-122.24120948,E,0.0283,3212.68,9719.62,47.67621247,-122.24120948
2152518,2026-05-31T10:10:35,161.55,0.038,F,3356.54,9604.73,47.67621221,-122.24120935,E,0.0283,3212.69,9719.6,47.67621221,-122.24120935
2153578,2026-05-31T10:10:36,159.98,0.027,F,3356.54,9604.72,47.67621203,-122.24120925,E,0.0201,3212.7,9719.58,47.67621203,-122.24120925
2154657,2026-05-31T10:10:38,161.55,0.032,F,3356.54,9604.71,47.67621181,-122.24120914,E,0.0239,3212.71,9719.55,47.67621181,-122.24120914
2155746,2026-05-31T10:10:39,156.81,0.022,F,3356.55,9604.71,47.67621166,-122.24120905,E,0.0164,3212.71,9719.53,47.67621166,-122.24120905
2156825,2026-05-31T10:10:40,135.18,0.016,F,3356.55,9604.71,47.67621158,-122.24120893,E,0.0119,3212.72,9719.53,47.67621158,-122.24120893
2157912,2026-05-31T10:10:41,117.47,0.027,F,3356.56,9604.71,47.67621149,-122.24120867,E,0.0201,3212.74,9719.52,47.67621149,-122.24120867
2159001,2026-05-31T10:10:42,121.95,0.086,F,3356.62,9604.69,47.67621116,-122.24120788,E,0.0641,3212.8,9719.48,47.67621116,-122.24120788
2160080,2026-05-31T10:10:43,125.78,0.075,F,3356.69,9604.67,47.67621084,-122.24120723,E,0.0559,3212.85,9719.44,47.67621084,-122.24120723
2161122,2026-05-31T10:10:44,135.18,0.082,F,3356.74,9604.62,47.67621044,-122.24120663,E,0.0611,3212.89,9719.4,47.67621044,-122.24120663
2162201,2026-05-31T10:10:45,130.48,0.057,F,3356.79,9604.57,47.67621017,-122.24120617,E,0.0425,3212.93,9719.37,47.67621017,-122.24120617
2163280,2026-05-31T10:10:46,122.94,0.04,F,3356.84,9604.57,47.67621001,-122.24120581,E,0.0298,3212.96,9719.35,47.67621001,-122.24120581
2164359,2026-05-31T10:10:47,112.31,0.04,F,3356.89,9604.56,47.6762099,-122.24120541,E,0.0298,3212.99,9719.34,47.6762099,-122.24120541
2165431,2026-05-31T10:10:48,105.61,0.044,F,3356.92,9604.56,47.67620982,-122.24120496,E,0.0328,3213.02,9719.33,47.67620982,-122.24120496
2166510,2026-05-31T10:10:49,104.26,0.069,F,3356.99,9604.56,47.67620969,-122.24120424,E,0.0514,3213.07,9719.32,47.67620969,-122.24120424
2167579,2026-05-31T10:10:50,105.05,0.062,F,3357.06,9604.56,47.67620958,-122.24120361,E,0.0462,3213.12,9719.3,47.67620958,-122.24120361
2168651,2026-05-31T10:10:52,111.5,0.06,F,3357.11,9604.56,47.67620942,-122.24120301,E,0.0447,3213.17,9719.28,47.67620942,-122.24120301
2169724,2026-05-31T10:10:53,122.09,0.056,F,3357.17,9604.56,47.67620921,-122.24120251,E,0.0417,3213.2,9719.26,47.67620921,-122.24120251
2170805,2026-05-31T10:10:54,118.34,0.055,F,3357.21,9604.55,47.67620902,-122.24120199,E,0.041,3213.24,9719.24,47.67620902,-122.24120199
2171877,2026-05-31T10:10:55,118.92,0.148,F,3357.31,9604.49,47.6762085,-122.24120061,E,0.1103,3213.35,9719.18,47.6762085,-122.24120061
2172964,2026-05-31T10:10:56,120.38,0.115,F,3357.44,9604.39,47.67620808,-122.24119954,E,0.0857,3213.43,9719.14,47.67620808,-122.24119954
2174042,2026-05-31T10:10:57,121.41,0.081,F,3357.53,9604.33,47.67620778,-122.2411988,E,0.0604,3213.48,9719.1,47.67620778,-122.2411988
2175122,2026-05-31T10:10:58,114.5,0.056,F,3357.59,9604.32,47.67620761,-122.24119825,E,0.0417,3213.52,9719.08,47.67620761,-122.24119825
2176192,2026-05-31T10:10:59,111.19,0.039,F,3357.65,9604.32,47.67620751,-122.24119786,E,0.0291,3213.55,9719.07,47.67620751,-122.24119786
2177275,2026-05-31T10:11:00,110.89,0.157,F,3357.74,9604.3,47.6762071,-122.24119629,E,0.117,3213.67,9719.03,47.6762071,-122.24119629
2178354,2026-05-31T10:11:01,96.28,0.152,F,3357.89,9604.26,47.67620698,-122.24119467,E,0.1133,3213.79,9719.01,47.67620698,-122.24119467
2179424,2026-05-31T10:11:02,77.03,0.122,F,3358.03,9604.26,47.67620718,-122.2411934,E,0.091,3213.89,9719.04,47.67620718,-122.2411934
2180503,2026-05-31T10:11:03,76,0.098,F,3358.15,9604.27,47.67620735,-122.24119239,E,0.0731,3213.96,9719.05,47.67620735,-122.24119239
2181586,2026-05-31T10:11:04,78.81,0.068,F,3358.24,9604.27,47.67620744,-122.24119167,E,0.0507,3214.02,9719.06,47.67620744,-122.24119167
2182665,2026-05-31T10:11:06,72.81,0.048,F,3358.3,9604.27,47.67620755,-122.24119118,E,0.0358,3214.05,9719.08,47.67620755,-122.24119118
2183744,2026-05-31T10:11:07,70.53,0.033,F,3358.34,9604.27,47.67620763,-122.24119084,E,0.0246,3214.08,9719.09,47.67620763,-122.24119084
2184816,2026-05-31T10:11:08,62.98,0.023,F,3358.37,9604.27,47.6762077,-122.24119063,E,0.0171,3214.1,9719.09,47.6762077,-122.24119063
2185895,2026-05-31T10:11:09,59.89,0.016,F,3358.39,9604.27,47.67620776,-122.24119048,E,0.0119,3214.11,9719.1,47.67620776,-122.24119048
2186981,2026-05-31T10:11:10,76.17,0.027,F,3358.41,9604.27,47.67620781,-122.2411902,E,0.0201,3214.13,9719.11,47.67620781,-122.2411902
2188060,2026-05-31T10:11:11,72.88,0.019,F,3358.44,9604.27,47.67620785,-122.24119,E,0.0142,3214.14,9719.11,47.67620785,-122.24119
2189139,2026-05-31T10:11:12,71.95,0.013,F,3358.46,9604.27,47.67620788,-122.24118987,E,0.0097,3214.15,9719.11,47.67620788,-122.24118987
2190218,2026-05-31T10:11:13,69.54,0.009,F,3358.47,9604.27,47.6762079,-122.24118978,E,0.0067,3214.16,9719.12,47.6762079,-122.24118978
2191292,2026-05-31T10:11:14,75.63,0.006,F,3358.47,9604.27,47.67620791,-122.24118972,E,0.0045,3214.16,9719.12,47.67620791,-122.24118972
2192371,2026-05-31T10:11:15,88.86,0.004,F,3358.47,9604.27,47.67620791,-122.24118967,E,0.003,3214.17,9719.12,47.67620791,-122.24118967
2193450,2026-05-31T10:11:16,104.12,0.003,F,3358.47,9604.27,47.67620791,-122.24118964,E,0.0022,3214.17,9719.12,47.67620791,-122.24118964
2194522,2026-05-31T10:11:17,107.55,0.017,F,3358.47,9604.27,47.67620787,-122.24118947,E,0.0127,3214.18,9719.11,47.67620787,-122.24118947
2195582,2026-05-31T10:11:18,107.48,0.037,F,3358.51,9604.27,47.67620779,-122.2411891,E,0.0276,3214.21,9719.1,47.67620779,-122.2411891
2196651,2026-05-31T10:11:20,101.53,0.026,F,3358.54,9604.27,47.67620775,-122.24118883,E,0.0194,3214.23,9719.1,47.67620775,-122.24118883
2197730,2026-05-31T10:11:21,94.83,0.018,F,3358.57,9604.27,47.67620774,-122.24118864,E,0.0134,3214.25,9719.1,47.67620774,-122.24118864
2198802,2026-05-31T10:11:22,100.65,0.013,F,3358.59,9604.27,47.67620772,-122.2411885,E,0.0097,3214.26,9719.1,47.67620772,-122.2411885
2199890,2026-05-31T10:11:23,101.72,0.021,F,3358.61,9604.27,47.67620769,-122.24118828,E,0.0157,3214.27,9719.09,47.67620769,-122.24118828
2200941,2026-05-31T10:11:24,99.93,0.015,F,3358.64,9604.27,47.67620767,-122.24118812,E,0.0112,3214.28,9719.09,47.67620767,-122.24118812
2202037,2026-05-31T10:11:25,95.18,0.011,F,3358.65,9604.27,47.67620767,-122.241188,E,0.0082,3214.29,9719.09,47.67620767,-122.241188
2203107,2026-05-31T10:11:26,85.52,0.038,F,3358.66,9604.27,47.67620769,-122.2411876,E,0.0283,3214.32,9719.09,47.67620769,-122.2411876
2204178,2026-05-31T10:11:27,75.18,0.039,F,3358.71,9604.27,47.67620776,-122.2411872,E,0.0291,3214.35,9719.1,47.67620776,-122.2411872
2205241,2026-05-31T10:11:28,60.44,0.027,F,3358.74,9604.27,47.67620785,-122.24118695,E,0.0201,3214.37,9719.11,47.67620785,-122.24118695
2206312,2026-05-31T10:11:29,50.63,0.034,F,3358.77,9604.27,47.67620801,-122.24118667,E,0.0253,3214.39,9719.13,47.67620801,-122.24118667
2207381,2026-05-31T10:11:30,41.48,0.024,F,3358.79,9604.27,47.67620814,-122.2411865,E,0.0179,3214.41,9719.14,47.67620814,-122.2411865
2208459,2026-05-31T10:11:31,36.81,0.016,F,3358.81,9604.27,47.67620823,-122.2411864,E,0.0119,3214.41,9719.15,47.67620823,-122.2411864
2209529,2026-05-31T10:11:32,34.54,0.012,F,3358.81,9604.27,47.6762083,-122.24118633,E,0.0089,3214.42,9719.16,47.6762083,-122.24118633
2210609,2026-05-31T10:11:33,33.13,0.008,F,3358.81,9604.27,47.67620835,-122.24118628,E,0.006,3214.42,9719.17,47.67620835,-122.24118628
2211667,2026-05-31T10:11:35,26.68,0.006,F,3358.81,9604.27,47.67620839,-122.24118625,E,0.0045,3214.42,9719.17,47.67620839,-122.24118625
2212746,2026-05-31T10:11:36,22.58,0.004,F,3358.81,9604.27,47.67620841,-122.24118624,E,0.003,3214.43,9719.17,47.67620841,-122.24118624
2213834,2026-05-31T10:11:37,22.25,0.003,F,3358.81,9604.27,47.67620844,-122.24118623,E,0.0022,3214.43,9719.17,47.67620844,-122.24118623
2214904,2026-05-31T10:11:38,18.72,0.04,F,3358.82,9604.28,47.67620871,-122.24118609,E,0.0298,3214.44,9719.21,47.67620871,-122.24118609
2215983,2026-05-31T10:11:39,22.02,0.028,F,3358.83,9604.29,47.67620889,-122.24118598,E,0.0209,3214.45,9719.23,47.67620889,-122.24118598
2217063,2026-05-31T10:11:40,23.81,0.02,F,3358.83,9604.29,47.67620903,-122.24118589,E,0.0149,3214.45,9719.24,47.67620903,-122.24118589
2218142,2026-05-31T10:11:41,27.25,0.014,F,3358.84,9604.29,47.67620912,-122.24118582,E,0.0104,3214.46,9719.25,47.67620912,-122.24118582
2219221,2026-05-31T10:11:42,34.89,0.01,F,3358.84,9604.29,47.67620918,-122.24118576,E,0.0075,3214.46,9719.26,47.67620918,-122.24118576
2220300,2026-05-31T10:11:43,36.75,0.007,F,3358.84,9604.29,47.67620922,-122.24118571,E,0.0052,3214.47,9719.26,47.67620922,-122.24118571
2221377,2026-05-31T10:11:44,32.98,0.005,F,3358.84,9604.29,47.67620925,-122.24118569,E,0.0037,3214.47,9719.27,47.67620925,-122.24118569
2222456,2026-05-31T10:11:45,35.26,0.003,F,3358.84,9604.29,47.67620926,-122.24118567,E,0.0022,3214.47,9719.27,47.67620926,-122.24118567
2223525,2026-05-31T10:11:46,42.91,0.016,F,3358.84,9604.29,47.67620935,-122.24118555,E,0.0119,3214.48,9719.28,47.67620935,-122.24118555
2224596,2026-05-31T10:11:47,57.21,0.011,F,3358.84,9604.29,47.67620939,-122.24118545,E,0.0082,3214.48,9719.28,47.67620939,-122.24118545
2225675,2026-05-31T10:11:49,54.76,0.008,F,3358.84,9604.29,47.67620942,-122.24118538,E,0.006,3214.49,9719.29,47.67620942,-122.24118538
2226744,2026-05-31T10:11:50,57.53,0.03,F,3358.87,9604.29,47.67620954,-122.24118511,E,0.0224,3214.51,9719.3,47.67620954,-122.24118511
2227805,2026-05-31T10:11:51,55.61,0.021,F,3358.89,9604.29,47.67620962,-122.24118493,E,0.0157,3214.52,9719.31,47.67620962,-122.24118493
2228886,2026-05-31T10:11:52,53.4,0.015,F,3358.92,9604.29,47.67620969,-122.2411848,E,0.0112,3214.53,9719.31,47.67620969,-122.2411848
2229958,2026-05-31T10:11:53,52.53,0.01,F,3358.92,9604.29,47.67620973,-122.24118472,E,0.0075,3214.54,9719.32,47.67620973,-122.24118472
2231019,2026-05-31T10:11:54,54.2,0.007,F,3358.92,9604.29,47.67620976,-122.24118466,E,0.0052,3214.54,9719.32,47.67620976,-122.24118466
2232090,2026-05-31T10:11:55,55.33,0.005,F,3358.92,9604.29,47.67620978,-122.24118461,E,0.0037,3214.55,9719.32,47.67620978,-122.24118461
2233167,2026-05-31T10:11:56,54.87,0.018,F,3358.93,9604.29,47.67620986,-122.24118446,E,0.0134,3214.56,9719.33,47.67620986,-122.24118446
2234246,2026-05-31T10:11:57,48.54,0.013,F,3358.94,9604.29,47.67620992,-122.24118435,E,0.0097,3214.57,9719.34,47.67620992,-122.24118435
2235318,2026-05-31T10:11:58,48.88,0.039,F,3358.95,9604.29,47.6762101,-122.24118404,E,0.0291,3214.59,9719.36,47.6762101,-122.24118404
2236397,2026-05-31T10:11:59,49.49,0.04,F,3358.99,9604.29,47.67621029,-122.24118371,E,0.0298,3214.62,9719.38,47.67621029,-122.24118371
2237458,2026-05-31T10:12:00,47.27,0.042,F,3359.01,9604.3,47.67621049,-122.24118339,E,0.0313,3214.64,9719.4,47.67621049,-122.24118339
2238528,2026-05-31T10:12:01,47.35,0.03,F,3359.04,9604.3,47.67621064,-122.24118315,E,0.0224,3214.66,9719.42,47.67621064,-122.24118315
2239607,2026-05-31T10:12:02,47.61,0.021,F,3359.06,9604.3,47.67621074,-122.24118299,E,0.0157,3214.67,9719.43,47.67621074,-122.24118299
2240686,2026-05-31T10:12:04,49.8,0.014,F,3359.08,9604.3,47.67621081,-122.24118287,E,0.0104,3214.68,9719.44,47.67621081,-122.24118287
2241772,2026-05-31T10:12:05,48.95,0.01,F,3359.09,9604.3,47.67621085,-122.24118279,E,0.0075,3214.68,9719.44,47.67621085,-122.24118279
2242842,2026-05-31T10:12:06,48.07,0.007,F,3359.09,9604.3,47.67621089,-122.24118274,E,0.0052,3214.69,9719.45,47.67621089,-122.24118274
2243895,2026-05-31T10:12:07,49.09,0.005,F,3359.09,9604.3,47.67621091,-122.2411827,E,0.0037,3214.69,9719.45,47.67621091,-122.2411827
2244974,2026-05-31T10:12:08,48.9,0.003,F,3359.09,9604.3,47.67621092,-122.24118267,E,0.0022,3214.69,9719.45,47.67621092,-122.24118267
2246043,2026-05-31T10:12:09,49.75,0.002,F,3359.09,9604.3,47.67621093,-122.24118266,E,0.0015,3214.69,9719.45,47.67621093,-122.24118266
2247115,2026-05-31T10:12:10,48.93,0.002,F,3359.09,9604.3,47.67621094,-122.24118264,E,0.0015,3214.7,9719.45,47.67621094,-122.24118264
2248203,2026-05-31T10:12:11,44.76,0.001,F,3359.09,9604.3,47.67621095,-122.24118263,E,0.0007,3214.7,9719.45,47.67621095,-122.24118263
2249283,2026-05-31T10:12:12,43.5,0.001,F,3359.09,9604.3,47.67621095,-122.24118263,E,0.0007,3214.7,9719.46,47.67621095,-122.24118263
2250353,2026-05-31T10:12:13,37.05,0.001,F,3359.09,9604.3,47.67621096,-122.24118262,E,0.0007,3214.7,9719.46,47.67621096,-122.24118262
2251438,2026-05-31T10:12:14,30.1,0,F,3359.09,9604.3,47.67621096,-122.24118262,E,0,3214.7,9719.46,47.67621096,-122.24118262
2252517,2026-05-31T10:12:15,33.86,0,F,3359.09,9604.3,47.67621096,-122.24118262,E,0,3214.7,9719.46,47.67621096,-122.24118262
2253590,2026-05-31T10:12:16,46.29,0.012,F,3359.09,9604.3,47.67621102,-122.24118253,E,0.0089,3214.7,9719.46,47.67621102,-122.24118253
2254651,2026-05-31T10:12:18,66.47,0.038,F,3359.1,9604.3,47.67621113,-122.24118216,E,0.0283,3214.73,9719.47,47.67621113,-122.24118216
2255730,2026-05-31T10:12:19,83.12,0.04,F,3359.15,9604.3,47.67621116,-122.24118174,E,0.0298,3214.76,9719.48,47.67621116,-122.24118174
2256801,2026-05-31T10:12:20,84.73,0.028,F,3359.18,9604.3,47.67621118,-122.24118144,E,0.0209,3214.79,9719.48,47.67621118,-122.24118144
2257880,2026-05-31T10:12:21,92.45,0.078,F,3359.23,9604.3,47.67621116,-122.2411806,E,0.0581,3214.85,9719.48,47.67621116,-122.2411806
2258959,2026-05-31T10:12:22,96.74,0.055,F,3359.3,9604.3,47.67621111,-122.24118002,E,0.041,3214.89,9719.47,47.67621111,-122.24118002
2260029,2026-05-31T10:12:23,95.63,0.038,F,3359.35,9604.3,47.67621108,-122.24117962,E,0.0283,3214.92,9719.47,47.67621108,-122.24117962
2261108,2026-05-31T10:12:24,93.43,0.041,F,3359.39,9604.3,47.67621106,-122.24117918,E,0.0306,3214.96,9719.47,47.67621106,-122.24117918
2262195,2026-05-31T10:12:25,92.23,0.029,F,3359.43,9604.3,47.67621106,-122.24117887,E,0.0216,3214.98,9719.47,47.67621106,-122.24117887
2263264,2026-05-31T10:12:26,88.79,0.02,F,3359.45,9604.3,47.67621106,-122.24117865,E,0.0149,3215,9719.47,47.67621106,-122.24117865
2264325,2026-05-31T10:12:27,90.8,0.014,F,3359.48,9604.3,47.67621106,-122.24117851,E,0.0104,3215.01,9719.47,47.67621106,-122.24117851
2265394,2026-05-31T10:12:28,91.66,0.01,F,3359.49,9604.3,47.67621106,-122.2411784,E,0.0075,3215.01,9719.47,47.67621106,-122.2411784
2266447,2026-05-31T10:12:29,92.86,0.007,F,3359.49,9604.3,47.67621105,-122.24117833,E,0.0052,3215.02,9719.47,47.67621105,-122.24117833
2267519,2026-05-31T10:12:30,102.03,0.005,F,3359.49,9604.3,47.67621105,-122.24117827,E,0.0037,3215.02,9719.47,47.67621105,-122.24117827
2268598,2026-05-31T10:12:31,105.72,0.032,F,3359.5,9604.3,47.67621098,-122.24117794,E,0.0239,3215.05,9719.46,47.67621098,-122.24117794
2269677,2026-05-31T10:12:33,101.6,0.023,F,3359.53,9604.3,47.67621095,-122.2411777,E,0.0171,3215.07,9719.45,47.67621095,-122.2411777
2270737,2026-05-31T10:12:34,97.56,0.016,F,3359.56,9604.3,47.67621094,-122.24117754,E,0.0119,3215.08,9719.45,47.67621094,-122.24117754
2271834,2026-05-31T10:12:35,87.86,0.011,F,3359.57,9604.3,47.67621094,-122.24117742,E,0.0082,3215.09,9719.45,47.67621094,-122.24117742
2272886,2026-05-31T10:12:36,85.05,0.008,F,3359.58,9604.3,47.67621094,-122.24117733,E,0.006,3215.09,9719.45,47.67621094,-122.24117733
2273964,2026-05-31T10:12:37,83.59,0.005,F,3359.58,9604.3,47.67621095,-122.24117728,E,0.0037,3215.1,9719.45,47.67621095,-122.24117728
2275034,2026-05-31T10:12:38,82.55,0.004,F,3359.58,9604.3,47.67621095,-122.24117724,E,0.003,3215.1,9719.46,47.67621095,-122.24117724
2276105,2026-05-31T10:12:39,79.41,0.003,F,3359.58,9604.3,47.67621095,-122.24117721,E,0.0022,3215.1,9719.46,47.67621095,-122.24117721
2277175,2026-05-31T10:12:40,75.62,0.002,F,3359.58,9604.3,47.67621096,-122.24117719,E,0.0015,3215.11,9719.46,47.67621096,-122.24117719
2278261,2026-05-31T10:12:41,73.43,0.001,F,3359.58,9604.3,47.67621096,-122.24117718,E,0.0007,3215.11,9719.46,47.67621096,-122.24117718
2279331,2026-05-31T10:12:42,71.59,0.001,F,3359.58,9604.3,47.67621096,-122.24117717,E,0.0007,3215.11,9719.46,47.67621096,-122.24117717
2280410,2026-05-31T10:12:43,70.6,0.001,F,3359.58,9604.3,47.67621097,-122.24117716,E,0.0007,3215.11,9719.46,47.67621097,-122.24117716
2281470,2026-05-31T10:12:44,75.24,0.026,F,3359.6,9604.3,47.67621101,-122.24117689,E,0.0194,3215.13,9719.46,47.67621101,-122.24117689
2282522,2026-05-31T10:12:45,70.18,0.018,F,3359.62,9604.3,47.67621106,-122.24117671,E,0.0134,3215.14,9719.47,47.67621106,-122.24117671
2283584,2026-05-31T10:12:46,59.79,0.013,F,3359.64,9604.3,47.6762111,-122.2411766,E,0.0097,3215.15,9719.47,47.6762111,-122.2411766
2284654,2026-05-31T10:12:48,59.63,0.009,F,3359.64,9604.3,47.67621113,-122.24117651,E,0.0067,3215.16,9719.48,47.67621113,-122.24117651
2285733,2026-05-31T10:12:49,50.88,0.006,F,3359.64,9604.3,47.67621116,-122.24117646,E,0.0045,3215.16,9719.48,47.67621116,-122.24117646
2286794,2026-05-31T10:12:50,52.14,0.004,F,3359.64,9604.3,47.67621118,-122.24117643,E,0.003,3215.16,9719.48,47.67621118,-122.24117643
2287873,2026-05-31T10:12:51,54.53,0.003,F,3359.64,9604.3,47.67621119,-122.2411764,E,0.0022,3215.16,9719.48,47.67621119,-122.2411764
2288942,2026-05-31T10:12:52,54.24,0.002,F,3359.64,9604.3,47.6762112,-122.24117639,E,0.0015,3215.17,9719.48,47.6762112,-122.24117639
2290021,2026-05-31T10:12:53,48.14,0.002,F,3359.64,9604.3,47.67621121,-122.24117637,E,0.0015,3215.17,9719.48,47.67621121,-122.24117637
2291084,2026-05-31T10:12:54,50.12,0.001,F,3359.64,9604.3,47.67621121,-122.24117636,E,0.0007,3215.17,9719.48,47.67621121,-122.24117636
2292162,2026-05-31T10:12:55,56.55,0.001,F,3359.64,9604.3,47.67621122,-122.24117635,E,0.0007,3215.17,9719.48,47.67621122,-122.24117635
2293241,2026-05-31T10:12:56,60.39,0.001,F,3359.64,9604.3,47.67621122,-122.24117634,E,0.0007,3215.17,9719.49,47.67621122,-122.24117634
2294328,2026-05-31T10:12:57,61.24,0,F,3359.64,9604.3,47.67621122,-122.24117634,E,0,3215.17,9719.49,47.67621122,-122.24117634
2295400,2026-05-31T10:12:58,66.27,0.016,F,3359.65,9604.3,47.67621127,-122.24117619,E,0.0119,3215.18,9719.49,47.67621127,-122.24117619
2296470,2026-05-31T10:12:59,71.16,0.028,F,3359.67,9604.3,47.67621133,-122.24117591,E,0.0209,3215.2,9719.5,47.67621133,-122.24117591
2297540,2026-05-31T10:13:00,68.55,0.019,F,3359.69,9604.3,47.67621138,-122.24117572,E,0.0142,3215.22,9719.5,47.67621138,-122.24117572
2298618,2026-05-31T10:13:01,75.85,0.013,F,3359.71,9604.3,47.67621141,-122.24117558,E,0.0097,3215.23,9719.51,47.67621141,-122.24117558
2299697,2026-05-31T10:13:03,87.56,0.009,F,3359.72,9604.3,47.67621141,-122.24117549,E,0.0067,3215.23,9719.51,47.67621141,-122.24117549
2300776,2026-05-31T10:13:04,85.63,0.007,F,3359.72,9604.3,47.67621141,-122.24117541,E,0.0052,3215.24,9719.51,47.67621141,-122.24117541
2301879,2026-05-31T10:13:05,82.26,0.005,F,3359.73,9604.3,47.67621142,-122.24117536,E,0.0037,3215.24,9719.51,47.67621142,-122.24117536
2302948,2026-05-31T10:13:06,69.37,0.075,F,3359.76,9604.3,47.67621161,-122.24117461,E,0.0559,3215.3,9719.53,47.67621161,-122.24117461
2304027,2026-05-31T10:13:07,63.52,0.064,F,3359.83,9604.31,47.67621181,-122.241174,E,0.0477,3215.34,9719.55,47.67621181,-122.241174
2305097,2026-05-31T10:13:08,62.56,0.045,F,3359.89,9604.32,47.67621196,-122.24117358,E,0.0335,3215.38,9719.57,47.67621196,-122.24117358
2306177,2026-05-31T10:13:09,52.21,0.047,F,3359.92,9604.32,47.67621217,-122.24117318,E,0.035,3215.41,9719.59,47.67621217,-122.24117318
2307256,2026-05-31T10:13:10,45.27,0.033,F,3359.95,9604.32,47.67621234,-122.24117293,E,0.0246,3215.43,9719.61,47.67621234,-122.24117293
2308345,2026-05-31T10:13:11,37.56,0.023,F,3359.98,9604.32,47.67621247,-122.24117277,E,0.0171,3215.44,9719.62,47.67621247,-122.24117277
2309425,2026-05-31T10:13:12,34.84,0.016,F,3359.99,9604.32,47.67621257,-122.24117268,E,0.0119,3215.44,9719.63,47.67621257,-122.24117268
2310499,2026-05-31T10:13:13,22.14,0.011,F,3359.99,9604.32,47.67621264,-122.24117263,E,0.0082,3215.45,9719.64,47.67621264,-122.24117263
2311542,2026-05-31T10:13:14,16.46,0.008,F,3359.99,9604.32,47.67621269,-122.24117261,E,0.006,3215.45,9719.65,47.67621269,-122.24117261
2312596,2026-05-31T10:13:15,11.34,0.006,F,3359.99,9604.32,47.67621273,-122.2411726,E,0.0045,3215.45,9719.65,47.67621273,-122.2411726
2313665,2026-05-31T10:13:17,8.06,0.004,F,3359.99,9604.32,47.67621276,-122.24117259,E,0.003,3215.45,9719.66,47.67621276,-122.24117259
2314744,2026-05-31T10:13:18,357.43,0.003,F,3359.99,9604.32,47.67621278,-122.24117259,E,0.0022,3215.45,9719.66,47.67621278,-122.24117259
2315813,2026-05-31T10:13:19,337.17,0.002,F,3359.99,9604.32,47.6762128,-122.2411726,E,0.0015,3215.45,9719.66,47.6762128,-122.2411726
2316892,2026-05-31T10:13:20,318.41,0.041,F,3359.97,9604.33,47.67621302,-122.24117289,E,0.0306,3215.43,9719.69,47.67621302,-122.24117289
2317972,2026-05-31T10:13:21,304.14,0.028,F,3359.94,9604.33,47.67621313,-122.24117314,E,0.0209,3215.41,9719.7,47.67621313,-122.24117314
2319034,2026-05-31T10:13:22,302.06,0.02,F,3359.92,9604.33,47.67621321,-122.24117332,E,0.0149,3215.4,9719.71,47.67621321,-122.24117332
2320103,2026-05-31T10:13:23,312.7,0.014,F,3359.9,9604.33,47.67621328,-122.24117343,E,0.0104,3215.39,9719.71,47.67621328,-122.24117343
2321183,2026-05-31T10:13:24,321.36,0.01,F,3359.9,9604.33,47.67621333,-122.24117349,E,0.0075,3215.38,9719.72,47.67621333,-122.24117349
2322262,2026-05-31T10:13:25,323.99,0.007,F,3359.9,9604.33,47.67621337,-122.24117354,E,0.0052,3215.38,9719.72,47.67621337,-122.24117354
2323340,2026-05-31T10:13:26,316.23,0.005,F,3359.9,9604.33,47.6762134,-122.24117358,E,0.0037,3215.38,9719.73,47.6762134,-122.24117358
2324427,2026-05-31T10:13:27,309.01,0.003,F,3359.9,9604.33,47.67621341,-122.2411736,E,0.0022,3215.37,9719.73,47.67621341,-122.2411736
2325515,2026-05-31T10:13:28,311.01,0.002,F,3359.9,9604.33,47.67621342,-122.24117362,E,0.0015,3215.37,9719.73,47.67621342,-122.24117362
2326594,2026-05-31T10:13:29,325,0.002,F,3359.9,9604.33,47.67621343,-122.24117363,E,0.0015,3215.37,9719.73,47.67621343,-122.24117363
2327664,2026-05-31T10:13:31,337.53,0.001,F,3359.9,9604.33,47.67621344,-122.24117363,E,0.0007,3215.37,9719.73,47.67621344,-122.24117363
2328742,2026-05-31T10:13:32,346.31,0.001,F,3359.9,9604.33,47.67621345,-122.24117364,E,0.0007,3215.37,9719.73,47.67621345,-122.24117364
2329811,2026-05-31T10:13:33,348.57,0.001,F,3359.9,9604.33,47.67621345,-122.24117364,E,0.0007,3215.37,9719.73,47.67621345,-122.24117364
2330891,2026-05-31T10:13:34,346.84,0.014,F,3359.9,9604.33,47.67621355,-122.24117367,E,0.0104,3215.37,9719.74,47.67621355,-122.24117367
2331972,2026-05-31T10:13:35,353.36,0.01,F,3359.9,9604.33,47.67621363,-122.24117369,E,0.0075,3215.37,9719.75,47.67621363,-122.24117369
2333040,2026-05-31T10:13:36,8.06,0.007,F,3359.9,9604.33,47.67621367,-122.24117367,E,0.0052,3215.37,9719.76,47.67621367,-122.24117367
2334119,2026-05-31T10:13:37,12.78,0.005,F,3359.9,9604.33,47.67621371,-122.24117366,E,0.0037,3215.37,9719.76,47.67621371,-122.24117366
2335197,2026-05-31T10:13:38,12.68,0.003,F,3359.9,9604.33,47.67621373,-122.24117366,E,0.0022,3215.37,9719.76,47.67621373,-122.24117366
2336276,2026-05-31T10:13:39,10.04,0.002,F,3359.9,9604.33,47.67621375,-122.24117365,E,0.0015,3215.37,9719.77,47.67621375,-122.24117365
2337356,2026-05-31T10:13:40,7.81,0.002,F,3359.9,9604.33,47.67621376,-122.24117365,E,0.0015,3215.37,9719.77,47.67621376,-122.24117365
2338427,2026-05-31T10:13:41,12.4,0.001,F,3359.9,9604.33,47.67621377,-122.24117365,E,0.0007,3215.37,9719.77,47.67621377,-122.24117365
2339498,2026-05-31T10:13:42,16.86,0.001,F,3359.9,9604.33,47.67621377,-122.24117364,E,0.0007,3215.37,9719.77,47.67621377,-122.24117364
2340573,2026-05-31T10:13:43,21,0.001,F,3359.9,9604.33,47.67621378,-122.24117364,E,0.0007,3215.37,9719.77,47.67621378,-122.24117364
2341637,2026-05-31T10:13:45,19.77,0.014,F,3359.9,9604.33,47.67621387,-122.24117359,E,0.0104,3215.38,9719.78,47.67621387,-122.24117359
2342689,2026-05-31T10:13:46,14.71,0.01,F,3359.9,9604.33,47.67621394,-122.24117356,E,0.0075,3215.38,9719.79,47.67621394,-122.24117356
2343749,2026-05-31T10:13:47,17.01,0.007,F,3359.9,9604.33,47.67621399,-122.24117354,E,0.0052,3215.38,9719.79,47.67621399,-122.24117354
2344811,2026-05-31T10:13:48,26.21,0.005,F,3359.9,9604.33,47.67621402,-122.24117352,E,0.0037,3215.38,9719.8,47.67621402,-122.24117352
2345875,2026-05-31T10:13:49,32.05,0.003,F,3359.9,9604.33,47.67621404,-122.2411735,E,0.0022,3215.38,9719.8,47.67621404,-122.2411735
2346945,2026-05-31T10:13:50,29.26,0.002,F,3359.9,9604.33,47.67621405,-122.24117349,E,0.0015,3215.38,9719.8,47.67621405,-122.24117349
2348014,2026-05-31T10:13:51,16.96,0.002,F,3359.9,9604.33,47.67621407,-122.24117349,E,0.0015,3215.38,9719.8,47.67621407,-122.24117349
2349084,2026-05-31T10:13:52,16.26,0.001,F,3359.9,9604.33,47.67621407,-122.24117348,E,0.0007,3215.38,9719.8,47.67621407,-122.24117348
2350146,2026-05-31T10:13:53,21.71,0.017,F,3359.9,9604.33,47.67621419,-122.24117342,E,0.0127,3215.39,9719.82,47.67621419,-122.24117342
2351218,2026-05-31T10:13:54,32.05,0.024,F,3359.92,9604.33,47.67621433,-122.24117328,E,0.0179,3215.4,9719.83,47.67621433,-122.24117328
2352298,2026-05-31T10:13:55,31.75,0.016,F,3359.93,9604.33,47.67621443,-122.24117319,E,0.0119,3215.41,9719.84,47.67621443,-122.24117319
2353378,2026-05-31T10:13:56,26.13,0.012,F,3359.93,9604.33,47.67621451,-122.24117313,E,0.0089,3215.41,9719.85,47.67621451,-122.24117313
2354457,2026-05-31T10:13:57,22.1,0.008,F,3359.93,9604.33,47.67621456,-122.2411731,E,0.006,3215.41,9719.86,47.67621456,-122.2411731
2355543,2026-05-31T10:13:58,17.32,0.006,F,3359.93,9604.33,47.6762146,-122.24117308,E,0.0045,3215.41,9719.86,47.6762146,-122.24117308
2356623,2026-05-31T10:14:00,14.15,0.004,F,3359.93,9604.33,47.67621463,-122.24117307,E,0.003,3215.41,9719.86,47.67621463,-122.24117307
2357692,2026-05-31T10:14:01,5.05,0.003,F,3359.93,9604.33,47.67621465,-122.24117307,E,0.0022,3215.41,9719.87,47.67621465,-122.24117307
2358762,2026-05-31T10:14:02,9.69,0.002,F,3359.93,9604.33,47.67621467,-122.24117306,E,0.0015,3215.41,9719.87,47.67621467,-122.24117306
2359840,2026-05-31T10:14:03,20.24,0.001,F,3359.93,9604.33,47.67621467,-122.24117306,E,0.0007,3215.42,9719.87,47.67621467,-122.24117306
2360909,2026-05-31T10:14:04,29.62,0.001,F,3359.93,9604.33,47.67621468,-122.24117306,E,0.0007,3215.42,9719.87,47.67621468,-122.24117306
2362014,2026-05-31T10:14:05,32.95,0.001,F,3359.93,9604.33,47.67621469,-122.24117305,E,0.0007,3215.42,9719.87,47.67621469,-122.24117305
2363093,2026-05-31T10:14:06,27.42,0,F,3359.93,9604.33,47.67621469,-122.24117305,E,0,3215.42,9719.87,47.67621469,-122.24117305
2364181,2026-05-31T10:14:07,17.96,0.028,F,3359.93,9604.33,47.67621488,-122.24117296,E,0.0209,3215.42,9719.89,47.67621488,-122.24117296
2365259,2026-05-31T10:14:08,10.72,0.019,F,3359.93,9604.33,47.67621501,-122.24117292,E,0.0142,3215.43,9719.91,47.67621501,-122.24117292
2366338,2026-05-31T10:14:09,10.83,0.013,F,3359.93,9604.33,47.67621511,-122.24117289,E,0.0097,3215.43,9719.92,47.67621511,-122.24117289
2367399,2026-05-31T10:14:10,13.14,0.009,F,3359.93,9604.33,47.67621517,-122.24117287,E,0.0067,3215.43,9719.92,47.67621517,-122.24117287
2368477,2026-05-31T10:14:11,11.93,0.007,F,3359.93,9604.33,47.67621522,-122.24117286,E,0.0052,3215.43,9719.93,47.67621522,-122.24117286
2369564,2026-05-31T10:14:12,7.34,0.005,F,3359.93,9604.33,47.67621525,-122.24117285,E,0.0037,3215.43,9719.93,47.67621525,-122.24117285
2370628,2026-05-31T10:14:14,351.96,0.003,F,3359.93,9604.33,47.67621528,-122.24117285,E,0.0022,3215.43,9719.94,47.67621528,-122.24117285
2371698,2026-05-31T10:14:15,335.82,0.018,F,3359.93,9604.33,47.67621539,-122.24117293,E,0.0134,3215.42,9719.95,47.67621539,-122.24117293
2372777,2026-05-31T10:14:16,324.23,0.013,F,3359.93,9604.33,47.67621547,-122.24117301,E,0.0097,3215.42,9719.96,47.67621547,-122.24117301
2373824,2026-05-31T10:14:17,341.53,0.009,F,3359.93,9604.33,47.67621553,-122.24117304,E,0.0067,3215.42,9719.96,47.67621553,-122.24117304
2374904,2026-05-31T10:14:18,329.67,0.006,F,3359.93,9604.33,47.67621557,-122.24117308,E,0.0045,3215.41,9719.97,47.67621557,-122.24117308
2375976,2026-05-31T10:14:19,317.55,0.004,F,3359.93,9604.33,47.67621559,-122.2411731,E,0.003,3215.41,9719.97,47.67621559,-122.2411731
2377046,2026-05-31T10:14:20,312.26,0.003,F,3359.93,9604.33,47.6762156,-122.24117313,E,0.0022,3215.41,9719.97,47.6762156,-122.24117313
2378116,2026-05-31T10:14:21,303.71,0.002,F,3359.93,9604.33,47.67621561,-122.24117315,E,0.0015,3215.41,9719.97,47.67621561,-122.24117315
2379185,2026-05-31T10:14:22,289.81,0.018,F,3359.93,9604.33,47.67621565,-122.24117332,E,0.0134,3215.4,9719.98,47.67621565,-122.24117332
2380246,2026-05-31T10:14:23,273.02,0.112,F,3359.86,9604.33,47.6762157,-122.2411745,E,0.0835,3215.31,9719.98,47.6762157,-122.2411745
2381297,2026-05-31T10:14:24,259.72,0.092,F,3359.75,9604.33,47.67621558,-122.24117545,E,0.0686,3215.24,9719.97,47.67621558,-122.24117545
2382367,2026-05-31T10:14:25,262.67,0.122,F,3359.65,9604.33,47.67621547,-122.24117673,E,0.091,3215.14,9719.96,47.67621547,-122.24117673
2383439,2026-05-31T10:14:26,260.81,0.156,F,3359.5,9604.33,47.67621529,-122.24117837,E,0.1163,3215.02,9719.94,47.67621529,-122.24117837
2384518,2026-05-31T10:14:27,268.13,0.109,F,3359.36,9604.33,47.67621526,-122.24117954,E,0.0813,3214.93,9719.94,47.67621526,-122.24117954
2385604,2026-05-31T10:14:28,262.88,0.076,F,3359.26,9604.33,47.6762152,-122.24118035,E,0.0567,3214.87,9719.93,47.6762152,-122.24118035
2386682,2026-05-31T10:14:30,257.13,0.093,F,3359.16,9604.33,47.67621505,-122.24118132,E,0.0693,3214.79,9719.91,47.67621505,-122.24118132
2387761,2026-05-31T10:14:31,261.53,0.065,F,3359.08,9604.33,47.67621498,-122.24118201,E,0.0485,3214.74,9719.9,47.67621498,-122.24118201
2388832,2026-05-31T10:14:32,267.07,0.046,F,3359.02,9604.33,47.67621496,-122.2411825,E,0.0343,3214.71,9719.9,47.67621496,-122.2411825
2389901,2026-05-31T10:14:33,271.59,0.032,F,3358.98,9604.33,47.67621497,-122.24118284,E,0.0239,3214.68,9719.9,47.67621497,-122.24118284
2390971,2026-05-31T10:14:34,264.2,0.052,F,3358.94,9604.33,47.67621493,-122.24118339,E,0.0388,3214.64,9719.9,47.67621493,-122.24118339
2392038,2026-05-31T10:14:35,271.07,0.036,F,3358.89,9604.33,47.67621493,-122.24118377,E,0.0268,3214.61,9719.9,47.67621493,-122.24118377
2393108,2026-05-31T10:14:36,287.49,0.025,F,3358.86,9604.33,47.67621499,-122.24118402,E,0.0186,3214.59,9719.9,47.67621499,-122.24118402
2394179,2026-05-31T10:14:37,302.71,0.018,F,3358.84,9604.33,47.67621506,-122.24118419,E,0.0134,3214.58,9719.91,47.67621506,-122.24118419
2395249,2026-05-31T10:14:38,309.94,0.012,F,3358.83,9604.33,47.67621511,-122.24118428,E,0.0089,3214.57,9719.92,47.67621511,-122.24118428
2396328,2026-05-31T10:14:39,308.25,0.009,F,3358.83,9604.33,47.67621515,-122.24118436,E,0.0067,3214.57,9719.92,47.67621515,-122.24118436
2397407,2026-05-31T10:14:40,306.42,0.006,F,3358.83,9604.33,47.67621518,-122.24118441,E,0.0045,3214.56,9719.93,47.67621518,-122.24118441
2398467,2026-05-31T10:14:41,309.1,0.004,F,3358.83,9604.33,47.6762152,-122.24118444,E,0.003,3214.56,9719.93,47.6762152,-122.24118444
2399537,2026-05-31T10:14:42,300.66,0.003,F,3358.83,9604.33,47.67621521,-122.24118447,E,0.0022,3214.56,9719.93,47.67621521,-122.24118447
2400609,2026-05-31T10:14:43,266.16,0.002,F,3358.83,9604.33,47.67621521,-122.24118449,E,0.0015,3214.56,9719.93,47.67621521,-122.24118449
2401695,2026-05-31T10:14:45,222.12,0.032,F,3358.82,9604.33,47.67621503,-122.24118472,E,0.0239,3214.54,9719.91,47.67621503,-122.24118472
2402765,2026-05-31T10:14:46,204.06,0.048,F,3358.79,9604.3,47.67621472,-122.24118493,E,0.0358,3214.52,9719.87,47.67621472,-122.24118493
2403835,2026-05-31T10:14:47,198.22,0.048,F,3358.77,9604.27,47.67621439,-122.24118509,E,0.0358,3214.51,9719.84,47.67621439,-122.24118509
2404915,2026-05-31T10:14:48,200.51,0.045,F,3358.75,9604.21,47.67621409,-122.24118526,E,0.0335,3214.5,9719.8,47.67621409,-122.24118526
2405994,2026-05-31T10:14:49,199.42,0.032,F,3358.73,9604.2,47.67621387,-122.24118537,E,0.0239,3214.49,9719.78,47.67621387,-122.24118537
2407072,2026-05-31T10:14:50,199.5,0.09,F,3358.7,9604.12,47.67621326,-122.2411857,E,0.0671,3214.47,9719.71,47.67621326,-122.2411857
2408151,2026-05-31T10:14:51,198.5,0.063,F,3358.67,9604.03,47.67621283,-122.24118591,E,0.047,3214.45,9719.66,47.67621283,-122.24118591
2409221,2026-05-31T10:14:52,206.16,0.044,F,3358.65,9603.97,47.67621254,-122.24118612,E,0.0328,3214.43,9719.63,47.67621254,-122.24118612
2410299,2026-05-31T10:14:53,211.15,0.112,F,3358.61,9603.88,47.67621185,-122.24118674,E,0.0835,3214.39,9719.56,47.67621185,-122.24118674
2411378,2026-05-31T10:14:54,210.44,0.091,F,3358.55,9603.78,47.67621128,-122.24118723,E,0.0678,3214.35,9719.49,47.67621128,-122.24118723
2412448,2026-05-31T10:14:55,207.89,0.064,F,3358.51,9603.68,47.67621088,-122.24118755,E,0.0477,3214.33,9719.45,47.67621088,-122.24118755
2413517,2026-05-31T10:14:56,206.52,0.045,F,3358.49,9603.64,47.67621059,-122.24118776,E,0.0335,3214.31,9719.41,47.67621059,-122.24118776
2414596,2026-05-31T10:14:57,213.06,0.047,F,3358.46,9603.62,47.67621031,-122.24118804,E,0.035,3214.29,9719.38,47.67621031,-122.24118804
2415676,2026-05-31T10:14:59,218.99,0.085,F,3358.41,9603.54,47.67620983,-122.24118861,E,0.0634,3214.25,9719.33,47.67620983,-122.24118861
2416747,2026-05-31T10:15:00,223.98,0.06,F,3358.36,9603.46,47.67620952,-122.24118905,E,0.0447,3214.21,9719.3,47.67620952,-122.24118905
2417829,2026-05-31T10:15:01,225.85,0.057,F,3358.32,9603.45,47.67620923,-122.24118949,E,0.0425,3214.18,9719.26,47.67620923,-122.24118949
2418918,2026-05-31T10:15:02,216.84,0.052,F,3358.27,9603.42,47.67620893,-122.24118983,E,0.0388,3214.16,9719.23,47.67620893,-122.24118983
2419996,2026-05-31T10:15:03,218.86,0.036,F,3358.25,9603.41,47.67620872,-122.24119007,E,0.0268,3214.14,9719.21,47.67620872,-122.24119007
2421075,2026-05-31T10:15:04,218.18,0.054,F,3358.22,9603.41,47.67620842,-122.24119043,E,0.0403,3214.11,9719.17,47.67620842,-122.24119043
2422166,2026-05-31T10:15:05,205.94,0.038,F,3358.19,9603.39,47.67620817,-122.24119061,E,0.0283,3214.1,9719.15,47.67620817,-122.24119061
2423254,2026-05-31T10:15:06,196.62,0.026,F,3358.18,9603.38,47.67620799,-122.24119069,E,0.0194,3214.09,9719.13,47.67620799,-122.24119069
2424314,2026-05-31T10:15:07,184.86,0.035,F,3358.18,9603.38,47.67620774,-122.24119072,E,0.0261,3214.09,9719.1,47.67620774,-122.24119072
2425393,2026-05-31T10:15:08,166.13,0.052,F,3358.18,9603.34,47.67620737,-122.24119059,E,0.0388,3214.1,9719.06,47.67620737,-122.24119059
2426481,2026-05-31T10:15:09,148.52,0.036,F,3358.21,9603.32,47.67620715,-122.24119038,E,0.0268,3214.11,9719.03,47.67620715,-122.24119038
2427550,2026-05-31T10:15:10,138.67,0.057,F,3358.23,9603.32,47.67620684,-122.24118998,E,0.0425,3214.14,9719,47.67620684,-122.24118998
2428629,2026-05-31T10:15:12,160.85,0.094,F,3358.28,9603.23,47.6762062,-122.24118965,E,0.0701,3214.17,9718.93,47.6762062,-122.24118965
2429718,2026-05-31T10:15:13,174.52,0.077,F,3358.3,9603.12,47.67620564,-122.24118957,E,0.0574,3214.18,9718.86,47.67620564,-122.24118957
2430784,2026-05-31T10:15:14,191.13,0.054,F,3358.3,9603.03,47.67620527,-122.24118968,E,0.0403,3214.17,9718.82,47.67620527,-122.24118968
2431863,2026-05-31T10:15:15,206.16,0.079,F,3358.27,9602.94,47.67620475,-122.24119006,E,0.0589,3214.14,9718.77,47.67620475,-122.24119006
2432937,2026-05-31T10:15:16,233.07,0.086,F,3358.22,9602.84,47.67620438,-122.24119079,E,0.0641,3214.08,9718.72,47.67620438,-122.24119079
2434008,2026-05-31T10:15:17,278.12,0.106,F,3358.14,9602.84,47.67620449,-122.24119191,E,0.079,3214,9718.74,47.67620449,-122.24119191
2435087,2026-05-31T10:15:18,288.85,0.113,F,3358.01,9602.84,47.67620475,-122.24119305,E,0.0842,3213.91,9718.77,47.67620475,-122.24119305
2436160,2026-05-31T10:15:19,308.69,0.079,F,3357.92,9602.85,47.67620511,-122.24119371,E,0.0589,3213.86,9718.8,47.67620511,-122.24119371
2437239,2026-05-31T10:15:20,322.34,0.055,F,3357.87,9602.88,47.67620542,-122.24119407,E,0.041,3213.84,9718.84,47.67620542,-122.24119407
2438318,2026-05-31T10:15:21,350.8,0.039,F,3357.85,9602.9,47.6762057,-122.24119414,E,0.0291,3213.83,9718.87,47.6762057,-122.24119414
2439397,2026-05-31T10:15:22,10.97,0.027,F,3357.85,9602.91,47.67620589,-122.24119408,E,0.0201,3213.84,9718.89,47.67620589,-122.24119408
2440477,2026-05-31T10:15:23,19.62,0.019,F,3357.85,9602.91,47.67620602,-122.24119401,E,0.0142,3213.84,9718.91,47.67620602,-122.24119401
2441542,2026-05-31T10:15:24,25.51,0.013,F,3357.85,9602.91,47.67620611,-122.24119395,E,0.0097,3213.85,9718.92,47.67620611,-122.24119395
2442606,2026-05-31T10:15:25,27.93,0.009,F,3357.85,9602.91,47.67620616,-122.24119391,E,0.0067,3213.85,9718.92,47.67620616,-122.24119391
2443685,2026-05-31T10:15:27,29.42,0.006,F,3357.85,9602.91,47.6762062,-122.24119388,E,0.0045,3213.85,9718.93,47.6762062,-122.24119388
2444781,2026-05-31T10:15:28,34.88,0.004,F,3357.85,9602.91,47.67620622,-122.24119385,E,0.003,3213.85,9718.93,47.67620622,-122.24119385
2445853,2026-05-31T10:15:29,34.38,0.003,F,3357.85,9602.91,47.67620624,-122.24119383,E,0.0022,3213.86,9718.93,47.67620624,-122.24119383
2446933,2026-05-31T10:15:30,28.79,0.002,F,3357.85,9602.91,47.67620625,-122.24119382,E,0.0015,3213.86,9718.93,47.67620625,-122.24119382
2447986,2026-05-31T10:15:31,25.08,0.002,F,3357.85,9602.91,47.67620627,-122.24119382,E,0.0015,3213.86,9718.93,47.67620627,-122.24119382
2449057,2026-05-31T10:15:32,20.16,0.014,F,3357.85,9602.91,47.67620636,-122.24119376,E,0.0104,3213.86,9718.94,47.67620636,-122.24119376
2450136,2026-05-31T10:15:33,22.1,0.085,F,3357.86,9602.94,47.67620693,-122.24119342,E,0.0634,3213.89,9719.01,47.67620693,-122.24119342
2451225,2026-05-31T10:15:34,21.53,0.073,F,3357.89,9603.04,47.67620743,-122.24119313,E,0.0544,3213.91,9719.06,47.67620743,-122.24119313
2452326,2026-05-31T10:15:35,18.64,0.05,F,3357.91,9603.13,47.67620777,-122.24119296,E,0.0373,3213.92,9719.1,47.67620777,-122.24119296
2453405,2026-05-31T10:15:36,15.04,0.035,F,3357.92,9603.14,47.67620802,-122.24119286,E,0.0261,3213.93,9719.13,47.67620802,-122.24119286
2454484,2026-05-31T10:15:37,11.32,0.025,F,3357.92,9603.15,47.6762082,-122.24119281,E,0.0186,3213.93,9719.15,47.6762082,-122.24119281
2455563,2026-05-31T10:15:38,4.33,0.073,F,3357.93,9603.21,47.67620872,-122.24119275,E,0.0544,3213.94,9719.21,47.67620872,-122.24119275
2456641,2026-05-31T10:15:40,358.72,0.104,F,3357.93,9603.31,47.67620947,-122.24119277,E,0.0775,3213.94,9719.29,47.67620947,-122.24119277
2457720,2026-05-31T10:15:41,357.14,0.127,F,3357.93,9603.42,47.67621039,-122.24119284,E,0.0947,3213.93,9719.39,47.67621039,-122.24119284
2458817,2026-05-31T10:15:42,351.36,0.1,F,3357.91,9603.53,47.67621112,-122.241193,E,0.0746,3213.92,9719.47,47.67621112,-122.241193
2459897,2026-05-31T10:15:43,355.97,0.07,F,3357.91,9603.63,47.67621162,-122.24119306,E,0.0522,3213.91,9719.53,47.67621162,-122.24119306
2460973,2026-05-31T10:15:44,8.58,0.065,F,3357.91,9603.73,47.67621208,-122.24119295,E,0.0485,3213.92,9719.58,47.67621208,-122.24119295
2462052,2026-05-31T10:15:45,14.51,0.059,F,3357.92,9603.83,47.6762125,-122.2411928,E,0.044,3213.93,9719.63,47.6762125,-122.2411928
2463131,2026-05-31T10:15:46,19.85,0.041,F,3357.95,9603.87,47.67621278,-122.24119265,E,0.0306,3213.94,9719.66,47.67621278,-122.24119265
2464202,2026-05-31T10:15:47,47.06,0.029,F,3357.97,9603.88,47.67621292,-122.24119242,E,0.0216,3213.96,9719.67,47.67621292,-122.24119242
2465273,2026-05-31T10:15:48,79.74,0.02,F,3358,9603.88,47.67621294,-122.24119221,E,0.0149,3213.98,9719.68,47.67621294,-122.24119221
2466352,2026-05-31T10:15:49,83.15,0.014,F,3358.02,9603.88,47.67621295,-122.24119206,E,0.0104,3213.99,9719.68,47.67621295,-122.24119206
2467414,2026-05-31T10:15:50,95.12,0.01,F,3358.03,9603.88,47.67621295,-122.24119196,E,0.0075,3214,9719.68,47.67621295,-122.24119196
2468504,2026-05-31T10:15:51,120.57,0.007,F,3358.04,9603.88,47.67621292,-122.24119189,E,0.0052,3214,9719.67,47.67621292,-122.24119189
2469558,2026-05-31T10:15:52,130.51,0.005,F,3358.04,9603.88,47.6762129,-122.24119185,E,0.0037,3214,9719.67,47.6762129,-122.24119185
2470620,2026-05-31T10:15:53,128.41,0.003,F,3358.04,9603.88,47.67621289,-122.24119183,E,0.0022,3214.01,9719.67,47.67621289,-122.24119183
2471691,2026-05-31T10:15:55,126.27,0.002,F,3358.04,9603.88,47.67621288,-122.24119181,E,0.0015,3214.01,9719.67,47.67621288,-122.24119181
2472770,2026-05-31T10:15:56,116.22,0.002,F,3358.04,9603.88,47.67621287,-122.24119179,E,0.0015,3214.01,9719.67,47.67621287,-122.24119179
2473858,2026-05-31T10:15:57,124.43,0.001,F,3358.04,9603.88,47.67621287,-122.24119178,E,0.0007,3214.01,9719.67,47.67621287,-122.24119178
2474937,2026-05-31T10:15:58,144.41,0.027,F,3358.05,9603.88,47.67621271,-122.24119161,E,0.0201,3214.02,9719.65,47.67621271,-122.24119161
2476017,2026-05-31T10:15:59,159.36,0.031,F,3358.07,9603.87,47.6762125,-122.2411915,E,0.0231,3214.03,9719.63,47.6762125,-122.2411915
2477097,2026-05-31T10:16:00,158.77,0.107,F,3358.1,9603.81,47.67621178,-122.24119108,E,0.0798,3214.06,9719.55,47.67621178,-122.24119108
2478167,2026-05-31T10:16:01,158.78,0.087,F,3358.14,9603.7,47.6762112,-122.24119075,E,0.0649,3214.09,9719.48,47.6762112,-122.24119075
2479238,2026-05-31T10:16:02,153.87,0.073,F,3358.17,9603.6,47.67621073,-122.2411904,E,0.0544,3214.11,9719.43,47.67621073,-122.2411904
2480318,2026-05-31T10:16:03,146.57,0.081,F,3358.2,9603.51,47.67621024,-122.24118993,E,0.0604,3214.15,9719.38,47.67621024,-122.24118993
2481398,2026-05-31T10:16:04,143.41,0.071,F,3358.25,9603.41,47.67620982,-122.24118947,E,0.0529,3214.18,9719.33,47.67620982,-122.24118947
2482480,2026-05-31T10:16:05,134.86,0.081,F,3358.3,9603.35,47.67620941,-122.24118886,E,0.0604,3214.23,9719.28,47.67620941,-122.24118886
2483559,2026-05-31T10:16:06,120.78,0.097,F,3358.38,9603.26,47.67620905,-122.24118796,E,0.0723,3214.3,9719.24,47.67620905,-122.24118796
2484631,2026-05-31T10:16:08,111.45,0.068,F,3358.46,9603.25,47.67620887,-122.24118729,E,0.0507,3214.35,9719.22,47.67620887,-122.24118729
2485701,2026-05-31T10:16:09,114.6,0.073,F,3358.54,9603.24,47.67620866,-122.24118658,E,0.0544,3214.4,9719.2,47.67620866,-122.24118658
2486779,2026-05-31T10:16:10,133.36,0.051,F,3358.59,9603.23,47.6762084,-122.24118619,E,0.038,3214.43,9719.17,47.6762084,-122.24118619
2487852,2026-05-31T10:16:11,162.62,0.036,F,3358.62,9603.22,47.67620816,-122.24118607,E,0.0268,3214.44,9719.14,47.67620816,-122.24118607
2488939,2026-05-31T10:16:12,171.46,0.025,F,3358.62,9603.21,47.67620798,-122.24118603,E,0.0186,3214.44,9719.12,47.67620798,-122.24118603
2490020,2026-05-31T10:16:13,172.3,0.017,F,3358.62,9603.21,47.67620785,-122.24118601,E,0.0127,3214.44,9719.11,47.67620785,-122.24118601
2491094,2026-05-31T10:16:14,165.01,0.012,F,3358.62,9603.21,47.67620777,-122.24118597,E,0.0089,3214.45,9719.1,47.67620777,-122.24118597
2492173,2026-05-31T10:16:15,146.94,0.024,F,3358.62,9603.21,47.67620763,-122.24118583,E,0.0179,3214.46,9719.08,47.67620763,-122.24118583
2493243,2026-05-31T10:16:16,133.39,0.017,F,3358.65,9603.21,47.67620754,-122.2411857,E,0.0127,3214.47,9719.08,47.67620754,-122.2411857
2494313,2026-05-31T10:16:17,147.59,0.012,F,3358.65,9603.21,47.67620747,-122.24118563,E,0.0089,3214.47,9719.07,47.67620747,-122.24118563
2495383,2026-05-31T10:16:18,161.37,0.008,F,3358.65,9603.21,47.67620741,-122.24118561,E,0.006,3214.47,9719.06,47.67620741,-122.24118561
2496461,2026-05-31T10:16:19,172.07,0.006,F,3358.65,9603.21,47.67620737,-122.2411856,E,0.0045,3214.47,9719.06,47.67620737,-122.2411856
2497540,2026-05-31T10:16:20,175.6,0.004,F,3358.65,9603.21,47.67620734,-122.2411856,E,0.003,3214.47,9719.05,47.67620734,-122.2411856
2498619,2026-05-31T10:16:21,167.13,0.003,F,3358.65,9603.21,47.67620732,-122.24118559,E,0.0022,3214.47,9719.05,47.67620732,-122.24118559
2499690,2026-05-31T10:16:23,156.22,0.002,F,3358.65,9603.21,47.67620731,-122.24118558,E,0.0015,3214.48,9719.05,47.67620731,-122.24118558
2500769,2026-05-31T10:16:24,149.39,0.001,F,3358.65,9603.21,47.6762073,-122.24118557,E,0.0007,3214.48,9719.05,47.6762073,-122.24118557
2501848,2026-05-31T10:16:25,120.37,0.001,F,3358.65,9603.21,47.6762073,-122.24118557,E,0.0007,3214.48,9719.05,47.6762073,-122.24118557
2502945,2026-05-31T10:16:26,100.05,0.013,F,3358.67,9603.21,47.67620728,-122.24118543,E,0.0097,3214.49,9719.05,47.67620728,-122.24118543
2504015,2026-05-31T10:16:27,90.35,0.009,F,3358.68,9603.21,47.67620728,-122.24118533,E,0.0067,3214.49,9719.05,47.67620728,-122.24118533
2505094,2026-05-31T10:16:28,54.07,0.053,F,3358.69,9603.21,47.67620751,-122.24118487,E,0.0395,3214.53,9719.07,47.67620751,-122.24118487
2506172,2026-05-31T10:16:29,38.51,0.049,F,3358.73,9603.22,47.67620778,-122.24118454,E,0.0365,3214.55,9719.1,47.67620778,-122.24118454
2507242,2026-05-31T10:16:30,31.36,0.034,F,3358.76,9603.23,47.67620799,-122.24118436,E,0.0253,3214.57,9719.13,47.67620799,-122.24118436
2508312,2026-05-31T10:16:31,24.64,0.024,F,3358.78,9603.23,47.67620815,-122.24118425,E,0.0179,3214.58,9719.14,47.67620815,-122.24118425
2509401,2026-05-31T10:16:32,21.58,0.044,F,3358.79,9603.24,47.67620845,-122.24118407,E,0.0328,3214.59,9719.18,47.67620845,-122.24118407
2510470,2026-05-31T10:16:33,28.26,0.031,F,3358.82,9603.25,47.67620864,-122.24118392,E,0.0231,3214.6,9719.2,47.67620864,-122.24118392
2511549,2026-05-31T10:16:34,37.15,0.037,F,3358.84,9603.26,47.67620885,-122.24118368,E,0.0276,3214.62,9719.22,47.67620885,-122.24118368
2512653,2026-05-31T10:16:36,42.81,0.078,F,3358.89,9603.34,47.67620928,-122.2411831,E,0.0581,3214.66,9719.27,47.67620928,-122.2411831
2513741,2026-05-31T10:16:37,43.45,0.054,F,3358.94,9603.39,47.67620956,-122.2411827,E,0.0403,3214.69,9719.3,47.67620956,-122.2411827
2514819,2026-05-31T10:16:38,43.72,0.038,F,3358.97,9603.4,47.67620976,-122.24118242,E,0.0283,3214.71,9719.32,47.67620976,-122.24118242
2515864,2026-05-31T10:16:39,44.22,0.027,F,3359,9603.4,47.6762099,-122.24118222,E,0.0201,3214.73,9719.34,47.6762099,-122.24118222
2516935,2026-05-31T10:16:40,47.63,0.019,F,3359.02,9603.4,47.67620999,-122.24118207,E,0.0142,3214.74,9719.35,47.67620999,-122.24118207
2518013,2026-05-31T10:16:41,48.17,0.013,F,3359.03,9603.4,47.67621005,-122.24118197,E,0.0097,3214.75,9719.35,47.67621005,-122.24118197
2519085,2026-05-31T10:16:42,42.02,0.036,F,3359.06,9603.4,47.67621024,-122.24118171,E,0.0268,3214.77,9719.38,47.67621024,-122.24118171
2520164,2026-05-31T10:16:43,42.02,0.025,F,3359.08,9603.4,47.67621038,-122.24118153,E,0.0186,3214.78,9719.39,47.67621038,-122.24118153
2521240,2026-05-31T10:16:44,46.61,0.018,F,3359.11,9603.4,47.67621047,-122.24118139,E,0.0134,3214.79,9719.4,47.67621047,-122.24118139
2522312,2026-05-31T10:16:45,62.26,0.012,F,3359.12,9603.4,47.67621051,-122.24118128,E,0.0089,3214.8,9719.41,47.67621051,-122.24118128
2523391,2026-05-31T10:16:46,70.27,0.021,F,3359.14,9603.4,47.67621056,-122.24118107,E,0.0157,3214.81,9719.41,47.67621056,-122.24118107
2524470,2026-05-31T10:16:47,68.86,0.014,F,3359.17,9603.4,47.67621059,-122.24118093,E,0.0104,3214.82,9719.42,47.67621059,-122.24118093
2525559,2026-05-31T10:16:48,65.27,0.073,F,3359.19,9603.4,47.67621082,-122.24118021,E,0.0544,3214.88,9719.44,47.67621082,-122.24118021
2526637,2026-05-31T10:16:50,55.59,0.158,F,3359.31,9603.48,47.67621146,-122.24117881,E,0.1178,3214.98,9719.51,47.67621146,-122.24117881
2527707,2026-05-31T10:16:51,47.57,0.126,F,3359.43,9603.58,47.67621207,-122.24117783,E,0.0939,3215.06,9719.58,47.67621207,-122.24117783
2528785,2026-05-31T10:16:52,45.04,0.12,F,3359.51,9603.68,47.67621268,-122.24117692,E,0.0895,3215.13,9719.65,47.67621268,-122.24117692
2529863,2026-05-31T10:16:53,46.92,0.176,F,3359.64,9603.79,47.67621355,-122.24117554,E,0.1312,3215.23,9719.74,47.67621355,-122.24117554
2530933,2026-05-31T10:16:54,46.7,0.135,F,3359.77,9603.89,47.67621421,-122.2411745,E,0.1006,3215.31,9719.82,47.67621421,-122.2411745
2532023,2026-05-31T10:16:55,46.12,0.177,F,3359.89,9604,47.67621511,-122.24117312,E,0.132,3215.41,9719.92,47.67621511,-122.24117312
2533094,2026-05-31T10:16:56,44.01,0.124,F,3360,9604.11,47.67621575,-122.2411722,E,0.0924,3215.48,9719.99,47.67621575,-122.2411722
2534173,2026-05-31T10:16:57,38.95,0.172,F,3360.1,9604.22,47.67621672,-122.24117104,E,0.1282,3215.57,9720.1,47.67621672,-122.24117104
2535233,2026-05-31T10:16:58,30.9,0.16,F,3360.2,9604.36,47.67621769,-122.24117018,E,0.1193,3215.63,9720.21,47.67621769,-122.24117018
2536312,2026-05-31T10:16:59,24.5,0.14,F,3360.28,9604.47,47.67621861,-122.24116956,E,0.1044,3215.68,9720.31,47.67621861,-122.24116956
2537391,2026-05-31T10:17:00,16.68,0.169,F,3360.33,9604.61,47.67621978,-122.24116904,E,0.126,3215.72,9720.44,47.67621978,-122.24116904
2538463,2026-05-31T10:17:01,10.5,0.173,F,3360.38,9604.81,47.676221,-122.2411687,E,0.129,3215.74,9720.57,47.676221,-122.2411687
2539524,2026-05-31T10:17:02,4.49,0.121,F,3360.4,9604.96,47.67622186,-122.2411686,E,0.0902,3215.75,9720.67,47.67622186,-122.2411686
2540602,2026-05-31T10:17:03,354.08,0.101,F,3360.4,9605.07,47.67622258,-122.24116871,E,0.0753,3215.74,9720.75,47.67622258,-122.24116871
2541664,2026-05-31T10:17:05,350.07,0.098,F,3360.38,9605.18,47.67622327,-122.24116889,E,0.0731,3215.73,9720.83,47.67622327,-122.24116889
2542749,2026-05-31T10:17:06,359.59,0.068,F,3360.37,9605.28,47.67622377,-122.2411689,E,0.0507,3215.73,9720.88,47.67622377,-122.2411689
2543837,2026-05-31T10:17:07,8.57,0.064,F,3360.37,9605.37,47.67622423,-122.24116879,E,0.0477,3215.74,9720.93,47.67622423,-122.24116879
2544907,2026-05-31T10:17:08,12.25,0.07,F,3360.39,9605.47,47.67622472,-122.24116863,E,0.0522,3215.75,9720.99,47.67622472,-122.24116863
2545986,2026-05-31T10:17:09,8.84,0.049,F,3360.4,9605.56,47.67622507,-122.24116855,E,0.0365,3215.75,9721.03,47.67622507,-122.24116855
2547075,2026-05-31T10:17:10,357.43,0.034,F,3360.4,9605.57,47.67622531,-122.24116857,E,0.0253,3215.75,9721.05,47.67622531,-122.24116857
2548146,2026-05-31T10:17:11,354.04,0.085,F,3360.4,9605.6,47.67622592,-122.24116866,E,0.0634,3215.75,9721.12,47.67622592,-122.24116866
2549217,2026-05-31T10:17:12,350.34,0.098,F,3360.38,9605.71,47.67622661,-122.24116884,E,0.0731,3215.73,9721.2,47.67622661,-122.24116884
2550277,2026-05-31T10:17:13,354.66,0.084,F,3360.37,9605.81,47.67622721,-122.24116892,E,0.0626,3215.73,9721.26,47.67622721,-122.24116892
2551362,2026-05-31T10:17:14,357.17,0.058,F,3360.37,9605.91,47.67622763,-122.24116895,E,0.0432,3215.72,9721.31,47.67622763,-122.24116895
2552433,2026-05-31T10:17:15,355.58,0.041,F,3360.37,9605.96,47.67622792,-122.24116899,E,0.0306,3215.72,9721.34,47.67622792,-122.24116899
2553502,2026-05-31T10:17:16,351.45,0.043,F,3360.37,9605.98,47.67622823,-122.24116905,E,0.0321,3215.72,9721.38,47.67622823,-122.24116905
2554581,2026-05-31T10:17:17,341.58,0.03,F,3360.37,9605.99,47.67622843,-122.24116916,E,0.0224,3215.71,9721.4,47.67622843,-122.24116916
2555661,2026-05-31T10:17:19,338.85,0.021,F,3360.37,9605.99,47.67622857,-122.24116924,E,0.0157,3215.7,9721.42,47.67622857,-122.24116924
2556731,2026-05-31T10:17:20,343.91,0.015,F,3360.36,9605.99,47.67622868,-122.24116928,E,0.0112,3215.7,9721.43,47.67622868,-122.24116928
2557801,2026-05-31T10:17:21,3.01,0.01,F,3360.36,9605.99,47.67622875,-122.24116928,E,0.0075,3215.7,9721.44,47.67622875,-122.24116928
2558890,2026-05-31T10:17:22,14.87,0.007,F,3360.36,9605.99,47.6762288,-122.24116926,E,0.0052,3215.7,9721.44,47.6762288,-122.24116926
2559968,2026-05-31T10:17:23,29.38,0.005,F,3360.36,9605.99,47.67622883,-122.24116923,E,0.0037,3215.7,9721.45,47.67622883,-122.24116923
2561038,2026-05-31T10:17:24,50.98,0.004,F,3360.36,9605.99,47.67622885,-122.2411692,E,0.003,3215.71,9721.45,47.67622885,-122.2411692
2562127,2026-05-31T10:17:25,100.87,0.002,F,3360.36,9605.99,47.67622884,-122.24116918,E,0.0015,3215.71,9721.45,47.67622884,-122.24116918
2563207,2026-05-31T10:17:26,116.88,0.002,F,3360.36,9605.99,47.67622884,-122.24116916,E,0.0015,3215.71,9721.45,47.67622884,-122.24116916
2564286,2026-05-31T10:17:27,132.15,0.001,F,3360.36,9605.99,47.67622883,-122.24116915,E,0.0007,3215.71,9721.45,47.67622883,-122.24116915
2565366,2026-05-31T10:17:28,133.14,0.001,F,3360.36,9605.99,47.67622883,-122.24116914,E,0.0007,3215.71,9721.45,47.67622883,-122.24116914
2566436,2026-05-31T10:17:29,133.06,0.001,F,3360.36,9605.99,47.67622882,-122.24116913,E,0.0007,3215.71,9721.44,47.67622882,-122.24116913
2567506,2026-05-31T10:17:30,163.84,0.013,F,3360.37,9605.99,47.67622873,-122.24116909,E,0.0097,3215.71,9721.43,47.67622873,-122.24116909
2568595,2026-05-31T10:17:31,197.4,0.009,F,3360.37,9605.99,47.67622867,-122.24116912,E,0.0067,3215.71,9721.43,47.67622867,-122.24116912
2569665,2026-05-31T10:17:33,222.02,0.006,F,3360.37,9605.99,47.67622864,-122.24116917,E,0.0045,3215.71,9721.42,47.67622864,-122.24116917
2570726,2026-05-31T10:17:34,280.24,0.004,F,3360.37,9605.99,47.67622864,-122.24116921,E,0.003,3215.7,9721.42,47.67622864,-122.24116921
2571796,2026-05-31T10:17:35,324.01,0.003,F,3360.37,9605.99,47.67622866,-122.24116923,E,0.0022,3215.7,9721.43,47.67622866,-122.24116923
2572798,2026-05-31T10:17:36,331.83,0.002,F,3360.37,9605.99,47.67622867,-122.24116924,E,0.0015,3215.7,9721.43,47.67622867,-122.24116924
2573878,2026-05-31T10:17:37,341.8,0.002,F,3360.37,9605.99,47.67622869,-122.24116924,E,0.0015,3215.7,9721.43,47.67622869,-122.24116924
2574949,2026-05-31T10:17:38,333.11,0.001,F,3360.37,9605.99,47.67622869,-122.24116925,E,0.0007,3215.7,9721.43,47.67622869,-122.24116925
2576027,2026-05-31T10:17:39,336.52,0.046,F,3360.36,9605.99,47.676229,-122.24116944,E,0.0343,3215.69,9721.46,47.676229,-122.24116944
2577097,2026-05-31T10:17:40,346.2,0.045,F,3360.34,9606.04,47.67622931,-122.24116956,E,0.0335,3215.68,9721.5,47.67622931,-122.24116956
2578186,2026-05-31T10:17:41,350.92,0.031,F,3360.34,9606.05,47.67622953,-122.24116961,E,0.0231,3215.67,9721.52,47.67622953,-122.24116961
2579266,2026-05-31T10:17:42,341.42,0.022,F,3360.34,9606.05,47.67622969,-122.24116969,E,0.0164,3215.67,9721.54,47.67622969,-122.24116969
2580336,2026-05-31T10:17:43,331.25,0.015,F,3360.33,9606.05,47.67622978,-122.24116976,E,0.0112,3215.66,9721.55,47.67622978,-122.24116976
2581404,2026-05-31T10:17:44,327.77,0.121,F,3360.29,9606.12,47.67623051,-122.24117045,E,0.0902,3215.61,9721.63,47.67623051,-122.24117045
2582483,2026-05-31T10:17:45,337.13,0.111,F,3360.23,9606.23,47.67623125,-122.24117091,E,0.0828,3215.58,9721.71,47.67623125,-122.24117091
2583556,2026-05-31T10:17:46,345.1,0.078,F,3360.2,9606.33,47.67623179,-122.24117112,E,0.0581,3215.56,9721.78,47.67623179,-122.24117112
2584625,2026-05-31T10:17:48,307.45,0.083,F,3360.16,9606.43,47.67623215,-122.24117182,E,0.0619,3215.51,9721.82,47.67623215,-122.24117182
2585695,2026-05-31T10:17:49,262.67,0.07,F,3360.08,9606.43,47.67623209,-122.24117256,E,0.0522,3215.45,9721.81,47.67623209,-122.24117256
2586773,2026-05-31T10:17:50,251.19,0.049,F,3360.02,9606.43,47.67623198,-122.24117306,E,0.0365,3215.42,9721.8,47.67623198,-122.24117306
2587852,2026-05-31T10:17:51,245.48,0.066,F,3359.97,9606.43,47.67623178,-122.2411737,E,0.0492,3215.37,9721.77,47.67623178,-122.2411737
2588933,2026-05-31T10:17:52,229.72,0.071,F,3359.9,9606.38,47.67623145,-122.24117428,E,0.0529,3215.32,9721.74,47.67623145,-122.24117428
2590003,2026-05-31T10:17:53,222.67,0.049,F,3359.85,9606.37,47.67623119,-122.24117463,E,0.0365,3215.3,9721.71,47.67623119,-122.24117463
2591081,2026-05-31T10:17:54,225.24,0.051,F,3359.82,9606.36,47.67623093,-122.24117502,E,0.038,3215.27,9721.68,47.67623093,-122.24117502
2592161,2026-05-31T10:17:55,220.06,0.087,F,3359.77,9606.28,47.67623045,-122.24117562,E,0.0649,3215.22,9721.63,47.67623045,-122.24117562
2593257,2026-05-31T10:17:56,215.89,0.074,F,3359.71,9606.18,47.67623001,-122.24117609,E,0.0552,3215.19,9721.58,47.67623001,-122.24117609
2594319,2026-05-31T10:17:57,214.95,0.08,F,3359.66,9606.09,47.67622954,-122.24117658,E,0.0596,3215.15,9721.52,47.67622954,-122.24117658
2595400,2026-05-31T10:17:58,231.2,0.056,F,3359.61,9606.03,47.67622929,-122.24117705,E,0.0417,3215.12,9721.5,47.67622929,-122.24117705
2596451,2026-05-31T10:17:59,256.27,0.039,F,3359.56,9606.02,47.67622922,-122.24117744,E,0.0291,3215.09,9721.49,47.67622922,-122.24117744
2597530,2026-05-31T10:18:00,276.26,0.027,F,3359.53,9606.02,47.67622924,-122.24117773,E,0.0201,3215.06,9721.49,47.67622924,-122.24117773
2598609,2026-05-31T10:18:01,287.93,0.019,F,3359.51,9606.02,47.67622928,-122.24117792,E,0.0142,3215.05,9721.5,47.67622928,-122.24117792
2599681,2026-05-31T10:18:03,286.74,0.013,F,3359.48,9606.02,47.67622931,-122.24117805,E,0.0097,3215.04,9721.5,47.67622931,-122.24117805
2600760,2026-05-31T10:18:04,280.64,0.039,F,3359.46,9606.02,47.67622936,-122.24117847,E,0.0291,3215.01,9721.5,47.67622936,-122.24117847
2601840,2026-05-31T10:18:05,285.52,0.028,F,3359.43,9606.02,47.67622942,-122.24117875,E,0.0209,3214.99,9721.51,47.67622942,-122.24117875
2602927,2026-05-31T10:18:06,291.86,0.06,F,3359.38,9606.03,47.67622958,-122.24117936,E,0.0447,3214.94,9721.53,47.67622958,-122.24117936
2604005,2026-05-31T10:18:07,297.51,0.042,F,3359.33,9606.03,47.67622972,-122.24117975,E,0.0313,3214.91,9721.54,47.67622972,-122.24117975
2605084,2026-05-31T10:18:08,300.6,0.029,F,3359.3,9606.03,47.67622983,-122.24118002,E,0.0216,3214.89,9721.56,47.67622983,-122.24118002
2606153,2026-05-31T10:18:09,300.03,0.021,F,3359.28,9606.03,47.6762299,-122.24118021,E,0.0157,3214.88,9721.56,47.6762299,-122.24118021
2607213,2026-05-31T10:18:10,289.87,0.014,F,3359.25,9606.03,47.67622994,-122.24118035,E,0.0104,3214.87,9721.57,47.67622994,-122.24118035
2608299,2026-05-31T10:18:11,286.69,0.026,F,3359.24,9606.03,47.67622999,-122.24118062,E,0.0194,3214.85,9721.57,47.67622999,-122.24118062
2609360,2026-05-31T10:18:12,290.18,0.018,F,3359.21,9606.03,47.67623003,-122.2411808,E,0.0134,3214.83,9721.58,47.67623003,-122.2411808
2610439,2026-05-31T10:18:13,301.91,0.029,F,3359.2,9606.03,47.67623014,-122.24118106,E,0.0216,3214.81,9721.59,47.67623014,-122.24118106
2611523,2026-05-31T10:18:14,308.32,0.05,F,3359.17,9606.03,47.67623037,-122.24118149,E,0.0373,3214.78,9721.62,47.67623037,-122.24118149
2612601,2026-05-31T10:18:15,301.64,0.147,F,3359.08,9606.1,47.67623093,-122.24118283,E,0.1096,3214.68,9721.68,47.67623093,-122.24118283
2613680,2026-05-31T10:18:17,288.13,0.129,F,3358.94,9606.18,47.67623122,-122.24118414,E,0.0962,3214.58,9721.71,47.67623122,-122.24118414
2614759,2026-05-31T10:18:18,273.12,0.102,F,3358.82,9606.19,47.67623126,-122.24118523,E,0.076,3214.5,9721.72,47.67623126,-122.24118523
2615822,2026-05-31T10:18:19,270.75,0.118,F,3358.71,9606.19,47.67623127,-122.24118648,E,0.088,3214.41,9721.72,47.67623127,-122.24118648
2616893,2026-05-31T10:18:20,268.94,0.108,F,3358.59,9606.19,47.67623125,-122.24118762,E,0.0805,3214.32,9721.72,47.67623125,-122.24118762
2617972,2026-05-31T10:18:21,276.06,0.075,F,3358.49,9606.19,47.67623131,-122.24118842,E,0.0559,3214.26,9721.72,47.67623131,-122.24118842
2619040,2026-05-31T10:18:22,284.43,0.053,F,3358.42,9606.19,47.67623141,-122.24118897,E,0.0395,3214.22,9721.73,47.67623141,-122.24118897
2620120,2026-05-31T10:18:23,291.32,0.037,F,3358.38,9606.19,47.6762315,-122.24118934,E,0.0276,3214.19,9721.74,47.6762315,-122.24118934
2621189,2026-05-31T10:18:24,295.84,0.057,F,3358.34,9606.19,47.67623168,-122.24118988,E,0.0425,3214.15,9721.76,47.67623168,-122.24118988
2622259,2026-05-31T10:18:25,274.12,0.092,F,3358.25,9606.19,47.67623173,-122.24119086,E,0.0686,3214.08,9721.77,47.67623173,-122.24119086
2623345,2026-05-31T10:18:26,271.55,0.064,F,3358.17,9606.19,47.67623174,-122.24119155,E,0.0477,3214.03,9721.77,47.67623174,-122.24119155
2624423,2026-05-31T10:18:27,272.38,0.045,F,3358.11,9606.19,47.67623175,-122.24119203,E,0.0335,3213.99,9721.77,47.67623175,-122.24119203
2625502,2026-05-31T10:18:28,275.72,0.031,F,3358.07,9606.19,47.67623178,-122.24119236,E,0.0231,3213.97,9721.77,47.67623178,-122.24119236
2626572,2026-05-31T10:18:29,281.26,0.022,F,3358.04,9606.19,47.67623181,-122.24119259,E,0.0164,3213.95,9721.78,47.67623181,-122.24119259
2627641,2026-05-31T10:18:31,281.46,0.015,F,3358.02,9606.19,47.67623183,-122.24119274,E,0.0112,3213.94,9721.78,47.67623183,-122.24119274
2628694,2026-05-31T10:18:32,279.52,0.011,F,3358,9606.19,47.67623184,-122.24119286,E,0.0082,3213.93,9721.78,47.67623184,-122.24119286
2629763,2026-05-31T10:18:33,271.58,0.008,F,3358,9606.19,47.67623184,-122.24119294,E,0.006,3213.92,9721.78,47.67623184,-122.24119294
2630842,2026-05-31T10:18:34,269.85,0.005,F,3358,9606.19,47.67623184,-122.24119299,E,0.0037,3213.92,9721.78,47.67623184,-122.24119299
2631911,2026-05-31T10:18:35,278.93,0.004,F,3358,9606.19,47.67623185,-122.24119304,E,0.003,3213.92,9721.78,47.67623185,-122.24119304
2632990,2026-05-31T10:18:36,293.77,0.003,F,3358,9606.19,47.67623186,-122.24119307,E,0.0022,3213.91,9721.78,47.67623186,-122.24119307
2634069,2026-05-31T10:18:37,318.25,0.018,F,3358,9606.19,47.67623195,-122.24119319,E,0.0134,3213.9,9721.79,47.67623195,-122.24119319
2635148,2026-05-31T10:18:38,344.46,0.025,F,3357.98,9606.19,47.67623213,-122.24119327,E,0.0186,3213.9,9721.81,47.67623213,-122.24119327
2636220,2026-05-31T10:18:39,10.21,0.018,F,3357.98,9606.19,47.67623225,-122.24119323,E,0.0134,3213.9,9721.83,47.67623225,-122.24119323
2637290,2026-05-31T10:18:40,20.88,0.012,F,3357.98,9606.19,47.67623233,-122.24119319,E,0.0089,3213.9,9721.84,47.67623233,-122.24119319
2638386,2026-05-31T10:18:41,35.34,0.009,F,3357.98,9606.19,47.67623239,-122.24119313,E,0.0067,3213.91,9721.84,47.67623239,-122.24119313
2639464,2026-05-31T10:18:42,48.35,0.006,F,3357.98,9606.19,47.67623242,-122.24119308,E,0.0045,3213.91,9721.84,47.67623242,-122.24119308
2640570,2026-05-31T10:18:43,63.17,0.004,F,3357.98,9606.19,47.67623243,-122.24119304,E,0.003,3213.91,9721.85,47.67623243,-122.24119304
2641649,2026-05-31T10:18:45,73.08,0.003,F,3357.98,9606.19,47.67623244,-122.24119301,E,0.0022,3213.92,9721.85,47.67623244,-122.24119301
2642728,2026-05-31T10:18:46,76.46,0.002,F,3357.98,9606.19,47.67623244,-122.24119299,E,0.0015,3213.92,9721.85,47.67623244,-122.24119299
2643806,2026-05-31T10:18:47,74.78,0.001,F,3357.98,9606.19,47.67623244,-122.24119298,E,0.0007,3213.92,9721.85,47.67623244,-122.24119298
2644885,2026-05-31T10:18:48,74.5,0.001,F,3357.98,9606.19,47.67623244,-122.24119297,E,0.0007,3213.92,9721.85,47.67623244,-122.24119297
2645951,2026-05-31T10:18:49,70.74,0.001,F,3357.98,9606.19,47.67623245,-122.24119296,E,0.0007,3213.92,9721.85,47.67623245,-122.24119296
2647030,2026-05-31T10:18:50,64.51,0,F,3357.98,9606.19,47.67623245,-122.24119296,E,0,3213.92,9721.85,47.67623245,-122.24119296
2648110,2026-05-31T10:18:51,58.44,0,F,3357.98,9606.19,47.67623245,-122.24119296,E,0,3213.92,9721.85,47.67623245,-122.24119296
2649188,2026-05-31T10:18:52,52.33,0,F,3357.98,9606.19,47.67623245,-122.24119296,E,0,3213.92,9721.85,47.67623245,-122.24119296
2650256,2026-05-31T10:18:53,40.1,0.013,F,3357.99,9606.19,47.67623252,-122.24119287,E,0.0097,3213.93,9721.86,47.67623252,-122.24119287
2651317,2026-05-31T10:18:54,34.36,0.009,F,3357.99,9606.19,47.67623257,-122.24119282,E,0.0067,3213.93,9721.86,47.67623257,-122.24119282
2652371,2026-05-31T10:18:55,27.33,0.007,F,3357.99,9606.19,47.67623261,-122.24119279,E,0.0052,3213.93,9721.87,47.67623261,-122.24119279
2653459,2026-05-31T10:18:56,30.79,0.02,F,3357.99,9606.19,47.67623274,-122.24119267,E,0.0149,3213.94,9721.88,47.67623274,-122.24119267
2654547,2026-05-31T10:18:57,35.76,0.026,F,3358.01,9606.19,47.67623289,-122.24119251,E,0.0194,3213.95,9721.9,47.67623289,-122.24119251
2655625,2026-05-31T10:18:59,43.38,0.018,F,3358.03,9606.19,47.67623299,-122.24119238,E,0.0134,3213.96,9721.91,47.67623299,-122.24119238
2656686,2026-05-31T10:19:00,68.73,0.013,F,3358.05,9606.19,47.67623302,-122.24119225,E,0.0097,3213.97,9721.91,47.67623302,-122.24119225
2657774,2026-05-31T10:19:01,86.51,0.009,F,3358.05,9606.19,47.67623302,-122.24119215,E,0.0067,3213.98,9721.91,47.67623302,-122.24119215
2658853,2026-05-31T10:19:02,103.66,0.006,F,3358.06,9606.19,47.67623301,-122.24119209,E,0.0045,3213.99,9721.91,47.67623301,-122.24119209
2659933,2026-05-31T10:19:03,108.12,0.004,F,3358.06,9606.19,47.67623301,-122.24119205,E,0.003,3213.99,9721.91,47.67623301,-122.24119205
2661012,2026-05-31T10:19:04,108.8,0.003,F,3358.06,9606.19,47.676233,-122.24119202,E,0.0022,3213.99,9721.91,47.676233,-122.24119202
2662084,2026-05-31T10:19:05,106.87,0.002,F,3358.06,9606.19,47.67623299,-122.241192,E,0.0015,3213.99,9721.91,47.67623299,-122.241192
2663175,2026-05-31T10:19:06,112.83,0.001,F,3358.06,9606.19,47.67623299,-122.24119199,E,0.0007,3213.99,9721.91,47.67623299,-122.24119199
2664254,2026-05-31T10:19:07,101.81,0.001,F,3358.06,9606.19,47.67623299,-122.24119198,E,0.0007,3213.99,9721.91,47.67623299,-122.24119198
2665323,2026-05-31T10:19:08,92.83,0.043,F,3358.08,9606.19,47.67623297,-122.24119152,E,0.0321,3214.03,9721.91,47.67623297,-122.24119152
2666393,2026-05-31T10:19:09,90.41,0.03,F,3358.12,9606.19,47.67623297,-122.2411912,E,0.0224,3214.05,9721.91,47.67623297,-122.2411912
2667479,2026-05-31T10:19:10,92.47,0.021,F,3358.14,9606.19,47.67623297,-122.24119098,E,0.0157,3214.07,9721.91,47.67623297,-122.24119098
2668549,2026-05-31T10:19:11,95.11,0.015,F,3358.17,9606.19,47.67623296,-122.24119082,E,0.0112,3214.08,9721.9,47.67623296,-122.24119082
2669620,2026-05-31T10:19:12,97.29,0.025,F,3358.19,9606.19,47.67623293,-122.24119056,E,0.0186,3214.1,9721.9,47.67623293,-122.24119056
2670704,2026-05-31T10:19:14,100.77,0.029,F,3358.22,9606.19,47.6762329,-122.24119025,E,0.0216,3214.12,9721.9,47.6762329,-122.24119025
2671782,2026-05-31T10:19:15,100.35,0.021,F,3358.25,9606.19,47.67623287,-122.24119003,E,0.0157,3214.14,9721.89,47.67623287,-122.24119003
2672861,2026-05-31T10:19:16,93.92,0.014,F,3358.27,9606.19,47.67623286,-122.24118988,E,0.0104,3214.15,9721.89,47.67623286,-122.24118988
2673931,2026-05-31T10:19:17,92.82,0.01,F,3358.29,9606.19,47.67623286,-122.24118977,E,0.0075,3214.16,9721.89,47.67623286,-122.24118977
2675001,2026-05-31T10:19:18,92.01,0.007,F,3358.29,9606.19,47.67623286,-122.2411897,E,0.0052,3214.17,9721.89,47.67623286,-122.2411897
2676080,2026-05-31T10:19:19,87.3,0.005,F,3358.29,9606.19,47.67623286,-122.24118964,E,0.0037,3214.17,9721.89,47.67623286,-122.24118964
2677158,2026-05-31T10:19:20,72.78,0.003,F,3358.29,9606.19,47.67623286,-122.24118961,E,0.0022,3214.17,9721.89,47.67623286,-122.24118961
2678227,2026-05-31T10:19:21,68.46,0.002,F,3358.29,9606.19,47.67623287,-122.24118959,E,0.0015,3214.17,9721.89,47.67623287,-122.24118959
2679288,2026-05-31T10:19:22,64.45,0.002,F,3358.29,9606.19,47.67623288,-122.24118957,E,0.0015,3214.18,9721.9,47.67623288,-122.24118957
2680351,2026-05-31T10:19:23,47.43,0.017,F,3358.29,9606.19,47.67623296,-122.24118944,E,0.0127,3214.19,9721.9,47.67623296,-122.24118944
2681431,2026-05-31T10:19:24,43.09,0.055,F,3358.32,9606.19,47.67623325,-122.24118904,E,0.041,3214.22,9721.94,47.67623325,-122.24118904
2682502,2026-05-31T10:19:25,51.74,0.077,F,3358.38,9606.28,47.67623359,-122.2411884,E,0.0574,3214.26,9721.98,47.67623359,-122.2411884
2683573,2026-05-31T10:19:26,69.88,0.054,F,3358.43,9606.29,47.67623372,-122.24118786,E,0.0403,3214.3,9721.99,47.67623372,-122.24118786
2684652,2026-05-31T10:19:28,78.98,0.037,F,3358.49,9606.29,47.67623377,-122.24118747,E,0.0276,3214.33,9722,47.67623377,-122.24118747
2685741,2026-05-31T10:19:29,69.46,0.026,F,3358.51,9606.29,47.67623384,-122.24118721,E,0.0194,3214.35,9722,47.67623384,-122.24118721
2686820,2026-05-31T10:19:30,62.49,0.075,F,3358.56,9606.29,47.67623409,-122.24118649,E,0.0559,3214.41,9722.03,47.67623409,-122.24118649
2687891,2026-05-31T10:19:31,61.08,0.078,F,3358.64,9606.3,47.67623436,-122.24118577,E,0.0581,3214.46,9722.06,47.67623436,-122.24118577
2688969,2026-05-31T10:19:32,67.2,0.096,F,3358.72,9606.31,47.67623463,-122.24118482,E,0.0716,3214.53,9722.09,47.67623463,-122.24118482
2690031,2026-05-31T10:19:33,70.62,0.067,F,3358.8,9606.32,47.67623479,-122.24118415,E,0.0499,3214.58,9722.11,47.67623479,-122.24118415
2691110,2026-05-31T10:19:34,82.22,0.088,F,3358.89,9606.32,47.67623487,-122.24118322,E,0.0656,3214.65,9722.12,47.67623487,-122.24118322
2692198,2026-05-31T10:19:35,84.74,0.074,F,3358.98,9606.32,47.67623492,-122.24118242,E,0.0552,3214.71,9722.12,47.67623492,-122.24118242
2693280,2026-05-31T10:19:36,83.41,0.051,F,3359.05,9606.32,47.67623497,-122.24118188,E,0.038,3214.75,9722.13,47.67623497,-122.24118188
2694359,2026-05-31T10:19:37,81.93,0.036,F,3359.1,9606.32,47.676235,-122.2411815,E,0.0268,3214.78,9722.13,47.676235,-122.2411815
2695438,2026-05-31T10:19:38,77.35,0.041,F,3359.13,9606.32,47.67623507,-122.24118107,E,0.0306,3214.81,9722.14,47.67623507,-122.24118107
2696510,2026-05-31T10:19:39,73.59,0.029,F,3359.16,9606.32,47.67623513,-122.24118077,E,0.0216,3214.84,9722.15,47.67623513,-122.24118077
2697587,2026-05-31T10:19:40,62.73,0.02,F,3359.18,9606.32,47.67623519,-122.24118058,E,0.0149,3214.85,9722.15,47.67623519,-122.24118058
2698651,2026-05-31T10:19:42,59.05,0.1,F,3359.24,9606.33,47.67623556,-122.24117968,E,0.0746,3214.92,9722.19,47.67623556,-122.24117968
2699721,2026-05-31T10:19:43,77.64,0.123,F,3359.35,9606.39,47.67623575,-122.2411784,E,0.0917,3215.01,9722.22,47.67623575,-122.2411784
2700796,2026-05-31T10:19:44,69.91,0.086,F,3359.46,9606.39,47.67623596,-122.24117754,E,0.0641,3215.08,9722.24,47.67623596,-122.24117754
2701866,2026-05-31T10:19:45,69.77,0.074,F,3359.54,9606.4,47.67623614,-122.2411768,E,0.0552,3215.13,9722.26,47.67623614,-122.2411768
2702937,2026-05-31T10:19:46,81.47,0.052,F,3359.6,9606.4,47.6762362,-122.24117625,E,0.0388,3215.18,9722.27,47.6762362,-122.24117625
2704000,2026-05-31T10:19:47,90.49,0.036,F,3359.65,9606.4,47.6762362,-122.24117587,E,0.0268,3215.2,9722.27,47.6762362,-122.24117587
2705079,2026-05-31T10:19:48,79.79,0.025,F,3359.68,9606.4,47.67623623,-122.24117561,E,0.0186,3215.22,9722.27,47.67623623,-122.24117561
2706158,2026-05-31T10:19:49,78.22,0.018,F,3359.71,9606.4,47.67623625,-122.24117542,E,0.0134,3215.24,9722.27,47.67623625,-122.24117542
2707246,2026-05-31T10:19:50,102.45,0.082,F,3359.76,9606.4,47.67623613,-122.24117455,E,0.0611,3215.3,9722.26,47.67623613,-122.24117455
2708315,2026-05-31T10:19:51,89.47,0.072,F,3359.84,9606.4,47.67623613,-122.24117379,E,0.0537,3215.36,9722.26,47.67623613,-122.24117379
2709394,2026-05-31T10:19:52,90.59,0.077,F,3359.92,9606.4,47.67623613,-122.24117297,E,0.0574,3215.42,9722.26,47.67623613,-122.24117297
2710472,2026-05-31T10:19:53,88.45,0.054,F,3359.99,9606.4,47.67623614,-122.24117239,E,0.0403,3215.47,9722.26,47.67623614,-122.24117239
2711550,2026-05-31T10:19:54,79.53,0.051,F,3360.04,9606.4,47.6762362,-122.24117185,E,0.038,3215.51,9722.27,47.6762362,-122.24117185
2712637,2026-05-31T10:19:56,73.17,0.035,F,3360.09,9606.4,47.67623628,-122.24117149,E,0.0261,3215.53,9722.27,47.67623628,-122.24117149
2713699,2026-05-31T10:19:57,79.76,0.025,F,3360.12,9606.4,47.67623631,-122.24117123,E,0.0186,3215.55,9722.28,47.67623631,-122.24117123
2714769,2026-05-31T10:19:58,90.99,0.017,F,3360.14,9606.4,47.67623631,-122.24117105,E,0.0127,3215.57,9722.28,47.67623631,-122.24117105
2715838,2026-05-31T10:19:59,100.96,0.071,F,3360.18,9606.4,47.67623621,-122.24117031,E,0.0529,3215.62,9722.27,47.67623621,-122.24117031
2716917,2026-05-31T10:20:00,105.05,0.062,F,3360.26,9606.4,47.67623609,-122.24116967,E,0.0462,3215.67,9722.25,47.67623609,-122.24116967
2717987,2026-05-31T10:20:01,102.16,0.043,F,3360.31,9606.4,47.67623603,-122.24116922,E,0.0321,3215.7,9722.25,47.67623603,-122.24116922
2719075,2026-05-31T10:20:02,95.33,0.046,F,3360.35,9606.4,47.676236,-122.24116873,E,0.0343,3215.74,9722.24,47.676236,-122.24116873
2720131,2026-05-31T10:20:03,85.01,0.145,F,3360.45,9606.4,47.67623609,-122.24116721,E,0.1081,3215.85,9722.25,47.67623609,-122.24116721
2721202,2026-05-31T10:20:04,74.16,0.127,F,3360.6,9606.41,47.67623633,-122.24116591,E,0.0947,3215.95,9722.28,47.67623633,-122.24116591
2722265,2026-05-31T10:20:05,71.54,0.089,F,3360.71,9606.42,47.67623654,-122.24116502,E,0.0663,3216.02,9722.3,47.67623654,-122.24116502
2723371,2026-05-31T10:20:06,68.5,0.062,F,3360.79,9606.42,47.6762367,-122.24116439,E,0.0462,3216.07,9722.32,47.6762367,-122.24116439
2724450,2026-05-31T10:20:07,66.3,0.043,F,3360.84,9606.42,47.67623683,-122.24116397,E,0.0321,3216.1,9722.34,47.67623683,-122.24116397
2725528,2026-05-31T10:20:08,76.34,0.03,F,3360.88,9606.42,47.67623688,-122.24116365,E,0.0224,3216.12,9722.34,47.67623688,-122.24116365
2726606,2026-05-31T10:20:09,102.57,0.021,F,3360.9,9606.42,47.67623685,-122.24116343,E,0.0157,3216.14,9722.34,47.67623685,-122.24116343
2727693,2026-05-31T10:20:11,113.68,0.059,F,3360.93,9606.42,47.67623667,-122.24116285,E,0.044,3216.18,9722.32,47.67623667,-122.24116285
2728756,2026-05-31T10:20:12,105.23,0.053,F,3361,9606.42,47.67623658,-122.24116231,E,0.0395,3216.22,9722.31,47.67623658,-122.24116231
2729835,2026-05-31T10:20:13,95.69,0.037,F,3361.05,9606.42,47.67623655,-122.24116192,E,0.0276,3216.25,9722.3,47.67623655,-122.24116192
2730902,2026-05-31T10:20:14,93.58,0.041,F,3361.08,9606.42,47.67623653,-122.24116148,E,0.0306,3216.28,9722.3,47.67623653,-122.24116148
2731980,2026-05-31T10:20:15,87.41,0.029,F,3361.12,9606.42,47.67623654,-122.24116117,E,0.0216,3216.31,9722.3,47.67623654,-122.24116117
2733024,2026-05-31T10:20:16,72.13,0.066,F,3361.16,9606.42,47.67623668,-122.24116052,E,0.0492,3216.36,9722.32,47.67623668,-122.24116052
2734085,2026-05-31T10:20:17,63.55,0.058,F,3361.22,9606.43,47.67623686,-122.24115998,E,0.0432,3216.4,9722.34,47.67623686,-122.24115998
2735146,2026-05-31T10:20:18,70.86,0.041,F,3361.27,9606.43,47.67623696,-122.24115957,E,0.0306,3216.43,9722.35,47.67623696,-122.24115957
2736218,2026-05-31T10:20:19,69.04,0.029,F,3361.3,9606.43,47.67623703,-122.24115928,E,0.0216,3216.45,9722.36,47.67623703,-122.24115928
2737288,2026-05-31T10:20:20,61.96,0.02,F,3361.33,9606.43,47.6762371,-122.24115909,E,0.0149,3216.46,9722.37,47.6762371,-122.24115909
2738358,2026-05-31T10:20:21,85.33,0.044,F,3361.36,9606.43,47.67623713,-122.24115863,E,0.0328,3216.5,9722.37,47.67623713,-122.24115863
2739436,2026-05-31T10:20:22,100.37,0.042,F,3361.41,9606.43,47.67623707,-122.24115818,E,0.0313,3216.53,9722.36,47.67623707,-122.24115818
2740515,2026-05-31T10:20:23,95.78,0.03,F,3361.45,9606.43,47.67623705,-122.24115786,E,0.0224,3216.56,9722.36,47.67623705,-122.24115786
2741567,2026-05-31T10:20:24,112.5,0.021,F,3361.47,9606.43,47.67623699,-122.24115766,E,0.0157,3216.57,9722.35,47.67623699,-122.24115766
2742646,2026-05-31T10:20:26,114.34,0.06,F,3361.5,9606.43,47.67623682,-122.24115708,E,0.0447,3216.62,9722.33,47.67623682,-122.24115708
2743724,2026-05-31T10:20:27,132.94,0.054,F,3361.56,9606.42,47.67623655,-122.24115665,E,0.0403,3216.65,9722.3,47.67623655,-122.24115665
2744793,2026-05-31T10:20:28,142.1,0.038,F,3361.59,9606.41,47.67623634,-122.2411564,E,0.0283,3216.67,9722.28,47.67623634,-122.2411564
2745872,2026-05-31T10:20:29,140.96,0.066,F,3361.63,9606.38,47.67623597,-122.24115596,E,0.0492,3216.7,9722.24,47.67623597,-122.24115596
2746942,2026-05-31T10:20:30,148.77,0.047,F,3361.66,9606.35,47.67623568,-122.2411557,E,0.035,3216.72,9722.21,47.67623568,-122.2411557
2748011,2026-05-31T10:20:31,140.09,0.047,F,3361.69,9606.34,47.67623542,-122.24115538,E,0.035,3216.74,9722.18,47.67623542,-122.24115538
2749091,2026-05-31T10:20:32,132.93,0.045,F,3361.73,9606.33,47.6762352,-122.24115503,E,0.0335,3216.77,9722.15,47.6762352,-122.24115503
2750170,2026-05-31T10:20:33,128.22,0.031,F,3361.76,9606.32,47.67623506,-122.24115477,E,0.0231,3216.79,9722.14,47.67623506,-122.24115477
2751235,2026-05-31T10:20:34,121.57,0.053,F,3361.79,9606.32,47.67623486,-122.24115429,E,0.0395,3216.82,9722.12,47.67623486,-122.24115429
2752287,2026-05-31T10:20:35,113.28,0.049,F,3361.84,9606.32,47.67623472,-122.24115382,E,0.0365,3216.86,9722.1,47.67623472,-122.24115382
2753359,2026-05-31T10:20:36,107.94,0.034,F,3361.88,9606.32,47.67623465,-122.24115347,E,0.0253,3216.89,9722.09,47.67623465,-122.24115347
2754438,2026-05-31T10:20:37,106.73,0.024,F,3361.91,9606.32,47.6762346,-122.24115323,E,0.0179,3216.9,9722.09,47.6762346,-122.24115323
2755517,2026-05-31T10:20:38,118.44,0.017,F,3361.93,9606.32,47.67623454,-122.24115307,E,0.0127,3216.92,9722.08,47.67623454,-122.24115307
2756605,2026-05-31T10:20:39,152.6,0.012,F,3361.94,9606.32,47.67623446,-122.24115301,E,0.0089,3216.92,9722.07,47.67623446,-122.24115301
2757665,2026-05-31T10:20:41,159.61,0.008,F,3361.94,9606.32,47.67623441,-122.24115298,E,0.006,3216.92,9722.07,47.67623441,-122.24115298
2758742,2026-05-31T10:20:42,157.86,0.006,F,3361.94,9606.32,47.67623437,-122.24115295,E,0.0045,3216.92,9722.06,47.67623437,-122.24115295
2759812,2026-05-31T10:20:43,158.25,0.004,F,3361.94,9606.32,47.67623434,-122.24115294,E,0.003,3216.93,9722.06,47.67623434,-122.24115294
2760880,2026-05-31T10:20:44,155.15,0.003,F,3361.94,9606.32,47.67623432,-122.24115292,E,0.0022,3216.93,9722.06,47.67623432,-122.24115292
2761952,2026-05-31T10:20:45,157.95,0.032,F,3361.94,9606.32,47.67623411,-122.2411528,E,0.0239,3216.94,9722.03,47.67623411,-122.2411528
2763031,2026-05-31T10:20:46,143.59,0.065,F,3361.96,9606.29,47.67623373,-122.24115238,E,0.0485,3216.97,9721.99,47.67623373,-122.24115238
2764101,2026-05-31T10:20:47,146.08,0.059,F,3362.01,9606.21,47.67623338,-122.24115203,E,0.044,3216.99,9721.95,47.67623338,-122.24115203
2765173,2026-05-31T10:20:48,151.55,0.041,F,3362.03,9606.2,47.67623312,-122.24115183,E,0.0306,3217.01,9721.92,47.67623312,-122.24115183
2766252,2026-05-31T10:20:49,156.32,0.069,F,3362.06,9606.13,47.67623267,-122.24115153,E,0.0514,3217.03,9721.87,47.67623267,-122.24115153
2767322,2026-05-31T10:20:50,160,0.048,F,3362.09,9606.05,47.67623234,-122.24115135,E,0.0358,3217.04,9721.84,47.67623234,-122.24115135
2768382,2026-05-31T10:20:51,160.23,0.034,F,3362.1,9606.04,47.67623212,-122.24115123,E,0.0253,3217.05,9721.81,47.67623212,-122.24115123
2769452,2026-05-31T10:20:52,157.38,0.024,F,3362.11,9606.04,47.67623196,-122.24115114,E,0.0179,3217.06,9721.79,47.67623196,-122.24115114
2770503,2026-05-31T10:20:53,153.93,0.031,F,3362.12,9606.03,47.67623176,-122.24115099,E,0.0231,3217.07,9721.77,47.67623176,-122.24115099
2771573,2026-05-31T10:20:54,150.86,0.022,F,3362.13,9606.03,47.67623162,-122.24115088,E,0.0164,3217.08,9721.76,47.67623162,-122.24115088
2772645,2026-05-31T10:20:56,148.84,0.015,F,3362.13,9606.03,47.67623153,-122.2411508,E,0.0112,3217.09,9721.75,47.67623153,-122.2411508
2773714,2026-05-31T10:20:57,149.1,0.011,F,3362.13,9606.03,47.67623146,-122.24115074,E,0.0082,3217.09,9721.74,47.67623146,-122.24115074
2774802,2026-05-31T10:20:58,142.22,0.007,F,3362.13,9606.03,47.67623142,-122.24115069,E,0.0052,3217.09,9721.73,47.67623142,-122.24115069
2775891,2026-05-31T10:20:59,134.83,0.005,F,3362.13,9606.03,47.6762314,-122.24115065,E,0.0037,3217.1,9721.73,47.6762314,-122.24115065
2776971,2026-05-31T10:21:00,119.33,0.004,F,3362.13,9606.03,47.67623138,-122.24115061,E,0.003,3217.1,9721.73,47.67623138,-122.24115061
2778042,2026-05-31T10:21:01,102.16,0.003,F,3362.13,9606.03,47.67623138,-122.24115058,E,0.0022,3217.1,9721.73,47.67623138,-122.24115058
2779122,2026-05-31T10:21:02,91.05,0.002,F,3362.13,9606.03,47.67623138,-122.24115056,E,0.0015,3217.1,9721.73,47.67623138,-122.24115056
2780174,2026-05-31T10:21:03,86.91,0.001,F,3362.13,9606.03,47.67623138,-122.24115055,E,0.0007,3217.11,9721.73,47.67623138,-122.24115055
2781248,2026-05-31T10:21:04,75.36,0.001,F,3362.13,9606.03,47.67623138,-122.24115054,E,0.0007,3217.11,9721.73,47.67623138,-122.24115054
2782321,2026-05-31T10:21:05,62.01,0.001,F,3362.13,9606.03,47.67623139,-122.24115053,E,0.0007,3217.11,9721.73,47.67623139,-122.24115053
2783322,2026-05-31T10:21:06,59.45,0,F,3362.13,9606.03,47.67623139,-122.24115053,E,0,3217.11,9721.73,47.67623139,-122.24115053
2784401,2026-05-31T10:21:07,58.61,0,F,3362.13,9606.03,47.67623139,-122.24115053,E,0,3217.11,9721.73,47.67623139,-122.24115053
2785481,2026-05-31T10:21:08,60.52,0,F,3362.13,9606.03,47.67623139,-122.24115053,E,0,3217.11,9721.73,47.67623139,-122.24115053
2786553,2026-05-31T10:21:09,63.1,0,F,3362.13,9606.03,47.67623139,-122.24115053,E,0,3217.11,9721.73,47.67623139,-122.24115053
2787615,2026-05-31T10:21:10,63.37,0,F,3362.13,9606.03,47.67623139,-122.24115053,E,0,3217.11,9721.73,47.67623139,-122.24115053
2788667,2026-05-31T10:21:12,64.27,0,F,3362.13,9606.03,47.67623139,-122.24115053,E,0,3217.11,9721.73,47.67623139,-122.24115053
2789738,2026-05-31T10:21:13,70.19,0,F,3362.13,9606.03,47.67623139,-122.24115053,E,0,3217.11,9721.73,47.67623139,-122.24115053
2790832,2026-05-31T10:21:14,65.81,0,F,3362.13,9606.03,47.67623139,-122.24115053,E,0,3217.11,9721.73,47.67623139,-122.24115053
2791911,2026-05-31T10:21:15,62.68,0,F,3362.13,9606.03,47.67623139,-122.24115053,E,0,3217.11,9721.73,47.67623139,-122.24115053
2792992,2026-05-31T10:21:16,58.62,0,F,3362.13,9606.03,47.67623139,-122.24115053,E,0,3217.11,9721.73,47.67623139,-122.24115053
2794063,2026-05-31T10:21:17,64.57,0.012,F,3362.15,9606.03,47.67623142,-122.24115042,E,0.0089,3217.12,9721.73,47.67623142,-122.24115042
2795142,2026-05-31T10:21:18,60.6,0.008,F,3362.15,9606.03,47.67623145,-122.24115034,E,0.006,3217.12,9721.74,47.67623145,-122.24115034
2796221,2026-05-31T10:21:19,57.35,0.006,F,3362.15,9606.03,47.67623147,-122.24115029,E,0.0045,3217.12,9721.74,47.67623147,-122.24115029
2797300,2026-05-31T10:21:20,56.6,0.004,F,3362.15,9606.03,47.67623149,-122.24115025,E,0.003,3217.13,9721.74,47.67623149,-122.24115025
2798372,2026-05-31T10:21:21,55.61,0.003,F,3362.15,9606.03,47.6762315,-122.24115023,E,0.0022,3217.13,9721.74,47.6762315,-122.24115023
2799445,2026-05-31T10:21:22,52.83,0.002,F,3362.15,9606.03,47.67623151,-122.24115021,E,0.0015,3217.13,9721.74,47.67623151,-122.24115021
2800524,2026-05-31T10:21:23,53.01,0.001,F,3362.15,9606.03,47.67623152,-122.2411502,E,0.0007,3217.13,9721.74,47.67623152,-122.2411502
2801596,2026-05-31T10:21:24,58.35,0.001,F,3362.15,9606.03,47.67623152,-122.24115019,E,0.0007,3217.13,9721.74,47.67623152,-122.24115019
2802676,2026-05-31T10:21:26,90.9,0.001,F,3362.15,9606.03,47.67623152,-122.24115018,E,0.0007,3217.13,9721.74,47.67623152,-122.24115018
2803757,2026-05-31T10:21:27,84.49,0,F,3362.15,9606.03,47.67623152,-122.24115018,E,0,3217.13,9721.74,47.67623152,-122.24115018
2804846,2026-05-31T10:21:28,70.82,0.054,F,3362.19,9606.03,47.67623165,-122.24114963,E,0.0403,3217.17,9721.76,47.67623165,-122.24114963
2805933,2026-05-31T10:21:29,66.62,0.037,F,3362.24,9606.03,47.67623175,-122.24114926,E,0.0276,3217.2,9721.77,47.67623175,-122.24114926
2807003,2026-05-31T10:21:30,67.67,0.026,F,3362.27,9606.03,47.67623183,-122.24114901,E,0.0194,3217.22,9721.78,47.67623183,-122.24114901
2808082,2026-05-31T10:21:31,74.66,0.073,F,3362.32,9606.03,47.67623197,-122.24114825,E,0.0544,3217.28,9721.79,47.67623197,-122.24114825
2809161,2026-05-31T10:21:32,81.69,0.066,F,3362.39,9606.03,47.67623203,-122.24114755,E,0.0492,3217.33,9721.8,47.67623203,-122.24114755
2810240,2026-05-31T10:21:33,83.47,0.046,F,3362.45,9606.03,47.67623207,-122.24114706,E,0.0343,3217.37,9721.81,47.67623207,-122.24114706
2811313,2026-05-31T10:21:34,79.9,0.047,F,3362.5,9606.03,47.67623213,-122.24114657,E,0.035,3217.4,9721.81,47.67623213,-122.24114657
2812383,2026-05-31T10:21:35,74.6,0.046,F,3362.55,9606.03,47.67623222,-122.2411461,E,0.0343,3217.44,9721.82,47.67623222,-122.2411461
2813475,2026-05-31T10:21:36,70.31,0.032,F,3362.59,9606.03,47.6762323,-122.24114577,E,0.0239,3217.46,9721.83,47.6762323,-122.24114577
2814538,2026-05-31T10:21:37,64.81,0.023,F,3362.62,9606.03,47.67623237,-122.24114555,E,0.0171,3217.48,9721.84,47.67623237,-122.24114555
2815617,2026-05-31T10:21:38,58.31,0.016,F,3362.64,9606.03,47.67623243,-122.24114541,E,0.0119,3217.49,9721.85,47.67623243,-122.24114541
2816687,2026-05-31T10:21:40,57.41,0.011,F,3362.65,9606.03,47.67623247,-122.24114531,E,0.0082,3217.5,9721.85,47.67623247,-122.24114531
2817759,2026-05-31T10:21:41,59.99,0.008,F,3362.65,9606.03,47.6762325,-122.24114523,E,0.006,3217.5,9721.85,47.6762325,-122.24114523
2818831,2026-05-31T10:21:42,56.63,0.005,F,3362.65,9606.03,47.67623252,-122.24114519,E,0.0037,3217.51,9721.86,47.67623252,-122.24114519
2819921,2026-05-31T10:21:43,53.69,0.057,F,3362.69,9606.04,47.67623277,-122.24114469,E,0.0425,3217.54,9721.88,47.67623277,-122.24114469
2820988,2026-05-31T10:21:44,48.11,0.04,F,3362.73,9606.05,47.67623296,-122.24114438,E,0.0298,3217.57,9721.9,47.67623296,-122.24114438
2822059,2026-05-31T10:21:45,46.98,0.028,F,3362.76,9606.05,47.67623309,-122.24114416,E,0.0209,3217.59,9721.92,47.67623309,-122.24114416
2823122,2026-05-31T10:21:46,43.39,0.035,F,3362.78,9606.05,47.67623327,-122.24114391,E,0.0261,3217.6,9721.94,47.67623327,-122.24114391
2824201,2026-05-31T10:21:47,39.8,0.024,F,3362.81,9606.05,47.67623341,-122.24114374,E,0.0179,3217.62,9721.95,47.67623341,-122.24114374
2825280,2026-05-31T10:21:48,34.63,0.017,F,3362.82,9606.05,47.67623351,-122.24114364,E,0.0127,3217.62,9721.97,47.67623351,-122.24114364
2826343,2026-05-31T10:21:49,32.03,0.052,F,3362.84,9606.06,47.67623382,-122.24114335,E,0.0388,3217.65,9722,47.67623382,-122.24114335
2827414,2026-05-31T10:21:50,25.35,0.037,F,3362.87,9606.07,47.67623406,-122.24114318,E,0.0276,3217.66,9722.03,47.67623406,-122.24114318
2828483,2026-05-31T10:21:51,19.44,0.026,F,3362.88,9606.08,47.67623424,-122.24114309,E,0.0194,3217.67,9722.05,47.67623424,-122.24114309
2829562,2026-05-31T10:21:52,18.54,0.018,F,3362.88,9606.08,47.67623436,-122.24114303,E,0.0134,3217.67,9722.06,47.67623436,-122.24114303
2830623,2026-05-31T10:21:54,19.47,0.027,F,3362.88,9606.08,47.67623454,-122.24114293,E,0.0201,3217.68,9722.08,47.67623454,-122.24114293
2831677,2026-05-31T10:21:55,20.64,0.075,F,3362.91,9606.14,47.67623504,-122.24114265,E,0.0559,3217.7,9722.14,47.67623504,-122.24114265
2832757,2026-05-31T10:21:56,24.14,0.079,F,3362.93,9606.23,47.67623556,-122.24114231,E,0.0589,3217.72,9722.19,47.67623556,-122.24114231
2833818,2026-05-31T10:21:57,24.83,0.055,F,3362.96,9606.33,47.67623591,-122.24114206,E,0.041,3217.74,9722.23,47.67623591,-122.24114206
2834896,2026-05-31T10:21:58,24.18,0.081,F,3362.99,9606.41,47.67623645,-122.24114171,E,0.0604,3217.77,9722.29,47.67623645,-122.24114171
2835983,2026-05-31T10:21:59,19.84,0.068,F,3363.02,9606.5,47.67623691,-122.24114146,E,0.0507,3217.79,9722.35,47.67623691,-122.24114146
2837072,2026-05-31T10:22:00,17.2,0.047,F,3363.04,9606.59,47.67623724,-122.24114131,E,0.035,3217.8,9722.38,47.67623724,-122.24114131
2838150,2026-05-31T10:22:01,20.62,0.033,F,3363.06,9606.6,47.67623746,-122.24114119,E,0.0246,3217.81,9722.41,47.67623746,-122.24114119
2839229,2026-05-31T10:22:02,25.59,0.023,F,3363.07,9606.6,47.67623761,-122.24114108,E,0.0171,3217.82,9722.42,47.67623761,-122.24114108
2840308,2026-05-31T10:22:03,35.75,0.016,F,3363.07,9606.6,47.67623771,-122.24114098,E,0.0119,3217.82,9722.43,47.67623771,-122.24114098
2841380,2026-05-31T10:22:04,36.36,0.042,F,3363.08,9606.6,47.67623795,-122.24114071,E,0.0313,3217.84,9722.46,47.67623795,-122.24114071
2842460,2026-05-31T10:22:05,36.48,0.067,F,3363.12,9606.69,47.67623834,-122.24114029,E,0.0499,3217.88,9722.5,47.67623834,-122.24114029
2843543,2026-05-31T10:22:06,31.66,0.047,F,3363.16,9606.73,47.67623863,-122.24114002,E,0.035,3217.9,9722.54,47.67623863,-122.24114002
2844632,2026-05-31T10:22:08,30.66,0.089,F,3363.19,9606.79,47.67623919,-122.24113953,E,0.0663,3217.93,9722.6,47.67623919,-122.24113953
2845693,2026-05-31T10:22:09,33.84,0.088,F,3363.25,9606.89,47.67623971,-122.24113901,E,0.0656,3217.97,9722.66,47.67623971,-122.24113901
2846763,2026-05-31T10:22:10,34.93,0.061,F,3363.29,9606.99,47.67624007,-122.24113864,E,0.0455,3218,9722.7,47.67624007,-122.24113864
2847828,2026-05-31T10:22:11,33.11,0.043,F,3363.32,9607,47.67624032,-122.24113839,E,0.0321,3218.02,9722.72,47.67624032,-122.24113839
2848907,2026-05-31T10:22:12,29.86,0.03,F,3363.35,9607.01,47.67624051,-122.24113823,E,0.0224,3218.03,9722.75,47.67624051,-122.24113823
2849995,2026-05-31T10:22:13,30.77,0.096,F,3363.38,9607.05,47.67624111,-122.2411377,E,0.0716,3218.07,9722.81,47.67624111,-122.2411377
2851043,2026-05-31T10:22:14,34.99,0.12,F,3363.45,9607.15,47.6762418,-122.24113699,E,0.0895,3218.12,9722.89,47.6762418,-122.24113699
2852122,2026-05-31T10:22:15,35.61,0.084,F,3363.51,9607.25,47.67624229,-122.24113646,E,0.0626,3218.16,9722.94,47.67624229,-122.24113646
2853194,2026-05-31T10:22:16,34.54,0.058,F,3363.55,9607.34,47.67624264,-122.24113611,E,0.0432,3218.19,9722.98,47.67624264,-122.24113611
2854264,2026-05-31T10:22:17,34.52,0.084,F,3363.59,9607.41,47.67624313,-122.24113561,E,0.0626,3218.23,9723.04,47.67624313,-122.24113561
2855330,2026-05-31T10:22:18,36.48,0.084,F,3363.65,9607.5,47.67624362,-122.24113508,E,0.0626,3218.27,9723.09,47.67624362,-122.24113508
2856408,2026-05-31T10:22:19,35.61,0.074,F,3363.7,9607.6,47.67624405,-122.24113462,E,0.0552,3218.3,9723.14,47.67624405,-122.24113462
2857460,2026-05-31T10:22:20,35.33,0.078,F,3363.75,9607.69,47.6762445,-122.24113415,E,0.0581,3218.34,9723.19,47.6762445,-122.24113415
2858532,2026-05-31T10:22:21,35.72,0.067,F,3363.8,9607.79,47.67624489,-122.24113373,E,0.0499,3218.37,9723.23,47.67624489,-122.24113373
2859612,2026-05-31T10:22:22,35.64,0.062,F,3363.84,9607.85,47.67624525,-122.24113334,E,0.0462,3218.4,9723.27,47.67624525,-122.24113334
2860665,2026-05-31T10:22:24,37.04,0.07,F,3363.88,9607.94,47.67624565,-122.2411329,E,0.0522,3218.43,9723.32,47.67624565,-122.2411329
2861717,2026-05-31T10:22:25,38.48,0.049,F,3363.92,9607.98,47.67624592,-122.24113258,E,0.0365,3218.45,9723.35,47.67624592,-122.24113258
2862778,2026-05-31T10:22:26,40.79,0.034,F,3363.95,9607.99,47.6762461,-122.24113235,E,0.0253,3218.47,9723.37,47.6762461,-122.24113235
2863859,2026-05-31T10:22:27,44.74,0.04,F,3363.97,9608,47.67624631,-122.24113205,E,0.0298,3218.49,9723.39,47.67624631,-122.24113205
2864923,2026-05-31T10:22:28,42.82,0.124,F,3364.04,9608.07,47.67624695,-122.24113116,E,0.0924,3218.56,9723.46,47.67624695,-122.24113116
2866011,2026-05-31T10:22:29,40.77,0.098,F,3364.13,9608.17,47.6762475,-122.24113047,E,0.0731,3218.61,9723.52,47.6762475,-122.24113047
2867097,2026-05-31T10:22:30,46.61,0.123,F,3364.21,9608.28,47.67624811,-122.2411295,E,0.0917,3218.69,9723.59,47.67624811,-122.2411295
2868176,2026-05-31T10:22:31,56.23,0.098,F,3364.31,9608.37,47.6762485,-122.24112863,E,0.0731,3218.75,9723.64,47.6762485,-122.24112863
2869236,2026-05-31T10:22:32,48.77,0.084,F,3364.38,9608.46,47.6762489,-122.24112796,E,0.0626,3218.8,9723.68,47.6762489,-122.24112796
2870315,2026-05-31T10:22:33,40.43,0.1,F,3364.46,9608.55,47.67624945,-122.24112727,E,0.0746,3218.85,9723.74,47.67624945,-122.24112727
2871385,2026-05-31T10:22:34,25.5,0.205,F,3364.55,9608.71,47.67625077,-122.24112633,E,0.1528,3218.92,9723.89,47.67625077,-122.24112633
2872454,2026-05-31T10:22:35,26.64,0.157,F,3364.63,9608.91,47.67625178,-122.24112558,E,0.117,3218.98,9724,47.67625178,-122.24112558
2873533,2026-05-31T10:22:36,23.35,0.11,F,3364.69,9609.02,47.67625251,-122.24112512,E,0.082,3219.01,9724.08,47.67625251,-122.24112512
2874640,2026-05-31T10:22:38,18.59,0.182,F,3364.73,9609.14,47.67625379,-122.24112448,E,0.1357,3219.06,9724.22,47.67625379,-122.24112448
2875719,2026-05-31T10:22:39,20.19,0.302,F,3364.83,9609.42,47.67625583,-122.24112336,E,0.2251,3219.15,9724.45,47.67625583,-122.24112336
2876798,2026-05-31T10:22:40,14.6,0.237,F,3364.92,9609.71,47.67625749,-122.24112272,E,0.1767,3219.19,9724.64,47.67625749,-122.24112272
2877877,2026-05-31T10:22:41,5.28,0.165,F,3364.96,9609.92,47.67625868,-122.24112256,E,0.123,3219.21,9724.77,47.67625868,-122.24112256
2878956,2026-05-31T10:22:42,357.05,0.115,F,3364.96,9610.06,47.67625951,-122.24112262,E,0.0857,3219.2,9724.86,47.67625951,-122.24112262
2880028,2026-05-31T10:22:43,351.3,0.081,F,3364.95,9610.16,47.67626008,-122.24112275,E,0.0604,3219.19,9724.92,47.67626008,-122.24112275
2881101,2026-05-31T10:22:44,355.2,0.057,F,3364.95,9610.26,47.67626049,-122.2411228,E,0.0425,3219.19,9724.97,47.67626049,-122.2411228
2882189,2026-05-31T10:22:45,359.65,0.039,F,3364.95,9610.3,47.67626078,-122.24112281,E,0.0291,3219.19,9725,47.67626078,-122.24112281
2883250,2026-05-31T10:22:46,352.41,0.028,F,3364.95,9610.32,47.67626097,-122.24112285,E,0.0209,3219.19,9725.02,47.67626097,-122.24112285
2884329,2026-05-31T10:22:47,343.81,0.019,F,3364.95,9610.32,47.6762611,-122.2411229,E,0.0142,3219.18,9725.04,47.6762611,-122.2411229
2885417,2026-05-31T10:22:48,324.75,0.013,F,3364.95,9610.32,47.67626118,-122.24112298,E,0.0097,3219.17,9725.05,47.67626118,-122.24112298
2886487,2026-05-31T10:22:49,314.19,0.009,F,3364.95,9610.32,47.67626123,-122.24112305,E,0.0067,3219.17,9725.05,47.67626123,-122.24112305
2887566,2026-05-31T10:22:50,312.66,0.007,F,3364.95,9610.32,47.67626126,-122.24112311,E,0.0052,3219.17,9725.06,47.67626126,-122.24112311
2888644,2026-05-31T10:22:52,316.28,0.005,F,3364.95,9610.32,47.67626129,-122.24112314,E,0.0037,3219.16,9725.06,47.67626129,-122.24112314
2889723,2026-05-31T10:22:53,324.5,0.003,F,3364.95,9610.32,47.6762613,-122.24112316,E,0.0022,3219.16,9725.06,47.6762613,-122.24112316
2890793,2026-05-31T10:22:54,328.89,0.002,F,3364.95,9610.32,47.67626132,-122.24112317,E,0.0015,3219.16,9725.06,47.67626132,-122.24112317
2891873,2026-05-31T10:22:55,330.47,0.002,F,3364.95,9610.32,47.67626133,-122.24112319,E,0.0015,3219.16,9725.06,47.67626133,-122.24112319
2892942,2026-05-31T10:22:56,336.85,0.001,F,3364.95,9610.32,47.67626134,-122.24112319,E,0.0007,3219.16,9725.06,47.67626134,-122.24112319
2894023,2026-05-31T10:22:57,338.28,0.001,F,3364.95,9610.32,47.67626134,-122.24112319,E,0.0007,3219.16,9725.06,47.67626134,-122.24112319
2895103,2026-05-31T10:22:58,340.2,0.001,F,3364.95,9610.32,47.67626135,-122.2411232,E,0.0007,3219.16,9725.07,47.67626135,-122.2411232
2896184,2026-05-31T10:22:59,345.94,0,F,3364.95,9610.32,47.67626135,-122.2411232,E,0,3219.16,9725.07,47.67626135,-122.2411232
2897255,2026-05-31T10:23:00,348.86,0,F,3364.95,9610.32,47.67626135,-122.2411232,E,0,3219.16,9725.07,47.67626135,-122.2411232
2898343,2026-05-31T10:23:01,343.91,0,F,3364.95,9610.32,47.67626135,-122.2411232,E,0,3219.16,9725.07,47.67626135,-122.2411232
2899421,2026-05-31T10:23:02,339.21,0,F,3364.95,9610.32,47.67626135,-122.2411232,E,0,3219.16,9725.07,47.67626135,-122.2411232
2900501,2026-05-31T10:23:03,326.86,0,F,3364.95,9610.32,47.67626135,-122.2411232,E,0,3219.16,9725.07,47.67626135,-122.2411232
2901580,2026-05-31T10:23:04,322.33,0,F,3364.95,9610.32,47.67626135,-122.2411232,E,0,3219.16,9725.07,47.67626135,-122.2411232
2902652,2026-05-31T10:23:06,317.64,0,F,3364.95,9610.32,47.67626135,-122.2411232,E,0,3219.16,9725.07,47.67626135,-122.2411232
2903714,2026-05-31T10:23:07,326.26,0,F,3364.95,9610.32,47.67626135,-122.2411232,E,0,3219.16,9725.07,47.67626135,-122.2411232
2904794,2026-05-31T10:23:08,331.06,0.014,F,3364.95,9610.32,47.67626144,-122.24112327,E,0.0104,3219.15,9725.08,47.67626144,-122.24112327
2905872,2026-05-31T10:23:09,327.87,0.01,F,3364.95,9610.32,47.6762615,-122.24112333,E,0.0075,3219.15,9725.08,47.6762615,-122.24112333
2906952,2026-05-31T10:23:10,336.85,0.007,F,3364.95,9610.32,47.67626155,-122.24112336,E,0.0052,3219.15,9725.09,47.67626155,-122.24112336
2908031,2026-05-31T10:23:11,336.95,0.005,F,3364.95,9610.32,47.67626158,-122.24112338,E,0.0037,3219.15,9725.09,47.67626158,-122.24112338
2909103,2026-05-31T10:23:12,352.46,0.003,F,3364.95,9610.32,47.6762616,-122.24112338,E,0.0022,3219.15,9725.09,47.6762616,-122.24112338
2910181,2026-05-31T10:23:13,9.17,0.002,F,3364.95,9610.32,47.67626161,-122.24112338,E,0.0015,3219.15,9725.09,47.67626161,-122.24112338
2911266,2026-05-31T10:23:14,29.9,0.013,F,3364.95,9610.32,47.6762617,-122.24112331,E,0.0097,3219.15,9725.1,47.6762617,-122.24112331
2912336,2026-05-31T10:23:15,44.75,0.009,F,3364.95,9610.32,47.67626174,-122.24112324,E,0.0067,3219.16,9725.11,47.67626174,-122.24112324
2913415,2026-05-31T10:23:16,59.31,0.007,F,3364.95,9610.32,47.67626177,-122.24112318,E,0.0052,3219.16,9725.11,47.67626177,-122.24112318
2914494,2026-05-31T10:23:17,98.56,0.005,F,3364.95,9610.32,47.67626176,-122.24112312,E,0.0037,3219.16,9725.11,47.67626176,-122.24112312
2915565,2026-05-31T10:23:18,111.74,0.003,F,3364.95,9610.32,47.67626175,-122.24112309,E,0.0022,3219.17,9725.11,47.67626175,-122.24112309
2916617,2026-05-31T10:23:19,55.34,0.002,F,3364.95,9610.32,47.67626176,-122.24112308,E,0.0015,3219.17,9725.11,47.67626176,-122.24112308
2917698,2026-05-31T10:23:21,29.71,0.065,F,3364.99,9610.37,47.67626217,-122.24112273,E,0.0485,3219.19,9725.16,47.67626217,-122.24112273
2918768,2026-05-31T10:23:22,14.88,0.289,F,3365.04,9610.53,47.67626417,-122.24112194,E,0.2154,3219.25,9725.38,47.67626417,-122.24112194
2919846,2026-05-31T10:23:23,14.5,0.452,F,3365.14,9610.92,47.67626733,-122.24112073,E,0.337,3219.34,9725.73,47.67626733,-122.24112073
2920924,2026-05-31T10:23:24,15.56,0.52,F,3365.28,9611.45,47.67627095,-122.24111924,E,0.3877,3219.46,9726.13,47.67627095,-122.24111924
2921995,2026-05-31T10:23:25,20.59,0.508,F,3365.44,9611.97,47.67627436,-122.24111734,E,0.3787,3219.6,9726.51,47.67627436,-122.24111734
2923073,2026-05-31T10:23:26,19.89,0.55,F,3365.64,9612.49,47.67627809,-122.24111533,E,0.41,3219.75,9726.93,47.67627809,-122.24111533
2924153,2026-05-31T10:23:27,18.54,0.632,F,3365.86,9613.11,47.67628243,-122.24111318,E,0.4712,3219.91,9727.41,47.67628243,-122.24111318
2925232,2026-05-31T10:23:28,10.56,0.706,F,3366.05,9613.81,47.67628744,-122.24111179,E,0.5263,3220.02,9727.97,47.67628744,-122.24111179
2926295,2026-05-31T10:23:29,350.79,0.73,F,3366.06,9614.56,47.67629257,-122.24111303,E,0.5442,3219.92,9728.54,47.67629257,-122.24111303
2927364,2026-05-31T10:23:30,320.21,0.746,F,3365.76,9615.28,47.67629668,-122.24111809,E,0.5561,3219.54,9729,47.67629668,-122.24111809
2928443,2026-05-31T10:23:31,290.88,0.771,F,3365.07,9615.71,47.67629866,-122.24112581,E,0.5748,3218.96,9729.22,47.67629866,-122.24112581
2929515,2026-05-31T10:23:32,296.95,0.749,F,3364.33,9616.02,47.6763011,-122.24113292,E,0.5584,3218.43,9729.49,47.6763011,-122.24113292
2930595,2026-05-31T10:23:33,297.44,0.749,F,3363.61,9616.35,47.67630359,-122.24114005,E,0.5584,3217.89,9729.77,47.67630359,-122.24114005
2931666,2026-05-31T10:23:35,321.02,0.762,F,3362.97,9616.83,47.67630784,-122.24114515,E,0.5681,3217.51,9730.24,47.67630784,-122.24114515
2932729,2026-05-31T10:23:36,309.35,0.725,F,3362.42,9617.42,47.67631112,-122.24115106,E,0.5405,3217.07,9730.61,47.67631112,-122.24115106
2933800,2026-05-31T10:23:37,308.95,0.731,F,3361.83,9617.93,47.67631441,-122.24115711,E,0.545,3216.61,9730.97,47.67631441,-122.24115711
2934805,2026-05-31T10:23:38,304.29,0.763,F,3361.24,9618.4,47.6763173,-122.2411634,E,0.5688,3216.14,9731.29,47.6763173,-122.2411634
2935883,2026-05-31T10:23:39,303.32,0.754,F,3360.54,9618.83,47.67632029,-122.24117014,E,0.5621,3215.63,9731.63,47.67632029,-122.24117014
2936961,2026-05-31T10:23:40,303.92,0.79,F,3359.85,9619.28,47.67632348,-122.24117716,E,0.5889,3215.11,9731.98,47.67632348,-122.24117716
2938031,2026-05-31T10:23:41,306.48,0.804,F,3359.15,9619.79,47.6763269,-122.24118403,E,0.5994,3214.59,9732.36,47.6763269,-122.24118403
2939101,2026-05-31T10:23:42,309.2,0.799,F,3358.47,9620.3,47.67633052,-122.24119061,E,0.5957,3214.1,9732.77,47.67633052,-122.24119061
2940171,2026-05-31T10:23:43,312.28,0.84,F,3357.82,9620.9,47.67633457,-122.24119721,E,0.6262,3213.6,9733.22,47.67633457,-122.24119721
2941239,2026-05-31T10:23:44,311.89,0.854,F,3357.15,9621.51,47.67633865,-122.24120395,E,0.6367,3213.1,9733.67,47.67633865,-122.24120395
2942310,2026-05-31T10:23:45,308.32,0.875,F,3356.44,9622.12,47.67634254,-122.24121125,E,0.6523,3212.55,9734.1,47.67634254,-122.24121125
2943380,2026-05-31T10:23:46,304.9,0.877,F,3355.69,9622.66,47.67634614,-122.24121889,E,0.6538,3211.97,9734.5,47.67634614,-122.24121889
2944452,2026-05-31T10:23:47,298.34,0.891,F,3354.88,9623.17,47.67634917,-122.24122724,E,0.6642,3211.35,9734.84,47.67634917,-122.24122724
2945523,2026-05-31T10:23:48,299.52,0.873,F,3354.06,9623.63,47.67635226,-122.24123532,E,0.6508,3210.74,9735.19,47.67635226,-122.24123532
2946602,2026-05-31T10:23:49,303.28,0.918,F,3353.25,9624.14,47.6763559,-122.24124354,E,0.6844,3210.12,9735.59,47.6763559,-122.24124354
2947665,2026-05-31T10:23:51,306.06,0.965,F,3352.42,9624.7,47.67635994,-122.24125178,E,0.7194,3209.51,9736.04,47.67635994,-122.24125178
2948735,2026-05-31T10:23:52,311.76,0.984,F,3351.61,9625.35,47.67636464,-122.24125958,E,0.7336,3208.92,9736.56,47.67636464,-122.24125958
2949814,2026-05-31T10:23:53,314.71,0.991,F,3350.83,9626.08,47.67636968,-122.24126712,E,0.7388,3208.35,9737.12,47.67636968,-122.24126712
2950883,2026-05-31T10:23:54,317.04,1.012,F,3350.09,9626.88,47.67637498,-122.24127444,E,0.7544,3207.8,9737.71,47.67637498,-122.24127444
2951963,2026-05-31T10:23:55,319.69,1.039,F,3349.35,9627.72,47.67638071,-122.24128165,E,0.7746,3207.26,9738.35,47.67638071,-122.24128165
2953041,2026-05-31T10:23:56,319.31,1.073,F,3348.63,9628.57,47.67638658,-122.24128914,E,0.7999,3206.7,9739.01,47.67638658,-122.24128914
2954110,2026-05-31T10:23:57,318.82,1.085,F,3347.87,9629.41,47.67639243,-122.24129672,E,0.8089,3206.13,9739.66,47.67639243,-122.24129672
2955189,2026-05-31T10:23:58,315.13,1.065,F,3347.08,9630.26,47.67639788,-122.24130477,E,0.794,3205.53,9740.26,47.67639788,-122.24130477
2956269,2026-05-31T10:23:59,307.55,1.065,F,3346.23,9631.02,47.67640258,-122.24131383,E,0.794,3204.85,9740.79,47.67640258,-122.24131383
2957340,2026-05-31T10:24:00,303.5,1.053,F,3345.29,9631.64,47.67640674,-122.24132316,E,0.785,3204.15,9741.25,47.67640674,-122.24132316
2958410,2026-05-31T10:24:01,308.09,1.083,F,3344.37,9632.33,47.67641153,-122.24133222,E,0.8074,3203.47,9741.78,47.67641153,-122.24133222
2959479,2026-05-31T10:24:02,310.21,1.077,F,3343.46,9633.06,47.67641651,-122.24134095,E,0.8029,3202.81,9742.34,47.67641651,-122.24134095
2960558,2026-05-31T10:24:03,320.2,1.044,F,3342.65,9633.86,47.67642231,-122.24134811,E,0.7783,3202.27,9742.98,47.67642231,-122.24134811
2961627,2026-05-31T10:24:05,322.35,0.996,F,3341.98,9634.7,47.67642795,-122.24135457,E,0.7425,3201.79,9743.61,47.67642795,-122.24135457
2962705,2026-05-31T10:24:06,326.67,1.003,F,3341.34,9635.55,47.676434,-122.24136047,E,0.7477,3201.34,9744.28,47.676434,-122.24136047
2963784,2026-05-31T10:24:07,323.83,0.978,F,3340.75,9636.44,47.67643971,-122.24136665,E,0.7291,3200.88,9744.92,47.67643971,-122.24136665
2964855,2026-05-31T10:24:08,317.97,0.949,F,3340.1,9637.25,47.67644476,-122.24137341,E,0.7075,3200.37,9745.48,47.67644476,-122.24137341
2965943,2026-05-31T10:24:09,314.54,0.94,F,3339.41,9638,47.67644957,-122.24138065,E,0.7008,3199.83,9746.02,47.67644957,-122.24138065
2967013,2026-05-31T10:24:10,305.2,0.909,F,3338.66,9638.64,47.67645332,-122.24138854,E,0.6777,3199.24,9746.44,47.67645332,-122.24138854
2968084,2026-05-31T10:24:11,302.59,0.914,F,3337.83,9639.16,47.67645685,-122.24139673,E,0.6814,3198.62,9746.83,47.67645685,-122.24139673
2969156,2026-05-31T10:24:12,301.7,0.918,F,3337.01,9639.69,47.67646031,-122.24140504,E,0.6844,3198,9747.21,47.67646031,-122.24140504
2970235,2026-05-31T10:24:13,302.85,0.89,F,3336.17,9640.2,47.6764638,-122.24141305,E,0.6635,3197.4,9747.6,47.6764638,-122.24141305
2971316,2026-05-31T10:24:14,299.03,0.841,F,3335.36,9640.68,47.67646676,-122.24142094,E,0.627,3196.8,9747.93,47.67646676,-122.24142094
2972395,2026-05-31T10:24:15,301.53,0.822,F,3334.59,9641.12,47.67646986,-122.24142845,E,0.6128,3196.24,9748.28,47.67646986,-122.24142845
2973465,2026-05-31T10:24:16,304.91,0.812,F,3333.85,9641.56,47.67647319,-122.24143553,E,0.6053,3195.71,9748.65,47.67647319,-122.24143553
2974535,2026-05-31T10:24:17,313.57,0.791,F,3333.18,9642.1,47.6764771,-122.24144162,E,0.5897,3195.25,9749.08,47.6764771,-122.24144162
2975605,2026-05-31T10:24:18,319.95,0.803,F,3332.6,9642.73,47.6764815,-122.2414471,E,0.5986,3194.84,9749.57,47.6764815,-122.2414471
2976676,2026-05-31T10:24:20,321.98,0.785,F,3332.07,9643.36,47.67648594,-122.24145225,E,0.5852,3194.45,9750.07,47.67648594,-122.24145225
2977746,2026-05-31T10:24:21,320.4,0.788,F,3331.54,9644,47.67649029,-122.24145758,E,0.5875,3194.05,9750.55,47.67649029,-122.24145758
2978817,2026-05-31T10:24:22,318.05,0.775,F,3331,9644.63,47.67649442,-122.24146309,E,0.5778,3193.64,9751.01,47.67649442,-122.24146309
2979872,2026-05-31T10:24:23,310.28,0.753,F,3330.42,9645.21,47.67649786,-122.24146911,E,0.5614,3193.19,9751.39,47.67649786,-122.24146911
2980942,2026-05-31T10:24:24,312.73,0.738,F,3329.84,9645.73,47.67650145,-122.24147487,E,0.5502,3192.76,9751.79,47.67650145,-122.24147487
2982022,2026-05-31T10:24:25,323.15,0.751,F,3329.3,9646.34,47.6765058,-122.2414797,E,0.5599,3192.39,9752.28,47.6765058,-122.2414797
2983085,2026-05-31T10:24:26,322.35,0.748,F,3328.81,9646.97,47.67651002,-122.24148452,E,0.5576,3192.03,9752.75,47.67651002,-122.24148452
2984155,2026-05-31T10:24:27,319.08,0.745,F,3328.3,9647.59,47.67651405,-122.24148971,E,0.5554,3191.64,9753.2,47.67651405,-122.24148971
2985245,2026-05-31T10:24:28,320.67,0.754,F,3327.79,9648.23,47.67651831,-122.24149488,E,0.5621,3191.25,9753.67,47.67651831,-122.24149488
2986282,2026-05-31T10:24:29,319.95,0.761,F,3327.29,9648.84,47.67652235,-122.24149992,E,0.5673,3190.87,9754.12,47.67652235,-122.24149992
2987378,2026-05-31T10:24:30,300.53,0.752,F,3326.66,9649.36,47.67652516,-122.24150697,E,0.5606,3190.35,9754.43,47.67652516,-122.24150697
2988448,2026-05-31T10:24:31,296.86,0.777,F,3325.95,9649.77,47.67652767,-122.24151434,E,0.5793,3189.79,9754.71,47.67652767,-122.24151434
2989527,2026-05-31T10:24:32,300.54,0.809,F,3325.19,9650.17,47.67653064,-122.2415218,E,0.6031,3189.23,9755.04,47.67653064,-122.2415218
2990605,2026-05-31T10:24:33,298.67,0.815,F,3324.44,9650.6,47.67653346,-122.24152946,E,0.6076,3188.66,9755.36,47.67653346,-122.24152946
2991675,2026-05-31T10:24:35,297.07,0.835,F,3323.66,9651.01,47.67653619,-122.24153735,E,0.6225,3188.06,9755.66,47.67653619,-122.24153735
2992754,2026-05-31T10:24:36,302.41,0.835,F,3322.87,9651.44,47.67653942,-122.24154491,E,0.6225,3187.5,9756.02,47.67653942,-122.24154491
2993836,2026-05-31T10:24:37,311.48,0.861,F,3322.14,9651.99,47.67654355,-122.24155184,E,0.6419,3186.98,9756.48,47.67654355,-122.24155184
2994906,2026-05-31T10:24:38,314.52,0.894,F,3321.46,9652.63,47.67654805,-122.24155861,E,0.6665,3186.47,9756.98,47.67654805,-122.24155861
2995991,2026-05-31T10:24:39,317.48,0.927,F,3320.77,9653.36,47.67655301,-122.24156536,E,0.6911,3185.96,9757.53,47.67655301,-122.24156536
2997053,2026-05-31T10:24:40,318.65,0.929,F,3320.11,9654.09,47.67655797,-122.24157183,E,0.6926,3185.48,9758.09,47.67655797,-122.24157183
2998132,2026-05-31T10:24:41,318.41,0.926,F,3319.45,9654.83,47.67656297,-122.24157842,E,0.6903,3184.98,9758.64,47.67656297,-122.24157842
2999202,2026-05-31T10:24:42,319.42,0.913,F,3318.8,9655.57,47.67656794,-122.24158473,E,0.6806,3184.51,9759.2,47.67656794,-122.24158473
3000255,2026-05-31T10:24:43,323.26,0.909,F,3318.2,9656.3,47.67657308,-122.24159041,E,0.6777,3184.08,9759.77,47.67657308,-122.24159041
3001329,2026-05-31T10:24:44,326.59,0.9,F,3317.64,9657.11,47.67657848,-122.2415957,E,0.671,3183.68,9760.37,47.67657848,-122.2415957
3002410,2026-05-31T10:24:45,315.54,0.852,F,3317.07,9657.85,47.67658289,-122.2416021,E,0.6352,3183.2,9760.86,47.67658289,-122.2416021
3003471,2026-05-31T10:24:46,311.63,0.863,F,3316.4,9658.47,47.67658696,-122.2416089,E,0.6434,3182.69,9761.31,47.67658696,-122.2416089
3004540,2026-05-31T10:24:47,312.27,0.897,F,3315.7,9659.1,47.67659128,-122.24161594,E,0.6687,3182.16,9761.79,47.67659128,-122.24161594
3005610,2026-05-31T10:24:48,309.29,0.908,F,3314.98,9659.73,47.6765954,-122.24162341,E,0.6769,3181.6,9762.25,47.6765954,-122.24162341
3006690,2026-05-31T10:24:50,307.52,0.898,F,3314.21,9660.34,47.67659935,-122.24163105,E,0.6695,3181.03,9762.69,47.67659935,-122.24163105
3007759,2026-05-31T10:24:51,305.52,0.905,F,3313.45,9660.95,47.67660312,-122.24163887,E,0.6747,3180.44,9763.11,47.67660312,-122.24163887
3008829,2026-05-31T10:24:52,306.3,0.926,F,3312.65,9661.52,47.67660705,-122.2416468,E,0.6903,3179.85,9763.55,47.67660705,-122.2416468
3009910,2026-05-31T10:24:53,307.59,0.924,F,3311.84,9662.11,47.67661113,-122.24165466,E,0.6888,3179.26,9764,47.67661113,-122.24165466
3010998,2026-05-31T10:24:54,305.88,0.893,F,3311.06,9662.73,47.67661494,-122.24166247,E,0.6657,3178.67,9764.43,47.67661494,-122.24166247
3012076,2026-05-31T10:24:55,311.35,0.903,F,3310.31,9663.32,47.67661925,-122.24166973,E,0.6732,3178.13,9764.91,47.67661925,-122.24166973
3013155,2026-05-31T10:24:56,315.6,0.908,F,3309.6,9663.99,47.67662394,-122.24167653,E,0.6769,3177.61,9765.43,47.67662394,-122.24167653
3014234,2026-05-31T10:24:57,317.2,0.899,F,3308.94,9664.71,47.6766287,-122.24168308,E,0.6702,3177.12,9765.96,47.6766287,-122.24168308
3015297,2026-05-31T10:24:58,316.23,0.937,F,3308.27,9665.44,47.67663352,-122.24168992,E,0.6985,3176.61,9766.5,47.67663352,-122.24168992
3016357,2026-05-31T10:24:59,313.27,0.991,F,3307.54,9666.17,47.67663834,-122.24169752,E,0.7388,3176.04,9767.03,47.67663834,-122.24169752
3017436,2026-05-31T10:25:00,312.22,1.024,F,3306.74,9666.91,47.67664331,-122.24170564,E,0.7634,3175.43,9767.59,47.67664331,-122.24170564
3018523,2026-05-31T10:25:01,312.05,1.06,F,3305.89,9667.66,47.67664848,-122.24171414,E,0.7902,3174.79,9768.16,47.67664848,-122.24171414
3019593,2026-05-31T10:25:02,308.66,1.077,F,3305.03,9668.4,47.6766533,-122.24172307,E,0.8029,3174.12,9768.7,47.6766533,-122.24172307
3020665,2026-05-31T10:25:04,311.02,1.089,F,3304.15,9669.13,47.67665843,-122.24173182,E,0.8118,3173.46,9769.27,47.67665843,-122.24173182
3021735,2026-05-31T10:25:05,318.06,1.097,F,3303.3,9669.92,47.67666428,-122.24173961,E,0.8178,3172.88,9769.92,47.67666428,-122.24173961
3022816,2026-05-31T10:25:06,321.06,1.112,F,3302.52,9670.83,47.67667054,-122.24174711,E,0.829,3172.32,9770.62,47.67667054,-122.24174711
3023877,2026-05-31T10:25:07,326.18,1.114,F,3301.82,9671.78,47.67667712,-122.24175364,E,0.8305,3171.83,9771.35,47.67667712,-122.24175364
3024948,2026-05-31T10:25:08,325.64,1.111,F,3301.15,9672.77,47.6766837,-122.24176031,E,0.8283,3171.33,9772.08,47.6766837,-122.24176031
3026034,2026-05-31T10:25:09,327.04,1.121,F,3300.46,9673.76,47.67669054,-122.24176689,E,0.8357,3170.83,9772.84,47.67669054,-122.24176689
3027104,2026-05-31T10:25:10,325.06,1.107,F,3299.79,9674.72,47.67669704,-122.24177362,E,0.8253,3170.33,9773.57,47.67669704,-122.24177362
3028183,2026-05-31T10:25:11,321.18,1.106,F,3299.08,9675.67,47.67670327,-122.24178105,E,0.8245,3169.77,9774.26,47.67670327,-122.24178105
3029261,2026-05-31T10:25:12,315.53,1.107,F,3298.29,9676.55,47.67670897,-122.24178935,E,0.8253,3169.14,9774.89,47.67670897,-122.24178935
3030321,2026-05-31T10:25:13,309.91,1.113,F,3297.42,9677.33,47.67671404,-122.24179834,E,0.8297,3168.47,9775.46,47.67671404,-122.24179834
3031387,2026-05-31T10:25:14,301.11,1.103,F,3296.45,9678,47.67671811,-122.24180833,E,0.8223,3167.72,9775.91,47.67671811,-122.24180833
3032465,2026-05-31T10:25:15,296.45,1.131,F,3295.4,9678.58,47.67672174,-122.24181917,E,0.8432,3166.91,9776.32,47.67672174,-122.24181917
3033534,2026-05-31T10:25:16,304.52,1.127,F,3294.32,9679.12,47.67672632,-122.24182903,E,0.8402,3166.17,9776.83,47.67672632,-122.24182903
3034606,2026-05-31T10:25:17,313.98,1.136,F,3293.4,9679.92,47.67673198,-122.24183773,E,0.8469,3165.51,9777.46,47.67673198,-122.24183773
3035667,2026-05-31T10:25:19,315.6,1.131,F,3292.55,9680.75,47.67673772,-122.24184607,E,0.8432,3164.89,9778.1,47.67673772,-122.24184607
3036721,2026-05-31T10:25:20,314.02,1.088,F,3291.7,9681.57,47.67674306,-122.24185425,E,0.8111,3164.27,9778.69,47.67674306,-122.24185425
3037800,2026-05-31T10:25:21,316.29,1.078,F,3290.87,9682.42,47.67674869,-122.24186223,E,0.8036,3163.67,9779.32,47.67674869,-122.24186223
3038870,2026-05-31T10:25:22,315.75,1.06,F,3290.06,9683.25,47.67675413,-122.24187009,E,0.7902,3163.08,9779.92,47.67675413,-122.24187009
3039939,2026-05-31T10:25:23,321.91,1.062,F,3289.29,9684.09,47.67676011,-122.24187705,E,0.7917,3162.56,9780.59,47.67676011,-122.24187705
3041018,2026-05-31T10:25:24,326.33,1.059,F,3288.62,9685.04,47.67676648,-122.24188334,E,0.7895,3162.09,9781.3,47.67676648,-122.24188334
3042097,2026-05-31T10:25:25,329.73,1.057,F,3288.03,9685.99,47.67677308,-122.24188905,E,0.788,3161.66,9782.03,47.67677308,-122.24188905
3043169,2026-05-31T10:25:26,325.04,1.058,F,3287.47,9686.98,47.6767793,-122.2418955,E,0.7887,3161.18,9782.72,47.6767793,-122.2418955
3044248,2026-05-31T10:25:27,306.37,1.016,F,3286.71,9687.79,47.67678366,-122.24190426,E,0.7574,3160.52,9783.21,47.67678366,-122.24190426
3045327,2026-05-31T10:25:28,300.47,1.016,F,3285.79,9688.38,47.67678738,-122.24191365,E,0.7574,3159.81,9783.62,47.67678738,-122.24191365
3046415,2026-05-31T10:25:29,302.84,1.012,F,3284.85,9688.96,47.67679138,-122.24192283,E,0.7544,3159.12,9784.07,47.67679138,-122.24192283
3047484,2026-05-31T10:25:30,300.81,1.044,F,3283.91,9689.5,47.67679521,-122.24193235,E,0.7783,3158.41,9784.49,47.67679521,-122.24193235
3048571,2026-05-31T10:25:31,296.17,1.059,F,3282.89,9690.03,47.67679861,-122.24194261,E,0.7895,3157.64,9784.87,47.67679861,-122.24194261
3049643,2026-05-31T10:25:33,303.35,1.045,F,3281.88,9690.54,47.67680273,-122.2419519,E,0.779,3156.94,9785.33,47.67680273,-122.2419519
3050722,2026-05-31T10:25:34,318.04,1.077,F,3281.08,9691.34,47.67680852,-122.24195961,E,0.8029,3156.36,9785.98,47.67680852,-122.24195961
3051801,2026-05-31T10:25:35,315.13,1.072,F,3280.26,9692.17,47.67681401,-122.24196772,E,0.7992,3155.75,9786.59,47.67681401,-122.24196772
3052880,2026-05-31T10:25:36,311.99,1.041,F,3279.42,9692.93,47.67681904,-122.24197601,E,0.7761,3155.13,9787.15,47.67681904,-122.24197601
3053942,2026-05-31T10:25:37,313.39,1.049,F,3278.6,9693.67,47.67682416,-122.24198405,E,0.782,3154.53,9787.72,47.67682416,-122.24198405
3055021,2026-05-31T10:25:38,315.57,1.052,F,3277.78,9694.45,47.67682959,-122.24199194,E,0.7843,3153.93,9788.32,47.67682959,-122.24199194
3056116,2026-05-31T10:25:39,319.95,1.051,F,3277.02,9695.31,47.67683549,-122.24199929,E,0.7835,3153.38,9788.98,47.67683549,-122.24199929
3057194,2026-05-31T10:25:40,319.45,1.027,F,3276.34,9696.17,47.67684113,-122.24200644,E,0.7656,3152.85,9789.61,47.67684113,-122.24200644
3058273,2026-05-31T10:25:41,321.17,1.024,F,3275.64,9697.01,47.67684689,-122.24201331,E,0.7634,3152.33,9790.25,47.67684689,-122.24201331
3059344,2026-05-31T10:25:42,318.77,1.037,F,3274.93,9697.86,47.67685248,-122.24202058,E,0.7731,3151.78,9790.87,47.67685248,-122.24202058
3060413,2026-05-31T10:25:43,314.88,1.019,F,3274.17,9698.64,47.67685763,-122.24202825,E,0.7597,3151.21,9791.44,47.67685763,-122.24202825
3061428,2026-05-31T10:25:44,314.57,0.89,F,3273.47,9699.33,47.67686188,-122.24203464,E,0.6635,3150.73,9791.92,47.67686188,-122.24203464
3062507,2026-05-31T10:25:45,306.56,0.659,F,3272.84,9699.88,47.67686471,-122.24204031,E,0.4913,3150.3,9792.23,47.67686471,-122.24204031
3063586,2026-05-31T10:25:46,294.06,0.46,F,3272.32,9700.18,47.67686607,-122.24204481,E,0.3429,3149.96,9792.38,47.67686607,-122.24204481
3064666,2026-05-31T10:25:48,295.66,0.505,F,3271.86,9700.39,47.67686765,-122.24204969,E,0.3765,3149.6,9792.56,47.67686765,-122.24204969
3065745,2026-05-31T10:25:49,301.44,0.561,F,3271.35,9700.66,47.67686977,-122.24205482,E,0.4182,3149.21,9792.79,47.67686977,-122.24205482
3066823,2026-05-31T10:25:50,306.11,0.628,F,3270.82,9701.03,47.67687244,-122.24206025,E,0.4682,3148.81,9793.09,47.67687244,-122.24206025
3067902,2026-05-31T10:25:51,313.47,0.69,F,3270.3,9701.52,47.67687587,-122.24206561,E,0.5144,3148.4,9793.47,47.67687587,-122.24206561
3068981,2026-05-31T10:25:52,315.19,0.719,F,3269.75,9702.05,47.67687955,-122.24207104,E,0.536,3148,9793.88,47.67687955,-122.24207104
3070051,2026-05-31T10:25:53,315.52,0.782,F,3269.19,9702.63,47.67688355,-122.24207686,E,0.583,3147.56,9794.33,47.67688355,-122.24207686
3071129,2026-05-31T10:25:54,313.2,0.826,F,3268.56,9703.24,47.67688763,-122.24208331,E,0.6158,3147.07,9794.78,47.67688763,-122.24208331
3072208,2026-05-31T10:25:55,314.85,0.855,F,3267.91,9703.88,47.67689199,-122.2420898,E,0.6374,3146.59,9795.27,47.67689199,-122.2420898
3073287,2026-05-31T10:25:56,313.55,0.875,F,3267.24,9704.51,47.67689635,-122.2420966,E,0.6523,3146.08,9795.75,47.67689635,-122.2420966
3074350,2026-05-31T10:25:57,312.15,0.891,F,3266.55,9705.14,47.6769006,-122.24210357,E,0.6642,3145.55,9796.23,47.6769006,-122.24210357
3075421,2026-05-31T10:25:58,314.61,0.903,F,3265.86,9705.79,47.67690515,-122.24211041,E,0.6732,3145.04,9796.73,47.67690515,-122.24211041
3076499,2026-05-31T10:25:59,312.92,0.909,F,3265.16,9706.45,47.67690962,-122.24211753,E,0.6777,3144.5,9797.23,47.67690962,-122.24211753
3077568,2026-05-31T10:26:00,312.94,0.915,F,3264.45,9707.09,47.67691408,-122.24212464,E,0.6821,3143.97,9797.73,47.67691408,-122.24212464
3078656,2026-05-31T10:26:02,311.37,0.914,F,3263.71,9707.74,47.67691848,-122.24213205,E,0.6814,3143.41,9798.22,47.67691848,-122.24213205
3079719,2026-05-31T10:26:03,313.82,0.934,F,3262.98,9708.41,47.67692309,-122.24213917,E,0.6963,3142.88,9798.73,47.67692309,-122.24213917
3080798,2026-05-31T10:26:04,316.95,0.928,F,3262.28,9709.14,47.67692799,-122.24214595,E,0.6918,3142.37,9799.28,47.67692799,-122.24214595
3081859,2026-05-31T10:26:05,317.04,0.903,F,3261.62,9709.86,47.67693268,-122.24215244,E,0.6732,3141.88,9799.8,47.67693268,-122.24215244
3082937,2026-05-31T10:26:06,322.11,0.867,F,3261,9710.59,47.67693762,-122.24215814,E,0.6463,3141.46,9800.35,47.67693762,-122.24215814
3084016,2026-05-31T10:26:07,320.44,0.855,F,3260.41,9711.33,47.67694239,-122.24216397,E,0.6374,3141.02,9800.88,47.67694239,-122.24216397
3085095,2026-05-31T10:26:08,319.64,0.861,F,3259.83,9712.05,47.67694713,-122.24216994,E,0.6419,3140.57,9801.41,47.67694713,-122.24216994
3086097,2026-05-31T10:26:09,311.38,0.858,F,3259.22,9712.65,47.67695093,-122.24217635,E,0.6396,3140.09,9801.83,47.67695093,-122.24217635
3087159,2026-05-31T10:26:10,311.43,0.87,F,3258.54,9713.26,47.67695503,-122.24218323,E,0.6486,3139.57,9802.29,47.67695503,-122.24218323
3088238,2026-05-31T10:26:11,309.95,0.885,F,3257.83,9713.9,47.67695913,-122.2421905,E,0.6598,3139.03,9802.74,47.67695913,-122.2421905
3089318,2026-05-31T10:26:12,309.95,0.894,F,3257.09,9714.52,47.67696329,-122.24219785,E,0.6665,3138.48,9803.2,47.67696329,-122.24219785
3090390,2026-05-31T10:26:13,311.82,0.917,F,3256.36,9715.15,47.67696768,-122.24220512,E,0.6836,3137.93,9803.69,47.67696768,-122.24220512
3091464,2026-05-31T10:26:14,312.49,0.904,F,3255.62,9715.79,47.67697207,-122.24221223,E,0.6739,3137.4,9804.18,47.67697207,-122.24221223
3092544,2026-05-31T10:26:15,314.79,0.894,F,3254.92,9716.43,47.67697662,-122.24221903,E,0.6665,3136.88,9804.69,47.67697662,-122.24221903
3093607,2026-05-31T10:26:16,315.05,0.905,F,3254.24,9717.13,47.67698118,-122.24222578,E,0.6747,3136.38,9805.2,47.67698118,-122.24222578
3094694,2026-05-31T10:26:18,318.05,0.909,F,3253.58,9717.86,47.6769861,-122.24223234,E,0.6777,3135.89,9805.75,47.6769861,-122.24223234
3095757,2026-05-31T10:26:19,314.52,0.914,F,3252.9,9718.58,47.67699067,-122.24223922,E,0.6814,3135.37,9806.25,47.67699067,-122.24223922
3096827,2026-05-31T10:26:20,316.89,0.919,F,3252.21,9719.3,47.67699547,-122.24224589,E,0.6851,3134.87,9806.79,47.67699547,-122.24224589
3097889,2026-05-31T10:26:21,317.06,0.91,F,3251.54,9720.02,47.67700021,-122.24225243,E,0.6784,3134.38,9807.32,47.67700021,-122.24225243
3098959,2026-05-31T10:26:22,314.33,0.916,F,3250.86,9720.73,47.6770048,-122.24225939,E,0.6829,3133.85,9807.83,47.6770048,-122.24225939
3100038,2026-05-31T10:26:23,311.52,0.903,F,3250.14,9721.38,47.67700912,-122.24226663,E,0.6732,3133.31,9808.31,47.67700912,-122.24226663
3101116,2026-05-31T10:26:24,304.89,0.894,F,3249.38,9721.98,47.67701281,-122.24227448,E,0.6665,3132.72,9808.72,47.67701281,-122.24227448
3102185,2026-05-31T10:26:25,309.31,0.918,F,3248.6,9722.55,47.67701698,-122.24228202,E,0.6844,3132.16,9809.18,47.67701698,-122.24228202
3103246,2026-05-31T10:26:26,304.31,0.938,F,3247.82,9723.15,47.67702074,-122.24229019,E,0.6993,3131.54,9809.6,47.67702074,-122.24229019
3104318,2026-05-31T10:26:27,304.99,0.921,F,3247,9723.68,47.67702453,-122.24229822,E,0.6866,3130.94,9810.02,47.67702453,-122.24229822
3105397,2026-05-31T10:26:28,306.73,0.906,F,3246.2,9724.26,47.67702844,-122.242306,E,0.6754,3130.36,9810.46,47.67702844,-122.242306
3106476,2026-05-31T10:26:29,303.89,0.924,F,3245.4,9724.83,47.67703216,-122.24231421,E,0.6888,3129.74,9810.87,47.67703216,-122.24231421
3107564,2026-05-31T10:26:30,307.44,0.92,F,3244.57,9725.39,47.67703624,-122.24232211,E,0.6859,3129.15,9811.33,47.67703624,-122.24232211
3108633,2026-05-31T10:26:32,305.34,0.909,F,3243.79,9725.99,47.67704,-122.24232998,E,0.6777,3128.55,9811.75,47.67704,-122.24232998
3109702,2026-05-31T10:26:33,300.97,0.912,F,3242.96,9726.51,47.67704336,-122.24233828,E,0.6799,3127.93,9812.12,47.67704336,-122.24233828
3110763,2026-05-31T10:26:34,298.42,0.918,F,3242.12,9727,47.67704647,-122.24234678,E,0.6844,3127.29,9812.46,47.67704647,-122.24234678
3111824,2026-05-31T10:26:35,313.92,0.925,F,3241.34,9727.58,47.67705103,-122.2423538,E,0.6896,3126.77,9812.97,47.67705103,-122.2423538
3112893,2026-05-31T10:26:36,319.92,0.883,F,3240.69,9728.31,47.67705586,-122.24235984,E,0.6583,3126.31,9813.51,47.67705586,-122.24235984
3113973,2026-05-31T10:26:37,316.56,0.864,F,3240.06,9729.03,47.6770604,-122.24236621,E,0.6441,3125.83,9814.02,47.6770604,-122.24236621
3115043,2026-05-31T10:26:38,311.46,0.853,F,3239.41,9729.68,47.67706445,-122.242373,E,0.6359,3125.32,9814.47,47.67706445,-122.242373
3116121,2026-05-31T10:26:39,305.54,0.859,F,3238.68,9730.25,47.67706805,-122.24238048,E,0.6404,3124.76,9814.87,47.67706805,-122.24238048
3117221,2026-05-31T10:26:40,308.11,0.859,F,3237.9,9730.79,47.67707196,-122.24238786,E,0.6404,3124.21,9815.3,47.67707196,-122.24238786
3118300,2026-05-31T10:26:41,317.7,0.888,F,3237.2,9731.43,47.6770767,-122.24239427,E,0.662,3123.73,9815.83,47.6770767,-122.24239427
3119378,2026-05-31T10:26:42,333.39,0.868,F,3236.66,9732.23,47.67708231,-122.24239843,E,0.6471,3123.42,9816.45,47.67708231,-122.24239843
3120456,2026-05-31T10:26:43,340.18,0.87,F,3236.3,9733.08,47.67708822,-122.24240159,E,0.6486,3123.18,9817.11,47.67708822,-122.24240159
3121523,2026-05-31T10:26:44,323.46,0.845,F,3235.94,9733.9,47.67709307,-122.24240692,E,0.6299,3122.78,9817.65,47.67709307,-122.24240692
3122603,2026-05-31T10:26:45,278.07,0.813,F,3235.16,9734.28,47.67709389,-122.24241555,E,0.6061,3122.13,9817.74,47.67709389,-122.24241555
3123682,2026-05-31T10:26:47,286.64,0.858,F,3234.28,9734.47,47.67709567,-122.24242436,E,0.6396,3121.47,9817.94,47.67709567,-122.24242436
3124760,2026-05-31T10:26:48,289.61,0.877,F,3233.39,9734.78,47.67709779,-122.2424332,E,0.6538,3120.8,9818.18,47.67709779,-122.2424332
3125832,2026-05-31T10:26:49,300.76,0.877,F,3232.54,9735.17,47.67710101,-122.24244122,E,0.6538,3120.2,9818.54,47.67710101,-122.24244122
3126912,2026-05-31T10:26:50,305.65,0.904,F,3231.74,9735.71,47.67710482,-122.2424491,E,0.6739,3119.61,9818.96,47.67710482,-122.2424491
3127975,2026-05-31T10:26:51,305.6,0.899,F,3230.96,9736.24,47.67710855,-122.24245681,E,0.6702,3119.03,9819.38,47.67710855,-122.24245681
3129037,2026-05-31T10:26:52,308.46,0.868,F,3230.21,9736.8,47.67711239,-122.24246398,E,0.6471,3118.49,9819.8,47.67711239,-122.24246398
3130108,2026-05-31T10:26:53,313.41,0.846,F,3229.52,9737.4,47.67711656,-122.24247052,E,0.6307,3118,9820.27,47.67711656,-122.24247052
3131180,2026-05-31T10:26:54,314.71,0.815,F,3228.87,9738.02,47.67712067,-122.24247668,E,0.6076,3117.54,9820.73,47.67712067,-122.24247668
3132259,2026-05-31T10:26:55,299.4,0.779,F,3228.2,9738.53,47.67712344,-122.24248395,E,0.5807,3116.99,9821.03,47.67712344,-122.24248395
3133338,2026-05-31T10:26:56,288.14,0.808,F,3227.41,9738.87,47.67712526,-122.24249218,E,0.6024,3116.38,9821.24,47.67712526,-122.24249218
3134418,2026-05-31T10:26:57,288.44,0.83,F,3226.57,9739.12,47.67712715,-122.24250062,E,0.6188,3115.74,9821.45,47.67712715,-122.24250062
3135488,2026-05-31T10:26:58,292.92,0.858,F,3225.72,9739.44,47.67712955,-122.24250902,E,0.6396,3115.11,9821.71,47.67712955,-122.24250902
3136559,2026-05-31T10:26:59,307.71,0.867,F,3224.95,9739.92,47.67713335,-122.24251631,E,0.6463,3114.56,9822.14,47.67713335,-122.24251631
3137622,2026-05-31T10:27:01,314.52,0.902,F,3224.23,9740.53,47.67713786,-122.2425231,E,0.6724,3114.05,9822.64,47.67713786,-122.2425231
3138683,2026-05-31T10:27:02,314.28,0.899,F,3223.56,9741.2,47.67714231,-122.24252988,E,0.6702,3113.55,9823.13,47.67714231,-122.24252988
3139772,2026-05-31T10:27:03,310.95,0.903,F,3222.84,9741.85,47.67714663,-122.24253726,E,0.6732,3112.99,9823.61,47.67714663,-122.24253726
3140859,2026-05-31T10:27:04,313.27,0.907,F,3222.13,9742.52,47.67715116,-122.24254439,E,0.6762,3112.46,9824.12,47.67715116,-122.24254439
3141930,2026-05-31T10:27:05,311.88,0.913,F,3221.42,9743.15,47.67715553,-122.24255162,E,0.6806,3111.91,9824.61,47.67715553,-122.24255162
3143009,2026-05-31T10:27:06,310.76,0.914,F,3220.67,9743.79,47.67715984,-122.24255903,E,0.6814,3111.36,9825.09,47.67715984,-122.24255903
3144079,2026-05-31T10:27:07,310.44,0.918,F,3219.93,9744.42,47.67716411,-122.24256646,E,0.6844,3110.8,9825.56,47.67716411,-122.24256646
3145115,2026-05-31T10:27:08,314.8,0.93,F,3219.21,9745.06,47.67716865,-122.24257324,E,0.6933,3110.29,9826.07,47.67716865,-122.24257324
3146178,2026-05-31T10:27:09,317.58,0.944,F,3218.52,9745.79,47.67717361,-122.24257997,E,0.7038,3109.79,9826.62,47.67717361,-122.24257997
3147248,2026-05-31T10:27:10,319.69,0.938,F,3217.85,9746.54,47.67717874,-122.24258641,E,0.6993,3109.3,9827.19,47.67717874,-122.24258641
3148327,2026-05-31T10:27:11,317.56,0.947,F,3217.19,9747.28,47.67718379,-122.24259326,E,0.706,3108.79,9827.75,47.67718379,-122.24259326
3149406,2026-05-31T10:27:12,319.52,0.938,F,3216.51,9748.03,47.67718895,-122.24259978,E,0.6993,3108.3,9828.33,47.67718895,-122.24259978
3150476,2026-05-31T10:27:13,316.01,0.948,F,3215.82,9748.76,47.67719383,-122.24260678,E,0.7067,3107.77,9828.87,47.67719383,-122.24260678
3151542,2026-05-31T10:27:14,316.37,0.943,F,3215.11,9749.49,47.67719871,-122.24261367,E,0.703,3107.26,9829.41,47.67719871,-122.24261367
3152596,2026-05-31T10:27:15,317.9,0.941,F,3214.44,9750.21,47.67720363,-122.24262027,E,0.7015,3106.76,9829.96,47.67720363,-122.24262027
3153666,2026-05-31T10:27:17,318.29,0.935,F,3213.77,9750.95,47.67720864,-122.24262688,E,0.697,3106.26,9830.52,47.67720864,-122.24262688
3154736,2026-05-31T10:27:18,317.4,0.949,F,3213.1,9751.69,47.67721364,-122.2426337,E,0.7075,3105.75,9831.07,47.67721364,-122.2426337
3155815,2026-05-31T10:27:19,326.27,0.928,F,3212.46,9752.47,47.67721922,-122.24263922,E,0.6918,3105.34,9831.7,47.67721922,-122.24263922
3156902,2026-05-31T10:27:20,329.49,0.95,F,3211.92,9753.33,47.67722518,-122.24264443,E,0.7082,3104.95,9832.36,47.67722518,-122.24264443
3157992,2026-05-31T10:27:21,332.07,0.951,F,3211.43,9754.25,47.67723131,-122.24264925,E,0.709,3104.58,9833.04,47.67723131,-122.24264925
3159071,2026-05-31T10:27:22,327.52,0.927,F,3210.92,9755.12,47.67723696,-122.24265458,E,0.6911,3104.18,9833.67,47.67723696,-122.24265458
3160150,2026-05-31T10:27:23,319.77,0.927,F,3210.31,9755.91,47.67724207,-122.242661,E,0.6911,3103.7,9834.24,47.67724207,-122.242661
3161230,2026-05-31T10:27:24,314.12,0.926,F,3209.64,9756.65,47.67724674,-122.24266813,E,0.6903,3103.17,9834.76,47.67724674,-122.24266813
3162302,2026-05-31T10:27:25,311.25,0.927,F,3208.89,9757.29,47.67725112,-122.24267555,E,0.6911,3102.61,9835.25,47.67725112,-122.24267555
3163373,2026-05-31T10:27:26,321.02,0.942,F,3208.23,9758.03,47.67725638,-122.24268185,E,0.7023,3102.14,9835.83,47.67725638,-122.24268185
3164453,2026-05-31T10:27:27,320.46,0.95,F,3207.58,9758.78,47.67726168,-122.24268833,E,0.7082,3101.65,9836.42,47.67726168,-122.24268833
3165526,2026-05-31T10:27:28,322.25,0.944,F,3206.95,9759.57,47.67726704,-122.24269449,E,0.7038,3101.19,9837.02,47.67726704,-122.24269449
3166596,2026-05-31T10:27:29,325.48,0.911,F,3206.34,9760.35,47.67727242,-122.24269998,E,0.6792,3100.78,9837.62,47.67727242,-122.24269998
3167668,2026-05-31T10:27:31,320.2,0.928,F,3205.77,9761.17,47.67727754,-122.2427063,E,0.6918,3100.3,9838.19,47.67727754,-122.2427063
3168739,2026-05-31T10:27:32,313.4,0.957,F,3205.07,9761.91,47.67728225,-122.24271369,E,0.7134,3099.75,9838.71,47.67728225,-122.24271369
3169819,2026-05-31T10:27:33,312.38,0.945,F,3204.31,9762.6,47.67728686,-122.24272118,E,0.7045,3099.18,9839.23,47.67728686,-122.24272118
3170900,2026-05-31T10:27:34,315.84,0.965,F,3203.58,9763.33,47.67729187,-122.2427284,E,0.7194,3098.64,9839.78,47.67729187,-122.2427284
3171980,2026-05-31T10:27:35,316.01,0.964,F,3202.85,9764.08,47.67729689,-122.24273558,E,0.7187,3098.1,9840.34,47.67729689,-122.24273558
3173032,2026-05-31T10:27:36,317.67,0.943,F,3202.21,9764.86,47.6773018,-122.24274221,E,0.703,3097.6,9840.89,47.6773018,-122.24274221
3174112,2026-05-31T10:27:37,316.71,0.948,F,3201.52,9765.6,47.67730679,-122.24274918,E,0.7067,3097.08,9841.44,47.67730679,-122.24274918
3175191,2026-05-31T10:27:38,315.5,0.939,F,3200.82,9766.35,47.67731163,-122.24275623,E,0.7,3096.55,9841.98,47.67731163,-122.24275623
3176261,2026-05-31T10:27:39,310.47,0.976,F,3200.07,9767.06,47.67731617,-122.24276412,E,0.7276,3095.96,9842.49,47.67731617,-122.24276412
3177319,2026-05-31T10:27:40,316.22,0.967,F,3199.32,9767.77,47.67732112,-122.24277115,E,0.7209,3095.43,9843.04,47.67732112,-122.24277115
3178398,2026-05-31T10:27:41,320.3,0.939,F,3198.65,9768.52,47.67732634,-122.24277757,E,0.7,3094.95,9843.62,47.67732634,-122.24277757
3179487,2026-05-31T10:27:42,320.21,0.915,F,3198.01,9769.28,47.67733146,-122.24278391,E,0.6821,3094.47,9844.19,47.67733146,-122.24278391
3180556,2026-05-31T10:27:43,315.07,0.903,F,3197.34,9770,47.67733604,-122.24279068,E,0.6732,3093.97,9844.7,47.67733604,-122.24279068
3181642,2026-05-31T10:27:45,307.06,0.904,F,3196.59,9770.65,47.67734,-122.24279846,E,0.6739,3093.38,9845.14,47.67734,-122.24279846
3182721,2026-05-31T10:27:46,304.59,0.908,F,3195.8,9771.21,47.67734373,-122.24280646,E,0.6769,3092.78,9845.56,47.67734373,-122.24280646
3183799,2026-05-31T10:27:47,304.7,0.883,F,3195.01,9771.75,47.67734736,-122.24281423,E,0.6583,3092.2,9845.96,47.67734736,-122.24281423
3184879,2026-05-31T10:27:48,310.35,0.923,F,3194.23,9772.34,47.67735168,-122.24282178,E,0.6881,3091.63,9846.44,47.67735168,-122.24282178
3185966,2026-05-31T10:27:49,308.45,0.934,F,3193.45,9772.99,47.67735591,-122.24282967,E,0.6963,3091.04,9846.91,47.67735591,-122.24282967
3187037,2026-05-31T10:27:50,318.09,0.932,F,3192.72,9773.66,47.67736088,-122.24283629,E,0.6948,3090.54,9847.47,47.67736088,-122.24283629
3188108,2026-05-31T10:27:51,320.88,0.944,F,3192.06,9774.41,47.67736613,-122.24284263,E,0.7038,3090.07,9848.05,47.67736613,-122.24284263
3189168,2026-05-31T10:27:52,325.53,0.942,F,3191.45,9775.2,47.67737165,-122.24284824,E,0.7023,3089.64,9848.66,47.67737165,-122.24284824
3190240,2026-05-31T10:27:53,329.79,0.938,F,3190.91,9776.04,47.67737747,-122.24285326,E,0.6993,3089.27,9849.31,47.67737747,-122.24285326
3191319,2026-05-31T10:27:54,334.94,0.933,F,3190.45,9776.93,47.67738357,-122.2428575,E,0.6956,3088.95,9849.99,47.67738357,-122.2428575
3192397,2026-05-31T10:27:55,332.74,0.958,F,3190,9777.87,47.67738972,-122.24286219,E,0.7142,3088.6,9850.68,47.67738972,-122.24286219
3193476,2026-05-31T10:27:56,327.4,0.947,F,3189.49,9778.75,47.67739549,-122.24286766,E,0.706,3088.19,9851.32,47.67739549,-122.24286766
3194555,2026-05-31T10:27:57,321.84,0.967,F,3188.88,9779.59,47.67740098,-122.24287406,E,0.7209,3087.71,9851.93,47.67740098,-122.24287406
3195618,2026-05-31T10:27:58,320.45,0.958,F,3188.24,9780.4,47.67740624,-122.2428805,E,0.7142,3087.22,9852.51,47.67740624,-122.2428805
3196663,2026-05-31T10:28:00,322.92,0.956,F,3187.62,9781.2,47.67741158,-122.24288648,E,0.7127,3086.77,9853.11,47.67741158,-122.24288648
3197735,2026-05-31T10:28:01,322.98,0.96,F,3186.99,9782.03,47.67741708,-122.24289263,E,0.7157,3086.31,9853.72,47.67741708,-122.24289263
3198814,2026-05-31T10:28:02,321.67,0.962,F,3186.34,9782.86,47.67742253,-122.24289903,E,0.7172,3085.83,9854.33,47.67742253,-122.24289903
3199892,2026-05-31T10:28:03,320.22,0.949,F,3185.73,9783.7,47.6774278,-122.24290553,E,0.7075,3085.34,9854.91,47.6774278,-122.24290553
3200942,2026-05-31T10:28:04,310.67,0.963,F,3185.03,9784.4,47.67743221,-122.24291314,E,0.7179,3084.77,9855.41,47.67743221,-122.24291314
3202029,2026-05-31T10:28:05,314.44,0.962,F,3184.27,9785.13,47.67743711,-122.24292055,E,0.7172,3084.21,9855.95,47.67743711,-122.24292055
3203099,2026-05-31T10:28:06,312.49,0.964,F,3183.52,9785.86,47.67744178,-122.24292811,E,0.7187,3083.65,9856.47,47.67744178,-122.24292811
3204178,2026-05-31T10:28:07,310.34,0.979,F,3182.74,9786.57,47.67744636,-122.2429361,E,0.7298,3083.05,9856.98,47.67744636,-122.2429361
3205256,2026-05-31T10:28:08,312.44,0.976,F,3181.94,9787.26,47.67745111,-122.24294381,E,0.7276,3082.47,9857.51,47.67745111,-122.24294381
3206334,2026-05-31T10:28:09,311.59,0.989,F,3181.17,9787.98,47.67745585,-122.24295173,E,0.7373,3081.87,9858.04,47.67745585,-122.24295173
3207413,2026-05-31T10:28:10,313.11,0.98,F,3180.36,9788.71,47.67746069,-122.24295939,E,0.7306,3081.3,9858.58,47.67746069,-122.24295939
3208482,2026-05-31T10:28:11,312.92,0.949,F,3179.63,9789.44,47.67746532,-122.24296677,E,0.7075,3080.74,9859.09,47.67746532,-122.24296677
3209560,2026-05-31T10:28:12,308.37,0.94,F,3178.87,9790.12,47.67746953,-122.24297466,E,0.7008,3080.15,9859.56,47.67746953,-122.24297466
3210630,2026-05-31T10:28:14,304.71,0.922,F,3178.06,9790.69,47.67747329,-122.24298271,E,0.6874,3079.55,9859.98,47.67747329,-122.24298271
3211717,2026-05-31T10:28:15,308.22,0.923,F,3177.26,9791.26,47.67747745,-122.24299054,E,0.6881,3078.96,9860.44,47.67747745,-122.24299054
3212797,2026-05-31T10:28:16,310.95,0.951,F,3176.48,9791.9,47.67748196,-122.24299824,E,0.709,3078.38,9860.94,47.67748196,-122.24299824
3213876,2026-05-31T10:28:17,315.59,0.97,F,3175.75,9792.63,47.67748697,-122.24300551,E,0.7231,3077.84,9861.5,47.67748697,-122.24300551
3214947,2026-05-31T10:28:18,317.97,0.785,F,3175.09,9793.32,47.67749115,-122.2430111,E,0.5852,3077.42,9861.97,47.67749115,-122.2430111
3216025,2026-05-31T10:28:19,312.76,0.548,F,3174.6,9793.83,47.67749383,-122.24301541,E,0.4085,3077.09,9862.27,47.67749383,-122.24301541
3217094,2026-05-31T10:28:20,322.22,0.384,F,3174.25,9794.18,47.67749601,-122.24301791,E,0.2863,3076.91,9862.51,47.67749601,-122.24301791
3218166,2026-05-31T10:28:21,346.9,0.269,F,3174.09,9794.49,47.67749789,-122.24301856,E,0.2005,3076.86,9862.72,47.67749789,-122.24301856
3219236,2026-05-31T10:28:22,2.6,0.31,F,3174.08,9794.76,47.67750011,-122.24301841,E,0.2311,3076.87,9862.96,47.67750011,-122.24301841
3220306,2026-05-31T10:28:23,5.45,0.426,F,3174.11,9795.16,47.67750314,-122.24301798,E,0.3176,3076.9,9863.3,47.67750314,-122.24301798
3221376,2026-05-31T10:28:24,8.34,0.534,F,3174.17,9795.67,47.67750693,-122.24301715,E,0.3981,3076.96,9863.72,47.67750693,-122.24301715
3222446,2026-05-31T10:28:25,9.52,0.624,F,3174.26,9796.29,47.67751134,-122.24301606,E,0.4652,3077.04,9864.21,47.67751134,-122.24301606
3223534,2026-05-31T10:28:26,9.59,0.669,F,3174.39,9796.99,47.67751615,-122.24301485,E,0.4987,3077.13,9864.75,47.67751615,-122.24301485
3224604,2026-05-31T10:28:27,3,0.719,F,3174.49,9797.73,47.67752129,-122.24301445,E,0.536,3077.16,9865.32,47.67752129,-122.24301445
3225683,2026-05-31T10:28:29,344.01,0.752,F,3174.41,9798.49,47.67752652,-122.24301667,E,0.5606,3077,9865.9,47.67752652,-122.24301667
3226761,2026-05-31T10:28:30,323.35,0.803,F,3174.01,9799.23,47.67753117,-122.2430218,E,0.5986,3076.61,9866.42,47.67753117,-122.2430218
3227839,2026-05-31T10:28:31,312.61,0.811,F,3173.41,9799.87,47.67753513,-122.24302819,E,0.6046,3076.13,9866.86,47.67753513,-122.24302819
3228910,2026-05-31T10:28:32,307.85,0.831,F,3172.74,9800.44,47.67753879,-122.24303517,E,0.6195,3075.61,9867.27,47.67753879,-122.24303517
3229988,2026-05-31T10:28:33,309.34,0.847,F,3172.02,9800.97,47.67754266,-122.24304218,E,0.6314,3075.08,9867.7,47.67754266,-122.24304218
3231058,2026-05-31T10:28:34,311.26,0.901,F,3171.32,9801.59,47.67754692,-122.24304938,E,0.6717,3074.54,9868.18,47.67754692,-122.24304938
3232136,2026-05-31T10:28:35,315.12,0.937,F,3170.59,9802.25,47.67755171,-122.24305646,E,0.6985,3074.01,9868.71,47.67755171,-122.24305646
3233206,2026-05-31T10:28:36,314.85,0.977,F,3169.88,9802.98,47.67755665,-122.24306381,E,0.7284,3073.46,9869.26,47.67755665,-122.24306381
3234276,2026-05-31T10:28:37,315.66,1.019,F,3169.13,9803.72,47.67756187,-122.24307138,E,0.7597,3072.89,9869.84,47.67756187,-122.24307138
3235355,2026-05-31T10:28:38,313.18,1.032,F,3168.34,9804.46,47.67756698,-122.24307944,E,0.7694,3072.29,9870.41,47.67756698,-122.24307944
3236426,2026-05-31T10:28:39,314.38,1.026,F,3167.53,9805.2,47.67757212,-122.24308724,E,0.7649,3071.7,9870.98,47.67757212,-122.24308724
3237534,2026-05-31T10:28:40,316.15,1.042,F,3166.76,9806.06,47.6775777,-122.24309518,E,0.7768,3071.1,9871.6,47.6775777,-122.24309518
3238613,2026-05-31T10:28:41,320.02,1.061,F,3166,9806.9,47.67758357,-122.24310249,E,0.791,3070.56,9872.26,47.67758357,-122.24310249
3239676,2026-05-31T10:28:43,324.21,1.051,F,3165.3,9807.78,47.67758964,-122.24310898,E,0.7835,3070.07,9872.93,47.67758964,-122.24310898
3240744,2026-05-31T10:28:44,325.31,1.027,F,3164.67,9808.72,47.67759568,-122.24311517,E,0.7656,3069.6,9873.6,47.67759568,-122.24311517
3241825,2026-05-31T10:28:45,321.61,0.979,F,3164.05,9809.63,47.67760124,-122.2431217,E,0.7298,3069.11,9874.22,47.67760124,-122.2431217
3242903,2026-05-31T10:28:46,320.92,1.016,F,3163.37,9810.47,47.67760693,-122.24312856,E,0.7574,3068.6,9874.86,47.67760693,-122.24312856
3243982,2026-05-31T10:28:47,317.58,1.015,F,3162.66,9811.31,47.67761235,-122.24313589,E,0.7567,3068.05,9875.46,47.67761235,-122.24313589
3245052,2026-05-31T10:28:48,322.81,1.044,F,3161.96,9812.15,47.67761831,-122.2431426,E,0.7783,3067.54,9876.12,47.67761831,-122.2431426
3246130,2026-05-31T10:28:49,323.04,1.035,F,3161.28,9813.03,47.67762428,-122.24314926,E,0.7716,3067.04,9876.79,47.67762428,-122.24314926
3247208,2026-05-31T10:28:50,327.43,1.015,F,3160.64,9813.93,47.67763045,-122.24315511,E,0.7567,3066.6,9877.47,47.67763045,-122.24315511
3248271,2026-05-31T10:28:51,320.96,0.974,F,3160.02,9814.8,47.67763584,-122.24316158,E,0.7261,3066.12,9878.07,47.67763584,-122.24316158
3249332,2026-05-31T10:28:52,317.7,0.976,F,3159.37,9815.61,47.67764097,-122.2431685,E,0.7276,3065.6,9878.64,47.67764097,-122.2431685
3250387,2026-05-31T10:28:53,312.24,0.831,F,3158.67,9816.29,47.67764491,-122.24317495,E,0.6195,3065.12,9879.08,47.67764491,-122.24317495
3251467,2026-05-31T10:28:54,303.1,0.58,F,3158.08,9816.75,47.6776472,-122.24318016,E,0.4324,3064.72,9879.34,47.6776472,-122.24318016
3252519,2026-05-31T10:28:55,293.32,0.409,F,3157.62,9816.99,47.67764835,-122.24318408,E,0.3049,3064.43,9879.47,47.67764835,-122.24318408
3253597,2026-05-31T10:28:56,297.49,0.345,F,3157.26,9817.14,47.67764949,-122.24318736,E,0.2572,3064.18,9879.59,47.67764949,-122.24318736
3254676,2026-05-31T10:28:58,314.55,0.504,F,3156.91,9817.44,47.67765205,-122.2431912,E,0.3757,3063.89,9879.88,47.67765205,-122.2431912
3255755,2026-05-31T10:28:59,322.7,0.6,F,3156.49,9817.88,47.6776555,-122.2431951,E,0.4473,3063.6,9880.26,47.6776555,-122.2431951
3256827,2026-05-31T10:29:00,323.59,0.668,F,3156.09,9818.42,47.67765936,-122.24319932,E,0.498,3063.29,9880.69,47.67765936,-122.24319932
3257899,2026-05-31T10:29:01,326.07,0.732,F,3155.66,9819.04,47.67766372,-122.24320367,E,0.5457,3062.96,9881.18,47.67766372,-122.24320367
3258971,2026-05-31T10:29:02,326,0.762,F,3155.2,9819.68,47.67766825,-122.24320821,E,0.5681,3062.62,9881.68,47.67766825,-122.24320821
3260049,2026-05-31T10:29:03,308,0.796,F,3154.67,9820.34,47.67767179,-122.24321492,E,0.5934,3062.11,9882.08,47.67767179,-122.24321492
3261128,2026-05-31T10:29:04,296.28,0.847,F,3153.9,9820.77,47.6776745,-122.24322306,E,0.6314,3061.5,9882.38,47.6776745,-122.24322306
3262224,2026-05-31T10:29:05,299,0.879,F,3153.07,9821.21,47.67767763,-122.24323142,E,0.6553,3060.87,9882.73,47.67767763,-122.24323142
3263303,2026-05-31T10:29:06,300.94,0.891,F,3152.23,9821.66,47.67768094,-122.24323961,E,0.6642,3060.26,9883.09,47.67768094,-122.24323961
3264374,2026-05-31T10:29:07,291.29,0.9,F,3151.36,9822.09,47.67768328,-122.24324853,E,0.671,3059.59,9883.36,47.67768328,-122.24324853
3265447,2026-05-31T10:29:08,293.62,0.932,F,3150.44,9822.45,47.67768597,-122.24325763,E,0.6948,3058.91,9883.65,47.67768597,-122.24325763
3266517,2026-05-31T10:29:09,294.48,0.959,F,3149.52,9822.87,47.67768881,-122.2432669,E,0.7149,3058.21,9883.97,47.67768881,-122.2432669
3267619,2026-05-31T10:29:10,306.16,0.942,F,3148.59,9823.34,47.67769292,-122.24327522,E,0.7023,3057.59,9884.43,47.67769292,-122.24327522
3268698,2026-05-31T10:29:12,311.97,0.961,F,3147.79,9823.99,47.67769756,-122.24328288,E,0.7164,3057.01,9884.94,47.67769756,-122.24328288
3269786,2026-05-31T10:29:13,310.64,0.801,F,3147.04,9824.62,47.67770136,-122.24328944,E,0.5971,3056.52,9885.37,47.67770136,-122.24328944
3270853,2026-05-31T10:29:14,310.62,0.574,F,3146.49,9825.09,47.67770403,-122.24329406,E,0.4279,3056.17,9885.66,47.67770403,-122.24329406
3271933,2026-05-31T10:29:15,309.42,0.401,F,3146.1,9825.44,47.67770587,-122.24329738,E,0.2989,3055.92,9885.87,47.67770587,-122.24329738
3273011,2026-05-31T10:29:16,305.08,0.387,F,3145.78,9825.66,47.67770748,-122.24330077,E,0.2885,3055.67,9886.05,47.67770748,-122.24330077
3274089,2026-05-31T10:29:17,303.63,0.463,F,3145.41,9825.95,47.67770933,-122.2433049,E,0.3452,3055.36,9886.25,47.67770933,-122.2433049
3275159,2026-05-31T10:29:18,304.09,0.363,F,3145.03,9826.21,47.67771079,-122.24330809,E,0.2706,3055.12,9886.42,47.67771079,-122.24330809
3276239,2026-05-31T10:29:19,306.86,0.253,F,3144.77,9826.41,47.67771189,-122.24331026,E,0.1886,3054.96,9886.54,47.67771189,-122.24331026
3277319,2026-05-31T10:29:20,316.01,0.177,F,3144.59,9826.53,47.67771281,-122.24331158,E,0.132,3054.86,9886.64,47.67771281,-122.24331158
3278398,2026-05-31T10:29:21,340.92,0.123,F,3144.5,9826.64,47.67771365,-122.24331201,E,0.0917,3054.82,9886.74,47.67771365,-122.24331201
3279476,2026-05-31T10:29:22,320.83,0.086,F,3144.45,9826.74,47.67771413,-122.24331259,E,0.0641,3054.78,9886.79,47.67771413,-122.24331259
3280554,2026-05-31T10:29:23,260.44,0.076,F,3144.38,9826.77,47.67771404,-122.24331339,E,0.0567,3054.72,9886.78,47.67771404,-122.24331339
3281633,2026-05-31T10:29:25,227.57,0.081,F,3144.31,9826.74,47.67771364,-122.24331404,E,0.0604,3054.67,9886.73,47.67771364,-122.24331404
3282713,2026-05-31T10:29:26,219.38,0.057,F,3144.25,9826.67,47.67771332,-122.24331442,E,0.0425,3054.64,9886.7,47.67771332,-122.24331442
3283785,2026-05-31T10:29:27,227.34,0.095,F,3144.2,9826.59,47.67771286,-122.24331517,E,0.0708,3054.59,9886.65,47.67771286,-122.24331517
3284864,2026-05-31T10:29:28,246.16,0.097,F,3144.12,9826.55,47.67771258,-122.24331612,E,0.0723,3054.52,9886.62,47.67771258,-122.24331612
3285934,2026-05-31T10:29:29,241.9,0.081,F,3144.03,9826.54,47.6777123,-122.24331688,E,0.0604,3054.46,9886.59,47.6777123,-122.24331688
3287007,2026-05-31T10:29:30,247.33,0.056,F,3143.97,9826.53,47.67771215,-122.24331743,E,0.0417,3054.42,9886.57,47.67771215,-122.24331743
3288068,2026-05-31T10:29:31,260.33,0.04,F,3143.92,9826.53,47.6777121,-122.24331784,E,0.0298,3054.39,9886.56,47.6777121,-122.24331784
3289146,2026-05-31T10:29:32,259.19,0.028,F,3143.88,9826.53,47.67771206,-122.24331814,E,0.0209,3054.36,9886.56,47.67771206,-122.24331814
3290215,2026-05-31T10:29:33,252.41,0.019,F,3143.86,9826.53,47.67771202,-122.24331833,E,0.0142,3054.35,9886.55,47.67771202,-122.24331833
3291302,2026-05-31T10:29:34,244.84,0.014,F,3143.83,9826.53,47.67771198,-122.24331847,E,0.0104,3054.34,9886.55,47.67771198,-122.24331847
3292374,2026-05-31T10:29:35,238.76,0.009,F,3143.83,9826.53,47.67771195,-122.24331855,E,0.0067,3054.33,9886.55,47.67771195,-122.24331855
3293445,2026-05-31T10:29:36,217.49,0.007,F,3143.83,9826.53,47.67771191,-122.24331859,E,0.0052,3054.33,9886.54,47.67771191,-122.24331859
3294505,2026-05-31T10:29:37,225.54,0.005,F,3143.83,9826.53,47.67771188,-122.24331863,E,0.0037,3054.33,9886.54,47.67771188,-122.24331863
3295575,2026-05-31T10:29:38,220.47,0.017,F,3143.82,9826.53,47.67771179,-122.24331875,E,0.0127,3054.32,9886.53,47.67771179,-122.24331875
3296655,2026-05-31T10:29:40,210.87,0.012,F,3143.82,9826.53,47.67771171,-122.24331881,E,0.0089,3054.31,9886.52,47.67771171,-122.24331881
3297738,2026-05-31T10:29:41,232.72,0.008,F,3143.82,9826.53,47.67771168,-122.24331888,E,0.006,3054.31,9886.52,47.67771168,-122.24331888
3298816,2026-05-31T10:29:42,232.56,0.006,F,3143.82,9826.53,47.67771165,-122.24331893,E,0.0045,3054.3,9886.51,47.67771165,-122.24331893
3299895,2026-05-31T10:29:43,224.06,0.004,F,3143.82,9826.53,47.67771163,-122.24331896,E,0.003,3054.3,9886.51,47.67771163,-122.24331896
3300964,2026-05-31T10:29:44,217.53,0.003,F,3143.82,9826.53,47.67771161,-122.24331898,E,0.0022,3054.3,9886.51,47.67771161,-122.24331898
3302042,2026-05-31T10:29:45,216.84,0.002,F,3143.82,9826.53,47.6777116,-122.243319,E,0.0015,3054.3,9886.51,47.6777116,-122.243319
3303121,2026-05-31T10:29:46,216.36,0.001,F,3143.82,9826.53,47.6777116,-122.243319,E,0.0007,3054.3,9886.51,47.6777116,-122.243319
3304191,2026-05-31T10:29:47,214.76,0.001,F,3143.82,9826.53,47.67771159,-122.24331901,E,0.0007,3054.3,9886.51,47.67771159,-122.24331901
3305252,2026-05-31T10:29:48,232.84,0.001,F,3143.82,9826.53,47.67771159,-122.24331902,E,0.0007,3054.3,9886.51,47.67771159,-122.24331902
3306338,2026-05-31T10:29:49,267.4,0,F,3143.82,9826.53,47.67771159,-122.24331902,E,0,3054.3,9886.51,47.67771159,-122.24331902
3307416,2026-05-31T10:29:50,270.49,0.032,F,3143.81,9826.53,47.67771159,-122.24331936,E,0.0239,3054.27,9886.51,47.67771159,-122.24331936
3308486,2026-05-31T10:29:51,244.77,0.035,F,3143.78,9826.53,47.67771148,-122.2433197,E,0.0261,3054.25,9886.49,47.67771148,-122.2433197
3309566,2026-05-31T10:29:52,249.26,0.025,F,3143.75,9826.53,47.67771142,-122.24331995,E,0.0186,3054.23,9886.49,47.67771142,-122.24331995
3310644,2026-05-31T10:29:54,229.23,0.017,F,3143.72,9826.53,47.67771134,-122.24332008,E,0.0127,3054.22,9886.48,47.67771134,-122.24332008
3311705,2026-05-31T10:29:55,221.23,0.012,F,3143.72,9826.53,47.67771127,-122.24332017,E,0.0089,3054.21,9886.47,47.67771127,-122.24332017
3312793,2026-05-31T10:29:56,220.51,0.008,F,3143.72,9826.53,47.67771123,-122.24332022,E,0.006,3054.21,9886.47,47.67771123,-122.24332022
3313872,2026-05-31T10:29:57,219.85,0.006,F,3143.72,9826.53,47.6777112,-122.24332026,E,0.0045,3054.2,9886.46,47.6777112,-122.24332026
3314952,2026-05-31T10:29:58,219.36,0.004,F,3143.72,9826.53,47.67771117,-122.24332029,E,0.003,3054.2,9886.46,47.67771117,-122.24332029
3316031,2026-05-31T10:29:59,216.61,0.003,F,3143.72,9826.53,47.67771116,-122.24332031,E,0.0022,3054.2,9886.46,47.67771116,-122.24332031
3317103,2026-05-31T10:30:00,211.6,0.002,F,3143.72,9826.53,47.67771114,-122.24332032,E,0.0015,3054.2,9886.46,47.67771114,-122.24332032
3318173,2026-05-31T10:30:01,215.16,0.001,F,3143.72,9826.53,47.67771114,-122.24332033,E,0.0007,3054.2,9886.46,47.67771114,-122.24332033
3319234,2026-05-31T10:30:02,214.43,0.001,F,3143.72,9826.53,47.67771113,-122.24332033,E,0.0007,3054.2,9886.46,47.67771113,-122.24332033
3320312,2026-05-31T10:30:03,210.5,0.001,F,3143.72,9826.53,47.67771113,-122.24332034,E,0.0007,3054.2,9886.45,47.67771113,-122.24332034
3321390,2026-05-31T10:30:04,207.49,0,F,3143.72,9826.53,47.67771113,-122.24332034,E,0,3054.2,9886.45,47.67771113,-122.24332034
3322454,2026-05-31T10:30:05,205.54,0,F,3143.72,9826.53,47.67771113,-122.24332034,E,0,3054.2,9886.45,47.67771113,-122.24332034
3323524,2026-05-31T10:30:06,201.26,0,F,3143.72,9826.53,47.67771113,-122.24332034,E,0,3054.2,9886.45,47.67771113,-122.24332034
3324594,2026-05-31T10:30:07,198.6,0,F,3143.72,9826.53,47.67771113,-122.24332034,E,0,3054.2,9886.45,47.67771113,-122.24332034
3325661,2026-05-31T10:30:09,189.66,0,F,3143.72,9826.53,47.67771113,-122.24332034,E,0,3054.2,9886.45,47.67771113,-122.24332034
3326741,2026-05-31T10:30:10,174.6,0,F,3143.72,9826.53,47.67771113,-122.24332034,E,0,3054.2,9886.45,47.67771113,-122.24332034
3327741,2026-05-31T10:30:11,171.21,0,F,3143.72,9826.53,47.67771113,-122.24332034,E,0,3054.2,9886.45,47.67771113,-122.24332034
3328819,2026-05-31T10:30:12,174.65,0,F,3143.72,9826.53,47.67771113,-122.24332034,E,0,3054.2,9886.45,47.67771113,-122.24332034
3329898,2026-05-31T10:30:13,177.7,0,F,3143.72,9826.53,47.67771113,-122.24332034,E,0,3054.2,9886.45,47.67771113,-122.24332034
3330973,2026-05-31T10:30:14,177.74,0,F,3143.72,9826.53,47.67771113,-122.24332034,E,0,3054.2,9886.45,47.67771113,-122.24332034
3332043,2026-05-31T10:30:15,184.49,0,F,3143.72,9826.53,47.67771113,-122.24332034,E,0,3054.2,9886.45,47.67771113,-122.24332034
3333122,2026-05-31T10:30:16,196.55,0,F,3143.72,9826.53,47.67771113,-122.24332034,E,0,3054.2,9886.45,47.67771113,-122.24332034
3334196,2026-05-31T10:30:17,196.56,0,F,3143.72,9826.53,47.67771113,-122.24332034,E,0,3054.2,9886.45,47.67771113,-122.24332034
3335284,2026-05-31T10:30:18,193.83,0,F,3143.72,9826.53,47.67771113,-122.24332034,E,0,3054.2,9886.45,47.67771113,-122.24332034
3336362,2026-05-31T10:30:19,186.43,0,F,3143.72,9826.53,47.67771113,-122.24332034,E,0,3054.2,9886.45,47.67771113,-122.24332034
3337449,2026-05-31T10:30:20,185.64,0.027,F,3143.72,9826.53,47.67771093,-122.24332037,E,0.0201,3054.2,9886.43,47.67771093,-122.24332037
3338512,2026-05-31T10:30:21,180.75,0.019,F,3143.72,9826.53,47.6777108,-122.24332037,E,0.0142,3054.2,9886.42,47.6777108,-122.24332037
3339592,2026-05-31T10:30:22,173.02,0.013,F,3143.72,9826.53,47.6777107,-122.24332035,E,0.0097,3054.2,9886.41,47.6777107,-122.24332035
3340671,2026-05-31T10:30:24,168.52,0.009,F,3143.72,9826.53,47.67771064,-122.24332033,E,0.0067,3054.2,9886.4,47.67771064,-122.24332033
3341759,2026-05-31T10:30:25,169.03,0.006,F,3143.72,9826.53,47.6777106,-122.24332032,E,0.0045,3054.2,9886.4,47.6777106,-122.24332032
3342838,2026-05-31T10:30:26,162.96,0.004,F,3143.72,9826.53,47.67771057,-122.24332031,E,0.003,3054.2,9886.39,47.67771057,-122.24332031
3343917,2026-05-31T10:30:27,164.75,0.003,F,3143.72,9826.53,47.67771055,-122.2433203,E,0.0022,3054.2,9886.39,47.67771055,-122.2433203
3344996,2026-05-31T10:30:28,192.27,0.002,F,3143.72,9826.53,47.67771053,-122.24332031,E,0.0015,3054.2,9886.39,47.67771053,-122.24332031
3346059,2026-05-31T10:30:29,196,0.002,F,3143.72,9826.53,47.67771052,-122.24332031,E,0.0015,3054.2,9886.39,47.67771052,-122.24332031
3347120,2026-05-31T10:30:30,191.14,0.001,F,3143.72,9826.53,47.67771051,-122.24332031,E,0.0007,3054.2,9886.39,47.67771051,-122.24332031
3348190,2026-05-31T10:30:31,193.5,0.014,F,3143.72,9826.53,47.67771041,-122.24332035,E,0.0104,3054.2,9886.38,47.67771041,-122.24332035
3349261,2026-05-31T10:30:32,191.76,0.01,F,3143.72,9826.53,47.67771034,-122.24332037,E,0.0075,3054.2,9886.37,47.67771034,-122.24332037
3350341,2026-05-31T10:30:33,192.57,0.007,F,3143.72,9826.53,47.67771029,-122.24332039,E,0.0052,3054.2,9886.36,47.67771029,-122.24332039
3351430,2026-05-31T10:30:34,194.62,0.005,F,3143.72,9826.53,47.67771026,-122.2433204,E,0.0037,3054.19,9886.36,47.67771026,-122.2433204
3352516,2026-05-31T10:30:35,195.52,0.003,F,3143.72,9826.53,47.67771024,-122.24332041,E,0.0022,3054.19,9886.36,47.67771024,-122.24332041
3353584,2026-05-31T10:30:36,206.55,0.002,F,3143.72,9826.53,47.67771023,-122.24332042,E,0.0015,3054.19,9886.35,47.67771023,-122.24332042
3354645,2026-05-31T10:30:38,209.67,0.002,F,3143.72,9826.53,47.67771021,-122.24332043,E,0.0015,3054.19,9886.35,47.67771021,-122.24332043
3355724,2026-05-31T10:30:39,202.46,0.001,F,3143.72,9826.53,47.67771021,-122.24332043,E,0.0007,3054.19,9886.35,47.67771021,-122.24332043
3356802,2026-05-31T10:30:40,192.48,0.001,F,3143.72,9826.53,47.6777102,-122.24332044,E,0.0007,3054.19,9886.35,47.6777102,-122.24332044
3357888,2026-05-31T10:30:41,198.07,0.001,F,3143.72,9826.53,47.67771019,-122.24332044,E,0.0007,3054.19,9886.35,47.67771019,-122.24332044
3358958,2026-05-31T10:30:42,210.75,0,F,3143.72,9826.53,47.67771019,-122.24332044,E,0,3054.19,9886.35,47.67771019,-122.24332044
3360036,2026-05-31T10:30:43,203.49,0,F,3143.72,9826.53,47.67771019,-122.24332044,E,0,3054.19,9886.35,47.67771019,-122.24332044
3361106,2026-05-31T10:30:44,191.07,0,F,3143.72,9826.53,47.67771019,-122.24332044,E,0,3054.19,9886.35,47.67771019,-122.24332044
3362185,2026-05-31T10:30:45,185.1,0,F,3143.72,9826.53,47.67771019,-122.24332044,E,0,3054.19,9886.35,47.67771019,-122.24332044
3363263,2026-05-31T10:30:46,183.52,0,F,3143.72,9826.53,47.67771019,-122.24332044,E,0,3054.19,9886.35,47.67771019,-122.24332044
3364341,2026-05-31T10:30:47,180.6,0.015,F,3143.72,9826.53,47.67771008,-122.24332044,E,0.0112,3054.19,9886.34,47.67771008,-122.24332044
3365420,2026-05-31T10:30:48,167.71,0.01,F,3143.72,9826.53,47.67771001,-122.24332042,E,0.0075,3054.19,9886.33,47.67771001,-122.24332042
3366507,2026-05-31T10:30:49,149.2,0.007,F,3143.72,9826.53,47.67770997,-122.24332038,E,0.0052,3054.2,9886.33,47.67770997,-122.24332038
3367578,2026-05-31T10:30:50,128.06,0.019,F,3143.73,9826.53,47.67770989,-122.24332022,E,0.0142,3054.21,9886.32,47.67770989,-122.24332022
3368648,2026-05-31T10:30:52,140.16,0.013,F,3143.74,9826.53,47.67770981,-122.24332013,E,0.0097,3054.21,9886.31,47.67770981,-122.24332013
3369737,2026-05-31T10:30:53,153.95,0.009,F,3143.74,9826.53,47.67770976,-122.24332009,E,0.0067,3054.22,9886.3,47.67770976,-122.24332009
3370815,2026-05-31T10:30:54,160.96,0.007,F,3143.74,9826.53,47.67770971,-122.24332006,E,0.0052,3054.22,9886.3,47.67770971,-122.24332006
3371896,2026-05-31T10:30:55,165.79,0.005,F,3143.74,9826.53,47.67770967,-122.24332005,E,0.0037,3054.22,9886.29,47.67770967,-122.24332005
3372965,2026-05-31T10:30:56,171.7,0.003,F,3143.74,9826.53,47.67770965,-122.24332005,E,0.0022,3054.22,9886.29,47.67770965,-122.24332005
3374043,2026-05-31T10:30:57,179.6,0.002,F,3143.74,9826.53,47.67770964,-122.24332005,E,0.0015,3054.22,9886.29,47.67770964,-122.24332005
3375105,2026-05-31T10:30:58,195.05,0.002,F,3143.74,9826.53,47.67770962,-122.24332005,E,0.0015,3054.22,9886.29,47.67770962,-122.24332005
3376193,2026-05-31T10:30:59,201.77,0.001,F,3143.74,9826.53,47.67770962,-122.24332006,E,0.0007,3054.22,9886.29,47.67770962,-122.24332006
3377261,2026-05-31T10:31:00,210.82,0.001,F,3143.74,9826.53,47.67770961,-122.24332006,E,0.0007,3054.22,9886.29,47.67770961,-122.24332006
3378332,2026-05-31T10:31:01,212.64,0.001,F,3143.74,9826.53,47.6777096,-122.24332007,E,0.0007,3054.22,9886.29,47.6777096,-122.24332007
3379402,2026-05-31T10:31:02,213.03,0,F,3143.74,9826.53,47.6777096,-122.24332007,E,0,3054.22,9886.29,47.6777096,-122.24332007
3380473,2026-05-31T10:31:03,218.16,0,F,3143.74,9826.53,47.6777096,-122.24332007,E,0,3054.22,9886.29,47.6777096,-122.24332007
3381559,2026-05-31T10:31:04,233.48,0,F,3143.74,9826.53,47.6777096,-122.24332007,E,0,3054.22,9886.29,47.6777096,-122.24332007
3382637,2026-05-31T10:31:06,229.71,0,F,3143.74,9826.53,47.6777096,-122.24332007,E,0,3054.22,9886.29,47.6777096,-122.24332007
3383716,2026-05-31T10:31:07,227.55,0,F,3143.74,9826.53,47.6777096,-122.24332007,E,0,3054.22,9886.29,47.6777096,-122.24332007
3384786,2026-05-31T10:31:08,235.03,0,F,3143.74,9826.53,47.6777096,-122.24332007,E,0,3054.22,9886.29,47.6777096,-122.24332007
3385864,2026-05-31T10:31:09,243.17,0,F,3143.74,9826.53,47.6777096,-122.24332007,E,0,3054.22,9886.29,47.6777096,-122.24332007
3386944,2026-05-31T10:31:10,239.96,0,F,3143.74,9826.53,47.6777096,-122.24332007,E,0,3054.22,9886.29,47.6777096,-122.24332007
3388043,2026-05-31T10:31:11,236.62,0,F,3143.74,9826.53,47.6777096,-122.24332007,E,0,3054.22,9886.29,47.6777096,-122.24332007
3389121,2026-05-31T10:31:12,235.38,0,F,3143.74,9826.53,47.6777096,-122.24332007,E,0,3054.22,9886.29,47.6777096,-122.24332007
3390199,2026-05-31T10:31:13,214.1,0.043,F,3143.73,9826.52,47.67770935,-122.24332032,E,0.0321,3054.2,9886.26,47.67770935,-122.24332032
3391261,2026-05-31T10:31:14,199.74,0.03,F,3143.71,9826.51,47.67770915,-122.24332043,E,0.0224,3054.19,9886.23,47.67770915,-122.24332043
3392324,2026-05-31T10:31:15,191.13,0.021,F,3143.71,9826.51,47.677709,-122.24332047,E,0.0157,3054.19,9886.22,47.677709,-122.24332047
3393403,2026-05-31T10:31:16,190.34,0.027,F,3143.71,9826.5,47.67770881,-122.24332053,E,0.0201,3054.19,9886.2,47.67770881,-122.24332053
3394460,2026-05-31T10:31:17,191.55,0.019,F,3143.71,9826.5,47.67770868,-122.24332057,E,0.0142,3054.18,9886.18,47.67770868,-122.24332057
3395530,2026-05-31T10:31:18,204.84,0.013,F,3143.71,9826.5,47.67770859,-122.24332062,E,0.0097,3054.18,9886.17,47.67770859,-122.24332062
3396608,2026-05-31T10:31:19,222.5,0.009,F,3143.71,9826.5,47.67770854,-122.24332069,E,0.0067,3054.17,9886.17,47.67770854,-122.24332069
3397680,2026-05-31T10:31:21,269.76,0.006,F,3143.71,9826.5,47.67770854,-122.24332075,E,0.0045,3054.17,9886.17,47.67770854,-122.24332075
3398759,2026-05-31T10:31:22,317.83,0.005,F,3143.71,9826.5,47.67770857,-122.24332079,E,0.0037,3054.17,9886.17,47.67770857,-122.24332079
3399829,2026-05-31T10:31:23,334.74,0.003,F,3143.71,9826.5,47.67770859,-122.2433208,E,0.0022,3054.16,9886.17,47.67770859,-122.2433208
3400900,2026-05-31T10:31:24,321.48,0.002,F,3143.71,9826.5,47.6777086,-122.24332082,E,0.0015,3054.16,9886.17,47.6777086,-122.24332082
3401965,2026-05-31T10:31:25,303.94,0.002,F,3143.71,9826.5,47.67770861,-122.24332083,E,0.0015,3054.16,9886.17,47.67770861,-122.24332083
3403054,2026-05-31T10:31:26,303.4,0.001,F,3143.71,9826.5,47.67770861,-122.24332084,E,0.0007,3054.16,9886.17,47.67770861,-122.24332084
3404133,2026-05-31T10:31:27,311.96,0.001,F,3143.71,9826.5,47.67770862,-122.24332085,E,0.0007,3054.16,9886.18,47.67770862,-122.24332085
3405203,2026-05-31T10:31:28,317.12,0.001,F,3143.71,9826.5,47.67770862,-122.24332086,E,0.0007,3054.16,9886.18,47.67770862,-122.24332086
3406281,2026-05-31T10:31:29,306.45,0,F,3143.71,9826.5,47.67770862,-122.24332086,E,0,3054.16,9886.18,47.67770862,-122.24332086
3407350,2026-05-31T10:31:30,286.99,0,F,3143.71,9826.5,47.67770862,-122.24332086,E,0,3054.16,9886.18,47.67770862,-122.24332086
3408429,2026-05-31T10:31:31,282.89,0,F,3143.71,9826.5,47.67770862,-122.24332086,E,0,3054.16,9886.18,47.67770862,-122.24332086
3409481,2026-05-31T10:31:32,287.2,0,F,3143.71,9826.5,47.67770862,-122.24332086,E,0,3054.16,9886.18,47.67770862,-122.24332086
3410560,2026-05-31T10:31:33,308.39,0,F,3143.71,9826.5,47.67770862,-122.24332086,E,0,3054.16,9886.18,47.67770862,-122.24332086
3411646,2026-05-31T10:31:35,335.71,0,F,3143.71,9826.5,47.67770862,-122.24332086,E,0,3054.16,9886.18,47.67770862,-122.24332086
3412724,2026-05-31T10:31:36,3.48,0,F,3143.71,9826.5,47.67770862,-122.24332086,E,0,3054.16,9886.18,47.67770862,-122.24332086
3413796,2026-05-31T10:31:37,11.2,0,F,3143.71,9826.5,47.67770862,-122.24332086,E,0,3054.16,9886.18,47.67770862,-122.24332086
3414876,2026-05-31T10:31:38,11.11,0,F,3143.71,9826.5,47.67770862,-122.24332086,E,0,3054.16,9886.18,47.67770862,-122.24332086
3415955,2026-05-31T10:31:39,358.58,0,F,3143.71,9826.5,47.67770862,-122.24332086,E,0,3054.16,9886.18,47.67770862,-122.24332086
3417034,2026-05-31T10:31:40,342.74,0,F,3143.71,9826.5,47.67770862,-122.24332086,E,0,3054.16,9886.18,47.67770862,-122.24332086
3418138,2026-05-31T10:31:41,326.6,0,F,3143.71,9826.5,47.67770862,-122.24332086,E,0,3054.16,9886.18,47.67770862,-122.24332086
3419207,2026-05-31T10:31:42,321.03,0,F,3143.71,9826.5,47.67770862,-122.24332086,E,0,3054.16,9886.18,47.67770862,-122.24332086
3420277,2026-05-31T10:31:43,318.29,0,F,3143.71,9826.5,47.67770862,-122.24332086,E,0,3054.16,9886.18,47.67770862,-122.24332086
3421351,2026-05-31T10:31:44,323.77,0,F,3143.71,9826.5,47.67770862,-122.24332086,E,0,3054.16,9886.18,47.67770862,-122.24332086
3422439,2026-05-31T10:31:45,330.13,0,F,3143.71,9826.5,47.67770862,-122.24332086,E,0,3054.16,9886.18,47.67770862,-122.24332086
3423517,2026-05-31T10:31:46,333.39,0,F,3143.71,9826.5,47.67770862,-122.24332086,E,0,3054.16,9886.18,47.67770862,-122.24332086
3424596,2026-05-31T10:31:47,321.31,0,F,3143.71,9826.5,47.67770862,-122.24332086,E,0,3054.16,9886.18,47.67770862,-122.24332086
3425683,2026-05-31T10:31:49,297.51,0,F,3143.71,9826.5,47.67770862,-122.24332086,E,0,3054.16,9886.18,47.67770862,-122.24332086
3426745,2026-05-31T10:31:50,261.39,0,F,3143.71,9826.5,47.67770862,-122.24332086,E,0,3054.16,9886.18,47.67770862,-122.24332086
3427826,2026-05-31T10:31:51,252.83,0.012,F,3143.69,9826.5,47.6777086,-122.24332098,E,0.0089,3054.15,9886.17,47.6777086,-122.24332098
3428880,2026-05-31T10:31:52,277.97,0.008,F,3143.69,9826.5,47.67770861,-122.24332106,E,0.006,3054.14,9886.17,47.67770861,-122.24332106
3429960,2026-05-31T10:31:53,324.22,0.006,F,3143.68,9826.5,47.67770864,-122.2433211,E,0.0045,3054.14,9886.18,47.67770864,-122.2433211
3431039,2026-05-31T10:31:54,358.73,0.004,F,3143.68,9826.5,47.67770867,-122.2433211,E,0.003,3054.14,9886.18,47.67770867,-122.2433211
3432118,2026-05-31T10:31:55,10.2,0.003,F,3143.68,9826.5,47.67770869,-122.2433211,E,0.0022,3054.14,9886.18,47.67770869,-122.2433211
3433188,2026-05-31T10:31:56,14.33,0.014,F,3143.68,9826.5,47.67770879,-122.24332106,E,0.0104,3054.14,9886.19,47.67770879,-122.24332106
3434267,2026-05-31T10:31:57,8.66,0.01,F,3143.68,9826.5,47.67770886,-122.24332104,E,0.0075,3054.15,9886.2,47.67770886,-122.24332104
3435355,2026-05-31T10:31:58,9.92,0.007,F,3143.68,9826.5,47.67770891,-122.24332103,E,0.0052,3054.15,9886.21,47.67770891,-122.24332103
3436433,2026-05-31T10:31:59,351.34,0.018,F,3143.68,9826.5,47.67770904,-122.24332106,E,0.0134,3054.14,9886.22,47.67770904,-122.24332106
3437512,2026-05-31T10:32:00,311.89,0.012,F,3143.68,9826.5,47.6777091,-122.24332116,E,0.0089,3054.14,9886.23,47.6777091,-122.24332116
3438592,2026-05-31T10:32:01,318.63,0.009,F,3143.68,9826.5,47.67770914,-122.24332122,E,0.0067,3054.13,9886.23,47.67770914,-122.24332122
3439664,2026-05-31T10:32:03,340.56,0.006,F,3143.68,9826.5,47.67770919,-122.24332124,E,0.0045,3054.13,9886.24,47.67770919,-122.24332124
3440742,2026-05-31T10:32:04,350.84,0.004,F,3143.68,9826.5,47.67770921,-122.24332125,E,0.003,3054.13,9886.24,47.67770921,-122.24332125
3441823,2026-05-31T10:32:05,346.45,0.003,F,3143.68,9826.5,47.67770924,-122.24332125,E,0.0022,3054.13,9886.24,47.67770924,-122.24332125
3442901,2026-05-31T10:32:06,345.8,0.002,F,3143.68,9826.5,47.67770925,-122.24332126,E,0.0015,3054.13,9886.25,47.67770925,-122.24332126
3443971,2026-05-31T10:32:07,343.78,0.001,F,3143.68,9826.5,47.67770926,-122.24332126,E,0.0007,3054.13,9886.25,47.67770926,-122.24332126
3445013,2026-05-31T10:32:08,349.97,0.001,F,3143.68,9826.5,47.67770926,-122.24332126,E,0.0007,3054.13,9886.25,47.67770926,-122.24332126
3446092,2026-05-31T10:32:09,359.57,0.001,F,3143.68,9826.5,47.67770927,-122.24332126,E,0.0007,3054.13,9886.25,47.67770927,-122.24332126
3447170,2026-05-31T10:32:10,3.17,0,F,3143.68,9826.5,47.67770927,-122.24332126,E,0,3054.13,9886.25,47.67770927,-122.24332126
3448251,2026-05-31T10:32:11,3.16,0,F,3143.68,9826.5,47.67770927,-122.24332126,E,0,3054.13,9886.25,47.67770927,-122.24332126
3449330,2026-05-31T10:32:12,1.68,0,F,3143.68,9826.5,47.67770927,-122.24332126,E,0,3054.13,9886.25,47.67770927,-122.24332126
3450409,2026-05-31T10:32:13,359.95,0,F,3143.68,9826.5,47.67770927,-122.24332126,E,0,3054.13,9886.25,47.67770927,-122.24332126
3451480,2026-05-31T10:32:14,1.06,0,F,3143.68,9826.5,47.67770927,-122.24332126,E,0,3054.13,9886.25,47.67770927,-122.24332126
3452559,2026-05-31T10:32:15,1,0,F,3143.68,9826.5,47.67770927,-122.24332126,E,0,3054.13,9886.25,47.67770927,-122.24332126
3453629,2026-05-31T10:32:17,351.42,0,F,3143.68,9826.5,47.67770927,-122.24332126,E,0,3054.13,9886.25,47.67770927,-122.24332126
3454707,2026-05-31T10:32:18,340.53,0,F,3143.68,9826.5,47.67770927,-122.24332126,E,0,3054.13,9886.25,47.67770927,-122.24332126
3455794,2026-05-31T10:32:19,325.68,0,F,3143.68,9826.5,47.67770927,-122.24332126,E,0,3054.13,9886.25,47.67770927,-122.24332126
3456883,2026-05-31T10:32:20,299.98,0,F,3143.68,9826.5,47.67770927,-122.24332126,E,0,3054.13,9886.25,47.67770927,-122.24332126
3457954,2026-05-31T10:32:21,286.76,0,F,3143.68,9826.5,47.67770927,-122.24332126,E,0,3054.13,9886.25,47.67770927,-122.24332126
3459024,2026-05-31T10:32:22,286.75,0,F,3143.68,9826.5,47.67770927,-122.24332126,E,0,3054.13,9886.25,47.67770927,-122.24332126
3460087,2026-05-31T10:32:23,300.37,0,F,3143.68,9826.5,47.67770927,-122.24332126,E,0,3054.13,9886.25,47.67770927,-122.24332126
3461166,2026-05-31T10:32:24,321.63,0,F,3143.68,9826.5,47.67770927,-122.24332126,E,0,3054.13,9886.25,47.67770927,-122.24332126
3462228,2026-05-31T10:32:25,335.75,0,F,3143.68,9826.5,47.67770927,-122.24332126,E,0,3054.13,9886.25,47.67770927,-122.24332126
3463297,2026-05-31T10:32:26,337.55,0,F,3143.68,9826.5,47.67770927,-122.24332126,E,0,3054.13,9886.25,47.67770927,-122.24332126
3464367,2026-05-31T10:32:27,344.79,0,F,3143.68,9826.5,47.67770927,-122.24332126,E,0,3054.13,9886.25,47.67770927,-122.24332126
3465447,2026-05-31T10:32:28,349.79,0,F,3143.68,9826.5,47.67770927,-122.24332126,E,0,3054.13,9886.25,47.67770927,-122.24332126
3466526,2026-05-31T10:32:29,359.18,0,F,3143.68,9826.5,47.67770927,-122.24332126,E,0,3054.13,9886.25,47.67770927,-122.24332126
3467605,2026-05-31T10:32:30,13.07,0,F,3143.68,9826.5,47.67770927,-122.24332126,E,0,3054.13,9886.25,47.67770927,-122.24332126
3468668,2026-05-31T10:32:32,20.65,0,F,3143.68,9826.5,47.67770927,-122.24332126,E,0,3054.13,9886.25,47.67770927,-122.24332126
3469730,2026-05-31T10:32:33,21.76,0,F,3143.68,9826.5,47.67770927,-122.24332126,E,0,3054.13,9886.25,47.67770927,-122.24332126
3470818,2026-05-31T10:32:34,19.16,0,F,3143.68,9826.5,47.67770927,-122.24332126,E,0,3054.13,9886.25,47.67770927,-122.24332126
3471898,2026-05-31T10:32:35,17.15,0,F,3143.68,9826.5,47.67770927,-122.24332126,E,0,3054.13,9886.25,47.67770927,-122.24332126
3472978,2026-05-31T10:32:36,20.63,0,F,3143.68,9826.5,47.67770927,-122.24332126,E,0,3054.13,9886.25,47.67770927,-122.24332126
3474057,2026-05-31T10:32:37,22.48,0,F,3143.68,9826.5,47.67770927,-122.24332126,E,0,3054.13,9886.25,47.67770927,-122.24332126
3475129,2026-05-31T10:32:38,21.76,0,F,3143.68,9826.5,47.67770927,-122.24332126,E,0,3054.13,9886.25,47.67770927,-122.24332126
3476208,2026-05-31T10:32:39,22.31,0,F,3143.68,9826.5,47.67770927,-122.24332126,E,0,3054.13,9886.25,47.67770927,-122.24332126
3477279,2026-05-31T10:32:40,21.2,0,F,3143.68,9826.5,47.67770927,-122.24332126,E,0,3054.13,9886.25,47.67770927,-122.24332126
3478358,2026-05-31T10:32:41,20.75,0,F,3143.68,9826.5,47.67770927,-122.24332126,E,0,3054.13,9886.25,47.67770927,-122.24332126
3479428,2026-05-31T10:32:42,10.9,0,F,3143.68,9826.5,47.67770927,-122.24332126,E,0,3054.13,9886.25,47.67770927,-122.24332126
3480490,2026-05-31T10:32:43,2.64,0,F,3143.68,9826.5,47.67770927,-122.24332126,E,0,3054.13,9886.25,47.67770927,-122.24332126
3481569,2026-05-31T10:32:44,2.54,0,F,3143.68,9826.5,47.67770927,-122.24332126,E,0,3054.13,9886.25,47.67770927,-122.24332126
3482649,2026-05-31T10:32:46,7.77,0,F,3143.68,9826.5,47.67770927,-122.24332126,E,0,3054.13,9886.25,47.67770927,-122.24332126
3483720,2026-05-31T10:32:47,8.08,0,F,3143.68,9826.5,47.67770927,-122.24332126,E,0,3054.13,9886.25,47.67770927,-122.24332126
3484801,2026-05-31T10:32:48,6.33,0,F,3143.68,9826.5,47.67770927,-122.24332126,E,0,3054.13,9886.25,47.67770927,-122.24332126
3485880,2026-05-31T10:32:49,1.85,0,F,3143.68,9826.5,47.67770927,-122.24332126,E,0,3054.13,9886.25,47.67770927,-122.24332126
3486944,2026-05-31T10:32:50,358.72,0,F,3143.68,9826.5,47.67770927,-122.24332126,E,0,3054.13,9886.25,47.67770927,-122.24332126
3488005,2026-05-31T10:32:51,359.12,0,F,3143.68,9826.5,47.67770927,-122.24332126,E,0,3054.13,9886.25,47.67770927,-122.24332126
3489085,2026-05-31T10:32:52,5.64,0,F,3143.68,9826.5,47.67770927,-122.24332126,E,0,3054.13,9886.25,47.67770927,-122.24332126
3490147,2026-05-31T10:32:53,8.23,0,F,3143.68,9826.5,47.67770927,-122.24332126,E,0,3054.13,9886.25,47.67770927,-122.24332126
3491210,2026-05-31T10:32:54,9.86,0,F,3143.68,9826.5,47.67770927,-122.24332126,E,0,3054.13,9886.25,47.67770927,-122.24332126
3492282,2026-05-31T10:32:55,10.89,0,F,3143.68,9826.5,47.67770927,-122.24332126,E,0,3054.13,9886.25,47.67770927,-122.24332126
3493353,2026-05-31T10:32:56,12.87,0,F,3143.68,9826.5,47.67770927,-122.24332126,E,0,3054.13,9886.25,47.67770927,-122.24332126
3494433,2026-05-31T10:32:57,14.06,0,F,3143.68,9826.5,47.67770927,-122.24332126,E,0,3054.13,9886.25,47.67770927,-122.24332126
3495505,2026-05-31T10:32:58,15.76,0,F,3143.68,9826.5,47.67770927,-122.24332126,E,0,3054.13,9886.25,47.67770927,-122.24332126
3496575,2026-05-31T10:32:59,15.69,0,F,3143.68,9826.5,47.67770927,-122.24332126,E,0,3054.13,9886.25,47.67770927,-122.24332126
3497655,2026-05-31T10:33:01,12.46,0,F,3143.68,9826.5,47.67770927,-122.24332126,E,0,3054.13,9886.25,47.67770927,-122.24332126
3498716,2026-05-31T10:33:02,12.27,0,F,3143.68,9826.5,47.67770927,-122.24332126,E,0,3054.13,9886.25,47.67770927,-122.24332126
3499797,2026-05-31T10:33:03,13.17,0,F,3143.68,9826.5,47.67770927,-122.24332126,E,0,3054.13,9886.25,47.67770927,-122.24332126
3500878,2026-05-31T10:33:04,11.62,0,F,3143.68,9826.5,47.67770927,-122.24332126,E,0,3054.13,9886.25,47.67770927,-122.24332126
3501949,2026-05-31T10:33:05,7.82,0,F,3143.68,9826.5,47.67770927,-122.24332126,E,0,3054.13,9886.25,47.67770927,-122.24332126
3503011,2026-05-31T10:33:06,0.78,0,F,3143.68,9826.5,47.67770927,-122.24332126,E,0,3054.13,9886.25,47.67770927,-122.24332126
3504090,2026-05-31T10:33:07,5.18,0,F,3143.68,9826.5,47.67770927,-122.24332126,E,0,3054.13,9886.25,47.67770927,-122.24332126
3505152,2026-05-31T10:33:08,13.88,0,F,3143.68,9826.5,47.67770927,-122.24332126,E,0,3054.13,9886.25,47.67770927,-122.24332126
3506232,2026-05-31T10:33:09,18.62,0,F,3143.68,9826.5,47.67770927,-122.24332126,E,0,3054.13,9886.25,47.67770927,-122.24332126
3507293,2026-05-31T10:33:10,18.53,0,F,3143.68,9826.5,47.67770927,-122.24332126,E,0,3054.13,9886.25,47.67770927,-122.24332126
3508371,2026-05-31T10:33:11,23.09,0,F,3143.68,9826.5,47.67770927,-122.24332126,E,0,3054.13,9886.25,47.67770927,-122.24332126
3509444,2026-05-31T10:33:12,26.46,0,F,3143.68,9826.5,47.67770927,-122.24332126,E,0,3054.13,9886.25,47.67770927,-122.24332126
3510524,2026-05-31T10:33:13,29.55,0,F,3143.68,9826.5,47.67770927,-122.24332126,E,0,3054.13,9886.25,47.67770927,-122.24332126
3511603,2026-05-31T10:33:14,46.45,0,F,3143.68,9826.5,47.67770927,-122.24332126,E,0,3054.13,9886.25,47.67770927,-122.24332126
3512683,2026-05-31T10:33:16,60.91,0,F,3143.68,9826.5,47.67770927,-122.24332126,E,0,3054.13,9886.25,47.67770927,-122.24332126
3513762,2026-05-31T10:33:17,63.15,0,F,3143.68,9826.5,47.67770927,-122.24332126,E,0,3054.13,9886.25,47.67770927,-122.24332126
3514841,2026-05-31T10:33:18,64.91,0,F,3143.68,9826.5,47.67770927,-122.24332126,E,0,3054.13,9886.25,47.67770927,-122.24332126
3515938,2026-05-31T10:33:19,64.98,0,F,3143.68,9826.5,47.67770927,-122.24332126,E,0,3054.13,9886.25,47.67770927,-122.24332126
3516999,2026-05-31T10:33:20,65.87,0,F,3143.68,9826.5,47.67770927,-122.24332126,E,0,3054.13,9886.25,47.67770927,-122.24332126
3518069,2026-05-31T10:33:21,66.76,0,F,3143.68,9826.5,47.67770927,-122.24332126,E,0,3054.13,9886.25,47.67770927,-122.24332126
3519159,2026-05-31T10:33:22,72.4,0,F,3143.68,9826.5,47.67770927,-122.24332126,E,0,3054.13,9886.25,47.67770927,-122.24332126
3520229,2026-05-31T10:33:23,77.62,0,F,3143.68,9826.5,47.67770927,-122.24332126,E,0,3054.13,9886.25,47.67770927,-122.24332126
3521299,2026-05-31T10:33:24,80.75,0,F,3143.68,9826.5,47.67770927,-122.24332126,E,0,3054.13,9886.25,47.67770927,-122.24332126
3522352,2026-05-31T10:33:25,84.97,0.031,F,3143.69,9826.5,47.67770929,-122.24332094,E,0.0231,3054.15,9886.25,47.67770929,-122.24332094
3523422,2026-05-31T10:33:26,81.95,0.119,F,3143.77,9826.5,47.67770941,-122.24331969,E,0.0887,3054.25,9886.26,47.67770941,-122.24331969
3524500,2026-05-31T10:33:27,64.84,0.205,F,3143.95,9826.55,47.67771004,-122.2433177,E,0.1528,3054.4,9886.33,47.67771004,-122.2433177
3525578,2026-05-31T10:33:28,56.09,0.155,F,3144.12,9826.66,47.67771066,-122.24331633,E,0.1156,3054.5,9886.4,47.67771066,-122.24331633
3526657,2026-05-31T10:33:30,76.76,0.108,F,3144.25,9826.72,47.67771084,-122.2433152,E,0.0805,3054.58,9886.42,47.67771084,-122.2433152
3527727,2026-05-31T10:33:31,82.28,0.076,F,3144.34,9826.72,47.67771091,-122.2433144,E,0.0567,3054.64,9886.43,47.67771091,-122.2433144
3528805,2026-05-31T10:33:32,75.47,0.053,F,3144.41,9826.72,47.67771101,-122.24331385,E,0.0395,3054.69,9886.44,47.67771101,-122.24331385
3529877,2026-05-31T10:33:33,81.2,0.037,F,3144.46,9826.72,47.67771105,-122.24331346,E,0.0276,3054.72,9886.45,47.67771105,-122.24331346
3530949,2026-05-31T10:33:34,54.04,0.195,F,3144.57,9826.77,47.67771187,-122.24331178,E,0.1454,3054.84,9886.54,47.67771187,-122.24331178
3532035,2026-05-31T10:33:35,56.55,0.344,F,3144.81,9826.95,47.67771325,-122.24330869,E,0.2565,3055.07,9886.69,47.67771325,-122.24330869
3533114,2026-05-31T10:33:36,57.37,0.39,F,3145.16,9827.17,47.67771477,-122.24330517,E,0.2907,3055.34,9886.86,47.67771477,-122.24330517
3534186,2026-05-31T10:33:37,54.16,0.481,F,3145.55,9827.43,47.67771679,-122.24330102,E,0.3586,3055.65,9887.09,47.67771679,-122.24330102
3535256,2026-05-31T10:33:38,50.11,0.559,F,3145.99,9827.77,47.67771936,-122.24329646,E,0.4167,3055.99,9887.37,47.67771936,-122.24329646
3536325,2026-05-31T10:33:39,41.56,0.601,F,3146.43,9828.2,47.67772258,-122.24329223,E,0.448,3056.31,9887.73,47.67772258,-122.24329223
3537396,2026-05-31T10:33:40,39.34,0.627,F,3146.86,9828.71,47.67772606,-122.243288,E,0.4674,3056.63,9888.12,47.67772606,-122.243288
3538500,2026-05-31T10:33:41,34.06,0.654,F,3147.3,9829.28,47.67773007,-122.24328399,E,0.4876,3056.93,9888.56,47.67773007,-122.24328399
3539579,2026-05-31T10:33:42,24.79,0.679,F,3147.67,9829.9,47.67773452,-122.24328094,E,0.5062,3057.16,9889.06,47.67773452,-122.24328094
3540658,2026-05-31T10:33:44,15.45,0.669,F,3147.92,9830.58,47.67773918,-122.24327903,E,0.4987,3057.3,9889.58,47.67773918,-122.24327903
3541742,2026-05-31T10:33:45,4.66,0.626,F,3148.05,9831.3,47.67774371,-122.24327848,E,0.4667,3057.34,9890.08,47.67774371,-122.24327848
3542813,2026-05-31T10:33:46,336.6,0.45,F,3147.97,9831.87,47.67774667,-122.24328038,E,0.3355,3057.2,9890.41,47.67774667,-122.24328038
3543891,2026-05-31T10:33:47,299.77,0.315,F,3147.7,9832.17,47.6777478,-122.24328331,E,0.2348,3056.98,9890.54,47.6777478,-122.24328331
3544969,2026-05-31T10:33:48,286.29,0.22,F,3147.44,9832.28,47.67774825,-122.24328557,E,0.164,3056.81,9890.59,47.67774825,-122.24328557
3546038,2026-05-31T10:33:49,280.94,0.154,F,3147.25,9832.32,47.67774845,-122.24328717,E,0.1148,3056.69,9890.61,47.67774845,-122.24328717
3547110,2026-05-31T10:33:50,292.39,0.14,F,3147.11,9832.34,47.67774884,-122.24328855,E,0.1044,3056.59,9890.65,47.67774884,-122.24328855
3548189,2026-05-31T10:33:51,309.15,0.32,F,3146.91,9832.5,47.6777503,-122.24329121,E,0.2386,3056.39,9890.82,47.6777503,-122.24329121
3549268,2026-05-31T10:33:52,299.8,0.406,F,3146.57,9832.7,47.67775176,-122.24329498,E,0.3027,3056.1,9890.98,47.67775176,-122.24329498
3550331,2026-05-31T10:33:53,305.11,0.495,F,3146.17,9832.95,47.67775378,-122.24329926,E,0.369,3055.78,9891.2,47.67775378,-122.24329926
3551401,2026-05-31T10:33:54,303.27,0.583,F,3145.7,9833.28,47.67775607,-122.24330444,E,0.4346,3055.39,9891.46,47.67775607,-122.24330444
3552481,2026-05-31T10:33:55,317.58,0.656,F,3145.2,9833.72,47.67775958,-122.24330918,E,0.489,3055.04,9891.85,47.67775958,-122.24330918
3553553,2026-05-31T10:33:56,326.65,0.708,F,3144.74,9834.3,47.67776382,-122.24331332,E,0.5278,3054.73,9892.32,47.67776382,-122.24331332
3554632,2026-05-31T10:33:58,334.14,0.743,F,3144.36,9835,47.67776865,-122.2433168,E,0.5539,3054.47,9892.86,47.67776865,-122.2433168
3555701,2026-05-31T10:33:59,343.31,0.694,F,3144.06,9835.73,47.67777341,-122.24331891,E,0.5174,3054.31,9893.39,47.67777341,-122.24331891
3556773,2026-05-31T10:34:00,354.2,0.511,F,3143.92,9836.36,47.67777706,-122.24331946,E,0.381,3054.26,9893.79,47.67777706,-122.24331946
3557853,2026-05-31T10:34:01,353.04,0.556,F,3143.86,9836.92,47.67778105,-122.24332018,E,0.4145,3054.21,9894.24,47.67778105,-122.24332018
3558933,2026-05-31T10:34:02,336.75,0.608,F,3143.7,9837.54,47.67778509,-122.24332276,E,0.4533,3054.02,9894.69,47.67778509,-122.24332276
3560012,2026-05-31T10:34:03,305.64,0.619,F,3143.3,9838.06,47.6777877,-122.24332815,E,0.4615,3053.61,9894.98,47.6777877,-122.24332815
3561098,2026-05-31T10:34:04,280.94,0.667,F,3142.65,9838.3,47.67778862,-122.24333521,E,0.4972,3053.08,9895.08,47.67778862,-122.24333521
3562177,2026-05-31T10:34:05,281.54,0.717,F,3141.92,9838.43,47.67778966,-122.24334274,E,0.5345,3052.52,9895.2,47.67778966,-122.24334274
3563237,2026-05-31T10:34:06,288.98,0.755,F,3141.17,9838.64,47.6777914,-122.24335025,E,0.5629,3051.95,9895.39,47.6777914,-122.24335025
3564317,2026-05-31T10:34:07,293.39,0.792,F,3140.39,9838.92,47.67779367,-122.24335805,E,0.5904,3051.37,9895.64,47.67779367,-122.24335805
3565396,2026-05-31T10:34:08,287.69,0.831,F,3139.57,9839.24,47.6777955,-122.24336653,E,0.6195,3050.73,9895.85,47.6777955,-122.24336653
3566456,2026-05-31T10:34:09,287.05,0.806,F,3138.73,9839.45,47.67779718,-122.24337464,E,0.6009,3050.12,9896.03,47.67779718,-122.24337464
3567535,2026-05-31T10:34:10,293.76,0.801,F,3137.93,9839.76,47.67779951,-122.24338249,E,0.5971,3049.53,9896.29,47.67779951,-122.24338249
3568633,2026-05-31T10:34:12,295.85,0.818,F,3137.12,9840.14,47.67780213,-122.24339052,E,0.6098,3048.93,9896.59,47.67780213,-122.24339052
3569705,2026-05-31T10:34:13,295.99,0.822,F,3136.33,9840.55,47.67780472,-122.24339838,E,0.6128,3048.34,9896.87,47.67780472,-122.24339838
3570779,2026-05-31T10:34:14,292.09,0.824,F,3135.53,9840.91,47.67780695,-122.24340653,E,0.6143,3047.73,9897.12,47.67780695,-122.24340653
3571858,2026-05-31T10:34:15,288.69,0.84,F,3134.68,9841.22,47.67780889,-122.24341505,E,0.6262,3047.09,9897.34,47.67780889,-122.24341505
3572931,2026-05-31T10:34:16,291.53,0.84,F,3133.84,9841.53,47.67781111,-122.24342338,E,0.6262,3046.46,9897.58,47.67781111,-122.24342338
3573992,2026-05-31T10:34:17,297.7,0.828,F,3133.03,9841.87,47.67781384,-122.2434311,E,0.6173,3045.88,9897.89,47.67781384,-122.2434311
3575081,2026-05-31T10:34:18,294.43,0.841,F,3132.23,9842.3,47.67781638,-122.24343938,E,0.627,3045.26,9898.17,47.67781638,-122.24343938
3576151,2026-05-31T10:34:19,278.32,0.828,F,3131.39,9842.56,47.67781724,-122.24344808,E,0.6173,3044.61,9898.27,47.67781724,-122.24344808
3577230,2026-05-31T10:34:20,264.36,0.816,F,3130.52,9842.59,47.67781666,-122.24345678,E,0.6083,3043.95,9898.2,47.67781666,-122.24345678
3578282,2026-05-31T10:34:21,256.22,0.839,F,3129.66,9842.41,47.67781525,-122.2434653,E,0.6255,3043.32,9898.05,47.67781525,-122.2434653
3579361,2026-05-31T10:34:22,276.06,0.85,F,3128.76,9842.36,47.6778159,-122.24347435,E,0.6337,3042.64,9898.12,47.6778159,-122.24347435
3580430,2026-05-31T10:34:23,281.98,0.861,F,3127.86,9842.51,47.67781718,-122.24348329,E,0.6419,3041.96,9898.26,47.67781718,-122.24348329
3581508,2026-05-31T10:34:24,297.86,0.865,F,3126.98,9842.81,47.6778201,-122.24349148,E,0.6449,3041.35,9898.58,47.6778201,-122.24349148
3582587,2026-05-31T10:34:25,310.22,0.868,F,3126.21,9843.34,47.67782415,-122.24349858,E,0.6471,3040.82,9899.04,47.67782415,-122.24349858
3583666,2026-05-31T10:34:27,308.55,0.867,F,3125.48,9843.96,47.67782805,-122.24350584,E,0.6463,3040.27,9899.47,47.67782805,-122.24350584
3584738,2026-05-31T10:34:28,304.74,0.871,F,3124.75,9844.51,47.67783161,-122.24351346,E,0.6493,3039.7,9899.87,47.67783161,-122.24351346
3585810,2026-05-31T10:34:29,295.91,0.862,F,3123.96,9845,47.67783432,-122.24352172,E,0.6426,3039.08,9900.17,47.67783432,-122.24352172
3586872,2026-05-31T10:34:30,282.31,0.843,F,3123.11,9845.3,47.6778356,-122.2435304,E,0.6285,3038.43,9900.31,47.6778356,-122.2435304
3587951,2026-05-31T10:34:31,271.95,0.868,F,3122.21,9845.43,47.67783581,-122.2435397,E,0.6471,3037.73,9900.33,47.67783581,-122.2435397
3589021,2026-05-31T10:34:32,268.85,0.871,F,3121.27,9845.42,47.67783568,-122.24354895,E,0.6493,3037.04,9900.32,47.67783568,-122.24354895
3590101,2026-05-31T10:34:33,277.14,0.869,F,3120.32,9845.48,47.67783646,-122.24355819,E,0.6478,3036.34,9900.41,47.67783646,-122.24355819
3591153,2026-05-31T10:34:34,281.51,0.819,F,3119.45,9845.67,47.67783762,-122.24356658,E,0.6106,3035.71,9900.54,47.67783762,-122.24356658
3592232,2026-05-31T10:34:35,276.61,0.808,F,3118.58,9845.8,47.67783829,-122.24357518,E,0.6024,3035.07,9900.61,47.67783829,-122.24357518
3593310,2026-05-31T10:34:36,271.85,0.811,F,3117.7,9845.83,47.67783848,-122.24358385,E,0.6046,3034.41,9900.63,47.67783848,-122.24358385
3594370,2026-05-31T10:34:37,268.12,0.783,F,3116.87,9845.83,47.67783829,-122.24359209,E,0.5837,3033.8,9900.61,47.67783829,-122.24359209
3595435,2026-05-31T10:34:38,272.57,0.8,F,3116.03,9845.82,47.67783855,-122.24360054,E,0.5964,3033.16,9900.64,47.67783855,-122.24360054
3596514,2026-05-31T10:34:39,273.61,0.821,F,3115.15,9845.92,47.67783892,-122.24360932,E,0.6121,3032.5,9900.68,47.67783892,-122.24360932
3597585,2026-05-31T10:34:40,272.83,0.854,F,3114.26,9845.95,47.67783923,-122.24361839,E,0.6367,3031.82,9900.71,47.67783923,-122.24361839
3598645,2026-05-31T10:34:42,271.45,0.881,F,3113.35,9845.96,47.67783938,-122.24362766,E,0.6568,3031.13,9900.73,47.67783938,-122.24362766
3599715,2026-05-31T10:34:43,275.88,0.88,F,3112.4,9845.99,47.67784003,-122.24363696,E,0.656,3030.43,9900.8,47.67784003,-122.24363696
3600791,2026-05-31T10:34:44,293.01,0.891,F,3111.49,9846.26,47.67784254,-122.24364572,E,0.6642,3029.77,9901.08,47.67784254,-122.24364572
3601870,2026-05-31T10:34:45,289.5,0.927,F,3110.57,9846.63,47.67784478,-122.24365509,E,0.6911,3029.07,9901.33,47.67784478,-122.24365509
3602939,2026-05-31T10:34:46,281.23,0.913,F,3109.62,9846.89,47.67784605,-122.24366459,E,0.6806,3028.35,9901.47,47.67784605,-122.24366459
3604021,2026-05-31T10:34:47,283.65,0.89,F,3108.68,9847.1,47.67784757,-122.24367388,E,0.6635,3027.66,9901.64,47.67784757,-122.24367388
3605091,2026-05-31T10:34:48,281.91,0.887,F,3107.76,9847.31,47.67784888,-122.2436831,E,0.6613,3026.96,9901.79,47.67784888,-122.2436831
3606162,2026-05-31T10:34:49,288.03,0.872,F,3106.84,9847.52,47.67785082,-122.24369192,E,0.6501,3026.3,9902.01,47.67785082,-122.24369192
3607240,2026-05-31T10:34:50,268.62,0.858,F,3105.91,9847.59,47.67785067,-122.2437011,E,0.6396,3025.61,9901.99,47.67785067,-122.2437011
3608292,2026-05-31T10:34:51,270.27,0.872,F,3105.01,9847.62,47.6778507,-122.24371021,E,0.6501,3024.93,9901.99,47.6778507,-122.24371021
3609365,2026-05-31T10:34:52,277.72,0.911,F,3104.1,9847.7,47.67785158,-122.24371983,E,0.6792,3024.21,9902.09,47.67785158,-122.24371983
3610435,2026-05-31T10:34:53,272.74,0.956,F,3103.09,9847.8,47.67785191,-122.24372998,E,0.7127,3023.44,9902.13,47.67785191,-122.24372998
3611514,2026-05-31T10:34:54,267.29,0.918,F,3102.09,9847.78,47.67785159,-122.2437398,E,0.6844,3022.71,9902.09,47.67785159,-122.2437398
3612566,2026-05-31T10:34:55,264.78,0.885,F,3101.15,9847.68,47.67785102,-122.24374901,E,0.6598,3022.02,9902.03,47.67785102,-122.24374901
3613636,2026-05-31T10:34:57,260.01,0.882,F,3100.21,9847.55,47.67784993,-122.24375824,E,0.6575,3021.32,9901.91,47.67784993,-122.24375824
3614715,2026-05-31T10:34:58,280.19,0.88,F,3099.26,9847.53,47.67785105,-122.24376751,E,0.656,3020.63,9902.03,47.67785105,-122.24376751
3615794,2026-05-31T10:34:59,288.72,0.864,F,3098.36,9847.8,47.67785306,-122.24377628,E,0.6441,3019.97,9902.25,47.67785306,-122.24377628
3616865,2026-05-31T10:35:00,290.65,0.854,F,3097.49,9848.11,47.67785522,-122.24378478,E,0.6367,3019.33,9902.49,47.67785522,-122.24378478
3617953,2026-05-31T10:35:01,281.57,0.797,F,3096.61,9848.38,47.67785638,-122.24379322,E,0.5942,3018.7,9902.62,47.67785638,-122.24379322
3619031,2026-05-31T10:35:02,271.5,0.638,F,3095.85,9848.48,47.6778565,-122.24380004,E,0.4756,3018.18,9902.64,47.6778565,-122.24380004
3620101,2026-05-31T10:35:03,266.15,0.461,F,3095.27,9848.47,47.67785628,-122.24380493,E,0.3437,3017.82,9902.61,47.67785628,-122.24380493
3621181,2026-05-31T10:35:04,269.66,0.522,F,3094.75,9848.46,47.67785626,-122.24381053,E,0.3892,3017.4,9902.61,47.67785626,-122.24381053
3622253,2026-05-31T10:35:05,277.62,0.586,F,3094.15,9848.49,47.67785682,-122.24381671,E,0.4369,3016.93,9902.67,47.67785682,-122.24381671
3623333,2026-05-31T10:35:06,291.85,0.673,F,3093.5,9848.67,47.67785863,-122.24382341,E,0.5017,3016.43,9902.87,47.67785863,-122.24382341
3624397,2026-05-31T10:35:07,296.03,0.752,F,3092.81,9848.98,47.67786098,-122.24383055,E,0.5606,3015.89,9903.14,47.67786098,-122.24383055
3625477,2026-05-31T10:35:08,298.37,0.776,F,3092.08,9849.35,47.67786365,-122.24383787,E,0.5785,3015.34,9903.43,47.67786365,-122.24383787
3626547,2026-05-31T10:35:09,293.46,0.793,F,3091.32,9849.71,47.67786591,-122.2438456,E,0.5912,3014.76,9903.68,47.67786591,-122.2438456
3627620,2026-05-31T10:35:10,289.43,0.82,F,3090.52,9850.02,47.67786787,-122.24385384,E,0.6113,3014.14,9903.9,47.67786787,-122.24385384
3628717,2026-05-31T10:35:12,287.82,0.832,F,3089.65,9850.27,47.67786974,-122.24386247,E,0.6203,3013.5,9904.11,47.67786974,-122.24386247
3629797,2026-05-31T10:35:13,290.91,0.856,F,3088.78,9850.58,47.67787195,-122.24387104,E,0.6381,3012.85,9904.36,47.67787195,-122.24387104
3630873,2026-05-31T10:35:14,289.95,0.874,F,3087.9,9850.9,47.6778741,-122.24387982,E,0.6516,3012.19,9904.6,47.6778741,-122.24387982
3631953,2026-05-31T10:35:15,290.79,0.886,F,3087,9851.23,47.67787637,-122.2438887,E,0.6605,3011.53,9904.85,47.67787637,-122.2438887
3633023,2026-05-31T10:35:16,291.08,0.883,F,3086.11,9851.54,47.67787865,-122.24389745,E,0.6583,3010.87,9905.1,47.67787865,-122.24389745
3634101,2026-05-31T10:35:17,289.47,0.894,F,3085.21,9851.87,47.6778808,-122.24390648,E,0.6665,3010.19,9905.34,47.6778808,-122.24390648
3635170,2026-05-31T10:35:18,302.38,0.903,F,3084.35,9852.31,47.67788426,-122.24391457,E,0.6732,3009.58,9905.73,47.67788426,-122.24391457
3636238,2026-05-31T10:35:19,302.37,0.881,F,3083.53,9852.82,47.67788763,-122.24392246,E,0.6568,3008.99,9906.1,47.67788763,-122.24392246
3637316,2026-05-31T10:35:20,302.68,0.892,F,3082.73,9853.35,47.67789111,-122.2439305,E,0.665,3008.39,9906.49,47.67789111,-122.2439305
3638386,2026-05-31T10:35:21,298.99,0.904,F,3081.9,9853.85,47.67789425,-122.2439389,E,0.6739,3007.76,9906.84,47.67789425,-122.2439389
3639465,2026-05-31T10:35:22,294.78,0.868,F,3081.05,9854.28,47.67789688,-122.24394734,E,0.6471,3007.12,9907.13,47.67789688,-122.24394734
3640543,2026-05-31T10:35:23,296.63,0.843,F,3080.23,9854.69,47.67789961,-122.24395541,E,0.6285,3006.52,9907.44,47.67789961,-122.24395541
3641614,2026-05-31T10:35:24,301.64,0.84,F,3079.44,9855.11,47.67790277,-122.24396301,E,0.6262,3005.95,9907.79,47.67790277,-122.24396301
3642683,2026-05-31T10:35:26,300.38,0.826,F,3078.69,9855.61,47.67790576,-122.24397058,E,0.6158,3005.38,9908.12,47.67790576,-122.24397058
3643762,2026-05-31T10:35:27,301.25,0.738,F,3077.94,9856.02,47.67790852,-122.24397734,E,0.5502,3004.87,9908.43,47.67790852,-122.24397734
3644832,2026-05-31T10:35:28,290.75,0.585,F,3077.32,9856.37,47.67791001,-122.24398315,E,0.4361,3004.44,9908.59,47.67791001,-122.24398315
3645920,2026-05-31T10:35:29,267.12,0.407,F,3076.8,9856.45,47.67790986,-122.24398754,E,0.3034,3004.11,9908.58,47.67790986,-122.24398754
3646990,2026-05-31T10:35:30,263.22,0.314,F,3076.42,9856.44,47.6779096,-122.24399085,E,0.2341,3003.86,9908.55,47.6779096,-122.24399085
3648069,2026-05-31T10:35:31,273.43,0.312,F,3076.12,9856.43,47.67790973,-122.24399419,E,0.2326,3003.61,9908.56,47.67790973,-122.24399419
3649138,2026-05-31T10:35:32,299.6,0.444,F,3075.74,9856.54,47.6779113,-122.24399829,E,0.331,3003.3,9908.74,47.6779113,-122.24399829
3650208,2026-05-31T10:35:33,301.06,0.546,F,3075.28,9856.84,47.67791332,-122.24400326,E,0.407,3002.93,9908.96,47.67791332,-122.24400326
3651285,2026-05-31T10:35:34,304.22,0.618,F,3074.75,9857.17,47.67791583,-122.24400872,E,0.4607,3002.52,9909.24,47.67791583,-122.24400872
3652355,2026-05-31T10:35:35,301.63,0.668,F,3074.16,9857.56,47.67791834,-122.24401477,E,0.498,3002.06,9909.52,47.67791834,-122.24401477
3653406,2026-05-31T10:35:36,298.31,0.708,F,3073.54,9857.95,47.6779207,-122.24402127,E,0.5278,3001.57,9909.78,47.6779207,-122.24402127
3654476,2026-05-31T10:35:37,297.79,0.758,F,3072.83,9858.3,47.67792323,-122.2440284,E,0.5651,3001.04,9910.07,47.67792323,-122.2440284
3655556,2026-05-31T10:35:38,298.26,0.792,F,3072.09,9858.71,47.67792594,-122.24403588,E,0.5904,3000.48,9910.37,47.67792594,-122.24403588
3656635,2026-05-31T10:35:40,294.28,0.817,F,3071.31,9859.12,47.67792837,-122.24404386,E,0.6091,2999.88,9910.64,47.67792837,-122.24404386
3657713,2026-05-31T10:35:41,293.53,0.85,F,3070.5,9859.47,47.67793082,-122.2440522,E,0.6337,2999.25,9910.91,47.67793082,-122.2440522
3658788,2026-05-31T10:35:42,292.7,0.844,F,3069.65,9859.8,47.67793317,-122.24406051,E,0.6292,2998.63,9911.17,47.67793317,-122.24406051
3659866,2026-05-31T10:35:43,289.21,0.854,F,3068.81,9860.18,47.67793519,-122.24406914,E,0.6367,2997.98,9911.4,47.67793519,-122.24406914
3660940,2026-05-31T10:35:44,291.44,0.849,F,3067.95,9860.48,47.67793743,-122.24407757,E,0.6329,2997.35,9911.65,47.67793743,-122.24407757
3662002,2026-05-31T10:35:45,291.24,0.872,F,3067.09,9860.8,47.67793967,-122.24408614,E,0.6501,2996.7,9911.9,47.67793967,-122.24408614
3663074,2026-05-31T10:35:46,293.27,0.902,F,3066.21,9861.16,47.67794223,-122.24409496,E,0.6724,2996.04,9912.18,47.67794223,-122.24409496
3664153,2026-05-31T10:35:47,298.98,0.907,F,3065.33,9861.59,47.67794541,-122.24410346,E,0.6762,2995.4,9912.53,47.67794541,-122.24410346
3665223,2026-05-31T10:35:48,299.25,0.927,F,3064.47,9862.1,47.67794865,-122.24411205,E,0.6911,2994.76,9912.9,47.67794865,-122.24411205
3666282,2026-05-31T10:35:49,300.81,0.904,F,3063.64,9862.59,47.67795194,-122.24412022,E,0.6739,2994.14,9913.26,47.67795194,-122.24412022
3667361,2026-05-31T10:35:50,302.07,0.908,F,3062.79,9863.11,47.67795542,-122.24412846,E,0.6769,2993.53,9913.65,47.67795542,-122.24412846
3668433,2026-05-31T10:35:51,305.45,0.928,F,3061.97,9863.64,47.67795928,-122.24413651,E,0.6918,2992.92,9914.08,47.67795928,-122.24413651
3669512,2026-05-31T10:35:52,310.91,0.925,F,3061.2,9864.27,47.67796366,-122.244144,E,0.6896,2992.36,9914.57,47.67796366,-122.244144
3670592,2026-05-31T10:35:53,305.86,0.925,F,3060.43,9864.91,47.67796758,-122.24415204,E,0.6896,2991.76,9915,47.67796758,-122.24415204
3671671,2026-05-31T10:35:55,299.26,0.91,F,3059.6,9865.44,47.67797079,-122.24416054,E,0.6784,2991.12,9915.36,47.67797079,-122.24416054
3672742,2026-05-31T10:35:56,289.53,0.916,F,3058.71,9865.84,47.67797299,-122.24416972,E,0.6829,2990.43,9915.61,47.67797299,-122.24416972
3673804,2026-05-31T10:35:57,279.92,0.909,F,3057.78,9866.07,47.6779741,-122.24417917,E,0.6777,2989.72,9915.73,47.6779741,-122.24417917
3674876,2026-05-31T10:35:58,290.29,0.901,F,3056.84,9866.32,47.67797635,-122.24418816,E,0.6717,2989.04,9915.98,47.67797635,-122.24418816
3675955,2026-05-31T10:35:59,294.53,0.919,F,3055.92,9866.67,47.6779791,-122.24419712,E,0.6851,2988.37,9916.29,47.6779791,-122.24419712
3677035,2026-05-31T10:36:00,299,0.918,F,3055.03,9867.1,47.67798232,-122.24420573,E,0.6844,2987.72,9916.64,47.67798232,-122.24420573
3678123,2026-05-31T10:36:01,305.48,0.903,F,3054.2,9867.63,47.67798614,-122.24421367,E,0.6732,2987.13,9917.07,47.67798614,-122.24421367
3679192,2026-05-31T10:36:02,302.28,0.91,F,3053.38,9868.16,47.67798962,-122.24422184,E,0.6784,2986.52,9917.46,47.67798962,-122.24422184
3680254,2026-05-31T10:36:03,301.45,0.917,F,3052.56,9868.68,47.67799302,-122.24423009,E,0.6836,2985.9,9917.84,47.67799302,-122.24423009
3681318,2026-05-31T10:36:04,303.3,0.92,F,3051.72,9869.19,47.67799662,-122.24423821,E,0.6859,2985.29,9918.24,47.67799662,-122.24423821
3682396,2026-05-31T10:36:05,300.77,0.921,F,3050.88,9869.72,47.67800002,-122.24424668,E,0.6866,2984.65,9918.61,47.67800002,-122.24424668
3683484,2026-05-31T10:36:06,309.64,0.918,F,3050.04,9870.28,47.67800429,-122.24425432,E,0.6844,2984.08,9919.09,47.67800429,-122.24425432
3684545,2026-05-31T10:36:07,308.48,0.907,F,3049.3,9870.91,47.6780083,-122.2442618,E,0.6762,2983.51,9919.54,47.6780083,-122.2442618
3685616,2026-05-31T10:36:08,302.88,0.912,F,3048.52,9871.5,47.67801185,-122.24426995,E,0.6799,2982.9,9919.93,47.67801185,-122.24426995
3686705,2026-05-31T10:36:10,293.74,0.86,F,3047.68,9871.95,47.67801438,-122.24427846,E,0.6411,2982.26,9920.21,47.67801438,-122.24427846
3687783,2026-05-31T10:36:11,289.61,0.88,F,3046.82,9872.32,47.67801651,-122.24428733,E,0.656,2981.6,9920.45,47.67801651,-122.24428733
3688785,2026-05-31T10:36:12,284.84,0.886,F,3045.98,9872.59,47.67801803,-122.24429585,E,0.6605,2980.96,9920.62,47.67801803,-122.24429585
3689864,2026-05-31T10:36:13,281.8,0.897,F,3045.04,9872.8,47.67801936,-122.24430526,E,0.6687,2980.25,9920.77,47.67801936,-122.24430526
3690940,2026-05-31T10:36:14,280.54,0.931,F,3044.07,9873,47.67802059,-122.24431504,E,0.6941,2979.52,9920.9,47.67802059,-122.24431504
3692009,2026-05-31T10:36:15,285.32,0.929,F,3043.09,9873.22,47.67802234,-122.24432455,E,0.6926,2978.8,9921.1,47.67802234,-122.24432455
3693070,2026-05-31T10:36:16,285.75,0.943,F,3042.13,9873.49,47.67802416,-122.24433411,E,0.703,2978.09,9921.3,47.67802416,-122.24433411
3694142,2026-05-31T10:36:17,291.99,0.935,F,3041.16,9873.82,47.67802668,-122.24434334,E,0.697,2977.39,9921.58,47.67802668,-122.24434334
3695221,2026-05-31T10:36:18,296.29,0.929,F,3040.24,9874.23,47.67802965,-122.24435226,E,0.6926,2976.72,9921.91,47.67802965,-122.24435226
3696301,2026-05-31T10:36:19,294.94,0.938,F,3039.33,9874.67,47.67803251,-122.24436138,E,0.6993,2976.04,9922.23,47.67803251,-122.24436138
3697370,2026-05-31T10:36:20,297.39,0.95,F,3038.43,9875.1,47.67803564,-122.24437034,E,0.7082,2975.37,9922.58,47.67803564,-122.24437034
3698448,2026-05-31T10:36:21,295.42,0.928,F,3037.53,9875.53,47.67803851,-122.24437931,E,0.6918,2974.69,9922.9,47.67803851,-122.24437931
3699527,2026-05-31T10:36:22,292.75,0.923,F,3036.61,9875.95,47.67804109,-122.24438843,E,0.6881,2974.01,9923.19,47.67804109,-122.24438843
3700605,2026-05-31T10:36:23,289.02,0.936,F,3035.67,9876.28,47.6780433,-122.2443979,E,0.6978,2973.3,9923.43,47.6780433,-122.2443979
3701675,2026-05-31T10:36:25,289.75,0.922,F,3034.75,9876.64,47.67804553,-122.24440712,E,0.6874,2972.6,9923.68,47.67804553,-122.24440712
3702744,2026-05-31T10:36:26,288.14,0.926,F,3033.82,9876.95,47.67804759,-122.24441646,E,0.6903,2971.9,9923.91,47.67804759,-122.24441646
3703824,2026-05-31T10:36:27,287.13,0.923,F,3032.86,9877.26,47.67804956,-122.24442592,E,0.6881,2971.19,9924.13,47.67804956,-122.24442592
3704895,2026-05-31T10:36:28,284.71,0.939,F,3031.92,9877.56,47.67805127,-122.24443558,E,0.7,2970.47,9924.32,47.67805127,-122.24443558
3705983,2026-05-31T10:36:29,271.28,0.919,F,3030.92,9877.68,47.67805142,-122.2444455,E,0.6851,2969.72,9924.34,47.67805142,-122.2444455
3707052,2026-05-31T10:36:30,267.35,0.936,F,3029.93,9877.61,47.67805111,-122.24445543,E,0.6978,2968.98,9924.3,47.67805111,-122.24445543
3708122,2026-05-31T10:36:31,285.81,0.949,F,3028.94,9877.74,47.67805296,-122.24446513,E,0.7075,2968.25,9924.51,47.67805296,-122.24446513
3709210,2026-05-31T10:36:32,287.15,0.925,F,3027.97,9878.05,47.67805495,-122.24447468,E,0.6896,2967.53,9924.73,47.67805495,-122.24447468
3710289,2026-05-31T10:36:33,283.98,0.937,F,3027,9878.32,47.67805658,-122.24448442,E,0.6985,2966.8,9924.91,47.67805658,-122.24448442
3711368,2026-05-31T10:36:34,277.1,0.917,F,3026.01,9878.48,47.6780574,-122.24449417,E,0.6836,2966.07,9925,47.6780574,-122.24449417
3712464,2026-05-31T10:36:35,277.45,0.928,F,3025.01,9878.62,47.67805829,-122.24450418,E,0.6918,2965.32,9925.1,47.67805829,-122.24450418
3713534,2026-05-31T10:36:36,275.66,0.927,F,3024.02,9878.73,47.67805894,-122.24451399,E,0.6911,2964.58,9925.17,47.67805894,-122.24451399
3714584,2026-05-31T10:36:37,273.24,0.931,F,3023.04,9878.81,47.67805931,-122.24452368,E,0.6941,2963.85,9925.21,47.67805931,-122.24452368
3715663,2026-05-31T10:36:39,279.17,0.928,F,3022.05,9878.92,47.67806038,-122.24453349,E,0.6918,2963.12,9925.33,47.67806038,-122.24453349
3716715,2026-05-31T10:36:40,277.15,0.935,F,3021.09,9879.04,47.6780612,-122.24454318,E,0.697,2962.39,9925.42,47.6780612,-122.24454318
3717785,2026-05-31T10:36:41,278.86,0.935,F,3020.1,9879.17,47.67806223,-122.244553,E,0.697,2961.65,9925.54,47.67806223,-122.244553
3718882,2026-05-31T10:36:42,287.57,0.898,F,3019.13,9879.41,47.67806422,-122.24456232,E,0.6695,2960.95,9925.76,47.67806422,-122.24456232
3719961,2026-05-31T10:36:43,285.83,0.878,F,3018.22,9879.71,47.67806595,-122.24457137,E,0.6545,2960.27,9925.95,47.67806595,-122.24457137
3721048,2026-05-31T10:36:44,283.39,0.862,F,3017.3,9879.93,47.67806741,-122.24458042,E,0.6426,2959.59,9926.12,47.67806741,-122.24458042
3722126,2026-05-31T10:36:45,281.89,0.866,F,3016.39,9880.14,47.67806869,-122.2445895,E,0.6456,2958.91,9926.26,47.67806869,-122.2445895
3723196,2026-05-31T10:36:46,278.11,0.842,F,3015.49,9880.31,47.67806955,-122.24459835,E,0.6277,2958.25,9926.35,47.67806955,-122.24459835
3724255,2026-05-31T10:36:47,273.26,0.827,F,3014.61,9880.39,47.67806988,-122.24460703,E,0.6165,2957.59,9926.39,47.67806988,-122.24460703
3725316,2026-05-31T10:36:48,277.75,0.805,F,3013.75,9880.47,47.67807065,-122.24461544,E,0.6001,2956.96,9926.48,47.67807065,-122.24461544
3726394,2026-05-31T10:36:49,278.93,0.769,F,3012.92,9880.65,47.67807151,-122.24462357,E,0.5733,2956.35,9926.57,47.67807151,-122.24462357
3727463,2026-05-31T10:36:50,267.96,0.747,F,3012.11,9880.67,47.67807132,-122.24463149,E,0.5569,2955.76,9926.55,47.67807132,-122.24463149
3728541,2026-05-31T10:36:51,265.15,0.771,F,3011.29,9880.62,47.67807085,-122.24463972,E,0.5748,2955.14,9926.5,47.67807085,-122.24463972
3729610,2026-05-31T10:36:52,277.39,0.778,F,3010.47,9880.66,47.67807157,-122.24464791,E,0.58,2954.53,9926.58,47.67807157,-122.24464791
3730689,2026-05-31T10:36:54,282.67,0.792,F,3009.63,9880.81,47.67807282,-122.24465618,E,0.5904,2953.9,9926.72,47.67807282,-122.24465618
3731768,2026-05-31T10:36:55,279.04,0.802,F,3008.78,9880.99,47.67807373,-122.24466467,E,0.5979,2953.27,9926.82,47.67807373,-122.24466467
3732832,2026-05-31T10:36:56,273.03,0.811,F,3007.92,9881.08,47.67807404,-122.24467323,E,0.6046,2952.63,9926.85,47.67807404,-122.24467323
3733914,2026-05-31T10:36:57,276.04,0.842,F,3007.03,9881.18,47.67807468,-122.24468222,E,0.6277,2951.95,9926.93,47.67807468,-122.24468222
3734984,2026-05-31T10:36:58,280.04,0.841,F,3006.14,9881.29,47.67807573,-122.24469102,E,0.627,2951.29,9927.04,47.67807573,-122.24469102
3736062,2026-05-31T10:36:59,280.64,0.865,F,3005.23,9881.49,47.67807688,-122.24470012,E,0.6449,2950.61,9927.17,47.67807688,-122.24470012
3737141,2026-05-31T10:37:00,286.19,0.839,F,3004.34,9881.7,47.67807858,-122.24470875,E,0.6255,2949.96,9927.36,47.67807858,-122.24470875
3738220,2026-05-31T10:37:01,289.07,0.847,F,3003.47,9882,47.67808057,-122.24471733,E,0.6314,2949.31,9927.58,47.67808057,-122.24471733
3739292,2026-05-31T10:37:02,282.65,0.855,F,3002.59,9882.28,47.67808192,-122.24472621,E,0.6374,2948.65,9927.73,47.67808192,-122.24472621
3740353,2026-05-31T10:37:03,279.26,0.669,F,3001.79,9882.41,47.67808268,-122.24473317,E,0.4987,2948.13,9927.82,47.67808268,-122.24473317
3741422,2026-05-31T10:37:04,276.53,0.494,F,3001.18,9882.51,47.67808309,-122.24473838,E,0.3683,2947.73,9927.86,47.67808309,-122.24473838
3742502,2026-05-31T10:37:05,289.35,0.345,F,3000.74,9882.61,47.67808391,-122.24474187,E,0.2572,2947.47,9927.95,47.67808391,-122.24474187
3743589,2026-05-31T10:37:06,289.46,0.42,F,3000.4,9882.73,47.67808493,-122.24474614,E,0.3131,2947.15,9928.07,47.67808493,-122.24474614
3744661,2026-05-31T10:37:08,282.69,0.545,F,2999.9,9882.84,47.67808579,-122.2447518,E,0.4063,2946.73,9928.16,47.67808579,-122.2447518
3745732,2026-05-31T10:37:09,281.51,0.645,F,2999.26,9882.94,47.67808671,-122.24475852,E,0.4808,2946.22,9928.27,47.67808671,-122.24475852
3746812,2026-05-31T10:37:10,284.99,0.727,F,2998.54,9883.13,47.67808807,-122.24476605,E,0.542,2945.66,9928.42,47.67808807,-122.24476605
3747884,2026-05-31T10:37:11,284.71,0.801,F,2997.74,9883.34,47.67808953,-122.2447743,E,0.5971,2945.04,9928.58,47.67808953,-122.2447743
3748957,2026-05-31T10:37:12,287.05,0.856,F,2996.9,9883.58,47.67809134,-122.24478302,E,0.6381,2944.38,9928.78,47.67809134,-122.24478302
3750036,2026-05-31T10:37:13,290.91,0.877,F,2996.01,9883.86,47.6780936,-122.2447918,E,0.6538,2943.72,9929.03,47.6780936,-122.2447918
3751104,2026-05-31T10:37:14,301.69,0.923,F,2995.17,9884.31,47.67809707,-122.24480012,E,0.6881,2943.1,9929.42,47.67809707,-122.24480012
3752174,2026-05-31T10:37:15,315.43,0.982,F,2994.38,9884.94,47.67810208,-122.24480745,E,0.7321,2942.55,9929.98,47.67810208,-122.24480745
3753252,2026-05-31T10:37:16,316.17,1.004,F,2993.63,9885.69,47.67810731,-122.24481489,E,0.7485,2941.99,9930.56,47.67810731,-122.24481489
3754330,2026-05-31T10:37:17,320.12,1.02,F,2992.9,9886.52,47.67811296,-122.24482189,E,0.7604,2941.46,9931.19,47.67811296,-122.24482189
3755409,2026-05-31T10:37:18,322.58,1.017,F,2992.22,9887.37,47.6781188,-122.24482851,E,0.7582,2940.97,9931.84,47.6781188,-122.24482851
3756470,2026-05-31T10:37:19,323.28,1.049,F,2991.55,9888.22,47.67812477,-122.24483512,E,0.782,2940.47,9932.5,47.67812477,-122.24483512
3757530,2026-05-31T10:37:20,325.38,1.072,F,2990.89,9889.14,47.67813103,-122.24484153,E,0.7992,2939.99,9933.2,47.67813103,-122.24484153
3758607,2026-05-31T10:37:21,327.89,1.083,F,2990.26,9890.1,47.67813765,-122.24484768,E,0.8074,2939.53,9933.94,47.67813765,-122.24484768
3759677,2026-05-31T10:37:23,329.2,1.014,F,2989.66,9891.08,47.67814389,-122.2448532,E,0.7559,2939.11,9934.63,47.67814389,-122.2448532
3760747,2026-05-31T10:37:24,332.53,0.853,F,2989.17,9891.93,47.67814931,-122.24485738,E,0.6359,2938.8,9935.23,47.67814931,-122.24485738
3761811,2026-05-31T10:37:25,337.55,0.852,F,2988.79,9892.76,47.67815493,-122.24486082,E,0.6352,2938.54,9935.86,47.67815493,-122.24486082
3762873,2026-05-31T10:37:26,337.35,0.848,F,2988.45,9893.59,47.67816049,-122.24486426,E,0.6322,2938.28,9936.48,47.67816049,-122.24486426
3763928,2026-05-31T10:37:27,335.49,0.862,F,2988.1,9894.42,47.67816603,-122.24486801,E,0.6426,2938,9937.09,47.67816603,-122.24486801
3765008,2026-05-31T10:37:28,335.52,0.855,F,2987.72,9895.26,47.67817166,-122.24487181,E,0.6374,2937.72,9937.72,47.67817166,-122.24487181
3766079,2026-05-31T10:37:29,339.7,0.863,F,2987.36,9896.11,47.67817747,-122.24487499,E,0.6434,2937.48,9938.37,47.67817747,-122.24487499
3767148,2026-05-31T10:37:30,352.91,0.851,F,2987.11,9897.01,47.67818351,-122.24487611,E,0.6344,2937.39,9939.04,47.67818351,-122.24487611
3768219,2026-05-31T10:37:31,349.72,0.834,F,2987.02,9897.9,47.6781894,-122.24487769,E,0.6217,2937.27,9939.7,47.6781894,-122.24487769
3769297,2026-05-31T10:37:32,319.13,0.79,F,2986.64,9898.68,47.67819371,-122.24488322,E,0.5889,2936.86,9940.18,47.67819371,-122.24488322
3770368,2026-05-31T10:37:33,298.88,0.82,F,2985.98,9899.21,47.67819655,-122.24489086,E,0.6113,2936.29,9940.49,47.67819655,-122.24489086
3771439,2026-05-31T10:37:34,288.88,0.784,F,2985.18,9899.53,47.67819837,-122.24489875,E,0.5845,2935.69,9940.69,47.67819837,-122.24489875
3772518,2026-05-31T10:37:35,285.69,0.798,F,2984.36,9899.76,47.67819993,-122.24490698,E,0.5949,2935.08,9940.87,47.67819993,-122.24490698
3773579,2026-05-31T10:37:36,285.44,0.813,F,2983.55,9899.97,47.67820147,-122.24491524,E,0.6061,2934.46,9941.04,47.67820147,-122.24491524
3774666,2026-05-31T10:37:38,287.81,0.817,F,2982.7,9900.19,47.67820329,-122.24492363,E,0.6091,2933.83,9941.24,47.67820329,-122.24492363
3775744,2026-05-31T10:37:39,297.91,0.822,F,2981.89,9900.55,47.67820606,-122.24493141,E,0.6128,2933.24,9941.55,47.67820606,-122.24493141
3776814,2026-05-31T10:37:40,296.89,0.855,F,2981.11,9900.97,47.67820884,-122.24493951,E,0.6374,2932.63,9941.86,47.67820884,-122.24493951
3777893,2026-05-31T10:37:41,295.74,0.847,F,2980.28,9901.38,47.67821149,-122.24494768,E,0.6314,2932.02,9942.16,47.67821149,-122.24494768
3778897,2026-05-31T10:37:42,295.43,0.801,F,2979.53,9901.76,47.67821381,-122.24495489,E,0.5971,2931.48,9942.41,47.67821381,-122.24495489
3779975,2026-05-31T10:37:43,290.47,0.769,F,2978.76,9902.09,47.67821575,-122.24496261,E,0.5733,2930.9,9942.63,47.67821575,-122.24496261
3781050,2026-05-31T10:37:44,289.75,0.763,F,2978,9902.4,47.6782176,-122.24497027,E,0.5688,2930.32,9942.84,47.6782176,-122.24497027
3782128,2026-05-31T10:37:45,286.22,0.783,F,2977.21,9902.66,47.67821918,-122.24497832,E,0.5837,2929.72,9943.01,47.67821918,-122.24497832
3783206,2026-05-31T10:37:46,288.76,0.814,F,2976.39,9902.92,47.67822107,-122.24498657,E,0.6068,2929.1,9943.22,47.67822107,-122.24498657
3784285,2026-05-31T10:37:47,288.67,0.861,F,2975.54,9903.22,47.67822306,-122.24499531,E,0.6419,2928.44,9943.44,47.67822306,-122.24499531
3785364,2026-05-31T10:37:48,291.02,0.894,F,2974.65,9903.54,47.67822538,-122.24500425,E,0.6665,2927.77,9943.7,47.67822538,-122.24500425
3786436,2026-05-31T10:37:49,289.36,0.904,F,2973.75,9903.86,47.67822753,-122.24501333,E,0.6739,2927.09,9943.94,47.67822753,-122.24501333
3787506,2026-05-31T10:37:50,283.94,0.94,F,2972.8,9904.12,47.67822916,-122.24502302,E,0.7008,2926.36,9944.12,47.67822916,-122.24502302
3788586,2026-05-31T10:37:51,285.9,0.95,F,2971.82,9904.38,47.67823104,-122.24503282,E,0.7082,2925.63,9944.33,47.67823104,-122.24503282
3789650,2026-05-31T10:37:53,290.64,0.944,F,2970.87,9904.69,47.67823341,-122.24504215,E,0.7038,2924.93,9944.6,47.67823341,-122.24504215
3790737,2026-05-31T10:37:54,297.49,0.964,F,2969.93,9905.12,47.67823665,-122.24505138,E,0.7187,2924.23,9944.96,47.67823665,-122.24505138
3791797,2026-05-31T10:37:55,302.16,0.956,F,2969.05,9905.64,47.67824026,-122.2450599,E,0.7127,2923.59,9945.36,47.67824026,-122.2450599
3792877,2026-05-31T10:37:56,301.67,0.932,F,2968.19,9906.17,47.6782438,-122.24506841,E,0.6948,2922.96,9945.75,47.6782438,-122.24506841
3793956,2026-05-31T10:37:57,301.15,0.945,F,2967.34,9906.69,47.67824733,-122.24507707,E,0.7045,2922.3,9946.14,47.67824733,-122.24507707
3795029,2026-05-31T10:37:58,299.9,0.953,F,2966.46,9907.22,47.67825075,-122.24508587,E,0.7105,2921.64,9946.52,47.67825075,-122.24508587
3796092,2026-05-31T10:37:59,291.68,0.96,F,2965.55,9907.67,47.67825327,-122.24509529,E,0.7157,2920.94,9946.81,47.67825327,-122.24509529
3797160,2026-05-31T10:38:00,288.51,0.977,F,2964.56,9907.99,47.67825549,-122.24510511,E,0.7284,2920.2,9947.05,47.67825549,-122.24510511
3798221,2026-05-31T10:38:01,292.15,0.979,F,2963.59,9908.36,47.67825811,-122.24511467,E,0.7298,2919.48,9947.34,47.67825811,-122.24511467
3799272,2026-05-31T10:38:02,294.38,0.955,F,2962.66,9908.77,47.67826089,-122.24512374,E,0.712,2918.8,9947.65,47.67826089,-122.24512374
3800351,2026-05-31T10:38:03,288.9,0.956,F,2961.7,9909.17,47.67826312,-122.24513343,E,0.7127,2918.07,9947.9,47.67826312,-122.24513343
3801430,2026-05-31T10:38:04,283.59,0.958,F,2960.71,9909.45,47.67826475,-122.24514341,E,0.7142,2917.32,9948.08,47.67826475,-122.24514341
3802491,2026-05-31T10:38:05,287.3,0.965,F,2959.72,9909.72,47.67826679,-122.24515312,E,0.7194,2916.6,9948.31,47.67826679,-122.24515312
3803571,2026-05-31T10:38:06,290.02,0.964,F,2958.73,9910.04,47.67826918,-122.24516283,E,0.7187,2915.87,9948.58,47.67826918,-122.24516283
3804650,2026-05-31T10:38:08,289.71,0.977,F,2957.74,9910.39,47.67827156,-122.24517268,E,0.7284,2915.13,9948.84,47.67827156,-122.24517268
3805739,2026-05-31T10:38:09,292.22,0.958,F,2956.75,9910.75,47.6782742,-122.24518227,E,0.7142,2914.41,9949.14,47.6782742,-122.24518227
3806820,2026-05-31T10:38:10,288.1,0.959,F,2955.78,9911.12,47.67827636,-122.24519206,E,0.7149,2913.67,9949.38,47.67827636,-122.24519206
3807890,2026-05-31T10:38:11,287.21,0.961,F,2954.79,9911.43,47.67827839,-122.24520181,E,0.7164,2912.94,9949.6,47.67827839,-122.24520181
3808955,2026-05-31T10:38:12,284.28,0.953,F,2953.81,9911.71,47.67828007,-122.24521158,E,0.7105,2912.21,9949.79,47.67828007,-122.24521158
3810022,2026-05-31T10:38:13,289.06,0.948,F,2952.84,9911.99,47.67828228,-122.24522107,E,0.7067,2911.49,9950.04,47.67828228,-122.24522107
3811105,2026-05-31T10:38:14,285.86,0.951,F,2951.86,9912.31,47.67828417,-122.24523091,E,0.709,2910.75,9950.25,47.67828417,-122.24523091
3812183,2026-05-31T10:38:15,283.21,0.941,F,2950.86,9912.58,47.67828572,-122.24524072,E,0.7015,2910.02,9950.42,47.67828572,-122.24524072
3813262,2026-05-31T10:38:16,283.26,0.921,F,2949.88,9912.79,47.67828725,-122.24525032,E,0.6866,2909.3,9950.59,47.67828725,-122.24525032
3814341,2026-05-31T10:38:17,280.89,0.964,F,2948.9,9913.01,47.67828856,-122.24526046,E,0.7187,2908.54,9950.73,47.67828856,-122.24526046
3815404,2026-05-31T10:38:18,284.15,0.942,F,2947.91,9913.2,47.6782902,-122.2452701,E,0.7023,2907.81,9950.92,47.6782902,-122.2452701
3816483,2026-05-31T10:38:19,270.01,0.964,F,2946.9,9913.36,47.6782902,-122.24528043,E,0.7187,2907.04,9950.92,47.6782902,-122.24528043
3817562,2026-05-31T10:38:20,261.51,0.966,F,2945.87,9913.2,47.67828917,-122.24529067,E,0.7202,2906.27,9950.8,47.67828917,-122.24529067
3818625,2026-05-31T10:38:22,271.45,0.956,F,2944.85,9913.14,47.67828934,-122.24530075,E,0.7127,2905.51,9950.82,47.67828934,-122.24530075
3819705,2026-05-31T10:38:23,284.22,0.958,F,2943.84,9913.3,47.67829105,-122.24531071,E,0.7142,2904.76,9951.01,47.67829105,-122.24531071
3820776,2026-05-31T10:38:24,278.18,0.949,F,2942.84,9913.51,47.67829201,-122.2453207,E,0.7075,2904.01,9951.12,47.67829201,-122.2453207
3821856,2026-05-31T10:38:25,271.05,0.911,F,2941.84,9913.58,47.67829214,-122.24533047,E,0.6792,2903.28,9951.13,47.67829214,-122.24533047
3822927,2026-05-31T10:38:26,265.2,0.887,F,2940.87,9913.53,47.6782916,-122.24533987,E,0.6613,2902.57,9951.07,47.6782916,-122.24533987
3824016,2026-05-31T10:38:27,268.82,0.88,F,2939.91,9913.5,47.67829147,-122.24534938,E,0.656,2901.86,9951.06,47.67829147,-122.24534938
3825095,2026-05-31T10:38:28,268.45,0.877,F,2938.96,9913.48,47.6782913,-122.24535878,E,0.6538,2901.15,9951.04,47.6782913,-122.24535878
3826174,2026-05-31T10:38:29,271.97,0.874,F,2938.01,9913.53,47.67829152,-122.24536814,E,0.6516,2900.45,9951.06,47.67829152,-122.24536814
3827253,2026-05-31T10:38:30,266,0.859,F,2937.07,9913.49,47.67829108,-122.24537732,E,0.6404,2899.76,9951.02,47.67829108,-122.24537732
3828326,2026-05-31T10:38:31,265.5,0.852,F,2936.16,9913.4,47.6782906,-122.24538637,E,0.6352,2899.08,9950.96,47.6782906,-122.24538637
3829406,2026-05-31T10:38:32,264.26,0.831,F,2935.26,9913.29,47.67829,-122.24539523,E,0.6195,2898.42,9950.9,47.67829,-122.24539523
3830477,2026-05-31T10:38:33,264.07,0.834,F,2934.38,9913.19,47.67828938,-122.24540405,E,0.6217,2897.76,9950.83,47.67828938,-122.24540405
3831549,2026-05-31T10:38:34,266.11,0.861,F,2933.47,9913.09,47.67828896,-122.2454132,E,0.6419,2897.07,9950.78,47.67828896,-122.2454132
3832619,2026-05-31T10:38:35,269.05,0.855,F,2932.56,9913.04,47.67828886,-122.24542228,E,0.6374,2896.39,9950.77,47.67828886,-122.24542228
3833699,2026-05-31T10:38:37,267.44,0.847,F,2931.64,9913.03,47.67828859,-122.24543135,E,0.6314,2895.71,9950.74,47.67828859,-122.24543135
3834772,2026-05-31T10:38:38,265.26,0.829,F,2930.74,9912.97,47.6782881,-122.24544016,E,0.618,2895.04,9950.68,47.6782881,-122.24544016
3835861,2026-05-31T10:38:39,269.45,0.826,F,2929.84,9912.91,47.67828804,-122.24544909,E,0.6158,2894.37,9950.68,47.67828804,-122.24544909
3836907,2026-05-31T10:38:40,274.33,0.835,F,2928.97,9912.94,47.67828848,-122.24545774,E,0.6225,2893.72,9950.73,47.67828848,-122.24545774
3837977,2026-05-31T10:38:41,272.53,0.835,F,2928.08,9913.01,47.67828875,-122.2454666,E,0.6225,2893.06,9950.76,47.67828875,-122.2454666
3839056,2026-05-31T10:38:42,268.01,0.847,F,2927.17,9913.01,47.67828853,-122.24547567,E,0.6314,2892.38,9950.73,47.67828853,-122.24547567
3840164,2026-05-31T10:38:43,269.69,0.846,F,2926.23,9912.95,47.6782885,-122.24548498,E,0.6307,2891.68,9950.73,47.6782885,-122.24548498
3841239,2026-05-31T10:38:44,270.61,0.855,F,2925.31,9912.95,47.67828856,-122.2454941,E,0.6374,2890.99,9950.73,47.67828856,-122.2454941
3842319,2026-05-31T10:38:45,273.15,0.861,F,2924.39,9912.95,47.67828891,-122.24550332,E,0.6419,2890.3,9950.77,47.67828891,-122.24550332
3843390,2026-05-31T10:38:46,270.4,0.852,F,2923.47,9912.95,47.67828895,-122.24551238,E,0.6352,2889.62,9950.78,47.67828895,-122.24551238
3844469,2026-05-31T10:38:47,270.72,0.873,F,2922.54,9912.95,47.67828903,-122.24552173,E,0.6508,2888.92,9950.79,47.67828903,-122.24552173
3845540,2026-05-31T10:38:48,260.87,0.875,F,2921.61,9912.89,47.67828803,-122.24553092,E,0.6523,2888.23,9950.68,47.67828803,-122.24553092
3846610,2026-05-31T10:38:49,264.39,0.878,F,2920.68,9912.75,47.67828742,-122.2455402,E,0.6545,2887.53,9950.61,47.67828742,-122.2455402
3847690,2026-05-31T10:38:51,261.29,0.862,F,2919.75,9912.65,47.67828647,-122.24554934,E,0.6426,2886.85,9950.5,47.67828647,-122.24554934
3848760,2026-05-31T10:38:52,263.02,0.838,F,2918.84,9912.54,47.67828574,-122.24555818,E,0.6247,2886.18,9950.42,47.67828574,-122.24555818
3849832,2026-05-31T10:38:53,272.6,0.807,F,2917.95,9912.48,47.67828601,-122.24556676,E,0.6016,2885.54,9950.45,47.67828601,-122.24556676
3850920,2026-05-31T10:38:54,275.3,0.756,F,2917.11,9912.58,47.67828652,-122.24557489,E,0.5636,2884.93,9950.51,47.67828652,-122.24557489
3851999,2026-05-31T10:38:55,270.36,0.781,F,2916.29,9912.59,47.67828655,-122.24558326,E,0.5822,2884.3,9950.51,47.67828655,-122.24558326
3853062,2026-05-31T10:38:56,272.92,0.799,F,2915.45,9912.62,47.67828684,-122.24559168,E,0.5957,2883.67,9950.54,47.67828684,-122.24559168
3854133,2026-05-31T10:38:57,273.17,0.825,F,2914.59,9912.63,47.67828717,-122.24560044,E,0.615,2883.01,9950.58,47.67828717,-122.24560044
3855203,2026-05-31T10:38:58,283.03,0.83,F,2913.72,9912.75,47.67828851,-122.24560903,E,0.6188,2882.37,9950.73,47.67828851,-122.24560903
3856263,2026-05-31T10:38:59,286.14,0.833,F,2912.86,9912.96,47.67829015,-122.24561746,E,0.621,2881.73,9950.91,47.67829015,-122.24561746
3857334,2026-05-31T10:39:00,283.91,0.834,F,2912,9913.18,47.67829159,-122.24562607,E,0.6217,2881.09,9951.07,47.67829159,-122.24562607
3858424,2026-05-31T10:39:01,246.63,0.831,F,2911.12,9913.18,47.67828918,-122.24563432,E,0.6195,2880.47,9950.8,47.67828918,-122.24563432
3859484,2026-05-31T10:39:02,220.59,0.834,F,2910.44,9912.63,47.67828469,-122.24564003,E,0.6217,2880.04,9950.3,47.67828469,-122.24564003
3860554,2026-05-31T10:39:03,219.49,0.819,F,2909.89,9911.91,47.67828016,-122.24564557,E,0.6106,2879.62,9949.8,47.67828016,-122.24564557
3861644,2026-05-31T10:39:05,243.45,0.818,F,2909.2,9911.35,47.67827749,-122.24565349,E,0.6098,2879.03,9949.5,47.67827749,-122.24565349
3862723,2026-05-31T10:39:06,251.95,0.82,F,2908.37,9911.03,47.67827565,-122.24566184,E,0.6113,2878.4,9949.3,47.67827565,-122.24566184
3863784,2026-05-31T10:39:07,262.15,0.797,F,2907.54,9910.81,47.67827488,-122.24567016,E,0.5942,2877.78,9949.21,47.67827488,-122.24567016
3864873,2026-05-31T10:39:08,270.34,0.795,F,2906.69,9910.78,47.67827492,-122.24567875,E,0.5927,2877.13,9949.22,47.67827492,-122.24567875
3865961,2026-05-31T10:39:09,266.65,0.817,F,2905.81,9910.78,47.67827457,-122.24568757,E,0.6091,2876.47,9949.18,47.67827457,-122.24568757
3867031,2026-05-31T10:39:10,254.71,0.849,F,2904.93,9910.62,47.67827296,-122.24569627,E,0.6329,2875.82,9949,47.67827296,-122.24569627
3868110,2026-05-31T10:39:11,250.12,0.844,F,2904.06,9910.33,47.67827089,-122.24570477,E,0.6292,2875.18,9948.77,47.67827089,-122.24570477
3869189,2026-05-31T10:39:12,250.92,0.813,F,2903.22,9910.02,47.67826897,-122.245713,E,0.6061,2874.56,9948.55,47.67826897,-122.245713
3870292,2026-05-31T10:39:13,253.36,0.784,F,2902.39,9909.74,47.67826731,-122.24572123,E,0.5845,2873.94,9948.37,47.67826731,-122.24572123
3871378,2026-05-31T10:39:14,256.06,0.768,F,2901.57,9909.54,47.67826597,-122.24572927,E,0.5725,2873.34,9948.22,47.67826597,-122.24572927
3872456,2026-05-31T10:39:15,255.79,0.775,F,2900.77,9909.33,47.67826459,-122.24573731,E,0.5778,2872.73,9948.07,47.67826459,-122.24573731
3873535,2026-05-31T10:39:16,256.04,0.793,F,2899.96,9909.12,47.67826321,-122.24574555,E,0.5912,2872.12,9947.91,47.67826321,-122.24574555
3874614,2026-05-31T10:39:17,248.57,0.835,F,2899.13,9908.87,47.678261,-122.24575388,E,0.6225,2871.49,9947.67,47.678261,-122.24575388
3875689,2026-05-31T10:39:19,238.97,0.876,F,2898.31,9908.44,47.67825775,-122.24576189,E,0.6531,2870.89,9947.31,47.67825775,-122.24576189
3876752,2026-05-31T10:39:20,244.39,0.88,F,2897.51,9907.97,47.67825505,-122.24577027,E,0.656,2870.26,9947,47.67825505,-122.24577027
3877813,2026-05-31T10:39:21,253.1,0.912,F,2896.62,9907.63,47.67825316,-122.24577946,E,0.6799,2869.57,9946.79,47.67825316,-122.24577946
3878895,2026-05-31T10:39:22,255.34,0.915,F,2895.67,9907.38,47.67825148,-122.24578897,E,0.6821,2868.86,9946.61,47.67825148,-122.24578897
3879982,2026-05-31T10:39:23,253.16,0.929,F,2894.71,9907.1,47.67824953,-122.24579857,E,0.6926,2868.14,9946.39,47.67824953,-122.24579857
3881042,2026-05-31T10:39:24,257.21,0.946,F,2893.75,9906.84,47.67824804,-122.24580828,E,0.7052,2867.41,9946.22,47.67824804,-122.24580828
3882103,2026-05-31T10:39:25,261.68,0.959,F,2892.76,9906.66,47.67824705,-122.24581828,E,0.7149,2866.66,9946.11,47.67824705,-122.24581828
3883166,2026-05-31T10:39:26,267.69,0.966,F,2891.75,9906.57,47.67824678,-122.24582846,E,0.7202,2865.89,9946.08,47.67824678,-122.24582846
3884227,2026-05-31T10:39:27,273.52,0.972,F,2890.72,9906.58,47.6782472,-122.24583869,E,0.7246,2865.12,9946.13,47.6782472,-122.24583869
3885305,2026-05-31T10:39:28,271.1,0.956,F,2889.68,9906.63,47.67824733,-122.24584892,E,0.7127,2864.36,9946.14,47.67824733,-122.24584892
3886384,2026-05-31T10:39:29,263.95,0.96,F,2888.65,9906.58,47.6782466,-122.24585915,E,0.7157,2863.59,9946.06,47.6782466,-122.24585915
3887463,2026-05-31T10:39:30,260.68,0.978,F,2887.62,9906.41,47.67824546,-122.24586948,E,0.7291,2862.81,9945.94,47.67824546,-122.24586948
3888542,2026-05-31T10:39:31,260.99,0.976,F,2886.59,9906.21,47.67824435,-122.24587981,E,0.7276,2862.04,9945.81,47.67824435,-122.24587981
3889614,2026-05-31T10:39:32,266.34,0.977,F,2885.56,9906.05,47.6782439,-122.24589019,E,0.7284,2861.26,9945.76,47.6782439,-122.24589019
3890693,2026-05-31T10:39:34,273.14,0.975,F,2884.51,9906.07,47.67824429,-122.24590062,E,0.7269,2860.47,9945.81,47.67824429,-122.24590062
3891772,2026-05-31T10:39:35,272.93,0.958,F,2883.47,9906.11,47.67824464,-122.24591087,E,0.7142,2859.7,9945.85,47.67824464,-122.24591087
3892860,2026-05-31T10:39:36,281.83,0.917,F,2882.46,9906.28,47.67824601,-122.24592057,E,0.6836,2858.98,9946,47.67824601,-122.24592057
3893938,2026-05-31T10:39:37,271.98,0.906,F,2881.49,9906.39,47.67824624,-122.24593026,E,0.6754,2858.25,9946.02,47.67824624,-122.24593026
3895026,2026-05-31T10:39:38,265.36,0.906,F,2880.51,9906.35,47.67824571,-122.24594002,E,0.6754,2857.52,9945.96,47.67824571,-122.24594002
3896106,2026-05-31T10:39:39,267.33,0.925,F,2879.53,9906.26,47.67824539,-122.24594992,E,0.6896,2856.77,9945.93,47.67824539,-122.24594992
3897184,2026-05-31T10:39:40,271.27,0.94,F,2878.53,9906.26,47.67824554,-122.24595998,E,0.7008,2856.02,9945.95,47.67824554,-122.24595998
3898254,2026-05-31T10:39:41,271.9,0.953,F,2877.52,9906.26,47.67824577,-122.2459701,E,0.7105,2855.26,9945.97,47.67824577,-122.2459701
3899333,2026-05-31T10:39:42,277.25,0.945,F,2876.51,9906.32,47.67824663,-122.24598015,E,0.7045,2854.5,9946.07,47.67824663,-122.24598015
3900394,2026-05-31T10:39:43,276.7,0.941,F,2875.51,9906.43,47.67824741,-122.24598999,E,0.7015,2853.76,9946.15,47.67824741,-122.24598999
3901462,2026-05-31T10:39:44,281.14,0.95,F,2874.51,9906.6,47.67824873,-122.24599988,E,0.7082,2853.02,9946.3,47.67824873,-122.24599988
3902534,2026-05-31T10:39:45,283.76,0.97,F,2873.51,9906.83,47.67825038,-122.24600991,E,0.7231,2852.27,9946.48,47.67825038,-122.24600991
3903613,2026-05-31T10:39:46,283.71,0.956,F,2872.5,9907.04,47.67825202,-122.24601986,E,0.7127,2851.52,9946.67,47.67825202,-122.24601986
3904692,2026-05-31T10:39:48,283.79,0.957,F,2871.5,9907.3,47.67825367,-122.24602982,E,0.7134,2850.77,9946.85,47.67825367,-122.24602982
3905780,2026-05-31T10:39:49,280.58,0.971,F,2870.47,9907.51,47.67825497,-122.24604013,E,0.7239,2850,9946.99,47.67825497,-122.24604013
3906858,2026-05-31T10:39:50,276.75,0.971,F,2869.44,9907.64,47.67825579,-122.24605045,E,0.7239,2849.22,9947.09,47.67825579,-122.24605045
3907928,2026-05-31T10:39:51,282.88,0.96,F,2868.43,9907.81,47.67825732,-122.24606039,E,0.7157,2848.48,9947.26,47.67825732,-122.24606039
3909008,2026-05-31T10:39:52,285.79,0.947,F,2867.43,9908.07,47.67825919,-122.24607016,E,0.706,2847.74,9947.46,47.67825919,-122.24607016
3910088,2026-05-31T10:39:53,296.44,0.936,F,2866.48,9908.46,47.6782622,-122.24607915,E,0.6978,2847.07,9947.8,47.6782622,-122.24607915
3911157,2026-05-31T10:39:54,310.97,0.878,F,2865.69,9909,47.67826632,-122.24608619,E,0.6545,2846.54,9948.26,47.67826632,-122.24608619
3912245,2026-05-31T10:39:55,308.72,0.902,F,2864.95,9909.64,47.67827043,-122.24609379,E,0.6724,2845.97,9948.72,47.67827043,-122.24609379
3913323,2026-05-31T10:39:56,302.15,0.905,F,2864.15,9910.21,47.67827391,-122.24610199,E,0.6747,2845.35,9949.1,47.67827391,-122.24610199
3914403,2026-05-31T10:39:57,305.02,0.893,F,2863.33,9910.74,47.67827762,-122.24610984,E,0.6657,2844.77,9949.52,47.67827762,-122.24610984
3915482,2026-05-31T10:39:58,309.78,0.902,F,2862.55,9911.3,47.67828179,-122.24611726,E,0.6724,2844.21,9949.98,47.67828179,-122.24611726
3916555,2026-05-31T10:39:59,304.06,0.882,F,2861.8,9911.9,47.67828534,-122.24612505,E,0.6575,2843.62,9950.38,47.67828534,-122.24612505
3917626,2026-05-31T10:40:01,287.42,0.881,F,2860.97,9912.34,47.67828723,-122.24613399,E,0.6568,2842.95,9950.59,47.67828723,-122.24613399
3918706,2026-05-31T10:40:02,280.84,0.907,F,2860.03,9912.59,47.67828846,-122.24614354,E,0.6762,2842.24,9950.72,47.67828846,-122.24614354
3919778,2026-05-31T10:40:03,286.21,0.912,F,2859.07,9912.8,47.67829029,-122.24615286,E,0.6799,2841.54,9950.93,47.67829029,-122.24615286
3920839,2026-05-31T10:40:04,288.57,0.893,F,2858.15,9913.03,47.67829231,-122.24616178,E,0.6657,2840.87,9951.15,47.67829231,-122.24616178
3921908,2026-05-31T10:40:05,291.93,0.931,F,2857.22,9913.35,47.6782948,-122.24617095,E,0.6941,2840.18,9951.43,47.6782948,-122.24617095
3922987,2026-05-31T10:40:06,288.2,0.893,F,2856.28,9913.72,47.67829682,-122.24618004,E,0.6657,2839.5,9951.65,47.67829682,-122.24618004
3924066,2026-05-31T10:40:07,290.72,0.704,F,2855.47,9914.03,47.67829862,-122.24618709,E,0.5248,2838.97,9951.85,47.67829862,-122.24618709
3925138,2026-05-31T10:40:08,291.61,0.568,F,2854.86,9914.25,47.67830012,-122.24619271,E,0.4234,2838.54,9952.02,47.67830012,-122.24619271
3926217,2026-05-31T10:40:09,306.38,0.65,F,2854.3,9914.58,47.6783029,-122.24619832,E,0.4846,2838.12,9952.33,47.6783029,-122.24619832
3927296,2026-05-31T10:40:10,312.48,0.706,F,2853.72,9915.02,47.67830635,-122.2462039,E,0.5263,2837.7,9952.71,47.67830635,-122.2462039
3928359,2026-05-31T10:40:11,316.09,0.732,F,2853.19,9915.55,47.6783101,-122.24620926,E,0.5457,2837.3,9953.13,47.6783101,-122.24620926
3929438,2026-05-31T10:40:12,313.68,0.775,F,2852.61,9916.1,47.67831397,-122.24621526,E,0.5778,2836.85,9953.56,47.67831397,-122.24621526
3930524,2026-05-31T10:40:13,313.71,0.818,F,2851.99,9916.71,47.67831808,-122.24622164,E,0.6098,2836.37,9954.02,47.67831808,-122.24622164
3931593,2026-05-31T10:40:14,313.91,0.852,F,2851.35,9917.34,47.67832231,-122.24622815,E,0.6352,2835.88,9954.49,47.67832231,-122.24622815
3932672,2026-05-31T10:40:16,312.68,0.873,F,2850.67,9917.97,47.67832659,-122.24623503,E,0.6508,2835.37,9954.97,47.67832659,-122.24623503
3933751,2026-05-31T10:40:17,308.42,0.889,F,2849.95,9918.6,47.67833058,-122.24624249,E,0.6627,2834.81,9955.41,47.67833058,-122.24624249
3934839,2026-05-31T10:40:18,302.55,0.911,F,2849.16,9919.16,47.67833415,-122.24625079,E,0.6792,2834.18,9955.81,47.67833415,-122.24625079
3935909,2026-05-31T10:40:19,302.99,0.915,F,2848.34,9919.69,47.67833772,-122.24625894,E,0.6821,2833.57,9956.21,47.67833772,-122.24625894
3936980,2026-05-31T10:40:20,304.59,0.918,F,2847.52,9920.22,47.67834146,-122.24626698,E,0.6844,2832.97,9956.62,47.67834146,-122.24626698
3938051,2026-05-31T10:40:21,303.39,0.908,F,2846.72,9920.76,47.67834504,-122.24627504,E,0.6769,2832.36,9957.02,47.67834504,-122.24627504
3939120,2026-05-31T10:40:22,300.18,0.887,F,2845.91,9921.28,47.67834824,-122.24628318,E,0.6613,2831.75,9957.38,47.67834824,-122.24628318
3940199,2026-05-31T10:40:23,297.59,0.897,F,2845.06,9921.75,47.67835124,-122.2462917,E,0.6687,2831.11,9957.71,47.67835124,-122.2462917
3941277,2026-05-31T10:40:24,299.45,0.904,F,2844.2,9922.18,47.67835445,-122.24630012,E,0.6739,2830.48,9958.07,47.67835445,-122.24630012
3942356,2026-05-31T10:40:25,305.61,0.913,F,2843.39,9922.71,47.67835829,-122.24630807,E,0.6806,2829.88,9958.5,47.67835829,-122.24630807
3943435,2026-05-31T10:40:26,305.84,0.886,F,2842.59,9923.27,47.67836204,-122.24631577,E,0.6605,2829.3,9958.91,47.67836204,-122.24631577
3944504,2026-05-31T10:40:27,309.44,0.843,F,2841.86,9923.81,47.67836587,-122.24632268,E,0.6285,2828.79,9959.34,47.67836587,-122.24632268
3945583,2026-05-31T10:40:28,306.69,0.851,F,2841.15,9924.41,47.67836954,-122.24632999,E,0.6344,2828.24,9959.75,47.67836954,-122.24632999
3946655,2026-05-31T10:40:30,304.01,0.872,F,2840.39,9924.94,47.67837305,-122.24633769,E,0.6501,2827.66,9960.14,47.67837305,-122.24633769
3947733,2026-05-31T10:40:31,302.88,0.9,F,2839.59,9925.46,47.67837657,-122.24634578,E,0.671,2827.05,9960.53,47.67837657,-122.24634578
3948794,2026-05-31T10:40:32,302.69,0.924,F,2838.77,9925.99,47.67838012,-122.24635397,E,0.6888,2826.44,9960.93,47.67838012,-122.24635397
3949882,2026-05-31T10:40:33,306.22,0.937,F,2837.93,9926.54,47.67838415,-122.24636213,E,0.6985,2825.82,9961.38,47.67838415,-122.24636213
3950960,2026-05-31T10:40:34,302.58,0.946,F,2837.09,9927.11,47.67838783,-122.24637067,E,0.7052,2825.18,9961.79,47.67838783,-122.24637067
3952039,2026-05-31T10:40:35,302.06,0.953,F,2836.23,9927.64,47.67839149,-122.24637932,E,0.7105,2824.53,9962.19,47.67839149,-122.24637932
3953126,2026-05-31T10:40:36,300.5,0.969,F,2835.33,9928.17,47.67839507,-122.24638833,E,0.7224,2823.86,9962.59,47.67839507,-122.24638833
3954204,2026-05-31T10:40:37,296.67,0.985,F,2834.41,9928.68,47.67839826,-122.24639775,E,0.7343,2823.15,9962.95,47.67839826,-122.24639775
3955274,2026-05-31T10:40:38,294.81,0.982,F,2833.46,9929.13,47.67840121,-122.24640722,E,0.7321,2822.44,9963.27,47.67840121,-122.24640722
3956353,2026-05-31T10:40:39,299.44,0.964,F,2832.55,9929.64,47.67840463,-122.24641622,E,0.7187,2821.76,9963.66,47.67840463,-122.24641622
3957431,2026-05-31T10:40:40,292.8,0.904,F,2831.64,9930.12,47.67840716,-122.24642514,E,0.6739,2821.09,9963.94,47.67840716,-122.24642514
3958501,2026-05-31T10:40:41,292.79,0.717,F,2830.84,9930.44,47.67840915,-122.24643216,E,0.5345,2820.57,9964.16,47.67840915,-122.24643216
3959570,2026-05-31T10:40:42,314.32,0.515,F,2830.3,9930.8,47.67841173,-122.24643607,E,0.3839,2820.27,9964.45,47.67841173,-122.24643607
3960655,2026-05-31T10:40:44,326.14,0.499,F,2829.97,9931.23,47.67841474,-122.24643907,E,0.372,2820.05,9964.78,47.67841474,-122.24643907
3961720,2026-05-31T10:40:45,332.79,0.375,F,2829.75,9931.64,47.67841712,-122.24644088,E,0.2796,2819.91,9965.05,47.67841712,-122.24644088
3962808,2026-05-31T10:40:46,333.55,0.261,F,2829.58,9931.94,47.67841882,-122.24644214,E,0.1946,2819.82,9965.24,47.67841882,-122.24644214
3963888,2026-05-31T10:40:47,347.85,0.182,F,2829.51,9932.16,47.67842011,-122.24644255,E,0.1357,2819.79,9965.38,47.67842011,-122.24644255
3964967,2026-05-31T10:40:48,350.8,0.172,F,2829.48,9932.36,47.67842133,-122.24644284,E,0.1282,2819.76,9965.51,47.67842133,-122.24644284
3966046,2026-05-31T10:40:49,0.62,0.132,F,2829.47,9932.54,47.67842229,-122.24644283,E,0.0984,2819.76,9965.62,47.67842229,-122.24644283
3967118,2026-05-31T10:40:50,4.15,0.093,F,2829.47,9932.65,47.67842295,-122.24644276,E,0.0693,2819.77,9965.7,47.67842295,-122.24644276
3968196,2026-05-31T10:40:51,0.24,0.065,F,2829.47,9932.75,47.67842342,-122.24644275,E,0.0485,2819.77,9965.75,47.67842342,-122.24644275
3969274,2026-05-31T10:40:52,355.66,0.061,F,2829.47,9932.83,47.67842386,-122.2464428,E,0.0455,2819.77,9965.8,47.67842386,-122.2464428
3970345,2026-05-31T10:40:53,356.36,0.123,F,2829.46,9932.93,47.67842474,-122.24644289,E,0.0917,2819.76,9965.89,47.67842474,-122.24644289
3971415,2026-05-31T10:40:54,8.1,0.111,F,2829.47,9933.05,47.67842553,-122.24644272,E,0.0828,2819.77,9965.98,47.67842553,-122.24644272
3972503,2026-05-31T10:40:55,10.55,0.077,F,2829.49,9933.15,47.67842608,-122.24644257,E,0.0574,2819.78,9966.04,47.67842608,-122.24644257
3973582,2026-05-31T10:40:56,2.97,0.068,F,2829.5,9933.25,47.67842657,-122.24644253,E,0.0507,2819.79,9966.1,47.67842657,-122.24644253
3974661,2026-05-31T10:40:58,342.46,0.059,F,2829.49,9933.34,47.67842698,-122.24644272,E,0.044,2819.77,9966.14,47.67842698,-122.24644272
3975742,2026-05-31T10:40:59,322.18,0.042,F,2829.46,9933.38,47.67842722,-122.246443,E,0.0313,2819.75,9966.17,47.67842722,-122.246443
3976814,2026-05-31T10:41:00,308.42,0.029,F,2829.44,9933.38,47.67842735,-122.24644324,E,0.0216,2819.73,9966.18,47.67842735,-122.24644324
3977893,2026-05-31T10:41:01,298.2,0.094,F,2829.39,9933.4,47.67842767,-122.24644413,E,0.0701,2819.67,9966.22,47.67842767,-122.24644413
3978964,2026-05-31T10:41:02,295.39,0.078,F,2829.3,9933.41,47.67842791,-122.24644488,E,0.0581,2819.61,9966.25,47.67842791,-122.24644488
3980027,2026-05-31T10:41:03,302.78,0.055,F,2829.24,9933.42,47.67842812,-122.24644536,E,0.041,2819.57,9966.27,47.67842812,-122.24644536
3981089,2026-05-31T10:41:04,303.06,0.038,F,2829.2,9933.42,47.67842827,-122.2464457,E,0.0283,2819.55,9966.29,47.67842827,-122.2464457
3982159,2026-05-31T10:41:05,299.68,0.027,F,2829.18,9933.42,47.67842837,-122.24644595,E,0.0201,2819.53,9966.3,47.67842837,-122.24644595
3983246,2026-05-31T10:41:06,304.64,0.019,F,2829.15,9933.42,47.67842844,-122.24644612,E,0.0142,2819.52,9966.31,47.67842844,-122.24644612
3984325,2026-05-31T10:41:07,288.06,0.013,F,2829.13,9933.42,47.67842847,-122.24644625,E,0.0097,2819.51,9966.31,47.67842847,-122.24644625
3985386,2026-05-31T10:41:08,230.97,0.009,F,2829.13,9933.42,47.67842843,-122.24644632,E,0.0067,2819.5,9966.31,47.67842843,-122.24644632
3986456,2026-05-31T10:41:09,228.89,0.16,F,2829.05,9933.36,47.67842768,-122.2464476,E,0.1193,2819.41,9966.22,47.67842768,-122.2464476
3987544,2026-05-31T10:41:10,241.06,0.124,F,2828.93,9933.26,47.67842724,-122.24644878,E,0.0924,2819.32,9966.17,47.67842724,-122.24644878
3988614,2026-05-31T10:41:11,217.33,0.102,F,2828.84,9933.16,47.67842666,-122.24644943,E,0.076,2819.27,9966.11,47.67842666,-122.24644943
3989693,2026-05-31T10:41:13,192.15,0.11,F,2828.79,9933.06,47.67842588,-122.24644968,E,0.082,2819.25,9966.02,47.67842588,-122.24644968
3990693,2026-05-31T10:41:14,199.1,0.095,F,2828.77,9932.96,47.67842528,-122.24644999,E,0.0708,2819.23,9965.95,47.67842528,-122.24644999
3991787,2026-05-31T10:41:15,194.45,0.066,F,2828.74,9932.86,47.67842481,-122.24645017,E,0.0492,2819.21,9965.9,47.67842481,-122.24645017
3992865,2026-05-31T10:41:16,184.39,0.046,F,2828.73,9932.78,47.67842448,-122.24645021,E,0.0343,2819.21,9965.87,47.67842448,-122.24645021
3993945,2026-05-31T10:41:17,179.68,0.047,F,2828.73,9932.75,47.67842414,-122.2464502,E,0.035,2819.21,9965.83,47.67842414,-122.2464502
3995015,2026-05-31T10:41:18,191.52,0.033,F,2828.73,9932.74,47.67842391,-122.24645027,E,0.0246,2819.21,9965.8,47.67842391,-122.24645027
3996084,2026-05-31T10:41:19,193.45,0.023,F,2828.73,9932.74,47.67842375,-122.24645033,E,0.0171,2819.2,9965.78,47.67842375,-122.24645033
3997164,2026-05-31T10:41:20,200,0.045,F,2828.73,9932.73,47.67842345,-122.2464505,E,0.0335,2819.19,9965.75,47.67842345,-122.2464505
3998236,2026-05-31T10:41:21,209.65,0.043,F,2828.7,9932.68,47.67842318,-122.24645072,E,0.0321,2819.17,9965.72,47.67842318,-122.24645072
3999323,2026-05-31T10:41:22,227.86,0.03,F,2828.67,9932.68,47.67842303,-122.24645096,E,0.0224,2819.15,9965.7,47.67842303,-122.24645096
4000393,2026-05-31T10:41:23,233.7,0.021,F,2828.65,9932.68,47.67842294,-122.24645114,E,0.0157,2819.14,9965.69,47.67842294,-122.24645114
4001462,2026-05-31T10:41:24,230.09,0.015,F,2828.63,9932.68,47.67842287,-122.24645126,E,0.0112,2819.13,9965.69,47.67842287,-122.24645126
4002524,2026-05-31T10:41:25,227.04,0.024,F,2828.61,9932.68,47.67842276,-122.24645145,E,0.0179,2819.12,9965.67,47.67842276,-122.24645145
4003613,2026-05-31T10:41:26,231.79,0.017,F,2828.59,9932.68,47.67842268,-122.24645159,E,0.0127,2819.11,9965.66,47.67842268,-122.24645159
4004691,2026-05-31T10:41:28,217.62,0.012,F,2828.58,9932.68,47.67842261,-122.24645167,E,0.0089,2819.1,9965.66,47.67842261,-122.24645167
4005744,2026-05-31T10:41:29,213.36,0.008,F,2828.58,9932.68,47.67842256,-122.24645172,E,0.006,2819.1,9965.65,47.67842256,-122.24645172
4006813,2026-05-31T10:41:30,211.03,0.006,F,2828.58,9932.68,47.67842253,-122.24645175,E,0.0045,2819.09,9965.65,47.67842253,-122.24645175
4007892,2026-05-31T10:41:31,210.57,0.004,F,2828.58,9932.68,47.6784225,-122.24645177,E,0.003,2819.09,9965.64,47.6784225,-122.24645177
4008971,2026-05-31T10:41:32,208.7,0.003,F,2828.58,9932.68,47.67842248,-122.24645179,E,0.0022,2819.09,9965.64,47.67842248,-122.24645179
4010043,2026-05-31T10:41:33,202.41,0.002,F,2828.58,9932.68,47.67842247,-122.2464518,E,0.0015,2819.09,9965.64,47.67842247,-122.2464518
4011122,2026-05-31T10:41:34,195.62,0.018,F,2828.58,9932.68,47.67842234,-122.24645185,E,0.0134,2819.09,9965.63,47.67842234,-122.24645185
4012187,2026-05-31T10:41:35,193.54,0.012,F,2828.58,9932.68,47.67842226,-122.24645188,E,0.0089,2819.09,9965.62,47.67842226,-122.24645188
4013265,2026-05-31T10:41:36,192.97,0.009,F,2828.58,9932.68,47.6784222,-122.2464519,E,0.0067,2819.08,9965.61,47.6784222,-122.2464519
4014334,2026-05-31T10:41:37,188.87,0.006,F,2828.58,9932.68,47.67842216,-122.24645191,E,0.0045,2819.08,9965.61,47.67842216,-122.24645191
4015406,2026-05-31T10:41:38,186.05,0.02,F,2828.58,9932.68,47.67842201,-122.24645193,E,0.0149,2819.08,9965.59,47.67842201,-122.24645193
4016485,2026-05-31T10:41:39,189.64,0.028,F,2828.58,9932.67,47.67842181,-122.24645198,E,0.0209,2819.08,9965.57,47.67842181,-122.24645198
4017564,2026-05-31T10:41:40,188,0.019,F,2828.58,9932.67,47.67842168,-122.24645201,E,0.0142,2819.08,9965.55,47.67842168,-122.24645201
4018652,2026-05-31T10:41:42,187.55,0.029,F,2828.58,9932.67,47.67842147,-122.24645205,E,0.0216,2819.07,9965.53,47.67842147,-122.24645205
4019722,2026-05-31T10:41:43,195.29,0.02,F,2828.58,9932.67,47.67842133,-122.24645211,E,0.0149,2819.07,9965.51,47.67842133,-122.24645211
4020850,2026-05-31T10:41:44,200,0.014,F,2828.58,9932.66,47.67842123,-122.24645216,E,0.0104,2819.06,9965.5,47.67842123,-122.24645216
4021920,2026-05-31T10:41:45,201.57,0.025,F,2828.58,9932.66,47.67842106,-122.24645226,E,0.0186,2819.06,9965.48,47.67842106,-122.24645226
4022999,2026-05-31T10:41:46,207.12,0.029,F,2828.56,9932.65,47.67842088,-122.2464524,E,0.0216,2819.05,9965.46,47.67842088,-122.2464524
4024069,2026-05-31T10:41:47,205.96,0.021,F,2828.55,9932.65,47.67842074,-122.2464525,E,0.0157,2819.04,9965.45,47.67842074,-122.2464525
4025149,2026-05-31T10:41:48,210.62,0.014,F,2828.55,9932.65,47.67842065,-122.24645258,E,0.0104,2819.03,9965.44,47.67842065,-122.24645258
4026219,2026-05-31T10:41:49,209.29,0.01,F,2828.55,9932.65,47.67842059,-122.24645263,E,0.0075,2819.03,9965.43,47.67842059,-122.24645263
4027280,2026-05-31T10:41:50,204.75,0.007,F,2828.55,9932.65,47.67842055,-122.24645266,E,0.0052,2819.03,9965.43,47.67842055,-122.24645266
4028367,2026-05-31T10:41:51,201.74,0.005,F,2828.55,9932.65,47.67842051,-122.24645268,E,0.0037,2819.03,9965.42,47.67842051,-122.24645268
4029445,2026-05-31T10:41:52,205.2,0.003,F,2828.55,9932.65,47.67842049,-122.24645269,E,0.0022,2819.02,9965.42,47.67842049,-122.24645269
4030507,2026-05-31T10:41:53,209.82,0.002,F,2828.55,9932.65,47.67842048,-122.2464527,E,0.0015,2819.02,9965.42,47.67842048,-122.2464527
4031595,2026-05-31T10:41:54,211.92,0.002,F,2828.55,9932.65,47.67842047,-122.24645271,E,0.0015,2819.02,9965.42,47.67842047,-122.24645271
4032674,2026-05-31T10:41:56,219.41,0.001,F,2828.55,9932.65,47.67842046,-122.24645272,E,0.0007,2819.02,9965.42,47.67842046,-122.24645272
4033744,2026-05-31T10:41:57,214.49,0.001,F,2828.55,9932.65,47.67842046,-122.24645273,E,0.0007,2819.02,9965.42,47.67842046,-122.24645273
4034822,2026-05-31T10:41:58,207.22,0.001,F,2828.55,9932.65,47.67842045,-122.24645273,E,0.0007,2819.02,9965.42,47.67842045,-122.24645273
4035901,2026-05-31T10:41:59,204.83,0,F,2828.55,9932.65,47.67842045,-122.24645273,E,0,2819.02,9965.42,47.67842045,-122.24645273
4036981,2026-05-31T10:42:00,208.3,0,F,2828.55,9932.65,47.67842045,-122.24645273,E,0,2819.02,9965.42,47.67842045,-122.24645273
4038060,2026-05-31T10:42:01,207.59,0,F,2828.55,9932.65,47.67842045,-122.24645273,E,0,2819.02,9965.42,47.67842045,-122.24645273
4039120,2026-05-31T10:42:02,210.77,0,F,2828.55,9932.65,47.67842045,-122.24645273,E,0,2819.02,9965.42,47.67842045,-122.24645273
4040200,2026-05-31T10:42:03,218.56,0.03,F,2828.54,9932.65,47.67842028,-122.24645293,E,0.0224,2819.01,9965.4,47.67842028,-122.24645293
4041279,2026-05-31T10:42:04,210.39,0.033,F,2828.52,9932.64,47.67842008,-122.24645311,E,0.0246,2818.99,9965.37,47.67842008,-122.24645311
4042357,2026-05-31T10:42:05,216.08,0.023,F,2828.49,9932.64,47.67841994,-122.24645326,E,0.0171,2818.98,9965.36,47.67841994,-122.24645326
4043445,2026-05-31T10:42:06,216.66,0.016,F,2828.48,9932.64,47.67841985,-122.24645336,E,0.0119,2818.97,9965.35,47.67841985,-122.24645336
4044533,2026-05-31T10:42:07,216.7,0.011,F,2828.48,9932.64,47.67841978,-122.24645343,E,0.0082,2818.97,9965.34,47.67841978,-122.24645343
4045611,2026-05-31T10:42:08,220.74,0.021,F,2828.46,9932.64,47.67841967,-122.24645358,E,0.0157,2818.96,9965.33,47.67841967,-122.24645358
4046681,2026-05-31T10:42:10,226.78,0.015,F,2828.45,9932.64,47.6784196,-122.24645369,E,0.0112,2818.95,9965.32,47.6784196,-122.24645369
4047751,2026-05-31T10:42:11,226.42,0.01,F,2828.45,9932.64,47.67841955,-122.24645377,E,0.0075,2818.94,9965.32,47.67841955,-122.24645377
4048822,2026-05-31T10:42:12,247.85,0.022,F,2828.44,9932.64,47.67841949,-122.24645399,E,0.0164,2818.93,9965.31,47.67841949,-122.24645399
4049893,2026-05-31T10:42:13,266.89,0.028,F,2828.42,9932.64,47.67841948,-122.24645428,E,0.0209,2818.9,9965.31,47.67841948,-122.24645428
4050979,2026-05-31T10:42:14,231.62,0.034,F,2828.39,9932.64,47.67841932,-122.24645457,E,0.0253,2818.88,9965.29,47.67841932,-122.24645457
4052057,2026-05-31T10:42:15,235.26,0.035,F,2828.36,9932.63,47.67841918,-122.24645488,E,0.0261,2818.86,9965.27,47.67841918,-122.24645488
4053136,2026-05-31T10:42:16,245.77,0.025,F,2828.33,9932.63,47.6784191,-122.24645512,E,0.0186,2818.84,9965.27,47.6784191,-122.24645512
4054216,2026-05-31T10:42:17,249.36,0.017,F,2828.31,9932.63,47.67841906,-122.24645529,E,0.0127,2818.83,9965.26,47.67841906,-122.24645529
4055289,2026-05-31T10:42:18,259.13,0.012,F,2828.29,9932.63,47.67841904,-122.24645542,E,0.0089,2818.82,9965.26,47.67841904,-122.24645542
4056369,2026-05-31T10:42:19,264.07,0.038,F,2828.27,9932.63,47.67841902,-122.24645582,E,0.0283,2818.79,9965.26,47.67841902,-122.24645582
4057455,2026-05-31T10:42:20,267.46,0.026,F,2828.24,9932.63,47.67841901,-122.2464561,E,0.0194,2818.77,9965.26,47.67841901,-122.2464561
4058533,2026-05-31T10:42:21,313.37,0.018,F,2828.21,9932.63,47.6784191,-122.24645624,E,0.0134,2818.76,9965.27,47.6784191,-122.24645624
4059613,2026-05-31T10:42:22,297.28,0.013,F,2828.21,9932.63,47.67841914,-122.24645637,E,0.0097,2818.75,9965.27,47.67841914,-122.24645637
4060684,2026-05-31T10:42:24,250.91,0.009,F,2828.2,9932.63,47.67841912,-122.24645646,E,0.0067,2818.74,9965.27,47.67841912,-122.24645646
4061754,2026-05-31T10:42:25,232.95,0.035,F,2828.19,9932.63,47.67841897,-122.24645676,E,0.0261,2818.72,9965.25,47.67841897,-122.24645676
4062824,2026-05-31T10:42:26,230.3,0.025,F,2828.16,9932.63,47.67841885,-122.24645696,E,0.0186,2818.7,9965.24,47.67841885,-122.24645696
4063887,2026-05-31T10:42:27,233.51,0.017,F,2828.14,9932.63,47.67841878,-122.2464571,E,0.0127,2818.69,9965.23,47.67841878,-122.2464571
4064967,2026-05-31T10:42:28,236.5,0.012,F,2828.12,9932.63,47.67841873,-122.24645721,E,0.0089,2818.68,9965.23,47.67841873,-122.24645721
4066046,2026-05-31T10:42:29,250.44,0.008,F,2828.12,9932.63,47.67841871,-122.24645729,E,0.006,2818.68,9965.22,47.67841871,-122.24645729
4067134,2026-05-31T10:42:30,251.65,0.006,F,2828.12,9932.63,47.6784187,-122.24645735,E,0.0045,2818.67,9965.22,47.6784187,-122.24645735
4068203,2026-05-31T10:42:31,256.27,0.004,F,2828.12,9932.63,47.67841869,-122.2464574,E,0.003,2818.67,9965.22,47.67841869,-122.2464574
4069274,2026-05-31T10:42:32,248.5,0.018,F,2828.11,9932.63,47.67841865,-122.24645757,E,0.0134,2818.66,9965.22,47.67841865,-122.24645757
4070362,2026-05-31T10:42:33,243.61,0.012,F,2828.1,9932.63,47.67841861,-122.24645769,E,0.0089,2818.65,9965.21,47.67841861,-122.24645769
4071431,2026-05-31T10:42:34,247.73,0.009,F,2828.09,9932.63,47.67841858,-122.24645778,E,0.0067,2818.64,9965.21,47.67841858,-122.24645778
4072509,2026-05-31T10:42:35,241.49,0.006,F,2828.09,9932.63,47.67841856,-122.24645783,E,0.0045,2818.64,9965.21,47.67841856,-122.24645783
4073578,2026-05-31T10:42:36,249.22,0.004,F,2828.09,9932.63,47.67841855,-122.24645787,E,0.003,2818.64,9965.21,47.67841855,-122.24645787
4074640,2026-05-31T10:42:38,255.91,0.003,F,2828.09,9932.63,47.67841855,-122.2464579,E,0.0022,2818.63,9965.2,47.67841855,-122.2464579
4075704,2026-05-31T10:42:39,274.82,0.002,F,2828.09,9932.63,47.67841855,-122.24645793,E,0.0015,2818.63,9965.2,47.67841855,-122.24645793
4076784,2026-05-31T10:42:40,297.86,0.001,F,2828.09,9932.63,47.67841855,-122.24645794,E,0.0007,2818.63,9965.21,47.67841855,-122.24645794
4077863,2026-05-31T10:42:41,282.91,0.001,F,2828.09,9932.63,47.67841855,-122.24645795,E,0.0007,2818.63,9965.21,47.67841855,-122.24645795
4078952,2026-05-31T10:42:42,257.74,0.001,F,2828.09,9932.63,47.67841855,-122.24645796,E,0.0007,2818.63,9965.21,47.67841855,-122.24645796
4080023,2026-05-31T10:42:43,253.52,0,F,2828.09,9932.63,47.67841855,-122.24645796,E,0,2818.63,9965.21,47.67841855,-122.24645796
4081097,2026-05-31T10:42:44,239.4,0,F,2828.09,9932.63,47.67841855,-122.24645796,E,0,2818.63,9965.21,47.67841855,-122.24645796
4082171,2026-05-31T10:42:45,236.09,0,F,2828.09,9932.63,47.67841855,-122.24645796,E,0,2818.63,9965.21,47.67841855,-122.24645796
4083251,2026-05-31T10:42:46,250.52,0,F,2828.09,9932.63,47.67841855,-122.24645796,E,0,2818.63,9965.21,47.67841855,-122.24645796
4084330,2026-05-31T10:42:47,276.75,0,F,2828.09,9932.63,47.67841855,-122.24645796,E,0,2818.63,9965.21,47.67841855,-122.24645796
4085408,2026-05-31T10:42:48,326.17,0.046,F,2828.09,9932.63,47.67841883,-122.24645823,E,0.0343,2818.61,9965.24,47.67841883,-122.24645823
4086477,2026-05-31T10:42:49,337.69,0.045,F,2828.06,9932.68,47.67841913,-122.24645841,E,0.0335,2818.59,9965.27,47.67841913,-122.24645841
4087555,2026-05-31T10:42:50,314.8,0.031,F,2828.04,9932.69,47.67841928,-122.24645865,E,0.0231,2818.58,9965.29,47.67841928,-122.24645865
4088615,2026-05-31T10:42:51,283.19,0.022,F,2828.01,9932.69,47.67841932,-122.24645887,E,0.0164,2818.56,9965.29,47.67841932,-122.24645887
4089694,2026-05-31T10:42:53,266.12,0.015,F,2827.99,9932.69,47.67841931,-122.24645903,E,0.0112,2818.55,9965.29,47.67841931,-122.24645903
4090765,2026-05-31T10:42:54,276.08,0.011,F,2827.97,9932.69,47.67841932,-122.24645915,E,0.0082,2818.54,9965.29,47.67841932,-122.24645915
4091835,2026-05-31T10:42:55,266.97,0.008,F,2827.97,9932.69,47.67841932,-122.24645923,E,0.006,2818.53,9965.29,47.67841932,-122.24645923
4092906,2026-05-31T10:42:56,244.03,0.005,F,2827.97,9932.69,47.6784193,-122.24645928,E,0.0037,2818.53,9965.29,47.6784193,-122.24645928
4093994,2026-05-31T10:42:57,237.4,0.004,F,2827.97,9932.69,47.67841928,-122.24645932,E,0.003,2818.53,9965.29,47.67841928,-122.24645932
4095073,2026-05-31T10:42:58,239.15,0.003,F,2827.97,9932.69,47.67841927,-122.24645935,E,0.0022,2818.52,9965.29,47.67841927,-122.24645935
4096144,2026-05-31T10:42:59,249.07,0.002,F,2827.97,9932.69,47.67841927,-122.24645937,E,0.0015,2818.52,9965.28,47.67841927,-122.24645937
4097222,2026-05-31T10:43:00,247.54,0.001,F,2827.97,9932.69,47.67841927,-122.24645938,E,0.0007,2818.52,9965.28,47.67841927,-122.24645938
4098300,2026-05-31T10:43:01,236.84,0.001,F,2827.97,9932.69,47.67841926,-122.24645938,E,0.0007,2818.52,9965.28,47.67841926,-122.24645938
4099379,2026-05-31T10:43:02,228.3,0.001,F,2827.97,9932.69,47.67841926,-122.24645939,E,0.0007,2818.52,9965.28,47.67841926,-122.24645939
4100449,2026-05-31T10:43:03,224.05,0,F,2827.97,9932.69,47.67841926,-122.24645939,E,0,2818.52,9965.28,47.67841926,-122.24645939
4101518,2026-05-31T10:43:04,225.15,0,F,2827.97,9932.69,47.67841926,-122.24645939,E,0,2818.52,9965.28,47.67841926,-122.24645939
4102596,2026-05-31T10:43:05,231.8,0,F,2827.97,9932.69,47.67841926,-122.24645939,E,0,2818.52,9965.28,47.67841926,-122.24645939
4103669,2026-05-31T10:43:07,230.74,0,F,2827.97,9932.69,47.67841926,-122.24645939,E,0,2818.52,9965.28,47.67841926,-122.24645939
4104748,2026-05-31T10:43:08,229.03,0,F,2827.97,9932.69,47.67841926,-122.24645939,E,0,2818.52,9965.28,47.67841926,-122.24645939
4105819,2026-05-31T10:43:09,218.69,0,F,2827.97,9932.69,47.67841926,-122.24645939,E,0,2818.52,9965.28,47.67841926,-122.24645939
4106888,2026-05-31T10:43:10,220.17,0,F,2827.97,9932.69,47.67841926,-122.24645939,E,0,2818.52,9965.28,47.67841926,-122.24645939
4107959,2026-05-31T10:43:11,220.8,0,F,2827.97,9932.69,47.67841926,-122.24645939,E,0,2818.52,9965.28,47.67841926,-122.24645939
4109038,2026-05-31T10:43:12,220.49,0,F,2827.97,9932.69,47.67841926,-122.24645939,E,0,2818.52,9965.28,47.67841926,-122.24645939
4110116,2026-05-31T10:43:13,217.56,0,F,2827.97,9932.69,47.67841926,-122.24645939,E,0,2818.52,9965.28,47.67841926,-122.24645939
4111196,2026-05-31T10:43:14,214.13,0,F,2827.97,9932.69,47.67841926,-122.24645939,E,0,2818.52,9965.28,47.67841926,-122.24645939
4112274,2026-05-31T10:43:15,214.68,0,F,2827.97,9932.69,47.67841926,-122.24645939,E,0,2818.52,9965.28,47.67841926,-122.24645939
4113352,2026-05-31T10:43:16,215.85,0,F,2827.97,9932.69,47.67841926,-122.24645939,E,0,2818.52,9965.28,47.67841926,-122.24645939
4114431,2026-05-31T10:43:17,218.54,0,F,2827.97,9932.69,47.67841926,-122.24645939,E,0,2818.52,9965.28,47.67841926,-122.24645939
4115510,2026-05-31T10:43:18,221.14,0,F,2827.97,9932.69,47.67841926,-122.24645939,E,0,2818.52,9965.28,47.67841926,-122.24645939
4116582,2026-05-31T10:43:19,223.85,0,F,2827.97,9932.69,47.67841926,-122.24645939,E,0,2818.52,9965.28,47.67841926,-122.24645939
4117669,2026-05-31T10:43:21,224.17,0,F,2827.97,9932.69,47.67841926,-122.24645939,E,0,2818.52,9965.28,47.67841926,-122.24645939
4118747,2026-05-31T10:43:22,219.78,0,F,2827.97,9932.69,47.67841926,-122.24645939,E,0,2818.52,9965.28,47.67841926,-122.24645939
4119816,2026-05-31T10:43:23,218.7,0,F,2827.97,9932.69,47.67841926,-122.24645939,E,0,2818.52,9965.28,47.67841926,-122.24645939
4120887,2026-05-31T10:43:24,215.7,0,F,2827.97,9932.69,47.67841926,-122.24645939,E,0,2818.52,9965.28,47.67841926,-122.24645939
4121968,2026-05-31T10:43:25,225.45,0,F,2827.97,9932.69,47.67841926,-122.24645939,E,0,2818.52,9965.28,47.67841926,-122.24645939
4123020,2026-05-31T10:43:26,226.69,0,F,2827.97,9932.69,47.67841926,-122.24645939,E,0,2818.52,9965.28,47.67841926,-122.24645939
4124099,2026-05-31T10:43:27,228.04,0,F,2827.97,9932.69,47.67841926,-122.24645939,E,0,2818.52,9965.28,47.67841926,-122.24645939
4125171,2026-05-31T10:43:28,227.84,0,F,2827.97,9932.69,47.67841926,-122.24645939,E,0,2818.52,9965.28,47.67841926,-122.24645939
4126241,2026-05-31T10:43:29,229.35,0,F,2827.97,9932.69,47.67841926,-122.24645939,E,0,2818.52,9965.28,47.67841926,-122.24645939
4127311,2026-05-31T10:43:30,235.67,0,F,2827.97,9932.69,47.67841926,-122.24645939,E,0,2818.52,9965.28,47.67841926,-122.24645939
4128380,2026-05-31T10:43:31,248.6,0,F,2827.97,9932.69,47.67841926,-122.24645939,E,0,2818.52,9965.28,47.67841926,-122.24645939
4129450,2026-05-31T10:43:32,249.55,0,F,2827.97,9932.69,47.67841926,-122.24645939,E,0,2818.52,9965.28,47.67841926,-122.24645939
4130530,2026-05-31T10:43:33,234.87,0,F,2827.97,9932.69,47.67841926,-122.24645939,E,0,2818.52,9965.28,47.67841926,-122.24645939
4131599,2026-05-31T10:43:34,231.13,0,F,2827.97,9932.69,47.67841926,-122.24645939,E,0,2818.52,9965.28,47.67841926,-122.24645939
4132677,2026-05-31T10:43:36,225.55,0,F,2827.97,9932.69,47.67841926,-122.24645939,E,0,2818.52,9965.28,47.67841926,-122.24645939
4133747,2026-05-31T10:43:37,220.21,0,F,2827.97,9932.69,47.67841926,-122.24645939,E,0,2818.52,9965.28,47.67841926,-122.24645939
4134808,2026-05-31T10:43:38,215.45,0,F,2827.97,9932.69,47.67841926,-122.24645939,E,0,2818.52,9965.28,47.67841926,-122.24645939
4135871,2026-05-31T10:43:39,215.12,0,F,2827.97,9932.69,47.67841926,-122.24645939,E,0,2818.52,9965.28,47.67841926,-122.24645939
4136942,2026-05-31T10:43:40,215.6,0,F,2827.97,9932.69,47.67841926,-122.24645939,E,0,2818.52,9965.28,47.67841926,-122.24645939
4138011,2026-05-31T10:43:41,213.8,0,F,2827.97,9932.69,47.67841926,-122.24645939,E,0,2818.52,9965.28,47.67841926,-122.24645939
4139089,2026-05-31T10:43:42,215.19,0,F,2827.97,9932.69,47.67841926,-122.24645939,E,0,2818.52,9965.28,47.67841926,-122.24645939
4140168,2026-05-31T10:43:43,216.8,0,F,2827.97,9932.69,47.67841926,-122.24645939,E,0,2818.52,9965.28,47.67841926,-122.24645939
4141228,2026-05-31T10:43:44,215.12,0,F,2827.97,9932.69,47.67841926,-122.24645939,E,0,2818.52,9965.28,47.67841926,-122.24645939
4142293,2026-05-31T10:43:45,214.27,0.015,F,2827.97,9932.69,47.67841917,-122.24645948,E,0.0112,2818.51,9965.27,47.67841917,-122.24645948
4143356,2026-05-31T10:43:46,213.5,0.011,F,2827.96,9932.69,47.6784191,-122.24645955,E,0.0082,2818.51,9965.27,47.6784191,-122.24645955
4144434,2026-05-31T10:43:47,212.97,0.007,F,2827.96,9932.69,47.67841906,-122.24645959,E,0.0052,2818.51,9965.26,47.67841906,-122.24645959
4145513,2026-05-31T10:43:48,211.94,0.005,F,2827.96,9932.69,47.67841903,-122.24645962,E,0.0037,2818.5,9965.26,47.67841903,-122.24645962
4146583,2026-05-31T10:43:49,211.57,0.004,F,2827.96,9932.69,47.67841901,-122.24645964,E,0.003,2818.5,9965.26,47.67841901,-122.24645964
4147661,2026-05-31T10:43:51,213.07,0.003,F,2827.96,9932.69,47.67841899,-122.24645966,E,0.0022,2818.5,9965.25,47.67841899,-122.24645966
4148742,2026-05-31T10:43:52,213.07,0.002,F,2827.96,9932.69,47.67841898,-122.24645967,E,0.0015,2818.5,9965.25,47.67841898,-122.24645967
4149809,2026-05-31T10:43:53,213.52,0.001,F,2827.96,9932.69,47.67841897,-122.24645967,E,0.0007,2818.5,9965.25,47.67841897,-122.24645967
4150888,2026-05-31T10:43:54,213.16,0.001,F,2827.96,9932.69,47.67841896,-122.24645968,E,0.0007,2818.5,9965.25,47.67841896,-122.24645968
4151967,2026-05-31T10:43:55,216.27,0.001,F,2827.96,9932.69,47.67841896,-122.24645968,E,0.0007,2818.5,9965.25,47.67841896,-122.24645968
4153046,2026-05-31T10:43:56,217.61,0,F,2827.96,9932.69,47.67841896,-122.24645968,E,0,2818.5,9965.25,47.67841896,-122.24645968
4154125,2026-05-31T10:43:57,219.66,0,F,2827.96,9932.69,47.67841896,-122.24645968,E,0,2818.5,9965.25,47.67841896,-122.24645968
4155195,2026-05-31T10:43:58,221.44,0,F,2827.96,9932.69,47.67841896,-122.24645968,E,0,2818.5,9965.25,47.67841896,-122.24645968
4156283,2026-05-31T10:43:59,220.73,0,F,2827.96,9932.69,47.67841896,-122.24645968,E,0,2818.5,9965.25,47.67841896,-122.24645968
4157362,2026-05-31T10:44:00,218.93,0,F,2827.96,9932.69,47.67841896,-122.24645968,E,0,2818.5,9965.25,47.67841896,-122.24645968
4158441,2026-05-31T10:44:01,218.97,0,F,2827.96,9932.69,47.67841896,-122.24645968,E,0,2818.5,9965.25,47.67841896,-122.24645968
4159502,2026-05-31T10:44:02,218.53,0,F,2827.96,9932.69,47.67841896,-122.24645968,E,0,2818.5,9965.25,47.67841896,-122.24645968
4160581,2026-05-31T10:44:03,217.01,0,F,2827.96,9932.69,47.67841896,-122.24645968,E,0,2818.5,9965.25,47.67841896,-122.24645968
4161642,2026-05-31T10:44:05,218.31,0,F,2827.96,9932.69,47.67841896,-122.24645968,E,0,2818.5,9965.25,47.67841896,-122.24645968
4162731,2026-05-31T10:44:06,214.94,0,F,2827.96,9932.69,47.67841896,-122.24645968,E,0,2818.5,9965.25,47.67841896,-122.24645968
4163817,2026-05-31T10:44:07,212.63,0,F,2827.96,9932.69,47.67841896,-122.24645968,E,0,2818.5,9965.25,47.67841896,-122.24645968
4164897,2026-05-31T10:44:08,212.1,0,F,2827.96,9932.69,47.67841896,-122.24645968,E,0,2818.5,9965.25,47.67841896,-122.24645968
4165970,2026-05-31T10:44:09,214.48,0.013,F,2827.96,9932.69,47.67841888,-122.24645976,E,0.0097,2818.49,9965.24,47.67841888,-122.24645976
4167050,2026-05-31T10:44:10,216.25,0.009,F,2827.96,9932.69,47.67841883,-122.24645982,E,0.0067,2818.49,9965.24,47.67841883,-122.24645982
4168129,2026-05-31T10:44:11,219.37,0.006,F,2827.96,9932.69,47.67841879,-122.24645986,E,0.0045,2818.49,9965.23,47.67841879,-122.24645986
4169217,2026-05-31T10:44:12,221.59,0.004,F,2827.96,9932.69,47.67841877,-122.24645989,E,0.003,2818.48,9965.23,47.67841877,-122.24645989
4170296,2026-05-31T10:44:13,221.74,0.003,F,2827.96,9932.69,47.67841876,-122.24645991,E,0.0022,2818.48,9965.23,47.67841876,-122.24645991
4171384,2026-05-31T10:44:14,222.6,0.002,F,2827.96,9932.69,47.67841875,-122.24645993,E,0.0015,2818.48,9965.23,47.67841875,-122.24645993
4172463,2026-05-31T10:44:15,218.24,0.001,F,2827.96,9932.69,47.67841874,-122.24645993,E,0.0007,2818.48,9965.23,47.67841874,-122.24645993
4173536,2026-05-31T10:44:16,215.3,0.001,F,2827.96,9932.69,47.67841873,-122.24645994,E,0.0007,2818.48,9965.23,47.67841873,-122.24645994
4174607,2026-05-31T10:44:17,206.72,0.001,F,2827.96,9932.69,47.67841873,-122.24645994,E,0.0007,2818.48,9965.22,47.67841873,-122.24645994
4175677,2026-05-31T10:44:19,206.39,0.001,F,2827.96,9932.69,47.67841872,-122.24645995,E,0.0007,2818.48,9965.22,47.67841872,-122.24645995
4176757,2026-05-31T10:44:20,213.34,0.029,F,2827.95,9932.69,47.67841855,-122.24646012,E,0.0216,2818.47,9965.2,47.67841855,-122.24646012
4177826,2026-05-31T10:44:21,222.98,0.032,F,2827.93,9932.68,47.67841838,-122.24646035,E,0.0239,2818.45,9965.19,47.67841838,-122.24646035
4178900,2026-05-31T10:44:22,228.05,0.022,F,2827.9,9932.68,47.67841827,-122.24646053,E,0.0164,2818.44,9965.17,47.67841827,-122.24646053
4179952,2026-05-31T10:44:23,220.49,0.016,F,2827.89,9932.68,47.67841819,-122.24646063,E,0.0119,2818.43,9965.16,47.67841819,-122.24646063
4181041,2026-05-31T10:44:24,211.34,0.011,F,2827.88,9932.68,47.67841812,-122.2464607,E,0.0082,2818.42,9965.16,47.67841812,-122.2464607
4182120,2026-05-31T10:44:25,206.85,0.008,F,2827.88,9932.68,47.67841807,-122.24646073,E,0.006,2818.42,9965.15,47.67841807,-122.24646073
4183190,2026-05-31T10:44:26,205.06,0.005,F,2827.88,9932.68,47.67841803,-122.24646076,E,0.0037,2818.42,9965.15,47.67841803,-122.24646076
4184244,2026-05-31T10:44:27,205.57,0.004,F,2827.88,9932.68,47.67841801,-122.24646077,E,0.003,2818.42,9965.14,47.67841801,-122.24646077
4185326,2026-05-31T10:44:28,206.78,0.003,F,2827.88,9932.68,47.67841799,-122.24646079,E,0.0022,2818.42,9965.14,47.67841799,-122.24646079
4186405,2026-05-31T10:44:29,205.73,0.002,F,2827.88,9932.68,47.67841798,-122.2464608,E,0.0015,2818.42,9965.14,47.67841798,-122.2464608
4187495,2026-05-31T10:44:30,208.77,0.001,F,2827.88,9932.68,47.67841797,-122.2464608,E,0.0007,2818.42,9965.14,47.67841797,-122.2464608
4188574,2026-05-31T10:44:31,213.22,0.001,F,2827.88,9932.68,47.67841796,-122.24646081,E,0.0007,2818.41,9965.14,47.67841796,-122.24646081
4189656,2026-05-31T10:44:33,208.15,0.001,F,2827.88,9932.68,47.67841796,-122.24646081,E,0.0007,2818.41,9965.14,47.67841796,-122.24646081
4190735,2026-05-31T10:44:34,203.23,0.013,F,2827.88,9932.68,47.67841787,-122.24646087,E,0.0097,2818.41,9965.13,47.67841787,-122.24646087
4191808,2026-05-31T10:44:35,205.04,0.009,F,2827.88,9932.68,47.67841781,-122.24646091,E,0.0067,2818.41,9965.12,47.67841781,-122.24646091
4192895,2026-05-31T10:44:36,209.78,0.007,F,2827.88,9932.68,47.67841777,-122.24646095,E,0.0052,2818.4,9965.12,47.67841777,-122.24646095
4193975,2026-05-31T10:44:37,211.6,0.021,F,2827.88,9932.68,47.67841764,-122.24646107,E,0.0157,2818.4,9965.1,47.67841764,-122.24646107
4195037,2026-05-31T10:44:38,208.78,0.015,F,2827.88,9932.68,47.67841755,-122.24646114,E,0.0112,2818.39,9965.09,47.67841755,-122.24646114
4196109,2026-05-31T10:44:39,207.74,0.01,F,2827.88,9932.68,47.67841748,-122.24646119,E,0.0075,2818.39,9965.09,47.67841748,-122.24646119
4197163,2026-05-31T10:44:40,208.63,0.007,F,2827.88,9932.68,47.67841744,-122.24646123,E,0.0052,2818.38,9965.08,47.67841744,-122.24646123
4198234,2026-05-31T10:44:41,212.53,0.005,F,2827.88,9932.68,47.67841741,-122.24646126,E,0.0037,2818.38,9965.08,47.67841741,-122.24646126
4199305,2026-05-31T10:44:42,212.28,0.004,F,2827.88,9932.68,47.67841738,-122.24646128,E,0.003,2818.38,9965.08,47.67841738,-122.24646128
4200384,2026-05-31T10:44:43,215.82,0.002,F,2827.88,9932.68,47.67841737,-122.24646129,E,0.0015,2818.38,9965.07,47.67841737,-122.24646129
4201479,2026-05-31T10:44:44,221.22,0.002,F,2827.88,9932.68,47.67841736,-122.2464613,E,0.0015,2818.38,9965.07,47.67841736,-122.2464613
4202550,2026-05-31T10:44:45,216.93,0.001,F,2827.88,9932.68,47.67841736,-122.24646131,E,0.0007,2818.38,9965.07,47.67841736,-122.24646131
4203611,2026-05-31T10:44:46,212.11,0.001,F,2827.88,9932.68,47.67841735,-122.24646132,E,0.0007,2818.38,9965.07,47.67841735,-122.24646132
4204691,2026-05-31T10:44:48,211.29,0.001,F,2827.88,9932.68,47.67841734,-122.24646132,E,0.0007,2818.38,9965.07,47.67841734,-122.24646132
4205771,2026-05-31T10:44:49,210.62,0,F,2827.88,9932.68,47.67841734,-122.24646132,E,0,2818.38,9965.07,47.67841734,-122.24646132
4206850,2026-05-31T10:44:50,211.38,0,F,2827.88,9932.68,47.67841734,-122.24646132,E,0,2818.38,9965.07,47.67841734,-122.24646132
4207928,2026-05-31T10:44:51,212.69,0,F,2827.88,9932.68,47.67841734,-122.24646132,E,0,2818.38,9965.07,47.67841734,-122.24646132
4209018,2026-05-31T10:44:52,213.6,0,F,2827.88,9932.68,47.67841734,-122.24646132,E,0,2818.38,9965.07,47.67841734,-122.24646132
4210083,2026-05-31T10:44:53,209.98,0,F,2827.88,9932.68,47.67841734,-122.24646132,E,0,2818.38,9965.07,47.67841734,-122.24646132
4211145,2026-05-31T10:44:54,207.68,0,F,2827.88,9932.68,47.67841734,-122.24646132,E,0,2818.38,9965.07,47.67841734,-122.24646132
4212218,2026-05-31T10:44:55,210.29,0,F,2827.88,9932.68,47.67841734,-122.24646132,E,0,2818.38,9965.07,47.67841734,-122.24646132
4213298,2026-05-31T10:44:56,209.46,0,F,2827.88,9932.68,47.67841734,-122.24646132,E,0,2818.38,9965.07,47.67841734,-122.24646132
4214359,2026-05-31T10:44:57,208.54,0,F,2827.88,9932.68,47.67841734,-122.24646132,E,0,2818.38,9965.07,47.67841734,-122.24646132
4215430,2026-05-31T10:44:58,207.56,0,F,2827.88,9932.68,47.67841734,-122.24646132,E,0,2818.38,9965.07,47.67841734,-122.24646132
4216484,2026-05-31T10:44:59,208.21,0,F,2827.88,9932.68,47.67841734,-122.24646132,E,0,2818.38,9965.07,47.67841734,-122.24646132
4217547,2026-05-31T10:45:00,211.64,0,F,2827.88,9932.68,47.67841734,-122.24646132,E,0,2818.38,9965.07,47.67841734,-122.24646132
4218618,2026-05-31T10:45:01,214.84,0,F,2827.88,9932.68,47.67841734,-122.24646132,E,0,2818.38,9965.07,47.67841734,-122.24646132
4219696,2026-05-31T10:45:03,216.31,0,F,2827.88,9932.68,47.67841734,-122.24646132,E,0,2818.38,9965.07,47.67841734,-122.24646132
4220767,2026-05-31T10:45:04,213.4,0,F,2827.88,9932.68,47.67841734,-122.24646132,E,0,2818.38,9965.07,47.67841734,-122.24646132
4221831,2026-05-31T10:45:05,211.87,0,F,2827.88,9932.68,47.67841734,-122.24646132,E,0,2818.38,9965.07,47.67841734,-122.24646132
4222910,2026-05-31T10:45:06,213.91,0,F,2827.88,9932.68,47.67841734,-122.24646132,E,0,2818.38,9965.07,47.67841734,-122.24646132
4223998,2026-05-31T10:45:07,213.01,0,F,2827.88,9932.68,47.67841734,-122.24646132,E,0,2818.38,9965.07,47.67841734,-122.24646132
4225058,2026-05-31T10:45:08,212.94,0,F,2827.88,9932.68,47.67841734,-122.24646132,E,0,2818.38,9965.07,47.67841734,-122.24646132
4226129,2026-05-31T10:45:09,215.49,0,F,2827.88,9932.68,47.67841734,-122.24646132,E,0,2818.38,9965.07,47.67841734,-122.24646132
4227199,2026-05-31T10:45:10,215.9,0,F,2827.88,9932.68,47.67841734,-122.24646132,E,0,2818.38,9965.07,47.67841734,-122.24646132
4228288,2026-05-31T10:45:11,218.7,0,F,2827.88,9932.68,47.67841734,-122.24646132,E,0,2818.38,9965.07,47.67841734,-122.24646132
4229366,2026-05-31T10:45:12,217.64,0,F,2827.88,9932.68,47.67841734,-122.24646132,E,0,2818.38,9965.07,47.67841734,-122.24646132
4230436,2026-05-31T10:45:13,215.46,0,F,2827.88,9932.68,47.67841734,-122.24646132,E,0,2818.38,9965.07,47.67841734,-122.24646132
4231530,2026-05-31T10:45:14,214.5,0,F,2827.88,9932.68,47.67841734,-122.24646132,E,0,2818.38,9965.07,47.67841734,-122.24646132
4232602,2026-05-31T10:45:15,214.17,0,F,2827.88,9932.68,47.67841734,-122.24646132,E,0,2818.38,9965.07,47.67841734,-122.24646132
4233681,2026-05-31T10:45:17,214.75,0,F,2827.88,9932.68,47.67841734,-122.24646132,E,0,2818.38,9965.07,47.67841734,-122.24646132
4234760,2026-05-31T10:45:18,218.09,0,F,2827.88,9932.68,47.67841734,-122.24646132,E,0,2818.38,9965.07,47.67841734,-122.24646132
4235848,2026-05-31T10:45:19,220.14,0,F,2827.88,9932.68,47.67841734,-122.24646132,E,0,2818.38,9965.07,47.67841734,-122.24646132
4236918,2026-05-31T10:45:20,221.58,0,F,2827.88,9932.68,47.67841734,-122.24646132,E,0,2818.38,9965.07,47.67841734,-122.24646132
4238005,2026-05-31T10:45:21,217.14,0,F,2827.88,9932.68,47.67841734,-122.24646132,E,0,2818.38,9965.07,47.67841734,-122.24646132
4239075,2026-05-31T10:45:22,214.77,0,F,2827.88,9932.68,47.67841734,-122.24646132,E,0,2818.38,9965.07,47.67841734,-122.24646132
4240155,2026-05-31T10:45:23,214.01,0,F,2827.88,9932.68,47.67841734,-122.24646132,E,0,2818.38,9965.07,47.67841734,-122.24646132
4241224,2026-05-31T10:45:24,213.54,0,F,2827.88,9932.68,47.67841734,-122.24646132,E,0,2818.38,9965.07,47.67841734,-122.24646132
4242293,2026-05-31T10:45:25,213.2,0,F,2827.88,9932.68,47.67841734,-122.24646132,E,0,2818.38,9965.07,47.67841734,-122.24646132
4243364,2026-05-31T10:45:26,210.79,0,F,2827.88,9932.68,47.67841734,-122.24646132,E,0,2818.38,9965.07,47.67841734,-122.24646132
4244452,2026-05-31T10:45:27,209.08,0,F,2827.88,9932.68,47.67841734,-122.24646132,E,0,2818.38,9965.07,47.67841734,-122.24646132
4245522,2026-05-31T10:45:28,207.46,0,F,2827.88,9932.68,47.67841734,-122.24646132,E,0,2818.38,9965.07,47.67841734,-122.24646132
4246591,2026-05-31T10:45:29,206.68,0.015,F,2827.88,9932.68,47.67841725,-122.24646139,E,0.0112,2818.37,9965.06,47.67841725,-122.24646139
4247679,2026-05-31T10:45:31,209.9,0.011,F,2827.88,9932.68,47.67841718,-122.24646145,E,0.0082,2818.37,9965.05,47.67841718,-122.24646145
4248750,2026-05-31T10:45:32,209.86,0.008,F,2827.88,9932.68,47.67841713,-122.2464615,E,0.006,2818.36,9965.05,47.67841713,-122.2464615
4249830,2026-05-31T10:45:33,208.1,0.021,F,2827.88,9932.68,47.67841699,-122.2464616,E,0.0157,2818.36,9965.03,47.67841699,-122.2464616
4250899,2026-05-31T10:45:34,205.36,0.027,F,2827.86,9932.68,47.67841682,-122.24646172,E,0.0201,2818.35,9965.01,47.67841682,-122.24646172
4251969,2026-05-31T10:45:35,209.29,0.033,F,2827.85,9932.67,47.67841661,-122.2464619,E,0.0246,2818.33,9964.99,47.67841661,-122.2464619
4253055,2026-05-31T10:45:36,209.84,0.023,F,2827.83,9932.67,47.67841647,-122.24646202,E,0.0171,2818.32,9964.97,47.67841647,-122.24646202
4254134,2026-05-31T10:45:37,211.05,0.016,F,2827.83,9932.67,47.67841637,-122.24646211,E,0.0119,2818.32,9964.96,47.67841637,-122.24646211
4255205,2026-05-31T10:45:38,214.21,0.011,F,2827.83,9932.67,47.6784163,-122.24646217,E,0.0082,2818.31,9964.96,47.6784163,-122.24646217
4256283,2026-05-31T10:45:39,208.73,0.008,F,2827.83,9932.67,47.67841625,-122.24646221,E,0.006,2818.31,9964.95,47.67841625,-122.24646221
4257362,2026-05-31T10:45:40,213.25,0.032,F,2827.81,9932.67,47.67841606,-122.2464624,E,0.0239,2818.3,9964.93,47.67841606,-122.2464624
4258423,2026-05-31T10:45:41,219.7,0.023,F,2827.79,9932.67,47.67841593,-122.24646256,E,0.0171,2818.28,9964.91,47.67841593,-122.24646256
4259486,2026-05-31T10:45:42,218.67,0.016,F,2827.78,9932.67,47.67841585,-122.24646266,E,0.0119,2818.28,9964.9,47.67841585,-122.24646266
4260557,2026-05-31T10:45:43,213.99,0.023,F,2827.76,9932.67,47.67841571,-122.2464628,E,0.0171,2818.27,9964.89,47.67841571,-122.2464628
4261629,2026-05-31T10:45:45,210.21,0.016,F,2827.75,9932.67,47.67841561,-122.24646289,E,0.0119,2818.26,9964.88,47.67841561,-122.24646289
4262699,2026-05-31T10:45:46,208.74,0.011,F,2827.75,9932.67,47.67841554,-122.24646294,E,0.0082,2818.25,9964.87,47.67841554,-122.24646294
4263769,2026-05-31T10:45:47,208.43,0.008,F,2827.75,9932.67,47.67841549,-122.24646298,E,0.006,2818.25,9964.86,47.67841549,-122.24646298
4264848,2026-05-31T10:45:48,210.35,0.006,F,2827.75,9932.67,47.67841545,-122.24646301,E,0.0045,2818.25,9964.86,47.67841545,-122.24646301
4265927,2026-05-31T10:45:49,210.51,0.004,F,2827.75,9932.67,47.67841543,-122.24646304,E,0.003,2818.25,9964.86,47.67841543,-122.24646304
4266998,2026-05-31T10:45:50,210.36,0.003,F,2827.75,9932.67,47.67841541,-122.24646305,E,0.0022,2818.25,9964.86,47.67841541,-122.24646305
4268086,2026-05-31T10:45:51,210.77,0.002,F,2827.75,9932.67,47.6784154,-122.24646306,E,0.0015,2818.25,9964.85,47.6784154,-122.24646306
4269163,2026-05-31T10:45:52,210.18,0.001,F,2827.75,9932.67,47.67841539,-122.24646307,E,0.0007,2818.25,9964.85,47.67841539,-122.24646307
4270234,2026-05-31T10:45:53,210.31,0.001,F,2827.75,9932.67,47.67841538,-122.24646307,E,0.0007,2818.24,9964.85,47.67841538,-122.24646307
4271304,2026-05-31T10:45:54,211.75,0.001,F,2827.75,9932.67,47.67841538,-122.24646308,E,0.0007,2818.24,9964.85,47.67841538,-122.24646308
4272384,2026-05-31T10:45:55,210.89,0,F,2827.75,9932.67,47.67841538,-122.24646308,E,0,2818.24,9964.85,47.67841538,-122.24646308
4273462,2026-05-31T10:45:56,206.95,0,F,2827.75,9932.67,47.67841538,-122.24646308,E,0,2818.24,9964.85,47.67841538,-122.24646308
4274540,2026-05-31T10:45:57,209.81,0,F,2827.75,9932.67,47.67841538,-122.24646308,E,0,2818.24,9964.85,47.67841538,-122.24646308
4275619,2026-05-31T10:45:58,210.74,0,F,2827.75,9932.67,47.67841538,-122.24646308,E,0,2818.24,9964.85,47.67841538,-122.24646308
4276699,2026-05-31T10:46:00,208.67,0.028,F,2827.74,9932.67,47.6784152,-122.24646322,E,0.0209,2818.23,9964.83,47.6784152,-122.24646322
4277771,2026-05-31T10:46:01,209.36,0.019,F,2827.73,9932.67,47.67841508,-122.24646332,E,0.0142,2818.23,9964.82,47.67841508,-122.24646332
4278844,2026-05-31T10:46:02,211.4,0.014,F,2827.73,9932.67,47.678415,-122.2464634,E,0.0104,2818.22,9964.81,47.678415,-122.2464634
4279924,2026-05-31T10:46:03,217.22,0.009,F,2827.73,9932.67,47.67841494,-122.24646346,E,0.0067,2818.22,9964.8,47.67841494,-122.24646346
4280996,2026-05-31T10:46:04,217.94,0.007,F,2827.73,9932.67,47.6784149,-122.2464635,E,0.0052,2818.21,9964.8,47.6784149,-122.2464635
4282066,2026-05-31T10:46:05,228.72,0.005,F,2827.73,9932.67,47.67841488,-122.24646354,E,0.0037,2818.21,9964.8,47.67841488,-122.24646354
4283162,2026-05-31T10:46:06,216.22,0.003,F,2827.73,9932.67,47.67841486,-122.24646356,E,0.0022,2818.21,9964.79,47.67841486,-122.24646356
4284234,2026-05-31T10:46:07,207.99,0.028,F,2827.71,9932.66,47.67841469,-122.2464637,E,0.0209,2818.2,9964.77,47.67841469,-122.2464637
4285305,2026-05-31T10:46:08,211.57,0.019,F,2827.71,9932.66,47.67841457,-122.24646381,E,0.0142,2818.19,9964.76,47.67841457,-122.24646381
4286384,2026-05-31T10:46:09,215.51,0.013,F,2827.7,9932.66,47.67841449,-122.24646389,E,0.0097,2818.18,9964.75,47.67841449,-122.24646389
4287455,2026-05-31T10:46:10,216.77,0.009,F,2827.7,9932.66,47.67841444,-122.24646395,E,0.0067,2818.18,9964.75,47.67841444,-122.24646395
4288534,2026-05-31T10:46:11,218.39,0.021,F,2827.69,9932.66,47.67841432,-122.24646409,E,0.0157,2818.17,9964.73,47.67841432,-122.24646409
4289605,2026-05-31T10:46:12,217.82,0.015,F,2827.69,9932.66,47.67841424,-122.24646419,E,0.0112,2818.16,9964.72,47.67841424,-122.24646419
4290666,2026-05-31T10:46:14,217.55,0.01,F,2827.68,9932.66,47.67841418,-122.24646425,E,0.0075,2818.16,9964.72,47.67841418,-122.24646425
4291772,2026-05-31T10:46:15,215.32,0.007,F,2827.68,9932.66,47.67841414,-122.24646429,E,0.0052,2818.15,9964.71,47.67841414,-122.24646429
4292851,2026-05-31T10:46:16,213.82,0.005,F,2827.68,9932.66,47.67841411,-122.24646432,E,0.0037,2818.15,9964.71,47.67841411,-122.24646432
4293923,2026-05-31T10:46:17,211.1,0.003,F,2827.68,9932.66,47.67841409,-122.24646434,E,0.0022,2818.15,9964.71,47.67841409,-122.24646434
4294993,2026-05-31T10:46:18,210.39,0.002,F,2827.68,9932.66,47.67841408,-122.24646435,E,0.0015,2818.15,9964.71,47.67841408,-122.24646435
4296063,2026-05-31T10:46:19,216.36,0.002,F,2827.68,9932.66,47.67841407,-122.24646436,E,0.0015,2818.15,9964.71,47.67841407,-122.24646436
4297132,2026-05-31T10:46:20,225.41,0.001,F,2827.68,9932.66,47.67841406,-122.24646437,E,0.0007,2818.15,9964.71,47.67841406,-122.24646437
4298220,2026-05-31T10:46:21,229.54,0.001,F,2827.68,9932.66,47.67841406,-122.24646438,E,0.0007,2818.15,9964.7,47.67841406,-122.24646438
4299289,2026-05-31T10:46:22,226.62,0.001,F,2827.68,9932.66,47.67841405,-122.24646439,E,0.0007,2818.15,9964.7,47.67841405,-122.24646439
4300368,2026-05-31T10:46:23,229.04,0,F,2827.68,9932.66,47.67841405,-122.24646439,E,0,2818.15,9964.7,47.67841405,-122.24646439
4301447,2026-05-31T10:46:24,234.95,0,F,2827.68,9932.66,47.67841405,-122.24646439,E,0,2818.15,9964.7,47.67841405,-122.24646439
4302516,2026-05-31T10:46:25,235.01,0,F,2827.68,9932.66,47.67841405,-122.24646439,E,0,2818.15,9964.7,47.67841405,-122.24646439
4303586,2026-05-31T10:46:26,233.42,0,F,2827.68,9932.66,47.67841405,-122.24646439,E,0,2818.15,9964.7,47.67841405,-122.24646439
4304655,2026-05-31T10:46:28,245.58,0.014,F,2827.67,9932.66,47.67841401,-122.24646452,E,0.0104,2818.14,9964.7,47.67841401,-122.24646452
4305725,2026-05-31T10:46:29,242.61,0.01,F,2827.66,9932.66,47.67841398,-122.24646462,E,0.0075,2818.13,9964.7,47.67841398,-122.24646462
4306805,2026-05-31T10:46:30,227.91,0.007,F,2827.66,9932.66,47.67841394,-122.24646467,E,0.0052,2818.12,9964.69,47.67841394,-122.24646467
4307884,2026-05-31T10:46:31,220.74,0.005,F,2827.66,9932.66,47.67841392,-122.24646471,E,0.0037,2818.12,9964.69,47.67841392,-122.24646471
4308936,2026-05-31T10:46:32,214.61,0.003,F,2827.66,9932.66,47.6784139,-122.24646473,E,0.0022,2818.12,9964.69,47.6784139,-122.24646473
4310006,2026-05-31T10:46:33,215.13,0.002,F,2827.66,9932.66,47.67841389,-122.24646474,E,0.0015,2818.12,9964.69,47.67841389,-122.24646474
4311084,2026-05-31T10:46:34,216.34,0.002,F,2827.66,9932.66,47.67841388,-122.24646475,E,0.0015,2818.12,9964.68,47.67841388,-122.24646475
4312153,2026-05-31T10:46:35,212.32,0.001,F,2827.66,9932.66,47.67841387,-122.24646476,E,0.0007,2818.12,9964.68,47.67841387,-122.24646476
4313242,2026-05-31T10:46:36,207.6,0.001,F,2827.66,9932.66,47.67841386,-122.24646476,E,0.0007,2818.12,9964.68,47.67841386,-122.24646476
4314322,2026-05-31T10:46:37,207.09,0.001,F,2827.66,9932.66,47.67841386,-122.24646477,E,0.0007,2818.12,9964.68,47.67841386,-122.24646477
4315384,2026-05-31T10:46:38,201.76,0,F,2827.66,9932.66,47.67841386,-122.24646477,E,0,2818.12,9964.68,47.67841386,-122.24646477
4316457,2026-05-31T10:46:39,203.62,0.03,F,2827.66,9932.66,47.67841366,-122.24646489,E,0.0224,2818.11,9964.66,47.67841366,-122.24646489
4317536,2026-05-31T10:46:40,200.03,0.021,F,2827.66,9932.66,47.67841352,-122.24646497,E,0.0157,2818.1,9964.64,47.67841352,-122.24646497
4318606,2026-05-31T10:46:41,200.59,0.015,F,2827.66,9932.66,47.67841342,-122.24646503,E,0.0112,2818.1,9964.63,47.67841342,-122.24646503
4319675,2026-05-31T10:46:43,208.62,0.01,F,2827.66,9932.66,47.67841335,-122.24646508,E,0.0075,2818.09,9964.63,47.67841335,-122.24646508
4320745,2026-05-31T10:46:44,211.15,0.007,F,2827.66,9932.66,47.67841331,-122.24646512,E,0.0052,2818.09,9964.62,47.67841331,-122.24646512
4321820,2026-05-31T10:46:45,207.62,0.005,F,2827.66,9932.66,47.67841328,-122.24646514,E,0.0037,2818.09,9964.62,47.67841328,-122.24646514
4322891,2026-05-31T10:46:46,203.67,0.004,F,2827.66,9932.66,47.67841325,-122.24646516,E,0.003,2818.09,9964.62,47.67841325,-122.24646516
4323944,2026-05-31T10:46:47,199.16,0.003,F,2827.66,9932.66,47.67841323,-122.24646517,E,0.0022,2818.09,9964.61,47.67841323,-122.24646517
4325004,2026-05-31T10:46:48,196.79,0.002,F,2827.66,9932.66,47.67841322,-122.24646517,E,0.0015,2818.09,9964.61,47.67841322,-122.24646517
4326084,2026-05-31T10:46:49,198.84,0.001,F,2827.66,9932.66,47.67841321,-122.24646518,E,0.0007,2818.09,9964.61,47.67841321,-122.24646518
4327154,2026-05-31T10:46:50,206.44,0.001,F,2827.66,9932.66,47.6784132,-122.24646518,E,0.0007,2818.09,9964.61,47.6784132,-122.24646518
4328224,2026-05-31T10:46:51,216.29,0.001,F,2827.66,9932.66,47.6784132,-122.24646519,E,0.0007,2818.09,9964.61,47.6784132,-122.24646519
4329301,2026-05-31T10:46:52,219.21,0,F,2827.66,9932.66,47.6784132,-122.24646519,E,0,2818.09,9964.61,47.6784132,-122.24646519
4330379,2026-05-31T10:46:53,217.11,0,F,2827.66,9932.66,47.6784132,-122.24646519,E,0,2818.09,9964.61,47.6784132,-122.24646519
4331450,2026-05-31T10:46:54,224.81,0,F,2827.66,9932.66,47.6784132,-122.24646519,E,0,2818.09,9964.61,47.6784132,-122.24646519
4332529,2026-05-31T10:46:55,233.66,0,F,2827.66,9932.66,47.6784132,-122.24646519,E,0,2818.09,9964.61,47.6784132,-122.24646519
4333608,2026-05-31T10:46:56,238.66,0,F,2827.66,9932.66,47.6784132,-122.24646519,E,0,2818.09,9964.61,47.6784132,-122.24646519
4334668,2026-05-31T10:46:58,230.97,0.015,F,2827.65,9932.66,47.67841313,-122.24646531,E,0.0112,2818.08,9964.6,47.67841313,-122.24646531
4335756,2026-05-31T10:46:59,230.66,0.01,F,2827.65,9932.66,47.67841309,-122.2464654,E,0.0075,2818.07,9964.6,47.67841309,-122.2464654
4336835,2026-05-31T10:47:00,232.98,0.007,F,2827.65,9932.66,47.67841306,-122.24646546,E,0.0052,2818.07,9964.59,47.67841306,-122.24646546
4337896,2026-05-31T10:47:01,242.56,0.005,F,2827.65,9932.66,47.67841304,-122.2464655,E,0.0037,2818.06,9964.59,47.67841304,-122.2464655
4338976,2026-05-31T10:47:02,239.29,0.003,F,2827.65,9932.66,47.67841303,-122.24646553,E,0.0022,2818.06,9964.59,47.67841303,-122.24646553
4340045,2026-05-31T10:47:03,231.18,0.002,F,2827.65,9932.66,47.67841302,-122.24646555,E,0.0015,2818.06,9964.59,47.67841302,-122.24646555
4341124,2026-05-31T10:47:04,233.9,0.002,F,2827.65,9932.66,47.67841301,-122.24646556,E,0.0015,2818.06,9964.59,47.67841301,-122.24646556
4342203,2026-05-31T10:47:05,236.39,0.001,F,2827.65,9932.66,47.67841301,-122.24646557,E,0.0007,2818.06,9964.59,47.67841301,-122.24646557
4343283,2026-05-31T10:47:06,237.9,0.001,F,2827.65,9932.66,47.678413,-122.24646558,E,0.0007,2818.06,9964.59,47.678413,-122.24646558
4344361,2026-05-31T10:47:07,245.74,0.001,F,2827.65,9932.66,47.678413,-122.24646559,E,0.0007,2818.06,9964.59,47.678413,-122.24646559
4345433,2026-05-31T10:47:08,231.36,0,F,2827.65,9932.66,47.678413,-122.24646559,E,0,2818.06,9964.59,47.678413,-122.24646559
4346499,2026-05-31T10:47:09,220.67,0,F,2827.65,9932.66,47.678413,-122.24646559,E,0,2818.06,9964.59,47.678413,-122.24646559
4347554,2026-05-31T10:47:10,221.95,0,F,2827.65,9932.66,47.678413,-122.24646559,E,0,2818.06,9964.59,47.678413,-122.24646559
4348633,2026-05-31T10:47:12,225.24,0,F,2827.65,9932.66,47.678413,-122.24646559,E,0,2818.06,9964.59,47.678413,-122.24646559
4349702,2026-05-31T10:47:13,239.78,0,F,2827.65,9932.66,47.678413,-122.24646559,E,0,2818.06,9964.59,47.678413,-122.24646559
4350775,2026-05-31T10:47:14,247.97,0,F,2827.65,9932.66,47.678413,-122.24646559,E,0,2818.06,9964.59,47.678413,-122.24646559
4351883,2026-05-31T10:47:15,253.36,0,F,2827.65,9932.66,47.678413,-122.24646559,E,0,2818.06,9964.59,47.678413,-122.24646559
4352946,2026-05-31T10:47:16,268.39,0,F,2827.65,9932.66,47.678413,-122.24646559,E,0,2818.06,9964.59,47.678413,-122.24646559
4354015,2026-05-31T10:47:17,282.03,0,F,2827.65,9932.66,47.678413,-122.24646559,E,0,2818.06,9964.59,47.678413,-122.24646559
4355094,2026-05-31T10:47:18,293.71,0,F,2827.65,9932.66,47.678413,-122.24646559,E,0,2818.06,9964.59,47.678413,-122.24646559
4356173,2026-05-31T10:47:19,298.91,0,F,2827.65,9932.66,47.678413,-122.24646559,E,0,2818.06,9964.59,47.678413,-122.24646559
4357252,2026-05-31T10:47:20,270.22,0,F,2827.65,9932.66,47.678413,-122.24646559,E,0,2818.06,9964.59,47.678413,-122.24646559
4358330,2026-05-31T10:47:21,263.95,0,F,2827.65,9932.66,47.678413,-122.24646559,E,0,2818.06,9964.59,47.678413,-122.24646559
4359417,2026-05-31T10:47:22,257.33,0,F,2827.65,9932.66,47.678413,-122.24646559,E,0,2818.06,9964.59,47.678413,-122.24646559
4360506,2026-05-31T10:47:23,244.03,0,F,2827.65,9932.66,47.678413,-122.24646559,E,0,2818.06,9964.59,47.678413,-122.24646559
4361584,2026-05-31T10:47:24,237.3,0,F,2827.65,9932.66,47.678413,-122.24646559,E,0,2818.06,9964.59,47.678413,-122.24646559
4362654,2026-05-31T10:47:26,244.55,0,F,2827.65,9932.66,47.678413,-122.24646559,E,0,2818.06,9964.59,47.678413,-122.24646559
4363734,2026-05-31T10:47:27,248.91,0,F,2827.65,9932.66,47.678413,-122.24646559,E,0,2818.06,9964.59,47.678413,-122.24646559
4364812,2026-05-31T10:47:28,246.41,0,F,2827.65,9932.66,47.678413,-122.24646559,E,0,2818.06,9964.59,47.678413,-122.24646559
4365893,2026-05-31T10:47:29,239.3,0,F,2827.65,9932.66,47.678413,-122.24646559,E,0,2818.06,9964.59,47.678413,-122.24646559
4366964,2026-05-31T10:47:30,242.36,0,F,2827.65,9932.66,47.678413,-122.24646559,E,0,2818.06,9964.59,47.678413,-122.24646559
4368042,2026-05-31T10:47:31,241.87,0,F,2827.65,9932.66,47.678413,-122.24646559,E,0,2818.06,9964.59,47.678413,-122.24646559
4369114,2026-05-31T10:47:32,218.76,0,F,2827.65,9932.66,47.678413,-122.24646559,E,0,2818.06,9964.59,47.678413,-122.24646559
4370192,2026-05-31T10:47:33,214.89,0,F,2827.65,9932.66,47.678413,-122.24646559,E,0,2818.06,9964.59,47.678413,-122.24646559
4371271,2026-05-31T10:47:34,216.78,0,F,2827.65,9932.66,47.678413,-122.24646559,E,0,2818.06,9964.59,47.678413,-122.24646559
4372341,2026-05-31T10:47:35,217.36,0,F,2827.65,9932.66,47.678413,-122.24646559,E,0,2818.06,9964.59,47.678413,-122.24646559
4373403,2026-05-31T10:47:36,215.43,0,F,2827.65,9932.66,47.678413,-122.24646559,E,0,2818.06,9964.59,47.678413,-122.24646559
4374462,2026-05-31T10:47:37,217.05,0,F,2827.65,9932.66,47.678413,-122.24646559,E,0,2818.06,9964.59,47.678413,-122.24646559
4375550,2026-05-31T10:47:38,216.29,0,F,2827.65,9932.66,47.678413,-122.24646559,E,0,2818.06,9964.59,47.678413,-122.24646559
4376628,2026-05-31T10:47:40,218.49,0,F,2827.65,9932.66,47.678413,-122.24646559,E,0,2818.06,9964.59,47.678413,-122.24646559
4377698,2026-05-31T10:47:41,216.97,0,F,2827.65,9932.66,47.678413,-122.24646559,E,0,2818.06,9964.59,47.678413,-122.24646559
4378777,2026-05-31T10:47:42,224.3,0,F,2827.65,9932.66,47.678413,-122.24646559,E,0,2818.06,9964.59,47.678413,-122.24646559
4379856,2026-05-31T10:47:43,251.04,0,F,2827.65,9932.66,47.678413,-122.24646559,E,0,2818.06,9964.59,47.678413,-122.24646559
4380927,2026-05-31T10:47:44,271.84,0,F,2827.65,9932.66,47.678413,-122.24646559,E,0,2818.06,9964.59,47.678413,-122.24646559
4382028,2026-05-31T10:47:45,286.67,0,F,2827.65,9932.66,47.678413,-122.24646559,E,0,2818.06,9964.59,47.678413,-122.24646559
4383116,2026-05-31T10:47:46,298.81,0,F,2827.65,9932.66,47.678413,-122.24646559,E,0,2818.06,9964.59,47.678413,-122.24646559
4384194,2026-05-31T10:47:47,296.92,0,F,2827.65,9932.66,47.678413,-122.24646559,E,0,2818.06,9964.59,47.678413,-122.24646559
4385263,2026-05-31T10:47:48,284.27,0,F,2827.65,9932.66,47.678413,-122.24646559,E,0,2818.06,9964.59,47.678413,-122.24646559
4386341,2026-05-31T10:47:49,259.11,0,F,2827.65,9932.66,47.678413,-122.24646559,E,0,2818.06,9964.59,47.678413,-122.24646559
4387401,2026-05-31T10:47:50,248.89,0,F,2827.65,9932.66,47.678413,-122.24646559,E,0,2818.06,9964.59,47.678413,-122.24646559
4388463,2026-05-31T10:47:51,245.89,0,F,2827.65,9932.66,47.678413,-122.24646559,E,0,2818.06,9964.59,47.678413,-122.24646559
4389544,2026-05-31T10:47:52,232.15,0,F,2827.65,9932.66,47.678413,-122.24646559,E,0,2818.06,9964.59,47.678413,-122.24646559
4390623,2026-05-31T10:47:54,230.2,0,F,2827.65,9932.66,47.678413,-122.24646559,E,0,2818.06,9964.59,47.678413,-122.24646559
4391693,2026-05-31T10:47:55,242.61,0,F,2827.65,9932.66,47.678413,-122.24646559,E,0,2818.06,9964.59,47.678413,-122.24646559
4392745,2026-05-31T10:47:56,257.23,0,F,2827.65,9932.66,47.678413,-122.24646559,E,0,2818.06,9964.59,47.678413,-122.24646559
4393817,2026-05-31T10:47:57,268.29,0,F,2827.65,9932.66,47.678413,-122.24646559,E,0,2818.06,9964.59,47.678413,-122.24646559
4394896,2026-05-31T10:47:58,284.63,0,F,2827.65,9932.66,47.678413,-122.24646559,E,0,2818.06,9964.59,47.678413,-122.24646559
4395968,2026-05-31T10:47:59,290.67,0,F,2827.65,9932.66,47.678413,-122.24646559,E,0,2818.06,9964.59,47.678413,-122.24646559
4397046,2026-05-31T10:48:00,301.5,0,F,2827.65,9932.66,47.678413,-122.24646559,E,0,2818.06,9964.59,47.678413,-122.24646559
4398124,2026-05-31T10:48:01,305.07,0,F,2827.65,9932.66,47.678413,-122.24646559,E,0,2818.06,9964.59,47.678413,-122.24646559
4399195,2026-05-31T10:48:02,310.47,0,F,2827.65,9932.66,47.678413,-122.24646559,E,0,2818.06,9964.59,47.678413,-122.24646559
4400255,2026-05-31T10:48:03,310.56,0,F,2827.65,9932.66,47.678413,-122.24646559,E,0,2818.06,9964.59,47.678413,-122.24646559
4401335,2026-05-31T10:48:04,296.44,0,F,2827.65,9932.66,47.678413,-122.24646559,E,0,2818.06,9964.59,47.678413,-122.24646559
4402414,2026-05-31T10:48:05,265.32,0,F,2827.65,9932.66,47.678413,-122.24646559,E,0,2818.06,9964.59,47.678413,-122.24646559
4403502,2026-05-31T10:48:06,231.89,0,F,2827.65,9932.66,47.678413,-122.24646559,E,0,2818.06,9964.59,47.678413,-122.24646559
4404579,2026-05-31T10:48:07,241.53,0.016,F,2827.65,9932.66,47.67841294,-122.24646574,E,0.0119,2818.04,9964.58,47.67841294,-122.24646574
4405648,2026-05-31T10:48:09,236.03,0.011,F,2827.63,9932.66,47.6784129,-122.24646584,E,0.0082,2818.04,9964.58,47.6784129,-122.24646584
4406726,2026-05-31T10:48:10,222.08,0.008,F,2827.63,9932.66,47.67841286,-122.2464659,E,0.006,2818.03,9964.57,47.67841286,-122.2464659
4407805,2026-05-31T10:48:11,252.59,0.006,F,2827.63,9932.66,47.67841284,-122.24646596,E,0.0045,2818.03,9964.57,47.67841284,-122.24646596
4408884,2026-05-31T10:48:12,294.5,0.004,F,2827.63,9932.66,47.67841286,-122.246466,E,0.003,2818.03,9964.57,47.67841286,-122.246466
4409956,2026-05-31T10:48:13,313.61,0.003,F,2827.63,9932.66,47.67841287,-122.24646602,E,0.0022,2818.02,9964.57,47.67841287,-122.24646602
4411022,2026-05-31T10:48:14,326.79,0.002,F,2827.63,9932.66,47.67841288,-122.24646603,E,0.0015,2818.02,9964.57,47.67841288,-122.24646603
4412106,2026-05-31T10:48:15,328.02,0.001,F,2827.63,9932.66,47.67841289,-122.24646604,E,0.0007,2818.02,9964.57,47.67841289,-122.24646604
4413178,2026-05-31T10:48:16,301.39,0.001,F,2827.63,9932.66,47.67841289,-122.24646605,E,0.0007,2818.02,9964.58,47.67841289,-122.24646605
4414249,2026-05-31T10:48:17,284.88,0.001,F,2827.63,9932.66,47.6784129,-122.24646606,E,0.0007,2818.02,9964.58,47.6784129,-122.24646606
4415319,2026-05-31T10:48:18,280.78,0,F,2827.63,9932.66,47.6784129,-122.24646606,E,0,2818.02,9964.58,47.6784129,-122.24646606
4416397,2026-05-31T10:48:19,284.63,0,F,2827.63,9932.66,47.6784129,-122.24646606,E,0,2818.02,9964.58,47.6784129,-122.24646606
4417476,2026-05-31T10:48:20,290.56,0,F,2827.63,9932.66,47.6784129,-122.24646606,E,0,2818.02,9964.58,47.6784129,-122.24646606
4418572,2026-05-31T10:48:21,293.29,0,F,2827.63,9932.66,47.6784129,-122.24646606,E,0,2818.02,9964.58,47.6784129,-122.24646606
4419650,2026-05-31T10:48:23,294.08,0,F,2827.63,9932.66,47.6784129,-122.24646606,E,0,2818.02,9964.58,47.6784129,-122.24646606
4420723,2026-05-31T10:48:24,291.55,0,F,2827.63,9932.66,47.6784129,-122.24646606,E,0,2818.02,9964.58,47.6784129,-122.24646606
4421778,2026-05-31T10:48:25,295.64,0,F,2827.63,9932.66,47.6784129,-122.24646606,E,0,2818.02,9964.58,47.6784129,-122.24646606
4422849,2026-05-31T10:48:26,302.57,0,F,2827.63,9932.66,47.6784129,-122.24646606,E,0,2818.02,9964.58,47.6784129,-122.24646606
4423929,2026-05-31T10:48:27,304.94,0,F,2827.63,9932.66,47.6784129,-122.24646606,E,0,2818.02,9964.58,47.6784129,-122.24646606
4424998,2026-05-31T10:48:28,307.82,0,F,2827.63,9932.66,47.6784129,-122.24646606,E,0,2818.02,9964.58,47.6784129,-122.24646606
4426077,2026-05-31T10:48:29,307.17,0,F,2827.63,9932.66,47.6784129,-122.24646606,E,0,2818.02,9964.58,47.6784129,-122.24646606
4427156,2026-05-31T10:48:30,311.02,0,F,2827.63,9932.66,47.6784129,-122.24646606,E,0,2818.02,9964.58,47.6784129,-122.24646606
4428210,2026-05-31T10:48:31,317.48,0,F,2827.63,9932.66,47.6784129,-122.24646606,E,0,2818.02,9964.58,47.6784129,-122.24646606
4429280,2026-05-31T10:48:32,326.64,0,F,2827.63,9932.66,47.6784129,-122.24646606,E,0,2818.02,9964.58,47.6784129,-122.24646606
4430368,2026-05-31T10:48:33,336.24,0,F,2827.63,9932.66,47.6784129,-122.24646606,E,0,2818.02,9964.58,47.6784129,-122.24646606
4431447,2026-05-31T10:48:34,340.48,0,F,2827.63,9932.66,47.6784129,-122.24646606,E,0,2818.02,9964.58,47.6784129,-122.24646606
4432518,2026-05-31T10:48:35,337.84,0,F,2827.63,9932.66,47.6784129,-122.24646606,E,0,2818.02,9964.58,47.6784129,-122.24646606
4433598,2026-05-31T10:48:36,330.64,0,F,2827.63,9932.66,47.6784129,-122.24646606,E,0,2818.02,9964.58,47.6784129,-122.24646606
4434660,2026-05-31T10:48:38,323.33,0,F,2827.63,9932.66,47.6784129,-122.24646606,E,0,2818.02,9964.58,47.6784129,-122.24646606
4435739,2026-05-31T10:48:39,321.12,0,F,2827.63,9932.66,47.6784129,-122.24646606,E,0,2818.02,9964.58,47.6784129,-122.24646606
4436811,2026-05-31T10:48:40,331.51,0,F,2827.63,9932.66,47.6784129,-122.24646606,E,0,2818.02,9964.58,47.6784129,-122.24646606
4437891,2026-05-31T10:48:41,341.32,0,F,2827.63,9932.66,47.6784129,-122.24646606,E,0,2818.02,9964.58,47.6784129,-122.24646606
4438971,2026-05-31T10:48:42,353.2,0,F,2827.63,9932.66,47.6784129,-122.24646606,E,0,2818.02,9964.58,47.6784129,-122.24646606
4440049,2026-05-31T10:48:43,349.48,0,F,2827.63,9932.66,47.6784129,-122.24646606,E,0,2818.02,9964.58,47.6784129,-122.24646606
4441128,2026-05-31T10:48:44,332.28,0,F,2827.63,9932.66,47.6784129,-122.24646606,E,0,2818.02,9964.58,47.6784129,-122.24646606
4442235,2026-05-31T10:48:45,302.57,0,F,2827.63,9932.66,47.6784129,-122.24646606,E,0,2818.02,9964.58,47.6784129,-122.24646606
4443314,2026-05-31T10:48:46,286.8,0,F,2827.63,9932.66,47.6784129,-122.24646606,E,0,2818.02,9964.58,47.6784129,-122.24646606
4444402,2026-05-31T10:48:47,279.92,0,F,2827.63,9932.66,47.6784129,-122.24646606,E,0,2818.02,9964.58,47.6784129,-122.24646606
4445471,2026-05-31T10:48:48,277.86,0,F,2827.63,9932.66,47.6784129,-122.24646606,E,0,2818.02,9964.58,47.6784129,-122.24646606
4446550,2026-05-31T10:48:49,275.04,0,F,2827.63,9932.66,47.6784129,-122.24646606,E,0,2818.02,9964.58,47.6784129,-122.24646606
4447630,2026-05-31T10:48:51,275.52,0,F,2827.63,9932.66,47.6784129,-122.24646606,E,0,2818.02,9964.58,47.6784129,-122.24646606
4448700,2026-05-31T10:48:52,271.74,0,F,2827.63,9932.66,47.6784129,-122.24646606,E,0,2818.02,9964.58,47.6784129,-122.24646606
4449770,2026-05-31T10:48:53,274.07,0,F,2827.63,9932.66,47.6784129,-122.24646606,E,0,2818.02,9964.58,47.6784129,-122.24646606
4450831,2026-05-31T10:48:54,274.9,0,F,2827.63,9932.66,47.6784129,-122.24646606,E,0,2818.02,9964.58,47.6784129,-122.24646606
4451910,2026-05-31T10:48:55,271,0,F,2827.63,9932.66,47.6784129,-122.24646606,E,0,2818.02,9964.58,47.6784129,-122.24646606
4452980,2026-05-31T10:48:56,264.85,0,F,2827.63,9932.66,47.6784129,-122.24646606,E,0,2818.02,9964.58,47.6784129,-122.24646606
4454048,2026-05-31T10:48:57,267.04,0,F,2827.63,9932.66,47.6784129,-122.24646606,E,0,2818.02,9964.58,47.6784129,-122.24646606
4455127,2026-05-31T10:48:58,264.91,0,F,2827.63,9932.66,47.6784129,-122.24646606,E,0,2818.02,9964.58,47.6784129,-122.24646606
4456197,2026-05-31T10:48:59,259.92,0,F,2827.63,9932.66,47.6784129,-122.24646606,E,0,2818.02,9964.58,47.6784129,-122.24646606
4457267,2026-05-31T10:49:00,249.71,0,F,2827.63,9932.66,47.6784129,-122.24646606,E,0,2818.02,9964.58,47.6784129,-122.24646606
4458347,2026-05-31T10:49:01,250.02,0,F,2827.63,9932.66,47.6784129,-122.24646606,E,0,2818.02,9964.58,47.6784129,-122.24646606
4459426,2026-05-31T10:49:02,242.21,0,F,2827.63,9932.66,47.6784129,-122.24646606,E,0,2818.02,9964.58,47.6784129,-122.24646606
4460486,2026-05-31T10:49:03,225.54,0,F,2827.63,9932.66,47.6784129,-122.24646606,E,0,2818.02,9964.58,47.6784129,-122.24646606
4461556,2026-05-31T10:49:04,213.91,0,F,2827.63,9932.66,47.6784129,-122.24646606,E,0,2818.02,9964.58,47.6784129,-122.24646606
4462610,2026-05-31T10:49:05,210.64,0,F,2827.63,9932.66,47.6784129,-122.24646606,E,0,2818.02,9964.58,47.6784129,-122.24646606
4463698,2026-05-31T10:49:07,202.05,0,F,2827.63,9932.66,47.6784129,-122.24646606,E,0,2818.02,9964.58,47.6784129,-122.24646606
4464758,2026-05-31T10:49:08,199.27,0,F,2827.63,9932.66,47.6784129,-122.24646606,E,0,2818.02,9964.58,47.6784129,-122.24646606
4465837,2026-05-31T10:49:09,201.65,0,F,2827.63,9932.66,47.6784129,-122.24646606,E,0,2818.02,9964.58,47.6784129,-122.24646606
4466918,2026-05-31T10:49:10,198.72,0,F,2827.63,9932.66,47.6784129,-122.24646606,E,0,2818.02,9964.58,47.6784129,-122.24646606
4467981,2026-05-31T10:49:11,197.63,0,F,2827.63,9932.66,47.6784129,-122.24646606,E,0,2818.02,9964.58,47.6784129,-122.24646606
4469051,2026-05-31T10:49:12,199.62,0,F,2827.63,9932.66,47.6784129,-122.24646606,E,0,2818.02,9964.58,47.6784129,-122.24646606
4470130,2026-05-31T10:49:13,205.51,0,F,2827.63,9932.66,47.6784129,-122.24646606,E,0,2818.02,9964.58,47.6784129,-122.24646606
4471208,2026-05-31T10:49:14,208.7,0,F,2827.63,9932.66,47.6784129,-122.24646606,E,0,2818.02,9964.58,47.6784129,-122.24646606
4472295,2026-05-31T10:49:15,211.6,0,F,2827.63,9932.66,47.6784129,-122.24646606,E,0,2818.02,9964.58,47.6784129,-122.24646606
4473374,2026-05-31T10:49:16,214.64,0,F,2827.63,9932.66,47.6784129,-122.24646606,E,0,2818.02,9964.58,47.6784129,-122.24646606
4474437,2026-05-31T10:49:17,215.05,0,F,2827.63,9932.66,47.6784129,-122.24646606,E,0,2818.02,9964.58,47.6784129,-122.24646606
4475516,2026-05-31T10:49:18,217.39,0,F,2827.63,9932.66,47.6784129,-122.24646606,E,0,2818.02,9964.58,47.6784129,-122.24646606
4476595,2026-05-31T10:49:19,220.4,0,F,2827.63,9932.66,47.6784129,-122.24646606,E,0,2818.02,9964.58,47.6784129,-122.24646606
4477658,2026-05-31T10:49:21,218.83,0,F,2827.63,9932.66,47.6784129,-122.24646606,E,0,2818.02,9964.58,47.6784129,-122.24646606
4478745,2026-05-31T10:49:22,223.37,0,F,2827.63,9932.66,47.6784129,-122.24646606,E,0,2818.02,9964.58,47.6784129,-122.24646606
4479833,2026-05-31T10:49:23,228.33,0,F,2827.63,9932.66,47.6784129,-122.24646606,E,0,2818.02,9964.58,47.6784129,-122.24646606
4480912,2026-05-31T10:49:24,229.33,0,F,2827.63,9932.66,47.6784129,-122.24646606,E,0,2818.02,9964.58,47.6784129,-122.24646606
4481983,2026-05-31T10:49:25,236.23,0,F,2827.63,9932.66,47.6784129,-122.24646606,E,0,2818.02,9964.58,47.6784129,-122.24646606
4483061,2026-05-31T10:49:26,237.03,0,F,2827.63,9932.66,47.6784129,-122.24646606,E,0,2818.02,9964.58,47.6784129,-122.24646606
4484139,2026-05-31T10:49:27,241.53,0,F,2827.63,9932.66,47.6784129,-122.24646606,E,0,2818.02,9964.58,47.6784129,-122.24646606
4485218,2026-05-31T10:49:28,237.22,0,F,2827.63,9932.66,47.6784129,-122.24646606,E,0,2818.02,9964.58,47.6784129,-122.24646606
4486297,2026-05-31T10:49:29,235.41,0,F,2827.63,9932.66,47.6784129,-122.24646606,E,0,2818.02,9964.58,47.6784129,-122.24646606
4487370,2026-05-31T10:49:30,233.64,0,F,2827.63,9932.66,47.6784129,-122.24646606,E,0,2818.02,9964.58,47.6784129,-122.24646606
4488440,2026-05-31T10:49:31,221.52,0,F,2827.63,9932.66,47.6784129,-122.24646606,E,0,2818.02,9964.58,47.6784129,-122.24646606
4489512,2026-05-31T10:49:32,215.68,0,F,2827.63,9932.66,47.6784129,-122.24646606,E,0,2818.02,9964.58,47.6784129,-122.24646606
4490584,2026-05-31T10:49:33,212.63,0,F,2827.63,9932.66,47.6784129,-122.24646606,E,0,2818.02,9964.58,47.6784129,-122.24646606
4491654,2026-05-31T10:49:35,212.6,0,F,2827.63,9932.66,47.6784129,-122.24646606,E,0,2818.02,9964.58,47.6784129,-122.24646606
4492742,2026-05-31T10:49:36,214.75,0,F,2827.63,9932.66,47.6784129,-122.24646606,E,0,2818.02,9964.58,47.6784129,-122.24646606
4493819,2026-05-31T10:49:37,212.91,0,F,2827.63,9932.66,47.6784129,-122.24646606,E,0,2818.02,9964.58,47.6784129,-122.24646606
4494899,2026-05-31T10:49:38,206.66,0,F,2827.63,9932.66,47.6784129,-122.24646606,E,0,2818.02,9964.58,47.6784129,-122.24646606
4495972,2026-05-31T10:49:39,201.23,0,F,2827.63,9932.66,47.6784129,-122.24646606,E,0,2818.02,9964.58,47.6784129,-122.24646606
4497051,2026-05-31T10:49:40,201.54,0,F,2827.63,9932.66,47.6784129,-122.24646606,E,0,2818.02,9964.58,47.6784129,-122.24646606
4498130,2026-05-31T10:49:41,200.52,0,F,2827.63,9932.66,47.6784129,-122.24646606,E,0,2818.02,9964.58,47.6784129,-122.24646606
4499211,2026-05-31T10:49:42,198.63,0,F,2827.63,9932.66,47.6784129,-122.24646606,E,0,2818.02,9964.58,47.6784129,-122.24646606
4500290,2026-05-31T10:49:43,206.99,0,F,2827.63,9932.66,47.6784129,-122.24646606,E,0,2818.02,9964.58,47.6784129,-122.24646606
4501362,2026-05-31T10:49:44,222.29,0,F,2827.63,9932.66,47.6784129,-122.24646606,E,0,2818.02,9964.58,47.6784129,-122.24646606
4502461,2026-05-31T10:49:45,223.81,0,F,2827.63,9932.66,47.6784129,-122.24646606,E,0,2818.02,9964.58,47.6784129,-122.24646606
4503533,2026-05-31T10:49:46,212.41,0,F,2827.63,9932.66,47.6784129,-122.24646606,E,0,2818.02,9964.58,47.6784129,-122.24646606
4504603,2026-05-31T10:49:47,206.73,0,F,2827.63,9932.66,47.6784129,-122.24646606,E,0,2818.02,9964.58,47.6784129,-122.24646606
4505674,2026-05-31T10:49:49,208.05,0,F,2827.63,9932.66,47.6784129,-122.24646606,E,0,2818.02,9964.58,47.6784129,-122.24646606
4506753,2026-05-31T10:49:50,208.39,0,F,2827.63,9932.66,47.6784129,-122.24646606,E,0,2818.02,9964.58,47.6784129,-122.24646606
4507832,2026-05-31T10:49:51,205.63,0,F,2827.63,9932.66,47.6784129,-122.24646606,E,0,2818.02,9964.58,47.6784129,-122.24646606
4508923,2026-05-31T10:49:52,208.29,0,F,2827.63,9932.66,47.6784129,-122.24646606,E,0,2818.02,9964.58,47.6784129,-122.24646606
4510003,2026-05-31T10:49:53,209.16,0,F,2827.63,9932.66,47.6784129,-122.24646606,E,0,2818.02,9964.58,47.6784129,-122.24646606
4511083,2026-05-31T10:49:54,205.68,0,F,2827.63,9932.66,47.6784129,-122.24646606,E,0,2818.02,9964.58,47.6784129,-122.24646606
4512162,2026-05-31T10:49:55,230.32,0.015,F,2827.63,9932.66,47.67841283,-122.24646618,E,0.0112,2818.01,9964.57,47.67841283,-122.24646618
4513233,2026-05-31T10:49:56,242.25,0.023,F,2827.61,9932.66,47.67841275,-122.2464664,E,0.0171,2818,9964.56,47.67841275,-122.2464664
4514304,2026-05-31T10:49:57,240.93,0.016,F,2827.59,9932.66,47.67841269,-122.24646654,E,0.0119,2817.98,9964.55,47.67841269,-122.24646654
4515384,2026-05-31T10:49:58,234.15,0.011,F,2827.58,9932.66,47.67841265,-122.24646664,E,0.0082,2817.98,9964.55,47.67841265,-122.24646664
4516445,2026-05-31T10:49:59,228.42,0.008,F,2827.57,9932.66,47.67841261,-122.2464667,E,0.006,2817.97,9964.54,47.67841261,-122.2464667
4517525,2026-05-31T10:50:00,220.32,0.005,F,2827.57,9932.66,47.67841258,-122.24646674,E,0.0037,2817.97,9964.54,47.67841258,-122.24646674
4518605,2026-05-31T10:50:01,217.68,0.004,F,2827.57,9932.66,47.67841256,-122.24646676,E,0.003,2817.97,9964.54,47.67841256,-122.24646676
4519685,2026-05-31T10:50:03,227.02,0.003,F,2827.57,9932.66,47.67841254,-122.24646679,E,0.0022,2817.97,9964.54,47.67841254,-122.24646679
4520755,2026-05-31T10:50:04,235.92,0.002,F,2827.57,9932.66,47.67841254,-122.24646681,E,0.0015,2817.96,9964.54,47.67841254,-122.24646681
4521835,2026-05-31T10:50:05,243.59,0.001,F,2827.57,9932.66,47.67841253,-122.24646681,E,0.0007,2817.96,9964.54,47.67841253,-122.24646681
4522916,2026-05-31T10:50:06,260.97,0.001,F,2827.57,9932.66,47.67841253,-122.24646683,E,0.0007,2817.96,9964.54,47.67841253,-122.24646683
4523996,2026-05-31T10:50:07,278.51,0.001,F,2827.57,9932.66,47.67841253,-122.24646684,E,0.0007,2817.96,9964.54,47.67841253,-122.24646684
4525077,2026-05-31T10:50:08,299.03,0,F,2827.57,9932.66,47.67841253,-122.24646684,E,0,2817.96,9964.54,47.67841253,-122.24646684
4526156,2026-05-31T10:50:09,307.31,0,F,2827.57,9932.66,47.67841253,-122.24646684,E,0,2817.96,9964.54,47.67841253,-122.24646684
4527235,2026-05-31T10:50:10,325.55,0,F,2827.57,9932.66,47.67841253,-122.24646684,E,0,2817.96,9964.54,47.67841253,-122.24646684
4528314,2026-05-31T10:50:11,339.41,0,F,2827.57,9932.66,47.67841253,-122.24646684,E,0,2817.96,9964.54,47.67841253,-122.24646684
4529386,2026-05-31T10:50:12,358.08,0,F,2827.57,9932.66,47.67841253,-122.24646684,E,0,2817.96,9964.54,47.67841253,-122.24646684
4530466,2026-05-31T10:50:13,6.3,0,F,2827.57,9932.66,47.67841253,-122.24646684,E,0,2817.96,9964.54,47.67841253,-122.24646684
4531539,2026-05-31T10:50:14,11.41,0,F,2827.57,9932.66,47.67841253,-122.24646684,E,0,2817.96,9964.54,47.67841253,-122.24646684
4532642,2026-05-31T10:50:16,15.77,0,F,2827.57,9932.66,47.67841253,-122.24646684,E,0,2817.96,9964.54,47.67841253,-122.24646684
4533721,2026-05-31T10:50:17,17.33,0,F,2827.57,9932.66,47.67841253,-122.24646684,E,0,2817.96,9964.54,47.67841253,-122.24646684
4534791,2026-05-31T10:50:18,16.26,0.016,F,2827.57,9932.66,47.67841264,-122.24646679,E,0.0119,2817.97,9964.55,47.67841264,-122.24646679
4535862,2026-05-31T10:50:19,11.51,0.025,F,2827.57,9932.66,47.67841282,-122.24646674,E,0.0186,2817.97,9964.57,47.67841282,-122.24646674
4536950,2026-05-31T10:50:20,359.34,0.017,F,2827.57,9932.66,47.67841294,-122.24646674,E,0.0127,2817.97,9964.58,47.67841294,-122.24646674
4538032,2026-05-31T10:50:21,335.56,0.012,F,2827.57,9932.66,47.67841302,-122.24646679,E,0.0089,2817.97,9964.59,47.67841302,-122.24646679
4539104,2026-05-31T10:50:22,334,0.008,F,2827.57,9932.66,47.67841307,-122.24646683,E,0.006,2817.96,9964.6,47.67841307,-122.24646683
4540183,2026-05-31T10:50:23,343.7,0.006,F,2827.57,9932.66,47.67841311,-122.24646685,E,0.0045,2817.96,9964.6,47.67841311,-122.24646685
4541245,2026-05-31T10:50:24,350.99,0.004,F,2827.57,9932.66,47.67841314,-122.24646685,E,0.003,2817.96,9964.6,47.67841314,-122.24646685
4542315,2026-05-31T10:50:25,345.17,0.003,F,2827.57,9932.66,47.67841316,-122.24646686,E,0.0022,2817.96,9964.61,47.67841316,-122.24646686
4543386,2026-05-31T10:50:26,304.31,0.002,F,2827.57,9932.66,47.67841317,-122.24646688,E,0.0015,2817.96,9964.61,47.67841317,-122.24646688
4544449,2026-05-31T10:50:27,290.75,0.001,F,2827.57,9932.66,47.67841317,-122.24646689,E,0.0007,2817.96,9964.61,47.67841317,-122.24646689
4545528,2026-05-31T10:50:28,298.64,0.016,F,2827.57,9932.66,47.67841323,-122.24646704,E,0.0119,2817.95,9964.61,47.67841323,-122.24646704
4546598,2026-05-31T10:50:29,307.44,0.011,F,2827.56,9932.66,47.67841328,-122.24646713,E,0.0082,2817.94,9964.62,47.67841328,-122.24646713
4547670,2026-05-31T10:50:31,320.7,0.008,F,2827.56,9932.66,47.67841332,-122.24646719,E,0.006,2817.94,9964.62,47.67841332,-122.24646719
4548731,2026-05-31T10:50:32,298.33,0.005,F,2827.56,9932.66,47.67841334,-122.24646723,E,0.0037,2817.93,9964.62,47.67841334,-122.24646723
4549810,2026-05-31T10:50:33,279.91,0.004,F,2827.56,9932.66,47.67841334,-122.24646727,E,0.003,2817.93,9964.63,47.67841334,-122.24646727
4550881,2026-05-31T10:50:34,265.2,0.003,F,2827.56,9932.66,47.67841334,-122.24646731,E,0.0022,2817.93,9964.63,47.67841334,-122.24646731
4551970,2026-05-31T10:50:35,252.35,0.002,F,2827.56,9932.66,47.67841334,-122.24646733,E,0.0015,2817.93,9964.62,47.67841334,-122.24646733
4553033,2026-05-31T10:50:36,248.1,0.001,F,2827.56,9932.66,47.67841333,-122.24646734,E,0.0007,2817.92,9964.62,47.67841333,-122.24646734
4554112,2026-05-31T10:50:37,244.27,0.001,F,2827.56,9932.66,47.67841333,-122.24646735,E,0.0007,2817.92,9964.62,47.67841333,-122.24646735
4555191,2026-05-31T10:50:38,236.79,0.001,F,2827.56,9932.66,47.67841333,-122.24646736,E,0.0007,2817.92,9964.62,47.67841333,-122.24646736
4556271,2026-05-31T10:50:39,226.93,0,F,2827.56,9932.66,47.67841333,-122.24646736,E,0,2817.92,9964.62,47.67841333,-122.24646736
4557332,2026-05-31T10:50:40,228.5,0,F,2827.56,9932.66,47.67841333,-122.24646736,E,0,2817.92,9964.62,47.67841333,-122.24646736
4558396,2026-05-31T10:50:41,240.48,0,F,2827.56,9932.66,47.67841333,-122.24646736,E,0,2817.92,9964.62,47.67841333,-122.24646736
4559466,2026-05-31T10:50:42,253.91,0,F,2827.56,9932.66,47.67841333,-122.24646736,E,0,2817.92,9964.62,47.67841333,-122.24646736
4560545,2026-05-31T10:50:43,267.63,0,F,2827.56,9932.66,47.67841333,-122.24646736,E,0,2817.92,9964.62,47.67841333,-122.24646736
4561622,2026-05-31T10:50:45,283.75,0,F,2827.56,9932.66,47.67841333,-122.24646736,E,0,2817.92,9964.62,47.67841333,-122.24646736
4562700,2026-05-31T10:50:46,299.57,0,F,2827.56,9932.66,47.67841333,-122.24646736,E,0,2817.92,9964.62,47.67841333,-122.24646736
4563770,2026-05-31T10:50:47,310.92,0,F,2827.56,9932.66,47.67841333,-122.24646736,E,0,2817.92,9964.62,47.67841333,-122.24646736
4564841,2026-05-31T10:50:48,306.56,0,F,2827.56,9932.66,47.67841333,-122.24646736,E,0,2817.92,9964.62,47.67841333,-122.24646736
4565912,2026-05-31T10:50:49,301.6,0.014,F,2827.54,9932.66,47.67841338,-122.24646748,E,0.0104,2817.91,9964.63,47.67841338,-122.24646748
4566999,2026-05-31T10:50:50,308.76,0.01,F,2827.54,9932.66,47.67841343,-122.24646757,E,0.0075,2817.91,9964.63,47.67841343,-122.24646757
4568059,2026-05-31T10:50:51,328.3,0.007,F,2827.54,9932.66,47.67841347,-122.2464676,E,0.0052,2817.9,9964.64,47.67841347,-122.2464676
4569139,2026-05-31T10:50:52,344.81,0.005,F,2827.54,9932.66,47.6784135,-122.24646762,E,0.0037,2817.9,9964.64,47.6784135,-122.24646762
4570219,2026-05-31T10:50:53,339.63,0.003,F,2827.54,9932.66,47.67841352,-122.24646763,E,0.0022,2817.9,9964.65,47.67841352,-122.24646763
4571289,2026-05-31T10:50:54,320.94,0.017,F,2827.54,9932.66,47.67841362,-122.24646774,E,0.0127,2817.89,9964.66,47.67841362,-122.24646774
4572360,2026-05-31T10:50:55,302.3,0.012,F,2827.54,9932.66,47.67841366,-122.24646785,E,0.0089,2817.89,9964.66,47.67841366,-122.24646785
4573439,2026-05-31T10:50:56,286.35,0.008,F,2827.53,9932.66,47.67841368,-122.24646793,E,0.006,2817.88,9964.66,47.67841368,-122.24646793
4574517,2026-05-31T10:50:57,264.62,0.006,F,2827.53,9932.66,47.67841368,-122.246468,E,0.0045,2817.88,9964.66,47.67841368,-122.246468
4575587,2026-05-31T10:50:58,262.56,0.004,F,2827.53,9932.66,47.67841367,-122.24646804,E,0.003,2817.87,9964.66,47.67841367,-122.24646804
4576667,2026-05-31T10:51:00,270.38,0.003,F,2827.53,9932.66,47.67841367,-122.24646807,E,0.0022,2817.87,9964.66,47.67841367,-122.24646807
4577737,2026-05-31T10:51:01,272.74,0.002,F,2827.53,9932.66,47.67841367,-122.24646809,E,0.0015,2817.87,9964.66,47.67841367,-122.24646809
4578816,2026-05-31T10:51:02,274.42,0.001,F,2827.53,9932.66,47.67841367,-122.2464681,E,0.0007,2817.87,9964.66,47.67841367,-122.2464681
4579885,2026-05-31T10:51:03,308.2,0.001,F,2827.53,9932.66,47.67841368,-122.24646811,E,0.0007,2817.87,9964.66,47.67841368,-122.24646811
4580964,2026-05-31T10:51:04,345.78,0.001,F,2827.53,9932.66,47.67841369,-122.24646812,E,0.0007,2817.87,9964.66,47.67841369,-122.24646812
4582042,2026-05-31T10:51:05,3.78,0,F,2827.53,9932.66,47.67841369,-122.24646812,E,0,2817.87,9964.66,47.67841369,-122.24646812
4583111,2026-05-31T10:51:06,7.51,0,F,2827.53,9932.66,47.67841369,-122.24646812,E,0,2817.87,9964.66,47.67841369,-122.24646812
4584190,2026-05-31T10:51:07,9.02,0,F,2827.53,9932.66,47.67841369,-122.24646812,E,0,2817.87,9964.66,47.67841369,-122.24646812
4585259,2026-05-31T10:51:08,10.96,0,F,2827.53,9932.66,47.67841369,-122.24646812,E,0,2817.87,9964.66,47.67841369,-122.24646812
4586329,2026-05-31T10:51:09,12.37,0,F,2827.53,9932.66,47.67841369,-122.24646812,E,0,2817.87,9964.66,47.67841369,-122.24646812
4587391,2026-05-31T10:51:10,14.06,0,F,2827.53,9932.66,47.67841369,-122.24646812,E,0,2817.87,9964.66,47.67841369,-122.24646812
4588465,2026-05-31T10:51:11,14.65,0,F,2827.53,9932.66,47.67841369,-122.24646812,E,0,2817.87,9964.66,47.67841369,-122.24646812
4589535,2026-05-31T10:51:12,14.45,0,F,2827.53,9932.66,47.67841369,-122.24646812,E,0,2817.87,9964.66,47.67841369,-122.24646812
4590596,2026-05-31T10:51:13,13.49,0.016,F,2827.53,9932.66,47.6784138,-122.24646808,E,0.0119,2817.87,9964.68,47.6784138,-122.24646808
4591668,2026-05-31T10:51:15,12.4,0.011,F,2827.53,9932.66,47.67841387,-122.24646805,E,0.0082,2817.87,9964.68,47.67841387,-122.24646805
4592765,2026-05-31T10:51:16,12.47,0.008,F,2827.53,9932.66,47.67841393,-122.24646803,E,0.006,2817.87,9964.69,47.67841393,-122.24646803
4593844,2026-05-31T10:51:17,13.53,0.006,F,2827.53,9932.66,47.67841397,-122.24646802,E,0.0045,2817.87,9964.7,47.67841397,-122.24646802
4594916,2026-05-31T10:51:18,15.57,0.004,F,2827.53,9932.66,47.678414,-122.24646801,E,0.003,2817.87,9964.7,47.678414,-122.24646801
4595995,2026-05-31T10:51:19,14.94,0.003,F,2827.53,9932.66,47.67841402,-122.246468,E,0.0022,2817.88,9964.7,47.67841402,-122.246468
4597081,2026-05-31T10:51:20,12.53,0.018,F,2827.53,9932.66,47.67841415,-122.24646795,E,0.0134,2817.88,9964.72,47.67841415,-122.24646795
4598160,2026-05-31T10:51:21,9.26,0.013,F,2827.53,9932.66,47.67841424,-122.24646793,E,0.0097,2817.88,9964.73,47.67841424,-122.24646793
4599239,2026-05-31T10:51:22,2.21,0.009,F,2827.53,9932.66,47.67841431,-122.24646793,E,0.0067,2817.88,9964.73,47.67841431,-122.24646793
4600318,2026-05-31T10:51:23,327.11,0.006,F,2827.53,9932.66,47.67841434,-122.24646796,E,0.0045,2817.88,9964.74,47.67841434,-122.24646796
4601387,2026-05-31T10:51:24,295.71,0.004,F,2827.53,9932.66,47.67841436,-122.246468,E,0.003,2817.87,9964.74,47.67841436,-122.246468
4602448,2026-05-31T10:51:25,270.79,0.003,F,2827.53,9932.66,47.67841436,-122.24646803,E,0.0022,2817.87,9964.74,47.67841436,-122.24646803
4603536,2026-05-31T10:51:26,251.65,0.002,F,2827.53,9932.66,47.67841435,-122.24646805,E,0.0015,2817.87,9964.74,47.67841435,-122.24646805
4604614,2026-05-31T10:51:27,240.84,0.001,F,2827.53,9932.66,47.67841435,-122.24646806,E,0.0007,2817.87,9964.74,47.67841435,-122.24646806
4605685,2026-05-31T10:51:29,232.01,0.001,F,2827.53,9932.66,47.67841434,-122.24646807,E,0.0007,2817.87,9964.74,47.67841434,-122.24646807
4606763,2026-05-31T10:51:30,222.68,0.001,F,2827.53,9932.66,47.67841434,-122.24646808,E,0.0007,2817.87,9964.74,47.67841434,-122.24646808
4607842,2026-05-31T10:51:31,218.69,0.001,F,2827.53,9932.66,47.67841433,-122.24646809,E,0.0007,2817.87,9964.74,47.67841433,-122.24646809
4608904,2026-05-31T10:51:32,217.09,0,F,2827.53,9932.66,47.67841433,-122.24646809,E,0,2817.87,9964.74,47.67841433,-122.24646809
4609992,2026-05-31T10:51:33,217.08,0,F,2827.53,9932.66,47.67841433,-122.24646809,E,0,2817.87,9964.74,47.67841433,-122.24646809
4611070,2026-05-31T10:51:34,215.62,0,F,2827.53,9932.66,47.67841433,-122.24646809,E,0,2817.87,9964.74,47.67841433,-122.24646809
4612139,2026-05-31T10:51:35,212.72,0,F,2827.53,9932.66,47.67841433,-122.24646809,E,0,2817.87,9964.74,47.67841433,-122.24646809
4613208,2026-05-31T10:51:36,210.64,0,F,2827.53,9932.66,47.67841433,-122.24646809,E,0,2817.87,9964.74,47.67841433,-122.24646809
4614278,2026-05-31T10:51:37,210.83,0,F,2827.53,9932.66,47.67841433,-122.24646809,E,0,2817.87,9964.74,47.67841433,-122.24646809
4615357,2026-05-31T10:51:38,208.94,0,F,2827.53,9932.66,47.67841433,-122.24646809,E,0,2817.87,9964.74,47.67841433,-122.24646809
4616435,2026-05-31T10:51:39,207.42,0,F,2827.53,9932.66,47.67841433,-122.24646809,E,0,2817.87,9964.74,47.67841433,-122.24646809
4617514,2026-05-31T10:51:40,202.11,0,F,2827.53,9932.66,47.67841433,-122.24646809,E,0,2817.87,9964.74,47.67841433,-122.24646809
4618584,2026-05-31T10:51:41,197.88,0.016,F,2827.53,9932.66,47.67841422,-122.24646814,E,0.0119,2817.86,9964.72,47.67841422,-122.24646814
4619663,2026-05-31T10:51:43,203.05,0.011,F,2827.53,9932.66,47.67841415,-122.24646818,E,0.0082,2817.86,9964.72,47.67841415,-122.24646818
4620743,2026-05-31T10:51:44,203.8,0.008,F,2827.53,9932.66,47.6784141,-122.24646822,E,0.006,2817.86,9964.71,47.6784141,-122.24646822
4621819,2026-05-31T10:51:45,203.08,0.006,F,2827.53,9932.66,47.67841406,-122.24646824,E,0.0045,2817.86,9964.7,47.67841406,-122.24646824
4622891,2026-05-31T10:51:46,205.21,0.004,F,2827.53,9932.66,47.67841403,-122.24646826,E,0.003,2817.86,9964.7,47.67841403,-122.24646826
4623970,2026-05-31T10:51:47,200.52,0.003,F,2827.53,9932.66,47.67841401,-122.24646827,E,0.0022,2817.85,9964.7,47.67841401,-122.24646827
4625053,2026-05-31T10:51:48,199.32,0.002,F,2827.53,9932.66,47.678414,-122.24646828,E,0.0015,2817.85,9964.7,47.678414,-122.24646828
4626117,2026-05-31T10:51:49,197.29,0.001,F,2827.53,9932.66,47.67841399,-122.24646828,E,0.0007,2817.85,9964.7,47.67841399,-122.24646828
4627204,2026-05-31T10:51:50,199.71,0.001,F,2827.53,9932.66,47.67841398,-122.24646829,E,0.0007,2817.85,9964.7,47.67841398,-122.24646829
4628267,2026-05-31T10:51:51,202.26,0.001,F,2827.53,9932.66,47.67841398,-122.24646829,E,0.0007,2817.85,9964.7,47.67841398,-122.24646829
4629337,2026-05-31T10:51:52,203.19,0,F,2827.53,9932.66,47.67841398,-122.24646829,E,0,2817.85,9964.7,47.67841398,-122.24646829
4630407,2026-05-31T10:51:53,204.59,0,F,2827.53,9932.66,47.67841398,-122.24646829,E,0,2817.85,9964.7,47.67841398,-122.24646829
4631458,2026-05-31T10:51:54,217.33,0,F,2827.53,9932.66,47.67841398,-122.24646829,E,0,2817.85,9964.7,47.67841398,-122.24646829
4632528,2026-05-31T10:51:55,234.05,0,F,2827.53,9932.66,47.67841398,-122.24646829,E,0,2817.85,9964.7,47.67841398,-122.24646829
4633588,2026-05-31T10:51:56,253,0,F,2827.53,9932.66,47.67841398,-122.24646829,E,0,2817.85,9964.7,47.67841398,-122.24646829
4634649,2026-05-31T10:51:58,234.52,0,F,2827.53,9932.66,47.67841398,-122.24646829,E,0,2817.85,9964.7,47.67841398,-122.24646829
4635737,2026-05-31T10:51:59,232.65,0,F,2827.53,9932.66,47.67841398,-122.24646829,E,0,2817.85,9964.7,47.67841398,-122.24646829
4636815,2026-05-31T10:52:00,239.4,0,F,2827.53,9932.66,47.67841398,-122.24646829,E,0,2817.85,9964.7,47.67841398,-122.24646829
4637895,2026-05-31T10:52:01,241.92,0,F,2827.53,9932.66,47.67841398,-122.24646829,E,0,2817.85,9964.7,47.67841398,-122.24646829
4638976,2026-05-31T10:52:02,246.31,0,F,2827.53,9932.66,47.67841398,-122.24646829,E,0,2817.85,9964.7,47.67841398,-122.24646829
4640048,2026-05-31T10:52:03,249.5,0,F,2827.53,9932.66,47.67841398,-122.24646829,E,0,2817.85,9964.7,47.67841398,-122.24646829
4641109,2026-05-31T10:52:04,251.78,0,F,2827.53,9932.66,47.67841398,-122.24646829,E,0,2817.85,9964.7,47.67841398,-122.24646829
4642198,2026-05-31T10:52:05,251.57,0,F,2827.53,9932.66,47.67841398,-122.24646829,E,0,2817.85,9964.7,47.67841398,-122.24646829
4643269,2026-05-31T10:52:06,254.66,0,F,2827.53,9932.66,47.67841398,-122.24646829,E,0,2817.85,9964.7,47.67841398,-122.24646829
4644348,2026-05-31T10:52:07,258.3,0,F,2827.53,9932.66,47.67841398,-122.24646829,E,0,2817.85,9964.7,47.67841398,-122.24646829
4645411,2026-05-31T10:52:08,268.79,0,F,2827.53,9932.66,47.67841398,-122.24646829,E,0,2817.85,9964.7,47.67841398,-122.24646829
4646480,2026-05-31T10:52:09,293.02,0,F,2827.53,9932.66,47.67841398,-122.24646829,E,0,2817.85,9964.7,47.67841398,-122.24646829
4647550,2026-05-31T10:52:10,316.48,0,F,2827.53,9932.66,47.67841398,-122.24646829,E,0,2817.85,9964.7,47.67841398,-122.24646829
4648628,2026-05-31T10:52:12,334.41,0,F,2827.53,9932.66,47.67841398,-122.24646829,E,0,2817.85,9964.7,47.67841398,-122.24646829
4649708,2026-05-31T10:52:13,343.65,0,F,2827.53,9932.66,47.67841398,-122.24646829,E,0,2817.85,9964.7,47.67841398,-122.24646829
4650778,2026-05-31T10:52:14,356.96,0,F,2827.53,9932.66,47.67841398,-122.24646829,E,0,2817.85,9964.7,47.67841398,-122.24646829
4651849,2026-05-31T10:52:15,13.71,0,F,2827.53,9932.66,47.67841398,-122.24646829,E,0,2817.85,9964.7,47.67841398,-122.24646829
4652854,2026-05-31T10:52:16,24.38,0,F,2827.53,9932.66,47.67841398,-122.24646829,E,0,2817.85,9964.7,47.67841398,-122.24646829
4653935,2026-05-31T10:52:17,33.85,0.03,F,2827.53,9932.66,47.67841416,-122.24646811,E,0.0224,2817.87,9964.72,47.67841416,-122.24646811
4655005,2026-05-31T10:52:18,39.73,0.034,F,2827.56,9932.67,47.67841434,-122.24646788,E,0.0253,2817.88,9964.74,47.67841434,-122.24646788
4656083,2026-05-31T10:52:19,40.76,0.024,F,2827.59,9932.67,47.67841448,-122.24646771,E,0.0179,2817.9,9964.75,47.67841448,-122.24646771
4657153,2026-05-31T10:52:20,41.66,0.017,F,2827.6,9932.67,47.67841457,-122.24646759,E,0.0127,2817.91,9964.76,47.67841457,-122.24646759
4658232,2026-05-31T10:52:21,44.62,0.039,F,2827.62,9932.67,47.67841477,-122.2464673,E,0.0291,2817.93,9964.78,47.67841477,-122.2464673
4659318,2026-05-31T10:52:22,49.26,0.04,F,2827.65,9932.68,47.67841496,-122.24646697,E,0.0298,2817.95,9964.81,47.67841496,-122.24646697
4660388,2026-05-31T10:52:23,49.66,0.044,F,2827.68,9932.68,47.67841516,-122.24646662,E,0.0328,2817.98,9964.83,47.67841516,-122.24646662
4661458,2026-05-31T10:52:24,50.02,0.085,F,2827.74,9932.73,47.67841555,-122.24646592,E,0.0634,2818.03,9964.87,47.67841555,-122.24646592
4662539,2026-05-31T10:52:25,48.22,0.059,F,2827.79,9932.77,47.67841584,-122.24646545,E,0.044,2818.07,9964.9,47.67841584,-122.24646545
4663618,2026-05-31T10:52:26,31.64,0.086,F,2827.84,9932.83,47.67841637,-122.24646497,E,0.0641,2818.1,9964.96,47.67841637,-122.24646497
4664697,2026-05-31T10:52:28,22.56,0.073,F,2827.88,9932.92,47.67841685,-122.24646467,E,0.0544,2818.13,9965.02,47.67841685,-122.24646467
4665767,2026-05-31T10:52:29,14.68,0.051,F,2827.91,9933.02,47.67841721,-122.24646453,E,0.038,2818.14,9965.06,47.67841721,-122.24646453
4666836,2026-05-31T10:52:30,8.38,0.049,F,2827.91,9933.08,47.67841755,-122.24646446,E,0.0365,2818.14,9965.09,47.67841755,-122.24646446
4667915,2026-05-31T10:52:31,352.54,0.035,F,2827.91,9933.09,47.67841781,-122.2464645,E,0.0261,2818.14,9965.12,47.67841781,-122.2464645
4668988,2026-05-31T10:52:32,329.99,0.024,F,2827.91,9933.1,47.67841795,-122.24646463,E,0.0179,2818.13,9965.14,47.67841795,-122.24646463
4670058,2026-05-31T10:52:33,286.4,0.017,F,2827.89,9933.1,47.67841799,-122.24646481,E,0.0127,2818.11,9965.14,47.67841799,-122.24646481
4671137,2026-05-31T10:52:34,238.92,0.026,F,2827.86,9933.1,47.67841789,-122.24646504,E,0.0194,2818.1,9965.13,47.67841789,-122.24646504
4672216,2026-05-31T10:52:35,215.15,0.018,F,2827.84,9933.1,47.67841779,-122.24646516,E,0.0134,2818.09,9965.12,47.67841779,-122.24646516
4673305,2026-05-31T10:52:36,205.71,0.013,F,2827.84,9933.1,47.6784177,-122.24646522,E,0.0097,2818.08,9965.11,47.6784177,-122.24646522
4674368,2026-05-31T10:52:37,201.34,0.009,F,2827.84,9933.1,47.67841764,-122.24646525,E,0.0067,2818.08,9965.1,47.67841764,-122.24646525
4675447,2026-05-31T10:52:38,196.32,0.006,F,2827.84,9933.1,47.6784176,-122.24646527,E,0.0045,2818.08,9965.1,47.6784176,-122.24646527
4676509,2026-05-31T10:52:39,193.81,0.004,F,2827.84,9933.1,47.67841757,-122.24646528,E,0.003,2818.08,9965.1,47.67841757,-122.24646528
4677579,2026-05-31T10:52:40,191.62,0.003,F,2827.84,9933.1,47.67841755,-122.24646529,E,0.0022,2818.08,9965.09,47.67841755,-122.24646529
4678658,2026-05-31T10:52:42,191.75,0.002,F,2827.84,9933.1,47.67841754,-122.24646529,E,0.0015,2818.08,9965.09,47.67841754,-122.24646529
4679719,2026-05-31T10:52:43,192.25,0.001,F,2827.84,9933.1,47.67841753,-122.24646529,E,0.0007,2818.08,9965.09,47.67841753,-122.24646529
4680790,2026-05-31T10:52:44,192.73,0.001,F,2827.84,9933.1,47.67841752,-122.24646529,E,0.0007,2818.08,9965.09,47.67841752,-122.24646529
4681840,2026-05-31T10:52:45,192.14,0.001,F,2827.84,9933.1,47.67841752,-122.2464653,E,0.0007,2818.08,9965.09,47.67841752,-122.2464653
4682910,2026-05-31T10:52:46,192.88,0.001,F,2827.84,9933.1,47.67841751,-122.2464653,E,0.0007,2818.08,9965.09,47.67841751,-122.2464653
4684012,2026-05-31T10:52:47,195.7,0,F,2827.84,9933.1,47.67841751,-122.2464653,E,0,2818.08,9965.09,47.67841751,-122.2464653
4685084,2026-05-31T10:52:48,195.45,0,F,2827.84,9933.1,47.67841751,-122.2464653,E,0,2818.08,9965.09,47.67841751,-122.2464653
4686147,2026-05-31T10:52:49,194.66,0,F,2827.84,9933.1,47.67841751,-122.2464653,E,0,2818.08,9965.09,47.67841751,-122.2464653
4687217,2026-05-31T10:52:50,194.81,0,F,2827.84,9933.1,47.67841751,-122.2464653,E,0,2818.08,9965.09,47.67841751,-122.2464653
4688296,2026-05-31T10:52:51,195.63,0,F,2827.84,9933.1,47.67841751,-122.2464653,E,0,2818.08,9965.09,47.67841751,-122.2464653
4689374,2026-05-31T10:52:52,199.74,0,F,2827.84,9933.1,47.67841751,-122.2464653,E,0,2818.08,9965.09,47.67841751,-122.2464653
4690446,2026-05-31T10:52:53,202.77,0,F,2827.84,9933.1,47.67841751,-122.2464653,E,0,2818.08,9965.09,47.67841751,-122.2464653
4691525,2026-05-31T10:52:54,203.39,0,F,2827.84,9933.1,47.67841751,-122.2464653,E,0,2818.08,9965.09,47.67841751,-122.2464653
4692600,2026-05-31T10:52:55,195.52,0,F,2827.84,9933.1,47.67841751,-122.2464653,E,0,2818.08,9965.09,47.67841751,-122.2464653
4693669,2026-05-31T10:52:57,170.21,0.044,F,2827.84,9933.09,47.6784172,-122.24646522,E,0.0328,2818.08,9965.05,47.6784172,-122.24646522
4694740,2026-05-31T10:52:58,174.55,0.031,F,2827.84,9933.08,47.67841698,-122.24646519,E,0.0231,2818.09,9965.03,47.67841698,-122.24646519
4695820,2026-05-31T10:52:59,182.96,0.021,F,2827.84,9933.08,47.67841682,-122.2464652,E,0.0157,2818.09,9965.01,47.67841682,-122.2464652
4696898,2026-05-31T10:53:00,182.17,0.042,F,2827.84,9933.07,47.67841652,-122.24646522,E,0.0313,2818.08,9964.98,47.67841652,-122.24646522
4697977,2026-05-31T10:53:01,176.37,0.029,F,2827.84,9933.06,47.67841631,-122.2464652,E,0.0216,2818.09,9964.96,47.67841631,-122.2464652
4699047,2026-05-31T10:53:02,173.02,0.02,F,2827.84,9933.05,47.67841617,-122.24646517,E,0.0149,2818.09,9964.94,47.67841617,-122.24646517
4700117,2026-05-31T10:53:03,174.41,0.014,F,2827.84,9933.05,47.67841607,-122.24646516,E,0.0104,2818.09,9964.93,47.67841607,-122.24646516
4701178,2026-05-31T10:53:04,174.32,0.01,F,2827.84,9933.05,47.678416,-122.24646515,E,0.0075,2818.09,9964.92,47.678416,-122.24646515
4702241,2026-05-31T10:53:05,177.25,0.007,F,2827.84,9933.05,47.67841595,-122.24646514,E,0.0052,2818.09,9964.92,47.67841595,-122.24646514
4703312,2026-05-31T10:53:06,179.94,0.005,F,2827.84,9933.05,47.67841591,-122.24646514,E,0.0037,2818.09,9964.91,47.67841591,-122.24646514
4704383,2026-05-31T10:53:07,196.12,0.003,F,2827.84,9933.05,47.67841589,-122.24646515,E,0.0022,2818.09,9964.91,47.67841589,-122.24646515
4705470,2026-05-31T10:53:08,216.87,0.002,F,2827.84,9933.05,47.67841588,-122.24646516,E,0.0015,2818.09,9964.91,47.67841588,-122.24646516
4706550,2026-05-31T10:53:09,219.88,0.002,F,2827.84,9933.05,47.67841587,-122.24646518,E,0.0015,2818.09,9964.91,47.67841587,-122.24646518
4707613,2026-05-31T10:53:10,212.35,0.001,F,2827.84,9933.05,47.67841586,-122.24646518,E,0.0007,2818.09,9964.91,47.67841586,-122.24646518
4708692,2026-05-31T10:53:12,201.18,0.001,F,2827.84,9933.05,47.67841586,-122.24646519,E,0.0007,2818.09,9964.91,47.67841586,-122.24646519
4709771,2026-05-31T10:53:13,184.87,0.001,F,2827.84,9933.05,47.67841585,-122.24646519,E,0.0007,2818.09,9964.9,47.67841585,-122.24646519
4710826,2026-05-31T10:53:14,197.57,0.012,F,2827.84,9933.05,47.67841577,-122.24646523,E,0.0089,2818.08,9964.9,47.67841577,-122.24646523
4711894,2026-05-31T10:53:15,204.57,0.036,F,2827.83,9933.05,47.67841554,-122.24646539,E,0.0268,2818.07,9964.87,47.67841554,-122.24646539
4712972,2026-05-31T10:53:16,202.07,0.025,F,2827.82,9933.04,47.67841537,-122.24646549,E,0.0186,2818.06,9964.85,47.67841537,-122.24646549
4714038,2026-05-31T10:53:17,197.41,0.017,F,2827.82,9933.04,47.67841525,-122.24646554,E,0.0127,2818.06,9964.84,47.67841525,-122.24646554
4715099,2026-05-31T10:53:18,190.02,0.012,F,2827.82,9933.04,47.67841517,-122.24646556,E,0.0089,2818.06,9964.83,47.67841517,-122.24646556
4716159,2026-05-31T10:53:19,184.34,0.009,F,2827.82,9933.04,47.67841511,-122.24646557,E,0.0067,2818.06,9964.82,47.67841511,-122.24646557
4717219,2026-05-31T10:53:20,176.55,0.02,F,2827.82,9933.04,47.67841496,-122.24646556,E,0.0149,2818.06,9964.81,47.67841496,-122.24646556
4718288,2026-05-31T10:53:21,168.25,0.014,F,2827.82,9933.04,47.67841487,-122.24646553,E,0.0104,2818.06,9964.79,47.67841487,-122.24646553
4719367,2026-05-31T10:53:22,167.04,0.01,F,2827.82,9933.04,47.67841479,-122.2464655,E,0.0075,2818.06,9964.79,47.67841479,-122.2464655
4720463,2026-05-31T10:53:23,179.04,0.007,F,2827.82,9933.04,47.67841474,-122.2464655,E,0.0052,2818.06,9964.78,47.67841474,-122.2464655
4721533,2026-05-31T10:53:24,187.67,0.005,F,2827.82,9933.04,47.67841471,-122.24646551,E,0.0037,2818.06,9964.78,47.67841471,-122.24646551
4722604,2026-05-31T10:53:25,192.7,0.003,F,2827.82,9933.04,47.67841469,-122.24646551,E,0.0022,2818.06,9964.77,47.67841469,-122.24646551
4723692,2026-05-31T10:53:27,199.59,0.002,F,2827.82,9933.04,47.67841467,-122.24646552,E,0.0015,2818.06,9964.77,47.67841467,-122.24646552
4724762,2026-05-31T10:53:28,212.51,0.002,F,2827.82,9933.04,47.67841466,-122.24646553,E,0.0015,2818.06,9964.77,47.67841466,-122.24646553
4725832,2026-05-31T10:53:29,213.81,0.001,F,2827.82,9933.04,47.67841466,-122.24646554,E,0.0007,2818.06,9964.77,47.67841466,-122.24646554
4726911,2026-05-31T10:53:30,245.69,0.017,F,2827.82,9933.04,47.6784146,-122.24646571,E,0.0127,2818.05,9964.77,47.6784146,-122.24646571
4727981,2026-05-31T10:53:31,302.54,0.103,F,2827.73,9933.08,47.678415,-122.24646663,E,0.0768,2817.98,9964.81,47.678415,-122.24646663
4729051,2026-05-31T10:53:32,346.5,0.147,F,2827.67,9933.18,47.67841603,-122.24646699,E,0.1096,2817.95,9964.92,47.67841603,-122.24646699
4730115,2026-05-31T10:53:33,2.93,0.141,F,2827.65,9933.37,47.67841703,-122.24646692,E,0.1051,2817.96,9965.04,47.67841703,-122.24646692
4731185,2026-05-31T10:53:34,21.07,0.098,F,2827.68,9933.47,47.67841768,-122.24646654,E,0.0731,2817.98,9965.11,47.67841768,-122.24646654
4732263,2026-05-31T10:53:35,45.95,0.096,F,2827.74,9933.58,47.67841817,-122.2464658,E,0.0716,2818.04,9965.16,47.67841817,-122.2464658
4733332,2026-05-31T10:53:36,68.27,0.067,F,2827.81,9933.61,47.67841834,-122.24646514,E,0.0499,2818.09,9965.18,47.67841834,-122.24646514
4734411,2026-05-31T10:53:37,80.93,0.047,F,2827.87,9933.61,47.6784184,-122.24646465,E,0.035,2818.13,9965.19,47.6784184,-122.24646465
4735482,2026-05-31T10:53:38,78.29,0.033,F,2827.91,9933.61,47.67841845,-122.2464643,E,0.0246,2818.15,9965.19,47.67841845,-122.2464643
4736569,2026-05-31T10:53:39,51.57,0.181,F,2828,9933.66,47.67841926,-122.24646277,E,0.1349,2818.27,9965.28,47.67841926,-122.24646277
4737640,2026-05-31T10:53:41,48.43,0.321,F,2828.21,9933.84,47.67842079,-122.24646022,E,0.2393,2818.46,9965.45,47.67842079,-122.24646022
4738709,2026-05-31T10:53:42,47.31,0.405,F,2828.51,9934.08,47.67842276,-122.24645706,E,0.3019,2818.7,9965.67,47.67842276,-122.24645706
4739780,2026-05-31T10:53:43,43.35,0.506,F,2828.86,9934.42,47.6784254,-122.24645336,E,0.3772,2818.97,9965.97,47.6784254,-122.24645336
4740849,2026-05-31T10:53:44,36.08,0.593,F,2829.23,9934.86,47.67842883,-122.24644966,E,0.4421,2819.25,9966.35,47.67842883,-122.24644966
4741897,2026-05-31T10:53:45,30.62,0.642,F,2829.58,9935.41,47.67843271,-122.24644625,E,0.4786,2819.51,9966.78,47.67843271,-122.24644625
4742975,2026-05-31T10:53:46,23.42,0.685,F,2829.91,9936.04,47.67843724,-122.24644334,E,0.5107,2819.73,9967.29,47.67843724,-122.24644334
4743981,2026-05-31T10:53:47,15.37,0.701,F,2830.14,9936.7,47.6784418,-122.24644148,E,0.5226,2819.87,9967.79,47.6784418,-122.24644148
4745059,2026-05-31T10:53:48,8.02,0.713,F,2830.3,9937.45,47.67844689,-122.24644042,E,0.5315,2819.95,9968.36,47.67844689,-122.24644042
4746129,2026-05-31T10:53:49,352.51,0.692,F,2830.31,9938.19,47.67845181,-122.24644138,E,0.5159,2819.87,9968.91,47.67845181,-122.24644138
4747208,2026-05-31T10:53:50,328.87,0.522,F,2830.13,9938.82,47.67845504,-122.24644427,E,0.3892,2819.66,9969.27,47.67845504,-122.24644427
4748286,2026-05-31T10:53:51,287.19,0.365,F,2829.78,9939.11,47.67845582,-122.246448,E,0.2721,2819.38,9969.35,47.67845582,-122.246448
4749347,2026-05-31T10:53:52,263.58,0.256,F,2829.45,9939.14,47.67845561,-122.24645068,E,0.1908,2819.18,9969.33,47.67845561,-122.24645068
4750427,2026-05-31T10:53:53,235.07,0.179,F,2829.24,9939.05,47.67845487,-122.24645226,E,0.1334,2819.06,9969.25,47.67845487,-122.24645226
4751507,2026-05-31T10:53:54,218.48,0.125,F,2829.11,9938.95,47.67845417,-122.24645309,E,0.0932,2818.99,9969.17,47.67845417,-122.24645309
4752574,2026-05-31T10:53:55,213.23,0.088,F,2829.05,9938.84,47.67845364,-122.2464536,E,0.0656,2818.96,9969.11,47.67845364,-122.2464536
4753645,2026-05-31T10:53:57,216.34,0.061,F,2829,9938.75,47.67845329,-122.24645398,E,0.0455,2818.93,9969.07,47.67845329,-122.24645398
4754697,2026-05-31T10:53:58,224.81,0.105,F,2828.96,9938.72,47.67845276,-122.24645476,E,0.0783,2818.87,9969.01,47.67845276,-122.24645476
4755775,2026-05-31T10:53:59,224.17,0.243,F,2828.84,9938.58,47.6784515,-122.24645657,E,0.1812,2818.73,9968.87,47.6784515,-122.24645657
4756854,2026-05-31T10:54:00,238.84,0.379,F,2828.57,9938.38,47.67845009,-122.24646004,E,0.2825,2818.47,9968.72,47.67845009,-122.24646004
4757934,2026-05-31T10:54:01,269.45,0.476,F,2828.15,9938.21,47.67845005,-122.24646515,E,0.3549,2818.09,9968.71,47.67845005,-122.24646515
4759006,2026-05-31T10:54:02,305.6,0.585,F,2827.64,9938.42,47.6784525,-122.24647021,E,0.4361,2817.71,9968.98,47.6784525,-122.24647021
4760087,2026-05-31T10:54:03,309.7,0.615,F,2827.12,9938.84,47.67845534,-122.24647529,E,0.4585,2817.33,9969.3,47.67845534,-122.24647529
4761162,2026-05-31T10:54:04,321.37,0.663,F,2826.66,9939.35,47.67845907,-122.24647971,E,0.4943,2817,9969.72,47.67845907,-122.24647971
4762223,2026-05-31T10:54:05,328.64,0.703,F,2826.26,9939.96,47.67846334,-122.24648356,E,0.5241,2816.71,9970.19,47.67846334,-122.24648356
4763284,2026-05-31T10:54:06,324.35,0.705,F,2825.84,9940.58,47.67846741,-122.24648789,E,0.5256,2816.38,9970.64,47.67846741,-122.24648789
4764356,2026-05-31T10:54:07,315.61,0.716,F,2825.35,9941.16,47.67847108,-122.24649322,E,0.5338,2815.98,9971.05,47.67847108,-122.24649322
4765435,2026-05-31T10:54:08,311.07,0.723,F,2824.78,9941.68,47.67847451,-122.24649906,E,0.539,2815.54,9971.43,47.67847451,-122.24649906
4766515,2026-05-31T10:54:09,315.15,0.728,F,2824.2,9942.21,47.67847825,-122.24650457,E,0.5427,2815.13,9971.85,47.67847825,-122.24650457
4767603,2026-05-31T10:54:10,322.17,0.73,F,2823.69,9942.81,47.67848245,-122.24650941,E,0.5442,2814.77,9972.32,47.67848245,-122.24650941
4768680,2026-05-31T10:54:12,325.38,0.718,F,2823.23,9943.45,47.67848671,-122.24651377,E,0.5353,2814.44,9972.79,47.67848671,-122.24651377
4769760,2026-05-31T10:54:13,324.41,0.709,F,2822.79,9944.09,47.67849088,-122.24651819,E,0.5286,2814.11,9973.26,47.67849088,-122.24651819
4770832,2026-05-31T10:54:14,307.73,0.678,F,2822.3,9944.64,47.67849386,-122.2465239,E,0.5054,2813.68,9973.59,47.67849386,-122.2465239
4771898,2026-05-31T10:54:15,299.71,0.687,F,2821.7,9945.04,47.67849629,-122.24653022,E,0.5122,2813.2,9973.86,47.67849629,-122.24653022
4772977,2026-05-31T10:54:16,304.48,0.7,F,2821.05,9945.43,47.67849915,-122.2465364,E,0.5219,2812.74,9974.18,47.67849915,-122.2465364
4774046,2026-05-31T10:54:17,312.72,0.713,F,2820.46,9945.89,47.67850261,-122.24654196,E,0.5315,2812.32,9974.56,47.67850261,-122.24654196
4775115,2026-05-31T10:54:18,322.66,0.696,F,2819.96,9946.45,47.67850658,-122.24654644,E,0.5189,2811.99,9975,47.67850658,-122.24654644
4776178,2026-05-31T10:54:19,324.82,0.711,F,2819.52,9947.07,47.67851071,-122.24655076,E,0.5301,2811.66,9975.46,47.67851071,-122.24655076
4777249,2026-05-31T10:54:20,331.47,0.735,F,2819.11,9947.72,47.67851534,-122.2465545,E,0.5479,2811.38,9975.98,47.67851534,-122.2465545
4778309,2026-05-31T10:54:21,331.46,0.725,F,2818.74,9948.43,47.67851987,-122.24655814,E,0.5405,2811.11,9976.48,47.67851987,-122.24655814
4779389,2026-05-31T10:54:22,330.69,0.714,F,2818.37,9949.1,47.67852437,-122.24656189,E,0.5323,2810.83,9976.98,47.67852437,-122.24656189
4780459,2026-05-31T10:54:23,327.51,0.721,F,2817.96,9949.73,47.67852873,-122.24656601,E,0.5375,2810.52,9977.47,47.67852873,-122.24656601
4781548,2026-05-31T10:54:24,328.8,0.764,F,2817.53,9950.43,47.67853349,-122.24657029,E,0.5696,2810.2,9978,47.67853349,-122.24657029
4782617,2026-05-31T10:54:25,328.91,0.784,F,2817.11,9951.16,47.6785383,-122.24657458,E,0.5845,2809.87,9978.54,47.6785383,-122.24657458
4783686,2026-05-31T10:54:27,331.25,0.785,F,2816.69,9951.9,47.67854323,-122.24657859,E,0.5852,2809.57,9979.08,47.67854323,-122.24657859
4784764,2026-05-31T10:54:28,330.05,0.757,F,2816.27,9952.62,47.67854796,-122.24658264,E,0.5643,2809.27,9979.61,47.67854796,-122.24658264
4785825,2026-05-31T10:54:29,333.62,0.77,F,2815.9,9953.35,47.67855286,-122.24658624,E,0.574,2809,9980.16,47.67855286,-122.24658624
4786904,2026-05-31T10:54:30,336.75,0.773,F,2815.55,9954.09,47.67855799,-122.24658951,E,0.5763,2808.75,9980.73,47.67855799,-122.24658951
4787974,2026-05-31T10:54:31,338.76,0.75,F,2815.24,9954.83,47.678563,-122.2465924,E,0.5591,2808.54,9981.29,47.678563,-122.2465924
4789053,2026-05-31T10:54:32,336.23,0.746,F,2814.93,9955.58,47.67856794,-122.24659562,E,0.5561,2808.29,9981.83,47.67856794,-122.24659562
4790131,2026-05-31T10:54:33,333.6,0.744,F,2814.58,9956.31,47.67857275,-122.24659916,E,0.5547,2808.03,9982.37,47.67857275,-122.24659916
4791201,2026-05-31T10:54:34,335.23,0.759,F,2814.23,9957.04,47.67857769,-122.24660254,E,0.5658,2807.77,9982.92,47.67857769,-122.24660254
4792271,2026-05-31T10:54:35,333.87,0.754,F,2813.89,9957.78,47.67858254,-122.24660607,E,0.5621,2807.51,9983.46,47.67858254,-122.24660607
4793359,2026-05-31T10:54:36,332.67,0.749,F,2813.53,9958.52,47.67858739,-122.24660978,E,0.5584,2807.23,9984,47.67858739,-122.24660978
4794428,2026-05-31T10:54:37,328.61,0.749,F,2813.14,9959.23,47.67859196,-122.24661392,E,0.5584,2806.92,9984.51,47.67859196,-122.24661392
4795498,2026-05-31T10:54:38,327.18,0.776,F,2812.7,9959.92,47.67859664,-122.24661839,E,0.5785,2806.58,9985.03,47.67859664,-122.24661839
4796586,2026-05-31T10:54:39,325.79,0.775,F,2812.22,9960.63,47.67860131,-122.2466231,E,0.5778,2806.23,9985.55,47.67860131,-122.2466231
4797656,2026-05-31T10:54:41,324.16,0.777,F,2811.76,9961.35,47.67860582,-122.24662793,E,0.5793,2805.87,9986.05,47.67860582,-122.24662793
4798744,2026-05-31T10:54:42,317.14,0.777,F,2811.22,9961.99,47.67860997,-122.24663364,E,0.5793,2805.44,9986.51,47.67860997,-122.24663364
4799808,2026-05-31T10:54:43,311.3,0.796,F,2810.63,9962.58,47.67861371,-122.24663996,E,0.5934,2804.96,9986.93,47.67861371,-122.24663996
4800888,2026-05-31T10:54:44,308.1,0.807,F,2809.95,9963.11,47.67861731,-122.24664677,E,0.6016,2804.45,9987.33,47.67861731,-122.24664677
4801953,2026-05-31T10:54:45,312.35,0.804,F,2809.3,9963.65,47.67862118,-122.24665305,E,0.5994,2803.98,9987.76,47.67862118,-122.24665305
4803032,2026-05-31T10:54:46,309.15,0.783,F,2808.64,9964.2,47.67862475,-122.24665956,E,0.5837,2803.49,9988.16,47.67862475,-122.24665956
4804140,2026-05-31T10:54:47,311.25,0.793,F,2807.98,9964.74,47.67862863,-122.24666612,E,0.5912,2803,9988.59,47.67862863,-122.24666612
4805219,2026-05-31T10:54:48,306.67,0.801,F,2807.31,9965.28,47.67863209,-122.246673,E,0.5971,2802.48,9988.98,47.67863209,-122.246673
4806288,2026-05-31T10:54:49,309.98,0.812,F,2806.62,9965.8,47.67863582,-122.24667961,E,0.6053,2801.99,9989.39,47.67863582,-122.24667961
4807359,2026-05-31T10:54:50,311.86,0.822,F,2805.97,9966.36,47.67863975,-122.24668612,E,0.6128,2801.5,9989.83,47.67863975,-122.24668612
4808438,2026-05-31T10:54:51,312.08,0.838,F,2805.31,9966.98,47.67864381,-122.24669278,E,0.6247,2801,9990.28,47.67864381,-122.24669278
4809517,2026-05-31T10:54:52,315.62,0.861,F,2804.64,9967.61,47.67864826,-122.24669923,E,0.6419,2800.51,9990.78,47.67864826,-122.24669923
4810587,2026-05-31T10:54:53,316.7,0.88,F,2804,9968.29,47.67865285,-122.24670565,E,0.656,2800.03,9991.29,47.67865285,-122.24670565
4811667,2026-05-31T10:54:55,318.45,0.892,F,2803.35,9969.01,47.67865768,-122.24671199,E,0.665,2799.56,9991.82,47.67865768,-122.24671199
4812755,2026-05-31T10:54:56,318.48,0.884,F,2802.71,9969.75,47.6786625,-122.24671832,E,0.659,2799.08,9992.36,47.6786625,-122.24671832
4813833,2026-05-31T10:54:57,321.11,0.911,F,2802.08,9970.48,47.67866762,-122.24672444,E,0.6792,2798.62,9992.93,47.67866762,-122.24672444
4814912,2026-05-31T10:54:58,323.79,0.928,F,2801.47,9971.26,47.67867303,-122.24673032,E,0.6918,2798.18,9993.53,47.67867303,-122.24673032
4815982,2026-05-31T10:54:59,323.61,0.928,F,2800.9,9972.08,47.67867838,-122.24673617,E,0.6918,2797.74,9994.13,47.67867838,-122.24673617
4817061,2026-05-31T10:55:00,323.91,0.912,F,2800.32,9972.91,47.67868371,-122.24674192,E,0.6799,2797.31,9994.72,47.67868371,-122.24674192
4818140,2026-05-31T10:55:01,319.96,0.929,F,2799.71,9973.68,47.67868885,-122.24674832,E,0.6926,2796.83,9995.29,47.67868885,-122.24674832
4819213,2026-05-31T10:55:02,315.19,0.93,F,2799.04,9974.42,47.67869359,-122.24675531,E,0.6933,2796.3,9995.82,47.67869359,-122.24675531
4820283,2026-05-31T10:55:03,311.53,0.931,F,2798.31,9975.08,47.67869801,-122.24676271,E,0.6941,2795.75,9996.31,47.67869801,-122.24676271
4821355,2026-05-31T10:55:04,312.48,0.93,F,2797.57,9975.71,47.67870252,-122.24677001,E,0.6933,2795.2,9996.82,47.67870252,-122.24677001
4822426,2026-05-31T10:55:05,313.6,0.928,F,2796.85,9976.42,47.67870711,-122.24677716,E,0.6918,2794.66,9997.33,47.67870711,-122.24677716
4823496,2026-05-31T10:55:06,314.43,0.913,F,2796.14,9977.14,47.67871169,-122.24678409,E,0.6806,2794.14,9997.84,47.67871169,-122.24678409
4824576,2026-05-31T10:55:07,312.71,0.887,F,2795.43,9977.79,47.67871604,-122.24679108,E,0.6613,2793.62,9998.32,47.67871604,-122.24679108
4825655,2026-05-31T10:55:09,310.57,0.898,F,2794.72,9978.43,47.67872026,-122.24679838,E,0.6695,2793.07,9998.79,47.67872026,-122.24679838
4826734,2026-05-31T10:55:10,313.79,0.906,F,2793.98,9979.06,47.67872479,-122.24680539,E,0.6754,2792.54,9999.3,47.67872479,-122.24680539
4827823,2026-05-31T10:55:11,321.19,0.866,F,2793.33,9979.78,47.67872971,-122.24681126,E,0.6456,2792.1,9999.84,47.67872971,-122.24681126
4828885,2026-05-31T10:55:12,325.69,0.845,F,2792.79,9980.51,47.67873468,-122.24681628,E,0.6299,2791.73,10000.4,47.67873468,-122.24681628
4829956,2026-05-31T10:55:13,330.02,0.855,F,2792.3,9981.27,47.67873999,-122.24682083,E,0.6374,2791.39,10000.99,47.67873999,-122.24682083
4831013,2026-05-31T10:55:14,331.18,0.852,F,2791.88,9982.08,47.67874527,-122.24682514,E,0.6352,2791.06,10001.58,47.67874527,-122.24682514
4832093,2026-05-31T10:55:15,326.31,0.844,F,2791.41,9982.86,47.67875035,-122.24683016,E,0.6292,2790.68,10002.14,47.67875035,-122.24683016
4833139,2026-05-31T10:55:16,328.04,0.845,F,2790.92,9983.59,47.67875537,-122.2468348,E,0.6299,2790.34,10002.7,47.67875537,-122.2468348
4834232,2026-05-31T10:55:17,331.23,0.838,F,2790.44,9984.35,47.67876075,-122.24683918,E,0.6247,2790.01,10003.3,47.67876075,-122.24683918
4835311,2026-05-31T10:55:18,321.44,0.806,F,2789.97,9985.09,47.67876531,-122.24684456,E,0.6009,2789.6,10003.81,47.67876531,-122.24684456
4836401,2026-05-31T10:55:19,310.04,0.782,F,2789.35,9985.7,47.67876898,-122.24685104,E,0.583,2789.12,10004.21,47.67876898,-122.24685104
4837472,2026-05-31T10:55:20,291.88,0.781,F,2788.65,9986.15,47.67877107,-122.24685875,E,0.5822,2788.54,10004.45,47.67877107,-122.24685875
4838552,2026-05-31T10:55:21,291.9,0.796,F,2787.84,9986.41,47.67877321,-122.24686667,E,0.5934,2787.94,10004.69,47.67877321,-122.24686667
4839622,2026-05-31T10:55:23,298.15,0.778,F,2787.08,9986.79,47.67877584,-122.24687396,E,0.58,2787.4,10004.98,47.67877584,-122.24687396
4840691,2026-05-31T10:55:24,299.4,0.796,F,2786.35,9987.21,47.67877864,-122.24688132,E,0.5934,2786.84,10005.29,47.67877864,-122.24688132
4841770,2026-05-31T10:55:25,303.54,0.805,F,2785.6,9987.64,47.67878185,-122.24688851,E,0.6001,2786.3,10005.65,47.67878185,-122.24688851
4842850,2026-05-31T10:55:26,312.05,0.782,F,2784.92,9988.16,47.67878564,-122.24689474,E,0.583,2785.84,10006.07,47.67878564,-122.24689474
4843913,2026-05-31T10:55:27,318.58,0.771,F,2784.34,9988.77,47.67878976,-122.24690012,E,0.5748,2785.43,10006.53,47.67878976,-122.24690012
4844993,2026-05-31T10:55:28,318.86,0.761,F,2783.8,9989.4,47.6787939,-122.24690549,E,0.5673,2785.03,10006.99,47.6787939,-122.24690549
4846054,2026-05-31T10:55:29,321.03,0.73,F,2783.29,9990.01,47.67879794,-122.24691033,E,0.5442,2784.67,10007.44,47.67879794,-122.24691033
4847133,2026-05-31T10:55:30,317.58,0.714,F,2782.81,9990.64,47.67880174,-122.24691549,E,0.5323,2784.28,10007.86,47.67880174,-122.24691549
4848205,2026-05-31T10:55:31,308.24,0.722,F,2782.22,9991.14,47.67880495,-122.24692152,E,0.5383,2783.82,10008.22,47.67880495,-122.24692152
4849276,2026-05-31T10:55:32,307.18,0.727,F,2781.6,9991.64,47.6788081,-122.24692768,E,0.542,2783.36,10008.57,47.6788081,-122.24692768
4850356,2026-05-31T10:55:33,303.06,0.744,F,2780.95,9992.08,47.67881104,-122.24693437,E,0.5547,2782.86,10008.9,47.67881104,-122.24693437
4851436,2026-05-31T10:55:34,309.59,0.77,F,2780.3,9992.57,47.67881459,-122.24694073,E,0.574,2782.38,10009.29,47.67881459,-122.24694073
4852515,2026-05-31T10:55:35,312.71,0.79,F,2779.66,9993.1,47.67881846,-122.24694695,E,0.5889,2781.92,10009.72,47.67881846,-122.24694695
4853585,2026-05-31T10:55:36,319.53,0.803,F,2779.06,9993.72,47.67882284,-122.24695249,E,0.5986,2781.5,10010.21,47.67882284,-122.24695249
4854655,2026-05-31T10:55:38,333.36,0.8,F,2778.6,9994.42,47.67882796,-122.2469563,E,0.5964,2781.21,10010.78,47.67882796,-122.2469563
4855726,2026-05-31T10:55:39,344.38,0.797,F,2778.29,9995.22,47.67883347,-122.24695858,E,0.5942,2781.04,10011.39,47.67883347,-122.24695858
4856796,2026-05-31T10:55:40,352.68,0.808,F,2778.12,9996.06,47.67883921,-122.24695968,E,0.6024,2780.96,10012.03,47.67883921,-122.24695968
4857885,2026-05-31T10:55:41,1.16,0.823,F,2778.06,9996.93,47.67884521,-122.2469595,E,0.6135,2780.97,10012.7,47.67884521,-122.2469595
4858972,2026-05-31T10:55:42,8.51,0.822,F,2778.15,9997.79,47.67885113,-122.24695818,E,0.6128,2781.07,10013.36,47.67885113,-122.24695818
4860041,2026-05-31T10:55:43,0.9,0.814,F,2778.25,9998.64,47.67885696,-122.24695805,E,0.6068,2781.08,10014.01,47.67885696,-122.24695805
4861114,2026-05-31T10:55:44,325.78,0.794,F,2778.06,9999.46,47.67886167,-122.2469628,E,0.5919,2780.73,10014.53,47.67886167,-122.2469628
4862193,2026-05-31T10:55:45,277.11,0.778,F,2777.36,9999.87,47.67886237,-122.24697108,E,0.58,2780.1,10014.61,47.67886237,-122.24697108
4863271,2026-05-31T10:55:46,271.81,0.752,F,2776.54,9999.82,47.67886254,-122.24697912,E,0.5606,2779.5,10014.63,47.67886254,-122.24697912
4864354,2026-05-31T10:55:47,312.48,0.695,F,2775.85,10000.12,47.67886594,-122.24698463,E,0.5181,2779.09,10015.01,47.67886594,-122.24698463
4865433,2026-05-31T10:55:48,316.1,0.693,F,2775.32,10000.65,47.67886955,-122.24698978,E,0.5166,2778.7,10015.41,47.67886955,-122.24698978
4866513,2026-05-31T10:55:49,315.03,0.692,F,2774.79,10001.18,47.67887309,-122.24699503,E,0.5159,2778.31,10015.8,47.67887309,-122.24699503
4867585,2026-05-31T10:55:50,318.1,0.72,F,2774.27,10001.72,47.67887694,-122.24700014,E,0.5368,2777.92,10016.23,47.67887694,-122.24700014
4868656,2026-05-31T10:55:52,320.83,0.755,F,2773.76,10002.33,47.67888114,-122.24700522,E,0.5629,2777.54,10016.7,47.67888114,-122.24700522
4869726,2026-05-31T10:55:53,325.32,0.779,F,2773.27,10002.98,47.67888573,-122.24700993,E,0.5807,2777.19,10017.21,47.67888573,-122.24700993
4870795,2026-05-31T10:55:54,334.39,0.782,F,2772.85,10003.7,47.67889078,-122.24701351,E,0.583,2776.92,10017.77,47.67889078,-122.24701351
4871875,2026-05-31T10:55:55,337.4,0.783,F,2772.52,10004.45,47.67889601,-122.24701674,E,0.5837,2776.68,10018.36,47.67889601,-122.24701674
4872955,2026-05-31T10:55:56,335.62,0.783,F,2772.19,10005.2,47.67890116,-122.24702021,E,0.5837,2776.42,10018.93,47.67890116,-122.24702021
4874035,2026-05-31T10:55:57,332.13,0.783,F,2771.81,10005.94,47.67890617,-122.24702413,E,0.5837,2776.12,10019.49,47.67890617,-122.24702413
4875115,2026-05-31T10:55:58,329.02,0.77,F,2771.4,10006.68,47.67891095,-122.24702838,E,0.574,2775.8,10020.02,47.67891095,-122.24702838
4876194,2026-05-31T10:55:59,326.94,0.761,F,2770.98,10007.4,47.67891555,-122.24703283,E,0.5673,2775.47,10020.53,47.67891555,-122.24703283
4877272,2026-05-31T10:56:00,319.91,0.725,F,2770.5,10008.04,47.67891956,-122.24703783,E,0.5405,2775.09,10020.98,47.67891956,-122.24703783
4878351,2026-05-31T10:56:01,301.78,0.728,F,2769.9,10008.54,47.67892233,-122.24704446,E,0.5427,2774.6,10021.29,47.67892233,-122.24704446
4879431,2026-05-31T10:56:02,301.72,0.745,F,2769.24,10008.96,47.67892516,-122.24705125,E,0.5554,2774.08,10021.6,47.67892516,-122.24705125
4880500,2026-05-31T10:56:03,305.64,0.761,F,2768.57,10009.38,47.67892834,-122.24705782,E,0.5673,2773.59,10021.95,47.67892834,-122.24705782
4881570,2026-05-31T10:56:04,306.62,0.755,F,2767.92,10009.89,47.67893156,-122.24706426,E,0.5629,2773.11,10022.31,47.67893156,-122.24706426
4882648,2026-05-31T10:56:06,310.83,0.748,F,2767.27,10010.41,47.67893509,-122.24707031,E,0.5576,2772.65,10022.71,47.67893509,-122.24707031
4883717,2026-05-31T10:56:07,314.47,0.745,F,2766.69,10010.94,47.67893883,-122.24707596,E,0.5554,2772.23,10023.12,47.67893883,-122.24707596
4884788,2026-05-31T10:56:08,314.21,0.76,F,2766.12,10011.49,47.67894263,-122.24708175,E,0.5666,2771.8,10023.55,47.67894263,-122.24708175
4885867,2026-05-31T10:56:09,314.85,0.78,F,2765.54,10012.09,47.67894661,-122.24708768,E,0.5815,2771.35,10023.99,47.67894661,-122.24708768
4886928,2026-05-31T10:56:10,311.55,0.8,F,2764.92,10012.66,47.67895038,-122.24709398,E,0.5964,2770.88,10024.41,47.67895038,-122.24709398
4888015,2026-05-31T10:56:11,311.85,0.807,F,2764.27,10013.21,47.6789543,-122.24710047,E,0.6016,2770.39,10024.84,47.6789543,-122.24710047
4889093,2026-05-31T10:56:12,312.06,0.826,F,2763.61,10013.83,47.67895829,-122.24710704,E,0.6158,2769.9,10025.29,47.67895829,-122.24710704
4890156,2026-05-31T10:56:13,313.7,0.829,F,2762.97,10014.45,47.67896237,-122.24711336,E,0.618,2769.42,10025.74,47.67896237,-122.24711336
4891221,2026-05-31T10:56:14,323.01,0.82,F,2762.38,10015.09,47.67896704,-122.24711858,E,0.6113,2769.03,10026.26,47.67896704,-122.24711858
4892300,2026-05-31T10:56:15,329.36,0.81,F,2761.89,10015.83,47.67897208,-122.247123,E,0.6039,2768.7,10026.82,47.67897208,-122.247123
4893370,2026-05-31T10:56:16,331.02,0.791,F,2761.48,10016.57,47.67897703,-122.24712707,E,0.5897,2768.39,10027.38,47.67897703,-122.24712707
4894373,2026-05-31T10:56:17,334.1,0.805,F,2761.11,10017.26,47.6789819,-122.24713058,E,0.6001,2768.13,10027.92,47.6789819,-122.24713058
4895451,2026-05-31T10:56:18,336.64,0.77,F,2760.76,10018,47.678987,-122.24713384,E,0.574,2767.88,10028.48,47.678987,-122.24713384
4896512,2026-05-31T10:56:19,330.83,0.777,F,2760.4,10018.74,47.67899182,-122.24713783,E,0.5793,2767.58,10029.02,47.67899182,-122.24713783
4897575,2026-05-31T10:56:20,327.14,0.769,F,2759.98,10019.45,47.67899642,-122.24714224,E,0.5733,2767.25,10029.53,47.67899642,-122.24714224
4898655,2026-05-31T10:56:22,324.53,0.756,F,2759.52,10020.17,47.67900087,-122.24714694,E,0.5636,2766.9,10030.03,47.67900087,-122.24714694
4899735,2026-05-31T10:56:23,312.48,0.719,F,2758.98,10020.76,47.67900439,-122.24715263,E,0.536,2766.47,10030.42,47.67900439,-122.24715263
4900824,2026-05-31T10:56:24,314.83,0.708,F,2758.42,10021.3,47.67900803,-122.24715806,E,0.5278,2766.07,10030.83,47.67900803,-122.24715806
4901895,2026-05-31T10:56:25,323.52,0.718,F,2757.93,10021.87,47.67901217,-122.2471626,E,0.5353,2765.73,10031.29,47.67901217,-122.2471626
4902965,2026-05-31T10:56:26,323.95,0.752,F,2757.45,10022.5,47.67901652,-122.2471673,E,0.5606,2765.37,10031.77,47.67901652,-122.2471673
4904053,2026-05-31T10:56:27,328.92,0.774,F,2757,10023.2,47.67902135,-122.24717162,E,0.577,2765.05,10032.31,47.67902135,-122.24717162
4905130,2026-05-31T10:56:28,331.33,0.807,F,2756.57,10023.93,47.67902646,-122.24717576,E,0.6016,2764.74,10032.88,47.67902646,-122.24717576
4906199,2026-05-31T10:56:29,333.92,0.802,F,2756.18,10024.67,47.67903162,-122.2471795,E,0.5979,2764.46,10033.45,47.67903162,-122.2471795
4907277,2026-05-31T10:56:30,333.53,0.765,F,2755.8,10025.41,47.67903656,-122.24718315,E,0.5703,2764.18,10034,47.67903656,-122.24718315
4908347,2026-05-31T10:56:31,332.99,0.744,F,2755.44,10026.15,47.67904131,-122.24718674,E,0.5547,2763.91,10034.53,47.67904131,-122.24718674
4909401,2026-05-31T10:56:32,336.88,0.679,F,2755.11,10026.8,47.67904572,-122.24718953,E,0.5062,2763.7,10035.02,47.67904572,-122.24718953
4910483,2026-05-31T10:56:33,339.3,0.64,F,2754.86,10027.44,47.67905006,-122.24719196,E,0.4771,2763.52,10035.5,47.67905006,-122.24719196
4911562,2026-05-31T10:56:34,323.85,0.614,F,2754.57,10028.05,47.67905364,-122.24719584,E,0.4577,2763.23,10035.9,47.67905364,-122.24719584
4912617,2026-05-31T10:56:35,283.27,0.557,F,2754.07,10028.38,47.67905454,-122.24720152,E,0.4152,2762.8,10036,47.67905454,-122.24720152
4913687,2026-05-31T10:56:37,255.89,0.542,F,2753.48,10028.37,47.6790536,-122.2472071,E,0.4041,2762.38,10035.9,47.6790536,-122.2472071
4914765,2026-05-31T10:56:38,260.22,0.534,F,2752.93,10028.25,47.67905294,-122.24721274,E,0.3981,2761.96,10035.83,47.67905294,-122.24721274
4915834,2026-05-31T10:56:39,277.81,0.513,F,2752.37,10028.25,47.67905344,-122.24721813,E,0.3824,2761.56,10035.88,47.67905344,-122.24721813
4916914,2026-05-31T10:56:40,279.34,0.494,F,2751.82,10028.35,47.67905402,-122.24722336,E,0.3683,2761.16,10035.95,47.67905402,-122.24722336
4917992,2026-05-31T10:56:41,289.51,0.512,F,2751.3,10028.48,47.67905525,-122.24722853,E,0.3817,2760.78,10036.08,47.67905525,-122.24722853
4919071,2026-05-31T10:56:42,292.34,0.513,F,2750.8,10028.69,47.67905666,-122.24723361,E,0.3824,2760.39,10036.24,47.67905666,-122.24723361
4920140,2026-05-31T10:56:43,284.47,0.497,F,2750.28,10028.86,47.67905755,-122.24723872,E,0.3705,2760.01,10036.34,47.67905755,-122.24723872
4921209,2026-05-31T10:56:44,281.1,0.515,F,2749.75,10028.97,47.67905826,-122.24724408,E,0.3839,2759.61,10036.42,47.67905826,-122.24724408
4922279,2026-05-31T10:56:45,290.45,0.501,F,2749.23,10029.09,47.67905952,-122.24724907,E,0.3735,2759.23,10036.56,47.67905952,-122.24724907
4923357,2026-05-31T10:56:46,295.8,0.532,F,2748.73,10029.32,47.67906119,-122.2472542,E,0.3966,2758.85,10036.74,47.67906119,-122.2472542
4924436,2026-05-31T10:56:47,297.17,0.58,F,2748.19,10029.57,47.6790631,-122.24725972,E,0.4324,2758.43,10036.96,47.6790631,-122.24725972
4925523,2026-05-31T10:56:48,298.04,0.612,F,2747.63,10029.88,47.6790652,-122.24726555,E,0.4562,2758,10037.19,47.6790652,-122.24726555
4926593,2026-05-31T10:56:49,304.23,0.678,F,2747.03,10030.24,47.67906793,-122.24727151,E,0.5054,2757.55,10037.49,47.67906793,-122.24727151
4927671,2026-05-31T10:56:51,314.27,0.737,F,2746.44,10030.73,47.67907164,-122.24727716,E,0.5494,2757.12,10037.91,47.67907164,-122.24727716
4928750,2026-05-31T10:56:52,320.64,0.751,F,2745.9,10031.32,47.67907584,-122.24728226,E,0.5599,2756.74,10038.37,47.67907584,-122.24728226
4929819,2026-05-31T10:56:53,322.84,0.792,F,2745.39,10031.96,47.67908036,-122.24728734,E,0.5904,2756.36,10038.88,47.67908036,-122.24728734
4930891,2026-05-31T10:56:54,299.69,0.805,F,2744.76,10032.51,47.67908322,-122.24729478,E,0.6001,2755.8,10039.2,47.67908322,-122.24729478
4931961,2026-05-31T10:56:55,291.04,0.829,F,2743.96,10032.86,47.67908535,-122.247303,E,0.618,2755.18,10039.43,47.67908535,-122.247303
4933049,2026-05-31T10:56:56,298.72,0.841,F,2743.14,10033.24,47.6790883,-122.24731097,E,0.627,2754.59,10039.76,47.6790883,-122.24731097
4934118,2026-05-31T10:56:57,302.65,0.842,F,2742.37,10033.69,47.67909155,-122.2473185,E,0.6277,2754.02,10040.12,47.67909155,-122.2473185
4935186,2026-05-31T10:56:58,301.06,0.84,F,2741.61,10034.19,47.67909465,-122.24732613,E,0.6262,2753.45,10040.47,47.67909465,-122.24732613
4936247,2026-05-31T10:56:59,303.2,0.854,F,2740.84,10034.66,47.67909797,-122.24733366,E,0.6367,2752.88,10040.84,47.67909797,-122.24733366
4937318,2026-05-31T10:57:00,309.94,0.835,F,2740.12,10035.19,47.67910182,-122.24734046,E,0.6225,2752.37,10041.27,47.67910182,-122.24734046
4938381,2026-05-31T10:57:01,316.57,0.822,F,2739.48,10035.81,47.67910607,-122.24734643,E,0.6128,2751.92,10041.74,47.67910607,-122.24734643
4939442,2026-05-31T10:57:02,322.01,0.813,F,2738.91,10036.45,47.67911062,-122.2473517,E,0.6061,2751.53,10042.25,47.67911062,-122.2473517
4940520,2026-05-31T10:57:03,327.13,0.79,F,2738.42,10037.17,47.67911541,-122.24735629,E,0.5889,2751.18,10042.78,47.67911541,-122.24735629
4941590,2026-05-31T10:57:04,324.98,0.774,F,2737.96,10037.89,47.67911995,-122.24736101,E,0.577,2750.83,10043.28,47.67911995,-122.24736101
4942661,2026-05-31T10:57:06,314.65,0.778,F,2737.43,10038.53,47.67912387,-122.2473669,E,0.58,2750.39,10043.72,47.67912387,-122.2473669
4943741,2026-05-31T10:57:07,318.66,0.796,F,2736.84,10039.13,47.67912819,-122.24737253,E,0.5934,2749.96,10044.2,47.67912819,-122.24737253
4944802,2026-05-31T10:57:08,334.4,0.81,F,2736.39,10039.85,47.67913338,-122.24737622,E,0.6039,2749.69,10044.78,47.67913338,-122.24737622
4945863,2026-05-31T10:57:09,345.51,0.701,F,2736.12,10040.62,47.67913821,-122.24737807,E,0.5226,2749.55,10045.32,47.67913821,-122.24737807
4946942,2026-05-31T10:57:10,356.87,0.593,F,2736.02,10041.29,47.67914249,-122.24737842,E,0.4421,2749.52,10045.79,47.67914249,-122.24737842
4948012,2026-05-31T10:57:11,0.53,0.552,F,2736.01,10041.92,47.67914644,-122.24737836,E,0.4115,2749.53,10046.23,47.67914644,-122.24737836
4949090,2026-05-31T10:57:12,5.22,0.453,F,2736.06,10042.46,47.6791497,-122.24737792,E,0.3377,2749.56,10046.6,47.6791497,-122.24737792
4950159,2026-05-31T10:57:13,3.14,0.317,F,2736.09,10042.87,47.67915196,-122.24737774,E,0.2363,2749.57,10046.85,47.67915196,-122.24737774
4951232,2026-05-31T10:57:14,353.12,0.222,F,2736.09,10043.15,47.67915355,-122.24737802,E,0.1655,2749.55,10047.02,47.67915355,-122.24737802
4952310,2026-05-31T10:57:15,337.62,0.2,F,2736.02,10043.36,47.67915488,-122.24737883,E,0.1491,2749.49,10047.17,47.67915488,-122.24737883
4953389,2026-05-31T10:57:16,339.46,0.278,F,2735.93,10043.61,47.67915676,-122.24737988,E,0.2072,2749.41,10047.38,47.67915676,-122.24737988
4954468,2026-05-31T10:57:17,334.52,0.361,F,2735.8,10043.92,47.67915912,-122.24738154,E,0.2691,2749.29,10047.65,47.67915912,-122.24738154
4955468,2026-05-31T10:57:18,329.9,0.454,F,2735.6,10044.3,47.67916175,-122.2473838,E,0.3385,2749.12,10047.94,47.67916175,-122.2473838
4956540,2026-05-31T10:57:19,316.09,0.525,F,2735.28,10044.72,47.67916446,-122.24738768,E,0.3914,2748.83,10048.24,47.67916446,-122.24738768
4957619,2026-05-31T10:57:20,308.32,0.575,F,2734.84,10045.13,47.67916704,-122.24739251,E,0.4287,2748.46,10048.53,47.67916704,-122.24739251
4958690,2026-05-31T10:57:22,305.31,0.625,F,2734.32,10045.54,47.67916963,-122.24739794,E,0.4659,2748.06,10048.82,47.67916963,-122.24739794
4959762,2026-05-31T10:57:23,306.19,0.674,F,2733.76,10045.95,47.67917249,-122.24740373,E,0.5025,2747.62,10049.13,47.67917249,-122.24740373
4960841,2026-05-31T10:57:24,308,0.721,F,2733.15,10046.39,47.6791757,-122.24740981,E,0.5375,2747.16,10049.49,47.6791757,-122.24740981
4961912,2026-05-31T10:57:25,315.95,0.756,F,2732.55,10046.91,47.67917959,-122.2474154,E,0.5636,2746.74,10049.92,47.67917959,-122.2474154
4962984,2026-05-31T10:57:26,333.89,0.796,F,2732.08,10047.58,47.67918473,-122.24741913,E,0.5934,2746.46,10050.5,47.67918473,-122.24741913
4964054,2026-05-31T10:57:27,336.83,0.792,F,2731.79,10048.39,47.67918994,-122.24742244,E,0.5904,2746.22,10051.08,47.67918994,-122.24742244
4965109,2026-05-31T10:57:28,341.71,0.659,F,2731.55,10049.1,47.67919436,-122.24742461,E,0.4913,2746.05,10051.57,47.67919436,-122.24742461
4966179,2026-05-31T10:57:29,343.35,0.559,F,2731.35,10049.72,47.6791982,-122.24742631,E,0.4167,2745.93,10052,47.6791982,-122.24742631
4967265,2026-05-31T10:57:30,348.64,0.503,F,2731.21,10050.26,47.67920179,-122.24742738,E,0.375,2745.85,10052.39,47.67920179,-122.24742738
4968343,2026-05-31T10:57:31,337.56,0.492,F,2731.07,10050.78,47.67920507,-122.24742939,E,0.3668,2745.69,10052.76,47.67920507,-122.24742939
4969414,2026-05-31T10:57:32,323.49,0.527,F,2730.8,10051.25,47.67920811,-122.24743273,E,0.3929,2745.44,10053.1,47.67920811,-122.24743273
4970493,2026-05-31T10:57:33,312.55,0.52,F,2730.41,10051.67,47.67921065,-122.24743683,E,0.3877,2745.14,10053.38,47.67921065,-122.24743683
4971554,2026-05-31T10:57:34,310.92,0.545,F,2729.99,10052.07,47.67921319,-122.24744117,E,0.4063,2744.81,10053.66,47.67921319,-122.24744117
4972624,2026-05-31T10:57:36,310.7,0.576,F,2729.53,10052.48,47.67921588,-122.24744581,E,0.4294,2744.46,10053.96,47.67921588,-122.24744581
4973712,2026-05-31T10:57:37,313.01,0.594,F,2729.05,10052.91,47.67921883,-122.2474505,E,0.4428,2744.11,10054.29,47.67921883,-122.2474505
4974790,2026-05-31T10:57:38,317.57,0.596,F,2728.6,10053.35,47.67922201,-122.2474548,E,0.4443,2743.79,10054.65,47.67922201,-122.2474548
4975869,2026-05-31T10:57:39,321.39,0.625,F,2728.17,10053.87,47.67922553,-122.24745898,E,0.4659,2743.47,10055.04,47.67922553,-122.24745898
4976948,2026-05-31T10:57:40,326.44,0.644,F,2727.79,10054.43,47.67922941,-122.2474628,E,0.4801,2743.19,10055.47,47.67922941,-122.2474628
4978011,2026-05-31T10:57:41,334.53,0.662,F,2727.43,10055.04,47.67923367,-122.2474658,E,0.4935,2742.96,10055.94,47.67923367,-122.2474658
4979082,2026-05-31T10:57:42,344.46,0.67,F,2727.18,10055.72,47.6792383,-122.24746771,E,0.4995,2742.82,10056.46,47.6792383,-122.24746771
4980133,2026-05-31T10:57:43,350.04,0.635,F,2727.03,10056.41,47.6792427,-122.24746886,E,0.4734,2742.73,10056.95,47.6792427,-122.24746886
4981208,2026-05-31T10:57:44,2.97,0.456,F,2727,10056.99,47.67924598,-122.24746861,E,0.3399,2742.75,10057.31,47.67924598,-122.24746861
4982304,2026-05-31T10:57:45,10.1,0.317,F,2727.05,10057.4,47.67924827,-122.247468,E,0.2363,2742.8,10057.57,47.67924827,-122.247468
4983382,2026-05-31T10:57:46,10.14,0.221,F,2727.1,10057.69,47.67924984,-122.24746758,E,0.1648,2742.83,10057.74,47.67924984,-122.24746758
4984452,2026-05-31T10:57:47,3.54,0.155,F,2727.13,10057.89,47.67925095,-122.24746748,E,0.1156,2742.83,10057.87,47.67925095,-122.24746748
4985522,2026-05-31T10:57:48,345.75,0.125,F,2727.12,10058.01,47.67925182,-122.24746781,E,0.0932,2742.81,10057.96,47.67925182,-122.24746781
4986616,2026-05-31T10:57:49,316.43,0.099,F,2727.06,10058.12,47.67925234,-122.24746855,E,0.0738,2742.75,10058.02,47.67925234,-122.24746855
4987685,2026-05-31T10:57:51,295.71,0.07,F,2726.98,10058.17,47.67925256,-122.24746922,E,0.0522,2742.7,10058.05,47.67925256,-122.24746922
4988764,2026-05-31T10:57:52,279.32,0.049,F,2726.92,10058.17,47.67925262,-122.24746974,E,0.0365,2742.67,10058.05,47.67925262,-122.24746974
4989824,2026-05-31T10:57:53,259.79,0.034,F,2726.88,10058.17,47.67925257,-122.24747009,E,0.0253,2742.64,10058.05,47.67925257,-122.24747009
4990897,2026-05-31T10:57:54,238.58,0.036,F,2726.84,10058.17,47.67925244,-122.24747042,E,0.0268,2742.61,10058.03,47.67925244,-122.24747042
4991987,2026-05-31T10:57:55,243.53,0.025,F,2726.81,10058.17,47.67925236,-122.24747066,E,0.0186,2742.6,10058.02,47.67925236,-122.24747066
4993065,2026-05-31T10:57:56,247.41,0.018,F,2726.79,10058.17,47.67925231,-122.24747084,E,0.0134,2742.58,10058.02,47.67925231,-122.24747084
4994145,2026-05-31T10:57:57,261.16,0.012,F,2726.76,10058.17,47.67925229,-122.24747096,E,0.0089,2742.57,10058.02,47.67925229,-122.24747096
4995224,2026-05-31T10:57:58,285.38,0.009,F,2726.76,10058.17,47.67925231,-122.24747106,E,0.0067,2742.57,10058.02,47.67925231,-122.24747106
4996288,2026-05-31T10:57:59,303.35,0.006,F,2726.76,10058.17,47.67925233,-122.24747111,E,0.0045,2742.56,10058.02,47.67925233,-122.24747111
4997347,2026-05-31T10:58:00,323.97,0.004,F,2726.76,10058.17,47.67925236,-122.24747114,E,0.003,2742.56,10058.02,47.67925236,-122.24747114
4998426,2026-05-31T10:58:01,350.45,0.003,F,2726.76,10058.17,47.67925238,-122.24747114,E,0.0022,2742.56,10058.03,47.67925238,-122.24747114
4999505,2026-05-31T10:58:02,1.35,0.002,F,2726.76,10058.17,47.67925239,-122.24747114,E,0.0015,2742.56,10058.03,47.67925239,-122.24747114
5000573,2026-05-31T10:58:03,4.67,0.001,F,2726.76,10058.17,47.6792524,-122.24747114,E,0.0007,2742.56,10058.03,47.6792524,-122.24747114
5001635,2026-05-31T10:58:05,8.06,0.001,F,2726.76,10058.17,47.67925241,-122.24747114,E,0.0007,2742.56,10058.03,47.67925241,-122.24747114
5002714,2026-05-31T10:58:06,1.9,0.047,F,2726.76,10058.17,47.67925275,-122.24747112,E,0.035,2742.56,10058.07,47.67925275,-122.24747112
5003784,2026-05-31T10:58:07,17.85,0.296,F,2726.8,10058.37,47.67925477,-122.24747016,E,0.2207,2742.63,10058.29,47.67925477,-122.24747016
5004863,2026-05-31T10:58:08,26.37,0.325,F,2726.92,10058.68,47.67925687,-122.24746861,E,0.2423,2742.75,10058.53,47.67925687,-122.24746861
5005942,2026-05-31T10:58:09,38.61,0.348,F,2727.13,10058.99,47.67925883,-122.24746628,E,0.2594,2742.92,10058.75,47.67925883,-122.24746628
5007012,2026-05-31T10:58:10,37.72,0.412,F,2727.39,10059.3,47.67926117,-122.24746361,E,0.3071,2743.13,10059.01,47.67926117,-122.24746361
5008082,2026-05-31T10:58:11,41.49,0.326,F,2727.64,10059.62,47.67926292,-122.24746131,E,0.243,2743.3,10059.2,47.67926292,-122.24746131
5009161,2026-05-31T10:58:12,31.6,0.359,F,2727.85,10059.89,47.67926513,-122.2474593,E,0.2676,2743.45,10059.45,47.67926513,-122.2474593
5010224,2026-05-31T10:58:13,25.36,0.422,F,2728.03,10060.26,47.67926784,-122.24745739,E,0.3146,2743.59,10059.75,47.67926784,-122.24745739
5011281,2026-05-31T10:58:14,26.48,0.451,F,2728.23,10060.66,47.6792707,-122.24745528,E,0.3362,2743.75,10060.07,47.6792707,-122.24745528
5012359,2026-05-31T10:58:15,28.06,0.438,F,2728.46,10061.09,47.67927349,-122.24745307,E,0.3265,2743.92,10060.38,47.67927349,-122.24745307
5013427,2026-05-31T10:58:16,34.07,0.473,F,2728.71,10061.5,47.67927629,-122.24745026,E,0.3526,2744.13,10060.69,47.67927629,-122.24745026
5014505,2026-05-31T10:58:17,38.95,0.426,F,2729,10061.9,47.67927869,-122.2474474,E,0.3176,2744.34,10060.96,47.67927869,-122.2474474
5015574,2026-05-31T10:58:18,33.55,0.452,F,2729.27,10062.29,47.67928138,-122.24744474,E,0.337,2744.54,10061.26,47.67928138,-122.24744474
5016657,2026-05-31T10:58:20,41.06,0.469,F,2729.57,10062.7,47.67928395,-122.24744143,E,0.3496,2744.79,10061.54,47.67928395,-122.24744143
5017736,2026-05-31T10:58:21,50.38,0.508,F,2729.95,10063.07,47.67928629,-122.24743724,E,0.3787,2745.11,10061.8,47.67928629,-122.24743724
5018807,2026-05-31T10:58:22,60.24,0.578,F,2730.43,10063.38,47.67928835,-122.2474319,E,0.4309,2745.51,10062.03,47.67928835,-122.2474319
5019877,2026-05-31T10:58:23,68.15,0.628,F,2731.01,10063.67,47.67929002,-122.24742571,E,0.4682,2745.97,10062.22,47.67929002,-122.24742571
5020956,2026-05-31T10:58:24,67.35,0.686,F,2731.69,10063.92,47.67929193,-122.24741893,E,0.5114,2746.48,10062.43,47.67929193,-122.24741893
5022035,2026-05-31T10:58:25,61.22,0.742,F,2732.38,10064.25,47.67929451,-122.24741196,E,0.5532,2747,10062.72,47.67929451,-122.24741196
5023114,2026-05-31T10:58:26,56.77,0.77,F,2733.08,10064.67,47.67929756,-122.24740506,E,0.574,2747.52,10063.06,47.67929756,-122.24740506
5024192,2026-05-31T10:58:27,61.41,0.798,F,2733.81,10065.12,47.67930032,-122.24739756,E,0.5949,2748.08,10063.36,47.67930032,-122.24739756
5025260,2026-05-31T10:58:28,63.93,0.767,F,2734.57,10065.46,47.67930273,-122.24739025,E,0.5718,2748.63,10063.63,47.67930273,-122.24739025
5026314,2026-05-31T10:58:29,66.13,0.778,F,2735.3,10065.81,47.67930495,-122.24738281,E,0.58,2749.19,10063.88,47.67930495,-122.24738281
5027374,2026-05-31T10:58:30,65.16,0.796,F,2736.06,10066.14,47.67930732,-122.2473752,E,0.5934,2749.76,10064.14,47.67930732,-122.2473752
5028460,2026-05-31T10:58:31,61.94,0.791,F,2736.85,10066.49,47.67931003,-122.24736768,E,0.5897,2750.33,10064.44,47.67931003,-122.24736768
5029521,2026-05-31T10:58:32,57.2,0.793,F,2737.58,10066.9,47.67931308,-122.24736065,E,0.5912,2750.86,10064.78,47.67931308,-122.24736065
5030601,2026-05-31T10:58:33,56.2,0.833,F,2738.3,10067.41,47.67931643,-122.24735323,E,0.621,2751.41,10065.16,47.67931643,-122.24735323
5031679,2026-05-31T10:58:35,54.4,0.848,F,2739.04,10067.92,47.67932,-122.24734585,E,0.6322,2751.97,10065.55,47.67932,-122.24734585
5032749,2026-05-31T10:58:36,53.55,0.873,F,2739.77,10068.46,47.67932371,-122.24733839,E,0.6508,2752.53,10065.97,47.67932371,-122.24733839
5033801,2026-05-31T10:58:37,51.91,0.924,F,2740.52,10069.01,47.67932773,-122.24733079,E,0.6888,2753.1,10066.41,47.67932773,-122.24733079
5034872,2026-05-31T10:58:38,55.18,0.952,F,2741.34,10069.61,47.67933163,-122.24732248,E,0.7097,2753.72,10066.85,47.67933163,-122.24732248
5035924,2026-05-31T10:58:39,56.26,0.978,F,2742.18,10070.2,47.67933546,-122.24731399,E,0.7291,2754.36,10067.27,47.67933546,-122.24731399
5037002,2026-05-31T10:58:40,58.68,1.016,F,2743.1,10070.75,47.67933927,-122.2473047,E,0.7574,2755.06,10067.7,47.67933927,-122.2473047
5038082,2026-05-31T10:58:41,62.58,1.086,F,2744.09,10071.29,47.67934289,-122.24729436,E,0.8096,2755.83,10068.1,47.67934289,-122.24729436
5039142,2026-05-31T10:58:42,68.15,1.125,F,2745.15,10071.78,47.67934586,-122.24728337,E,0.8387,2756.66,10068.43,47.67934586,-122.24728337
5040221,2026-05-31T10:58:43,68.73,1.132,F,2746.29,10072.21,47.67934883,-122.24727207,E,0.8439,2757.51,10068.76,47.67934883,-122.24727207
5041287,2026-05-31T10:58:44,65.71,1.17,F,2747.41,10072.7,47.67935226,-122.24726078,E,0.8722,2758.35,10069.15,47.67935226,-122.24726078
5042359,2026-05-31T10:58:45,65.41,1.208,F,2748.58,10073.22,47.67935587,-122.24724908,E,0.9006,2759.23,10069.55,47.67935587,-122.24724908
5043430,2026-05-31T10:58:46,65.26,1.235,F,2749.77,10073.75,47.67935958,-122.24723716,E,0.9207,2760.13,10069.96,47.67935958,-122.24723716
5044526,2026-05-31T10:58:47,70.01,1.23,F,2751.01,10074.28,47.67936266,-122.24722458,E,0.917,2761.07,10070.3,47.67936266,-122.24722458
5045604,2026-05-31T10:58:48,69.63,1.262,F,2752.27,10074.77,47.67936583,-122.24721191,E,0.9408,2762.02,10070.66,47.67936583,-122.24721191
5046691,2026-05-31T10:58:50,70.61,1.269,F,2753.56,10075.21,47.6793689,-122.24719899,E,0.946,2762.99,10071,47.6793689,-122.24719899
5047770,2026-05-31T10:58:51,71.64,1.276,F,2754.86,10075.63,47.67937181,-122.24718602,E,0.9513,2763.97,10071.32,47.67937181,-122.24718602
5048830,2026-05-31T10:58:52,69.97,1.231,F,2756.11,10076.05,47.6793748,-122.24717385,E,0.9177,2764.88,10071.65,47.6793748,-122.24717385
5049901,2026-05-31T10:58:53,70.83,1.223,F,2757.35,10076.48,47.67937768,-122.24716156,E,0.9117,2765.8,10071.98,47.67937768,-122.24716156
5050980,2026-05-31T10:58:54,70.9,1.231,F,2758.59,10076.91,47.67938059,-122.2471491,E,0.9177,2766.74,10072.3,47.67938059,-122.2471491
5052058,2026-05-31T10:58:55,69.87,1.25,F,2759.84,10077.34,47.6793837,-122.24713654,E,0.9319,2767.68,10072.64,47.6793837,-122.24713654
5053128,2026-05-31T10:58:56,69.5,1.266,F,2761.11,10077.78,47.67938687,-122.24712394,E,0.9438,2768.63,10073,47.67938687,-122.24712394
5054207,2026-05-31T10:58:57,67.98,1.272,F,2762.38,10078.29,47.67939032,-122.2471113,E,0.9483,2769.58,10073.38,47.67939032,-122.2471113
5055268,2026-05-31T10:58:58,66.63,1.285,F,2763.63,10078.81,47.67939394,-122.24709888,E,0.958,2770.51,10073.79,47.67939394,-122.24709888
5056339,2026-05-31T10:58:59,65.46,1.303,F,2764.89,10079.37,47.67939782,-122.24708627,E,0.9714,2771.46,10074.22,47.67939782,-122.24708627
5057412,2026-05-31T10:59:00,63.7,1.301,F,2766.16,10079.95,47.67940196,-122.24707384,E,0.9699,2772.39,10074.68,47.67940196,-122.24707384
5058482,2026-05-31T10:59:01,59.15,1.301,F,2767.38,10080.62,47.67940674,-122.24706198,E,0.9699,2773.28,10075.21,47.67940674,-122.24706198
5059553,2026-05-31T10:59:02,56.58,1.314,F,2768.57,10081.36,47.67941194,-122.24705031,E,0.9796,2774.16,10075.79,47.67941194,-122.24705031
5060633,2026-05-31T10:59:04,53.53,1.307,F,2769.73,10082.16,47.67941755,-122.24703904,E,0.9744,2775,10076.41,47.67941755,-122.24703904
5061712,2026-05-31T10:59:05,54.75,1.301,F,2770.87,10083,47.67942298,-122.24702766,E,0.9699,2775.86,10077.02,47.67942298,-122.24702766
5062790,2026-05-31T10:59:06,45.46,1.284,F,2771.91,10083.92,47.67942948,-122.24701786,E,0.9572,2776.59,10077.74,47.67942948,-122.24701786
5063868,2026-05-31T10:59:07,38.33,1.232,F,2772.84,10084.91,47.67943646,-122.24700968,E,0.9185,2777.21,10078.52,47.67943646,-122.24700968
5064937,2026-05-31T10:59:08,42.27,1.21,F,2773.65,10085.93,47.67944287,-122.24700105,E,0.9021,2777.85,10079.23,47.67944287,-122.24700105
5066005,2026-05-31T10:59:09,53.05,1.223,F,2774.6,10086.82,47.67944813,-122.24699068,E,0.9117,2778.63,10079.82,47.67944813,-122.24699068
5067084,2026-05-31T10:59:10,54.5,1.201,F,2775.66,10087.56,47.67945317,-122.24698021,E,0.8953,2779.42,10080.38,47.67945317,-122.24698021
5068153,2026-05-31T10:59:11,51.16,1.204,F,2776.69,10088.32,47.67945857,-122.24697025,E,0.8976,2780.17,10080.98,47.67945857,-122.24697025
5069241,2026-05-31T10:59:12,51.12,1.185,F,2777.69,10089.17,47.67946399,-122.24696029,E,0.8834,2780.91,10081.58,47.67946399,-122.24696029
5070310,2026-05-31T10:59:13,54.49,1.178,F,2778.69,10089.92,47.67946889,-122.24695011,E,0.8782,2781.68,10082.13,47.67946889,-122.24695011
5071377,2026-05-31T10:59:14,53.12,1.161,F,2779.7,10090.65,47.67947387,-122.24694027,E,0.8655,2782.42,10082.68,47.67947387,-122.24694027
5072440,2026-05-31T10:59:15,51.55,1.149,F,2780.69,10091.38,47.67947896,-122.24693077,E,0.8566,2783.13,10083.25,47.67947896,-122.24693077
5073502,2026-05-31T10:59:16,53.78,1.152,F,2781.67,10092.12,47.6794838,-122.24692097,E,0.8588,2783.87,10083.79,47.6794838,-122.24692097
5074572,2026-05-31T10:59:17,51.92,1.169,F,2782.66,10092.85,47.67948896,-122.24691119,E,0.8715,2784.6,10084.36,47.67948896,-122.24691119
5075650,2026-05-31T10:59:19,50.67,1.192,F,2783.65,10093.64,47.67949442,-122.24690132,E,0.8886,2785.34,10084.97,47.67949442,-122.24690132
5076737,2026-05-31T10:59:20,47.27,1.193,F,2784.63,10094.49,47.67950031,-122.24689186,E,0.8894,2786.05,10085.63,47.67950031,-122.24689186
5077807,2026-05-31T10:59:21,45.8,1.226,F,2785.58,10095.35,47.67950643,-122.24688253,E,0.914,2786.75,10086.31,47.67950643,-122.24688253
5078886,2026-05-31T10:59:22,43.1,1.275,F,2786.52,10096.31,47.67951316,-122.24687319,E,0.9505,2787.45,10087.06,47.67951316,-122.24687319
5079956,2026-05-31T10:59:23,40.1,1.313,F,2787.44,10097.33,47.67952036,-122.24686421,E,0.9788,2788.13,10087.86,47.67952036,-122.24686421
5081027,2026-05-31T10:59:24,41.34,1.324,F,2788.39,10098.38,47.67952749,-122.24685491,E,0.987,2788.83,10088.65,47.67952749,-122.24685491
5082097,2026-05-31T10:59:25,39.3,1.359,F,2789.32,10099.46,47.67953502,-122.24684576,E,1.0131,2789.51,10089.49,47.67953502,-122.24684576
5083170,2026-05-31T10:59:26,33.99,1.382,F,2790.19,10100.65,47.67954326,-122.24683753,E,1.0303,2790.13,10090.41,47.67954326,-122.24683753
5084249,2026-05-31T10:59:27,30.75,1.397,F,2790.98,10101.92,47.67955193,-122.24682988,E,1.0415,2790.71,10091.37,47.67955193,-122.24682988
5085328,2026-05-31T10:59:28,33.25,1.407,F,2791.77,10103.19,47.67956044,-122.24682161,E,1.0489,2791.33,10092.32,47.67956044,-122.24682161
5086407,2026-05-31T10:59:29,30.58,1.413,F,2792.58,10104.46,47.67956923,-122.24681391,E,1.0534,2791.9,10093.3,47.67956923,-122.24681391
5087467,2026-05-31T10:59:30,19.57,1.426,F,2793.21,10105.82,47.67957876,-122.24680888,E,1.0631,2792.28,10094.36,47.67957876,-122.24680888
5088537,2026-05-31T10:59:31,13.86,1.386,F,2793.64,10107.27,47.67958841,-122.24680536,E,1.0333,2792.55,10095.43,47.67958841,-122.24680536
5089615,2026-05-31T10:59:32,11.63,1.397,F,2793.98,10108.74,47.67959828,-122.24680234,E,1.0415,2792.77,10096.53,47.67959828,-122.24680234
5090693,2026-05-31T10:59:34,10.76,1.122,F,2794.26,10110.08,47.67960624,-122.2468001,E,0.8365,2792.94,10097.42,47.67960624,-122.2468001
5091765,2026-05-31T10:59:35,9.87,0.811,F,2794.43,10111.1,47.67961198,-122.24679862,E,0.6046,2793.05,10098.06,47.67961198,-122.24679862
5092835,2026-05-31T10:59:36,12.1,0.753,F,2794.58,10111.93,47.67961725,-122.24679694,E,0.5614,2793.18,10098.64,47.67961725,-122.24679694
5093914,2026-05-31T10:59:37,15.13,0.762,F,2794.78,10112.73,47.67962257,-122.24679481,E,0.5681,2793.34,10099.24,47.67962257,-122.24679481
5094984,2026-05-31T10:59:38,13.14,0.727,F,2794.98,10113.48,47.67962764,-122.24679306,E,0.542,2793.47,10099.8,47.67962764,-122.24679306
5096036,2026-05-31T10:59:39,3.26,0.694,F,2795.1,10114.21,47.67963252,-122.24679264,E,0.5174,2793.5,10100.34,47.67963252,-122.24679264
5097109,2026-05-31T10:59:40,352.03,0.666,F,2795.06,10114.94,47.67963726,-122.24679363,E,0.4965,2793.43,10100.87,47.67963726,-122.24679363
5098188,2026-05-31T10:59:41,331.77,0.648,F,2794.88,10115.62,47.67964139,-122.24679691,E,0.4831,2793.18,10101.33,47.67964139,-122.24679691
5099267,2026-05-31T10:59:42,300.65,0.602,F,2794.41,10116.11,47.67964361,-122.24680246,E,0.4488,2792.76,10101.58,47.67964361,-122.24680246
5100347,2026-05-31T10:59:43,262.16,0.599,F,2793.78,10116.25,47.67964302,-122.24680882,E,0.4466,2792.29,10101.51,47.67964302,-122.24680882
5101422,2026-05-31T10:59:44,239.67,0.469,F,2793.24,10116.04,47.67964131,-122.24681314,E,0.3496,2791.96,10101.32,47.67964131,-122.24681314
5102487,2026-05-31T10:59:45,228.82,0.329,F,2792.9,10115.82,47.67963977,-122.24681576,E,0.2453,2791.77,10101.15,47.67963977,-122.24681576
5103566,2026-05-31T10:59:46,217.85,0.23,F,2792.69,10115.61,47.67963845,-122.24681727,E,0.1715,2791.65,10101,47.67963845,-122.24681727
5104645,2026-05-31T10:59:48,241.56,0.36,F,2792.49,10115.39,47.67963721,-122.24682067,E,0.2684,2791.4,10100.87,47.67963721,-122.24682067
5105733,2026-05-31T10:59:49,322.25,0.385,F,2792.16,10115.59,47.67963943,-122.24682321,E,0.287,2791.21,10101.11,47.67963943,-122.24682321
5106792,2026-05-31T10:59:50,348.02,0.437,F,2792,10116,47.67964246,-122.24682417,E,0.3258,2791.13,10101.45,47.67964246,-122.24682417
5107872,2026-05-31T10:59:51,358.15,0.43,F,2791.94,10116.44,47.67964557,-122.24682432,E,0.3206,2791.12,10101.8,47.67964557,-122.24682432
5108928,2026-05-31T10:59:52,8.17,0.43,F,2791.97,10116.87,47.67964858,-122.24682367,E,0.3206,2791.17,10102.13,47.67964858,-122.24682367
5110007,2026-05-31T10:59:53,13.95,0.397,F,2792.06,10117.3,47.67965137,-122.24682265,E,0.296,2791.25,10102.44,47.67965137,-122.24682265
5111086,2026-05-31T10:59:54,14.99,0.379,F,2792.16,10117.7,47.67965401,-122.2468216,E,0.2825,2791.33,10102.74,47.67965401,-122.2468216
5112160,2026-05-31T10:59:55,11.92,0.415,F,2792.27,10118.13,47.67965693,-122.24682068,E,0.3094,2791.4,10103.06,47.67965693,-122.24682068
5113230,2026-05-31T10:59:56,7.09,0.415,F,2792.34,10118.55,47.67965988,-122.24682014,E,0.3094,2791.44,10103.39,47.67965988,-122.24682014
5114299,2026-05-31T10:59:57,0.56,0.401,F,2792.38,10118.98,47.67966275,-122.2468201,E,0.2989,2791.44,10103.71,47.67966275,-122.2468201
5115379,2026-05-31T10:59:58,1.4,0.39,F,2792.39,10119.41,47.67966557,-122.24682,E,0.2907,2791.45,10104.02,47.67966557,-122.24682
5116449,2026-05-31T10:59:59,1.03,0.384,F,2792.4,10119.82,47.67966833,-122.24681992,E,0.2863,2791.45,10104.33,47.67966833,-122.24681992
5117527,2026-05-31T11:00:00,1.61,0.42,F,2792.4,10120.25,47.67967136,-122.2468198,E,0.3131,2791.46,10104.67,47.67967136,-122.2468198
5118598,2026-05-31T11:00:01,4.1,0.434,F,2792.42,10120.68,47.67967446,-122.24681947,E,0.3235,2791.49,10105.01,47.67967446,-122.24681947
5119677,2026-05-31T11:00:03,4.87,0.455,F,2792.46,10121.17,47.67967774,-122.24681905,E,0.3392,2791.52,10105.38,47.67967774,-122.24681905
5120748,2026-05-31T11:00:04,5.09,0.484,F,2792.51,10121.69,47.67968119,-122.2468186,E,0.3608,2791.55,10105.76,47.67968119,-122.2468186
5121825,2026-05-31T11:00:05,4.78,0.521,F,2792.56,10122.22,47.67968494,-122.24681813,E,0.3884,2791.59,10106.18,47.67968494,-122.24681813
5122905,2026-05-31T11:00:06,5.14,0.542,F,2792.61,10122.8,47.67968884,-122.24681761,E,0.4041,2791.63,10106.61,47.67968884,-122.24681761
5123977,2026-05-31T11:00:07,7.06,0.603,F,2792.67,10123.42,47.67969314,-122.24681682,E,0.4495,2791.69,10107.09,47.67969314,-122.24681682
5125059,2026-05-31T11:00:08,9.71,0.614,F,2792.77,10124.06,47.67969753,-122.24681571,E,0.4577,2791.77,10107.58,47.67969753,-122.24681571
5126129,2026-05-31T11:00:09,12.15,0.638,F,2792.9,10124.7,47.67970199,-122.24681428,E,0.4756,2791.88,10108.08,47.67970199,-122.24681428
5127209,2026-05-31T11:00:10,14.66,0.681,F,2793.07,10125.41,47.67970676,-122.24681244,E,0.5077,2792.02,10108.61,47.67970676,-122.24681244
5128288,2026-05-31T11:00:11,16.37,0.684,F,2793.26,10126.14,47.6797115,-122.24681037,E,0.5099,2792.17,10109.14,47.6797115,-122.24681037
5129358,2026-05-31T11:00:12,17.8,0.687,F,2793.48,10126.86,47.67971619,-122.24680814,E,0.5122,2792.34,10109.66,47.67971619,-122.24680814
5130428,2026-05-31T11:00:13,17.91,0.703,F,2793.71,10127.58,47.67972098,-122.24680584,E,0.5241,2792.51,10110.19,47.67972098,-122.24680584
5131432,2026-05-31T11:00:14,18.19,0.7,F,2793.93,10128.25,47.67972545,-122.24680366,E,0.5219,2792.67,10110.69,47.67972545,-122.24680366
5132511,2026-05-31T11:00:15,18.33,0.71,F,2794.17,10128.99,47.67973032,-122.24680127,E,0.5293,2792.85,10111.23,47.67973032,-122.24680127
5133590,2026-05-31T11:00:16,19.78,0.705,F,2794.42,10129.72,47.67973512,-122.24679871,E,0.5256,2793.05,10111.77,47.67973512,-122.24679871
5134669,2026-05-31T11:00:18,20.12,0.716,F,2794.68,10130.45,47.67973998,-122.24679608,E,0.5338,2793.24,10112.31,47.67973998,-122.24679608
5135740,2026-05-31T11:00:19,19.86,0.71,F,2794.94,10131.18,47.67974477,-122.24679351,E,0.5293,2793.44,10112.84,47.67974477,-122.24679351
5136839,2026-05-31T11:00:20,20.19,0.711,F,2795.21,10131.93,47.67974968,-122.24679083,E,0.5301,2793.64,10113.39,47.67974968,-122.24679083
5137926,2026-05-31T11:00:21,20.07,0.717,F,2795.48,10132.67,47.67975458,-122.24678818,E,0.5345,2793.84,10113.93,47.67975458,-122.24678818
5139006,2026-05-31T11:00:22,18.9,0.723,F,2795.74,10133.41,47.67975953,-122.24678567,E,0.539,2794.02,10114.48,47.67975953,-122.24678567
5140085,2026-05-31T11:00:23,18.6,0.727,F,2795.98,10134.15,47.67976451,-122.24678318,E,0.542,2794.21,10115.04,47.67976451,-122.24678318
5141164,2026-05-31T11:00:24,18.48,0.716,F,2796.23,10134.89,47.67976941,-122.24678075,E,0.5338,2794.39,10115.58,47.67976941,-122.24678075
5142234,2026-05-31T11:00:25,16.42,0.723,F,2796.46,10135.63,47.67977438,-122.24677858,E,0.539,2794.56,10116.14,47.67977438,-122.24677858
5143305,2026-05-31T11:00:26,15.31,0.713,F,2796.67,10136.37,47.67977931,-122.24677658,E,0.5315,2794.71,10116.69,47.67977931,-122.24677658
5144366,2026-05-31T11:00:27,13.4,0.694,F,2796.86,10137.11,47.67978411,-122.24677488,E,0.5174,2794.83,10117.22,47.67978411,-122.24677488
5145437,2026-05-31T11:00:28,12.06,0.708,F,2797.02,10137.84,47.67978908,-122.24677331,E,0.5278,2794.95,10117.77,47.67978908,-122.24677331
5146508,2026-05-31T11:00:29,11.31,0.719,F,2797.18,10138.58,47.67979413,-122.24677181,E,0.536,2795.07,10118.33,47.67979413,-122.24677181
5147577,2026-05-31T11:00:30,9.93,0.741,F,2797.33,10139.33,47.67979936,-122.24677045,E,0.5524,2795.17,10118.92,47.67979936,-122.24677045
5148657,2026-05-31T11:00:32,9.23,0.795,F,2797.46,10140.16,47.67980503,-122.24676909,E,0.5927,2795.27,10119.55,47.67980503,-122.24676909
5149737,2026-05-31T11:00:33,8.78,0.807,F,2797.59,10141.01,47.6798108,-122.24676776,E,0.6016,2795.37,10120.19,47.6798108,-122.24676776
5150806,2026-05-31T11:00:34,6.87,0.846,F,2797.72,10141.86,47.67981682,-122.24676669,E,0.6307,2795.45,10120.86,47.67981682,-122.24676669
5151885,2026-05-31T11:00:35,4.67,0.84,F,2797.81,10142.79,47.67982287,-122.24676596,E,0.6262,2795.5,10121.53,47.67982287,-122.24676596
5152964,2026-05-31T11:00:36,1.7,0.836,F,2797.86,10143.71,47.6798289,-122.24676569,E,0.6232,2795.52,10122.21,47.6798289,-122.24676569
5154024,2026-05-31T11:00:37,3.82,0.838,F,2797.89,10144.62,47.67983484,-122.2467651,E,0.6247,2795.57,10122.87,47.67983484,-122.2467651
5155103,2026-05-31T11:00:38,10.54,0.849,F,2798,10145.53,47.67984087,-122.24676344,E,0.6329,2795.69,10123.54,47.67984087,-122.24676344
5156182,2026-05-31T11:00:39,13.89,0.885,F,2798.2,10146.48,47.67984708,-122.24676116,E,0.6598,2795.86,10124.23,47.67984708,-122.24676116
5157251,2026-05-31T11:00:40,16.67,0.901,F,2798.44,10147.41,47.67985326,-122.24675842,E,0.6717,2796.07,10124.92,47.67985326,-122.24675842
5158330,2026-05-31T11:00:41,19.39,0.938,F,2798.75,10148.36,47.67985965,-122.24675508,E,0.6993,2796.32,10125.63,47.67985965,-122.24675508
5159409,2026-05-31T11:00:42,20.69,0.978,F,2799.1,10149.31,47.67986626,-122.24675138,E,0.7291,2796.6,10126.36,47.67986626,-122.24675138
5160452,2026-05-31T11:00:43,21.72,1.03,F,2799.47,10150.27,47.67987295,-122.24674743,E,0.7679,2796.9,10127.11,47.67987295,-122.24674743
5161528,2026-05-31T11:00:44,26.02,1.084,F,2799.93,10151.32,47.67987997,-122.24674235,E,0.8081,2797.28,10127.89,47.67987997,-122.24674235
5162583,2026-05-31T11:00:45,27.29,1.112,F,2800.46,10152.35,47.67988695,-122.24673701,E,0.829,2797.68,10128.67,47.67988695,-122.24673701
5163663,2026-05-31T11:00:47,27.72,1.163,F,2801.03,10153.43,47.67989439,-122.24673121,E,0.867,2798.11,10129.5,47.67989439,-122.24673121
5164741,2026-05-31T11:00:48,24.67,1.159,F,2801.57,10154.58,47.679902,-122.24672603,E,0.864,2798.5,10130.34,47.679902,-122.24672603
5165802,2026-05-31T11:00:49,20.4,1.177,F,2802.06,10155.72,47.67990984,-122.24672171,E,0.8775,2798.83,10131.21,47.67990984,-122.24672171
5166885,2026-05-31T11:00:50,18.31,1.182,F,2802.48,10156.9,47.67991797,-122.24671772,E,0.8812,2799.13,10132.12,47.67991797,-122.24671772
5167973,2026-05-31T11:00:51,18.81,1.171,F,2802.88,10158.08,47.67992605,-122.24671364,E,0.873,2799.43,10133.02,47.67992605,-122.24671364
5169033,2026-05-31T11:00:52,20.52,1.186,F,2803.29,10159.23,47.67993394,-122.24670926,E,0.8842,2799.76,10133.9,47.67993394,-122.24670926
5170096,2026-05-31T11:00:53,20.39,1.181,F,2803.74,10160.38,47.67994182,-122.24670492,E,0.8804,2800.09,10134.78,47.67994182,-122.24670492
5171170,2026-05-31T11:00:54,21.07,1.214,F,2804.19,10161.6,47.67994996,-122.24670027,E,0.905,2800.44,10135.68,47.67994996,-122.24670027
5172240,2026-05-31T11:00:55,21.15,1.225,F,2804.66,10162.85,47.67995815,-122.24669557,E,0.9132,2800.79,10136.59,47.67995815,-122.24669557
5173318,2026-05-31T11:00:56,16.85,1.215,F,2805.1,10164.1,47.67996655,-122.2466918,E,0.9058,2801.07,10137.53,47.67996655,-122.2466918
5174397,2026-05-31T11:00:57,13.85,1.223,F,2805.45,10165.37,47.67997513,-122.24668866,E,0.9117,2801.31,10138.48,47.67997513,-122.24668866
5175466,2026-05-31T11:00:58,13.87,1.204,F,2805.75,10166.63,47.67998349,-122.2466856,E,0.8976,2801.54,10139.41,47.67998349,-122.2466856
5176544,2026-05-31T11:00:59,14.98,1.2,F,2806.08,10167.89,47.67999186,-122.24668228,E,0.8946,2801.79,10140.35,47.67999186,-122.24668228
5177623,2026-05-31T11:01:01,16.58,1.198,F,2806.44,10169.15,47.68000016,-122.24667862,E,0.8931,2802.06,10141.27,47.68000016,-122.24667862
5178692,2026-05-31T11:01:02,17.42,1.216,F,2806.81,10170.39,47.68000847,-122.24667475,E,0.9065,2802.35,10142.19,47.68000847,-122.24667475
5179762,2026-05-31T11:01:03,20.77,1.227,F,2807.24,10171.64,47.68001669,-122.24667013,E,0.9147,2802.7,10143.11,47.68001669,-122.24667013
5180832,2026-05-31T11:01:04,20.94,1.189,F,2807.72,10172.86,47.68002464,-122.24666562,E,0.8864,2803.04,10144,47.68002464,-122.24666562
5181920,2026-05-31T11:01:05,27.13,0.856,F,2808.14,10173.87,47.6800302,-122.2466614,E,0.6381,2803.35,10144.61,47.6800302,-122.2466614
5182980,2026-05-31T11:01:06,39.04,0.618,F,2808.56,10174.51,47.6800336,-122.2466573,E,0.4607,2803.66,10144.99,47.6800336,-122.2466573
5184058,2026-05-31T11:01:07,23.46,0.604,F,2808.86,10175.06,47.6800376,-122.24665473,E,0.4503,2803.86,10145.44,47.6800376,-122.24665473
5185120,2026-05-31T11:01:08,23.83,0.617,F,2809.13,10175.67,47.68004162,-122.2466521,E,0.46,2804.05,10145.88,47.68004162,-122.2466521
5186172,2026-05-31T11:01:09,20.43,0.57,F,2809.36,10176.28,47.68004538,-122.24665002,E,0.4249,2804.21,10146.3,47.68004538,-122.24665002
5187251,2026-05-31T11:01:10,16.16,0.538,F,2809.55,10176.82,47.68004911,-122.24664842,E,0.4011,2804.33,10146.72,47.68004911,-122.24664842
5188312,2026-05-31T11:01:11,14.29,0.532,F,2809.7,10177.35,47.68005278,-122.24664703,E,0.3966,2804.43,10147.13,47.68005278,-122.24664703
5189375,2026-05-31T11:01:12,13.02,0.528,F,2809.83,10177.87,47.68005644,-122.24664578,E,0.3936,2804.53,10147.53,47.68005644,-122.24664578
5190455,2026-05-31T11:01:13,11.79,0.533,F,2809.95,10178.42,47.68006021,-122.24664461,E,0.3974,2804.62,10147.95,47.68006021,-122.24664461
5191530,2026-05-31T11:01:14,13.68,0.567,F,2810.08,10179,47.68006418,-122.24664318,E,0.4227,2804.72,10148.4,47.68006418,-122.24664318
5192602,2026-05-31T11:01:15,13.43,0.563,F,2810.23,10179.61,47.68006811,-122.24664179,E,0.4197,2804.83,10148.83,47.68006811,-122.24664179
5193682,2026-05-31T11:01:17,11.85,0.614,F,2810.36,10180.24,47.68007246,-122.24664043,E,0.4577,2804.93,10149.32,47.68007246,-122.24664043
5194752,2026-05-31T11:01:18,10.55,0.652,F,2810.49,10180.9,47.68007705,-122.24663917,E,0.4861,2805.02,10149.83,47.68007705,-122.24663917
5195821,2026-05-31T11:01:19,13.31,0.708,F,2810.64,10181.62,47.68008198,-122.24663744,E,0.5278,2805.15,10150.38,47.68008198,-122.24663744
5196823,2026-05-31T11:01:20,15.53,0.777,F,2810.82,10182.33,47.68008701,-122.24663537,E,0.5793,2805.31,10150.94,47.68008701,-122.24663537
5197904,2026-05-31T11:01:21,15.49,0.831,F,2811.06,10183.18,47.6800928,-122.24663298,E,0.6195,2805.49,10151.58,47.6800928,-122.24663298
5198983,2026-05-31T11:01:22,14.01,0.874,F,2811.3,10184.05,47.68009893,-122.24663072,E,0.6516,2805.66,10152.26,47.68009893,-122.24663072
5200055,2026-05-31T11:01:23,14.28,0.945,F,2811.53,10185,47.68010551,-122.24662824,E,0.7045,2805.84,10153,47.68010551,-122.24662824
5201142,2026-05-31T11:01:24,17.23,0.919,F,2811.8,10185.96,47.68011189,-122.2466253,E,0.6851,2806.07,10153.71,47.68011189,-122.2466253
5202221,2026-05-31T11:01:25,18.86,0.891,F,2812.1,10186.91,47.68011799,-122.24662221,E,0.6642,2806.3,10154.39,47.68011799,-122.24662221
5203291,2026-05-31T11:01:26,17.72,0.902,F,2812.41,10187.84,47.68012414,-122.24661929,E,0.6724,2806.52,10155.07,47.68012414,-122.24661929
5204370,2026-05-31T11:01:27,13.72,0.895,F,2812.67,10188.79,47.68013043,-122.24661702,E,0.6672,2806.69,10155.77,47.68013043,-122.24661702
5205448,2026-05-31T11:01:28,12.54,0.889,F,2812.88,10189.73,47.68013669,-122.24661495,E,0.6627,2806.84,10156.47,47.68013669,-122.24661495
5206510,2026-05-31T11:01:29,11.99,0.917,F,2813.09,10190.67,47.68014307,-122.24661295,E,0.6836,2806.99,10157.18,47.68014307,-122.24661295
5207580,2026-05-31T11:01:30,11.79,0.937,F,2813.3,10191.61,47.68014964,-122.24661091,E,0.6985,2807.15,10157.91,47.68014964,-122.24661091
5208652,2026-05-31T11:01:32,10.65,0.949,F,2813.49,10192.58,47.68015634,-122.24660904,E,0.7075,2807.29,10158.66,47.68015634,-122.24660904
5209722,2026-05-31T11:01:33,11.12,0.984,F,2813.68,10193.62,47.68016326,-122.24660703,E,0.7336,2807.44,10159.43,47.68016326,-122.24660703
5210782,2026-05-31T11:01:34,11.79,1.027,F,2813.89,10194.65,47.68017039,-122.24660482,E,0.7656,2807.6,10160.22,47.68017039,-122.24660482
5211861,2026-05-31T11:01:35,11.54,0.983,F,2814.12,10195.71,47.68017735,-122.24660271,E,0.7328,2807.76,10161,47.68017735,-122.24660271
5212931,2026-05-31T11:01:36,11.23,0.967,F,2814.32,10196.75,47.68018415,-122.24660071,E,0.7209,2807.91,10161.75,47.68018415,-122.24660071
5214010,2026-05-31T11:01:37,14.65,0.838,F,2814.55,10197.71,47.68019001,-122.24659844,E,0.6247,2808.08,10162.4,47.68019001,-122.24659844
5215081,2026-05-31T11:01:38,28.68,0.808,F,2814.87,10198.53,47.68019509,-122.24659432,E,0.6024,2808.39,10162.97,47.68019509,-122.24659432
5216167,2026-05-31T11:01:39,35.56,0.805,F,2815.34,10199.26,47.68019986,-122.24658927,E,0.6001,2808.77,10163.5,47.68019986,-122.24658927
5217245,2026-05-31T11:01:40,33.97,0.854,F,2815.86,10200,47.68020497,-122.24658416,E,0.6367,2809.15,10164.07,47.68020497,-122.24658416
5218324,2026-05-31T11:01:41,31.53,0.916,F,2816.37,10200.8,47.68021061,-122.24657903,E,0.6829,2809.54,10164.7,47.68021061,-122.24657903
5219384,2026-05-31T11:01:42,32.65,0.947,F,2816.89,10201.64,47.68021627,-122.24657365,E,0.706,2809.94,10165.33,47.68021627,-122.24657365
5220454,2026-05-31T11:01:43,36.44,0.953,F,2817.49,10202.47,47.68022177,-122.24656764,E,0.7105,2810.39,10165.94,47.68022177,-122.24656764
5221520,2026-05-31T11:01:44,35.51,0.935,F,2818.07,10203.3,47.6802272,-122.24656189,E,0.697,2810.83,10166.54,47.6802272,-122.24656189
5222588,2026-05-31T11:01:45,34.75,0.963,F,2818.66,10204.13,47.68023286,-122.24655607,E,0.7179,2811.26,10167.17,47.68023286,-122.24655607
5223642,2026-05-31T11:01:47,33.52,0.97,F,2819.24,10204.96,47.68023857,-122.24655046,E,0.7231,2811.68,10167.81,47.68023857,-122.24655046
5224715,2026-05-31T11:01:48,30.7,0.985,F,2819.81,10205.82,47.68024465,-122.2465451,E,0.7343,2812.09,10168.49,47.68024465,-122.2465451
5225786,2026-05-31T11:01:49,23.56,0.981,F,2820.3,10206.76,47.6802511,-122.24654093,E,0.7313,2812.4,10169.2,47.6802511,-122.24654093
5226855,2026-05-31T11:01:50,16.88,0.993,F,2820.65,10207.76,47.6802579,-122.24653787,E,0.7403,2812.63,10169.96,47.6802579,-122.24653787
5227941,2026-05-31T11:01:51,13.95,0.951,F,2820.92,10208.81,47.68026462,-122.2465354,E,0.709,2812.81,10170.71,47.68026462,-122.2465354
5229020,2026-05-31T11:01:52,14.43,0.898,F,2821.16,10209.77,47.6802709,-122.246533,E,0.6695,2812.99,10171.41,47.6802709,-122.246533
5230090,2026-05-31T11:01:53,16.68,0.78,F,2821.39,10210.65,47.68027626,-122.24653062,E,0.5815,2813.17,10172,47.68027626,-122.24653062
5231136,2026-05-31T11:01:54,19.85,0.721,F,2821.64,10211.38,47.68028101,-122.24652808,E,0.5375,2813.36,10172.53,47.68028101,-122.24652808
5232208,2026-05-31T11:01:55,20.12,0.728,F,2821.91,10212.11,47.68028591,-122.24652542,E,0.5427,2813.56,10173.08,47.68028591,-122.24652542
5233294,2026-05-31T11:01:56,15.44,0.769,F,2822.14,10212.9,47.6802913,-122.24652321,E,0.5733,2813.73,10173.68,47.6802913,-122.24652321
5234373,2026-05-31T11:01:57,13.33,0.574,F,2822.32,10213.61,47.68029534,-122.24652179,E,0.4279,2813.84,10174.13,47.68029534,-122.24652179
5235445,2026-05-31T11:01:58,12.28,0.402,F,2822.43,10214.11,47.68029816,-122.24652088,E,0.2997,2813.9,10174.44,47.68029816,-122.24652088
5236525,2026-05-31T11:01:59,14.42,0.297,F,2822.51,10214.47,47.68030024,-122.24652009,E,0.2214,2813.96,10174.67,47.68030024,-122.24652009
5237596,2026-05-31T11:02:00,20.18,0.223,F,2822.59,10214.73,47.68030174,-122.24651927,E,0.1662,2814.03,10174.84,47.68030174,-122.24651927
5238673,2026-05-31T11:02:02,56.26,0.156,F,2822.7,10214.89,47.68030237,-122.24651788,E,0.1163,2814.13,10174.91,47.68030237,-122.24651788
5239752,2026-05-31T11:02:03,25.38,0.109,F,2822.8,10214.99,47.68030308,-122.24651738,E,0.0813,2814.17,10174.99,47.68030308,-122.24651738
5240831,2026-05-31T11:02:04,6.74,0.118,F,2822.83,10215.1,47.68030392,-122.24651723,E,0.088,2814.18,10175.08,47.68030392,-122.24651723
5241910,2026-05-31T11:02:05,2.49,0.082,F,2822.83,10215.2,47.68030452,-122.2465172,E,0.0611,2814.18,10175.15,47.68030452,-122.2465172
5242971,2026-05-31T11:02:06,0.08,0.058,F,2822.83,10215.3,47.68030493,-122.24651719,E,0.0432,2814.18,10175.2,47.68030493,-122.24651719
5244041,2026-05-31T11:02:07,356.04,0.053,F,2822.83,10215.39,47.68030531,-122.24651723,E,0.0395,2814.18,10175.24,47.68030531,-122.24651723
5245113,2026-05-31T11:02:08,351.42,0.037,F,2822.83,10215.42,47.68030557,-122.24651729,E,0.0276,2814.17,10175.27,47.68030557,-122.24651729
5246184,2026-05-31T11:02:09,356.55,0.026,F,2822.83,10215.43,47.68030576,-122.24651731,E,0.0194,2814.17,10175.29,47.68030576,-122.24651731
5247280,2026-05-31T11:02:10,9.91,0.018,F,2822.83,10215.43,47.68030589,-122.24651727,E,0.0134,2814.18,10175.3,47.68030589,-122.24651727
5248358,2026-05-31T11:02:11,22.93,0.013,F,2822.83,10215.43,47.68030597,-122.24651722,E,0.0097,2814.18,10175.31,47.68030597,-122.24651722
5249428,2026-05-31T11:02:12,37.07,0.009,F,2822.83,10215.43,47.68030602,-122.24651716,E,0.0067,2814.18,10175.32,47.68030602,-122.24651716
5250508,2026-05-31T11:02:13,37.88,0.006,F,2822.83,10215.43,47.68030606,-122.24651712,E,0.0045,2814.19,10175.32,47.68030606,-122.24651712
5251564,2026-05-31T11:02:14,35.87,0.004,F,2822.83,10215.43,47.68030608,-122.2465171,E,0.003,2814.19,10175.33,47.68030608,-122.2465171
5252643,2026-05-31T11:02:16,27.95,0.003,F,2822.83,10215.43,47.6803061,-122.24651708,E,0.0022,2814.19,10175.33,47.6803061,-122.24651708
5253731,2026-05-31T11:02:17,19.04,0.002,F,2822.83,10215.43,47.68030611,-122.24651708,E,0.0015,2814.19,10175.33,47.68030611,-122.24651708
5254809,2026-05-31T11:02:18,15.99,0.001,F,2822.83,10215.43,47.68030612,-122.24651707,E,0.0007,2814.19,10175.33,47.68030612,-122.24651707
5255889,2026-05-31T11:02:19,14.04,0.001,F,2822.83,10215.43,47.68030613,-122.24651707,E,0.0007,2814.19,10175.33,47.68030613,-122.24651707
5256968,2026-05-31T11:02:20,12,0.001,F,2822.83,10215.43,47.68030614,-122.24651707,E,0.0007,2814.19,10175.33,47.68030614,-122.24651707
5257970,2026-05-31T11:02:21,9.37,0.001,F,2822.83,10215.43,47.68030614,-122.24651707,E,0.0007,2814.19,10175.33,47.68030614,-122.24651707
5259042,2026-05-31T11:02:22,11.47,0,F,2822.83,10215.43,47.68030614,-122.24651707,E,0,2814.19,10175.33,47.68030614,-122.24651707
5260121,2026-05-31T11:02:23,12.92,0,F,2822.83,10215.43,47.68030614,-122.24651707,E,0,2814.19,10175.33,47.68030614,-122.24651707
5261200,2026-05-31T11:02:24,13.17,0,F,2822.83,10215.43,47.68030614,-122.24651707,E,0,2814.19,10175.33,47.68030614,-122.24651707
5262289,2026-05-31T11:02:25,14.02,0,F,2822.83,10215.43,47.68030614,-122.24651707,E,0,2814.19,10175.33,47.68030614,-122.24651707
5263375,2026-05-31T11:02:26,13.52,0,F,2822.83,10215.43,47.68030614,-122.24651707,E,0,2814.19,10175.33,47.68030614,-122.24651707
5264456,2026-05-31T11:02:27,11.73,0,F,2822.83,10215.43,47.68030614,-122.24651707,E,0,2814.19,10175.33,47.68030614,-122.24651707
5265525,2026-05-31T11:02:28,9.66,0,F,2822.83,10215.43,47.68030614,-122.24651707,E,0,2814.19,10175.33,47.68030614,-122.24651707
5266588,2026-05-31T11:02:29,11.29,0,F,2822.83,10215.43,47.68030614,-122.24651707,E,0,2814.19,10175.33,47.68030614,-122.24651707
5267667,2026-05-31T11:02:31,12.14,0,F,2822.83,10215.43,47.68030614,-122.24651707,E,0,2814.19,10175.33,47.68030614,-122.24651707
5268746,2026-05-31T11:02:32,13.93,0,F,2822.83,10215.43,47.68030614,-122.24651707,E,0,2814.19,10175.33,47.68030614,-122.24651707
5269825,2026-05-31T11:02:33,15,0,F,2822.83,10215.43,47.68030614,-122.24651707,E,0,2814.19,10175.33,47.68030614,-122.24651707
5270896,2026-05-31T11:02:34,18.25,0,F,2822.83,10215.43,47.68030614,-122.24651707,E,0,2814.19,10175.33,47.68030614,-122.24651707
5271976,2026-05-31T11:02:35,20.32,0,F,2822.83,10215.43,47.68030614,-122.24651707,E,0,2814.19,10175.33,47.68030614,-122.24651707
5273055,2026-05-31T11:02:36,20.32,0,F,2822.83,10215.43,47.68030614,-122.24651707,E,0,2814.19,10175.33,47.68030614,-122.24651707
5274124,2026-05-31T11:02:37,20.27,0,F,2822.83,10215.43,47.68030614,-122.24651707,E,0,2814.19,10175.33,47.68030614,-122.24651707
5275203,2026-05-31T11:02:38,17.4,0,F,2822.83,10215.43,47.68030614,-122.24651707,E,0,2814.19,10175.33,47.68030614,-122.24651707
5276273,2026-05-31T11:02:39,14.76,0,F,2822.83,10215.43,47.68030614,-122.24651707,E,0,2814.19,10175.33,47.68030614,-122.24651707
5277362,2026-05-31T11:02:40,12.81,0.012,F,2822.83,10215.43,47.68030623,-122.24651704,E,0.0089,2814.19,10175.34,47.68030623,-122.24651704
5278439,2026-05-31T11:02:41,16.52,0.008,F,2822.83,10215.43,47.68030628,-122.24651701,E,0.006,2814.2,10175.35,47.68030628,-122.24651701
5279518,2026-05-31T11:02:42,20.97,0.006,F,2822.83,10215.43,47.68030632,-122.24651699,E,0.0045,2814.2,10175.35,47.68030632,-122.24651699
5280587,2026-05-31T11:02:43,25.26,0.004,F,2822.83,10215.43,47.68030635,-122.24651697,E,0.003,2814.2,10175.35,47.68030635,-122.24651697
5281666,2026-05-31T11:02:45,28.18,0.003,F,2822.83,10215.43,47.68030637,-122.24651696,E,0.0022,2814.2,10175.36,47.68030637,-122.24651696
5282745,2026-05-31T11:02:46,27.34,0.002,F,2822.83,10215.43,47.68030638,-122.24651695,E,0.0015,2814.2,10175.36,47.68030638,-122.24651695
5283818,2026-05-31T11:02:47,24.84,0.001,F,2822.83,10215.43,47.68030639,-122.24651694,E,0.0007,2814.2,10175.36,47.68030639,-122.24651694
5284898,2026-05-31T11:02:48,24.08,0.001,F,2822.83,10215.43,47.68030639,-122.24651694,E,0.0007,2814.2,10175.36,47.68030639,-122.24651694
5285977,2026-05-31T11:02:49,21.11,0.001,F,2822.83,10215.43,47.6803064,-122.24651694,E,0.0007,2814.2,10175.36,47.6803064,-122.24651694
5287065,2026-05-31T11:02:50,19.89,0,F,2822.83,10215.43,47.6803064,-122.24651694,E,0,2814.2,10175.36,47.6803064,-122.24651694
5288067,2026-05-31T11:02:51,19.56,0,F,2822.83,10215.43,47.6803064,-122.24651694,E,0,2814.2,10175.36,47.6803064,-122.24651694
5289145,2026-05-31T11:02:52,17.83,0,F,2822.83,10215.43,47.6803064,-122.24651694,E,0,2814.2,10175.36,47.6803064,-122.24651694
5290224,2026-05-31T11:02:53,17.43,0,F,2822.83,10215.43,47.6803064,-122.24651694,E,0,2814.2,10175.36,47.6803064,-122.24651694
5291303,2026-05-31T11:02:54,19.85,0,F,2822.83,10215.43,47.6803064,-122.24651694,E,0,2814.2,10175.36,47.6803064,-122.24651694
5292366,2026-05-31T11:02:55,20.98,0,F,2822.83,10215.43,47.6803064,-122.24651694,E,0,2814.2,10175.36,47.6803064,-122.24651694
5293444,2026-05-31T11:02:56,21.62,0,F,2822.83,10215.43,47.6803064,-122.24651694,E,0,2814.2,10175.36,47.6803064,-122.24651694
5294507,2026-05-31T11:02:57,23.4,0,F,2822.83,10215.43,47.6803064,-122.24651694,E,0,2814.2,10175.36,47.6803064,-122.24651694
5295586,2026-05-31T11:02:58,25.42,0,F,2822.83,10215.43,47.6803064,-122.24651694,E,0,2814.2,10175.36,47.6803064,-122.24651694
5296656,2026-05-31T11:03:00,26.87,0,F,2822.83,10215.43,47.6803064,-122.24651694,E,0,2814.2,10175.36,47.6803064,-122.24651694
5297729,2026-05-31T11:03:01,27.52,0,F,2822.83,10215.43,47.6803064,-122.24651694,E,0,2814.2,10175.36,47.6803064,-122.24651694
5298803,2026-05-31T11:03:02,27.32,0,F,2822.83,10215.43,47.6803064,-122.24651694,E,0,2814.2,10175.36,47.6803064,-122.24651694
5299884,2026-05-31T11:03:03,25.39,0,F,2822.83,10215.43,47.6803064,-122.24651694,E,0,2814.2,10175.36,47.6803064,-122.24651694
5300957,2026-05-31T11:03:04,22.66,0,F,2822.83,10215.43,47.6803064,-122.24651694,E,0,2814.2,10175.36,47.6803064,-122.24651694
5302036,2026-05-31T11:03:05,19.46,0,F,2822.83,10215.43,47.6803064,-122.24651694,E,0,2814.2,10175.36,47.6803064,-122.24651694
5303106,2026-05-31T11:03:06,16.34,0,F,2822.83,10215.43,47.6803064,-122.24651694,E,0,2814.2,10175.36,47.6803064,-122.24651694
5304178,2026-05-31T11:03:07,14.39,0,F,2822.83,10215.43,47.6803064,-122.24651694,E,0,2814.2,10175.36,47.6803064,-122.24651694
5305249,2026-05-31T11:03:08,14.1,0,F,2822.83,10215.43,47.6803064,-122.24651694,E,0,2814.2,10175.36,47.6803064,-122.24651694
5306310,2026-05-31T11:03:09,12.04,0,F,2822.83,10215.43,47.6803064,-122.24651694,E,0,2814.2,10175.36,47.6803064,-122.24651694
5307388,2026-05-31T11:03:10,9.88,0,F,2822.83,10215.43,47.6803064,-122.24651694,E,0,2814.2,10175.36,47.6803064,-122.24651694
5308457,2026-05-31T11:03:11,10.29,0,F,2822.83,10215.43,47.6803064,-122.24651694,E,0,2814.2,10175.36,47.6803064,-122.24651694
5309526,2026-05-31T11:03:12,10.49,0,F,2822.83,10215.43,47.6803064,-122.24651694,E,0,2814.2,10175.36,47.6803064,-122.24651694
5310605,2026-05-31T11:03:13,10.2,0,F,2822.83,10215.43,47.6803064,-122.24651694,E,0,2814.2,10175.36,47.6803064,-122.24651694
5311684,2026-05-31T11:03:15,9.33,0,F,2822.83,10215.43,47.6803064,-122.24651694,E,0,2814.2,10175.36,47.6803064,-122.24651694
5312756,2026-05-31T11:03:16,9.61,0,F,2822.83,10215.43,47.6803064,-122.24651694,E,0,2814.2,10175.36,47.6803064,-122.24651694
5313817,2026-05-31T11:03:17,9.99,0,F,2822.83,10215.43,47.6803064,-122.24651694,E,0,2814.2,10175.36,47.6803064,-122.24651694
5314895,2026-05-31T11:03:18,11.55,0,F,2822.83,10215.43,47.6803064,-122.24651694,E,0,2814.2,10175.36,47.6803064,-122.24651694
5315965,2026-05-31T11:03:19,12.13,0,F,2822.83,10215.43,47.6803064,-122.24651694,E,0,2814.2,10175.36,47.6803064,-122.24651694
5317035,2026-05-31T11:03:20,12.5,0,F,2822.83,10215.43,47.6803064,-122.24651694,E,0,2814.2,10175.36,47.6803064,-122.24651694
5318106,2026-05-31T11:03:21,12.63,0,F,2822.83,10215.43,47.6803064,-122.24651694,E,0,2814.2,10175.36,47.6803064,-122.24651694
5319172,2026-05-31T11:03:22,13.02,0,F,2822.83,10215.43,47.6803064,-122.24651694,E,0,2814.2,10175.36,47.6803064,-122.24651694
5320251,2026-05-31T11:03:23,13.94,0,F,2822.83,10215.43,47.6803064,-122.24651694,E,0,2814.2,10175.36,47.6803064,-122.24651694
5321323,2026-05-31T11:03:24,14.52,0,F,2822.83,10215.43,47.6803064,-122.24651694,E,0,2814.2,10175.36,47.6803064,-122.24651694
5322403,2026-05-31T11:03:25,13.13,0,F,2822.83,10215.43,47.6803064,-122.24651694,E,0,2814.2,10175.36,47.6803064,-122.24651694
5323489,2026-05-31T11:03:26,10.08,0,F,2822.83,10215.43,47.6803064,-122.24651694,E,0,2814.2,10175.36,47.6803064,-122.24651694
5324567,2026-05-31T11:03:27,6.91,0,F,2822.83,10215.43,47.6803064,-122.24651694,E,0,2814.2,10175.36,47.6803064,-122.24651694
5325637,2026-05-31T11:03:29,3.36,0,F,2822.83,10215.43,47.6803064,-122.24651694,E,0,2814.2,10175.36,47.6803064,-122.24651694
5326716,2026-05-31T11:03:30,358.22,0,F,2822.83,10215.43,47.6803064,-122.24651694,E,0,2814.2,10175.36,47.6803064,-122.24651694
5327794,2026-05-31T11:03:31,357.2,0,F,2822.83,10215.43,47.6803064,-122.24651694,E,0,2814.2,10175.36,47.6803064,-122.24651694
5328874,2026-05-31T11:03:32,357.05,0,F,2822.83,10215.43,47.6803064,-122.24651694,E,0,2814.2,10175.36,47.6803064,-122.24651694
5329935,2026-05-31T11:03:33,357.39,0,F,2822.83,10215.43,47.6803064,-122.24651694,E,0,2814.2,10175.36,47.6803064,-122.24651694
5331007,2026-05-31T11:03:34,358.12,0,F,2822.83,10215.43,47.6803064,-122.24651694,E,0,2814.2,10175.36,47.6803064,-122.24651694
5332077,2026-05-31T11:03:35,355.18,0,F,2822.83,10215.43,47.6803064,-122.24651694,E,0,2814.2,10175.36,47.6803064,-122.24651694
5333155,2026-05-31T11:03:36,351.7,0,F,2822.83,10215.43,47.6803064,-122.24651694,E,0,2814.2,10175.36,47.6803064,-122.24651694
5334225,2026-05-31T11:03:37,345.63,0,F,2822.83,10215.43,47.6803064,-122.24651694,E,0,2814.2,10175.36,47.6803064,-122.24651694
5335304,2026-05-31T11:03:38,343.03,0,F,2822.83,10215.43,47.6803064,-122.24651694,E,0,2814.2,10175.36,47.6803064,-122.24651694
5336392,2026-05-31T11:03:39,342.2,0,F,2822.83,10215.43,47.6803064,-122.24651694,E,0,2814.2,10175.36,47.6803064,-122.24651694
5337471,2026-05-31T11:03:40,340.9,0,F,2822.83,10215.43,47.6803064,-122.24651694,E,0,2814.2,10175.36,47.6803064,-122.24651694
5338541,2026-05-31T11:03:41,342.06,0,F,2822.83,10215.43,47.6803064,-122.24651694,E,0,2814.2,10175.36,47.6803064,-122.24651694
5339613,2026-05-31T11:03:42,342.31,0,F,2822.83,10215.43,47.6803064,-122.24651694,E,0,2814.2,10175.36,47.6803064,-122.24651694
5340693,2026-05-31T11:03:44,340.73,0,F,2822.83,10215.43,47.6803064,-122.24651694,E,0,2814.2,10175.36,47.6803064,-122.24651694
5341772,2026-05-31T11:03:45,338.05,0,F,2822.83,10215.43,47.6803064,-122.24651694,E,0,2814.2,10175.36,47.6803064,-122.24651694
5342825,2026-05-31T11:03:46,328.85,0,F,2822.83,10215.43,47.6803064,-122.24651694,E,0,2814.2,10175.36,47.6803064,-122.24651694
5343896,2026-05-31T11:03:47,316.14,0,F,2822.83,10215.43,47.6803064,-122.24651694,E,0,2814.2,10175.36,47.6803064,-122.24651694
5344985,2026-05-31T11:03:48,307.86,0,F,2822.83,10215.43,47.6803064,-122.24651694,E,0,2814.2,10175.36,47.6803064,-122.24651694
5346063,2026-05-31T11:03:49,309.95,0,F,2822.83,10215.43,47.6803064,-122.24651694,E,0,2814.2,10175.36,47.6803064,-122.24651694
5347142,2026-05-31T11:03:50,307.91,0,F,2822.83,10215.43,47.6803064,-122.24651694,E,0,2814.2,10175.36,47.6803064,-122.24651694
5348203,2026-05-31T11:03:51,308.96,0,F,2822.83,10215.43,47.6803064,-122.24651694,E,0,2814.2,10175.36,47.6803064,-122.24651694
5349304,2026-05-31T11:03:52,310.85,0,F,2822.83,10215.43,47.6803064,-122.24651694,E,0,2814.2,10175.36,47.6803064,-122.24651694
5350383,2026-05-31T11:03:53,313.14,0,F,2822.83,10215.43,47.6803064,-122.24651694,E,0,2814.2,10175.36,47.6803064,-122.24651694
5351462,2026-05-31T11:03:54,314.39,0,F,2822.83,10215.43,47.6803064,-122.24651694,E,0,2814.2,10175.36,47.6803064,-122.24651694
5352542,2026-05-31T11:03:55,317.99,0,F,2822.83,10215.43,47.6803064,-122.24651694,E,0,2814.2,10175.36,47.6803064,-122.24651694
5353619,2026-05-31T11:03:56,321.11,0,F,2822.83,10215.43,47.6803064,-122.24651694,E,0,2814.2,10175.36,47.6803064,-122.24651694
5354699,2026-05-31T11:03:58,323.85,0,F,2822.83,10215.43,47.6803064,-122.24651694,E,0,2814.2,10175.36,47.6803064,-122.24651694
5355768,2026-05-31T11:03:59,327.41,0,F,2822.83,10215.43,47.6803064,-122.24651694,E,0,2814.2,10175.36,47.6803064,-122.24651694
5356847,2026-05-31T11:04:00,330.88,0,F,2822.83,10215.43,47.6803064,-122.24651694,E,0,2814.2,10175.36,47.6803064,-122.24651694
5357928,2026-05-31T11:04:01,331.47,0,F,2822.83,10215.43,47.6803064,-122.24651694,E,0,2814.2,10175.36,47.6803064,-122.24651694
5359000,2026-05-31T11:04:02,334.64,0,F,2822.83,10215.43,47.6803064,-122.24651694,E,0,2814.2,10175.36,47.6803064,-122.24651694
5360070,2026-05-31T11:04:03,333.92,0,F,2822.83,10215.43,47.6803064,-122.24651694,E,0,2814.2,10175.36,47.6803064,-122.24651694
5361150,2026-05-31T11:04:04,333.2,0,F,2822.83,10215.43,47.6803064,-122.24651694,E,0,2814.2,10175.36,47.6803064,-122.24651694
5362223,2026-05-31T11:04:05,332.45,0,F,2822.83,10215.43,47.6803064,-122.24651694,E,0,2814.2,10175.36,47.6803064,-122.24651694
5363293,2026-05-31T11:04:06,333.47,0,F,2822.83,10215.43,47.6803064,-122.24651694,E,0,2814.2,10175.36,47.6803064,-122.24651694
5364372,2026-05-31T11:04:07,333.37,0,F,2822.83,10215.43,47.6803064,-122.24651694,E,0,2814.2,10175.36,47.6803064,-122.24651694
5365426,2026-05-31T11:04:08,334.15,0,F,2822.83,10215.43,47.6803064,-122.24651694,E,0,2814.2,10175.36,47.6803064,-122.24651694
5366498,2026-05-31T11:04:09,334.68,0,F,2822.83,10215.43,47.6803064,-122.24651694,E,0,2814.2,10175.36,47.6803064,-122.24651694
5367577,2026-05-31T11:04:10,336.65,0,F,2822.83,10215.43,47.6803064,-122.24651694,E,0,2814.2,10175.36,47.6803064,-122.24651694
5368663,2026-05-31T11:04:12,335.21,0,F,2822.83,10215.43,47.6803064,-122.24651694,E,0,2814.2,10175.36,47.6803064,-122.24651694
5369742,2026-05-31T11:04:13,335.52,0,F,2822.83,10215.43,47.6803064,-122.24651694,E,0,2814.2,10175.36,47.6803064,-122.24651694
5370815,2026-05-31T11:04:14,334.79,0,F,2822.83,10215.43,47.6803064,-122.24651694,E,0,2814.2,10175.36,47.6803064,-122.24651694
5371894,2026-05-31T11:04:15,334.32,0,F,2822.83,10215.43,47.6803064,-122.24651694,E,0,2814.2,10175.36,47.6803064,-122.24651694
5372966,2026-05-31T11:04:16,334.15,0,F,2822.83,10215.43,47.6803064,-122.24651694,E,0,2814.2,10175.36,47.6803064,-122.24651694
5374027,2026-05-31T11:04:17,332.9,0,F,2822.83,10215.43,47.6803064,-122.24651694,E,0,2814.2,10175.36,47.6803064,-122.24651694
5375088,2026-05-31T11:04:18,333.33,0,F,2822.83,10215.43,47.6803064,-122.24651694,E,0,2814.2,10175.36,47.6803064,-122.24651694
5376176,2026-05-31T11:04:19,333.91,0,F,2822.83,10215.43,47.6803064,-122.24651694,E,0,2814.2,10175.36,47.6803064,-122.24651694
5377245,2026-05-31T11:04:20,331.78,0,F,2822.83,10215.43,47.6803064,-122.24651694,E,0,2814.2,10175.36,47.6803064,-122.24651694
5378315,2026-05-31T11:04:21,330.31,0,F,2822.83,10215.43,47.6803064,-122.24651694,E,0,2814.2,10175.36,47.6803064,-122.24651694
5379403,2026-05-31T11:04:22,328,0,F,2822.83,10215.43,47.6803064,-122.24651694,E,0,2814.2,10175.36,47.6803064,-122.24651694
5380472,2026-05-31T11:04:23,325.91,0,F,2822.83,10215.43,47.6803064,-122.24651694,E,0,2814.2,10175.36,47.6803064,-122.24651694
5381551,2026-05-31T11:04:24,322.79,0,F,2822.83,10215.43,47.6803064,-122.24651694,E,0,2814.2,10175.36,47.6803064,-122.24651694
5382640,2026-05-31T11:04:26,316.54,0,F,2822.83,10215.43,47.6803064,-122.24651694,E,0,2814.2,10175.36,47.6803064,-122.24651694
5383721,2026-05-31T11:04:27,313.29,0,F,2822.83,10215.43,47.6803064,-122.24651694,E,0,2814.2,10175.36,47.6803064,-122.24651694
5384801,2026-05-31T11:04:28,312.28,0,F,2822.83,10215.43,47.6803064,-122.24651694,E,0,2814.2,10175.36,47.6803064,-122.24651694
5385881,2026-05-31T11:04:29,310.28,0,F,2822.83,10215.43,47.6803064,-122.24651694,E,0,2814.2,10175.36,47.6803064,-122.24651694
5386951,2026-05-31T11:04:30,314.17,0.046,F,2822.83,10215.43,47.68030663,-122.24651729,E,0.0343,2814.17,10175.39,47.68030663,-122.24651729
5388030,2026-05-31T11:04:31,299.04,0.072,F,2822.77,10215.44,47.68030688,-122.24651796,E,0.0537,2814.12,10175.41,47.68030688,-122.24651796
5389099,2026-05-31T11:04:32,328.4,0.144,F,2822.68,10215.54,47.68030776,-122.24651876,E,0.1074,2814.06,10175.51,47.68030776,-122.24651876
5390151,2026-05-31T11:04:33,354.3,0.101,F,2822.64,10215.64,47.68030847,-122.24651887,E,0.0753,2814.06,10175.59,47.68030847,-122.24651887
5391231,2026-05-31T11:04:34,359.38,0.084,F,2822.64,10215.75,47.68030908,-122.24651888,E,0.0626,2814.06,10175.66,47.68030908,-122.24651888
5392303,2026-05-31T11:04:35,358.8,0.059,F,2822.64,10215.84,47.6803095,-122.24651889,E,0.044,2814.05,10175.71,47.6803095,-122.24651889
5393373,2026-05-31T11:04:36,347.9,0.041,F,2822.64,10215.9,47.68030979,-122.24651898,E,0.0306,2814.05,10175.74,47.68030979,-122.24651898
5394434,2026-05-31T11:04:37,339.27,0.029,F,2822.63,10215.91,47.68030998,-122.24651909,E,0.0216,2814.04,10175.76,47.68030998,-122.24651909
5395487,2026-05-31T11:04:38,339.59,0.02,F,2822.63,10215.91,47.68031011,-122.24651916,E,0.0149,2814.03,10175.77,47.68031011,-122.24651916
5396556,2026-05-31T11:04:39,349.31,0.014,F,2822.63,10215.91,47.68031021,-122.24651919,E,0.0104,2814.03,10175.78,47.68031021,-122.24651919
5397617,2026-05-31T11:04:40,359.84,0.01,F,2822.63,10215.91,47.68031028,-122.24651919,E,0.0075,2814.03,10175.79,47.68031028,-122.24651919
5398705,2026-05-31T11:04:42,4.22,0.007,F,2822.63,10215.91,47.68031033,-122.24651918,E,0.0052,2814.03,10175.8,47.68031033,-122.24651918
5399766,2026-05-31T11:04:43,360,0.035,F,2822.63,10215.91,47.68031058,-122.24651918,E,0.0261,2814.03,10175.83,47.68031058,-122.24651918
5400837,2026-05-31T11:04:44,356.35,0.051,F,2822.63,10215.97,47.68031095,-122.24651922,E,0.038,2814.03,10175.87,47.68031095,-122.24651922
5401924,2026-05-31T11:04:45,0.69,0.035,F,2822.63,10216,47.6803112,-122.24651921,E,0.0261,2814.03,10175.89,47.6803112,-122.24651921
5403002,2026-05-31T11:04:46,7.51,0.025,F,2822.63,10216.01,47.68031138,-122.24651918,E,0.0186,2814.03,10175.91,47.68031138,-122.24651918
5404081,2026-05-31T11:04:47,13.12,0.017,F,2822.63,10216.01,47.6803115,-122.24651914,E,0.0127,2814.04,10175.93,47.6803115,-122.24651914
5405151,2026-05-31T11:04:48,20.06,0.012,F,2822.63,10216.01,47.68031158,-122.24651909,E,0.0089,2814.04,10175.94,47.68031158,-122.24651909
5406229,2026-05-31T11:04:49,26.63,0.008,F,2822.63,10216.01,47.68031163,-122.24651906,E,0.006,2814.04,10175.94,47.68031163,-122.24651906
5407308,2026-05-31T11:04:50,27.78,0.006,F,2822.63,10216.01,47.68031167,-122.24651903,E,0.0045,2814.04,10175.95,47.68031167,-122.24651903
5408378,2026-05-31T11:04:51,25.36,0.004,F,2822.63,10216.01,47.6803117,-122.24651901,E,0.003,2814.05,10175.95,47.6803117,-122.24651901
5409478,2026-05-31T11:04:52,21.36,0.003,F,2822.63,10216.01,47.68031172,-122.246519,E,0.0022,2814.05,10175.95,47.68031172,-122.246519
5410557,2026-05-31T11:04:53,19.66,0.002,F,2822.63,10216.01,47.68031173,-122.24651899,E,0.0015,2814.05,10175.95,47.68031173,-122.24651899
5411636,2026-05-31T11:04:55,19.17,0.001,F,2822.63,10216.01,47.68031174,-122.24651898,E,0.0007,2814.05,10175.95,47.68031174,-122.24651898
5412725,2026-05-31T11:04:56,20.87,0.001,F,2822.63,10216.01,47.68031174,-122.24651898,E,0.0007,2814.05,10175.96,47.68031174,-122.24651898
5413796,2026-05-31T11:04:57,31.59,0.001,F,2822.63,10216.01,47.68031175,-122.24651897,E,0.0007,2814.05,10175.96,47.68031175,-122.24651897
5414867,2026-05-31T11:04:58,36.74,0,F,2822.63,10216.01,47.68031175,-122.24651897,E,0,2814.05,10175.96,47.68031175,-122.24651897
5415940,2026-05-31T11:04:59,43.89,0.016,F,2822.63,10216.01,47.68031183,-122.24651886,E,0.0119,2814.06,10175.97,47.68031183,-122.24651886
5417019,2026-05-31T11:05:00,49.32,0.011,F,2822.63,10216.01,47.68031189,-122.24651877,E,0.0082,2814.06,10175.97,47.68031189,-122.24651877
5418098,2026-05-31T11:05:01,27.47,0.008,F,2822.63,10216.01,47.68031194,-122.24651873,E,0.006,2814.07,10175.98,47.68031194,-122.24651873
5419161,2026-05-31T11:05:02,12.6,0.006,F,2822.63,10216.01,47.68031198,-122.24651871,E,0.0045,2814.07,10175.98,47.68031198,-122.24651871
5420240,2026-05-31T11:05:03,2.61,0.004,F,2822.63,10216.01,47.68031201,-122.24651871,E,0.003,2814.07,10175.98,47.68031201,-122.24651871
5421292,2026-05-31T11:05:04,316.3,0.003,F,2822.63,10216.01,47.68031202,-122.24651873,E,0.0022,2814.07,10175.99,47.68031202,-122.24651873
5422361,2026-05-31T11:05:05,255.13,0.002,F,2822.63,10216.01,47.68031202,-122.24651875,E,0.0015,2814.06,10175.99,47.68031202,-122.24651875
5423431,2026-05-31T11:05:06,240.55,0.001,F,2822.63,10216.01,47.68031202,-122.24651876,E,0.0007,2814.06,10175.99,47.68031202,-122.24651876
5424519,2026-05-31T11:05:07,247.6,0.001,F,2822.63,10216.01,47.68031201,-122.24651877,E,0.0007,2814.06,10175.99,47.68031201,-122.24651877
5425588,2026-05-31T11:05:08,254.4,0.001,F,2822.63,10216.01,47.68031201,-122.24651878,E,0.0007,2814.06,10175.99,47.68031201,-122.24651878
5426668,2026-05-31T11:05:10,245.18,0,F,2822.63,10216.01,47.68031201,-122.24651878,E,0,2814.06,10175.99,47.68031201,-122.24651878
5427739,2026-05-31T11:05:11,253.06,0,F,2822.63,10216.01,47.68031201,-122.24651878,E,0,2814.06,10175.99,47.68031201,-122.24651878
5428807,2026-05-31T11:05:12,277.98,0,F,2822.63,10216.01,47.68031201,-122.24651878,E,0,2814.06,10175.99,47.68031201,-122.24651878
5429886,2026-05-31T11:05:13,305.94,0,F,2822.63,10216.01,47.68031201,-122.24651878,E,0,2814.06,10175.99,47.68031201,-122.24651878
5430965,2026-05-31T11:05:14,339.13,0,F,2822.63,10216.01,47.68031201,-122.24651878,E,0,2814.06,10175.99,47.68031201,-122.24651878
5432040,2026-05-31T11:05:15,6.4,0,F,2822.63,10216.01,47.68031201,-122.24651878,E,0,2814.06,10175.99,47.68031201,-122.24651878
5433119,2026-05-31T11:05:16,32.54,0,F,2822.63,10216.01,47.68031201,-122.24651878,E,0,2814.06,10175.99,47.68031201,-122.24651878
5434197,2026-05-31T11:05:17,90.55,0,F,2822.63,10216.01,47.68031201,-122.24651878,E,0,2814.06,10175.99,47.68031201,-122.24651878
5435271,2026-05-31T11:05:18,123,0,F,2822.63,10216.01,47.68031201,-122.24651878,E,0,2814.06,10175.99,47.68031201,-122.24651878
5436350,2026-05-31T11:05:19,146.12,0.012,F,2822.64,10216.01,47.68031194,-122.24651871,E,0.0089,2814.07,10175.98,47.68031194,-122.24651871
5437429,2026-05-31T11:05:20,105.94,0.008,F,2822.65,10216.01,47.68031192,-122.24651863,E,0.006,2814.07,10175.98,47.68031192,-122.24651863
5438508,2026-05-31T11:05:21,90.14,0.006,F,2822.65,10216.01,47.68031192,-122.24651857,E,0.0045,2814.08,10175.98,47.68031192,-122.24651857
5439602,2026-05-31T11:05:22,99.15,0.004,F,2822.65,10216.01,47.68031192,-122.24651852,E,0.003,2814.08,10175.97,47.68031192,-122.24651852
5440674,2026-05-31T11:05:24,68.67,0.003,F,2822.65,10216.01,47.68031193,-122.24651849,E,0.0022,2814.08,10175.98,47.68031193,-122.24651849
5441735,2026-05-31T11:05:25,39.41,0.002,F,2822.65,10216.01,47.68031194,-122.24651848,E,0.0015,2814.09,10175.98,47.68031194,-122.24651848
5442823,2026-05-31T11:05:26,41.64,0.001,F,2822.65,10216.01,47.68031194,-122.24651847,E,0.0007,2814.09,10175.98,47.68031194,-122.24651847
5443903,2026-05-31T11:05:27,52.67,0.001,F,2822.65,10216.01,47.68031195,-122.24651846,E,0.0007,2814.09,10175.98,47.68031195,-122.24651846
5444983,2026-05-31T11:05:28,46.39,0.001,F,2822.65,10216.01,47.68031195,-122.24651846,E,0.0007,2814.09,10175.98,47.68031195,-122.24651846
5446063,2026-05-31T11:05:29,32.83,0,F,2822.65,10216.01,47.68031195,-122.24651846,E,0,2814.09,10175.98,47.68031195,-122.24651846
5447135,2026-05-31T11:05:30,24.61,0,F,2822.65,10216.01,47.68031195,-122.24651846,E,0,2814.09,10175.98,47.68031195,-122.24651846
5448214,2026-05-31T11:05:31,16.8,0,F,2822.65,10216.01,47.68031195,-122.24651846,E,0,2814.09,10175.98,47.68031195,-122.24651846
5449293,2026-05-31T11:05:32,11.57,0,F,2822.65,10216.01,47.68031195,-122.24651846,E,0,2814.09,10175.98,47.68031195,-122.24651846
5450357,2026-05-31T11:05:33,7.62,0.031,F,2822.65,10216.01,47.68031217,-122.24651841,E,0.0231,2814.09,10176,47.68031217,-122.24651841
5451437,2026-05-31T11:05:34,1.55,0.021,F,2822.65,10216.01,47.68031232,-122.24651841,E,0.0157,2814.09,10176.02,47.68031232,-122.24651841
5452499,2026-05-31T11:05:35,351.02,0.015,F,2822.65,10216.01,47.68031243,-122.24651843,E,0.0112,2814.09,10176.03,47.68031243,-122.24651843
5453579,2026-05-31T11:05:36,347.51,0.01,F,2822.65,10216.01,47.6803125,-122.24651845,E,0.0075,2814.09,10176.04,47.6803125,-122.24651845
5454658,2026-05-31T11:05:38,347.21,0.007,F,2822.65,10216.01,47.68031255,-122.24651847,E,0.0052,2814.09,10176.04,47.68031255,-122.24651847
5455738,2026-05-31T11:05:39,351.43,0.005,F,2822.65,10216.01,47.68031258,-122.24651848,E,0.0037,2814.09,10176.05,47.68031258,-122.24651848
5456810,2026-05-31T11:05:40,356.1,0.004,F,2822.65,10216.01,47.68031261,-122.24651848,E,0.003,2814.08,10176.05,47.68031261,-122.24651848
5457898,2026-05-31T11:05:41,335.67,0.042,F,2822.64,10216.02,47.68031289,-122.24651867,E,0.0313,2814.07,10176.08,47.68031289,-122.24651867
5458977,2026-05-31T11:05:42,246.08,0.045,F,2822.61,10216.03,47.68031276,-122.24651911,E,0.0335,2814.04,10176.07,47.68031276,-122.24651911
5460049,2026-05-31T11:05:43,218.66,0.032,F,2822.58,10216.02,47.68031258,-122.24651932,E,0.0239,2814.02,10176.05,47.68031258,-122.24651932
5461115,2026-05-31T11:05:44,210.05,0.022,F,2822.56,10216.02,47.68031244,-122.24651944,E,0.0164,2814.01,10176.03,47.68031244,-122.24651944
5462194,2026-05-31T11:05:45,216.5,0.016,F,2822.56,10216.02,47.68031235,-122.24651954,E,0.0119,2814.01,10176.02,47.68031235,-122.24651954
5463263,2026-05-31T11:05:46,245.23,0.011,F,2822.56,10216.02,47.68031232,-122.24651965,E,0.0082,2814,10176.02,47.68031232,-122.24651965
5464325,2026-05-31T11:05:47,263.35,0.024,F,2822.55,10216.02,47.6803123,-122.2465199,E,0.0179,2813.98,10176.02,47.6803123,-122.2465199
5465397,2026-05-31T11:05:48,285,0.142,F,2822.46,10216.03,47.68031256,-122.24652136,E,0.1059,2813.87,10176.05,47.68031256,-122.24652136
5466467,2026-05-31T11:05:49,279.43,0.137,F,2822.29,10216.03,47.68031272,-122.24652279,E,0.1021,2813.76,10176.06,47.68031272,-122.24652279
5467546,2026-05-31T11:05:50,287.31,0.095,F,2822.18,10216.03,47.68031293,-122.24652377,E,0.0708,2813.69,10176.09,47.68031293,-122.24652377
5468616,2026-05-31T11:05:51,303.66,0.067,F,2822.1,10216.04,47.68031319,-122.24652436,E,0.0499,2813.64,10176.12,47.68031319,-122.24652436
5469691,2026-05-31T11:05:53,317.74,0.109,F,2822.04,10216.08,47.68031377,-122.24652514,E,0.0813,2813.58,10176.18,47.68031377,-122.24652514
5470763,2026-05-31T11:05:54,310.65,0.129,F,2821.94,10216.18,47.68031438,-122.24652618,E,0.0962,2813.51,10176.25,47.68031438,-122.24652618
5471833,2026-05-31T11:05:55,316.56,0.09,F,2821.85,10216.28,47.68031485,-122.24652684,E,0.0671,2813.46,10176.3,47.68031485,-122.24652684
5472920,2026-05-31T11:05:56,302.99,0.115,F,2821.76,10216.38,47.6803153,-122.24652788,E,0.0857,2813.38,10176.35,47.6803153,-122.24652788
5473992,2026-05-31T11:05:57,332.05,0.112,F,2821.69,10216.47,47.68031601,-122.24652844,E,0.0835,2813.34,10176.43,47.68031601,-122.24652844
5475063,2026-05-31T11:05:58,324.48,0.143,F,2821.61,10216.58,47.68031685,-122.24652932,E,0.1066,2813.27,10176.52,47.68031685,-122.24652932
5476143,2026-05-31T11:05:59,325.37,0.13,F,2821.53,10216.69,47.68031762,-122.24653012,E,0.0969,2813.21,10176.61,47.68031762,-122.24653012
5477215,2026-05-31T11:06:00,312.11,0.104,F,2821.45,10216.79,47.68031812,-122.24653094,E,0.0775,2813.15,10176.67,47.68031812,-122.24653094
5478286,2026-05-31T11:06:01,294.5,0.073,F,2821.37,10216.85,47.68031834,-122.24653164,E,0.0544,2813.1,10176.69,47.68031834,-122.24653164
5479348,2026-05-31T11:06:02,269.35,0.065,F,2821.3,10216.85,47.68031833,-122.24653233,E,0.0485,2813.05,10176.69,47.68031833,-122.24653233
5480410,2026-05-31T11:06:03,307.09,0.092,F,2821.23,10216.86,47.68031873,-122.2465331,E,0.0686,2812.99,10176.73,47.68031873,-122.2465331
5481470,2026-05-31T11:06:04,318.28,0.077,F,2821.17,10216.95,47.68031914,-122.24653364,E,0.0574,2812.95,10176.78,47.68031914,-122.24653364
5482540,2026-05-31T11:06:05,319.08,0.054,F,2821.12,10217,47.68031943,-122.24653402,E,0.0403,2812.92,10176.81,47.68031943,-122.24653402
5483611,2026-05-31T11:06:06,318.55,0.038,F,2821.09,10217.02,47.68031963,-122.24653429,E,0.0283,2812.9,10176.83,47.68031963,-122.24653429
5484671,2026-05-31T11:06:08,307.78,0.027,F,2821.06,10217.02,47.68031975,-122.24653451,E,0.0201,2812.88,10176.85,47.68031975,-122.24653451
5485750,2026-05-31T11:06:09,319.48,0.019,F,2821.04,10217.02,47.68031985,-122.24653464,E,0.0142,2812.87,10176.86,47.68031985,-122.24653464
5486820,2026-05-31T11:06:10,313.69,0.013,F,2821.04,10217.02,47.68031992,-122.24653474,E,0.0097,2812.86,10176.87,47.68031992,-122.24653474
5487899,2026-05-31T11:06:11,320.86,0.009,F,2821.04,10217.02,47.68031997,-122.2465348,E,0.0067,2812.86,10176.87,47.68031997,-122.2465348
5488986,2026-05-31T11:06:12,323.88,0.006,F,2821.04,10217.02,47.68032,-122.24653484,E,0.0045,2812.86,10176.87,47.68032,-122.24653484
5490074,2026-05-31T11:06:13,324.45,0.004,F,2821.04,10217.02,47.68032003,-122.24653487,E,0.003,2812.85,10176.88,47.68032003,-122.24653487
5491148,2026-05-31T11:06:14,320.5,0.003,F,2821.04,10217.02,47.68032004,-122.24653489,E,0.0022,2812.85,10176.88,47.68032004,-122.24653489
5492219,2026-05-31T11:06:15,320.97,0.002,F,2821.04,10217.02,47.68032006,-122.2465349,E,0.0015,2812.85,10176.88,47.68032006,-122.2465349
5493308,2026-05-31T11:06:16,318.38,0.002,F,2821.04,10217.02,47.68032007,-122.24653491,E,0.0015,2812.85,10176.88,47.68032007,-122.24653491
5494386,2026-05-31T11:06:17,317.6,0.001,F,2821.04,10217.02,47.68032007,-122.24653492,E,0.0007,2812.85,10176.88,47.68032007,-122.24653492
5495456,2026-05-31T11:06:18,317.32,0.001,F,2821.04,10217.02,47.68032008,-122.24653493,E,0.0007,2812.85,10176.88,47.68032008,-122.24653493
5496534,2026-05-31T11:06:19,324.9,0.027,F,2821.02,10217.02,47.68032024,-122.24653509,E,0.0201,2812.84,10176.9,47.68032024,-122.24653509
5497603,2026-05-31T11:06:20,319.93,0.019,F,2821,10217.02,47.68032034,-122.24653522,E,0.0142,2812.83,10176.91,47.68032034,-122.24653522
5498673,2026-05-31T11:06:22,316.65,0.029,F,2820.99,10217.02,47.68032049,-122.24653544,E,0.0216,2812.81,10176.93,47.68032049,-122.24653544
5499780,2026-05-31T11:06:23,335.88,0.033,F,2820.97,10217.03,47.68032071,-122.24653558,E,0.0246,2812.8,10176.95,47.68032071,-122.24653558
5500849,2026-05-31T11:06:24,337.7,0.023,F,2820.96,10217.03,47.68032087,-122.24653568,E,0.0171,2812.79,10176.97,47.68032087,-122.24653568
5501929,2026-05-31T11:06:25,325.8,0.016,F,2820.96,10217.03,47.68032096,-122.24653577,E,0.0119,2812.79,10176.98,47.68032096,-122.24653577
5502986,2026-05-31T11:06:26,309.67,0.011,F,2820.96,10217.03,47.68032101,-122.24653586,E,0.0082,2812.78,10176.99,47.68032101,-122.24653586
5504064,2026-05-31T11:06:27,299.54,0.008,F,2820.95,10217.03,47.68032104,-122.24653594,E,0.006,2812.77,10176.99,47.68032104,-122.24653594
5505143,2026-05-31T11:06:28,305.5,0.037,F,2820.95,10217.03,47.6803212,-122.24653626,E,0.0276,2812.75,10177.01,47.6803212,-122.24653626
5506216,2026-05-31T11:06:29,303.92,0.054,F,2820.91,10217.03,47.68032141,-122.24653674,E,0.0403,2812.71,10177.03,47.68032141,-122.24653674
5507295,2026-05-31T11:06:30,298.37,0.062,F,2820.84,10217.04,47.68032163,-122.24653732,E,0.0462,2812.67,10177.06,47.68032163,-122.24653732
5508374,2026-05-31T11:06:31,282.78,0.044,F,2820.79,10217.05,47.6803217,-122.24653778,E,0.0328,2812.64,10177.06,47.6803217,-122.24653778
5509435,2026-05-31T11:06:32,273.47,0.061,F,2820.74,10217.05,47.68032172,-122.24653842,E,0.0455,2812.59,10177.07,47.68032172,-122.24653842
5510506,2026-05-31T11:06:33,280.04,0.059,F,2820.69,10217.05,47.6803218,-122.24653904,E,0.044,2812.54,10177.07,47.6803218,-122.24653904
5511584,2026-05-31T11:06:34,256.68,0.11,F,2820.6,10217.04,47.68032161,-122.24654019,E,0.082,2812.46,10177.05,47.68032161,-122.24654019
5512662,2026-05-31T11:06:36,245.39,0.106,F,2820.49,10217.04,47.68032129,-122.24654122,E,0.079,2812.38,10177.02,47.68032129,-122.24654122
5513732,2026-05-31T11:06:37,260.5,0.074,F,2820.41,10217.01,47.68032121,-122.24654199,E,0.0552,2812.32,10177.01,47.68032121,-122.24654199
5514810,2026-05-31T11:06:38,300.16,0.052,F,2820.34,10217.01,47.6803214,-122.24654247,E,0.0388,2812.28,10177.03,47.6803214,-122.24654247
5515879,2026-05-31T11:06:39,306.56,0.051,F,2820.3,10217.01,47.68032161,-122.24654291,E,0.038,2812.25,10177.05,47.68032161,-122.24654291
5516940,2026-05-31T11:06:40,245.38,0.107,F,2820.22,10217.02,47.6803213,-122.24654393,E,0.0798,2812.17,10177.02,47.6803213,-122.24654393
5518012,2026-05-31T11:06:41,238.38,0.087,F,2820.13,10216.93,47.68032097,-122.24654472,E,0.0649,2812.11,10176.98,47.68032097,-122.24654472
5519099,2026-05-31T11:06:42,257.34,0.06,F,2820.06,10216.93,47.68032087,-122.24654535,E,0.0447,2812.07,10176.97,47.68032087,-122.24654535
5520178,2026-05-31T11:06:43,263.31,0.072,F,2819.99,10216.93,47.68032081,-122.24654612,E,0.0537,2812.01,10176.96,47.68032081,-122.24654612
5521235,2026-05-31T11:06:44,262.97,0.114,F,2819.88,10216.92,47.68032071,-122.24654731,E,0.085,2811.92,10176.95,47.68032071,-122.24654731
5522314,2026-05-31T11:06:45,261.17,0.094,F,2819.77,10216.92,47.68032061,-122.2465483,E,0.0701,2811.85,10176.94,47.68032061,-122.2465483
5523402,2026-05-31T11:06:46,267.12,0.08,F,2819.68,10216.92,47.68032058,-122.24654917,E,0.0596,2811.78,10176.94,47.68032058,-122.24654917
5524464,2026-05-31T11:06:47,259.38,0.112,F,2819.57,10216.92,47.68032043,-122.24655033,E,0.0835,2811.69,10176.92,47.68032043,-122.24655033
5525543,2026-05-31T11:06:48,249.23,0.091,F,2819.47,10216.92,47.6803202,-122.24655124,E,0.0678,2811.63,10176.9,47.6803202,-122.24655124
5526597,2026-05-31T11:06:49,254.31,0.109,F,2819.38,10216.91,47.68031999,-122.24655234,E,0.0813,2811.54,10176.87,47.68031999,-122.24655234
5527676,2026-05-31T11:06:51,260.66,0.117,F,2819.26,10216.9,47.68031985,-122.24655357,E,0.0872,2811.45,10176.86,47.68031985,-122.24655357
5528746,2026-05-31T11:06:52,271.66,0.109,F,2819.14,10216.9,47.68031988,-122.24655473,E,0.0813,2811.36,10176.86,47.68031988,-122.24655473
5529806,2026-05-31T11:06:53,264.29,0.121,F,2819.02,10216.9,47.68031979,-122.246556,E,0.0902,2811.27,10176.85,47.68031979,-122.246556
5530880,2026-05-31T11:06:54,258.61,0.112,F,2818.9,10216.9,47.68031963,-122.24655717,E,0.0835,2811.18,10176.83,47.68031963,-122.24655717
5531953,2026-05-31T11:06:55,224.75,0.078,F,2818.81,10216.88,47.68031923,-122.24655775,E,0.0581,2811.14,10176.79,47.68031923,-122.24655775
5533033,2026-05-31T11:06:56,199.89,0.055,F,2818.77,10216.78,47.68031886,-122.24655796,E,0.041,2811.12,10176.75,47.68031886,-122.24655796
5534119,2026-05-31T11:06:57,165.26,0.038,F,2818.77,10216.75,47.68031859,-122.24655785,E,0.0283,2811.13,10176.72,47.68031859,-122.24655785
5535197,2026-05-31T11:06:58,151.49,0.027,F,2818.79,10216.74,47.68031842,-122.24655771,E,0.0201,2811.14,10176.7,47.68031842,-122.24655771
5536250,2026-05-31T11:06:59,143,0.019,F,2818.79,10216.74,47.68031832,-122.24655759,E,0.0142,2811.15,10176.69,47.68031832,-122.24655759
5537322,2026-05-31T11:07:00,145.68,0.013,F,2818.8,10216.74,47.68031824,-122.24655752,E,0.0097,2811.15,10176.68,47.68031824,-122.24655752
5538403,2026-05-31T11:07:01,157.52,0.024,F,2818.8,10216.74,47.68031808,-122.24655742,E,0.0179,2811.16,10176.66,47.68031808,-122.24655742
5539472,2026-05-31T11:07:02,158.99,0.029,F,2818.81,10216.73,47.68031788,-122.24655731,E,0.0216,2811.17,10176.64,47.68031788,-122.24655731
5540544,2026-05-31T11:07:03,150.96,0.02,F,2818.82,10216.73,47.68031776,-122.2465572,E,0.0149,2811.18,10176.62,47.68031776,-122.2465572
5541623,2026-05-31T11:07:05,146.45,0.014,F,2818.82,10216.73,47.68031767,-122.24655712,E,0.0104,2811.18,10176.62,47.68031767,-122.24655712
5542692,2026-05-31T11:07:06,126.77,0.01,F,2818.82,10216.73,47.68031763,-122.24655704,E,0.0075,2811.19,10176.61,47.68031763,-122.24655704
5543765,2026-05-31T11:07:07,140.06,0.007,F,2818.82,10216.73,47.68031759,-122.24655699,E,0.0052,2811.19,10176.61,47.68031759,-122.24655699
5544844,2026-05-31T11:07:08,158.45,0.005,F,2818.82,10216.73,47.68031756,-122.24655697,E,0.0037,2811.2,10176.6,47.68031756,-122.24655697
5545923,2026-05-31T11:07:09,159.63,0.003,F,2818.82,10216.73,47.68031754,-122.24655696,E,0.0022,2811.2,10176.6,47.68031754,-122.24655696
5547011,2026-05-31T11:07:10,157.16,0.058,F,2818.84,10216.71,47.68031715,-122.24655671,E,0.0432,2811.21,10176.56,47.68031715,-122.24655671
5548089,2026-05-31T11:07:11,190.17,0.094,F,2818.85,10216.61,47.68031648,-122.24655689,E,0.0701,2811.2,10176.48,47.68031648,-122.24655689
5549167,2026-05-31T11:07:12,202.09,0.078,F,2818.82,10216.51,47.68031596,-122.24655721,E,0.0581,2811.18,10176.42,47.68031596,-122.24655721
5550230,2026-05-31T11:07:13,214.46,0.055,F,2818.8,10216.43,47.68031564,-122.24655753,E,0.041,2811.15,10176.39,47.68031564,-122.24655753
5551278,2026-05-31T11:07:14,207.41,0.099,F,2818.77,10216.38,47.68031502,-122.24655801,E,0.0738,2811.12,10176.32,47.68031502,-122.24655801
5552341,2026-05-31T11:07:15,117.27,0.082,F,2818.78,10216.3,47.68031475,-122.24655724,E,0.0611,2811.18,10176.29,47.68031475,-122.24655724
5553411,2026-05-31T11:07:16,176.17,0.182,F,2818.85,10216.17,47.68031345,-122.24655711,E,0.1357,2811.18,10176.15,47.68031345,-122.24655711
5554480,2026-05-31T11:07:17,205.6,0.227,F,2818.8,10215.97,47.68031199,-122.24655815,E,0.1692,2811.11,10175.98,47.68031199,-122.24655815
5555558,2026-05-31T11:07:18,222.85,0.185,F,2818.68,10215.77,47.68031101,-122.2465595,E,0.1379,2811.01,10175.87,47.68031101,-122.2465595
5556638,2026-05-31T11:07:20,221.21,0.129,F,2818.56,10215.67,47.6803103,-122.24656041,E,0.0962,2810.94,10175.8,47.6803103,-122.24656041
5557717,2026-05-31T11:07:21,220.07,0.09,F,2818.48,10215.56,47.68030981,-122.24656103,E,0.0671,2810.89,10175.74,47.68030981,-122.24656103
5558789,2026-05-31T11:07:22,221.35,0.076,F,2818.43,10215.47,47.6803094,-122.24656156,E,0.0567,2810.85,10175.69,47.6803094,-122.24656156
5559881,2026-05-31T11:07:23,225.11,0.053,F,2818.38,10215.42,47.68030912,-122.24656197,E,0.0395,2810.82,10175.66,47.68030912,-122.24656197
5560942,2026-05-31T11:07:24,222.29,0.037,F,2818.35,10215.41,47.68030893,-122.24656223,E,0.0276,2810.8,10175.64,47.68030893,-122.24656223
5562005,2026-05-31T11:07:25,229.37,0.026,F,2818.32,10215.41,47.68030881,-122.24656244,E,0.0194,2810.78,10175.63,47.68030881,-122.24656244
5563085,2026-05-31T11:07:26,223.59,0.034,F,2818.3,10215.41,47.68030863,-122.24656269,E,0.0253,2810.77,10175.61,47.68030863,-122.24656269
5564156,2026-05-31T11:07:27,240.22,0.05,F,2818.26,10215.4,47.68030845,-122.24656315,E,0.0373,2810.73,10175.59,47.68030845,-122.24656315
5565211,2026-05-31T11:07:28,243.52,0.035,F,2818.21,10215.4,47.68030834,-122.24656348,E,0.0261,2810.71,10175.58,47.68030834,-122.24656348
5566290,2026-05-31T11:07:29,225.79,0.069,F,2818.18,10215.4,47.68030799,-122.24656401,E,0.0514,2810.67,10175.54,47.68030799,-122.24656401
5567369,2026-05-31T11:07:30,232.61,0.048,F,2818.13,10215.38,47.68030778,-122.24656442,E,0.0358,2810.64,10175.51,47.68030778,-122.24656442
5568438,2026-05-31T11:07:31,260.04,0.034,F,2818.08,10215.38,47.68030774,-122.24656478,E,0.0253,2810.61,10175.51,47.68030774,-122.24656478
5569516,2026-05-31T11:07:32,249.91,0.024,F,2818.06,10215.38,47.68030768,-122.24656502,E,0.0179,2810.59,10175.5,47.68030768,-122.24656502
5570590,2026-05-31T11:07:33,270.96,0.016,F,2818.03,10215.38,47.68030768,-122.24656519,E,0.0119,2810.58,10175.5,47.68030768,-122.24656519
5571669,2026-05-31T11:07:35,272.61,0.027,F,2818.01,10215.38,47.68030769,-122.24656548,E,0.0201,2810.56,10175.5,47.68030769,-122.24656548
5572750,2026-05-31T11:07:36,255.62,0.057,F,2817.95,10215.38,47.68030759,-122.24656607,E,0.0425,2810.51,10175.49,47.68030759,-122.24656607
5573830,2026-05-31T11:07:37,253.51,0.04,F,2817.9,10215.38,47.68030751,-122.24656648,E,0.0298,2810.48,10175.48,47.68030751,-122.24656648
5574911,2026-05-31T11:07:38,246.99,0.028,F,2817.87,10215.38,47.68030743,-122.24656676,E,0.0209,2810.46,10175.48,47.68030743,-122.24656676
5575990,2026-05-31T11:07:39,246.28,0.036,F,2817.84,10215.38,47.68030732,-122.24656711,E,0.0268,2810.43,10175.46,47.68030732,-122.24656711
5577054,2026-05-31T11:07:40,243.83,0.038,F,2817.8,10215.38,47.68030721,-122.24656747,E,0.0283,2810.41,10175.45,47.68030721,-122.24656747
5578134,2026-05-31T11:07:41,232.1,0.026,F,2817.77,10215.38,47.68030709,-122.24656769,E,0.0194,2810.39,10175.44,47.68030709,-122.24656769
5579205,2026-05-31T11:07:42,228.6,0.018,F,2817.75,10215.38,47.680307,-122.24656784,E,0.0134,2810.38,10175.43,47.680307,-122.24656784
5580286,2026-05-31T11:07:43,232.8,0.013,F,2817.73,10215.38,47.68030695,-122.24656795,E,0.0097,2810.37,10175.42,47.68030695,-122.24656795
5581341,2026-05-31T11:07:44,231.2,0.023,F,2817.72,10215.38,47.68030685,-122.24656813,E,0.0171,2810.36,10175.41,47.68030685,-122.24656813
5582419,2026-05-31T11:07:45,235.24,0.016,F,2817.7,10215.38,47.68030678,-122.24656827,E,0.0119,2810.35,10175.4,47.68030678,-122.24656827
5583498,2026-05-31T11:07:46,242.89,0.011,F,2817.69,10215.38,47.68030674,-122.24656838,E,0.0082,2810.34,10175.4,47.68030674,-122.24656838
5584577,2026-05-31T11:07:47,244.68,0.008,F,2817.69,10215.38,47.68030672,-122.24656846,E,0.006,2810.33,10175.4,47.68030672,-122.24656846
5585646,2026-05-31T11:07:49,242.96,0.006,F,2817.69,10215.38,47.6803067,-122.24656851,E,0.0045,2810.33,10175.39,47.6803067,-122.24656851
5586716,2026-05-31T11:07:50,245.09,0.018,F,2817.67,10215.38,47.68030664,-122.24656869,E,0.0134,2810.32,10175.39,47.68030664,-122.24656869
5587794,2026-05-31T11:07:51,271.38,0.043,F,2817.65,10215.38,47.68030665,-122.24656915,E,0.0321,2810.28,10175.39,47.68030665,-122.24656915
5588854,2026-05-31T11:07:52,266.42,0.099,F,2817.57,10215.38,47.68030661,-122.24657019,E,0.0738,2810.2,10175.38,47.68030661,-122.24657019
5589961,2026-05-31T11:07:53,307.08,0.165,F,2817.43,10215.42,47.68030735,-122.24657163,E,0.123,2810.09,10175.47,47.68030735,-122.24657163
5591030,2026-05-31T11:07:54,330.67,0.183,F,2817.32,10215.6,47.68030849,-122.24657259,E,0.1364,2810.02,10175.59,47.68030849,-122.24657259
5592093,2026-05-31T11:07:55,268.44,0.128,F,2817.2,10215.69,47.68030846,-122.24657394,E,0.0954,2809.92,10175.59,47.68030846,-122.24657394
5593172,2026-05-31T11:07:56,219.94,0.09,F,2817.1,10215.62,47.68030796,-122.24657456,E,0.0671,2809.87,10175.53,47.68030796,-122.24657456
5594268,2026-05-31T11:07:57,213.81,0.062,F,2817.05,10215.52,47.68030759,-122.24657493,E,0.0462,2809.85,10175.49,47.68030759,-122.24657493
5595346,2026-05-31T11:07:58,208.74,0.055,F,2817.02,10215.43,47.68030724,-122.24657521,E,0.041,2809.83,10175.45,47.68030724,-122.24657521
5596427,2026-05-31T11:07:59,205.12,0.038,F,2816.99,10215.42,47.68030699,-122.24657539,E,0.0283,2809.81,10175.43,47.68030699,-122.24657539
5597506,2026-05-31T11:08:00,205.79,0.027,F,2816.97,10215.41,47.68030681,-122.24657551,E,0.0201,2809.8,10175.41,47.68030681,-122.24657551
5598576,2026-05-31T11:08:01,201.66,0.019,F,2816.97,10215.41,47.68030669,-122.24657559,E,0.0142,2809.8,10175.39,47.68030669,-122.24657559
5599628,2026-05-31T11:08:03,196.63,0.013,F,2816.97,10215.41,47.6803066,-122.24657563,E,0.0097,2809.79,10175.38,47.6803066,-122.24657563
5600697,2026-05-31T11:08:04,195.07,0.009,F,2816.97,10215.41,47.68030654,-122.24657565,E,0.0067,2809.79,10175.38,47.68030654,-122.24657565
5601767,2026-05-31T11:08:05,194.53,0.007,F,2816.97,10215.41,47.68030649,-122.24657567,E,0.0052,2809.79,10175.37,47.68030649,-122.24657567
5602847,2026-05-31T11:08:06,191.25,0.051,F,2816.97,10215.4,47.68030613,-122.24657578,E,0.038,2809.78,10175.33,47.68030613,-122.24657578
5603916,2026-05-31T11:08:07,186.19,0.049,F,2816.96,10215.34,47.68030578,-122.24657583,E,0.0365,2809.78,10175.29,47.68030578,-122.24657583
5604968,2026-05-31T11:08:08,184.01,0.034,F,2816.96,10215.33,47.68030554,-122.24657586,E,0.0253,2809.78,10175.26,47.68030554,-122.24657586
5606037,2026-05-31T11:08:09,182.48,0.064,F,2816.96,10215.25,47.68030508,-122.24657589,E,0.0477,2809.77,10175.21,47.68030508,-122.24657589
5607108,2026-05-31T11:08:10,179.67,0.058,F,2816.96,10215.16,47.68030467,-122.24657588,E,0.0432,2809.78,10175.17,47.68030467,-122.24657588
5608159,2026-05-31T11:08:11,164.49,0.041,F,2816.96,10215.11,47.68030439,-122.24657577,E,0.0306,2809.78,10175.14,47.68030439,-122.24657577
5609229,2026-05-31T11:08:12,163.27,0.029,F,2816.96,10215.09,47.68030419,-122.24657568,E,0.0216,2809.79,10175.11,47.68030419,-122.24657568
5610325,2026-05-31T11:08:13,158.78,0.02,F,2816.97,10215.09,47.68030405,-122.2465756,E,0.0149,2809.8,10175.1,47.68030405,-122.2465756
5611399,2026-05-31T11:08:14,159.81,0.014,F,2816.97,10215.09,47.68030396,-122.24657555,E,0.0104,2809.8,10175.09,47.68030396,-122.24657555
5612470,2026-05-31T11:08:15,154.87,0.01,F,2816.97,10215.09,47.68030389,-122.2465755,E,0.0075,2809.8,10175.08,47.68030389,-122.2465755
5613548,2026-05-31T11:08:16,154.08,0.007,F,2816.97,10215.09,47.68030385,-122.24657547,E,0.0052,2809.81,10175.08,47.68030385,-122.24657547
5614618,2026-05-31T11:08:17,151.53,0.005,F,2816.97,10215.09,47.68030382,-122.24657545,E,0.0037,2809.81,10175.07,47.68030382,-122.24657545
5615697,2026-05-31T11:08:19,146.37,0.003,F,2816.97,10215.09,47.6803038,-122.24657543,E,0.0022,2809.81,10175.07,47.6803038,-122.24657543
5616776,2026-05-31T11:08:20,146.77,0.002,F,2816.97,10215.09,47.68030378,-122.24657542,E,0.0015,2809.81,10175.07,47.68030378,-122.24657542
5617855,2026-05-31T11:08:21,143.34,0.002,F,2816.97,10215.09,47.68030377,-122.2465754,E,0.0015,2809.81,10175.07,47.68030377,-122.2465754
5618926,2026-05-31T11:08:22,147.22,0.001,F,2816.97,10215.09,47.68030377,-122.2465754,E,0.0007,2809.81,10175.07,47.68030377,-122.2465754
5620001,2026-05-31T11:08:23,151.08,0.001,F,2816.97,10215.09,47.68030376,-122.24657539,E,0.0007,2809.81,10175.07,47.68030376,-122.24657539
5621062,2026-05-31T11:08:24,152.39,0.001,F,2816.97,10215.09,47.68030375,-122.24657539,E,0.0007,2809.81,10175.07,47.68030375,-122.24657539
5622141,2026-05-31T11:08:25,148.34,0,F,2816.97,10215.09,47.68030375,-122.24657539,E,0,2809.81,10175.07,47.68030375,-122.24657539
5623213,2026-05-31T11:08:26,145.26,0,F,2816.97,10215.09,47.68030375,-122.24657539,E,0,2809.81,10175.07,47.68030375,-122.24657539
5624292,2026-05-31T11:08:27,145.06,0,F,2816.97,10215.09,47.68030375,-122.24657539,E,0,2809.81,10175.07,47.68030375,-122.24657539
5625369,2026-05-31T11:08:28,146.23,0,F,2816.97,10215.09,47.68030375,-122.24657539,E,0,2809.81,10175.07,47.68030375,-122.24657539
5626440,2026-05-31T11:08:29,141.01,0,F,2816.97,10215.09,47.68030375,-122.24657539,E,0,2809.81,10175.07,47.68030375,-122.24657539
5627501,2026-05-31T11:08:30,142.39,0,F,2816.97,10215.09,47.68030375,-122.24657539,E,0,2809.81,10175.07,47.68030375,-122.24657539
5628570,2026-05-31T11:08:31,141.27,0,F,2816.97,10215.09,47.68030375,-122.24657539,E,0,2809.81,10175.07,47.68030375,-122.24657539
5629649,2026-05-31T11:08:33,137.04,0,F,2816.97,10215.09,47.68030375,-122.24657539,E,0,2809.81,10175.07,47.68030375,-122.24657539
5630728,2026-05-31T11:08:34,136.22,0,F,2816.97,10215.09,47.68030375,-122.24657539,E,0,2809.81,10175.07,47.68030375,-122.24657539
5631799,2026-05-31T11:08:35,139.69,0,F,2816.97,10215.09,47.68030375,-122.24657539,E,0,2809.81,10175.07,47.68030375,-122.24657539
5632880,2026-05-31T11:08:36,140.36,0,F,2816.97,10215.09,47.68030375,-122.24657539,E,0,2809.81,10175.07,47.68030375,-122.24657539
5633960,2026-05-31T11:08:37,146.73,0,F,2816.97,10215.09,47.68030375,-122.24657539,E,0,2809.81,10175.07,47.68030375,-122.24657539
5635023,2026-05-31T11:08:38,148.39,0,F,2816.97,10215.09,47.68030375,-122.24657539,E,0,2809.81,10175.07,47.68030375,-122.24657539
5636093,2026-05-31T11:08:39,149.51,0,F,2816.97,10215.09,47.68030375,-122.24657539,E,0,2809.81,10175.07,47.68030375,-122.24657539
5637171,2026-05-31T11:08:40,153.3,0,F,2816.97,10215.09,47.68030375,-122.24657539,E,0,2809.81,10175.07,47.68030375,-122.24657539
5638249,2026-05-31T11:08:41,154.95,0,F,2816.97,10215.09,47.68030375,-122.24657539,E,0,2809.81,10175.07,47.68030375,-122.24657539
5639330,2026-05-31T11:08:42,157.53,0,F,2816.97,10215.09,47.68030375,-122.24657539,E,0,2809.81,10175.07,47.68030375,-122.24657539
5640418,2026-05-31T11:08:43,155.27,0,F,2816.97,10215.09,47.68030375,-122.24657539,E,0,2809.81,10175.07,47.68030375,-122.24657539
5641472,2026-05-31T11:08:44,150.46,0.012,F,2816.97,10215.09,47.68030368,-122.24657533,E,0.0089,2809.82,10175.06,47.68030368,-122.24657533
5642551,2026-05-31T11:08:45,154.51,0.008,F,2816.97,10215.09,47.68030363,-122.24657529,E,0.006,2809.82,10175.05,47.68030363,-122.24657529
5643639,2026-05-31T11:08:47,149.29,0.021,F,2816.97,10215.09,47.6803035,-122.24657517,E,0.0157,2809.83,10175.04,47.6803035,-122.24657517
5644711,2026-05-31T11:08:48,150.32,0.015,F,2816.97,10215.09,47.6803034,-122.24657509,E,0.0112,2809.83,10175.03,47.6803034,-122.24657509
5645782,2026-05-31T11:08:49,155.3,0.01,F,2816.97,10215.09,47.68030334,-122.24657505,E,0.0075,2809.84,10175.02,47.68030334,-122.24657505
5646857,2026-05-31T11:08:50,152.28,0.007,F,2816.97,10215.09,47.68030329,-122.24657502,E,0.0052,2809.84,10175.01,47.68030329,-122.24657502
5647937,2026-05-31T11:08:51,149.39,0.005,F,2816.97,10215.09,47.68030326,-122.24657499,E,0.0037,2809.84,10175.01,47.68030326,-122.24657499
5649016,2026-05-31T11:08:52,159.8,0.004,F,2816.97,10215.09,47.68030324,-122.24657497,E,0.003,2809.84,10175.01,47.68030324,-122.24657497
5650115,2026-05-31T11:08:53,153.73,0.002,F,2816.97,10215.09,47.68030322,-122.24657496,E,0.0015,2809.84,10175.01,47.68030322,-122.24657496
5651187,2026-05-31T11:08:54,154.25,0.002,F,2816.97,10215.09,47.68030321,-122.24657495,E,0.0015,2809.84,10175.01,47.68030321,-122.24657495
5652257,2026-05-31T11:08:55,164.08,0.001,F,2816.97,10215.09,47.6803032,-122.24657495,E,0.0007,2809.85,10175,47.6803032,-122.24657495
5653327,2026-05-31T11:08:56,157.4,0.017,F,2816.97,10215.09,47.68030309,-122.24657488,E,0.0127,2809.85,10174.99,47.68030309,-122.24657488
5654406,2026-05-31T11:08:57,164.24,0.012,F,2816.97,10215.09,47.68030301,-122.24657485,E,0.0089,2809.85,10174.98,47.68030301,-122.24657485
5655484,2026-05-31T11:08:58,168.87,0.008,F,2816.97,10215.09,47.68030295,-122.24657483,E,0.006,2809.85,10174.98,47.68030295,-122.24657483
5656547,2026-05-31T11:08:59,162.16,0.036,F,2816.97,10215.09,47.68030271,-122.24657471,E,0.0268,2809.86,10174.95,47.68030271,-122.24657471
5657626,2026-05-31T11:09:01,165.5,0.025,F,2816.97,10215.09,47.68030253,-122.24657465,E,0.0186,2809.87,10174.93,47.68030253,-122.24657465
5658705,2026-05-31T11:09:02,167.31,0.017,F,2816.97,10215.09,47.68030241,-122.24657461,E,0.0127,2809.87,10174.92,47.68030241,-122.24657461
5659768,2026-05-31T11:09:03,160.43,0.012,F,2816.97,10215.09,47.68030233,-122.24657457,E,0.0089,2809.87,10174.91,47.68030233,-122.24657457
5660848,2026-05-31T11:09:04,163.84,0.009,F,2816.97,10215.09,47.68030227,-122.24657454,E,0.0067,2809.88,10174.9,47.68030227,-122.24657454
5661919,2026-05-31T11:09:05,163.55,0.006,F,2816.97,10215.09,47.68030223,-122.24657452,E,0.0045,2809.88,10174.9,47.68030223,-122.24657452
5662988,2026-05-31T11:09:06,161.97,0.004,F,2816.97,10215.09,47.6803022,-122.24657451,E,0.003,2809.88,10174.89,47.6803022,-122.24657451
5664051,2026-05-31T11:09:07,169.24,0.003,F,2816.97,10215.09,47.68030218,-122.2465745,E,0.0022,2809.88,10174.89,47.68030218,-122.2465745
5665139,2026-05-31T11:09:08,168.92,0.002,F,2816.97,10215.09,47.68030216,-122.2465745,E,0.0015,2809.88,10174.89,47.68030216,-122.2465745
5666200,2026-05-31T11:09:09,166.68,0.001,F,2816.97,10215.09,47.68030216,-122.24657449,E,0.0007,2809.88,10174.89,47.68030216,-122.24657449
5667252,2026-05-31T11:09:10,168.99,0.001,F,2816.97,10215.09,47.68030215,-122.24657449,E,0.0007,2809.88,10174.89,47.68030215,-122.24657449
5668332,2026-05-31T11:09:11,167.86,0.001,F,2816.97,10215.09,47.68030214,-122.24657449,E,0.0007,2809.88,10174.89,47.68030214,-122.24657449
5669411,2026-05-31T11:09:12,169.46,0.044,F,2816.97,10215.08,47.68030183,-122.2465744,E,0.0328,2809.89,10174.85,47.68030183,-122.2465744
5670500,2026-05-31T11:09:13,196.37,0.031,F,2816.97,10215.07,47.68030161,-122.2465745,E,0.0231,2809.88,10174.83,47.68030161,-122.2465745
5671576,2026-05-31T11:09:14,223.14,0.051,F,2816.96,10215.06,47.68030135,-122.24657487,E,0.038,2809.85,10174.8,47.68030135,-122.24657487
5672646,2026-05-31T11:09:16,236.09,0.094,F,2816.9,10215.03,47.68030097,-122.2465757,E,0.0701,2809.79,10174.76,47.68030097,-122.2465757
5673715,2026-05-31T11:09:17,293.07,0.134,F,2816.78,10215.04,47.68030135,-122.24657701,E,0.0999,2809.69,10174.8,47.68030135,-122.24657701
5674785,2026-05-31T11:09:18,291.7,0.122,F,2816.65,10215.06,47.68030167,-122.24657821,E,0.091,2809.6,10174.83,47.68030167,-122.24657821
5675864,2026-05-31T11:09:19,347.35,0.194,F,2816.56,10215.22,47.68030304,-122.24657867,E,0.1446,2809.57,10174.99,47.68030304,-122.24657867
5676932,2026-05-31T11:09:20,5.44,0.232,F,2816.57,10215.43,47.68030469,-122.24657843,E,0.173,2809.58,10175.17,47.68030469,-122.24657843
5677994,2026-05-31T11:09:21,359.96,0.247,F,2816.58,10215.67,47.68030645,-122.24657844,E,0.1841,2809.58,10175.37,47.68030645,-122.24657844
5679066,2026-05-31T11:09:22,345.75,0.285,F,2816.55,10215.96,47.68030843,-122.24657918,E,0.2125,2809.53,10175.59,47.68030843,-122.24657918
5680128,2026-05-31T11:09:23,340.12,0.268,F,2816.46,10216.26,47.68031022,-122.24658014,E,0.1998,2809.46,10175.79,47.68031022,-122.24658014
5681206,2026-05-31T11:09:24,336.74,0.297,F,2816.35,10216.57,47.68031219,-122.2465814,E,0.2214,2809.36,10176.01,47.68031219,-122.2465814
5682276,2026-05-31T11:09:25,333.22,0.305,F,2816.21,10216.88,47.68031414,-122.24658286,E,0.2274,2809.25,10176.22,47.68031414,-122.24658286
5683355,2026-05-31T11:09:26,323.78,0.338,F,2816.03,10217.19,47.68031611,-122.246585,E,0.252,2809.09,10176.44,47.68031611,-122.246585
5684433,2026-05-31T11:09:27,326.63,0.335,F,2815.83,10217.5,47.68031813,-122.24658697,E,0.2497,2808.94,10176.67,47.68031813,-122.24658697
5685511,2026-05-31T11:09:28,322.99,0.319,F,2815.63,10217.77,47.68031997,-122.24658903,E,0.2378,2808.79,10176.87,47.68031997,-122.24658903
5686579,2026-05-31T11:09:29,313.44,0.278,F,2815.41,10218,47.68032134,-122.24659117,E,0.2072,2808.63,10177.02,47.68032134,-122.24659117
5687648,2026-05-31T11:09:31,300.35,0.223,F,2815.2,10218.15,47.68032215,-122.24659321,E,0.1662,2808.47,10177.11,47.68032215,-122.24659321
5688718,2026-05-31T11:09:32,290.6,0.18,F,2815,10218.25,47.6803226,-122.246595,E,0.1342,2808.34,10177.16,47.6803226,-122.246595
5689797,2026-05-31T11:09:33,288.44,0.126,F,2814.84,10218.31,47.68032289,-122.24659628,E,0.0939,2808.24,10177.2,47.68032289,-122.24659628
5690877,2026-05-31T11:09:34,291.19,0.104,F,2814.73,10218.32,47.68032316,-122.24659732,E,0.0775,2808.17,10177.23,47.68032316,-122.24659732
5691956,2026-05-31T11:09:35,290.91,0.072,F,2814.64,10218.33,47.68032334,-122.24659804,E,0.0537,2808.11,10177.25,47.68032334,-122.24659804
5693035,2026-05-31T11:09:36,287.79,0.051,F,2814.58,10218.33,47.68032346,-122.24659856,E,0.038,2808.07,10177.26,47.68032346,-122.24659856
5694096,2026-05-31T11:09:37,293.73,0.048,F,2814.53,10218.33,47.68032359,-122.24659903,E,0.0358,2808.04,10177.27,47.68032359,-122.24659903
5695175,2026-05-31T11:09:38,305.32,0.078,F,2814.48,10218.33,47.68032392,-122.24659971,E,0.0581,2807.99,10177.31,47.68032392,-122.24659971
5696245,2026-05-31T11:09:39,291.27,0.144,F,2814.38,10218.35,47.68032429,-122.24660113,E,0.1074,2807.88,10177.35,47.68032429,-122.24660113
5697323,2026-05-31T11:09:40,316.41,0.188,F,2814.21,10218.46,47.68032528,-122.24660252,E,0.1402,2807.78,10177.46,47.68032528,-122.24660252
5698402,2026-05-31T11:09:41,299.15,0.131,F,2814.07,10218.56,47.68032574,-122.24660375,E,0.0977,2807.68,10177.51,47.68032574,-122.24660375
5699481,2026-05-31T11:09:42,297.02,0.091,F,2813.96,10218.62,47.68032604,-122.24660461,E,0.0678,2807.62,10177.55,47.68032604,-122.24660461
5700553,2026-05-31T11:09:43,261.42,0.064,F,2813.89,10218.63,47.68032597,-122.24660529,E,0.0477,2807.57,10177.54,47.68032597,-122.24660529
5701649,2026-05-31T11:09:45,317.73,0.044,F,2813.83,10218.63,47.68032621,-122.24660561,E,0.0328,2807.54,10177.57,47.68032621,-122.24660561
5702728,2026-05-31T11:09:46,306.47,0.031,F,2813.81,10218.64,47.68032634,-122.24660588,E,0.0231,2807.52,10177.58,47.68032634,-122.24660588
5703801,2026-05-31T11:09:47,292.34,0.022,F,2813.78,10218.64,47.6803264,-122.24660609,E,0.0164,2807.51,10177.59,47.6803264,-122.24660609
5704880,2026-05-31T11:09:48,322.29,0.015,F,2813.77,10218.64,47.68032649,-122.24660619,E,0.0112,2807.5,10177.6,47.68032649,-122.24660619
5705930,2026-05-31T11:09:49,300.35,0.011,F,2813.76,10218.64,47.68032653,-122.24660629,E,0.0082,2807.49,10177.6,47.68032653,-122.24660629
5707010,2026-05-31T11:09:50,294.42,0.007,F,2813.76,10218.64,47.68032655,-122.24660636,E,0.0052,2807.49,10177.6,47.68032655,-122.24660636
5708080,2026-05-31T11:09:51,312.11,0.005,F,2813.76,10218.64,47.68032657,-122.2466064,E,0.0037,2807.48,10177.61,47.68032657,-122.2466064
5709158,2026-05-31T11:09:52,337.76,0.004,F,2813.76,10218.64,47.6803266,-122.24660642,E,0.003,2807.48,10177.61,47.6803266,-122.24660642
5710169,2026-05-31T11:09:53,339.61,0.003,F,2813.76,10218.64,47.68032662,-122.24660643,E,0.0022,2807.48,10177.61,47.68032662,-122.24660643
5711238,2026-05-31T11:09:54,333.96,0.002,F,2813.76,10218.64,47.68032663,-122.24660644,E,0.0015,2807.48,10177.61,47.68032663,-122.24660644
5712317,2026-05-31T11:09:55,335.31,0.001,F,2813.76,10218.64,47.68032664,-122.24660644,E,0.0007,2807.48,10177.61,47.68032664,-122.24660644
5713379,2026-05-31T11:09:56,325.42,0.001,F,2813.76,10218.64,47.68032664,-122.24660645,E,0.0007,2807.48,10177.61,47.68032664,-122.24660645
5714459,2026-05-31T11:09:57,328.73,0.001,F,2813.76,10218.64,47.68032665,-122.24660645,E,0.0007,2807.48,10177.61,47.68032665,-122.24660645
5715542,2026-05-31T11:09:58,332.11,0,F,2813.76,10218.64,47.68032665,-122.24660645,E,0,2807.48,10177.61,47.68032665,-122.24660645
5716622,2026-05-31T11:10:00,332.49,0,F,2813.76,10218.64,47.68032665,-122.24660645,E,0,2807.48,10177.61,47.68032665,-122.24660645
5717684,2026-05-31T11:10:01,333.2,0,F,2813.76,10218.64,47.68032665,-122.24660645,E,0,2807.48,10177.61,47.68032665,-122.24660645
5718764,2026-05-31T11:10:02,331.53,0,F,2813.76,10218.64,47.68032665,-122.24660645,E,0,2807.48,10177.61,47.68032665,-122.24660645
5719829,2026-05-31T11:10:03,331.66,0,F,2813.76,10218.64,47.68032665,-122.24660645,E,0,2807.48,10177.61,47.68032665,-122.24660645
5720899,2026-05-31T11:10:04,331.17,0,F,2813.76,10218.64,47.68032665,-122.24660645,E,0,2807.48,10177.61,47.68032665,-122.24660645
5721968,2026-05-31T11:10:05,330.63,0,F,2813.76,10218.64,47.68032665,-122.24660645,E,0,2807.48,10177.61,47.68032665,-122.24660645
5723020,2026-05-31T11:10:06,329.96,0,F,2813.76,10218.64,47.68032665,-122.24660645,E,0,2807.48,10177.61,47.68032665,-122.24660645
5724091,2026-05-31T11:10:07,329.56,0,F,2813.76,10218.64,47.68032665,-122.24660645,E,0,2807.48,10177.61,47.68032665,-122.24660645
5725160,2026-05-31T11:10:08,329.09,0,F,2813.76,10218.64,47.68032665,-122.24660645,E,0,2807.48,10177.61,47.68032665,-122.24660645
5726239,2026-05-31T11:10:09,330.14,0,F,2813.76,10218.64,47.68032665,-122.24660645,E,0,2807.48,10177.61,47.68032665,-122.24660645
5727317,2026-05-31T11:10:10,329.7,2.701,G,2772.96,10136.04,47.67995453,-122.24706268,G,2.0136,2773.23,10136.19,47.67995453,-122.24706268
5728395,2026-05-31T11:10:11,329.67,0.684,G,2774.68,10132.63,47.67992401,-122.24703979,G,0.5099,2774.95,10132.79,47.67992401,-122.24703979
5729465,2026-05-31T11:10:12,329.89,0.669,G,2790.15,10123.29,47.67984009,-122.2468338,G,0.4987,2790.41,10123.45,47.67984009,-122.2468338
5730543,2026-05-31T11:10:13,329.47,0.499,G,2778.7,10130.93,47.67990875,-122.24698639,G,0.372,2778.95,10131.09,47.67990875,-122.24698639
5731609,2026-05-31T11:10:14,329.05,0.165,G,2773.54,10135.6,47.67995071,-122.24705505,G,0.123,2773.8,10135.77,47.67995071,-122.24705505
5732688,2026-05-31T11:10:16,327.59,0.761,G,2755.21,10145.8,47.68004227,-122.24729919,G,0.5673,2755.47,10145.96,47.68004227,-122.24729919
5733767,2026-05-31T11:10:17,326.88,0.828,G,2770.1,10138.58,47.67997742,-122.24710083,G,0.6173,2770.36,10138.74,47.67997742,-122.24710083
5734829,2026-05-31T11:10:18,327.06,0.761,G,2771.82,10137.3,47.67996597,-122.24707794,G,0.5673,2772.08,10137.46,47.67996597,-122.24707794
5735908,2026-05-31T11:10:19,327.08,0.18,G,2760.37,10144.94,47.68003464,-122.24723053,G,0.1342,2760.62,10145.11,47.68003464,-122.24723053
5736971,2026-05-31T11:10:20,326.97,0.391,G,2760.37,10145.37,47.68003845,-122.24723053,G,0.2915,2760.62,10145.53,47.68003845,-122.24723053
5738050,2026-05-31T11:10:21,326.63,0.34,G,2759.22,10145.79,47.68004227,-122.24724579,G,0.2535,2759.48,10145.96,47.68004227,-122.24724579
5739092,2026-05-31T11:10:22,326.06,0.324,G,2755.21,10148.76,47.68006897,-122.24729919,G,0.2415,2755.47,10148.93,47.68006897,-122.24729919
5740153,2026-05-31T11:10:23,326,0.134,G,2757.5,10148.76,47.68006897,-122.24726868,G,0.0999,2757.76,10148.93,47.68006897,-122.24726868
5741227,2026-05-31T11:10:24,327.13,0.309,G,2755.21,10149.19,47.68007278,-122.24729919,G,0.2304,2755.47,10149.35,47.68007278,-122.24729919
5742285,2026-05-31T11:10:25,327.11,0.494,G,2757.5,10148.34,47.68006516,-122.24726868,G,0.3683,2757.76,10148.51,47.68006516,-122.24726868
5743354,2026-05-31T11:10:26,325.83,0.201,G,2756.36,10148.76,47.68006897,-122.24728394,G,0.1498,2756.61,10148.93,47.68006897,-122.24728394
5744433,2026-05-31T11:10:27,326.38,0.602,G,2756.35,10149.61,47.6800766,-122.24728394,G,0.4488,2756.61,10149.78,47.6800766,-122.24728394
5745505,2026-05-31T11:10:28,325.99,0.484,G,2757.5,10150.46,47.68008423,-122.24726868,G,0.3608,2757.76,10150.63,47.68008423,-122.24726868
5746574,2026-05-31T11:10:29,325.31,0.509,G,2754.64,10152.59,47.6801033,-122.24730682,G,0.3795,2754.9,10152.75,47.6801033,-122.24730682
5747644,2026-05-31T11:10:31,325.89,0.195,G,2754.64,10151.31,47.68009186,-122.24730682,G,0.1454,2754.9,10151.48,47.68009186,-122.24730682
5748734,2026-05-31T11:10:32,326.21,0.18,G,2756.36,10148.76,47.68006897,-122.24728394,G,0.1342,2756.61,10148.93,47.68006897,-122.24728394
5749789,2026-05-31T11:10:33,325.99,0.113,G,2755.21,10149.19,47.68007278,-122.24729919,G,0.0842,2755.47,10149.35,47.68007278,-122.24729919
5750842,2026-05-31T11:10:34,326.05,0.129,G,2750.63,10151.73,47.68009567,-122.24736023,G,0.0962,2750.89,10151.9,47.68009567,-122.24736023
5751913,2026-05-31T11:10:35,324.84,0.674,G,2753.49,10150.89,47.68008804,-122.24732208,G,0.5025,2753.75,10151.05,47.68008804,-122.24732208
5752986,2026-05-31T11:10:36,324.63,0.422,G,2751.77,10151.74,47.68009567,-122.24734497,G,0.3146,2752.03,10151.9,47.68009567,-122.24734497
5754049,2026-05-31T11:10:37,324.51,0.689,G,2753.49,10153.01,47.68010712,-122.24732208,G,0.5136,2753.75,10153.18,47.68010712,-122.24732208
5755118,2026-05-31T11:10:38,325.41,0.087,G,2757.5,10150.88,47.68008804,-122.24726868,G,0.0649,2757.76,10151.05,47.68008804,-122.24726868
5756191,2026-05-31T11:10:39,325.39,0.067,G,2757.5,10150.88,47.68008804,-122.24726868,G,0.0499,2757.76,10151.05,47.68008804,-122.24726868
5757261,2026-05-31T11:10:40,326.09,0.051,G,2757.5,10150.88,47.68008804,-122.24726868,G,0.038,2757.76,10151.05,47.68008804,-122.24726868
5758341,2026-05-31T11:10:41,325.12,0,F,2757.5,10150.88,47.68008804,-122.24726868,G,0,2757.76,10151.05,47.68008804,-122.24726868
5759411,2026-05-31T11:10:42,325.08,0.087,G,2757.5,10150.88,47.68008804,-122.24726868,G,0.0649,2757.76,10151.05,47.68008804,-122.24726868
5760490,2026-05-31T11:10:43,326.06,0.082,G,2757.5,10150.88,47.68008804,-122.24726868,G,0.0611,2757.76,10151.05,47.68008804,-122.24726868
5761550,2026-05-31T11:10:44,326.33,0.206,G,2757.5,10150.89,47.68008804,-122.24726868,G,0.1536,2757.76,10151.05,47.68008804,-122.24726868
5762621,2026-05-31T11:10:46,325.96,0.288,G,2757.5,10150.89,47.68008804,-122.24726868,G,0.2147,2757.76,10151.05,47.68008804,-122.24726868
5763691,2026-05-31T11:10:47,325.08,0.35,G,2758.07,10150.89,47.68008804,-122.24726105,G,0.2609,2758.33,10151.05,47.68008804,-122.24726105
5764752,2026-05-31T11:10:48,325.37,0.381,G,2758.07,10150.46,47.68008423,-122.24726105,G,0.284,2758.33,10150.63,47.68008423,-122.24726105
5765841,2026-05-31T11:10:49,326.18,0.422,G,2758.07,10150.04,47.68008041,-122.24726105,G,0.3146,2758.33,10150.2,47.68008041,-122.24726105
5766914,2026-05-31T11:10:50,326.16,0.648,G,2758.07,10149.19,47.68007278,-122.24726105,G,0.4831,2758.33,10149.35,47.68007278,-122.24726105
5767994,2026-05-31T11:10:51,325.76,0.926,G,2759.22,10149.19,47.68007278,-122.24724579,G,0.6903,2759.48,10149.35,47.68007278,-122.24724579
5769074,2026-05-31T11:10:52,326.03,0.895,G,2759.22,10149.19,47.68007278,-122.24724579,G,0.6672,2759.48,10149.35,47.68007278,-122.24724579
5770137,2026-05-31T11:10:53,326.76,0.89,G,2758.07,10148.77,47.68006897,-122.24726105,G,0.6635,2758.33,10148.93,47.68006897,-122.24726105
5771217,2026-05-31T11:10:54,326.24,0.761,G,2758.07,10148.77,47.68006897,-122.24726105,G,0.5673,2758.33,10148.93,47.68006897,-122.24726105
5772303,2026-05-31T11:10:55,326.4,0.767,G,2759.22,10148.77,47.68006897,-122.24724579,G,0.5718,2759.48,10148.93,47.68006897,-122.24724579
5773392,2026-05-31T11:10:56,325.96,0.803,G,2759.22,10147.92,47.68006134,-122.24724579,G,0.5986,2759.48,10148.08,47.68006134,-122.24724579
5774463,2026-05-31T11:10:57,326.24,0.828,G,2760.36,10147.49,47.68005753,-122.24723053,G,0.6173,2760.62,10147.66,47.68005753,-122.24723053
5775531,2026-05-31T11:10:58,326.7,0.828,G,2760.36,10147.07,47.68005371,-122.24723053,G,0.6173,2760.62,10147.23,47.68005371,-122.24723053
5776603,2026-05-31T11:10:59,326.12,0.839,G,2760.36,10146.64,47.6800499,-122.24723053,G,0.6255,2760.62,10146.81,47.6800499,-122.24723053
5777674,2026-05-31T11:11:01,326.15,0.849,G,2760.36,10146.64,47.6800499,-122.24723053,G,0.6329,2760.62,10146.81,47.6800499,-122.24723053
5778754,2026-05-31T11:11:02,325.91,0.849,G,2760.36,10146.22,47.68004608,-122.24723053,G,0.6329,2760.62,10146.38,47.68004608,-122.24723053
5779827,2026-05-31T11:11:03,325.11,0.849,G,2760.94,10146.22,47.68004608,-122.2472229,G,0.6329,2761.2,10146.38,47.68004608,-122.2472229
5780899,2026-05-31T11:11:04,324.99,0.854,G,2760.94,10145.37,47.68003845,-122.2472229,G,0.6367,2761.2,10145.53,47.68003845,-122.2472229
5781962,2026-05-31T11:11:05,324.87,0.869,G,2762.08,10145.37,47.68003845,-122.24720764,G,0.6478,2762.34,10145.53,47.68003845,-122.24720764
5783037,2026-05-31T11:11:06,325.12,0.849,G,2760.94,10145.37,47.68003845,-122.2472229,G,0.6329,2761.2,10145.53,47.68003845,-122.2472229
5784117,2026-05-31T11:11:07,325.68,0.813,G,2760.36,10145.37,47.68003845,-122.24723053,G,0.6061,2760.62,10145.53,47.68003845,-122.24723053
5785197,2026-05-31T11:11:08,325.64,0.731,G,2760.36,10144.94,47.68003464,-122.24723053,G,0.545,2760.62,10145.11,47.68003464,-122.24723053
5786268,2026-05-31T11:11:09,325.53,0.72,G,2759.22,10145.37,47.68003845,-122.24724579,G,0.5368,2759.48,10145.53,47.68003845,-122.24724579
5787348,2026-05-31T11:11:10,326.32,0.602,G,2759.22,10145.37,47.68003845,-122.24724579,G,0.4488,2759.48,10145.53,47.68003845,-122.24724579
5788418,2026-05-31T11:11:11,326.26,0.622,G,2759.22,10145.37,47.68003845,-122.24724579,G,0.4637,2759.48,10145.53,47.68003845,-122.24724579
5789498,2026-05-31T11:11:12,325.52,0.602,G,2759.22,10145.37,47.68003845,-122.24724579,G,0.4488,2759.48,10145.53,47.68003845,-122.24724579
5790569,2026-05-31T11:11:13,325.9,0.602,G,2759.22,10145.37,47.68003845,-122.24724579,G,0.4488,2759.48,10145.53,47.68003845,-122.24724579
5791644,2026-05-31T11:11:15,325.75,0.643,G,2759.22,10145.37,47.68003845,-122.24724579,G,0.4794,2759.48,10145.53,47.68003845,-122.24724579
5792724,2026-05-31T11:11:16,326.22,0.658,G,2759.22,10145.37,47.68003845,-122.24724579,G,0.4905,2759.48,10145.53,47.68003845,-122.24724579
5793794,2026-05-31T11:11:17,326.18,0.741,G,2759.22,10145.37,47.68003845,-122.24724579,G,0.5524,2759.48,10145.53,47.68003845,-122.24724579
5794865,2026-05-31T11:11:18,326.16,0.772,G,2760.36,10145.37,47.68003845,-122.24723053,G,0.5755,2760.62,10145.53,47.68003845,-122.24723053
5795953,2026-05-31T11:11:19,325.23,0.772,G,2760.36,10145.37,47.68003845,-122.24723053,G,0.5755,2760.62,10145.53,47.68003845,-122.24723053
5797024,2026-05-31T11:11:20,325.17,0.756,G,2760.36,10145.79,47.68004227,-122.24723053,G,0.5636,2760.62,10145.96,47.68004227,-122.24723053
5798096,2026-05-31T11:11:21,325.17,0.669,G,2760.94,10145.79,47.68004227,-122.2472229,G,0.4987,2761.2,10145.96,47.68004227,-122.2472229
5799150,2026-05-31T11:11:22,325.71,0.679,G,2760.94,10145.79,47.68004227,-122.2472229,G,0.5062,2761.2,10145.96,47.68004227,-122.2472229
5800230,2026-05-31T11:11:23,326.13,0.674,G,2760.94,10146.22,47.68004608,-122.2472229,G,0.5025,2761.2,10146.38,47.68004608,-122.2472229
5801311,2026-05-31T11:11:24,326.98,0.684,G,2760.94,10146.64,47.6800499,-122.2472229,G,0.5099,2761.2,10146.81,47.6800499,-122.2472229
5802411,2026-05-31T11:11:25,326.83,0.71,G,2760.94,10146.64,47.6800499,-122.2472229,G,0.5293,2761.2,10146.81,47.6800499,-122.2472229
5803483,2026-05-31T11:11:26,325.93,0.741,G,2762.08,10146.64,47.6800499,-122.24720764,G,0.5524,2762.34,10146.81,47.6800499,-122.24720764
5804564,2026-05-31T11:11:27,325.79,0.746,G,2762.08,10146.22,47.68004608,-122.24720764,G,0.5561,2762.34,10146.38,47.68004608,-122.24720764
5805635,2026-05-31T11:11:29,325.49,0.746,G,2762.08,10146.22,47.68004608,-122.24720764,G,0.5561,2762.34,10146.38,47.68004608,-122.24720764
5806707,2026-05-31T11:11:30,325.79,0.622,G,2762.08,10146.22,47.68004608,-122.24720764,G,0.4637,2762.34,10146.38,47.68004608,-122.24720764
5807787,2026-05-31T11:11:31,326.05,0.628,G,2762.08,10146.22,47.68004608,-122.24720764,G,0.4682,2762.34,10146.38,47.68004608,-122.24720764
5808867,2026-05-31T11:11:32,326.32,0.638,G,2762.08,10145.79,47.68004227,-122.24720764,G,0.4756,2762.34,10145.96,47.68004227,-122.24720764
5809956,2026-05-31T11:11:33,326.11,0.638,G,2762.08,10145.79,47.68004227,-122.24720764,G,0.4756,2762.34,10145.96,47.68004227,-122.24720764
5811043,2026-05-31T11:11:34,326.6,0.437,G,2762.08,10145.37,47.68003845,-122.24720764,G,0.3258,2762.34,10145.53,47.68003845,-122.24720764
5812123,2026-05-31T11:11:35,326.61,0.427,G,2762.08,10145.79,47.68004227,-122.24720764,G,0.3183,2762.34,10145.96,47.68004227,-122.24720764
5813184,2026-05-31T11:11:36,326.97,0.396,G,2762.08,10145.79,47.68004227,-122.24720764,G,0.2952,2762.34,10145.96,47.68004227,-122.24720764
5814263,2026-05-31T11:11:37,326.54,0.422,G,2762.08,10146.22,47.68004608,-122.24720764,G,0.3146,2762.34,10146.38,47.68004608,-122.24720764
5815342,2026-05-31T11:11:38,326.09,0.52,G,2762.08,10146.64,47.6800499,-122.24720764,G,0.3877,2762.34,10146.81,47.6800499,-122.24720764
5816411,2026-05-31T11:11:39,324.96,0.556,G,2762.08,10146.22,47.68004608,-122.24720764,G,0.4145,2762.34,10146.38,47.68004608,-122.24720764
5817491,2026-05-31T11:11:40,325.31,0.581,G,2762.08,10146.22,47.68004608,-122.24720764,G,0.4331,2762.34,10146.38,47.68004608,-122.24720764
5818571,2026-05-31T11:11:41,325.22,0.607,G,2762.08,10146.22,47.68004608,-122.24720764,G,0.4525,2762.34,10146.38,47.68004608,-122.24720764
5819644,2026-05-31T11:11:43,325.26,0.602,G,2762.08,10146.22,47.68004608,-122.24720764,G,0.4488,2762.34,10146.38,47.68004608,-122.24720764
5820724,2026-05-31T11:11:44,324.25,0.628,G,2762.08,10146.22,47.68004608,-122.24720764,G,0.4682,2762.34,10146.38,47.68004608,-122.24720764
5821799,2026-05-31T11:11:45,324.46,0.643,G,2763.23,10146.22,47.68004608,-122.24719238,G,0.4794,2763.49,10146.38,47.68004608,-122.24719238
5822861,2026-05-31T11:11:46,324.91,0.648,G,2763.23,10146.64,47.6800499,-122.24719238,G,0.4831,2763.49,10146.81,47.6800499,-122.24719238
5823940,2026-05-31T11:11:47,324.54,0.638,G,2763.23,10146.64,47.6800499,-122.24719238,G,0.4756,2763.49,10146.81,47.6800499,-122.24719238
5825029,2026-05-31T11:11:48,324.59,0.628,G,2763.23,10146.64,47.6800499,-122.24719238,G,0.4682,2763.49,10146.81,47.6800499,-122.24719238
5826109,2026-05-31T11:11:49,324.77,0.622,G,2763.23,10146.22,47.68004608,-122.24719238,G,0.4637,2763.49,10146.38,47.68004608,-122.24719238
5827179,2026-05-31T11:11:50,324.6,0.628,G,2763.23,10146.22,47.68004608,-122.24719238,G,0.4682,2763.49,10146.38,47.68004608,-122.24719238
5828258,2026-05-31T11:11:51,324.46,0.633,G,2764.37,10145.79,47.68004227,-122.24717712,G,0.4719,2764.63,10145.96,47.68004227,-122.24717712
5829328,2026-05-31T11:11:52,324.54,0.736,G,2764.37,10145.79,47.68004227,-122.24717712,G,0.5487,2764.63,10145.96,47.68004227,-122.24717712
5830407,2026-05-31T11:11:53,324.4,0.715,G,2764.37,10145.37,47.68003845,-122.24717712,G,0.533,2764.63,10145.53,47.68003845,-122.24717712
5831485,2026-05-31T11:11:54,324.31,0.694,G,2764.37,10144.94,47.68003464,-122.24717712,G,0.5174,2764.63,10145.11,47.68003464,-122.24717712
5832486,2026-05-31T11:11:55,323.93,0.705,G,2764.37,10144.94,47.68003464,-122.24717712,G,0.5256,2764.63,10145.11,47.68003464,-122.24717712
5833565,2026-05-31T11:11:56,323.85,0.725,G,2764.37,10144.94,47.68003464,-122.24717712,G,0.5405,2764.63,10145.11,47.68003464,-122.24717712
5834644,2026-05-31T11:11:58,324.55,0.705,G,2764.95,10144.52,47.68003082,-122.24716949,G,0.5256,2765.21,10144.68,47.68003082,-122.24716949
5835723,2026-05-31T11:11:59,324.58,0.694,G,2764.95,10144.52,47.68003082,-122.24716949,G,0.5174,2765.21,10144.68,47.68003082,-122.24716949
5836795,2026-05-31T11:12:00,324.67,0.684,G,2764.95,10144.52,47.68003082,-122.24716949,G,0.5099,2765.21,10144.68,47.68003082,-122.24716949
5837877,2026-05-31T11:12:01,324.37,0.664,G,2764.95,10144.1,47.68002701,-122.24716949,G,0.495,2765.21,10144.26,47.68002701,-122.24716949
5838956,2026-05-31T11:12:02,324.43,0.648,G,2764.95,10144.52,47.68003082,-122.24716949,G,0.4831,2765.21,10144.68,47.68003082,-122.24716949
5840035,2026-05-31T11:12:03,324.47,0.612,G,2764.95,10144.09,47.68002701,-122.24716949,G,0.4562,2765.21,10144.26,47.68002701,-122.24716949
5841121,2026-05-31T11:12:04,325.08,0.607,G,2766.09,10144.09,47.68002701,-122.24715424,G,0.4525,2766.35,10144.26,47.68002701,-122.24715424
5842191,2026-05-31T11:12:05,325.47,0.612,G,2766.09,10144.52,47.68003082,-122.24715424,G,0.4562,2766.35,10144.68,47.68003082,-122.24715424
5843247,2026-05-31T11:12:06,324.85,0.612,G,2766.09,10144.52,47.68003082,-122.24715424,G,0.4562,2766.35,10144.68,47.68003082,-122.24715424
5844307,2026-05-31T11:12:07,324.19,0.607,G,2764.95,10144.09,47.68002701,-122.24716949,G,0.4525,2765.21,10144.26,47.68002701,-122.24716949
5845385,2026-05-31T11:12:08,324.71,0.592,G,2766.09,10144.52,47.68003082,-122.24715424,G,0.4413,2766.35,10144.68,47.68003082,-122.24715424
5846455,2026-05-31T11:12:09,324.41,0.571,G,2766.09,10144.52,47.68003082,-122.24715424,G,0.4257,2766.35,10144.68,47.68003082,-122.24715424
5847534,2026-05-31T11:12:10,324.33,0.545,G,2764.95,10144.09,47.68002701,-122.24716949,G,0.4063,2765.21,10144.26,47.68002701,-122.24716949
5848603,2026-05-31T11:12:11,324.31,0.525,G,2764.95,10144.09,47.68002701,-122.24716949,G,0.3914,2765.21,10144.26,47.68002701,-122.24716949
5849674,2026-05-31T11:12:13,324.7,0.504,G,2764.95,10144.09,47.68002701,-122.24716949,G,0.3757,2765.21,10144.26,47.68002701,-122.24716949
5850729,2026-05-31T11:12:14,324.78,0.494,G,2764.95,10144.09,47.68002701,-122.24716949,G,0.3683,2765.21,10144.26,47.68002701,-122.24716949
5851804,2026-05-31T11:12:15,325.04,0.489,G,2764.95,10144.09,47.68002701,-122.24716949,G,0.3645,2765.21,10144.26,47.68002701,-122.24716949
5852876,2026-05-31T11:12:16,325.04,0.509,G,2764.95,10143.67,47.68002319,-122.24716949,G,0.3795,2765.21,10143.83,47.68002319,-122.24716949
5853946,2026-05-31T11:12:17,324.41,0.514,G,2764.95,10143.67,47.68002319,-122.24716949,G,0.3832,2765.21,10143.83,47.68002319,-122.24716949
5855016,2026-05-31T11:12:18,324.56,0.525,G,2764.95,10143.24,47.68001938,-122.24716949,G,0.3914,2765.21,10143.41,47.68001938,-122.24716949
5856104,2026-05-31T11:12:19,324.88,0.514,G,2764.95,10143.24,47.68001938,-122.24716949,G,0.3832,2765.21,10143.41,47.68001938,-122.24716949
5857190,2026-05-31T11:12:20,324.82,0.509,G,2764.95,10143.67,47.68002319,-122.24716949,G,0.3795,2765.21,10143.83,47.68002319,-122.24716949
5858269,2026-05-31T11:12:21,324.44,0.494,G,2764.95,10143.24,47.68001938,-122.24716949,G,0.3683,2765.21,10143.41,47.68001938,-122.24716949
5859341,2026-05-31T11:12:22,324.86,0.489,G,2764.95,10143.67,47.68002319,-122.24716949,G,0.3645,2765.21,10143.83,47.68002319,-122.24716949
5860411,2026-05-31T11:12:23,324.48,0.484,G,2764.95,10143.67,47.68002319,-122.24716949,G,0.3608,2765.21,10143.83,47.68002319,-122.24716949
5861490,2026-05-31T11:12:24,324.58,0.489,G,2764.95,10143.67,47.68002319,-122.24716949,G,0.3645,2765.21,10143.83,47.68002319,-122.24716949
5862564,2026-05-31T11:12:25,324.57,0.494,G,2766.09,10143.67,47.68002319,-122.24715424,G,0.3683,2766.35,10143.83,47.68002319,-122.24715424
5863643,2026-05-31T11:12:27,324.45,0.509,G,2766.09,10143.67,47.68002319,-122.24715424,G,0.3795,2766.35,10143.83,47.68002319,-122.24715424
5864722,2026-05-31T11:12:28,324.2,0.509,G,2766.09,10143.67,47.68002319,-122.24715424,G,0.3795,2766.35,10143.83,47.68002319,-122.24715424
5865810,2026-05-31T11:12:29,324.2,0.514,G,2766.09,10143.24,47.68001938,-122.24715424,G,0.3832,2766.35,10143.41,47.68001938,-122.24715424
5866871,2026-05-31T11:12:30,324.26,0.504,G,2766.09,10143.24,47.68001938,-122.24715424,G,0.3757,2766.35,10143.41,47.68001938,-122.24715424
5867950,2026-05-31T11:12:31,324.66,0.489,G,2766.09,10143.24,47.68001938,-122.24715424,G,0.3645,2766.35,10143.41,47.68001938,-122.24715424
5869038,2026-05-31T11:12:32,324.46,0.448,G,2766.09,10143.67,47.68002319,-122.24715424,G,0.334,2766.35,10143.83,47.68002319,-122.24715424
5870106,2026-05-31T11:12:33,324.55,0.437,G,2767.24,10143.67,47.68002319,-122.24713898,G,0.3258,2767.5,10143.83,47.68002319,-122.24713898
5871193,2026-05-31T11:12:34,325.02,0.427,G,2766.09,10144.09,47.68002701,-122.24715424,G,0.3183,2766.35,10144.26,47.68002701,-122.24715424
5872263,2026-05-31T11:12:35,325.3,0.412,G,2766.09,10143.67,47.68002319,-122.24715424,G,0.3071,2766.35,10143.83,47.68002319,-122.24715424
5873333,2026-05-31T11:12:36,324.69,0.401,G,2766.09,10144.09,47.68002701,-122.24715424,G,0.2989,2766.35,10144.26,47.68002701,-122.24715424
5874387,2026-05-31T11:12:37,324.42,0.406,G,2767.24,10144.09,47.68002701,-122.24713898,G,0.3027,2767.5,10144.26,47.68002701,-122.24713898
5875466,2026-05-31T11:12:38,324.33,0.53,G,2767.24,10144.09,47.68002701,-122.24713898,G,0.3951,2767.5,10144.26,47.68002701,-122.24713898
5876545,2026-05-31T11:12:39,324.18,0.509,G,2767.24,10144.09,47.68002701,-122.24713898,G,0.3795,2767.5,10144.26,47.68002701,-122.24713898
5877633,2026-05-31T11:12:41,324.39,0.494,G,2767.24,10144.09,47.68002701,-122.24713898,G,0.3683,2767.5,10144.26,47.68002701,-122.24713898
5878711,2026-05-31T11:12:42,324.87,0.499,G,2767.24,10144.09,47.68002701,-122.24713898,G,0.372,2767.5,10144.26,47.68002701,-122.24713898
5879790,2026-05-31T11:12:43,324.89,0.504,G,2767.24,10143.67,47.68002319,-122.24713898,G,0.3757,2767.5,10143.83,47.68002319,-122.24713898
5880860,2026-05-31T11:12:44,324.8,0.504,G,2767.81,10143.24,47.68001938,-122.24713135,G,0.3757,2768.07,10143.41,47.68001938,-122.24713135
5881937,2026-05-31T11:12:45,325.02,0.499,G,2767.24,10142.82,47.68001556,-122.24713898,G,0.372,2767.5,10142.98,47.68001556,-122.24713898
5883017,2026-05-31T11:12:46,325.63,0.376,G,2767.24,10142.82,47.68001556,-122.24713898,G,0.2803,2767.5,10142.98,47.68001556,-122.24713898
5884095,2026-05-31T11:12:47,326.68,0.386,G,2767.24,10142.82,47.68001556,-122.24713898,G,0.2878,2767.5,10142.98,47.68001556,-122.24713898
5885173,2026-05-31T11:12:48,326.73,0.473,G,2767.24,10142.39,47.68001175,-122.24713898,G,0.3526,2767.5,10142.56,47.68001175,-122.24713898
5886261,2026-05-31T11:12:49,326.35,0.473,G,2767.81,10141.97,47.68000793,-122.24713135,G,0.3526,2768.07,10142.13,47.68000793,-122.24713135
5887315,2026-05-31T11:12:50,326.14,0.442,G,2767.24,10141.97,47.68000793,-122.24713898,G,0.3295,2767.5,10142.13,47.68000793,-122.24713898
5888395,2026-05-31T11:12:51,325.72,0.412,G,2767.24,10141.97,47.68000793,-122.24713898,G,0.3071,2767.5,10142.13,47.68000793,-122.24713898
5889474,2026-05-31T11:12:52,325.43,0.417,G,2767.24,10141.97,47.68000793,-122.24713898,G,0.3109,2767.5,10142.13,47.68000793,-122.24713898
5890562,2026-05-31T11:12:53,325.4,0.406,G,2767.81,10141.97,47.68000793,-122.24713135,G,0.3027,2768.07,10142.13,47.68000793,-122.24713135
5891640,2026-05-31T11:12:55,325.13,0.401,G,2767.81,10141.97,47.68000793,-122.24713135,G,0.2989,2768.07,10142.13,47.68000793,-122.24713135
5892725,2026-05-31T11:12:56,325.44,0.406,G,2767.81,10141.97,47.68000793,-122.24713135,G,0.3027,2768.07,10142.13,47.68000793,-122.24713135
5893795,2026-05-31T11:12:57,325.36,0.417,G,2767.81,10141.54,47.68000412,-122.24713135,G,0.3109,2768.07,10141.71,47.68000412,-122.24713135
5894857,2026-05-31T11:12:58,324.7,0.417,G,2767.81,10141.54,47.68000412,-122.24713135,G,0.3109,2768.07,10141.71,47.68000412,-122.24713135
5895927,2026-05-31T11:12:59,324.9,0.432,G,2767.81,10141.12,47.68000031,-122.24713135,G,0.3221,2768.07,10141.29,47.68000031,-122.24713135
5896991,2026-05-31T11:13:00,325.16,0.417,G,2767.81,10140.7,47.67999649,-122.24713135,G,0.3109,2768.07,10140.86,47.67999649,-122.24713135
5898061,2026-05-31T11:13:01,324.89,0.401,G,2767.81,10140.7,47.67999649,-122.24713135,G,0.2989,2768.07,10140.86,47.67999649,-122.24713135
5899140,2026-05-31T11:13:02,324.98,0.386,G,2767.81,10140.27,47.67999268,-122.24713135,G,0.2878,2768.07,10140.44,47.67999268,-122.24713135
5900202,2026-05-31T11:13:03,325.58,0.376,G,2767.81,10139.85,47.67998886,-122.24713135,G,0.2803,2768.07,10140.01,47.67998886,-122.24713135
5901289,2026-05-31T11:13:04,325.12,0.376,G,2767.81,10139.85,47.67998886,-122.24713135,G,0.2803,2768.07,10140.01,47.67998886,-122.24713135
5902350,2026-05-31T11:13:05,324.61,0.36,G,2767.81,10139.85,47.67998886,-122.24713135,G,0.2684,2768.07,10140.01,47.67998886,-122.24713135
5903411,2026-05-31T11:13:06,323.95,0.237,G,2767.81,10139.84,47.67998886,-122.24713135,G,0.1767,2768.07,10140.01,47.67998886,-122.24713135
5904499,2026-05-31T11:13:07,324.41,0.268,G,2767.81,10139.84,47.67998886,-122.24713135,G,0.1998,2768.07,10140.01,47.67998886,-122.24713135
5905577,2026-05-31T11:13:08,324.7,0.304,G,2767.81,10139.42,47.67998505,-122.24713135,G,0.2266,2768.07,10139.59,47.67998505,-122.24713135
5906656,2026-05-31T11:13:10,325.12,0.329,G,2767.81,10139,47.67998123,-122.24713135,G,0.2453,2768.07,10139.16,47.67998123,-122.24713135
5907736,2026-05-31T11:13:11,325.97,0.355,G,2767.81,10138.57,47.67997742,-122.24713135,G,0.2647,2768.07,10138.74,47.67997742,-122.24713135
5908808,2026-05-31T11:13:12,325.4,0.381,G,2767.81,10138.57,47.67997742,-122.24713135,G,0.284,2768.07,10138.74,47.67997742,-122.24713135
5909879,2026-05-31T11:13:13,324.52,0.386,G,2768.96,10138.57,47.67997742,-122.24711609,G,0.2878,2769.22,10138.74,47.67997742,-122.24711609
5910941,2026-05-31T11:13:14,323.93,0.386,G,2768.96,10138.15,47.6799736,-122.24711609,G,0.2878,2769.22,10138.31,47.6799736,-122.24711609
5912009,2026-05-31T11:13:15,324,0.406,G,2768.96,10138.57,47.67997742,-122.24711609,G,0.3027,2769.22,10138.74,47.67997742,-122.24711609
5913070,2026-05-31T11:13:16,323.76,0.417,G,2768.96,10138.15,47.6799736,-122.24711609,G,0.3109,2769.22,10138.31,47.6799736,-122.24711609
5914148,2026-05-31T11:13:17,323.87,0.422,G,2770.1,10137.72,47.67996979,-122.24710083,G,0.3146,2770.36,10137.89,47.67996979,-122.24710083
5915220,2026-05-31T11:13:18,323.82,0.437,G,2770.1,10137.72,47.67996979,-122.24710083,G,0.3258,2770.36,10137.89,47.67996979,-122.24710083
5916299,2026-05-31T11:13:19,323.5,0.448,G,2770.1,10137.72,47.67996979,-122.24710083,G,0.334,2770.36,10137.89,47.67996979,-122.24710083
5917367,2026-05-31T11:13:20,323.88,0.448,G,2770.68,10137.72,47.67996979,-122.2470932,G,0.334,2770.94,10137.89,47.67996979,-122.2470932
5918445,2026-05-31T11:13:21,323.87,0.458,G,2770.68,10137.72,47.67996979,-122.2470932,G,0.3414,2770.94,10137.89,47.67996979,-122.2470932
5919509,2026-05-31T11:13:22,323.86,0.448,G,2771.82,10137.72,47.67996979,-122.24707794,G,0.334,2772.08,10137.89,47.67996979,-122.24707794
5920588,2026-05-31T11:13:23,323.98,0.448,G,2771.82,10137.72,47.67996979,-122.24707794,G,0.334,2772.08,10137.89,47.67996979,-122.24707794
5921666,2026-05-31T11:13:25,324.45,0.453,G,2771.82,10138.15,47.6799736,-122.24707794,G,0.3377,2772.08,10138.31,47.6799736,-122.24707794
5922743,2026-05-31T11:13:26,323.73,0.468,G,2772.97,10138.57,47.67997742,-122.24706268,G,0.3489,2773.23,10138.74,47.67997742,-122.24706268
5923822,2026-05-31T11:13:27,323.88,0.586,G,2772.97,10138.57,47.67997742,-122.24706268,G,0.4369,2773.23,10138.74,47.67997742,-122.24706268
5924901,2026-05-31T11:13:28,324.06,0.586,G,2774.68,10138.57,47.67997742,-122.24703979,G,0.4369,2774.95,10138.74,47.67997742,-122.24703979
5925974,2026-05-31T11:13:29,323.83,0.581,G,2774.68,10139,47.67998123,-122.24703979,G,0.4331,2774.95,10139.16,47.67998123,-122.24703979
5927054,2026-05-31T11:13:30,323.57,0.463,G,2774.69,10139,47.67998123,-122.24703979,G,0.3452,2774.95,10139.16,47.67998123,-122.24703979
5928133,2026-05-31T11:13:31,323.14,0.432,G,2774.69,10139,47.67998123,-122.24703979,G,0.3221,2774.95,10139.16,47.67998123,-122.24703979
5929221,2026-05-31T11:13:32,323.61,0.396,G,2774.69,10139.42,47.67998505,-122.24703979,G,0.2952,2774.95,10139.59,47.67998505,-122.24703979
5930291,2026-05-31T11:13:33,323.8,0.37,G,2774.69,10139.42,47.67998505,-122.24703979,G,0.2758,2774.95,10139.59,47.67998505,-122.24703979
5931378,2026-05-31T11:13:34,324.47,0.36,G,2775.83,10139.42,47.67998505,-122.24702454,G,0.2684,2776.09,10139.59,47.67998505,-122.24702454
5932450,2026-05-31T11:13:35,324.98,0.386,G,2775.83,10139.85,47.67998886,-122.24702454,G,0.2878,2776.09,10140.01,47.67998886,-122.24702454
5933520,2026-05-31T11:13:36,324.91,0.37,G,2775.83,10139.85,47.67998886,-122.24702454,G,0.2758,2776.09,10140.01,47.67998886,-122.24702454
5934599,2026-05-31T11:13:37,324.37,0.391,G,2775.83,10139.85,47.67998886,-122.24702454,G,0.2915,2776.09,10140.01,47.67998886,-122.24702454
5935668,2026-05-31T11:13:39,323.96,0.406,G,2776.4,10139.85,47.67998886,-122.24701691,G,0.3027,2776.66,10140.01,47.67998886,-122.24701691
5936729,2026-05-31T11:13:40,323.59,0.427,G,2776.4,10139.42,47.67998505,-122.24701691,G,0.3183,2776.66,10139.59,47.67998505,-122.24701691
5937817,2026-05-31T11:13:41,323.53,0.448,G,2777.55,10139.42,47.67998505,-122.24700165,G,0.334,2777.81,10139.59,47.67998505,-122.24700165
5938887,2026-05-31T11:13:42,323.59,0.463,G,2777.55,10139.85,47.67998886,-122.24700165,G,0.3452,2777.81,10140.01,47.67998886,-122.24700165
5939968,2026-05-31T11:13:43,323.67,0.463,G,2778.7,10139.85,47.67998886,-122.24698639,G,0.3452,2778.95,10140.01,47.67998886,-122.24698639
5941047,2026-05-31T11:13:44,323.97,0.458,G,2778.7,10139.85,47.67998886,-122.24698639,G,0.3414,2778.95,10140.01,47.67998886,-122.24698639
5942113,2026-05-31T11:13:45,323.59,0.478,G,2779.27,10139.85,47.67998886,-122.24697876,G,0.3563,2779.53,10140.01,47.67998886,-122.24697876
5943193,2026-05-31T11:13:46,323.99,0.489,G,2779.27,10139.42,47.67998505,-122.24697876,G,0.3645,2779.53,10139.59,47.67998505,-122.24697876
5944272,2026-05-31T11:13:47,323.87,0.489,G,2780.41,10139.85,47.67998886,-122.2469635,G,0.3645,2780.67,10140.01,47.67998886,-122.2469635
5945332,2026-05-31T11:13:48,324.76,0.478,G,2780.41,10139.85,47.67998886,-122.2469635,G,0.3563,2780.67,10140.01,47.67998886,-122.2469635
5946409,2026-05-31T11:13:49,324.45,0.468,G,2781.56,10139.85,47.67998886,-122.24694824,G,0.3489,2781.82,10140.01,47.67998886,-122.24694824
5947487,2026-05-31T11:13:50,324.77,0.442,G,2781.56,10139.85,47.67998886,-122.24694824,G,0.3295,2781.82,10140.01,47.67998886,-122.24694824
5948566,2026-05-31T11:13:51,324.39,0.437,G,2781.56,10139.42,47.67998505,-122.24694824,G,0.3258,2781.82,10139.59,47.67998505,-122.24694824
5949646,2026-05-31T11:13:53,324.42,0.417,G,2781.56,10139,47.67998123,-122.24694824,G,0.3109,2781.82,10139.16,47.67998123,-122.24694824
5950715,2026-05-31T11:13:54,324.19,0.396,G,2781.56,10139,47.67998123,-122.24694824,G,0.2952,2781.82,10139.16,47.67998123,-122.24694824
5951794,2026-05-31T11:13:55,324.37,0.391,G,2781.56,10138.57,47.67997742,-122.24694824,G,0.2915,2781.82,10138.74,47.67997742,-122.24694824
5952795,2026-05-31T11:13:56,324.1,0.391,G,2782.13,10138.57,47.67997742,-122.24694061,G,0.2915,2782.39,10138.74,47.67997742,-122.24694061
5953859,2026-05-31T11:13:57,323.93,0.473,G,2783.28,10138.15,47.6799736,-122.24692535,G,0.3526,2783.54,10138.31,47.6799736,-122.24692535
5954937,2026-05-31T11:13:58,323.98,0.484,G,2783.28,10137.72,47.67996979,-122.24692535,G,0.3608,2783.54,10137.89,47.67996979,-122.24692535
5956017,2026-05-31T11:13:59,323.89,0.448,G,2783.28,10137.72,47.67996979,-122.24692535,G,0.334,2783.54,10137.89,47.67996979,-122.24692535
5957086,2026-05-31T11:14:00,324.07,0.458,G,2784.42,10137.72,47.67996979,-122.2469101,G,0.3414,2784.68,10137.89,47.67996979,-122.2469101
5958164,2026-05-31T11:14:01,324.35,0.484,G,2784.42,10137.3,47.67996597,-122.2469101,G,0.3608,2784.68,10137.46,47.67996597,-122.2469101
5959243,2026-05-31T11:14:02,324.26,0.458,G,2784.42,10137.3,47.67996597,-122.2469101,G,0.3414,2784.68,10137.46,47.67996597,-122.2469101
5960312,2026-05-31T11:14:03,324.34,0.35,G,2784.42,10136.45,47.67995834,-122.2469101,G,0.2609,2784.68,10136.61,47.67995834,-122.2469101
5961381,2026-05-31T11:14:04,324.14,0.345,G,2784.42,10136.45,47.67995834,-122.2469101,G,0.2572,2784.68,10136.61,47.67995834,-122.2469101
5962468,2026-05-31T11:14:05,323.92,0.334,G,2784.42,10135.6,47.67995071,-122.2469101,G,0.249,2784.68,10135.77,47.67995071,-122.2469101
5963537,2026-05-31T11:14:06,324.23,0.334,G,2784.42,10136.02,47.67995453,-122.2469101,G,0.249,2784.68,10136.19,47.67995453,-122.2469101
5964616,2026-05-31T11:14:07,323.83,0.422,G,2784.42,10135.6,47.67995071,-122.2469101,G,0.3146,2784.68,10135.77,47.67995071,-122.2469101
5965685,2026-05-31T11:14:09,323.93,0.437,G,2785,10135.6,47.67995071,-122.24690247,G,0.3258,2785.26,10135.77,47.67995071,-122.24690247
5966763,2026-05-31T11:14:10,323.62,0.458,G,2786.14,10135.6,47.67995071,-122.24688721,G,0.3414,2786.4,10135.77,47.67995071,-122.24688721
5967843,2026-05-31T11:14:11,324.06,0.468,G,2785,10135.18,47.6799469,-122.24690247,G,0.3489,2785.26,10135.34,47.6799469,-122.24690247
5968913,2026-05-31T11:14:12,323.75,0.458,G,2783.28,10135.18,47.6799469,-122.24692535,G,0.3414,2783.54,10135.34,47.6799469,-122.24692535
5969983,2026-05-31T11:14:13,323.65,0.448,G,2783.28,10134.75,47.67994308,-122.24692535,G,0.334,2783.54,10134.92,47.67994308,-122.24692535
5971054,2026-05-31T11:14:14,323.51,0.34,G,2783.28,10134.75,47.67994308,-122.24692535,G,0.2535,2783.54,10134.92,47.67994308,-122.24692535
5972122,2026-05-31T11:14:15,323.75,0.324,G,2782.13,10133.9,47.67993546,-122.24694061,G,0.2415,2782.39,10134.07,47.67993546,-122.24694061
5973192,2026-05-31T11:14:16,323.73,0.231,G,2782.13,10133.9,47.67993546,-122.24694061,G,0.1722,2782.39,10134.07,47.67993546,-122.24694061
5974271,2026-05-31T11:14:17,324.18,0.231,G,2781.56,10133.47,47.67993164,-122.24694824,G,0.1722,2781.82,10133.64,47.67993164,-122.24694824
5975343,2026-05-31T11:14:18,323.95,0.252,G,2781.56,10133.05,47.67992783,-122.24694824,G,0.1879,2781.82,10133.22,47.67992783,-122.24694824
5976404,2026-05-31T11:14:19,323.95,0.273,G,2781.56,10133.47,47.67993164,-122.24694824,G,0.2035,2781.82,10133.64,47.67993164,-122.24694824
5977475,2026-05-31T11:14:20,323.86,0.329,G,2782.13,10133.48,47.67993164,-122.24694061,G,0.2453,2782.39,10133.64,47.67993164,-122.24694061
5978552,2026-05-31T11:14:21,323.81,0.309,G,2782.13,10133.48,47.67993164,-122.24694061,G,0.2304,2782.39,10133.64,47.67993164,-122.24694061
5979628,2026-05-31T11:14:23,324.13,0.288,G,2781.56,10133.47,47.67993164,-122.24694824,G,0.2147,2781.82,10133.64,47.67993164,-122.24694824
5980690,2026-05-31T11:14:24,324.53,0.288,G,2781.56,10133.47,47.67993164,-122.24694824,G,0.2147,2781.82,10133.64,47.67993164,-122.24694824
5981769,2026-05-31T11:14:25,324.42,0.293,G,2781.56,10133.05,47.67992783,-122.24694824,G,0.2184,2781.82,10133.22,47.67992783,-122.24694824
5982848,2026-05-31T11:14:26,324.73,0.298,G,2781.56,10133.05,47.67992783,-122.24694824,G,0.2222,2781.82,10133.22,47.67992783,-122.24694824
5983852,2026-05-31T11:14:27,325.21,0.283,G,2781.56,10133.05,47.67992783,-122.24694824,G,0.211,2781.82,10133.22,47.67992783,-122.24694824
5984912,2026-05-31T11:14:28,325.14,0.268,G,2781.56,10133.05,47.67992783,-122.24694824,G,0.1998,2781.82,10133.22,47.67992783,-122.24694824
5985983,2026-05-31T11:14:29,324.59,0.247,G,2781.56,10132.63,47.67992401,-122.24694824,G,0.1841,2781.82,10132.79,47.67992401,-122.24694824
5987058,2026-05-31T11:14:30,324.6,0.195,G,2781.56,10132.63,47.67992401,-122.24694824,G,0.1454,2781.82,10132.79,47.67992401,-122.24694824
5988129,2026-05-31T11:14:31,325.28,0.195,G,2781.56,10132.63,47.67992401,-122.24694824,G,0.1454,2781.82,10132.79,47.67992401,-122.24694824
5989198,2026-05-31T11:14:32,324.79,0.165,G,2781.56,10132.2,47.6799202,-122.24694824,G,0.123,2781.82,10132.37,47.6799202,-122.24694824
5990276,2026-05-31T11:14:33,323.89,0.154,G,2782.13,10132.2,47.6799202,-122.24694061,G,0.1148,2782.39,10132.37,47.6799202,-122.24694061
5991338,2026-05-31T11:14:34,324.22,0.159,G,2782.13,10132.2,47.6799202,-122.24694061,G,0.1185,2782.39,10132.37,47.6799202,-122.24694061
5992426,2026-05-31T11:14:35,324.28,0.17,G,2782.13,10132.2,47.6799202,-122.24694061,G,0.1267,2782.39,10132.37,47.6799202,-122.24694061
5993504,2026-05-31T11:14:36,324.86,0.185,G,2782.13,10132.2,47.6799202,-122.24694061,G,0.1379,2782.39,10132.37,47.6799202,-122.24694061
5994572,2026-05-31T11:14:37,324.75,0.129,G,2782.13,10132.2,47.6799202,-122.24694061,G,0.0962,2782.39,10132.37,47.6799202,-122.24694061
5995644,2026-05-31T11:14:39,325.09,0.077,G,2782.13,10132.2,47.6799202,-122.24694061,G,0.0574,2782.39,10132.37,47.6799202,-122.24694061
5996723,2026-05-31T11:14:40,324.71,0.051,G,2782.13,10132.2,47.6799202,-122.24694061,G,0.038,2782.39,10132.37,47.6799202,-122.24694061
5997793,2026-05-31T11:14:41,324.51,0,F,2782.13,10132.2,47.6799202,-122.24694061,G,0,2782.39,10132.37,47.6799202,-122.24694061
5998866,2026-05-31T11:14:42,323.94,0,F,2783.28,10132.2,47.6799202,-122.24692535,G,0,2783.54,10132.37,47.6799202,-122.24692535
5999945,2026-05-31T11:14:43,324.4,0.123,G,2783.28,10132.2,47.6799202,-122.24692535,G,0.0917,2783.54,10132.37,47.6799202,-122.24692535
6001024,2026-05-31T11:14:44,324.72,0.087,G,2783.28,10132.2,47.6799202,-122.24692535,G,0.0649,2783.54,10132.37,47.6799202,-122.24692535
6002092,2026-05-31T11:14:45,324.75,0.103,G,2783.28,10132.2,47.6799202,-122.24692535,G,0.0768,2783.54,10132.37,47.6799202,-122.24692535
6003162,2026-05-31T11:14:46,323.9,0.108,G,2783.28,10132.2,47.6799202,-122.24692535,G,0.0805,2783.54,10132.37,47.6799202,-122.24692535
6004241,2026-05-31T11:14:47,323.87,0.098,G,2783.28,10132.2,47.6799202,-122.24692535,G,0.0731,2783.54,10132.37,47.6799202,-122.24692535
6005304,2026-05-31T11:14:48,323.56,0,F,2783.28,10132.2,47.6799202,-122.24692535,G,0,2783.54,10132.37,47.6799202,-122.24692535
6006383,2026-05-31T11:14:49,323.62,0.062,G,2783.28,10132.2,47.6799202,-122.24692535,G,0.0462,2783.54,10132.37,47.6799202,-122.24692535
6007462,2026-05-31T11:14:50,323.48,0.072,G,2783.28,10132.2,47.6799202,-122.24692535,G,0.0537,2783.54,10132.37,47.6799202,-122.24692535
6008526,2026-05-31T11:14:51,323.63,0,F,2783.28,10132.2,47.6799202,-122.24692535,G,0,2783.54,10132.37,47.6799202,-122.24692535
6009613,2026-05-31T11:14:52,324.26,0,F,2783.28,10132.2,47.6799202,-122.24692535,G,0,2783.54,10132.37,47.6799202,-122.24692535
6010701,2026-05-31T11:14:54,324.38,0.072,G,2783.28,10132.2,47.6799202,-122.24692535,G,0.0537,2783.54,10132.37,47.6799202,-122.24692535
6011779,2026-05-31T11:14:55,323.97,0.077,G,2783.28,10132.2,47.6799202,-122.24692535,G,0.0574,2783.54,10132.37,47.6799202,-122.24692535
6012858,2026-05-31T11:14:56,324.2,0.072,G,2783.28,10132.2,47.6799202,-122.24692535,G,0.0537,2783.54,10132.37,47.6799202,-122.24692535
6013941,2026-05-31T11:14:57,323.82,0.108,G,2784.43,10132.2,47.6799202,-122.2469101,G,0.0805,2784.68,10132.37,47.6799202,-122.2469101
6015014,2026-05-31T11:14:58,323.83,0.093,G,2784.43,10132.2,47.6799202,-122.2469101,G,0.0693,2784.68,10132.37,47.6799202,-122.2469101
6016084,2026-05-31T11:14:59,323.87,0.098,G,2784.43,10132.62,47.67992401,-122.2469101,G,0.0731,2784.68,10132.79,47.67992401,-122.2469101
6017163,2026-05-31T11:15:00,323.93,0.103,G,2784.43,10132.62,47.67992401,-122.2469101,G,0.0768,2784.68,10132.79,47.67992401,-122.2469101
6018235,2026-05-31T11:15:01,323.62,0.057,G,2784.43,10132.62,47.67992401,-122.2469101,G,0.0425,2784.68,10132.79,47.67992401,-122.2469101
6019305,2026-05-31T11:15:02,323.65,0.051,G,2784.43,10132.62,47.67992401,-122.2469101,G,0.038,2784.68,10132.79,47.67992401,-122.2469101
6020384,2026-05-31T11:15:03,323.69,0.062,G,2784.43,10132.62,47.67992401,-122.2469101,G,0.0462,2784.68,10132.79,47.67992401,-122.2469101
6021456,2026-05-31T11:15:04,323.74,0.108,G,2784.43,10132.62,47.67992401,-122.2469101,G,0.0805,2784.68,10132.79,47.67992401,-122.2469101
6022526,2026-05-31T11:15:05,323.4,0.077,G,2784.43,10133.05,47.67992783,-122.2469101,G,0.0574,2784.68,10133.22,47.67992783,-122.2469101
6023622,2026-05-31T11:15:07,323.12,0,F,2784.43,10133.05,47.67992783,-122.2469101,G,0,2784.68,10133.22,47.67992783,-122.2469101
6024700,2026-05-31T11:15:08,323.11,0.077,G,2784.43,10133.05,47.67992783,-122.2469101,G,0.0574,2784.68,10133.22,47.67992783,-122.2469101
6025778,2026-05-31T11:15:09,323.67,0,F,2784.43,10133.05,47.67992783,-122.2469101,G,0,2784.68,10133.22,47.67992783,-122.2469101
6026857,2026-05-31T11:15:10,323.28,0,F,2784.43,10133.05,47.67992783,-122.2469101,G,0,2784.68,10133.22,47.67992783,-122.2469101
6027934,2026-05-31T11:15:11,323.21,0,F,2784.43,10133.05,47.67992783,-122.2469101,G,0,2784.68,10133.22,47.67992783,-122.2469101
6029013,2026-05-31T11:15:12,322.9,0.057,G,2784.43,10133.05,47.67992783,-122.2469101,G,0.0425,2784.68,10133.22,47.67992783,-122.2469101
6030082,2026-05-31T11:15:13,323.02,0.103,G,2784.43,10133.05,47.67992783,-122.2469101,G,0.0768,2784.68,10133.22,47.67992783,-122.2469101
6031161,2026-05-31T11:15:14,322.9,0.093,G,2784.43,10133.05,47.67992783,-122.2469101,G,0.0693,2784.68,10133.22,47.67992783,-122.2469101
6032246,2026-05-31T11:15:15,322.53,0.098,G,2784.43,10133.05,47.67992783,-122.2469101,G,0.0731,2784.68,10133.22,47.67992783,-122.2469101
6033324,2026-05-31T11:15:16,322.52,0.108,G,2784.43,10133.05,47.67992783,-122.2469101,G,0.0805,2784.68,10133.22,47.67992783,-122.2469101
6034384,2026-05-31T11:15:17,322.28,0.103,G,2784.43,10133.05,47.67992783,-122.2469101,G,0.0768,2784.68,10133.22,47.67992783,-122.2469101
6035463,2026-05-31T11:15:18,322.61,0.118,G,2784.43,10133.47,47.67993164,-122.2469101,G,0.088,2784.68,10133.64,47.67993164,-122.2469101
6036551,2026-05-31T11:15:19,323.07,0.072,G,2784.43,10133.47,47.67993164,-122.2469101,G,0.0537,2784.68,10133.64,47.67993164,-122.2469101
6037621,2026-05-31T11:15:21,323.13,0.067,G,2784.43,10133.47,47.67993164,-122.2469101,G,0.0499,2784.68,10133.64,47.67993164,-122.2469101
6038708,2026-05-31T11:15:22,323.14,0.067,G,2784.43,10133.47,47.67993164,-122.2469101,G,0.0499,2784.68,10133.64,47.67993164,-122.2469101
6039780,2026-05-31T11:15:23,322.92,0.067,G,2784.43,10133.47,47.67993164,-122.2469101,G,0.0499,2784.68,10133.64,47.67993164,-122.2469101
6040860,2026-05-31T11:15:24,322.2,0.051,G,2784.43,10133.9,47.67993546,-122.2469101,G,0.038,2784.68,10134.07,47.67993546,-122.2469101
6041939,2026-05-31T11:15:25,322.32,0.051,G,2784.43,10133.9,47.67993546,-122.2469101,G,0.038,2784.68,10134.07,47.67993546,-122.2469101
6043028,2026-05-31T11:15:26,322.57,0.103,G,2784.43,10133.9,47.67993546,-122.2469101,G,0.0768,2784.68,10134.07,47.67993546,-122.2469101
6044034,2026-05-31T11:15:27,322.95,0.077,G,2784.43,10133.9,47.67993546,-122.2469101,G,0.0574,2784.68,10134.07,47.67993546,-122.2469101
6045112,2026-05-31T11:15:28,323.39,0,F,2783.28,10133.9,47.67993546,-122.24692535,G,0,2783.54,10134.07,47.67993546,-122.24692535
6046190,2026-05-31T11:15:29,323.79,0.057,G,2783.28,10133.9,47.67993546,-122.24692535,G,0.0425,2783.54,10134.07,47.67993546,-122.24692535
6047242,2026-05-31T11:15:30,323.83,0,F,2783.28,10133.9,47.67993546,-122.24692535,G,0,2783.54,10134.07,47.67993546,-122.24692535
6048312,2026-05-31T11:15:31,324.06,0,F,2783.28,10133.9,47.67993546,-122.24692535,G,0,2783.54,10134.07,47.67993546,-122.24692535
6049372,2026-05-31T11:15:32,323.46,0,F,2783.28,10133.47,47.67993164,-122.24692535,G,0,2783.54,10133.64,47.67993164,-122.24692535
6050430,2026-05-31T11:15:33,323.51,0,F,2783.28,10133.47,47.67993164,-122.24692535,G,0,2783.54,10133.64,47.67993164,-122.24692535
6051508,2026-05-31T11:15:34,323.44,0,F,2783.28,10133.47,47.67993164,-122.24692535,G,0,2783.54,10133.64,47.67993164,-122.24692535
6052580,2026-05-31T11:15:35,323.59,0.057,G,2783.28,10133.47,47.67993164,-122.24692535,G,0.0425,2783.54,10133.64,47.67993164,-122.24692535
6053651,2026-05-31T11:15:37,323.51,0.103,G,2783.28,10133.47,47.67993164,-122.24692535,G,0.0768,2783.54,10133.64,47.67993164,-122.24692535
6054739,2026-05-31T11:15:38,323.45,0.108,G,2783.28,10133.47,47.67993164,-122.24692535,G,0.0805,2783.54,10133.64,47.67993164,-122.24692535
6055817,2026-05-31T11:15:39,323.82,0.154,G,2783.28,10133.47,47.67993164,-122.24692535,G,0.1148,2783.54,10133.64,47.67993164,-122.24692535
6056888,2026-05-31T11:15:40,323.88,0.18,G,2783.28,10133.47,47.67993164,-122.24692535,G,0.1342,2783.54,10133.64,47.67993164,-122.24692535
6057957,2026-05-31T11:15:41,323.75,0.195,G,2782.13,10133.47,47.67993164,-122.24694061,G,0.1454,2782.39,10133.64,47.67993164,-122.24694061
6059037,2026-05-31T11:15:42,323.22,0.252,G,2782.13,10133.47,47.67993164,-122.24694061,G,0.1879,2782.39,10133.64,47.67993164,-122.24694061
6060107,2026-05-31T11:15:43,323.14,0.226,G,2782.13,10133.47,47.67993164,-122.24694061,G,0.1685,2782.39,10133.64,47.67993164,-122.24694061
6061196,2026-05-31T11:15:44,323,0.252,G,2782.13,10133.47,47.67993164,-122.24694061,G,0.1879,2782.39,10133.64,47.67993164,-122.24694061
6062279,2026-05-31T11:15:45,323.12,0.242,G,2781.56,10133.47,47.67993164,-122.24694824,G,0.1804,2781.82,10133.64,47.67993164,-122.24694824
6063358,2026-05-31T11:15:46,323.36,0.262,G,2781.56,10133.47,47.67993164,-122.24694824,G,0.1953,2781.82,10133.64,47.67993164,-122.24694824
6064437,2026-05-31T11:15:47,323.05,0.273,G,2781.56,10133.47,47.67993164,-122.24694824,G,0.2035,2781.82,10133.64,47.67993164,-122.24694824
6065510,2026-05-31T11:15:48,323.43,0.252,G,2781.56,10133.47,47.67993164,-122.24694824,G,0.1879,2781.82,10133.64,47.67993164,-122.24694824
6066581,2026-05-31T11:15:49,323.3,0.268,G,2780.41,10133.47,47.67993164,-122.2469635,G,0.1998,2780.67,10133.64,47.67993164,-122.2469635
6067660,2026-05-31T11:15:51,323.06,0.273,G,2780.41,10133.47,47.67993164,-122.2469635,G,0.2035,2780.67,10133.64,47.67993164,-122.2469635
6068732,2026-05-31T11:15:52,322.69,0.19,G,2780.42,10133.47,47.67993164,-122.2469635,G,0.1416,2780.67,10133.64,47.67993164,-122.2469635
6069810,2026-05-31T11:15:53,322.63,0.159,G,2780.42,10133.47,47.67993164,-122.2469635,G,0.1185,2780.67,10133.64,47.67993164,-122.2469635
6070889,2026-05-31T11:15:54,323.12,0.129,G,2779.27,10133.9,47.67993546,-122.24697876,G,0.0962,2779.53,10134.07,47.67993546,-122.24697876
6071968,2026-05-31T11:15:55,323.71,0.113,G,2779.27,10133.9,47.67993546,-122.24697876,G,0.0842,2779.53,10134.07,47.67993546,-122.24697876
6073048,2026-05-31T11:15:56,323.4,0.165,G,2779.27,10133.9,47.67993546,-122.24697876,G,0.123,2779.53,10134.07,47.67993546,-122.24697876
6074059,2026-05-31T11:15:57,322.98,0.108,G,2779.27,10133.9,47.67993546,-122.24697876,G,0.0805,2779.53,10134.07,47.67993546,-122.24697876
6075138,2026-05-31T11:15:58,323.01,0.103,G,2779.27,10133.9,47.67993546,-122.24697876,G,0.0768,2779.53,10134.07,47.67993546,-122.24697876
6076227,2026-05-31T11:15:59,322.58,0.087,G,2779.27,10133.9,47.67993546,-122.24697876,G,0.0649,2779.53,10134.07,47.67993546,-122.24697876
6077305,2026-05-31T11:16:00,323.11,0.062,G,2779.27,10133.9,47.67993546,-122.24697876,G,0.0462,2779.53,10134.07,47.67993546,-122.24697876
6078385,2026-05-31T11:16:01,323.07,0.077,G,2779.27,10133.9,47.67993546,-122.24697876,G,0.0574,2779.53,10134.07,47.67993546,-122.24697876
6079464,2026-05-31T11:16:02,322.6,0,F,2779.27,10133.9,47.67993546,-122.24697876,G,0,2779.53,10134.07,47.67993546,-122.24697876
6080536,2026-05-31T11:16:03,322.56,0,F,2779.27,10133.9,47.67993546,-122.24697876,G,0,2779.53,10134.07,47.67993546,-122.24697876
6081616,2026-05-31T11:16:04,322.95,0,F,2779.27,10133.9,47.67993546,-122.24697876,G,0,2779.53,10134.07,47.67993546,-122.24697876
6082694,2026-05-31T11:16:06,322.57,0.057,G,2779.27,10133.9,47.67993546,-122.24697876,G,0.0425,2779.53,10134.07,47.67993546,-122.24697876
6083766,2026-05-31T11:16:07,322.75,0.067,G,2779.27,10133.9,47.67993546,-122.24697876,G,0.0499,2779.53,10134.07,47.67993546,-122.24697876
6084853,2026-05-31T11:16:08,322.51,0.139,G,2779.27,10133.9,47.67993546,-122.24697876,G,0.1036,2779.53,10134.07,47.67993546,-122.24697876
6085935,2026-05-31T11:16:09,322.56,0.118,G,2778.7,10134.32,47.67993927,-122.24698639,G,0.088,2778.95,10134.49,47.67993927,-122.24698639
6087014,2026-05-31T11:16:10,322.61,0.103,G,2778.7,10134.32,47.67993927,-122.24698639,G,0.0768,2778.95,10134.49,47.67993927,-122.24698639
6088094,2026-05-31T11:16:11,321.94,0.175,G,2778.7,10134.32,47.67993927,-122.24698639,G,0.1305,2778.95,10134.49,47.67993927,-122.24698639
6089173,2026-05-31T11:16:12,321.9,0.154,G,2778.7,10134.32,47.67993927,-122.24698639,G,0.1148,2778.95,10134.49,47.67993927,-122.24698639
6090246,2026-05-31T11:16:13,322.31,0.118,G,2778.7,10134.32,47.67993927,-122.24698639,G,0.088,2778.95,10134.49,47.67993927,-122.24698639
6091323,2026-05-31T11:16:14,322.22,0.17,G,2778.7,10134.75,47.67994308,-122.24698639,G,0.1267,2778.95,10134.92,47.67994308,-122.24698639
6092393,2026-05-31T11:16:15,322.14,0.237,G,2778.7,10134.75,47.67994308,-122.24698639,G,0.1767,2778.95,10134.92,47.67994308,-122.24698639
6093472,2026-05-31T11:16:16,321.88,0.288,G,2777.55,10134.75,47.67994308,-122.24700165,G,0.2147,2777.81,10134.92,47.67994308,-122.24700165
6094543,2026-05-31T11:16:17,322,0.278,G,2777.55,10134.75,47.67994308,-122.24700165,G,0.2072,2777.81,10134.92,47.67994308,-122.24700165
6095615,2026-05-31T11:16:18,321.86,0.231,G,2777.55,10134.75,47.67994308,-122.24700165,G,0.1722,2777.81,10134.92,47.67994308,-122.24700165
6096694,2026-05-31T11:16:20,321.8,0.247,G,2777.55,10135.17,47.6799469,-122.24700165,G,0.1841,2777.81,10135.34,47.6799469,-122.24700165
6097774,2026-05-31T11:16:21,322.23,0.273,G,2776.4,10135.17,47.6799469,-122.24701691,G,0.2035,2776.66,10135.34,47.6799469,-122.24701691
6098863,2026-05-31T11:16:22,322.4,0.34,G,2776.4,10135.6,47.67995071,-122.24701691,G,0.2535,2776.66,10135.77,47.67995071,-122.24701691
6099942,2026-05-31T11:16:23,322.16,0.319,G,2776.4,10136.02,47.67995453,-122.24701691,G,0.2378,2776.66,10136.19,47.67995453,-122.24701691
6101023,2026-05-31T11:16:24,321.91,0.319,G,2776.4,10136.02,47.67995453,-122.24701691,G,0.2378,2776.66,10136.19,47.67995453,-122.24701691
6102103,2026-05-31T11:16:25,322.11,0.283,G,2776.4,10136.45,47.67995834,-122.24701691,G,0.211,2776.66,10136.61,47.67995834,-122.24701691
6103175,2026-05-31T11:16:26,321.93,0.185,G,2776.41,10136.02,47.67995453,-122.24701691,G,0.1379,2776.66,10136.19,47.67995453,-122.24701691
6104175,2026-05-31T11:16:27,322.06,0.19,G,2775.83,10136.45,47.67995834,-122.24702454,G,0.1416,2776.09,10136.61,47.67995834,-122.24702454
6105255,2026-05-31T11:16:28,322.64,0.18,G,2775.83,10136.45,47.67995834,-122.24702454,G,0.1342,2776.09,10136.61,47.67995834,-122.24702454
6106335,2026-05-31T11:16:29,322.54,0.206,G,2775.83,10136.45,47.67995834,-122.24702454,G,0.1536,2776.09,10136.61,47.67995834,-122.24702454
6107395,2026-05-31T11:16:30,321.93,0.113,G,2775.83,10136.87,47.67996216,-122.24702454,G,0.0842,2776.09,10137.04,47.67996216,-122.24702454
6108475,2026-05-31T11:16:31,322.11,0.19,G,2775.83,10136.87,47.67996216,-122.24702454,G,0.1416,2776.09,10137.04,47.67996216,-122.24702454
6109546,2026-05-31T11:16:32,321.83,0.237,G,2775.83,10136.87,47.67996216,-122.24702454,G,0.1767,2776.09,10137.04,47.67996216,-122.24702454
6110618,2026-05-31T11:16:33,321.81,0.216,G,2774.69,10136.87,47.67996216,-122.24703979,G,0.161,2774.95,10137.04,47.67996216,-122.24703979
6111698,2026-05-31T11:16:35,322.03,0.18,G,2774.69,10137.3,47.67996597,-122.24703979,G,0.1342,2774.95,10137.46,47.67996597,-122.24703979
6112777,2026-05-31T11:16:36,322.51,0.154,G,2774.69,10137.3,47.67996597,-122.24703979,G,0.1148,2774.95,10137.46,47.67996597,-122.24703979
6113859,2026-05-31T11:16:37,322.77,0.185,G,2774.69,10137.3,47.67996597,-122.24703979,G,0.1379,2774.95,10137.46,47.67996597,-122.24703979
6114943,2026-05-31T11:16:38,322.47,0.283,G,2774.69,10137.72,47.67996979,-122.24703979,G,0.211,2774.95,10137.89,47.67996979,-122.24703979
6116006,2026-05-31T11:16:39,322.09,0.324,G,2773.54,10137.72,47.67996979,-122.24705505,G,0.2415,2773.8,10137.89,47.67996979,-122.24705505
6117086,2026-05-31T11:16:40,322.18,0.324,G,2773.54,10137.72,47.67996979,-122.24705505,G,0.2415,2773.8,10137.89,47.67996979,-122.24705505
6118166,2026-05-31T11:16:41,321.87,0.329,G,2772.97,10138.57,47.67997742,-122.24706268,G,0.2453,2773.23,10138.74,47.67997742,-122.24706268
6119238,2026-05-31T11:16:42,321.53,0.345,G,2771.82,10138.57,47.67997742,-122.24707794,G,0.2572,2772.08,10138.74,47.67997742,-122.24707794
6120319,2026-05-31T11:16:43,321.7,0.319,G,2771.82,10138.57,47.67997742,-122.24707794,G,0.2378,2772.08,10138.74,47.67997742,-122.24707794
6121407,2026-05-31T11:16:44,321.69,0.314,G,2771.82,10139,47.67998123,-122.24707794,G,0.2341,2772.08,10139.16,47.67998123,-122.24707794
6122470,2026-05-31T11:16:45,322.04,0.304,G,2771.82,10139,47.67998123,-122.24707794,G,0.2266,2772.08,10139.16,47.67998123,-122.24707794
6123524,2026-05-31T11:16:46,321.68,0.283,G,2771.82,10139.42,47.67998505,-122.24707794,G,0.211,2772.08,10139.59,47.67998505,-122.24707794
6124614,2026-05-31T11:16:47,322,0.237,G,2770.68,10139.84,47.67998886,-122.2470932,G,0.1767,2770.94,10140.01,47.67998886,-122.2470932
6125693,2026-05-31T11:16:49,322.3,0.319,G,2770.68,10139.85,47.67998886,-122.2470932,G,0.2378,2770.94,10140.01,47.67998886,-122.2470932
6126763,2026-05-31T11:16:50,322.65,0.345,G,2770.1,10139.85,47.67998886,-122.24710083,G,0.2572,2770.36,10140.01,47.67998886,-122.24710083
6127845,2026-05-31T11:16:51,322.29,0.334,G,2770.1,10139.85,47.67998886,-122.24710083,G,0.249,2770.36,10140.01,47.67998886,-122.24710083
6128924,2026-05-31T11:16:52,322.22,0.319,G,2768.96,10140.27,47.67999268,-122.24711609,G,0.2378,2769.22,10140.44,47.67999268,-122.24711609
6130012,2026-05-31T11:16:53,322.99,0.324,G,2768.96,10140.27,47.67999268,-122.24711609,G,0.2415,2769.22,10140.44,47.67999268,-122.24711609
6131075,2026-05-31T11:16:54,322.72,0.324,G,2767.81,10140.7,47.67999649,-122.24713135,G,0.2415,2768.07,10140.86,47.67999649,-122.24713135
6132155,2026-05-31T11:16:55,322.86,0.324,G,2767.81,10140.7,47.67999649,-122.24713135,G,0.2415,2768.07,10140.86,47.67999649,-122.24713135
6133235,2026-05-31T11:16:56,322.96,0.242,G,2767.81,10140.69,47.67999649,-122.24713135,G,0.1804,2768.07,10140.86,47.67999649,-122.24713135
6134339,2026-05-31T11:16:57,322.74,0.283,G,2767.81,10140.69,47.67999649,-122.24713135,G,0.211,2768.07,10140.86,47.67999649,-122.24713135
6135409,2026-05-31T11:16:58,322.36,0.273,G,2767.81,10141.12,47.68000031,-122.24713135,G,0.2035,2768.07,10141.29,47.68000031,-122.24713135
6136490,2026-05-31T11:16:59,322.4,0.268,G,2767.81,10141.12,47.68000031,-122.24713135,G,0.1998,2768.07,10141.29,47.68000031,-122.24713135
6137570,2026-05-31T11:17:00,322.51,0.262,G,2767.81,10141.54,47.68000412,-122.24713135,G,0.1953,2768.07,10141.71,47.68000412,-122.24713135
6138643,2026-05-31T11:17:02,322.17,0.242,G,2767.81,10141.54,47.68000412,-122.24713135,G,0.1804,2768.07,10141.71,47.68000412,-122.24713135
6139723,2026-05-31T11:17:03,321.76,0.242,G,2767.81,10141.54,47.68000412,-122.24713135,G,0.1804,2768.07,10141.71,47.68000412,-122.24713135
6140803,2026-05-31T11:17:04,322.04,0.221,G,2767.81,10141.54,47.68000412,-122.24713135,G,0.1648,2768.07,10141.71,47.68000412,-122.24713135
6141893,2026-05-31T11:17:05,321.89,0.149,G,2767.24,10141.97,47.68000793,-122.24713898,G,0.1111,2767.5,10142.13,47.68000793,-122.24713898
6142973,2026-05-31T11:17:06,322.15,0.093,G,2767.24,10141.97,47.68000793,-122.24713898,G,0.0693,2767.5,10142.13,47.68000793,-122.24713898
6144060,2026-05-31T11:17:07,322.47,0.129,G,2767.24,10141.97,47.68000793,-122.24713898,G,0.0962,2767.5,10142.13,47.68000793,-122.24713898
6145148,2026-05-31T11:17:08,322.11,0.18,G,2767.24,10141.97,47.68000793,-122.24713898,G,0.1342,2767.5,10142.13,47.68000793,-122.24713898
6146209,2026-05-31T11:17:09,322.39,0.216,G,2767.24,10141.97,47.68000793,-122.24713898,G,0.161,2767.5,10142.13,47.68000793,-122.24713898
6147289,2026-05-31T11:17:10,322.95,0.226,G,2767.24,10141.97,47.68000793,-122.24713898,G,0.1685,2767.5,10142.13,47.68000793,-122.24713898
6148367,2026-05-31T11:17:11,323.33,0.226,G,2766.09,10141.97,47.68000793,-122.24715424,G,0.1685,2766.35,10142.13,47.68000793,-122.24715424
6149445,2026-05-31T11:17:12,323.2,0.154,G,2766.09,10141.97,47.68000793,-122.24715424,G,0.1148,2766.35,10142.13,47.68000793,-122.24715424
6150524,2026-05-31T11:17:13,322.93,0.057,G,2766.1,10141.97,47.68000793,-122.24715424,G,0.0425,2766.35,10142.13,47.68000793,-122.24715424
6151599,2026-05-31T11:17:14,322.73,0.077,G,2766.1,10141.97,47.68000793,-122.24715424,G,0.0574,2766.35,10142.13,47.68000793,-122.24715424
6152668,2026-05-31T11:17:16,322.96,0.103,G,2766.1,10141.97,47.68000793,-122.24715424,G,0.0768,2766.35,10142.13,47.68000793,-122.24715424
6153748,2026-05-31T11:17:17,322.91,0.123,G,2766.1,10141.97,47.68000793,-122.24715424,G,0.0917,2766.35,10142.13,47.68000793,-122.24715424
6154827,2026-05-31T11:17:18,322.7,0.113,G,2766.1,10141.97,47.68000793,-122.24715424,G,0.0842,2766.35,10142.13,47.68000793,-122.24715424
6155887,2026-05-31T11:17:19,322.7,0.129,G,2766.1,10141.97,47.68000793,-122.24715424,G,0.0962,2766.35,10142.13,47.68000793,-122.24715424
6156967,2026-05-31T11:17:20,322.39,0.175,G,2766.09,10141.97,47.68000793,-122.24715424,G,0.1305,2766.35,10142.13,47.68000793,-122.24715424
6158048,2026-05-31T11:17:21,322.59,0.093,G,2766.1,10141.54,47.68000412,-122.24715424,G,0.0693,2766.35,10141.71,47.68000412,-122.24715424
6159129,2026-05-31T11:17:22,322.84,0.17,G,2766.09,10141.54,47.68000412,-122.24715424,G,0.1267,2766.35,10141.71,47.68000412,-122.24715424
6160199,2026-05-31T11:17:23,322.98,0.154,G,2766.09,10141.54,47.68000412,-122.24715424,G,0.1148,2766.35,10141.71,47.68000412,-122.24715424
6161287,2026-05-31T11:17:24,323.16,0.206,G,2764.95,10141.54,47.68000412,-122.24716949,G,0.1536,2765.21,10141.71,47.68000412,-122.24716949
6162365,2026-05-31T11:17:25,323.05,0.268,G,2764.95,10141.54,47.68000412,-122.24716949,G,0.1998,2765.21,10141.71,47.68000412,-122.24716949
6163444,2026-05-31T11:17:26,323.16,0.247,G,2764.95,10141.54,47.68000412,-122.24716949,G,0.1841,2765.21,10141.71,47.68000412,-122.24716949
6164516,2026-05-31T11:17:27,323.16,0.206,G,2764.95,10141.54,47.68000412,-122.24716949,G,0.1536,2765.21,10141.71,47.68000412,-122.24716949
6165594,2026-05-31T11:17:28,323.26,0.237,G,2764.38,10141.54,47.68000412,-122.24717712,G,0.1767,2764.63,10141.71,47.68000412,-122.24717712
6166673,2026-05-31T11:17:30,323.47,0.273,G,2764.38,10141.54,47.68000412,-122.24717712,G,0.2035,2764.63,10141.71,47.68000412,-122.24717712
6167742,2026-05-31T11:17:31,323.99,0.278,G,2764.38,10141.54,47.68000412,-122.24717712,G,0.2072,2764.63,10141.71,47.68000412,-122.24717712
6168820,2026-05-31T11:17:32,323.66,0.262,G,2764.38,10141.54,47.68000412,-122.24717712,G,0.1953,2764.63,10141.71,47.68000412,-122.24717712
6169891,2026-05-31T11:17:33,323.17,0.195,G,2763.23,10141.54,47.68000412,-122.24719238,G,0.1454,2763.49,10141.71,47.68000412,-122.24719238
6170959,2026-05-31T11:17:34,322.32,0.159,G,2763.23,10141.54,47.68000412,-122.24719238,G,0.1185,2763.49,10141.71,47.68000412,-122.24719238
6172039,2026-05-31T11:17:35,322.48,0.159,G,2763.23,10141.54,47.68000412,-122.24719238,G,0.1185,2763.49,10141.71,47.68000412,-122.24719238
6173126,2026-05-31T11:17:36,322.24,0.149,G,2763.23,10141.54,47.68000412,-122.24719238,G,0.1111,2763.49,10141.71,47.68000412,-122.24719238
6174198,2026-05-31T11:17:37,321.83,0.108,G,2763.23,10141.54,47.68000412,-122.24719238,G,0.0805,2763.49,10141.71,47.68000412,-122.24719238
6175277,2026-05-31T11:17:38,322.51,0.067,G,2763.23,10141.54,47.68000412,-122.24719238,G,0.0499,2763.49,10141.71,47.68000412,-122.24719238
6176356,2026-05-31T11:17:39,323.16,0.077,G,2763.23,10141.97,47.68000793,-122.24719238,G,0.0574,2763.49,10142.13,47.68000793,-122.24719238
6177418,2026-05-31T11:17:40,322.42,0.062,G,2763.23,10141.97,47.68000793,-122.24719238,G,0.0462,2763.49,10142.13,47.68000793,-122.24719238
6178496,2026-05-31T11:17:41,322.83,0,F,2762.09,10141.97,47.68000793,-122.24720764,G,0,2762.34,10142.13,47.68000793,-122.24720764
6179575,2026-05-31T11:17:42,322.52,0.051,G,2763.23,10141.97,47.68000793,-122.24719238,G,0.038,2763.49,10142.13,47.68000793,-122.24719238
6180647,2026-05-31T11:17:44,322.57,0.072,G,2763.23,10141.97,47.68000793,-122.24719238,G,0.0537,2763.49,10142.13,47.68000793,-122.24719238
6181712,2026-05-31T11:17:45,322.75,0.165,G,2762.09,10141.97,47.68000793,-122.24720764,G,0.123,2762.34,10142.13,47.68000793,-122.24720764
6182782,2026-05-31T11:17:46,322.6,0.175,G,2762.09,10141.97,47.68000793,-122.24720764,G,0.1305,2762.34,10142.13,47.68000793,-122.24720764
6183852,2026-05-31T11:17:47,322.9,0.154,G,2762.09,10141.97,47.68000793,-122.24720764,G,0.1148,2762.34,10142.13,47.68000793,-122.24720764
6184921,2026-05-31T11:17:48,322.94,0,F,2762.09,10141.97,47.68000793,-122.24720764,G,0,2762.34,10142.13,47.68000793,-122.24720764
6185994,2026-05-31T11:17:49,322.22,0.093,G,2762.09,10141.97,47.68000793,-122.24720764,G,0.0693,2762.34,10142.13,47.68000793,-122.24720764
6187075,2026-05-31T11:17:50,321.86,0.118,G,2762.09,10141.97,47.68000793,-122.24720764,G,0.088,2762.34,10142.13,47.68000793,-122.24720764
6188161,2026-05-31T11:17:51,321.63,0.062,G,2762.09,10141.97,47.68000793,-122.24720764,G,0.0462,2762.34,10142.13,47.68000793,-122.24720764
6189230,2026-05-31T11:17:52,321.91,0,F,2762.09,10141.97,47.68000793,-122.24720764,G,0,2762.34,10142.13,47.68000793,-122.24720764
6190310,2026-05-31T11:17:53,321.98,0.108,G,2762.09,10141.97,47.68000793,-122.24720764,G,0.0805,2762.34,10142.13,47.68000793,-122.24720764
6191389,2026-05-31T11:17:54,321.96,0.129,G,2762.09,10141.97,47.68000793,-122.24720764,G,0.0962,2762.34,10142.13,47.68000793,-122.24720764
6192467,2026-05-31T11:17:55,321.79,0.108,G,2762.09,10141.97,47.68000793,-122.24720764,G,0.0805,2762.34,10142.13,47.68000793,-122.24720764
6193546,2026-05-31T11:17:56,322.02,0.175,G,2762.09,10141.97,47.68000793,-122.24720764,G,0.1305,2762.34,10142.13,47.68000793,-122.24720764
6194653,2026-05-31T11:17:58,322.03,0.201,G,2762.09,10141.97,47.68000793,-122.24720764,G,0.1498,2762.34,10142.13,47.68000793,-122.24720764
6195732,2026-05-31T11:17:59,321.86,0.298,G,2763.23,10141.54,47.68000412,-122.24719238,G,0.2222,2763.49,10141.71,47.68000412,-122.24719238
6196810,2026-05-31T11:18:00,322,0.365,G,2763.23,10141.54,47.68000412,-122.24719238,G,0.2721,2763.49,10141.71,47.68000412,-122.24719238
6197862,2026-05-31T11:18:01,322.17,0.34,G,2764.38,10139.85,47.67998886,-122.24717712,G,0.2535,2764.63,10140.01,47.67998886,-122.24717712
6198934,2026-05-31T11:18:02,322.23,0.309,G,2764.95,10139.84,47.67998886,-122.24716949,G,0.2304,2765.21,10140.01,47.67998886,-122.24716949
6200014,2026-05-31T11:18:03,322.43,0.231,G,2766.09,10139,47.67998123,-122.24715424,G,0.1722,2766.35,10139.16,47.67998123,-122.24715424
6201093,2026-05-31T11:18:04,322.07,0.216,G,2766.09,10139,47.67998123,-122.24715424,G,0.161,2766.35,10139.16,47.67998123,-122.24715424
6202182,2026-05-31T11:18:05,322.38,0.113,G,2766.1,10138.99,47.67998123,-122.24715424,G,0.0842,2766.35,10139.16,47.67998123,-122.24715424
6203268,2026-05-31T11:18:06,321.85,0.098,G,2767.24,10138.99,47.67998123,-122.24713898,G,0.0731,2767.5,10139.16,47.67998123,-122.24713898
6204337,2026-05-31T11:18:07,321.57,0.093,G,2767.24,10138.57,47.67997742,-122.24713898,G,0.0693,2767.5,10138.74,47.67997742,-122.24713898
6205415,2026-05-31T11:18:08,321.25,0.118,G,2767.24,10138.57,47.67997742,-122.24713898,G,0.088,2767.5,10138.74,47.67997742,-122.24713898
6206494,2026-05-31T11:18:09,321.22,0.144,G,2767.24,10138.57,47.67997742,-122.24713898,G,0.1074,2767.5,10138.74,47.67997742,-122.24713898
6207573,2026-05-31T11:18:10,321.24,0.201,G,2767.24,10138.57,47.67997742,-122.24713898,G,0.1498,2767.5,10138.74,47.67997742,-122.24713898
6208642,2026-05-31T11:18:12,321.75,0.139,G,2767.24,10138.57,47.67997742,-122.24713898,G,0.1036,2767.5,10138.74,47.67997742,-122.24713898
6209721,2026-05-31T11:18:13,321.89,0.072,G,2767.24,10138.15,47.6799736,-122.24713898,G,0.0537,2767.5,10138.31,47.6799736,-122.24713898
6210791,2026-05-31T11:18:14,321.96,0.134,G,2767.24,10138.15,47.6799736,-122.24713898,G,0.0999,2767.5,10138.31,47.6799736,-122.24713898
6211861,2026-05-31T11:18:15,321.95,0.185,G,2767.24,10138.15,47.6799736,-122.24713898,G,0.1379,2767.5,10138.31,47.6799736,-122.24713898
6212940,2026-05-31T11:18:16,321.9,0.159,G,2767.24,10138.15,47.6799736,-122.24713898,G,0.1185,2767.5,10138.31,47.6799736,-122.24713898
6214012,2026-05-31T11:18:17,321.89,0.108,G,2767.24,10138.15,47.6799736,-122.24713898,G,0.0805,2767.5,10138.31,47.6799736,-122.24713898
6215081,2026-05-31T11:18:18,321.86,0.139,G,2767.24,10138.15,47.6799736,-122.24713898,G,0.1036,2767.5,10138.31,47.6799736,-122.24713898
6216160,2026-05-31T11:18:19,321.84,0.087,G,2767.24,10138.15,47.6799736,-122.24713898,G,0.0649,2767.5,10138.31,47.6799736,-122.24713898
6217239,2026-05-31T11:18:20,321.8,0.051,G,2766.1,10138.14,47.6799736,-122.24715424,G,0.038,2766.35,10138.31,47.6799736,-122.24715424
6218325,2026-05-31T11:18:21,322.22,0.072,G,2766.1,10138.15,47.6799736,-122.24715424,G,0.0537,2766.35,10138.31,47.6799736,-122.24715424
6219395,2026-05-31T11:18:22,321.71,0.144,G,2766.09,10138.15,47.6799736,-122.24715424,G,0.1074,2766.35,10138.31,47.6799736,-122.24715424
6220473,2026-05-31T11:18:23,321.17,0.185,G,2766.09,10138.15,47.6799736,-122.24715424,G,0.1379,2766.35,10138.31,47.6799736,-122.24715424
6221552,2026-05-31T11:18:24,321,0.226,G,2766.09,10138.15,47.6799736,-122.24715424,G,0.1685,2766.35,10138.31,47.6799736,-122.24715424
6222631,2026-05-31T11:18:26,320.99,0.19,G,2766.09,10138.15,47.6799736,-122.24715424,G,0.1416,2766.35,10138.31,47.6799736,-122.24715424
6223703,2026-05-31T11:18:27,320.65,0.165,G,2766.09,10138.15,47.6799736,-122.24715424,G,0.123,2766.35,10138.31,47.6799736,-122.24715424
6224791,2026-05-31T11:18:28,320.34,0.17,G,2764.95,10138.15,47.6799736,-122.24716949,G,0.1267,2765.21,10138.31,47.6799736,-122.24716949
6225853,2026-05-31T11:18:29,319.92,0.201,G,2764.95,10138.57,47.67997742,-122.24716949,G,0.1498,2765.21,10138.74,47.67997742,-122.24716949
6226927,2026-05-31T11:18:30,320.54,0.103,G,2764.95,10138.57,47.67997742,-122.24716949,G,0.0768,2765.21,10138.74,47.67997742,-122.24716949
6228007,2026-05-31T11:18:31,320,0.144,G,2764.95,10138.57,47.67997742,-122.24716949,G,0.1074,2765.21,10138.74,47.67997742,-122.24716949
6229077,2026-05-31T11:18:32,320.18,0.139,G,2764.95,10138.99,47.67998123,-122.24716949,G,0.1036,2765.21,10139.16,47.67998123,-122.24716949
6230140,2026-05-31T11:18:33,320.1,0.216,G,2764.95,10139,47.67998123,-122.24716949,G,0.161,2765.21,10139.16,47.67998123,-122.24716949
6231210,2026-05-31T11:18:34,320.27,0.247,G,2764.95,10139,47.67998123,-122.24716949,G,0.1841,2765.21,10139.16,47.67998123,-122.24716949
6232299,2026-05-31T11:18:35,319.92,0.273,G,2764.38,10139,47.67998123,-122.24717712,G,0.2035,2764.63,10139.16,47.67998123,-122.24717712
6233379,2026-05-31T11:18:36,320.02,0.262,G,2764.38,10139,47.67998123,-122.24717712,G,0.1953,2764.63,10139.16,47.67998123,-122.24717712
6234449,2026-05-31T11:18:37,319.72,0.195,G,2764.38,10139,47.67998123,-122.24717712,G,0.1454,2764.63,10139.16,47.67998123,-122.24717712
6235512,2026-05-31T11:18:38,319.87,0.226,G,2764.38,10139,47.67998123,-122.24717712,G,0.1685,2764.63,10139.16,47.67998123,-122.24717712
6236582,2026-05-31T11:18:39,319.93,0.237,G,2763.23,10139.42,47.67998505,-122.24719238,G,0.1767,2763.49,10139.59,47.67998505,-122.24719238
6237661,2026-05-31T11:18:41,320.06,0.252,G,2763.23,10139.42,47.67998505,-122.24719238,G,0.1879,2763.49,10139.59,47.67998505,-122.24719238
6238729,2026-05-31T11:18:42,320.42,0.329,G,2763.23,10139.42,47.67998505,-122.24719238,G,0.2453,2763.49,10139.59,47.67998505,-122.24719238
6239808,2026-05-31T11:18:43,320.13,0.324,G,2763.23,10139,47.67998123,-122.24719238,G,0.2415,2763.49,10139.16,47.67998123,-122.24719238
6240887,2026-05-31T11:18:44,320.22,0.298,G,2764.38,10138.57,47.67997742,-122.24717712,G,0.2222,2764.63,10138.74,47.67997742,-122.24717712
6241961,2026-05-31T11:18:45,320.24,0.154,G,2764.38,10138.57,47.67997742,-122.24717712,G,0.1148,2764.63,10138.74,47.67997742,-122.24717712
6243040,2026-05-31T11:18:46,320.1,0.144,G,2764.95,10138.57,47.67997742,-122.24716949,G,0.1074,2765.21,10138.74,47.67997742,-122.24716949
6244110,2026-05-31T11:18:47,319.89,0.118,G,2764.38,10138.57,47.67997742,-122.24717712,G,0.088,2764.63,10138.74,47.67997742,-122.24717712
6245179,2026-05-31T11:18:48,319.86,0,F,2764.38,10138.57,47.67997742,-122.24717712,G,0,2764.63,10138.74,47.67997742,-122.24717712
6246257,2026-05-31T11:18:49,320.34,0.134,G,2764.38,10138.57,47.67997742,-122.24717712,G,0.0999,2764.63,10138.74,47.67997742,-122.24717712
6247345,2026-05-31T11:18:50,320.56,0.17,G,2764.38,10138.57,47.67997742,-122.24717712,G,0.1267,2764.63,10138.74,47.67997742,-122.24717712
6248413,2026-05-31T11:18:51,320.57,0.18,G,2764.38,10138.57,47.67997742,-122.24717712,G,0.1342,2764.63,10138.74,47.67997742,-122.24717712
6249491,2026-05-31T11:18:52,320.71,0.134,G,2764.38,10138.57,47.67997742,-122.24717712,G,0.0999,2764.63,10138.74,47.67997742,-122.24717712
6250569,2026-05-31T11:18:53,320.82,0.067,G,2764.38,10138.57,47.67997742,-122.24717712,G,0.0499,2764.63,10138.74,47.67997742,-122.24717712
6251625,2026-05-31T11:18:55,320.18,0.051,G,2764.38,10138.57,47.67997742,-122.24717712,G,0.038,2764.63,10138.74,47.67997742,-122.24717712
6252694,2026-05-31T11:18:56,320.27,0.077,G,2764.38,10138.57,47.67997742,-122.24717712,G,0.0574,2764.63,10138.74,47.67997742,-122.24717712
6253773,2026-05-31T11:18:57,320.36,0.149,G,2763.23,10138.57,47.67997742,-122.24719238,G,0.1111,2763.49,10138.74,47.67997742,-122.24719238
6254778,2026-05-31T11:18:58,320.18,0.118,G,2763.23,10138.57,47.67997742,-122.24719238,G,0.088,2763.49,10138.74,47.67997742,-122.24719238
6255848,2026-05-31T11:18:59,320.18,0.087,G,2763.23,10138.57,47.67997742,-122.24719238,G,0.0649,2763.49,10138.74,47.67997742,-122.24719238
6256917,2026-05-31T11:19:00,320.14,0.18,G,2763.23,10138.57,47.67997742,-122.24719238,G,0.1342,2763.49,10138.74,47.67997742,-122.24719238
6257998,2026-05-31T11:19:01,320.24,0.273,G,2763.23,10138.57,47.67997742,-122.24719238,G,0.2035,2763.49,10138.74,47.67997742,-122.24719238
6259069,2026-05-31T11:19:02,320.03,0.288,G,2762.08,10138.57,47.67997742,-122.24720764,G,0.2147,2762.34,10138.74,47.67997742,-122.24720764
6260148,2026-05-31T11:19:03,320.43,0.298,G,2762.08,10139,47.67998123,-122.24720764,G,0.2222,2762.34,10139.16,47.67998123,-122.24720764
6261218,2026-05-31T11:19:04,320.57,0.381,G,2762.08,10139,47.67998123,-122.24720764,G,0.284,2762.34,10139.16,47.67998123,-122.24720764
6262306,2026-05-31T11:19:05,320.64,0.381,G,2760.94,10139.42,47.67998505,-122.2472229,G,0.284,2761.2,10139.59,47.67998505,-122.2472229
6263384,2026-05-31T11:19:06,320.9,0.237,G,2760.94,10139.84,47.67998886,-122.2472229,G,0.1767,2761.2,10140.01,47.67998886,-122.2472229
6264471,2026-05-31T11:19:07,320.54,0.252,G,2760.37,10139.84,47.67998886,-122.24723053,G,0.1879,2760.62,10140.01,47.67998886,-122.24723053
6265560,2026-05-31T11:19:08,320.57,0.165,G,2760.37,10139.84,47.67998886,-122.24723053,G,0.123,2760.62,10140.01,47.67998886,-122.24723053
6266638,2026-05-31T11:19:10,320.49,0.185,G,2760.37,10139.84,47.67998886,-122.24723053,G,0.1379,2760.62,10140.01,47.67998886,-122.24723053
6267717,2026-05-31T11:19:11,320.39,0.237,G,2760.37,10139.84,47.67998886,-122.24723053,G,0.1767,2760.62,10140.01,47.67998886,-122.24723053
6268786,2026-05-31T11:19:12,319.73,0.211,G,2760.37,10139.84,47.67998886,-122.24723053,G,0.1573,2760.62,10140.01,47.67998886,-122.24723053
6269855,2026-05-31T11:19:13,319.98,0.242,G,2759.22,10139.84,47.67998886,-122.24724579,G,0.1804,2759.48,10140.01,47.67998886,-122.24724579
6270934,2026-05-31T11:19:14,320.39,0.144,G,2759.22,10139.84,47.67998886,-122.24724579,G,0.1074,2759.48,10140.01,47.67998886,-122.24724579
6272021,2026-05-31T11:19:15,320.35,0.098,G,2759.22,10139.84,47.67998886,-122.24724579,G,0.0731,2759.48,10140.01,47.67998886,-122.24724579
6273090,2026-05-31T11:19:16,320.35,0.051,G,2759.22,10139.84,47.67998886,-122.24724579,G,0.038,2759.48,10140.01,47.67998886,-122.24724579
6274169,2026-05-31T11:19:17,320.32,0.185,G,2759.22,10139.84,47.67998886,-122.24724579,G,0.1379,2759.48,10140.01,47.67998886,-122.24724579
6275247,2026-05-31T11:19:18,320.23,0.391,G,2759.22,10139.85,47.67998886,-122.24724579,G,0.2915,2759.48,10140.01,47.67998886,-122.24724579
6276325,2026-05-31T11:19:19,320.36,0.54,G,2759.22,10139.85,47.67998886,-122.24724579,G,0.4026,2759.48,10140.01,47.67998886,-122.24724579
6277395,2026-05-31T11:19:20,320.21,0.556,G,2758.07,10139.85,47.67998886,-122.24726105,G,0.4145,2758.33,10140.01,47.67998886,-122.24726105
6278475,2026-05-31T11:19:21,319.88,0.576,G,2758.07,10139.85,47.67998886,-122.24726105,G,0.4294,2758.33,10140.01,47.67998886,-122.24726105
6279547,2026-05-31T11:19:22,319.88,0.55,G,2758.07,10139.85,47.67998886,-122.24726105,G,0.41,2758.33,10140.01,47.67998886,-122.24726105
6280617,2026-05-31T11:19:23,320.32,0.556,G,2758.07,10139.85,47.67998886,-122.24726105,G,0.4145,2758.33,10140.01,47.67998886,-122.24726105
6281690,2026-05-31T11:19:25,320.22,0.556,G,2758.07,10139.85,47.67998886,-122.24726105,G,0.4145,2758.33,10140.01,47.67998886,-122.24726105
6282769,2026-05-31T11:19:26,320.6,0.545,G,2758.07,10139.85,47.67998886,-122.24726105,G,0.4063,2758.33,10140.01,47.67998886,-122.24726105
6283848,2026-05-31T11:19:27,320.77,0.53,G,2758.07,10140.27,47.67999268,-122.24726105,G,0.3951,2758.33,10140.44,47.67999268,-122.24726105
6284853,2026-05-31T11:19:28,320.81,0.525,G,2758.07,10140.7,47.67999649,-122.24726105,G,0.3914,2758.33,10140.86,47.67999649,-122.24726105
6285941,2026-05-31T11:19:29,320.97,0.53,G,2758.07,10141.12,47.68000031,-122.24726105,G,0.3951,2758.33,10141.29,47.68000031,-122.24726105
6287020,2026-05-31T11:19:30,320.8,0.345,G,2758.07,10141.12,47.68000031,-122.24726105,G,0.2572,2758.33,10141.29,47.68000031,-122.24726105
6288080,2026-05-31T11:19:31,320.62,0.319,G,2758.07,10141.12,47.68000031,-122.24726105,G,0.2378,2758.33,10141.29,47.68000031,-122.24726105
6289168,2026-05-31T11:19:32,320.46,0.35,G,2758.07,10141.12,47.68000031,-122.24726105,G,0.2609,2758.33,10141.29,47.68000031,-122.24726105
6290246,2026-05-31T11:19:33,320.59,0.468,G,2758.07,10141.12,47.68000031,-122.24726105,G,0.3489,2758.33,10141.29,47.68000031,-122.24726105
6291325,2026-05-31T11:19:34,320.73,0.478,G,2758.07,10141.12,47.68000031,-122.24726105,G,0.3563,2758.33,10141.29,47.68000031,-122.24726105
6292404,2026-05-31T11:19:35,320.71,0.386,G,2758.07,10141.12,47.68000031,-122.24726105,G,0.2878,2758.33,10141.29,47.68000031,-122.24726105
6293467,2026-05-31T11:19:36,320.35,0.417,G,2758.07,10141.54,47.68000412,-122.24726105,G,0.3109,2758.33,10141.71,47.68000412,-122.24726105
6294554,2026-05-31T11:19:37,320.16,0.592,G,2758.07,10141.55,47.68000412,-122.24726105,G,0.4413,2758.33,10141.71,47.68000412,-122.24726105
6295643,2026-05-31T11:19:39,319.96,0.576,G,2758.07,10141.55,47.68000412,-122.24726105,G,0.4294,2758.33,10141.71,47.68000412,-122.24726105
6296721,2026-05-31T11:19:40,320.11,0.34,G,2758.07,10141.54,47.68000412,-122.24726105,G,0.2535,2758.33,10141.71,47.68000412,-122.24726105
6297800,2026-05-31T11:19:41,319.85,0.206,G,2758.08,10141.54,47.68000412,-122.24726105,G,0.1536,2758.33,10141.71,47.68000412,-122.24726105
6298872,2026-05-31T11:19:42,319.88,0.175,G,2758.08,10141.97,47.68000793,-122.24726105,G,0.1305,2758.33,10142.13,47.68000793,-122.24726105
6299950,2026-05-31T11:19:43,320.1,0.159,G,2758.08,10141.97,47.68000793,-122.24726105,G,0.1185,2758.33,10142.13,47.68000793,-122.24726105
6301022,2026-05-31T11:19:44,320.31,0.082,G,2758.08,10141.97,47.68000793,-122.24726105,G,0.0611,2758.33,10142.13,47.68000793,-122.24726105
6302106,2026-05-31T11:19:45,320.1,0.17,G,2758.08,10141.97,47.68000793,-122.24726105,G,0.1267,2758.33,10142.13,47.68000793,-122.24726105
6303175,2026-05-31T11:19:46,320.33,0.123,G,2758.08,10141.97,47.68000793,-122.24726105,G,0.0917,2758.33,10142.13,47.68000793,-122.24726105
6304254,2026-05-31T11:19:47,320.27,0.103,G,2758.08,10141.97,47.68000793,-122.24726105,G,0.0768,2758.33,10142.13,47.68000793,-122.24726105
6305322,2026-05-31T11:19:48,320.69,0.154,G,2758.08,10141.97,47.68000793,-122.24726105,G,0.1148,2758.33,10142.13,47.68000793,-122.24726105
6306401,2026-05-31T11:19:49,320.62,0.093,G,2757.5,10141.97,47.68000793,-122.24726868,G,0.0693,2757.76,10142.13,47.68000793,-122.24726868
6307480,2026-05-31T11:19:50,320.66,0.108,G,2757.5,10141.97,47.68000793,-122.24726868,G,0.0805,2757.76,10142.13,47.68000793,-122.24726868
6308569,2026-05-31T11:19:51,320.54,0.175,G,2757.5,10141.97,47.68000793,-122.24726868,G,0.1305,2757.76,10142.13,47.68000793,-122.24726868
6309649,2026-05-31T11:19:53,320.74,0.123,G,2757.5,10141.97,47.68000793,-122.24726868,G,0.0917,2757.76,10142.13,47.68000793,-122.24726868
6310719,2026-05-31T11:19:54,320.58,0.062,G,2757.5,10142.39,47.68001175,-122.24726868,G,0.0462,2757.76,10142.56,47.68001175,-122.24726868
6311783,2026-05-31T11:19:55,320.27,0.077,G,2757.5,10142.39,47.68001175,-122.24726868,G,0.0574,2757.76,10142.56,47.68001175,-122.24726868
6312862,2026-05-31T11:19:56,320.47,0.057,G,2757.5,10142.39,47.68001175,-122.24726868,G,0.0425,2757.76,10142.56,47.68001175,-122.24726868
6313941,2026-05-31T11:19:57,320.62,0.062,G,2757.5,10142.39,47.68001175,-122.24726868,G,0.0462,2757.76,10142.56,47.68001175,-122.24726868
6315033,2026-05-31T11:19:58,320.36,0.082,G,2757.5,10142.39,47.68001175,-122.24726868,G,0.0611,2757.76,10142.56,47.68001175,-122.24726868
6316111,2026-05-31T11:19:59,320.41,0.051,G,2757.5,10142.39,47.68001175,-122.24726868,G,0.038,2757.76,10142.56,47.68001175,-122.24726868
6317191,2026-05-31T11:20:00,320.2,0.067,G,2757.5,10142.39,47.68001175,-122.24726868,G,0.0499,2757.76,10142.56,47.68001175,-122.24726868
6318261,2026-05-31T11:20:01,320.06,0.093,G,2757.5,10142.39,47.68001175,-122.24726868,G,0.0693,2757.76,10142.56,47.68001175,-122.24726868
6319322,2026-05-31T11:20:02,320.08,0.134,G,2757.5,10142.39,47.68001175,-122.24726868,G,0.0999,2757.76,10142.56,47.68001175,-122.24726868
6320401,2026-05-31T11:20:03,320.68,0.123,G,2757.5,10142.39,47.68001175,-122.24726868,G,0.0917,2757.76,10142.56,47.68001175,-122.24726868
6321489,2026-05-31T11:20:04,320.31,0.134,G,2757.5,10142.82,47.68001556,-122.24726868,G,0.0999,2757.76,10142.98,47.68001556,-122.24726868
6322558,2026-05-31T11:20:05,319.94,0.195,G,2757.5,10142.82,47.68001556,-122.24726868,G,0.1454,2757.76,10142.98,47.68001556,-122.24726868
6323645,2026-05-31T11:20:07,319.52,0.201,G,2757.5,10142.82,47.68001556,-122.24726868,G,0.1498,2757.76,10142.98,47.68001556,-122.24726868
6324717,2026-05-31T11:20:08,319.71,0.159,G,2756.36,10143.24,47.68001938,-122.24728394,G,0.1185,2756.61,10143.41,47.68001938,-122.24728394
6325762,2026-05-31T11:20:09,319.8,0.103,G,2756.36,10143.24,47.68001938,-122.24728394,G,0.0768,2756.61,10143.41,47.68001938,-122.24728394
6326830,2026-05-31T11:20:10,319.97,0.123,G,2756.36,10143.24,47.68001938,-122.24728394,G,0.0917,2756.61,10143.41,47.68001938,-122.24728394
6327884,2026-05-31T11:20:11,319.79,0.211,G,2756.36,10143.67,47.68002319,-122.24728394,G,0.1573,2756.61,10143.83,47.68002319,-122.24728394
6328974,2026-05-31T11:20:12,319.77,0.206,G,2756.36,10143.67,47.68002319,-122.24728394,G,0.1536,2756.61,10143.83,47.68002319,-122.24728394
6330044,2026-05-31T11:20:13,319.71,0.098,G,2756.36,10143.67,47.68002319,-122.24728394,G,0.0731,2756.61,10143.83,47.68002319,-122.24728394
6331123,2026-05-31T11:20:14,319.75,0.057,G,2756.36,10143.67,47.68002319,-122.24728394,G,0.0425,2756.61,10143.83,47.68002319,-122.24728394
6332207,2026-05-31T11:20:15,319.85,0,F,2756.36,10143.67,47.68002319,-122.24728394,G,0,2756.61,10143.83,47.68002319,-122.24728394
6333284,2026-05-31T11:20:16,320.19,0.067,G,2755.21,10143.67,47.68002319,-122.24729919,G,0.0499,2755.47,10143.83,47.68002319,-122.24729919
6334363,2026-05-31T11:20:17,320.2,0.057,G,2755.21,10143.67,47.68002319,-122.24729919,G,0.0425,2755.47,10143.83,47.68002319,-122.24729919
6335431,2026-05-31T11:20:18,319.93,0.051,G,2755.21,10143.67,47.68002319,-122.24729919,G,0.038,2755.47,10143.83,47.68002319,-122.24729919
6336510,2026-05-31T11:20:19,319.78,0,F,2756.36,10143.67,47.68002319,-122.24728394,G,0,2756.61,10143.83,47.68002319,-122.24728394
6337588,2026-05-31T11:20:20,319.65,0,F,2756.36,10143.67,47.68002319,-122.24728394,G,0,2756.61,10143.83,47.68002319,-122.24728394
6338667,2026-05-31T11:20:22,319.44,0,F,2756.36,10143.67,47.68002319,-122.24728394,G,0,2756.61,10143.83,47.68002319,-122.24728394
6339735,2026-05-31T11:20:23,319.71,0.098,G,2756.36,10143.67,47.68002319,-122.24728394,G,0.0731,2756.61,10143.83,47.68002319,-122.24728394
6340813,2026-05-31T11:20:24,319.45,0.144,G,2756.36,10144.09,47.68002701,-122.24728394,G,0.1074,2756.61,10144.26,47.68002701,-122.24728394
6341891,2026-05-31T11:20:25,319.1,0.118,G,2755.21,10144.09,47.68002701,-122.24729919,G,0.088,2755.47,10144.26,47.68002701,-122.24729919
6342971,2026-05-31T11:20:26,318.66,0.129,G,2755.21,10144.09,47.68002701,-122.24729919,G,0.0962,2755.47,10144.26,47.68002701,-122.24729919
6344050,2026-05-31T11:20:27,318.76,0.098,G,2755.21,10144.09,47.68002701,-122.24729919,G,0.0731,2755.47,10144.26,47.68002701,-122.24729919
6345151,2026-05-31T11:20:28,318.45,0.072,G,2755.21,10144.51,47.68003082,-122.24729919,G,0.0537,2755.47,10144.68,47.68003082,-122.24729919
6346220,2026-05-31T11:20:29,318.68,0,F,2755.21,10144.51,47.68003082,-122.24729919,G,0,2755.47,10144.68,47.68003082,-122.24729919
6347298,2026-05-31T11:20:30,319,0,F,2755.21,10144.51,47.68003082,-122.24729919,G,0,2755.47,10144.68,47.68003082,-122.24729919
6348386,2026-05-31T11:20:31,318.97,0.098,G,2755.21,10144.51,47.68003082,-122.24729919,G,0.0731,2755.47,10144.68,47.68003082,-122.24729919
6349464,2026-05-31T11:20:32,318.91,0.113,G,2755.21,10144.51,47.68003082,-122.24729919,G,0.0842,2755.47,10144.68,47.68003082,-122.24729919
6350543,2026-05-31T11:20:33,318.67,0.077,G,2755.21,10144.51,47.68003082,-122.24729919,G,0.0574,2755.47,10144.68,47.68003082,-122.24729919
6351623,2026-05-31T11:20:35,318.91,0,F,2755.21,10144.51,47.68003082,-122.24729919,G,0,2755.47,10144.68,47.68003082,-122.24729919
6352695,2026-05-31T11:20:36,319.14,0,F,2755.21,10144.51,47.68003082,-122.24729919,G,0,2755.47,10144.68,47.68003082,-122.24729919
6353781,2026-05-31T11:20:37,318.94,0.103,G,2755.21,10144.94,47.68003464,-122.24729919,G,0.0768,2755.47,10145.11,47.68003464,-122.24729919
6354859,2026-05-31T11:20:38,318.97,0.057,G,2755.21,10144.94,47.68003464,-122.24729919,G,0.0425,2755.47,10145.11,47.68003464,-122.24729919
6355937,2026-05-31T11:20:39,318.61,0.082,G,2755.21,10144.94,47.68003464,-122.24729919,G,0.0611,2755.47,10145.11,47.68003464,-122.24729919
6357017,2026-05-31T11:20:40,318.96,0.123,G,2755.21,10144.94,47.68003464,-122.24729919,G,0.0917,2755.47,10145.11,47.68003464,-122.24729919
6358087,2026-05-31T11:20:41,319.45,0.108,G,2755.21,10145.36,47.68003845,-122.24729919,G,0.0805,2755.47,10145.53,47.68003845,-122.24729919
6359165,2026-05-31T11:20:42,319.52,0.082,G,2755.21,10145.36,47.68003845,-122.24729919,G,0.0611,2755.47,10145.53,47.68003845,-122.24729919
6360244,2026-05-31T11:20:43,319.15,0,F,2755.21,10145.36,47.68003845,-122.24729919,G,0,2755.47,10145.53,47.68003845,-122.24729919
6361317,2026-05-31T11:20:44,320.17,0,F,2755.21,10145.36,47.68003845,-122.24729919,G,0,2755.47,10145.53,47.68003845,-122.24729919
6362394,2026-05-31T11:20:45,319.78,0.093,G,2755.21,10145.36,47.68003845,-122.24729919,G,0.0693,2755.47,10145.53,47.68003845,-122.24729919
6363473,2026-05-31T11:20:46,319.59,0.108,G,2755.21,10145.36,47.68003845,-122.24729919,G,0.0805,2755.47,10145.53,47.68003845,-122.24729919
6364551,2026-05-31T11:20:47,319.02,0.165,G,2755.21,10145.79,47.68004227,-122.24729919,G,0.123,2755.47,10145.96,47.68004227,-122.24729919
6365630,2026-05-31T11:20:49,319.13,0.123,G,2754.64,10145.79,47.68004227,-122.24730682,G,0.0917,2754.9,10145.96,47.68004227,-122.24730682
6366700,2026-05-31T11:20:50,319.18,0.108,G,2754.64,10145.79,47.68004227,-122.24730682,G,0.0805,2754.9,10145.96,47.68004227,-122.24730682
6367771,2026-05-31T11:20:51,319.2,0.113,G,2754.64,10145.79,47.68004227,-122.24730682,G,0.0842,2754.9,10145.96,47.68004227,-122.24730682
6368859,2026-05-31T11:20:52,319.47,0.077,G,2754.64,10146.21,47.68004608,-122.24730682,G,0.0574,2754.9,10146.38,47.68004608,-122.24730682
6369939,2026-05-31T11:20:53,319.8,0.072,G,2754.64,10146.21,47.68004608,-122.24730682,G,0.0537,2754.9,10146.38,47.68004608,-122.24730682
6371029,2026-05-31T11:20:54,319.25,0.108,G,2754.64,10146.21,47.68004608,-122.24730682,G,0.0805,2754.9,10146.38,47.68004608,-122.24730682
6372108,2026-05-31T11:20:55,318.81,0.103,G,2754.64,10146.21,47.68004608,-122.24730682,G,0.0768,2754.9,10146.38,47.68004608,-122.24730682
6373189,2026-05-31T11:20:56,318.82,0,F,2754.64,10146.21,47.68004608,-122.24730682,G,0,2754.9,10146.38,47.68004608,-122.24730682
6374267,2026-05-31T11:20:57,318.85,0,F,2754.64,10146.21,47.68004608,-122.24730682,G,0,2754.9,10146.38,47.68004608,-122.24730682
6375348,2026-05-31T11:20:58,318.86,0.051,G,2754.64,10146.21,47.68004608,-122.24730682,G,0.038,2754.9,10146.38,47.68004608,-122.24730682
6376420,2026-05-31T11:20:59,318.44,0,F,2754.64,10146.21,47.68004608,-122.24730682,G,0,2754.9,10146.38,47.68004608,-122.24730682
6377498,2026-05-31T11:21:00,318.4,0,F,2754.64,10146.21,47.68004608,-122.24730682,G,0,2754.9,10146.38,47.68004608,-122.24730682
6378576,2026-05-31T11:21:01,318.9,0,F,2754.64,10146.64,47.6800499,-122.24730682,G,0,2754.9,10146.81,47.6800499,-122.24730682
6379656,2026-05-31T11:21:03,318.75,0,F,2754.64,10146.64,47.6800499,-122.24730682,G,0,2754.9,10146.81,47.6800499,-122.24730682
6380736,2026-05-31T11:21:04,318.32,0,F,2754.64,10146.21,47.68004608,-122.24730682,G,0,2754.9,10146.38,47.68004608,-122.24730682
6381814,2026-05-31T11:21:05,318.26,0.067,G,2754.64,10146.21,47.68004608,-122.24730682,G,0.0499,2754.9,10146.38,47.68004608,-122.24730682
6382893,2026-05-31T11:21:06,318.65,0.077,G,2754.64,10146.64,47.6800499,-122.24730682,G,0.0574,2754.9,10146.81,47.6800499,-122.24730682
6383958,2026-05-31T11:21:07,318.44,0.051,G,2754.64,10146.64,47.6800499,-122.24730682,G,0.038,2754.9,10146.81,47.6800499,-122.24730682
6385037,2026-05-31T11:21:08,318.84,0,F,2754.64,10146.64,47.6800499,-122.24730682,G,0,2754.9,10146.81,47.6800499,-122.24730682
6386116,2026-05-31T11:21:09,318.54,0.057,G,2754.64,10146.64,47.6800499,-122.24730682,G,0.0425,2754.9,10146.81,47.6800499,-122.24730682
6387172,2026-05-31T11:21:10,318.52,0.072,G,2754.64,10146.64,47.6800499,-122.24730682,G,0.0537,2754.9,10146.81,47.6800499,-122.24730682
6388234,2026-05-31T11:21:11,318.71,0.123,G,2754.64,10146.64,47.6800499,-122.24730682,G,0.0917,2754.9,10146.81,47.6800499,-122.24730682
6389299,2026-05-31T11:21:12,318.98,0.093,G,2754.64,10146.64,47.6800499,-122.24730682,G,0.0693,2754.9,10146.81,47.6800499,-122.24730682
6390353,2026-05-31T11:21:13,319.13,0.093,G,2754.64,10146.64,47.6800499,-122.24730682,G,0.0693,2754.9,10146.81,47.6800499,-122.24730682
6391439,2026-05-31T11:21:14,318.71,0.057,G,2754.64,10146.64,47.6800499,-122.24730682,G,0.0425,2754.9,10146.81,47.6800499,-122.24730682
6392519,2026-05-31T11:21:15,318.55,0.098,G,2754.64,10146.64,47.6800499,-122.24730682,G,0.0731,2754.9,10146.81,47.6800499,-122.24730682
6393582,2026-05-31T11:21:16,318.39,0.118,G,2754.64,10146.64,47.6800499,-122.24730682,G,0.088,2754.9,10146.81,47.6800499,-122.24730682
6394654,2026-05-31T11:21:18,318.43,0.103,G,2754.64,10147.06,47.68005371,-122.24730682,G,0.0768,2754.9,10147.23,47.68005371,-122.24730682
6395728,2026-05-31T11:21:19,318.46,0.082,G,2754.64,10147.06,47.68005371,-122.24730682,G,0.0611,2754.9,10147.23,47.68005371,-122.24730682
6396799,2026-05-31T11:21:20,318.27,0.067,G,2754.64,10147.06,47.68005371,-122.24730682,G,0.0499,2754.9,10147.23,47.68005371,-122.24730682
6397864,2026-05-31T11:21:21,317.91,0,F,2754.64,10147.06,47.68005371,-122.24730682,G,0,2754.9,10147.23,47.68005371,-122.24730682
6398942,2026-05-31T11:21:22,317.94,0,F,2754.64,10147.06,47.68005371,-122.24730682,G,0,2754.9,10147.23,47.68005371,-122.24730682
6400032,2026-05-31T11:21:23,318.16,0.093,G,2754.64,10147.06,47.68005371,-122.24730682,G,0.0693,2754.9,10147.23,47.68005371,-122.24730682
6401111,2026-05-31T11:21:24,318.46,0.067,G,2754.64,10147.06,47.68005371,-122.24730682,G,0.0499,2754.9,10147.23,47.68005371,-122.24730682
6402191,2026-05-31T11:21:25,318.82,0,F,2754.64,10147.49,47.68005753,-122.24730682,G,0,2754.9,10147.66,47.68005753,-122.24730682
6403270,2026-05-31T11:21:26,318.93,0.082,G,2754.64,10147.49,47.68005753,-122.24730682,G,0.0611,2754.9,10147.66,47.68005753,-122.24730682
6404342,2026-05-31T11:21:27,319,0.067,G,2754.64,10147.49,47.68005753,-122.24730682,G,0.0499,2754.9,10147.66,47.68005753,-122.24730682
6405344,2026-05-31T11:21:28,318.95,0,F,2754.64,10147.49,47.68005753,-122.24730682,G,0,2754.9,10147.66,47.68005753,-122.24730682
6406414,2026-05-31T11:21:29,319.14,0.087,G,2754.64,10147.49,47.68005753,-122.24730682,G,0.0649,2754.9,10147.66,47.68005753,-122.24730682
6407495,2026-05-31T11:21:30,319.06,0.154,G,2754.64,10147.49,47.68005753,-122.24730682,G,0.1148,2754.9,10147.66,47.68005753,-122.24730682
6408575,2026-05-31T11:21:31,318.86,0.093,G,2754.64,10147.91,47.68006134,-122.24730682,G,0.0693,2754.9,10148.08,47.68006134,-122.24730682
6409654,2026-05-31T11:21:33,319.09,0.123,G,2754.64,10147.91,47.68006134,-122.24730682,G,0.0917,2754.9,10148.08,47.68006134,-122.24730682
6410733,2026-05-31T11:21:34,319.01,0.129,G,2754.64,10147.91,47.68006134,-122.24730682,G,0.0962,2754.9,10148.08,47.68006134,-122.24730682
6411803,2026-05-31T11:21:35,318.8,0.108,G,2754.64,10147.91,47.68006134,-122.24730682,G,0.0805,2754.9,10148.08,47.68006134,-122.24730682
6412883,2026-05-31T11:21:36,318.79,0.129,G,2754.64,10148.34,47.68006516,-122.24730682,G,0.0962,2754.9,10148.51,47.68006516,-122.24730682
6413972,2026-05-31T11:21:37,319.23,0.129,G,2754.64,10148.34,47.68006516,-122.24730682,G,0.0962,2754.9,10148.51,47.68006516,-122.24730682
6415051,2026-05-31T11:21:38,319.32,0.144,G,2754.64,10148.76,47.68006897,-122.24730682,G,0.1074,2754.9,10148.93,47.68006897,-122.24730682
6416130,2026-05-31T11:21:39,319.65,0.113,G,2754.64,10148.76,47.68006897,-122.24730682,G,0.0842,2754.9,10148.93,47.68006897,-122.24730682
6417209,2026-05-31T11:21:40,319.34,0.149,G,2754.64,10148.76,47.68006897,-122.24730682,G,0.1111,2754.9,10148.93,47.68006897,-122.24730682
6418281,2026-05-31T11:21:41,319.22,0.154,G,2754.64,10148.76,47.68006897,-122.24730682,G,0.1148,2754.9,10148.93,47.68006897,-122.24730682
6419360,2026-05-31T11:21:42,319.47,0.113,G,2754.64,10149.19,47.68007278,-122.24730682,G,0.0842,2754.9,10149.35,47.68007278,-122.24730682
6420440,2026-05-31T11:21:43,319.37,0.134,G,2754.64,10149.19,47.68007278,-122.24730682,G,0.0999,2754.9,10149.35,47.68007278,-122.24730682
6421525,2026-05-31T11:21:44,319.37,0.149,G,2754.64,10149.19,47.68007278,-122.24730682,G,0.1111,2754.9,10149.35,47.68007278,-122.24730682
6422604,2026-05-31T11:21:45,320.73,0.118,G,2754.64,10149.19,47.68007278,-122.24730682,G,0.088,2754.9,10149.35,47.68007278,-122.24730682
6423684,2026-05-31T11:21:47,320.38,0.072,G,2754.64,10149.61,47.6800766,-122.24730682,G,0.0537,2754.9,10149.78,47.6800766,-122.24730682
6424765,2026-05-31T11:21:48,320.66,0,F,2754.64,10149.61,47.6800766,-122.24730682,G,0,2754.9,10149.78,47.6800766,-122.24730682
6425838,2026-05-31T11:21:49,320.46,0.139,G,2754.64,10149.61,47.6800766,-122.24730682,G,0.1036,2754.9,10149.78,47.6800766,-122.24730682
6426917,2026-05-31T11:21:50,320.56,0.113,G,2754.64,10149.61,47.6800766,-122.24730682,G,0.0842,2754.9,10149.78,47.6800766,-122.24730682
6428004,2026-05-31T11:21:51,320.46,0.051,G,2754.64,10149.61,47.6800766,-122.24730682,G,0.038,2754.9,10149.78,47.6800766,-122.24730682
6429074,2026-05-31T11:21:52,319.96,0.057,G,2754.64,10149.61,47.6800766,-122.24730682,G,0.0425,2754.9,10149.78,47.6800766,-122.24730682
6430136,2026-05-31T11:21:53,319.54,0.067,G,2754.64,10149.61,47.6800766,-122.24730682,G,0.0499,2754.9,10149.78,47.6800766,-122.24730682
6431225,2026-05-31T11:21:54,319.76,0.087,G,2753.49,10149.61,47.6800766,-122.24732208,G,0.0649,2753.75,10149.78,47.6800766,-122.24732208
6432304,2026-05-31T11:21:55,320.21,0.159,G,2753.49,10149.61,47.6800766,-122.24732208,G,0.1185,2753.75,10149.78,47.6800766,-122.24732208
6433384,2026-05-31T11:21:56,319.95,0.134,G,2753.49,10149.61,47.6800766,-122.24732208,G,0.0999,2753.75,10149.78,47.6800766,-122.24732208
6434464,2026-05-31T11:21:57,320.04,0.154,G,2753.49,10149.61,47.6800766,-122.24732208,G,0.1148,2753.75,10149.78,47.6800766,-122.24732208
6435567,2026-05-31T11:21:58,319.61,0.113,G,2753.49,10149.19,47.68007278,-122.24732208,G,0.0842,2753.75,10149.35,47.68007278,-122.24732208
6436637,2026-05-31T11:22:00,319.52,0.103,G,2753.49,10149.19,47.68007278,-122.24732208,G,0.0768,2753.75,10149.35,47.68007278,-122.24732208
6437707,2026-05-31T11:22:01,319.04,0.165,G,2753.49,10149.19,47.68007278,-122.24732208,G,0.123,2753.75,10149.35,47.68007278,-122.24732208
6438795,2026-05-31T11:22:02,318.8,0.113,G,2753.49,10148.76,47.68006897,-122.24732208,G,0.0842,2753.75,10148.93,47.68006897,-122.24732208
6439864,2026-05-31T11:22:03,318.7,0.118,G,2753.49,10148.76,47.68006897,-122.24732208,G,0.088,2753.75,10148.93,47.68006897,-122.24732208
6440934,2026-05-31T11:22:04,318.94,0.113,G,2753.49,10148.76,47.68006897,-122.24732208,G,0.0842,2753.75,10148.93,47.68006897,-122.24732208
6442022,2026-05-31T11:22:05,319.76,0.098,G,2753.49,10148.76,47.68006897,-122.24732208,G,0.0731,2753.75,10148.93,47.68006897,-122.24732208
6443108,2026-05-31T11:22:06,320.2,0.093,G,2753.49,10148.76,47.68006897,-122.24732208,G,0.0693,2753.75,10148.93,47.68006897,-122.24732208
6444189,2026-05-31T11:22:07,319.96,0.123,G,2753.49,10148.76,47.68006897,-122.24732208,G,0.0917,2753.75,10148.93,47.68006897,-122.24732208
6445261,2026-05-31T11:22:08,319.93,0.098,G,2753.49,10149.19,47.68007278,-122.24732208,G,0.0731,2753.75,10149.35,47.68007278,-122.24732208
6446340,2026-05-31T11:22:09,320.26,0.093,G,2752.35,10149.19,47.68007278,-122.24733734,G,0.0693,2752.61,10149.35,47.68007278,-122.24733734
6447411,2026-05-31T11:22:10,319.7,0.067,G,2752.35,10149.19,47.68007278,-122.24733734,G,0.0499,2752.61,10149.35,47.68007278,-122.24733734
6448483,2026-05-31T11:22:11,319.7,0,F,2752.35,10149.19,47.68007278,-122.24733734,G,0,2752.61,10149.35,47.68007278,-122.24733734
6449561,2026-05-31T11:22:12,319.75,0,F,2752.35,10149.19,47.68007278,-122.24733734,G,0,2752.61,10149.35,47.68007278,-122.24733734
6450640,2026-05-31T11:22:14,319.71,0.051,G,2752.35,10149.19,47.68007278,-122.24733734,G,0.038,2752.61,10149.35,47.68007278,-122.24733734
6451710,2026-05-31T11:22:15,319.67,0,F,2752.35,10149.19,47.68007278,-122.24733734,G,0,2752.61,10149.35,47.68007278,-122.24733734
6452789,2026-05-31T11:22:16,319.72,0.062,G,2752.35,10149.19,47.68007278,-122.24733734,G,0.0462,2752.61,10149.35,47.68007278,-122.24733734
6453869,2026-05-31T11:22:17,319.41,0.098,G,2753.49,10149.19,47.68007278,-122.24732208,G,0.0731,2753.75,10149.35,47.68007278,-122.24732208
6454950,2026-05-31T11:22:18,319.6,0.134,G,2753.49,10149.19,47.68007278,-122.24732208,G,0.0999,2753.75,10149.35,47.68007278,-122.24732208
6456020,2026-05-31T11:22:19,319.56,0.087,G,2753.49,10149.19,47.68007278,-122.24732208,G,0.0649,2753.75,10149.35,47.68007278,-122.24732208
6457107,2026-05-31T11:22:20,318.96,0.082,G,2753.49,10149.19,47.68007278,-122.24732208,G,0.0611,2753.75,10149.35,47.68007278,-122.24732208
6458179,2026-05-31T11:22:21,319.1,0,F,2753.49,10149.19,47.68007278,-122.24732208,G,0,2753.75,10149.35,47.68007278,-122.24732208
6459241,2026-05-31T11:22:22,319.13,0.057,G,2753.49,10149.19,47.68007278,-122.24732208,G,0.0425,2753.75,10149.35,47.68007278,-122.24732208
6460319,2026-05-31T11:22:23,319.17,0.093,G,2753.49,10149.19,47.68007278,-122.24732208,G,0.0693,2753.75,10149.35,47.68007278,-122.24732208
6461381,2026-05-31T11:22:24,319.34,0,F,2753.49,10149.19,47.68007278,-122.24732208,G,0,2753.75,10149.35,47.68007278,-122.24732208
6462459,2026-05-31T11:22:25,319.63,0,F,2753.49,10149.19,47.68007278,-122.24732208,G,0,2753.75,10149.35,47.68007278,-122.24732208
6463525,2026-05-31T11:22:26,319.37,0.067,G,2753.49,10149.19,47.68007278,-122.24732208,G,0.0499,2753.75,10149.35,47.68007278,-122.24732208
6464604,2026-05-31T11:22:27,319.31,0.103,G,2753.49,10149.19,47.68007278,-122.24732208,G,0.0768,2753.75,10149.35,47.68007278,-122.24732208
6465680,2026-05-31T11:22:29,319.56,0.062,G,2753.49,10148.76,47.68006897,-122.24732208,G,0.0462,2753.75,10148.93,47.68006897,-122.24732208
6466752,2026-05-31T11:22:30,319.6,0.098,G,2753.49,10148.76,47.68006897,-122.24732208,G,0.0731,2753.75,10148.93,47.68006897,-122.24732208
6467822,2026-05-31T11:22:31,319.55,0.098,G,2753.49,10148.76,47.68006897,-122.24732208,G,0.0731,2753.75,10148.93,47.68006897,-122.24732208
6468901,2026-05-31T11:22:32,319.3,0.098,G,2753.49,10149.19,47.68007278,-122.24732208,G,0.0731,2753.75,10149.35,47.68007278,-122.24732208
6469973,2026-05-31T11:22:33,319.22,0.134,G,2753.49,10149.19,47.68007278,-122.24732208,G,0.0999,2753.75,10149.35,47.68007278,-122.24732208
6471052,2026-05-31T11:22:34,319.29,0.108,G,2753.49,10149.61,47.6800766,-122.24732208,G,0.0805,2753.75,10149.78,47.6800766,-122.24732208
6472138,2026-05-31T11:22:35,318.8,0.113,G,2753.49,10149.61,47.6800766,-122.24732208,G,0.0842,2753.75,10149.78,47.6800766,-122.24732208
6473216,2026-05-31T11:22:36,318.86,0.093,G,2753.49,10149.61,47.6800766,-122.24732208,G,0.0693,2753.75,10149.78,47.6800766,-122.24732208
6474286,2026-05-31T11:22:37,318.73,0.051,G,2753.49,10149.61,47.6800766,-122.24732208,G,0.038,2753.75,10149.78,47.6800766,-122.24732208
6475364,2026-05-31T11:22:38,319.15,0,F,2753.49,10149.61,47.6800766,-122.24732208,G,0,2753.75,10149.78,47.6800766,-122.24732208
6476442,2026-05-31T11:22:39,318.6,0.113,G,2753.49,10149.61,47.6800766,-122.24732208,G,0.0842,2753.75,10149.78,47.6800766,-122.24732208
6477513,2026-05-31T11:22:40,318.73,0.113,G,2753.49,10149.61,47.6800766,-122.24732208,G,0.0842,2753.75,10149.78,47.6800766,-122.24732208
6478591,2026-05-31T11:22:41,318.82,0.113,G,2753.49,10149.61,47.6800766,-122.24732208,G,0.0842,2753.75,10149.78,47.6800766,-122.24732208
6479662,2026-05-31T11:22:43,319.09,0.087,G,2753.49,10149.19,47.68007278,-122.24732208,G,0.0649,2753.75,10149.35,47.68007278,-122.24732208
6480732,2026-05-31T11:22:44,319.05,0.093,G,2753.49,10149.19,47.68007278,-122.24732208,G,0.0693,2753.75,10149.35,47.68007278,-122.24732208
6481815,2026-05-31T11:22:45,319.14,0.087,G,2754.64,10149.19,47.68007278,-122.24730682,G,0.0649,2754.9,10149.35,47.68007278,-122.24730682
6482893,2026-05-31T11:22:46,318.93,0.123,G,2754.64,10149.61,47.6800766,-122.24730682,G,0.0917,2754.9,10149.78,47.6800766,-122.24730682
6483975,2026-05-31T11:22:47,319.09,0.144,G,2754.64,10149.61,47.6800766,-122.24730682,G,0.1074,2754.9,10149.78,47.6800766,-122.24730682
6485054,2026-05-31T11:22:48,319.3,0.051,G,2754.64,10149.61,47.6800766,-122.24730682,G,0.038,2754.9,10149.78,47.6800766,-122.24730682
6486126,2026-05-31T11:22:49,319.16,0,F,2754.64,10149.61,47.6800766,-122.24730682,G,0,2754.9,10149.78,47.6800766,-122.24730682
6487212,2026-05-31T11:22:50,319.61,0.057,G,2754.64,10149.61,47.6800766,-122.24730682,G,0.0425,2754.9,10149.78,47.6800766,-122.24730682
6488290,2026-05-31T11:22:51,320.06,0.149,G,2754.64,10149.61,47.6800766,-122.24730682,G,0.1111,2754.9,10149.78,47.6800766,-122.24730682
6489369,2026-05-31T11:22:52,319.59,0.118,G,2754.64,10149.19,47.68007278,-122.24730682,G,0.088,2754.9,10149.35,47.68007278,-122.24730682
6490448,2026-05-31T11:22:53,318.71,0.072,G,2754.64,10149.19,47.68007278,-122.24730682,G,0.0537,2754.9,10149.35,47.68007278,-122.24730682
6491517,2026-05-31T11:22:54,318.85,0.062,G,2754.64,10149.19,47.68007278,-122.24730682,G,0.0462,2754.9,10149.35,47.68007278,-122.24730682
6492595,2026-05-31T11:22:55,318.82,0.082,G,2754.64,10149.19,47.68007278,-122.24730682,G,0.0611,2754.9,10149.35,47.68007278,-122.24730682
6493674,2026-05-31T11:22:57,319.14,0.072,G,2754.64,10149.19,47.68007278,-122.24730682,G,0.0537,2754.9,10149.35,47.68007278,-122.24730682
6494753,2026-05-31T11:22:58,318.88,0.062,G,2754.64,10149.19,47.68007278,-122.24730682,G,0.0462,2754.9,10149.35,47.68007278,-122.24730682
6495755,2026-05-31T11:22:59,319.09,0.057,G,2754.64,10149.19,47.68007278,-122.24730682,G,0.0425,2754.9,10149.35,47.68007278,-122.24730682
6496827,2026-05-31T11:23:00,318.68,0,F,2754.64,10149.19,47.68007278,-122.24730682,G,0,2754.9,10149.35,47.68007278,-122.24730682
6497889,2026-05-31T11:23:01,318.99,0.067,G,2754.64,10149.19,47.68007278,-122.24730682,G,0.0499,2754.9,10149.35,47.68007278,-122.24730682
6498968,2026-05-31T11:23:02,318.67,0.144,G,2755.21,10149.19,47.68007278,-122.24729919,G,0.1074,2755.47,10149.35,47.68007278,-122.24729919
6500047,2026-05-31T11:23:03,318.4,0.118,G,2755.21,10149.61,47.6800766,-122.24729919,G,0.088,2755.47,10149.78,47.6800766,-122.24729919
6501126,2026-05-31T11:23:04,319.16,0.108,G,2755.21,10149.61,47.6800766,-122.24729919,G,0.0805,2755.47,10149.78,47.6800766,-122.24729919
6502222,2026-05-31T11:23:05,318.74,0.123,G,2755.21,10149.61,47.6800766,-122.24729919,G,0.0917,2755.47,10149.78,47.6800766,-122.24729919
6503301,2026-05-31T11:23:06,318.48,0.077,G,2755.21,10149.61,47.6800766,-122.24729919,G,0.0574,2755.47,10149.78,47.6800766,-122.24729919
6504380,2026-05-31T11:23:07,318.33,0.087,G,2755.21,10149.61,47.6800766,-122.24729919,G,0.0649,2755.47,10149.78,47.6800766,-122.24729919
6505459,2026-05-31T11:23:08,317.99,0.098,G,2755.21,10149.61,47.6800766,-122.24729919,G,0.0731,2755.47,10149.78,47.6800766,-122.24729919
6506531,2026-05-31T11:23:09,317.69,0.077,G,2755.21,10149.61,47.6800766,-122.24729919,G,0.0574,2755.47,10149.78,47.6800766,-122.24729919
6507610,2026-05-31T11:23:10,317.78,0.057,G,2755.21,10149.61,47.6800766,-122.24729919,G,0.0425,2755.47,10149.78,47.6800766,-122.24729919
6508689,2026-05-31T11:23:12,318.33,0.082,G,2755.21,10149.61,47.6800766,-122.24729919,G,0.0611,2755.47,10149.78,47.6800766,-122.24729919
6509777,2026-05-31T11:23:13,318.47,0.062,G,2756.36,10149.61,47.6800766,-122.24728394,G,0.0462,2756.61,10149.78,47.6800766,-122.24728394
6510855,2026-05-31T11:23:14,318.87,0.082,G,2756.36,10149.61,47.6800766,-122.24728394,G,0.0611,2756.61,10149.78,47.6800766,-122.24728394
6511927,2026-05-31T11:23:15,318.45,0.098,G,2756.36,10149.19,47.68007278,-122.24728394,G,0.0731,2756.61,10149.35,47.68007278,-122.24728394
6513005,2026-05-31T11:23:16,318.74,0.134,G,2756.36,10149.19,47.68007278,-122.24728394,G,0.0999,2756.61,10149.35,47.68007278,-122.24728394
6514073,2026-05-31T11:23:17,318.34,0.103,G,2755.21,10149.19,47.68007278,-122.24729919,G,0.0768,2755.47,10149.35,47.68007278,-122.24729919
6515152,2026-05-31T11:23:18,318.73,0.057,G,2755.21,10148.76,47.68006897,-122.24729919,G,0.0425,2755.47,10148.93,47.68006897,-122.24729919
6516241,2026-05-31T11:23:19,318.95,0.072,G,2755.21,10148.76,47.68006897,-122.24729919,G,0.0537,2755.47,10148.93,47.68006897,-122.24729919
6517313,2026-05-31T11:23:20,318.81,0.077,G,2755.21,10148.76,47.68006897,-122.24729919,G,0.0574,2755.47,10148.93,47.68006897,-122.24729919
6518391,2026-05-31T11:23:21,319.2,0,F,2755.21,10148.76,47.68006897,-122.24729919,G,0,2755.47,10148.93,47.68006897,-122.24729919
6519463,2026-05-31T11:23:22,318.86,0,F,2755.21,10148.76,47.68006897,-122.24729919,G,0,2755.47,10148.93,47.68006897,-122.24729919
6520541,2026-05-31T11:23:23,318.73,0,F,2755.21,10148.76,47.68006897,-122.24729919,G,0,2755.47,10148.93,47.68006897,-122.24729919
6521620,2026-05-31T11:23:24,319.06,0,F,2755.21,10148.76,47.68006897,-122.24729919,G,0,2755.47,10148.93,47.68006897,-122.24729919
6522692,2026-05-31T11:23:26,318.49,0,F,2755.21,10148.76,47.68006897,-122.24729919,G,0,2755.47,10148.93,47.68006897,-122.24729919
6523752,2026-05-31T11:23:27,318.46,0,F,2755.21,10148.76,47.68006897,-122.24729919,G,0,2755.47,10148.93,47.68006897,-122.24729919
6524831,2026-05-31T11:23:28,318.73,0.077,G,2755.21,10148.76,47.68006897,-122.24729919,G,0.0574,2755.47,10148.93,47.68006897,-122.24729919
6525910,2026-05-31T11:23:29,318.55,0.129,G,2755.21,10148.76,47.68006897,-122.24729919,G,0.0962,2755.47,10148.93,47.68006897,-122.24729919
6526981,2026-05-31T11:23:30,318.49,0.082,G,2755.21,10148.76,47.68006897,-122.24729919,G,0.0611,2755.47,10148.93,47.68006897,-122.24729919
6528059,2026-05-31T11:23:31,318.1,0.077,G,2755.21,10148.76,47.68006897,-122.24729919,G,0.0574,2755.47,10148.93,47.68006897,-122.24729919
6529128,2026-05-31T11:23:32,318.06,0.103,G,2755.21,10148.76,47.68006897,-122.24729919,G,0.0768,2755.47,10148.93,47.68006897,-122.24729919
6530190,2026-05-31T11:23:33,318.15,0.098,G,2755.21,10148.34,47.68006516,-122.24729919,G,0.0731,2755.47,10148.51,47.68006516,-122.24729919
6531257,2026-05-31T11:23:34,318.21,0.067,G,2755.21,10148.34,47.68006516,-122.24729919,G,0.0499,2755.47,10148.51,47.68006516,-122.24729919
6532334,2026-05-31T11:23:35,318.28,0,F,2755.21,10148.34,47.68006516,-122.24729919,G,0,2755.47,10148.51,47.68006516,-122.24729919
6533423,2026-05-31T11:23:36,318.29,0,F,2755.21,10148.34,47.68006516,-122.24729919,G,0,2755.47,10148.51,47.68006516,-122.24729919
6534500,2026-05-31T11:23:37,318.99,0,F,2755.21,10148.34,47.68006516,-122.24729919,G,0,2755.47,10148.51,47.68006516,-122.24729919
6535578,2026-05-31T11:23:38,319.31,0,F,2755.21,10148.34,47.68006516,-122.24729919,G,0,2755.47,10148.51,47.68006516,-122.24729919
6536666,2026-05-31T11:23:40,319.2,0.067,G,2755.21,10148.34,47.68006516,-122.24729919,G,0.0499,2755.47,10148.51,47.68006516,-122.24729919
6537744,2026-05-31T11:23:41,319.24,0.093,G,2755.21,10148.34,47.68006516,-122.24729919,G,0.0693,2755.47,10148.51,47.68006516,-122.24729919
6538823,2026-05-31T11:23:42,318.92,0.082,G,2755.21,10148.34,47.68006516,-122.24729919,G,0.0611,2755.47,10148.51,47.68006516,-122.24729919
6539892,2026-05-31T11:23:43,318.73,0.067,G,2755.21,10148.34,47.68006516,-122.24729919,G,0.0499,2755.47,10148.51,47.68006516,-122.24729919
6540962,2026-05-31T11:23:44,318.59,0.062,G,2755.21,10148.76,47.68006897,-122.24729919,G,0.0462,2755.47,10148.93,47.68006897,-122.24729919
6542036,2026-05-31T11:23:45,318.81,0.062,G,2755.21,10148.34,47.68006516,-122.24729919,G,0.0462,2755.47,10148.51,47.68006516,-122.24729919
6543124,2026-05-31T11:23:46,318.8,0.093,G,2754.64,10148.76,47.68006897,-122.24730682,G,0.0693,2754.9,10148.93,47.68006897,-122.24730682
6544193,2026-05-31T11:23:47,319.23,0.072,G,2754.64,10148.76,47.68006897,-122.24730682,G,0.0537,2754.9,10148.93,47.68006897,-122.24730682
6545272,2026-05-31T11:23:48,319,0,F,2754.64,10148.76,47.68006897,-122.24730682,G,0,2754.9,10148.93,47.68006897,-122.24730682
6546360,2026-05-31T11:23:49,319.1,0,F,2754.64,10148.76,47.68006897,-122.24730682,G,0,2754.9,10148.93,47.68006897,-122.24730682
6547439,2026-05-31T11:23:50,318.75,0,F,2754.64,10148.76,47.68006897,-122.24730682,G,0,2754.9,10148.93,47.68006897,-122.24730682
6548519,2026-05-31T11:23:51,318.82,0.082,G,2754.64,10148.76,47.68006897,-122.24730682,G,0.0611,2754.9,10148.93,47.68006897,-122.24730682
6549597,2026-05-31T11:23:52,318.65,0.098,G,2754.64,10148.76,47.68006897,-122.24730682,G,0.0731,2754.9,10148.93,47.68006897,-122.24730682
6550667,2026-05-31T11:23:54,319.23,0.062,G,2754.64,10148.76,47.68006897,-122.24730682,G,0.0462,2754.9,10148.93,47.68006897,-122.24730682
6551736,2026-05-31T11:23:55,319.63,0.062,G,2755.21,10148.76,47.68006897,-122.24729919,G,0.0462,2755.47,10148.93,47.68006897,-122.24729919
6552824,2026-05-31T11:23:56,319.72,0.077,G,2755.21,10148.76,47.68006897,-122.24729919,G,0.0574,2755.47,10148.93,47.68006897,-122.24729919
6553894,2026-05-31T11:23:57,319.74,0.098,G,2755.21,10148.34,47.68006516,-122.24729919,G,0.0731,2755.47,10148.51,47.68006516,-122.24729919
6554974,2026-05-31T11:23:58,319.97,0.082,G,2755.21,10148.34,47.68006516,-122.24729919,G,0.0611,2755.47,10148.51,47.68006516,-122.24729919
6556081,2026-05-31T11:23:59,320.01,0.082,G,2755.21,10148.34,47.68006516,-122.24729919,G,0.0611,2755.47,10148.51,47.68006516,-122.24729919
6557160,2026-05-31T11:24:00,320.3,0.067,G,2755.21,10148.34,47.68006516,-122.24729919,G,0.0499,2755.47,10148.51,47.68006516,-122.24729919
6558239,2026-05-31T11:24:01,319.8,0.067,G,2755.21,10148.34,47.68006516,-122.24729919,G,0.0499,2755.47,10148.51,47.68006516,-122.24729919
6559309,2026-05-31T11:24:02,319.96,0.077,G,2755.21,10148.76,47.68006897,-122.24729919,G,0.0574,2755.47,10148.93,47.68006897,-122.24729919
6560388,2026-05-31T11:24:03,319.78,0.051,G,2755.21,10148.76,47.68006897,-122.24729919,G,0.038,2755.47,10148.93,47.68006897,-122.24729919
6561456,2026-05-31T11:24:04,320.22,0.087,G,2755.21,10148.76,47.68006897,-122.24729919,G,0.0649,2755.47,10148.93,47.68006897,-122.24729919
6562510,2026-05-31T11:24:05,342.64,0.087,G,2755.21,10148.76,47.68006897,-122.24729919,G,0.0649,2755.47,10148.93,47.68006897,-122.24729919
6563589,2026-05-31T11:24:06,305.73,0.34,G,2755.21,10148.76,47.68006897,-122.24729919,G,0.2535,2755.47,10148.93,47.68006897,-122.24729919
6564668,2026-05-31T11:24:08,298.39,0.304,G,2755.21,10148.34,47.68006516,-122.24729919,G,0.2266,2755.47,10148.51,47.68006516,-122.24729919
6565756,2026-05-31T11:24:09,295.31,0.098,G,2755.21,10148.34,47.68006516,-122.24729919,G,0.0731,2755.47,10148.51,47.68006516,-122.24729919
6566828,2026-05-31T11:24:10,293.84,0.108,G,2755.21,10148.34,47.68006516,-122.24729919,G,0.0805,2755.47,10148.51,47.68006516,-122.24729919
6567907,2026-05-31T11:24:11,293.26,0.288,G,2756.36,10148.34,47.68006516,-122.24728394,G,0.2147,2756.61,10148.51,47.68006516,-122.24728394
6568988,2026-05-31T11:24:12,293.65,0.484,G,2756.35,10147.49,47.68005753,-122.24728394,G,0.3608,2756.61,10147.66,47.68005753,-122.24728394
6570060,2026-05-31T11:24:13,292.97,0.741,G,2756.35,10147.49,47.68005753,-122.24728394,G,0.5524,2756.61,10147.66,47.68005753,-122.24728394
