timestamp_ms,local_time,heading_deg,speed_ms,speed_src,pos_x_m,pos_y_m,lat,lon,pos_src,gps_satellites,gps_hdop,depth_m,water_temp_c,Notes,act_lat,act_lon
153835,2026-08-29T08:16:47,81.98,0.093,G,1833.56,-7595.75,47.52066803,-122.25957489,G,9,1,-0.23,16.56,,,
154877,2026-08-29T08:16:48,76.74,0.067,G,1833.56,-7595.75,47.52066803,-122.25957489,G,9,1,-0.24,16.64,,,
155906,2026-08-29T08:16:49,80.29,0,F,1833.56,-7595.75,47.52066803,-122.25957489,G,9,1,-0.23,16.6,,,
156949,2026-08-29T08:16:50,75.93,0,F,1834.71,-7595.75,47.52066803,-122.25955963,G,9,1,-0.23,16.62,,,
157996,2026-08-29T08:16:51,75.07,0.175,G,1834.71,-7595.75,47.52066803,-122.25955963,G,9,1,-0.24,16.64,,,
159031,2026-08-29T08:16:52,75.01,0.278,G,1834.71,-7596.18,47.52066422,-122.25955963,G,9,1,-0.24,16.63,,,
160078,2026-08-29T08:16:53,77.29,0.247,G,1834.71,-7596.18,47.52066422,-122.25955963,G,9,1,-0.23,16.62,,,
161119,2026-08-29T08:16:54,77.06,0.19,G,1834.71,-7596.18,47.52066422,-122.25955963,G,9,1,-0.24,16.6,,,
162171,2026-08-29T08:16:56,73.39,0.154,G,1834.71,-7596.6,47.5206604,-122.25955963,G,9,1,-0.23,16.6,,,
163229,2026-08-29T08:16:57,74.76,0.123,G,1834.71,-7596.6,47.5206604,-122.25955963,G,9,1,-0.24,16.59,,,
164274,2026-08-29T08:16:58,75.36,0.087,G,1834.71,-7596.6,47.5206604,-122.25955963,G,9,1,-0.24,16.53,,,
165315,2026-08-29T08:16:59,83.58,0.165,G,1834.71,-7597.03,47.52065659,-122.25955963,G,9,1,-0.23,16.58,,,
166359,2026-08-29T08:17:00,85.8,0.082,G,1834.71,-7597.03,47.52065659,-122.25955963,G,9,1,-0.24,16.59,,,
167414,2026-08-29T08:17:01,81.93,0.185,G,1834.71,-7597.45,47.52065277,-122.25955963,G,9,1,-0.24,16.59,,,
168463,2026-08-29T08:17:02,86.23,0.298,G,1834.71,-7597.88,47.52064896,-122.25955963,G,9,1,-0.24,16.56,,,
169516,2026-08-29T08:17:03,83.88,0.252,G,1834.71,-7597.88,47.52064896,-122.25955963,G,9,1,-0.24,16.62,,,
170573,2026-08-29T08:17:04,80.95,0.211,G,1834.71,-7598.3,47.52064514,-122.25955963,G,9,1,-0.24,16.64,,,
171632,2026-08-29T08:17:05,76.17,0.185,G,1835.86,-7598.3,47.52064514,-122.25954437,G,9,1,-0.25,16.58,,,
172688,2026-08-29T08:17:06,75.25,0.262,G,1835.86,-7598.72,47.52064133,-122.25954437,G,9,1,-0.23,16.56,,,
173729,2026-08-29T08:17:07,75.19,0.231,G,1835.86,-7598.72,47.52064133,-122.25954437,G,9,1,-0.24,16.54,,,
174778,2026-08-29T08:17:08,78.91,0.103,G,1835.85,-7598.72,47.52064133,-122.25954437,G,9,1,-0.24,16.62,,,
175810,2026-08-29T08:17:09,82.78,0.108,G,1835.85,-7598.72,47.52064133,-122.25954437,G,9,1,-0.24,16.52,,,
176872,2026-08-29T08:17:10,79.87,0.103,G,1835.85,-7599.15,47.52063751,-122.25954437,G,9,1,-0.24,16.54,,,0.847
177924,2026-08-29T08:17:11,83.89,0,F,1835.85,-7599.15,47.52063751,-122.25954437,G,9,1,-0.23,16.56,,,0.866
178955,2026-08-29T08:17:12,84.97,0.216,G,1835.86,-7599.15,47.52063751,-122.25954437,G,9,1,-0.24,16.49,,,0.873
179971,2026-08-29T08:17:13,83.92,0.268,G,1835.86,-7599.15,47.52063751,-122.25954437,G,9,1,-0.23,16.5,,,0.862
180990,2026-08-29T08:17:14,91.94,0.231,G,1835.86,-7599.57,47.5206337,-122.25954437,G,9,1,-0.23,16.49,,,0.1686
182016,2026-08-29T08:17:15,85.59,0.314,G,1837,-7600,47.52062988,-122.25952911,G,9,1,-0.23,16.49,,,0.195591647331787
183022,2026-08-29T08:17:16,85.41,0.304,G,1837,-7600.42,47.52062607,-122.25952911,G,9,1,-0.23,16.47,,,
184027,2026-08-29T08:17:17,86.46,0.283,G,1837,-7600.42,47.52062607,-122.25952911,G,9,1,-0.23,16.45,,,
185039,2026-08-29T08:17:18,86.41,0.268,G,1837,-7600,47.52062988,-122.25952911,G,9,1,-0.23,16.46,,,
186053,2026-08-29T08:17:19,83.86,0.247,G,1837,-7600,47.52062988,-122.25952911,G,9,1,-0.23,16.42,,,
187081,2026-08-29T08:17:20,83.7,0.113,G,1837,-7600.42,47.52062607,-122.25952911,G,9,1,-0.23,16.49,,,
188087,2026-08-29T08:17:21,80.3,0.062,G,1837,-7600.42,47.52062607,-122.25952911,G,9,1,-0.23,16.42,,,
189092,2026-08-29T08:17:22,78.9,0.139,G,1837,-7600.42,47.52062607,-122.25952911,G,9,1,-0.23,16.45,,,
190121,2026-08-29T08:17:23,76.66,0.242,G,1837,-7600.85,47.52062225,-122.25952911,G,9,1,-0.23,16.41,,,
191139,2026-08-29T08:17:25,79.08,0.211,G,1837,-7600.85,47.52062225,-122.25952911,G,9,1,-0.23,16.41,,,
5131512,2026-08-29T09:39:45,24.34,0,F,1841.06,-7600.22,47.52062607,-122.25947571,E,,,0.12,21.74,,,
5132585,2026-08-29T09:39:46,21.89,0,F,1841.06,-7600.22,47.52062607,-122.25947571,E,,,0.07,21.73,,,
5133654,2026-08-29T09:39:47,23.17,0.181,F,1841.08,-7600.15,47.52062988,-122.25947571,E,,,-0.18,21.72,,,
5134743,2026-08-29T09:39:48,25.36,0.273,F,1841.2,-7599.91,47.52062988,-122.25947571,E,,,-0.24,21.72,,,
5135823,2026-08-29T09:39:49,25.17,0.272,F,1841.32,-7599.64,47.5206337,-122.25946808,E,,,-0.22,21.73,,,
5136911,2026-08-29T09:39:50,27.14,0.303,F,1841.46,-7599.37,47.5206337,-122.25946808,E,,,-0.18,21.71,,,
5137990,2026-08-29T09:39:51,31.54,0.352,F,1841.63,-7599.07,47.52063751,-122.25946808,E,,,-0.17,21.7,,,
5139059,2026-08-29T09:39:52,32.9,0.401,F,1841.85,-7598.74,47.52064133,-122.25946808,E,,,-0.14,21.72,,,
5140145,2026-08-29T09:39:54,29.25,0.445,F,1842.09,-7598.34,47.52064514,-122.25946045,E,,,-0.13,21.73,,,
5141214,2026-08-29T09:39:55,25.68,0.45,F,1842.31,-7597.92,47.52064896,-122.25946045,E,,,-0.07,21.72,,,
5142282,2026-08-29T09:39:56,23.47,0.454,F,1842.51,-7597.48,47.52065277,-122.25945282,E,,,-0.03,21.72,,,
5143351,2026-08-29T09:39:57,22.32,0.501,F,1842.7,-7597.01,47.52065659,-122.25945282,E,,,-0.05,21.74,,,
5144425,2026-08-29T09:39:58,23.09,0.503,F,1842.91,-7596.52,47.5206604,-122.25945282,E,,,-0.08,21.74,,,
5145493,2026-08-29T09:39:59,22.14,0.478,F,1843.11,-7596.05,47.52066422,-122.25944519,E,,,-0.02,21.73,,,
5146576,2026-08-29T09:40:00,21.05,0.444,F,1843.29,-7595.57,47.52066803,-122.25944519,E,,,0.03,21.75,,,
5147645,2026-08-29T09:40:01,21.11,0.477,F,1843.46,-7595.11,47.52067566,-122.25944519,E,,,0.06,21.73,,,
5148734,2026-08-29T09:40:02,22.24,0.511,F,1843.66,-7594.6,47.52067947,-122.25943756,E,,,0.07,21.74,,,
5149815,2026-08-29T09:40:03,23.83,0.523,F,1843.88,-7594.08,47.52068329,-122.25943756,E,,,0.08,21.75,,,
5156089,2026-08-29T09:40:09,24.13,0.525,F,1843.9,-7594.04,47.52068329,-122.25943756,E,,,0.08,21.7,,,
5157120,2026-08-29T09:40:10,21.65,0.573,F,1844.12,-7593.51,47.5206871,-122.25943756,E,,,0.3,21.63,,,
5158202,2026-08-29T09:40:12,18.14,0.576,F,1844.33,-7592.93,47.52069473,-122.25942993,E,,,0.28,21.67,,,
5159272,2026-08-29T09:40:13,16.79,0.585,F,1844.52,-7592.35,47.52069855,-122.25942993,E,,,0.29,21.71,,,
5160359,2026-08-29T09:40:14,17.95,0.558,F,1844.7,-7591.76,47.52070236,-122.25942993,E,,,0.3,21.73,,,
5161443,2026-08-29T09:40:15,20.06,0.569,F,1844.9,-7591.18,47.52070999,-122.2594223,E,,,0.33,21.75,,,
5162518,2026-08-29T09:40:16,19.7,0.592,F,1845.11,-7590.6,47.52071381,-122.2594223,E,,,0.3,21.75,,,
5163597,2026-08-29T09:40:17,20.15,0.606,F,1845.34,-7589.99,47.52072144,-122.25941467,E,,,0.26,21.75,,,
5164664,2026-08-29T09:40:18,19.15,0.603,F,1845.56,-7589.36,47.52072525,-122.25941467,E,,,0.26,21.76,,,
5165732,2026-08-29T09:40:19,17.83,0.602,F,1845.76,-7588.74,47.52073288,-122.25941467,E,,,0.25,21.76,,,
5166801,2026-08-29T09:40:20,18.19,0.615,F,1845.96,-7588.12,47.52073669,-122.25940704,E,,,0.2,21.78,,,
5167873,2026-08-29T09:40:21,17.99,0.611,F,1846.17,-7587.49,47.52074051,-122.25940704,E,,,0.22,21.77,,,
5168941,2026-08-29T09:40:22,18.6,0.595,F,1846.37,-7586.87,47.52074814,-122.25940704,E,,,0.22,21.76,,,
5170022,2026-08-29T09:40:23,19.75,0.594,F,1846.58,-7586.25,47.52075195,-122.25939941,E,,,0.21,21.77,,,
5171112,2026-08-29T09:40:24,17.64,0.606,F,1846.79,-7585.62,47.52075958,-122.25939941,E,,,0.19,21.79,,,
5172199,2026-08-29T09:40:26,14.49,0.6,F,1846.97,-7584.99,47.5207634,-122.25939941,E,,,0.14,21.77,,,
5173278,2026-08-29T09:40:27,11.09,0.597,F,1847.11,-7584.36,47.52077103,-122.25939178,E,,,0.12,21.71,,,
5174365,2026-08-29T09:40:28,8.41,0.566,F,1847.22,-7583.73,47.52077484,-122.25939178,E,,,0.14,21.76,,,
5175434,2026-08-29T09:40:29,7.65,0.494,F,1847.3,-7583.17,47.52078247,-122.25939178,E,,,0.14,21.76,,,
5176520,2026-08-29T09:40:30,9.66,0.478,F,1847.38,-7582.64,47.52078629,-122.25939178,E,,,0.15,21.78,,,
5177589,2026-08-29T09:40:31,12.55,0.486,F,1847.48,-7582.12,47.5207901,-122.25939178,E,,,0.19,21.77,,,
5178678,2026-08-29T09:40:32,16.05,0.534,F,1847.61,-7581.59,47.52079391,-122.25938416,E,,,0.21,21.77,,,
5179762,2026-08-29T09:40:33,18.38,0.553,F,1847.79,-7581.03,47.52080154,-122.25938416,E,,,0.22,21.78,,,
5180831,2026-08-29T09:40:34,16.74,0.554,F,1847.97,-7580.46,47.52080536,-122.25938416,E,,,0.23,21.78,,,
5181920,2026-08-29T09:40:35,15.23,0.565,F,1848.14,-7579.87,47.52080917,-122.25938416,E,,,0.21,21.78,,,
5183002,2026-08-29T09:40:36,16.02,0.561,F,1848.3,-7579.29,47.5208168,-122.25937653,E,,,0.27,21.79,,,
5184071,2026-08-29T09:40:37,17.58,0.603,F,1848.48,-7578.71,47.52082062,-122.25937653,E,,,0.29,21.78,,,
5185160,2026-08-29T09:40:39,18.79,0.655,F,1848.7,-7578.06,47.52082825,-122.25937653,E,,,0.29,21.78,,,
5186239,2026-08-29T09:40:40,17.57,0.681,F,1848.92,-7577.38,47.52083206,-122.2593689,E,,,0.3,21.8,,,
5187328,2026-08-29T09:40:41,16.39,0.692,F,1849.14,-7576.65,47.52083969,-122.2593689,E,,,0.31,21.78,,,
5188408,2026-08-29T09:40:42,14.55,0.731,F,1849.35,-7575.91,47.52084732,-122.25936127,E,,,0.31,21.76,,,
5189477,2026-08-29T09:40:43,14.76,0.763,F,1849.55,-7575.13,47.52085495,-122.25936127,E,,,0.3,21.77,,,
5190564,2026-08-29T09:40:44,16.32,0.753,F,1849.77,-7574.34,47.52085876,-122.25936127,E,,,0.29,21.79,,,
5191646,2026-08-29T09:40:45,16.02,0.758,F,1850,-7573.55,47.52086639,-122.25935364,E,,,0.26,21.8,,,
5192719,2026-08-29T09:40:46,16.48,0.779,F,1850.24,-7572.76,47.52087402,-122.25935364,E,,,0.24,21.79,,,
5193726,2026-08-29T09:40:47,15.78,0.78,F,1850.46,-7572.01,47.52088165,-122.25935364,E,,,0.23,21.78,,,
5194795,2026-08-29T09:40:48,15.55,0.769,F,1850.68,-7571.22,47.52088928,-122.25934601,E,,,0.26,21.78,,,
5195884,2026-08-29T09:40:49,13.78,0.772,F,1850.89,-7570.42,47.52089691,-122.25934601,E,,,0.29,21.79,,,
5196967,2026-08-29T09:40:50,12.33,0.773,F,1851.08,-7569.61,47.52090454,-122.25933838,E,,,0.26,21.8,,,
5198036,2026-08-29T09:40:51,13.15,0.762,F,1851.26,-7568.81,47.52090836,-122.25933838,E,,,0.22,21.79,,,
5199125,2026-08-29T09:40:52,15.25,0.752,F,1851.46,-7568.01,47.52091599,-122.25933838,E,,,0.21,21.79,,,
5200206,2026-08-29T09:40:54,17.71,0.732,F,1851.69,-7567.24,47.52092361,-122.25933075,E,,,0.2,21.8,,,
5201296,2026-08-29T09:40:55,20.27,0.732,F,1851.95,-7566.5,47.52093124,-122.25933075,E,,,0.23,21.81,,,
5202383,2026-08-29T09:40:56,20.13,0.731,F,1852.23,-7565.75,47.52093887,-122.25932312,E,,,0.23,21.79,,,
5203462,2026-08-29T09:40:57,21.25,0.731,F,1852.5,-7565.01,47.52094269,-122.25932312,E,,,0.21,21.73,,,
5204550,2026-08-29T09:40:58,22.09,0.743,F,1852.8,-7564.27,47.52095032,-122.25931549,E,,,0.18,21.78,,,
5205619,2026-08-29T09:40:59,24.47,0.716,F,1853.11,-7563.56,47.52095795,-122.25931549,E,,,0.15,21.78,,,
5206705,2026-08-29T09:41:00,25.76,0.661,F,1853.43,-7562.88,47.52096176,-122.25930786,E,,,0.17,21.79,,,
5207775,2026-08-29T09:41:01,24.96,0.657,F,1853.73,-7562.25,47.52096939,-122.25930786,E,,,0.21,21.79,,,
5208864,2026-08-29T09:41:02,25.22,0.675,F,1854.04,-7561.57,47.52097321,-122.25930023,E,,,0.24,21.79,,,
5209948,2026-08-29T09:41:03,25.91,0.691,F,1854.36,-7560.89,47.52098083,-122.25930023,E,,,0.27,21.8,,,
5211017,2026-08-29T09:41:04,27.75,0.719,F,1854.7,-7560.21,47.52098846,-122.2592926,E,,,0.3,21.79,,,
5212106,2026-08-29T09:41:05,29.55,0.748,F,1855.09,-7559.52,47.52099228,-122.25928497,E,,,0.27,21.79,,,
5213188,2026-08-29T09:41:07,28.72,0.783,F,1855.5,-7558.79,47.52099991,-122.25928497,E,,,0.25,21.8,,,
5214257,2026-08-29T09:41:08,26.51,0.769,F,1855.88,-7558.05,47.52100754,-122.25927734,E,,,0.23,21.79,,,
5215346,2026-08-29T09:41:09,25.4,0.769,F,1856.25,-7557.3,47.52101517,-122.25926971,E,,,0.25,21.79,,,
5216426,2026-08-29T09:41:10,28.29,0.731,F,1856.61,-7556.58,47.52101898,-122.25926971,E,,,0.32,21.8,,,
5217514,2026-08-29T09:41:11,29.73,0.743,F,1857.01,-7555.89,47.52102661,-122.25926208,E,,,0.36,21.78,,,
5218593,2026-08-29T09:41:12,29.2,0.754,F,1857.4,-7555.2,47.52103424,-122.25925446,E,,,0.38,21.77,,,
5219662,2026-08-29T09:41:13,28.95,0.764,F,1857.8,-7554.48,47.52103806,-122.25925446,E,,,0.4,21.78,,,
5220699,2026-08-29T09:41:14,28,0.778,F,1858.18,-7553.78,47.52104568,-122.25924683,E,,,0.39,21.73,,,
5221743,2026-08-29T09:41:15,29.51,0.8,F,1858.58,-7553.06,47.52105331,-122.2592392,E,,,0.38,21.77,,,
5222816,2026-08-29T09:41:16,32.11,0.795,F,1859.01,-7552.32,47.52105713,-122.2592392,E,,,0.34,21.79,,,
5223903,2026-08-29T09:41:17,34.96,0.788,F,1859.49,-7551.6,47.52106476,-122.25923157,E,,,0.35,21.78,,,
5224987,2026-08-29T09:41:18,33.82,0.798,F,1859.98,-7550.9,47.52107239,-122.25922394,E,,,0.36,21.8,,,
5226054,2026-08-29T09:41:19,31.98,0.781,F,1860.43,-7550.19,47.5210762,-122.25921631,E,,,0.31,21.79,,,
5227122,2026-08-29T09:41:20,30.98,0.755,F,1860.86,-7549.49,47.52108383,-122.25920868,E,,,0.28,21.79,,,
5228191,2026-08-29T09:41:22,30.68,0.793,F,1861.28,-7548.78,47.52109146,-122.25920868,E,,,0.29,21.81,,,
5229263,2026-08-29T09:41:23,32.26,0.818,F,1861.73,-7548.05,47.52109528,-122.25920105,E,,,0.31,21.8,,,
5230331,2026-08-29T09:41:24,30.67,0.836,F,1862.2,-7547.29,47.52110291,-122.25919342,E,,,0.33,21.79,,,
5231412,2026-08-29T09:41:25,28.32,0.818,F,1862.64,-7546.51,47.52111053,-122.25918579,E,,,0.32,21.8,,,
5232502,2026-08-29T09:41:26,27.49,0.776,F,1863.04,-7545.74,47.52111816,-122.25918579,E,,,0.32,21.81,,,
5233589,2026-08-29T09:41:27,28.5,0.747,F,1863.43,-7545,47.52112579,-122.25917816,E,,,0.36,21.79,,,
5234668,2026-08-29T09:41:28,29.78,0.787,F,1863.82,-7544.28,47.52112961,-122.25917053,E,,,0.28,21.73,,,
5235756,2026-08-29T09:41:29,31.31,0.796,F,1864.27,-7543.54,47.52113724,-122.2591629,E,,,0.15,21.78,,,
5236825,2026-08-29T09:41:30,29.92,0.752,F,1864.7,-7542.83,47.52114487,-122.2591629,E,,,0.09,21.77,,,
5237911,2026-08-29T09:41:31,26.71,0.691,F,1865.07,-7542.15,47.52114868,-122.25915527,E,,,0.11,21.79,,,
5238980,2026-08-29T09:41:32,25.3,0.623,F,1865.37,-7541.52,47.52115631,-122.25914764,E,,,0.19,21.78,,,
5240069,2026-08-29T09:41:33,25.39,0.628,F,1865.65,-7540.9,47.52116013,-122.25914764,E,,,0.27,21.79,,,
5241153,2026-08-29T09:41:35,26.57,0.674,F,1865.96,-7540.27,47.52116776,-122.25914001,E,,,0.3,21.79,,,
5242222,2026-08-29T09:41:36,26.78,0.711,F,1866.29,-7539.62,47.52117157,-122.25914001,E,,,0.35,21.78,,,
5243311,2026-08-29T09:41:37,28.2,0.73,F,1866.65,-7538.93,47.5211792,-122.25913239,E,,,0.4,21.78,,,
5244393,2026-08-29T09:41:38,27.48,0.772,F,1867.04,-7538.21,47.52118683,-122.25913239,E,,,0.44,21.8,,,
5245462,2026-08-29T09:41:39,26.3,0.79,F,1867.41,-7537.47,47.52119064,-122.25912476,E,,,0.46,21.78,,,
5246551,2026-08-29T09:41:40,25.98,0.826,F,1867.8,-7536.67,47.52119827,-122.25911713,E,,,0.45,21.79,,,
5247631,2026-08-29T09:41:41,25.56,0.825,F,1868.19,-7535.88,47.5212059,-122.25911713,E,,,0.44,21.8,,,
5248719,2026-08-29T09:41:42,25.8,0.851,F,1868.58,-7535.06,47.52121353,-122.2591095,E,,,0.46,21.78,,,
5249798,2026-08-29T09:41:43,25.97,0.857,F,1868.99,-7534.22,47.52122116,-122.25910187,E,,,0.48,21.76,,,
5250867,2026-08-29T09:41:44,25.16,0.862,F,1869.38,-7533.39,47.52122879,-122.25909424,E,,,0.49,21.77,,,
5251939,2026-08-29T09:41:45,23.44,0.879,F,1869.77,-7532.54,47.52123642,-122.25909424,E,,,0.52,21.79,,,
5253014,2026-08-29T09:41:46,23.43,0.877,F,1870.15,-7531.67,47.52124405,-122.25908661,E,,,0.54,21.79,,,
5254096,2026-08-29T09:41:47,21.64,0.889,F,1870.51,-7530.79,47.52125168,-122.25907898,E,,,0.53,21.79,,,
5255165,2026-08-29T09:41:49,19.35,0.901,F,1870.85,-7529.9,47.52125931,-122.25907898,E,,,0.46,21.78,,,
5256249,2026-08-29T09:41:50,18.15,0.906,F,1871.17,-7528.99,47.52126694,-122.25907135,E,,,0.37,21.79,,,
5257318,2026-08-29T09:41:51,17.18,0.899,F,1871.46,-7528.08,47.52127457,-122.25907135,E,,,0.33,21.78,,,
5258407,2026-08-29T09:41:52,15.9,0.873,F,1871.74,-7527.15,47.52128601,-122.25906372,E,,,0.31,21.78,,,
5259489,2026-08-29T09:41:53,15.08,0.843,F,1871.99,-7526.25,47.52129364,-122.25906372,E,,,0.32,21.79,,,
5260558,2026-08-29T09:41:54,13.93,0.839,F,1872.22,-7525.37,47.52130127,-122.25906372,E,,,0.3,21.78,,,
5261647,2026-08-29T09:41:55,13.62,0.83,F,1872.43,-7524.47,47.5213089,-122.25905609,E,,,0.3,21.78,,,
5262727,2026-08-29T09:41:56,13.97,0.815,F,1872.64,-7523.62,47.52131653,-122.25905609,E,,,0.27,21.79,,,
5263814,2026-08-29T09:41:57,13.65,0.818,F,1872.85,-7522.77,47.52132416,-122.25904846,E,,,0.26,21.78,,,
5264903,2026-08-29T09:41:58,12.54,0.819,F,1873.05,-7521.92,47.52133179,-122.25904846,E,,,0.25,21.79,,,
5265990,2026-08-29T09:41:59,12.58,0.804,F,1873.25,-7521.06,47.52133942,-122.25904846,E,,,0.22,21.78,,,
5267059,2026-08-29T09:42:00,13.2,0.785,F,1873.43,-7520.23,47.52134705,-122.25904083,E,,,0.17,21.77,,,
5268148,2026-08-29T09:42:02,14.49,0.765,F,1873.64,-7519.4,47.52135468,-122.25904083,E,,,0.14,21.78,,,
5269233,2026-08-29T09:42:03,16.3,0.752,F,1873.86,-7518.6,47.5213623,-122.25904083,E,,,0.12,21.79,,,
5270302,2026-08-29T09:42:04,18.81,0.675,F,1874.08,-7517.86,47.52136612,-122.2590332,E,,,0.16,21.78,,,
5271391,2026-08-29T09:42:05,20.29,0.708,F,1874.33,-7517.17,47.52137375,-122.2590332,E,,,0.15,21.78,,,
5272474,2026-08-29T09:42:06,24.09,0.7,F,1874.61,-7516.46,47.52138138,-122.25902557,E,,,0.07,21.79,,,
5273543,2026-08-29T09:42:07,29,0.655,F,1874.95,-7515.81,47.52138519,-122.25902557,E,,,0.22,21.78,,,
5274632,2026-08-29T09:42:08,31.46,0.692,F,1875.32,-7515.17,47.52139282,-122.25901794,E,,,0.28,21.78,,,
5275713,2026-08-29T09:42:09,29.85,0.704,F,1875.7,-7514.53,47.52139664,-122.25901031,E,,,0.32,21.79,,,
5276803,2026-08-29T09:42:10,26.82,0.739,F,1876.07,-7513.84,47.52140427,-122.25901031,E,,,0.34,21.8,,,
5277890,2026-08-29T09:42:11,27.12,0.751,F,1876.43,-7513.12,47.5214119,-122.25900269,E,,,0.36,21.78,,,
5278969,2026-08-29T09:42:12,27.87,0.749,F,1876.8,-7512.42,47.52141571,-122.25900269,E,,,0.41,21.72,,,
5280057,2026-08-29T09:42:13,28.73,0.783,F,1877.2,-7511.68,47.52142334,-122.25899506,E,,,0.45,21.77,,,
5281114,2026-08-29T09:42:14,28.59,0.8,F,1877.6,-7510.94,47.52143097,-122.25898743,E,,,0.47,21.77,,,
5282200,2026-08-29T09:42:16,27.96,0.818,F,1878.02,-7510.15,47.5214386,-122.2589798,E,,,0.44,21.78,,,
5283269,2026-08-29T09:42:17,28.03,0.834,F,1878.43,-7509.37,47.52144241,-122.2589798,E,,,0.39,21.77,,,
5284361,2026-08-29T09:42:18,27.91,0.857,F,1878.86,-7508.56,47.52145004,-122.25897217,E,,,0.37,21.77,,,
5285445,2026-08-29T09:42:19,27.99,0.847,F,1879.3,-7507.76,47.52145767,-122.25896454,E,,,0.36,21.78,,,
5286515,2026-08-29T09:42:20,27.27,0.856,F,1879.72,-7506.96,47.5214653,-122.25895691,E,,,0.33,21.77,,,
5287604,2026-08-29T09:42:21,27.18,0.859,F,1880.14,-7506.13,47.52147293,-122.25895691,E,,,0.3,21.77,,,
5288686,2026-08-29T09:42:22,26.69,0.833,F,1880.56,-7505.31,47.52148056,-122.25894928,E,,,0.26,21.78,,,
5289755,2026-08-29T09:42:23,26.8,0.82,F,1880.95,-7504.52,47.52148819,-122.25894165,E,,,0.24,21.77,,,
5290844,2026-08-29T09:42:24,26.98,0.795,F,1881.35,-7503.76,47.52149582,-122.25894165,E,,,0.27,21.78,,,
5291924,2026-08-29T09:42:25,27.29,0.789,F,1881.74,-7503,47.52149963,-122.25893402,E,,,0.3,21.78,,,
5293012,2026-08-29T09:42:26,27.51,0.797,F,1882.14,-7502.23,47.52150726,-122.25892639,E,,,0.32,21.77,,,
5294091,2026-08-29T09:42:27,27.93,0.804,F,1882.54,-7501.45,47.52151489,-122.25891876,E,,,0.3,21.75,,,
5295160,2026-08-29T09:42:29,27.72,0.784,F,1882.94,-7500.71,47.52152252,-122.25891876,E,,,0.3,21.76,,,
5296246,2026-08-29T09:42:30,27.29,0.795,F,1883.33,-7499.96,47.52153015,-122.25891113,E,,,0.3,21.77,,,
5297315,2026-08-29T09:42:31,27.01,0.792,F,1883.72,-7499.21,47.52153397,-122.2589035,E,,,0.31,21.77,,,
5298383,2026-08-29T09:42:32,27.11,0.818,F,1884.11,-7498.43,47.5215416,-122.2589035,E,,,0.32,21.76,,,
5299452,2026-08-29T09:42:33,26.84,0.808,F,1884.51,-7497.65,47.52154922,-122.25889587,E,,,0.31,21.78,,,
5300526,2026-08-29T09:42:34,26.51,0.8,F,1884.9,-7496.87,47.52155685,-122.25888824,E,,,0.27,21.77,,,
5301594,2026-08-29T09:42:35,26,0.796,F,1885.27,-7496.1,47.52156448,-122.25888824,E,,,0.26,21.77,,,
5302677,2026-08-29T09:42:36,25.66,0.79,F,1885.65,-7495.32,47.5215683,-122.25888062,E,,,0.23,21.77,,,
5303746,2026-08-29T09:42:37,26.29,0.775,F,1886.01,-7494.57,47.52157593,-122.25887299,E,,,0.22,21.77,,,
5304835,2026-08-29T09:42:38,27.21,0.76,F,1886.39,-7493.83,47.52158356,-122.25887299,E,,,0.21,21.77,,,
5305916,2026-08-29T09:42:39,28.74,0.763,F,1886.78,-7493.09,47.52159119,-122.25886536,E,,,0.21,21.77,,,
5307006,2026-08-29T09:42:40,30.42,0.762,F,1887.19,-7492.35,47.521595,-122.25885773,E,,,0.19,21.79,,,
5308093,2026-08-29T09:42:41,34.51,0.763,F,1887.64,-7491.65,47.52160263,-122.25885773,E,,,0.21,21.77,,,
5309172,2026-08-29T09:42:43,34.65,0.754,F,1888.11,-7490.97,47.52161026,-122.2588501,E,,,0.2,21.7,,,
5310260,2026-08-29T09:42:44,32.23,0.747,F,1888.56,-7490.28,47.52161407,-122.25884247,E,,,0.27,21.76,,,
5311337,2026-08-29T09:42:45,30.48,0.757,F,1888.98,-7489.59,47.5216217,-122.25883484,E,,,0.32,21.75,,,
5312424,2026-08-29T09:42:46,28.11,0.789,F,1889.39,-7488.86,47.52162933,-122.25883484,E,,,0.32,21.77,,,
5313494,2026-08-29T09:42:47,26.64,0.802,F,1889.78,-7488.1,47.52163696,-122.25882721,E,,,0.34,21.77,,,
5314565,2026-08-29T09:42:48,25.05,0.824,F,1890.16,-7487.31,47.52164078,-122.25881958,E,,,0.35,21.79,,,
5315639,2026-08-29T09:42:49,23.62,0.839,F,1890.53,-7486.5,47.52164841,-122.25881958,E,,,0.33,21.78,,,
5316707,2026-08-29T09:42:50,22.01,0.85,F,1890.88,-7485.67,47.52165604,-122.25881195,E,,,0.32,21.77,,,
5317790,2026-08-29T09:42:51,20.56,0.868,F,1891.22,-7484.79,47.52166367,-122.25880432,E,,,0.26,21.78,,,
5318859,2026-08-29T09:42:52,18.66,0.872,F,1891.53,-7483.91,47.5216713,-122.25880432,E,,,0.25,21.78,,,
5319948,2026-08-29T09:42:53,17.34,0.842,F,1891.82,-7483.02,47.52167892,-122.25879669,E,,,0.24,21.78,,,
5321029,2026-08-29T09:42:54,15.38,0.822,F,1892.08,-7482.17,47.52168655,-122.25879669,E,,,0.23,21.79,,,
5322119,2026-08-29T09:42:55,12.78,0.82,F,1892.29,-7481.31,47.52169418,-122.25878906,E,,,0.22,21.8,,,
5323199,2026-08-29T09:42:57,11.07,0.819,F,1892.47,-7480.44,47.52170563,-122.25878906,E,,,0.2,21.79,,,
5324278,2026-08-29T09:42:58,11.92,0.805,F,1892.64,-7479.57,47.52171326,-122.25878906,E,,,0.19,21.72,,,
5325366,2026-08-29T09:42:59,12.5,0.794,F,1892.83,-7478.72,47.52172089,-122.25878906,E,,,0.24,21.77,,,
5326435,2026-08-29T09:43:00,12.61,0.779,F,1893.01,-7477.9,47.52172852,-122.25878143,E,,,0.27,21.77,,,
5327521,2026-08-29T09:43:01,11.6,0.79,F,1893.19,-7477.05,47.52173615,-122.25878143,E,,,0.25,21.78,,,
5328590,2026-08-29T09:43:02,9.96,0.777,F,1893.35,-7476.23,47.52173996,-122.25878143,E,,,0.25,21.78,,,
5329679,2026-08-29T09:43:03,8.53,0.763,F,1893.48,-7475.41,47.52174759,-122.2587738,E,,,0.23,21.78,,,
5330763,2026-08-29T09:43:04,7.6,0.74,F,1893.59,-7474.62,47.52175522,-122.2587738,E,,,0.22,21.79,,,
5331832,2026-08-29T09:43:05,7.47,0.768,F,1893.69,-7473.83,47.52176285,-122.2587738,E,,,0.22,21.78,,,
5332921,2026-08-29T09:43:06,8.01,0.756,F,1893.8,-7473.01,47.52177048,-122.2587738,E,,,0.2,21.78,,,
5334003,2026-08-29T09:43:07,8.5,0.776,F,1893.92,-7472.19,47.52177811,-122.2587738,E,,,0.17,21.79,,,
5335072,2026-08-29T09:43:08,8.47,0.766,F,1894.04,-7471.37,47.52178574,-122.25876617,E,,,0.17,21.78,,,
5336161,2026-08-29T09:43:10,9.95,0.767,F,1894.17,-7470.54,47.52179337,-122.25876617,E,,,0.16,21.79,,,
5337241,2026-08-29T09:43:11,12.46,0.769,F,1894.33,-7469.72,47.52180099,-122.25876617,E,,,0.14,21.8,,,
5338329,2026-08-29T09:43:12,14.91,0.754,F,1894.53,-7468.92,47.52180862,-122.25876617,E,,,0.15,21.78,,,
5339408,2026-08-29T09:43:13,17.24,0.748,F,1894.76,-7468.14,47.52181625,-122.25875854,E,,,0.17,21.76,,,
5340477,2026-08-29T09:43:14,17.71,0.733,F,1894.99,-7467.39,47.52182007,-122.25875854,E,,,0.17,21.77,,,
5341563,2026-08-29T09:43:15,20.72,0.749,F,1895.25,-7466.65,47.5218277,-122.25875092,E,,,0.17,21.79,,,
5342625,2026-08-29T09:43:16,22.32,0.76,F,1895.56,-7465.9,47.52183533,-122.25875092,E,,,0.05,21.79,,,
5343699,2026-08-29T09:43:17,29.79,0.709,F,1895.91,-7465.19,47.52183914,-122.25874329,E,,,0.15,21.79,,,
5344779,2026-08-29T09:43:18,32.69,0.689,F,1896.31,-7464.55,47.52184677,-122.25873566,E,,,0.25,21.79,,,
5345848,2026-08-29T09:43:19,30.55,0.692,F,1896.69,-7463.93,47.52185059,-122.25873566,E,,,0.31,21.78,,,
5346932,2026-08-29T09:43:20,30.02,0.715,F,1897.08,-7463.25,47.52185822,-122.25872803,E,,,0.32,21.8,,,
5348020,2026-08-29T09:43:21,31.06,0.735,F,1897.48,-7462.57,47.52186584,-122.2587204,E,,,0.34,21.81,,,
5349091,2026-08-29T09:43:22,33.92,0.752,F,1897.9,-7461.9,47.52186966,-122.2587204,E,,,0.36,21.8,,,
5350160,2026-08-29T09:43:24,32.96,0.79,F,1898.36,-7461.22,47.52187729,-122.25871277,E,,,0.35,21.79,,,
5351249,2026-08-29T09:43:25,30.62,0.812,F,1898.82,-7460.47,47.52188492,-122.25870514,E,,,0.33,21.79,,,
5352329,2026-08-29T09:43:26,27.29,0.799,F,1899.24,-7459.7,47.52188873,-122.25869751,E,,,0.35,21.81,,,
5353417,2026-08-29T09:43:27,25.23,0.804,F,1899.63,-7458.91,47.52189636,-122.25869751,E,,,0.36,21.79,,,
5354496,2026-08-29T09:43:28,24.56,0.81,F,1899.99,-7458.12,47.52190399,-122.25868988,E,,,0.37,21.77,,,
5355565,2026-08-29T09:43:29,23.57,0.816,F,1900.35,-7457.33,47.52191162,-122.25868225,E,,,0.38,21.78,,,
5356651,2026-08-29T09:43:30,22.42,0.844,F,1900.7,-7456.49,47.52191925,-122.25868225,E,,,0.35,21.8,,,
5357720,2026-08-29T09:43:31,20.94,0.84,F,1901.04,-7455.65,47.52192688,-122.25867462,E,,,0.34,21.79,,,
5358788,2026-08-29T09:43:32,19.85,0.852,F,1901.35,-7454.82,47.52193451,-122.25867462,E,,,0.34,21.8,,,
5359857,2026-08-29T09:43:33,18.13,0.834,F,1901.64,-7453.98,47.52194214,-122.25866699,E,,,0.37,21.81,,,
5360931,2026-08-29T09:43:34,16.78,0.833,F,1901.91,-7453.13,47.52194977,-122.25866699,E,,,0.39,21.81,,,
5361999,2026-08-29T09:43:35,15.4,0.847,F,1902.16,-7452.26,47.5219574,-122.25865936,E,,,0.39,21.8,,,
5363081,2026-08-29T09:43:36,14.12,0.841,F,1902.39,-7451.39,47.52196503,-122.25865936,E,,,0.41,21.81,,,
5364150,2026-08-29T09:43:38,13.07,0.84,F,1902.6,-7450.51,47.52197266,-122.25865173,E,,,0.41,21.8,,,
5365239,2026-08-29T09:43:39,11.16,0.832,F,1902.78,-7449.61,47.52198029,-122.25865173,E,,,0.43,21.8,,,
5366320,2026-08-29T09:43:40,14.33,0.872,F,1902.97,-7448.71,47.52198792,-122.25865173,E,,,0.4,21.81,,,
5367390,2026-08-29T09:43:41,20.62,0.873,F,1903.26,-7447.82,47.52199554,-122.2586441,E,,,0.27,21.8,,,
5368479,2026-08-29T09:43:42,25.96,0.867,F,1903.64,-7446.94,47.52200317,-122.2586441,E,,,0.15,21.8,,,
5369576,2026-08-29T09:43:43,29.75,0.811,F,1904.07,-7446.14,47.5220108,-122.25863647,E,,,0.14,21.74,,,
5370646,2026-08-29T09:43:44,31.7,0.773,F,1904.5,-7445.4,47.52201843,-122.25862885,E,,,0.11,21.78,,,
5371710,2026-08-29T09:43:45,36.83,0.738,F,1904.96,-7444.75,47.52202606,-122.25862122,E,,,0.28,21.77,,,
5372797,2026-08-29T09:43:46,38.1,0.735,F,1905.45,-7444.12,47.52202988,-122.25862122,E,,,0.36,21.8,,,
5373865,2026-08-29T09:43:47,41.2,0.751,F,1905.95,-7443.49,47.52203751,-122.25861359,E,,,0.39,21.8,,,
5374943,2026-08-29T09:43:48,43.87,0.773,F,1906.5,-7442.88,47.52204132,-122.25860596,E,,,0.39,21.82,,,
5376016,2026-08-29T09:43:49,44.42,0.788,F,1907.1,-7442.28,47.52204514,-122.25859833,E,,,0.38,21.81,,,
5377085,2026-08-29T09:43:50,41.63,0.813,F,1907.69,-7441.66,47.52205276,-122.2585907,E,,,0.34,21.81,,,
5378168,2026-08-29T09:43:52,40.6,0.843,F,1908.28,-7440.97,47.52205658,-122.25858307,E,,,0.31,21.82,,,
5379237,2026-08-29T09:43:53,37.84,0.827,F,1908.84,-7440.29,47.52206421,-122.25857544,E,,,0.32,21.81,,,
5380326,2026-08-29T09:43:54,37.48,0.837,F,1909.4,-7439.57,47.52207184,-122.25856781,E,,,0.32,21.81,,,
5381407,2026-08-29T09:43:55,36.21,0.847,F,1909.94,-7438.83,47.52207947,-122.25856018,E,,,0.31,21.82,,,
5382497,2026-08-29T09:43:56,35.36,0.838,F,1910.48,-7438.09,47.52208328,-122.25855255,E,,,0.3,21.83,,,
5383584,2026-08-29T09:43:57,34.99,0.831,F,1911,-7437.35,47.52209091,-122.25854492,E,,,0.32,21.81,,,
5384663,2026-08-29T09:43:58,33.58,0.842,F,1911.51,-7436.6,47.52209854,-122.25853729,E,,,0.29,21.75,,,
5385751,2026-08-29T09:43:59,31.75,0.849,F,1912,-7435.83,47.52210617,-122.25852966,E,,,0.21,21.8,,,
5386820,2026-08-29T09:44:00,35.79,0.802,F,1912.48,-7435.09,47.52210999,-122.25852203,E,,,0.13,21.8,,,
5387906,2026-08-29T09:44:01,33.25,0.793,F,1912.97,-7434.37,47.52211761,-122.2585144,E,,,0.11,21.81,,,
5388975,2026-08-29T09:44:02,33.22,0.764,F,1913.43,-7433.69,47.52212524,-122.2585144,E,,,0.09,21.81,,,
5390064,2026-08-29T09:44:03,38.1,0.71,F,1913.9,-7433.03,47.52212906,-122.25850677,E,,,0.23,21.81,,,
5391148,2026-08-29T09:44:05,37.66,0.69,F,1914.36,-7432.45,47.52213669,-122.25849915,E,,,0.27,21.82,,,
5392217,2026-08-29T09:44:06,35.3,0.717,F,1914.81,-7431.83,47.5221405,-122.25849152,E,,,0.19,21.81,,,
5393306,2026-08-29T09:44:07,35.44,0.696,F,1915.25,-7431.21,47.52214432,-122.25848389,E,,,0.23,21.81,,,
5394388,2026-08-29T09:44:08,36.28,0.708,F,1915.69,-7430.59,47.52215195,-122.25848389,E,,,0.22,21.82,,,
5395457,2026-08-29T09:44:09,33.46,0.734,F,1916.12,-7429.97,47.52215576,-122.25847626,E,,,0.22,21.81,,,
5396547,2026-08-29T09:44:10,32.1,0.745,F,1916.56,-7429.28,47.52216339,-122.25846863,E,,,0.17,21.82,,,
5397627,2026-08-29T09:44:11,31.45,0.752,F,1916.99,-7428.59,47.52217102,-122.258461,E,,,0.12,21.82,,,
5398715,2026-08-29T09:44:12,31.37,0.726,F,1917.41,-7427.9,47.52217484,-122.258461,E,,,0.09,21.81,,,
5399794,2026-08-29T09:44:13,30.77,0.546,F,1917.76,-7427.3,47.52218246,-122.25845337,E,,,0.16,21.79,,,
5400858,2026-08-29T09:44:14,32.78,0.383,F,1918.01,-7426.89,47.52218628,-122.25845337,E,,,0.24,21.8,,,
5401917,2026-08-29T09:44:15,31.85,0.281,F,1918.21,-7426.59,47.52218628,-122.25844574,E,,,0.4,21.82,,,
5402993,2026-08-29T09:44:16,34.33,0.197,F,1918.34,-7426.38,47.52219009,-122.25844574,E,,,0.52,21.82,,,
5404062,2026-08-29T09:44:17,32,0.22,F,1918.47,-7426.19,47.52219009,-122.25844574,E,,,0.42,21.81,,,
5405153,2026-08-29T09:44:19,27.26,0.181,F,1918.57,-7426,47.52219391,-122.25844574,E,,,0.33,21.81,,,
5406237,2026-08-29T09:44:20,21.99,0.126,F,1918.64,-7425.85,47.52219391,-122.25843811,E,,,0.25,21.82,,,
5407306,2026-08-29T09:44:21,22.92,0.1,F,1918.69,-7425.73,47.52219391,-122.25843811,E,,,0.19,21.82,Pause at buoy,,
5408395,2026-08-29T09:44:22,23.27,0,F,1918.69,-7425.73,47.52219391,-122.25843811,E,,,0.15,21.82,,,
5409477,2026-08-29T09:44:23,31.38,0,F,1918.69,-7425.73,47.52219391,-122.25843811,E,,,0.14,21.82,,,
5410546,2026-08-29T09:44:24,51.17,0,F,1918.69,-7425.73,47.52219391,-122.25843811,E,,,0.16,21.81,,,
5411635,2026-08-29T09:44:25,85.61,0,F,1918.69,-7425.73,47.52219391,-122.25843811,E,,,0.09,21.81,,,
5412715,2026-08-29T09:44:26,67.1,0,F,1918.69,-7425.73,47.52219391,-122.25843811,E,,,-0.06,21.82,,,
5413803,2026-08-29T09:44:27,58.23,0,F,1918.69,-7425.73,47.52219391,-122.25843811,E,,,-0.18,21.8,,,
5414882,2026-08-29T09:44:28,67.27,0,F,1918.69,-7425.73,47.52219391,-122.25843811,E,,,-0.21,21.79,,,
5415951,2026-08-29T09:44:29,76.67,0,F,1918.69,-7425.73,47.52219391,-122.25843811,E,,,-0.21,21.79,,,
5417037,2026-08-29T09:44:30,69.84,0,F,1918.69,-7425.73,47.52219391,-122.25843811,E,,,-0.19,21.81,,,
5418106,2026-08-29T09:44:31,72.9,0,F,1918.69,-7425.73,47.52219391,-122.25843811,E,,,-0.23,21.8,,,
5419174,2026-08-29T09:44:33,78.64,0.123,F,1918.75,-7425.71,47.52219391,-122.25843811,E,,,-0.2,21.81,,,
5420243,2026-08-29T09:44:34,74.91,0,F,1918.81,-7425.71,47.52219391,-122.25843811,E,,,-0.17,21.82,,,
5421317,2026-08-29T09:44:35,74.07,0,F,1918.81,-7425.71,47.52219391,-122.25843811,E,,,-0.22,21.82,,,
5422385,2026-08-29T09:44:36,81.17,0,F,1918.81,-7425.71,47.52219391,-122.25843811,E,,,-0.22,21.81,,,
5423468,2026-08-29T09:44:37,75.48,0,F,1918.81,-7425.71,47.52219391,-122.25843811,E,,,-0.24,21.82,,,
5424537,2026-08-29T09:44:38,74.77,0,F,1918.81,-7425.71,47.52219391,-122.25843811,E,,,-0.25,21.81,,,
5425626,2026-08-29T09:44:39,68.11,0,F,1918.81,-7425.71,47.52219391,-122.25843811,E,,,-0.26,21.81,,,
5426707,2026-08-29T09:44:40,62.52,0,F,1918.81,-7425.71,47.52219391,-122.25843811,E,,,-0.24,21.82,,,
5427797,2026-08-29T09:44:41,59.9,0,F,1918.81,-7425.71,47.52219391,-122.25843811,E,,,-0.2,21.83,,,
5428884,2026-08-29T09:44:42,65.81,0,F,1918.81,-7425.71,47.52219391,-122.25843811,E,,,-0.19,21.81,,,
5429963,2026-08-29T09:44:43,75.28,0,F,1918.81,-7425.71,47.52219391,-122.25843811,E,,,-0.17,21.75,,,
5431051,2026-08-29T09:44:44,77.45,0,F,1918.81,-7425.71,47.52219391,-122.25843811,E,,,-0.11,21.8,,,
5432125,2026-08-29T09:44:45,76.22,0,F,1918.81,-7425.71,47.52219391,-122.25843811,E,,,-0.07,21.81,,,
5433211,2026-08-29T09:44:47,73.28,0,F,1918.81,-7425.71,47.52219391,-122.25843811,E,,,-0.12,21.82,,,
5434280,2026-08-29T09:44:48,56,0,F,1918.81,-7425.71,47.52219391,-122.25843811,E,,,-0.11,21.81,,,
5435374,2026-08-29T09:44:49,53.28,0,F,1918.81,-7425.71,47.52219391,-122.25843811,E,,,-0.11,21.84,,,
5436447,2026-08-29T09:44:50,56.45,0,F,1918.81,-7425.71,47.52219391,-122.25843811,E,,,-0.06,21.82,,,
5437516,2026-08-29T09:44:51,67.64,0,F,1918.81,-7425.71,47.52219391,-122.25843811,E,,,-0.03,21.81,,,
5438605,2026-08-29T09:44:52,79.13,0,F,1918.81,-7425.71,47.52219391,-122.25843811,E,,,0.08,21.82,,,
5439687,2026-08-29T09:44:53,78.27,0,F,1918.81,-7425.71,47.52219391,-122.25843811,E,,,0.2,21.82,,,
5440756,2026-08-29T09:44:54,54.31,0,F,1918.81,-7425.71,47.52219391,-122.25843811,E,,,0.17,21.81,,,
5441845,2026-08-29T09:44:55,48.24,0,F,1918.81,-7425.71,47.52219391,-122.25843811,E,,,0.03,21.81,,,
5442925,2026-08-29T09:44:56,50.92,0,F,1918.81,-7425.71,47.52219391,-122.25843811,E,,,-0.08,21.82,,,
5444013,2026-08-29T09:44:57,50.76,0,F,1918.81,-7425.71,47.52219391,-122.25843811,E,,,-0.14,21.81,,,
5445092,2026-08-29T09:44:58,48.73,0,F,1918.81,-7425.71,47.52219391,-122.25843811,E,,,-0.15,21.79,,,
5446161,2026-08-29T09:45:00,54.85,0,F,1918.81,-7425.71,47.52219391,-122.25843811,E,,,-0.19,21.8,,,
5447247,2026-08-29T09:45:01,60.75,0,F,1918.81,-7425.71,47.52219391,-122.25843811,E,,,-0.2,21.81,,,
5448316,2026-08-29T09:45:02,57.96,0,F,1918.81,-7425.71,47.52219391,-122.25843811,E,,,-0.2,21.81,,,
5449384,2026-08-29T09:45:03,59.02,0,F,1918.81,-7425.71,47.52219391,-122.25843811,E,,,-0.23,21.81,,,
5450453,2026-08-29T09:45:04,55.18,0,F,1918.81,-7425.71,47.52219391,-122.25843811,E,,,-0.22,21.83,,,
5451527,2026-08-29T09:45:05,52.46,0,F,1918.81,-7425.71,47.52219391,-122.25843811,E,,,-0.2,21.82,,,
5452595,2026-08-29T09:45:06,52.81,0,F,1918.81,-7425.71,47.52219391,-122.25843811,E,,,-0.19,21.82,,,
5453678,2026-08-29T09:45:07,53.28,0,F,1918.81,-7425.71,47.52219391,-122.25843811,E,,,-0.14,21.83,,,
5454747,2026-08-29T09:45:08,75.86,0,F,1918.81,-7425.71,47.52219391,-122.25843811,E,,,-0.15,21.81,,,
5455836,2026-08-29T09:45:09,101.36,0,F,1918.81,-7425.71,47.52219391,-122.25843811,E,,,-0.08,21.81,,,
5456917,2026-08-29T09:45:10,90.36,0,F,1918.81,-7425.71,47.52219391,-122.25843811,E,,,-0.05,21.82,,,
5458007,2026-08-29T09:45:11,69.32,0,F,1918.81,-7425.71,47.52219391,-122.25843811,E,,,-0.16,21.83,,,
5459094,2026-08-29T09:45:12,61.37,0,F,1918.81,-7425.71,47.52219391,-122.25843811,E,,,-0.22,21.81,,,
5460173,2026-08-29T09:45:14,58.1,0,F,1918.81,-7425.71,47.52219391,-122.25843811,E,,,-0.23,21.75,,,
5461261,2026-08-29T09:45:15,54.78,0,F,1918.81,-7425.71,47.52219391,-122.25843811,E,,,-0.22,21.79,,,
5462349,2026-08-29T09:45:16,51.38,0,F,1918.81,-7425.71,47.52219391,-122.25843811,E,,,-0.22,21.82,,,
5463417,2026-08-29T09:45:17,47.26,0,F,1918.81,-7425.71,47.52219391,-122.25843811,E,,,-0.21,21.81,,,
5464503,2026-08-29T09:45:18,44.77,0,F,1918.81,-7425.71,47.52219391,-122.25843811,E,,,-0.19,21.82,,,
5465582,2026-08-29T09:45:19,42.85,0,F,1918.81,-7425.71,47.52219391,-122.25843811,E,,,-0.15,21.82,,,
5466666,2026-08-29T09:45:20,47.48,0,F,1918.81,-7425.71,47.52219391,-122.25843811,E,,,-0.15,21.83,,,
5467735,2026-08-29T09:45:21,50.26,0,F,1918.81,-7425.71,47.52219391,-122.25843811,E,,,-0.12,21.82,,,
5468824,2026-08-29T09:45:22,48.89,0,F,1918.81,-7425.71,47.52219391,-122.25843811,E,,,-0.11,21.83,,,
5469906,2026-08-29T09:45:23,46.88,0,F,1918.81,-7425.71,47.52219391,-122.25843811,E,,,-0.09,21.83,,,
5477001,2026-08-29T09:45:30,46.26,0,F,1918.81,-7425.71,47.52219391,-122.25843811,E,,,-0.08,21.82,,,
5477999,2026-08-29T09:45:31,43.96,0.108,G,1957.86,-7450.52,47.52197266,-122.25791931,G,9,0.9,-0.05,21.7,GPS fix at buoy,,
5479052,2026-08-29T09:45:32,58.57,0,F,1957.86,-7450.52,47.52197266,-122.25791931,G,9,0.9,-0.19,21.75,,,
5480084,2026-08-29T09:45:33,79.23,0.138,F,1957.86,-7450.52,47.52197266,-122.25791931,G,9,0.9,-0.23,21.76,,,
5481100,2026-08-29T09:45:34,69.28,0.123,F,1957.86,-7450.52,47.52197266,-122.25791931,G,9,0.9,-0.23,21.72,,,
5482115,2026-08-29T09:45:35,58.16,0.112,F,1957.86,-7450.52,47.52197266,-122.25791931,G,9,0.9,-0.17,21.69,,,
5483169,2026-08-29T09:45:37,53.46,0,F,1957.86,-7450.52,47.52197266,-122.25791931,G,9,0.9,-0.18,21.72,,,
5484197,2026-08-29T09:45:38,45.76,0.062,G,1957.86,-7450.52,47.52197266,-122.25791931,G,9,0.9,-0.2,21.75,,,
5485206,2026-08-29T09:45:39,43.38,0.062,G,1957.86,-7450.52,47.52197266,-122.25791931,G,9,0.9,-0.2,21.77,,,
5486231,2026-08-29T09:45:40,44.98,0.072,G,1957.86,-7450.52,47.52197266,-122.25791931,G,9,0.9,-0.15,21.71,,,
5487246,2026-08-29T09:45:41,53.87,0.211,G,1956.72,-7450.52,47.52197266,-122.25793457,G,9,0.9,-0.15,21.74,,,
5488259,2026-08-29T09:45:42,71.8,0.098,G,1956.72,-7450.52,47.52197266,-122.25793457,G,9,0.9,-0.15,21.75,,,
5489277,2026-08-29T09:45:43,61.96,0.123,G,1956.72,-7450.52,47.52197266,-122.25793457,G,9,0.9,-0.11,21.75,,,
5490301,2026-08-29T09:45:44,53.3,0.051,G,1956.72,-7450.52,47.52197266,-122.25793457,G,9,0.9,-0.09,21.72,,,
5491314,2026-08-29T09:45:45,52.23,0.129,G,1956.72,-7450.1,47.52197647,-122.25793457,G,9,0.9,-0.07,21.71,,,
5492366,2026-08-29T09:45:46,50.39,0,F,1956.72,-7450.52,47.52197266,-122.25793457,G,9,0.9,-0.05,21.8,,,
5493418,2026-08-29T09:45:47,52.04,0,F,1956.72,-7450.52,47.52197266,-122.25793457,G,9,0.9,0,21.81,,,
5494471,2026-08-29T09:45:48,60.86,0,F,1956.72,-7450.52,47.52197266,-122.25793457,G,9,0.9,0.01,21.77,,,
5495503,2026-08-29T09:45:49,65.17,0.051,G,1956.72,-7450.52,47.52197266,-122.25793457,G,9,0.9,0.13,21.7,,,
5496524,2026-08-29T09:45:50,80.07,0.082,G,1956.72,-7450.1,47.52197647,-122.25793457,G,9,0.9,0.24,21.76,Descend at buoy line,,
5497552,2026-08-29T09:45:51,94.37,0,F,1956.72,-7450.1,47.52197647,-122.25793457,E,,,0.34,21.8,,,
5498626,2026-08-29T09:45:52,95.09,0,F,1956.72,-7450.1,47.52197647,-122.25793457,E,,,0.42,21.82,,,
5499694,2026-08-29T09:45:53,98.92,0,F,1956.72,-7450.1,47.52197647,-122.25793457,E,,,0.48,21.81,,,
5500778,2026-08-29T09:45:54,95.53,0,F,1956.72,-7450.1,47.52197647,-122.25793457,E,,,0.48,21.82,,,
5501866,2026-08-29T09:45:55,118.65,0.121,F,1956.78,-7450.12,47.52197647,-122.25793457,E,,,0.39,21.83,,,
5502937,2026-08-29T09:45:56,173.8,0,F,1956.82,-7450.17,47.52197647,-122.25793457,E,,,0.34,21.82,,,
5504006,2026-08-29T09:45:57,182.09,0,F,1956.82,-7450.17,47.52197647,-122.25793457,E,,,0.31,21.81,,,
5505095,2026-08-29T09:45:58,181.51,0,F,1956.82,-7450.17,47.52197647,-122.25793457,E,,,0.33,21.82,,,
5506175,2026-08-29T09:46:00,171.24,0,F,1956.82,-7450.17,47.52197647,-122.25793457,E,,,0.37,21.83,,,
5507263,2026-08-29T09:46:01,169.21,0,F,1956.82,-7450.17,47.52197647,-122.25793457,E,,,0.44,21.81,,,
5508342,2026-08-29T09:46:02,172.77,0,F,1956.82,-7450.17,47.52197647,-122.25793457,E,,,0.5,21.8,,,
5509411,2026-08-29T09:46:03,175.06,0,F,1956.82,-7450.17,47.52197647,-122.25793457,E,,,0.56,21.81,,,
5510497,2026-08-29T09:46:04,173.76,0,F,1956.82,-7450.17,47.52197647,-122.25793457,E,,,0.66,21.82,,,
5511566,2026-08-29T09:46:05,175.51,0,F,1956.82,-7450.17,47.52197647,-122.25793457,E,,,0.71,21.82,,,
5512634,2026-08-29T09:46:06,178.29,0,F,1956.82,-7450.17,47.52197647,-122.25793457,E,,,0.77,21.82,,,
5513703,2026-08-29T09:46:07,181.96,0,F,1956.82,-7450.17,47.52197647,-122.25793457,E,,,0.78,21.84,,,
5514777,2026-08-29T09:46:08,186.65,0,F,1956.82,-7450.17,47.52197647,-122.25793457,E,,,0.82,21.83,,,
5515845,2026-08-29T09:46:09,189.95,0,F,1956.82,-7450.17,47.52197647,-122.25793457,E,,,0.86,21.83,,,
5516928,2026-08-29T09:46:10,194.27,0,F,1956.82,-7450.17,47.52197647,-122.25793457,E,,,0.89,21.83,,,
5517997,2026-08-29T09:46:11,199.76,0,F,1956.82,-7450.17,47.52197647,-122.25793457,E,,,0.89,21.83,,,
5519086,2026-08-29T09:46:12,205.08,0,F,1956.82,-7450.17,47.52197647,-122.25793457,E,,,0.85,21.83,,,
5520167,2026-08-29T09:46:14,205.43,0,F,1956.82,-7450.17,47.52197647,-122.25793457,E,,,0.61,21.84,,,
5521253,2026-08-29T09:46:15,192.98,0.126,F,1956.81,-7450.2,47.52197647,-122.25793457,E,,,0.52,21.81,,,
5522351,2026-08-29T09:46:16,168.27,0.138,F,1956.81,-7450.36,47.52197266,-122.25793457,E,,,0.42,21.84,,,
5523429,2026-08-29T09:46:17,170.8,0,F,1956.84,-7450.47,47.52197266,-122.25793457,E,,,0.45,21.8,,,
5524498,2026-08-29T09:46:18,169.55,0,F,1956.84,-7450.47,47.52197266,-122.25793457,E,,,0.49,21.81,,,
5525567,2026-08-29T09:46:19,167.36,0,F,1956.84,-7450.47,47.52197266,-122.25793457,E,,,0.52,21.82,,,
5526649,2026-08-29T09:46:20,164.38,0,F,1956.84,-7450.47,47.52197266,-122.25793457,E,,,0.6,21.83,,,
5527724,2026-08-29T09:46:21,159.38,0,F,1956.84,-7450.47,47.52197266,-122.25793457,E,,,0.62,21.83,,,
5528812,2026-08-29T09:46:22,171.33,0,F,1956.84,-7450.47,47.52197266,-122.25793457,E,,,0.61,21.84,,,
5529885,2026-08-29T09:46:23,177.26,0,F,1956.84,-7450.47,47.52197266,-122.25793457,E,,,0.65,21.83,,,
5530954,2026-08-29T09:46:24,178.55,0,F,1956.84,-7450.47,47.52197266,-122.25793457,E,,,0.8,21.83,,,
5532043,2026-08-29T09:46:25,183.8,0,F,1956.84,-7450.47,47.52197266,-122.25793457,E,,,1.04,21.83,,,
5533125,2026-08-29T09:46:26,185.51,0,F,1956.84,-7450.47,47.52197266,-122.25793457,E,,,1.29,21.84,,,
5534194,2026-08-29T09:46:28,183.14,0,F,1956.84,-7450.47,47.52197266,-122.25793457,E,,,1.53,21.83,,,
5535283,2026-08-29T09:46:29,175.35,0,F,1956.84,-7450.49,47.52197266,-122.25793457,E,,,1.86,21.83,,,
5536363,2026-08-29T09:46:30,169.52,0,F,1956.84,-7450.49,47.52197266,-122.25793457,E,,,2.14,21.85,,,
5537451,2026-08-29T09:46:31,169,0,F,1956.84,-7450.51,47.52197266,-122.25793457,E,,,2.44,21.83,,,
5538530,2026-08-29T09:46:32,162.39,0,F,1956.84,-7450.51,47.52197266,-122.25793457,E,,,2.76,21.82,,,
5539599,2026-08-29T09:46:33,146.53,0,F,1956.84,-7450.51,47.52197266,-122.25793457,E,,,3.01,21.83,,,
5540685,2026-08-29T09:46:34,138.63,0,F,1956.84,-7450.51,47.52197266,-122.25793457,E,,,3.25,21.84,,,
5541754,2026-08-29T09:46:35,140.83,0,F,1956.84,-7450.51,47.52197266,-122.25793457,E,,,3.52,21.84,,,
5542822,2026-08-29T09:46:36,142.73,0,F,1956.84,-7450.51,47.52197266,-122.25793457,E,,,3.76,21.84,,,
5543891,2026-08-29T09:46:37,142.48,0,F,1956.84,-7450.51,47.52197266,-122.25793457,E,,,3.97,21.86,,,
5544965,2026-08-29T09:46:38,149.11,0,F,1956.84,-7450.51,47.52197266,-122.25793457,E,,,4.18,21.85,,,
5546033,2026-08-29T09:46:39,143.18,0,F,1956.84,-7450.51,47.52197266,-122.25793457,E,,,4.37,21.85,,,
5547116,2026-08-29T09:46:40,130.43,0,F,1956.84,-7450.51,47.52197266,-122.25793457,E,,,4.58,21.86,,,
5548185,2026-08-29T09:46:42,143.68,0,F,1956.84,-7450.51,47.52197266,-122.25793457,E,,,4.75,21.85,,,
5549274,2026-08-29T09:46:43,151.68,0,F,1956.84,-7450.51,47.52197266,-122.25793457,E,,,4.91,21.86,,,
5550355,2026-08-29T09:46:44,158.66,0,F,1956.84,-7450.51,47.52197266,-122.25793457,E,,,5.08,21.86,,,
5551430,2026-08-29T09:46:45,159.33,0,F,1956.84,-7450.51,47.52197266,-122.25793457,E,,,5.27,21.85,,,
5552537,2026-08-29T09:46:46,164.14,0,F,1956.84,-7450.51,47.52197266,-122.25793457,E,,,5.47,21.86,,,
5553620,2026-08-29T09:46:47,160.43,0,F,1956.84,-7450.51,47.52197266,-122.25793457,E,,,5.65,21.82,,,
5554690,2026-08-29T09:46:48,164.27,0,F,1956.84,-7450.51,47.52197266,-122.25793457,E,,,5.82,21.84,,,
5555777,2026-08-29T09:46:49,156.61,0,F,1956.84,-7450.51,47.52197266,-122.25793457,E,,,6,21.86,,,
5556853,2026-08-29T09:46:50,163.43,0,F,1956.84,-7450.51,47.52197266,-122.25793457,E,,,6.22,21.86,,,
5557921,2026-08-29T09:46:51,155.63,0,F,1956.84,-7450.51,47.52197266,-122.25793457,E,,,6.41,21.86,,,
5558990,2026-08-29T09:46:52,156.44,0,F,1956.84,-7450.51,47.52197266,-122.25793457,E,,,6.57,21.88,,,
5560064,2026-08-29T09:46:53,165.86,0,F,1956.84,-7450.51,47.52197266,-122.25793457,E,,,6.78,21.88,,,
5561132,2026-08-29T09:46:54,161.35,0,F,1956.84,-7450.51,47.52197266,-122.25793457,E,,,6.96,21.86,,,
5562215,2026-08-29T09:46:56,162.79,0,F,1956.84,-7450.51,47.52197266,-122.25793457,E,,,7.14,21.88,,,
5563284,2026-08-29T09:46:57,163.99,0,F,1956.84,-7450.51,47.52197266,-122.25793457,E,,,7.33,21.87,,,
5564373,2026-08-29T09:46:58,166.22,0,F,1956.84,-7450.51,47.52197266,-122.25793457,E,,,7.53,21.87,,,
5565454,2026-08-29T09:46:59,175.69,0,F,1956.84,-7450.51,47.52197266,-122.25793457,E,,,7.72,21.89,,,
5566544,2026-08-29T09:47:00,177.78,0,F,1956.84,-7450.51,47.52197266,-122.25793457,E,,,7.95,21.9,,,
5567631,2026-08-29T09:47:01,180.28,0,F,1956.84,-7450.51,47.52197266,-122.25793457,E,,,8.14,21.88,,,
5568710,2026-08-29T09:47:02,183.96,0,F,1956.84,-7450.51,47.52197266,-122.25793457,E,,,8.39,21.82,,,
5569798,2026-08-29T09:47:03,183.12,0,F,1956.84,-7450.51,47.52197266,-122.25793457,E,,,8.64,21.87,,,
5570867,2026-08-29T09:47:04,177.8,0,F,1956.84,-7450.51,47.52197266,-122.25793457,E,,,8.87,21.88,,,
5571953,2026-08-29T09:47:05,169.72,0,F,1956.84,-7450.51,47.52197266,-122.25793457,E,,,9.09,21.89,,,
5573022,2026-08-29T09:47:06,166.11,0,F,1956.84,-7450.51,47.52197266,-122.25793457,E,,,9.31,21.89,,,
5574111,2026-08-29T09:47:07,161.94,0,F,1956.84,-7450.51,47.52197266,-122.25793457,E,,,9.51,21.89,,,
5575195,2026-08-29T09:47:09,159.33,0,F,1956.84,-7450.51,47.52197266,-122.25793457,E,,,9.72,21.9,,,
5576264,2026-08-29T09:47:10,164.48,0,F,1956.84,-7450.51,47.52197266,-122.25793457,E,,,9.89,21.89,,,
5577353,2026-08-29T09:47:11,175.81,0,F,1956.84,-7450.51,47.52197266,-122.25793457,E,,,10.05,21.89,,,
5578435,2026-08-29T09:47:12,182.13,0,F,1956.84,-7450.51,47.52197266,-122.25793457,E,,,10.23,21.9,,,
5579504,2026-08-29T09:47:13,188.16,0,F,1956.84,-7450.51,47.52197266,-122.25793457,E,,,10.42,21.85,,,
5580638,2026-08-29T09:47:14,192.76,0,F,1956.84,-7450.51,47.52197266,-122.25793457,E,,,10.62,21.75,,,
5581719,2026-08-29T09:47:15,193.32,0,F,1956.84,-7450.51,47.52197266,-122.25793457,E,,,10.86,21.59,,,
5582799,2026-08-29T09:47:16,192.28,0,F,1956.84,-7450.51,47.52197266,-122.25793457,E,,,11.06,21.39,,,
5583869,2026-08-29T09:47:17,193.74,0,F,1956.84,-7450.51,47.52197266,-122.25793457,E,,,11.3,21.25,,,
5584958,2026-08-29T09:47:18,193.46,0,F,1956.84,-7450.51,47.52197266,-122.25793457,E,,,11.54,21.08,,,
5586044,2026-08-29T09:47:19,193.05,0,F,1956.84,-7450.51,47.52197266,-122.25793457,E,,,11.77,20.87,,,
5587115,2026-08-29T09:47:20,191.7,0,F,1956.84,-7450.51,47.52197266,-122.25793457,E,,,12,20.65,,,
5588184,2026-08-29T09:47:22,197.66,0,F,1956.84,-7450.51,47.52197266,-122.25793457,E,,,12.26,20.44,,,
5589258,2026-08-29T09:47:23,197.4,0,F,1956.84,-7450.51,47.52197266,-122.25793457,E,,,12.5,20.16,,,
5590326,2026-08-29T09:47:24,197.8,0,F,1956.84,-7450.51,47.52197266,-122.25793457,E,,,12.76,19.92,,,
5591409,2026-08-29T09:47:25,200.93,0,F,1956.84,-7450.51,47.52197266,-122.25793457,E,,,13.05,19.69,,,
5592478,2026-08-29T09:47:26,199.54,0,F,1956.84,-7450.51,47.52197266,-122.25793457,E,,,13.31,19.39,,,
5593567,2026-08-29T09:47:27,201.19,0,F,1956.84,-7450.51,47.52197266,-122.25793457,E,,,13.59,19.09,,,
5594648,2026-08-29T09:47:28,204.5,0,F,1956.84,-7450.51,47.52197266,-122.25793457,E,,,13.9,18.77,,,
5595738,2026-08-29T09:47:29,203.08,0,F,1956.84,-7450.51,47.52197266,-122.25793457,E,,,14.19,18.48,,,
5596825,2026-08-29T09:47:30,202.54,0,F,1956.84,-7450.51,47.52197266,-122.25793457,E,,,14.49,18.19,,,
5597904,2026-08-29T09:47:31,197.37,0,F,1956.84,-7450.51,47.52197266,-122.25793457,E,,,14.75,17.89,,,
5598992,2026-08-29T09:47:32,193.21,0,F,1956.84,-7450.51,47.52197266,-122.25793457,E,,,15,17.72,,,
5600061,2026-08-29T09:47:33,192.95,0,F,1956.84,-7450.51,47.52197266,-122.25793457,E,,,15.27,17.52,,,
5601147,2026-08-29T09:47:35,191.54,0,F,1956.84,-7450.51,47.52197266,-122.25793457,E,,,15.53,17.35,,,
5602216,2026-08-29T09:47:36,195.93,0,F,1956.84,-7450.51,47.52197266,-122.25793457,E,,,15.76,17.19,,,
5603305,2026-08-29T09:47:37,195.88,0,F,1956.84,-7450.51,47.52197266,-122.25793457,E,,,15.97,17.03,,,
5604389,2026-08-29T09:47:38,195.93,0,F,1956.84,-7450.51,47.52197266,-122.25793457,E,,,16.2,16.91,,,
5605458,2026-08-29T09:47:39,198.21,0,F,1956.84,-7450.51,47.52197266,-122.25793457,E,,,16.44,16.79,,,
5606547,2026-08-29T09:47:40,207.23,0,F,1956.84,-7450.51,47.52197266,-122.25793457,E,,,16.65,16.61,,,
5607629,2026-08-29T09:47:41,207.21,0,F,1956.84,-7450.51,47.52197266,-122.25793457,E,,,16.85,16.44,,,
5608698,2026-08-29T09:47:42,207.66,0,F,1956.84,-7450.51,47.52197266,-122.25793457,E,,,17.03,16.32,,,
5609787,2026-08-29T09:47:43,203.99,0,F,1956.84,-7450.51,47.52197266,-122.25793457,E,,,17.2,16.2,,,
5610867,2026-08-29T09:47:44,203.78,0,F,1956.84,-7450.51,47.52197266,-122.25793457,E,,,17.33,16.12,,,
5611955,2026-08-29T09:47:45,205.86,0,F,1956.84,-7450.51,47.52197266,-122.25793457,E,,,17.49,16.01,,,
5613034,2026-08-29T09:47:46,202.97,0,F,1956.84,-7450.51,47.52197266,-122.25793457,E,,,17.73,15.82,,,
5614103,2026-08-29T09:47:47,195.58,0,F,1956.84,-7450.51,47.52197266,-122.25793457,E,,,17.98,15.58,,,
5615189,2026-08-29T09:47:49,187.71,0,F,1956.84,-7450.51,47.52197266,-122.25793457,E,,,18.25,15.34,,,
5616258,2026-08-29T09:47:50,187.1,0,F,1956.84,-7450.51,47.52197266,-122.25793457,E,,,18.51,15.08,,,
5617343,2026-08-29T09:47:51,187.1,0,F,1956.84,-7450.51,47.52197266,-122.25793457,E,,,18.77,14.87,,,
5618412,2026-08-29T09:47:52,184.58,0,F,1956.84,-7450.51,47.52197266,-122.25793457,E,,,19.03,14.66,,,
5619496,2026-08-29T09:47:53,185.72,0,F,1956.84,-7450.51,47.52197266,-122.25793457,E,,,19.29,14.48,,,
5620565,2026-08-29T09:47:54,183.71,0,F,1956.84,-7450.51,47.52197266,-122.25793457,E,,,19.55,14.33,,,
5621654,2026-08-29T09:47:55,183.08,0,F,1956.84,-7450.51,47.52197266,-122.25793457,E,,,19.81,14.16,,,
5622736,2026-08-29T09:47:56,181.69,0,F,1956.84,-7450.51,47.52197266,-122.25793457,E,,,20.07,13.95,,,
5623805,2026-08-29T09:47:57,181.53,0,F,1956.84,-7450.51,47.52197266,-122.25793457,E,,,20.32,13.78,,,
5624894,2026-08-29T09:47:58,183.84,0,F,1956.84,-7450.51,47.52197266,-122.25793457,E,,,20.54,13.59,,,
5625974,2026-08-29T09:47:59,187.77,0,F,1956.84,-7450.51,47.52197266,-122.25793457,E,,,20.77,13.38,,,
5627062,2026-08-29T09:48:00,187.12,0,F,1956.84,-7450.51,47.52197266,-122.25793457,E,,,20.96,13.19,,,
5628141,2026-08-29T09:48:01,186.66,0,F,1956.84,-7450.51,47.52197266,-122.25793457,E,,,21.17,13.02,,,
5629210,2026-08-29T09:48:03,187.75,0,F,1956.84,-7450.51,47.52197266,-122.25793457,E,,,21.36,12.91,,,
5630296,2026-08-29T09:48:04,187.29,0,F,1956.84,-7450.51,47.52197266,-122.25793457,E,,,21.54,12.76,,,
5631365,2026-08-29T09:48:05,185.94,0,F,1956.84,-7450.51,47.52197266,-122.25793457,E,,,21.72,12.61,,,
5632433,2026-08-29T09:48:06,184.58,0,F,1956.84,-7450.51,47.52197266,-122.25793457,E,,,21.88,12.49,,,
5633502,2026-08-29T09:48:07,183.95,0,F,1956.84,-7450.51,47.52197266,-122.25793457,E,,,22.05,12.4,,,
5634576,2026-08-29T09:48:08,184.95,0,F,1956.84,-7450.51,47.52197266,-122.25793457,E,,,22.2,12.29,,,
5635644,2026-08-29T09:48:09,179.7,0,F,1956.84,-7450.51,47.52197266,-122.25793457,E,,,22.32,12.14,,,
5636727,2026-08-29T09:48:10,179.07,0,F,1956.84,-7450.51,47.52197266,-122.25793457,E,,,22.36,12.03,,,
5637796,2026-08-29T09:48:11,181.69,0,F,1956.84,-7450.51,47.52197266,-122.25793457,E,,,22.38,11.89,,,
5638885,2026-08-29T09:48:12,182.24,0,F,1956.84,-7450.51,47.52197266,-122.25793457,E,,,22.4,11.79,,,
5639966,2026-08-29T09:48:13,180.35,0,F,1956.84,-7450.51,47.52197266,-122.25793457,E,,,22.41,11.72,,,
5641075,2026-08-29T09:48:14,181.45,0,F,1956.84,-7450.51,47.52197266,-122.25793457,E,,,22.44,11.62,,,
5642172,2026-08-29T09:48:16,167.41,0,F,1956.84,-7450.51,47.52197266,-122.25793457,E,,,22.37,11.58,,,
5643244,2026-08-29T09:48:17,165.88,0,F,1956.84,-7450.51,47.52197266,-122.25793457,E,,,22.36,11.48,,,
5644314,2026-08-29T09:48:18,165.77,0,F,1956.84,-7450.51,47.52197266,-122.25793457,E,,,22.35,11.51,,,
5645401,2026-08-29T09:48:19,166.78,0,F,1956.84,-7450.51,47.52197266,-122.25793457,E,,,22.33,11.51,,,
5646469,2026-08-29T09:48:20,173.9,0,F,1956.84,-7450.51,47.52197266,-122.25793457,E,,,22.37,11.5,,,
5647561,2026-08-29T09:48:21,176.24,0,F,1956.84,-7450.51,47.52197266,-122.25793457,E,,,22.33,11.49,,,
5648631,2026-08-29T09:48:22,181.41,0,F,1956.84,-7450.51,47.52197266,-122.25793457,E,,,22.32,11.44,,,
5649715,2026-08-29T09:48:23,180.31,0,F,1956.84,-7450.51,47.52197266,-122.25793457,E,,,22.37,11.42,,,
5650784,2026-08-29T09:48:24,171.48,0,F,1956.84,-7450.51,47.52197266,-122.25793457,E,,,22.36,11.39,,,
5651873,2026-08-29T09:48:25,171.27,0,F,1956.84,-7450.51,47.52197266,-122.25793457,E,,,22.34,11.39,,,
5652955,2026-08-29T09:48:26,174.45,0,F,1956.84,-7450.51,47.52197266,-122.25793457,E,,,22.32,11.39,,,
5654024,2026-08-29T09:48:27,178.59,0,F,1956.84,-7450.51,47.52197266,-122.25793457,E,,,22.32,11.36,,,
5655113,2026-08-29T09:48:28,188.4,0,F,1956.84,-7450.51,47.52197266,-122.25793457,E,,,22.35,11.36,,,
5656193,2026-08-29T09:48:30,185.97,0,F,1956.84,-7450.51,47.52197266,-122.25793457,E,,,22.34,11.36,,,
5657281,2026-08-29T09:48:31,174.51,0,F,1956.84,-7450.51,47.52197266,-122.25793457,E,,,22.31,11.34,,,
5658360,2026-08-29T09:48:32,165.85,0,F,1956.84,-7450.51,47.52197266,-122.25793457,E,,,22.29,11.33,,,
5659429,2026-08-29T09:48:33,152.35,0,F,1956.84,-7450.51,47.52197266,-122.25793457,E,,,22.23,11.33,,,
5660515,2026-08-29T09:48:34,138.94,0,F,1956.84,-7450.51,47.52197266,-122.25793457,E,,,22.15,11.34,,,
5661584,2026-08-29T09:48:35,126.57,0,F,1956.84,-7450.51,47.52197266,-122.25793457,E,,,22.02,11.33,,,
5662652,2026-08-29T09:48:36,72.48,0,F,1956.84,-7450.51,47.52197266,-122.25793457,E,,,21.91,11.32,,,
5663721,2026-08-29T09:48:37,108.62,0.114,F,1956.95,-7450.51,47.52197266,-122.25793457,E,,,21.89,11.32,Start traverse to Scattered Barge 2,,
5664795,2026-08-29T09:48:38,144.42,0,F,1956.98,-7450.53,47.52197266,-122.25793457,E,,,21.92,11.29,,,
5665863,2026-08-29T09:48:39,163.73,0,F,1956.98,-7450.53,47.52197266,-122.25793457,E,,,21.94,11.23,,,
5666946,2026-08-29T09:48:40,176.73,0,F,1956.98,-7450.53,47.52197266,-122.25793457,E,,,21.89,11.2,,,
5668015,2026-08-29T09:48:41,149.26,0.171,F,1957,-7450.58,47.52197266,-122.25793457,E,,,21.83,11.14,,,
5669104,2026-08-29T09:48:42,116.12,0.3,F,1957.2,-7450.74,47.52196884,-122.25792694,E,,,21.78,11.05,,,
5670185,2026-08-29T09:48:44,109.33,0.375,F,1957.53,-7450.89,47.52196884,-122.25792694,E,,,21.88,10.97,,,
5671281,2026-08-29T09:48:45,111.55,0.481,F,1957.98,-7451.05,47.52196884,-122.25791931,E,,,21.91,10.89,,,
5672368,2026-08-29T09:48:46,114.08,0.556,F,1958.5,-7451.27,47.52196503,-122.25791168,E,,,22,10.82,,,
5673447,2026-08-29T09:48:47,109.55,0.624,F,1959.08,-7451.53,47.52196503,-122.25790405,E,,,22.12,10.7,,,
5674535,2026-08-29T09:48:48,107.22,0.685,F,1959.75,-7451.74,47.52196121,-122.25789642,E,,,22.23,10.7,,,
5675604,2026-08-29T09:48:49,106.7,0.732,F,1960.47,-7451.96,47.52196121,-122.25788116,E,,,22.35,10.65,,,
5676690,2026-08-29T09:48:50,109.61,0.771,F,1961.25,-7452.21,47.5219574,-122.25787354,E,,,22.49,10.62,,,
5677766,2026-08-29T09:48:51,112.5,0.8,F,1962.04,-7452.54,47.52195358,-122.25786591,E,,,22.65,10.56,,,
5678852,2026-08-29T09:48:52,108.37,0.847,F,1962.86,-7452.89,47.52194977,-122.25785065,E,,,22.79,10.53,,,
5679920,2026-08-29T09:48:53,103.68,0.884,F,1963.76,-7453.12,47.52194977,-122.25784302,E,,,22.92,10.49,,,
5681004,2026-08-29T09:48:54,101.5,0.906,F,1964.71,-7453.33,47.52194595,-122.25782776,E,,,23.09,10.47,,,
5682092,2026-08-29T09:48:55,103.74,0.893,F,1965.67,-7453.5,47.52194595,-122.2578125,E,,,23.27,10.45,,,
5683163,2026-08-29T09:48:57,109.25,0.835,F,1966.54,-7453.79,47.52194214,-122.25780487,E,,,23.45,10.4,,,
5684232,2026-08-29T09:48:58,111.11,0.862,F,1967.39,-7454.1,47.52194214,-122.25778961,E,,,23.65,10.36,,,
5685321,2026-08-29T09:48:59,110.58,0.89,F,1968.29,-7454.43,47.52193832,-122.25778198,E,,,23.86,10.34,,,
5686401,2026-08-29T09:49:00,107.32,0.923,F,1969.22,-7454.75,47.52193451,-122.25776672,E,,,24.03,10.34,,,
5687489,2026-08-29T09:49:01,107.55,0.904,F,1970.17,-7455.03,47.52193069,-122.25775909,E,,,24.18,10.3,,,
5688568,2026-08-29T09:49:02,105.6,0.922,F,1971.11,-7455.33,47.52193069,-122.25774384,E,,,24.33,10.26,,,
5689637,2026-08-29T09:49:03,102.54,0.936,F,1972.08,-7455.56,47.52192688,-122.25772858,E,,,24.47,10.24,,,
5690723,2026-08-29T09:49:04,101.32,0.927,F,1973.07,-7455.77,47.52192688,-122.25771332,E,,,24.58,10.23,,,
5691792,2026-08-29T09:49:05,100.51,0.925,F,1974.05,-7455.94,47.52192307,-122.25770569,E,,,24.67,10.21,,,
5692860,2026-08-29T09:49:06,98.96,0.925,F,1975.03,-7456.1,47.52192307,-122.25769043,E,,,24.76,10.19,,,
5693929,2026-08-29T09:49:07,94.09,0.911,F,1976,-7456.2,47.52192307,-122.25767517,E,,,24.85,10.19,,,
5695003,2026-08-29T09:49:08,92.68,0.912,F,1976.99,-7456.25,47.52192307,-122.25766754,E,,,24.92,10.17,,,
5696071,2026-08-29T09:49:09,102.4,0.916,F,1977.95,-7456.37,47.52191925,-122.25765228,E,,,25.03,10.15,,,
5697154,2026-08-29T09:49:11,100.67,0.915,F,1978.93,-7456.55,47.52191925,-122.25763702,E,,,25.1,10.15,,,
5698223,2026-08-29T09:49:12,105.23,0.86,F,1979.85,-7456.81,47.52191544,-122.25762939,E,,,25.26,10.13,,,
5699312,2026-08-29T09:49:13,106.51,0.887,F,1980.77,-7457.04,47.52191544,-122.25761414,E,,,25.43,10.11,,,
5700393,2026-08-29T09:49:14,111.11,0.91,F,1981.69,-7457.35,47.52191162,-122.25759888,E,,,25.65,10.11,,,
5701487,2026-08-29T09:49:15,110.68,0.936,F,1982.63,-7457.73,47.52190781,-122.25759125,E,,,25.87,10.07,,,
5702585,2026-08-29T09:49:16,104.92,0.952,F,1983.61,-7458.07,47.52190399,-122.25757599,E,,,26.08,10.07,,,
5703657,2026-08-29T09:49:17,98.37,0.97,F,1984.62,-7458.27,47.52190399,-122.25756073,E,,,26.22,10,,,
5704727,2026-08-29T09:49:18,90.68,0.927,F,1985.64,-7458.36,47.52190399,-122.2575531,E,,,26.33,10.03,,,
5705814,2026-08-29T09:49:19,87.48,0.92,F,1986.65,-7458.33,47.52190399,-122.25753784,E,,,26.41,10.04,,,
5706882,2026-08-29T09:49:20,82.92,0.922,F,1987.63,-7458.24,47.52190399,-122.25752258,E,,,26.49,10.03,,,
5707962,2026-08-29T09:49:21,77.78,0.906,F,1988.6,-7458.07,47.52190399,-122.25750732,E,,,26.55,10.02,,,
5709048,2026-08-29T09:49:22,77.75,0.907,F,1989.56,-7457.85,47.52190781,-122.25749969,E,,,26.64,10.02,,,
5710116,2026-08-29T09:49:23,76.22,0.899,F,1990.5,-7457.64,47.52190781,-122.25748444,E,,,26.72,10.01,,,
5711200,2026-08-29T09:49:25,86.72,0.874,F,1991.46,-7457.52,47.52191162,-122.25746918,E,,,26.82,10.01,,,
5712288,2026-08-29T09:49:26,90.72,0.884,F,1992.41,-7457.48,47.52191162,-122.25746155,E,,,26.97,10.02,,,
5713359,2026-08-29T09:49:27,90.5,0.885,F,1993.35,-7457.5,47.52191162,-122.25744629,E,,,27.08,10,,,
5714428,2026-08-29T09:49:28,86.43,0.883,F,1994.29,-7457.48,47.52191162,-122.25743103,E,,,27.19,9.99,,,
5715517,2026-08-29T09:49:29,86.39,0.89,F,1995.26,-7457.41,47.52191162,-122.2574234,E,,,27.27,9.99,,,
5716597,2026-08-29T09:49:30,89.4,0.885,F,1996.21,-7457.39,47.52191162,-122.25740814,E,,,27.36,9.99,,,
5717685,2026-08-29T09:49:31,90.11,0.906,F,1997.19,-7457.39,47.52191162,-122.25739288,E,,,27.45,9.97,,,
5718764,2026-08-29T09:49:32,87.61,0.925,F,1998.17,-7457.38,47.52191162,-122.25738525,E,,,27.53,9.95,,,
5719833,2026-08-29T09:49:33,86.74,0.939,F,1999.16,-7457.34,47.52191162,-122.25737,E,,,27.59,9.96,,,
5720919,2026-08-29T09:49:34,84.64,0.957,F,2000.19,-7457.25,47.52191162,-122.25735474,E,,,27.63,9.97,,,
5721988,2026-08-29T09:49:35,88.5,0.946,F,2001.21,-7457.17,47.52191162,-122.25733948,E,,,27.68,9.97,,,
5723056,2026-08-29T09:49:36,88.72,0.941,F,2002.21,-7457.13,47.52191162,-122.25733185,E,,,27.74,9.96,,,
5724125,2026-08-29T09:49:37,91.41,0.923,F,2003.21,-7457.14,47.52191162,-122.25731659,E,,,27.82,9.98,,,
5725199,2026-08-29T09:49:39,90.16,0.924,F,2004.19,-7457.14,47.52191162,-122.25730133,E,,,27.91,9.97,,,
5726267,2026-08-29T09:49:40,87.45,0.912,F,2005.17,-7457.11,47.52191162,-122.25728607,E,,,28,9.96,,,
5727350,2026-08-29T09:49:41,90.53,0.87,F,2006.13,-7457.08,47.52191544,-122.25727844,E,,,28.11,9.96,,,
5728419,2026-08-29T09:49:42,92.8,0.831,F,2007.04,-7457.12,47.52191162,-122.25726318,E,,,28.21,9.96,,,
5729509,2026-08-29T09:49:43,94.48,0.795,F,2007.94,-7457.18,47.52191162,-122.25725555,E,,,28.29,9.95,,,
5730590,2026-08-29T09:49:44,94.2,0.79,F,2008.79,-7457.23,47.52191162,-122.2572403,E,,,28.41,9.96,,,
5731675,2026-08-29T09:49:45,92.59,0.786,F,2009.64,-7457.28,47.52191162,-122.25723267,E,,,28.53,9.96,,,
5732772,2026-08-29T09:49:46,92.94,0.807,F,2010.52,-7457.33,47.52191162,-122.25721741,E,,,28.63,9.94,,,
5733855,2026-08-29T09:49:47,95.01,0.785,F,2011.37,-7457.38,47.52191162,-122.25720978,E,,,28.77,9.89,,,
5734925,2026-08-29T09:49:48,96.84,0.771,F,2012.2,-7457.47,47.52191162,-122.25719452,E,,,28.89,9.91,,,
5736012,2026-08-29T09:49:49,94.25,0.77,F,2013.04,-7457.56,47.52190781,-122.25718689,E,,,29.01,9.92,,,
5737080,2026-08-29T09:49:50,88.32,0.774,F,2013.87,-7457.59,47.52190781,-122.25717163,E,,,29.11,9.91,,,
5738157,2026-08-29T09:49:52,83.64,0.762,F,2014.69,-7457.53,47.52190781,-122.257164,E,,,29.19,9.94,,,
5739219,2026-08-29T09:49:53,82.51,0.742,F,2015.49,-7457.43,47.52191162,-122.25714874,E,,,29.25,9.92,,,
5740292,2026-08-29T09:49:54,82.43,0.74,F,2016.28,-7457.32,47.52191162,-122.25714111,E,,,29.33,9.91,,,
5741361,2026-08-29T09:49:55,82.72,0.754,F,2017.07,-7457.22,47.52191162,-122.25713348,E,,,29.39,9.89,,,
5742444,2026-08-29T09:49:56,80.99,0.749,F,2017.87,-7457.11,47.52191162,-122.25711823,E,,,29.46,9.9,,,
5743513,2026-08-29T09:49:57,82.03,0.747,F,2018.66,-7457,47.52191544,-122.2571106,E,,,29.53,9.88,,,
5744602,2026-08-29T09:49:58,76.41,0.754,F,2019.46,-7456.87,47.52191544,-122.25709534,E,,,29.61,9.88,,,
5745683,2026-08-29T09:49:59,68.05,0.746,F,2020.24,-7456.62,47.52191925,-122.25708771,E,,,29.67,9.88,,,
5746773,2026-08-29T09:50:00,66.71,0.768,F,2021,-7456.3,47.52191925,-122.25708008,E,,,29.68,9.88,,,
5747860,2026-08-29T09:50:01,70.02,0.755,F,2021.76,-7455.97,47.52192307,-122.25706482,E,,,29.65,9.85,,,
5748939,2026-08-29T09:50:02,76.07,0.752,F,2022.52,-7455.75,47.52192688,-122.25705719,E,,,29.66,9.78,,,
5750027,2026-08-29T09:50:03,80.63,0.772,F,2023.34,-7455.58,47.52192688,-122.25704956,E,,,29.66,9.83,,,
5751096,2026-08-29T09:50:04,81.04,0.762,F,2024.15,-7455.47,47.52192688,-122.2570343,E,,,29.67,9.82,,,
5752182,2026-08-29T09:50:06,77.66,0.763,F,2024.97,-7455.32,47.52193069,-122.25702667,E,,,29.68,9.83,,,
5753251,2026-08-29T09:50:07,76.84,0.756,F,2025.76,-7455.12,47.52193069,-122.25701141,E,,,29.69,9.82,,,
5754340,2026-08-29T09:50:08,76.81,0.763,F,2026.56,-7454.93,47.52193451,-122.25700378,E,,,29.67,9.82,,,
5755424,2026-08-29T09:50:09,74.88,0.752,F,2027.36,-7454.73,47.52193451,-122.25699615,E,,,29.64,9.82,,,
5756493,2026-08-29T09:50:10,83.74,0.737,F,2028.13,-7454.6,47.52193451,-122.2569809,E,,,29.63,9.8,,,
5757582,2026-08-29T09:50:11,86.15,0.734,F,2028.93,-7454.57,47.52193451,-122.25697327,E,,,29.68,9.79,,,
5758664,2026-08-29T09:50:12,94.93,0.746,F,2029.73,-7454.57,47.52193451,-122.25696564,E,,,29.73,9.79,,,
5759733,2026-08-29T09:50:13,91.32,0.76,F,2030.53,-7454.58,47.52193451,-122.25695038,E,,,29.82,9.77,,,
5760813,2026-08-29T09:50:14,90.65,0.741,F,2031.33,-7454.61,47.52193451,-122.25694275,E,,,29.92,9.75,,,
5761892,2026-08-29T09:50:15,90.95,0.74,F,2032.13,-7454.62,47.52193451,-122.25692749,E,,,30,9.75,,,
5762980,2026-08-29T09:50:16,95.48,0.735,F,2032.93,-7454.68,47.52193451,-122.25691986,E,,,30.11,9.73,,,
5764063,2026-08-29T09:50:17,93.89,0.747,F,2033.73,-7454.74,47.52193451,-122.25691223,E,,,30.2,9.69,,,
5765133,2026-08-29T09:50:18,93.19,0.759,F,2034.53,-7454.79,47.52193451,-122.25689697,E,,,30.28,9.7,,,
5766220,2026-08-29T09:50:20,87.15,0.749,F,2035.35,-7454.78,47.52193451,-122.25688934,E,,,30.35,9.7,,,
5767288,2026-08-29T09:50:21,85.03,0.747,F,2036.15,-7454.73,47.52193451,-122.25687408,E,,,30.4,9.69,,,
5768380,2026-08-29T09:50:22,85.12,0.74,F,2036.96,-7454.67,47.52193451,-122.25686646,E,,,30.45,9.68,,,
5769450,2026-08-29T09:50:23,88.19,0.739,F,2037.75,-7454.63,47.52193451,-122.25685883,E,,,30.46,9.66,,,
5770534,2026-08-29T09:50:24,87.03,0.724,F,2038.53,-7454.6,47.52193451,-122.25684357,E,,,30.48,9.67,,,
5771603,2026-08-29T09:50:25,84.35,0.715,F,2039.3,-7454.54,47.52193832,-122.25683594,E,,,30.49,9.65,,,
5772692,2026-08-29T09:50:26,89.21,0.732,F,2040.08,-7454.49,47.52193832,-122.25682068,E,,,30.52,9.65,,,
5773774,2026-08-29T09:50:27,86.3,0.733,F,2040.87,-7454.47,47.52193832,-122.25681305,E,,,30.58,9.65,,,
5774843,2026-08-29T09:50:28,86.86,0.735,F,2041.65,-7454.42,47.52193832,-122.25680542,E,,,30.63,9.63,,,
5775932,2026-08-29T09:50:29,82.62,0.746,F,2042.46,-7454.36,47.52193832,-122.25679016,E,,,30.67,9.63,,,
5777012,2026-08-29T09:50:30,79.2,0.741,F,2043.25,-7454.23,47.52193832,-122.25678253,E,,,30.7,9.63,,,
5778100,2026-08-29T09:50:31,74.63,0.751,F,2044.04,-7454.05,47.52194214,-122.2567749,E,,,30.7,9.6,,,
5779179,2026-08-29T09:50:33,74.55,0.731,F,2044.82,-7453.84,47.52194214,-122.25675964,E,,,30.72,9.58,,,
5780248,2026-08-29T09:50:34,75.38,0.733,F,2045.57,-7453.63,47.52194595,-122.25675201,E,,,30.69,9.58,,,
5781334,2026-08-29T09:50:35,83.77,0.731,F,2046.35,-7453.46,47.52194595,-122.25674438,E,,,30.7,9.59,,,
5782404,2026-08-29T09:50:36,94.56,0.721,F,2047.12,-7453.44,47.52194595,-122.25672913,E,,,30.78,9.58,,,
5783472,2026-08-29T09:50:37,92.88,0.743,F,2047.89,-7453.51,47.52194595,-122.2567215,E,,,30.83,9.58,,,
5784541,2026-08-29T09:50:38,87.21,0.744,F,2048.68,-7453.51,47.52194595,-122.25670624,E,,,30.89,9.6,,,
5785615,2026-08-29T09:50:39,85.84,0.742,F,2049.47,-7453.46,47.52194595,-122.25669861,E,,,30.94,9.59,,,
5786683,2026-08-29T09:50:40,79.28,0.715,F,2050.23,-7453.35,47.52194595,-122.25669098,E,,,30.99,9.58,,,
5787766,2026-08-29T09:50:41,77.64,0.734,F,2051,-7453.21,47.52194977,-122.25667572,E,,,30.98,9.59,,,
5788835,2026-08-29T09:50:42,76.25,0.721,F,2051.76,-7453.04,47.52194977,-122.25666809,E,,,30.99,9.57,,,
5789924,2026-08-29T09:50:43,81.61,0.722,F,2052.53,-7452.89,47.52194977,-122.25666046,E,,,31.05,9.57,,,
5791005,2026-08-29T09:50:44,86.41,0.738,F,2053.32,-7452.83,47.52195358,-122.2566452,E,,,31.06,9.58,,,
5792079,2026-08-29T09:50:45,86.29,0.736,F,2054.12,-7452.77,47.52195358,-122.25663757,E,,,31.06,9.57,,,
5793187,2026-08-29T09:50:47,89.37,0.703,F,2054.91,-7452.74,47.52195358,-122.25662994,E,,,31.12,9.57,,,
5794270,2026-08-29T09:50:48,91.52,0.725,F,2055.68,-7452.74,47.52195358,-122.25661469,E,,,31.16,9.53,,,
5795340,2026-08-29T09:50:49,92.21,0.715,F,2056.45,-7452.76,47.52195358,-122.25660706,E,,,31.21,9.55,,,
5796427,2026-08-29T09:50:50,97.65,0.705,F,2057.22,-7452.8,47.52195358,-122.25659943,E,,,31.29,9.56,,,
5797495,2026-08-29T09:50:51,88.24,0.691,F,2057.96,-7452.84,47.52195358,-122.25658417,E,,,31.4,9.56,,,
5798578,2026-08-29T09:50:52,90.29,0.701,F,2058.72,-7452.84,47.52195358,-122.25657654,E,,,31.46,9.57,,,
5799667,2026-08-29T09:50:53,88.9,0.722,F,2059.49,-7452.82,47.52195358,-122.25656891,E,,,31.52,9.57,,,
5800740,2026-08-29T09:50:54,88.66,0.701,F,2060.25,-7452.81,47.52195358,-122.25655365,E,,,31.59,9.56,,,
5801809,2026-08-29T09:50:55,90.01,0.7,F,2060.99,-7452.81,47.52195358,-122.25654602,E,,,31.62,9.55,,,
5802898,2026-08-29T09:50:56,85.68,0.708,F,2061.76,-7452.8,47.52195358,-122.25653839,E,,,31.63,9.54,,,
5803980,2026-08-29T09:50:57,79.84,0.702,F,2062.51,-7452.66,47.52195358,-122.25652313,E,,,31.65,9.55,,,
5805049,2026-08-29T09:50:58,82.39,0.702,F,2063.24,-7452.53,47.52195358,-122.2565155,E,,,31.65,9.54,,,
5806138,2026-08-29T09:50:59,88.05,0.669,F,2063.98,-7452.48,47.52195358,-122.25650787,E,,,31.72,9.54,,,
5807218,2026-08-29T09:51:01,89.56,0.674,F,2064.7,-7452.47,47.52195358,-122.25649261,E,,,31.78,9.55,,,
5808306,2026-08-29T09:51:02,84.05,0.704,F,2065.45,-7452.44,47.52195358,-122.25648499,E,,,31.84,9.53,,,
5809385,2026-08-29T09:51:03,81.52,0.7,F,2066.19,-7452.33,47.5219574,-122.25647736,E,,,31.89,9.51,,,
5810454,2026-08-29T09:51:04,75.09,0.716,F,2066.92,-7452.18,47.5219574,-122.25646973,E,,,31.9,9.52,,,
5811540,2026-08-29T09:51:05,76.1,0.692,F,2067.67,-7452.02,47.5219574,-122.25645447,E,,,31.91,9.53,,,
5812609,2026-08-29T09:51:06,72.24,0.704,F,2068.4,-7451.83,47.52196121,-122.25644684,E,,,31.84,9.52,,,
5813677,2026-08-29T09:51:07,67.05,0.728,F,2069.12,-7451.56,47.52196503,-122.25643921,E,,,31.74,9.52,,,
5814746,2026-08-29T09:51:08,68.23,0.702,F,2069.82,-7451.25,47.52196503,-122.25643158,E,,,31.63,9.53,,,
5815820,2026-08-29T09:51:09,72.61,0.699,F,2070.52,-7450.99,47.52196884,-122.25641632,E,,,31.57,9.52,,,
5816888,2026-08-29T09:51:10,76.92,0.71,F,2071.25,-7450.79,47.52196884,-122.25640869,E,,,31.54,9.51,,,
5817971,2026-08-29T09:51:11,81.95,0.713,F,2072.02,-7450.64,47.52197266,-122.25640106,E,,,31.52,9.52,,,
5819040,2026-08-29T09:51:12,79.65,0.722,F,2072.77,-7450.51,47.52197266,-122.2563858,E,,,31.54,9.51,,,
5820129,2026-08-29T09:51:13,80.36,0.724,F,2073.54,-7450.36,47.52197266,-122.25637817,E,,,31.55,9.51,,,
5821191,2026-08-29T09:51:15,79.26,0.73,F,2074.3,-7450.21,47.52197647,-122.25637054,E,,,31.55,9.51,,,
5822281,2026-08-29T09:51:16,79.88,0.744,F,2075.08,-7450.05,47.52197647,-122.25635529,E,,,31.55,9.53,,,
5823370,2026-08-29T09:51:17,75.63,0.74,F,2075.87,-7449.88,47.52198029,-122.25634766,E,,,31.51,9.51,,,
5824467,2026-08-29T09:51:18,72.68,0.734,F,2076.65,-7449.66,47.52198029,-122.25634003,E,,,31.48,9.43,,,
5825537,2026-08-29T09:51:19,77.59,0.721,F,2077.4,-7449.42,47.5219841,-122.25632477,E,,,31.48,9.49,,,
5826610,2026-08-29T09:51:20,85.89,0.714,F,2078.15,-7449.32,47.5219841,-122.25631714,E,,,31.5,9.5,,,
5827685,2026-08-29T09:51:21,91.25,0.721,F,2078.92,-7449.32,47.5219841,-122.25630951,E,,,31.53,9.51,,,
5828764,2026-08-29T09:51:22,89.14,0.736,F,2079.71,-7449.32,47.5219841,-122.25629425,E,,,31.58,9.51,,,
5829833,2026-08-29T09:51:23,86.81,0.751,F,2080.51,-7449.28,47.5219841,-122.25628662,E,,,31.65,9.5,,,
5830918,2026-08-29T09:51:24,85.96,0.786,F,2081.34,-7449.22,47.5219841,-122.25627136,E,,,31.67,9.51,,,
5832006,2026-08-29T09:51:25,84.11,0.797,F,2082.19,-7449.16,47.5219841,-122.25626373,E,,,31.7,9.52,,,
5833078,2026-08-29T09:51:26,81.9,0.792,F,2083.04,-7449.06,47.5219841,-122.25624847,E,,,31.7,9.51,,,
5834147,2026-08-29T09:51:28,83,0.788,F,2083.89,-7448.95,47.52198792,-122.25624084,E,,,31.71,9.5,,,
5835236,2026-08-29T09:51:29,84.78,0.753,F,2084.73,-7448.86,47.52198792,-122.25623322,E,,,31.71,9.5,,,
5836317,2026-08-29T09:51:30,83.71,0.735,F,2085.52,-7448.8,47.52198792,-122.25621796,E,,,31.73,9.51,,,
5837407,2026-08-29T09:51:31,86.34,0.705,F,2086.3,-7448.74,47.52198792,-122.25621033,E,,,31.73,9.52,,,
5838494,2026-08-29T09:51:32,85.32,0.7,F,2087.05,-7448.68,47.52198792,-122.25619507,E,,,31.72,9.5,,,
5839573,2026-08-29T09:51:33,89.42,0.639,F,2087.78,-7448.66,47.52198792,-122.25618744,E,,,31.76,9.43,,,
5840661,2026-08-29T09:51:34,89.73,0.625,F,2088.46,-7448.65,47.52198792,-122.25617981,E,,,31.81,9.49,,,
5841730,2026-08-29T09:51:35,90.51,0.633,F,2089.13,-7448.65,47.52198792,-122.25617218,E,,,31.86,9.49,,,
5842816,2026-08-29T09:51:36,84.74,0.621,F,2089.81,-7448.62,47.52198792,-122.25616455,E,,,31.92,9.5,,,
5843885,2026-08-29T09:51:37,88.24,0.629,F,2090.47,-7448.57,47.52199173,-122.25614929,E,,,31.99,9.5,,,
5844974,2026-08-29T09:51:38,87.21,0.619,F,2091.14,-7448.56,47.52199173,-122.25614166,E,,,32.07,9.5,,,
5846058,2026-08-29T09:51:39,81.64,0.624,F,2091.81,-7448.49,47.52199173,-122.25613403,E,,,32.1,9.51,,,
5847127,2026-08-29T09:51:40,76.03,0.629,F,2092.48,-7448.36,47.52199173,-122.2561264,E,,,32.11,9.5,,,
5848216,2026-08-29T09:51:42,71.79,0.615,F,2093.14,-7448.16,47.52199554,-122.25611877,E,,,32.11,9.5,,,
5849298,2026-08-29T09:51:43,67.5,0.607,F,2093.76,-7447.93,47.52199554,-122.25611115,E,,,32.08,9.51,,,
5850367,2026-08-29T09:51:44,70.39,0.619,F,2094.37,-7447.69,47.52199936,-122.25610352,E,,,32.05,9.5,,,
5851450,2026-08-29T09:51:45,72.55,0.612,F,2095,-7447.47,47.52199936,-122.25609589,E,,,32.02,9.5,,,
5852540,2026-08-29T09:51:46,79.4,0.605,F,2095.64,-7447.31,47.52200317,-122.25608063,E,,,32.03,9.52,,,
5853626,2026-08-29T09:51:47,81.31,0.615,F,2096.29,-7447.21,47.52200317,-122.256073,E,,,32.05,9.5,,,
5854696,2026-08-29T09:51:48,80.89,0.64,F,2096.95,-7447.1,47.52200317,-122.25606537,E,,,32.06,9.46,,,
5855783,2026-08-29T09:51:49,78.88,0.64,F,2097.63,-7446.98,47.52200317,-122.25605774,E,,,32.07,9.49,,,
5856852,2026-08-29T09:51:50,73.43,0.63,F,2098.28,-7446.82,47.52200699,-122.25605011,E,,,32.11,9.49,,,
5857941,2026-08-29T09:51:51,68.65,0.63,F,2098.93,-7446.59,47.52200699,-122.25604248,E,,,32.11,9.49,,,
5859016,2026-08-29T09:51:52,63.94,0.647,F,2099.56,-7446.3,47.5220108,-122.25603485,E,,,32.1,9.5,,,
5860090,2026-08-29T09:51:53,63.77,0.619,F,2100.17,-7445.99,47.52201462,-122.25602722,E,,,32.12,9.5,,,
5861144,2026-08-29T09:51:55,65.8,0.644,F,2100.77,-7445.69,47.52201462,-122.25601959,E,,,32.13,9.5,,,
5862213,2026-08-29T09:51:56,65.45,0.632,F,2101.39,-7445.42,47.52201843,-122.25600433,E,,,32.12,9.49,,,
5863302,2026-08-29T09:51:57,66.59,0.618,F,2102.02,-7445.16,47.52202225,-122.2559967,E,,,32.14,9.49,,,
5864385,2026-08-29T09:51:58,67.93,0.628,F,2102.63,-7444.9,47.52202225,-122.25598907,E,,,32.15,9.5,,,
5865454,2026-08-29T09:51:59,69.05,0.621,F,2103.25,-7444.65,47.52202606,-122.25598145,E,,,32.14,9.49,,,
5866543,2026-08-29T09:52:00,73.35,0.598,F,2103.87,-7444.43,47.52202606,-122.25597382,E,,,32.16,9.49,,,
5867623,2026-08-29T09:52:01,72.38,0.611,F,2104.5,-7444.22,47.52202988,-122.25596619,E,,,32.13,9.5,,,
5868690,2026-08-29T09:52:02,71.78,0.623,F,2105.12,-7444.02,47.52202988,-122.25595856,E,,,32.09,9.49,,,
5869769,2026-08-29T09:52:03,74.28,0.631,F,2105.76,-7443.84,47.52203369,-122.25595093,E,,,32.06,9.42,,,
5870857,2026-08-29T09:52:04,79.52,0.632,F,2106.43,-7443.64,47.52203369,-122.2559433,E,,,32,9.48,,,
5871926,2026-08-29T09:52:05,83.1,0.609,F,2107.08,-7443.55,47.52203369,-122.25592804,E,,,32.02,9.48,,,
5873012,2026-08-29T09:52:06,85.76,0.645,F,2107.76,-7443.49,47.52203751,-122.25592041,E,,,32.02,9.49,,,
5874081,2026-08-29T09:52:07,84.37,0.689,F,2108.47,-7443.44,47.52203751,-122.25591278,E,,,32.04,9.49,,,
5875170,2026-08-29T09:52:09,85.9,0.716,F,2109.23,-7443.39,47.52203751,-122.25590515,E,,,32.06,9.49,,,
5876254,2026-08-29T09:52:10,85.35,0.734,F,2110.01,-7443.31,47.52203751,-122.25588989,E,,,32.07,9.5,,,
5877323,2026-08-29T09:52:11,85.45,0.722,F,2110.78,-7443.23,47.52203751,-122.25588226,E,,,32.11,9.49,,,
5878412,2026-08-29T09:52:12,83.7,0.736,F,2111.58,-7443.15,47.52203751,-122.25587463,E,,,32.13,9.5,,,
5879494,2026-08-29T09:52:13,80.22,0.745,F,2112.38,-7443.04,47.52204132,-122.25585938,E,,,32.14,9.5,,,
5880564,2026-08-29T09:52:14,78.32,0.757,F,2113.17,-7442.89,47.52204132,-122.25585175,E,,,32.16,9.49,,,
5881643,2026-08-29T09:52:15,77.38,0.766,F,2113.96,-7442.73,47.52204132,-122.25583649,E,,,32.15,9.49,,,
5882724,2026-08-29T09:52:16,75.62,0.77,F,2114.77,-7442.54,47.52204514,-122.25582886,E,,,32.12,9.51,,,
5883812,2026-08-29T09:52:17,76.06,0.742,F,2115.57,-7442.36,47.52204514,-122.25582123,E,,,32.12,9.49,,,
5884891,2026-08-29T09:52:18,78.98,0.768,F,2116.37,-7442.19,47.52204895,-122.25580597,E,,,32.11,9.48,,,
5885960,2026-08-29T09:52:19,78.59,0.787,F,2117.18,-7442.03,47.52204895,-122.25579834,E,,,32.11,9.49,,,
5887046,2026-08-29T09:52:20,80.25,0.81,F,2118.04,-7441.87,47.52204895,-122.25578308,E,,,32.13,9.5,,,
5888115,2026-08-29T09:52:21,81.23,0.801,F,2118.89,-7441.71,47.52205276,-122.25577545,E,,,32.14,9.49,,,
5889196,2026-08-29T09:52:23,78.12,0.808,F,2119.74,-7441.54,47.52205276,-122.25576019,E,,,32.14,9.5,,,
5890270,2026-08-29T09:52:24,74.69,0.786,F,2120.57,-7441.33,47.52205658,-122.25575256,E,,,32.14,9.5,,,
5891338,2026-08-29T09:52:25,71.77,0.785,F,2121.38,-7441.1,47.52205658,-122.25574493,E,,,32.12,9.48,,,
5892422,2026-08-29T09:52:26,78.09,0.782,F,2122.21,-7440.91,47.52206039,-122.25572968,E,,,32.1,9.49,,,
5893510,2026-08-29T09:52:27,77.2,0.779,F,2123.03,-7440.73,47.52206039,-122.25572205,E,,,32.03,9.5,,,
5894581,2026-08-29T09:52:28,78.37,0.765,F,2123.85,-7440.57,47.52206039,-122.25570679,E,,,31.95,9.49,,,
5895650,2026-08-29T09:52:29,79.89,0.743,F,2124.64,-7440.41,47.52206421,-122.25569916,E,,,31.91,9.48,,,
5896739,2026-08-29T09:52:30,83.06,0.766,F,2125.45,-7440.28,47.52206421,-122.2556839,E,,,31.88,9.48,,,
5897819,2026-08-29T09:52:31,88.35,0.77,F,2126.28,-7440.21,47.52206421,-122.25567627,E,,,31.87,9.49,,,
5898907,2026-08-29T09:52:32,88.67,0.772,F,2127.11,-7440.2,47.52206421,-122.25566864,E,,,31.89,9.46,,,
5899986,2026-08-29T09:52:33,90.31,0.773,F,2127.95,-7440.2,47.52206421,-122.25565338,E,,,31.92,9.45,,,
5901055,2026-08-29T09:52:34,88.81,0.775,F,2128.79,-7440.19,47.52206421,-122.25564575,E,,,31.96,9.45,,,
5902141,2026-08-29T09:52:35,86.73,0.787,F,2129.64,-7440.16,47.52206421,-122.25563049,E,,,32.03,9.46,,,
5903210,2026-08-29T09:52:37,85.11,0.801,F,2130.48,-7440.1,47.52206802,-122.25562286,E,,,32.05,9.46,,,
5904278,2026-08-29T09:52:38,84.87,0.785,F,2131.32,-7440.05,47.52206802,-122.2556076,E,,,32.08,9.46,,,
5905347,2026-08-29T09:52:39,86.16,0.773,F,2132.14,-7439.99,47.52206802,-122.25559998,E,,,32.12,9.49,,,
5906421,2026-08-29T09:52:40,84.23,0.776,F,2132.97,-7439.93,47.52206802,-122.25558472,E,,,32.15,9.48,,,
5907489,2026-08-29T09:52:41,79.08,0.793,F,2133.8,-7439.81,47.52206802,-122.25557709,E,,,32.15,9.46,,,
5908555,2026-08-29T09:52:42,90.17,0.78,F,2134.63,-7439.73,47.52206802,-122.25556183,E,,,32.15,9.47,,,
5909627,2026-08-29T09:52:43,97.75,0.766,F,2135.46,-7439.79,47.52206802,-122.2555542,E,,,32.11,9.48,,,
5910695,2026-08-29T09:52:44,102.64,0.744,F,2136.26,-7439.94,47.52206802,-122.25554657,E,,,32.1,9.46,,,
5911770,2026-08-29T09:52:45,106.14,0.755,F,2137.04,-7440.15,47.52206421,-122.25553131,E,,,32.08,9.49,,,
5912832,2026-08-29T09:52:46,107.83,0.722,F,2137.79,-7440.39,47.52206421,-122.25552368,E,,,32.08,9.48,,,
5913920,2026-08-29T09:52:47,101.83,0.738,F,2138.55,-7440.59,47.52206039,-122.25551605,E,,,32.08,9.45,,,
5915017,2026-08-29T09:52:48,108.03,0.732,F,2139.34,-7440.77,47.52206039,-122.25550079,E,,,32.1,9.45,,,
5916089,2026-08-29T09:52:49,109.11,0.722,F,2140.06,-7441.03,47.52205658,-122.25549316,E,,,32.17,9.39,,,
5917159,2026-08-29T09:52:51,111.9,0.742,F,2140.79,-7441.31,47.52205658,-122.25548553,E,,,32.26,9.44,,,
5918246,2026-08-29T09:52:52,106.89,0.764,F,2141.57,-7441.58,47.52205276,-122.25547028,E,,,32.32,9.46,,,
5919318,2026-08-29T09:52:53,100.93,0.769,F,2142.38,-7441.77,47.52205276,-122.25546265,E,,,32.33,9.46,,,
5920392,2026-08-29T09:52:54,103.88,0.731,F,2143.16,-7441.96,47.52204895,-122.25545502,E,,,32.37,9.46,,,
5921461,2026-08-29T09:52:55,103.51,0.761,F,2143.93,-7442.17,47.52204895,-122.25543976,E,,,32.35,9.45,,,
5922545,2026-08-29T09:52:56,108.2,0.751,F,2144.73,-7442.36,47.52204514,-122.25543213,E,,,32.32,9.46,,,
5923614,2026-08-29T09:52:57,118.94,0.736,F,2145.45,-7442.68,47.52204132,-122.2554245,E,,,32.34,9.45,,,
5924703,2026-08-29T09:52:58,128.65,0.733,F,2146.11,-7443.12,47.52203751,-122.25540924,E,,,32.38,9.45,,,
5925785,2026-08-29T09:52:59,134.34,0.731,F,2146.7,-7443.66,47.52203369,-122.25540161,E,,,32.43,9.46,,,
5926854,2026-08-29T09:53:00,131.09,0.747,F,2147.28,-7444.2,47.52202988,-122.25539398,E,,,32.5,9.45,,,
5927943,2026-08-29T09:53:01,125.4,0.753,F,2147.93,-7444.71,47.52202606,-122.25538635,E,,,32.53,9.45,,,
5929023,2026-08-29T09:53:02,117.88,0.761,F,2148.62,-7445.14,47.52202225,-122.25537872,E,,,32.55,9.46,,,
5930111,2026-08-29T09:53:03,116.52,0.75,F,2149.36,-7445.51,47.52201843,-122.25537109,E,,,32.53,9.45,,,
5931190,2026-08-29T09:53:05,118.05,0.743,F,2150.08,-7445.88,47.52201462,-122.25535583,E,,,32.5,9.43,,,
5932259,2026-08-29T09:53:06,116.05,0.758,F,2150.79,-7446.24,47.5220108,-122.25534821,E,,,32.48,9.44,,,
5933345,2026-08-29T09:53:07,119.97,0.763,F,2151.52,-7446.64,47.52200699,-122.25534058,E,,,32.45,9.45,,,
5934414,2026-08-29T09:53:08,120.78,0.756,F,2152.22,-7447.06,47.52200317,-122.25533295,E,,,32.43,9.44,,,
5935471,2026-08-29T09:53:09,114.97,0.753,F,2152.93,-7447.42,47.52199936,-122.25531769,E,,,32.4,9.44,,,
5936540,2026-08-29T09:53:10,128.84,0.704,F,2153.6,-7447.83,47.52199554,-122.25531006,E,,,32.44,9.45,,,
5937609,2026-08-29T09:53:11,132.88,0.714,F,2154.18,-7448.33,47.52199173,-122.25530243,E,,,32.51,9.44,,,
5938678,2026-08-29T09:53:12,129.92,0.748,F,2154.77,-7448.85,47.52198792,-122.2552948,E,,,32.58,9.47,,,
5939751,2026-08-29T09:53:13,133.39,0.742,F,2155.37,-7449.39,47.5219841,-122.25528717,E,,,32.64,9.46,,,
5940806,2026-08-29T09:53:14,130.6,0.743,F,2155.95,-7449.92,47.52197647,-122.25527954,E,,,32.68,9.38,,,
5941883,2026-08-29T09:53:15,124.65,0.756,F,2156.58,-7450.42,47.52197266,-122.25527191,E,,,32.7,9.46,,,
5942953,2026-08-29T09:53:16,117.66,0.764,F,2157.28,-7450.83,47.52196884,-122.25526428,E,,,32.69,9.45,,,
5944017,2026-08-29T09:53:17,113.93,0.771,F,2158.02,-7451.19,47.52196503,-122.25525665,E,,,32.66,9.45,,,
5945106,2026-08-29T09:53:18,108.21,0.758,F,2158.79,-7451.48,47.52196503,-122.25524139,E,,,32.61,9.46,,,
5946193,2026-08-29T09:53:20,119.23,0.648,F,2159.5,-7451.8,47.52196121,-122.25523376,E,,,32.59,9.45,,,
5947272,2026-08-29T09:53:21,131.81,0.521,F,2160.04,-7452.12,47.5219574,-122.25522614,E,,,32.61,9.38,,,
5948360,2026-08-29T09:53:22,141.2,0.374,F,2160.36,-7452.48,47.52195358,-122.25521851,E,,,32.79,9.44,,,
5949438,2026-08-29T09:53:23,155.8,0.262,F,2160.54,-7452.76,47.52195358,-122.25521851,E,,,32.83,9.44,,,
5950512,2026-08-29T09:53:24,167.31,0.199,F,2160.62,-7452.99,47.52194977,-122.25521851,E,,,32.9,9.45,,,
5951586,2026-08-29T09:53:25,173.82,0.163,F,2160.65,-7453.19,47.52194977,-122.25521851,E,,,33.04,9.45,,,
5952655,2026-08-29T09:53:26,171.88,0.158,F,2160.68,-7453.34,47.52194595,-122.25521851,E,,,33.16,9.45,,,
5953739,2026-08-29T09:53:27,162.92,0.135,F,2160.71,-7453.5,47.52194595,-122.25521851,E,,,33.23,9.46,,,
5954808,2026-08-29T09:53:28,95.99,0.126,F,2160.79,-7453.59,47.52194595,-122.25521851,E,,,33.2,9.45,,,
5955897,2026-08-29T09:53:29,69.86,0.155,F,2160.95,-7453.55,47.52194595,-122.25521088,E,,,33.1,9.45,,,
5956979,2026-08-29T09:53:30,77.42,0.12,F,2161.09,-7453.5,47.52194595,-122.25521088,E,,,33.02,9.46,,,
5958048,2026-08-29T09:53:31,92.31,0,F,2161.15,-7453.5,47.52194595,-122.25521088,E,,,33.02,9.45,,,
5959137,2026-08-29T09:53:32,101.74,0,F,2161.15,-7453.5,47.52194595,-122.25521088,E,,,33.05,9.45,,,
5960217,2026-08-29T09:53:34,104.14,0,F,2161.15,-7453.5,47.52194595,-122.25521088,E,,,33.11,9.46,,,
5961305,2026-08-29T09:53:35,99.03,0,F,2161.15,-7453.5,47.52194595,-122.25521088,E,,,33.15,9.45,,,
5962384,2026-08-29T09:53:36,117.81,0,F,2161.15,-7453.5,47.52194595,-122.25521088,E,,,33.13,9.43,,,
5963453,2026-08-29T09:53:37,144.03,0,F,2161.15,-7453.5,47.52194595,-122.25521088,E,,,33.1,9.44,,,
5964539,2026-08-29T09:53:38,137.85,0,F,2161.15,-7453.5,47.52194595,-122.25521088,E,,,32.92,9.46,,,
5965608,2026-08-29T09:53:39,147.61,0.109,F,2161.18,-7453.54,47.52194595,-122.25521088,E,,,32.76,9.45,,,
5966676,2026-08-29T09:53:40,143.63,0,F,2161.19,-7453.56,47.52194595,-122.25521088,E,,,32.69,9.45,,,
5967745,2026-08-29T09:53:41,145.22,0,F,2161.19,-7453.56,47.52194595,-122.25521088,E,,,32.68,9.46,,,
5968819,2026-08-29T09:53:42,124.68,0.111,F,2161.2,-7453.57,47.52194595,-122.25521088,E,,,32.68,9.45,Mark arrival at Scattered Barge 2,,
5969887,2026-08-29T09:53:43,125.8,0.109,F,2161.24,-7453.59,47.52194595,-122.25521088,E,,,32.71,9.45,Actual position,,
5970970,2026-08-29T09:53:44,178.95,0.113,F,2161.29,-7453.7,47.52194595,-122.25521088,E,,,32.72,9.45,,47.52176,-122.25532
5972045,2026-08-29T09:53:45,191.72,0,F,2161.29,-7453.74,47.52194214,-122.25521088,E,,,32.75,9.45,,,
5973134,2026-08-29T09:53:46,190.85,0,F,2161.29,-7453.74,47.52194214,-122.25521088,E,,,32.74,9.45,,,
5974215,2026-08-29T09:53:48,189.66,0,F,2161.29,-7453.74,47.52194214,-122.25521088,E,,,32.75,9.46,,,
5975305,2026-08-29T09:53:49,182.63,0,F,2161.29,-7453.74,47.52194214,-122.25521088,E,,,32.78,9.48,,,
5976392,2026-08-29T09:53:50,182.46,0,F,2161.29,-7453.74,47.52194214,-122.25521088,E,,,32.81,9.45,,,
5977471,2026-08-29T09:53:51,179.96,0,F,2161.29,-7453.74,47.52194214,-122.25521088,E,,,32.84,9.38,,,
5978559,2026-08-29T09:53:52,174.78,0,F,2161.29,-7453.74,47.52194214,-122.25521088,E,,,32.75,9.43,,,
5979629,2026-08-29T09:53:53,149.47,0.133,F,2161.31,-7453.77,47.52194214,-122.25521088,E,,,32.71,9.43,,,
5980715,2026-08-29T09:53:54,133.76,0.131,F,2161.41,-7453.89,47.52194214,-122.25521088,E,,,32.67,9.44,,,
5981784,2026-08-29T09:53:55,122.27,0.123,F,2161.5,-7453.95,47.52194214,-122.25520325,E,,,32.67,9.44,,,
5982873,2026-08-29T09:53:56,126.77,0.124,F,2161.62,-7454.04,47.52194214,-122.25520325,E,,,32.7,9.44,,,
5983957,2026-08-29T09:53:57,121.29,0,F,2161.68,-7454.08,47.52194214,-122.25520325,E,,,32.73,9.45,,,
5985026,2026-08-29T09:53:58,120.41,0,F,2161.68,-7454.08,47.52194214,-122.25520325,E,,,32.76,9.45,,,
5986115,2026-08-29T09:53:59,122.9,0,F,2161.68,-7454.08,47.52194214,-122.25520325,E,,,32.79,9.45,,,
5987197,2026-08-29T09:54:01,122.67,0,F,2161.68,-7454.08,47.52194214,-122.25520325,E,,,32.78,9.45,,,
5988266,2026-08-29T09:54:02,121.2,0,F,2161.68,-7454.08,47.52194214,-122.25520325,E,,,32.77,9.44,,,
5989355,2026-08-29T09:54:03,120.34,0,F,2161.68,-7454.08,47.52194214,-122.25520325,E,,,32.81,9.45,,,
5990435,2026-08-29T09:54:04,116.51,0,F,2161.68,-7454.08,47.52194214,-122.25520325,E,,,32.88,9.46,,,
5991523,2026-08-29T09:54:05,118.92,0,F,2161.68,-7454.08,47.52194214,-122.25520325,E,,,32.87,9.44,,,
5992602,2026-08-29T09:54:06,122.81,0,F,2161.68,-7454.08,47.52194214,-122.25520325,E,,,32.86,9.43,,,
5993671,2026-08-29T09:54:07,125.78,0,F,2161.68,-7454.08,47.52194214,-122.25520325,E,,,32.9,9.44,,,
5994757,2026-08-29T09:54:08,127.27,0,F,2161.68,-7454.08,47.52194214,-122.25520325,E,,,32.97,9.45,,,
5995826,2026-08-29T09:54:09,126.18,0,F,2161.68,-7454.08,47.52194214,-122.25520325,E,,,33.03,9.45,,,
5996894,2026-08-29T09:54:10,124.6,0,F,2161.68,-7454.08,47.52194214,-122.25520325,E,,,33.07,9.45,,,
5997963,2026-08-29T09:54:11,123.83,0,F,2161.68,-7454.08,47.52194214,-122.25520325,E,,,33.13,9.48,,,
5999037,2026-08-29T09:54:12,120.9,0,F,2161.68,-7454.08,47.52194214,-122.25520325,E,,,33.17,9.46,,,
6000105,2026-08-29T09:54:13,118.36,0,F,2161.68,-7454.08,47.52194214,-122.25520325,E,,,33.22,9.46,,,
6001105,2026-08-29T09:54:14,110.55,0,F,2161.68,-7454.08,47.52194214,-122.25520325,E,,,33.21,9.48,,,
6002187,2026-08-29T09:54:16,111.76,0,F,2161.68,-7454.08,47.52194214,-122.25520325,E,,,33.18,9.48,,,
6003256,2026-08-29T09:54:17,113.14,0,F,2161.68,-7454.08,47.52194214,-122.25520325,E,,,33.2,9.45,,,
6004329,2026-08-29T09:54:18,112.5,0,F,2161.68,-7454.08,47.52194214,-122.25520325,E,,,33.23,9.49,,,
6005399,2026-08-29T09:54:19,106.78,0,F,2161.68,-7454.08,47.52194214,-122.25520325,E,,,33.27,9.48,,,
6006489,2026-08-29T09:54:20,107.1,0,F,2161.68,-7454.08,47.52194214,-122.25520325,E,,,33.3,9.49,,,
6007578,2026-08-29T09:54:21,106.42,0,F,2161.68,-7454.08,47.52194214,-122.25520325,E,,,33.28,9.45,,,
6008675,2026-08-29T09:54:22,93.06,0,F,2161.68,-7454.08,47.52194214,-122.25520325,E,,,33.19,9.39,,,
6009763,2026-08-29T09:54:23,88.26,0,F,2161.68,-7454.08,47.52194214,-122.25520325,E,,,33.19,9.44,,,
6010851,2026-08-29T09:54:24,85.74,0,F,2161.68,-7454.08,47.52194214,-122.25520325,E,,,33.21,9.48,,,
6011926,2026-08-29T09:54:25,70.43,0,F,2161.68,-7454.08,47.52194214,-122.25520325,E,,,33.19,9.45,,,
6012995,2026-08-29T09:54:26,75.34,0,F,2161.68,-7454.08,47.52194214,-122.25520325,E,,,33.08,9.45,,,
6014084,2026-08-29T09:54:27,93.42,0,F,2161.68,-7454.08,47.52194214,-122.25520325,E,,,33.05,9.45,,,
6015168,2026-08-29T09:54:29,82.55,0,F,2161.68,-7454.08,47.52194214,-122.25520325,E,,,33.04,9.46,,,
6016237,2026-08-29T09:54:30,86.04,0,F,2161.68,-7454.08,47.52194214,-122.25520325,E,,,32.91,9.44,,,
6017326,2026-08-29T09:54:31,87.45,0,F,2161.68,-7454.08,47.52194214,-122.25520325,E,,,32.85,9.45,,,
6018408,2026-08-29T09:54:32,90.09,0,F,2161.68,-7454.08,47.52194214,-122.25520325,E,,,32.85,9.46,,,
6019477,2026-08-29T09:54:33,90.76,0,F,2161.68,-7454.08,47.52194214,-122.25520325,E,,,32.83,9.44,,,
6020566,2026-08-29T09:54:34,97.4,0,F,2161.68,-7454.08,47.52194214,-122.25520325,E,,,32.77,9.45,,,
6021646,2026-08-29T09:54:35,101.8,0,F,2161.68,-7454.08,47.52194214,-122.25520325,E,,,32.75,9.46,,,
6022734,2026-08-29T09:54:36,104.69,0,F,2161.68,-7454.08,47.52194214,-122.25520325,E,,,32.78,9.44,,,
6023813,2026-08-29T09:54:37,105.92,0,F,2161.68,-7454.08,47.52194214,-122.25520325,E,,,32.8,9.43,,,
6024882,2026-08-29T09:54:38,108.24,0,F,2161.68,-7454.08,47.52194214,-122.25520325,E,,,32.81,9.44,,,
6025968,2026-08-29T09:54:39,118.6,0,F,2161.68,-7454.08,47.52194214,-122.25520325,E,,,32.78,9.45,,,
6027037,2026-08-29T09:54:40,142.92,0,F,2161.68,-7454.08,47.52194214,-122.25520325,E,,,32.68,9.44,,,
6028105,2026-08-29T09:54:41,157.09,0,F,2161.68,-7454.08,47.52194214,-122.25520325,E,,,32.57,9.44,,,
6029174,2026-08-29T09:54:43,167.11,0,F,2161.68,-7454.08,47.52194214,-122.25520325,E,,,32.57,9.46,,,
6030248,2026-08-29T09:54:44,174.95,0,F,2161.68,-7454.08,47.52194214,-122.25520325,E,,,32.58,9.45,,,
6031308,2026-08-29T09:54:45,189.52,0,F,2161.68,-7454.08,47.52194214,-122.25520325,E,,,32.6,9.48,,,
6032392,2026-08-29T09:54:46,198.32,0,F,2161.68,-7454.08,47.52194214,-122.25520325,E,,,32.6,9.45,,,
6033461,2026-08-29T09:54:47,210.11,0,F,2161.68,-7454.08,47.52194214,-122.25520325,E,,,32.57,9.44,,,
6034550,2026-08-29T09:54:48,212.92,0,F,2161.68,-7454.08,47.52194214,-122.25520325,E,,,32.58,9.44,,,
6035631,2026-08-29T09:54:49,211.37,0,F,2161.68,-7454.08,47.52194214,-122.25520325,E,,,32.51,9.45,,,
6036721,2026-08-29T09:54:50,212.83,0,F,2161.68,-7454.08,47.52194214,-122.25520325,E,,,32.52,9.46,,,
6037808,2026-08-29T09:54:51,212.84,0,F,2161.68,-7454.08,47.52194214,-122.25520325,E,,,32.59,9.44,,,
6038887,2026-08-29T09:54:52,213.03,0,F,2161.68,-7454.08,47.52194214,-122.25520325,E,,,32.67,9.38,,,
6039982,2026-08-29T09:54:53,213.4,0,F,2161.68,-7454.08,47.52194214,-122.25520325,E,,,32.74,9.43,,,
6041050,2026-08-29T09:54:54,221.07,0,F,2161.68,-7454.08,47.52194214,-122.25520325,E,,,32.76,9.43,,,
6042136,2026-08-29T09:54:55,221.85,0,F,2161.68,-7454.08,47.52194214,-122.25520325,E,,,32.82,9.45,,,
6043205,2026-08-29T09:54:57,213.87,0,F,2161.68,-7454.08,47.52194214,-122.25520325,E,,,32.91,9.44,,,
6044294,2026-08-29T09:54:58,214.05,0,F,2161.68,-7454.08,47.52194214,-122.25520325,E,,,33,9.45,,,
6045378,2026-08-29T09:54:59,226.55,0,F,2161.68,-7454.08,47.52194214,-122.25520325,E,,,33.1,9.46,,,
6046447,2026-08-29T09:55:00,226.97,0,F,2161.68,-7454.08,47.52194214,-122.25520325,E,,,33.19,9.45,,,
6047536,2026-08-29T09:55:01,234.2,0,F,2161.68,-7454.08,47.52194214,-122.25520325,E,,,33.29,9.44,,,
6048618,2026-08-29T09:55:02,220.53,0,F,2161.68,-7454.08,47.52194214,-122.25520325,E,,,33.36,9.46,,,
6049687,2026-08-29T09:55:03,217.84,0,F,2161.68,-7454.08,47.52194214,-122.25520325,E,,,33.42,9.45,,,
6050776,2026-08-29T09:55:04,232.28,0,F,2161.68,-7454.08,47.52194214,-122.25520325,E,,,33.53,9.45,,,
6051856,2026-08-29T09:55:05,247.88,0,F,2161.68,-7454.08,47.52194214,-122.25520325,E,,,33.67,9.46,,,
6052944,2026-08-29T09:55:06,255.61,0,F,2161.68,-7454.08,47.52194214,-122.25520325,E,,,33.83,9.45,,,
6054023,2026-08-29T09:55:07,256.51,0,F,2161.68,-7454.08,47.52194214,-122.25520325,E,,,33.91,9.43,,,
6055092,2026-08-29T09:55:08,263.95,0,F,2161.68,-7454.08,47.52194214,-122.25520325,E,,,33.95,9.44,,,
6056178,2026-08-29T09:55:10,273.31,0,F,2161.68,-7454.08,47.52194214,-122.25520325,E,,,33.93,9.45,,,
6057247,2026-08-29T09:55:11,271.27,0,F,2161.68,-7454.08,47.52194214,-122.25520325,E,,,33.99,9.45,,,
6058315,2026-08-29T09:55:12,264.48,0,F,2161.68,-7454.08,47.52194214,-122.25520325,E,,,33.98,9.45,,,
6059384,2026-08-29T09:55:13,265.1,0,F,2161.68,-7454.08,47.52194214,-122.25520325,E,,,33.99,9.47,,,
6060458,2026-08-29T09:55:14,255.87,0,F,2161.68,-7454.08,47.52194214,-122.25520325,E,,,33.97,9.46,,,
6061533,2026-08-29T09:55:15,254.5,0,F,2161.68,-7454.08,47.52194214,-122.25520325,E,,,33.97,9.46,,,
6062605,2026-08-29T09:55:16,247.68,0,F,2161.68,-7454.08,47.52194214,-122.25520325,E,,,33.98,9.46,,,
6063674,2026-08-29T09:55:17,240.57,0,F,2161.68,-7454.08,47.52194214,-122.25520325,E,,,33.98,9.45,,,
6064763,2026-08-29T09:55:18,235.1,0,F,2161.68,-7454.08,47.52194214,-122.25520325,E,,,33.99,9.45,,,
6065844,2026-08-29T09:55:19,226.14,0,F,2161.68,-7454.08,47.52194214,-122.25520325,E,,,33.98,9.46,,,
6066934,2026-08-29T09:55:20,223.94,0,F,2161.68,-7454.08,47.52194214,-122.25520325,E,,,33.98,9.48,,,
6068021,2026-08-29T09:55:21,227.08,0,F,2161.68,-7454.08,47.52194214,-122.25520325,E,,,33.97,9.45,,,
6069100,2026-08-29T09:55:22,230.51,0,F,2161.68,-7454.08,47.52194214,-122.25520325,E,,,33.96,9.39,,,
6070194,2026-08-29T09:55:24,237.52,0,F,2161.68,-7454.08,47.52194214,-122.25520325,E,,,33.95,9.44,,,
6071262,2026-08-29T09:55:25,239.92,0,F,2161.68,-7454.08,47.52194214,-122.25520325,E,,,33.96,9.44,,,
6072348,2026-08-29T09:55:26,245.9,0,F,2161.68,-7454.08,47.52194214,-122.25520325,E,,,33.94,9.46,,,
6073417,2026-08-29T09:55:27,245.58,0,F,2161.68,-7454.08,47.52194214,-122.25520325,E,,,33.94,9.45,,,
6074506,2026-08-29T09:55:28,250.56,0,F,2161.68,-7454.08,47.52194214,-122.25520325,E,,,33.93,9.46,,,
6075590,2026-08-29T09:55:29,244.84,0,F,2161.68,-7454.08,47.52194214,-122.25520325,E,,,33.93,9.46,,,
6076659,2026-08-29T09:55:30,245.57,0,F,2161.68,-7454.08,47.52194214,-122.25520325,E,,,33.92,9.45,,,
6077748,2026-08-29T09:55:31,238.84,0,F,2161.68,-7454.08,47.52194214,-122.25520325,E,,,33.9,9.45,,,
6078830,2026-08-29T09:55:32,235.37,0,F,2161.68,-7454.08,47.52194214,-122.25520325,E,,,33.88,9.46,,,
6079899,2026-08-29T09:55:33,248.69,0,F,2161.68,-7454.08,47.52194214,-122.25520325,E,,,33.85,9.45,,,
6080988,2026-08-29T09:55:34,263.33,0,F,2161.68,-7454.08,47.52194214,-122.25520325,E,,,33.82,9.45,,,
6082068,2026-08-29T09:55:35,282.24,0,F,2161.68,-7454.08,47.52194214,-122.25520325,E,,,33.81,9.48,,,
6083156,2026-08-29T09:55:37,319.49,0,F,2161.68,-7454.08,47.52194214,-122.25520325,E,,,33.8,9.44,,,
6084245,2026-08-29T09:55:38,339.08,0,F,2161.68,-7454.08,47.52194214,-122.25520325,E,,,33.75,9.46,,,
6085332,2026-08-29T09:55:39,347.65,0,F,2161.68,-7454.08,47.52194214,-122.25520325,E,,,33.75,9.44,,,
6086401,2026-08-29T09:55:40,342.35,0,F,2161.68,-7454.08,47.52194214,-122.25520325,E,,,33.77,9.44,,,
6087490,2026-08-29T09:55:41,327.01,0,F,2161.68,-7454.08,47.52194214,-122.25520325,E,,,33.74,9.45,,,
6088575,2026-08-29T09:55:42,304.8,0,F,2161.68,-7454.08,47.52194214,-122.25520325,E,,,33.7,9.45,,,
6089644,2026-08-29T09:55:43,313.85,0,F,2161.68,-7454.08,47.52194214,-122.25520325,E,,,33.63,9.44,,,
6090733,2026-08-29T09:55:44,308.81,0,F,2161.68,-7454.08,47.52194214,-122.25520325,E,,,33.6,9.44,,,
6091816,2026-08-29T09:55:45,341.47,0,F,2161.68,-7454.08,47.52194214,-122.25520325,E,,,33.56,9.45,,,
6092886,2026-08-29T09:55:46,354.43,0,F,2161.68,-7454.08,47.52194214,-122.25520325,E,,,33.59,9.44,,,
6093975,2026-08-29T09:55:47,350.19,0.114,F,2161.67,-7454.03,47.52194214,-122.25520325,E,,,33.46,9.44,,,
6095056,2026-08-29T09:55:48,341.03,0,F,2161.66,-7453.99,47.52194214,-122.25520325,E,,,33.44,9.45,,,
6096146,2026-08-29T09:55:50,347.61,0,F,2161.66,-7453.99,47.52194214,-122.25520325,E,,,33.44,9.46,,,
6097233,2026-08-29T09:55:51,353.82,0,F,2161.66,-7453.99,47.52194214,-122.25520325,E,,,33.39,9.44,,,
6098312,2026-08-29T09:55:52,352.47,0,F,2161.66,-7453.99,47.52194214,-122.25520325,E,,,33.26,9.38,,,
6099402,2026-08-29T09:55:53,349.42,0,F,2161.66,-7453.99,47.52194214,-122.25520325,E,,,33.2,9.43,,,
6100488,2026-08-29T09:55:54,351.58,0,F,2161.66,-7453.99,47.52194214,-122.25520325,E,,,33.19,9.43,,,
6101557,2026-08-29T09:55:55,351.05,0,F,2161.66,-7453.99,47.52194214,-122.25520325,E,,,33.12,9.43,,,
6102625,2026-08-29T09:55:56,349.88,0,F,2161.66,-7453.99,47.52194214,-122.25520325,E,,,33.1,9.43,,,
6103711,2026-08-29T09:55:57,351.87,0,F,2161.66,-7453.99,47.52194214,-122.25520325,E,,,33.07,9.44,,,
6104779,2026-08-29T09:55:58,353.5,0,F,2161.66,-7453.99,47.52194214,-122.25520325,E,,,33.03,9.44,,,
6105863,2026-08-29T09:55:59,353.86,0,F,2161.66,-7453.99,47.52194214,-122.25520325,E,,,32.98,9.45,,,
6106951,2026-08-29T09:56:00,353.93,0,F,2161.66,-7453.99,47.52194214,-122.25520325,E,,,32.91,9.46,,,
6108022,2026-08-29T09:56:01,352.55,0,F,2161.66,-7453.99,47.52194214,-122.25520325,E,,,32.81,9.44,,,
6109091,2026-08-29T09:56:02,353.16,0,F,2161.66,-7453.99,47.52194214,-122.25520325,E,,,32.69,9.43,,,
6110180,2026-08-29T09:56:04,350.75,0,F,2161.66,-7453.99,47.52194214,-122.25520325,E,,,32.53,9.43,,,
6111260,2026-08-29T09:56:05,339.28,0,F,2161.66,-7453.99,47.52194214,-122.25520325,E,,,32.51,9.44,,,
6112348,2026-08-29T09:56:06,337.88,0,F,2161.66,-7453.99,47.52194214,-122.25520325,E,,,32.36,9.42,,,
6113427,2026-08-29T09:56:07,333.56,0,F,2161.66,-7453.99,47.52194214,-122.25520325,E,,,32.3,9.41,,,
6114496,2026-08-29T09:56:08,331.6,0,F,2161.66,-7453.99,47.52194214,-122.25520325,E,,,32.29,9.42,,,
6115582,2026-08-29T09:56:09,332.89,0,F,2161.66,-7453.99,47.52194214,-122.25520325,E,,,32.22,9.43,,,
6116651,2026-08-29T09:56:10,330.31,0,F,2161.66,-7453.99,47.52194214,-122.25520325,E,,,32.2,9.43,,,
6117719,2026-08-29T09:56:11,325.09,0,F,2161.66,-7453.99,47.52194214,-122.25520325,E,,,32.11,9.42,,,
6118788,2026-08-29T09:56:12,319.33,0,F,2161.66,-7453.99,47.52194214,-122.25520325,E,,,32.05,9.45,,,
6119862,2026-08-29T09:56:13,317.09,0,F,2161.66,-7453.99,47.52194214,-122.25520325,E,,,31.98,9.43,,,
6120930,2026-08-29T09:56:14,309.44,0,F,2161.66,-7453.99,47.52194214,-122.25520325,E,,,31.89,9.39,,,
6122005,2026-08-29T09:56:15,302.27,0,F,2161.66,-7453.99,47.52194214,-122.25520325,E,,,31.86,9.45,,,
6123077,2026-08-29T09:56:16,320.3,0,F,2161.66,-7453.99,47.52194214,-122.25520325,E,,,31.85,9.44,,,
6124165,2026-08-29T09:56:18,335.82,0,F,2161.66,-7453.99,47.52194214,-122.25520325,E,,,31.86,9.45,,,
6125235,2026-08-29T09:56:19,335.53,0,F,2161.66,-7453.99,47.52194214,-122.25520325,E,,,31.82,9.44,,,
6126325,2026-08-29T09:56:20,331.08,0,F,2161.66,-7453.99,47.52194214,-122.25520325,E,,,31.77,9.45,,,
6127412,2026-08-29T09:56:21,331.89,0,F,2161.66,-7453.99,47.52194214,-122.25520325,E,,,31.75,9.43,,,
6128491,2026-08-29T09:56:22,336.89,0,F,2161.66,-7453.99,47.52194214,-122.25520325,E,,,31.75,9.37,,,
6129579,2026-08-29T09:56:23,343.44,0,F,2161.66,-7453.99,47.52194214,-122.25520325,E,,,31.76,9.42,,,
6130657,2026-08-29T09:56:24,341.74,0,F,2161.66,-7453.99,47.52194214,-122.25520325,E,,,31.7,9.42,,,
6131743,2026-08-29T09:56:25,336.85,0,F,2161.66,-7453.99,47.52194214,-122.25520325,E,,,31.67,9.43,,,
6132812,2026-08-29T09:56:26,334.49,0,F,2161.66,-7453.99,47.52194214,-122.25520325,E,,,31.7,9.43,,,
6133901,2026-08-29T09:56:27,335.5,0,F,2161.66,-7453.99,47.52194214,-122.25520325,E,,,31.74,9.43,,,
6134985,2026-08-29T09:56:28,341.14,0,F,2161.66,-7453.99,47.52194214,-122.25520325,E,,,31.81,9.44,,,
6136054,2026-08-29T09:56:29,347.73,0,F,2161.66,-7453.99,47.52194214,-122.25520325,E,,,31.86,9.43,,,
6137143,2026-08-29T09:56:30,351.11,0,F,2161.66,-7453.99,47.52194214,-122.25520325,E,,,31.91,9.43,,,
6138225,2026-08-29T09:56:32,351.43,0,F,2161.66,-7453.99,47.52194214,-122.25520325,E,,,31.96,9.45,,,
6139294,2026-08-29T09:56:33,344.47,0,F,2161.66,-7453.99,47.52194214,-122.25520325,E,,,31.97,9.44,,,
6140383,2026-08-29T09:56:34,332.03,0,F,2161.66,-7453.99,47.52194214,-122.25520325,E,,,31.97,9.44,,,
6141463,2026-08-29T09:56:35,324.09,0,F,2161.66,-7453.99,47.52194214,-122.25520325,E,,,32.01,9.44,,,
6142551,2026-08-29T09:56:36,320.05,0,F,2161.66,-7453.99,47.52194214,-122.25520325,E,,,32,9.43,,,
6143630,2026-08-29T09:56:37,325.49,0,F,2161.66,-7453.99,47.52194214,-122.25520325,E,,,32.01,9.41,,,
6144699,2026-08-29T09:56:38,331.06,0,F,2161.66,-7453.99,47.52194214,-122.25520325,E,,,32.04,9.42,,,
6145785,2026-08-29T09:56:39,332.81,0,F,2161.66,-7453.99,47.52194214,-122.25520325,E,,,32.08,9.43,,,
6146854,2026-08-29T09:56:40,335.34,0,F,2161.66,-7453.99,47.52194214,-122.25520325,E,,,32.13,9.43,,,
6147922,2026-08-29T09:56:41,338.62,0,F,2161.66,-7453.99,47.52194214,-122.25520325,E,,,32.2,9.43,,,
6148991,2026-08-29T09:56:42,340.85,0,F,2161.66,-7453.99,47.52194214,-122.25520325,E,,,32.23,9.45,,,
6150065,2026-08-29T09:56:43,341.13,0,F,2161.66,-7453.99,47.52194214,-122.25520325,E,,,32.25,9.44,,,
6151133,2026-08-29T09:56:44,337.63,0,F,2161.66,-7453.99,47.52194214,-122.25520325,E,,,32.24,9.44,,,
6152207,2026-08-29T09:56:46,335.92,0,F,2161.66,-7453.99,47.52194214,-122.25520325,E,,,32.27,9.45,,,
6153276,2026-08-29T09:56:47,339.77,0,F,2161.66,-7453.99,47.52194214,-122.25520325,E,,,32.32,9.44,,,
6154365,2026-08-29T09:56:48,339.71,0,F,2161.66,-7453.99,47.52194214,-122.25520325,E,,,32.35,9.44,,,
6155446,2026-08-29T09:56:49,339.18,0,F,2161.66,-7453.99,47.52194214,-122.25520325,E,,,32.35,9.45,,,
6156536,2026-08-29T09:56:50,339.11,0,F,2161.66,-7453.99,47.52194214,-122.25520325,E,,,32.37,9.46,,,
6157623,2026-08-29T09:56:51,338.17,0,F,2161.66,-7453.99,47.52194214,-122.25520325,E,,,32.4,9.44,,,
6158702,2026-08-29T09:56:52,337.79,0,F,2161.66,-7453.99,47.52194214,-122.25520325,E,,,32.44,9.37,,,
6159790,2026-08-29T09:56:53,339.23,0,F,2161.66,-7453.99,47.52194214,-122.25520325,E,,,32.49,9.43,,,
6160833,2026-08-29T09:56:54,342.1,0,F,2161.66,-7453.99,47.52194214,-122.25520325,E,,,32.51,9.43,,,
6161902,2026-08-29T09:56:55,344.91,0,F,2161.66,-7453.99,47.52194214,-122.25520325,E,,,32.54,9.43,,,
6162991,2026-08-29T09:56:56,335.4,0,F,2161.66,-7453.99,47.52194214,-122.25520325,E,,,32.64,9.44,,,
6164076,2026-08-29T09:56:57,323.23,0,F,2161.66,-7453.99,47.52194214,-122.25520325,E,,,32.67,9.44,,,
6165145,2026-08-29T09:56:59,314.73,0,F,2161.66,-7453.99,47.52194214,-122.25520325,E,,,32.72,9.43,,,
6166234,2026-08-29T09:57:00,314.41,0,F,2161.66,-7453.99,47.52194214,-122.25520325,E,,,32.72,9.43,,,
6167317,2026-08-29T09:57:01,316.49,0,F,2161.66,-7453.99,47.52194214,-122.25520325,E,,,32.76,9.44,,,
6168386,2026-08-29T09:57:02,321.36,0,F,2161.66,-7453.99,47.52194214,-122.25520325,E,,,32.77,9.43,,,
6169475,2026-08-29T09:57:03,323.23,0,F,2161.66,-7453.99,47.52194214,-122.25520325,E,,,32.83,9.43,,,
6170556,2026-08-29T09:57:04,329.26,0,F,2161.66,-7453.99,47.52194214,-122.25520325,E,,,32.88,9.44,,,
6171646,2026-08-29T09:57:05,331.43,0,F,2161.66,-7453.99,47.52194214,-122.25520325,E,,,32.95,9.46,,,
6172733,2026-08-29T09:57:06,337.95,0,F,2161.66,-7453.99,47.52194214,-122.25520325,E,,,32.98,9.44,,,
6173812,2026-08-29T09:57:07,337.74,0,F,2161.66,-7453.99,47.52194214,-122.25520325,E,,,32.98,9.37,,,
6174900,2026-08-29T09:57:08,338.69,0,F,2161.66,-7453.99,47.52194214,-122.25520325,E,,,33.06,9.43,,,
6175969,2026-08-29T09:57:09,344.63,0,F,2161.66,-7453.99,47.52194214,-122.25520325,E,,,33.15,9.43,,,
6177055,2026-08-29T09:57:10,344.17,0,F,2161.66,-7453.99,47.52194214,-122.25520325,E,,,33.19,9.44,,,
6178124,2026-08-29T09:57:11,326.85,0,F,2161.66,-7453.99,47.52194214,-122.25520325,E,,,33.17,9.43,,,
6179213,2026-08-29T09:57:13,305.07,0,F,2161.66,-7453.99,47.52194214,-122.25520325,E,,,33.23,9.43,,,
6180297,2026-08-29T09:57:14,305.76,0,F,2161.66,-7453.99,47.52194214,-122.25520325,E,,,33.36,9.44,,,
6181320,2026-08-29T09:57:15,311.75,0,F,2161.66,-7453.99,47.52194214,-122.25520325,E,,,33.43,9.43,,,
6182392,2026-08-29T09:57:16,315.77,0,F,2161.66,-7453.99,47.52194214,-122.25520325,E,,,33.51,9.44,,,
6183461,2026-08-29T09:57:17,320.35,0,F,2161.66,-7453.99,47.52194214,-122.25520325,E,,,33.59,9.43,,,
6184543,2026-08-29T09:57:18,321.75,0,F,2161.66,-7453.99,47.52194214,-122.25520325,E,,,33.65,9.45,,,
6185612,2026-08-29T09:57:19,320.59,0,F,2161.66,-7453.99,47.52194214,-122.25520325,E,,,33.67,9.44,,,
6186701,2026-08-29T09:57:20,318.51,0,F,2161.66,-7453.99,47.52194214,-122.25520325,E,,,33.7,9.44,,,
6187781,2026-08-29T09:57:21,318.89,0,F,2161.66,-7453.99,47.52194214,-122.25520325,E,,,33.7,9.45,,,
6188869,2026-08-29T09:57:22,318.67,0,F,2161.66,-7453.99,47.52194214,-122.25520325,E,,,33.7,9.44,,,
6189948,2026-08-29T09:57:23,319.61,0,F,2161.66,-7453.99,47.52194214,-122.25520325,E,,,33.7,9.42,,,
6191035,2026-08-29T09:57:24,320.9,0,F,2161.66,-7453.99,47.52194214,-122.25520325,E,,,33.69,9.44,,,
6192104,2026-08-29T09:57:25,317.35,0,F,2161.66,-7453.99,47.52194214,-122.25520325,E,,,33.69,9.44,,,
6193193,2026-08-29T09:57:27,310.4,0,F,2161.66,-7453.99,47.52194214,-122.25520325,E,,,33.7,9.44,,,
6194278,2026-08-29T09:57:28,301.81,0,F,2161.66,-7453.99,47.52194214,-122.25520325,E,,,33.7,9.45,,,
6195347,2026-08-29T09:57:29,295.14,0,F,2161.66,-7453.99,47.52194214,-122.25520325,E,,,33.7,9.44,,,
6196436,2026-08-29T09:57:30,293.15,0,F,2161.66,-7453.99,47.52194214,-122.25520325,E,,,33.71,9.45,,,
6197519,2026-08-29T09:57:31,290.89,0,F,2161.66,-7453.99,47.52194214,-122.25520325,E,,,33.7,9.45,,,
6198588,2026-08-29T09:57:32,287.32,0,F,2161.66,-7453.99,47.52194214,-122.25520325,E,,,33.7,9.44,,,
6199677,2026-08-29T09:57:33,281.34,0,F,2161.66,-7453.99,47.52194214,-122.25520325,E,,,33.69,9.45,,,
6200758,2026-08-29T09:57:34,274.84,0,F,2161.66,-7453.99,47.52194214,-122.25520325,E,,,33.69,9.46,,,
6201848,2026-08-29T09:57:35,269.72,0,F,2161.66,-7453.99,47.52194214,-122.25520325,E,,,33.69,9.48,,,
6202935,2026-08-29T09:57:36,267.57,0,F,2161.66,-7453.99,47.52194214,-122.25520325,E,,,33.69,9.45,,,
6204014,2026-08-29T09:57:37,261.14,0,F,2161.66,-7453.99,47.52194214,-122.25520325,E,,,33.68,9.38,,,
6205102,2026-08-29T09:57:38,256.59,0,F,2161.66,-7453.99,47.52194214,-122.25520325,E,,,33.67,9.44,,,
6206171,2026-08-29T09:57:40,254.05,0,F,2161.66,-7453.99,47.52194214,-122.25520325,E,,,33.66,9.44,,,
6207257,2026-08-29T09:57:41,257.8,0,F,2161.66,-7453.99,47.52194214,-122.25520325,E,,,33.64,9.45,,,
6208326,2026-08-29T09:57:42,249.58,0,F,2161.66,-7453.99,47.52194214,-122.25520325,E,,,33.66,9.44,,,
6209415,2026-08-29T09:57:43,242.83,0,F,2161.66,-7453.99,47.52194214,-122.25520325,E,,,33.57,9.44,,,
6210499,2026-08-29T09:57:44,231.98,0,F,2161.66,-7453.99,47.52194214,-122.25520325,E,,,33.47,9.45,,,
6211560,2026-08-29T09:57:45,221.72,0,F,2161.66,-7453.99,47.52194214,-122.25520325,E,,,33.44,9.44,,,
6212649,2026-08-29T09:57:46,219.21,0,F,2161.66,-7453.99,47.52194214,-122.25520325,E,,,33.39,9.44,,,
6213731,2026-08-29T09:57:47,216.81,0,F,2161.66,-7453.99,47.52194214,-122.25520325,E,,,33.33,9.44,,,
6214800,2026-08-29T09:57:48,218.18,0,F,2161.66,-7453.99,47.52194214,-122.25520325,E,,,33.26,9.43,,,
6215889,2026-08-29T09:57:49,222.76,0,F,2161.66,-7453.99,47.52194214,-122.25520325,E,,,33.22,9.44,,,
6216969,2026-08-29T09:57:50,221.23,0,F,2161.66,-7453.99,47.52194214,-122.25520325,E,,,33.18,9.44,,,
6218057,2026-08-29T09:57:51,221.48,0,F,2161.66,-7453.99,47.52194214,-122.25520325,E,,,33.13,9.43,,,
6219136,2026-08-29T09:57:52,223.18,0,F,2161.66,-7453.99,47.52194214,-122.25520325,E,,,33.08,9.41,,,
6220205,2026-08-29T09:57:54,222.72,0,F,2161.66,-7453.99,47.52194214,-122.25520325,E,,,33.08,9.42,,,
6221280,2026-08-29T09:57:55,231.92,0,F,2161.66,-7453.99,47.52194214,-122.25520325,E,,,32.92,9.43,,,
6222355,2026-08-29T09:57:56,240.68,0.1,F,2161.57,-7454.05,47.52194214,-122.25520325,E,,,32.81,9.43,,,
6223424,2026-08-29T09:57:57,247.61,0,F,2161.57,-7454.05,47.52194214,-122.25520325,E,,,32.7,9.42,,,
6224513,2026-08-29T09:57:58,234.49,0,F,2161.57,-7454.05,47.52194214,-122.25520325,E,,,32.58,9.42,,,
6225597,2026-08-29T09:57:59,222.51,0.123,F,2161.56,-7454.07,47.52194214,-122.25520325,E,,,32.41,9.43,,,
6226666,2026-08-29T09:58:00,223.56,0.195,F,2161.43,-7454.2,47.52193832,-122.25521088,E,,,32.27,9.41,,,
6227755,2026-08-29T09:58:01,207.52,0.331,F,2161.28,-7454.43,47.52193832,-122.25521088,E,,,32.12,9.41,,,
6228837,2026-08-29T09:58:02,200.99,0.424,F,2161.1,-7454.81,47.52193451,-122.25521088,E,,,32.04,9.42,,,
6229906,2026-08-29T09:58:03,189.88,0.519,F,2160.96,-7455.29,47.52193069,-122.25521088,E,,,31.99,9.41,,,
6230995,2026-08-29T09:58:04,183.76,0.582,F,2160.9,-7455.89,47.52192307,-122.25521851,E,,,32,9.41,,,
6232075,2026-08-29T09:58:05,182.21,0.57,F,2160.86,-7456.52,47.52191925,-122.25521851,E,,,32.04,9.42,,,
6233163,2026-08-29T09:58:07,171.58,0.632,F,2160.9,-7457.18,47.52191162,-122.25521851,E,,,32.11,9.41,,,
6234242,2026-08-29T09:58:08,162.79,0.662,F,2161.05,-7457.86,47.52190781,-122.25521088,E,,,32.18,9.39,,,
6235311,2026-08-29T09:58:09,160.92,0.714,F,2161.29,-7458.55,47.52190018,-122.25521088,E,,,32.2,9.4,,,
6236397,2026-08-29T09:58:10,161.24,0.717,F,2161.53,-7459.29,47.52189255,-122.25520325,E,,,32.24,9.41,,,
6237467,2026-08-29T09:58:11,148.47,0.724,F,2161.81,-7460,47.52188873,-122.25520325,E,,,32.31,9.41,,,
6238537,2026-08-29T09:58:12,138.34,0.729,F,2162.33,-7460.59,47.5218811,-122.25519562,E,,,32.33,9.41,,,
6239622,2026-08-29T09:58:13,120.4,0.741,F,2162.95,-7461.08,47.52187729,-122.25518799,E,,,32.31,9.42,,,
6240688,2026-08-29T09:58:14,111.82,0.727,F,2163.66,-7461.43,47.52187347,-122.25518036,E,,,32.33,9.41,,,
6241764,2026-08-29T09:58:15,113.85,0.703,F,2164.35,-7461.74,47.52187347,-122.25517273,E,,,32.38,9.41,,,
6242854,2026-08-29T09:58:16,117.89,0.71,F,2165.04,-7462.07,47.52186966,-122.25515747,E,,,32.42,9.41,,,
6243936,2026-08-29T09:58:17,126.24,0.672,F,2165.68,-7462.47,47.52186584,-122.25514984,E,,,32.5,9.42,,,
6245005,2026-08-29T09:58:18,136.26,0.537,F,2166.19,-7462.88,47.52186203,-122.25514221,E,,,32.55,9.41,,,
6246078,2026-08-29T09:58:19,153.52,0.375,F,2166.47,-7463.28,47.52185822,-122.25514221,E,,,32.59,9.42,,,
6247169,2026-08-29T09:58:21,166.7,0.261,F,2166.59,-7463.6,47.5218544,-122.25514221,E,,,32.53,9.43,,,
6248256,2026-08-29T09:58:22,178.66,0.182,F,2166.62,-7463.83,47.5218544,-122.25514221,E,,,32.44,9.41,,,
6249328,2026-08-29T09:58:23,184.03,0.127,F,2166.62,-7464,47.52185059,-122.25514221,E,,,32.33,9.35,,,
6250398,2026-08-29T09:58:24,188.73,0,F,2166.61,-7464.07,47.52185059,-122.25514221,E,,,32.2,9.39,,,
6251490,2026-08-29T09:58:25,191.8,0,F,2166.61,-7464.07,47.52185059,-122.25514221,E,,,32.06,9.41,,,
6252559,2026-08-29T09:58:26,195.7,0,F,2166.61,-7464.07,47.52185059,-122.25514221,E,,,31.91,9.4,,,
6253627,2026-08-29T09:58:27,197.31,0,F,2166.61,-7464.07,47.52185059,-122.25514221,E,,,31.75,9.4,,,
6254696,2026-08-29T09:58:28,196.11,0,F,2166.61,-7464.07,47.52185059,-122.25514221,E,,,31.61,9.42,,,
6255770,2026-08-29T09:58:29,192.66,0,F,2166.61,-7464.07,47.52185059,-122.25514221,E,,,31.44,9.41,,,
6256838,2026-08-29T09:58:30,185.31,0,F,2166.61,-7464.07,47.52185059,-122.25514221,E,,,31.33,9.4,,,
6257921,2026-08-29T09:58:31,184.3,0.146,F,2166.61,-7464.2,47.52185059,-122.25514221,E,,,31.29,9.41,,,
6258990,2026-08-29T09:58:32,182.29,0.218,F,2166.6,-7464.38,47.52184677,-122.25514221,E,,,31.27,9.41,,,
6260079,2026-08-29T09:58:33,186.52,0.188,F,2166.58,-7464.61,47.52184677,-122.25514221,E,,,31.27,9.4,,,
6261160,2026-08-29T09:58:35,191.31,0.131,F,2166.55,-7464.78,47.52184296,-122.25514221,E,,,31.2,9.42,,,
6262250,2026-08-29T09:58:36,192.4,0.214,F,2166.51,-7464.98,47.52184296,-122.25514221,E,,,31.21,9.43,,,
6263337,2026-08-29T09:58:37,188.63,0.313,F,2166.46,-7465.27,47.52183914,-122.25514221,E,,,31.35,9.4,,,
6264416,2026-08-29T09:58:38,185.07,0.382,F,2166.41,-7465.65,47.52183533,-122.25514221,E,,,31.5,9.34,,,
6265504,2026-08-29T09:58:39,185.94,0.371,F,2166.38,-7466.08,47.52183151,-122.25514221,E,,,31.55,9.4,,,
6266574,2026-08-29T09:58:40,179.7,0.336,F,2166.35,-7466.43,47.52183151,-122.25514221,E,,,31.56,9.39,,,
6267660,2026-08-29T09:58:41,179.24,0.412,F,2166.36,-7466.84,47.5218277,-122.25514221,E,,,31.57,9.41,,,
6268729,2026-08-29T09:58:42,186.84,0.327,F,2166.34,-7467.25,47.52182388,-122.25514221,E,,,31.57,9.4,,,
6269818,2026-08-29T09:58:43,183.85,0.318,F,2166.3,-7467.57,47.52182007,-122.25514221,E,,,31.56,9.41,,,
6270902,2026-08-29T09:58:44,181.54,0.401,F,2166.29,-7467.96,47.52181625,-122.25514221,E,,,31.58,9.41,,,
6271977,2026-08-29T09:58:45,176.22,0.474,F,2166.3,-7468.43,47.52181244,-122.25514221,E,,,31.65,9.41,,,
6273061,2026-08-29T09:58:46,177.53,0.478,F,2166.33,-7468.96,47.52180862,-122.25514221,E,,,31.71,9.41,,,
6274129,2026-08-29T09:58:47,170.11,0.465,F,2166.37,-7469.44,47.52180099,-122.25514221,E,,,31.76,9.41,,,
6275211,2026-08-29T09:58:49,160.77,0.531,F,2166.52,-7469.96,47.52179718,-122.25514221,E,,,31.81,9.42,,,
6276299,2026-08-29T09:58:50,159.51,0.564,F,2166.73,-7470.52,47.52179337,-122.25513458,E,,,31.86,9.43,,,
6277387,2026-08-29T09:58:51,154.68,0.586,F,2166.95,-7471.1,47.52178955,-122.25513458,E,,,31.92,9.41,,,
6278484,2026-08-29T09:58:52,151.31,0.613,F,2167.26,-7471.69,47.52178192,-122.25512695,E,,,31.98,9.41,,,
6279554,2026-08-29T09:58:53,165.03,0.621,F,2167.5,-7472.31,47.52177811,-122.25512695,E,,,32.11,9.38,,,
6280641,2026-08-29T09:58:54,171.48,0.651,F,2167.64,-7472.99,47.52177048,-122.25512695,E,,,32.21,9.41,,,
6281711,2026-08-29T09:58:55,170.13,0.678,F,2167.76,-7473.69,47.52176285,-122.25512695,E,,,32.35,9.4,,,
6282780,2026-08-29T09:58:56,168.28,0.699,F,2167.89,-7474.41,47.52175903,-122.25511932,E,,,32.47,9.42,,,
6283855,2026-08-29T09:58:57,166.88,0.697,F,2168.05,-7475.14,47.5217514,-122.25511932,E,,,32.58,9.42,,,
6284923,2026-08-29T09:58:58,167.7,0.696,F,2168.22,-7475.87,47.52174377,-122.25511932,E,,,32.71,9.41,,,
6286007,2026-08-29T09:58:59,164.5,0.722,F,2168.39,-7476.61,47.52173996,-122.25511169,E,,,32.88,9.42,,,
6287076,2026-08-29T09:59:00,161.8,0.728,F,2168.6,-7477.35,47.52173233,-122.25511169,E,,,33.04,9.41,,,
6288165,2026-08-29T09:59:02,152.08,0.727,F,2168.9,-7478.08,47.5217247,-122.25511169,E,,,33.18,9.42,,,
6289247,2026-08-29T09:59:03,139.59,0.741,F,2169.36,-7478.74,47.52172089,-122.25510406,E,,,33.29,9.42,,,
6290316,2026-08-29T09:59:04,125.56,0.644,F,2169.86,-7479.27,47.52171326,-122.25509644,E,,,33.31,9.41,,,
6291405,2026-08-29T09:59:05,114.58,0.668,F,2170.49,-7479.62,47.52170944,-122.25508881,E,,,33.25,9.41,,,
6292485,2026-08-29T09:59:06,107.04,0.688,F,2171.18,-7479.87,47.52170944,-122.25508118,E,,,33.21,9.42,,,
6293573,2026-08-29T09:59:07,102.9,0.716,F,2171.92,-7480.04,47.52170563,-122.25506592,E,,,33.15,9.4,,,
6294652,2026-08-29T09:59:08,108.65,0.737,F,2172.65,-7480.3,47.52170563,-122.25505829,E,,,33.06,9.39,,,
6295721,2026-08-29T09:59:09,125.6,0.751,F,2173.35,-7480.67,47.52170181,-122.25505066,E,,,32.98,9.4,,,
6296807,2026-08-29T09:59:10,140.26,0.727,F,2173.97,-7481.19,47.521698,-122.25504303,E,,,32.94,9.41,,,
6297876,2026-08-29T09:59:11,165.58,0.734,F,2174.29,-7481.89,47.52169037,-122.2550354,E,,,32.97,9.41,,,
6298944,2026-08-29T09:59:12,163.62,0.737,F,2174.47,-7482.65,47.52168274,-122.2550354,E,,,32.99,9.41,,,
6300013,2026-08-29T09:59:13,154.18,0.764,F,2174.77,-7483.4,47.52167892,-122.25502777,E,,,33.04,9.42,,,
6301114,2026-08-29T09:59:14,148.18,0.777,F,2175.18,-7484.15,47.5216713,-122.25502777,E,,,33.07,9.4,,,
6302188,2026-08-29T09:59:16,148.74,0.778,F,2175.63,-7484.86,47.52166367,-122.25502014,E,,,33.07,9.43,,,
6303266,2026-08-29T09:59:17,147.59,0.792,F,2176.07,-7485.59,47.52165604,-122.25501251,E,,,33.06,9.41,,,
6304348,2026-08-29T09:59:18,146.36,0.801,F,2176.53,-7486.33,47.52165222,-122.25500488,E,,,33.05,9.41,,,
6305418,2026-08-29T09:59:19,140.88,0.812,F,2177.04,-7487.01,47.52164459,-122.25499725,E,,,33.03,9.4,,,
6306508,2026-08-29T09:59:20,141.41,0.814,F,2177.6,-7487.7,47.52163696,-122.25498962,E,,,32.97,9.41,,,
6307588,2026-08-29T09:59:21,146.34,0.802,F,2178.12,-7488.41,47.52163315,-122.25498199,E,,,32.91,9.41,,,
6308676,2026-08-29T09:59:22,151.71,0.821,F,2178.56,-7489.17,47.52162552,-122.25498199,E,,,32.85,9.4,,,
6309755,2026-08-29T09:59:23,156.62,0.808,F,2178.95,-7489.96,47.52161789,-122.25497437,E,,,32.75,9.38,,,
6310824,2026-08-29T09:59:24,168.15,0.804,F,2179.21,-7490.77,47.52161026,-122.25497437,E,,,32.71,9.39,,,
6311900,2026-08-29T09:59:25,170.51,0.796,F,2179.36,-7491.61,47.52160263,-122.25496674,E,,,32.68,9.39,,,
6312973,2026-08-29T09:59:26,171.82,0.791,F,2179.49,-7492.46,47.521595,-122.25496674,E,,,32.68,9.41,,,
6314047,2026-08-29T09:59:27,171.24,0.814,F,2179.62,-7493.31,47.52158737,-122.25496674,E,,,32.7,9.41,,,
6315116,2026-08-29T09:59:28,174.43,0.834,F,2179.74,-7494.19,47.52157974,-122.25496674,E,,,32.73,9.4,,,
6316200,2026-08-29T09:59:30,186.02,0.831,F,2179.73,-7495.09,47.52157211,-122.25496674,E,,,32.74,9.41,,,
6317269,2026-08-29T09:59:31,184,0.818,F,2179.64,-7495.97,47.52156448,-122.25496674,E,,,32.78,9.4,,,
6318358,2026-08-29T09:59:32,181.51,0.802,F,2179.59,-7496.86,47.52155685,-122.25496674,E,,,32.86,9.41,,,
6319440,2026-08-29T09:59:33,178.69,0.82,F,2179.6,-7497.76,47.52154922,-122.25496674,E,,,32.96,9.41,,,
6320510,2026-08-29T09:59:34,176.74,0.836,F,2179.63,-7498.65,47.5215416,-122.25496674,E,,,33.06,9.4,,,
6321599,2026-08-29T09:59:35,175.32,0.857,F,2179.7,-7499.56,47.52153397,-122.25496674,E,,,33.14,9.4,,,
6322679,2026-08-29T09:59:36,173.28,0.859,F,2179.78,-7500.49,47.52152252,-122.25496674,E,,,33.22,9.41,,,
6323767,2026-08-29T09:59:37,169.99,0.859,F,2179.92,-7501.42,47.52151489,-122.25495911,E,,,33.28,9.4,,,
6324846,2026-08-29T09:59:38,165.67,0.877,F,2180.11,-7502.32,47.52150726,-122.25495911,E,,,33.33,9.38,,,
6325915,2026-08-29T09:59:39,158.83,0.864,F,2180.39,-7503.21,47.52149963,-122.25495911,E,,,33.35,9.39,,,
6327001,2026-08-29T09:59:40,147.8,0.877,F,2180.81,-7504.05,47.521492,-122.25495148,E,,,33.38,9.41,,,
6328070,2026-08-29T09:59:41,136.31,0.878,F,2181.39,-7504.78,47.52148438,-122.25494385,E,,,33.38,9.4,,,
6329140,2026-08-29T09:59:42,134.05,0.88,F,2182.04,-7505.45,47.52148056,-122.25493622,E,,,33.38,9.4,,,
6330225,2026-08-29T09:59:44,137.89,0.876,F,2182.7,-7506.14,47.52147293,-122.25492096,E,,,33.36,9.41,,,
6331289,2026-08-29T09:59:45,137.42,0.862,F,2183.33,-7506.82,47.5214653,-122.25491333,E,,,33.33,9.4,,,
6332359,2026-08-29T09:59:46,146.3,0.852,F,2183.9,-7507.54,47.52146149,-122.2549057,E,,,33.32,9.4,,,
6333432,2026-08-29T09:59:47,148.98,0.858,F,2184.4,-7508.33,47.52145386,-122.2549057,E,,,33.3,9.42,,,
6334503,2026-08-29T09:59:48,148.68,0.863,F,2184.86,-7509.12,47.52144623,-122.25489807,E,,,33.29,9.41,,,
6335572,2026-08-29T09:59:49,149.1,0.868,F,2185.33,-7509.9,47.5214386,-122.25489044,E,,,33.28,9.4,,,
6336653,2026-08-29T09:59:50,150.62,0.909,F,2185.82,-7510.74,47.52143097,-122.25488281,E,,,33.25,9.41,,,
6337743,2026-08-29T09:59:51,154.69,0.92,F,2186.29,-7511.63,47.52142334,-122.25487518,E,,,33.22,9.42,,,
6338830,2026-08-29T09:59:52,158.46,0.958,F,2186.7,-7512.57,47.52141571,-122.25487518,E,,,33.24,9.4,,,
6339909,2026-08-29T09:59:53,157.79,0.975,F,2187.06,-7513.53,47.52140808,-122.25486755,E,,,33.28,9.34,,,
6340999,2026-08-29T09:59:54,158.11,0.978,F,2187.48,-7514.54,47.52139664,-122.25485992,E,,,33.34,9.39,,,
6342072,2026-08-29T09:59:55,161.35,0.96,F,2187.83,-7515.53,47.52138901,-122.25485992,E,,,33.39,9.39,,,
6343162,2026-08-29T09:59:57,163.62,0.97,F,2188.15,-7516.54,47.52138138,-122.25485229,E,,,33.39,9.4,,,
6344247,2026-08-29T09:59:58,161.98,0.964,F,2188.46,-7517.55,47.52136993,-122.25484467,E,,,33.41,9.4,,,
6345316,2026-08-29T09:59:59,156.34,0.979,F,2188.83,-7518.53,47.5213623,-122.25484467,E,,,33.46,9.4,,,
6346405,2026-08-29T10:00:00,151.81,0.998,F,2189.31,-7519.49,47.52135468,-122.25483704,E,,,33.52,9.4,,,
6347488,2026-08-29T10:00:01,147.09,1.012,F,2189.87,-7520.44,47.52134323,-122.25482941,E,,,33.58,9.41,,,
6348558,2026-08-29T10:00:02,140.18,1.027,F,2190.51,-7521.31,47.5213356,-122.25482178,E,,,33.61,9.4,,,
6349647,2026-08-29T10:00:03,134.87,1.034,F,2191.28,-7522.13,47.52132797,-122.25481415,E,,,33.62,9.4,,,
6350728,2026-08-29T10:00:04,139.46,0.854,F,2191.96,-7522.91,47.52132416,-122.25479889,E,,,33.67,9.41,,,
6351818,2026-08-29T10:00:05,147.09,0.659,F,2192.47,-7523.56,47.52131653,-122.25479126,E,,,33.71,9.42,,,
6352905,2026-08-29T10:00:06,159.96,0.511,F,2192.76,-7524.13,47.52131271,-122.25479126,E,,,33.78,9.4,,,
6353984,2026-08-29T10:00:07,164.83,0.357,F,2192.9,-7524.57,47.5213089,-122.25479126,E,,,33.72,9.33,,,
6355072,2026-08-29T10:00:08,166.31,0.249,F,2192.98,-7524.89,47.52130508,-122.25479126,E,,,33.55,9.39,,,
6356141,2026-08-29T10:00:09,188.24,0.174,F,2192.99,-7525.11,47.52130127,-122.25479126,E,,,33.31,9.38,,,
6357227,2026-08-29T10:00:11,198.76,0.176,F,2192.94,-7525.3,47.52130127,-122.25479126,E,,,33.31,9.4,,,
6358297,2026-08-29T10:00:12,194.14,0.279,F,2192.88,-7525.52,47.52129745,-122.25479126,E,,,33.22,9.39,,,
6359386,2026-08-29T10:00:13,202.66,0.375,F,2192.77,-7525.86,47.52129745,-122.25479126,E,,,33.14,9.39,,,
6360470,2026-08-29T10:00:14,209.74,0.455,F,2192.56,-7526.26,47.52129364,-122.25479126,E,,,33.13,9.4,,,
6361537,2026-08-29T10:00:15,214.81,0.385,F,2192.32,-7526.65,47.52128983,-122.25479889,E,,,33.15,9.4,,,
6362615,2026-08-29T10:00:16,218.72,0.281,F,2192.11,-7526.95,47.52128601,-122.25479889,E,,,33.17,9.39,,,
6363697,2026-08-29T10:00:17,228.16,0.196,F,2191.93,-7527.13,47.52128601,-122.25479889,E,,,33.14,9.41,,,
6364766,2026-08-29T10:00:18,251.89,0.331,F,2191.68,-7527.25,47.5212822,-122.25480652,E,,,33.01,9.39,,,
6365855,2026-08-29T10:00:19,250.37,0.406,F,2191.28,-7527.39,47.5212822,-122.25480652,E,,,32.95,9.4,,,
6366935,2026-08-29T10:00:20,251.1,0.321,F,2190.9,-7527.52,47.5212822,-122.25481415,E,,,32.92,9.41,,,
6368023,2026-08-29T10:00:21,247.42,0.223,F,2190.63,-7527.63,47.52127838,-122.25482178,E,,,32.93,9.39,,,
6369102,2026-08-29T10:00:22,246.71,0.168,F,2190.43,-7527.71,47.52127838,-122.25482178,E,,,32.91,9.38,,,
6370171,2026-08-29T10:00:24,259.04,0.206,F,2190.26,-7527.77,47.52127838,-122.25482178,E,,,32.97,9.38,,,
6371257,2026-08-29T10:00:25,244.68,0.328,F,2189.99,-7527.84,47.52127838,-122.25482941,E,,,33.08,9.4,,,
6372350,2026-08-29T10:00:26,229.62,0.451,F,2189.65,-7528.08,47.52127457,-122.25482941,E,,,33.22,9.41,,,
6373424,2026-08-29T10:00:27,229.1,0.49,F,2189.26,-7528.42,47.52127457,-122.25483704,E,,,33.32,9.4,,,
6374493,2026-08-29T10:00:28,228.76,0.442,F,2188.88,-7528.73,47.52127075,-122.25484467,E,,,33.39,9.39,,,
6375582,2026-08-29T10:00:29,213.88,0.53,F,2188.53,-7529.13,47.52126694,-122.25484467,E,,,33.43,9.4,,,
6376665,2026-08-29T10:00:30,211.67,0.605,F,2188.21,-7529.65,47.52126312,-122.25485229,E,,,33.48,9.41,,,
6377734,2026-08-29T10:00:31,213.95,0.516,F,2187.88,-7530.17,47.52125549,-122.25485229,E,,,33.5,9.4,,,
6378823,2026-08-29T10:00:32,213.78,0.506,F,2187.56,-7530.64,47.52125168,-122.25485992,E,,,33.52,9.4,,,
6379891,2026-08-29T10:00:33,212.82,0.409,F,2187.29,-7531.05,47.52124786,-122.25485992,E,,,33.56,9.41,,,
6380980,2026-08-29T10:00:34,200.79,0.494,F,2187.08,-7531.48,47.52124405,-122.25486755,E,,,33.55,9.4,,,
6382069,2026-08-29T10:00:35,202.75,0.553,F,2186.87,-7532.01,47.52124023,-122.25486755,E,,,33.51,9.4,,,
6383166,2026-08-29T10:00:37,207.97,0.606,F,2186.6,-7532.58,47.52123642,-122.25487518,E,,,33.49,9.33,,,
6384236,2026-08-29T10:00:38,212.44,0.631,F,2186.26,-7533.16,47.52122879,-122.25487518,E,,,33.47,9.37,,,
6385309,2026-08-29T10:00:39,213.77,0.691,F,2185.87,-7533.75,47.52122498,-122.25488281,E,,,33.44,9.38,,,
6386384,2026-08-29T10:00:40,212.53,0.717,F,2185.45,-7534.38,47.52122116,-122.25489044,E,,,33.42,9.4,,,
6387454,2026-08-29T10:00:41,205.68,0.737,F,2185.06,-7535.05,47.52121353,-122.25489044,E,,,33.41,9.39,,,
6388540,2026-08-29T10:00:42,201.98,0.759,F,2184.74,-7535.81,47.5212059,-122.25489807,E,,,33.4,9.4,,,
6389610,2026-08-29T10:00:43,209.3,0.765,F,2184.39,-7536.55,47.52119827,-122.2549057,E,,,33.34,9.39,,,
6390699,2026-08-29T10:00:44,216.46,0.764,F,2183.94,-7537.26,47.52119446,-122.2549057,E,,,33.31,9.39,,,
6391774,2026-08-29T10:00:45,217.88,0.782,F,2183.42,-7537.93,47.52118683,-122.25491333,E,,,33.33,9.41,,,
6392845,2026-08-29T10:00:46,214.9,0.796,F,2182.92,-7538.61,47.52118301,-122.25492096,E,,,33.35,9.41,,,
6393910,2026-08-29T10:00:47,216.12,0.795,F,2182.43,-7539.29,47.52117538,-122.25492859,E,,,33.41,9.4,,,
6394978,2026-08-29T10:00:48,217.75,0.808,F,2181.92,-7539.97,47.52116776,-122.25493622,E,,,33.44,9.39,,,
6396047,2026-08-29T10:00:49,218.6,0.802,F,2181.39,-7540.64,47.52116394,-122.25494385,E,,,33.45,9.42,,,
6397136,2026-08-29T10:00:50,224.22,0.792,F,2180.82,-7541.3,47.52115631,-122.25495148,E,,,33.43,9.39,,,
6398233,2026-08-29T10:00:52,225.33,0.796,F,2180.2,-7541.92,47.5211525,-122.25495911,E,,,33.4,9.4,,,
6399303,2026-08-29T10:00:53,224.63,0.796,F,2179.6,-7542.5,47.52114487,-122.25496674,E,,,33.39,9.37,,,
6400390,2026-08-29T10:00:54,222.59,0.818,F,2179.01,-7543.14,47.52114105,-122.25497437,E,,,33.4,9.4,,,
6401460,2026-08-29T10:00:55,224.37,0.851,F,2178.4,-7543.78,47.52113342,-122.25498199,E,,,33.4,9.39,,,
6402524,2026-08-29T10:00:56,224.21,0.847,F,2177.77,-7544.41,47.52112961,-122.25498962,E,,,33.37,9.4,,,
6403594,2026-08-29T10:00:57,220.57,0.728,F,2177.2,-7545.04,47.52112198,-122.25499725,E,,,33.39,9.39,,,
6404683,2026-08-29T10:00:58,216.1,0.547,F,2176.77,-7545.58,47.52111816,-122.25500488,E,,,33.44,9.4,,,
6405767,2026-08-29T10:00:59,212.35,0.393,F,2176.48,-7546.01,47.52111435,-122.25500488,E,,,33.45,9.41,,,
6406836,2026-08-29T10:01:00,213.76,0.498,F,2176.22,-7546.4,47.52111053,-122.25501251,E,,,33.41,9.4,,,
6407925,2026-08-29T10:01:01,214.36,0.58,F,2175.89,-7546.9,47.52110672,-122.25501251,E,,,33.33,9.4,,,
6409007,2026-08-29T10:01:02,214.18,0.638,F,2175.51,-7547.45,47.52110291,-122.25502014,E,,,33.29,9.41,,,
6410076,2026-08-29T10:01:03,215.34,0.696,F,2175.11,-7548.05,47.52109528,-122.25502777,E,,,33.21,9.39,,,
6411165,2026-08-29T10:01:05,220.01,0.72,F,2174.64,-7548.65,47.52109146,-122.2550354,E,,,33.15,9.4,,,
6412246,2026-08-29T10:01:06,219.14,0.74,F,2174.13,-7549.24,47.52108765,-122.2550354,E,,,33.14,9.4,,,
6413334,2026-08-29T10:01:07,217.05,0.751,F,2173.64,-7549.87,47.52108002,-122.25504303,E,,,33.17,9.39,,,
6414413,2026-08-29T10:01:08,217.19,0.772,F,2173.13,-7550.52,47.5210762,-122.25505066,E,,,33.22,9.38,,,
6415482,2026-08-29T10:01:09,218.15,0.788,F,2172.62,-7551.19,47.52106857,-122.25505829,E,,,33.25,9.39,,,
6416568,2026-08-29T10:01:10,221.43,0.797,F,2172.06,-7551.85,47.52106094,-122.25506592,E,,,33.26,9.4,,,
6417637,2026-08-29T10:01:11,222.68,0.793,F,2171.49,-7552.48,47.52105713,-122.25507355,E,,,33.25,9.39,,,
6418705,2026-08-29T10:01:12,225.24,0.806,F,2170.91,-7553.1,47.5210495,-122.25508118,E,,,33.24,9.4,,,
6419774,2026-08-29T10:01:13,224.83,0.801,F,2170.3,-7553.71,47.52104568,-122.25508881,E,,,33.25,9.42,,,
6420848,2026-08-29T10:01:14,223.23,0.823,F,2169.7,-7554.34,47.52104187,-122.25509644,E,,,33.27,9.34,,,
6421933,2026-08-29T10:01:15,223.57,0.823,F,2169.09,-7554.99,47.52103424,-122.25510406,E,,,33.31,9.39,,,
6423022,2026-08-29T10:01:16,227.93,0.82,F,2168.46,-7555.62,47.52103043,-122.25511169,E,,,33.35,9.4,,,
6424104,2026-08-29T10:01:17,229.52,0.834,F,2167.77,-7556.2,47.5210228,-122.25512695,E,,,33.39,9.41,,,
6425173,2026-08-29T10:01:19,225.48,0.849,F,2167.12,-7556.81,47.52101898,-122.25513458,E,,,33.42,9.4,,,
6426262,2026-08-29T10:01:20,226.74,0.868,F,2166.44,-7557.45,47.52101135,-122.25514221,E,,,33.43,9.4,,,
6427342,2026-08-29T10:01:21,226.19,0.884,F,2165.76,-7558.08,47.52100754,-122.25514984,E,,,33.43,9.41,,,
6428431,2026-08-29T10:01:22,225.1,0.878,F,2165.07,-7558.76,47.52099991,-122.25515747,E,,,33.42,9.4,,,
6429510,2026-08-29T10:01:23,223.51,0.889,F,2164.4,-7559.45,47.52099228,-122.2551651,E,,,33.41,9.39,,,
6430579,2026-08-29T10:01:24,222.55,0.887,F,2163.76,-7560.14,47.52098846,-122.25518036,E,,,33.38,9.39,,,
6431665,2026-08-29T10:01:25,223.91,0.896,F,2163.1,-7560.83,47.52098083,-122.25518799,E,,,33.34,9.4,,,
6432761,2026-08-29T10:01:26,224,0.887,F,2162.43,-7561.52,47.52097702,-122.25519562,E,,,33.32,9.42,,,
6433835,2026-08-29T10:01:27,216.61,0.884,F,2161.81,-7562.24,47.52096939,-122.25520325,E,,,33.34,9.41,,,
6434904,2026-08-29T10:01:28,212.32,0.898,F,2161.28,-7563.02,47.52096176,-122.25521088,E,,,33.33,9.4,,,
6435993,2026-08-29T10:01:29,212,0.902,F,2160.77,-7563.85,47.52095413,-122.25521851,E,,,33.31,9.4,,,
6437076,2026-08-29T10:01:30,211.82,0.878,F,2160.26,-7564.66,47.5209465,-122.25522614,E,,,33.3,9.41,,,
6438145,2026-08-29T10:01:32,210.2,0.907,F,2159.77,-7565.48,47.52093887,-122.25523376,E,,,33.27,9.4,,,
6439234,2026-08-29T10:01:33,215.16,0.946,F,2159.23,-7566.34,47.52093124,-122.25523376,E,,,33.19,9.4,,,
6440315,2026-08-29T10:01:34,223.37,0.953,F,2158.57,-7567.11,47.52092361,-122.25524902,E,,,33.12,9.41,,,
6441405,2026-08-29T10:01:35,222.83,0.954,F,2157.86,-7567.86,47.5209198,-122.25525665,E,,,33.11,9.42,,,
6442492,2026-08-29T10:01:36,220.56,0.851,F,2157.19,-7568.61,47.52091217,-122.25526428,E,,,33.12,9.39,,,
6443571,2026-08-29T10:01:37,214.5,0.648,F,2156.7,-7569.24,47.52090454,-122.25527191,E,,,33.16,9.33,,,
6444659,2026-08-29T10:01:38,206.62,0.451,F,2156.4,-7569.75,47.52090073,-122.25527191,E,,,33.2,9.39,,,
6445728,2026-08-29T10:01:39,204.13,0.331,F,2156.23,-7570.12,47.52089691,-122.25527954,E,,,33.23,9.39,,,
6446814,2026-08-29T10:01:40,212.35,0.231,F,2156.09,-7570.39,47.52089691,-122.25527954,E,,,33.17,9.4,,,
6447883,2026-08-29T10:01:41,232.76,0.162,F,2155.96,-7570.55,47.5208931,-122.25527954,E,,,33,9.4,,,
6448972,2026-08-29T10:01:42,2.35,0.113,F,2155.88,-7570.48,47.52089691,-122.25527954,E,,,32.89,9.4,,,
6450056,2026-08-29T10:01:43,22.72,0,F,2155.88,-7570.45,47.52089691,-122.25527954,E,,,32.82,9.4,,,
6451125,2026-08-29T10:01:44,59.27,0,F,2155.88,-7570.45,47.52089691,-122.25527954,E,,,32.76,9.4,,,
6452199,2026-08-29T10:01:46,70.82,0,F,2155.88,-7570.45,47.52089691,-122.25527954,E,,,32.71,9.42,,,
6453271,2026-08-29T10:01:47,78.69,0.152,F,2155.99,-7570.41,47.52089691,-122.25527954,E,,,32.69,9.41,,,
6454339,2026-08-29T10:01:48,92.43,0.12,F,2156.14,-7570.4,47.52089691,-122.25527954,E,,,32.62,9.4,,,
6455411,2026-08-29T10:01:49,90.43,0,F,2156.21,-7570.4,47.52089691,-122.25527954,E,,,32.62,9.42,,,
6456502,2026-08-29T10:01:50,116.98,0,F,2156.25,-7570.41,47.52089691,-122.25527954,E,,,32.56,9.43,,,
6457581,2026-08-29T10:01:51,29.51,0,F,2156.25,-7570.41,47.52089691,-122.25527954,E,,,32.43,9.41,,,
6458661,2026-08-29T10:01:52,4.22,0,F,2156.25,-7570.41,47.52089691,-122.25527954,E,,,32.38,9.38,,,
6459731,2026-08-29T10:01:53,358.81,0.183,F,2156.25,-7570.35,47.52089691,-122.25527954,E,,,32.26,9.39,,,
6460820,2026-08-29T10:01:54,358.02,0.291,F,2156.24,-7570.08,47.52089691,-122.25527954,E,,,32.15,9.41,,,
6461906,2026-08-29T10:01:55,356.64,0.215,F,2156.23,-7569.8,47.52090073,-122.25527954,E,,,32.09,9.41,,,
6462979,2026-08-29T10:01:56,356.96,0.151,F,2156.22,-7569.61,47.52090454,-122.25527954,E,,,32.06,9.4,,,
6464048,2026-08-29T10:01:57,347.49,0.105,F,2156.21,-7569.48,47.52090454,-122.25527954,E,,,31.99,9.43,,,
6465122,2026-08-29T10:01:58,308.5,0,F,2156.21,-7569.46,47.52090454,-122.25527954,E,,,31.87,9.42,,,
6466190,2026-08-29T10:02:00,298.2,0,F,2156.21,-7569.46,47.52090454,-122.25527954,E,,,31.78,9.41,,,
6467273,2026-08-29T10:02:01,294.51,0,F,2156.21,-7569.46,47.52090454,-122.25527954,E,,,31.64,9.43,,,
6468342,2026-08-29T10:02:02,294.1,0,F,2156.21,-7569.46,47.52090454,-122.25527954,E,,,31.46,9.41,,,
6469431,2026-08-29T10:02:03,302.46,0,F,2156.21,-7569.46,47.52090454,-122.25527954,E,,,31.32,9.42,,,
6470512,2026-08-29T10:02:04,315.49,0,F,2156.21,-7569.46,47.52090454,-122.25527954,E,,,31.18,9.43,,,
6471602,2026-08-29T10:02:05,334.01,0,F,2156.21,-7569.46,47.52090454,-122.25527954,E,,,31.04,9.44,,,
6472689,2026-08-29T10:02:06,335.36,0,F,2156.21,-7569.46,47.52090454,-122.25527954,E,,,30.89,9.42,,,
6473768,2026-08-29T10:02:07,309.32,0,F,2156.21,-7569.46,47.52090454,-122.25527954,E,,,30.78,9.36,,,
6474855,2026-08-29T10:02:08,255.36,0,F,2156.21,-7569.46,47.52090454,-122.25527954,E,,,30.64,9.41,,,
6475924,2026-08-29T10:02:09,231.64,0,F,2156.21,-7569.46,47.52090454,-122.25527954,E,,,30.47,9.41,,,
6477009,2026-08-29T10:02:10,240.2,0,F,2156.21,-7569.46,47.52090454,-122.25527954,E,,,30.31,9.43,,,
6478078,2026-08-29T10:02:11,229.92,0,F,2156.21,-7569.46,47.52090454,-122.25527954,E,,,30.15,9.42,,,
6479167,2026-08-29T10:02:13,230.01,0,F,2156.21,-7569.46,47.52090454,-122.25527954,E,,,30.12,9.43,,,
6480250,2026-08-29T10:02:14,225.97,0,F,2156.21,-7569.46,47.52090454,-122.25527954,E,,,30.24,9.44,,,
6481250,2026-08-29T10:02:15,225.88,0,F,2156.21,-7569.46,47.52090454,-122.25527954,E,,,30.33,9.42,,,
6482339,2026-08-29T10:02:16,232.63,0,F,2156.21,-7569.46,47.52090454,-122.25527954,E,,,30.51,9.45,,,
6483408,2026-08-29T10:02:17,289.46,0,F,2156.21,-7569.46,47.52090454,-122.25527954,E,,,30.58,9.44,,,
6484490,2026-08-29T10:02:18,295.68,0,F,2156.21,-7569.46,47.52090454,-122.25527954,E,,,30.64,9.45,,,
6485559,2026-08-29T10:02:19,296.3,0,F,2156.21,-7569.46,47.52090454,-122.25527954,E,,,30.57,9.44,,,
6486648,2026-08-29T10:02:20,261.64,0,F,2156.21,-7569.46,47.52090454,-122.25527954,E,,,30.65,9.45,,,
6487728,2026-08-29T10:02:21,268.31,0,F,2156.21,-7569.46,47.52090454,-122.25527954,E,,,30.58,9.46,,,
6488816,2026-08-29T10:02:22,254.24,0.121,F,2156.16,-7569.48,47.52090454,-122.25527954,E,,,30.68,9.44,,,
6489895,2026-08-29T10:02:23,249.32,0,F,2156.05,-7569.5,47.52090454,-122.25527954,E,,,30.78,9.43,,,
6490964,2026-08-29T10:02:24,235.49,0,F,2156.04,-7569.5,47.52090454,-122.25527954,E,,,30.88,9.43,,,
6492050,2026-08-29T10:02:25,295.14,0,F,2156.04,-7569.5,47.52090454,-122.25527954,E,,,30.95,9.45,,,
6493134,2026-08-29T10:02:26,312.07,0,F,2156.04,-7569.5,47.52090454,-122.25527954,E,,,30.95,9.45,,,
6494219,2026-08-29T10:02:28,313.19,0,F,2156.04,-7569.5,47.52090454,-122.25527954,E,,,30.91,9.45,,,
6495288,2026-08-29T10:02:29,321.54,0,F,2156.04,-7569.5,47.52090454,-122.25527954,E,,,30.83,9.44,,,
6496377,2026-08-29T10:02:30,296.91,0,F,2156.04,-7569.5,47.52090454,-122.25527954,E,,,30.69,9.45,,,
6497460,2026-08-29T10:02:31,311.31,0.108,F,2156.03,-7569.49,47.52090454,-122.25527954,E,,,30.67,9.45,,,
6498530,2026-08-29T10:02:32,297.88,0,F,2156.02,-7569.48,47.52090454,-122.25527954,E,,,30.61,9.44,,,
6499619,2026-08-29T10:02:33,273.73,0,F,2156.02,-7569.48,47.52090454,-122.25527954,E,,,30.52,9.44,,,
6500700,2026-08-29T10:02:34,230.87,0,F,2156.02,-7569.48,47.52090454,-122.25527954,E,,,30.44,9.45,,,
6501790,2026-08-29T10:02:35,212.81,0,F,2156.02,-7569.48,47.52090454,-122.25527954,E,,,30.37,9.46,,,
6502877,2026-08-29T10:02:36,266.76,0,F,2156.02,-7569.48,47.52090454,-122.25527954,E,,,30.01,9.44,,,
6503956,2026-08-29T10:02:37,249.47,0.148,F,2155.93,-7569.49,47.52090454,-122.25527954,E,,,30.1,9.38,,,
6505044,2026-08-29T10:02:38,243.33,0.103,F,2155.81,-7569.55,47.52090454,-122.25527954,E,,,30.22,9.43,,,
6506113,2026-08-29T10:02:39,263.11,0,F,2155.8,-7569.55,47.52090454,-122.25527954,E,,,30.33,9.44,,,
6507199,2026-08-29T10:02:41,286.35,0,F,2155.8,-7569.55,47.52090454,-122.25527954,E,,,30.41,9.45,,,
6508268,2026-08-29T10:02:42,294.05,0,F,2155.8,-7569.55,47.52090454,-122.25527954,E,,,30.43,9.45,,,
6509357,2026-08-29T10:02:43,278.87,0,F,2155.8,-7569.55,47.52090454,-122.25527954,E,,,30.34,9.45,,,
6510441,2026-08-29T10:02:44,271.88,0,F,2155.8,-7569.55,47.52090454,-122.25527954,E,,,30.36,9.46,,,
6511509,2026-08-29T10:02:45,259.09,0,F,2155.8,-7569.55,47.52090454,-122.25527954,E,,,30.4,9.45,,,
6512598,2026-08-29T10:02:46,251.91,0,F,2155.8,-7569.55,47.52090454,-122.25527954,E,,,30.49,9.46,,,
6513680,2026-08-29T10:02:47,264.07,0,F,2155.8,-7569.55,47.52090454,-122.25527954,E,,,30.59,9.48,,,
6514749,2026-08-29T10:02:48,262.3,0,F,2155.8,-7569.55,47.52090454,-122.25527954,E,,,30.69,9.45,,,
6515838,2026-08-29T10:02:49,265.82,0,F,2155.8,-7569.55,47.52090454,-122.25527954,E,,,30.76,9.45,,,
6516918,2026-08-29T10:02:50,276.32,0,F,2155.8,-7569.55,47.52090454,-122.25527954,E,,,30.86,9.48,,,
6518006,2026-08-29T10:02:51,278.77,0,F,2155.8,-7569.55,47.52090454,-122.25527954,E,,,30.99,9.45,,,
6519085,2026-08-29T10:02:52,285.65,0,F,2155.8,-7569.55,47.52090454,-122.25527954,E,,,31.05,9.43,,,
6520154,2026-08-29T10:02:54,286.24,0,F,2155.8,-7569.55,47.52090454,-122.25527954,E,,,31.15,9.44,,,
6521240,2026-08-29T10:02:55,293.13,0,F,2155.8,-7569.55,47.52090454,-122.25527954,E,,,31.16,9.45,,,
6522309,2026-08-29T10:02:56,283.95,0,F,2155.8,-7569.55,47.52090454,-122.25527954,E,,,31.19,9.45,,,
6523389,2026-08-29T10:02:57,271.93,0,F,2155.8,-7569.55,47.52090454,-122.25527954,E,,,31.28,9.45,,,
6524473,2026-08-29T10:02:58,272.69,0,F,2155.8,-7569.55,47.52090454,-122.25527954,E,,,31.36,9.46,,,
6525540,2026-08-29T10:02:59,279.54,0,F,2155.8,-7569.55,47.52090454,-122.25527954,E,,,31.43,9.46,,,
6526608,2026-08-29T10:03:00,277.81,0,F,2155.8,-7569.55,47.52090454,-122.25527954,E,,,31.5,9.45,,,
6527677,2026-08-29T10:03:01,275.68,0,F,2155.8,-7569.55,47.52090454,-122.25527954,E,,,31.56,9.48,,,
6528749,2026-08-29T10:03:02,278.74,0,F,2155.8,-7569.55,47.52090454,-122.25527954,E,,,31.6,9.48,,,
6529817,2026-08-29T10:03:03,275.68,0,F,2155.8,-7569.55,47.52090454,-122.25527954,E,,,31.64,9.45,,,
6530898,2026-08-29T10:03:04,269.45,0,F,2155.8,-7569.55,47.52090454,-122.25527954,E,,,31.7,9.48,,,
6531988,2026-08-29T10:03:05,262.99,0,F,2155.8,-7569.55,47.52090454,-122.25527954,E,,,31.79,9.48,,,
6533075,2026-08-29T10:03:06,253.43,0,F,2155.77,-7569.55,47.52090454,-122.25527954,E,,,31.9,9.45,,,
6534154,2026-08-29T10:03:08,246.22,0,F,2155.77,-7569.55,47.52090454,-122.25527954,E,,,32,9.39,,,
6535241,2026-08-29T10:03:09,254.72,0,F,2155.77,-7569.55,47.52090454,-122.25527954,E,,,32.09,9.44,,,
6536310,2026-08-29T10:03:10,244.19,0,F,2155.76,-7569.56,47.52090454,-122.25528717,E,,,32.16,9.44,,,
6537396,2026-08-29T10:03:11,238.21,0,F,2155.76,-7569.56,47.52090454,-122.25528717,E,,,32.23,9.45,,,
6538465,2026-08-29T10:03:12,225.47,0,F,2155.76,-7569.56,47.52090454,-122.25528717,E,,,32.29,9.45,,,
6539554,2026-08-29T10:03:13,241.15,0,F,2155.76,-7569.56,47.52090454,-122.25528717,E,,,32.35,9.45,,,
6540638,2026-08-29T10:03:14,253.38,0,F,2155.76,-7569.56,47.52090454,-122.25528717,E,,,32.39,9.46,,,
6541704,2026-08-29T10:03:15,255.55,0,F,2155.76,-7569.56,47.52090454,-122.25528717,E,,,32.4,9.44,,,
6542793,2026-08-29T10:03:16,255.87,0,F,2155.76,-7569.56,47.52090454,-122.25528717,E,,,32.38,9.44,,,
6543875,2026-08-29T10:03:17,257.67,0,F,2155.76,-7569.56,47.52090454,-122.25528717,E,,,32.34,9.45,,,
6544944,2026-08-29T10:03:18,256.03,0,F,2155.76,-7569.56,47.52090454,-122.25528717,E,,,32.3,9.45,,,
6546033,2026-08-29T10:03:19,250.85,0,F,2155.76,-7569.56,47.52090454,-122.25528717,E,,,32.24,9.45,,,
6547113,2026-08-29T10:03:20,256.47,0,F,2155.76,-7569.56,47.52090454,-122.25528717,E,,,32.17,9.45,,,
6548201,2026-08-29T10:03:22,258.2,0,F,2155.76,-7569.56,47.52090454,-122.25528717,E,,,32.14,9.44,,,
6549280,2026-08-29T10:03:23,262.43,0,F,2155.76,-7569.56,47.52090454,-122.25528717,E,,,32.07,9.42,,,
6550349,2026-08-29T10:03:24,260.2,0,F,2155.76,-7569.56,47.52090454,-122.25528717,E,,,32.02,9.43,,,
6551435,2026-08-29T10:03:25,254.18,0,F,2155.76,-7569.56,47.52090454,-122.25528717,E,,,31.89,9.44,,,
6552504,2026-08-29T10:03:26,234.24,0,F,2155.76,-7569.56,47.52090454,-122.25528717,E,,,31.81,9.43,,,
6553575,2026-08-29T10:03:27,222.05,0,F,2155.76,-7569.56,47.52090454,-122.25528717,E,,,31.68,9.43,,,
6554660,2026-08-29T10:03:28,222.42,0,F,2155.76,-7569.56,47.52090454,-122.25528717,E,,,31.61,9.44,,,
6555728,2026-08-29T10:03:29,219.33,0,F,2155.76,-7569.56,47.52090454,-122.25528717,E,,,31.51,9.43,,,
6556812,2026-08-29T10:03:30,225.31,0,F,2155.76,-7569.56,47.52090454,-122.25528717,E,,,31.4,9.44,,,
6557900,2026-08-29T10:03:31,223.74,0,F,2155.76,-7569.56,47.52090454,-122.25528717,E,,,31.26,9.45,,,
6558971,2026-08-29T10:03:32,233.28,0,F,2155.76,-7569.56,47.52090454,-122.25528717,E,,,31.17,9.44,,,
6560040,2026-08-29T10:03:33,244.63,0,F,2155.76,-7569.56,47.52090454,-122.25528717,E,,,31,9.42,,,
6561129,2026-08-29T10:03:34,239.52,0,F,2155.76,-7569.56,47.52090454,-122.25528717,E,,,30.87,9.42,,,
6562209,2026-08-29T10:03:36,240.49,0,F,2155.76,-7569.56,47.52090454,-122.25528717,E,,,30.72,9.43,,,
6563297,2026-08-29T10:03:37,258,0,F,2155.76,-7569.56,47.52090454,-122.25528717,E,,,30.62,9.42,,,
6564376,2026-08-29T10:03:38,285.98,0,F,2155.76,-7569.56,47.52090454,-122.25528717,E,,,30.46,9.4,,,
6565446,2026-08-29T10:03:39,291.12,0,F,2155.76,-7569.56,47.52090454,-122.25528717,E,,,30.15,9.41,,,
6566533,2026-08-29T10:03:40,293.99,0,F,2155.76,-7569.56,47.52090454,-122.25528717,E,,,29.91,9.42,,,
6567621,2026-08-29T10:03:41,285.8,0,F,2155.76,-7569.56,47.52090454,-122.25528717,E,,,29.81,9.44,,,
6568695,2026-08-29T10:03:42,294.01,0,F,2155.76,-7569.56,47.52090454,-122.25528717,E,,,29.59,9.42,,,
6569764,2026-08-29T10:03:43,280.83,0.114,F,2155.71,-7569.55,47.52090454,-122.25528717,E,,,29.48,9.42,,,
6570853,2026-08-29T10:03:44,269.79,0.123,F,2155.59,-7569.54,47.52090454,-122.25528717,E,,,29.42,9.43,,,
6571930,2026-08-29T10:03:45,230.47,0,F,2155.48,-7569.58,47.52090454,-122.25528717,E,,,29.5,9.45,,,
6573001,2026-08-29T10:03:46,229.04,0,F,2155.48,-7569.58,47.52090454,-122.25528717,E,,,29.46,9.45,,,
6574066,2026-08-29T10:03:47,238.6,0.11,F,2155.4,-7569.63,47.52090454,-122.25528717,E,,,29.4,9.46,,,
6575134,2026-08-29T10:03:48,228.98,0,F,2155.37,-7569.64,47.52090073,-122.25528717,E,,,29.32,9.46,,,
6576203,2026-08-29T10:03:50,226.59,0,F,2155.37,-7569.64,47.52090073,-122.25528717,E,,,29.17,9.49,,,
6577292,2026-08-29T10:03:51,231.92,0,F,2155.37,-7569.64,47.52090073,-122.25528717,E,,,28.99,9.48,,,
6578389,2026-08-29T10:03:52,228.34,0,F,2155.37,-7569.64,47.52090073,-122.25528717,E,,,28.79,9.49,,,
6579459,2026-08-29T10:03:53,255.76,0,F,2155.37,-7569.64,47.52090073,-122.25528717,E,,,28.55,9.45,,,
6580546,2026-08-29T10:03:54,247.87,0,F,2155.37,-7569.64,47.52090073,-122.25528717,E,,,28.34,9.49,,,
6581615,2026-08-29T10:03:55,232.85,0,F,2155.37,-7569.64,47.52090073,-122.25528717,E,,,28.11,9.49,,,
6582704,2026-08-29T10:03:56,233.2,0,F,2155.37,-7569.64,47.52090073,-122.25528717,E,,,27.9,9.51,,,
6583782,2026-08-29T10:03:57,256.83,0,F,2155.37,-7569.64,47.52090073,-122.25528717,E,,,27.67,9.5,,,
6584867,2026-08-29T10:03:58,252.3,0,F,2155.37,-7569.64,47.52090073,-122.25528717,E,,,27.42,9.52,,,
6585955,2026-08-29T10:03:59,240.83,0,F,2155.37,-7569.64,47.52090073,-122.25528717,E,,,27.21,9.53,,,
6587027,2026-08-29T10:04:00,237.69,0,F,2155.37,-7569.64,47.52090073,-122.25528717,E,,,27.02,9.53,,,
6588096,2026-08-29T10:04:01,242.85,0,F,2155.37,-7569.64,47.52090073,-122.25528717,E,,,26.83,9.54,,,
6589185,2026-08-29T10:04:03,229.99,0,F,2155.37,-7569.64,47.52090073,-122.25528717,E,,,26.66,9.55,,,
6590266,2026-08-29T10:04:04,231.91,0,F,2155.37,-7569.64,47.52090073,-122.25528717,E,,,26.5,9.57,,,
6591356,2026-08-29T10:04:05,235.21,0,F,2155.37,-7569.64,47.52090073,-122.25528717,E,,,26.33,9.59,,,
6592443,2026-08-29T10:04:06,233.54,0,F,2155.37,-7569.64,47.52090073,-122.25528717,E,,,26.19,9.58,,,
6593522,2026-08-29T10:04:07,214.11,0,F,2155.37,-7569.64,47.52090073,-122.25528717,E,,,26.09,9.54,,,
6594610,2026-08-29T10:04:08,201.27,0,F,2155.37,-7569.64,47.52090073,-122.25528717,E,,,26.02,9.6,,,
6595679,2026-08-29T10:04:09,199.49,0,F,2155.37,-7569.64,47.52090073,-122.25528717,E,,,25.96,9.61,,,
6596765,2026-08-29T10:04:10,204.57,0,F,2155.37,-7569.64,47.52090073,-122.25528717,E,,,25.86,9.64,,,
6597834,2026-08-29T10:04:11,208,0,F,2155.37,-7569.64,47.52090073,-122.25528717,E,,,25.74,9.65,,,
6598923,2026-08-29T10:04:12,214.88,0,F,2155.37,-7569.64,47.52090073,-122.25528717,E,,,25.63,9.66,,,
6600007,2026-08-29T10:04:13,217.33,0,F,2155.37,-7569.64,47.52090073,-122.25528717,E,,,25.54,9.68,,,
6601064,2026-08-29T10:04:14,225.45,0,F,2155.37,-7569.64,47.52090073,-122.25528717,E,,,25.46,9.67,,,
6602131,2026-08-29T10:04:15,224.88,0,F,2155.37,-7569.64,47.52090073,-122.25528717,E,,,25.39,9.69,,,
6603214,2026-08-29T10:04:17,223.07,0,F,2155.37,-7569.64,47.52090073,-122.25528717,E,,,25.41,9.71,,,
6604282,2026-08-29T10:04:18,225.68,0,F,2155.37,-7569.64,47.52090073,-122.25528717,E,,,25.47,9.72,,,
6605363,2026-08-29T10:04:19,222.84,0,F,2155.37,-7569.64,47.52090073,-122.25528717,E,,,25.54,9.74,,,
6606453,2026-08-29T10:04:20,229.5,0,F,2155.37,-7569.64,47.52090073,-122.25528717,E,,,25.59,9.75,,,
6607540,2026-08-29T10:04:21,232.01,0,F,2155.37,-7569.64,47.52090073,-122.25528717,E,,,25.58,9.74,,,
6608619,2026-08-29T10:04:22,228.08,0,F,2155.37,-7569.64,47.52090073,-122.25528717,E,,,25.53,9.68,,,
6609707,2026-08-29T10:04:23,231.38,0,F,2155.37,-7569.64,47.52090073,-122.25528717,E,,,25.59,9.75,,,
6610776,2026-08-29T10:04:24,230.93,0,F,2155.37,-7569.64,47.52090073,-122.25528717,E,,,25.67,9.75,,,
6611862,2026-08-29T10:04:25,228.15,0,F,2155.37,-7569.64,47.52090073,-122.25528717,E,,,25.75,9.78,,,
6612931,2026-08-29T10:04:26,225.61,0,F,2155.37,-7569.64,47.52090073,-122.25528717,E,,,25.84,9.77,,,
6614006,2026-08-29T10:04:27,224.95,0,F,2155.37,-7569.64,47.52090073,-122.25528717,E,,,25.93,9.8,,,
6615080,2026-08-29T10:04:28,225.4,0,F,2155.37,-7569.64,47.52090073,-122.25528717,E,,,26.04,9.8,,,
6616148,2026-08-29T10:04:30,225.61,0,F,2155.37,-7569.64,47.52090073,-122.25528717,E,,,26.13,9.79,,,
6617231,2026-08-29T10:04:31,251.14,0,F,2155.37,-7569.64,47.52090073,-122.25528717,E,,,26.23,9.81,,,
6618300,2026-08-29T10:04:32,244.94,0,F,2155.37,-7569.64,47.52090073,-122.25528717,E,,,26.38,9.8,,,
6619389,2026-08-29T10:04:33,243.82,0,F,2155.37,-7569.64,47.52090073,-122.25528717,E,,,26.51,9.81,,,
6620470,2026-08-29T10:04:34,248.06,0,F,2155.37,-7569.64,47.52090073,-122.25528717,E,,,26.65,9.82,,,
6621560,2026-08-29T10:04:35,256.95,0,F,2155.37,-7569.64,47.52090073,-122.25528717,E,,,26.81,9.84,,,
6622647,2026-08-29T10:04:36,265.2,0,F,2155.37,-7569.64,47.52090073,-122.25528717,E,,,26.96,9.82,,,
6623726,2026-08-29T10:04:37,239.34,0,F,2155.37,-7569.64,47.52090073,-122.25528717,E,,,27.05,9.75,,,
6624814,2026-08-29T10:04:38,235.43,0,F,2155.37,-7569.64,47.52090073,-122.25528717,E,,,27.21,9.81,,,
6625883,2026-08-29T10:04:39,240.17,0,F,2155.37,-7569.64,47.52090073,-122.25528717,E,,,27.35,9.81,,,
6626969,2026-08-29T10:04:40,241.68,0,F,2155.37,-7569.64,47.52090073,-122.25528717,E,,,27.48,9.82,,,
6628038,2026-08-29T10:04:41,226.62,0,F,2155.37,-7569.64,47.52090073,-122.25528717,E,,,27.59,9.82,,,
6629127,2026-08-29T10:04:42,228.66,0,F,2155.37,-7569.64,47.52090073,-122.25528717,E,,,27.69,9.82,,,
6630211,2026-08-29T10:04:44,222.05,0,F,2155.37,-7569.64,47.52090073,-122.25528717,E,,,27.84,9.83,,,
6631280,2026-08-29T10:04:45,211.52,0,F,2155.37,-7569.64,47.52090073,-122.25528717,E,,,27.95,9.82,,,
6632355,2026-08-29T10:04:46,203.35,0,F,2155.37,-7569.64,47.52090073,-122.25528717,E,,,28.06,9.84,,,
6633427,2026-08-29T10:04:47,189.78,0,F,2155.37,-7569.64,47.52090073,-122.25528717,E,,,28.15,9.83,,,
6634495,2026-08-29T10:04:48,175.87,0,F,2155.37,-7569.64,47.52090073,-122.25528717,E,,,28.27,9.81,,,
6635576,2026-08-29T10:04:49,162.56,0,F,2155.37,-7569.64,47.52090073,-122.25528717,E,,,28.38,9.82,,,
6636666,2026-08-29T10:04:50,146.57,0,F,2155.37,-7569.64,47.52090073,-122.25528717,E,,,28.49,9.83,,,
6637753,2026-08-29T10:04:51,134.98,0,F,2155.37,-7569.64,47.52090073,-122.25528717,E,,,28.58,9.81,,,
6638832,2026-08-29T10:04:52,88.18,0,F,2155.37,-7569.64,47.52090073,-122.25528717,E,,,28.72,9.74,,,
6639920,2026-08-29T10:04:53,77.7,0,F,2155.37,-7569.64,47.52090073,-122.25528717,E,,,28.73,9.8,,,
6640989,2026-08-29T10:04:54,103.47,0,F,2155.37,-7569.64,47.52090073,-122.25528717,E,,,28.84,9.79,,,
6642075,2026-08-29T10:04:55,121.61,0,F,2155.37,-7569.64,47.52090073,-122.25528717,E,,,28.92,9.79,,,
6643144,2026-08-29T10:04:57,120.4,0,F,2155.37,-7569.64,47.52090073,-122.25528717,E,,,29.03,9.77,,,
6644228,2026-08-29T10:04:58,127.02,0,F,2155.37,-7569.64,47.52090073,-122.25528717,E,,,29.12,9.78,,,
6645312,2026-08-29T10:04:59,131.29,0,F,2155.37,-7569.64,47.52090073,-122.25528717,E,,,29.22,9.79,,,
6646381,2026-08-29T10:05:00,137.05,0,F,2155.37,-7569.64,47.52090073,-122.25528717,E,,,29.33,9.76,,,
6647470,2026-08-29T10:05:01,157.89,0,F,2155.37,-7569.64,47.52090073,-122.25528717,E,,,29.4,9.76,,,
6648552,2026-08-29T10:05:02,160.87,0,F,2155.37,-7569.64,47.52090073,-122.25528717,E,,,29.53,9.77,,,
6649621,2026-08-29T10:05:03,150.77,0,F,2155.37,-7569.64,47.52090073,-122.25528717,E,,,29.7,9.75,,,
6650710,2026-08-29T10:05:04,130.83,0,F,2155.37,-7569.64,47.52090073,-122.25528717,E,,,29.92,9.73,,,
6651790,2026-08-29T10:05:05,149.14,0,F,2155.37,-7569.64,47.52090073,-122.25528717,E,,,30.07,9.73,,,
6652878,2026-08-29T10:05:06,167.42,0,F,2155.37,-7569.64,47.52090073,-122.25528717,E,,,30.22,9.7,,,
6653957,2026-08-29T10:05:07,180.02,0,F,2155.37,-7569.64,47.52090073,-122.25528717,E,,,30.41,9.67,,,
6655026,2026-08-29T10:05:08,184.6,0,F,2155.37,-7569.64,47.52090073,-122.25528717,E,,,30.58,9.66,,,
6656112,2026-08-29T10:05:09,188.18,0,F,2155.37,-7569.64,47.52090073,-122.25528717,E,,,30.89,9.66,,,
6657181,2026-08-29T10:05:11,185.05,0,F,2155.37,-7569.64,47.52090073,-122.25528717,E,,,31.09,9.63,,,
6658249,2026-08-29T10:05:12,189.35,0,F,2155.37,-7569.64,47.52090073,-122.25528717,E,,,31.26,9.6,,,
6659318,2026-08-29T10:05:13,206.01,0,F,2155.37,-7569.64,47.52090073,-122.25528717,E,,,31.47,9.61,,,
6660392,2026-08-29T10:05:14,208.64,0,F,2155.37,-7569.64,47.52090073,-122.25528717,E,,,31.66,9.6,,,
6661483,2026-08-29T10:05:15,213.21,0,F,2155.37,-7569.64,47.52090073,-122.25528717,E,,,31.85,9.56,,,
6662572,2026-08-29T10:05:16,218.81,0,F,2155.37,-7569.64,47.52090073,-122.25528717,E,,,32.03,9.57,,,
6663654,2026-08-29T10:05:17,228.55,0,F,2155.37,-7569.64,47.52090073,-122.25528717,E,,,32.21,9.57,,,
6664723,2026-08-29T10:05:18,251,0,F,2155.37,-7569.64,47.52090073,-122.25528717,E,,,32.34,9.56,,,
6665812,2026-08-29T10:05:19,278.16,0,F,2155.37,-7569.64,47.52090073,-122.25528717,E,,,32.44,9.55,,,
6666892,2026-08-29T10:05:20,295.34,0,F,2155.37,-7569.64,47.52090073,-122.25528717,E,,,32.45,9.55,,,
6667980,2026-08-29T10:05:21,295.87,0,F,2155.37,-7569.64,47.52090073,-122.25528717,E,,,32.44,9.53,,,
6669059,2026-08-29T10:05:22,292.7,0,F,2155.37,-7569.64,47.52090073,-122.25528717,E,,,32.44,9.51,,,
6670128,2026-08-29T10:05:23,293.46,0,F,2155.37,-7569.64,47.52090073,-122.25528717,E,,,32.39,9.51,,,
6671214,2026-08-29T10:05:25,290.46,0,F,2155.37,-7569.64,47.52090073,-122.25528717,E,,,32.4,9.52,,,
6672283,2026-08-29T10:05:26,286.78,0,F,2155.37,-7569.64,47.52090073,-122.25528717,E,,,32.42,9.51,,,
6673351,2026-08-29T10:05:27,286.06,0,F,2155.37,-7569.64,47.52090073,-122.25528717,E,,,32.44,9.51,,,
6674419,2026-08-29T10:05:28,259.05,0,F,2155.37,-7569.64,47.52090073,-122.25528717,E,,,32.47,9.52,,,
6675493,2026-08-29T10:05:29,250.38,0,F,2155.37,-7569.64,47.52090073,-122.25528717,E,,,32.54,9.5,,,
6676561,2026-08-29T10:05:30,244.07,0,F,2155.37,-7569.64,47.52090073,-122.25528717,E,,,32.64,9.49,,,
6677644,2026-08-29T10:05:31,245.34,0,F,2155.37,-7569.64,47.52090073,-122.25528717,E,,,32.64,9.5,,,
6678713,2026-08-29T10:05:32,257.91,0,F,2155.37,-7569.64,47.52090073,-122.25528717,E,,,32.69,9.48,,,
6679802,2026-08-29T10:05:33,272.68,0,F,2155.37,-7569.64,47.52090073,-122.25528717,E,,,32.67,9.48,,,
6680883,2026-08-29T10:05:34,265.57,0,F,2155.37,-7569.64,47.52090073,-122.25528717,E,,,32.57,9.49,,,
6681973,2026-08-29T10:05:35,273.48,0,F,2155.37,-7569.64,47.52090073,-122.25528717,E,,,32.51,9.5,,,
6683060,2026-08-29T10:05:36,278.59,0,F,2155.37,-7569.64,47.52090073,-122.25528717,E,,,32.47,9.46,,,
6684139,2026-08-29T10:05:37,277.22,0,F,2155.37,-7569.64,47.52090073,-122.25528717,E,,,32.38,9.4,,,
6685227,2026-08-29T10:05:39,238.03,0,F,2155.37,-7569.64,47.52090073,-122.25528717,E,,,32.25,9.45,,,
6686296,2026-08-29T10:05:40,225.69,0,F,2155.37,-7569.64,47.52090073,-122.25528717,E,,,32.22,9.44,,,
6687382,2026-08-29T10:05:41,212.72,0,F,2155.37,-7569.64,47.52090073,-122.25528717,E,,,32.12,9.45,,,
6688451,2026-08-29T10:05:42,215.68,0,F,2155.37,-7569.64,47.52090073,-122.25528717,E,,,32.14,9.44,,,
6689540,2026-08-29T10:05:43,224.19,0,F,2155.37,-7569.64,47.52090073,-122.25528717,E,,,32.18,9.44,,,
6690624,2026-08-29T10:05:44,230.42,0,F,2155.37,-7569.64,47.52090073,-122.25528717,E,,,32.23,9.45,,,
6691693,2026-08-29T10:05:45,217.53,0,F,2155.37,-7569.64,47.52090073,-122.25528717,E,,,32.28,9.44,,,
6692782,2026-08-29T10:05:46,207.56,0,F,2155.37,-7569.64,47.52090073,-122.25528717,E,,,32.32,9.44,,,
6693864,2026-08-29T10:05:47,190.77,0,F,2155.37,-7569.64,47.52090073,-122.25528717,E,,,32.34,9.45,,,
6694933,2026-08-29T10:05:48,181.17,0,F,2155.37,-7569.64,47.52090073,-122.25528717,E,,,32.41,9.44,,,
6696022,2026-08-29T10:05:49,178.02,0,F,2155.37,-7569.64,47.52090073,-122.25528717,E,,,32.51,9.44,,,
6697102,2026-08-29T10:05:50,175.76,0,F,2155.37,-7569.64,47.52090073,-122.25528717,E,,,32.6,9.45,,,
6698190,2026-08-29T10:05:52,177.68,0,F,2155.37,-7569.64,47.52090073,-122.25528717,E,,,32.67,9.43,,,
6699269,2026-08-29T10:05:53,182.47,0,F,2155.37,-7569.64,47.52090073,-122.25528717,E,,,32.66,9.42,,,
6700338,2026-08-29T10:05:54,201.16,0.105,F,2155.37,-7569.66,47.52090073,-122.25528717,E,,,32.66,9.42,,,
6701424,2026-08-29T10:05:55,206.92,0,F,2155.36,-7569.68,47.52090073,-122.25528717,E,,,32.75,9.43,,,
6702493,2026-08-29T10:05:56,209.73,0,F,2155.36,-7569.68,47.52090073,-122.25528717,E,,,32.79,9.43,,,
6703561,2026-08-29T10:05:57,217.07,0,F,2155.35,-7569.7,47.52090073,-122.25528717,E,,,32.8,9.42,,,
6704640,2026-08-29T10:05:58,218.17,0,F,2155.35,-7569.7,47.52090073,-122.25528717,E,,,32.86,9.42,,,
6705724,2026-08-29T10:05:59,215.82,0,F,2155.35,-7569.7,47.52090073,-122.25528717,E,,,32.92,9.44,,,
6706793,2026-08-29T10:06:00,216.86,0,F,2155.35,-7569.7,47.52090073,-122.25528717,E,,,32.98,9.43,,,
6707882,2026-08-29T10:06:01,224.75,0,F,2155.35,-7569.7,47.52090073,-122.25528717,E,,,33.03,9.43,,,
6708964,2026-08-29T10:06:02,249.86,0,F,2155.35,-7569.7,47.52090073,-122.25528717,E,,,33.12,9.43,,,
6710033,2026-08-29T10:06:03,271.04,0,F,2155.35,-7569.7,47.52090073,-122.25528717,E,,,33.14,9.43,,,
6711122,2026-08-29T10:06:04,264.05,0,F,2155.33,-7569.7,47.52090073,-122.25528717,E,,,33.13,9.42,,,
6712202,2026-08-29T10:06:06,262.3,0,F,2155.33,-7569.7,47.52090073,-122.25528717,E,,,33.15,9.43,,,
6713290,2026-08-29T10:06:07,250.27,0,F,2155.33,-7569.7,47.52090073,-122.25528717,E,,,33.2,9.42,,,
6714369,2026-08-29T10:06:08,250.01,0,F,2155.33,-7569.7,47.52090073,-122.25528717,E,,,33.24,9.4,,,
6715438,2026-08-29T10:06:09,251.98,0,F,2155.33,-7569.7,47.52090073,-122.25528717,E,,,33.31,9.41,,,
6716524,2026-08-29T10:06:10,254.68,0,F,2155.33,-7569.7,47.52090073,-122.25528717,E,,,33.37,9.42,,,
6717593,2026-08-29T10:06:11,261.31,0,F,2155.33,-7569.7,47.52090073,-122.25528717,E,,,33.41,9.41,,,
6718661,2026-08-29T10:06:12,258.65,0,F,2155.33,-7569.7,47.52090073,-122.25528717,E,,,33.47,9.42,,,
6719730,2026-08-29T10:06:13,266.64,0,F,2155.33,-7569.7,47.52090073,-122.25528717,E,,,33.53,9.43,,,
6720824,2026-08-29T10:06:14,267.26,0,F,2155.33,-7569.7,47.52090073,-122.25528717,E,,,33.6,9.39,,,
6721899,2026-08-29T10:06:15,259.95,0,F,2155.33,-7569.7,47.52090073,-122.25528717,E,,,33.66,9.43,,,
6722977,2026-08-29T10:06:16,259.37,0,F,2155.33,-7569.7,47.52090073,-122.25528717,E,,,33.67,9.41,,,
6724059,2026-08-29T10:06:17,265.33,0,F,2155.33,-7569.7,47.52090073,-122.25528717,E,,,33.76,9.42,,,
6725128,2026-08-29T10:06:18,269.35,0,F,2155.33,-7569.7,47.52090073,-122.25528717,E,,,33.87,9.41,,,
6726217,2026-08-29T10:06:20,264.91,0,F,2155.33,-7569.7,47.52090073,-122.25528717,E,,,33.95,9.41,,,
6727297,2026-08-29T10:06:21,265.56,0,F,2155.33,-7569.7,47.52090073,-122.25528717,E,,,34.04,9.42,,,
6728385,2026-08-29T10:06:22,271.13,0,F,2155.33,-7569.7,47.52090073,-122.25528717,E,,,34.12,9.4,,,
6729464,2026-08-29T10:06:23,272.02,0,F,2155.32,-7569.7,47.52090073,-122.25528717,E,,,34.11,9.39,,,
6730533,2026-08-29T10:06:24,270.17,0,F,2155.29,-7569.7,47.52090073,-122.25528717,E,,,34.13,9.39,,,
6731619,2026-08-29T10:06:25,298.34,0,F,2155.29,-7569.7,47.52090073,-122.25528717,E,,,34.1,9.41,,,
6732688,2026-08-29T10:06:26,298.63,0,F,2155.29,-7569.7,47.52090073,-122.25528717,E,,,34.11,9.4,,,
6733756,2026-08-29T10:06:27,295.97,0,F,2155.29,-7569.7,47.52090073,-122.25528717,E,,,34.04,9.4,,,
6734846,2026-08-29T10:06:28,287.52,0.104,F,2155.24,-7569.68,47.52090073,-122.25528717,E,,,33.97,9.4,,,
6735915,2026-08-29T10:06:29,286.71,0,F,2155.18,-7569.66,47.52090073,-122.2552948,E,,,33.95,9.4,,,
6736999,2026-08-29T10:06:30,290.19,0,F,2155.18,-7569.66,47.52090073,-122.2552948,E,,,33.92,9.41,,,
6738087,2026-08-29T10:06:31,287.44,0,F,2155.18,-7569.66,47.52090073,-122.2552948,E,,,33.85,9.42,,,
6739158,2026-08-29T10:06:33,289.07,0,F,2155.18,-7569.66,47.52090073,-122.2552948,E,,,33.8,9.41,,,
6740227,2026-08-29T10:06:34,292.65,0,F,2155.18,-7569.66,47.52090073,-122.2552948,E,,,33.77,9.4,,,
6741316,2026-08-29T10:06:35,297.43,0,F,2155.18,-7569.66,47.52090073,-122.2552948,E,,,33.74,9.4,,,
6742396,2026-08-29T10:06:36,306.52,0,F,2155.18,-7569.66,47.52090073,-122.2552948,E,,,33.72,9.41,,,
6743484,2026-08-29T10:06:37,307.39,0,F,2155.18,-7569.66,47.52090073,-122.2552948,E,,,33.69,9.39,,,
6744563,2026-08-29T10:06:38,305.31,0,F,2155.18,-7569.66,47.52090073,-122.2552948,E,,,33.68,9.38,,,
6745632,2026-08-29T10:06:39,295.51,0,F,2155.18,-7569.66,47.52090073,-122.2552948,E,,,33.67,9.38,,,
6746718,2026-08-29T10:06:40,291.4,0,F,2155.18,-7569.66,47.52090073,-122.2552948,E,,,33.69,9.4,,,
6747787,2026-08-29T10:06:41,289.71,0,F,2155.18,-7569.66,47.52090073,-122.2552948,E,,,33.73,9.39,,,
6748855,2026-08-29T10:06:42,295.63,0,F,2155.18,-7569.66,47.52090073,-122.2552948,E,,,33.76,9.39,,,
6749924,2026-08-29T10:06:43,305.11,0,F,2155.18,-7569.66,47.52090073,-122.2552948,E,,,33.8,9.41,,,
6750998,2026-08-29T10:06:44,313.88,0,F,2155.18,-7569.66,47.52090073,-122.2552948,E,,,33.83,9.4,,,
6752061,2026-08-29T10:06:45,311.27,0,F,2155.18,-7569.66,47.52090073,-122.2552948,E,,,33.82,9.4,,,
6753144,2026-08-29T10:06:47,305.93,0,F,2155.18,-7569.66,47.52090073,-122.2552948,E,,,33.82,9.4,,,
6754213,2026-08-29T10:06:48,298.89,0,F,2155.18,-7569.66,47.52090073,-122.2552948,E,,,33.85,9.39,,,
6755302,2026-08-29T10:06:49,297.26,0,F,2155.18,-7569.66,47.52090073,-122.2552948,E,,,33.85,9.4,,,
6756383,2026-08-29T10:06:50,302.92,0,F,2155.18,-7569.66,47.52090073,-122.2552948,E,,,33.87,9.4,,,
6757473,2026-08-29T10:06:51,310.81,0,F,2155.18,-7569.66,47.52090073,-122.2552948,E,,,33.89,9.41,,,
6758560,2026-08-29T10:06:52,315.16,0,F,2155.18,-7569.66,47.52090073,-122.2552948,E,,,33.92,9.4,,,
6759639,2026-08-29T10:06:53,314.43,0,F,2155.18,-7569.66,47.52090073,-122.2552948,E,,,33.89,9.33,,,
6760727,2026-08-29T10:06:54,311.32,0,F,2155.18,-7569.66,47.52090073,-122.2552948,E,,,33.89,9.39,,,
6761796,2026-08-29T10:06:55,313.2,0,F,2155.18,-7569.66,47.52090073,-122.2552948,E,,,33.9,9.38,,,
6762882,2026-08-29T10:06:56,316.8,0,F,2155.18,-7569.66,47.52090073,-122.2552948,E,,,33.91,9.4,,,
6763951,2026-08-29T10:06:57,316.51,0,F,2155.18,-7569.66,47.52090073,-122.2552948,E,,,33.9,9.39,,,
6765023,2026-08-29T10:06:58,309.2,0,F,2155.18,-7569.66,47.52090073,-122.2552948,E,,,33.86,9.41,,,
6766097,2026-08-29T10:06:59,299,0,F,2155.18,-7569.66,47.52090073,-122.2552948,E,,,33.87,9.4,,,
6767165,2026-08-29T10:07:01,298.83,0,F,2155.18,-7569.66,47.52090073,-122.2552948,E,,,33.91,9.39,,,
6768248,2026-08-29T10:07:02,297.26,0,F,2155.18,-7569.66,47.52090073,-122.2552948,E,,,33.95,9.4,,,
6769317,2026-08-29T10:07:03,307.27,0,F,2155.18,-7569.66,47.52090073,-122.2552948,E,,,33.97,9.39,,,
6770406,2026-08-29T10:07:04,313.56,0,F,2155.18,-7569.66,47.52090073,-122.2552948,E,,,33.99,9.39,,,
6771487,2026-08-29T10:07:05,315.29,0,F,2155.18,-7569.66,47.52090073,-122.2552948,E,,,34.02,9.41,,,
6772577,2026-08-29T10:07:06,308.82,0,F,2155.18,-7569.66,47.52090073,-122.2552948,E,,,34.04,9.42,,,
6773664,2026-08-29T10:07:07,310.37,0,F,2155.18,-7569.66,47.52090073,-122.2552948,E,,,34.04,9.4,,,
6774743,2026-08-29T10:07:08,311.89,0,F,2155.18,-7569.66,47.52090073,-122.2552948,E,,,34,9.34,,,
6775831,2026-08-29T10:07:09,310.53,0,F,2155.18,-7569.66,47.52090073,-122.2552948,E,,,33.99,9.39,,,
6776900,2026-08-29T10:07:10,310.89,0,F,2155.18,-7569.66,47.52090073,-122.2552948,E,,,33.95,9.39,,,
6777986,2026-08-29T10:07:11,307.51,0,F,2155.18,-7569.66,47.52090073,-122.2552948,E,,,33.92,9.4,,,
6779055,2026-08-29T10:07:12,307.91,0,F,2155.18,-7569.66,47.52090073,-122.2552948,E,,,33.94,9.39,,,
6780144,2026-08-29T10:07:14,306.5,0,F,2155.18,-7569.66,47.52090073,-122.2552948,E,,,33.97,9.4,,,
6781218,2026-08-29T10:07:15,307.98,0,F,2155.18,-7569.66,47.52090073,-122.2552948,E,,,33.95,9.39,,,
6782307,2026-08-29T10:07:16,300.39,0,F,2155.18,-7569.66,47.52090073,-122.2552948,E,,,33.87,9.39,,,
6783390,2026-08-29T10:07:17,296.43,0,F,2155.18,-7569.66,47.52090073,-122.2552948,E,,,33.87,9.4,,,
6784459,2026-08-29T10:07:18,304.09,0,F,2155.18,-7569.66,47.52090073,-122.2552948,E,,,33.89,9.39,,,
6785548,2026-08-29T10:07:19,311.53,0,F,2155.18,-7569.66,47.52090073,-122.2552948,E,,,33.88,9.39,,,
6786629,2026-08-29T10:07:20,311.56,0,F,2155.18,-7569.66,47.52090073,-122.2552948,E,,,33.84,9.4,,,
6787719,2026-08-29T10:07:21,307.57,0,F,2155.18,-7569.66,47.52090073,-122.2552948,E,,,33.84,9.41,,,
6788806,2026-08-29T10:07:22,307.46,0,F,2155.18,-7569.66,47.52090073,-122.2552948,E,,,33.89,9.39,,,
6789885,2026-08-29T10:07:23,312.36,0,F,2155.18,-7569.66,47.52090073,-122.2552948,E,,,33.92,9.33,,,
6790973,2026-08-29T10:07:24,314.46,0,F,2155.18,-7569.66,47.52090073,-122.2552948,E,,,33.94,9.39,,,
6792042,2026-08-29T10:07:25,312.06,0,F,2155.18,-7569.66,47.52090073,-122.2552948,E,,,33.96,9.38,,,
6793128,2026-08-29T10:07:26,310.97,0,F,2155.18,-7569.66,47.52090073,-122.2552948,E,,,33.99,9.4,,,
6794197,2026-08-29T10:07:28,317.79,0,F,2155.18,-7569.66,47.52090073,-122.2552948,E,,,33.96,9.39,,,
6795292,2026-08-29T10:07:29,307.44,0,F,2155.18,-7569.66,47.52090073,-122.2552948,E,,,33.95,9.41,,,
6796365,2026-08-29T10:07:30,304.57,0,F,2155.18,-7569.66,47.52090073,-122.2552948,E,,,33.97,9.4,,,
6797434,2026-08-29T10:07:31,305.68,0,F,2155.18,-7569.66,47.52090073,-122.2552948,E,,,34.01,9.39,,,
6798523,2026-08-29T10:07:32,309.94,0,F,2155.18,-7569.66,47.52090073,-122.2552948,E,,,34.02,9.39,,,
6799605,2026-08-29T10:07:33,317.9,0,F,2155.18,-7569.66,47.52090073,-122.2552948,E,,,34.04,9.4,,,
6800674,2026-08-29T10:07:34,326.06,0,F,2155.18,-7569.66,47.52090073,-122.2552948,E,,,34.04,9.39,,,
6801763,2026-08-29T10:07:35,330.61,0,F,2155.18,-7569.66,47.52090073,-122.2552948,E,,,34.03,9.4,,,
6802843,2026-08-29T10:07:36,329.9,0,F,2155.18,-7569.66,47.52090073,-122.2552948,E,,,34.02,9.41,,,
6803931,2026-08-29T10:07:37,328.34,0,F,2155.18,-7569.66,47.52090073,-122.2552948,E,,,33.95,9.39,,,
6805020,2026-08-29T10:07:38,321.06,0,F,2155.18,-7569.66,47.52090073,-122.2552948,E,,,33.89,9.41,,,
6806107,2026-08-29T10:07:39,313.52,0,F,2155.18,-7569.66,47.52090073,-122.2552948,E,,,33.86,9.39,,,
6807176,2026-08-29T10:07:41,311.45,0,F,2155.18,-7569.66,47.52090073,-122.2552948,E,,,33.86,9.39,,,
6808265,2026-08-29T10:07:42,313.86,0,F,2155.18,-7569.66,47.52090073,-122.2552948,E,,,33.88,9.39,,,
6809350,2026-08-29T10:07:43,313.19,0,F,2155.18,-7569.66,47.52090073,-122.2552948,E,,,33.9,9.4,,,
6810419,2026-08-29T10:07:44,298.66,0,F,2155.18,-7569.66,47.52090073,-122.2552948,E,,,33.88,9.39,,,
6811508,2026-08-29T10:07:45,287.51,0,F,2155.18,-7569.66,47.52090073,-122.2552948,E,,,33.87,9.4,,,
6812591,2026-08-29T10:07:46,297.85,0,F,2155.18,-7569.66,47.52090073,-122.2552948,E,,,33.82,9.4,,,
6813660,2026-08-29T10:07:47,302.09,0,F,2155.18,-7569.66,47.52090073,-122.2552948,E,,,33.82,9.39,,,
6814749,2026-08-29T10:07:48,309.06,0,F,2155.18,-7569.66,47.52090073,-122.2552948,E,,,33.83,9.39,,,
6815830,2026-08-29T10:07:49,315.19,0,F,2155.18,-7569.66,47.52090073,-122.2552948,E,,,33.85,9.4,,,
6816920,2026-08-29T10:07:50,316.15,0,F,2155.18,-7569.66,47.52090073,-122.2552948,E,,,33.83,9.41,,,
6818007,2026-08-29T10:07:51,302.64,0,F,2155.18,-7569.66,47.52090073,-122.2552948,E,,,33.8,9.39,,,
6819086,2026-08-29T10:07:52,295.55,0,F,2155.18,-7569.66,47.52090073,-122.2552948,E,,,33.81,9.33,,,
6820173,2026-08-29T10:07:54,305.73,0,F,2155.18,-7569.66,47.52090073,-122.2552948,E,,,33.8,9.39,,,
6821242,2026-08-29T10:07:55,314.27,0,F,2155.18,-7569.66,47.52090073,-122.2552948,E,,,33.81,9.38,,,
6822328,2026-08-29T10:07:56,314.36,0,F,2155.18,-7569.66,47.52090073,-122.2552948,E,,,33.79,9.4,,,
6823397,2026-08-29T10:07:57,307.28,0,F,2155.18,-7569.66,47.52090073,-122.2552948,E,,,33.78,9.39,,,
6824486,2026-08-29T10:07:58,300.85,0,F,2155.18,-7569.66,47.52090073,-122.2552948,E,,,33.8,9.39,,,
6825577,2026-08-29T10:07:59,307.34,0,F,2155.18,-7569.66,47.52090073,-122.2552948,E,,,33.79,9.4,,,
6826646,2026-08-29T10:08:00,315.89,0,F,2155.18,-7569.66,47.52090073,-122.2552948,E,,,33.78,9.39,,,
6827735,2026-08-29T10:08:01,322.66,0,F,2155.18,-7569.66,47.52090073,-122.2552948,E,,,33.8,9.39,,,
6828817,2026-08-29T10:08:02,324.66,0,F,2155.18,-7569.66,47.52090073,-122.2552948,E,,,33.81,9.4,,,
6829886,2026-08-29T10:08:03,330.15,0,F,2155.18,-7569.66,47.52090073,-122.2552948,E,,,33.79,9.39,,,
6830975,2026-08-29T10:08:04,336.9,0,F,2155.18,-7569.66,47.52090073,-122.2552948,E,,,33.81,9.39,,,
6832055,2026-08-29T10:08:05,344.01,0,F,2155.18,-7569.66,47.52090073,-122.2552948,E,,,33.8,9.4,,,
6833143,2026-08-29T10:08:07,340.3,0,F,2155.18,-7569.66,47.52090073,-122.2552948,E,,,33.73,9.39,,,
6834222,2026-08-29T10:08:08,329.99,0,F,2155.18,-7569.66,47.52090073,-122.2552948,E,,,33.74,9.37,,,
6835291,2026-08-29T10:08:09,329.47,0,F,2155.18,-7569.66,47.52090073,-122.2552948,E,,,33.76,9.38,,,
6836377,2026-08-29T10:08:10,332.58,0,F,2155.18,-7569.66,47.52090073,-122.2552948,E,,,33.78,9.39,,,
6837446,2026-08-29T10:08:11,340.11,0,F,2155.18,-7569.66,47.52090073,-122.2552948,E,,,33.77,9.39,,,
6838514,2026-08-29T10:08:12,345.27,0,F,2155.18,-7569.66,47.52090073,-122.2552948,E,,,33.8,9.39,,,
6839583,2026-08-29T10:08:13,350.03,0,F,2155.18,-7569.66,47.52090073,-122.2552948,E,,,33.79,9.41,,,
6840657,2026-08-29T10:08:14,348.49,0,F,2155.18,-7569.66,47.52090073,-122.2552948,E,,,33.73,9.4,,,
6841746,2026-08-29T10:08:15,341.01,0,F,2155.18,-7569.66,47.52090073,-122.2552948,E,,,33.72,9.4,,,
6842835,2026-08-29T10:08:16,334.43,0,F,2155.18,-7569.66,47.52090073,-122.2552948,E,,,33.74,9.41,,,
6843906,2026-08-29T10:08:17,334.45,0,F,2155.18,-7569.66,47.52090073,-122.2552948,E,,,33.77,9.4,,,
6844975,2026-08-29T10:08:18,337.67,0,F,2155.18,-7569.66,47.52090073,-122.2552948,E,,,33.77,9.39,,,
6846064,2026-08-29T10:08:19,341.96,0,F,2155.18,-7569.66,47.52090073,-122.2552948,E,,,33.78,9.39,,,
6847144,2026-08-29T10:08:21,339.89,0,F,2155.18,-7569.66,47.52090073,-122.2552948,E,,,33.76,9.4,,,
6848232,2026-08-29T10:08:22,336.53,0,F,2155.18,-7569.66,47.52090073,-122.2552948,E,,,33.76,9.38,,,
6849311,2026-08-29T10:08:23,334.07,0,F,2155.18,-7569.66,47.52090073,-122.2552948,E,,,33.79,9.37,,,
6850380,2026-08-29T10:08:24,334.14,0,F,2155.18,-7569.66,47.52090073,-122.2552948,E,,,33.79,9.39,,,
6851466,2026-08-29T10:08:25,331.24,0,F,2155.18,-7569.66,47.52090073,-122.2552948,E,,,33.78,9.39,,,
6852535,2026-08-29T10:08:26,327.72,0,F,2155.18,-7569.66,47.52090073,-122.2552948,E,,,33.8,9.39,,,
6853603,2026-08-29T10:08:27,328.77,0,F,2155.18,-7569.66,47.52090073,-122.2552948,E,,,33.76,9.39,,,
6854672,2026-08-29T10:08:28,330.59,0,F,2155.18,-7569.66,47.52090073,-122.2552948,E,,,33.71,9.41,,,
6855750,2026-08-29T10:08:29,334.99,0,F,2155.18,-7569.66,47.52090073,-122.2552948,E,,,33.71,9.4,,,
6856819,2026-08-29T10:08:30,337.7,0,F,2155.18,-7569.66,47.52090073,-122.2552948,E,,,33.72,9.39,,,
6857892,2026-08-29T10:08:31,337.84,0,F,2155.18,-7569.66,47.52090073,-122.2552948,E,,,33.73,9.41,,,
6858963,2026-08-29T10:08:32,340.91,0,F,2155.18,-7569.66,47.52090073,-122.2552948,E,,,33.73,9.4,,,
6860032,2026-08-29T10:08:33,347.03,0,F,2155.18,-7569.66,47.52090073,-122.2552948,E,,,33.74,9.39,,,
6861113,2026-08-29T10:08:34,352.39,0,F,2155.18,-7569.66,47.52090073,-122.2552948,E,,,33.73,9.4,,,
6862203,2026-08-29T10:08:36,353.74,0,F,2155.18,-7569.66,47.52090073,-122.2552948,E,,,33.69,9.41,,,
6863290,2026-08-29T10:08:37,345.97,0,F,2155.18,-7569.66,47.52090073,-122.2552948,E,,,33.65,9.39,,,
6864369,2026-08-29T10:08:38,336.58,0,F,2155.18,-7569.66,47.52090073,-122.2552948,E,,,33.59,9.33,,,
6865457,2026-08-29T10:08:39,325.74,0,F,2155.18,-7569.66,47.52090073,-122.2552948,E,,,33.58,9.38,,,
6866526,2026-08-29T10:08:40,327.3,0,F,2155.18,-7569.66,47.52090073,-122.2552948,E,,,33.61,9.38,,,
6867612,2026-08-29T10:08:41,332.77,0,F,2155.18,-7569.66,47.52090073,-122.2552948,E,,,33.57,9.39,,,
6868681,2026-08-29T10:08:42,328.45,0,F,2155.18,-7569.66,47.52090073,-122.2552948,E,,,33.55,9.39,,,
6869770,2026-08-29T10:08:43,326.06,0,F,2155.18,-7569.66,47.52090073,-122.2552948,E,,,33.58,9.4,,,
6870854,2026-08-29T10:08:44,331.85,0,F,2155.18,-7569.66,47.52090073,-122.2552948,E,,,33.62,9.4,,,
6871923,2026-08-29T10:08:45,338.34,0,F,2155.18,-7569.66,47.52090073,-122.2552948,E,,,33.64,9.39,,,
6873012,2026-08-29T10:08:46,343.84,0,F,2155.18,-7569.66,47.52090073,-122.2552948,E,,,33.64,9.39,,,
6874094,2026-08-29T10:08:47,346.8,0,F,2155.18,-7569.66,47.52090073,-122.2552948,E,,,33.63,9.4,,,
6875163,2026-08-29T10:08:49,351.9,0,F,2155.18,-7569.66,47.52090073,-122.2552948,E,,,33.61,9.39,,,
6876252,2026-08-29T10:08:50,357,0,F,2155.18,-7569.66,47.52090073,-122.2552948,E,,,33.53,9.39,,,
6877333,2026-08-29T10:08:51,4.02,0,F,2155.18,-7569.66,47.52090073,-122.2552948,E,,,33.5,9.41,,,
6878421,2026-08-29T10:08:52,11.39,0,F,2155.18,-7569.66,47.52090073,-122.2552948,E,,,33.48,9.39,,,
6879510,2026-08-29T10:08:53,18.65,0,F,2155.18,-7569.66,47.52090073,-122.2552948,E,,,33.45,9.4,,,
6880597,2026-08-29T10:08:54,28.17,0,F,2155.18,-7569.66,47.52090073,-122.2552948,E,,,33.42,9.39,,,
6881666,2026-08-29T10:08:55,39.59,0,F,2155.18,-7569.66,47.52090073,-122.2552948,E,,,33.39,9.38,,,
6882755,2026-08-29T10:08:56,53.66,0,F,2155.18,-7569.66,47.52090073,-122.2552948,E,,,33.37,9.39,,,
6883840,2026-08-29T10:08:57,45.13,0,F,2155.18,-7569.66,47.52090073,-122.2552948,E,,,33.32,9.39,,,
6884909,2026-08-29T10:08:58,32.65,0,F,2155.18,-7569.66,47.52090073,-122.2552948,E,,,33.26,9.38,,,
6886005,2026-08-29T10:08:59,22.09,0,F,2155.18,-7569.66,47.52090073,-122.2552948,E,,,33.33,9.4,,,
6887077,2026-08-29T10:09:00,28.05,0,F,2155.18,-7569.66,47.52090073,-122.2552948,E,,,33.36,9.4,,,
6888146,2026-08-29T10:09:02,39.45,0,F,2155.18,-7569.66,47.52090073,-122.2552948,E,,,33.4,9.39,,,
6889235,2026-08-29T10:09:03,34.86,0,F,2155.18,-7569.66,47.52090073,-122.2552948,E,,,33.46,9.39,,,
6890316,2026-08-29T10:09:04,34.09,0.108,F,2155.18,-7569.65,47.52090073,-122.2552948,E,,,33.43,9.4,,,
6891407,2026-08-29T10:09:05,31.47,0,F,2155.2,-7569.63,47.52090454,-122.25528717,E,,,33.39,9.41,,,
6892494,2026-08-29T10:09:06,19.13,0,F,2155.2,-7569.63,47.52090454,-122.25528717,E,,,33.39,9.39,,,
6893573,2026-08-29T10:09:07,11.87,0,F,2155.2,-7569.63,47.52090454,-122.25528717,E,,,33.48,9.32,,,
6894660,2026-08-29T10:09:08,20.66,0,F,2155.2,-7569.63,47.52090454,-122.25528717,E,,,33.48,9.38,,,
6895729,2026-08-29T10:09:09,24.43,0,F,2155.2,-7569.63,47.52090454,-122.25528717,E,,,33.48,9.38,,,
6896815,2026-08-29T10:09:10,27.82,0,F,2155.2,-7569.63,47.52090454,-122.25528717,E,,,33.56,9.39,,,
6897884,2026-08-29T10:09:11,28.71,0,F,2155.2,-7569.63,47.52090454,-122.25528717,E,,,33.64,9.39,,,
6898946,2026-08-29T10:09:12,26.13,0,F,2155.2,-7569.63,47.52090454,-122.25528717,E,,,33.71,9.38,,,
6900031,2026-08-29T10:09:13,26.71,0,F,2155.2,-7569.63,47.52090454,-122.25528717,E,,,33.74,9.4,,,
6901087,2026-08-29T10:09:14,26.99,0,F,2155.2,-7569.63,47.52090454,-122.25528717,E,,,33.82,9.37,,,
6902162,2026-08-29T10:09:16,23.09,0,F,2155.2,-7569.63,47.52090454,-122.25528717,E,,,33.86,9.41,,,
6903234,2026-08-29T10:09:17,20.05,0,F,2155.2,-7569.63,47.52090454,-122.25528717,E,,,33.89,9.4,,,
6904322,2026-08-29T10:09:18,17.3,0,F,2155.2,-7569.63,47.52090454,-122.25528717,E,,,33.95,9.41,,,
6905392,2026-08-29T10:09:19,17.43,0,F,2155.2,-7569.63,47.52090454,-122.25528717,E,,,33.94,9.4,,,
6906482,2026-08-29T10:09:20,19.04,0,F,2155.2,-7569.63,47.52090454,-122.25528717,E,,,33.92,9.41,,,
6907569,2026-08-29T10:09:21,19.45,0,F,2155.2,-7569.63,47.52090454,-122.25528717,E,,,33.88,9.39,,,
6908648,2026-08-29T10:09:22,18.85,0,F,2155.2,-7569.63,47.52090454,-122.25528717,E,,,33.82,9.33,,,
6909735,2026-08-29T10:09:23,16.07,0,F,2155.2,-7569.63,47.52090454,-122.25528717,E,,,33.75,9.38,,,
6910804,2026-08-29T10:09:24,12.88,0,F,2155.2,-7569.63,47.52090454,-122.25528717,E,,,33.65,9.38,,,
6911890,2026-08-29T10:09:25,18.2,0,F,2155.2,-7569.63,47.52090454,-122.25528717,E,,,33.58,9.39,,,
6912959,2026-08-29T10:09:26,18.1,0,F,2155.2,-7569.63,47.52090454,-122.25528717,E,,,33.47,9.38,,,
6914019,2026-08-29T10:09:27,8.19,0,F,2155.2,-7569.63,47.52090454,-122.25528717,E,,,33.29,9.37,,,
6915104,2026-08-29T10:09:28,0.84,0,F,2155.2,-7569.63,47.52090454,-122.25528717,E,,,33.14,9.39,,,
6916184,2026-08-29T10:09:30,359.67,0,F,2155.2,-7569.63,47.52090454,-122.25528717,E,,,33.07,9.37,,,
6917257,2026-08-29T10:09:31,2.22,0,F,2155.2,-7569.63,47.52090454,-122.25528717,E,,,33,9.4,,,
6918328,2026-08-29T10:09:32,4.9,0,F,2155.2,-7569.63,47.52090454,-122.25528717,E,,,32.98,9.39,,,
6919397,2026-08-29T10:09:33,11.23,0,F,2155.2,-7569.63,47.52090454,-122.25528717,E,,,32.95,9.38,,,
6920477,2026-08-29T10:09:34,20.36,0,F,2155.2,-7569.63,47.52090454,-122.25528717,E,,,32.92,9.39,,,
6921567,2026-08-29T10:09:35,23.99,0,F,2155.2,-7569.63,47.52090454,-122.25528717,E,,,32.93,9.4,,,
6922654,2026-08-29T10:09:36,22.74,0,F,2155.2,-7569.63,47.52090454,-122.25528717,E,,,32.98,9.38,,,
6923733,2026-08-29T10:09:37,20.29,0,F,2155.2,-7569.63,47.52090454,-122.25528717,E,,,32.95,9.32,,,
6924820,2026-08-29T10:09:38,22.66,0,F,2155.2,-7569.63,47.52090454,-122.25528717,E,,,32.96,9.37,,,
6925889,2026-08-29T10:09:39,28.36,0,F,2155.2,-7569.63,47.52090454,-122.25528717,E,,,33.03,9.37,,,
6926975,2026-08-29T10:09:40,20.97,0,F,2155.2,-7569.63,47.52090454,-122.25528717,E,,,33.09,9.39,,,
6928044,2026-08-29T10:09:41,4.91,0,F,2155.2,-7569.63,47.52090454,-122.25528717,E,,,33.08,9.38,,,
6929133,2026-08-29T10:09:42,359.27,0,F,2155.2,-7569.63,47.52090454,-122.25528717,E,,,33.06,9.39,,,
6930217,2026-08-29T10:09:44,9.34,0,F,2155.2,-7569.63,47.52090454,-122.25528717,E,,,33.06,9.39,,,
6931286,2026-08-29T10:09:45,12.96,0,F,2155.2,-7569.63,47.52090454,-122.25528717,E,,,33.01,9.39,,,
6932375,2026-08-29T10:09:46,10.71,0,F,2155.2,-7569.63,47.52090454,-122.25528717,E,,,32.93,9.38,,,
6933457,2026-08-29T10:09:47,6.09,0,F,2155.2,-7569.63,47.52090454,-122.25528717,E,,,32.94,9.39,,,
6934526,2026-08-29T10:09:48,3.41,0,F,2155.2,-7569.63,47.52090454,-122.25528717,E,,,33,9.38,,,
6935615,2026-08-29T10:09:49,355.87,0,F,2155.2,-7569.63,47.52090454,-122.25528717,E,,,33.14,9.39,,,
6936695,2026-08-29T10:09:50,352.79,0,F,2155.2,-7569.63,47.52090454,-122.25528717,E,,,33.25,9.39,,,
6937783,2026-08-29T10:09:51,358.39,0,F,2155.2,-7569.63,47.52090454,-122.25528717,E,,,33.35,9.38,,,
6938862,2026-08-29T10:09:52,4.87,0,F,2155.2,-7569.63,47.52090454,-122.25528717,E,,,33.35,9.36,,,
6939931,2026-08-29T10:09:53,21.4,0,F,2155.2,-7569.63,47.52090454,-122.25528717,E,,,33.19,9.37,,,
6941017,2026-08-29T10:09:54,34.01,0,F,2155.2,-7569.63,47.52090454,-122.25528717,E,,,33.11,9.38,,,
6942086,2026-08-29T10:09:55,41.48,0,F,2155.2,-7569.63,47.52090454,-122.25528717,E,,,33.02,9.37,,,
6943154,2026-08-29T10:09:57,28.75,0,F,2155.2,-7569.63,47.52090454,-122.25528717,E,,,32.89,9.38,,,
6944223,2026-08-29T10:09:58,29.54,0,F,2155.2,-7569.63,47.52090454,-122.25528717,E,,,32.78,9.39,,,
6945297,2026-08-29T10:09:59,36.92,0,F,2155.2,-7569.63,47.52090454,-122.25528717,E,,,32.67,9.38,,,
6946365,2026-08-29T10:10:00,55.42,0,F,2155.2,-7569.63,47.52090454,-122.25528717,E,,,32.54,9.37,,,
6947448,2026-08-29T10:10:01,71.17,0,F,2155.2,-7569.63,47.52090454,-122.25528717,E,,,32.4,9.39,,,
6948517,2026-08-29T10:10:02,78.75,0,F,2155.2,-7569.63,47.52090454,-122.25528717,E,,,32.25,9.37,,,
6949606,2026-08-29T10:10:03,77.05,0,F,2155.2,-7569.63,47.52090454,-122.25528717,E,,,32.15,9.38,,,
6950687,2026-08-29T10:10:04,74.41,0,F,2155.2,-7569.63,47.52090454,-122.25528717,E,,,32.05,9.38,,,
6951777,2026-08-29T10:10:05,63.09,0,F,2155.2,-7569.63,47.52090454,-122.25528717,E,,,32.02,9.39,,,
6952864,2026-08-29T10:10:06,56.58,0,F,2155.2,-7569.63,47.52090454,-122.25528717,E,,,32.05,9.37,,,
6953943,2026-08-29T10:10:07,40.8,0,F,2155.2,-7569.63,47.52090454,-122.25528717,E,,,32.09,9.3,,,
6955031,2026-08-29T10:10:08,38.51,0,F,2155.2,-7569.63,47.52090454,-122.25528717,E,,,32.13,9.37,,,
6956100,2026-08-29T10:10:09,49.7,0,F,2155.2,-7569.63,47.52090454,-122.25528717,E,,,32.19,9.37,,,
6957186,2026-08-29T10:10:11,56.93,0,F,2155.2,-7569.63,47.52090454,-122.25528717,E,,,32.26,9.38,,,
6958255,2026-08-29T10:10:12,55.62,0,F,2155.2,-7569.63,47.52090454,-122.25528717,E,,,32.31,9.38,,,
6959344,2026-08-29T10:10:13,52.06,0,F,2155.2,-7569.63,47.52090454,-122.25528717,E,,,32.35,9.38,,,
6960428,2026-08-29T10:10:14,49.36,0,F,2155.2,-7569.63,47.52090454,-122.25528717,E,,,32.39,9.39,,,
6961480,2026-08-29T10:10:15,46,0,F,2155.2,-7569.63,47.52090454,-122.25528717,E,,,32.45,9.4,,,
6962553,2026-08-29T10:10:16,38.29,0,F,2155.2,-7569.63,47.52090454,-122.25528717,E,,,32.47,9.4,,,
6963624,2026-08-29T10:10:17,35.79,0,F,2155.2,-7569.63,47.52090454,-122.25528717,E,,,32.47,9.39,,,
6964693,2026-08-29T10:10:18,35.32,0,F,2155.2,-7569.63,47.52090454,-122.25528717,E,,,32.48,9.38,,,
6965774,2026-08-29T10:10:19,34.64,0,F,2155.2,-7569.63,47.52090454,-122.25528717,E,,,32.5,9.39,,,
6966864,2026-08-29T10:10:20,32.33,0,F,2155.2,-7569.63,47.52090454,-122.25528717,E,,,32.5,9.4,,,
6967951,2026-08-29T10:10:21,30.8,0,F,2155.2,-7569.63,47.52090454,-122.25528717,E,,,32.51,9.38,,,
6969030,2026-08-29T10:10:22,29.19,0,F,2155.2,-7569.63,47.52090454,-122.25528717,E,,,32.49,9.31,,,
6970118,2026-08-29T10:10:23,28.86,0,F,2155.2,-7569.63,47.52090454,-122.25528717,E,,,32.5,9.38,,,
6971187,2026-08-29T10:10:25,31.12,0,F,2155.2,-7569.63,47.52090454,-122.25528717,E,,,32.5,9.38,,,
6972273,2026-08-29T10:10:26,30.72,0,F,2155.2,-7569.63,47.52090454,-122.25528717,E,,,32.48,9.39,,,
6973342,2026-08-29T10:10:27,27.25,0,F,2155.2,-7569.63,47.52090454,-122.25528717,E,,,32.48,9.38,,,
6974431,2026-08-29T10:10:28,24.59,0,F,2155.2,-7569.63,47.52090454,-122.25528717,E,,,32.5,9.38,,,
6975515,2026-08-29T10:10:29,26.97,0,F,2155.2,-7569.63,47.52090454,-122.25528717,E,,,32.52,9.4,,,
6976600,2026-08-29T10:10:30,28.57,0,F,2155.2,-7569.63,47.52090454,-122.25528717,E,,,32.53,9.39,,,
6977669,2026-08-29T10:10:31,28.46,0,F,2155.2,-7569.63,47.52090454,-122.25528717,E,,,32.57,9.39,,,
6978751,2026-08-29T10:10:32,29.28,0,F,2155.2,-7569.63,47.52090454,-122.25528717,E,,,32.58,9.4,,,
6979820,2026-08-29T10:10:33,30.44,0,F,2155.2,-7569.63,47.52090454,-122.25528717,E,,,32.59,9.39,,,
6980909,2026-08-29T10:10:34,31.29,0,F,2155.2,-7569.63,47.52090454,-122.25528717,E,,,32.63,9.39,,,
6981989,2026-08-29T10:10:35,33.17,0,F,2155.2,-7569.63,47.52090454,-122.25528717,E,,,32.67,9.4,,,
6983056,2026-08-29T10:10:36,31.01,0,F,2155.2,-7569.63,47.52090454,-122.25528717,E,,,32.69,9.38,,,
6984135,2026-08-29T10:10:37,29.57,0,F,2155.2,-7569.63,47.52090454,-122.25528717,E,,,32.71,9.31,,,
6985223,2026-08-29T10:10:39,29.07,0,F,2155.2,-7569.63,47.52090454,-122.25528717,E,,,32.74,9.38,,,
6986292,2026-08-29T10:10:40,28.82,0,F,2155.2,-7569.63,47.52090454,-122.25528717,E,,,32.73,9.38,,,
6987378,2026-08-29T10:10:41,30.72,0,F,2155.2,-7569.63,47.52090454,-122.25528717,E,,,32.74,9.39,,,
6988447,2026-08-29T10:10:42,32.05,0,F,2155.2,-7569.63,47.52090454,-122.25528717,E,,,32.76,9.39,,,
6989536,2026-08-29T10:10:43,30.32,0,F,2155.2,-7569.63,47.52090454,-122.25528717,E,,,32.76,9.39,,,
6990620,2026-08-29T10:10:44,30.96,0,F,2155.2,-7569.63,47.52090454,-122.25528717,E,,,32.77,9.4,,,
6991689,2026-08-29T10:10:45,31.83,0,F,2155.2,-7569.63,47.52090454,-122.25528717,E,,,32.77,9.39,,,
6992778,2026-08-29T10:10:46,33.49,0,F,2155.2,-7569.63,47.52090454,-122.25528717,E,,,32.77,9.39,,,
6993860,2026-08-29T10:10:47,35.85,0,F,2155.2,-7569.63,47.52090454,-122.25528717,E,,,32.77,9.4,,,
6994929,2026-08-29T10:10:48,37.26,0,F,2155.2,-7569.63,47.52090454,-122.25528717,E,,,32.79,9.39,,,
6996018,2026-08-29T10:10:49,37.13,0,F,2155.2,-7569.63,47.52090454,-122.25528717,E,,,32.8,9.39,,,
6997098,2026-08-29T10:10:50,36.03,0,F,2155.2,-7569.63,47.52090454,-122.25528717,E,,,32.82,9.4,,,
6998186,2026-08-29T10:10:52,34.1,0,F,2155.2,-7569.63,47.52090454,-122.25528717,E,,,32.84,9.39,,,
6999265,2026-08-29T10:10:53,31.34,0,F,2155.2,-7569.63,47.52090454,-122.25528717,E,,,32.86,9.37,,,
7000334,2026-08-29T10:10:54,31.92,0,F,2155.2,-7569.63,47.52090454,-122.25528717,E,,,32.87,9.38,,,
7001420,2026-08-29T10:10:55,34.8,0,F,2155.2,-7569.63,47.52090454,-122.25528717,E,,,32.89,9.39,,,
7002489,2026-08-29T10:10:56,36.21,0,F,2155.2,-7569.63,47.52090454,-122.25528717,E,,,32.91,9.39,,,
7003557,2026-08-29T10:10:57,36.25,0,F,2155.2,-7569.63,47.52090454,-122.25528717,E,,,32.92,9.39,,,
7004626,2026-08-29T10:10:58,36.08,0,F,2155.2,-7569.63,47.52090454,-122.25528717,E,,,32.93,9.41,,,
7005700,2026-08-29T10:10:59,35.24,0,F,2155.2,-7569.63,47.52090454,-122.25528717,E,,,32.94,9.4,,,
7006778,2026-08-29T10:11:00,34.04,0,F,2155.2,-7569.63,47.52090454,-122.25528717,E,,,32.95,9.39,,,
7007851,2026-08-29T10:11:01,31.86,0,F,2155.2,-7569.63,47.52090454,-122.25528717,E,,,32.97,9.41,,,
7008922,2026-08-29T10:11:02,33.76,0,F,2155.2,-7569.63,47.52090454,-122.25528717,E,,,32.98,9.4,,,
7009991,2026-08-29T10:11:03,35.58,0,F,2155.2,-7569.63,47.52090454,-122.25528717,E,,,33.01,9.39,,,
7011072,2026-08-29T10:11:04,36.29,0,F,2155.2,-7569.63,47.52090454,-122.25528717,E,,,33.02,9.41,,,
7012162,2026-08-29T10:11:06,31.52,0,F,2155.2,-7569.63,47.52090454,-122.25528717,E,,,33.03,9.42,,,
7013249,2026-08-29T10:11:07,29.48,0,F,2155.2,-7569.63,47.52090454,-122.25528717,E,,,33.05,9.39,,,
7014329,2026-08-29T10:11:08,31.71,0,F,2155.2,-7569.63,47.52090454,-122.25528717,E,,,33.09,9.33,,,
7015417,2026-08-29T10:11:09,37.33,0,F,2155.2,-7569.63,47.52090454,-122.25528717,E,,,33.14,9.38,,,
7016486,2026-08-29T10:11:10,39.64,0,F,2155.2,-7569.63,47.52090454,-122.25528717,E,,,33.16,9.38,,,
7017572,2026-08-29T10:11:11,40.05,0,F,2155.2,-7569.63,47.52090454,-122.25528717,E,,,33.18,9.4,,,
7018641,2026-08-29T10:11:12,39.48,0,F,2155.2,-7569.63,47.52090454,-122.25528717,E,,,33.22,9.39,,,
7019730,2026-08-29T10:11:13,41.98,0,F,2155.2,-7569.63,47.52090454,-122.25528717,E,,,33.26,9.39,,,
7020751,2026-08-29T10:11:14,44.25,0,F,2155.2,-7569.63,47.52090454,-122.25528717,E,,,33.32,9.4,,,
7021825,2026-08-29T10:11:15,38.27,0,F,2155.2,-7569.63,47.52090454,-122.25528717,E,,,33.34,9.41,,,
7022897,2026-08-29T10:11:16,40.24,0,F,2155.2,-7569.63,47.52090454,-122.25528717,E,,,33.34,9.4,,,
7023966,2026-08-29T10:11:17,51.04,0,F,2155.2,-7569.63,47.52090454,-122.25528717,E,,,33.29,9.39,,,
7025048,2026-08-29T10:11:18,64.36,0,F,2155.2,-7569.63,47.52090454,-122.25528717,E,,,33.3,9.4,,,
7026117,2026-08-29T10:11:19,57.62,0,F,2155.2,-7569.63,47.52090454,-122.25528717,E,,,33.29,9.38,,,
7027206,2026-08-29T10:11:21,51.65,0,F,2155.2,-7569.63,47.52090454,-122.25528717,E,,,33.31,9.39,,,
7028286,2026-08-29T10:11:22,57.83,0,F,2155.2,-7569.63,47.52090454,-122.25528717,E,,,33.32,9.4,,,
7029374,2026-08-29T10:11:23,83.53,0,F,2155.2,-7569.63,47.52090454,-122.25528717,E,,,33.32,9.39,,,
7030453,2026-08-29T10:11:24,90.27,0,F,2155.2,-7569.63,47.52090454,-122.25528717,E,,,33.31,9.37,,,
7031522,2026-08-29T10:11:25,77.1,0,F,2155.2,-7569.63,47.52090454,-122.25528717,E,,,33.32,9.38,,,
7032608,2026-08-29T10:11:26,63.25,0,F,2155.2,-7569.63,47.52090454,-122.25528717,E,,,33.29,9.39,,,
7033677,2026-08-29T10:11:27,56.35,0,F,2155.2,-7569.63,47.52090454,-122.25528717,E,,,33.3,9.38,,,
7034745,2026-08-29T10:11:28,52.28,0,F,2155.2,-7569.63,47.52090454,-122.25528717,E,,,33.32,9.38,,,
7035814,2026-08-29T10:11:29,53.97,0,F,2155.2,-7569.63,47.52090454,-122.25528717,E,,,33.33,9.4,,,
7036892,2026-08-29T10:11:30,62.24,0,F,2155.2,-7569.63,47.52090454,-122.25528717,E,,,33.33,9.39,,,
7037961,2026-08-29T10:11:31,63.25,0,F,2155.2,-7569.63,47.52090454,-122.25528717,E,,,33.31,9.38,,,
7039034,2026-08-29T10:11:32,58.13,0,F,2155.2,-7569.63,47.52090454,-122.25528717,E,,,33.3,9.4,,,
7040105,2026-08-29T10:11:33,55.85,0,F,2155.2,-7569.63,47.52090454,-122.25528717,E,,,33.29,9.39,,,
7041174,2026-08-29T10:11:35,54.32,0,F,2155.2,-7569.63,47.52090454,-122.25528717,E,,,33.3,9.39,,,
7042255,2026-08-29T10:11:36,53.72,0,F,2155.2,-7569.63,47.52090454,-122.25528717,E,,,33.29,9.4,,,
7043345,2026-08-29T10:11:37,54.72,0,F,2155.2,-7569.63,47.52090454,-122.25528717,E,,,33.26,9.41,,,
7044432,2026-08-29T10:11:38,57.82,0,F,2155.2,-7569.63,47.52090454,-122.25528717,E,,,33.24,9.38,,,
7045511,2026-08-29T10:11:39,55.02,0,F,2155.2,-7569.63,47.52090454,-122.25528717,E,,,33.23,9.31,,,
7046599,2026-08-29T10:11:40,52.95,0,F,2155.2,-7569.63,47.52090454,-122.25528717,E,,,33.23,9.38,,,
7047668,2026-08-29T10:11:41,50.03,0,F,2155.2,-7569.63,47.52090454,-122.25528717,E,,,33.23,9.38,,,
7048754,2026-08-29T10:11:42,48.92,0,F,2155.2,-7569.63,47.52090454,-122.25528717,E,,,33.22,9.39,,,
7049823,2026-08-29T10:11:43,52.2,0,F,2155.2,-7569.63,47.52090454,-122.25528717,E,,,33.22,9.38,,,
7050912,2026-08-29T10:11:44,51.95,0,F,2155.2,-7569.63,47.52090454,-122.25528717,E,,,33.25,9.39,,,
7051996,2026-08-29T10:11:45,58.89,0,F,2155.2,-7569.63,47.52090454,-122.25528717,E,,,33.25,9.39,,,
7053065,2026-08-29T10:11:46,82.63,0,F,2155.2,-7569.63,47.52090454,-122.25528717,E,,,33.24,9.38,,,
7054154,2026-08-29T10:11:48,100.14,0,F,2155.2,-7569.63,47.52090454,-122.25528717,E,,,33.23,9.38,,,
7055236,2026-08-29T10:11:49,111.48,0,F,2155.2,-7569.63,47.52090454,-122.25528717,E,,,33.24,9.39,,,
7056305,2026-08-29T10:11:50,111.8,0,F,2155.2,-7569.63,47.52090454,-122.25528717,E,,,33.27,9.38,,,
7057394,2026-08-29T10:11:51,116.86,0,F,2155.2,-7569.63,47.52090454,-122.25528717,E,,,33.31,9.38,,,
7058474,2026-08-29T10:11:52,142.55,0,F,2155.2,-7569.63,47.52090454,-122.25528717,E,,,33.3,9.39,,,
7059562,2026-08-29T10:11:53,160.25,0,F,2155.2,-7569.63,47.52090454,-122.25528717,E,,,33.32,9.38,,,
7060641,2026-08-29T10:11:54,182.82,0,F,2155.2,-7569.63,47.52090454,-122.25528717,E,,,33.36,9.36,,,
7061710,2026-08-29T10:11:55,202.35,0,F,2155.2,-7569.63,47.52090454,-122.25528717,E,,,33.42,9.38,,,
7062796,2026-08-29T10:11:56,212.65,0,F,2155.2,-7569.63,47.52090454,-122.25528717,E,,,33.44,9.39,,,
7063865,2026-08-29T10:11:57,222.4,0,F,2155.2,-7569.63,47.52090454,-122.25528717,E,,,33.46,9.38,,,
7064933,2026-08-29T10:11:58,228.67,0,F,2155.2,-7569.63,47.52090454,-122.25528717,E,,,33.49,9.39,,,
7066002,2026-08-29T10:11:59,216.05,0,F,2155.2,-7569.63,47.52090454,-122.25528717,E,,,33.49,9.4,,,
7067089,2026-08-29T10:12:00,207.14,0,F,2155.2,-7569.63,47.52090454,-122.25528717,E,,,33.49,9.38,,,
7068173,2026-08-29T10:12:02,200.38,0,F,2155.2,-7569.63,47.52090454,-122.25528717,E,,,33.5,9.39,,,
7069261,2026-08-29T10:12:03,185.75,0,F,2155.2,-7569.63,47.52090454,-122.25528717,E,,,33.54,9.41,,,
7070332,2026-08-29T10:12:04,168.03,0,F,2155.2,-7569.63,47.52090454,-122.25528717,E,,,33.62,9.39,,,
7071401,2026-08-29T10:12:05,150.16,0,F,2155.2,-7569.63,47.52090454,-122.25528717,E,,,33.69,9.38,,,
7072490,2026-08-29T10:12:06,130.74,0,F,2155.2,-7569.63,47.52090454,-122.25528717,E,,,33.72,9.38,,,
7073570,2026-08-29T10:12:07,127.53,0,F,2155.2,-7569.63,47.52090454,-122.25528717,E,,,33.76,9.4,,,
7074658,2026-08-29T10:12:08,122.98,0,F,2155.2,-7569.63,47.52090454,-122.25528717,E,,,33.81,9.38,,,
7075737,2026-08-29T10:12:09,98.22,0,F,2155.2,-7569.63,47.52090454,-122.25528717,E,,,33.84,9.37,,,
7076806,2026-08-29T10:12:10,90.45,0,F,2155.2,-7569.63,47.52090454,-122.25528717,E,,,33.88,9.37,,,
7077892,2026-08-29T10:12:11,84,0,F,2155.2,-7569.63,47.52090454,-122.25528717,E,,,33.92,9.39,,,
7078961,2026-08-29T10:12:12,84.1,0,F,2155.2,-7569.63,47.52090454,-122.25528717,E,,,33.94,9.38,,,
7080029,2026-08-29T10:12:13,81.41,0,F,2155.2,-7569.63,47.52090454,-122.25528717,E,,,33.94,9.38,,,
7081117,2026-08-29T10:12:14,77.88,0,F,2155.2,-7569.63,47.52090454,-122.25528717,E,,,33.91,9.37,,,
7082201,2026-08-29T10:12:16,86.71,0,F,2155.2,-7569.63,47.52090454,-122.25528717,E,,,33.82,9.39,,,
7083270,2026-08-29T10:12:17,110.6,0,F,2155.2,-7569.63,47.52090454,-122.25528717,E,,,33.77,9.38,,,
7084359,2026-08-29T10:12:18,118.68,0,F,2155.2,-7569.63,47.52090454,-122.25528717,E,,,33.68,9.38,,,
7085441,2026-08-29T10:12:19,102.04,0,F,2155.2,-7569.63,47.52090454,-122.25528717,E,,,33.59,9.39,,,
7086510,2026-08-29T10:12:20,105.47,0,F,2155.2,-7569.63,47.52090454,-122.25528717,E,,,33.49,9.38,,,
7087599,2026-08-29T10:12:21,113.58,0,F,2155.2,-7569.63,47.52090454,-122.25528717,E,,,33.4,9.38,,,
7088679,2026-08-29T10:12:22,115.71,0,F,2155.2,-7569.63,47.52090454,-122.25528717,E,,,33.33,9.39,,,
7089767,2026-08-29T10:12:23,117.63,0,F,2155.2,-7569.63,47.52090454,-122.25528717,E,,,33.27,9.37,,,
7090846,2026-08-29T10:12:24,125.58,0,F,2155.2,-7569.63,47.52090454,-122.25528717,E,,,33.15,9.36,,,
7091915,2026-08-29T10:12:25,122.1,0,F,2155.2,-7569.63,47.52090454,-122.25528717,E,,,33.09,9.36,,,
7093001,2026-08-29T10:12:26,119.32,0,F,2155.2,-7569.63,47.52090454,-122.25528717,E,,,33.06,9.38,,,
7094070,2026-08-29T10:12:27,113.19,0,F,2155.2,-7569.63,47.52090454,-122.25528717,E,,,33.05,9.37,,,
7095138,2026-08-29T10:12:28,113.18,0,F,2155.2,-7569.63,47.52090454,-122.25528717,E,,,33,9.38,,,
7096207,2026-08-29T10:12:30,127.43,0,F,2155.2,-7569.63,47.52090454,-122.25528717,E,,,32.88,9.39,,,
7097284,2026-08-29T10:12:31,139.09,0,F,2155.2,-7569.63,47.52090454,-122.25528717,E,,,32.85,9.39,,,
7098357,2026-08-29T10:12:32,137.09,0,F,2155.2,-7569.63,47.52090454,-122.25528717,E,,,32.86,9.38,,,
7099426,2026-08-29T10:12:33,130.58,0,F,2155.2,-7569.63,47.52090454,-122.25528717,E,,,32.86,9.37,,,
7100509,2026-08-29T10:12:34,135.1,0,F,2155.2,-7569.63,47.52090454,-122.25528717,E,,,32.78,9.38,,,
7101597,2026-08-29T10:12:35,136.54,0,F,2155.2,-7569.63,47.52090454,-122.25528717,E,,,32.69,9.39,,,
7102667,2026-08-29T10:12:36,142.98,0,F,2155.2,-7569.64,47.52090073,-122.25528717,E,,,32.68,9.38,,,
7103757,2026-08-29T10:12:37,140.6,0,F,2155.2,-7569.64,47.52090073,-122.25528717,E,,,32.73,9.39,,,
7104844,2026-08-29T10:12:38,138.41,0,F,2155.2,-7569.64,47.52090073,-122.25528717,E,,,32.82,9.37,,,
7105923,2026-08-29T10:12:39,137.52,0,F,2155.2,-7569.64,47.52090073,-122.25528717,E,,,32.91,9.3,,,
7107011,2026-08-29T10:12:40,137.54,0,F,2155.2,-7569.64,47.52090073,-122.25528717,E,,,32.99,9.37,,,
7108080,2026-08-29T10:12:41,134.11,0,F,2155.2,-7569.64,47.52090073,-122.25528717,E,,,33.07,9.37,,,
7109166,2026-08-29T10:12:43,126.53,0,F,2155.2,-7569.64,47.52090073,-122.25528717,E,,,33.14,9.38,,,
7110235,2026-08-29T10:12:44,124.33,0,F,2155.2,-7569.64,47.52090073,-122.25528717,E,,,33.21,9.37,,,
7111324,2026-08-29T10:12:45,132.22,0,F,2155.2,-7569.64,47.52090073,-122.25528717,E,,,33.24,9.38,,,
7112414,2026-08-29T10:12:46,134.05,0,F,2155.2,-7569.64,47.52090073,-122.25528717,E,,,33.25,9.38,,,
7113483,2026-08-29T10:12:47,136.47,0,F,2155.2,-7569.64,47.52090073,-122.25528717,E,,,33.25,9.38,,,
7114572,2026-08-29T10:12:48,142.29,0,F,2155.2,-7569.64,47.52090073,-122.25528717,E,,,33.25,9.38,,,
7115654,2026-08-29T10:12:49,150,0,F,2155.2,-7569.64,47.52090073,-122.25528717,E,,,33.24,9.39,,,
7116723,2026-08-29T10:12:50,157.22,0,F,2155.2,-7569.64,47.52090073,-122.25528717,E,,,33.22,9.37,,,
7117812,2026-08-29T10:12:51,166.4,0,F,2155.2,-7569.64,47.52090073,-122.25528717,E,,,33.2,9.38,,,
7118892,2026-08-29T10:12:52,171.99,0,F,2155.2,-7569.64,47.52090073,-122.25528717,E,,,33.2,9.39,,,
7119980,2026-08-29T10:12:53,168.86,0,F,2155.2,-7569.64,47.52090073,-122.25528717,E,,,33.14,9.37,,,
7121059,2026-08-29T10:12:54,165.66,0,F,2155.2,-7569.64,47.52090073,-122.25528717,E,,,33.11,9.35,,,
7122128,2026-08-29T10:12:55,162.77,0,F,2155.2,-7569.64,47.52090073,-122.25528717,E,,,33.16,9.36,,,
7123214,2026-08-29T10:12:57,158.51,0,F,2155.2,-7569.64,47.52090073,-122.25528717,E,,,33.21,9.38,,,
7124283,2026-08-29T10:12:58,156.71,0,F,2155.2,-7569.64,47.52090073,-122.25528717,E,,,33.24,9.37,,,
7125351,2026-08-29T10:12:59,157.78,0,F,2155.2,-7569.64,47.52090073,-122.25528717,E,,,33.23,9.37,,,
7126420,2026-08-29T10:13:00,156.49,0,F,2155.2,-7569.64,47.52090073,-122.25528717,E,,,33.22,9.39,,,
7127456,2026-08-29T10:13:01,154.57,0,F,2155.2,-7569.64,47.52090073,-122.25528717,E,,,33.25,9.36,,,
7128529,2026-08-29T10:13:02,161.35,0,F,2155.2,-7569.64,47.52090073,-122.25528717,E,,,33.3,9.39,,,
7129601,2026-08-29T10:13:03,170.49,0,F,2155.2,-7569.64,47.52090073,-122.25528717,E,,,33.32,9.38,,,
7130670,2026-08-29T10:13:04,170.39,0,F,2155.2,-7569.64,47.52090073,-122.25528717,E,,,33.35,9.37,,,
7131752,2026-08-29T10:13:05,167.78,0,F,2155.2,-7569.64,47.52090073,-122.25528717,E,,,33.32,9.39,,,
7132821,2026-08-29T10:13:06,172.6,0,F,2155.2,-7569.64,47.52090073,-122.25528717,E,,,33.32,9.38,,,
7133910,2026-08-29T10:13:07,181.49,0,F,2155.2,-7569.64,47.52090073,-122.25528717,E,,,33.33,9.38,,,
7134990,2026-08-29T10:13:08,190.82,0,F,2155.2,-7569.64,47.52090073,-122.25528717,E,,,33.3,9.39,,,
7136078,2026-08-29T10:13:09,182.68,0,F,2155.2,-7569.64,47.52090073,-122.25528717,E,,,33.25,9.37,,,
7137157,2026-08-29T10:13:11,174.37,0,F,2155.2,-7569.64,47.52090073,-122.25528717,E,,,33.22,9.35,,,
7138226,2026-08-29T10:13:12,180.34,0,F,2155.2,-7569.64,47.52090073,-122.25528717,E,,,33.23,9.37,,,
7139312,2026-08-29T10:13:13,184.27,0,F,2155.2,-7569.64,47.52090073,-122.25528717,E,,,33.2,9.37,,,
7140382,2026-08-29T10:13:14,193.2,0,F,2155.2,-7569.64,47.52090073,-122.25528717,E,,,33.18,9.37,,,
7141491,2026-08-29T10:13:15,188.41,0,F,2155.2,-7569.64,47.52090073,-122.25528717,E,,,33.14,9.37,,,
7142564,2026-08-29T10:13:16,182.32,0,F,2155.2,-7569.64,47.52090073,-122.25528717,E,,,33.07,9.38,,,
7143633,2026-08-29T10:13:17,178.03,0,F,2155.2,-7569.64,47.52090073,-122.25528717,E,,,33.05,9.37,,,
7144716,2026-08-29T10:13:18,172.42,0,F,2155.2,-7569.64,47.52090073,-122.25528717,E,,,33.02,9.38,,,
7145785,2026-08-29T10:13:19,173.43,0,F,2155.2,-7569.64,47.52090073,-122.25528717,E,,,33.01,9.37,,,
7146874,2026-08-29T10:13:20,175.3,0,F,2155.2,-7569.64,47.52090073,-122.25528717,E,,,33.04,9.37,,,
7147955,2026-08-29T10:13:21,177.89,0,F,2155.2,-7569.64,47.52090073,-122.25528717,E,,,33.09,9.38,,,
7149045,2026-08-29T10:13:22,174.94,0,F,2155.2,-7569.64,47.52090073,-122.25528717,E,,,33.17,9.4,,,
7150132,2026-08-29T10:13:23,171.35,0,F,2155.2,-7569.64,47.52090073,-122.25528717,E,,,33.18,9.37,,,
7151211,2026-08-29T10:13:25,170.42,0,F,2155.2,-7569.64,47.52090073,-122.25528717,E,,,33.24,9.3,,,
7152299,2026-08-29T10:13:26,175.62,0,F,2155.2,-7569.64,47.52090073,-122.25528717,E,,,33.28,9.37,,,
7153368,2026-08-29T10:13:27,185.98,0,F,2155.2,-7569.64,47.52090073,-122.25528717,E,,,33.35,9.37,,,
7154454,2026-08-29T10:13:28,196.37,0,F,2155.2,-7569.64,47.52090073,-122.25528717,E,,,33.39,9.38,,,
7155523,2026-08-29T10:13:29,203.52,0,F,2155.2,-7569.64,47.52090073,-122.25528717,E,,,33.44,9.37,,,
7156612,2026-08-29T10:13:30,209.78,0,F,2155.2,-7569.64,47.52090073,-122.25528717,E,,,33.5,9.38,,,
7157699,2026-08-29T10:13:31,203.2,0,F,2155.2,-7569.64,47.52090073,-122.25528717,E,,,33.5,9.39,,,
7158768,2026-08-29T10:13:32,194.29,0,F,2155.2,-7569.64,47.52090073,-122.25528717,E,,,33.5,9.38,,,
7159857,2026-08-29T10:13:33,196.26,0,F,2155.2,-7569.64,47.52090073,-122.25528717,E,,,33.55,9.38,,,
7160939,2026-08-29T10:13:34,202.54,0,F,2155.2,-7569.64,47.52090073,-122.25528717,E,,,33.58,9.39,,,
7162008,2026-08-29T10:13:35,205.58,0,F,2155.2,-7569.64,47.52090073,-122.25528717,E,,,33.57,9.38,,,
7163097,2026-08-29T10:13:36,199.71,0,F,2155.2,-7569.64,47.52090073,-122.25528717,E,,,33.56,9.38,,,
7164177,2026-08-29T10:13:38,195.63,0,F,2155.2,-7569.64,47.52090073,-122.25528717,E,,,33.55,9.39,,,
7165265,2026-08-29T10:13:39,191.09,0,F,2155.2,-7569.64,47.52090073,-122.25528717,E,,,33.53,9.37,,,
7166354,2026-08-29T10:13:40,199.16,0,F,2155.2,-7569.64,47.52090073,-122.25528717,E,,,33.52,9.39,,,
7167441,2026-08-29T10:13:41,214.01,0,F,2155.2,-7569.64,47.52090073,-122.25528717,E,,,33.53,9.38,,,
7168510,2026-08-29T10:13:42,226.16,0,F,2155.2,-7569.64,47.52090073,-122.25528717,E,,,33.52,9.37,,,
7169599,2026-08-29T10:13:43,206.93,0,F,2155.2,-7569.64,47.52090073,-122.25528717,E,,,33.47,9.38,,,
7170684,2026-08-29T10:13:44,188.31,0,F,2155.2,-7569.64,47.52090073,-122.25528717,E,,,33.43,9.38,,,
7171744,2026-08-29T10:13:45,183.82,0,F,2155.2,-7569.64,47.52090073,-122.25528717,E,,,33.5,9.38,,,
7172817,2026-08-29T10:13:46,188.86,0,F,2155.2,-7569.64,47.52090073,-122.25528717,E,,,33.52,9.39,,,
7173889,2026-08-29T10:13:47,193.97,0,F,2155.2,-7569.64,47.52090073,-122.25528717,E,,,33.5,9.39,,,
7174958,2026-08-29T10:13:48,190.96,0,F,2155.2,-7569.64,47.52090073,-122.25528717,E,,,33.48,9.38,,,
7176040,2026-08-29T10:13:49,193.45,0,F,2155.2,-7569.64,47.52090073,-122.25528717,E,,,33.49,9.39,,,
7177109,2026-08-29T10:13:50,190.35,0,F,2155.2,-7569.64,47.52090073,-122.25528717,E,,,33.51,9.37,,,
7178198,2026-08-29T10:13:52,180.57,0,F,2155.2,-7569.64,47.52090073,-122.25528717,E,,,33.51,9.38,,,
7179278,2026-08-29T10:13:53,167.76,0,F,2155.2,-7569.64,47.52090073,-122.25528717,E,,,33.53,9.39,,,
7180366,2026-08-29T10:13:54,157.56,0,F,2155.2,-7569.64,47.52090073,-122.25528717,E,,,33.55,9.37,,,
7181445,2026-08-29T10:13:55,157.64,0.115,F,2155.22,-7569.67,47.52090073,-122.25528717,E,,,33.56,9.35,,,
7182514,2026-08-29T10:13:56,169.41,0,F,2155.23,-7569.71,47.52090073,-122.25528717,E,,,33.57,9.36,,,
7183600,2026-08-29T10:13:57,181.28,0,F,2155.23,-7569.77,47.52090073,-122.25528717,E,,,33.43,9.38,,,
7184669,2026-08-29T10:13:58,185.71,0,F,2155.23,-7569.77,47.52090073,-122.25528717,E,,,33.26,9.37,,,
7185737,2026-08-29T10:13:59,184.47,0,F,2155.23,-7569.77,47.52090073,-122.25528717,E,,,33.17,9.37,,,
7186806,2026-08-29T10:14:00,185.16,0,F,2155.23,-7569.77,47.52090073,-122.25528717,E,,,33.13,9.39,,,
7187885,2026-08-29T10:14:01,186.01,0,F,2155.23,-7569.77,47.52090073,-122.25528717,E,,,33.17,9.39,,,
7188958,2026-08-29T10:14:02,179.22,0.126,F,2155.23,-7569.81,47.52090073,-122.25528717,E,,,33.14,9.38,,,
7190026,2026-08-29T10:14:03,169.86,0.1,F,2155.24,-7569.94,47.52090073,-122.25528717,E,,,33.09,9.38,,,
7191109,2026-08-29T10:14:04,156.45,0.132,F,2155.25,-7569.96,47.52090073,-122.25528717,E,,,33.11,9.39,,,
7192197,2026-08-29T10:14:06,143.36,0.259,F,2155.36,-7570.14,47.52089691,-122.25528717,E,,,33.04,9.4,,,
7193267,2026-08-29T10:14:07,132.74,0.39,F,2155.6,-7570.39,47.52089691,-122.25528717,E,,,32.99,9.38,,,
7194357,2026-08-29T10:14:08,118.2,0.438,F,2155.94,-7570.68,47.5208931,-122.25527954,E,,,33.09,9.4,,,
7195444,2026-08-29T10:14:09,108.55,0.512,F,2156.43,-7570.86,47.5208931,-122.25527191,E,,,33.15,9.38,,,
7196523,2026-08-29T10:14:10,116.72,0.448,F,2156.91,-7571.1,47.52088928,-122.25527191,E,,,33.2,9.31,,,
7197611,2026-08-29T10:14:11,114.31,0.324,F,2157.29,-7571.29,47.52088928,-122.25526428,E,,,33.25,9.38,,,
7198680,2026-08-29T10:14:12,117.82,0.227,F,2157.55,-7571.4,47.52088547,-122.25525665,E,,,33.24,9.37,,,
7199766,2026-08-29T10:14:13,118.29,0.158,F,2157.73,-7571.51,47.52088547,-122.25525665,E,,,33.23,9.39,,,
7200853,2026-08-29T10:14:14,97.52,0.17,F,2157.88,-7571.56,47.52088547,-122.25525665,E,,,33.25,9.34,,,
7201928,2026-08-29T10:14:15,85.51,0.286,F,2158.12,-7571.54,47.52088547,-122.25524902,E,,,33.21,9.4,,,
7203001,2026-08-29T10:14:16,80.25,0.238,F,2158.41,-7571.49,47.52088547,-122.25524902,E,,,33.24,9.39,,,
7204055,2026-08-29T10:14:17,82.73,0.168,F,2158.62,-7571.48,47.52088547,-122.25524902,E,,,33.25,9.39,,,
7205123,2026-08-29T10:14:18,59.47,0.118,F,2158.77,-7571.45,47.52088547,-122.25524139,E,,,33.26,9.38,,,
7206206,2026-08-29T10:14:20,26.78,0.239,F,2158.86,-7571.3,47.52088928,-122.25524139,E,,,33.24,9.39,,,
7207294,2026-08-29T10:14:21,23.15,0.358,F,2159,-7570.99,47.52088928,-122.25524139,E,,,33.27,9.39,,,
7208364,2026-08-29T10:14:22,26.75,0.431,F,2159.18,-7570.61,47.5208931,-122.25524139,E,,,33.27,9.39,,,
7209454,2026-08-29T10:14:23,35.48,0.431,F,2159.43,-7570.19,47.52089691,-122.25523376,E,,,33.23,9.39,,,
7210541,2026-08-29T10:14:24,54.01,0.313,F,2159.72,-7569.9,47.52090073,-122.25523376,E,,,33.28,9.37,,,
7211620,2026-08-29T10:14:25,32.58,0.231,F,2159.94,-7569.71,47.52090073,-122.25522614,E,,,33.32,9.3,,,
7212708,2026-08-29T10:14:26,6.53,0.31,F,2160.02,-7569.47,47.52090454,-122.25522614,E,,,33.28,9.37,,,
7213777,2026-08-29T10:14:27,357.65,0.425,F,2160.03,-7569.08,47.52090836,-122.25522614,E,,,33.21,9.36,,,
7214863,2026-08-29T10:14:28,351.48,0.52,F,2159.97,-7568.57,47.52091217,-122.25522614,E,,,33.24,9.37,,,
7215933,2026-08-29T10:14:29,341.7,0.558,F,2159.84,-7568.01,47.52091599,-122.25522614,E,,,33.23,9.37,,,
7217022,2026-08-29T10:14:30,331.05,0.583,F,2159.59,-7567.44,47.52092361,-122.25523376,E,,,33.22,9.37,,,
7218097,2026-08-29T10:14:31,319.34,0.573,F,2159.22,-7566.94,47.52092743,-122.25523376,E,,,33.24,9.39,,,
7219170,2026-08-29T10:14:33,307.69,0.541,F,2158.8,-7566.53,47.52093124,-122.25524139,E,,,33.29,9.38,,,
7220258,2026-08-29T10:14:34,295.63,0.515,F,2158.31,-7566.23,47.52093506,-122.25524902,E,,,33.31,9.39,,,
7221329,2026-08-29T10:14:35,285.37,0.484,F,2157.81,-7566.04,47.52093506,-122.25525665,E,,,33.33,9.38,,,
7222398,2026-08-29T10:14:36,268.56,0.434,F,2157.32,-7565.97,47.52093506,-122.25526428,E,,,33.41,9.37,,,
7223487,2026-08-29T10:14:37,261.21,0.388,F,2156.89,-7566.02,47.52093506,-122.25527191,E,,,33.49,9.37,,,
7224568,2026-08-29T10:14:38,266.6,0.41,F,2156.46,-7566.07,47.52093506,-122.25527191,E,,,33.47,9.38,,,
7225656,2026-08-29T10:14:39,280.65,0.424,F,2156.01,-7566.03,47.52093506,-122.25527954,E,,,33.43,9.37,,,
7226735,2026-08-29T10:14:40,285.08,0.421,F,2155.57,-7565.93,47.52093506,-122.25528717,E,,,33.37,9.35,,,
7227804,2026-08-29T10:14:41,259.71,0.406,F,2155.13,-7565.89,47.52093506,-122.2552948,E,,,33.32,9.36,,,
7228890,2026-08-29T10:14:42,240.78,0.406,F,2154.72,-7566.06,47.52093506,-122.2552948,E,,,33.31,9.37,,,
7229959,2026-08-29T10:14:43,236.87,0.409,F,2154.35,-7566.29,47.52093124,-122.25530243,E,,,33.25,9.36,,,
7231027,2026-08-29T10:14:44,235.8,0.424,F,2153.98,-7566.55,47.52093124,-122.25531006,E,,,33.18,9.36,,,
7232100,2026-08-29T10:14:45,237.02,0.424,F,2153.61,-7566.8,47.52092743,-122.25531006,E,,,33.14,9.38,,,
7233174,2026-08-29T10:14:47,234.87,0.408,F,2153.24,-7567.06,47.52092743,-122.25531769,E,,,33.13,9.38,,,
7234243,2026-08-29T10:14:48,236.65,0.327,F,2152.92,-7567.28,47.52092361,-122.25531769,E,,,33.15,9.36,,,
7235316,2026-08-29T10:14:49,237.38,0.341,F,2152.62,-7567.48,47.52092361,-122.25532532,E,,,33.17,9.38,,,
7236387,2026-08-29T10:14:50,232.78,0.365,F,2152.31,-7567.69,47.5209198,-122.25533295,E,,,33.24,9.38,,,
7237456,2026-08-29T10:14:51,239.8,0.367,F,2151.99,-7567.92,47.5209198,-122.25533295,E,,,33.27,9.36,,,
7238537,2026-08-29T10:14:52,247.56,0.393,F,2151.61,-7568.09,47.52091599,-122.25534058,E,,,33.27,9.38,,,
7239607,2026-08-29T10:14:53,258.7,0.404,F,2151.22,-7568.22,47.52091599,-122.25534058,E,,,33.32,9.37,,,
7240696,2026-08-29T10:14:54,266.41,0.448,F,2150.77,-7568.28,47.52091599,-122.25534821,E,,,33.31,9.37,,,
7241793,2026-08-29T10:14:55,272.81,0.518,F,2150.23,-7568.29,47.52091599,-122.25535583,E,,,33.29,9.29,,,
7242863,2026-08-29T10:14:56,271.64,0.559,F,2149.67,-7568.24,47.52091599,-122.25536346,E,,,33.31,9.34,,,
7243936,2026-08-29T10:14:57,268.01,0.585,F,2149.05,-7568.25,47.52091599,-122.25537109,E,,,33.33,9.36,,,
7245011,2026-08-29T10:14:58,266.29,0.615,F,2148.4,-7568.28,47.52091599,-122.25537872,E,,,33.37,9.37,,,
7246080,2026-08-29T10:14:59,262.53,0.639,F,2147.74,-7568.34,47.52091599,-122.25539398,E,,,33.38,9.36,,,
7247165,2026-08-29T10:15:01,257.54,0.653,F,2147.05,-7568.47,47.52091217,-122.25540161,E,,,33.42,9.37,,,
7248234,2026-08-29T10:15:02,259.43,0.651,F,2146.37,-7568.63,47.52091217,-122.25540924,E,,,33.42,9.36,,,
7249324,2026-08-29T10:15:03,283.22,0.63,F,2145.67,-7568.62,47.52091217,-122.25541687,E,,,33.39,9.37,,,
7250407,2026-08-29T10:15:04,279.17,0.632,F,2145,-7568.46,47.52091217,-122.2554245,E,,,33.36,9.38,,,
7251476,2026-08-29T10:15:05,260.23,0.65,F,2144.32,-7568.48,47.52091217,-122.25543213,E,,,33.3,9.36,,,
7252565,2026-08-29T10:15:06,258.82,0.672,F,2143.61,-7568.63,47.52091217,-122.25544739,E,,,33.2,9.37,,,
7253646,2026-08-29T10:15:07,262.65,0.676,F,2142.89,-7568.76,47.52091217,-122.25545502,E,,,33.14,9.38,,,
7254736,2026-08-29T10:15:08,265.45,0.664,F,2142.17,-7568.85,47.52090836,-122.25546265,E,,,33.11,9.39,,,
7255823,2026-08-29T10:15:09,269.76,0.656,F,2141.45,-7568.86,47.52090836,-122.25547028,E,,,33.1,9.36,,,
7256902,2026-08-29T10:15:10,261.86,0.61,F,2140.77,-7568.9,47.52090836,-122.25548553,E,,,33.18,9.29,,,
7257990,2026-08-29T10:15:11,258.98,0.645,F,2140.1,-7569.05,47.52090836,-122.25549316,E,,,33.26,9.36,,,
7259059,2026-08-29T10:15:12,266.67,0.67,F,2139.4,-7569.13,47.52090836,-122.25550079,E,,,33.25,9.36,,,
7260145,2026-08-29T10:15:14,261.25,0.66,F,2138.67,-7569.16,47.52090836,-122.25550842,E,,,33.29,9.37,,,
7261207,2026-08-29T10:15:15,255.15,0.673,F,2137.99,-7569.33,47.52090454,-122.25552368,E,,,33.24,9.38,,,
7262267,2026-08-29T10:15:16,260.95,0.668,F,2137.31,-7569.49,47.52090454,-122.25553131,E,,,33.17,9.38,,,
7263341,2026-08-29T10:15:17,270.05,0.676,F,2136.59,-7569.55,47.52090454,-122.25553894,E,,,33.1,9.37,,,
7264429,2026-08-29T10:15:18,277.12,0.705,F,2135.84,-7569.51,47.52090454,-122.25554657,E,,,33.05,9.38,,,
7265501,2026-08-29T10:15:19,285.04,0.744,F,2135.09,-7569.35,47.52090454,-122.25556183,E,,,33.03,9.37,,,
7266570,2026-08-29T10:15:20,272.22,0.727,F,2134.3,-7569.23,47.52090454,-122.25556946,E,,,33.08,9.36,,,
7267659,2026-08-29T10:15:21,270.01,0.704,F,2133.54,-7569.24,47.52090454,-122.25557709,E,,,33.2,9.37,,,
7268740,2026-08-29T10:15:22,277.86,0.755,F,2132.76,-7569.18,47.52090836,-122.25559235,E,,,33.19,9.38,,,
7269830,2026-08-29T10:15:23,267.22,0.761,F,2131.95,-7569.1,47.52090836,-122.25559998,E,,,33.21,9.39,,,
7270917,2026-08-29T10:15:24,255.05,0.764,F,2131.13,-7569.26,47.52090454,-122.25561523,E,,,33.19,9.36,,,
7271977,2026-08-29T10:15:25,253.34,0.76,F,2130.36,-7569.48,47.52090454,-122.25562286,E,,,33.21,9.33,,,
7273047,2026-08-29T10:15:26,259.59,0.77,F,2129.57,-7569.67,47.52090073,-122.25563049,E,,,33.25,9.35,,,
7274136,2026-08-29T10:15:27,265.19,0.801,F,2128.73,-7569.77,47.52090073,-122.25564575,E,,,33.29,9.37,,,
7275223,2026-08-29T10:15:29,266.01,0.821,F,2127.85,-7569.83,47.52090073,-122.25565338,E,,,33.31,9.37,,,
7276292,2026-08-29T10:15:30,268.75,0.812,F,2126.99,-7569.87,47.52090073,-122.25566864,E,,,33.31,9.36,,,
7277381,2026-08-29T10:15:31,271.23,0.8,F,2126.12,-7569.87,47.52090073,-122.25567627,E,,,33.32,9.37,,,
7278457,2026-08-29T10:15:32,274.63,0.807,F,2125.25,-7569.82,47.52090073,-122.25569153,E,,,33.26,9.36,,,
7279542,2026-08-29T10:15:33,280.32,0.794,F,2124.38,-7569.69,47.52090073,-122.25569916,E,,,33.19,9.37,,,
7280630,2026-08-29T10:15:34,277.1,0.8,F,2123.51,-7569.56,47.52090454,-122.25571442,E,,,33.11,9.38,,,
7281701,2026-08-29T10:15:35,276.15,0.767,F,2122.68,-7569.46,47.52090454,-122.25572205,E,,,33.11,9.38,,,
7282770,2026-08-29T10:15:36,272.26,0.773,F,2121.86,-7569.42,47.52090454,-122.2557373,E,,,33.14,9.37,,,
7283859,2026-08-29T10:15:37,277.2,0.798,F,2121,-7569.35,47.52090454,-122.25574493,E,,,33.19,9.37,,,
7284939,2026-08-29T10:15:38,278.68,0.793,F,2120.16,-7569.23,47.52090454,-122.25576019,E,,,33.24,9.38,,,
7286027,2026-08-29T10:15:39,281.2,0.814,F,2119.29,-7569.08,47.52090836,-122.25576782,E,,,33.26,9.36,,,
7287106,2026-08-29T10:15:40,278.29,0.802,F,2118.43,-7568.91,47.52090836,-122.25578308,E,,,33.27,9.35,,,
7288175,2026-08-29T10:15:42,266.72,0.796,F,2117.58,-7568.89,47.52090836,-122.25579071,E,,,33.26,9.36,,,
7289261,2026-08-29T10:15:43,263.48,0.802,F,2116.71,-7568.97,47.52090836,-122.25580597,E,,,33.25,9.37,,,
7290330,2026-08-29T10:15:44,267.44,0.812,F,2115.85,-7569.04,47.52090836,-122.2558136,E,,,33.22,9.36,,,
7291398,2026-08-29T10:15:45,274.07,0.804,F,2114.99,-7569.05,47.52090836,-122.25582886,E,,,33.15,9.36,,,
7292489,2026-08-29T10:15:46,281.38,0.792,F,2114.12,-7568.94,47.52090836,-122.25583649,E,,,33.06,9.37,,,
7293558,2026-08-29T10:15:47,270.84,0.75,F,2113.31,-7568.84,47.52090836,-122.25585175,E,,,33.08,9.36,,,
7294642,2026-08-29T10:15:48,252.63,0.734,F,2112.53,-7568.97,47.52090836,-122.25585938,E,,,33.17,9.38,,,
7295731,2026-08-29T10:15:49,262.09,0.772,F,2111.73,-7569.17,47.52090836,-122.255867,E,,,33.16,9.39,,,
7296802,2026-08-29T10:15:50,264.79,0.776,F,2110.91,-7569.27,47.52090454,-122.25588226,E,,,33.18,9.38,,,
7297871,2026-08-29T10:15:51,263.47,0.766,F,2110.09,-7569.35,47.52090454,-122.25588989,E,,,33.2,9.37,,,
7298960,2026-08-29T10:15:52,261.61,0.782,F,2109.26,-7569.45,47.52090454,-122.25590515,E,,,33.17,9.37,,,
7300040,2026-08-29T10:15:53,263.1,0.778,F,2108.42,-7569.56,47.52090454,-122.25591278,E,,,33.15,9.38,,,
7301128,2026-08-29T10:15:54,263.64,0.803,F,2107.55,-7569.64,47.52090073,-122.25592804,E,,,33.12,9.36,,,
7302207,2026-08-29T10:15:56,265.84,0.796,F,2106.7,-7569.73,47.52090073,-122.25593567,E,,,33.13,9.35,,,
7303265,2026-08-29T10:15:57,268.16,0.823,F,2105.84,-7569.78,47.52090073,-122.25595093,E,,,33.11,9.36,,,
7304335,2026-08-29T10:15:58,267.62,0.854,F,2104.94,-7569.79,47.52090073,-122.25595856,E,,,33.11,9.36,,,
7305421,2026-08-29T10:15:59,269.35,0.87,F,2104.01,-7569.84,47.52090073,-122.25597382,E,,,33.13,9.37,,,
7306490,2026-08-29T10:16:00,268.74,0.901,F,2103.06,-7569.84,47.52090073,-122.25598907,E,,,33.14,9.37,,,
7307579,2026-08-29T10:16:01,270.82,0.903,F,2102.08,-7569.84,47.52090073,-122.2559967,E,,,33.15,9.37,,,
7308671,2026-08-29T10:16:02,275.88,0.903,F,2101.09,-7569.78,47.52090073,-122.25601196,E,,,33.17,9.37,,,
7309741,2026-08-29T10:16:03,276.8,0.922,F,2100.12,-7569.67,47.52090073,-122.25602722,E,,,33.17,9.37,,,
7310830,2026-08-29T10:16:04,275.28,0.931,F,2099.11,-7569.57,47.52090454,-122.25603485,E,,,33.18,9.37,,,
7311912,2026-08-29T10:16:05,274.82,0.926,F,2098.11,-7569.47,47.52090454,-122.25605011,E,,,33.14,9.38,,,
7312971,2026-08-29T10:16:06,278.51,0.928,F,2097.13,-7569.34,47.52090454,-122.25606537,E,,,33.08,9.36,,,
7314039,2026-08-29T10:16:07,275.75,0.929,F,2096.16,-7569.21,47.52090836,-122.25608063,E,,,33.03,9.37,,,
7315120,2026-08-29T10:16:08,267.2,0.938,F,2095.15,-7569.19,47.52090836,-122.25608826,E,,,33,9.38,,,
7316209,2026-08-29T10:16:10,269.2,0.917,F,2094.15,-7569.23,47.52090454,-122.25610352,E,,,32.99,9.39,,,
7317289,2026-08-29T10:16:11,281.13,0.891,F,2093.18,-7569.17,47.52090836,-122.25611877,E,,,33,9.35,,,
7318359,2026-08-29T10:16:12,286.54,0.859,F,2092.29,-7568.92,47.52090836,-122.2561264,E,,,32.97,9.35,,,
7319448,2026-08-29T10:16:13,285.04,0.832,F,2091.4,-7568.67,47.52091217,-122.25614166,E,,,32.93,9.37,,,
7320534,2026-08-29T10:16:14,286.26,0.816,F,2090.54,-7568.45,47.52091217,-122.25614929,E,,,32.89,9.37,,,
7321608,2026-08-29T10:16:15,276.97,0.807,F,2089.7,-7568.26,47.52091599,-122.25616455,E,,,32.89,9.29,,,
7322678,2026-08-29T10:16:16,264.57,0.802,F,2088.84,-7568.24,47.52091599,-122.25617218,E,,,32.9,9.36,,,
7323762,2026-08-29T10:16:17,263.93,0.823,F,2087.97,-7568.35,47.52091599,-122.25618744,E,,,32.91,9.38,,,
7324831,2026-08-29T10:16:18,268.32,0.827,F,2087.09,-7568.39,47.52091217,-122.25619507,E,,,32.96,9.37,,,
7325920,2026-08-29T10:16:19,267.03,0.837,F,2086.19,-7568.44,47.52091217,-122.25621033,E,,,32.98,9.37,,,
7327002,2026-08-29T10:16:20,271.82,0.861,F,2085.27,-7568.46,47.52091217,-122.25622559,E,,,32.96,9.38,,,
7328071,2026-08-29T10:16:21,269.62,0.855,F,2084.36,-7568.42,47.52091217,-122.25623322,E,,,32.98,9.37,,,
7329160,2026-08-29T10:16:23,265.34,0.859,F,2083.43,-7568.47,47.52091217,-122.25624847,E,,,32.99,9.37,,,
7330240,2026-08-29T10:16:24,264.43,0.877,F,2082.5,-7568.55,47.52091217,-122.2562561,E,,,33.01,9.38,,,
7331328,2026-08-29T10:16:25,264.92,0.875,F,2081.56,-7568.65,47.52091217,-122.25627136,E,,,33.02,9.37,,,
7332407,2026-08-29T10:16:26,266.72,0.874,F,2080.62,-7568.71,47.52091217,-122.25628662,E,,,33.04,9.35,,,
7333476,2026-08-29T10:16:27,273.22,0.861,F,2079.69,-7568.71,47.52091217,-122.25629425,E,,,33.05,9.36,,,
7334562,2026-08-29T10:16:28,269.5,0.862,F,2078.76,-7568.68,47.52091217,-122.25630951,E,,,33.02,9.37,,,
7335631,2026-08-29T10:16:29,272.11,0.81,F,2077.86,-7568.68,47.52091217,-122.25632477,E,,,33.05,9.37,,,
7336699,2026-08-29T10:16:30,276.16,0.845,F,2076.98,-7568.62,47.52091217,-122.2563324,E,,,33.03,9.37,,,
7337768,2026-08-29T10:16:31,277.59,0.84,F,2076.08,-7568.51,47.52091217,-122.25634766,E,,,33.01,9.39,,,
7338845,2026-08-29T10:16:32,282.97,0.849,F,2075.19,-7568.35,47.52091599,-122.25635529,E,,,33,9.38,,,
7339915,2026-08-29T10:16:33,283.13,0.858,F,2074.3,-7568.13,47.52091599,-122.25637054,E,,,32.96,9.37,,,
7340988,2026-08-29T10:16:34,282.25,0.85,F,2073.41,-7567.93,47.5209198,-122.25637817,E,,,32.92,9.39,,,
7342059,2026-08-29T10:16:35,280.75,0.832,F,2072.54,-7567.74,47.5209198,-122.25639343,E,,,32.87,9.38,,,
7343128,2026-08-29T10:16:36,278.92,0.818,F,2071.67,-7567.59,47.5209198,-122.25640106,E,,,32.82,9.37,,,
7344209,2026-08-29T10:16:38,278.09,0.819,F,2070.79,-7567.45,47.52092361,-122.25641632,E,,,32.76,9.39,,,
7345299,2026-08-29T10:16:39,274.7,0.804,F,2069.92,-7567.35,47.52092361,-122.25642395,E,,,32.75,9.4,,,
7346386,2026-08-29T10:16:40,274.18,0.807,F,2069.04,-7567.29,47.52092361,-122.25643921,E,,,32.75,9.38,,,
7347465,2026-08-29T10:16:41,273.95,0.797,F,2068.17,-7567.24,47.52092361,-122.25644684,E,,,32.77,9.31,,,
7348553,2026-08-29T10:16:42,272.72,0.802,F,2067.29,-7567.19,47.52092361,-122.2564621,E,,,32.79,9.37,,,
7349622,2026-08-29T10:16:43,267.49,0.812,F,2066.44,-7567.2,47.52092361,-122.25646973,E,,,32.81,9.37,,,
7350708,2026-08-29T10:16:44,267.68,0.813,F,2065.55,-7567.25,47.52092361,-122.25648499,E,,,32.82,9.39,,,
7351774,2026-08-29T10:16:45,276.73,0.819,F,2064.68,-7567.2,47.52092361,-122.25650024,E,,,32.81,9.38,,,
7352864,2026-08-29T10:16:46,276.5,0.817,F,2063.79,-7567.1,47.52092361,-122.25650787,E,,,32.79,9.38,,,
7353948,2026-08-29T10:16:47,276.02,0.819,F,2062.92,-7566.99,47.52092743,-122.25652313,E,,,32.76,9.39,,,
7355017,2026-08-29T10:16:48,264.7,0.81,F,2062.06,-7566.97,47.52092743,-122.25653076,E,,,32.78,9.38,,,
7356106,2026-08-29T10:16:49,256.46,0.811,F,2061.18,-7567.14,47.52092361,-122.25654602,E,,,32.78,9.38,,,
7357188,2026-08-29T10:16:51,264.06,0.8,F,2060.33,-7567.32,47.52092361,-122.25655365,E,,,32.81,9.39,,,
7358257,2026-08-29T10:16:52,273.56,0.808,F,2059.47,-7567.32,47.52092361,-122.25656891,E,,,32.8,9.38,,,
7359346,2026-08-29T10:16:53,274.88,0.81,F,2058.59,-7567.27,47.52092361,-122.25657654,E,,,32.78,9.38,,,
7360426,2026-08-29T10:16:54,280.65,0.788,F,2057.74,-7567.13,47.52092361,-122.2565918,E,,,32.75,9.39,,,
7361514,2026-08-29T10:16:55,284.79,0.798,F,2056.91,-7566.93,47.52092743,-122.25659943,E,,,32.71,9.37,,,
7362593,2026-08-29T10:16:56,282.63,0.807,F,2056.07,-7566.72,47.52092743,-122.25661469,E,,,32.64,9.36,,,
7363662,2026-08-29T10:16:57,278.53,0.817,F,2055.23,-7566.55,47.52093124,-122.25662231,E,,,32.62,9.37,,,
7364748,2026-08-29T10:16:58,275.86,0.848,F,2054.34,-7566.44,47.52093124,-122.25663757,E,,,32.56,9.38,,,
7365817,2026-08-29T10:16:59,274.57,0.858,F,2053.44,-7566.34,47.52093124,-122.2566452,E,,,32.5,9.37,,,
7366885,2026-08-29T10:17:00,272.2,0.866,F,2052.52,-7566.29,47.52093124,-122.25666046,E,,,32.46,9.37,,,
7367954,2026-08-29T10:17:01,270.89,0.855,F,2051.6,-7566.26,47.52093124,-122.25666809,E,,,32.4,9.39,,,
7369040,2026-08-29T10:17:02,269.32,0.843,F,2050.68,-7566.26,47.52093124,-122.25668335,E,,,32.36,9.39,,,
7370112,2026-08-29T10:17:03,264.7,0.838,F,2049.77,-7566.3,47.52093124,-122.25669861,E,,,32.31,9.38,,,
7371178,2026-08-29T10:17:05,262,0.808,F,2048.9,-7566.42,47.52093124,-122.25670624,E,,,32.31,9.38,,,
7372246,2026-08-29T10:17:06,266.37,0.83,F,2048.03,-7566.52,47.52093124,-122.2567215,E,,,32.32,9.38,,,
7373315,2026-08-29T10:17:07,272.49,0.846,F,2047.14,-7566.53,47.52093124,-122.25672913,E,,,32.27,9.39,,,
7374386,2026-08-29T10:17:08,272.1,0.84,F,2046.24,-7566.51,47.52093124,-122.25674438,E,,,32.15,9.38,,,
7375475,2026-08-29T10:17:09,268.97,0.804,F,2045.34,-7566.46,47.52093124,-122.25675201,E,,,32.07,9.39,,,
7376564,2026-08-29T10:17:10,299.62,0.769,F,2044.51,-7566.4,47.52093124,-122.25676727,E,,,31.99,9.37,,,
7377661,2026-08-29T10:17:11,312.68,0.81,F,2043.9,-7565.79,47.52093887,-122.2567749,E,,,31.75,9.29,,,
7378731,2026-08-29T10:17:12,291.12,0.791,F,2043.17,-7565.38,47.52094269,-122.25678253,E,,,31.65,9.35,,,
7379804,2026-08-29T10:17:13,281.05,0.804,F,2042.34,-7565.16,47.52094269,-122.25679779,E,,,31.6,9.36,,,
7380869,2026-08-29T10:17:14,274.95,0.827,F,2041.49,-7565.02,47.52094269,-122.25680542,E,,,31.55,9.28,,,
7381945,2026-08-29T10:17:15,260.44,0.828,F,2040.6,-7565.06,47.52094269,-122.25682068,E,,,31.51,9.38,,,
7383020,2026-08-29T10:17:16,254.34,0.828,F,2039.74,-7565.26,47.52094269,-122.25682831,E,,,31.43,9.38,,,
7384089,2026-08-29T10:17:17,254.11,0.782,F,2038.9,-7565.52,47.52093887,-122.25684357,E,,,31.32,9.36,,,
7385162,2026-08-29T10:17:19,267.86,0.614,F,2038.16,-7565.65,47.52093887,-122.2568512,E,,,31.24,9.39,,,
7386234,2026-08-29T10:17:20,269.89,0.43,F,2037.61,-7565.65,47.52093887,-122.25685883,E,,,31.18,9.37,,,
7387304,2026-08-29T10:17:21,290.96,0.378,F,2037.21,-7565.63,47.52093887,-122.25685883,E,,,31.1,9.37,,,
7388386,2026-08-29T10:17:22,309.03,0.524,F,2036.81,-7565.32,47.52094269,-122.25686646,E,,,30.75,9.37,,,
7389455,2026-08-29T10:17:23,294.85,0.549,F,2036.33,-7565.03,47.52094269,-122.25687408,E,,,30.62,9.37,,,
7390544,2026-08-29T10:17:24,288.83,0.602,F,2035.73,-7564.81,47.5209465,-122.25688171,E,,,30.52,9.36,,,
7391624,2026-08-29T10:17:25,284.46,0.627,F,2035.09,-7564.63,47.5209465,-122.25688934,E,,,30.41,9.38,,,
7392712,2026-08-29T10:17:26,288.61,0.55,F,2034.5,-7564.43,47.52095032,-122.25689697,E,,,30.34,9.36,,,
7393791,2026-08-29T10:17:27,280.45,0.592,F,2033.9,-7564.29,47.52095032,-122.2569046,E,,,30.26,9.35,,,
7394860,2026-08-29T10:17:28,279.62,0.636,F,2033.25,-7564.18,47.52095032,-122.25691223,E,,,30.2,9.36,,,
7395946,2026-08-29T10:17:29,276.83,0.678,F,2032.54,-7564.1,47.52095413,-122.25692749,E,,,30.14,9.37,,,
7397015,2026-08-29T10:17:30,273.14,0.724,F,2031.79,-7564.02,47.52095413,-122.25693512,E,,,30.08,9.37,,,
7398083,2026-08-29T10:17:31,269.68,0.744,F,2031.02,-7564,47.52095413,-122.25694275,E,,,30.01,9.37,,,
7399177,2026-08-29T10:17:33,271.24,0.751,F,2030.2,-7564.01,47.52095413,-122.25695801,E,,,29.95,9.38,,,
7400246,2026-08-29T10:17:34,272.33,0.747,F,2029.39,-7563.95,47.52095413,-122.25696564,E,,,29.92,9.38,,,
7401330,2026-08-29T10:17:35,276.78,0.754,F,2028.58,-7563.91,47.52095413,-122.2569809,E,,,29.86,9.39,,,
7402418,2026-08-29T10:17:36,283.89,0.76,F,2027.77,-7563.74,47.52095413,-122.25698853,E,,,29.78,9.4,,,
7403489,2026-08-29T10:17:37,286.97,0.755,F,2027,-7563.52,47.52095795,-122.25699615,E,,,29.72,9.4,,,
7404558,2026-08-29T10:17:38,287.9,0.749,F,2026.22,-7563.3,47.52095795,-122.25701141,E,,,29.65,9.39,,,
7405647,2026-08-29T10:17:39,296.41,0.754,F,2025.46,-7562.98,47.52096176,-122.25701904,E,,,29.56,9.4,,,
7406727,2026-08-29T10:17:40,296,0.775,F,2024.72,-7562.61,47.52096558,-122.25702667,E,,,29.45,9.42,,,
7407815,2026-08-29T10:17:41,296.88,0.773,F,2023.96,-7562.24,47.52096939,-122.25704193,E,,,29.37,9.41,,,
7408894,2026-08-29T10:17:42,298.9,0.76,F,2023.22,-7561.86,47.52097321,-122.25704956,E,,,29.29,9.42,,,
7409963,2026-08-29T10:17:43,297.62,0.766,F,2022.5,-7561.47,47.52097702,-122.25705719,E,,,29.18,9.44,,,
7411049,2026-08-29T10:17:44,294.81,0.767,F,2021.75,-7561.1,47.52098083,-122.25706482,E,,,29.1,9.47,,,
7412111,2026-08-29T10:17:45,293.59,0.788,F,2021,-7560.75,47.52098083,-122.25708008,E,,,28.98,9.49,,,
7413181,2026-08-29T10:17:47,294.48,0.757,F,2020.23,-7560.42,47.52098465,-122.25708771,E,,,28.9,9.5,,,
7414270,2026-08-29T10:17:48,296.42,0.75,F,2019.51,-7560.05,47.52098846,-122.25709534,E,,,28.86,9.52,,,
7415354,2026-08-29T10:17:49,292.79,0.771,F,2018.75,-7559.72,47.52099228,-122.2571106,E,,,28.83,9.54,,,
7416423,2026-08-29T10:17:50,300.77,0.776,F,2018.01,-7559.36,47.52099609,-122.25711823,E,,,28.76,9.54,,,
7417512,2026-08-29T10:17:51,302.96,0.775,F,2017.3,-7558.91,47.52099991,-122.25712585,E,,,28.64,9.55,,,
7418594,2026-08-29T10:17:52,310.72,0.777,F,2016.64,-7558.41,47.52100372,-122.25713348,E,,,28.48,9.57,,,
7419663,2026-08-29T10:17:53,313.86,0.753,F,2016.03,-7557.86,47.52100754,-122.25714111,E,,,28.35,9.57,,,
7420752,2026-08-29T10:17:54,313.99,0.76,F,2015.44,-7557.29,47.52101517,-122.25714874,E,,,28.22,9.58,,,
7421832,2026-08-29T10:17:55,312.15,0.766,F,2014.84,-7556.71,47.52101898,-122.257164,E,,,28.08,9.59,,,
7422920,2026-08-29T10:17:56,298.61,0.728,F,2014.19,-7556.24,47.5210228,-122.25717163,E,,,28.08,9.59,,,
7423999,2026-08-29T10:17:57,292.8,0.731,F,2013.48,-7555.92,47.52102661,-122.25717926,E,,,28.18,9.59,,,
7425068,2026-08-29T10:17:58,294.42,0.748,F,2012.76,-7555.6,47.52103043,-122.25718689,E,,,28.28,9.61,,,
7426154,2026-08-29T10:18:00,296.18,0.727,F,2012.03,-7555.27,47.52103043,-122.25719452,E,,,28.34,9.64,,,
7427223,2026-08-29T10:18:01,303.48,0.701,F,2011.36,-7554.88,47.52103424,-122.25720978,E,,,28.38,9.64,,,
7428291,2026-08-29T10:18:02,302.86,0.699,F,2010.74,-7554.47,47.52103806,-122.25721741,E,,,28.44,9.65,,,
7429382,2026-08-29T10:18:03,298.94,0.708,F,2010.08,-7554.08,47.52104187,-122.25722504,E,,,28.45,9.65,,,
7430451,2026-08-29T10:18:04,308.1,0.689,F,2009.46,-7553.67,47.52104568,-122.25723267,E,,,28.37,9.65,,,
7431535,2026-08-29T10:18:05,320.89,0.659,F,2008.95,-7553.15,47.5210495,-122.2572403,E,,,28.26,9.66,,,
7432623,2026-08-29T10:18:06,319.59,0.638,F,2008.51,-7552.6,47.52105713,-122.25724792,E,,,28.16,9.67,,,
7433694,2026-08-29T10:18:07,324.08,0.613,F,2008.1,-7552.07,47.52106094,-122.25724792,E,,,28.07,9.66,,,
7434763,2026-08-29T10:18:08,326.17,0.636,F,2007.71,-7551.52,47.52106476,-122.25725555,E,,,27.98,9.65,,,
7435852,2026-08-29T10:18:09,326.24,0.637,F,2007.33,-7550.94,47.52107239,-122.25726318,E,,,27.88,9.66,,,
7436932,2026-08-29T10:18:10,318.18,0.595,F,2006.94,-7550.39,47.5210762,-122.25726318,E,,,27.85,9.67,,,
7438020,2026-08-29T10:18:11,304.45,0.594,F,2006.44,-7549.99,47.52108002,-122.25727081,E,,,27.93,9.66,,,
7439099,2026-08-29T10:18:12,295.22,0.61,F,2005.88,-7549.67,47.52108383,-122.25727844,E,,,28.02,9.65,,,
7440168,2026-08-29T10:18:14,297.19,0.633,F,2005.28,-7549.37,47.52108383,-122.25728607,E,,,28.08,9.66,,,
7441246,2026-08-29T10:18:15,300.86,0.634,F,2004.67,-7549.04,47.52108765,-122.2572937,E,,,28.18,9.67,,,
7442307,2026-08-29T10:18:16,301.7,0.639,F,2004.09,-7548.69,47.52109146,-122.25730133,E,,,28.28,9.68,,,
7443377,2026-08-29T10:18:17,303.88,0.655,F,2003.51,-7548.31,47.52109528,-122.25730896,E,,,28.36,9.68,,,
7444466,2026-08-29T10:18:18,307.01,0.69,F,2002.91,-7547.88,47.52109909,-122.25731659,E,,,28.4,9.68,,,
7445550,2026-08-29T10:18:19,308.8,0.701,F,2002.31,-7547.42,47.52110291,-122.25732422,E,,,28.43,9.7,,,
7446619,2026-08-29T10:18:20,312.32,0.726,F,2001.73,-7546.92,47.52110672,-122.25733185,E,,,28.46,9.68,,,
7447708,2026-08-29T10:18:21,317.03,0.741,F,2001.16,-7546.37,47.52111053,-122.25733948,E,,,28.48,9.69,,,
7448790,2026-08-29T10:18:22,317.72,0.739,F,2000.64,-7545.77,47.52111816,-122.25734711,E,,,28.47,9.69,,,
7449859,2026-08-29T10:18:23,314.66,0.724,F,2000.11,-7545.2,47.52112198,-122.25735474,E,,,28.56,9.68,,,
7450948,2026-08-29T10:18:24,310.95,0.753,F,1999.5,-7544.66,47.52112579,-122.25736237,E,,,28.63,9.68,,,
7452028,2026-08-29T10:18:25,317.06,0.762,F,1998.93,-7544.09,47.52113342,-122.25737,E,,,28.7,9.69,,,
7453116,2026-08-29T10:18:26,326.26,0.765,F,1998.39,-7543.46,47.52113724,-122.25737762,E,,,28.76,9.67,,,
7454195,2026-08-29T10:18:28,330.97,0.768,F,1997.95,-7542.76,47.52114487,-122.25738525,E,,,28.78,9.66,,,
7455264,2026-08-29T10:18:29,339.65,0.744,F,1997.61,-7542.03,47.5211525,-122.25739288,E,,,28.76,9.66,,,
7456350,2026-08-29T10:18:30,346,0.739,F,1997.38,-7541.25,47.52115631,-122.25739288,E,,,28.73,9.67,,,
7457420,2026-08-29T10:18:31,356.62,0.712,F,1997.27,-7540.48,47.52116394,-122.25739288,E,,,28.69,9.66,,,
7458490,2026-08-29T10:18:32,358.38,0.691,F,1997.25,-7539.73,47.52117157,-122.25739288,E,,,28.7,9.67,,,
7459571,2026-08-29T10:18:33,351.84,0.674,F,1997.2,-7538.99,47.5211792,-122.25739288,E,,,28.7,9.67,,,
7460640,2026-08-29T10:18:34,344.61,0.67,F,1997.06,-7538.31,47.52118301,-122.25740051,E,,,28.71,9.66,,,
7461724,2026-08-29T10:18:35,346.68,0.674,F,1996.87,-7537.61,47.52119064,-122.25740051,E,,,28.74,9.67,,,
7462812,2026-08-29T10:18:36,348.14,0.663,F,1996.72,-7536.91,47.52119827,-122.25740051,E,,,28.77,9.68,,,
7463883,2026-08-29T10:18:37,342.86,0.629,F,1996.55,-7536.24,47.52120209,-122.25740051,E,,,28.87,9.67,,,
7464952,2026-08-29T10:18:38,329.69,0.619,F,1996.28,-7535.63,47.52120972,-122.25740814,E,,,29,9.66,,,
7466041,2026-08-29T10:18:39,333.68,0.638,F,1995.96,-7535.03,47.52121353,-122.25740814,E,,,29.15,9.66,,,
7467121,2026-08-29T10:18:40,343.93,0.668,F,1995.71,-7534.37,47.52122116,-122.25741577,E,,,29.25,9.67,,,
7468209,2026-08-29T10:18:42,347.87,0.687,F,1995.54,-7533.66,47.52122498,-122.25741577,E,,,29.29,9.65,,,
7469288,2026-08-29T10:18:43,350.13,0.689,F,1995.4,-7532.93,47.5212326,-122.25741577,E,,,29.32,9.63,,,
7470357,2026-08-29T10:18:44,348.01,0.677,F,1995.27,-7532.21,47.52124023,-122.2574234,E,,,29.36,9.63,,,
7471443,2026-08-29T10:18:45,343.02,0.693,F,1995.08,-7531.48,47.52124405,-122.2574234,E,,,29.34,9.63,,,
7472537,2026-08-29T10:18:46,340.79,0.69,F,1994.84,-7530.78,47.52125168,-122.2574234,E,,,29.27,9.64,,,
7473611,2026-08-29T10:18:47,334.01,0.677,F,1994.55,-7530.1,47.52125931,-122.25743103,E,,,29.21,9.61,,,
7474680,2026-08-29T10:18:48,324.07,0.681,F,1994.18,-7529.48,47.52126312,-122.25743866,E,,,29.14,9.6,,,
7475769,2026-08-29T10:18:49,316.25,0.679,F,1993.7,-7528.91,47.52126694,-122.25743866,E,,,29.05,9.59,,,
7476852,2026-08-29T10:18:50,309.11,0.679,F,1993.15,-7528.41,47.52127457,-122.25744629,E,,,29,9.59,,,
7477921,2026-08-29T10:18:51,306.34,0.685,F,1992.57,-7527.98,47.52127838,-122.25745392,E,,,28.98,9.58,,,
7479010,2026-08-29T10:18:52,305.24,0.697,F,1991.95,-7527.55,47.5212822,-122.25746155,E,,,28.97,9.58,,,
7480091,2026-08-29T10:18:53,302.56,0.72,F,1991.3,-7527.13,47.52128601,-122.25747681,E,,,28.98,9.59,,,
7481181,2026-08-29T10:18:55,304.72,0.776,F,1990.63,-7526.67,47.52128983,-122.25748444,E,,,29.01,9.59,,,
7482268,2026-08-29T10:18:56,303.6,0.817,F,1989.91,-7526.19,47.52129364,-122.25749207,E,,,29.04,9.58,,,
7483347,2026-08-29T10:18:57,302.47,0.878,F,1989.15,-7525.7,47.52129745,-122.25749969,E,,,29.05,9.52,,,
7484435,2026-08-29T10:18:58,300.52,0.916,F,1988.33,-7525.18,47.52130127,-122.25751495,E,,,29.08,9.57,,,
7485504,2026-08-29T10:18:59,302.87,1.003,F,1987.44,-7524.65,47.52130508,-122.25752258,E,,,28.95,9.56,,,
7486590,2026-08-29T10:19:00,307.25,1.002,F,1986.58,-7523.98,47.52131271,-122.25753784,E,,,28.79,9.56,,,
7487659,2026-08-29T10:19:01,302.8,1.01,F,1985.7,-7523.39,47.52131653,-122.25754547,E,,,28.76,9.55,,,
7488748,2026-08-29T10:19:02,298.36,1.063,F,1984.72,-7522.85,47.52132416,-122.25756073,E,,,28.82,9.57,,,
7489822,2026-08-29T10:19:03,302.47,1.062,F,1983.72,-7522.3,47.52132797,-122.25757599,E,,,28.83,9.57,,,
7490906,2026-08-29T10:19:04,306.13,0.958,F,1982.8,-7521.68,47.52133179,-122.25758362,E,,,28.85,9.58,,,
7491994,2026-08-29T10:19:05,302.79,0.934,F,1981.97,-7521.12,47.52133942,-122.25759888,E,,,28.85,9.59,,,
7493065,2026-08-29T10:19:06,315.56,0.943,F,1981.17,-7520.51,47.52134323,-122.25760651,E,,,28.75,9.58,,,
7494134,2026-08-29T10:19:07,312.81,0.782,F,1980.51,-7519.86,47.52135086,-122.25761414,E,,,28.72,9.57,,,
7495224,2026-08-29T10:19:09,316.12,0.712,F,1979.93,-7519.31,47.52135468,-122.25762177,E,,,28.65,9.57,,,
7496304,2026-08-29T10:19:10,316.35,0.717,F,1979.39,-7518.74,47.52135849,-122.25762939,E,,,28.53,9.58,,,
7497392,2026-08-29T10:19:11,312.54,0.734,F,1978.83,-7518.18,47.52136612,-122.25763702,E,,,28.44,9.57,,,
7498471,2026-08-29T10:19:12,310.01,0.734,F,1978.23,-7517.66,47.52136993,-122.25764465,E,,,28.35,9.56,,,
7499540,2026-08-29T10:19:13,307.77,0.735,F,1977.62,-7517.16,47.52137375,-122.25765991,E,,,28.29,9.58,,,
7500626,2026-08-29T10:19:14,301.58,0.748,F,1976.96,-7516.71,47.52137756,-122.25766754,E,,,28.25,9.6,,,
7501678,2026-08-29T10:19:15,304.62,0.748,F,1976.29,-7516.28,47.52138138,-122.25767517,E,,,28.22,9.59,,,
7502753,2026-08-29T10:19:16,302.4,0.759,F,1975.62,-7515.83,47.52138519,-122.2576828,E,,,28.19,9.61,,,
7503841,2026-08-29T10:19:17,296.48,0.764,F,1974.9,-7515.42,47.52138901,-122.25769043,E,,,28.16,9.64,,,
7504914,2026-08-29T10:19:18,293.63,0.783,F,1974.15,-7515.07,47.52139282,-122.25770569,E,,,28.12,9.64,,,
7505983,2026-08-29T10:19:19,296.77,0.784,F,1973.4,-7514.7,47.52139664,-122.25771332,E,,,28.06,9.63,,,
7507072,2026-08-29T10:19:20,303.36,0.781,F,1972.66,-7514.28,47.52140045,-122.25772095,E,,,27.98,9.63,,,
7508154,2026-08-29T10:19:22,306.31,0.781,F,1971.98,-7513.78,47.52140427,-122.25772858,E,,,27.89,9.65,,,
7509223,2026-08-29T10:19:23,305.39,0.771,F,1971.31,-7513.31,47.52140808,-122.25774384,E,,,27.81,9.64,,,
7510312,2026-08-29T10:19:24,304.55,0.772,F,1970.63,-7512.83,47.5214119,-122.25775146,E,,,27.72,9.65,,,
7511392,2026-08-29T10:19:25,303.8,0.774,F,1969.94,-7512.36,47.52141571,-122.25775909,E,,,27.66,9.67,,,
7512480,2026-08-29T10:19:26,300.82,0.788,F,1969.23,-7511.9,47.52141953,-122.25776672,E,,,27.6,9.66,,,
7513559,2026-08-29T10:19:27,298.04,0.8,F,1968.48,-7511.48,47.52142334,-122.25777435,E,,,27.56,9.65,,,
7514628,2026-08-29T10:19:28,294.68,0.797,F,1967.72,-7511.1,47.52142715,-122.25778961,E,,,27.51,9.66,,,
7515714,2026-08-29T10:19:29,298.35,0.806,F,1966.95,-7510.72,47.52143097,-122.25779724,E,,,27.46,9.68,,,
7516783,2026-08-29T10:19:30,300.85,0.799,F,1966.19,-7510.31,47.52143478,-122.25780487,E,,,27.38,9.67,,,
7517851,2026-08-29T10:19:31,303.22,0.796,F,1965.48,-7509.84,47.5214386,-122.25782013,E,,,27.31,9.68,,,
7518920,2026-08-29T10:19:32,301.42,0.808,F,1964.76,-7509.37,47.52144241,-122.25782776,E,,,27.22,9.7,,,
7520000,2026-08-29T10:19:33,300.8,0.771,F,1964.03,-7508.94,47.52144623,-122.25783539,E,,,27.13,9.7,,,
7521070,2026-08-29T10:19:34,307.5,0.775,F,1963.35,-7508.46,47.52145386,-122.25784302,E,,,27,9.69,,,
7522143,2026-08-29T10:19:35,320.15,0.761,F,1962.73,-7507.9,47.52145767,-122.25785065,E,,,26.93,9.72,,,
7523214,2026-08-29T10:19:37,309.39,0.782,F,1962.15,-7507.33,47.52146149,-122.25786591,E,,,26.88,9.71,,,
7524283,2026-08-29T10:19:38,305.39,0.784,F,1961.49,-7506.81,47.5214653,-122.25787354,E,,,26.83,9.7,,,
7525364,2026-08-29T10:19:39,299.14,0.794,F,1960.77,-7506.35,47.52147293,-122.25788116,E,,,26.78,9.72,,,
7526455,2026-08-29T10:19:40,291.35,0.798,F,1959.97,-7505.98,47.52147293,-122.25788879,E,,,26.72,9.73,,,
7527542,2026-08-29T10:19:41,289.13,0.804,F,1959.15,-7505.69,47.52147675,-122.25790405,E,,,26.69,9.71,,,
7528621,2026-08-29T10:19:42,287.9,0.823,F,1958.32,-7505.4,47.52148056,-122.25791168,E,,,26.64,9.65,,,
7529709,2026-08-29T10:19:43,305.98,0.864,F,1957.51,-7504.98,47.52148438,-122.25792694,E,,,26.51,9.71,,,
7530779,2026-08-29T10:19:44,306.9,0.855,F,1956.79,-7504.42,47.52148819,-122.25793457,E,,,26.3,9.71,,,
7531854,2026-08-29T10:19:45,304.99,0.848,F,1956.05,-7503.89,47.521492,-122.2579422,E,,,26.16,9.73,,,
7532929,2026-08-29T10:19:46,309.42,0.815,F,1955.34,-7503.35,47.52149963,-122.25794983,E,,,26.01,9.73,,,
7534017,2026-08-29T10:19:47,310.96,0.801,F,1954.66,-7502.77,47.52150345,-122.25796509,E,,,25.86,9.74,,,
7535090,2026-08-29T10:19:48,311.97,0.78,F,1954.03,-7502.2,47.52150726,-122.25797272,E,,,25.73,9.73,,,
7536149,2026-08-29T10:19:50,308.71,0.74,F,1953.42,-7501.65,47.52151489,-122.25798035,E,,,25.65,9.72,,,
7537217,2026-08-29T10:19:51,285.57,0.699,F,1952.74,-7501.3,47.52151489,-122.25798798,E,,,25.7,9.73,,,
7538300,2026-08-29T10:19:52,277.72,0.694,F,1952,-7501.18,47.52151871,-122.25799561,E,,,25.68,9.74,,,
7539388,2026-08-29T10:19:53,282.75,0.703,F,1951.25,-7501.03,47.52151871,-122.25801086,E,,,25.76,9.76,,,
7540458,2026-08-29T10:19:54,284.85,0.741,F,1950.5,-7500.86,47.52151871,-122.25801849,E,,,25.81,9.75,,,
7541548,2026-08-29T10:19:55,281.55,0.765,F,1949.7,-7500.67,47.52152252,-122.25802612,E,,,25.86,9.76,,,
7542635,2026-08-29T10:19:56,280.97,0.793,F,1948.86,-7500.51,47.52152252,-122.25804138,E,,,25.81,9.74,,,
7543714,2026-08-29T10:19:57,282.85,0.815,F,1948.01,-7500.32,47.52152634,-122.25804901,E,,,25.75,9.68,,,
7544802,2026-08-29T10:19:58,290.79,0.819,F,1947.17,-7500.07,47.52152634,-122.25806427,E,,,25.73,9.74,,,
7545871,2026-08-29T10:19:59,292.3,0.826,F,1946.35,-7499.77,47.52153015,-122.2580719,E,,,25.71,9.73,,,
7546957,2026-08-29T10:20:00,296.99,0.838,F,1945.52,-7499.44,47.52153397,-122.25808716,E,,,25.65,9.75,,,
7548013,2026-08-29T10:20:01,304.87,0.825,F,1944.77,-7498.97,47.52153778,-122.25809479,E,,,25.61,9.74,,,
7549081,2026-08-29T10:20:02,304.08,0.826,F,1944.05,-7498.46,47.5215416,-122.25810242,E,,,25.57,9.74,,,
7550167,2026-08-29T10:20:04,305.4,0.824,F,1943.32,-7497.93,47.52154541,-122.25811005,E,,,25.55,9.75,,,
7551256,2026-08-29T10:20:05,307.5,0.822,F,1942.6,-7497.4,47.52155304,-122.25812531,E,,,25.49,9.76,,,
7552328,2026-08-29T10:20:06,310.22,0.809,F,1941.91,-7496.86,47.52155685,-122.25813293,E,,,25.42,9.75,,,
7553397,2026-08-29T10:20:07,312.08,0.816,F,1941.26,-7496.29,47.52156067,-122.25814056,E,,,25.35,9.74,,,
7554486,2026-08-29T10:20:08,315.65,0.801,F,1940.6,-7495.69,47.5215683,-122.25814819,E,,,25.29,9.75,,,
7555567,2026-08-29T10:20:09,319.28,0.805,F,1940.01,-7495.04,47.52157211,-122.25815582,E,,,25.19,9.75,,,
7556657,2026-08-29T10:20:10,319.97,0.794,F,1939.47,-7494.36,47.52157974,-122.25816345,E,,,25.16,9.76,,,
7557744,2026-08-29T10:20:11,318.41,0.758,F,1938.93,-7493.7,47.52158356,-122.25817108,E,,,25.06,9.74,,,
7558824,2026-08-29T10:20:12,317.15,0.736,F,1938.38,-7493.11,47.52159119,-122.25817871,E,,,25,9.68,,,
7559912,2026-08-29T10:20:13,319.07,0.733,F,1937.84,-7492.53,47.521595,-122.25818634,E,,,24.94,9.74,,,
7560922,2026-08-29T10:20:14,317.86,0.747,F,1937.34,-7491.98,47.52159882,-122.25819397,E,,,24.86,9.61,,,
7561996,2026-08-29T10:20:15,317.73,0.717,F,1936.8,-7491.41,47.52160645,-122.2582016,E,,,24.77,9.76,,,
7563071,2026-08-29T10:20:16,312.06,0.705,F,1936.27,-7490.85,47.52161026,-122.25820923,E,,,24.7,9.75,,,
7564140,2026-08-29T10:20:17,308.6,0.687,F,1935.68,-7490.39,47.52161407,-122.25821686,E,,,24.66,9.74,,,
7565229,2026-08-29T10:20:19,308.58,0.7,F,1935.11,-7489.91,47.52161789,-122.25822449,E,,,24.65,9.75,,,
7566313,2026-08-29T10:20:20,305.44,0.708,F,1934.49,-7489.47,47.5216217,-122.25823212,E,,,24.65,9.76,,,
7567382,2026-08-29T10:20:21,303.99,0.702,F,1933.87,-7489.04,47.52162552,-122.25823975,E,,,24.61,9.75,,,
7568471,2026-08-29T10:20:22,303.85,0.709,F,1933.23,-7488.61,47.52162933,-122.25824738,E,,,24.58,9.76,,,
7569554,2026-08-29T10:20:23,303.88,0.671,F,1932.6,-7488.19,47.52163315,-122.258255,E,,,24.55,9.77,,,
7570624,2026-08-29T10:20:24,296.39,0.693,F,1931.98,-7487.82,47.52163696,-122.25826263,E,,,24.58,9.76,,,
7571713,2026-08-29T10:20:25,300.58,0.715,F,1931.3,-7487.46,47.52164078,-122.25827026,E,,,24.56,9.76,,,
7572793,2026-08-29T10:20:26,303.22,0.705,F,1930.64,-7487.06,47.52164459,-122.25828552,E,,,24.48,9.78,,,
7573881,2026-08-29T10:20:27,310.47,0.698,F,1930.02,-7486.61,47.52164841,-122.25829315,E,,,24.38,9.76,,,
7574960,2026-08-29T10:20:28,312.34,0.694,F,1929.47,-7486.09,47.52165222,-122.25830078,E,,,24.3,9.74,,,
7576029,2026-08-29T10:20:29,301.81,0.709,F,1928.87,-7485.64,47.52165604,-122.25830841,E,,,24.22,9.75,,,
7577115,2026-08-29T10:20:30,308.33,0.728,F,1928.22,-7485.2,47.52165985,-122.25831604,E,,,24.15,9.76,,,
7578184,2026-08-29T10:20:32,314.45,0.76,F,1927.62,-7484.69,47.52166748,-122.25832367,E,,,24.12,9.76,,,
7579254,2026-08-29T10:20:33,322,0.796,F,1927.07,-7484.06,47.5216713,-122.2583313,E,,,24.09,9.76,,,
7580330,2026-08-29T10:20:34,318.22,0.819,F,1926.54,-7483.37,47.52167892,-122.25833893,E,,,24.05,9.76,,,
7581404,2026-08-29T10:20:35,310.23,0.825,F,1925.91,-7482.77,47.52168274,-122.25834656,E,,,24.1,9.79,,,
7582476,2026-08-29T10:20:36,310.19,0.767,F,1925.22,-7482.25,47.52168655,-122.25835419,E,,,24.08,9.79,,,
7583545,2026-08-29T10:20:37,290.34,0.735,F,1924.55,-7481.84,47.52169037,-122.25836182,E,,,24.01,9.78,,,
7584627,2026-08-29T10:20:38,280.71,0.747,F,1923.77,-7481.65,47.52169418,-122.25837708,E,,,23.86,9.8,,,
7585696,2026-08-29T10:20:39,281.1,0.758,F,1922.98,-7481.49,47.52169418,-122.2583847,E,,,23.68,9.79,,,
7586785,2026-08-29T10:20:40,278.05,0.749,F,1922.18,-7481.35,47.52169418,-122.25839233,E,,,23.5,9.79,,,
7587865,2026-08-29T10:20:41,273.13,0.756,F,1921.36,-7481.28,47.521698,-122.25840759,E,,,23.28,9.81,,,
7588953,2026-08-29T10:20:42,268.03,0.729,F,1920.54,-7481.25,47.521698,-122.25841522,E,,,23.09,9.79,,,
7590032,2026-08-29T10:20:43,289.97,0.56,F,1919.85,-7481.12,47.521698,-122.25842285,E,,,22.96,9.79,,,
7591101,2026-08-29T10:20:44,289.98,0.436,F,1919.37,-7480.92,47.521698,-122.25843048,E,,,22.89,9.8,,,
7592155,2026-08-29T10:20:46,271.31,0.32,F,1918.98,-7480.85,47.52170181,-122.25843811,E,,,22.83,9.81,,,
7593242,2026-08-29T10:20:47,277.85,0.223,F,1918.69,-7480.84,47.52170181,-122.25843811,E,,,22.77,9.83,,,
7594311,2026-08-29T10:20:48,291.36,0.156,F,1918.5,-7480.79,47.52170181,-122.25844574,E,,,22.62,9.83,,,
7595400,2026-08-29T10:20:49,296.95,0.109,F,1918.37,-7480.74,47.52170181,-122.25844574,E,,,22.46,9.85,,,
7596484,2026-08-29T10:20:50,285.31,0,F,1918.35,-7480.73,47.52170181,-122.25844574,E,,,22.32,9.86,,,
7597553,2026-08-29T10:20:51,288.39,0,F,1918.35,-7480.73,47.52170181,-122.25844574,E,,,22.16,9.86,Arrive back at buoy line,,
7598642,2026-08-29T10:20:52,285.06,0,F,1918.35,-7480.73,47.52170181,-122.25844574,E,,,21.97,9.87,Actual position,,
7599724,2026-08-29T10:20:53,264.71,0,F,1918.35,-7480.73,47.52170181,-122.25844574,E,,,21.96,9.88,,47.52197266,-122.25793457
7600793,2026-08-29T10:20:54,254.45,0.251,F,1918.17,-7480.77,47.52170181,-122.25844574,E,,,21.96,9.88,,,
7601882,2026-08-29T10:20:55,255.78,0.384,F,1917.83,-7480.83,47.52170181,-122.25845337,E,,,22.13,9.89,,,
7602962,2026-08-29T10:20:56,254.05,0.477,F,1917.39,-7480.98,47.521698,-122.258461,E,,,22.28,9.91,,,
7604051,2026-08-29T10:20:57,268.72,0.582,F,1916.83,-7481.07,47.521698,-122.25846863,E,,,22.38,9.9,,,
7605130,2026-08-29T10:20:58,268.4,0.628,F,1916.17,-7481.07,47.521698,-122.25847626,E,,,22.44,9.89,,,
7606199,2026-08-29T10:21:00,264.19,0.674,F,1915.47,-7481.12,47.521698,-122.25848389,E,,,22.44,9.9,,,
7607285,2026-08-29T10:21:01,277.35,0.72,F,1914.72,-7481.15,47.521698,-122.25849152,E,,,22.33,9.91,,,
7608354,2026-08-29T10:21:02,284.95,0.755,F,1913.96,-7480.97,47.521698,-122.25850677,E,,,22.2,9.91,,,
7609422,2026-08-29T10:21:03,283.02,0.751,F,1913.18,-7480.77,47.52170181,-122.2585144,E,,,22.1,9.91,,,
7610510,2026-08-29T10:21:04,280.02,0.786,F,1912.36,-7480.6,47.52170181,-122.25852203,E,,,22,9.92,,,
7611579,2026-08-29T10:21:05,272.94,0.8,F,1911.52,-7480.51,47.52170181,-122.25853729,E,,,21.93,9.92,,,
7612663,2026-08-29T10:21:06,264.48,0.78,F,1910.67,-7480.52,47.52170181,-122.25854492,E,,,21.91,9.95,,,
7613751,2026-08-29T10:21:07,258.53,0.778,F,1909.83,-7480.63,47.52170181,-122.25856018,E,,,21.92,9.96,,,
7614822,2026-08-29T10:21:08,253.92,0.779,F,1909.02,-7480.83,47.52170181,-122.25856781,E,,,21.92,9.96,,,
7615891,2026-08-29T10:21:09,250.76,0.795,F,1908.22,-7481.09,47.521698,-122.25858307,E,,,21.88,9.95,,,
7616980,2026-08-29T10:21:10,247.61,0.789,F,1907.41,-7481.37,47.52169418,-122.2585907,E,,,21.84,9.96,,,
7618060,2026-08-29T10:21:11,241.01,0.786,F,1906.64,-7481.73,47.52169037,-122.25859833,E,,,21.83,9.97,,,
7619148,2026-08-29T10:21:13,250.7,0.657,F,1905.95,-7482.08,47.52169037,-122.25861359,E,,,21.77,9.95,,,
7620227,2026-08-29T10:21:14,259.21,0.459,F,1905.37,-7482.22,47.52168655,-122.25862122,E,,,21.78,9.94,,,
7621230,2026-08-29T10:21:15,260.74,0.344,F,1904.98,-7482.3,47.52168655,-122.25862122,E,,,21.76,9.87,,,
7622300,2026-08-29T10:21:16,262.54,0.256,F,1904.67,-7482.35,47.52168655,-122.25862885,E,,,21.75,9.96,,,
7623376,2026-08-29T10:21:17,265.64,0.179,F,1904.45,-7482.38,47.52168655,-122.25862885,E,,,21.71,9.97,,,
7624444,2026-08-29T10:21:18,265.73,0.126,F,1904.29,-7482.38,47.52168655,-122.25863647,E,,,21.63,9.96,,,
7625530,2026-08-29T10:21:19,253.86,0,F,1904.21,-7482.39,47.52168655,-122.25863647,E,,,21.55,9.98,,,
7626618,2026-08-29T10:21:20,232.71,0,F,1904.21,-7482.39,47.52168655,-122.25863647,E,,,21.48,9.99,,,
7627691,2026-08-29T10:21:21,230.08,0,F,1904.21,-7482.39,47.52168655,-122.25863647,E,,,21.33,9.99,,,
7628760,2026-08-29T10:21:22,233.7,0,F,1904.21,-7482.39,47.52168655,-122.25863647,E,,,21.31,9.98,,,
7629849,2026-08-29T10:21:23,219.36,0.214,F,1904.16,-7482.44,47.52168655,-122.25863647,E,,,21.27,9.99,,,
7630931,2026-08-29T10:21:24,208.04,0.357,F,1904,-7482.71,47.52168274,-122.25863647,E,,,21.06,10,,,
7632000,2026-08-29T10:21:25,223.5,0.473,F,1903.74,-7483.07,47.52167892,-122.25863647,E,,,20.93,9.99,,,
7633089,2026-08-29T10:21:26,225.99,0.55,F,1903.34,-7483.46,47.52167511,-122.2586441,E,,,20.86,10,,,
7634169,2026-08-29T10:21:28,228.89,0.647,F,1902.86,-7483.89,47.5216713,-122.25865173,E,,,20.75,10.02,,,
7635257,2026-08-29T10:21:29,228.08,0.7,F,1902.32,-7484.38,47.52166748,-122.25865936,E,,,20.62,10.01,,,
7636336,2026-08-29T10:21:30,232.83,0.723,F,1901.73,-7484.87,47.52166367,-122.25866699,E,,,20.47,10.01,,,
7637405,2026-08-29T10:21:31,236.74,0.743,F,1901.09,-7485.32,47.52165985,-122.25867462,E,,,20.43,10.04,,,
7638491,2026-08-29T10:21:32,229.35,0.78,F,1900.42,-7485.8,47.52165604,-122.25868225,E,,,20.35,10.08,,,
7639561,2026-08-29T10:21:33,224.49,0.783,F,1899.82,-7486.38,47.52165222,-122.25868988,E,,,20.28,10.1,,,
7640634,2026-08-29T10:21:34,224.23,0.769,F,1899.24,-7486.97,47.52164459,-122.25869751,E,,,20.23,10.13,,,
7641719,2026-08-29T10:21:35,222.43,0.756,F,1898.67,-7487.56,47.52164078,-122.25870514,E,,,20.22,10.16,,,
7642787,2026-08-29T10:21:36,219.7,0.766,F,1898.14,-7488.18,47.52163315,-122.25871277,E,,,20.21,10.17,,,
7643871,2026-08-29T10:21:37,225.29,0.782,F,1897.57,-7488.8,47.52162933,-122.2587204,E,,,20.11,10.2,,,
7644959,2026-08-29T10:21:38,226.08,0.764,F,1896.96,-7489.38,47.5216217,-122.25872803,E,,,19.98,10.22,,,
7646030,2026-08-29T10:21:39,225.4,0.74,F,1896.37,-7489.96,47.52161789,-122.25873566,E,,,19.86,10.23,,,
7647099,2026-08-29T10:21:40,225.57,0.725,F,1895.82,-7490.52,47.52161407,-122.25874329,E,,,19.77,10.24,,,
7648188,2026-08-29T10:21:42,227.45,0.683,F,1895.27,-7491.05,47.52161026,-122.25875092,E,,,19.65,10.28,,,
7649268,2026-08-29T10:21:43,231.05,0.697,F,1894.7,-7491.54,47.52160263,-122.25875854,E,,,19.6,10.32,,,
7650356,2026-08-29T10:21:44,228.05,0.693,F,1894.13,-7492.02,47.52159882,-122.25876617,E,,,19.66,10.34,,,
7651435,2026-08-29T10:21:45,228.13,0.704,F,1893.57,-7492.54,47.521595,-122.2587738,E,,,19.67,10.36,,,
7652510,2026-08-29T10:21:46,233.72,0.701,F,1892.99,-7493.02,47.52159119,-122.25878143,E,,,19.68,10.39,,,
7653597,2026-08-29T10:21:47,237.47,0.709,F,1892.36,-7493.44,47.52158737,-122.25878906,E,,,19.66,10.43,,,
7654685,2026-08-29T10:21:48,239.38,0.7,F,1891.7,-7493.85,47.52158356,-122.25879669,E,,,19.61,10.47,,,
7655759,2026-08-29T10:21:49,240.79,0.71,F,1891.04,-7494.22,47.52157974,-122.25881195,E,,,19.56,10.48,,,
7656828,2026-08-29T10:21:50,236.25,0.705,F,1890.4,-7494.61,47.52157593,-122.25881958,E,,,19.49,10.49,,,
7657917,2026-08-29T10:21:51,228.11,0.725,F,1889.77,-7495.08,47.52157211,-122.25882721,E,,,19.43,10.51,,,
7659000,2026-08-29T10:21:52,224.34,0.726,F,1889.21,-7495.64,47.5215683,-122.25883484,E,,,19.32,10.53,,,
7660069,2026-08-29T10:21:53,223.92,0.729,F,1888.67,-7496.21,47.52156067,-122.25884247,E,,,19.19,10.54,,,
7661158,2026-08-29T10:21:55,224.49,0.742,F,1888.11,-7496.79,47.52155685,-122.2588501,E,,,19.08,10.57,,,
7662239,2026-08-29T10:21:56,226.82,0.78,F,1887.51,-7497.37,47.52155304,-122.25885773,E,,,18.93,10.61,,,
7663329,2026-08-29T10:21:57,221.62,0.82,F,1886.9,-7497.99,47.52154541,-122.25886536,E,,,18.77,10.64,,,
7664416,2026-08-29T10:21:58,222.47,0.834,F,1886.31,-7498.67,47.5215416,-122.25887299,E,,,18.55,10.65,,,
7665495,2026-08-29T10:21:59,226.14,0.846,F,1885.67,-7499.3,47.52153397,-122.25888062,E,,,18.34,10.63,,,
7666583,2026-08-29T10:22:00,224.42,0.839,F,1885.02,-7499.94,47.52153015,-122.25888824,E,,,18.17,10.78,,,
7667652,2026-08-29T10:22:01,220.01,0.821,F,1884.42,-7500.6,47.52152252,-122.25889587,E,,,18.04,10.86,,,
7668738,2026-08-29T10:22:02,219.5,0.791,F,1883.86,-7501.29,47.52151489,-122.2589035,E,,,17.93,10.98,,,
7669807,2026-08-29T10:22:03,219.89,0.761,F,1883.33,-7501.92,47.52151108,-122.25891113,E,,,17.87,11.05,,,
7670904,2026-08-29T10:22:04,219.15,0.79,F,1882.79,-7502.57,47.52150345,-122.25891876,E,,,17.88,11.16,,,
7671977,2026-08-29T10:22:05,224.86,0.815,F,1882.2,-7503.21,47.52149963,-122.25892639,E,,,17.89,11.22,,,
7673046,2026-08-29T10:22:06,229.34,0.878,F,1881.54,-7503.82,47.521492,-122.25893402,E,,,17.86,11.28,,,
7674135,2026-08-29T10:22:07,230.93,0.916,F,1880.79,-7504.46,47.52148819,-122.25894928,E,,,17.83,11.34,,,
7675217,2026-08-29T10:22:09,224.78,0.958,F,1880.04,-7505.13,47.52148056,-122.25895691,E,,,17.83,11.4,,,
7676286,2026-08-29T10:22:10,219.87,0.977,F,1879.35,-7505.89,47.52147675,-122.25896454,E,,,17.82,11.44,,,
7677375,2026-08-29T10:22:11,223.68,0.983,F,1878.63,-7506.69,47.52146912,-122.25897217,E,,,17.81,11.49,,,
7678455,2026-08-29T10:22:12,229.4,0.988,F,1877.86,-7507.43,47.52146149,-122.25898743,E,,,17.79,11.54,,,
7679544,2026-08-29T10:22:13,231.43,1.019,F,1877,-7508.11,47.52145386,-122.25899506,E,,,17.75,11.56,,,
7680623,2026-08-29T10:22:14,229.18,1,F,1876.15,-7508.8,47.52145004,-122.25901031,E,,,17.68,11.57,,,
7681697,2026-08-29T10:22:15,228.04,0.794,F,1875.42,-7509.42,47.52144241,-122.25901794,E,,,17.66,11.61,,,
7682772,2026-08-29T10:22:16,223.81,0.595,F,1874.89,-7509.94,47.5214386,-122.25902557,E,,,17.62,11.66,,,
7683841,2026-08-29T10:22:17,223.34,0.429,F,1874.51,-7510.34,47.52143478,-122.2590332,E,,,17.56,11.67,,,
7684909,2026-08-29T10:22:18,232.4,0.301,F,1874.23,-7510.61,47.52143478,-122.2590332,E,,,17.47,11.69,,,
7685978,2026-08-29T10:22:19,219.46,0.388,F,1873.99,-7510.84,47.52143097,-122.2590332,E,,,17.38,11.73,,,
7687052,2026-08-29T10:22:20,228.36,0.491,F,1873.67,-7511.2,47.52142715,-122.25904083,E,,,17.19,11.76,,,
7688120,2026-08-29T10:22:21,239.48,0.564,F,1873.21,-7511.53,47.52142334,-122.25904846,E,,,16.91,11.78,,,
7689203,2026-08-29T10:22:23,233.04,0.582,F,1872.66,-7511.85,47.52142334,-122.25905609,E,,,16.79,11.82,,,
7690272,2026-08-29T10:22:24,225.43,0.659,F,1872.17,-7512.29,47.52141953,-122.25906372,E,,,16.79,11.86,,,
7691361,2026-08-29T10:22:25,220.71,0.708,F,1871.66,-7512.83,47.5214119,-122.25906372,E,,,16.77,11.9,,,
7692442,2026-08-29T10:22:26,217.45,0.729,F,1871.16,-7513.43,47.52140808,-122.25907135,E,,,16.76,11.95,,,
7693533,2026-08-29T10:22:27,215.02,0.767,F,1870.67,-7514.1,47.52140045,-122.25907898,E,,,16.8,12,,,
7694620,2026-08-29T10:22:28,211.68,0.808,F,1870.2,-7514.82,47.52139664,-122.25908661,E,,,16.92,12.03,,,
7695699,2026-08-29T10:22:29,214.71,0.831,F,1869.74,-7515.56,47.52138901,-122.25909424,E,,,16.89,11.99,,,
7696787,2026-08-29T10:22:30,223.2,0.84,F,1869.17,-7516.28,47.52138138,-122.25910187,E,,,16.91,12.08,,,
7697856,2026-08-29T10:22:31,231.53,0.838,F,1868.51,-7516.88,47.52137756,-122.2591095,E,,,16.82,12.11,,,
7698942,2026-08-29T10:22:32,233.16,0.833,F,1867.79,-7517.41,47.52136993,-122.25911713,E,,,16.74,12.14,,,
7700011,2026-08-29T10:22:33,232.67,0.834,F,1867.07,-7517.93,47.52136612,-122.25912476,E,,,16.64,12.15,,,
7701085,2026-08-29T10:22:34,229.05,0.833,F,1866.38,-7518.5,47.5213623,-122.25914001,E,,,16.55,12.2,,,
7702159,2026-08-29T10:22:36,226.21,0.843,F,1865.72,-7519.12,47.52135468,-122.25914764,E,,,16.5,12.26,,,
7703227,2026-08-29T10:22:37,227.37,0.868,F,1865.04,-7519.74,47.52135086,-122.25915527,E,,,16.48,12.33,,,
7704301,2026-08-29T10:22:38,228.26,0.815,F,1864.38,-7520.33,47.52134705,-122.2591629,E,,,16.43,12.46,,,
7705372,2026-08-29T10:22:39,224.58,0.846,F,1863.71,-7520.94,47.52133942,-122.25917053,E,,,16.34,12.54,,,
7706441,2026-08-29T10:22:40,224.51,0.842,F,1863.09,-7521.58,47.5213356,-122.25917816,E,,,16.17,12.61,,,
7707522,2026-08-29T10:22:41,228.23,0.807,F,1862.44,-7522.2,47.52132797,-122.25919342,E,,,15.98,12.72,,,
7708612,2026-08-29T10:22:42,226.95,0.808,F,1861.79,-7522.79,47.52132416,-122.25920105,E,,,15.81,12.82,,,
7709699,2026-08-29T10:22:43,228.36,0.811,F,1861.14,-7523.38,47.52131653,-122.25920868,E,,,15.67,12.91,,,
7710770,2026-08-29T10:22:44,228.04,0.82,F,1860.49,-7523.95,47.52131271,-122.25921631,E,,,15.54,12.95,,,
7711857,2026-08-29T10:22:45,223.45,0.845,F,1859.84,-7524.59,47.5213089,-122.25922394,E,,,15.41,13.13,,,
7712927,2026-08-29T10:22:46,230.35,0.868,F,1859.19,-7525.25,47.52130127,-122.25923157,E,,,15.3,13.31,,,
7714013,2026-08-29T10:22:47,230.61,0.906,F,1858.41,-7525.84,47.52129745,-122.25924683,E,,,15.18,13.5,,,
7715082,2026-08-29T10:22:48,227.32,0.808,F,1857.72,-7526.46,47.52128983,-122.25925446,E,,,15.12,13.66,,,
7716171,2026-08-29T10:22:50,225.96,0.631,F,1857.15,-7527,47.52128601,-122.25926208,E,,,15.12,13.81,,,
7717255,2026-08-29T10:22:51,221.88,0.65,F,1856.68,-7527.5,47.5212822,-122.25926971,E,,,15.1,13.95,,,
7718324,2026-08-29T10:22:52,220.5,0.689,F,1856.21,-7528.05,47.52127457,-122.25926971,E,,,15.18,14.06,,,
7719413,2026-08-29T10:22:53,219.73,0.758,F,1855.7,-7528.64,47.52127075,-122.25927734,E,,,15.23,14.15,,,
7720495,2026-08-29T10:22:54,219.7,0.792,F,1855.16,-7529.28,47.52126694,-122.25928497,E,,,15.27,14.25,,,
7721554,2026-08-29T10:22:55,219.86,0.792,F,1854.63,-7529.93,47.52125931,-122.2592926,E,,,15.31,14.32,,,
7722619,2026-08-29T10:22:56,224.83,0.806,F,1854.05,-7530.55,47.52125549,-122.25930023,E,,,15.32,14.4,,,
7723708,2026-08-29T10:22:57,227.05,0.807,F,1853.42,-7531.17,47.52124786,-122.25930786,E,,,15.23,14.48,,,
7724795,2026-08-29T10:22:58,230.28,0.809,F,1852.75,-7531.75,47.52124405,-122.25932312,E,,,15.11,14.52,,,
7725874,2026-08-29T10:22:59,232.69,0.813,F,1852.06,-7532.3,47.52123642,-122.25933075,E,,,15,14.5,,,
7726962,2026-08-29T10:23:00,230.95,0.83,F,1851.35,-7532.84,47.5212326,-122.25933838,E,,,14.87,14.61,,,
7728031,2026-08-29T10:23:01,226.43,0.86,F,1850.68,-7533.43,47.52122879,-122.25934601,E,,,14.81,14.65,,,
7729117,2026-08-29T10:23:02,229.84,0.877,F,1849.98,-7534.06,47.52122116,-122.25935364,E,,,14.7,14.71,,,
7730186,2026-08-29T10:23:04,230.81,0.861,F,1849.26,-7534.67,47.52121735,-122.2593689,E,,,14.63,14.75,,,
7731258,2026-08-29T10:23:05,226.49,0.865,F,1848.54,-7535.26,47.52120972,-122.25937653,E,,,14.62,14.79,,,
7732332,2026-08-29T10:23:06,226.48,0.857,F,1847.89,-7535.89,47.5212059,-122.25938416,E,,,14.64,14.83,,,
7733400,2026-08-29T10:23:07,229.32,0.891,F,1847.2,-7536.51,47.52119827,-122.25939178,E,,,14.62,14.86,,,
7734483,2026-08-29T10:23:08,231.9,0.9,F,1846.45,-7537.13,47.52119446,-122.25939941,E,,,14.57,14.9,,,
7735552,2026-08-29T10:23:09,232.46,0.895,F,1845.7,-7537.71,47.52119064,-122.25941467,E,,,14.49,14.91,,,
7736641,2026-08-29T10:23:10,235.95,0.884,F,1844.91,-7538.27,47.52118301,-122.2594223,E,,,14.4,14.94,,,
7737722,2026-08-29T10:23:11,238.76,0.88,F,1844.11,-7538.78,47.5211792,-122.25943756,E,,,14.29,14.97,,,
7738812,2026-08-29T10:23:12,234.02,0.887,F,1843.3,-7539.31,47.52117538,-122.25944519,E,,,14.2,15.01,,,
7739899,2026-08-29T10:23:13,234.31,0.894,F,1842.54,-7539.91,47.52117157,-122.25945282,E,,,14.08,15.02,,,
7740962,2026-08-29T10:23:14,235.59,0.877,F,1841.75,-7540.43,47.52116394,-122.25946808,E,,,13.97,14.99,,,
7742024,2026-08-29T10:23:15,226.64,0.879,F,1841.04,-7541.02,47.52116013,-122.25947571,E,,,13.9,15.06,,,
7743100,2026-08-29T10:23:16,232.98,0.879,F,1840.32,-7541.62,47.5211525,-122.25948334,E,,,13.81,15.09,,,
7744170,2026-08-29T10:23:18,229.33,0.879,F,1839.58,-7542.21,47.52114868,-122.25949097,E,,,13.72,15.11,,,
7745259,2026-08-29T10:23:19,225.5,0.888,F,1838.87,-7542.85,47.52114487,-122.25950623,E,,,13.67,15.15,,,
7746345,2026-08-29T10:23:20,223.17,0.895,F,1838.2,-7543.55,47.52113724,-122.25951385,E,,,13.64,15.17,,,
7747415,2026-08-29T10:23:21,224.88,0.904,F,1837.54,-7544.24,47.52112961,-122.25952148,E,,,13.58,15.18,,,
7748504,2026-08-29T10:23:22,225.57,0.907,F,1836.84,-7544.93,47.52112579,-122.25952911,E,,,13.55,15.2,,,
7749587,2026-08-29T10:23:23,223.82,0.909,F,1836.15,-7545.62,47.52111816,-122.25953674,E,,,13.52,15.22,,,
7750656,2026-08-29T10:23:24,223.19,0.9,F,1835.49,-7546.31,47.52111053,-122.259552,E,,,13.47,15.22,,,
7751745,2026-08-29T10:23:25,221.32,0.917,F,1834.82,-7547.04,47.52110672,-122.25955963,E,,,13.45,15.23,,,
7752826,2026-08-29T10:23:26,224.02,0.901,F,1834.16,-7547.77,47.52109909,-122.25956726,E,,,13.39,15.25,,,
7753916,2026-08-29T10:23:27,228.21,0.902,F,1833.45,-7548.45,47.52109146,-122.25957489,E,,,13.32,15.27,,,
7755003,2026-08-29T10:23:28,228.77,0.889,F,1832.7,-7549.09,47.52108765,-122.25959015,E,,,13.24,15.26,,,
7756082,2026-08-29T10:23:29,228.19,0.885,F,1831.99,-7549.72,47.52108002,-122.25959778,E,,,13.18,15.2,,,
7757170,2026-08-29T10:23:31,231.3,0.88,F,1831.27,-7550.35,47.5210762,-122.25960541,E,,,13.11,15.28,,,
7758239,2026-08-29T10:23:32,231.95,0.894,F,1830.52,-7550.92,47.52107239,-122.25961304,E,,,13.03,15.29,,,
7759325,2026-08-29T10:23:33,230.67,0.897,F,1829.75,-7551.52,47.52106476,-122.2596283,E,,,12.95,15.31,,,
7760394,2026-08-29T10:23:34,222.83,0.906,F,1829.06,-7552.19,47.52106094,-122.25963593,E,,,12.89,15.33,,,
7761474,2026-08-29T10:23:35,222.1,0.894,F,1828.41,-7552.92,47.52105331,-122.25964355,E,,,12.84,15.35,,,
7762559,2026-08-29T10:23:36,221.35,0.913,F,1827.76,-7553.66,47.52104568,-122.25965118,E,,,12.82,15.38,,,
7763629,2026-08-29T10:23:37,222.02,0.916,F,1827.11,-7554.39,47.52103806,-122.25965881,E,,,12.75,15.39,,,
7764718,2026-08-29T10:23:38,227.72,0.896,F,1826.42,-7555.12,47.52103424,-122.25966644,E,,,12.66,15.41,,,
7765800,2026-08-29T10:23:39,232.93,0.887,F,1825.66,-7555.72,47.52102661,-122.2596817,E,,,12.55,15.45,,,
7766857,2026-08-29T10:23:40,227.61,0.886,F,1824.94,-7556.31,47.5210228,-122.25968933,E,,,12.45,15.48,,,
7767925,2026-08-29T10:23:41,222.7,0.898,F,1824.26,-7556.99,47.52101517,-122.25969696,E,,,12.34,15.51,,,
7769006,2026-08-29T10:23:42,219.83,0.887,F,1823.62,-7557.72,47.52101135,-122.25970459,E,,,12.2,15.59,,,
7770095,2026-08-29T10:23:43,218.97,0.892,F,1823.01,-7558.47,47.52100372,-122.25971222,E,,,12.06,15.71,,,
7771175,2026-08-29T10:23:45,218.61,0.884,F,1822.4,-7559.21,47.52099609,-122.25971985,E,,,11.95,15.82,,,
7772240,2026-08-29T10:23:46,217.81,0.882,F,1821.82,-7559.95,47.52098846,-122.25972748,E,,,11.82,15.97,,,
7773309,2026-08-29T10:23:47,219.69,0.866,F,1821.24,-7560.68,47.52098465,-122.25974274,E,,,11.67,16.13,,,
7774396,2026-08-29T10:23:48,222.63,0.851,F,1820.61,-7561.38,47.52097702,-122.25975037,E,,,11.55,16.32,,,
7775484,2026-08-29T10:23:49,223.58,0.813,F,1819.99,-7562.03,47.52096939,-122.259758,E,,,11.51,16.49,,,
7776558,2026-08-29T10:23:50,219.89,0.791,F,1819.42,-7562.66,47.52096558,-122.25976562,E,,,11.5,16.64,,,
7777628,2026-08-29T10:23:51,219.47,0.79,F,1818.88,-7563.31,47.52095795,-122.25977325,E,,,11.58,16.77,,,
7778717,2026-08-29T10:23:52,218.69,0.797,F,1818.34,-7563.99,47.52095413,-122.25978088,E,,,11.6,16.91,,,
7779800,2026-08-29T10:23:53,218.55,0.806,F,1817.8,-7564.68,47.5209465,-122.25978851,E,,,11.59,17.01,,,
7780869,2026-08-29T10:23:54,219.5,0.826,F,1817.25,-7565.36,47.52094269,-122.25978851,E,,,11.56,17.08,,,
7781958,2026-08-29T10:23:55,215.75,0.838,F,1816.7,-7566.07,47.52093506,-122.25979614,E,,,11.56,17.15,,,
7783039,2026-08-29T10:23:56,215.38,0.773,F,1816.19,-7566.8,47.52092743,-122.25980377,E,,,11.52,17.23,,,
7784129,2026-08-29T10:23:57,217.29,0.591,F,1815.75,-7567.4,47.52092361,-122.2598114,E,,,11.52,17.32,,,
7785216,2026-08-29T10:23:59,216.47,0.412,F,1815.43,-7567.82,47.5209198,-122.25981903,E,,,11.46,17.35,,,
7786295,2026-08-29T10:24:00,213.51,0.362,F,1815.2,-7568.15,47.52091599,-122.25981903,E,,,11.46,17.34,,,
7787383,2026-08-29T10:24:01,217.84,0.485,F,1814.92,-7568.53,47.52091217,-122.25982666,E,,,11.43,17.47,,,
7788453,2026-08-29T10:24:02,221.53,0.559,F,1814.55,-7568.96,47.52090836,-122.25982666,E,,,11.36,17.54,,,
7789539,2026-08-29T10:24:03,220.23,0.624,F,1814.13,-7569.44,47.52090454,-122.25983429,E,,,11.3,17.63,,,
7790608,2026-08-29T10:24:04,219.05,0.661,F,1813.7,-7569.97,47.52090073,-122.25984192,E,,,11.21,17.69,,,
7791682,2026-08-29T10:24:05,217.43,0.669,F,1813.25,-7570.54,47.5208931,-122.25984192,E,,,11.12,17.77,,,
7792756,2026-08-29T10:24:06,218.55,0.717,F,1812.79,-7571.12,47.52088928,-122.25984955,E,,,11.02,17.83,,,
7793824,2026-08-29T10:24:07,215.9,0.723,F,1812.32,-7571.73,47.52088547,-122.25985718,E,,,11.01,17.88,,,
7794907,2026-08-29T10:24:08,217.39,0.753,F,1811.85,-7572.37,47.52087784,-122.25986481,E,,,11.06,17.95,,,
7795976,2026-08-29T10:24:09,219.26,0.764,F,1811.35,-7572.99,47.52087402,-122.25987244,E,,,11.09,17.99,,,
7797065,2026-08-29T10:24:10,223.19,0.794,F,1810.79,-7573.63,47.52086639,-122.25988007,E,,,11.13,18.04,,,
7798146,2026-08-29T10:24:12,227.54,0.803,F,1810.18,-7574.24,47.52086258,-122.2598877,E,,,11.11,18.09,,,
7799236,2026-08-29T10:24:13,228.66,0.822,F,1809.51,-7574.82,47.52085495,-122.25989532,E,,,11.05,18.14,,,
7800323,2026-08-29T10:24:14,227.19,0.822,F,1808.86,-7575.41,47.52085114,-122.25990295,E,,,10.98,18.15,,,
7801394,2026-08-29T10:24:15,223.1,0.824,F,1808.23,-7576.04,47.52084351,-122.25991058,E,,,10.91,18.17,,,
7802477,2026-08-29T10:24:16,218.55,0.837,F,1807.64,-7576.72,47.52083969,-122.25991821,E,,,10.83,18.22,,,
7803547,2026-08-29T10:24:17,215.78,0.837,F,1807.1,-7577.43,47.52083206,-122.25992584,E,,,10.78,18.27,,,
7804633,2026-08-29T10:24:18,212.99,0.833,F,1806.59,-7578.17,47.52082443,-122.25993347,E,,,10.74,18.32,,,
7805703,2026-08-29T10:24:19,212.42,0.819,F,1806.12,-7578.91,47.52082062,-122.2599411,E,,,10.7,18.35,,,
7806792,2026-08-29T10:24:20,214.83,0.844,F,1805.62,-7579.66,47.52081299,-122.25994873,E,,,10.66,18.41,,,
7807876,2026-08-29T10:24:21,224.02,0.862,F,1805.03,-7580.38,47.52080536,-122.25995636,E,,,10.57,18.45,,,
7808945,2026-08-29T10:24:22,223.51,0.881,F,1804.38,-7581.05,47.52080154,-122.25996399,E,,,10.52,18.49,,,
7810034,2026-08-29T10:24:23,219.35,0.891,F,1803.74,-7581.77,47.52079391,-122.25997162,E,,,10.44,18.55,,,
7811116,2026-08-29T10:24:24,216.03,0.883,F,1803.15,-7582.53,47.52078629,-122.25997925,E,,,10.37,18.62,,,
7812185,2026-08-29T10:24:26,214.81,0.88,F,1802.6,-7583.31,47.52077866,-122.25998688,E,,,10.32,18.68,,,
7813274,2026-08-29T10:24:27,215.08,0.887,F,1802.06,-7584.1,47.52077103,-122.25999451,E,,,10.27,18.77,,,
7814354,2026-08-29T10:24:28,217.95,0.909,F,1801.47,-7584.89,47.52076721,-122.26000214,E,,,10.18,18.87,,,
7815442,2026-08-29T10:24:29,219.15,0.908,F,1800.85,-7585.68,47.52075958,-122.26000977,E,,,10.1,18.93,,,
7816521,2026-08-29T10:24:30,219.86,0.924,F,1800.23,-7586.45,47.52075195,-122.2600174,E,,,9.99,19,,,
7817590,2026-08-29T10:24:31,220.17,0.922,F,1799.59,-7587.22,47.52074432,-122.26002502,E,,,9.86,19.09,,,
7818676,2026-08-29T10:24:32,219.03,0.916,F,1798.94,-7587.99,47.52073669,-122.26003265,E,,,9.71,19.18,,,
7819746,2026-08-29T10:24:33,217.3,0.904,F,1798.34,-7588.77,47.52072906,-122.26004028,E,,,9.58,19.24,,,
7820814,2026-08-29T10:24:34,216.73,0.867,F,1797.77,-7589.53,47.52072525,-122.26004791,E,,,9.47,19.31,,,
7821905,2026-08-29T10:24:35,219.71,0.838,F,1797.2,-7590.26,47.52071762,-122.26005554,E,,,9.38,19.39,,,
7822974,2026-08-29T10:24:36,223.96,0.837,F,1796.59,-7590.91,47.52070999,-122.2600708,E,,,9.32,19.45,,,
7824058,2026-08-29T10:24:37,220.96,0.831,F,1795.98,-7591.59,47.52070618,-122.26007843,E,,,9.28,19.52,,,
7825146,2026-08-29T10:24:39,220.25,0.829,F,1795.4,-7592.27,47.52069855,-122.26008606,E,,,9.26,19.59,,,
7826217,2026-08-29T10:24:40,216.71,0.818,F,1794.86,-7592.96,47.52069473,-122.26009369,E,,,9.21,19.63,,,
7827286,2026-08-29T10:24:41,213.86,0.808,F,1794.36,-7593.67,47.5206871,-122.26009369,E,,,9.26,19.68,,,
7828375,2026-08-29T10:24:42,213.68,0.797,F,1793.87,-7594.41,47.52067947,-122.26010132,E,,,9.35,19.73,,,
7829455,2026-08-29T10:24:43,216.3,0.83,F,1793.36,-7595.15,47.52067184,-122.26010895,E,,,9.37,19.78,,,
7830543,2026-08-29T10:24:44,221.36,0.853,F,1792.76,-7595.85,47.52066803,-122.26011658,E,,,9.29,19.8,,,
7831629,2026-08-29T10:24:45,221.64,0.855,F,1792.16,-7596.55,47.5206604,-122.26012421,E,,,9.16,19.78,,,
7832698,2026-08-29T10:24:46,227.88,0.835,F,1791.53,-7597.2,47.52065659,-122.26013184,E,,,9.04,19.84,,,
7833785,2026-08-29T10:24:47,231.97,0.826,F,1790.83,-7597.79,47.52064896,-122.26014709,E,,,8.88,19.88,,,
7834873,2026-08-29T10:24:48,234.39,0.796,F,1790.13,-7598.32,47.52064514,-122.26015472,E,,,8.73,19.96,,,
7835947,2026-08-29T10:24:49,231.18,0.778,F,1789.45,-7598.82,47.52064133,-122.26016235,E,,,8.64,20.05,,,
7837016,2026-08-29T10:24:50,228.08,0.753,F,1788.83,-7599.34,47.52063751,-122.26016998,E,,,8.58,20.18,,,
7838105,2026-08-29T10:24:51,223.83,0.761,F,1788.24,-7599.91,47.52062988,-122.26017761,E,,,8.53,20.31,,,
7839188,2026-08-29T10:24:53,221.11,0.752,F,1787.69,-7600.52,47.52062607,-122.26018524,E,,,8.5,20.43,,,
7840257,2026-08-29T10:24:54,222.04,0.748,F,1787.16,-7601.12,47.52061844,-122.26019287,E,,,8.48,20.52,,,
7841346,2026-08-29T10:24:55,220.11,0.741,F,1786.62,-7601.73,47.52061462,-122.2602005,E,,,8.52,20.61,,,
7842427,2026-08-29T10:24:56,216.87,0.751,F,1786.12,-7602.36,47.52060699,-122.26020813,E,,,8.6,20.7,,,
7843517,2026-08-29T10:24:57,215.58,0.774,F,1785.64,-7603.03,47.52060318,-122.26021576,E,,,8.62,20.78,,,
7844604,2026-08-29T10:24:58,227.21,0.759,F,1785.1,-7603.67,47.52059555,-122.26022339,E,,,8.59,20.82,,,
7845683,2026-08-29T10:24:59,231.69,0.733,F,1784.48,-7604.19,47.52059174,-122.26023102,E,,,8.47,20.8,,,
7846771,2026-08-29T10:25:00,233.2,0.548,F,1783.92,-7604.62,47.52058792,-122.26023865,E,,,8.43,20.91,,,
7847840,2026-08-29T10:25:01,233.05,0.384,F,1783.53,-7604.92,47.52058411,-122.26023865,E,,,8.43,20.94,,,
7848926,2026-08-29T10:25:02,221.65,0.268,F,1783.26,-7605.14,47.52058411,-122.26024628,E,,,8.39,21,,,
7849995,2026-08-29T10:25:03,219.11,0.188,F,1783.11,-7605.32,47.52058029,-122.26024628,E,,,8.38,21.04,,,
7851084,2026-08-29T10:25:04,219.22,0.131,F,1783,-7605.45,47.52058029,-122.26024628,E,,,8.38,21.08,,,
7852162,2026-08-29T10:25:06,210.82,0.107,F,1782.94,-7605.54,47.52058029,-122.26024628,E,,,8.32,21.11,,,
7853232,2026-08-29T10:25:07,211,0,F,1782.93,-7605.56,47.52058029,-122.26024628,E,,,8.11,21.13,,,
7854321,2026-08-29T10:25:08,220.39,0.155,F,1782.9,-7605.6,47.52058029,-122.26024628,E,,,7.96,21.16,,,
7855403,2026-08-29T10:25:09,223.25,0.313,F,1782.71,-7605.8,47.52057648,-122.26025391,E,,,7.88,21.2,,,
7856472,2026-08-29T10:25:10,219.92,0.412,F,1782.45,-7606.09,47.52057648,-122.26025391,E,,,7.81,21.22,,,
7857561,2026-08-29T10:25:11,215.88,0.523,F,1782.14,-7606.49,47.52057266,-122.26026154,E,,,7.79,21.25,,,
7858641,2026-08-29T10:25:12,216.22,0.616,F,1781.78,-7606.99,47.52056885,-122.26026154,E,,,7.74,21.28,,,
7859729,2026-08-29T10:25:13,218.52,0.679,F,1781.35,-7607.55,47.52056122,-122.26026917,E,,,7.68,21.28,,,
7860836,2026-08-29T10:25:14,219.72,0.718,F,1780.87,-7608.14,47.5205574,-122.26027679,E,,,7.61,21.29,,,
7861900,2026-08-29T10:25:15,218.19,0.74,F,1780.38,-7608.74,47.52054977,-122.26028442,E,,,7.58,21.33,,,
7862976,2026-08-29T10:25:16,215.35,0.781,F,1779.89,-7609.4,47.52054596,-122.26029205,E,,,7.55,21.34,,,
7864064,2026-08-29T10:25:17,218.52,0.807,F,1779.37,-7610.09,47.52053833,-122.26029968,E,,,7.47,21.38,,,
7865138,2026-08-29T10:25:18,218.75,0.799,F,1778.83,-7610.77,47.52053452,-122.26030731,E,,,7.41,21.38,,,
7866207,2026-08-29T10:25:20,222.01,0.728,F,1778.3,-7611.38,47.52052689,-122.26030731,E,,,7.33,21.39,,,
7867296,2026-08-29T10:25:21,219.02,0.729,F,1777.8,-7611.99,47.52052307,-122.26031494,E,,,7.23,21.41,,,
7868379,2026-08-29T10:25:22,219.13,0.729,F,1777.3,-7612.61,47.52051544,-122.26032257,E,,,7.18,21.43,,,
7869449,2026-08-29T10:25:23,219.44,0.747,F,1776.81,-7613.23,47.52051163,-122.2603302,E,,,7.12,21.43,,,
7870538,2026-08-29T10:25:24,225.39,0.742,F,1776.26,-7613.83,47.520504,-122.26033783,E,,,7.04,21.44,,,
7871619,2026-08-29T10:25:25,228.35,0.583,F,1775.73,-7614.31,47.52050018,-122.26034546,E,,,6.91,21.46,,,
7872709,2026-08-29T10:25:26,222.07,0.418,F,1775.34,-7614.69,47.52049637,-122.26035309,E,,,6.76,21.48,,,
7873796,2026-08-29T10:25:27,214.44,0.291,F,1775.1,-7614.99,47.52049637,-122.26035309,E,,,6.57,21.47,,,
7874875,2026-08-29T10:25:28,204.74,0.203,F,1774.97,-7615.22,47.52049255,-122.26035309,E,,,6.38,21.42,,,
7875963,2026-08-29T10:25:29,201.07,0.18,F,1774.89,-7615.42,47.52049255,-122.26035309,E,,,6.35,21.49,,,
7877033,2026-08-29T10:25:30,199.35,0.126,F,1774.83,-7615.58,47.52048874,-122.26036072,E,,,6.23,21.49,,,
7878119,2026-08-29T10:25:31,202.22,0,F,1774.81,-7615.65,47.52048874,-122.26036072,E,,,6.16,21.51,,,
7879188,2026-08-29T10:25:33,203.13,0,F,1774.81,-7615.65,47.52048874,-122.26036072,E,,,6.11,21.51,,,
7880277,2026-08-29T10:25:34,200.32,0,F,1774.81,-7615.65,47.52048874,-122.26036072,E,,,6.13,21.52,,,
7881362,2026-08-29T10:25:35,204.86,0.11,F,1774.8,-7615.66,47.52048874,-122.26036072,E,,,6.29,21.54,,,
7882440,2026-08-29T10:25:36,212.02,0,F,1774.76,-7615.73,47.52048874,-122.26036072,E,,,6.42,21.55,,,
7883510,2026-08-29T10:25:37,211.25,0,F,1774.76,-7615.73,47.52048874,-122.26036072,E,,,6.59,21.55,,,
7884592,2026-08-29T10:25:38,212.35,0,F,1774.76,-7615.73,47.52048874,-122.26036072,E,,,6.79,21.56,,,
7885661,2026-08-29T10:25:39,214.22,0,F,1774.76,-7615.73,47.52048874,-122.26036072,E,,,6.97,21.56,,,
7886750,2026-08-29T10:25:40,215.71,0,F,1774.76,-7615.73,47.52048874,-122.26036072,E,,,7.17,21.57,,,
7887830,2026-08-29T10:25:41,216.49,0,F,1774.76,-7615.73,47.52048874,-122.26036072,E,,,7.34,21.59,,,
7888918,2026-08-29T10:25:42,216.45,0,F,1774.76,-7615.73,47.52048874,-122.26036072,E,,,7.48,21.58,,,
7889997,2026-08-29T10:25:43,209.22,0,F,1774.76,-7615.73,47.52048874,-122.26036072,E,,,7.59,21.57,,,
7891066,2026-08-29T10:25:44,197.76,0,F,1774.76,-7615.73,47.52048874,-122.26036072,E,,,7.62,21.58,,,
7892139,2026-08-29T10:25:45,197.87,0,F,1774.76,-7615.73,47.52048874,-122.26036072,E,,,7.6,21.6,,,
7893202,2026-08-29T10:25:47,202.51,0,F,1774.76,-7615.73,47.52048874,-122.26036072,E,,,7.56,21.6,,,
7894276,2026-08-29T10:25:48,204.99,0,F,1774.76,-7615.73,47.52048874,-122.26036072,E,,,7.55,21.61,,,
7895345,2026-08-29T10:25:49,205.25,0,F,1774.76,-7615.73,47.52048874,-122.26036072,E,,,7.48,21.6,,,
7896429,2026-08-29T10:25:50,207.59,0,F,1774.76,-7615.73,47.52048874,-122.26036072,E,,,7.39,21.62,,,
7897498,2026-08-29T10:25:51,207.12,0,F,1774.76,-7615.73,47.52048874,-122.26036072,E,,,7.34,21.61,,,
7898587,2026-08-29T10:25:52,211.52,0,F,1774.76,-7615.73,47.52048874,-122.26036072,E,,,7.29,21.61,,,
7899669,2026-08-29T10:25:53,206.52,0,F,1774.76,-7615.73,47.52048874,-122.26036072,E,,,7.23,21.62,,,
7900738,2026-08-29T10:25:54,209.05,0,F,1774.76,-7615.73,47.52048874,-122.26036072,E,,,7.04,21.61,,,
7901827,2026-08-29T10:25:55,203.27,0.147,F,1774.72,-7615.82,47.52048874,-122.26036072,E,,,7,21.61,,,
7902907,2026-08-29T10:25:56,206.74,0.115,F,1774.66,-7615.96,47.52048492,-122.26036072,E,,,6.92,21.63,,,
7903995,2026-08-29T10:25:57,221.46,0,F,1774.64,-7616,47.52048492,-122.26036072,E,,,6.87,21.62,,,
7905074,2026-08-29T10:25:58,236.48,0,F,1774.64,-7616,47.52048492,-122.26036072,E,,,6.81,21.6,,,
7906143,2026-08-29T10:25:59,265.73,0,F,1774.64,-7616,47.52048492,-122.26036072,E,,,6.71,21.61,,,
7907229,2026-08-29T10:26:01,255.34,0,F,1774.64,-7616,47.52048492,-122.26036072,E,,,6.55,21.62,,,
7908298,2026-08-29T10:26:02,248.82,0,F,1774.64,-7616,47.52048492,-122.26036072,E,,,6.39,21.62,,,
7909366,2026-08-29T10:26:03,263.75,0,F,1774.64,-7616,47.52048492,-122.26036072,E,,,6.27,21.62,,,
7910435,2026-08-29T10:26:04,287.6,0,F,1774.64,-7616,47.52048492,-122.26036072,E,,,6.22,21.64,,,
7911509,2026-08-29T10:26:05,291.27,0,F,1774.64,-7616,47.52048492,-122.26036072,E,,,6.13,21.63,,,
7912584,2026-08-29T10:26:06,302.32,0,F,1774.64,-7616,47.52048492,-122.26036072,E,,,6.02,21.62,,,
7913657,2026-08-29T10:26:07,311.09,0,F,1774.64,-7616,47.52048492,-122.26036072,E,,,5.9,21.64,,,
7914728,2026-08-29T10:26:08,302.9,0,F,1774.64,-7616,47.52048492,-122.26036072,E,,,5.76,21.63,,,
7915797,2026-08-29T10:26:09,297.61,0,F,1774.64,-7616,47.52048492,-122.26036072,E,,,5.59,21.62,,,
7916878,2026-08-29T10:26:10,293.54,0,F,1774.64,-7616,47.52048492,-122.26036072,E,,,5.42,21.63,,,
7917968,2026-08-29T10:26:11,278.95,0,F,1774.64,-7616,47.52048492,-122.26036072,E,,,5.34,21.65,,,
7919055,2026-08-29T10:26:12,266.03,0,F,1774.64,-7616,47.52048492,-122.26036072,E,,,5.29,21.63,,,
7920134,2026-08-29T10:26:13,255.54,0,F,1774.64,-7616,47.52048492,-122.26036072,E,,,5.37,21.57,,,
7921214,2026-08-29T10:26:15,252.52,0,F,1774.64,-7616,47.52048492,-122.26036072,E,,,5.44,21.6,,,
7922278,2026-08-29T10:26:16,254.18,0,F,1774.64,-7616,47.52048492,-122.26036072,E,,,5.63,21.63,,,
7923364,2026-08-29T10:26:17,244.78,0,F,1774.64,-7616,47.52048492,-122.26036072,E,,,5.85,21.64,,,
7924433,2026-08-29T10:26:18,261.15,0.116,F,1774.63,-7616,47.52048492,-122.26036072,E,,,6.1,21.64,,,
7925522,2026-08-29T10:26:19,248.34,0.12,F,1774.49,-7616.04,47.52048492,-122.26036072,E,,,6.36,21.65,,,
7926606,2026-08-29T10:26:20,260.09,0,F,1774.44,-7616.06,47.52048492,-122.26036072,E,,,6.62,21.66,,,
7927675,2026-08-29T10:26:21,265.8,0.102,F,1774.42,-7616.06,47.52048492,-122.26036072,E,,,6.77,21.65,,,
7928764,2026-08-29T10:26:22,271.11,0,F,1774.39,-7616.06,47.52048492,-122.26036072,E,,,6.93,21.66,,,
7929846,2026-08-29T10:26:23,286.82,0,F,1774.39,-7616.06,47.52048492,-122.26036072,E,,,7.09,21.67,,,
7930915,2026-08-29T10:26:24,301.27,0,F,1774.39,-7616.06,47.52048492,-122.26036072,E,,,7.23,21.66,,,
7932004,2026-08-29T10:26:25,310.86,0,F,1774.39,-7616.06,47.52048492,-122.26036072,E,,,7.33,21.66,,,
7933084,2026-08-29T10:26:26,299.84,0,F,1774.39,-7616.06,47.52048492,-122.26036072,E,,,7.34,21.68,,,
7934172,2026-08-29T10:26:28,285.42,0,F,1774.39,-7616.06,47.52048492,-122.26036072,E,,,7.26,21.66,,,
7935251,2026-08-29T10:26:29,279.98,0,F,1774.39,-7616.06,47.52048492,-122.26036072,E,,,7.26,21.64,,,
7936320,2026-08-29T10:26:30,286.87,0,F,1774.39,-7616.06,47.52048492,-122.26036072,E,,,7.24,21.65,,,
7937406,2026-08-29T10:26:31,293.38,0,F,1774.39,-7616.06,47.52048492,-122.26036072,E,,,7.16,21.67,,,
7938475,2026-08-29T10:26:32,299.03,0,F,1774.39,-7616.06,47.52048492,-122.26036072,E,,,7.08,21.66,,,
7939543,2026-08-29T10:26:33,300.43,0,F,1774.39,-7616.06,47.52048492,-122.26036072,E,,,6.96,21.66,,,
7940612,2026-08-29T10:26:34,304.26,0,F,1774.39,-7616.06,47.52048492,-122.26036072,E,,,6.86,21.68,,,
7941686,2026-08-29T10:26:35,299.62,0,F,1774.39,-7616.06,47.52048492,-122.26036072,E,,,6.69,21.67,,,
7942754,2026-08-29T10:26:36,304.36,0,F,1774.39,-7616.06,47.52048492,-122.26036072,E,,,6.53,21.65,,,
7943837,2026-08-29T10:26:37,307.19,0,F,1774.39,-7616.06,47.52048492,-122.26036072,E,,,6.39,21.67,,,
7944906,2026-08-29T10:26:38,309.73,0,F,1774.39,-7616.06,47.52048492,-122.26036072,E,,,6.22,21.66,,,
7945995,2026-08-29T10:26:39,304.68,0,F,1774.39,-7616.06,47.52048492,-122.26036072,E,,,6.05,21.66,,,
7947076,2026-08-29T10:26:40,320.29,0,F,1774.39,-7616.06,47.52048492,-122.26036072,E,,,5.84,21.67,,,
7948166,2026-08-29T10:26:42,323.16,0,F,1774.39,-7616.06,47.52048492,-122.26036072,E,,,5.7,21.68,,,
7949253,2026-08-29T10:26:43,309.8,0,F,1774.39,-7616.06,47.52048492,-122.26036072,E,,,5.56,21.66,,,
7950332,2026-08-29T10:26:44,296.06,0,F,1774.39,-7616.06,47.52048492,-122.26036072,E,,,5.43,21.6,,,
7951420,2026-08-29T10:26:45,296.51,0,F,1774.39,-7616.06,47.52048492,-122.26036072,E,,,5.32,21.65,,,
7952494,2026-08-29T10:26:46,305.33,0,F,1774.39,-7616.06,47.52048492,-122.26036072,E,,,5.29,21.65,,,
7953580,2026-08-29T10:26:47,298.96,0,F,1774.39,-7616.06,47.52048492,-122.26036072,E,,,5.34,21.66,,,
7954649,2026-08-29T10:26:48,291.13,0,F,1774.39,-7616.06,47.52048492,-122.26036072,E,,,5.41,21.66,,,
7955738,2026-08-29T10:26:49,284.49,0,F,1774.39,-7616.06,47.52048492,-122.26036072,E,,,5.56,21.66,,,
7956822,2026-08-29T10:26:50,279.86,0,F,1774.39,-7616.06,47.52048492,-122.26036072,E,,,5.71,21.67,,,
7957891,2026-08-29T10:26:51,277.44,0,F,1774.39,-7616.06,47.52048492,-122.26036072,E,,,5.91,21.67,,,
7958980,2026-08-29T10:26:52,276.45,0,F,1774.39,-7616.06,47.52048492,-122.26036072,E,,,6.13,21.67,,,
7960062,2026-08-29T10:26:53,292.96,0,F,1774.39,-7616.06,47.52048492,-122.26036072,E,,,6.39,21.68,,,
7961131,2026-08-29T10:26:54,296.7,0,F,1774.39,-7616.06,47.52048492,-122.26036072,E,,,6.58,21.67,,,
7962220,2026-08-29T10:26:56,293.76,0,F,1774.39,-7616.06,47.52048492,-122.26036072,E,,,6.74,21.68,,,
7963300,2026-08-29T10:26:57,297.71,0,F,1774.39,-7616.06,47.52048492,-122.26036072,E,,,6.86,21.69,,,
7964388,2026-08-29T10:26:58,301.36,0,F,1774.39,-7616.06,47.52048492,-122.26036072,E,,,6.97,21.68,,,
7965467,2026-08-29T10:26:59,305.65,0,F,1774.39,-7616.06,47.52048492,-122.26036072,E,,,7.05,21.66,,,
7966536,2026-08-29T10:27:00,309.66,0,F,1774.39,-7616.06,47.52048492,-122.26036072,E,,,7.13,21.67,,,
7967622,2026-08-29T10:27:01,308.15,0,F,1774.39,-7616.06,47.52048492,-122.26036072,E,,,7.24,21.69,,,
7968691,2026-08-29T10:27:02,303.76,0,F,1774.39,-7616.06,47.52048492,-122.26036072,E,,,7.29,21.68,,,
7969759,2026-08-29T10:27:03,308.36,0,F,1774.39,-7616.06,47.52048492,-122.26036072,E,,,7.34,21.68,,,
7970828,2026-08-29T10:27:04,316.92,0,F,1774.39,-7616.06,47.52048492,-122.26036072,E,,,7.39,21.7,,,
7971902,2026-08-29T10:27:05,324.17,0,F,1774.39,-7616.06,47.52048492,-122.26036072,E,,,7.35,21.69,,,
7972982,2026-08-29T10:27:06,332,0,F,1774.39,-7616.06,47.52048492,-122.26036072,E,,,7.25,21.69,,,
7974048,2026-08-29T10:27:07,339.83,0,F,1774.39,-7616.06,47.52048492,-122.26036072,E,,,7.22,21.69,,,
7975116,2026-08-29T10:27:08,343.04,0,F,1774.39,-7616.06,47.52048492,-122.26036072,E,,,7.14,21.68,,,
7976185,2026-08-29T10:27:10,340.16,0,F,1774.39,-7616.06,47.52048492,-122.26036072,E,,,7.05,21.7,,,
7977256,2026-08-29T10:27:11,339.73,0,F,1774.39,-7616.06,47.52048492,-122.26036072,E,,,6.96,21.69,,,
7978345,2026-08-29T10:27:12,332.7,0,F,1774.39,-7616.06,47.52048492,-122.26036072,E,,,6.94,21.7,,,
7979434,2026-08-29T10:27:13,333.43,0,F,1774.39,-7616.06,47.52048492,-122.26036072,E,,,6.88,21.67,,,
7980531,2026-08-29T10:27:14,323.39,0,F,1774.39,-7616.06,47.52048492,-122.26036072,E,,,6.76,21.61,,,
7981623,2026-08-29T10:27:15,329.7,0,F,1774.39,-7616.06,47.52048492,-122.26036072,E,,,6.73,21.66,,,
7982712,2026-08-29T10:27:16,332.22,0,F,1774.39,-7616.06,47.52048492,-122.26036072,E,,,6.64,21.68,,,
7983787,2026-08-29T10:27:17,313,0,F,1774.39,-7616.06,47.52048492,-122.26036072,E,,,6.55,21.68,,,
7984856,2026-08-29T10:27:18,299.78,0,F,1774.39,-7616.06,47.52048492,-122.26036072,E,,,6.52,21.66,,,
7985945,2026-08-29T10:27:19,298.17,0,F,1774.39,-7616.06,47.52048492,-122.26036072,E,,,6.56,21.67,,,
7987029,2026-08-29T10:27:20,295.5,0,F,1774.39,-7616.06,47.52048492,-122.26036072,E,,,6.66,21.68,,,
7988098,2026-08-29T10:27:21,294.48,0,F,1774.39,-7616.06,47.52048492,-122.26036072,E,,,6.73,21.67,,,
7989187,2026-08-29T10:27:23,301.89,0,F,1774.39,-7616.06,47.52048492,-122.26036072,E,,,6.77,21.67,,,
7990269,2026-08-29T10:27:24,319.05,0,F,1774.39,-7616.06,47.52048492,-122.26036072,E,,,6.87,21.69,,,
7991338,2026-08-29T10:27:25,325.78,0,F,1774.39,-7616.06,47.52048492,-122.26036072,E,,,6.99,21.68,,,
7992427,2026-08-29T10:27:26,323.05,0,F,1774.39,-7616.06,47.52048492,-122.26036072,E,,,7.07,21.67,,,
7993507,2026-08-29T10:27:27,296.08,0,F,1774.39,-7616.06,47.52048492,-122.26036072,E,,,7.15,21.69,,,
7994595,2026-08-29T10:27:28,292.32,0,F,1774.39,-7616.06,47.52048492,-122.26036072,E,,,7.24,21.67,,,
7995674,2026-08-29T10:27:29,298.27,0,F,1774.39,-7616.06,47.52048492,-122.26036072,E,,,7.34,21.66,,,
7996743,2026-08-29T10:27:30,301.2,0,F,1774.39,-7616.06,47.52048492,-122.26036072,E,,,7.45,21.67,,,
7997829,2026-08-29T10:27:31,304.72,0,F,1774.39,-7616.06,47.52048492,-122.26036072,E,,,7.52,21.68,,,
7998898,2026-08-29T10:27:32,315.9,0,F,1774.39,-7616.06,47.52048492,-122.26036072,E,,,7.52,21.67,,,
7999966,2026-08-29T10:27:33,322.82,0,F,1774.39,-7616.06,47.52048492,-122.26036072,E,,,7.46,21.67,,,
8001035,2026-08-29T10:27:34,319.26,0,F,1774.39,-7616.06,47.52048492,-122.26036072,E,,,7.4,21.69,,,
8002109,2026-08-29T10:27:35,318.48,0,F,1774.39,-7616.06,47.52048492,-122.26036072,E,,,7.33,21.68,,,
8003180,2026-08-29T10:27:37,312.62,0,F,1774.39,-7616.06,47.52048492,-122.26036072,E,,,7.25,21.66,,,
8004263,2026-08-29T10:27:38,311.55,0,F,1774.39,-7616.06,47.52048492,-122.26036072,E,,,7.13,21.68,,,
8005332,2026-08-29T10:27:39,312.12,0,F,1774.39,-7616.06,47.52048492,-122.26036072,E,,,7.02,21.66,,,
8006421,2026-08-29T10:27:40,305.4,0,F,1774.39,-7616.06,47.52048492,-122.26036072,E,,,6.84,21.67,,,
8007502,2026-08-29T10:27:41,328.24,0,F,1774.39,-7616.06,47.52048492,-122.26036072,E,,,6.69,21.67,,,
8008592,2026-08-29T10:27:42,333.82,0,F,1774.39,-7616.06,47.52048492,-122.26036072,E,,,6.52,21.68,,,
8009679,2026-08-29T10:27:43,335.7,0,F,1774.39,-7616.06,47.52048492,-122.26036072,E,,,6.44,21.66,,,
8010758,2026-08-29T10:27:44,336.91,0,F,1774.39,-7616.06,47.52048492,-122.26036072,E,,,6.34,21.6,,,
8011846,2026-08-29T10:27:45,324.91,0.106,F,1774.38,-7616.04,47.52048492,-122.26036072,E,,,6.18,21.65,,,
8012916,2026-08-29T10:27:46,314.28,0,F,1774.33,-7615.99,47.52048492,-122.26036072,E,,,6.16,21.65,,,
8014002,2026-08-29T10:27:47,312.2,0,F,1774.29,-7615.95,47.52048492,-122.26036072,E,,,6.2,21.66,,,
8015071,2026-08-29T10:27:48,320.03,0,F,1774.29,-7615.95,47.52048492,-122.26036072,E,,,6.25,21.66,,,
8016160,2026-08-29T10:27:50,320.75,0.101,F,1774.25,-7615.9,47.52048874,-122.26036835,E,,,6.28,21.67,,,
8017244,2026-08-29T10:27:51,323.65,0,F,1774.25,-7615.9,47.52048874,-122.26036835,E,,,6.32,21.68,,,
8018313,2026-08-29T10:27:52,318.33,0,F,1774.24,-7615.88,47.52048874,-122.26036835,E,,,6.35,21.67,,,
8019402,2026-08-29T10:27:53,323.41,0,F,1774.24,-7615.88,47.52048874,-122.26036835,E,,,6.36,21.67,,,
8020484,2026-08-29T10:27:54,325.29,0,F,1774.24,-7615.88,47.52048874,-122.26036835,E,,,6.41,21.69,,,
8021553,2026-08-29T10:27:55,322.22,0.16,F,1774.2,-7615.81,47.52048874,-122.26036835,E,,,6.5,21.68,,,
8022642,2026-08-29T10:27:56,314.21,0.124,F,1774.09,-7615.7,47.52048874,-122.26036835,E,,,6.62,21.68,,,
8023722,2026-08-29T10:27:57,315.66,0,F,1774.04,-7615.65,47.52048874,-122.26036835,E,,,6.68,21.69,,,
8024810,2026-08-29T10:27:58,307.48,0.138,F,1773.95,-7615.56,47.52048874,-122.26036835,E,,,6.77,21.69,,,
8025889,2026-08-29T10:27:59,299.5,0,F,1773.85,-7615.5,47.52048874,-122.26036835,E,,,6.78,21.67,,,
8026958,2026-08-29T10:28:00,284.39,0,F,1773.82,-7615.49,47.52049255,-122.26036835,E,,,6.79,21.68,,,
8028044,2026-08-29T10:28:01,280.83,0.13,F,1773.8,-7615.49,47.52049255,-122.26036835,E,,,6.76,21.7,,,
8029113,2026-08-29T10:28:02,288.21,0.325,F,1773.55,-7615.43,47.52049255,-122.26037598,E,,,6.71,21.7,,,
8030181,2026-08-29T10:28:04,293.41,0.437,F,1773.18,-7615.26,47.52049255,-122.26037598,E,,,6.75,21.69,,,
8031250,2026-08-29T10:28:05,287.71,0.542,F,1772.68,-7615.1,47.52049255,-122.26038361,E,,,6.79,21.71,,,
8032324,2026-08-29T10:28:06,292.78,0.613,F,1772.1,-7614.88,47.52049637,-122.26039124,E,,,6.79,21.7,,,
8033399,2026-08-29T10:28:07,295.58,0.679,F,1771.46,-7614.6,47.52050018,-122.26039886,E,,,6.81,21.68,,,
8034489,2026-08-29T10:28:08,298.55,0.723,F,1770.78,-7614.27,47.52050018,-122.26041412,E,,,6.82,21.68,,,
8035571,2026-08-29T10:28:09,289.27,0.637,F,1770.1,-7613.95,47.520504,-122.26042175,E,,,6.87,21.7,,,
8036640,2026-08-29T10:28:10,282.23,0.521,F,1769.52,-7613.81,47.520504,-122.26042938,E,,,6.95,21.68,,,
8037729,2026-08-29T10:28:11,308.41,0.569,F,1768.99,-7613.57,47.52050781,-122.26043701,E,,,6.92,21.68,,,
8038809,2026-08-29T10:28:12,306.43,0.633,F,1768.47,-7613.19,47.52051163,-122.26044464,E,,,6.94,21.69,,,
8039897,2026-08-29T10:28:13,302.51,0.662,F,1767.89,-7612.79,47.52051544,-122.26045227,E,,,6.99,21.68,,,
8040978,2026-08-29T10:28:14,299.36,0.711,F,1767.26,-7612.42,47.52051926,-122.2604599,E,,,7.05,21.54,,,
8042042,2026-08-29T10:28:15,308.65,0.736,F,1766.6,-7612.02,47.52052307,-122.26046753,E,,,6.98,21.67,,,
8043131,2026-08-29T10:28:16,322.02,0.758,F,1766.05,-7611.42,47.52052689,-122.26047516,E,,,6.82,21.69,,,
8044206,2026-08-29T10:28:18,311.38,0.751,F,1765.53,-7610.8,47.52053452,-122.26048279,E,,,6.7,21.68,,,
8045275,2026-08-29T10:28:19,292.13,0.736,F,1764.85,-7610.4,47.52053833,-122.26049042,E,,,6.71,21.68,,,
8046364,2026-08-29T10:28:20,280.16,0.748,F,1764.08,-7610.2,47.52053833,-122.26049805,E,,,6.77,21.69,,,
8047448,2026-08-29T10:28:21,287.62,0.757,F,1763.29,-7610,47.52053833,-122.26051331,E,,,6.84,21.7,,,
8048517,2026-08-29T10:28:22,289.56,0.779,F,1762.5,-7609.74,47.52054214,-122.26052094,E,,,6.91,21.69,,,
8049606,2026-08-29T10:28:23,297.92,0.777,F,1761.73,-7609.41,47.52054596,-122.26052856,E,,,6.97,21.69,,,
8050688,2026-08-29T10:28:24,306.42,0.776,F,1761.02,-7608.95,47.52054977,-122.26054382,E,,,7.02,21.7,,,
8051757,2026-08-29T10:28:25,311.1,0.795,F,1760.38,-7608.42,47.52055359,-122.26055145,E,,,7.05,21.69,,,
8052846,2026-08-29T10:28:26,312.98,0.818,F,1759.74,-7607.83,47.52056122,-122.26055908,E,,,7.05,21.69,,,
8053926,2026-08-29T10:28:27,311.24,0.819,F,1759.09,-7607.25,47.52056503,-122.26056671,E,,,7.07,21.7,,,
8055014,2026-08-29T10:28:28,309.43,0.846,F,1758.39,-7606.66,47.52056885,-122.26057434,E,,,7.08,21.69,,,
8056093,2026-08-29T10:28:29,302.77,0.852,F,1757.65,-7606.12,47.52057648,-122.2605896,E,,,7.04,21.67,,,
8057151,2026-08-29T10:28:31,300.8,0.847,F,1756.87,-7605.66,47.52058029,-122.26059723,E,,,7.04,21.68,,,
8058220,2026-08-29T10:28:32,309.55,0.842,F,1756.13,-7605.14,47.52058411,-122.26060486,E,,,7.06,21.68,,,
8059306,2026-08-29T10:28:33,322.28,0.835,F,1755.5,-7604.48,47.52058792,-122.26061249,E,,,7.11,21.7,,,
8060375,2026-08-29T10:28:34,320.91,0.821,F,1754.97,-7603.78,47.52059555,-122.26062012,E,,,7.21,21.69,,,
8061464,2026-08-29T10:28:35,312.09,0.834,F,1754.35,-7603.13,47.52060318,-122.26062775,E,,,7.26,21.7,,,
8062548,2026-08-29T10:28:36,313.15,0.815,F,1753.67,-7602.55,47.52060699,-122.26063538,E,,,7.27,21.7,,,
8063627,2026-08-29T10:28:37,317.61,0.802,F,1753.05,-7601.94,47.52061081,-122.26065063,E,,,7.26,21.7,,,
8064697,2026-08-29T10:28:38,315.9,0.809,F,1752.46,-7601.29,47.52061844,-122.26065826,E,,,7.21,21.69,,,
8065779,2026-08-29T10:28:39,313.94,0.799,F,1751.85,-7600.67,47.52062225,-122.26066589,E,,,7.15,21.7,,,
8066848,2026-08-29T10:28:40,311.81,0.809,F,1751.22,-7600.09,47.52062988,-122.26067352,E,,,7.13,21.69,,,
8067937,2026-08-29T10:28:41,304.8,0.798,F,1750.53,-7599.56,47.5206337,-122.26068115,E,,,7.14,21.69,,,
8069017,2026-08-29T10:28:42,302.39,0.804,F,1749.8,-7599.08,47.52063751,-122.26068878,E,,,7.14,21.7,,,
8070105,2026-08-29T10:28:43,305.03,0.809,F,1749.07,-7598.6,47.52064133,-122.26070404,E,,,7.14,21.69,,,
8071184,2026-08-29T10:28:45,303.71,0.8,F,1748.35,-7598.12,47.52064514,-122.26071167,E,,,7.17,21.67,,,
8072258,2026-08-29T10:28:46,303.86,0.823,F,1747.63,-7597.65,47.52065277,-122.2607193,E,,,7.14,21.68,,,
8073346,2026-08-29T10:28:47,301.26,0.821,F,1746.89,-7597.15,47.52065659,-122.26072693,E,,,7.05,21.69,,,
8074434,2026-08-29T10:28:48,301.15,0.822,F,1746.13,-7596.67,47.5206604,-122.26074219,E,,,6.92,21.71,,,
8075508,2026-08-29T10:28:49,292.54,0.764,F,1745.38,-7596.24,47.52066422,-122.26074982,E,,,6.79,21.7,,,
8076577,2026-08-29T10:28:50,285.58,0.732,F,1744.62,-7596.02,47.52066422,-122.26075745,E,,,6.8,21.69,,,
8077666,2026-08-29T10:28:51,298.37,0.759,F,1743.88,-7595.72,47.52066803,-122.26077271,E,,,6.82,21.69,,,
8078735,2026-08-29T10:28:52,298.12,0.781,F,1743.15,-7595.34,47.52067184,-122.26078033,E,,,6.85,21.72,,,
8079807,2026-08-29T10:28:53,303.58,0.795,F,1742.42,-7594.9,47.52067566,-122.26078796,E,,,6.87,21.7,,,
8080875,2026-08-29T10:28:54,307.65,0.806,F,1741.72,-7594.41,47.52067947,-122.26079559,E,,,6.84,21.69,,,
8081957,2026-08-29T10:28:55,308.17,0.822,F,1741.03,-7593.84,47.52068329,-122.26081085,E,,,6.83,21.71,,,
8083045,2026-08-29T10:28:56,310.25,0.836,F,1740.34,-7593.27,47.52069092,-122.26081848,E,,,6.82,21.72,,,
8084133,2026-08-29T10:28:57,313,0.844,F,1739.66,-7592.67,47.52069473,-122.26082611,E,,,6.79,21.69,,,
8085230,2026-08-29T10:28:59,309.64,0.846,F,1738.95,-7592.06,47.52070236,-122.26083374,E,,,6.79,21.7,,,
8086301,2026-08-29T10:29:00,309.25,0.855,F,1738.25,-7591.48,47.52070618,-122.26084137,E,,,6.81,21.67,,,
8087388,2026-08-29T10:29:01,308.98,0.857,F,1737.52,-7590.9,47.52070999,-122.26085663,E,,,6.83,21.69,,,
8088457,2026-08-29T10:29:02,310.86,0.862,F,1736.82,-7590.29,47.52071762,-122.26086426,E,,,6.86,21.69,,,
8089546,2026-08-29T10:29:03,308.19,0.875,F,1736.09,-7589.69,47.52072144,-122.26087189,E,,,6.92,21.7,,,
8090631,2026-08-29T10:29:04,306.96,0.887,F,1735.33,-7589.1,47.52072906,-122.26087952,E,,,6.93,21.71,,,
8091700,2026-08-29T10:29:05,305.78,0.885,F,1734.57,-7588.53,47.52073288,-122.26089478,E,,,6.95,21.69,,,
8092789,2026-08-29T10:29:06,303.99,0.892,F,1733.78,-7587.99,47.52073669,-122.2609024,E,,,6.98,21.7,,,
8093823,2026-08-29T10:29:07,317.81,0.869,F,1733.06,-7587.43,47.52074432,-122.26091003,E,,,6.97,21.7,,,
8094912,2026-08-29T10:29:08,317.14,0.869,F,1732.45,-7586.72,47.52074814,-122.26092529,E,,,6.96,21.72,,,
8095983,2026-08-29T10:29:09,318.28,0.872,F,1731.82,-7586.04,47.52075577,-122.26093292,E,,,6.94,21.71,,,
8097052,2026-08-29T10:29:10,316.94,0.875,F,1731.2,-7585.36,47.52075958,-122.26094055,E,,,6.94,21.7,,,
8098141,2026-08-29T10:29:11,316.91,0.872,F,1730.55,-7584.67,47.52076721,-122.26094818,E,,,6.93,21.7,,,
8099221,2026-08-29T10:29:13,317.7,0.872,F,1729.92,-7583.98,47.52077484,-122.26095581,E,,,6.9,21.71,,,
8100309,2026-08-29T10:29:14,316.26,0.871,F,1729.27,-7583.29,47.52077866,-122.26096344,E,,,6.88,21.7,,,
8101405,2026-08-29T10:29:15,316.77,0.777,F,1728.63,-7582.62,47.52078629,-122.26097107,E,,,6.87,21.67,,,
8102480,2026-08-29T10:29:16,311.83,0.583,F,1728.12,-7582.11,47.5207901,-122.2609787,E,,,6.86,21.69,,,
8103550,2026-08-29T10:29:17,309.53,0.45,F,1727.7,-7581.75,47.52079391,-122.26098633,E,,,6.91,21.69,,,
8104612,2026-08-29T10:29:18,309.02,0.328,F,1727.38,-7581.49,47.52079773,-122.26098633,E,,,6.91,21.68,,,
8105698,2026-08-29T10:29:19,306.68,0.228,F,1727.15,-7581.3,47.52079773,-122.26099396,E,,,6.92,21.7,,,
8106766,2026-08-29T10:29:20,320.7,0.16,F,1726.99,-7581.17,47.52079773,-122.26099396,E,,,6.9,21.7,,,
8107850,2026-08-29T10:29:21,342.61,0.127,F,1726.92,-7581.03,47.52080154,-122.26099396,E,,,6.92,21.71,,,
8108919,2026-08-29T10:29:22,356.56,0.101,F,1726.9,-7580.91,47.52080154,-122.26099396,E,,,6.96,21.7,,,
8110008,2026-08-29T10:29:23,20.21,0,F,1726.9,-7580.91,47.52080154,-122.26099396,E,,,6.95,21.7,,,
8111090,2026-08-29T10:29:24,47.52,0,F,1726.9,-7580.91,47.52080154,-122.26099396,E,,,6.91,21.72,,,
8112159,2026-08-29T10:29:26,96.78,0,F,1726.9,-7580.91,47.52080154,-122.26099396,E,,,6.94,21.71,,,
8113248,2026-08-29T10:29:27,121.07,0,F,1726.9,-7580.91,47.52080154,-122.26099396,E,,,6.94,21.7,,,
8114328,2026-08-29T10:29:28,108.84,0.211,F,1727.01,-7580.95,47.52080154,-122.26099396,E,,,6.97,21.72,,,
8115417,2026-08-29T10:29:29,106.45,0.313,F,1727.28,-7581.01,47.52080154,-122.26099396,E,,,6.99,21.7,,,
8116496,2026-08-29T10:29:30,112.91,0.243,F,1727.57,-7581.11,47.52079773,-122.26098633,E,,,6.98,21.68,,,
8117565,2026-08-29T10:29:31,112.24,0.17,F,1727.77,-7581.2,47.52079773,-122.26098633,E,,,6.98,21.69,,,
8118651,2026-08-29T10:29:32,119.57,0.119,F,1727.92,-7581.25,47.52079773,-122.2609787,E,,,6.98,21.71,,,
8119720,2026-08-29T10:29:33,129.86,0,F,1727.96,-7581.28,47.52079773,-122.2609787,E,,,6.98,21.7,,,
8120788,2026-08-29T10:29:34,131.67,0,F,1727.96,-7581.28,47.52079773,-122.2609787,E,,,6.98,21.7,,,
8121857,2026-08-29T10:29:35,144.61,0,F,1727.96,-7581.28,47.52079773,-122.2609787,E,,,7.01,21.72,,,
8122931,2026-08-29T10:29:36,138.52,0,F,1727.96,-7581.28,47.52079773,-122.2609787,E,,,6.99,21.71,,,
8124006,2026-08-29T10:29:37,122.84,0,F,1727.96,-7581.28,47.52079773,-122.2609787,E,,,6.95,21.7,,,
8125079,2026-08-29T10:29:38,133.16,0,F,1727.96,-7581.28,47.52079773,-122.2609787,E,,,7.01,21.72,,,
8126150,2026-08-29T10:29:40,136.6,0,F,1727.96,-7581.28,47.52079773,-122.2609787,E,,,7,21.71,,,
8127219,2026-08-29T10:29:41,132.08,0,F,1727.96,-7581.28,47.52079773,-122.2609787,E,,,6.99,21.7,,,
8128300,2026-08-29T10:29:42,132.96,0,F,1727.96,-7581.28,47.52079773,-122.2609787,E,,,7,21.71,,,
8129390,2026-08-29T10:29:43,106.72,0.15,F,1727.99,-7581.29,47.52079773,-122.2609787,E,,,7.07,21.72,,,
8130477,2026-08-29T10:29:44,100.56,0.296,F,1728.24,-7581.34,47.52079773,-122.2609787,E,,,7.05,21.7,,,
8131556,2026-08-29T10:29:45,90.61,0.442,F,1728.64,-7581.35,47.52079773,-122.26097107,E,,,7.11,21.64,,,
8132652,2026-08-29T10:29:46,81.97,0.556,F,1729.18,-7581.31,47.52079773,-122.26096344,E,,,7.21,21.69,,,
8133721,2026-08-29T10:29:47,52.95,0.598,F,1729.77,-7581.13,47.52079773,-122.26095581,E,,,7.33,21.69,,,
8134807,2026-08-29T10:29:48,32.73,0.664,F,1730.23,-7580.62,47.52080536,-122.26094818,E,,,7.35,21.7,,,
8135876,2026-08-29T10:29:49,15.84,0.687,F,1730.54,-7579.97,47.52080917,-122.26094818,E,,,7.37,21.69,,,
8136965,2026-08-29T10:29:50,359.2,0.699,F,1730.63,-7579.23,47.5208168,-122.26094818,E,,,7.38,21.7,,,
8138049,2026-08-29T10:29:51,330.46,0.707,F,1730.47,-7578.49,47.52082443,-122.26094818,E,,,7.4,21.7,,,
8139118,2026-08-29T10:29:52,291.76,0.704,F,1729.9,-7578.03,47.52082825,-122.26095581,E,,,7.44,21.69,,,
8140207,2026-08-29T10:29:54,274.84,0.71,F,1729.15,-7577.88,47.52082825,-122.26096344,E,,,7.45,21.69,,,
8141289,2026-08-29T10:29:55,276.56,0.684,F,1728.38,-7577.82,47.52082825,-122.2609787,E,,,7.45,21.69,,,
8142358,2026-08-29T10:29:56,274.84,0.504,F,1727.74,-7577.74,47.52082825,-122.26098633,E,,,7.5,21.68,,,
8143447,2026-08-29T10:29:57,257.66,0.351,F,1727.29,-7577.76,47.52082825,-122.26099396,E,,,7.58,21.68,,,
8144527,2026-08-29T10:29:58,241.69,0.334,F,1726.96,-7577.88,47.52082825,-122.26099396,E,,,7.61,21.69,,,
8145615,2026-08-29T10:29:59,228.57,0.425,F,1726.62,-7578.12,47.52082825,-122.26100159,E,,,7.53,21.67,,,
8146694,2026-08-29T10:30:00,224.98,0.518,F,1726.25,-7578.47,47.52082443,-122.26100159,E,,,7.33,21.65,,,
8147763,2026-08-29T10:30:01,218.7,0.585,F,1725.86,-7578.92,47.52082062,-122.26100922,E,,,7.04,21.65,,,
8148849,2026-08-29T10:30:02,199.42,0.598,F,1725.53,-7579.48,47.52081299,-122.26101685,E,,,6.84,21.66,,,
8149918,2026-08-29T10:30:03,182.31,0.612,F,1725.44,-7580.11,47.52080917,-122.26101685,E,,,6.71,21.66,,,
8150986,2026-08-29T10:30:04,187.69,0.637,F,1725.38,-7580.78,47.52080154,-122.26101685,E,,,6.59,21.66,,,
8152055,2026-08-29T10:30:05,184.18,0.634,F,1725.3,-7581.47,47.52079773,-122.26101685,E,,,6.5,21.69,,,
8153129,2026-08-29T10:30:06,183.43,0.468,F,1725.27,-7582.07,47.5207901,-122.26101685,E,,,6.46,21.68,,,
8154212,2026-08-29T10:30:08,187.54,0.342,F,1725.23,-7582.49,47.52078629,-122.26101685,E,,,6.48,21.68,,,
8155279,2026-08-29T10:30:09,193.97,0.256,F,1725.17,-7582.79,47.52078629,-122.26101685,E,,,6.54,21.69,,,
8156347,2026-08-29T10:30:10,200.86,0.389,F,1725.06,-7583.11,47.52078247,-122.26101685,E,,,6.58,21.68,,,
8157416,2026-08-29T10:30:11,203.79,0.467,F,1724.89,-7583.54,47.52077866,-122.26102448,E,,,6.59,21.71,,,
8158487,2026-08-29T10:30:12,204.12,0.564,F,1724.66,-7584.04,47.52077484,-122.26102448,E,,,6.61,21.7,,,
8159577,2026-08-29T10:30:13,202.19,0.613,F,1724.41,-7584.63,47.52076721,-122.2610321,E,,,6.63,21.71,,,
8160666,2026-08-29T10:30:14,203.39,0.558,F,1724.16,-7585.25,47.5207634,-122.2610321,E,,,6.64,21.69,,,
8161756,2026-08-29T10:30:15,206.01,0.442,F,1723.94,-7585.75,47.52075958,-122.2610321,E,,,6.68,21.62,,,
8162845,2026-08-29T10:30:16,211.82,0.307,F,1723.74,-7586.1,47.52075577,-122.26103973,E,,,6.71,21.69,,,
8163934,2026-08-29T10:30:17,210.28,0.214,F,1723.59,-7586.33,47.52075195,-122.26103973,E,,,6.69,21.71,,,
8165009,2026-08-29T10:30:18,203.39,0.15,F,1723.5,-7586.5,47.52075195,-122.26103973,E,,,6.66,21.7,,,
8166078,2026-08-29T10:30:19,195.77,0.105,F,1723.46,-7586.63,47.52074814,-122.26103973,E,,,6.61,21.69,,,
8167167,2026-08-29T10:30:21,187.58,0,F,1723.45,-7586.68,47.52074814,-122.26103973,E,,,6.64,21.7,,,
8168252,2026-08-29T10:30:22,184.43,0,F,1723.45,-7586.68,47.52074814,-122.26103973,E,,,6.57,21.71,,,
8169321,2026-08-29T10:30:23,179.98,0,F,1723.45,-7586.68,47.52074814,-122.26103973,E,,,6.54,21.7,,,
8170410,2026-08-29T10:30:24,175.61,0,F,1723.45,-7586.68,47.52074814,-122.26103973,E,,,6.49,21.7,,,
8171492,2026-08-29T10:30:25,178.69,0,F,1723.45,-7586.68,47.52074814,-122.26103973,E,,,6.44,21.71,,,
8172561,2026-08-29T10:30:26,189.95,0,F,1723.45,-7586.68,47.52074814,-122.26103973,E,,,6.38,21.7,,,
8173650,2026-08-29T10:30:27,194.14,0,F,1723.45,-7586.68,47.52074814,-122.26103973,E,,,6.36,21.7,,,
8174729,2026-08-29T10:30:28,194.98,0,F,1723.45,-7586.68,47.52074814,-122.26103973,E,,,6.35,21.72,,,
8175817,2026-08-29T10:30:29,239.98,0,F,1723.45,-7586.68,47.52074814,-122.26103973,E,,,6.32,21.7,,,
8176906,2026-08-29T10:30:30,320.33,0,F,1723.45,-7586.68,47.52074814,-122.26103973,E,,,6.24,21.71,,,
8177993,2026-08-29T10:30:31,290.86,0,F,1723.45,-7586.68,47.52074814,-122.26103973,E,,,6.22,21.7,,,
8179062,2026-08-29T10:30:32,292.42,0,F,1723.45,-7586.68,47.52074814,-122.26103973,E,,,6.27,21.7,,,
8180151,2026-08-29T10:30:34,279.33,0.117,F,1723.44,-7586.68,47.52074814,-122.26103973,E,,,6.36,21.71,,,
8181236,2026-08-29T10:30:35,250.45,0.303,F,1723.21,-7586.73,47.52074814,-122.26104736,E,,,6.41,21.72,,,
8182305,2026-08-29T10:30:36,267.92,0.343,F,1722.9,-7586.81,47.52074814,-122.26104736,E,,,6.4,21.7,,,
8183394,2026-08-29T10:30:37,288.27,0.448,F,1722.48,-7586.72,47.52074814,-122.26105499,E,,,6.38,21.71,,,
8184485,2026-08-29T10:30:38,291.55,0.56,F,1721.96,-7586.51,47.52075195,-122.26106262,E,,,6.31,21.71,,,
8185555,2026-08-29T10:30:39,285.15,0.627,F,1721.36,-7586.32,47.52075195,-122.26107025,E,,,6.24,21.71,,,
8186644,2026-08-29T10:30:40,291.26,0.7,F,1720.67,-7586.12,47.52075577,-122.26107788,E,,,6.08,21.71,,,
8187725,2026-08-29T10:30:41,300.51,0.677,F,1720,-7585.76,47.52075958,-122.26108551,E,,,5.89,21.72,,,
8188815,2026-08-29T10:30:42,286.5,0.551,F,1719.39,-7585.47,47.52075958,-122.26109314,E,,,5.8,21.72,,,
8189902,2026-08-29T10:30:43,276.98,0.384,F,1718.89,-7585.39,47.52075958,-122.26110077,E,,,5.79,21.71,,,
8190981,2026-08-29T10:30:44,277.12,0.281,F,1718.54,-7585.34,47.5207634,-122.2611084,E,,,5.83,21.65,,,
8192036,2026-08-29T10:30:45,286.18,0.198,F,1718.29,-7585.29,47.5207634,-122.2611084,E,,,5.83,21.68,,,
8193109,2026-08-29T10:30:46,293.98,0.138,F,1718.12,-7585.24,47.5207634,-122.26111603,E,,,5.79,21.7,,,
8194184,2026-08-29T10:30:48,307.42,0,F,1718.03,-7585.19,47.5207634,-122.26111603,E,,,5.74,21.71,,,
8195253,2026-08-29T10:30:49,327.32,0,F,1718.03,-7585.19,47.5207634,-122.26111603,E,,,5.74,21.71,,,
8196337,2026-08-29T10:30:50,278.48,0,F,1718.03,-7585.19,47.5207634,-122.26111603,E,,,5.67,21.72,,,
8197406,2026-08-29T10:30:51,220.91,0,F,1718.03,-7585.19,47.5207634,-122.26111603,E,,,5.58,21.71,,,
8198495,2026-08-29T10:30:52,212.18,0,F,1718.03,-7585.19,47.5207634,-122.26111603,E,,,5.57,21.71,,,
8199578,2026-08-29T10:30:53,219.42,0,F,1718.03,-7585.19,47.5207634,-122.26111603,E,,,5.56,21.72,,,
8200647,2026-08-29T10:30:54,221.66,0,F,1718.03,-7585.19,47.5207634,-122.26111603,E,,,5.6,21.71,,,
8201736,2026-08-29T10:30:55,219.89,0,F,1718.03,-7585.19,47.5207634,-122.26111603,E,,,5.71,21.72,,,
8202817,2026-08-29T10:30:56,221.3,0,F,1718.03,-7585.19,47.5207634,-122.26111603,E,,,5.8,21.73,,,
8203907,2026-08-29T10:30:57,230.34,0,F,1718.03,-7585.19,47.5207634,-122.26111603,E,,,5.82,21.74,,,
8204994,2026-08-29T10:30:58,241.57,0,F,1718.03,-7585.19,47.5207634,-122.26111603,E,,,5.87,21.72,,,
8206073,2026-08-29T10:30:59,269.07,0.17,F,1717.9,-7585.22,47.5207634,-122.26111603,E,,,5.97,21.65,,,
8207161,2026-08-29T10:31:01,300.09,0.13,F,1717.73,-7585.18,47.5207634,-122.26111603,E,,,5.99,21.71,,,
8208230,2026-08-29T10:31:02,316.68,0,F,1717.67,-7585.12,47.5207634,-122.26111603,E,,,6.08,21.71,,,
8209316,2026-08-29T10:31:03,325.65,0.193,F,1717.61,-7585.04,47.5207634,-122.26111603,E,,,6.18,21.73,,,
8210385,2026-08-29T10:31:04,336.91,0.331,F,1717.48,-7584.79,47.52076721,-122.26112366,E,,,6.19,21.72,,,
8211475,2026-08-29T10:31:05,347.47,0.479,F,1717.34,-7584.37,47.52077103,-122.26112366,E,,,6.19,21.72,,,
8212559,2026-08-29T10:31:06,355.38,0.542,F,1717.27,-7583.82,47.52077484,-122.26112366,E,,,6.21,21.73,,,
8213629,2026-08-29T10:31:07,352.09,0.574,F,1717.21,-7583.23,47.52077866,-122.26112366,E,,,6.23,21.72,,,
8214702,2026-08-29T10:31:08,346,0.623,F,1717.09,-7582.6,47.52078629,-122.26112366,E,,,6.25,21.73,,,
8215759,2026-08-29T10:31:09,339.84,0.648,F,1716.9,-7581.98,47.5207901,-122.26113129,E,,,6.32,21.73,,,
8216837,2026-08-29T10:31:10,329.59,0.662,F,1716.59,-7581.34,47.52079773,-122.26113129,E,,,6.38,21.72,,,
8217918,2026-08-29T10:31:11,321.54,0.67,F,1716.18,-7580.76,47.52080154,-122.26113892,E,,,6.45,21.73,,,
8219008,2026-08-29T10:31:12,313.42,0.6,F,1715.7,-7580.25,47.52080917,-122.26114655,E,,,6.52,21.74,,,
8220095,2026-08-29T10:31:13,313.38,0.445,F,1715.29,-7579.86,47.52080917,-122.26114655,E,,,6.58,21.72,,,
8221176,2026-08-29T10:31:15,302.3,0.311,F,1714.97,-7579.62,47.52081299,-122.26115417,E,,,6.66,21.68,,,
8222238,2026-08-29T10:31:16,302.11,0.233,F,1714.73,-7579.46,47.52081299,-122.26115417,E,,,6.77,21.71,,,
8223309,2026-08-29T10:31:17,314.82,0.253,F,1714.54,-7579.31,47.5208168,-122.2611618,E,,,6.85,21.7,,,
8224378,2026-08-29T10:31:18,326.47,0.34,F,1714.33,-7579.06,47.5208168,-122.2611618,E,,,6.95,21.71,,,
8225464,2026-08-29T10:31:19,332.59,0.447,F,1714.14,-7578.68,47.52082062,-122.2611618,E,,,7.06,21.72,,,
8226532,2026-08-29T10:31:20,342.28,0.536,F,1713.94,-7578.2,47.52082443,-122.26116943,E,,,7.14,21.72,,,
8227617,2026-08-29T10:31:21,349.33,0.491,F,1713.79,-7577.64,47.52083206,-122.26116943,E,,,7.22,21.73,,,
8228705,2026-08-29T10:31:22,357.68,0.367,F,1713.73,-7577.17,47.52083588,-122.26116943,E,,,7.32,21.74,,,
8229777,2026-08-29T10:31:23,8.32,0.257,F,1713.75,-7576.84,47.52083969,-122.26116943,E,,,7.42,21.73,,,
8230846,2026-08-29T10:31:24,14.03,0.194,F,1713.8,-7576.61,47.52083969,-122.26116943,E,,,7.52,21.72,,,
8231935,2026-08-29T10:31:25,4.06,0.135,F,1713.83,-7576.44,47.52083969,-122.26116943,E,,,7.65,21.72,,,
8233016,2026-08-29T10:31:26,0.41,0,F,1713.83,-7576.33,47.52084351,-122.26116943,E,,,7.81,21.73,,,
8234106,2026-08-29T10:31:27,349.76,0,F,1713.83,-7576.33,47.52084351,-122.26116943,E,,,7.95,21.74,,,
8235193,2026-08-29T10:31:29,324.49,0,F,1713.83,-7576.33,47.52084351,-122.26116943,E,,,8.05,21.72,,,
8236272,2026-08-29T10:31:30,311.82,0,F,1713.83,-7576.33,47.52084351,-122.26116943,E,,,8.01,21.65,,,
8237360,2026-08-29T10:31:31,308.03,0,F,1713.83,-7576.33,47.52084351,-122.26116943,E,,,7.85,21.7,,,
8238429,2026-08-29T10:31:32,296.19,0,F,1713.83,-7576.33,47.52084351,-122.26116943,E,,,7.75,21.69,,,
8239515,2026-08-29T10:31:33,286.13,0,F,1713.83,-7576.33,47.52084351,-122.26116943,E,,,7.63,21.7,,,
8240584,2026-08-29T10:31:34,287.31,0,F,1713.83,-7576.33,47.52084351,-122.26116943,E,,,7.6,21.69,,,
8241673,2026-08-29T10:31:35,338.69,0.17,F,1713.81,-7576.28,47.52084351,-122.26116943,E,,,7.57,21.7,,,
8242757,2026-08-29T10:31:36,352.19,0.3,F,1713.75,-7576.03,47.52084351,-122.26116943,E,,,7.67,21.71,,,
8243826,2026-08-29T10:31:37,4.63,0.417,F,1713.74,-7575.65,47.52084732,-122.26116943,E,,,7.81,21.7,,,
8244912,2026-08-29T10:31:38,21.73,0.374,F,1713.83,-7575.23,47.52085114,-122.26116943,E,,,7.9,21.7,,,
8245994,2026-08-29T10:31:39,38.77,0.261,F,1713.99,-7574.94,47.52085495,-122.26116943,E,,,7.98,21.71,,,
8247063,2026-08-29T10:31:40,63.87,0.197,F,1714.18,-7574.78,47.52085495,-122.2611618,E,,,8.03,21.7,,,
8248152,2026-08-29T10:31:42,92.13,0.137,F,1714.35,-7574.74,47.52085495,-122.2611618,E,,,8.08,21.7,,,
8249232,2026-08-29T10:31:43,107.93,0.108,F,1714.49,-7574.77,47.52085495,-122.2611618,E,,,8.11,21.71,,,
8250320,2026-08-29T10:31:44,93.39,0.194,F,1714.61,-7574.8,47.52085495,-122.2611618,E,,,8.17,21.69,,,
8251399,2026-08-29T10:31:45,71.47,0.331,F,1714.88,-7574.76,47.52085495,-122.26115417,E,,,8.12,21.65,,,
8252462,2026-08-29T10:31:46,60.14,0.453,F,1715.27,-7574.59,47.52085876,-122.26115417,E,,,8.03,21.64,,,
8253531,2026-08-29T10:31:47,58.3,0.494,F,1715.71,-7574.31,47.52085876,-122.26114655,E,,,7.94,21.62,,,
8254617,2026-08-29T10:31:48,62.01,0.356,F,1716.11,-7574.08,47.52086258,-122.26113892,E,,,7.94,21.62,,,
8255686,2026-08-29T10:31:49,70.08,0.25,F,1716.4,-7573.95,47.52086258,-122.26113892,E,,,7.99,21.62,,,
8256775,2026-08-29T10:31:50,75.61,0.174,F,1716.62,-7573.89,47.52086258,-122.26113129,E,,,7.99,21.62,,,
8257859,2026-08-29T10:31:51,70.05,0.121,F,1716.77,-7573.83,47.52086639,-122.26113129,E,,,8.07,21.63,,,
8258928,2026-08-29T10:31:52,45.05,0,F,1716.83,-7573.81,47.52086639,-122.26113129,E,,,8.09,21.62,,,
8260017,2026-08-29T10:31:53,9.2,0,F,1716.83,-7573.81,47.52086639,-122.26113129,E,,,8.09,21.61,,,
8261099,2026-08-29T10:31:54,347.09,0,F,1716.83,-7573.81,47.52086639,-122.26113129,E,,,8.1,21.63,,,
8262168,2026-08-29T10:31:56,318.22,0,F,1716.83,-7573.81,47.52086639,-122.26113129,E,,,8.13,21.62,,,
8263257,2026-08-29T10:31:57,300.46,0,F,1716.83,-7573.81,47.52086639,-122.26113129,E,,,8.18,21.61,,,
8264337,2026-08-29T10:31:58,294.86,0,F,1716.83,-7573.81,47.52086639,-122.26113129,E,,,8.22,21.63,,,
8265416,2026-08-29T10:31:59,309.28,0.121,F,1716.82,-7573.8,47.52086639,-122.26113129,E,,,8.19,21.61,,,
8266506,2026-08-29T10:32:00,329.72,0.276,F,1716.69,-7573.62,47.52086639,-122.26113129,E,,,8.11,21.62,,,
8267593,2026-08-29T10:32:01,332.01,0.371,F,1716.51,-7573.3,47.52087021,-122.26113129,E,,,8.13,21.59,,,
8268662,2026-08-29T10:32:02,327.76,0.453,F,1716.28,-7572.92,47.52087402,-122.26113892,E,,,8.18,21.57,,,
8269751,2026-08-29T10:32:03,327.42,0.52,F,1716,-7572.46,47.52087784,-122.26113892,E,,,8.22,21.57,,,
8270836,2026-08-29T10:32:04,333.68,0.443,F,1715.75,-7572,47.52088165,-122.26114655,E,,,8.3,21.55,,,
8271905,2026-08-29T10:32:05,335.25,0.338,F,1715.56,-7571.63,47.52088547,-122.26114655,E,,,8.43,21.51,,,
8272994,2026-08-29T10:32:06,340.46,0.251,F,1715.45,-7571.34,47.52088547,-122.26114655,E,,,8.54,21.49,,,
8274077,2026-08-29T10:32:07,338,0.175,F,1715.37,-7571.12,47.52088928,-122.26114655,E,,,8.67,21.44,,,
8275155,2026-08-29T10:32:09,324.94,0.122,F,1715.3,-7570.98,47.52088928,-122.26114655,E,,,8.78,21.39,,,
8276225,2026-08-29T10:32:10,317.86,0,F,1715.26,-7570.93,47.52088928,-122.26115417,E,,,8.83,21.33,,,
8277306,2026-08-29T10:32:11,311.55,0,F,1715.26,-7570.93,47.52088928,-122.26115417,E,,,8.78,21.27,,,
8278396,2026-08-29T10:32:12,306.83,0,F,1715.26,-7570.93,47.52088928,-122.26115417,E,,,8.59,21.2,,,
8279482,2026-08-29T10:32:13,281.9,0,F,1715.26,-7570.93,47.52088928,-122.26115417,E,,,8.49,21.1,,,
8280561,2026-08-29T10:32:14,267.61,0,F,1715.26,-7570.93,47.52088928,-122.26115417,E,,,8.43,20.96,,,
8281624,2026-08-29T10:32:15,325.45,0.255,F,1715.18,-7570.84,47.5208931,-122.26115417,E,,,8.52,20.96,,,
8282721,2026-08-29T10:32:16,344.44,0.382,F,1715.05,-7570.51,47.5208931,-122.26115417,E,,,8.39,20.91,,,
8283796,2026-08-29T10:32:17,348.67,0.46,F,1714.96,-7570.05,47.52090073,-122.26115417,E,,,8.31,20.85,,,
8284865,2026-08-29T10:32:18,346.27,0.456,F,1714.84,-7569.56,47.52090454,-122.26115417,E,,,8.27,20.81,,,
8285954,2026-08-29T10:32:19,344.03,0.318,F,1714.74,-7569.16,47.52090836,-122.26115417,E,,,8.3,20.84,,,
8287038,2026-08-29T10:32:20,344.93,0.221,F,1714.65,-7568.88,47.52090836,-122.2611618,E,,,8.31,20.86,,,
8288107,2026-08-29T10:32:21,357.39,0.155,F,1714.61,-7568.69,47.52091217,-122.2611618,E,,,8.28,20.86,,,
8289196,2026-08-29T10:32:23,29.75,0.108,F,1714.64,-7568.55,47.52091217,-122.2611618,E,,,8.24,20.88,,,
8290278,2026-08-29T10:32:24,56.94,0,F,1714.66,-7568.53,47.52091217,-122.2611618,E,,,8.16,20.9,,,
8291347,2026-08-29T10:32:25,78.86,0.231,F,1714.81,-7568.47,47.52091217,-122.26115417,E,,,8.12,20.94,,,
8292436,2026-08-29T10:32:26,71.51,0.369,F,1715.12,-7568.38,47.52091217,-122.26115417,E,,,8.11,21,,,
8293516,2026-08-29T10:32:27,68,0.494,F,1715.56,-7568.22,47.52091599,-122.26114655,E,,,8.12,21.06,,,
8294604,2026-08-29T10:32:28,75.26,0.569,F,1716.1,-7568.06,47.52091599,-122.26113892,E,,,8.15,21.09,,,
8295683,2026-08-29T10:32:29,91.36,0.544,F,1716.72,-7568.04,47.52091599,-122.26113129,E,,,8.14,21.12,,,
8296752,2026-08-29T10:32:30,97.76,0.419,F,1717.24,-7568.08,47.52091599,-122.26112366,E,,,8.16,21.17,,,
8297838,2026-08-29T10:32:31,115.81,0.308,F,1717.61,-7568.17,47.52091599,-122.26111603,E,,,8.23,21.21,,,
8298907,2026-08-29T10:32:32,144.75,0.216,F,1717.82,-7568.35,47.52091599,-122.26111603,E,,,8.28,21.23,,,
8299975,2026-08-29T10:32:33,167.47,0.151,F,1717.89,-7568.52,47.52091217,-122.26111603,E,,,8.27,21.26,,,
8301044,2026-08-29T10:32:34,183.61,0.106,F,1717.91,-7568.66,47.52091217,-122.26111603,E,,,8.2,21.29,,,
8302118,2026-08-29T10:32:35,199.9,0,F,1717.9,-7568.68,47.52091217,-122.26111603,E,,,8.17,21.3,,,
8303186,2026-08-29T10:32:37,223.14,0,F,1717.9,-7568.68,47.52091217,-122.26111603,E,,,8.15,21.3,,,
8304269,2026-08-29T10:32:38,267.21,0,F,1717.9,-7568.68,47.52091217,-122.26111603,E,,,8.11,21.31,,,
8305343,2026-08-29T10:32:39,296.14,0,F,1717.9,-7568.68,47.52091217,-122.26111603,E,,,8.08,21.28,,,
8306432,2026-08-29T10:32:40,305.83,0,F,1717.9,-7568.68,47.52091217,-122.26111603,E,,,8.06,21.26,,,
8307513,2026-08-29T10:32:41,322.7,0.191,F,1717.85,-7568.61,47.52091217,-122.26111603,E,,,8,21.28,,,
8308603,2026-08-29T10:32:42,335.69,0.325,F,1717.71,-7568.36,47.52091599,-122.26111603,E,,,7.91,21.31,,,
8309690,2026-08-29T10:32:43,327.04,0.421,F,1717.51,-7568.01,47.52091599,-122.26112366,E,,,7.97,21.32,,,
8310769,2026-08-29T10:32:44,326.64,0.515,F,1717.22,-7567.59,47.5209198,-122.26112366,E,,,8.06,21.29,,,
8311865,2026-08-29T10:32:45,329.21,0.607,F,1716.89,-7567.08,47.52092743,-122.26113129,E,,,8.12,21.37,,,
8312952,2026-08-29T10:32:46,335.59,0.657,F,1716.57,-7566.47,47.52093124,-122.26113129,E,,,8.14,21.4,,,
8314040,2026-08-29T10:32:47,341.32,0.72,F,1716.29,-7565.77,47.52093887,-122.26113892,E,,,8.12,21.43,,,
8315114,2026-08-29T10:32:48,345.69,0.751,F,1716.06,-7565,47.52094269,-122.26113892,E,,,8.1,21.43,,,
8316183,2026-08-29T10:32:50,349.99,0.789,F,1715.89,-7564.2,47.52095032,-122.26113892,E,,,8.08,21.43,,,
8317272,2026-08-29T10:32:51,352.11,0.813,F,1715.77,-7563.34,47.52095795,-122.26114655,E,,,8.06,21.44,,,
8318355,2026-08-29T10:32:52,351.16,0.83,F,1715.64,-7562.45,47.52096558,-122.26114655,E,,,8.03,21.46,,,
8319425,2026-08-29T10:32:53,346.89,0.83,F,1715.48,-7561.57,47.52097321,-122.26114655,E,,,8.04,21.46,,,
8320515,2026-08-29T10:32:54,343.26,0.851,F,1715.23,-7560.67,47.52098465,-122.26115417,E,,,8,21.47,,,
8321596,2026-08-29T10:32:55,344.71,0.842,F,1714.97,-7559.78,47.52099228,-122.26115417,E,,,7.97,21.49,,,
8322686,2026-08-29T10:32:56,344.99,0.833,F,1714.73,-7558.9,47.52099991,-122.26115417,E,,,7.92,21.51,,,
8323773,2026-08-29T10:32:57,342.14,0.802,F,1714.49,-7558.04,47.52100754,-122.2611618,E,,,7.98,21.5,,,
8324852,2026-08-29T10:32:58,337.96,0.797,F,1714.21,-7557.25,47.52101517,-122.2611618,E,,,8.06,21.45,,,
8325940,2026-08-29T10:32:59,336.48,0.818,F,1713.86,-7556.45,47.5210228,-122.26116943,E,,,8.14,21.51,,,
8327009,2026-08-29T10:33:00,337.57,0.822,F,1713.52,-7555.63,47.52102661,-122.26117706,E,,,8.2,21.51,,,
8328095,2026-08-29T10:33:01,339.96,0.835,F,1713.2,-7554.79,47.52103424,-122.26117706,E,,,8.21,21.53,,,
8329164,2026-08-29T10:33:03,341.97,0.834,F,1712.91,-7553.95,47.52104187,-122.26118469,E,,,8.21,21.52,,,
8330253,2026-08-29T10:33:04,343.18,0.841,F,1712.64,-7553.07,47.52105331,-122.26118469,E,,,8.2,21.53,,,
8331337,2026-08-29T10:33:05,342.45,0.847,F,1712.37,-7552.19,47.52106094,-122.26119232,E,,,8.2,21.53,,,
8332406,2026-08-29T10:33:06,342.64,0.856,F,1712.09,-7551.31,47.52106857,-122.26119232,E,,,8.21,21.52,,,
8333495,2026-08-29T10:33:07,342.03,0.857,F,1711.81,-7550.41,47.5210762,-122.26119995,E,,,8.23,21.51,,,
8334577,2026-08-29T10:33:08,342.43,0.859,F,1711.52,-7549.51,47.52108383,-122.26119995,E,,,8.25,21.52,,,
8335648,2026-08-29T10:33:09,343.01,0.863,F,1711.25,-7548.62,47.52109146,-122.26120758,E,,,8.27,21.5,,,
8336738,2026-08-29T10:33:10,342.43,0.862,F,1710.97,-7547.72,47.52109909,-122.26120758,E,,,8.26,21.5,,,
8337818,2026-08-29T10:33:11,343.45,0.864,F,1710.69,-7546.82,47.52110672,-122.26121521,E,,,8.24,21.51,,,
8338906,2026-08-29T10:33:12,344.6,0.822,F,1710.44,-7545.94,47.52111435,-122.26121521,E,,,8.3,21.5,,,
8339985,2026-08-29T10:33:13,344.58,0.811,F,1710.21,-7545.1,47.52112198,-122.26121521,E,,,8.35,21.47,,,
8340985,2026-08-29T10:33:14,347.13,0.833,F,1710.01,-7544.31,47.52112961,-122.26122284,E,,,8.4,21.34,,,
8342036,2026-08-29T10:33:15,349.21,0.836,F,1709.83,-7543.44,47.52113724,-122.26122284,E,,,8.43,21.45,,,
8343126,2026-08-29T10:33:16,349.45,0.844,F,1709.66,-7542.53,47.52114487,-122.26122284,E,,,8.46,21.48,,,
8344212,2026-08-29T10:33:18,349.9,0.851,F,1709.49,-7541.63,47.5211525,-122.26123047,E,,,8.51,21.48,,,
8345281,2026-08-29T10:33:19,347.2,0.845,F,1709.32,-7540.74,47.52116394,-122.26123047,E,,,8.54,21.47,,,
8346371,2026-08-29T10:33:20,347.28,0.865,F,1709.11,-7539.83,47.52117157,-122.26123047,E,,,8.53,21.47,,,
8347455,2026-08-29T10:33:21,348.46,0.851,F,1708.91,-7538.93,47.5211792,-122.2612381,E,,,8.52,21.47,,,
8348524,2026-08-29T10:33:22,348.98,0.83,F,1708.73,-7538.04,47.52118683,-122.2612381,E,,,8.53,21.46,,,
8349613,2026-08-29T10:33:23,351.7,0.813,F,1708.58,-7537.16,47.52119446,-122.2612381,E,,,8.54,21.45,,,
8350695,2026-08-29T10:33:24,351.32,0.802,F,1708.46,-7536.31,47.52120209,-122.2612381,E,,,8.55,21.45,,,
8351764,2026-08-29T10:33:25,349.37,0.784,F,1708.32,-7535.47,47.52120972,-122.26124573,E,,,8.56,21.43,,,
8352853,2026-08-29T10:33:26,347.96,0.769,F,1708.16,-7534.66,47.52121735,-122.26124573,E,,,8.58,21.43,,,
8353933,2026-08-29T10:33:27,345.37,0.772,F,1707.96,-7533.86,47.52122498,-122.26124573,E,,,8.6,21.44,,,
8355021,2026-08-29T10:33:28,344.52,0.757,F,1707.75,-7533.06,47.5212326,-122.26125336,E,,,8.6,21.41,,,
8356100,2026-08-29T10:33:29,345.07,0.749,F,1707.53,-7532.27,47.52123642,-122.26125336,E,,,8.59,21.39,,,
8357169,2026-08-29T10:33:31,345.46,0.747,F,1707.33,-7531.49,47.52124405,-122.26125336,E,,,8.58,21.4,,,
8358255,2026-08-29T10:33:32,345.61,0.727,F,1707.13,-7530.71,47.52125168,-122.26126099,E,,,8.56,21.41,,,
8359325,2026-08-29T10:33:33,346.34,0.718,F,1706.94,-7529.97,47.52125931,-122.26126099,E,,,8.57,21.4,,,
8360393,2026-08-29T10:33:34,346.05,0.696,F,1706.77,-7529.24,47.52126694,-122.26126099,E,,,8.57,21.4,,,
8361462,2026-08-29T10:33:35,346.32,0.709,F,1706.59,-7528.51,47.52127075,-122.26126862,E,,,8.57,21.42,,,
8362536,2026-08-29T10:33:36,343.92,0.706,F,1706.4,-7527.78,47.52127838,-122.26126862,E,,,8.58,21.41,,,
8363604,2026-08-29T10:33:37,339.67,0.689,F,1706.17,-7527.08,47.52128601,-122.26126862,E,,,8.59,21.39,,,
8364687,2026-08-29T10:33:38,335.42,0.671,F,1705.88,-7526.39,47.52128983,-122.26127625,E,,,8.64,21.4,,,
8365757,2026-08-29T10:33:39,331.2,0.622,F,1705.56,-7525.78,47.52129745,-122.26127625,E,,,8.67,21.38,,,
8366847,2026-08-29T10:33:40,331.73,0.613,F,1705.24,-7525.2,47.52130127,-122.26128387,E,,,8.67,21.38,,,
8367928,2026-08-29T10:33:41,329.15,0.622,F,1704.92,-7524.62,47.5213089,-122.2612915,E,,,8.69,21.38,,,
8369018,2026-08-29T10:33:42,328.32,0.656,F,1704.56,-7524.03,47.52131271,-122.2612915,E,,,8.69,21.37,,,
8370105,2026-08-29T10:33:43,331.89,0.693,F,1704.21,-7523.39,47.52131653,-122.26129913,E,,,8.65,21.31,,,
8371184,2026-08-29T10:33:45,332.42,0.735,F,1703.85,-7522.72,47.52132416,-122.26129913,E,,,8.6,21.22,,,
8372258,2026-08-29T10:33:46,332.4,0.765,F,1703.48,-7522,47.52133179,-122.26130676,E,,,8.55,21.26,,,
8373336,2026-08-29T10:33:47,336.23,0.798,F,1703.11,-7521.25,47.5213356,-122.26131439,E,,,8.5,21.29,,,
8374422,2026-08-29T10:33:48,334.62,0.834,F,1702.75,-7520.45,47.52134323,-122.26131439,E,,,8.46,21.3,,,
8375491,2026-08-29T10:33:49,336.62,0.862,F,1702.38,-7519.62,47.52135086,-122.26132202,E,,,8.4,21.31,,,
8376581,2026-08-29T10:33:50,336.09,0.904,F,1702,-7518.74,47.52135849,-122.26132965,E,,,8.39,21.33,,,
8377665,2026-08-29T10:33:51,333.21,0.935,F,1701.57,-7517.84,47.52136612,-122.26132965,E,,,8.39,21.35,,,
8378734,2026-08-29T10:33:52,329.86,0.96,F,1701.1,-7516.95,47.52137756,-122.26133728,E,,,8.39,21.35,,,
8379823,2026-08-29T10:33:53,326.11,0.972,F,1700.53,-7516.05,47.52138519,-122.26134491,E,,,8.36,21.37,,,
8380905,2026-08-29T10:33:54,326.48,0.981,F,1699.94,-7515.17,47.52139282,-122.26135254,E,,,8.31,21.38,,,
8381974,2026-08-29T10:33:55,322.74,0.993,F,1699.34,-7514.31,47.52140045,-122.26136017,E,,,8.25,21.37,,,
8383063,2026-08-29T10:33:56,326.48,0.965,F,1698.69,-7513.45,47.52140808,-122.2613678,E,,,8.24,21.38,,,
8384143,2026-08-29T10:33:57,327.15,0.976,F,1698.12,-7512.56,47.52141571,-122.26137543,E,,,8.2,21.4,,,
8385231,2026-08-29T10:33:59,320.26,0.967,F,1697.5,-7511.69,47.52142334,-122.26139069,E,,,8.23,21.4,,,
8386310,2026-08-29T10:34:00,320.81,0.98,F,1696.83,-7510.89,47.52143097,-122.26139832,E,,,8.3,21.4,,,
8387379,2026-08-29T10:34:01,321.55,1.005,F,1696.17,-7510.06,47.5214386,-122.26140594,E,,,8.35,21.42,,,
8388465,2026-08-29T10:34:02,325.68,1.005,F,1695.52,-7509.18,47.52144623,-122.26141357,E,,,8.37,21.44,,,
8389534,2026-08-29T10:34:03,328.88,1.01,F,1694.95,-7508.28,47.52145386,-122.2614212,E,,,8.34,21.43,,,
8390602,2026-08-29T10:34:04,331.06,1,F,1694.41,-7507.35,47.52146149,-122.26142883,E,,,8.24,21.44,,,
8391671,2026-08-29T10:34:05,329.61,0.962,F,1693.89,-7506.43,47.52146912,-122.26143646,E,,,8.16,21.46,,,
8392745,2026-08-29T10:34:06,327.52,0.949,F,1693.35,-7505.56,47.52147675,-122.26144409,E,,,8.12,21.46,,,
8393813,2026-08-29T10:34:07,333.36,0.939,F,1692.83,-7504.68,47.52148438,-122.26145172,E,,,8.07,21.47,,,
8394887,2026-08-29T10:34:08,331.99,0.932,F,1692.38,-7503.79,47.52149582,-122.26145172,E,,,8.03,21.5,,,
8395964,2026-08-29T10:34:09,329.51,0.941,F,1691.87,-7502.91,47.52150345,-122.26145935,E,,,8.02,21.5,,,
8397034,2026-08-29T10:34:10,330.59,0.948,F,1691.36,-7502.02,47.52151108,-122.26146698,E,,,8.02,21.51,,,
8398115,2026-08-29T10:34:11,333.55,0.951,F,1690.88,-7501.11,47.52151871,-122.26147461,E,,,7.98,21.53,,,
8399205,2026-08-29T10:34:13,335.01,0.951,F,1690.43,-7500.18,47.52152634,-122.26148224,E,,,7.92,21.56,,,
8400292,2026-08-29T10:34:14,336.92,0.952,F,1690,-7499.22,47.52153397,-122.26148987,E,,,7.87,21.55,,,
8401353,2026-08-29T10:34:15,336.33,0.946,F,1689.6,-7498.29,47.5215416,-122.26148987,E,,,7.8,21.49,,,
8402407,2026-08-29T10:34:16,337.73,0.901,F,1689.22,-7497.4,47.52155304,-122.2614975,E,,,7.73,21.55,,,
8403481,2026-08-29T10:34:17,336.67,0.879,F,1688.86,-7496.51,47.52156067,-122.26150513,E,,,7.68,21.57,,,
8404556,2026-08-29T10:34:18,329.12,0.85,F,1688.43,-7495.69,47.5215683,-122.26150513,E,,,7.78,21.59,,,
8405625,2026-08-29T10:34:19,325.8,0.875,F,1687.93,-7494.92,47.52157211,-122.26151276,E,,,7.89,21.6,,,
8406710,2026-08-29T10:34:20,332.19,0.872,F,1687.43,-7494.12,47.52157974,-122.26152039,E,,,7.93,21.62,,,
8407779,2026-08-29T10:34:21,334.27,0.798,F,1687.03,-7493.3,47.52158737,-122.26152802,E,,,7.98,21.62,,,
8408868,2026-08-29T10:34:22,327.53,0.608,F,1686.65,-7492.63,47.521595,-122.26152802,E,,,8.05,21.63,,,
8409951,2026-08-29T10:34:23,333.02,0.542,F,1686.36,-7492.1,47.52159882,-122.26153564,E,,,8.15,21.64,,,
8411020,2026-08-29T10:34:24,337.8,0.616,F,1686.11,-7491.54,47.52160263,-122.26153564,E,,,8.13,21.63,,,
8412109,2026-08-29T10:34:25,336.88,0.665,F,1685.85,-7490.9,47.52161026,-122.26154327,E,,,8.08,21.63,,,
8413190,2026-08-29T10:34:27,331.74,0.686,F,1685.54,-7490.24,47.52161407,-122.26154327,E,,,8.05,21.64,,,
8414280,2026-08-29T10:34:28,328,0.714,F,1685.17,-7489.6,47.5216217,-122.2615509,E,,,7.99,21.65,,,
8415367,2026-08-29T10:34:29,323.72,0.732,F,1684.72,-7488.96,47.52162552,-122.26155853,E,,,7.94,21.63,,,
8416446,2026-08-29T10:34:30,321.59,0.748,F,1684.24,-7488.33,47.52163315,-122.26156616,E,,,7.91,21.57,,,
8417534,2026-08-29T10:34:31,322.36,0.756,F,1683.74,-7487.69,47.52163696,-122.26157379,E,,,7.9,21.63,,,
8418603,2026-08-29T10:34:32,324.5,0.779,F,1683.25,-7487.03,47.52164459,-122.26157379,E,,,7.87,21.64,,,
8419689,2026-08-29T10:34:33,329.74,0.792,F,1682.8,-7486.3,47.52165222,-122.26158142,E,,,7.83,21.65,,,
8420758,2026-08-29T10:34:34,332.97,0.804,F,1682.39,-7485.56,47.52165604,-122.26158905,E,,,7.78,21.65,,,
8421847,2026-08-29T10:34:35,334.82,0.821,F,1681.99,-7484.76,47.52166367,-122.26159668,E,,,7.74,21.66,,,
8422931,2026-08-29T10:34:36,335.39,0.834,F,1681.62,-7483.95,47.5216713,-122.26159668,E,,,7.67,21.67,,,
8424000,2026-08-29T10:34:37,336.07,0.833,F,1681.25,-7483.13,47.52167892,-122.26160431,E,,,7.62,21.67,,,
8425089,2026-08-29T10:34:38,333.69,0.839,F,1680.86,-7482.28,47.52168655,-122.26161194,E,,,7.59,21.68,,,
8426161,2026-08-29T10:34:40,333.86,0.82,F,1680.46,-7481.48,47.52169418,-122.26161194,E,,,7.61,21.7,,,
8427232,2026-08-29T10:34:41,336,0.809,F,1680.08,-7480.7,47.52170181,-122.26161957,E,,,7.65,21.69,,,
8428300,2026-08-29T10:34:42,332.33,0.814,F,1679.71,-7479.91,47.52170944,-122.2616272,E,,,7.7,21.68,,,
8429381,2026-08-29T10:34:43,335.64,0.816,F,1679.32,-7479.12,47.52171707,-122.2616272,E,,,7.68,21.7,,,
8430470,2026-08-29T10:34:44,337.05,0.817,F,1678.96,-7478.32,47.5217247,-122.26163483,E,,,7.64,21.71,,,
8431550,2026-08-29T10:34:45,337.48,0.82,F,1678.63,-7477.52,47.52172852,-122.26163483,E,,,7.62,21.68,,,
8432625,2026-08-29T10:34:46,337.14,0.838,F,1678.28,-7476.7,47.52173615,-122.26164246,E,,,7.58,21.68,,,
8433714,2026-08-29T10:34:47,336.78,0.832,F,1677.93,-7475.85,47.52174377,-122.26165009,E,,,7.54,21.7,,,
8434800,2026-08-29T10:34:48,337.05,0.828,F,1677.56,-7475.03,47.5217514,-122.26165009,E,,,7.51,21.7,,,
8435869,2026-08-29T10:34:49,335.35,0.815,F,1677.21,-7474.23,47.52175903,-122.26165771,E,,,7.47,21.7,,,
8436958,2026-08-29T10:34:50,335.75,0.802,F,1676.84,-7473.43,47.52176666,-122.26166534,E,,,7.41,21.71,,,
8438042,2026-08-29T10:34:51,335.99,0.766,F,1676.5,-7472.65,47.52177429,-122.26166534,E,,,7.38,21.71,,,
8439111,2026-08-29T10:34:52,334.49,0.742,F,1676.17,-7471.91,47.52178192,-122.26167297,E,,,7.4,21.71,,,
8440200,2026-08-29T10:34:54,339.69,0.751,F,1675.86,-7471.17,47.52178574,-122.26167297,E,,,7.32,21.71,,,
8441282,2026-08-29T10:34:55,339.73,0.732,F,1675.58,-7470.42,47.52179337,-122.2616806,E,,,7.21,21.72,,,
8442351,2026-08-29T10:34:56,337.13,0.72,F,1675.3,-7469.7,47.52180099,-122.2616806,E,,,7.13,21.71,,,
8443440,2026-08-29T10:34:57,330.52,0.722,F,1674.95,-7469,47.52180481,-122.26168823,E,,,7.04,21.72,,,
8444520,2026-08-29T10:34:58,327.3,0.712,F,1674.55,-7468.34,47.52181244,-122.26169586,E,,,6.99,21.72,,,
8445608,2026-08-29T10:34:59,323.43,0.733,F,1674.1,-7467.7,47.52182007,-122.26169586,E,,,6.95,21.71,,,
8446687,2026-08-29T10:35:00,321.54,0.746,F,1673.6,-7467.07,47.52182388,-122.26170349,E,,,6.91,21.7,,,
8447756,2026-08-29T10:35:01,319.77,0.757,F,1673.08,-7466.45,47.5218277,-122.26171112,E,,,6.92,21.71,,,
8448842,2026-08-29T10:35:02,324.17,0.76,F,1672.58,-7465.79,47.52183533,-122.26171875,E,,,6.9,21.72,,,
8449911,2026-08-29T10:35:03,325.7,0.765,F,1672.11,-7465.11,47.52184296,-122.26172638,E,,,6.88,21.72,,,
8450979,2026-08-29T10:35:04,330.51,0.771,F,1671.68,-7464.41,47.52184677,-122.26173401,E,,,6.83,21.72,,,
8452048,2026-08-29T10:35:05,333.81,0.773,F,1671.28,-7463.68,47.5218544,-122.26173401,E,,,6.75,21.74,,,
8453122,2026-08-29T10:35:06,335.72,0.776,F,1670.94,-7462.92,47.52186203,-122.26174164,E,,,6.66,21.73,,,
8454190,2026-08-29T10:35:08,331.75,0.781,F,1670.58,-7462.19,47.52186966,-122.26174927,E,,,6.62,21.72,,,
8455273,2026-08-29T10:35:09,328.8,0.794,F,1670.15,-7461.45,47.52187347,-122.26174927,E,,,6.59,21.73,,,
8456351,2026-08-29T10:35:10,329.51,0.79,F,1669.72,-7460.72,47.5218811,-122.2617569,E,,,6.54,21.73,,,
8457440,2026-08-29T10:35:11,330.61,0.799,F,1669.3,-7459.97,47.52188873,-122.26176453,E,,,6.52,21.74,,,
8458510,2026-08-29T10:35:12,332.2,0.811,F,1668.89,-7459.22,47.52189636,-122.26176453,E,,,6.49,21.74,,,
8459600,2026-08-29T10:35:13,331.17,0.826,F,1668.48,-7458.43,47.52190018,-122.26177216,E,,,6.47,21.75,,,
8460687,2026-08-29T10:35:14,325.96,0.852,F,1667.99,-7457.65,47.52190781,-122.26177979,E,,,6.5,21.73,,,
8461770,2026-08-29T10:35:15,326.84,0.872,F,1667.48,-7456.88,47.52191544,-122.26178741,E,,,6.48,21.68,,,
8462840,2026-08-29T10:35:16,327.67,0.798,F,1666.98,-7456.11,47.52192307,-122.26179504,E,,,6.45,21.71,,,
8463929,2026-08-29T10:35:17,329.44,0.739,F,1666.54,-7455.42,47.52192688,-122.26180267,E,,,6.39,21.73,,,
8465015,2026-08-29T10:35:18,338.39,0.775,F,1666.18,-7454.67,47.52193451,-122.26180267,E,,,6.1,21.73,,,
8466084,2026-08-29T10:35:19,342.56,0.675,F,1665.92,-7453.92,47.52194214,-122.2618103,E,,,5.86,21.72,,,
8467173,2026-08-29T10:35:21,339.51,0.51,F,1665.71,-7453.31,47.52194595,-122.2618103,E,,,5.69,21.73,,,
8468257,2026-08-29T10:35:22,335.08,0.368,F,1665.53,-7452.87,47.52194977,-122.2618103,E,,,5.68,21.74,,,
8469326,2026-08-29T10:35:23,316.07,0.274,F,1665.35,-7452.59,47.52195358,-122.26181793,E,,,5.58,21.73,,,
8470415,2026-08-29T10:35:24,283.32,0.206,F,1665.12,-7452.5,47.52195358,-122.26181793,E,,,5.22,21.73,,,
8471497,2026-08-29T10:35:25,290.45,0.225,F,1664.9,-7452.41,47.5219574,-122.26181793,E,,,4.98,21.74,,,
8472566,2026-08-29T10:35:26,297.5,0.183,F,1664.7,-7452.31,47.5219574,-122.26182556,E,,,4.76,21.73,,,
8473655,2026-08-29T10:35:27,302.2,0.127,F,1664.55,-7452.22,47.5219574,-122.26182556,E,,,4.59,21.72,,,
8474735,2026-08-29T10:35:28,298.47,0.105,F,1664.48,-7452.19,47.5219574,-122.26182556,E,,,4.4,21.74,Arrive at Snickerdoodle,,
8475823,2026-08-29T10:35:29,281.09,0,F,1664.38,-7452.15,47.5219574,-122.26182556,E,,,4.28,21.72,Actual position,,
8476902,2026-08-29T10:35:30,284.84,0,F,1664.38,-7452.15,47.5219574,-122.26182556,E,,,4.22,21.71,,47.52253,-122.2603
8477971,2026-08-29T10:35:31,291.72,0,F,1664.38,-7452.15,47.5219574,-122.26182556,E,,,4.2,21.72,,,
8479057,2026-08-29T10:35:32,278.56,0,F,1664.38,-7452.15,47.5219574,-122.26182556,E,,,4.19,21.73,,,
8480126,2026-08-29T10:35:33,266.17,0,F,1664.38,-7452.15,47.5219574,-122.26182556,E,,,4.2,21.72,,,
8481194,2026-08-29T10:35:35,272.78,0,F,1664.38,-7452.15,47.5219574,-122.26182556,E,,,4.25,21.73,,,
8482263,2026-08-29T10:35:36,278.94,0,F,1664.38,-7452.15,47.5219574,-122.26182556,E,,,4.3,21.75,,,
8483337,2026-08-29T10:35:37,280.69,0,F,1664.38,-7452.15,47.5219574,-122.26182556,E,,,4.39,21.74,,,
8484405,2026-08-29T10:35:38,277.96,0,F,1664.38,-7452.15,47.5219574,-122.26182556,E,,,4.45,21.73,,,
8485488,2026-08-29T10:35:39,293.25,0,F,1664.38,-7452.15,47.5219574,-122.26182556,E,,,4.52,21.74,,,
8486564,2026-08-29T10:35:40,312.64,0,F,1664.38,-7452.15,47.5219574,-122.26182556,E,,,4.63,21.73,,,
8487633,2026-08-29T10:35:41,333.11,0,F,1664.38,-7452.15,47.5219574,-122.26182556,E,,,4.7,21.75,,,
8488704,2026-08-29T10:35:42,343.51,0,F,1664.38,-7452.15,47.5219574,-122.26182556,E,,,4.78,21.75,,,
8489793,2026-08-29T10:35:43,347.32,0,F,1664.38,-7452.15,47.5219574,-122.26182556,E,,,4.78,21.76,,,
8490882,2026-08-29T10:35:44,334.63,0,F,1664.38,-7452.15,47.5219574,-122.26182556,E,,,4.76,21.73,,,
8491973,2026-08-29T10:35:45,294.52,0,F,1664.38,-7452.15,47.5219574,-122.26182556,E,,,4.73,21.71,,,
8493042,2026-08-29T10:35:46,278.69,0,F,1664.38,-7452.15,47.5219574,-122.26182556,E,,,4.79,21.72,,,
8494129,2026-08-29T10:35:47,283.06,0,F,1664.38,-7452.15,47.5219574,-122.26182556,E,,,4.79,21.74,,,
8495198,2026-08-29T10:35:49,296.8,0,F,1664.38,-7452.15,47.5219574,-122.26182556,E,,,4.8,21.73,,,
8496287,2026-08-29T10:35:50,286.06,0,F,1664.38,-7452.15,47.5219574,-122.26182556,E,,,4.82,21.74,,,
8497372,2026-08-29T10:35:51,299.66,0,F,1664.38,-7452.15,47.5219574,-122.26182556,E,,,4.82,21.75,,,
8498441,2026-08-29T10:35:52,318.58,0,F,1664.38,-7452.15,47.5219574,-122.26182556,E,,,4.79,21.74,,,
8499530,2026-08-29T10:35:53,343.41,0,F,1664.38,-7452.15,47.5219574,-122.26182556,E,,,4.78,21.74,,,
8500613,2026-08-29T10:35:54,355.82,0,F,1664.38,-7452.15,47.5219574,-122.26182556,E,,,4.84,21.75,,,
8501682,2026-08-29T10:35:55,10.83,0,F,1664.38,-7452.15,47.5219574,-122.26182556,E,,,4.88,21.74,,,
8502771,2026-08-29T10:35:56,20.58,0,F,1664.38,-7452.15,47.5219574,-122.26182556,E,,,4.94,21.74,,,
8503852,2026-08-29T10:35:57,21.76,0,F,1664.38,-7452.15,47.5219574,-122.26182556,E,,,4.96,21.75,,,
8504942,2026-08-29T10:35:58,22.29,0,F,1664.38,-7452.15,47.5219574,-122.26182556,E,,,4.91,21.76,,,
8506029,2026-08-29T10:35:59,16.27,0,F,1664.38,-7452.15,47.5219574,-122.26182556,E,,,4.92,21.74,,,
8507108,2026-08-29T10:36:00,15.56,0,F,1664.38,-7452.15,47.5219574,-122.26182556,E,,,4.94,21.68,,,
8508195,2026-08-29T10:36:02,21.25,0,F,1664.38,-7452.15,47.5219574,-122.26182556,E,,,4.99,21.73,,,
8509264,2026-08-29T10:36:03,28.71,0,F,1664.38,-7452.15,47.5219574,-122.26182556,E,,,5.05,21.73,,,
8510350,2026-08-29T10:36:04,36.02,0,F,1664.38,-7452.15,47.5219574,-122.26182556,E,,,5.12,21.75,,,
8511419,2026-08-29T10:36:05,34.63,0,F,1664.38,-7452.15,47.5219574,-122.26182556,E,,,5.2,21.74,,,
8512508,2026-08-29T10:36:06,37.81,0,F,1664.38,-7452.15,47.5219574,-122.26182556,E,,,5.23,21.74,,,
8513592,2026-08-29T10:36:07,37.09,0,F,1664.38,-7452.15,47.5219574,-122.26182556,E,,,5.3,21.75,,,
8514661,2026-08-29T10:36:08,40.81,0,F,1664.38,-7452.15,47.5219574,-122.26182556,E,,,5.33,21.74,,,
8515750,2026-08-29T10:36:09,47.56,0,F,1664.38,-7452.15,47.5219574,-122.26182556,E,,,5.35,21.74,,,
8516834,2026-08-29T10:36:10,57.88,0,F,1664.38,-7452.15,47.5219574,-122.26182556,E,,,5.29,21.75,,,
8517903,2026-08-29T10:36:11,70.48,0.101,F,1664.41,-7452.13,47.5219574,-122.26182556,E,,,5.19,21.74,,,
8518992,2026-08-29T10:36:12,74.37,0,F,1664.48,-7452.11,47.5219574,-122.26182556,E,,,5.16,21.74,,,
8520072,2026-08-29T10:36:13,62.99,0,F,1664.48,-7452.11,47.5219574,-122.26182556,E,,,5.17,21.75,,,
8521147,2026-08-29T10:36:15,51.4,0,F,1664.54,-7452.07,47.5219574,-122.26182556,E,,,5.2,21.69,,,
8522221,2026-08-29T10:36:16,42.84,0,F,1664.54,-7452.07,47.5219574,-122.26182556,E,,,5.25,21.58,,,
8523310,2026-08-29T10:36:17,38.59,0,F,1664.54,-7452.07,47.5219574,-122.26182556,E,,,5.3,21.74,,,
8524379,2026-08-29T10:36:18,32.03,0,F,1664.54,-7452.07,47.5219574,-122.26182556,E,,,5.33,21.73,,,
8525452,2026-08-29T10:36:19,26.98,0,F,1664.54,-7452.07,47.5219574,-122.26182556,E,,,5.3,21.75,,,
8526526,2026-08-29T10:36:20,7.66,0,F,1664.54,-7452.07,47.5219574,-122.26182556,E,,,5.31,21.75,,,
8527595,2026-08-29T10:36:21,345.22,0,F,1664.54,-7452.07,47.5219574,-122.26182556,E,,,5.3,21.73,,,
8528679,2026-08-29T10:36:22,328.64,0,F,1664.54,-7452.07,47.5219574,-122.26182556,E,,,5.32,21.75,,,
8529748,2026-08-29T10:36:23,319.22,0,F,1664.54,-7452.07,47.5219574,-122.26182556,E,,,5.34,21.74,,,
8530837,2026-08-29T10:36:24,300.38,0,F,1664.54,-7452.07,47.5219574,-122.26182556,E,,,5.31,21.74,,,
8531919,2026-08-29T10:36:25,298.13,0,F,1664.54,-7452.07,47.5219574,-122.26182556,E,,,5.28,21.75,,,
8532988,2026-08-29T10:36:26,274.9,0,F,1664.54,-7452.07,47.5219574,-122.26182556,E,,,5.27,21.74,,,
8534077,2026-08-29T10:36:27,271.87,0,F,1664.54,-7452.07,47.5219574,-122.26182556,E,,,5.26,21.74,,,
8535157,2026-08-29T10:36:29,266.8,0,F,1664.54,-7452.07,47.5219574,-122.26182556,E,,,5.29,21.75,,,
8536245,2026-08-29T10:36:30,274.11,0,F,1664.54,-7452.07,47.5219574,-122.26182556,E,,,5.33,21.74,,,
8537324,2026-08-29T10:36:31,284.74,0,F,1664.54,-7452.07,47.5219574,-122.26182556,E,,,5.36,21.72,,,
8538393,2026-08-29T10:36:32,284.7,0,F,1664.54,-7452.07,47.5219574,-122.26182556,E,,,5.4,21.73,,,
8539479,2026-08-29T10:36:33,280.84,0,F,1664.54,-7452.07,47.5219574,-122.26182556,E,,,5.4,21.74,,,
8540548,2026-08-29T10:36:34,257.61,0,F,1664.54,-7452.07,47.5219574,-122.26182556,E,,,5.46,21.74,,,
8541616,2026-08-29T10:36:35,245.57,0,F,1664.54,-7452.07,47.5219574,-122.26182556,E,,,5.51,21.74,,,
8542685,2026-08-29T10:36:36,245.94,0,F,1664.54,-7452.07,47.5219574,-122.26182556,E,,,5.56,21.76,,,
8543759,2026-08-29T10:36:37,243.65,0,F,1664.54,-7452.07,47.5219574,-122.26182556,E,,,5.59,21.75,,,
8544827,2026-08-29T10:36:38,239.25,0,F,1664.54,-7452.07,47.5219574,-122.26182556,E,,,5.62,21.74,,,
8545910,2026-08-29T10:36:39,242.77,0,F,1664.54,-7452.07,47.5219574,-122.26182556,E,,,5.6,21.75,,,
8546992,2026-08-29T10:36:40,270.75,0,F,1664.54,-7452.07,47.5219574,-122.26182556,E,,,5.55,21.75,,,
8548061,2026-08-29T10:36:41,278.64,0,F,1664.54,-7452.07,47.5219574,-122.26182556,E,,,5.47,21.74,,,
8549142,2026-08-29T10:36:42,270.29,0,F,1664.54,-7452.07,47.5219574,-122.26182556,E,,,5.41,21.75,,,
8550232,2026-08-29T10:36:44,259.72,0,F,1664.54,-7452.07,47.5219574,-122.26182556,E,,,5.38,21.76,,,
8551319,2026-08-29T10:36:45,243.62,0,F,1664.54,-7452.07,47.5219574,-122.26182556,E,,,5.36,21.74,,,
8552398,2026-08-29T10:36:46,240.44,0,F,1664.54,-7452.07,47.5219574,-122.26182556,E,,,5.35,21.68,,,
8553486,2026-08-29T10:36:47,240.9,0,F,1664.54,-7452.07,47.5219574,-122.26182556,E,,,5.37,21.73,,,
8554555,2026-08-29T10:36:48,232.96,0,F,1664.54,-7452.07,47.5219574,-122.26182556,E,,,5.4,21.73,,,
8555641,2026-08-29T10:36:49,233.33,0,F,1664.54,-7452.07,47.5219574,-122.26182556,E,,,5.44,21.75,,,
8556710,2026-08-29T10:36:50,240.07,0,F,1664.54,-7452.07,47.5219574,-122.26182556,E,,,5.5,21.74,,,
8557799,2026-08-29T10:36:51,243.09,0,F,1664.54,-7452.07,47.5219574,-122.26182556,E,,,5.55,21.74,,,
8558883,2026-08-29T10:36:52,243.55,0,F,1664.54,-7452.07,47.5219574,-122.26182556,E,,,5.58,21.75,,,
8559952,2026-08-29T10:36:53,253.16,0,F,1664.54,-7452.07,47.5219574,-122.26182556,E,,,5.57,21.74,,,
8561041,2026-08-29T10:36:54,249.93,0,F,1664.54,-7452.07,47.5219574,-122.26182556,E,,,5.58,21.74,,,
8562123,2026-08-29T10:36:55,250.06,0,F,1664.54,-7452.07,47.5219574,-122.26182556,E,,,5.58,21.75,,,
8563192,2026-08-29T10:36:57,258.15,0,F,1664.54,-7452.07,47.5219574,-122.26182556,E,,,5.54,21.74,,,
8564281,2026-08-29T10:36:58,251.79,0.11,F,1664.5,-7452.08,47.5219574,-122.26182556,E,,,5.42,21.74,,,
8565361,2026-08-29T10:36:59,250.34,0,F,1664.43,-7452.11,47.5219574,-122.26182556,E,,,5.39,21.75,,,
8566449,2026-08-29T10:37:00,248.31,0,F,1664.42,-7452.12,47.5219574,-122.26182556,E,,,5.4,21.73,,,
8567528,2026-08-29T10:37:01,244.23,0.119,F,1664.37,-7452.14,47.5219574,-122.26182556,E,,,5.37,21.72,,,
8568597,2026-08-29T10:37:02,238.99,0.124,F,1664.25,-7452.2,47.5219574,-122.26183319,E,,,5.37,21.72,,,
8569683,2026-08-29T10:37:03,244.17,0,F,1664.19,-7452.23,47.5219574,-122.26183319,E,,,5.39,21.74,,,
8570752,2026-08-29T10:37:04,254.11,0,F,1664.19,-7452.23,47.5219574,-122.26183319,E,,,5.42,21.73,,,
8571820,2026-08-29T10:37:05,250.76,0,F,1664.19,-7452.23,47.5219574,-122.26183319,E,,,5.44,21.73,,,
8572889,2026-08-29T10:37:06,247.89,0,F,1664.19,-7452.23,47.5219574,-122.26183319,E,,,5.48,21.75,,,
8573963,2026-08-29T10:37:07,256.89,0,F,1664.19,-7452.23,47.5219574,-122.26183319,E,,,5.5,21.74,,,
8575031,2026-08-29T10:37:08,256.78,0,F,1664.19,-7452.23,47.5219574,-122.26183319,E,,,5.54,21.74,,,
8576114,2026-08-29T10:37:09,251.55,0,F,1664.19,-7452.23,47.5219574,-122.26183319,E,,,5.6,21.75,,,
8577194,2026-08-29T10:37:11,249.51,0,F,1664.19,-7452.23,47.5219574,-122.26183319,E,,,5.66,21.73,,,
8578263,2026-08-29T10:37:12,254.99,0,F,1664.19,-7452.23,47.5219574,-122.26183319,E,,,5.74,21.76,,,
8579334,2026-08-29T10:37:13,263.37,0,F,1664.19,-7452.23,47.5219574,-122.26183319,E,,,5.8,21.75,,,
8580423,2026-08-29T10:37:14,267.22,0,F,1664.19,-7452.23,47.5219574,-122.26183319,E,,,5.84,21.76,,,
8581431,2026-08-29T10:37:15,266.59,0,F,1664.19,-7452.23,47.5219574,-122.26183319,E,,,5.87,21.71,,,
8582509,2026-08-29T10:37:16,251.16,0,F,1664.19,-7452.23,47.5219574,-122.26183319,E,,,5.91,21.75,,,
8583598,2026-08-29T10:37:17,237.39,0,F,1664.19,-7452.23,47.5219574,-122.26183319,E,,,5.9,21.73,,,
8584687,2026-08-29T10:37:18,221.85,0,F,1664.19,-7452.23,47.5219574,-122.26183319,E,,,5.92,21.73,,,
8585775,2026-08-29T10:37:19,199.9,0,F,1664.19,-7452.23,47.5219574,-122.26183319,E,,,5.92,21.75,,,
8586850,2026-08-29T10:37:20,191.21,0,F,1664.19,-7452.23,47.5219574,-122.26183319,E,,,5.98,21.74,,,
8587919,2026-08-29T10:37:21,161.34,0,F,1664.19,-7452.23,47.5219574,-122.26183319,E,,,6.01,21.73,,,
8589008,2026-08-29T10:37:22,103.16,0,F,1664.19,-7452.23,47.5219574,-122.26183319,E,,,5.97,21.74,,,
8590092,2026-08-29T10:37:23,61.12,0,F,1664.19,-7452.23,47.5219574,-122.26183319,E,,,5.81,21.75,,,
8591161,2026-08-29T10:37:25,46.55,0,F,1664.19,-7452.23,47.5219574,-122.26183319,E,,,5.76,21.73,,,
8592250,2026-08-29T10:37:26,47.78,0,F,1664.19,-7452.23,47.5219574,-122.26183319,E,,,5.71,21.73,,,
8593333,2026-08-29T10:37:27,43.4,0,F,1664.19,-7452.23,47.5219574,-122.26183319,E,,,5.65,21.74,,,
8594402,2026-08-29T10:37:28,57.56,0,F,1664.19,-7452.23,47.5219574,-122.26183319,E,,,5.44,21.73,,,
8595491,2026-08-29T10:37:29,65.19,0,F,1664.19,-7452.23,47.5219574,-122.26183319,E,,,5.39,21.73,,,
8596571,2026-08-29T10:37:30,75.32,0,F,1664.19,-7452.23,47.5219574,-122.26183319,E,,,5.32,21.75,,,
8597659,2026-08-29T10:37:31,74.56,0,F,1664.19,-7452.23,47.5219574,-122.26183319,E,,,5.29,21.73,,,
8598738,2026-08-29T10:37:32,88.51,0,F,1664.19,-7452.23,47.5219574,-122.26183319,E,,,5.28,21.71,,,
8599807,2026-08-29T10:37:33,99.31,0,F,1664.19,-7452.23,47.5219574,-122.26183319,E,,,5.3,21.72,,,
8600893,2026-08-29T10:37:34,99.74,0,F,1664.19,-7452.23,47.5219574,-122.26183319,E,,,5.27,21.74,,,
8601962,2026-08-29T10:37:35,105.35,0,F,1664.19,-7452.23,47.5219574,-122.26183319,E,,,5.15,21.73,,,
8603030,2026-08-29T10:37:36,120.01,0,F,1664.19,-7452.23,47.5219574,-122.26183319,E,,,5.08,21.73,,,
8604099,2026-08-29T10:37:37,140.05,0,F,1664.2,-7452.24,47.5219574,-122.26183319,E,,,5.06,21.75,,,
8605173,2026-08-29T10:37:39,154.55,0,F,1664.2,-7452.24,47.5219574,-122.26183319,E,,,5.1,21.74,,,
8606241,2026-08-29T10:37:40,152,0,F,1664.2,-7452.24,47.5219574,-122.26183319,E,,,5.12,21.73,,,
8607319,2026-08-29T10:37:41,164.85,0.104,F,1664.23,-7452.33,47.5219574,-122.26183319,E,,,5.1,21.75,,,
8608390,2026-08-29T10:37:42,168.42,0,F,1664.24,-7452.34,47.5219574,-122.26183319,E,,,5.13,21.74,,,
8609459,2026-08-29T10:37:43,175.01,0,F,1664.24,-7452.34,47.5219574,-122.26183319,E,,,5.14,21.73,,,
8610540,2026-08-29T10:37:44,200.96,0,F,1664.24,-7452.34,47.5219574,-122.26183319,E,,,5.11,21.74,,,
8611630,2026-08-29T10:37:45,231.1,0,F,1664.24,-7452.34,47.5219574,-122.26183319,E,,,5.08,21.75,,,
8612716,2026-08-29T10:37:46,306.33,0,F,1664.24,-7452.34,47.5219574,-122.26183319,E,,,5.02,21.73,,,
8613795,2026-08-29T10:37:47,315.65,0,F,1664.24,-7452.34,47.5219574,-122.26183319,E,,,4.96,21.67,,,
8614883,2026-08-29T10:37:48,306.98,0,F,1664.24,-7452.34,47.5219574,-122.26183319,E,,,4.87,21.73,,,
8615952,2026-08-29T10:37:49,260.63,0,F,1664.24,-7452.34,47.5219574,-122.26183319,E,,,4.83,21.72,,,
8617038,2026-08-29T10:37:50,303.34,0,F,1664.24,-7452.34,47.5219574,-122.26183319,E,,,4.77,21.74,,,
8618107,2026-08-29T10:37:51,304.51,0,F,1664.24,-7452.34,47.5219574,-122.26183319,E,,,4.73,21.73,,,
8619196,2026-08-29T10:37:53,296.92,0,F,1664.24,-7452.34,47.5219574,-122.26183319,E,,,4.67,21.73,,,
8620280,2026-08-29T10:37:54,292.45,0,F,1664.23,-7452.34,47.5219574,-122.26183319,E,,,4.65,21.74,,,
8621349,2026-08-29T10:37:55,292.69,0,F,1664.23,-7452.34,47.5219574,-122.26183319,E,,,4.69,21.74,,,
8622438,2026-08-29T10:37:56,299.05,0,F,1664.23,-7452.34,47.5219574,-122.26183319,E,,,4.72,21.74,,,
8623520,2026-08-29T10:37:57,305.88,0,F,1664.23,-7452.34,47.5219574,-122.26183319,E,,,4.77,21.75,,,
8624589,2026-08-29T10:37:58,312.61,0,F,1664.23,-7452.34,47.5219574,-122.26183319,E,,,4.82,21.74,,,
8625678,2026-08-29T10:37:59,316.97,0,F,1664.23,-7452.34,47.5219574,-122.26183319,E,,,4.87,21.74,,,
8626758,2026-08-29T10:38:00,331.42,0,F,1664.23,-7452.34,47.5219574,-122.26183319,E,,,4.9,21.75,,,
8627846,2026-08-29T10:38:01,330.18,0,F,1664.23,-7452.34,47.5219574,-122.26183319,E,,,4.93,21.74,,,
8628925,2026-08-29T10:38:02,334.22,0,F,1664.23,-7452.34,47.5219574,-122.26183319,E,,,4.89,21.72,,,
8629994,2026-08-29T10:38:03,340.82,0,F,1664.23,-7452.34,47.5219574,-122.26183319,E,,,4.91,21.73,,,
8631080,2026-08-29T10:38:04,348.29,0,F,1664.23,-7452.34,47.5219574,-122.26183319,E,,,4.97,21.75,,,
8632149,2026-08-29T10:38:06,334.68,0,F,1664.23,-7452.34,47.5219574,-122.26183319,E,,,4.96,21.74,,,
8633219,2026-08-29T10:38:07,291.36,0,F,1664.23,-7452.34,47.5219574,-122.26183319,E,,,5.01,21.74,,,
8634304,2026-08-29T10:38:08,231.41,0,F,1664.23,-7452.34,47.5219574,-122.26183319,E,,,5.1,21.75,,,
8635372,2026-08-29T10:38:09,220.41,0,F,1664.23,-7452.34,47.5219574,-122.26183319,E,,,5.14,21.74,,,
8636456,2026-08-29T10:38:10,212.93,0,F,1664.23,-7452.34,47.5219574,-122.26183319,E,,,5.2,21.75,,,
8637540,2026-08-29T10:38:11,193.51,0,F,1664.23,-7452.34,47.5219574,-122.26183319,E,,,5.23,21.76,,,
8638612,2026-08-29T10:38:12,172.19,0,F,1664.23,-7452.34,47.5219574,-122.26183319,E,,,5.19,21.75,,,
8639681,2026-08-29T10:38:13,162.77,0,F,1664.23,-7452.34,47.5219574,-122.26183319,E,,,5.25,21.74,,,
8640754,2026-08-29T10:38:14,169.92,0,F,1664.23,-7452.34,47.5219574,-122.26183319,E,,,5.23,21.76,,,
8641842,2026-08-29T10:38:15,179.26,0,F,1664.23,-7452.34,47.5219574,-122.26183319,E,,,5.21,21.71,,,
8642923,2026-08-29T10:38:16,176.12,0,F,1664.23,-7452.34,47.5219574,-122.26183319,E,,,5.12,21.75,,,
8644003,2026-08-29T10:38:17,179.21,0,F,1664.23,-7452.34,47.5219574,-122.26183319,E,,,5.13,21.71,,,
8645073,2026-08-29T10:38:18,160.6,0.221,F,1664.26,-7452.46,47.52195358,-122.26183319,E,,,5.1,21.72,,,
8646162,2026-08-29T10:38:20,150.71,0.221,F,1664.36,-7452.68,47.52195358,-122.26182556,E,,,5.08,21.74,,,
8647248,2026-08-29T10:38:21,144.66,0.154,F,1664.47,-7452.86,47.52194977,-122.26182556,E,,,5.09,21.74,,,
8648317,2026-08-29T10:38:22,130.96,0.251,F,1664.61,-7453.01,47.52194977,-122.26182556,E,,,5.17,21.74,,,
8649406,2026-08-29T10:38:23,123.59,0.37,F,1664.88,-7453.2,47.52194977,-122.26181793,E,,,5.27,21.74,,,
8650491,2026-08-29T10:38:24,123.1,0.409,F,1665.23,-7453.46,47.52194595,-122.26181793,E,,,5.35,21.75,,,
8651560,2026-08-29T10:38:25,120.47,0.494,F,1665.65,-7453.71,47.52194214,-122.2618103,E,,,5.45,21.74,,,
8652649,2026-08-29T10:38:26,117.68,0.553,F,1666.14,-7453.98,47.52194214,-122.26180267,E,,,5.6,21.75,,,
8653731,2026-08-29T10:38:27,114.54,0.606,F,1666.71,-7454.26,47.52193832,-122.26179504,E,,,5.75,21.76,,,
8654801,2026-08-29T10:38:28,116.74,0.557,F,1667.28,-7454.54,47.52193832,-122.26178741,E,,,5.86,21.75,,,
8655890,2026-08-29T10:38:29,112.95,0.425,F,1667.77,-7454.78,47.52193451,-122.26177979,E,,,6,21.76,,,
8656970,2026-08-29T10:38:30,107.66,0.297,F,1668.13,-7454.93,47.52193451,-122.26177979,E,,,6.11,21.76,,,
8658058,2026-08-29T10:38:31,85.61,0.415,F,1668.51,-7454.93,47.52193451,-122.26177216,E,,,6.21,21.75,,,
8659137,2026-08-29T10:38:32,71.93,0.51,F,1669.01,-7454.84,47.52193451,-122.26176453,E,,,6.28,21.73,,,
8660206,2026-08-29T10:38:34,65.25,0.535,F,1669.53,-7454.62,47.52193451,-122.2617569,E,,,6.38,21.74,,,
8661292,2026-08-29T10:38:35,45.65,0.427,F,1669.96,-7454.34,47.52193832,-122.2617569,E,,,6.49,21.76,,,
8662361,2026-08-29T10:38:36,50.36,0.481,F,1670.3,-7454,47.52194214,-122.26174927,E,,,6.55,21.75,,,
8663429,2026-08-29T10:38:37,95.34,0.528,F,1670.8,-7453.81,47.52194214,-122.26174164,E,,,6.58,21.75,,,
8664515,2026-08-29T10:38:38,90.23,0.381,F,1671.29,-7453.81,47.52194214,-122.26173401,E,,,6.65,21.76,,,
8665583,2026-08-29T10:38:39,146.12,0.267,F,1671.58,-7453.95,47.52194214,-122.26173401,E,,,6.73,21.75,,,
8666667,2026-08-29T10:38:40,159.76,0.258,F,1671.69,-7454.21,47.52193832,-122.26173401,E,,,6.86,21.76,,,
8667752,2026-08-29T10:38:41,158.03,0.371,F,1671.82,-7454.54,47.52193832,-122.26172638,E,,,6.84,21.75,,,
8668835,2026-08-29T10:38:42,158.62,0.452,F,1671.98,-7454.96,47.52193451,-122.26172638,E,,,6.81,21.76,,,
8669904,2026-08-29T10:38:43,160.26,0.512,F,1672.16,-7455.43,47.52192688,-122.26172638,E,,,6.77,21.75,,,
8670993,2026-08-29T10:38:44,162.09,0.549,F,1672.35,-7455.99,47.52192307,-122.26171875,E,,,6.74,21.75,,,
8672062,2026-08-29T10:38:45,158.1,0.606,F,1672.56,-7456.57,47.52191925,-122.26171875,E,,,6.71,21.76,,,
8673148,2026-08-29T10:38:47,155.25,0.644,F,1672.83,-7457.19,47.52191162,-122.26171875,E,,,6.7,21.75,,,
8674220,2026-08-29T10:38:48,158.23,0.645,F,1673.11,-7457.82,47.52190781,-122.26171112,E,,,6.73,21.68,,,
8675290,2026-08-29T10:38:49,157.03,0.647,F,1673.37,-7458.45,47.52190018,-122.26171112,E,,,6.76,21.73,,,
8676377,2026-08-29T10:38:50,157.31,0.642,F,1673.64,-7459.09,47.52189636,-122.26170349,E,,,6.78,21.75,,,
8677445,2026-08-29T10:38:51,158.06,0.659,F,1673.91,-7459.72,47.52188873,-122.26170349,E,,,6.8,21.74,,,
8678531,2026-08-29T10:38:52,159.04,0.637,F,1674.17,-7460.37,47.52188492,-122.26169586,E,,,6.82,21.76,,,
8679620,2026-08-29T10:38:53,160.01,0.637,F,1674.42,-7461.01,47.52187729,-122.26169586,E,,,6.85,21.77,,,
8680693,2026-08-29T10:38:54,161.23,0.613,F,1674.65,-7461.64,47.52187347,-122.26168823,E,,,6.86,21.75,,,
8681762,2026-08-29T10:38:55,161.38,0.624,F,1674.85,-7462.26,47.52186584,-122.26168823,E,,,6.87,21.75,,,
8682851,2026-08-29T10:38:56,161.92,0.614,F,1675.07,-7462.9,47.52186203,-122.26168823,E,,,6.88,21.75,,,
8683919,2026-08-29T10:38:57,161.99,0.597,F,1675.27,-7463.52,47.5218544,-122.2616806,E,,,6.93,21.77,,,
8684990,2026-08-29T10:38:58,166.39,0.583,F,1675.44,-7464.14,47.52185059,-122.2616806,E,,,6.97,21.76,,,
8686058,2026-08-29T10:38:59,168.88,0.589,F,1675.57,-7464.76,47.52184296,-122.2616806,E,,,7.01,21.74,,,
8687139,2026-08-29T10:39:00,170.16,0.592,F,1675.68,-7465.39,47.52183914,-122.2616806,E,,,7.08,21.76,,,
8688228,2026-08-29T10:39:02,169.08,0.588,F,1675.8,-7466.03,47.52183151,-122.26167297,E,,,7.14,21.77,,,
8689308,2026-08-29T10:39:03,171.05,0.576,F,1675.91,-7466.66,47.5218277,-122.26167297,E,,,7.23,21.73,,,
8690378,2026-08-29T10:39:04,175.21,0.552,F,1675.99,-7467.27,47.52182388,-122.26167297,E,,,7.3,21.74,,,
8691467,2026-08-29T10:39:05,176.69,0.521,F,1676.03,-7467.86,47.52181625,-122.26167297,E,,,7.42,21.76,,,
8692553,2026-08-29T10:39:06,175.98,0.516,F,1676.06,-7468.42,47.52181244,-122.26167297,E,,,7.51,21.76,,,
8693622,2026-08-29T10:39:07,172.15,0.512,F,1676.12,-7468.98,47.52180862,-122.26167297,E,,,7.57,21.75,,,
8694711,2026-08-29T10:39:08,168.65,0.508,F,1676.21,-7469.52,47.52180099,-122.26167297,E,,,7.63,21.75,,,
8695795,2026-08-29T10:39:09,166.84,0.505,F,1676.33,-7470.05,47.52179718,-122.26166534,E,,,7.68,21.76,,,
8696864,2026-08-29T10:39:10,167.66,0.561,F,1676.46,-7470.61,47.52179337,-122.26166534,E,,,7.66,21.75,,,
8697938,2026-08-29T10:39:11,168.04,0.559,F,1676.58,-7471.19,47.52178574,-122.26166534,E,,,7.68,21.77,,,
8699010,2026-08-29T10:39:12,167.3,0.599,F,1676.71,-7471.8,47.52178192,-122.26166534,E,,,7.68,21.76,,,
8700078,2026-08-29T10:39:13,167.49,0.629,F,1676.86,-7472.42,47.52177429,-122.26166534,E,,,7.7,21.75,,,
8701154,2026-08-29T10:39:15,165.63,0.662,F,1677.01,-7473.1,47.52177048,-122.26165771,E,,,7.7,21.72,,,
8702227,2026-08-29T10:39:16,163,0.739,F,1677.22,-7473.83,47.52176285,-122.26165771,E,,,7.65,21.77,,,
8703316,2026-08-29T10:39:17,168.65,0.776,F,1677.44,-7474.63,47.52175522,-122.26165771,E,,,7.6,21.75,,,
8704414,2026-08-29T10:39:18,166.48,0.763,F,1677.6,-7475.44,47.52174759,-122.26165009,E,,,7.71,21.72,,,
8705484,2026-08-29T10:39:19,162.18,0.826,F,1677.83,-7476.26,47.52173996,-122.26165009,E,,,7.77,21.73,,,
8706573,2026-08-29T10:39:20,161.29,0.864,F,1678.11,-7477.14,47.52173233,-122.26164246,E,,,7.84,21.75,,,
8707659,2026-08-29T10:39:21,157.11,0.877,F,1678.46,-7478.03,47.5217247,-122.26164246,E,,,7.89,21.75,,,
8708728,2026-08-29T10:39:22,160.52,0.849,F,1678.81,-7478.88,47.52171707,-122.26163483,E,,,7.95,21.74,,,
8709817,2026-08-29T10:39:23,168.48,0.865,F,1679.05,-7479.79,47.52170944,-122.26163483,E,,,8,21.75,,,
8710901,2026-08-29T10:39:24,170.41,0.877,F,1679.22,-7480.73,47.52170181,-122.2616272,E,,,8.07,21.75,,,
8711970,2026-08-29T10:39:25,170.55,0.877,F,1679.38,-7481.67,47.52169418,-122.2616272,E,,,8.09,21.74,,,
8713059,2026-08-29T10:39:26,166.88,0.886,F,1679.54,-7482.62,47.52168274,-122.2616272,E,,,8.15,21.74,,,
8714141,2026-08-29T10:39:27,154.19,0.853,F,1679.87,-7483.5,47.52167511,-122.26161957,E,,,8.19,21.75,,,
8715210,2026-08-29T10:39:29,149.89,0.861,F,1680.32,-7484.29,47.52166748,-122.26161957,E,,,8.2,21.73,,,
8716299,2026-08-29T10:39:30,160.9,0.889,F,1680.71,-7485.16,47.52165985,-122.26161194,E,,,8.22,21.73,,,
8717379,2026-08-29T10:39:31,163.02,0.883,F,1681,-7486.06,47.52165222,-122.26160431,E,,,8.22,21.73,,,
8718467,2026-08-29T10:39:32,156.14,0.906,F,1681.33,-7486.97,47.52164459,-122.26160431,E,,,8.12,21.69,,,
8719546,2026-08-29T10:39:33,153.64,0.908,F,1681.78,-7487.84,47.52163696,-122.26159668,E,,,7.96,21.66,,,
8720615,2026-08-29T10:39:34,160.54,0.887,F,1682.14,-7488.73,47.52162933,-122.26158905,E,,,7.94,21.66,,,
8721701,2026-08-29T10:39:35,162.55,0.863,F,1682.44,-7489.64,47.5216217,-122.26158905,E,,,7.92,21.67,,,
8722758,2026-08-29T10:39:36,162.15,0.871,F,1682.71,-7490.51,47.52161407,-122.26158142,E,,,7.9,21.68,,,
8723828,2026-08-29T10:39:37,157.02,0.86,F,1683.04,-7491.38,47.52160645,-122.26158142,E,,,7.78,21.68,,,
8724917,2026-08-29T10:39:38,154.13,0.849,F,1683.42,-7492.23,47.52159882,-122.26157379,E,,,7.67,21.68,,,
8726002,2026-08-29T10:39:39,162.16,0.784,F,1683.78,-7493.03,47.52159119,-122.26156616,E,,,7.67,21.7,,,
8727071,2026-08-29T10:39:40,166.76,0.762,F,1683.99,-7493.81,47.52158356,-122.26156616,E,,,7.77,21.69,,,
8728144,2026-08-29T10:39:42,164,0.823,F,1684.2,-7494.64,47.52157593,-122.26156616,E,,,7.87,21.72,,,
8729216,2026-08-29T10:39:43,159.35,0.865,F,1684.49,-7495.5,47.5215683,-122.26155853,E,,,7.96,21.72,,,
8730284,2026-08-29T10:39:44,156.81,0.883,F,1684.84,-7496.38,47.52156067,-122.26155853,E,,,8.03,21.71,,,
8731365,2026-08-29T10:39:45,158.63,0.862,F,1685.21,-7497.27,47.52155304,-122.2615509,E,,,8.12,21.72,,,
8732441,2026-08-29T10:39:46,165.57,0.824,F,1685.47,-7498.12,47.52154541,-122.2615509,E,,,8.22,21.7,,,
8733549,2026-08-29T10:39:47,167.68,0.802,F,1685.68,-7499,47.52153778,-122.26154327,E,,,8.3,21.69,,,
8734632,2026-08-29T10:39:48,164.36,0.779,F,1685.88,-7499.84,47.52153015,-122.26154327,E,,,8.37,21.63,,,
8735702,2026-08-29T10:39:49,157.79,0.782,F,1686.15,-7500.62,47.52152252,-122.26153564,E,,,8.41,21.64,,,
8736789,2026-08-29T10:39:50,153.1,0.737,F,1686.49,-7501.37,47.52151489,-122.26153564,E,,,8.4,21.63,,,
8737857,2026-08-29T10:39:51,146,0.698,F,1686.87,-7502.03,47.52151108,-122.26152802,E,,,8.39,21.61,,,
8738943,2026-08-29T10:39:52,147.35,0.624,F,1687.27,-7502.63,47.52150345,-122.26152039,E,,,8.4,21.61,,,
8740031,2026-08-29T10:39:53,148.45,0.614,F,1687.62,-7503.21,47.52149963,-122.26152039,E,,,8.39,21.61,,,
8741104,2026-08-29T10:39:54,153.79,0.622,F,1687.94,-7503.79,47.52149582,-122.26151276,E,,,8.43,21.59,,,
8742173,2026-08-29T10:39:56,152,0.63,F,1688.25,-7504.38,47.52148819,-122.26151276,E,,,8.47,21.58,,,
8743262,2026-08-29T10:39:57,153,0.646,F,1688.56,-7505,47.52148438,-122.26150513,E,,,8.49,21.58,,,
8744345,2026-08-29T10:39:58,150.46,0.687,F,1688.9,-7505.64,47.52147675,-122.26150513,E,,,8.51,21.57,,,
8745414,2026-08-29T10:39:59,146.64,0.703,F,1689.28,-7506.27,47.52147293,-122.2614975,E,,,8.55,21.55,,,
8746503,2026-08-29T10:40:00,146.81,0.722,F,1689.72,-7506.91,47.5214653,-122.26148987,E,,,8.57,21.55,,,
8747583,2026-08-29T10:40:01,147.59,0.753,F,1690.16,-7507.58,47.52146149,-122.26148224,E,,,8.52,21.53,,,
8748671,2026-08-29T10:40:02,148.25,0.716,F,1690.58,-7508.26,47.52145386,-122.26148224,E,,,8.56,21.49,,,
8749750,2026-08-29T10:40:03,146.42,0.707,F,1690.96,-7508.93,47.52144623,-122.26147461,E,,,8.61,21.46,,,
8750819,2026-08-29T10:40:04,153.71,0.715,F,1691.34,-7509.6,47.52144241,-122.26146698,E,,,8.66,21.46,,,
8751905,2026-08-29T10:40:05,159.61,0.747,F,1691.65,-7510.33,47.52143478,-122.26146698,E,,,8.7,21.45,,,
8752961,2026-08-29T10:40:06,168.34,0.759,F,1691.86,-7511.1,47.52142715,-122.26145935,E,,,8.72,21.43,,,
8754030,2026-08-29T10:40:07,170.97,0.781,F,1692,-7511.92,47.52141953,-122.26145935,E,,,8.71,21.41,,,
8755119,2026-08-29T10:40:08,168.65,0.792,F,1692.15,-7512.77,47.5214119,-122.26145935,E,,,8.64,21.37,,,
8756203,2026-08-29T10:40:10,162.58,0.8,F,1692.35,-7513.61,47.52140427,-122.26145935,E,,,8.52,21.33,,,
8757272,2026-08-29T10:40:11,155.81,0.766,F,1692.66,-7514.4,47.52140045,-122.26145172,E,,,8.42,21.31,,,
8758366,2026-08-29T10:40:12,156.4,0.709,F,1692.99,-7515.14,47.52139282,-122.26144409,E,,,8.38,21.34,,,
8759437,2026-08-29T10:40:13,165.58,0.623,F,1693.21,-7515.8,47.52138519,-122.26144409,E,,,8.48,21.35,,,
8760507,2026-08-29T10:40:14,162.91,0.658,F,1693.41,-7516.46,47.52138138,-122.26144409,E,,,8.49,21.36,,,
8761592,2026-08-29T10:40:15,162.8,0.692,F,1693.63,-7517.16,47.52137375,-122.26143646,E,,,8.54,21.39,,,
8762668,2026-08-29T10:40:16,162.45,0.719,F,1693.85,-7517.89,47.52136612,-122.26143646,E,,,8.56,21.4,,,
8763756,2026-08-29T10:40:17,164.46,0.733,F,1694.09,-7518.65,47.5213623,-122.26142883,E,,,8.52,21.39,,,
8764839,2026-08-29T10:40:18,166.16,0.729,F,1694.3,-7519.43,47.52135468,-122.26142883,E,,,8.5,21.35,,,
8765909,2026-08-29T10:40:19,170.1,0.747,F,1694.46,-7520.21,47.52134705,-122.26142883,E,,,8.52,21.37,,,
8766996,2026-08-29T10:40:20,170.68,0.77,F,1694.59,-7521.01,47.52133942,-122.26142883,E,,,8.51,21.39,,,
8768064,2026-08-29T10:40:21,170.98,0.775,F,1694.72,-7521.83,47.52133179,-122.2614212,E,,,8.5,21.38,,,
8769150,2026-08-29T10:40:23,173.99,0.787,F,1694.84,-7522.68,47.52132416,-122.2614212,E,,,8.5,21.38,,,
8770238,2026-08-29T10:40:24,178.37,0.784,F,1694.89,-7523.53,47.52131653,-122.2614212,E,,,8.52,21.39,,,
8771311,2026-08-29T10:40:25,180.33,0.784,F,1694.9,-7524.37,47.5213089,-122.2614212,E,,,8.54,21.38,,,
8772380,2026-08-29T10:40:26,180.99,0.814,F,1694.89,-7525.21,47.52130127,-122.2614212,E,,,8.56,21.37,,,
8773470,2026-08-29T10:40:27,181.05,0.831,F,1694.88,-7526.11,47.52129364,-122.2614212,E,,,8.55,21.37,,,
8774552,2026-08-29T10:40:28,181.46,0.828,F,1694.87,-7527.01,47.52128601,-122.2614212,E,,,8.54,21.38,,,
8775621,2026-08-29T10:40:29,183.37,0.831,F,1694.82,-7527.89,47.52127838,-122.2614212,E,,,8.55,21.38,,,
8776710,2026-08-29T10:40:30,185.88,0.841,F,1694.76,-7528.8,47.52127075,-122.2614212,E,,,8.55,21.37,,,
8777790,2026-08-29T10:40:31,191.42,0.836,F,1694.63,-7529.7,47.52126312,-122.26142883,E,,,8.57,21.38,,,
8778879,2026-08-29T10:40:32,196.5,0.831,F,1694.41,-7530.58,47.52125168,-122.26142883,E,,,8.58,21.36,,,
8779958,2026-08-29T10:40:33,196.64,0.827,F,1694.15,-7531.43,47.52124405,-122.26142883,E,,,8.6,21.33,,,
8781027,2026-08-29T10:40:34,195.04,0.813,F,1693.91,-7532.27,47.52123642,-122.26143646,E,,,8.61,21.32,,,
8782113,2026-08-29T10:40:35,196.67,0.814,F,1693.66,-7533.12,47.52122879,-122.26143646,E,,,8.62,21.29,,,
8783182,2026-08-29T10:40:37,196.98,0.807,F,1693.42,-7533.95,47.52122498,-122.26144409,E,,,8.59,21.24,,,
8784250,2026-08-29T10:40:38,197.01,0.8,F,1693.16,-7534.78,47.52121735,-122.26144409,E,,,8.57,21.2,,,
8785336,2026-08-29T10:40:39,195.94,0.806,F,1692.91,-7535.62,47.52120972,-122.26145172,E,,,8.55,21.18,,,
8786404,2026-08-29T10:40:40,199.25,0.815,F,1692.65,-7536.45,47.52120209,-122.26145172,E,,,8.54,21.14,,,
8787488,2026-08-29T10:40:41,198.96,0.816,F,1692.36,-7537.3,47.52119446,-122.26145935,E,,,8.56,21.15,,,
8788564,2026-08-29T10:40:42,198.26,0.833,F,1692.08,-7538.14,47.52118683,-122.26145935,E,,,8.59,21.1,,,
8789646,2026-08-29T10:40:43,194.78,0.829,F,1691.81,-7538.99,47.5211792,-122.26145935,E,,,8.62,21.07,,,
8790715,2026-08-29T10:40:44,192.89,0.829,F,1691.62,-7539.87,47.52117157,-122.26146698,E,,,8.6,21.02,,,
8791800,2026-08-29T10:40:45,195.32,0.827,F,1691.39,-7540.73,47.52116394,-122.26146698,E,,,8.61,20.96,,,
8792890,2026-08-29T10:40:46,190.93,0.824,F,1691.18,-7541.59,47.52115631,-122.26147461,E,,,8.6,20.92,,,
8793976,2026-08-29T10:40:47,185.51,0.824,F,1691.06,-7542.48,47.52114487,-122.26147461,E,,,8.59,20.83,,,
8795046,2026-08-29T10:40:48,184.23,0.827,F,1691,-7543.37,47.52113724,-122.26147461,E,,,8.54,20.77,,,
8796133,2026-08-29T10:40:49,183.28,0.824,F,1690.94,-7544.27,47.52112961,-122.26147461,E,,,8.5,20.77,,,
8797202,2026-08-29T10:40:51,184.79,0.814,F,1690.88,-7545.14,47.52112198,-122.26147461,E,,,8.47,20.78,,,
8798291,2026-08-29T10:40:52,184.29,0.815,F,1690.81,-7546.03,47.52111435,-122.26147461,E,,,8.43,20.8,,,
8799376,2026-08-29T10:40:53,186.27,0.804,F,1690.73,-7546.9,47.52110672,-122.26147461,E,,,8.42,20.84,,,
8800446,2026-08-29T10:40:54,186.17,0.799,F,1690.65,-7547.75,47.52109909,-122.26147461,E,,,8.4,20.86,,,
8801535,2026-08-29T10:40:55,187.55,0.805,F,1690.55,-7548.6,47.52109146,-122.26148224,E,,,8.41,20.91,,,
8802618,2026-08-29T10:40:56,187.47,0.809,F,1690.44,-7549.47,47.52108383,-122.26148224,E,,,8.39,20.96,,,
8803687,2026-08-29T10:40:57,188.22,0.83,F,1690.32,-7550.35,47.5210762,-122.26148224,E,,,8.4,20.99,,,
8804776,2026-08-29T10:40:58,186.89,0.825,F,1690.2,-7551.25,47.52106857,-122.26148224,E,,,8.38,21.03,,,
8805857,2026-08-29T10:40:59,187.88,0.809,F,1690.09,-7552.14,47.52106094,-122.26148224,E,,,8.36,21.07,,,
8806947,2026-08-29T10:41:00,188.15,0.811,F,1689.96,-7553,47.52105331,-122.26148987,E,,,8.34,21.1,,,
8808034,2026-08-29T10:41:01,189.67,0.786,F,1689.82,-7553.86,47.52104568,-122.26148987,E,,,8.36,21.1,,,
8809113,2026-08-29T10:41:02,188.44,0.783,F,1689.69,-7554.7,47.52103806,-122.26148987,E,,,8.37,21.08,,,
8810201,2026-08-29T10:41:04,185.36,0.765,F,1689.59,-7555.54,47.52103043,-122.26148987,E,,,8.39,21.17,,,
8811270,2026-08-29T10:41:05,181.54,0.745,F,1689.54,-7556.34,47.5210228,-122.26148987,E,,,8.44,21.19,,,
8812356,2026-08-29T10:41:06,179.71,0.74,F,1689.53,-7557.14,47.52101517,-122.26148987,E,,,8.47,21.2,,,
8813426,2026-08-29T10:41:07,180.88,0.726,F,1689.53,-7557.93,47.52100754,-122.26148987,E,,,8.46,21.2,,,
8814515,2026-08-29T10:41:08,180.17,0.697,F,1689.52,-7558.71,47.52099991,-122.26148987,E,,,8.48,21.21,,,
8815600,2026-08-29T10:41:09,184.99,0.652,F,1689.49,-7559.43,47.52099609,-122.2614975,E,,,8.54,21.22,,,
8816669,2026-08-29T10:41:10,184.88,0.679,F,1689.42,-7560.15,47.52098846,-122.2614975,E,,,8.57,21.21,,,
8817758,2026-08-29T10:41:11,181.3,0.679,F,1689.38,-7560.89,47.52098083,-122.2614975,E,,,8.61,21.18,,,
8818843,2026-08-29T10:41:12,180.41,0.693,F,1689.38,-7561.64,47.52097321,-122.2614975,E,,,8.62,21.15,,,
8819913,2026-08-29T10:41:13,183.47,0.678,F,1689.35,-7562.37,47.52096939,-122.2614975,E,,,8.65,21.08,,,
8820920,2026-08-29T10:41:14,184,0.681,F,1689.3,-7563.06,47.52096176,-122.2614975,E,,,8.67,21.02,,,
8822004,2026-08-29T10:41:15,186.17,0.696,F,1689.24,-7563.8,47.52095413,-122.2614975,E,,,8.67,20.96,,,
8823094,2026-08-29T10:41:16,184.48,0.68,F,1689.16,-7564.54,47.52095032,-122.2614975,E,,,8.67,20.91,,,
8824180,2026-08-29T10:41:18,183.88,0.653,F,1689.11,-7565.26,47.52094269,-122.2614975,E,,,8.67,20.82,,,
8825250,2026-08-29T10:41:19,184.6,0.651,F,1689.06,-7565.95,47.52093506,-122.2614975,E,,,8.66,20.75,,,
8826337,2026-08-29T10:41:20,184.59,0.63,F,1689.01,-7566.65,47.52093124,-122.2614975,E,,,8.65,20.73,,,
8827407,2026-08-29T10:41:21,183.17,0.62,F,1688.97,-7567.32,47.52092361,-122.2614975,E,,,8.63,20.71,,,
8828496,2026-08-29T10:41:22,182.64,0.623,F,1688.93,-7568.01,47.52091599,-122.2614975,E,,,8.6,20.71,,,
8829581,2026-08-29T10:41:23,186.67,0.614,F,1688.89,-7568.68,47.52091217,-122.26150513,E,,,8.57,20.69,,,
8830651,2026-08-29T10:41:24,183.71,0.608,F,1688.81,-7569.34,47.52090454,-122.26150513,E,,,8.51,20.67,,,
8831740,2026-08-29T10:41:25,182.57,0.616,F,1688.77,-7570.01,47.52090073,-122.26150513,E,,,8.48,20.67,,,
8832823,2026-08-29T10:41:26,180.83,0.61,F,1688.75,-7570.67,47.5208931,-122.26150513,E,,,8.43,20.68,,,
8833893,2026-08-29T10:41:27,178.42,0.619,F,1688.75,-7571.34,47.52088547,-122.26150513,E,,,8.35,20.7,,,
8834982,2026-08-29T10:41:28,175.03,0.609,F,1688.8,-7572.02,47.52088165,-122.26150513,E,,,8.32,20.76,,,
8836063,2026-08-29T10:41:29,171.49,0.593,F,1688.88,-7572.65,47.52087402,-122.26150513,E,,,8.27,20.83,,,
8837153,2026-08-29T10:41:31,171.9,0.635,F,1688.98,-7573.31,47.52087021,-122.2614975,E,,,8.2,20.9,,,
8838240,2026-08-29T10:41:32,171.67,0.635,F,1689.08,-7574,47.52086258,-122.2614975,E,,,8.17,20.94,,,
8839319,2026-08-29T10:41:33,172.8,0.635,F,1689.16,-7574.68,47.52085876,-122.2614975,E,,,8.14,20.94,,,
8840407,2026-08-29T10:41:34,167.71,0.692,F,1689.29,-7575.39,47.52085114,-122.2614975,E,,,8.09,21.06,,,
8841477,2026-08-29T10:41:35,165.5,0.705,F,1689.47,-7576.12,47.52084351,-122.2614975,E,,,8.01,21.11,,,
8842563,2026-08-29T10:41:36,162.47,0.739,F,1689.69,-7576.87,47.52083588,-122.26148987,E,,,7.87,21.17,,,
8843632,2026-08-29T10:41:37,154.38,0.765,F,1689.97,-7577.63,47.52083206,-122.26148987,E,,,7.63,21.2,,,
8844721,2026-08-29T10:41:38,152.36,0.765,F,1690.37,-7578.37,47.52082443,-122.26148224,E,,,7.35,21.25,,,
8845805,2026-08-29T10:41:39,160.02,0.755,F,1690.69,-7579.12,47.5208168,-122.26147461,E,,,7.16,21.29,,,
8846874,2026-08-29T10:41:40,169.33,0.751,F,1690.88,-7579.9,47.52080917,-122.26147461,E,,,7.04,21.33,,,
8847963,2026-08-29T10:41:41,172.51,0.64,F,1691,-7580.67,47.52080536,-122.26147461,E,,,6.95,21.36,,,
8849038,2026-08-29T10:41:42,169.28,0.486,F,1691.09,-7581.27,47.52079773,-122.26147461,E,,,6.98,21.39,,,
8850120,2026-08-29T10:41:43,170,0.339,F,1691.18,-7581.71,47.52079391,-122.26147461,E,,,7.04,21.43,,,
8851208,2026-08-29T10:41:45,178.81,0.236,F,1691.21,-7582.01,47.5207901,-122.26147461,E,,,7.07,21.46,,,
8852286,2026-08-29T10:41:46,189.57,0.165,F,1691.2,-7582.23,47.5207901,-122.26147461,E,,,7.07,21.45,,,
8853384,2026-08-29T10:41:47,204.46,0.129,F,1691.15,-7582.38,47.52078629,-122.26147461,E,,,7.12,21.48,,,
8854454,2026-08-29T10:41:48,207.27,0,F,1691.12,-7582.46,47.52078629,-122.26147461,E,,,7.19,21.47,,,
8855541,2026-08-29T10:41:49,209.37,0.101,F,1691.07,-7582.55,47.52078629,-122.26147461,E,,,7.32,21.51,,,
8856610,2026-08-29T10:41:50,210.05,0.131,F,1691.05,-7582.58,47.52078629,-122.26147461,E,,,7.47,21.52,,,
8857699,2026-08-29T10:41:51,213.61,0.103,F,1690.98,-7582.69,47.52078629,-122.26147461,E,,,7.57,21.55,,,
8858784,2026-08-29T10:41:52,207.04,0,F,1690.98,-7582.7,47.52078629,-122.26147461,E,,,7.58,21.57,,,
8859853,2026-08-29T10:41:53,197.99,0,F,1690.98,-7582.7,47.52078629,-122.26147461,E,,,7.58,21.57,,,
8860942,2026-08-29T10:41:54,196.7,0,F,1690.98,-7582.7,47.52078629,-122.26147461,E,,,7.58,21.58,,,
8862025,2026-08-29T10:41:55,204.72,0,F,1690.98,-7582.7,47.52078629,-122.26147461,E,,,7.58,21.59,,,
8863094,2026-08-29T10:41:56,206.42,0,F,1690.98,-7582.7,47.52078629,-122.26147461,E,,,7.58,21.59,,,
8864183,2026-08-29T10:41:58,203.37,0,F,1690.98,-7582.7,47.52078629,-122.26147461,E,,,7.58,21.6,,,
8865264,2026-08-29T10:41:59,202.58,0,F,1690.98,-7582.7,47.52078629,-122.26147461,E,,,7.58,21.62,,,
8866354,2026-08-29T10:42:00,210.12,0,F,1690.98,-7582.7,47.52078629,-122.26147461,E,,,7.59,21.63,,,
8867441,2026-08-29T10:42:01,212.73,0,F,1690.98,-7582.7,47.52078629,-122.26147461,E,,,7.47,21.62,,,
8868520,2026-08-29T10:42:02,198.85,0,F,1690.98,-7582.7,47.52078629,-122.26147461,E,,,7.38,21.56,,,
8869608,2026-08-29T10:42:03,176.82,0.177,F,1690.97,-7582.81,47.52078247,-122.26147461,E,,,7.33,21.62,,,
8870678,2026-08-29T10:42:04,172.56,0.136,F,1690.99,-7582.99,47.52078247,-122.26147461,E,,,7.4,21.63,,,
8871764,2026-08-29T10:42:05,169.13,0,F,1691,-7583.09,47.52078247,-122.26147461,E,,,7.53,21.64,,,
8872833,2026-08-29T10:42:06,171.16,0.223,F,1691.03,-7583.24,47.52077866,-122.26147461,E,,,7.54,21.64,,,
8873923,2026-08-29T10:42:07,167.72,0.208,F,1691.07,-7583.49,47.52077866,-122.26147461,E,,,7.54,21.65,,,
8875007,2026-08-29T10:42:08,163.41,0.268,F,1691.14,-7583.74,47.52077484,-122.26147461,E,,,7.53,21.67,,,
8876078,2026-08-29T10:42:09,159.16,0.188,F,1691.22,-7583.97,47.52077484,-122.26146698,E,,,7.64,21.67,,,
8877167,2026-08-29T10:42:11,163.65,0.146,F,1691.27,-7584.13,47.52077103,-122.26146698,E,,,7.76,21.67,,,
8878249,2026-08-29T10:42:12,161.54,0.102,F,1691.31,-7584.26,47.52077103,-122.26146698,E,,,7.83,21.69,,,
8879327,2026-08-29T10:42:13,163.94,0,F,1691.31,-7584.26,47.52077103,-122.26146698,E,,,7.85,21.67,,,
8880396,2026-08-29T10:42:14,167.19,0,F,1691.31,-7584.26,47.52077103,-122.26146698,E,,,7.81,21.7,,,
8881468,2026-08-29T10:42:15,176.98,0,F,1691.31,-7584.26,47.52077103,-122.26146698,E,,,7.79,21.67,,,
8882555,2026-08-29T10:42:16,179.47,0,F,1691.31,-7584.26,47.52077103,-122.26146698,E,,,7.74,21.69,,,
8883633,2026-08-29T10:42:17,189.08,0,F,1691.31,-7584.26,47.52077103,-122.26146698,E,,,7.69,21.62,,,
8884721,2026-08-29T10:42:18,190.26,0,F,1691.31,-7584.26,47.52077103,-122.26146698,E,,,7.66,21.68,,,
8885790,2026-08-29T10:42:19,197.6,0,F,1691.31,-7584.26,47.52077103,-122.26146698,E,,,7.64,21.68,,,
8886876,2026-08-29T10:42:20,204.49,0,F,1691.31,-7584.26,47.52077103,-122.26146698,E,,,7.57,21.7,,,
8887945,2026-08-29T10:42:21,220.38,0,F,1691.31,-7584.26,47.52077103,-122.26146698,E,,,7.5,21.69,,,
8889034,2026-08-29T10:42:22,268.32,0,F,1691.31,-7584.26,47.52077103,-122.26146698,E,,,7.47,21.7,,,
8890118,2026-08-29T10:42:23,289.76,0,F,1691.31,-7584.26,47.52077103,-122.26146698,E,,,7.43,21.71,,,
8891187,2026-08-29T10:42:25,312.39,0,F,1691.31,-7584.26,47.52077103,-122.26146698,E,,,7.41,21.69,,,
8892276,2026-08-29T10:42:26,306.86,0,F,1691.31,-7584.26,47.52077103,-122.26146698,E,,,7.37,21.7,,,
8893358,2026-08-29T10:42:27,319.88,0,F,1691.31,-7584.26,47.52077103,-122.26146698,E,,,7.38,21.71,,,
8894427,2026-08-29T10:42:28,320.74,0,F,1691.31,-7584.26,47.52077103,-122.26146698,E,,,7.36,21.7,,,
8895516,2026-08-29T10:42:29,302.83,0,F,1691.31,-7584.26,47.52077103,-122.26146698,E,,,7.31,21.71,,,
8896596,2026-08-29T10:42:30,275.07,0,F,1691.31,-7584.26,47.52077103,-122.26146698,E,,,7.32,21.71,,,
8897684,2026-08-29T10:42:31,258.57,0,F,1691.31,-7584.26,47.52077103,-122.26146698,E,,,7.33,21.7,,,
8898763,2026-08-29T10:42:32,240.92,0,F,1691.31,-7584.26,47.52077103,-122.26146698,E,,,7.3,21.69,,,
8899832,2026-08-29T10:42:33,231.21,0,F,1691.31,-7584.26,47.52077103,-122.26146698,E,,,7.28,21.7,,,
8900918,2026-08-29T10:42:34,203.46,0,F,1691.31,-7584.26,47.52077103,-122.26146698,E,,,7.24,21.71,,,
8901987,2026-08-29T10:42:35,190.54,0,F,1691.31,-7584.26,47.52077103,-122.26146698,E,,,7.19,21.7,,,
8903055,2026-08-29T10:42:36,195.6,0,F,1691.31,-7584.26,47.52077103,-122.26146698,E,,,7.17,21.71,,,
8904124,2026-08-29T10:42:37,210.2,0,F,1691.31,-7584.26,47.52077103,-122.26146698,E,,,7.18,21.73,,,
8905198,2026-08-29T10:42:39,209.9,0,F,1691.31,-7584.26,47.52077103,-122.26146698,E,,,7.22,21.72,,,
8906266,2026-08-29T10:42:40,214.9,0,F,1691.31,-7584.26,47.52077103,-122.26146698,E,,,7.29,21.71,,,
8907349,2026-08-29T10:42:41,218.92,0,F,1691.31,-7584.26,47.52077103,-122.26146698,E,,,7.37,21.73,,,
8908418,2026-08-29T10:42:42,216.64,0,F,1691.31,-7584.26,47.52077103,-122.26146698,E,,,7.46,21.72,,,
8909489,2026-08-29T10:42:43,217.8,0,F,1691.31,-7584.26,47.52077103,-122.26146698,E,,,7.55,21.74,,,
8910560,2026-08-29T10:42:44,223.02,0,F,1691.31,-7584.26,47.52077103,-122.26146698,E,,,7.61,21.73,,,
8911649,2026-08-29T10:42:45,234.04,0,F,1691.31,-7584.26,47.52077103,-122.26146698,E,,,7.66,21.75,,,
8912738,2026-08-29T10:42:46,264.42,0,F,1691.31,-7584.26,47.52077103,-122.26146698,E,,,7.68,21.73,,,
8913835,2026-08-29T10:42:47,286.44,0,F,1691.31,-7584.26,47.52077103,-122.26146698,E,,,7.58,21.66,,,
8914905,2026-08-29T10:42:48,283,0,F,1691.31,-7584.26,47.52077103,-122.26146698,E,,,7.5,21.7,,,
8915978,2026-08-29T10:42:49,273.44,0,F,1691.31,-7584.26,47.52077103,-122.26146698,E,,,7.41,21.71,,,
8917053,2026-08-29T10:42:50,271.96,0,F,1691.31,-7584.26,47.52077103,-122.26146698,E,,,7.22,21.72,,,
8918122,2026-08-29T10:42:51,244.61,0.136,F,1691.27,-7584.28,47.52077103,-122.26146698,E,,,6.98,21.7,,,
8919207,2026-08-29T10:42:53,232,0.12,F,1691.15,-7584.37,47.52077103,-122.26147461,E,,,6.81,21.71,,,
8920276,2026-08-29T10:42:54,258.8,0.116,F,1691.08,-7584.4,47.52077103,-122.26147461,E,,,6.61,21.7,,,
8921365,2026-08-29T10:42:55,215.49,0.106,F,1690.97,-7584.46,47.52077103,-122.26147461,E,,,6.56,21.71,,,
8922448,2026-08-29T10:42:56,195.25,0,F,1690.94,-7584.52,47.52076721,-122.26147461,E,,,6.56,21.72,,,
8923517,2026-08-29T10:42:57,193.71,0,F,1690.94,-7584.52,47.52076721,-122.26147461,E,,,6.62,21.72,,,
8924606,2026-08-29T10:42:58,174.56,0.103,F,1690.94,-7584.61,47.52076721,-122.26147461,E,,,6.75,21.72,,,
8925687,2026-08-29T10:42:59,150.49,0,F,1690.94,-7584.62,47.52076721,-122.26147461,E,,,6.84,21.73,,,
8926777,2026-08-29T10:43:00,142.73,0,F,1690.94,-7584.62,47.52076721,-122.26147461,E,,,6.9,21.74,,,
8927864,2026-08-29T10:43:01,132.1,0,F,1690.94,-7584.62,47.52076721,-122.26147461,E,,,6.97,21.72,,,
8928943,2026-08-29T10:43:02,135.81,0,F,1690.94,-7584.62,47.52076721,-122.26147461,E,,,6.99,21.67,,,
8930031,2026-08-29T10:43:03,145.07,0,F,1690.94,-7584.62,47.52076721,-122.26147461,E,,,6.95,21.72,,,
8931100,2026-08-29T10:43:04,148.16,0,F,1690.94,-7584.62,47.52076721,-122.26147461,E,,,6.91,21.72,,,
8932186,2026-08-29T10:43:06,157,0,F,1690.94,-7584.62,47.52076721,-122.26147461,E,,,6.99,21.73,,,
8933255,2026-08-29T10:43:07,146.85,0,F,1690.94,-7584.62,47.52076721,-122.26147461,E,,,7.02,21.73,,,
8934344,2026-08-29T10:43:08,159.7,0,F,1690.94,-7584.62,47.52076721,-122.26147461,E,,,7.08,21.73,,,
8935428,2026-08-29T10:43:09,150.24,0,F,1690.94,-7584.62,47.52076721,-122.26147461,E,,,7.13,21.74,,,
8936497,2026-08-29T10:43:10,154.08,0,F,1690.94,-7584.62,47.52076721,-122.26147461,E,,,7.18,21.73,,,
8937586,2026-08-29T10:43:11,149.13,0,F,1690.94,-7584.62,47.52076721,-122.26147461,E,,,7.18,21.74,,,
8938668,2026-08-29T10:43:12,156.43,0,F,1690.94,-7584.62,47.52076721,-122.26147461,E,,,7.16,21.75,,,
8939749,2026-08-29T10:43:13,177.93,0,F,1690.94,-7584.62,47.52076721,-122.26147461,E,,,7.13,21.75,,,
8940840,2026-08-29T10:43:14,191.44,0,F,1690.94,-7584.62,47.52076721,-122.26147461,E,,,7.06,21.76,,,
8941920,2026-08-29T10:43:15,178.73,0,F,1690.94,-7584.62,47.52076721,-122.26147461,E,,,6.98,21.72,,,
8943000,2026-08-29T10:43:16,157.03,0,F,1690.94,-7584.62,47.52076721,-122.26147461,E,,,6.89,21.68,,,
8944069,2026-08-29T10:43:17,136.35,0,F,1690.94,-7584.62,47.52076721,-122.26147461,E,,,6.84,21.72,,,
8945156,2026-08-29T10:43:19,124.53,0,F,1690.94,-7584.62,47.52076721,-122.26147461,E,,,6.76,21.73,,,
8946225,2026-08-29T10:43:20,150.17,0,F,1690.94,-7584.62,47.52076721,-122.26147461,E,,,6.69,21.73,,,
8947314,2026-08-29T10:43:21,163.42,0,F,1690.94,-7584.62,47.52076721,-122.26147461,E,,,6.64,21.74,,,
8948399,2026-08-29T10:43:22,151.96,0,F,1690.94,-7584.62,47.52076721,-122.26147461,E,,,6.63,21.74,,,
8949468,2026-08-29T10:43:23,125.49,0.106,F,1690.98,-7584.66,47.52076721,-122.26147461,E,,,6.57,21.73,,,
8950557,2026-08-29T10:43:24,100.07,0,F,1691,-7584.66,47.52076721,-122.26147461,E,,,6.55,21.74,,,
8951640,2026-08-29T10:43:25,113.62,0.141,F,1691.13,-7584.7,47.52076721,-122.26147461,E,,,6.51,21.74,,,
8952709,2026-08-29T10:43:26,109.24,0,F,1691.24,-7584.75,47.52076721,-122.26146698,E,,,6.52,21.74,,,
8953798,2026-08-29T10:43:27,101.87,0,F,1691.24,-7584.75,47.52076721,-122.26146698,E,,,6.52,21.74,,,
8954879,2026-08-29T10:43:28,92.77,0.125,F,1691.35,-7584.75,47.52076721,-122.26146698,E,,,6.47,21.75,,,
8955969,2026-08-29T10:43:29,93.43,0,F,1691.42,-7584.75,47.52076721,-122.26146698,E,,,6.47,21.76,,,
8957056,2026-08-29T10:43:30,98.72,0,F,1691.42,-7584.75,47.52076721,-122.26146698,E,,,6.49,21.74,,,
8958135,2026-08-29T10:43:31,117.46,0.11,F,1691.46,-7584.76,47.52076721,-122.26146698,E,,,6.48,21.68,,,
8959223,2026-08-29T10:43:33,122.99,0,F,1691.48,-7584.78,47.52076721,-122.26146698,E,,,6.51,21.73,,,
8960292,2026-08-29T10:43:34,129.96,0.115,F,1691.5,-7584.79,47.52076721,-122.26146698,E,,,6.53,21.73,,,
8961378,2026-08-29T10:43:35,140.15,0.117,F,1691.59,-7584.89,47.52076721,-122.26146698,E,,,6.59,21.74,,,
8962447,2026-08-29T10:43:36,163.91,0,F,1691.62,-7584.93,47.5207634,-122.26146698,E,,,6.59,21.74,,,
8963536,2026-08-29T10:43:37,184.44,0,F,1691.62,-7584.93,47.5207634,-122.26146698,E,,,6.53,21.74,,,
8964620,2026-08-29T10:43:38,193.05,0,F,1691.62,-7584.93,47.5207634,-122.26146698,E,,,6.42,21.75,,,
8965689,2026-08-29T10:43:39,204.39,0,F,1691.62,-7584.93,47.5207634,-122.26146698,E,,,6.31,21.74,,,
8966778,2026-08-29T10:43:40,197.5,0,F,1691.62,-7584.93,47.5207634,-122.26146698,E,,,6.16,21.74,,,
8967860,2026-08-29T10:43:41,189.15,0,F,1691.62,-7584.93,47.5207634,-122.26146698,E,,,6.16,21.75,,,
8968929,2026-08-29T10:43:42,171.37,0.219,F,1691.63,-7585.05,47.5207634,-122.26146698,E,,,6.14,21.74,,,
8970007,2026-08-29T10:43:43,168.62,0.346,F,1691.69,-7585.35,47.52075958,-122.26146698,E,,,6.17,21.76,,,
8971096,2026-08-29T10:43:44,166.86,0.447,F,1691.78,-7585.78,47.52075577,-122.26146698,E,,,6.24,21.74,,,
8972186,2026-08-29T10:43:46,153.02,0.518,F,1691.95,-7586.27,47.52075195,-122.26145935,E,,,6.34,21.7,,,
8973257,2026-08-29T10:43:47,151.31,0.584,F,1692.23,-7586.8,47.52074814,-122.26145935,E,,,6.43,21.72,,,
8974344,2026-08-29T10:43:48,149.43,0.656,F,1692.56,-7587.38,47.52074432,-122.26145172,E,,,6.5,21.74,,,
8975414,2026-08-29T10:43:49,148.07,0.696,F,1692.94,-7588,47.52073669,-122.26144409,E,,,6.59,21.74,,,
8976504,2026-08-29T10:43:50,140.31,0.748,F,1693.4,-7588.63,47.52073288,-122.26144409,E,,,6.68,21.75,,,
8977589,2026-08-29T10:43:51,157.76,0.771,F,1693.87,-7589.31,47.52072525,-122.26143646,E,,,6.68,21.75,,,
8978659,2026-08-29T10:43:52,175.79,0.83,F,1694.01,-7590.15,47.52071762,-122.26143646,E,,,6.59,21.74,,,
8979748,2026-08-29T10:43:53,174.29,0.813,F,1694.1,-7591.05,47.52070999,-122.26142883,E,,,6.51,21.74,,,
8980831,2026-08-29T10:43:54,180.33,0.802,F,1694.14,-7591.91,47.52070236,-122.26142883,E,,,6.46,21.75,,,
8981900,2026-08-29T10:43:55,178.93,0.809,F,1694.13,-7592.79,47.52069473,-122.26142883,E,,,6.43,21.74,,,
8982989,2026-08-29T10:43:56,166.46,0.837,F,1694.24,-7593.7,47.5206871,-122.26142883,E,,,6.44,21.74,,,
8984070,2026-08-29T10:43:57,147.32,0.874,F,1694.59,-7594.55,47.52067947,-122.26142883,E,,,6.45,21.75,,,
8985160,2026-08-29T10:43:59,132.02,0.859,F,1695.19,-7595.26,47.52067184,-122.2614212,E,,,6.46,21.76,,,
8986247,2026-08-29T10:44:00,127.92,0.833,F,1695.9,-7595.85,47.52066803,-122.26140594,E,,,6.48,21.74,,,
8987326,2026-08-29T10:44:01,120.78,0.828,F,1696.63,-7596.37,47.52066422,-122.26139832,E,,,6.49,21.68,,,
8988414,2026-08-29T10:44:02,122.61,0.825,F,1697.4,-7596.84,47.52065659,-122.26139069,E,,,6.54,21.74,,,
8989484,2026-08-29T10:44:03,129.75,0.8,F,1698.13,-7597.31,47.52065277,-122.26137543,E,,,6.6,21.73,,,
8990570,2026-08-29T10:44:04,135.92,0.819,F,1698.78,-7597.9,47.52064896,-122.2613678,E,,,6.64,21.75,,,
8991639,2026-08-29T10:44:05,142.67,0.822,F,1699.35,-7598.57,47.52064133,-122.26136017,E,,,6.66,21.74,,,
8992728,2026-08-29T10:44:06,151.63,0.792,F,1699.81,-7599.32,47.52063751,-122.26135254,E,,,6.76,21.74,,,
8993812,2026-08-29T10:44:07,154.83,0.816,F,1700.21,-7600.09,47.52062988,-122.26135254,E,,,6.83,21.75,,,
8994881,2026-08-29T10:44:08,153.72,0.85,F,1700.59,-7600.9,47.52062225,-122.26134491,E,,,6.88,21.74,,,
8995970,2026-08-29T10:44:09,145.09,0.866,F,1701.07,-7601.7,47.52061462,-122.26133728,E,,,6.92,21.74,,,
8997052,2026-08-29T10:44:10,137.83,0.865,F,1701.67,-7602.42,47.52060699,-122.26132965,E,,,6.93,21.75,,,
8998121,2026-08-29T10:44:11,138.78,0.869,F,1702.3,-7603.1,47.52060318,-122.26132202,E,,,6.87,21.73,,,
8999210,2026-08-29T10:44:13,142.57,0.881,F,1702.91,-7603.84,47.52059555,-122.26131439,E,,,6.75,21.74,,,
9000293,2026-08-29T10:44:14,145.29,0.864,F,1703.46,-7604.59,47.52058792,-122.26130676,E,,,6.69,21.74,,,
9001359,2026-08-29T10:44:15,155.43,0.814,F,1703.89,-7605.37,47.52058029,-122.26129913,E,,,6.76,21.72,,,
9002423,2026-08-29T10:44:16,157.39,0.836,F,1704.25,-7606.16,47.52057266,-122.26129913,E,,,6.84,21.71,,,
9003493,2026-08-29T10:44:17,159.73,0.861,F,1704.57,-7607.01,47.52056503,-122.2612915,E,,,6.92,21.72,,,
9004582,2026-08-29T10:44:18,162.99,0.876,F,1704.89,-7607.9,47.5205574,-122.2612915,E,,,6.98,21.74,,,
9005668,2026-08-29T10:44:19,176.1,0.886,F,1705.07,-7608.84,47.52054977,-122.26128387,E,,,6.98,21.74,,,
9006737,2026-08-29T10:44:20,190.32,0.886,F,1705,-7609.78,47.52054214,-122.26128387,E,,,6.97,21.73,,,
9007826,2026-08-29T10:44:21,179.7,0.895,F,1704.88,-7610.74,47.52053452,-122.2612915,E,,,6.97,21.74,,,
9008910,2026-08-29T10:44:22,157.54,0.886,F,1705.07,-7611.68,47.52052307,-122.26128387,E,,,6.96,21.75,,,
9009980,2026-08-29T10:44:23,142.19,0.882,F,1705.56,-7612.49,47.52051926,-122.26127625,E,,,6.99,21.74,,,
9011069,2026-08-29T10:44:24,142.21,0.889,F,1706.17,-7613.24,47.52051163,-122.26126862,E,,,7.03,21.74,,,
9012151,2026-08-29T10:44:26,146.16,0.897,F,1706.73,-7614.02,47.520504,-122.26126099,E,,,7.07,21.75,,,
9013220,2026-08-29T10:44:27,152.13,0.879,F,1707.2,-7614.84,47.52049637,-122.26126099,E,,,7.08,21.75,,,
9014309,2026-08-29T10:44:28,156.21,0.889,F,1707.59,-7615.72,47.52048874,-122.26125336,E,,,7.03,21.74,,,
9015389,2026-08-29T10:44:29,153.46,0.898,F,1708.05,-7616.56,47.52048111,-122.26124573,E,,,6.9,21.75,,,
9016477,2026-08-29T10:44:30,179.76,0.834,F,1708.25,-7617.47,47.52047348,-122.26124573,E,,,6.81,21.73,,,
9017556,2026-08-29T10:44:31,179.71,0.816,F,1708.23,-7618.36,47.52046585,-122.26124573,E,,,6.71,21.72,,,
9018625,2026-08-29T10:44:32,175.29,0.806,F,1708.27,-7619.24,47.52045822,-122.26124573,E,,,6.64,21.72,,,
9019711,2026-08-29T10:44:33,162.49,0.781,F,1708.42,-7620.08,47.52045059,-122.2612381,E,,,6.55,21.74,,,
9020780,2026-08-29T10:44:34,133.23,0.783,F,1708.83,-7620.8,47.52044296,-122.2612381,E,,,6.57,21.73,,,
9021848,2026-08-29T10:44:35,101.87,0.813,F,1709.6,-7621.15,47.52043915,-122.26122284,E,,,6.56,21.73,,,
9022917,2026-08-29T10:44:36,85.17,0.82,F,1710.46,-7621.19,47.52043915,-122.26121521,E,,,6.51,21.76,,,
9023991,2026-08-29T10:44:37,84.63,0.809,F,1711.33,-7621.08,47.52043915,-122.26119995,E,,,6.47,21.75,,,
9025059,2026-08-29T10:44:38,89.23,0.805,F,1712.17,-7621.03,47.52043915,-122.26119232,E,,,6.5,21.74,,,
9026142,2026-08-29T10:44:39,91.79,0.81,F,1713.05,-7621.03,47.52043915,-122.26117706,E,,,6.58,21.75,,,
9027211,2026-08-29T10:44:41,94.63,0.845,F,1713.93,-7621.08,47.52043915,-122.26116943,E,,,6.66,21.74,,,
9028300,2026-08-29T10:44:42,106.4,0.862,F,1714.85,-7621.25,47.52043915,-122.26115417,E,,,6.68,21.74,,,
9029381,2026-08-29T10:44:43,120.14,0.847,F,1715.69,-7621.65,47.52043533,-122.26114655,E,,,6.61,21.75,,,
9030460,2026-08-29T10:44:44,124.3,0.841,F,1716.46,-7622.14,47.52043152,-122.26113129,E,,,6.57,21.75,,,
9031558,2026-08-29T10:44:45,132.1,0.846,F,1717.2,-7622.69,47.5204277,-122.26112366,E,,,6.55,21.75,,,
9032625,2026-08-29T10:44:46,134.31,0.842,F,1717.84,-7623.33,47.52042007,-122.26111603,E,,,6.53,21.72,,,
9033695,2026-08-29T10:44:47,132.97,0.839,F,1718.49,-7623.95,47.52041626,-122.2611084,E,,,6.5,21.72,,,
9034784,2026-08-29T10:44:48,138.89,0.833,F,1719.13,-7624.6,47.52040863,-122.26110077,E,,,6.46,21.74,,,
9035870,2026-08-29T10:44:49,161.75,0.79,F,1719.56,-7625.35,47.520401,-122.26109314,E,,,6.53,21.74,,,
9036939,2026-08-29T10:44:50,161.02,0.816,F,1719.81,-7626.17,47.52039337,-122.26109314,E,,,6.66,21.73,,,
9038028,2026-08-29T10:44:51,161.17,0.831,F,1720.1,-7627.03,47.52038574,-122.26108551,E,,,6.79,21.74,,,
9039112,2026-08-29T10:44:52,154.74,0.827,F,1720.43,-7627.86,47.52037811,-122.26107788,E,,,6.87,21.75,,,
9040181,2026-08-29T10:44:54,149.21,0.844,F,1720.86,-7628.65,47.5203743,-122.26107788,E,,,6.92,21.74,,,
9041270,2026-08-29T10:44:55,149.81,0.85,F,1721.33,-7629.44,47.52036667,-122.26107025,E,,,6.95,21.74,,,
9042352,2026-08-29T10:44:56,151.42,0.855,F,1721.78,-7630.24,47.52035904,-122.26106262,E,,,6.99,21.75,,,
9043421,2026-08-29T10:44:57,147.01,0.862,F,1722.25,-7631.03,47.52035141,-122.26105499,E,,,7.03,21.74,,,
9044510,2026-08-29T10:44:58,148.91,0.835,F,1722.75,-7631.81,47.52034378,-122.26104736,E,,,7.07,21.75,,,
9045590,2026-08-29T10:44:59,146.68,0.818,F,1723.22,-7632.56,47.52033615,-122.26104736,E,,,7.08,21.76,,,
9046678,2026-08-29T10:45:00,141.16,0.82,F,1723.74,-7633.27,47.52033234,-122.26103973,E,,,7.06,21.74,,,
9047757,2026-08-29T10:45:01,138.74,0.836,F,1724.33,-7633.95,47.52032471,-122.2610321,E,,,6.99,21.72,,,
9048826,2026-08-29T10:45:02,136.81,0.835,F,1724.92,-7634.62,47.52031708,-122.26102448,E,,,6.95,21.73,,,
9049912,2026-08-29T10:45:03,133.92,0.858,F,1725.56,-7635.28,47.52031326,-122.26101685,E,,,6.95,21.74,,,
9050981,2026-08-29T10:45:04,126.39,0.866,F,1726.27,-7635.87,47.52030945,-122.26100159,E,,,6.96,21.74,,,
9052049,2026-08-29T10:45:05,128.84,0.768,F,1726.98,-7636.4,47.52030182,-122.26099396,E,,,7.01,21.74,,,
9053118,2026-08-29T10:45:06,130.24,0.592,F,1727.54,-7636.86,47.520298,-122.26098633,E,,,7.1,21.76,,,
9054192,2026-08-29T10:45:08,140.74,0.471,F,1727.95,-7637.24,47.52029419,-122.2609787,E,,,7.16,21.75,,,
9055260,2026-08-29T10:45:09,159.29,0.343,F,1728.16,-7637.61,47.52029037,-122.2609787,E,,,7.24,21.74,,,
9056343,2026-08-29T10:45:10,164.64,0.254,F,1728.25,-7637.91,47.52029037,-122.2609787,E,,,7.33,21.76,,,
9057413,2026-08-29T10:45:11,168.89,0.19,F,1728.31,-7638.14,47.52028656,-122.2609787,E,,,7.32,21.75,,,
9058502,2026-08-29T10:45:12,170.62,0.132,F,1728.35,-7638.31,47.52028656,-122.2609787,E,,,7.14,21.75,,,
9059583,2026-08-29T10:45:13,172.3,0.105,F,1728.36,-7638.44,47.52028275,-122.2609787,E,,,7.08,21.75,,,
9060624,2026-08-29T10:45:14,176.86,0,F,1728.37,-7638.48,47.52028275,-122.2609787,E,,,6.99,21.75,,,
9061682,2026-08-29T10:45:15,179.91,0,F,1728.37,-7638.48,47.52028275,-122.2609787,E,,,6.95,21.72,,,
9062777,2026-08-29T10:45:16,166.75,0.265,F,1728.4,-7638.64,47.52028275,-122.2609787,E,,,6.74,21.74,,,
9063857,2026-08-29T10:45:17,173.91,0.349,F,1728.47,-7638.97,47.52027893,-122.26097107,E,,,6.67,21.68,,,
9064946,2026-08-29T10:45:18,185.89,0.45,F,1728.46,-7639.41,47.52027512,-122.26097107,E,,,6.65,21.73,,,
9066035,2026-08-29T10:45:19,190.84,0.536,F,1728.38,-7639.93,47.5202713,-122.2609787,E,,,6.68,21.75,,,
9067110,2026-08-29T10:45:20,184.77,0.609,F,1728.3,-7640.55,47.52026749,-122.2609787,E,,,6.71,21.74,,,
9068180,2026-08-29T10:45:22,181.73,0.676,F,1728.27,-7641.24,47.52025986,-122.2609787,E,,,6.77,21.74,,,
9069269,2026-08-29T10:45:23,181.9,0.72,F,1728.25,-7642,47.52025223,-122.2609787,E,,,6.81,21.74,,,
9070353,2026-08-29T10:45:24,186.15,0.765,F,1728.19,-7642.79,47.5202446,-122.2609787,E,,,6.78,21.75,,,
9071423,2026-08-29T10:45:25,180.46,0.784,F,1728.12,-7643.63,47.52023697,-122.2609787,E,,,6.66,21.74,,,
9072513,2026-08-29T10:45:26,169.43,0.794,F,1728.2,-7644.48,47.52022934,-122.2609787,E,,,6.54,21.75,,,
9073595,2026-08-29T10:45:27,170.93,0.801,F,1728.38,-7645.33,47.52022171,-122.2609787,E,,,6.4,21.75,,,
9074665,2026-08-29T10:45:28,178.76,0.756,F,1728.45,-7646.15,47.52021408,-122.26097107,E,,,6.45,21.74,,,
9075754,2026-08-29T10:45:29,187.66,0.804,F,1728.41,-7647,47.52020645,-122.2609787,E,,,6.45,21.75,,,
9076834,2026-08-29T10:45:30,196.89,0.824,F,1728.21,-7647.84,47.52019882,-122.2609787,E,,,6.47,21.76,,,
9077922,2026-08-29T10:45:31,197.44,0.851,F,1727.94,-7648.71,47.52019119,-122.2609787,E,,,6.5,21.74,,,
9079001,2026-08-29T10:45:32,197.73,0.871,F,1727.65,-7649.6,47.52018356,-122.26098633,E,,,6.43,21.72,,,
9080070,2026-08-29T10:45:33,195.99,0.888,F,1727.38,-7650.49,47.52017593,-122.26098633,E,,,6.35,21.73,,,
9081156,2026-08-29T10:45:35,193.64,0.895,F,1727.13,-7651.43,47.5201683,-122.26099396,E,,,6.23,21.74,,,
9082225,2026-08-29T10:45:36,199.28,0.862,F,1726.87,-7652.33,47.52016068,-122.26099396,E,,,6.18,21.74,,,
9083295,2026-08-29T10:45:37,200.35,0.881,F,1726.55,-7653.21,47.52015305,-122.26100159,E,,,6.09,21.74,,,
9084381,2026-08-29T10:45:38,203.17,0.902,F,1726.19,-7654.12,47.52014542,-122.26100159,E,,,5.96,21.75,,,
9085449,2026-08-29T10:45:39,203.93,0.91,F,1725.8,-7655,47.52013397,-122.26100922,E,,,5.82,21.74,,,
9086533,2026-08-29T10:45:40,204.99,0.925,F,1725.39,-7655.91,47.52012634,-122.26101685,E,,,5.66,21.75,,,
9087622,2026-08-29T10:45:41,213.3,0.934,F,1724.91,-7656.79,47.52011871,-122.26102448,E,,,5.49,21.76,,,
9088693,2026-08-29T10:45:42,215.06,0.916,F,1724.34,-7657.61,47.52011108,-122.2610321,E,,,5.3,21.75,,,
9089763,2026-08-29T10:45:43,216.51,0.856,F,1723.79,-7658.4,47.52010345,-122.26103973,E,,,5.08,21.74,,,
9090836,2026-08-29T10:45:44,219.36,0.833,F,1723.23,-7659.12,47.52009964,-122.26104736,E,,,4.84,21.76,,,
9091924,2026-08-29T10:45:45,226.35,0.815,F,1722.62,-7659.78,47.52009201,-122.26105499,E,,,4.62,21.74,,,
9093022,2026-08-29T10:45:46,228.25,0.785,F,1721.97,-7660.37,47.5200882,-122.26106262,E,,,4.42,21.74,,,
9094092,2026-08-29T10:45:47,235.31,0.77,F,1721.31,-7660.88,47.52008438,-122.26107025,E,,,4.25,21.72,,,
9095179,2026-08-29T10:45:49,234.25,0.771,F,1720.63,-7661.36,47.52008057,-122.26107788,E,,,4.12,21.74,,,
9096248,2026-08-29T10:45:50,228.2,0.736,F,1720.01,-7661.86,47.52007294,-122.26108551,E,,,4.03,21.74,,,
9097337,2026-08-29T10:45:51,225.84,0.747,F,1719.42,-7662.42,47.52006912,-122.26109314,E,,,4.01,21.75,,,
9098422,2026-08-29T10:45:52,227.44,0.77,F,1718.83,-7663,47.52006531,-122.26110077,E,,,3.99,21.76,,,
9099491,2026-08-29T10:45:53,224.25,0.789,F,1718.22,-7663.57,47.52005768,-122.2611084,E,,,3.96,21.75,,,
9100581,2026-08-29T10:45:54,219.1,0.812,F,1717.65,-7664.23,47.52005386,-122.26111603,E,,,3.95,21.75,,,
9101664,2026-08-29T10:45:55,216.3,0.843,F,1717.11,-7664.94,47.52004623,-122.26112366,E,,,3.89,21.76,,,
9102733,2026-08-29T10:45:56,216.8,0.869,F,1716.57,-7665.67,47.5200386,-122.26113129,E,,,3.85,21.76,,,
9103822,2026-08-29T10:45:57,217.4,0.869,F,1716,-7666.41,47.52003479,-122.26113892,E,,,3.78,21.75,,,
9104903,2026-08-29T10:45:58,212.24,0.882,F,1715.45,-7667.19,47.52002716,-122.26114655,E,,,3.6,21.77,,,
9105993,2026-08-29T10:45:59,213.54,0.889,F,1714.93,-7668,47.52001953,-122.26115417,E,,,3.38,21.77,,,
9107080,2026-08-29T10:46:00,223,0.867,F,1714.35,-7668.76,47.5200119,-122.2611618,E,,,3.09,21.75,,,
9108159,2026-08-29T10:46:02,226.44,0.881,F,1713.67,-7669.4,47.52000809,-122.26116943,E,,,2.74,21.69,,,
9109247,2026-08-29T10:46:03,230.69,0.862,F,1712.96,-7670.03,47.52000046,-122.26118469,E,,,2.36,21.74,,,
9110316,2026-08-29T10:46:04,237.5,0.851,F,1712.21,-7670.57,47.51999664,-122.26119232,E,,,2,21.74,,,
9111402,2026-08-29T10:46:05,242.53,0.811,F,1711.43,-7671.04,47.51999283,-122.26119995,E,,,1.69,21.75,,,
9112471,2026-08-29T10:46:06,248.77,0.806,F,1710.64,-7671.38,47.51998901,-122.26121521,E,,,1.42,21.75,,,
9113560,2026-08-29T10:46:07,240.87,0.81,F,1709.84,-7671.74,47.5199852,-122.26122284,E,,,1.25,21.75,,,
9114644,2026-08-29T10:46:08,234.73,0.812,F,1709.1,-7672.21,47.51998138,-122.26123047,E,,,1.12,21.76,,,
9115713,2026-08-29T10:46:09,229.12,0.82,F,1708.42,-7672.75,47.51997757,-122.2612381,E,,,0.98,21.74,,,
9116802,2026-08-29T10:46:10,236.33,0.806,F,1707.73,-7673.3,47.51996994,-122.26125336,E,,,0.84,21.75,,,
9117884,2026-08-29T10:46:11,239.75,0.838,F,1706.96,-7673.75,47.51996613,-122.26126099,E,,,0.76,21.76,,,
9118954,2026-08-29T10:46:12,230.51,0.85,F,1706.22,-7674.27,47.51996231,-122.26126862,E,,,0.68,21.75,,,
9120043,2026-08-29T10:46:13,235.46,0.879,F,1705.48,-7674.86,47.5199585,-122.26128387,E,,,0.37,21.74,,,
9121145,2026-08-29T10:46:15,248.71,0.841,F,1704.64,-7675.3,47.51995468,-122.2612915,E,,,0.02,21.74,,,
9122235,2026-08-29T10:46:16,227.57,0.791,F,1703.85,-7675.7,47.51995087,-122.26129913,E,,,-0.2,21.72,,,
9123304,2026-08-29T10:46:17,203.94,0.722,F,1703.34,-7676.31,47.51994324,-122.26130676,E,,,-0.17,21.72,,,
9124391,2026-08-29T10:46:18,164.92,0.696,F,1703.29,-7677.05,47.51993942,-122.26130676,E,,,-0.24,21.74,,,
9125461,2026-08-29T10:46:19,163.51,0.593,F,1703.57,-7677.71,47.51993179,-122.26130676,E,,,-0.18,21.74,,,
9126550,2026-08-29T10:46:20,181.39,0.454,F,1703.63,-7678.26,47.51992798,-122.26130676,E,,,-0.06,21.75,,,
9127635,2026-08-29T10:46:21,191.45,0.399,F,1703.59,-7678.72,47.51992416,-122.26130676,E,,,-0.01,21.75,,,
9128705,2026-08-29T10:46:22,200.52,0.435,F,1703.46,-7679.14,47.51992035,-122.26130676,E,,,0.07,21.74,,,
9129794,2026-08-29T10:46:23,208.41,0.472,F,1703.27,-7679.57,47.51991653,-122.26130676,E,,,0.08,21.75,,,
9130877,2026-08-29T10:46:24,216.99,0.524,F,1702.98,-7680.01,47.51991272,-122.26131439,E,,,0.03,21.75,,,
9131946,2026-08-29T10:46:25,223.4,0.577,F,1702.6,-7680.44,47.51990891,-122.26132202,E,,,-0.04,21.74,,,
9133035,2026-08-29T10:46:26,212.02,0.596,F,1702.19,-7680.93,47.51990128,-122.26132202,E,,,-0.09,21.75,,,
9134116,2026-08-29T10:46:27,178.77,0.638,F,1702.02,-7681.56,47.51989746,-122.26132965,E,,,-0.26,21.76,,,
9135207,2026-08-29T10:46:29,150.09,0.573,F,1702.23,-7682.21,47.51988983,-122.26132202,E,,,-0.23,21.76,,,
9136294,2026-08-29T10:46:30,162.07,0.482,F,1702.47,-7682.74,47.51988602,-122.26132202,E,,,-0.17,21.74,,,
9137373,2026-08-29T10:46:31,180.45,0.48,F,1702.54,-7683.23,47.5198822,-122.26132202,E,,,-0.11,21.68,,,
9138461,2026-08-29T10:46:32,193.02,0.514,F,1702.49,-7683.76,47.51987839,-122.26132202,E,,,-0.08,21.73,,,
9139531,2026-08-29T10:46:33,205.13,0.568,F,1702.3,-7684.31,47.51987076,-122.26132202,E,,,-0.06,21.73,,,
9140617,2026-08-29T10:46:34,212.84,0.602,F,1701.98,-7684.86,47.51986694,-122.26132965,E,,,-0.14,21.74,,,
9141687,2026-08-29T10:46:35,216.37,0.615,F,1701.6,-7685.38,47.51986313,-122.26132965,E,,,-0.24,21.74,,,
9142776,2026-08-29T10:46:36,201.04,0.553,F,1701.28,-7685.92,47.51985931,-122.26133728,E,,,-0.25,21.74,,,
9143860,2026-08-29T10:46:37,185.01,0.438,F,1701.18,-7686.44,47.51985168,-122.26133728,E,,,-0.24,21.75,,,
9144929,2026-08-29T10:46:38,181.02,0.44,F,1701.16,-7686.88,47.51984787,-122.26133728,E,,,-0.27,21.73,,,
9146018,2026-08-29T10:46:39,177.62,0.345,F,1701.17,-7687.31,47.51984406,-122.26133728,E,,,-0.3,21.73,,,
9147100,2026-08-29T10:46:40,192.65,0.279,F,1701.14,-7687.66,47.51984406,-122.26133728,E,,,-0.26,21.74,,,
9148169,2026-08-29T10:46:42,204.06,0.287,F,1701.05,-7687.92,47.51984024,-122.26133728,E,,,-0.3,21.72,,,
9149258,2026-08-29T10:46:43,209.7,0.276,F,1700.9,-7688.21,47.51983643,-122.26134491,E,,,-0.24,21.72,,,
9150338,2026-08-29T10:46:44,224.7,0.28,F,1700.73,-7688.43,47.51983643,-122.26134491,E,,,-0.24,21.73,,,
9156820,2026-08-29T10:46:50,225.63,0.281,F,1700.66,-7688.5,47.51983643,-122.26134491,E,,,-0.25,21.69,,,
9157927,2026-08-29T10:46:51,240.79,0.184,F,1700.47,-7688.63,47.51983261,-122.26134491,E,,,-0.01,21.6,,,
9158968,2026-08-29T10:46:52,238.25,0.162,F,1700.33,-7688.71,47.51983261,-122.26135254,E,,,0.13,21.67,,,
9160006,2026-08-29T10:46:53,230.02,0.114,F,1700.22,-7688.81,47.51983261,-122.26135254,E,,,0.14,21.66,,,
9161052,2026-08-29T10:46:54,226.84,0,F,1700.18,-7688.83,47.51983261,-122.26135254,E,,,0.14,21.67,,,
9162103,2026-08-29T10:46:55,250.33,0,F,1700.18,-7688.83,47.51983261,-122.26135254,E,,,0.09,21.69,,,
9163155,2026-08-29T10:46:57,286.15,0,F,1700.18,-7688.83,47.51983261,-122.26135254,E,,,0.1,21.7,,,
9164216,2026-08-29T10:46:58,291.4,0,F,1700.18,-7688.83,47.51983261,-122.26135254,E,,,0.1,21.7,,,
9165245,2026-08-29T10:46:59,290.65,0,F,1700.18,-7688.83,47.51983261,-122.26135254,E,,,0.1,21.69,,,
9166286,2026-08-29T10:47:00,295.45,0,F,1700.18,-7688.83,47.51983261,-122.26135254,E,,,0.11,21.7,,,
9167344,2026-08-29T10:47:01,300.49,0,F,1700.18,-7688.83,47.51983261,-122.26135254,E,,,0.1,21.63,,,
9168394,2026-08-29T10:47:02,289.75,0,F,1700.18,-7688.83,47.51983261,-122.26135254,E,,,0.04,21.74,,,
9169434,2026-08-29T10:47:03,276.39,0,F,1700.18,-7688.83,47.51983261,-122.26135254,E,,,0.09,21.7,,,
9170472,2026-08-29T10:47:04,272.53,0,F,1700.18,-7688.83,47.51983261,-122.26135254,E,,,0.12,21.76,,,
9171504,2026-08-29T10:47:05,272.58,0,F,1700.18,-7688.83,47.51983261,-122.26135254,E,,,0.12,21.72,,,
9172534,2026-08-29T10:47:06,276.93,0,F,1700.18,-7688.83,47.51983261,-122.26135254,E,,,0.12,21.74,,,
9173573,2026-08-29T10:47:07,284.83,0,F,1700.18,-7688.83,47.51983261,-122.26135254,E,,,0.12,21.77,,,
9174612,2026-08-29T10:47:08,290.23,0,F,1700.18,-7688.83,47.51983261,-122.26135254,E,,,0.13,21.77,,,
9175654,2026-08-29T10:47:09,279.92,0,F,1700.18,-7688.83,47.51983261,-122.26135254,E,,,0.15,21.72,,,
9176685,2026-08-29T10:47:10,272.89,0,F,1700.18,-7688.83,47.51983261,-122.26135254,E,,,0.16,21.73,,,
9177717,2026-08-29T10:47:11,257.97,0,F,1700.18,-7688.83,47.51983261,-122.26135254,E,,,0.13,21.73,,,
9178790,2026-08-29T10:47:12,256.45,0,F,1700.18,-7688.83,47.51983261,-122.26135254,E,,,0.16,21.73,,,
9179831,2026-08-29T10:47:13,264.76,0,F,1700.18,-7688.83,47.51983261,-122.26135254,E,,,0.17,21.72,,,
9180900,2026-08-29T10:47:14,264.47,0,F,1700.18,-7688.83,47.51983261,-122.26135254,E,,,0.18,21.72,,,
9181948,2026-08-29T10:47:15,261.43,0,F,1700.18,-7688.83,47.51983261,-122.26135254,E,,,0.19,21.72,,,
9182998,2026-08-29T10:47:16,256.76,0,F,1700.18,-7688.83,47.51983261,-122.26135254,E,,,0.2,21.72,,,
9184047,2026-08-29T10:47:17,256.86,0,F,1700.18,-7688.83,47.51983261,-122.26135254,E,,,0.19,21.72,,,
9185100,2026-08-29T10:47:18,258.87,0,F,1700.18,-7688.83,47.51983261,-122.26135254,E,,,0.2,21.66,,,
9186152,2026-08-29T10:47:20,260.34,0,F,1700.18,-7688.83,47.51983261,-122.26135254,E,,,0.2,21.74,,,
9187198,2026-08-29T10:47:21,259.01,0,F,1700.18,-7688.83,47.51983261,-122.26135254,E,,,0.2,21.71,,,
9188243,2026-08-29T10:47:22,258.18,0,F,1700.18,-7688.83,47.51983261,-122.26135254,E,,,0.2,21.71,,,
9189291,2026-08-29T10:47:23,258.21,0,F,1700.18,-7688.83,47.51983261,-122.26135254,E,,,0.21,21.71,,,
9190342,2026-08-29T10:47:24,257.93,0,F,1700.18,-7688.83,47.51983261,-122.26135254,E,,,0.19,21.76,,,
9191397,2026-08-29T10:47:25,257.95,0,F,1700.18,-7688.83,47.51983261,-122.26135254,E,,,0.2,21.72,,,
9192446,2026-08-29T10:47:26,257.44,0,F,1700.18,-7688.83,47.51983261,-122.26135254,E,,,0.2,21.73,,,
9193506,2026-08-29T10:47:27,257.39,0,F,1700.18,-7688.83,47.51983261,-122.26135254,E,,,0.2,21.78,,,
9194575,2026-08-29T10:47:28,258.57,0,F,1700.18,-7688.83,47.51983261,-122.26135254,E,,,0.21,21.73,,,
9195614,2026-08-29T10:47:29,259.7,0,F,1700.18,-7688.83,47.51983261,-122.26135254,E,,,0.19,21.79,,,
9196658,2026-08-29T10:47:30,259.19,0,F,1700.18,-7688.83,47.51983261,-122.26135254,E,,,0.2,21.76,,,
9197712,2026-08-29T10:47:31,259.48,0,F,1700.18,-7688.83,47.51983261,-122.26135254,E,,,0.2,21.76,,,
9198767,2026-08-29T10:47:32,260.47,0,F,1700.18,-7688.83,47.51983261,-122.26135254,E,,,0.2,21.76,,,
9199798,2026-08-29T10:47:33,258.97,0,F,1700.18,-7688.83,47.51983261,-122.26135254,E,,,0.19,21.76,,,
9200832,2026-08-29T10:47:34,260.05,0,F,1700.18,-7688.83,47.51983261,-122.26135254,E,,,0.2,21.74,,,
9201887,2026-08-29T10:47:35,259.14,0,F,1700.18,-7688.83,47.51983261,-122.26135254,E,,,0.19,21.76,,,
9202919,2026-08-29T10:47:36,258.82,0,F,1700.18,-7688.83,47.51983261,-122.26135254,E,,,0.19,21.75,,,
9203958,2026-08-29T10:47:37,258.65,0,F,1700.18,-7688.83,47.51983261,-122.26135254,E,,,0.19,21.76,,,
9205022,2026-08-29T10:47:38,258.92,0,F,1700.18,-7688.83,47.51983261,-122.26135254,E,,,0.2,21.74,,,
9206091,2026-08-29T10:47:39,258.45,0,F,1700.18,-7688.83,47.51983261,-122.26135254,E,,,0.2,21.76,,,
9207137,2026-08-29T10:47:40,258.71,0,F,1700.18,-7688.83,47.51983261,-122.26135254,E,,,0.2,21.76,,,
9208192,2026-08-29T10:47:42,259.07,0,F,1700.18,-7688.83,47.51983261,-122.26135254,E,,,0.19,21.76,,,
9209258,2026-08-29T10:47:43,258.92,0,F,1700.18,-7688.83,47.51983261,-122.26135254,E,,,0.19,21.73,,,
9210320,2026-08-29T10:47:44,259.05,0,F,1700.18,-7688.83,47.51983261,-122.26135254,E,,,0.19,21.66,,,
9211374,2026-08-29T10:47:45,257.66,0,F,1700.18,-7688.83,47.51983261,-122.26135254,E,,,0.2,21.73,,,
9212443,2026-08-29T10:47:46,258.94,0,F,1700.18,-7688.83,47.51983261,-122.26135254,E,,,0.19,21.77,,,
9213496,2026-08-29T10:47:47,260.64,0,F,1700.18,-7688.83,47.51983261,-122.26135254,E,,,0.19,21.73,,,
9214543,2026-08-29T10:47:48,260.58,0,F,1700.18,-7688.83,47.51983261,-122.26135254,E,,,0.19,21.7,,,
9215595,2026-08-29T10:47:49,260.69,0,F,1700.18,-7688.83,47.51983261,-122.26135254,E,,,0.19,21.79,,,
9216654,2026-08-29T10:47:50,260.54,0,F,1700.18,-7688.83,47.51983261,-122.26135254,E,,,0.2,21.76,,,
9217687,2026-08-29T10:47:51,260.57,0,F,1700.18,-7688.83,47.51983261,-122.26135254,E,,,0.19,21.76,,,
9218735,2026-08-29T10:47:52,260.73,0,F,1700.18,-7688.83,47.51983261,-122.26135254,E,,,0.19,21.77,,,
9219782,2026-08-29T10:47:53,260.42,0,F,1700.18,-7688.83,47.51983261,-122.26135254,E,,,0.19,21.77,,,
9220824,2026-08-29T10:47:54,260.77,0,F,1700.18,-7688.83,47.51983261,-122.26135254,E,,,0.18,21.74,,,
9221876,2026-08-29T10:47:55,260.24,0,F,1700.18,-7688.83,47.51983261,-122.26135254,E,,,0.19,21.75,,,
9222934,2026-08-29T10:47:56,260.56,0,F,1700.18,-7688.83,47.51983261,-122.26135254,E,,,0.19,21.77,,,
9223998,2026-08-29T10:47:57,261.28,0,F,1700.18,-7688.83,47.51983261,-122.26135254,E,,,0.19,21.75,,,
9225045,2026-08-29T10:47:58,261.48,0,F,1700.18,-7688.83,47.51983261,-122.26135254,E,,,0.19,21.73,,,
9226060,2026-08-29T10:47:59,261.72,0,F,1700.18,-7688.83,47.51983261,-122.26135254,E,,,0.2,21.76,,,
9227118,2026-08-29T10:48:00,262.23,0,F,1700.18,-7688.83,47.51983261,-122.26135254,E,,,0.19,21.76,,,
9228161,2026-08-29T10:48:02,262.48,0,F,1700.18,-7688.83,47.51983261,-122.26135254,E,,,0.2,21.77,,,
9229217,2026-08-29T10:48:03,261.36,0,F,1700.18,-7688.83,47.51983261,-122.26135254,E,,,0.2,21.77,,,
9230288,2026-08-29T10:48:04,260.68,0,F,1700.18,-7688.83,47.51983261,-122.26135254,E,,,0.19,21.76,,,
9231329,2026-08-29T10:48:05,260.78,0,F,1700.18,-7688.83,47.51983261,-122.26135254,E,,,0.19,21.75,,,
9232378,2026-08-29T10:48:06,262.52,0,F,1700.18,-7688.83,47.51983261,-122.26135254,E,,,0.19,21.63,,,
9233449,2026-08-29T10:48:07,261.6,0,F,1700.18,-7688.83,47.51983261,-122.26135254,E,,,0.19,21.79,,,
9234521,2026-08-29T10:48:08,262.23,0,F,1700.18,-7688.83,47.51983261,-122.26135254,E,,,0.18,21.78,,,
9235573,2026-08-29T10:48:09,262.34,0,F,1700.18,-7688.83,47.51983261,-122.26135254,E,,,0.19,21.79,,,
9236613,2026-08-29T10:48:10,262.2,0,F,1700.18,-7688.83,47.51983261,-122.26135254,E,,,0.19,21.81,,,
9237667,2026-08-29T10:48:11,263.53,0,F,1700.18,-7688.83,47.51983261,-122.26135254,E,,,0.19,21.77,,,
9238742,2026-08-29T10:48:12,262.51,0,F,1700.18,-7688.83,47.51983261,-122.26135254,E,,,0.19,21.78,,,
9239793,2026-08-29T10:48:13,261.61,0,F,1700.18,-7688.83,47.51983261,-122.26135254,E,,,0.19,21.78,,,
9240833,2026-08-29T10:48:14,262.21,0,F,1700.18,-7688.83,47.51983261,-122.26135254,E,,,0.19,21.76,,,
9241900,2026-08-29T10:48:15,261.75,0,F,1700.18,-7688.83,47.51983261,-122.26135254,E,,,0.19,21.78,,,
9242957,2026-08-29T10:48:16,262.38,0,F,1700.18,-7688.83,47.51983261,-122.26135254,E,,,0.18,21.78,,,
9244011,2026-08-29T10:48:17,262.07,0,F,1700.18,-7688.83,47.51983261,-122.26135254,E,,,0.19,21.77,,,
9245060,2026-08-29T10:48:18,261.32,0,F,1700.18,-7688.83,47.51983261,-122.26135254,E,,,0.19,21.77,,,
9246115,2026-08-29T10:48:19,261.61,0,F,1700.18,-7688.83,47.51983261,-122.26135254,E,,,0.19,21.77,,,
9247157,2026-08-29T10:48:21,261.77,0,F,1700.18,-7688.83,47.51983261,-122.26135254,E,,,0.19,21.78,,,
9248219,2026-08-29T10:48:22,262.43,0,F,1700.18,-7688.83,47.51983261,-122.26135254,E,,,0.19,21.78,,,
9249284,2026-08-29T10:48:23,262.44,0,F,1700.18,-7688.83,47.51983261,-122.26135254,E,,,0.18,21.77,,,
9250346,2026-08-29T10:48:24,262.59,0,F,1700.18,-7688.83,47.51983261,-122.26135254,E,,,0.19,21.79,,,
9251415,2026-08-29T10:48:25,263.83,0,F,1700.18,-7688.83,47.51983261,-122.26135254,E,,,0.19,21.76,,,
9252476,2026-08-29T10:48:26,263.71,0,F,1700.18,-7688.83,47.51983261,-122.26135254,E,,,0.19,21.78,,,
9253538,2026-08-29T10:48:27,259.47,0,F,1700.18,-7688.83,47.51983261,-122.26135254,E,,,0.19,21.78,,,
9254591,2026-08-29T10:48:28,260.62,0,F,1700.18,-7688.83,47.51983261,-122.26135254,E,,,0.18,21.72,,,
9255633,2026-08-29T10:48:29,262.53,0,F,1700.18,-7688.83,47.51983261,-122.26135254,E,,,0.19,21.76,,,
9256665,2026-08-29T10:48:30,260.69,0,F,1700.18,-7688.83,47.51983261,-122.26135254,E,,,0.19,21.74,,,
9257723,2026-08-29T10:48:31,259.27,0,F,1700.18,-7688.83,47.51983261,-122.26135254,E,,,0.19,21.78,,,
9258777,2026-08-29T10:48:32,257.1,0,F,1700.18,-7688.83,47.51983261,-122.26135254,E,,,0.19,21.77,,,
9259852,2026-08-29T10:48:33,257.02,0,F,1700.18,-7688.83,47.51983261,-122.26135254,E,,,0.19,21.76,,,
9260926,2026-08-29T10:48:34,258.68,0,F,1700.18,-7688.83,47.51983261,-122.26135254,E,,,0.19,21.77,,,
9261994,2026-08-29T10:48:35,258.56,0,F,1700.18,-7688.83,47.51983261,-122.26135254,E,,,0.19,21.77,,,
9263067,2026-08-29T10:48:36,258.24,0,F,1700.18,-7688.83,47.51983261,-122.26135254,E,,,0.19,21.76,,,
9264135,2026-08-29T10:48:37,257.89,0,F,1700.18,-7688.83,47.51983261,-122.26135254,E,,,0.19,21.77,,,
9265189,2026-08-29T10:48:39,258.11,0,F,1700.18,-7688.83,47.51983261,-122.26135254,E,,,0.2,21.78,,,
9266246,2026-08-29T10:48:40,258.26,0,F,1700.18,-7688.83,47.51983261,-122.26135254,E,,,0.18,21.77,,,
9267309,2026-08-29T10:48:41,259.29,0,F,1700.18,-7688.83,47.51983261,-122.26135254,E,,,0.19,21.75,,,
9268372,2026-08-29T10:48:42,258.39,0,F,1700.18,-7688.83,47.51983261,-122.26135254,E,,,0.19,21.76,,,
9269443,2026-08-29T10:48:43,259.05,0,F,1700.18,-7688.83,47.51983261,-122.26135254,E,,,0.19,21.76,,,
9270498,2026-08-29T10:48:44,259.53,0,F,1700.18,-7688.83,47.51983261,-122.26135254,E,,,0.19,21.74,,,
9271550,2026-08-29T10:48:45,259.49,0,F,1700.18,-7688.83,47.51983261,-122.26135254,E,,,0.19,21.81,,,
9272609,2026-08-29T10:48:46,259.35,0,F,1700.18,-7688.83,47.51983261,-122.26135254,E,,,0.19,21.79,,,
9273678,2026-08-29T10:48:47,259.81,0,F,1700.18,-7688.83,47.51983261,-122.26135254,E,,,0.19,21.76,,,
9274742,2026-08-29T10:48:48,259.31,0,F,1700.18,-7688.83,47.51983261,-122.26135254,E,,,0.19,21.78,,,
9275791,2026-08-29T10:48:49,260.26,0,F,1700.18,-7688.83,47.51983261,-122.26135254,E,,,0.18,21.78,,,
9276855,2026-08-29T10:48:50,259.96,0,F,1700.18,-7688.83,47.51983261,-122.26135254,E,,,0.19,21.77,,,
9277918,2026-08-29T10:48:51,260.4,0,F,1700.18,-7688.83,47.51983261,-122.26135254,E,,,0.19,21.78,,,
9278968,2026-08-29T10:48:52,261.15,0,F,1700.18,-7688.83,47.51983261,-122.26135254,E,,,0.19,21.78,,,
9280018,2026-08-29T10:48:53,260.98,0,F,1700.18,-7688.83,47.51983261,-122.26135254,E,,,0.19,21.79,,,
9281050,2026-08-29T10:48:54,260.76,0,F,1700.18,-7688.83,47.51983261,-122.26135254,E,,,0.19,21.76,,,
9282091,2026-08-29T10:48:55,261.17,0,F,1700.18,-7688.83,47.51983261,-122.26135254,E,,,0.19,21.76,,,
9283142,2026-08-29T10:48:56,259.98,0,F,1700.18,-7688.83,47.51983261,-122.26135254,E,,,0.19,21.79,,,
9284215,2026-08-29T10:48:58,259.98,0,F,1700.18,-7688.83,47.51983261,-122.26135254,E,,,0.2,21.77,,,
9285275,2026-08-29T10:48:59,259.83,0,F,1700.18,-7688.83,47.51983261,-122.26135254,E,,,0.18,21.76,,,
9286349,2026-08-29T10:49:00,260.54,0,F,1700.18,-7688.83,47.51983261,-122.26135254,E,,,0.18,21.8,,,
9287411,2026-08-29T10:49:01,259.8,0,F,1700.18,-7688.83,47.51983261,-122.26135254,E,,,0.19,21.82,,,
9288469,2026-08-29T10:49:02,259.9,0,F,1700.18,-7688.83,47.51983261,-122.26135254,E,,,0.18,21.74,,,
9289532,2026-08-29T10:49:03,261.02,0,F,1700.18,-7688.83,47.51983261,-122.26135254,E,,,0.18,21.8,,,
9290582,2026-08-29T10:49:04,260.29,0,F,1700.18,-7688.83,47.51983261,-122.26135254,E,,,0.2,21.74,,,
9291644,2026-08-29T10:49:05,259.96,0,F,1700.18,-7688.83,47.51983261,-122.26135254,E,,,0.19,21.75,,,
9292696,2026-08-29T10:49:06,260.15,0,F,1700.18,-7688.83,47.51983261,-122.26135254,E,,,0.19,21.77,,,
9293713,2026-08-29T10:49:07,260.53,0,F,1700.18,-7688.83,47.51983261,-122.26135254,E,,,0.19,21.77,,,
9294745,2026-08-29T10:49:08,261.08,0,F,1700.18,-7688.83,47.51983261,-122.26135254,E,,,0.19,21.78,,,
9295775,2026-08-29T10:49:09,259.45,0,F,1700.18,-7688.83,47.51983261,-122.26135254,E,,,0.19,21.75,,,
9296838,2026-08-29T10:49:10,259.1,0,F,1700.18,-7688.83,47.51983261,-122.26135254,E,,,0.19,21.76,,,
9297889,2026-08-29T10:49:11,259.82,0,F,1700.18,-7688.83,47.51983261,-122.26135254,E,,,0.19,21.79,,,
9298951,2026-08-29T10:49:12,261.12,0,F,1700.18,-7688.83,47.51983261,-122.26135254,E,,,0.19,21.78,,,
9299978,2026-08-29T10:49:13,260.03,0,F,1700.18,-7688.83,47.51983261,-122.26135254,E,,,0.19,21.78,,,
9301014,2026-08-29T10:49:14,260.32,0,F,1700.18,-7688.83,47.51983261,-122.26135254,E,,,0.19,21.65,,,
9302067,2026-08-29T10:49:15,260.48,0,F,1700.18,-7688.83,47.51983261,-122.26135254,E,,,0.18,21.78,,,
9303126,2026-08-29T10:49:16,259.6,0,F,1700.18,-7688.83,47.51983261,-122.26135254,E,,,0.19,21.79,,,
9304166,2026-08-29T10:49:18,260.49,0,F,1700.18,-7688.83,47.51983261,-122.26135254,E,,,0.19,21.78,,,
9305217,2026-08-29T10:49:19,262.15,0,F,1700.18,-7688.83,47.51983261,-122.26135254,E,,,0.19,21.77,,,
9306267,2026-08-29T10:49:20,261.75,0,F,1700.18,-7688.83,47.51983261,-122.26135254,E,,,0.19,21.78,,,
9307314,2026-08-29T10:49:21,261.81,0,F,1700.18,-7688.83,47.51983261,-122.26135254,E,,,0.19,21.82,,,
9308353,2026-08-29T10:49:22,260.39,0,F,1700.18,-7688.83,47.51983261,-122.26135254,E,,,0.18,21.81,,,
9309412,2026-08-29T10:49:23,260.25,0,F,1700.18,-7688.83,47.51983261,-122.26135254,E,,,0.2,21.78,,,
9310460,2026-08-29T10:49:24,261.29,0,F,1700.18,-7688.83,47.51983261,-122.26135254,E,,,0.19,21.75,,,
9311523,2026-08-29T10:49:25,261.61,0,F,1700.18,-7688.83,47.51983261,-122.26135254,E,,,0.18,21.83,,,
9312579,2026-08-29T10:49:26,260.46,0,F,1700.18,-7688.83,47.51983261,-122.26135254,E,,,0.19,21.84,,,
9313649,2026-08-29T10:49:27,261.32,0,F,1700.18,-7688.83,47.51983261,-122.26135254,E,,,0.19,21.76,,,
9314698,2026-08-29T10:49:28,260.76,0,F,1700.18,-7688.83,47.51983261,-122.26135254,E,,,0.19,21.78,,,
9315738,2026-08-29T10:49:29,260.06,0,F,1700.18,-7688.83,47.51983261,-122.26135254,E,,,0.2,21.78,,,
9316801,2026-08-29T10:49:30,260.63,0,F,1700.18,-7688.83,47.51983261,-122.26135254,E,,,0.19,21.8,,,
9317862,2026-08-29T10:49:31,261.57,0,F,1700.18,-7688.83,47.51983261,-122.26135254,E,,,0.18,21.78,,,
9318914,2026-08-29T10:49:32,260.05,0,F,1700.18,-7688.83,47.51983261,-122.26135254,E,,,0.2,21.79,,,
9319965,2026-08-29T10:49:33,261.42,0,F,1700.18,-7688.83,47.51983261,-122.26135254,E,,,0.19,21.8,,,
9320973,2026-08-29T10:49:34,260.8,0,F,1700.18,-7688.83,47.51983261,-122.26135254,E,,,0.19,21.79,,,
9322003,2026-08-29T10:49:35,259.67,0,F,1700.18,-7688.83,47.51983261,-122.26135254,E,,,0.2,21.78,,,
9323053,2026-08-29T10:49:36,261.54,0,F,1700.18,-7688.83,47.51983261,-122.26135254,E,,,0.19,21.81,,,
9324111,2026-08-29T10:49:37,262.32,0,F,1700.18,-7688.83,47.51983261,-122.26135254,E,,,0.19,21.8,,,
9325164,2026-08-29T10:49:39,261.54,0,F,1700.18,-7688.83,47.51983261,-122.26135254,E,,,0.19,21.79,,,
9326215,2026-08-29T10:49:40,262.43,0,F,1700.18,-7688.83,47.51983261,-122.26135254,E,,,0.19,21.79,,,
9327254,2026-08-29T10:49:41,263.35,0,F,1700.18,-7688.83,47.51983261,-122.26135254,E,,,0.19,21.79,,,
9328313,2026-08-29T10:49:42,261.27,0,F,1700.18,-7688.83,47.51983261,-122.26135254,E,,,0.2,21.79,,,
9329350,2026-08-29T10:49:43,261.63,0,F,1700.18,-7688.83,47.51983261,-122.26135254,E,,,0.19,21.83,,,
9330420,2026-08-29T10:49:44,263.07,0,F,1700.18,-7688.83,47.51983261,-122.26135254,E,,,0.19,21.71,,,
9331461,2026-08-29T10:49:45,262.8,0,F,1700.18,-7688.83,47.51983261,-122.26135254,E,,,0.2,21.83,,,
9332510,2026-08-29T10:49:46,261.4,0,F,1700.18,-7688.83,47.51983261,-122.26135254,E,,,0.19,21.82,,,
9333559,2026-08-29T10:49:47,261.23,0,F,1700.18,-7688.83,47.51983261,-122.26135254,E,,,0.19,21.83,,,
9334593,2026-08-29T10:49:48,260.83,0,F,1700.18,-7688.83,47.51983261,-122.26135254,E,,,0.2,21.79,,,
9335656,2026-08-29T10:49:49,260.17,0,F,1700.18,-7688.83,47.51983261,-122.26135254,E,,,0.19,21.81,,,
9336712,2026-08-29T10:49:50,261.27,0,F,1700.18,-7688.83,47.51983261,-122.26135254,E,,,0.19,21.83,,,
9337775,2026-08-29T10:49:51,261.73,0,F,1700.18,-7688.83,47.51983261,-122.26135254,E,,,0.2,21.81,,,
9338822,2026-08-29T10:49:52,261.76,0,F,1700.18,-7688.83,47.51983261,-122.26135254,E,,,0.19,21.8,,,
9339874,2026-08-29T10:49:53,261.11,0,F,1700.18,-7688.83,47.51983261,-122.26135254,E,,,0.19,21.74,,,
9340912,2026-08-29T10:49:54,261.02,0,F,1700.18,-7688.83,47.51983261,-122.26135254,E,,,0.2,21.77,,,
9341963,2026-08-29T10:49:55,261.85,0,F,1700.18,-7688.83,47.51983261,-122.26135254,E,,,0.19,21.79,,,
9343004,2026-08-29T10:49:56,262.47,0,F,1700.18,-7688.83,47.51983261,-122.26135254,E,,,0.2,21.8,,,
9344036,2026-08-29T10:49:57,261.07,0,F,1700.18,-7688.83,47.51983261,-122.26135254,E,,,0.19,21.78,,,
9345077,2026-08-29T10:49:58,261.93,0,F,1700.18,-7688.83,47.51983261,-122.26135254,E,,,0.19,21.81,,,
9346116,2026-08-29T10:49:59,261.88,0,F,1700.18,-7688.83,47.51983261,-122.26135254,E,,,0.19,21.79,,,
9347160,2026-08-29T10:50:01,260.98,0,F,1700.18,-7688.83,47.51983261,-122.26135254,E,,,0.2,21.81,,,
9348219,2026-08-29T10:50:02,262.24,0,F,1700.18,-7688.83,47.51983261,-122.26135254,E,,,0.19,21.79,,,
9349254,2026-08-29T10:50:03,262.57,0,F,1700.18,-7688.83,47.51983261,-122.26135254,E,,,0.19,21.81,,,
9350275,2026-08-29T10:50:04,262.29,0,F,1700.18,-7688.83,47.51983261,-122.26135254,E,,,0.21,21.79,,,
9351325,2026-08-29T10:50:05,261.12,0,F,1700.18,-7688.83,47.51983261,-122.26135254,E,,,0.19,21.83,,,
9352394,2026-08-29T10:50:06,261.64,0,F,1700.18,-7688.83,47.51983261,-122.26135254,E,,,0.19,21.79,,,
9353436,2026-08-29T10:50:07,261.25,0,F,1700.18,-7688.83,47.51983261,-122.26135254,E,,,0.19,21.84,,,
9354493,2026-08-29T10:50:08,260.99,0,F,1700.18,-7688.83,47.51983261,-122.26135254,E,,,0.2,21.73,,,
9355534,2026-08-29T10:50:09,260.97,0,F,1700.18,-7688.83,47.51983261,-122.26135254,E,,,0.19,21.83,,,
9356572,2026-08-29T10:50:10,262.14,0,F,1700.18,-7688.83,47.51983261,-122.26135254,E,,,0.2,21.85,,,
9357615,2026-08-29T10:50:11,263.5,0,F,1700.18,-7688.83,47.51983261,-122.26135254,E,,,0.19,21.79,,,
9358625,2026-08-29T10:50:12,265.08,0,F,1700.18,-7688.83,47.51983261,-122.26135254,E,,,0.19,21.79,,,
9359684,2026-08-29T10:50:13,265.18,0,F,1700.18,-7688.83,47.51983261,-122.26135254,E,,,0.2,21.79,,,
9360715,2026-08-29T10:50:14,264.65,0,F,1700.18,-7688.83,47.51983261,-122.26135254,E,,,0.19,21.79,,,
9361802,2026-08-29T10:50:15,266.41,0,F,1700.18,-7688.83,47.51983261,-122.26135254,E,,,0.19,21.8,,,
9362854,2026-08-29T10:50:16,267.97,0,F,1700.18,-7688.83,47.51983261,-122.26135254,E,,,0.2,21.82,,,
9363886,2026-08-29T10:50:17,267.91,0,F,1700.18,-7688.83,47.51983261,-122.26135254,E,,,0.2,21.8,,,
9364948,2026-08-29T10:50:18,270.25,0,F,1700.18,-7688.83,47.51983261,-122.26135254,E,,,0.19,21.82,,,
9366004,2026-08-29T10:50:19,272.6,0,F,1700.18,-7688.83,47.51983261,-122.26135254,E,,,0.2,21.81,,,
9367053,2026-08-29T10:50:20,271.24,0,F,1700.18,-7688.83,47.51983261,-122.26135254,E,,,0.2,21.78,,,
9368107,2026-08-29T10:50:21,272.79,0,F,1700.18,-7688.83,47.51983261,-122.26135254,E,,,0.18,21.81,,,
9369147,2026-08-29T10:50:23,274.49,0,F,1700.18,-7688.83,47.51983261,-122.26135254,E,,,0.21,21.79,,,
9370206,2026-08-29T10:50:24,275.47,0,F,1700.18,-7688.83,47.51983261,-122.26135254,E,,,0.2,21.8,,,
9371256,2026-08-29T10:50:25,276.42,0,F,1700.18,-7688.83,47.51983261,-122.26135254,E,,,0.19,21.8,,,
9372307,2026-08-29T10:50:26,277.39,0,F,1700.18,-7688.83,47.51983261,-122.26135254,E,,,0.21,21.83,,,
9373360,2026-08-29T10:50:27,273.48,0,F,1700.18,-7688.83,47.51983261,-122.26135254,E,,,0.2,21.8,,,
9374410,2026-08-29T10:50:28,273.22,0,F,1700.18,-7688.83,47.51983261,-122.26135254,E,,,0.19,21.85,,,
9375466,2026-08-29T10:50:29,274.31,0,F,1700.18,-7688.83,47.51983261,-122.26135254,E,,,0.21,21.81,,,
9376519,2026-08-29T10:50:30,271.45,0,F,1700.18,-7688.83,47.51983261,-122.26135254,E,,,0.21,21.73,,,
9377553,2026-08-29T10:50:31,273.59,0,F,1700.18,-7688.83,47.51983261,-122.26135254,E,,,0.19,21.83,,,
9378603,2026-08-29T10:50:32,278.65,0,F,1700.18,-7688.83,47.51983261,-122.26135254,E,,,0.22,21.83,,,
9379662,2026-08-29T10:50:33,278.34,0,F,1700.18,-7688.83,47.51983261,-122.26135254,E,,,0.22,21.83,,,
9380693,2026-08-29T10:50:34,278.59,0,F,1700.18,-7688.83,47.51983261,-122.26135254,E,,,0.19,21.8,,,
9381729,2026-08-29T10:50:35,281.58,0,F,1700.18,-7688.83,47.51983261,-122.26135254,E,,,0.21,21.83,,,
9382782,2026-08-29T10:50:36,280.55,0,F,1700.18,-7688.83,47.51983261,-122.26135254,E,,,0.21,21.81,,,
9383833,2026-08-29T10:50:37,282.35,0,F,1700.18,-7688.83,47.51983261,-122.26135254,E,,,0.2,21.8,,,
9384887,2026-08-29T10:50:38,286.41,0,F,1700.18,-7688.83,47.51983261,-122.26135254,E,,,0.22,21.8,,,
9385933,2026-08-29T10:50:39,284.71,0,F,1700.18,-7688.83,47.51983261,-122.26135254,E,,,0.21,21.8,,,
9386988,2026-08-29T10:50:40,284.61,0,F,1700.18,-7688.83,47.51983261,-122.26135254,E,,,0.19,21.81,,,
9388042,2026-08-29T10:50:41,288.43,0,F,1700.18,-7688.83,47.51983261,-122.26135254,E,,,0.22,21.8,,,
9389106,2026-08-29T10:50:42,288.45,0,F,1700.18,-7688.83,47.51983261,-122.26135254,E,,,0.22,21.8,,,
9390153,2026-08-29T10:50:44,289,0,F,1700.18,-7688.83,47.51983261,-122.26135254,E,,,0.2,21.8,,,
9391218,2026-08-29T10:50:45,293.25,0,F,1700.18,-7688.83,47.51983261,-122.26135254,E,,,0.22,21.78,,,
9392260,2026-08-29T10:50:46,292.42,0,F,1700.18,-7688.83,47.51983261,-122.26135254,E,,,0.22,21.77,,,
9393322,2026-08-29T10:50:47,293.36,0,F,1700.18,-7688.83,47.51983261,-122.26135254,E,,,0.2,21.78,,,
9394392,2026-08-29T10:50:48,296.63,0,F,1700.18,-7688.83,47.51983261,-122.26135254,E,,,0.21,21.78,,,
9395466,2026-08-29T10:50:49,296.7,0,F,1700.18,-7688.83,47.51983261,-122.26135254,E,,,0.22,21.75,,,
9396520,2026-08-29T10:50:50,295.72,0,F,1700.18,-7688.83,47.51983261,-122.26135254,E,,,0.2,21.76,,,
9397572,2026-08-29T10:50:51,297.74,0,F,1700.18,-7688.83,47.51983261,-122.26135254,E,,,0.22,21.84,,,
9398626,2026-08-29T10:50:52,297.07,0,F,1700.18,-7688.83,47.51983261,-122.26135254,E,,,0.23,21.84,,,
9399682,2026-08-29T10:50:53,296.37,0,F,1700.18,-7688.83,47.51983261,-122.26135254,E,,,0.2,21.78,,,
9400730,2026-08-29T10:50:54,298.27,0,F,1700.18,-7688.83,47.51983261,-122.26135254,E,,,0.22,21.81,,,
9401783,2026-08-29T10:50:55,298.27,0,F,1700.18,-7688.83,47.51983261,-122.26135254,E,,,0.22,21.8,,,
9402841,2026-08-29T10:50:56,298.39,0,F,1700.18,-7688.83,47.51983261,-122.26135254,E,,,0.2,21.81,,,
9403895,2026-08-29T10:50:57,301.53,0,F,1700.18,-7688.83,47.51983261,-122.26135254,E,,,0.22,21.79,,,
9404951,2026-08-29T10:50:58,300.9,0,F,1700.18,-7688.83,47.51983261,-122.26135254,E,,,0.23,21.8,,,
9406008,2026-08-29T10:50:59,300.14,0,F,1700.18,-7688.83,47.51983261,-122.26135254,E,,,0.2,21.8,,,
9407032,2026-08-29T10:51:00,301.82,0,F,1700.18,-7688.83,47.51983261,-122.26135254,E,,,0.22,21.79,,,
9408095,2026-08-29T10:51:01,299.39,0,F,1700.18,-7688.83,47.51983261,-122.26135254,E,,,0.22,21.79,,,
9409146,2026-08-29T10:51:03,300.15,0,F,1700.18,-7688.83,47.51983261,-122.26135254,E,,,0.2,21.81,,,
9410210,2026-08-29T10:51:04,303.57,0,F,1700.18,-7688.83,47.51983261,-122.26135254,E,,,0.22,21.79,,,
9411266,2026-08-29T10:51:05,301.38,0,F,1700.18,-7688.83,47.51983261,-122.26135254,E,,,0.23,21.8,,,
9412327,2026-08-29T10:51:06,301.3,0,F,1700.18,-7688.83,47.51983261,-122.26135254,E,,,0.21,21.79,,,
9413402,2026-08-29T10:51:07,303.87,0,F,1700.18,-7688.83,47.51983261,-122.26135254,E,,,0.22,21.78,,,
9414466,2026-08-29T10:51:08,301.96,0,F,1700.18,-7688.83,47.51983261,-122.26135254,E,,,0.22,21.83,,,
9415507,2026-08-29T10:51:09,302.85,0,F,1700.18,-7688.83,47.51983261,-122.26135254,E,,,0.21,21.82,,,
9416569,2026-08-29T10:51:10,304.22,0,F,1700.18,-7688.83,47.51983261,-122.26135254,E,,,0.23,21.82,,,
9417612,2026-08-29T10:51:11,302.12,0,F,1700.18,-7688.83,47.51983261,-122.26135254,E,,,0.23,21.77,,,
9418675,2026-08-29T10:51:12,303.43,0,F,1700.18,-7688.83,47.51983261,-122.26135254,E,,,0.21,21.81,,,
9419719,2026-08-29T10:51:13,304.2,0,F,1700.18,-7688.83,47.51983261,-122.26135254,E,,,0.22,21.8,,,
9420774,2026-08-29T10:51:14,303.48,0,F,1700.18,-7688.83,47.51983261,-122.26135254,E,,,0.22,21.8,,,
9421820,2026-08-29T10:51:15,302.79,0,F,1700.18,-7688.83,47.51983261,-122.26135254,E,,,0.22,21.81,,,
9422878,2026-08-29T10:51:16,304.38,0,F,1700.18,-7688.83,47.51983261,-122.26135254,E,,,0.23,21.8,,,
9423902,2026-08-29T10:51:17,303.02,0,F,1700.18,-7688.83,47.51983261,-122.26135254,E,,,0.23,21.81,,,
9424953,2026-08-29T10:51:18,303.07,0,F,1700.18,-7688.83,47.51983261,-122.26135254,E,,,0.22,21.82,,,
9426030,2026-08-29T10:51:19,303.5,0,F,1700.18,-7688.83,47.51983261,-122.26135254,E,,,0.23,21.8,,,
9427080,2026-08-29T10:51:20,302.12,0,F,1700.18,-7688.83,47.51983261,-122.26135254,E,,,0.23,21.81,,,
9428137,2026-08-29T10:51:21,301.6,0,F,1700.18,-7688.83,47.51983261,-122.26135254,E,,,0.21,21.81,,,
9429192,2026-08-29T10:51:23,303.02,0,F,1700.18,-7688.83,47.51983261,-122.26135254,E,,,0.22,21.79,,,
9430241,2026-08-29T10:51:24,302.01,0,F,1700.18,-7688.83,47.51983261,-122.26135254,E,,,0.22,21.81,,,
9431298,2026-08-29T10:51:25,302.32,0,F,1700.18,-7688.83,47.51983261,-122.26135254,E,,,0.21,21.74,,,
9432352,2026-08-29T10:51:26,303.71,0,F,1700.18,-7688.83,47.51983261,-122.26135254,E,,,0.23,21.8,,,
9433417,2026-08-29T10:51:27,301.92,0,F,1700.18,-7688.83,47.51983261,-122.26135254,E,,,0.23,21.76,,,
9434488,2026-08-29T10:51:28,302.13,0,F,1700.18,-7688.83,47.51983261,-122.26135254,E,,,0.21,21.79,,,
9435521,2026-08-29T10:51:29,303.41,0,F,1700.18,-7688.83,47.51983261,-122.26135254,E,,,0.23,21.79,,,
9436595,2026-08-29T10:51:30,302.43,0,F,1700.18,-7688.83,47.51983261,-122.26135254,E,,,0.22,21.76,,,
9437622,2026-08-29T10:51:31,303.11,0,F,1700.18,-7688.83,47.51983261,-122.26135254,E,,,0.22,21.77,,,
9438692,2026-08-29T10:51:32,303.65,0,F,1700.18,-7688.83,47.51983261,-122.26135254,E,,,0.22,21.82,,,
9439752,2026-08-29T10:51:33,302.79,0,F,1700.18,-7688.83,47.51983261,-122.26135254,E,,,0.23,21.8,,,
9440812,2026-08-29T10:51:34,303.07,0,F,1700.18,-7688.83,47.51983261,-122.26135254,E,,,0.22,21.8,,,
9441836,2026-08-29T10:51:35,303.87,0,F,1700.18,-7688.83,47.51983261,-122.26135254,E,,,0.23,21.79,,,
9442903,2026-08-29T10:51:36,302.63,0,F,1700.18,-7688.83,47.51983261,-122.26135254,E,,,0.22,21.81,,,
9443957,2026-08-29T10:51:37,302.24,0,F,1700.18,-7688.83,47.51983261,-122.26135254,E,,,0.22,21.82,,,
9444996,2026-08-29T10:51:38,303.21,0,F,1700.18,-7688.83,47.51983261,-122.26135254,E,,,0.23,21.82,,,
9446042,2026-08-29T10:51:39,302.74,0,F,1700.18,-7688.83,47.51983261,-122.26135254,E,,,0.23,21.81,,,
9447106,2026-08-29T10:51:40,303.46,0,F,1700.18,-7688.83,47.51983261,-122.26135254,E,,,0.21,21.8,,,
9448178,2026-08-29T10:51:42,304.1,0,F,1700.18,-7688.83,47.51983261,-122.26135254,E,,,0.23,21.82,,,
9449229,2026-08-29T10:51:43,293.36,0,F,1700.18,-7688.83,47.51983261,-122.26135254,E,,,0.23,21.79,,,
9450294,2026-08-29T10:51:44,270.94,0,F,1700.18,-7688.83,47.51983261,-122.26135254,E,,,0.22,21.81,,,
9451326,2026-08-29T10:51:45,267.56,0,F,1700.18,-7688.83,47.51983261,-122.26135254,E,,,0.26,21.75,,,
9452388,2026-08-29T10:51:46,266.72,0,F,1700.18,-7688.83,47.51983261,-122.26135254,E,,,0.25,21.79,,,
9453440,2026-08-29T10:51:47,260.6,0,F,1700.18,-7688.83,47.51983261,-122.26135254,E,,,0.25,21.8,,,
9454513,2026-08-29T10:51:48,262.38,0,F,1700.18,-7688.83,47.51983261,-122.26135254,E,,,0.27,21.8,,,
9455584,2026-08-29T10:51:49,263.34,0,F,1700.18,-7688.83,47.51983261,-122.26135254,E,,,0.3,21.82,,,
9456657,2026-08-29T10:51:50,265,0,F,1700.18,-7688.83,47.51983261,-122.26135254,E,,,0.33,21.79,,,
9457724,2026-08-29T10:51:51,267.29,0,F,1700.18,-7688.83,47.51983261,-122.26135254,E,,,0.36,21.8,,,
9458793,2026-08-29T10:51:52,262.71,0,F,1700.18,-7688.83,47.51983261,-122.26135254,E,,,0.34,21.79,,,
9459861,2026-08-29T10:51:53,256.42,0,F,1700.18,-7688.83,47.51983261,-122.26135254,E,,,0.33,21.79,,,
9460930,2026-08-29T10:51:54,254.98,0,F,1700.18,-7688.83,47.51983261,-122.26135254,E,,,0.35,21.81,,,
9462004,2026-08-29T10:51:55,253.76,0,F,1700.18,-7688.83,47.51983261,-122.26135254,E,,,0.35,21.8,,,
9463072,2026-08-29T10:51:56,250.67,0,F,1700.18,-7688.83,47.51983261,-122.26135254,E,,,0.37,21.79,,,
9464155,2026-08-29T10:51:58,249.45,0,F,1700.18,-7688.83,47.51983261,-122.26135254,E,,,0.41,21.8,,,
9465224,2026-08-29T10:51:59,264.19,0,F,1700.18,-7688.83,47.51983261,-122.26135254,E,,,0.45,21.79,,,
9466313,2026-08-29T10:52:00,273.64,0,F,1700.18,-7688.83,47.51983261,-122.26135254,E,,,0.35,21.79,,,
9467385,2026-08-29T10:52:01,273.44,0,F,1700.18,-7688.83,47.51983261,-122.26135254,E,,,0.32,21.79,,,
9468476,2026-08-29T10:52:02,282.84,0,F,1700.18,-7688.83,47.51983261,-122.26135254,E,,,0.31,21.81,,,
9469573,2026-08-29T10:52:03,296.8,0,F,1700.18,-7688.83,47.51983261,-122.26135254,E,,,0.32,21.79,,,
9470656,2026-08-29T10:52:04,297.81,0,F,1700.18,-7688.83,47.51983261,-122.26135254,E,,,0.27,21.75,,,
9471726,2026-08-29T10:52:05,299.87,0,F,1700.18,-7688.83,47.51983261,-122.26135254,E,,,0.26,21.76,,,
9472813,2026-08-29T10:52:06,307.71,0,F,1700.18,-7688.83,47.51983261,-122.26135254,E,,,0.24,21.78,,,
9473881,2026-08-29T10:52:07,317.54,0,F,1700.18,-7688.83,47.51983261,-122.26135254,E,,,0.29,21.78,,,
9474967,2026-08-29T10:52:08,329.09,0,F,1700.18,-7688.83,47.51983261,-122.26135254,E,,,0.37,21.79,,,
9476055,2026-08-29T10:52:09,334.21,0,F,1700.18,-7688.83,47.51983261,-122.26135254,E,,,0.4,21.8,,,
9477128,2026-08-29T10:52:10,343.4,0,F,1700.18,-7688.83,47.51983261,-122.26135254,E,,,0.38,21.79,,,
9478197,2026-08-29T10:52:12,349.43,0,F,1700.18,-7688.83,47.51983261,-122.26135254,E,,,0.38,21.78,,,
9479286,2026-08-29T10:52:13,355.1,0,F,1700.18,-7688.83,47.51983261,-122.26135254,E,,,0.38,21.79,,,
9480368,2026-08-29T10:52:14,358.49,0,F,1700.18,-7688.83,47.51983261,-122.26135254,E,,,0.39,21.79,,,
9481438,2026-08-29T10:52:15,2.03,0,F,1700.18,-7688.83,47.51983261,-122.26135254,E,,,0.38,21.77,,,
9482528,2026-08-29T10:52:16,3.3,0,F,1700.18,-7688.83,47.51983261,-122.26135254,E,,,0.39,21.78,,,
9483608,2026-08-29T10:52:17,0.77,0,F,1700.18,-7688.83,47.51983261,-122.26135254,E,,,0.41,21.8,,,
9484696,2026-08-29T10:52:18,349.13,0,F,1700.18,-7688.83,47.51983261,-122.26135254,E,,,0.13,21.78,,,
9485774,2026-08-29T10:52:19,347.68,0,F,1700.18,-7688.81,47.51983261,-122.26135254,E,,,0.03,21.76,,,
9486848,2026-08-29T10:52:20,342.68,0,F,1700.18,-7688.81,47.51983261,-122.26135254,E,,,0.04,21.76,,,
9487940,2026-08-29T10:52:21,317.82,0,F,1700.18,-7688.81,47.51983261,-122.26135254,E,,,0.04,21.77,,,
9489010,2026-08-29T10:52:22,318.88,0,F,1700.18,-7688.81,47.51983261,-122.26135254,E,,,0.05,21.77,,,
9490095,2026-08-29T10:52:23,308.31,0,F,1700.18,-7688.81,47.51983261,-122.26135254,E,,,0.06,21.78,,,
9491164,2026-08-29T10:52:25,303.22,0,F,1700.18,-7688.81,47.51983261,-122.26135254,E,,,0.06,21.77,,,
9492253,2026-08-29T10:52:26,305.6,0,F,1700.18,-7688.81,47.51983261,-122.26135254,E,,,0.05,21.77,,,
9493336,2026-08-29T10:52:27,303.24,0,F,1700.18,-7688.81,47.51983261,-122.26135254,E,,,0.01,21.78,,,
9494406,2026-08-29T10:52:28,300.78,0,F,1700.18,-7688.81,47.51983261,-122.26135254,E,,,0,21.77,,,
9495495,2026-08-29T10:52:29,299.39,0,F,1700.18,-7688.81,47.51983261,-122.26135254,E,,,-0.01,21.77,,,
9496576,2026-08-29T10:52:30,294.65,0,F,1700.18,-7688.81,47.51983261,-122.26135254,E,,,-0.02,21.78,,,
9497666,2026-08-29T10:52:31,297.03,0,F,1700.18,-7688.81,47.51983261,-122.26135254,E,,,-0.05,21.79,,,
9498753,2026-08-29T10:52:32,297.7,0,F,1700.18,-7688.81,47.51983261,-122.26135254,E,,,-0.06,21.77,,,
9499832,2026-08-29T10:52:33,282.56,0,F,1700.18,-7688.81,47.51983261,-122.26135254,E,,,0,21.71,,,
9500920,2026-08-29T10:52:34,284.13,0.107,F,1700.17,-7688.81,47.51983261,-122.26135254,E,,,-0.11,21.76,,,
9501989,2026-08-29T10:52:35,261.02,0,F,1700.11,-7688.81,47.51983261,-122.26135254,E,,,-0.16,21.76,,,
9503075,2026-08-29T10:52:36,229.9,0,F,1700.11,-7688.81,47.51983261,-122.26135254,E,,,-0.14,21.77,,,
9504144,2026-08-29T10:52:38,225.48,0,F,1700.11,-7688.81,47.51983261,-122.26135254,E,,,-0.11,21.76,,,
9505233,2026-08-29T10:52:39,237.02,0,F,1700.11,-7688.81,47.51983261,-122.26135254,E,,,-0.09,21.77,,,
9506317,2026-08-29T10:52:40,228.34,0,F,1700.11,-7688.81,47.51983261,-122.26135254,E,,,-0.06,21.77,,,
9507386,2026-08-29T10:52:41,191.27,0,F,1700.11,-7688.81,47.51983261,-122.26135254,E,,,0.02,21.76,,,
9508475,2026-08-29T10:52:42,189.95,0,F,1700.11,-7688.81,47.51983261,-122.26135254,E,,,0.03,21.76,,,
9509557,2026-08-29T10:52:43,209.8,0,F,1700.11,-7688.81,47.51983261,-122.26135254,E,,,0.05,21.77,,,
9510626,2026-08-29T10:52:44,230.28,0,F,1700.11,-7688.81,47.51983261,-122.26135254,E,,,0.04,21.76,,,
9511715,2026-08-29T10:52:45,266.55,0,F,1700.11,-7688.81,47.51983261,-122.26135254,E,,,0.05,21.76,,,
9512795,2026-08-29T10:52:46,298.03,0,F,1700.1,-7688.8,47.51983261,-122.26135254,E,,,0,21.77,,,
9513884,2026-08-29T10:52:47,290.05,0,F,1700.1,-7688.8,47.51983261,-122.26135254,E,,,-0.04,21.76,,,
9520730,2026-08-29T10:52:54,297.34,0,F,1700.1,-7688.8,47.51983261,-122.26135254,E,,,-0.08,21.78,,,
9521783,2026-08-29T10:52:55,252.24,0,F,1700.1,-7688.8,47.51983261,-122.26135254,E,,,-0.02,21.66,,,
9522825,2026-08-29T10:52:56,242.38,0,F,1700.1,-7688.8,47.51983261,-122.26135254,E,,,0.03,21.69,,,
9523866,2026-08-29T10:52:57,237.05,0,F,1700.1,-7688.8,47.51983261,-122.26135254,E,,,0.04,21.72,,,
9524895,2026-08-29T10:52:58,214.99,0,F,1700.1,-7688.8,47.51983261,-122.26135254,E,,,0.03,21.72,,,
9525947,2026-08-29T10:52:59,220.74,0,F,1700.1,-7688.8,47.51983261,-122.26135254,E,,,0.01,21.75,,,
9526983,2026-08-29T10:53:00,229.85,0,F,1700.1,-7688.8,47.51983261,-122.26135254,E,,,0.01,21.74,,,
9528031,2026-08-29T10:53:01,232.2,0,F,1700.1,-7688.8,47.51983261,-122.26135254,E,,,0.05,21.76,,,
9529073,2026-08-29T10:53:02,236.75,0,F,1700.1,-7688.8,47.51983261,-122.26135254,E,,,0.15,21.76,,,
9530105,2026-08-29T10:53:03,218.49,0,F,1700.1,-7688.8,47.51983261,-122.26135254,E,,,0.07,21.76,,,
9531162,2026-08-29T10:53:05,199.38,0,F,1700.1,-7688.8,47.51983261,-122.26135254,E,,,0.06,21.77,,,
9532233,2026-08-29T10:53:06,190.09,0,F,1700.1,-7688.8,47.51983261,-122.26135254,E,,,0.06,21.76,,,
9533283,2026-08-29T10:53:07,188.47,0,F,1700.1,-7688.8,47.51983261,-122.26135254,E,,,0.09,21.75,,,
9534325,2026-08-29T10:53:08,190.59,0,F,1700.1,-7688.8,47.51983261,-122.26135254,E,,,0.14,21.75,,,
9535374,2026-08-29T10:53:09,192.61,0,F,1700.1,-7688.8,47.51983261,-122.26135254,E,,,0.15,21.8,,,
9536422,2026-08-29T10:53:10,158.33,0,F,1700.1,-7688.8,47.51983261,-122.26135254,E,,,0.07,21.71,,,
9537471,2026-08-29T10:53:11,120.9,0,F,1700.1,-7688.8,47.51983261,-122.26135254,E,,,0.07,21.8,,,
9538523,2026-08-29T10:53:12,120.36,0,F,1700.1,-7688.8,47.51983261,-122.26135254,E,,,0.06,21.8,,,
9539565,2026-08-29T10:53:13,112.61,0,F,1700.1,-7688.8,47.51983261,-122.26135254,E,,,0.06,21.79,,,
9540623,2026-08-29T10:53:14,136.15,0,F,1700.1,-7688.8,47.51983261,-122.26135254,E,,,0.05,21.71,,,
9541697,2026-08-29T10:53:15,151.16,0,F,1700.1,-7688.8,47.51983261,-122.26135254,E,,,0.03,21.74,,,
9542768,2026-08-29T10:53:16,146.32,0,F,1700.1,-7688.8,47.51983261,-122.26135254,E,,,-0.01,21.75,,,
9543822,2026-08-29T10:53:17,157.63,0,F,1700.1,-7688.8,47.51983261,-122.26135254,E,,,-0.11,21.78,,,
9544874,2026-08-29T10:53:18,158.68,0,F,1700.1,-7688.8,47.51983261,-122.26135254,E,,,-0.13,21.76,,,
9545922,2026-08-29T10:53:19,163.91,0,F,1700.1,-7688.8,47.51983261,-122.26135254,E,,,-0.15,21.74,,,
9546972,2026-08-29T10:53:20,147.33,0,F,1700.1,-7688.8,47.51983261,-122.26135254,E,,,-0.12,21.75,,,
9548021,2026-08-29T10:53:21,143.26,0,F,1700.1,-7688.8,47.51983261,-122.26135254,E,,,-0.12,21.76,,,
9549051,2026-08-29T10:53:22,158.83,0,F,1700.1,-7688.8,47.51983261,-122.26135254,E,,,-0.1,21.75,,,
9550084,2026-08-29T10:53:23,162.72,0,F,1700.1,-7688.8,47.51983261,-122.26135254,E,,,-0.06,21.76,,,
9551133,2026-08-29T10:53:24,161.2,0,F,1700.1,-7688.8,47.51983261,-122.26135254,E,,,-0.03,21.77,,,
9552172,2026-08-29T10:53:26,147.73,0,F,1700.1,-7688.8,47.51983261,-122.26135254,E,,,-0.03,21.77,,,
9553223,2026-08-29T10:53:27,136.72,0,F,1700.1,-7688.8,47.51983261,-122.26135254,E,,,-0.03,21.77,,,
9554271,2026-08-29T10:53:28,129.67,0,F,1700.1,-7688.8,47.51983261,-122.26135254,E,,,-0.02,21.77,,,
9555328,2026-08-29T10:53:29,128.46,0,F,1700.1,-7688.8,47.51983261,-122.26135254,E,,,-0.03,21.76,,,
9556370,2026-08-29T10:53:30,135.8,0,F,1700.1,-7688.8,47.51983261,-122.26135254,E,,,-0.29,21.76,,,
9557423,2026-08-29T10:53:31,137.19,0,F,1700.1,-7688.8,47.51983261,-122.26135254,E,,,-0.29,21.78,,,
9558471,2026-08-29T10:53:32,149.66,0,F,1700.1,-7688.8,47.51983261,-122.26135254,E,,,-0.27,21.73,,,
9559520,2026-08-29T10:53:33,163.46,0,F,1700.1,-7688.8,47.51983261,-122.26135254,E,,,-0.27,21.75,,,
9560570,2026-08-29T10:53:34,146.63,0,F,1700.1,-7688.8,47.51983261,-122.26135254,E,,,-0.18,21.81,,,
9561620,2026-08-29T10:53:35,147.86,0,F,1700.1,-7688.8,47.51983261,-122.26135254,E,,,-0.13,21.81,,,
9562641,2026-08-29T10:53:36,150.38,0,F,1700.1,-7688.8,47.51983261,-122.26135254,E,,,-0.04,21.75,,,
9563697,2026-08-29T10:53:37,145.07,0,F,1700.1,-7688.8,47.51983261,-122.26135254,E,,,0.05,21.79,,,
9564732,2026-08-29T10:53:38,153.18,0,F,1700.1,-7688.8,47.51983261,-122.26135254,E,,,0.09,21.79,,,
9565769,2026-08-29T10:53:39,154.32,0,F,1700.1,-7688.8,47.51983261,-122.26135254,E,,,0.11,21.78,,,
9566810,2026-08-29T10:53:40,162.1,0,F,1700.1,-7688.8,47.51983261,-122.26135254,E,,,0.12,21.78,,,
9567851,2026-08-29T10:53:41,172.36,0,F,1700.1,-7688.8,47.51983261,-122.26135254,E,,,0.11,21.79,,,
9568890,2026-08-29T10:53:42,177.99,0,F,1700.1,-7688.8,47.51983261,-122.26135254,E,,,0.11,21.79,,,
9569929,2026-08-29T10:53:43,183.89,0,F,1700.1,-7688.8,47.51983261,-122.26135254,E,,,0.12,21.78,,,
9570988,2026-08-29T10:53:44,189.35,0,F,1700.1,-7688.8,47.51983261,-122.26135254,E,,,0.12,21.78,,,
9572018,2026-08-29T10:53:45,199.07,0,F,1700.1,-7688.8,47.51983261,-122.26135254,E,,,0.14,21.77,,,
9573059,2026-08-29T10:53:46,206.89,0,F,1700.1,-7688.8,47.51983261,-122.26135254,E,,,0.17,21.75,,,
9574091,2026-08-29T10:53:47,214.02,0,F,1700.1,-7688.8,47.51983261,-122.26135254,E,,,0.18,21.77,,,
9575123,2026-08-29T10:53:48,217.79,0,F,1700.1,-7688.8,47.51983261,-122.26135254,E,,,0.21,21.76,,,
9576172,2026-08-29T10:53:50,223.85,0,F,1700.1,-7688.8,47.51983261,-122.26135254,E,,,0.21,21.78,,,
9577212,2026-08-29T10:53:51,228.79,0,F,1700.1,-7688.8,47.51983261,-122.26135254,E,,,0.2,21.78,,,
9578264,2026-08-29T10:53:52,233.02,0,F,1700.1,-7688.8,47.51983261,-122.26135254,E,,,0.2,21.78,,,
9579329,2026-08-29T10:53:53,237.52,0,F,1700.1,-7688.8,47.51983261,-122.26135254,E,,,0.19,21.77,,,
9580389,2026-08-29T10:53:54,236.87,0,F,1700.1,-7688.8,47.51983261,-122.26135254,E,,,0.14,21.81,,,
9581422,2026-08-29T10:53:55,234.35,0,F,1700.1,-7688.8,47.51983261,-122.26135254,E,,,0.07,21.81,,,
9582469,2026-08-29T10:53:56,240.45,0,F,1700.1,-7688.8,47.51983261,-122.26135254,E,,,0.08,21.82,,,
9583508,2026-08-29T10:53:57,251.78,0,F,1700.1,-7688.8,47.51983261,-122.26135254,E,,,0.1,21.78,,,
9584551,2026-08-29T10:53:58,245.69,0,F,1700.1,-7688.8,47.51983261,-122.26135254,E,,,0.1,21.75,,,
9585591,2026-08-29T10:53:59,234.22,0,F,1700.1,-7688.8,47.51983261,-122.26135254,E,,,0.19,21.78,,,
9586625,2026-08-29T10:54:00,289.15,0,F,1700.1,-7688.8,47.51983261,-122.26135254,E,,,0.14,21.82,,,
9587667,2026-08-29T10:54:01,288.04,0,F,1700.1,-7688.8,47.51983261,-122.26135254,E,,,0.1,21.78,,,
9588718,2026-08-29T10:54:02,289.52,0,F,1700.1,-7688.8,47.51983261,-122.26135254,E,,,0.07,21.77,,,
9589772,2026-08-29T10:54:03,303.54,0.106,F,1700.05,-7688.78,47.51983261,-122.26135254,E,,,-0.1,21.77,,,
9590794,2026-08-29T10:54:04,288.42,0.158,F,1699.93,-7688.72,47.51983261,-122.26135254,E,,,-0.24,21.79,,,
9591832,2026-08-29T10:54:05,266.07,0.156,F,1699.78,-7688.7,47.51983261,-122.26136017,E,,,-0.3,21.77,,,
9592885,2026-08-29T10:54:06,248.32,0.191,F,1699.59,-7688.74,47.51983261,-122.26136017,E,,,-0.27,21.77,,,
9593916,2026-08-29T10:54:07,248.92,0.26,F,1699.36,-7688.81,47.51983261,-122.26136017,E,,,-0.3,21.78,,,
9594957,2026-08-29T10:54:08,257.16,0.184,F,1699.15,-7688.88,47.51983261,-122.2613678,E,,,-0.3,21.74,,,
9596013,2026-08-29T10:54:09,274.41,0.129,F,1698.99,-7688.9,47.51983261,-122.2613678,E,,,-0.33,21.78,,,
9597041,2026-08-29T10:54:10,274.22,0,F,1698.9,-7688.9,47.51983261,-122.2613678,E,,,-0.33,21.76,,,
9598103,2026-08-29T10:54:11,257.42,0,F,1698.9,-7688.9,47.51983261,-122.2613678,E,,,-0.34,21.76,,,
9599157,2026-08-29T10:54:13,252.76,0,F,1698.9,-7688.9,47.51983261,-122.2613678,E,,,-0.33,21.76,,,
9600215,2026-08-29T10:54:14,265.98,0,F,1698.9,-7688.9,47.51983261,-122.2613678,E,,,-0.34,21.61,,,
9601279,2026-08-29T10:54:15,271.59,0,F,1698.9,-7688.9,47.51983261,-122.2613678,E,,,-0.33,21.73,,,
9602342,2026-08-29T10:54:16,260.04,0,F,1698.9,-7688.9,47.51983261,-122.2613678,E,,,-0.33,21.8,,,
9603394,2026-08-29T10:54:17,270.95,0,F,1698.9,-7688.9,47.51983261,-122.2613678,E,,,-0.34,21.78,,,
9604456,2026-08-29T10:54:18,273.38,0,F,1698.9,-7688.9,47.51983261,-122.2613678,E,,,-0.34,21.76,,,
9605510,2026-08-29T10:54:19,236.21,0,F,1698.9,-7688.9,47.51983261,-122.2613678,E,,,-0.34,21.74,,,
9606562,2026-08-29T10:54:20,226.37,0,F,1698.9,-7688.9,47.51983261,-122.2613678,E,,,-0.33,21.77,,,
9607614,2026-08-29T10:54:21,207.22,0,F,1698.9,-7688.9,47.51983261,-122.2613678,E,,,-0.34,21.77,,,
9608675,2026-08-29T10:54:22,147.73,0,F,1698.9,-7688.9,47.51983261,-122.2613678,E,,,-0.33,21.74,,,
9609734,2026-08-29T10:54:23,108.32,0,F,1698.9,-7688.9,47.51983261,-122.2613678,E,,,-0.33,21.76,,,
9610779,2026-08-29T10:54:24,107.72,0,F,1698.9,-7688.9,47.51983261,-122.2613678,E,,,-0.33,21.71,,,
9611828,2026-08-29T10:54:25,106.34,0,F,1698.9,-7688.9,47.51983261,-122.2613678,E,,,-0.33,21.73,,,
9612882,2026-08-29T10:54:26,105.67,0,F,1698.9,-7688.9,47.51983261,-122.2613678,E,,,-0.33,21.72,,,
9613938,2026-08-29T10:54:27,106.09,0,F,1698.9,-7688.9,47.51983261,-122.2613678,E,,,-0.33,21.73,,,
9614991,2026-08-29T10:54:28,106.33,0,F,1698.9,-7688.9,47.51983261,-122.2613678,E,,,-0.34,21.71,,,
9616041,2026-08-29T10:54:29,106.27,0,F,1698.9,-7688.9,47.51983261,-122.2613678,E,,,-0.33,21.72,,,
9617072,2026-08-29T10:54:30,105.77,0,F,1698.9,-7688.9,47.51983261,-122.2613678,E,,,-0.33,21.71,,,
9618134,2026-08-29T10:54:31,105.97,0,F,1698.9,-7688.9,47.51983261,-122.2613678,E,,,-0.33,21.7,,,
9619179,2026-08-29T10:54:33,106.19,0,F,1698.9,-7688.9,47.51983261,-122.2613678,E,,,-0.33,21.7,,,
9620222,2026-08-29T10:54:34,106.29,0,F,1698.9,-7688.9,47.51983261,-122.2613678,E,,,-0.34,21.68,,,
9621253,2026-08-29T10:54:35,106.39,0.257,G,1831.85,-7611.89,47.52052307,-122.25959778,G,7,1.2,-0.34,21.66,,,
9622279,2026-08-29T10:54:36,106.25,0.257,G,1831.85,-7610.62,47.52053452,-122.25959778,G,7,1.2,-0.33,21.61,,,
9623305,2026-08-29T10:54:37,105.83,0.087,G,1831.84,-7615.29,47.52049255,-122.25959778,G,7,1.2,-0.34,21.61,,,
9624335,2026-08-29T10:54:38,105.77,0,F,1831.84,-7616.14,47.52048492,-122.25959778,G,7,1.2,-0.33,21.58,,,
9625361,2026-08-29T10:54:39,105.87,0.118,G,1830.7,-7620.38,47.52044678,-122.25961304,G,7,1.2,-0.33,21.62,,,
9626376,2026-08-29T10:54:40,105.49,0.17,G,1831.85,-7620.38,47.52044678,-122.25959778,G,7,1.2,-0.33,21.61,,,
9627403,2026-08-29T10:54:41,105.24,0.304,G,1831.85,-7618.68,47.52046204,-122.25959778,G,7,1.2,-0.32,21.59,,,
9628417,2026-08-29T10:54:42,105.51,0.159,G,1830.7,-7619.11,47.52045822,-122.25961304,G,7,1.2,-0.33,21.63,,,
9629443,2026-08-29T10:54:43,105.95,0,F,1830.7,-7616.56,47.52048111,-122.25961304,G,7,1.2,-0.32,21.65,,,
9630463,2026-08-29T10:54:44,105.81,0.216,G,1830.7,-7618.26,47.52046585,-122.25961304,G,7,1.2,-0.33,21.59,,,
9631516,2026-08-29T10:54:45,105.54,0,F,1831.84,-7616.98,47.52047729,-122.25959778,G,7,1.2,-0.33,21.61,,,
9632542,2026-08-29T10:54:46,105.61,0.139,G,1830.7,-7617.41,47.52047348,-122.25961304,G,7,1.2,-0.32,21.49,,,
9633555,2026-08-29T10:54:47,105.43,0.077,G,1830.7,-7617.83,47.52046967,-122.25961304,G,7,1.2,-0.33,21.54,,,
9634571,2026-08-29T10:54:48,105.66,0.067,G,1830.7,-7619.11,47.52045822,-122.25961304,G,7,1.2,-0.33,21.62,,,
9635586,2026-08-29T10:54:49,105.4,0.108,G,1830.7,-7620.38,47.52044678,-122.25961304,G,7,1.2,-0.32,21.59,,,
9636640,2026-08-29T10:54:50,105.52,0,F,1830.7,-7621.23,47.52043915,-122.25961304,G,7,1.2,-0.33,21.67,,,
9637699,2026-08-29T10:54:51,105.83,0,F,1830.7,-7621.66,47.52043533,-122.25961304,G,7,1.2,-0.32,21.69,,,
9638703,2026-08-29T10:54:52,105.61,0.242,G,1830.77,-7621.67,47.52043533,-122.25961304,G,7,1.2,-0.33,21.61,,,
9639717,2026-08-29T10:54:53,105.47,0.417,G,1831.14,-7621.77,47.52043533,-122.25960541,G,7,1.2,-0.33,21.62,,,
9640725,2026-08-29T10:54:54,105.46,0.278,G,1831.41,-7621.85,47.52043533,-122.25960541,G,7,1.2,-0.32,21.58,,,
9641739,2026-08-29T10:54:55,105.46,0.154,G,1831.62,-7621.91,47.52043152,-122.25959778,G,7,1.2,-0.32,21.62,,,
9642744,2026-08-29T10:54:56,105.75,0.154,G,1830.7,-7621.23,47.52043915,-122.25961304,G,7,1.2,-0.33,21.6,,,
9643759,2026-08-29T10:54:57,105.9,0.216,G,1831.85,-7621.23,47.52043915,-122.25959778,G,7,1.2,-0.32,21.61,,,
9644774,2026-08-29T10:54:58,105.4,0,F,1832.99,-7621.23,47.52043915,-122.25958252,G,7,1.2,-0.32,21.61,,,
9645818,2026-08-29T10:54:59,105.07,0.134,G,1831.85,-7622.93,47.52042389,-122.25959778,G,7,1.2,-0.33,21.7,,,
9646833,2026-08-29T10:55:00,104.63,0.118,G,1831.85,-7622.93,47.52042389,-122.25959778,G,7,1.2,-0.32,21.61,,,
9647839,2026-08-29T10:55:01,105.47,0.103,G,1830.7,-7622.93,47.52042389,-122.25961304,G,7,1.2,-0.33,21.57,,,
9648846,2026-08-29T10:55:02,105.71,0.057,G,1830.7,-7622.08,47.52043152,-122.25961304,G,7,1.2,-0.32,21.59,,,
9649859,2026-08-29T10:55:03,105.58,0.067,G,1830.7,-7622.51,47.5204277,-122.25961304,G,7,1.2,-0.32,21.56,,,
9650865,2026-08-29T10:55:04,105.61,0.072,G,1830.7,-7622.51,47.5204277,-122.25961304,G,7,1.2,-0.32,21.59,,,
9651874,2026-08-29T10:55:05,105.42,0.18,G,1830.7,-7622.93,47.52042389,-122.25961304,G,7,1.2,-0.32,21.56,,,
9652881,2026-08-29T10:55:06,105.65,0.17,G,1830.7,-7622.93,47.52042389,-122.25961304,G,7,1.2,-0.32,21.59,,,
9653899,2026-08-29T10:55:07,105.52,0,F,1830.7,-7622.93,47.52042389,-122.25961304,G,7,1.2,-0.32,21.59,,,
9654952,2026-08-29T10:55:08,105.28,0,F,1830.7,-7622.93,47.52042389,-122.25961304,G,7,1.2,-0.32,21.65,,,
9655978,2026-08-29T10:55:09,105.52,0.077,G,1830.7,-7622.93,47.52042389,-122.25961304,G,7,1.2,-0.32,21.59,,,
9656998,2026-08-29T10:55:10,105.22,0.087,G,1830.7,-7622.93,47.52042389,-122.25961304,G,8,1,-0.32,21.54,,,
9658005,2026-08-29T10:55:11,105.52,0.093,G,1830.7,-7623.35,47.52042007,-122.25961304,G,8,1,-0.32,21.54,,,
9659024,2026-08-29T10:55:12,105.53,0.103,G,1830.7,-7623.35,47.52042007,-122.25961304,G,8,1,-0.32,21.52,,,
9660042,2026-08-29T10:55:13,105.17,0.103,G,1830.7,-7623.35,47.52042007,-122.25961304,G,8,1,-0.32,21.58,,,
9661080,2026-08-29T10:55:14,104.96,0.087,G,1830.7,-7622.93,47.52042389,-122.25961304,G,8,1,-0.32,21.47,,,
9662127,2026-08-29T10:55:15,105.25,0,F,1830.7,-7622.93,47.52042389,-122.25961304,G,8,1,-0.32,21.61,,,
9663144,2026-08-29T10:55:17,105.42,0.098,G,1830.7,-7623.35,47.52042007,-122.25961304,G,8,1,-0.32,21.55,,,
9664150,2026-08-29T10:55:18,105.78,0.113,G,1830.7,-7623.35,47.52042007,-122.25961304,G,8,1,-0.31,21.56,,,
9665166,2026-08-29T10:55:19,106.15,0.129,G,1830.7,-7623.35,47.52042007,-122.25961304,G,8,1,-0.32,21.55,,,
9666173,2026-08-29T10:55:20,106.16,0.226,G,1830.7,-7623.35,47.52042007,-122.25961304,G,8,1,-0.32,21.56,,,
9667179,2026-08-29T10:55:21,105.65,0.242,G,1830.7,-7623.78,47.52041626,-122.25961304,G,8,1,-0.31,21.56,,,
9668186,2026-08-29T10:55:22,106.21,0.247,G,1830.7,-7623.78,47.52041626,-122.25961304,G,8,1,-0.32,21.57,,,
9669201,2026-08-29T10:55:23,106.5,0.247,G,1830.13,-7624.2,47.52041245,-122.25962067,G,8,1,-0.32,21.56,,,
9670207,2026-08-29T10:55:24,106.01,0.134,G,1830.13,-7624.2,47.52041245,-122.25962067,G,8,1,-0.32,21.57,,,
9671231,2026-08-29T10:55:25,106.17,0.108,G,1830.13,-7623.78,47.52041626,-122.25962067,G,8,1,-0.32,21.57,,,
9672241,2026-08-29T10:55:26,105.55,0.082,G,1830.13,-7623.78,47.52041626,-122.25962067,G,8,1,-0.32,21.56,,,
9673251,2026-08-29T10:55:27,105.7,0.057,G,1830.7,-7623.35,47.52042007,-122.25961304,G,8,1,-0.32,21.56,,,
9674253,2026-08-29T10:55:28,105.17,0.062,G,1830.7,-7622.93,47.52042389,-122.25961304,G,8,1,-0.31,21.52,,,
9675260,2026-08-29T10:55:29,105.49,0.057,G,1830.7,-7622.93,47.52042389,-122.25961304,G,8,1,-0.32,21.55,,,
9676284,2026-08-29T10:55:30,105.53,0,F,1830.7,-7622.51,47.5204277,-122.25961304,G,8,1,-0.32,21.56,,,
9677290,2026-08-29T10:55:31,105.58,0.093,G,1830.7,-7622.51,47.5204277,-122.25961304,G,8,1,-0.32,21.55,,,
9678298,2026-08-29T10:55:32,105.33,0.139,G,1830.7,-7622.08,47.52043152,-122.25961304,G,8,1.1,-0.32,21.55,,,
9679305,2026-08-29T10:55:33,105.48,0.268,G,1830.7,-7622.08,47.52043152,-122.25961304,G,8,1,-0.32,21.55,,,
9680312,2026-08-29T10:55:34,105.16,0.221,G,1830.7,-7621.66,47.52043533,-122.25961304,G,8,1.1,-0.32,21.55,,,
9681316,2026-08-29T10:55:35,105.37,0.17,G,1830.7,-7621.66,47.52043533,-122.25961304,G,8,1.1,-0.32,21.55,,,
9682321,2026-08-29T10:55:36,105.35,0.062,G,1830.7,-7621.23,47.52043915,-122.25961304,G,8,1.1,-0.31,21.55,,,
9683326,2026-08-29T10:55:37,105.31,0.201,G,1830.7,-7621.23,47.52043915,-122.25961304,G,8,1,-0.32,21.54,,,
9684352,2026-08-29T10:55:38,105.04,0.304,G,1830.7,-7621.66,47.52043533,-122.25961304,G,8,1,-0.32,21.52,,,
9685368,2026-08-29T10:55:39,105.27,0.334,G,1830.13,-7621.66,47.52043533,-122.25962067,G,8,1,-0.32,21.49,,,
9686379,2026-08-29T10:55:40,105.13,0.427,G,1830.7,-7621.66,47.52043533,-122.25961304,G,8,1,-0.32,21.47,,,
9687387,2026-08-29T10:55:41,104.94,0.401,G,1830.13,-7621.66,47.52043533,-122.25962067,G,8,1,-0.31,21.52,,,
9688402,2026-08-29T10:55:42,104.99,0.309,G,1830.13,-7621.66,47.52043533,-122.25962067,G,8,1,-0.31,21.47,,,
9689408,2026-08-29T10:55:43,105.37,0.278,G,1830.13,-7621.23,47.52043915,-122.25962067,G,8,1,-0.32,21.5,,,
9690413,2026-08-29T10:55:44,105.15,0.149,G,1830.13,-7621.23,47.52043915,-122.25962067,G,8,1,-0.32,21.5,,,
9691417,2026-08-29T10:55:45,105.11,0.17,G,1830.13,-7621.23,47.52043915,-122.25962067,G,8,1,-0.32,21.49,,,
9692432,2026-08-29T10:55:46,105.11,0.18,G,1830.13,-7621.23,47.52043915,-122.25962067,G,8,1,-0.32,21.46,,,
9693446,2026-08-29T10:55:47,104.76,0.134,G,1830.13,-7621.66,47.52043533,-122.25962067,G,8,1,-0.32,21.47,,,
9694460,2026-08-29T10:55:48,104.91,0.129,G,1830.13,-7621.66,47.52043533,-122.25962067,G,8,1,-0.32,21.49,,,
9695483,2026-08-29T10:55:49,104.5,0.216,G,1830.13,-7621.66,47.52043533,-122.25962067,G,8,1,-0.32,21.38,,,
9696498,2026-08-29T10:55:50,104.12,0.149,G,1830.13,-7622.08,47.52043152,-122.25962067,G,8,1,-0.31,21.47,,,
9697513,2026-08-29T10:55:51,104.39,0.087,G,1830.13,-7622.08,47.52043152,-122.25962067,G,8,1,-0.31,21.36,,,
9698535,2026-08-29T10:55:52,104.44,0.062,G,1830.13,-7622.08,47.52043152,-122.25962067,G,8,1,-0.31,21.38,,,
9699558,2026-08-29T10:55:53,104.73,0,F,1830.13,-7622.08,47.52043152,-122.25962067,G,8,1,-0.32,21.42,,,
9700582,2026-08-29T10:55:54,105.09,0,F,1830.13,-7622.08,47.52043152,-122.25962067,G,8,1,-0.32,21.46,,,
9701609,2026-08-29T10:55:55,105.29,0,F,1830.13,-7622.08,47.52043152,-122.25962067,G,8,1.1,-0.32,21.5,,,
9702633,2026-08-29T10:55:56,105.21,0,F,1830.13,-7622.08,47.52043152,-122.25962067,G,8,1,-0.32,21.55,,,
9703654,2026-08-29T10:55:57,105.56,0,F,1830.13,-7622.08,47.52043152,-122.25962067,G,8,1,-0.32,21.47,,,
9704685,2026-08-29T10:55:58,104.99,0.093,G,1830.13,-7622.08,47.52043152,-122.25962067,G,8,1,-0.32,21.46,,,
9705701,2026-08-29T10:55:59,105.19,0.082,G,1830.13,-7622.08,47.52043152,-122.25962067,G,8,1,-0.32,21.42,,,
9706714,2026-08-29T10:56:00,105.23,0.051,G,1830.13,-7622.08,47.52043152,-122.25962067,G,8,1,-0.31,21.46,,,
9707744,2026-08-29T10:56:01,105.17,0.129,G,1830.13,-7622.08,47.52043152,-122.25962067,G,8,1,-0.32,21.44,,,
9708766,2026-08-29T10:56:02,105.11,0.098,G,1830.13,-7622.08,47.52043152,-122.25962067,G,8,1,-0.33,21.43,,,
9709791,2026-08-29T10:56:03,105.33,0.077,G,1830.13,-7622.08,47.52043152,-122.25962067,G,8,1,-0.31,21.45,,,
9710826,2026-08-29T10:56:04,105.12,0,F,1830.13,-7622.51,47.5204277,-122.25962067,G,8,1,-0.32,21.41,,,
9711861,2026-08-29T10:56:05,105.06,0,F,1830.13,-7622.08,47.52043152,-122.25962067,G,8,1,-0.32,21.46,,,
9712875,2026-08-29T10:56:06,105.03,0,F,1830.13,-7622.08,47.52043152,-122.25962067,G,8,1,-0.32,21.41,,,
9713908,2026-08-29T10:56:07,105.33,0.144,G,1830.13,-7622.08,47.52043152,-122.25962067,G,8,1.1,-0.31,21.44,,,
9714921,2026-08-29T10:56:08,105.38,0.195,G,1830.13,-7622.08,47.52043152,-122.25962067,G,8,1,-0.32,21.45,,,
9715935,2026-08-29T10:56:09,105.38,0.211,G,1830.13,-7621.66,47.52043533,-122.25962067,G,7,1.2,-0.31,21.44,,,
9716951,2026-08-29T10:56:10,105.46,0.154,G,1830.24,-7621.68,47.52043533,-122.25962067,G,7,1.2,-0.32,21.42,,,
9717955,2026-08-29T10:56:11,105.45,0.139,G,1830.38,-7621.73,47.52043533,-122.25962067,G,7,1.2,-0.32,21.43,,,
9718981,2026-08-29T10:56:12,105.64,0.175,G,1830.53,-7621.78,47.52043533,-122.25961304,G,7,1.2,-0.31,21.45,,,
9719995,2026-08-29T10:56:13,105.36,0.144,G,1830.13,-7620.81,47.52044296,-122.25962067,G,8,1,-0.32,21.45,,,
9721010,2026-08-29T10:56:14,105.19,0.159,G,1830.13,-7620.81,47.52044296,-122.25962067,G,8,1.1,-0.32,21.25,,,
9722037,2026-08-29T10:56:15,105.23,0.19,G,1830.13,-7620.81,47.52044296,-122.25962067,G,8,1.1,-0.31,21.46,,,
9723052,2026-08-29T10:56:16,104.94,0.19,G,1830.13,-7620.81,47.52044296,-122.25962067,G,8,1,-0.32,21.45,,,
9724069,2026-08-29T10:56:17,105.19,0.247,G,1830.13,-7620.38,47.52044678,-122.25962067,G,8,1,-0.32,21.46,,,
9725091,2026-08-29T10:56:18,105.84,0.159,G,1830.13,-7620.38,47.52044678,-122.25962067,G,8,1,-0.32,21.42,,,
9726108,2026-08-29T10:56:19,105.99,0.093,G,1830.7,-7619.96,47.52045059,-122.25961304,G,8,1,-0.31,21.46,,,
9727124,2026-08-29T10:56:20,106.03,0.144,G,1830.7,-7619.96,47.52045059,-122.25961304,G,8,1,-0.31,21.43,,,
9728129,2026-08-29T10:56:21,105.71,0.077,G,1830.7,-7619.96,47.52045059,-122.25961304,G,8,1,-0.32,21.47,,,
9729131,2026-08-29T10:56:22,105.51,0.098,G,1830.7,-7619.96,47.52045059,-122.25961304,G,8,1,-0.32,21.45,,,
9730156,2026-08-29T10:56:24,104.65,0.098,G,1830.7,-7619.53,47.52045441,-122.25961304,G,8,1,-0.32,21.43,,,
9731187,2026-08-29T10:56:25,104.64,0,F,1830.7,-7619.53,47.52045441,-122.25961304,G,8,1,-0.32,21.47,,,
9732195,2026-08-29T10:56:26,104.75,0.149,G,1830.7,-7619.53,47.52045441,-122.25961304,G,8,1,-0.33,21.48,,,
9733219,2026-08-29T10:56:27,104.74,0.113,G,1830.7,-7619.96,47.52045059,-122.25961304,G,8,1,-0.31,21.46,,,
9734255,2026-08-29T10:56:28,105.19,0.113,G,1830.7,-7619.96,47.52045059,-122.25961304,G,8,1,-0.32,21.47,,,
9735276,2026-08-29T10:56:29,105.52,0.195,G,1830.7,-7619.96,47.52045059,-122.25961304,G,8,1,-0.32,21.43,,,
9736290,2026-08-29T10:56:30,105.47,0.211,G,1830.7,-7619.53,47.52045441,-122.25961304,G,7,1.2,-0.31,21.38,,,
9737306,2026-08-29T10:56:31,105.51,0.226,G,1830.7,-7619.53,47.52045441,-122.25961304,G,8,1,-0.31,21.43,,,
9738332,2026-08-29T10:56:32,105.5,0.309,G,1830.7,-7619.11,47.52045822,-122.25961304,G,8,1,-0.31,21.32,,,
9739340,2026-08-29T10:56:33,105.1,0.298,G,1830.7,-7618.68,47.52046204,-122.25961304,G,8,1,-0.32,21.32,,,
9740348,2026-08-29T10:56:34,104.7,0.268,G,1831.85,-7618.26,47.52046585,-122.25959778,G,8,1.1,-0.32,21.32,,,
9741374,2026-08-29T10:56:35,104.87,0.231,G,1832.09,-7618.32,47.52046585,-122.25959778,G,7,1.2,-0.31,21.4,,,
9742399,2026-08-29T10:56:36,104.5,0.221,G,1831.85,-7617.41,47.52047348,-122.25959778,G,8,1.1,-0.32,21.41,,,
9743412,2026-08-29T10:56:37,104.97,0.221,G,1831.85,-7616.99,47.52047729,-122.25959778,G,8,1.1,-0.32,21.45,,,
9744428,2026-08-29T10:56:38,104.76,0.273,G,1831.85,-7616.99,47.52047729,-122.25959778,G,8,1.1,-0.31,21.41,,,
9745463,2026-08-29T10:56:39,104.8,0.237,G,1831.85,-7616.56,47.52048111,-122.25959778,G,8,1.1,-0.32,21.34,,,
9746468,2026-08-29T10:56:40,105.06,0.195,G,1831.86,-7616.57,47.52048111,-122.25959778,G,7,1.2,-0.32,21.35,,,
9747481,2026-08-29T10:56:41,104.71,0.154,G,1831.85,-7616.14,47.52048492,-122.25959778,G,8,1,-0.32,21.35,,,
9748486,2026-08-29T10:56:42,103.99,0.103,G,1831.85,-7616.14,47.52048492,-122.25959778,G,8,1.1,-0.32,21.39,,,
9749490,2026-08-29T10:56:43,104.45,0.062,G,1831.84,-7616.14,47.52048492,-122.25959778,G,8,1.1,-0.32,21.38,,,
9750544,2026-08-29T10:56:44,104.69,0,F,1831.84,-7616.14,47.52048492,-122.25959778,G,8,1,-0.32,21.44,,,
9751550,2026-08-29T10:56:45,104.83,0.082,G,1831.84,-7616.14,47.52048492,-122.25959778,G,8,1,-0.32,21.39,,,
9752574,2026-08-29T10:56:46,104.72,0.206,G,1831.85,-7616.14,47.52048492,-122.25959778,G,8,1,-0.32,21.34,,,
9753588,2026-08-29T10:56:47,104.77,0.165,G,1831.85,-7616.14,47.52048492,-122.25959778,G,8,1,-0.31,21.33,,,
9754593,2026-08-29T10:56:48,104.9,0.118,G,1831.85,-7615.71,47.52048874,-122.25959778,G,8,1,-0.32,21.35,,,
9755617,2026-08-29T10:56:49,104.93,0.134,G,1831.85,-7615.71,47.52048874,-122.25959778,G,8,1,-0.32,21.35,,,
9756622,2026-08-29T10:56:50,104.75,0.165,G,1831.85,-7615.71,47.52048874,-122.25959778,G,8,1,-0.31,21.36,,,
9757626,2026-08-29T10:56:51,104.93,0.195,G,1831.85,-7615.29,47.52049255,-122.25959778,G,8,1,-0.32,21.37,,,
9758630,2026-08-29T10:56:52,105.22,0.211,G,1831.85,-7615.29,47.52049255,-122.25959778,G,8,1.1,-0.31,21.36,,,
9759635,2026-08-29T10:56:53,105.59,0.159,G,1831.85,-7614.86,47.52049637,-122.25959778,G,8,1.1,-0.31,21.27,,,
9760650,2026-08-29T10:56:54,105.1,0.206,G,1831.85,-7614.86,47.52049637,-122.25959778,G,8,1.1,-0.32,21.39,,,
9761661,2026-08-29T10:56:55,105.37,0.226,G,1831.85,-7614.44,47.52050018,-122.25959778,G,8,1.1,-0.32,21.33,,,
9762686,2026-08-29T10:56:56,105.41,0.231,G,1832.99,-7614.44,47.52050018,-122.25958252,G,8,1,-0.32,21.38,,,
9763703,2026-08-29T10:56:57,105.36,0.19,G,1832.99,-7614.01,47.520504,-122.25958252,G,8,1,-0.31,21.37,,,
9764714,2026-08-29T10:56:58,105.29,0.159,G,1832.99,-7614.01,47.520504,-122.25958252,G,8,1,-0.31,21.34,,,
9765720,2026-08-29T10:56:59,105.26,0.134,G,1832.99,-7614.01,47.520504,-122.25958252,G,8,1,-0.31,21.33,,,
9766725,2026-08-29T10:57:00,105.11,0.082,G,1832.99,-7614.01,47.520504,-122.25958252,G,8,1.1,-0.32,21.32,,,
9767731,2026-08-29T10:57:01,104.7,0.103,G,1832.99,-7614.01,47.520504,-122.25958252,G,8,1,-0.32,21.32,,,
9768766,2026-08-29T10:57:02,104.99,0,F,1832.99,-7614.01,47.520504,-122.25958252,G,8,1,-0.32,21.42,,,
9769816,2026-08-29T10:57:03,104.63,0.093,G,1832.99,-7614.01,47.520504,-122.25958252,G,7,1.2,-0.32,21.42,,,
9770853,2026-08-29T10:57:04,104.85,0.159,G,1833.04,-7614.02,47.520504,-122.25958252,G,7,1.2,-0.32,21.35,,,
9771860,2026-08-29T10:57:05,104.78,0.149,G,1833.2,-7614.07,47.520504,-122.25958252,G,7,1.2,-0.33,21.32,,,
9772877,2026-08-29T10:57:06,104.65,0.144,G,1832.99,-7613.59,47.52050781,-122.25958252,G,7,1.2,-0.32,21.32,,,
9773885,2026-08-29T10:57:07,104.54,0.226,G,1832.99,-7613.16,47.52051163,-122.25958252,G,7,1.2,-0.32,21.28,,,
9774893,2026-08-29T10:57:08,104.56,0.252,G,1832.99,-7613.16,47.52051163,-122.25958252,G,7,1.2,-0.32,21.31,,,
9775910,2026-08-29T10:57:09,104.42,0.257,G,1832.99,-7612.74,47.52051544,-122.25958252,G,7,1.2,-0.32,21.27,,,
9776916,2026-08-29T10:57:10,104.39,0.19,G,1832.99,-7612.31,47.52051926,-122.25958252,G,7,1.2,-0.32,21.26,,,
9777930,2026-08-29T10:57:11,104.96,0.159,G,1833.09,-7612.34,47.52051926,-122.25958252,G,7,1.2,-0.32,21.28,,,
9778936,2026-08-29T10:57:12,104.66,0.123,G,1833.24,-7612.39,47.52051926,-122.25958252,G,7,1.2,-0.32,21.23,,,
9779940,2026-08-29T10:57:13,104.36,0.087,G,1832.99,-7611.89,47.52052307,-122.25958252,G,7,1.2,-0.32,21.22,,,
9780995,2026-08-29T10:57:14,104.22,0,F,1832.99,-7611.89,47.52052307,-122.25958252,G,7,1.2,-0.32,21.29,,,
9782054,2026-08-29T10:57:15,104.24,0,F,1832.99,-7611.89,47.52052307,-122.25958252,G,7,1.2,-0.32,21.31,,,
9783075,2026-08-29T10:57:16,104.5,0.098,G,1832.99,-7611.89,47.52052307,-122.25958252,G,7,1.2,-0.32,21.24,,,
9784108,2026-08-29T10:57:17,104.51,0,F,1832.99,-7611.89,47.52052307,-122.25958252,G,7,1.2,-0.32,21.29,,,
9785123,2026-08-29T10:57:18,104.66,0.067,G,1832.99,-7611.89,47.52052307,-122.25958252,G,7,1.2,-0.32,21.26,,,
9786163,2026-08-29T10:57:20,104.57,0,F,1832.99,-7612.31,47.52051926,-122.25958252,G,7,1.2,-0.33,21.26,,,
9787189,2026-08-29T10:57:21,104.68,0,F,1832.99,-7612.31,47.52051926,-122.25958252,G,7,1.2,-0.32,21.28,,,
9788203,2026-08-29T10:57:22,104.34,0.108,G,1833.04,-7612.33,47.52051926,-122.25958252,G,7,1.2,-0.32,21.23,,,
9789210,2026-08-29T10:57:23,104.4,0.129,G,1833.15,-7612.38,47.52051926,-122.25958252,G,7,1.2,-0.32,21.19,,,
9790216,2026-08-29T10:57:24,104.52,0.129,G,1832.99,-7611.89,47.52052307,-122.25958252,G,7,1.2,-0.32,21.17,,,
9791237,2026-08-29T10:57:25,104.61,0.144,G,1832.99,-7611.89,47.52052307,-122.25958252,G,7,1.2,-0.33,21.19,,,
9792247,2026-08-29T10:57:26,104.27,0.113,G,1833.1,-7611.93,47.52052307,-122.25958252,G,7,1.2,-0.32,21.16,,,
9793274,2026-08-29T10:57:27,104.2,0,F,1832.99,-7611.89,47.52052307,-122.25958252,G,7,1.2,-0.33,21.22,,,
9794290,2026-08-29T10:57:28,104.09,0.077,G,1832.99,-7611.89,47.52052307,-122.25958252,G,7,1.2,-0.33,21.16,,,
9795306,2026-08-29T10:57:29,103.83,0.113,G,1832.99,-7611.89,47.52052307,-122.25958252,G,7,1.2,-0.32,21.18,,,
9796320,2026-08-29T10:57:30,104.07,0.077,G,1832.99,-7611.46,47.52052689,-122.25958252,G,7,1.2,-0.32,21.18,,,
9797324,2026-08-29T10:57:31,103.81,0.077,G,1832.99,-7611.46,47.52052689,-122.25958252,G,7,1.2,-0.32,21.18,,,
9798327,2026-08-29T10:57:32,104.08,0.072,G,1832.99,-7611.46,47.52052689,-122.25958252,G,7,1.2,-0.32,21.18,,,
9799333,2026-08-29T10:57:33,104.14,0.087,G,1832.99,-7611.46,47.52052689,-122.25958252,G,7,1.2,-0.32,21.17,,,
9800338,2026-08-29T10:57:34,104.42,0.129,G,1833.1,-7611.49,47.52052689,-122.25958252,G,7,1.2,-0.32,21.17,,,
9801362,2026-08-29T10:57:35,104.47,0.19,G,1833.26,-7611.54,47.52052689,-122.25958252,G,7,1.2,-0.32,21.16,,,
9802367,2026-08-29T10:57:36,104.24,0.17,G,1833.43,-7611.59,47.52052689,-122.25957489,G,7,1.2,-0.32,21.16,,,
9803385,2026-08-29T10:57:37,104.25,0.108,G,1833.56,-7610.62,47.52053452,-122.25957489,G,7,1.2,-0.32,21.15,,,
9804401,2026-08-29T10:57:38,104.53,0.103,G,1833.57,-7610.62,47.52053452,-122.25957489,G,7,1.2,-0.32,21.15,,,
9805406,2026-08-29T10:57:39,104.79,0.123,G,1833.68,-7610.66,47.52053452,-122.25957489,G,7,1.2,-0.32,21.05,,,
9806413,2026-08-29T10:57:40,105.04,0.134,G,1833.56,-7610.19,47.52053833,-122.25957489,G,7,1.2,-0.32,21.13,,,
9807420,2026-08-29T10:57:41,105.05,0.067,G,1832.99,-7610.19,47.52053833,-122.25958252,G,7,1.2,-0.32,21.14,,,
9808466,2026-08-29T10:57:42,104.25,0,F,1832.99,-7610.19,47.52053833,-122.25958252,G,7,1.2,-0.32,21.17,,,
9809521,2026-08-29T10:57:43,104.82,0,F,1832.99,-7610.19,47.52053833,-122.25958252,G,7,1.2,-0.32,21.17,,,
9810549,2026-08-29T10:57:44,104.56,0.082,G,1833.56,-7610.19,47.52053833,-122.25957489,G,7,1.2,-0.32,21.15,,,
9811564,2026-08-29T10:57:45,104.48,0.067,G,1833.56,-7609.77,47.52054214,-122.25957489,G,7,1.2,-0.32,21.11,,,
9812578,2026-08-29T10:57:46,104.64,0.051,G,1833.56,-7609.77,47.52054214,-122.25957489,G,7,1.2,-0.33,21.11,,,
9813609,2026-08-29T10:57:47,104.6,0,F,1833.56,-7609.77,47.52054214,-122.25957489,G,7,1.2,-0.33,21.12,,,
9814640,2026-08-29T10:57:48,104.18,0,F,1833.56,-7609.77,47.52054214,-122.25957489,G,7,1.2,-0.32,21.13,,,
9815662,2026-08-29T10:57:49,103.97,0,F,1833.56,-7609.77,47.52054214,-122.25957489,G,7,1.2,-0.32,21.09,,,
9816677,2026-08-29T10:57:50,103.81,0.077,G,1833.63,-7609.77,47.52054214,-122.25957489,G,7,1.2,-0.32,21.09,,,
9817719,2026-08-29T10:57:51,104.21,0,F,1833.56,-7609.77,47.52054214,-122.25957489,G,7,1.2,-0.32,21.14,,,
9818750,2026-08-29T10:57:52,104.61,0,F,1833.56,-7609.77,47.52054214,-122.25957489,G,7,1.2,-0.33,21.12,,,
9819773,2026-08-29T10:57:53,104.41,0,F,1833.56,-7609.77,47.52054214,-122.25957489,G,7,1.2,-0.33,21.13,,,
9820821,2026-08-29T10:57:54,104.53,0,F,1833.56,-7609.77,47.52054214,-122.25957489,G,7,1.2,-0.33,21.09,,,
9821845,2026-08-29T10:57:55,104.31,0,F,1833.56,-7609.77,47.52054214,-122.25957489,G,7,1.2,-0.33,21.13,,,
9822865,2026-08-29T10:57:56,104.36,0,F,1833.56,-7609.77,47.52054214,-122.25957489,G,7,1.2,-0.32,21.07,,,
9823908,2026-08-29T10:57:57,104.5,0,F,1833.56,-7609.77,47.52054214,-122.25957489,G,7,1.2,-0.33,21.04,,,
9824922,2026-08-29T10:57:58,104.97,0,F,1833.56,-7609.77,47.52054214,-122.25957489,G,7,1.2,-0.33,20.98,,,
9825934,2026-08-29T10:57:59,104.82,0,F,1833.56,-7609.77,47.52054214,-122.25957489,G,7,1.2,-0.33,21.01,,,
9826960,2026-08-29T10:58:00,105.28,0,F,1833.56,-7609.77,47.52054214,-122.25957489,G,7,1.2,-0.32,21.07,,,
9828069,2026-08-29T10:58:01,105.01,0,F,1833.56,-7609.77,47.52054214,-122.25957489,G,7,1.2,-0.32,21.07,,,
9829074,2026-08-29T10:58:02,104.51,0,F,1833.56,-7609.77,47.52054214,-122.25957489,G,7,1.2,-0.33,21.08,,,
9830105,2026-08-29T10:58:03,104.71,0,F,1833.56,-7609.77,47.52054214,-122.25957489,G,7,1.2,-0.33,21.07,,,
9831127,2026-08-29T10:58:04,105.06,0,F,1833.56,-7609.77,47.52054214,-122.25957489,G,7,1.2,-0.33,21.06,,,
9832162,2026-08-29T10:58:06,104.63,0,F,1833.56,-7609.77,47.52054214,-122.25957489,G,7,1.2,-0.32,21.05,,,
9833184,2026-08-29T10:58:07,104.48,0,F,1833.56,-7609.77,47.52054214,-122.25957489,G,7,1.2,-0.33,21.05,,,
9834209,2026-08-29T10:58:08,104.32,0,F,1833.56,-7609.77,47.52054214,-122.25957489,G,7,1.2,-0.32,21.02,,,
9835230,2026-08-29T10:58:09,104.13,0,F,1833.56,-7609.77,47.52054214,-122.25957489,G,7,1.2,-0.32,21.02,,,
9836243,2026-08-29T10:58:10,104.08,0,F,1833.56,-7609.77,47.52054214,-122.25957489,G,7,1.2,-0.33,20.98,,,
9837256,2026-08-29T10:58:11,104.05,0,F,1833.56,-7609.77,47.52054214,-122.25957489,G,7,1.2,-0.32,21,,,
9838299,2026-08-29T10:58:12,104.42,0,F,1833.56,-7609.77,47.52054214,-122.25957489,G,7,1.2,-0.33,21.02,,,
9839306,2026-08-29T10:58:13,104.7,0,F,1833.56,-7609.77,47.52054214,-122.25957489,G,7,1.2,-0.33,21.01,,,
9840341,2026-08-29T10:58:14,104.65,0,F,1833.56,-7609.77,47.52054214,-122.25957489,G,7,1.2,-0.33,21.02,,,
9841414,2026-08-29T10:58:15,104.89,0,F,1833.56,-7609.77,47.52054214,-122.25957489,G,7,1.2,-0.33,21.03,,,
9842456,2026-08-29T10:58:16,104.9,0,F,1833.56,-7609.77,47.52054214,-122.25957489,G,7,1.2,-0.32,21.02,,,
9843487,2026-08-29T10:58:17,104.48,0,F,1833.56,-7609.77,47.52054214,-122.25957489,G,7,1.2,-0.33,21.02,,,
9844517,2026-08-29T10:58:18,104.17,0,F,1833.56,-7609.77,47.52054214,-122.25957489,G,7,1.2,-0.33,21.01,,,
9845531,2026-08-29T10:58:19,104.71,0,F,1833.56,-7609.77,47.52054214,-122.25957489,G,7,1.2,-0.33,20.96,,,
9846565,2026-08-29T10:58:20,104.76,0,F,1833.56,-7609.77,47.52054214,-122.25957489,G,7,1.2,-0.33,20.9,,,
9847618,2026-08-29T10:58:21,104.61,0,F,1833.56,-7609.77,47.52054214,-122.25957489,G,7,1.2,-0.33,21.02,,,
9848678,2026-08-29T10:58:22,104.8,0,F,1833.56,-7609.77,47.52054214,-122.25957489,G,7,1.2,-0.33,21.03,,,
9849701,2026-08-29T10:58:23,104.66,0,F,1833.56,-7609.77,47.52054214,-122.25957489,G,7,1.2,-0.33,20.94,,,
9850722,2026-08-29T10:58:24,104.3,0,F,1833.56,-7609.77,47.52054214,-122.25957489,G,7,1.2,-0.33,20.99,,,
9851748,2026-08-29T10:58:25,104.28,0,F,1833.56,-7609.77,47.52054214,-122.25957489,G,7,1.2,-0.33,20.9,,,
9852765,2026-08-29T10:58:26,104.27,0,F,1833.56,-7609.77,47.52054214,-122.25957489,G,7,1.2,-0.33,20.99,,,
9853790,2026-08-29T10:58:27,104.12,0,F,1833.56,-7609.77,47.52054214,-122.25957489,G,7,1.2,-0.32,20.94,,,
9854823,2026-08-29T10:58:28,104.59,0,F,1833.56,-7609.77,47.52054214,-122.25957489,G,7,1.2,-0.32,20.92,,,
9855859,2026-08-29T10:58:29,104.61,0,F,1833.56,-7609.77,47.52054214,-122.25957489,G,7,1.2,-0.33,20.96,,,
9856883,2026-08-29T10:58:30,104.46,0,F,1833.56,-7609.77,47.52054214,-122.25957489,G,7,1.2,-0.33,20.94,,,
9857910,2026-08-29T10:58:31,104.33,0,F,1833.56,-7609.77,47.52054214,-122.25957489,G,7,1.2,-0.33,20.88,,,
9858940,2026-08-29T10:58:32,103.9,0,F,1833.56,-7609.77,47.52054214,-122.25957489,G,7,1.2,-0.33,20.93,,,
9859964,2026-08-29T10:58:33,104.07,0,F,1833.56,-7609.77,47.52054214,-122.25957489,G,7,1.2,-0.33,20.94,,,
9860983,2026-08-29T10:58:34,104.04,0,F,1833.56,-7609.77,47.52054214,-122.25957489,G,7,1.2,-0.32,20.91,,,
9862009,2026-08-29T10:58:35,104.06,0,F,1833.56,-7609.77,47.52054214,-122.25957489,G,7,1.2,-0.33,20.94,,,
9863042,2026-08-29T10:58:36,104.01,0,F,1833.56,-7609.77,47.52054214,-122.25957489,G,7,1.2,-0.33,20.93,,,
9864069,2026-08-29T10:58:37,103.66,0,F,1833.56,-7609.77,47.52054214,-122.25957489,G,7,1.2,-0.33,20.93,,,
9865102,2026-08-29T10:58:38,103.79,0,F,1833.56,-7609.77,47.52054214,-122.25957489,G,7,1.2,-0.33,20.9,,,
9866134,2026-08-29T10:58:39,103.58,0,F,1833.56,-7609.77,47.52054214,-122.25957489,G,7,1.2,-0.33,20.92,,,
9867166,2026-08-29T10:58:41,103.87,0,F,1833.56,-7609.77,47.52054214,-122.25957489,G,7,1.2,-0.33,20.85,,,
9868197,2026-08-29T10:58:42,104.18,0,F,1833.56,-7609.77,47.52054214,-122.25957489,G,7,1.2,-0.33,20.87,,,
9869210,2026-08-29T10:58:43,104.2,0,F,1833.56,-7609.77,47.52054214,-122.25957489,G,7,1.2,-0.32,20.88,,,
9870262,2026-08-29T10:58:44,103.9,0,F,1833.56,-7609.77,47.52054214,-122.25957489,G,6,1.3,-0.33,20.83,,,
9871277,2026-08-29T10:58:45,103.97,0,F,1833.56,-7609.77,47.52054214,-122.25957489,G,6,1.3,-0.33,20.87,,,
9872320,2026-08-29T10:58:46,104.11,0,F,1833.56,-7609.77,47.52054214,-122.25957489,G,7,1.2,-0.33,20.86,,,
9873362,2026-08-29T10:58:47,104.35,0,F,1833.56,-7609.77,47.52054214,-122.25957489,G,7,1.2,-0.33,20.84,,,
9874385,2026-08-29T10:58:48,104.54,0,F,1833.56,-7609.77,47.52054214,-122.25957489,G,6,1.3,-0.33,20.84,,,
9875429,2026-08-29T10:58:49,104.44,0,F,1833.56,-7609.77,47.52054214,-122.25957489,G,6,1.3,-0.33,20.82,,,
9876453,2026-08-29T10:58:50,104.42,0,F,1833.56,-7609.77,47.52054214,-122.25957489,G,7,1.2,-0.33,20.75,,,
9877469,2026-08-29T10:58:51,104.19,0,F,1833.56,-7609.77,47.52054214,-122.25957489,G,7,1.2,-0.33,20.74,,,
9878513,2026-08-29T10:58:52,104.56,0,F,1833.56,-7609.77,47.52054214,-122.25957489,G,7,1.2,-0.33,20.74,,,
9879549,2026-08-29T10:58:53,104.26,0,F,1833.56,-7609.77,47.52054214,-122.25957489,G,7,1.2,-0.32,20.91,,,
9880604,2026-08-29T10:58:54,104,0,F,1833.56,-7609.77,47.52054214,-122.25957489,G,7,1.2,-0.34,20.83,,,
9881628,2026-08-29T10:58:55,103.86,0,F,1833.56,-7609.77,47.52054214,-122.25957489,G,7,1.2,-0.33,20.81,,,
9882681,2026-08-29T10:58:56,103.64,0,F,1833.56,-7609.77,47.52054214,-122.25957489,G,7,1.2,-0.32,20.88,,,
9883708,2026-08-29T10:58:57,103.54,0,F,1833.56,-7609.77,47.52054214,-122.25957489,G,7,1.2,-0.33,20.85,,,
9884741,2026-08-29T10:58:58,103.51,0,F,1833.56,-7609.77,47.52054214,-122.25957489,G,7,1.2,-0.33,20.89,,,
9885754,2026-08-29T10:58:59,103.66,0,F,1833.56,-7609.77,47.52054214,-122.25957489,G,7,1.2,-0.33,20.82,,,
9886769,2026-08-29T10:59:00,103.87,0,F,1833.56,-7609.77,47.52054214,-122.25957489,G,7,1.2,-0.34,20.9,,,
9887822,2026-08-29T10:59:01,104.14,0,F,1833.56,-7609.77,47.52054214,-122.25957489,G,7,1.2,-0.33,20.84,,,
9888836,2026-08-29T10:59:02,104.3,0,F,1833.56,-7609.77,47.52054214,-122.25957489,G,7,1.2,-0.32,20.74,,,
9889861,2026-08-29T10:59:03,103.98,0,F,1833.56,-7609.77,47.52054214,-122.25957489,G,7,1.2,-0.32,20.9,,,
9890879,2026-08-29T10:59:04,103.76,0,F,1833.56,-7609.77,47.52054214,-122.25957489,G,7,1.2,-0.33,20.82,,,
9891914,2026-08-29T10:59:05,103.59,0,F,1833.56,-7609.77,47.52054214,-122.25957489,G,7,1.2,-0.33,20.86,,,
9892927,2026-08-29T10:59:06,104.48,0,F,1833.56,-7609.77,47.52054214,-122.25957489,G,7,1.2,-0.33,20.86,,,
9893978,2026-08-29T10:59:07,104.29,0,F,1833.56,-7609.77,47.52054214,-122.25957489,G,7,1.2,-0.33,20.88,,,
9895002,2026-08-29T10:59:08,104.59,0,F,1833.56,-7609.77,47.52054214,-122.25957489,G,7,1.2,-0.33,20.83,,,
9896039,2026-08-29T10:59:09,104.38,0,F,1833.56,-7609.77,47.52054214,-122.25957489,G,7,1.2,-0.33,20.85,,,
9897053,2026-08-29T10:59:10,104.2,0,F,1833.56,-7609.77,47.52054214,-122.25957489,G,7,1.2,-0.32,20.87,,,
9898068,2026-08-29T10:59:11,104.51,0,F,1833.56,-7609.77,47.52054214,-122.25957489,G,7,1.2,-0.33,20.86,,,
9899106,2026-08-29T10:59:12,104.01,0,F,1833.56,-7609.77,47.52054214,-122.25957489,G,7,1.2,-0.33,20.87,,,
9900120,2026-08-29T10:59:13,103.8,0,F,1833.56,-7609.77,47.52054214,-122.25957489,G,7,1.2,-0.33,20.86,,,
9901140,2026-08-29T10:59:15,103.67,0,F,1833.56,-7609.77,47.52054214,-122.25957489,G,7,1.2,-0.33,20.73,,,
9902161,2026-08-29T10:59:16,103.65,0,F,1833.56,-7609.77,47.52054214,-122.25957489,G,7,1.2,-0.33,20.8,,,
9903207,2026-08-29T10:59:17,103.16,0,F,1832.99,-7609.77,47.52054214,-122.25958252,G,7,1.2,-0.32,20.88,,,
9904270,2026-08-29T10:59:18,104.08,0,F,1832.99,-7609.77,47.52054214,-122.25958252,G,7,1.2,-0.33,20.87,,,
9905321,2026-08-29T10:59:19,104.19,0,F,1832.99,-7609.77,47.52054214,-122.25958252,G,7,1.2,-0.33,20.88,,,
9906358,2026-08-29T10:59:20,104.31,0,F,1832.99,-7609.77,47.52054214,-122.25958252,G,7,1.2,-0.33,20.87,,,
9907408,2026-08-29T10:59:21,104.11,0,F,1832.99,-7609.77,47.52054214,-122.25958252,G,7,1.2,-0.33,20.88,,,
9908466,2026-08-29T10:59:22,104.11,0,F,1832.99,-7609.77,47.52054214,-122.25958252,G,7,1.2,-0.33,20.92,,,
9909527,2026-08-29T10:59:23,103.95,0,F,1832.99,-7609.77,47.52054214,-122.25958252,G,7,1.2,-0.33,20.87,,,
9910570,2026-08-29T10:59:24,103.91,0,F,1832.99,-7609.77,47.52054214,-122.25958252,G,7,1.2,-0.33,20.8,,,
9911620,2026-08-29T10:59:25,103.81,0,F,1832.99,-7609.77,47.52054214,-122.25958252,G,7,1.2,-0.33,20.84,,,
9912673,2026-08-29T10:59:26,104.04,0,F,1832.99,-7609.77,47.52054214,-122.25958252,G,7,1.2,-0.33,20.9,,,
9913698,2026-08-29T10:59:27,104.41,0,F,1832.99,-7609.77,47.52054214,-122.25958252,G,7,1.2,-0.33,20.85,,,
9914753,2026-08-29T10:59:28,103.83,0,F,1832.99,-7609.77,47.52054214,-122.25958252,G,7,1.2,-0.33,20.92,,,
9915788,2026-08-29T10:59:29,103.66,0,F,1832.99,-7609.77,47.52054214,-122.25958252,G,7,1.2,-0.33,20.93,,,
9916820,2026-08-29T10:59:30,103.42,0,F,1832.99,-7609.77,47.52054214,-122.25958252,G,7,1.2,-0.33,20.92,,,
9917863,2026-08-29T10:59:31,103.26,0,F,1832.99,-7609.77,47.52054214,-122.25958252,G,7,1.2,-0.33,20.91,,,
9918893,2026-08-29T10:59:32,102.79,0,F,1832.99,-7609.77,47.52054214,-122.25958252,G,7,1.2,-0.34,20.87,,,
9919944,2026-08-29T10:59:33,103.57,0,F,1832.99,-7609.77,47.52054214,-122.25958252,G,7,1.2,-0.33,20.9,,,
9920981,2026-08-29T10:59:34,103.9,0,F,1832.99,-7609.77,47.52054214,-122.25958252,G,7,1.2,-0.33,20.9,,,
9922033,2026-08-29T10:59:35,104.28,0,F,1832.99,-7609.77,47.52054214,-122.25958252,G,7,1.2,-0.33,20.9,,,
9923067,2026-08-29T10:59:36,103.8,0,F,1832.99,-7609.77,47.52054214,-122.25958252,G,7,1.2,-0.34,20.88,,,
9924128,2026-08-29T10:59:37,103.47,0,F,1832.99,-7609.77,47.52054214,-122.25958252,G,7,1.2,-0.33,20.89,,,
9925173,2026-08-29T10:59:39,103.47,0,F,1832.99,-7609.77,47.52054214,-122.25958252,G,7,1.2,-0.34,20.88,,,
9926211,2026-08-29T10:59:40,103.67,0,F,1832.99,-7609.77,47.52054214,-122.25958252,G,7,1.2,-0.34,20.9,,,
9927235,2026-08-29T10:59:41,103.73,0,F,1832.99,-7609.77,47.52054214,-122.25958252,G,7,1.2,-0.34,20.88,,,
9928294,2026-08-29T10:59:42,103.34,0,F,1832.99,-7609.77,47.52054214,-122.25958252,G,7,1.2,-0.33,20.89,,,
9929322,2026-08-29T10:59:43,103.97,0,F,1832.99,-7609.77,47.52054214,-122.25958252,G,7,1.2,-0.33,20.87,,,
9930358,2026-08-29T10:59:44,103.43,0,F,1832.99,-7609.77,47.52054214,-122.25958252,G,7,1.2,-0.33,20.87,,,
9931410,2026-08-29T10:59:45,103.31,0,F,1832.99,-7609.77,47.52054214,-122.25958252,G,7,1.2,-0.34,20.87,,,
9932448,2026-08-29T10:59:46,103.34,0,F,1832.99,-7609.77,47.52054214,-122.25958252,G,7,1.2,-0.33,20.83,,,
9933483,2026-08-29T10:59:47,102.88,0,F,1832.99,-7609.77,47.52054214,-122.25958252,G,7,1.2,-0.33,20.87,,,
9934526,2026-08-29T10:59:48,102.84,0,F,1832.99,-7609.77,47.52054214,-122.25958252,G,7,1.2,-0.34,20.9,,,
9935552,2026-08-29T10:59:49,103.21,0,F,1832.99,-7609.77,47.52054214,-122.25958252,G,7,1.2,-0.34,20.9,,,
9936592,2026-08-29T10:59:50,103.15,0,F,1832.99,-7609.77,47.52054214,-122.25958252,G,7,1.2,-0.34,20.87,,,
9937624,2026-08-29T10:59:51,103.02,0,F,1832.99,-7609.77,47.52054214,-122.25958252,G,7,1.2,-0.33,20.92,,,
9938684,2026-08-29T10:59:52,102.4,0,F,1832.99,-7609.77,47.52054214,-122.25958252,G,7,1.2,-0.34,20.87,,,
9939719,2026-08-29T10:59:53,102.32,0,F,1832.99,-7609.77,47.52054214,-122.25958252,G,7,1.2,-0.33,20.79,,,
9940785,2026-08-29T10:59:54,102.6,0,F,1832.99,-7609.77,47.52054214,-122.25958252,G,7,1.2,-0.34,20.87,,,
9941822,2026-08-29T10:59:55,102.72,0,F,1832.99,-7609.77,47.52054214,-122.25958252,G,7,1.2,-0.33,20.89,,,
9942856,2026-08-29T10:59:56,103.24,0,F,1832.99,-7609.77,47.52054214,-122.25958252,G,7,1.2,-0.34,20.87,,,
9943908,2026-08-29T10:59:57,103.06,0,F,1832.99,-7609.77,47.52054214,-122.25958252,G,7,1.2,-0.33,20.85,,,
9944948,2026-08-29T10:59:58,103.04,0,F,1832.99,-7609.77,47.52054214,-122.25958252,G,7,1.2,-0.34,20.84,,,
9945971,2026-08-29T10:59:59,103.7,0,F,1832.99,-7609.77,47.52054214,-122.25958252,G,7,1.2,-0.34,20.86,,,
9946991,2026-08-29T11:00:00,103.65,0,F,1832.99,-7609.77,47.52054214,-122.25958252,G,7,1.2,-0.34,20.84,,,
9948047,2026-08-29T11:00:01,103.61,0,F,1832.99,-7609.77,47.52054214,-122.25958252,G,7,1.2,-0.33,20.84,,,
9949085,2026-08-29T11:00:02,103.42,0,F,1832.99,-7609.77,47.52054214,-122.25958252,G,7,1.2,-0.34,20.85,,,
9950112,2026-08-29T11:00:03,103.6,0,F,1832.99,-7609.77,47.52054214,-122.25958252,G,7,1.2,-0.34,20.83,,,
9951139,2026-08-29T11:00:04,103.62,0,F,1832.99,-7609.77,47.52054214,-122.25958252,G,7,1.2,-0.33,20.84,,,
9952186,2026-08-29T11:00:06,104,0,F,1832.99,-7609.77,47.52054214,-122.25958252,G,7,1.2,-0.33,20.83,,,
9953219,2026-08-29T11:00:07,103.53,0,F,1832.99,-7609.77,47.52054214,-122.25958252,G,7,1.2,-0.33,20.82,,,
9954245,2026-08-29T11:00:08,103.69,0,F,1832.99,-7609.77,47.52054214,-122.25958252,G,7,1.2,-0.34,20.82,,,
9955284,2026-08-29T11:00:09,103.48,0,F,1832.99,-7609.77,47.52054214,-122.25958252,G,7,1.2,-0.34,20.84,,,
9956309,2026-08-29T11:00:10,103.56,0,F,1832.99,-7609.77,47.52054214,-122.25958252,G,7,1.2,-0.34,20.81,,,
9957362,2026-08-29T11:00:11,103.21,0,F,1832.99,-7609.77,47.52054214,-122.25958252,G,7,1.2,-0.33,20.81,,,
9958396,2026-08-29T11:00:12,103.46,0,F,1832.99,-7609.77,47.52054214,-122.25958252,G,7,1.2,-0.33,20.84,,,
9959437,2026-08-29T11:00:13,103.55,0,F,1832.99,-7609.77,47.52054214,-122.25958252,G,7,1.2,-0.34,20.8,,,
9960489,2026-08-29T11:00:14,103.39,0,F,1832.99,-7609.77,47.52054214,-122.25958252,G,7,1.2,-0.33,20.8,,,
9961543,2026-08-29T11:00:15,103.7,0,F,1832.99,-7609.77,47.52054214,-122.25958252,G,7,1.2,-0.33,20.83,,,
9962586,2026-08-29T11:00:16,103.52,0,F,1832.99,-7609.77,47.52054214,-122.25958252,G,7,1.2,-0.33,20.75,,,
9963630,2026-08-29T11:00:17,103.43,0,F,1832.99,-7609.77,47.52054214,-122.25958252,G,7,1.2,-0.33,20.78,,,
9964674,2026-08-29T11:00:18,103.64,0,F,1832.99,-7609.77,47.52054214,-122.25958252,G,7,1.2,-0.33,20.74,,,
9965729,2026-08-29T11:00:19,103.72,0,F,1832.99,-7609.77,47.52054214,-122.25958252,G,7,1.2,-0.33,20.83,,,
9966751,2026-08-29T11:00:20,103.43,0,F,1832.99,-7609.77,47.52054214,-122.25958252,G,7,1.2,-0.34,20.83,,,
9967785,2026-08-29T11:00:21,103.36,0,F,1832.99,-7609.77,47.52054214,-122.25958252,G,7,1.2,-0.33,20.74,,,
9968814,2026-08-29T11:00:22,103.53,0,F,1832.99,-7609.77,47.52054214,-122.25958252,G,7,1.2,-0.34,20.83,,,
9969857,2026-08-29T11:00:23,103.13,0,F,1832.99,-7609.77,47.52054214,-122.25958252,G,7,1.2,-0.33,20.84,,,
9970891,2026-08-29T11:00:24,102.74,0,F,1832.99,-7609.77,47.52054214,-122.25958252,G,7,1.2,-0.33,20.79,,,
9971926,2026-08-29T11:00:25,102.53,0,F,1832.99,-7609.77,47.52054214,-122.25958252,G,7,1.2,-0.33,20.67,,,
9972963,2026-08-29T11:00:26,102.72,0,F,1832.99,-7609.77,47.52054214,-122.25958252,G,7,1.2,-0.33,20.8,,,
9974003,2026-08-29T11:00:27,103.08,0,F,1832.99,-7609.77,47.52054214,-122.25958252,G,7,1.2,-0.33,20.8,,,
9975023,2026-08-29T11:00:28,103.5,0,F,1832.99,-7609.77,47.52054214,-122.25958252,G,7,1.2,-0.33,20.78,,,
9976041,2026-08-29T11:00:29,103.52,0,F,1832.99,-7609.77,47.52054214,-122.25958252,G,7,1.2,-0.33,20.79,,,
9977045,2026-08-29T11:00:30,103.47,0,F,1832.99,-7609.77,47.52054214,-122.25958252,G,7,1.2,-0.33,20.75,,,
9978087,2026-08-29T11:00:31,103.73,0,F,1832.99,-7609.77,47.52054214,-122.25958252,G,7,1.2,-0.33,20.81,,,
9979125,2026-08-29T11:00:32,103.81,0,F,1832.99,-7609.77,47.52054214,-122.25958252,G,7,1.2,-0.34,20.81,,,
9980159,2026-08-29T11:00:34,103.78,0,F,1832.99,-7609.77,47.52054214,-122.25958252,G,7,1.2,-0.33,20.8,,,
9981180,2026-08-29T11:00:35,103.62,0,F,1832.99,-7609.77,47.52054214,-122.25958252,G,7,1.2,-0.33,20.78,,,
9982221,2026-08-29T11:00:36,103.78,0,F,1832.99,-7610.19,47.52053833,-122.25958252,G,7,1.2,-0.33,20.81,,,
9983250,2026-08-29T11:00:37,103.58,0,F,1832.99,-7610.19,47.52053833,-122.25958252,G,7,1.2,-0.33,20.78,,,
9984289,2026-08-29T11:00:38,103.55,0,F,1832.99,-7610.19,47.52053833,-122.25958252,G,7,1.2,-0.33,20.79,,,
9985329,2026-08-29T11:00:39,103.29,0,F,1832.99,-7610.19,47.52053833,-122.25958252,G,7,1.2,-0.33,20.79,,,
9986366,2026-08-29T11:00:40,103.41,0,F,1832.99,-7610.19,47.52053833,-122.25958252,G,7,1.2,-0.33,20.79,,,
9987399,2026-08-29T11:00:41,103.47,0,F,1832.99,-7610.19,47.52053833,-122.25958252,G,7,1.2,-0.34,20.81,,,
9988431,2026-08-29T11:00:42,103.06,0,F,1832.99,-7610.19,47.52053833,-122.25958252,G,7,1.2,-0.33,20.77,,,
9989491,2026-08-29T11:00:43,102.85,0,F,1832.99,-7610.19,47.52053833,-122.25958252,G,7,1.2,-0.34,20.81,,,
9990521,2026-08-29T11:00:44,103.25,0,F,1832.99,-7610.19,47.52053833,-122.25958252,G,7,1.2,-0.34,20.7,,,
9991567,2026-08-29T11:00:45,103.62,0,F,1832.99,-7610.19,47.52053833,-122.25958252,G,7,1.2,-0.33,20.75,,,
9992606,2026-08-29T11:00:46,103.39,0,F,1832.99,-7610.19,47.52053833,-122.25958252,G,7,1.2,-0.33,20.83,,,
9993647,2026-08-29T11:00:47,103.2,0,F,1832.99,-7610.19,47.52053833,-122.25958252,G,7,1.2,-0.33,20.83,,,
9994685,2026-08-29T11:00:48,103.35,0,F,1832.99,-7610.19,47.52053833,-122.25958252,G,7,1.2,-0.33,20.84,,,
9995718,2026-08-29T11:00:49,103.76,0,F,1832.99,-7610.19,47.52053833,-122.25958252,G,7,1.2,-0.33,20.82,,,
9996741,2026-08-29T11:00:50,103.8,0,F,1832.99,-7610.19,47.52053833,-122.25958252,G,7,1.2,-0.33,20.81,,,
9997776,2026-08-29T11:00:51,103.9,0,F,1832.99,-7610.19,47.52053833,-122.25958252,G,7,1.2,-0.33,20.82,,,
9998822,2026-08-29T11:00:52,103.63,0,F,1832.99,-7610.19,47.52053833,-122.25958252,G,7,1.2,-0.34,20.84,,,
9999848,2026-08-29T11:00:53,103.84,0,F,1832.99,-7610.19,47.52053833,-122.25958252,G,7,1.2,-0.33,20.84,,,
10000894,2026-08-29T11:00:54,103.88,0,F,1832.99,-7610.19,47.52053833,-122.25958252,G,7,1.2,-0.33,20.79,,,
10001929,2026-08-29T11:00:55,103.9,0,F,1832.99,-7610.19,47.52053833,-122.25958252,G,7,1.2,-0.33,20.8,,,
10002977,2026-08-29T11:00:56,104.25,0,F,1832.99,-7610.19,47.52053833,-122.25958252,G,7,1.2,-0.33,20.82,,,
10004030,2026-08-29T11:00:57,103.96,0,F,1832.99,-7610.19,47.52053833,-122.25958252,G,7,1.2,-0.33,20.81,,,
10005057,2026-08-29T11:00:58,103.52,0,F,1832.99,-7610.19,47.52053833,-122.25958252,G,7,1.2,-0.33,20.82,,,
10006080,2026-08-29T11:00:59,103.04,0,F,1832.99,-7610.19,47.52053833,-122.25958252,G,7,1.2,-0.33,20.8,,,
10007121,2026-08-29T11:01:00,102.9,0,F,1832.99,-7610.19,47.52053833,-122.25958252,G,7,1.2,-0.33,20.65,,,
10008146,2026-08-29T11:01:02,103.13,0,F,1832.99,-7610.19,47.52053833,-122.25958252,G,7,1.2,-0.34,20.77,,,
10009182,2026-08-29T11:01:03,102.94,0,F,1832.99,-7610.19,47.52053833,-122.25958252,G,7,1.2,-0.34,20.79,,,
10010214,2026-08-29T11:01:04,103.32,0,F,1832.99,-7610.19,47.52053833,-122.25958252,G,7,1.2,-0.33,20.8,,,
10011269,2026-08-29T11:01:05,103.54,0,F,1832.99,-7610.19,47.52053833,-122.25958252,G,7,1.2,-0.34,20.8,,,
10012300,2026-08-29T11:01:06,103.67,0,F,1832.99,-7610.19,47.52053833,-122.25958252,G,7,1.2,-0.33,20.79,,,
10013341,2026-08-29T11:01:07,103.44,0,F,1832.99,-7610.19,47.52053833,-122.25958252,G,7,1.2,-0.34,20.78,,,
10014372,2026-08-29T11:01:08,103.48,0,F,1832.99,-7610.19,47.52053833,-122.25958252,G,7,1.2,-0.32,20.79,,,
10015401,2026-08-29T11:01:09,103.17,0,F,1832.99,-7610.19,47.52053833,-122.25958252,G,7,1.2,-0.34,20.82,,,
10016430,2026-08-29T11:01:10,102.84,0,F,1832.99,-7610.19,47.52053833,-122.25958252,G,7,1.2,-0.33,20.82,,,
10017480,2026-08-29T11:01:11,103.41,0,F,1832.99,-7610.19,47.52053833,-122.25958252,G,7,1.2,-0.33,20.79,,,
10018521,2026-08-29T11:01:12,103.15,0,F,1832.99,-7610.19,47.52053833,-122.25958252,G,7,1.2,-0.33,20.72,,,
10019561,2026-08-29T11:01:13,103.03,0,F,1832.99,-7610.19,47.52053833,-122.25958252,G,7,1.2,-0.33,20.77,,,
10020612,2026-08-29T11:01:14,102.93,0,F,1832.99,-7610.19,47.52053833,-122.25958252,G,7,1.2,-0.33,20.81,,,
10021624,2026-08-29T11:01:15,103.34,0,F,1832.99,-7610.19,47.52053833,-122.25958252,G,7,1.2,-0.33,20.8,,,
10022645,2026-08-29T11:01:16,103.41,0,F,1832.99,-7610.19,47.52053833,-122.25958252,G,7,1.2,-0.33,20.76,,,
10023682,2026-08-29T11:01:17,103.45,0,F,1832.99,-7610.19,47.52053833,-122.25958252,G,7,1.2,-0.33,20.8,,,
10024716,2026-08-29T11:01:18,103.32,0,F,1832.99,-7610.19,47.52053833,-122.25958252,G,7,1.2,-0.33,20.82,,,
10025747,2026-08-29T11:01:19,103,0,F,1832.99,-7610.19,47.52053833,-122.25958252,G,7,1.2,-0.33,20.81,,,
10026777,2026-08-29T11:01:20,102.77,0,F,1832.99,-7610.19,47.52053833,-122.25958252,G,7,1.2,-0.33,20.83,,,
10027804,2026-08-29T11:01:21,102.95,0,F,1832.99,-7610.19,47.52053833,-122.25958252,G,7,1.2,-0.33,20.83,,,
10028830,2026-08-29T11:01:22,103.24,0,F,1832.99,-7610.19,47.52053833,-122.25958252,G,7,1.2,-0.33,20.82,,,
10029856,2026-08-29T11:01:23,103.41,0,F,1832.99,-7610.19,47.52053833,-122.25958252,G,7,1.2,-0.33,20.82,,,
10030896,2026-08-29T11:01:24,103.33,0,F,1832.99,-7610.19,47.52053833,-122.25958252,G,7,1.2,-0.34,20.76,,,
10031925,2026-08-29T11:01:25,103.51,0,F,1832.99,-7610.19,47.52053833,-122.25958252,G,7,1.2,-0.33,20.8,,,
10032954,2026-08-29T11:01:26,103.59,0,F,1832.99,-7610.19,47.52053833,-122.25958252,G,7,1.2,-0.33,20.8,,,
10033986,2026-08-29T11:01:27,103.62,0,F,1832.99,-7610.19,47.52053833,-122.25958252,G,7,1.2,-0.32,20.77,,,
10035030,2026-08-29T11:01:28,103.78,0,F,1832.99,-7610.19,47.52053833,-122.25958252,G,7,1.2,-0.33,20.78,,,
10036073,2026-08-29T11:01:29,103.64,0,F,1832.99,-7610.19,47.52053833,-122.25958252,G,7,1.2,-0.33,20.77,,,
10037120,2026-08-29T11:01:30,103.6,0,F,1832.99,-7610.19,47.52053833,-122.25958252,G,7,1.2,-0.33,20.78,,,
10038174,2026-08-29T11:01:32,104.19,0,F,1832.99,-7610.19,47.52053833,-122.25958252,G,7,1.2,-0.33,20.77,,,
10039180,2026-08-29T11:01:33,104.05,0,F,1832.99,-7610.19,47.52053833,-122.25958252,G,7,1.2,-0.33,20.75,,,
10040236,2026-08-29T11:01:34,103.65,0,F,1832.99,-7610.19,47.52053833,-122.25958252,G,7,1.2,-0.33,20.78,,,
10041289,2026-08-29T11:01:35,103.93,0,F,1832.99,-7610.19,47.52053833,-122.25958252,G,7,1.2,-0.33,20.76,,,
10042336,2026-08-29T11:01:36,103.72,0,F,1832.99,-7610.19,47.52053833,-122.25958252,G,7,1.2,-0.32,20.77,,,
10043389,2026-08-29T11:01:37,103.64,0,F,1832.99,-7610.19,47.52053833,-122.25958252,G,7,1.2,-0.33,20.76,,,
10044452,2026-08-29T11:01:38,103,0,F,1832.99,-7610.19,47.52053833,-122.25958252,G,7,1.2,-0.33,20.72,,,
10045508,2026-08-29T11:01:39,103.14,0,F,1832.99,-7610.19,47.52053833,-122.25958252,G,7,1.2,-0.33,20.75,,,
10046562,2026-08-29T11:01:40,103.13,0,F,1832.99,-7610.19,47.52053833,-122.25958252,G,7,1.2,-0.33,20.75,,,
10047614,2026-08-29T11:01:41,102.95,0,F,1832.99,-7610.19,47.52053833,-122.25958252,G,7,1.2,-0.32,20.72,,,
10048658,2026-08-29T11:01:42,102.87,0,F,1832.99,-7610.19,47.52053833,-122.25958252,G,7,1.2,-0.33,20.77,,,
10049709,2026-08-29T11:01:43,102.89,0,F,1832.99,-7610.19,47.52053833,-122.25958252,G,7,1.2,-0.33,20.77,,,
10050745,2026-08-29T11:01:44,103.14,0,F,1832.99,-7610.19,47.52053833,-122.25958252,G,7,1.2,-0.33,20.76,,,
10051798,2026-08-29T11:01:45,103.53,0,F,1832.99,-7610.19,47.52053833,-122.25958252,G,7,1.2,-0.33,20.77,,,
10052850,2026-08-29T11:01:46,103.17,0,F,1832.99,-7610.19,47.52053833,-122.25958252,G,7,1.2,-0.33,20.76,,,
10053885,2026-08-29T11:01:47,102.86,0,F,1832.99,-7610.19,47.52053833,-122.25958252,G,7,1.2,-0.32,20.77,,,
10054940,2026-08-29T11:01:48,102.88,0,F,1832.99,-7610.19,47.52053833,-122.25958252,G,7,1.2,-0.33,20.75,,,
10055974,2026-08-29T11:01:49,102.98,0,F,1832.99,-7610.19,47.52053833,-122.25958252,G,7,1.2,-0.33,20.74,,,
10057032,2026-08-29T11:01:50,103.22,0,F,1832.99,-7610.19,47.52053833,-122.25958252,G,7,1.2,-0.33,20.73,,,
10058055,2026-08-29T11:01:51,103.25,0,F,1832.99,-7610.19,47.52053833,-122.25958252,G,7,1.2,-0.33,20.72,,,
10059089,2026-08-29T11:01:52,103.73,0,F,1832.99,-7610.19,47.52053833,-122.25958252,G,7,1.2,-0.33,20.71,,,
10060134,2026-08-29T11:01:53,103.22,0,F,1832.99,-7610.19,47.52053833,-122.25958252,G,7,1.2,-0.33,20.71,,,
10061163,2026-08-29T11:01:55,103.23,0,F,1832.99,-7610.19,47.52053833,-122.25958252,G,7,1.2,-0.33,20.72,,,
10062214,2026-08-29T11:01:56,103.1,0,F,1832.99,-7610.19,47.52053833,-122.25958252,G,7,1.2,-0.33,20.72,,,
10063247,2026-08-29T11:01:57,103.32,0,F,1832.99,-7610.19,47.52053833,-122.25958252,G,7,1.2,-0.33,20.72,,,
10064301,2026-08-29T11:01:58,103.24,0,F,1832.99,-7610.19,47.52053833,-122.25958252,G,7,1.2,-0.33,20.71,,,
10065348,2026-08-29T11:01:59,102.83,0,F,1832.99,-7610.19,47.52053833,-122.25958252,G,7,1.2,-0.33,20.68,,,
10066369,2026-08-29T11:02:00,102.82,0,F,1832.99,-7610.19,47.52053833,-122.25958252,G,7,1.2,-0.33,20.7,,,
10067403,2026-08-29T11:02:01,103.14,0,F,1832.99,-7610.19,47.52053833,-122.25958252,G,7,1.2,-0.32,20.72,,,
10068447,2026-08-29T11:02:02,103.5,0,F,1832.99,-7610.19,47.52053833,-122.25958252,G,7,1.2,-0.32,20.72,,,
10069503,2026-08-29T11:02:03,103.71,0,F,1832.99,-7610.19,47.52053833,-122.25958252,G,7,1.2,-0.33,20.73,,,
10070558,2026-08-29T11:02:04,103.71,0,F,1832.99,-7610.19,47.52053833,-122.25958252,G,7,1.2,-0.33,20.73,,,
10071615,2026-08-29T11:02:05,103.76,0,F,1832.99,-7610.19,47.52053833,-122.25958252,G,7,1.2,-0.33,20.65,,,
10072650,2026-08-29T11:02:06,103.6,0,F,1832.99,-7610.19,47.52053833,-122.25958252,G,7,1.2,-0.33,20.73,,,
10073677,2026-08-29T11:02:07,103.36,0,F,1832.99,-7610.19,47.52053833,-122.25958252,G,7,1.2,-0.32,20.7,,,
10074723,2026-08-29T11:02:08,103.17,0,F,1832.99,-7610.19,47.52053833,-122.25958252,G,7,1.2,-0.32,20.62,,,
10075770,2026-08-29T11:02:09,103.17,0,F,1832.99,-7610.19,47.52053833,-122.25958252,G,7,1.2,-0.32,20.7,,,
10076816,2026-08-29T11:02:10,103.31,0,F,1832.99,-7610.19,47.52053833,-122.25958252,G,7,1.2,-0.33,20.71,,,
10077862,2026-08-29T11:02:11,103.6,0,F,1832.99,-7610.19,47.52053833,-122.25958252,G,7,1.2,-0.32,20.71,,,
10078903,2026-08-29T11:02:12,103.45,0,F,1832.99,-7610.19,47.52053833,-122.25958252,G,7,1.2,-0.33,20.69,,,
10079958,2026-08-29T11:02:13,103.2,0,F,1832.99,-7610.19,47.52053833,-122.25958252,G,7,1.2,-0.33,20.67,,,
10081013,2026-08-29T11:02:14,103.21,0,F,1832.99,-7610.19,47.52053833,-122.25958252,G,7,1.2,-0.33,20.68,,,
10082043,2026-08-29T11:02:15,103.13,0,F,1832.99,-7610.19,47.52053833,-122.25958252,G,7,1.2,-0.32,20.67,,,
10083080,2026-08-29T11:02:16,103.21,0,F,1832.99,-7610.19,47.52053833,-122.25958252,G,7,1.2,-0.33,20.67,,,
10084133,2026-08-29T11:02:17,103.05,0,F,1832.99,-7610.19,47.52053833,-122.25958252,G,7,1.2,-0.32,20.66,,,
10085167,2026-08-29T11:02:19,103.02,0,F,1832.99,-7610.19,47.52053833,-122.25958252,G,7,1.2,-0.32,20.66,,,
10086215,2026-08-29T11:02:20,103.44,0,F,1832.99,-7610.19,47.52053833,-122.25958252,G,7,1.2,-0.33,20.68,,,
10087279,2026-08-29T11:02:21,103,0,F,1832.99,-7610.19,47.52053833,-122.25958252,G,7,1.2,-0.32,20.66,,,
10088357,2026-08-29T11:02:22,103.02,0,F,1832.99,-7610.19,47.52053833,-122.25958252,G,7,1.2,-0.33,20.66,,,
10089403,2026-08-29T11:02:23,103.18,0,F,1832.99,-7610.19,47.52053833,-122.25958252,G,7,1.2,-0.33,20.69,,,
10090436,2026-08-29T11:02:24,102.94,0,F,1832.99,-7610.19,47.52053833,-122.25958252,G,7,1.2,-0.33,20.66,,,
10091469,2026-08-29T11:02:25,102.65,0,F,1832.99,-7610.19,47.52053833,-122.25958252,G,7,1.2,-0.33,20.65,,,
10092525,2026-08-29T11:02:26,102.56,0,F,1832.99,-7610.19,47.52053833,-122.25958252,G,7,1.2,-0.33,20.64,,,
10093568,2026-08-29T11:02:27,102.37,0,F,1832.99,-7610.19,47.52053833,-122.25958252,G,7,1.2,-0.32,20.65,,,
10094624,2026-08-29T11:02:28,102.66,0,F,1832.99,-7610.19,47.52053833,-122.25958252,G,7,1.2,-0.33,20.69,,,
10095679,2026-08-29T11:02:29,102.82,0,F,1832.99,-7610.19,47.52053833,-122.25958252,G,7,1.2,-0.33,20.69,,,
10096747,2026-08-29T11:02:30,102.51,0,F,1832.99,-7610.19,47.52053833,-122.25958252,G,7,1.2,-0.32,20.66,,,
10097790,2026-08-29T11:02:31,102.77,0,F,1832.99,-7610.19,47.52053833,-122.25958252,G,7,1.2,-0.32,20.67,,,
10098836,2026-08-29T11:02:32,102.77,0,F,1832.99,-7610.19,47.52053833,-122.25958252,G,7,1.2,-0.33,20.67,,,
10099879,2026-08-29T11:02:33,102.64,0,F,1832.99,-7610.19,47.52053833,-122.25958252,G,7,1.2,-0.32,20.63,,,
10100919,2026-08-29T11:02:34,102.65,0,F,1832.99,-7610.19,47.52053833,-122.25958252,G,7,1.2,-0.32,20.67,,,
10101963,2026-08-29T11:02:35,102.83,0,F,1832.99,-7610.19,47.52053833,-122.25958252,G,7,1.2,-0.32,20.67,,,
10103028,2026-08-29T11:02:36,102.85,0,F,1832.99,-7610.19,47.52053833,-122.25958252,G,7,1.2,-0.32,20.67,,,
10104061,2026-08-29T11:02:37,102.97,0,F,1832.99,-7610.19,47.52053833,-122.25958252,G,7,1.2,-0.33,20.66,,,
10105096,2026-08-29T11:02:38,103.19,0,F,1832.99,-7610.19,47.52053833,-122.25958252,G,7,1.2,-0.32,20.68,,,
10106108,2026-08-29T11:02:39,103.15,0,F,1832.99,-7610.19,47.52053833,-122.25958252,G,7,1.2,-0.32,20.67,,,
10107147,2026-08-29T11:02:41,103.55,0,F,1832.99,-7610.19,47.52053833,-122.25958252,G,7,1.2,-0.33,20.68,,,
10108185,2026-08-29T11:02:42,103.4,0,F,1832.99,-7610.19,47.52053833,-122.25958252,G,7,1.2,-0.32,20.68,,,
10109241,2026-08-29T11:02:43,103.66,0,F,1832.99,-7610.19,47.52053833,-122.25958252,G,7,1.2,-0.32,20.68,,,
10110299,2026-08-29T11:02:44,103.43,0,F,1832.99,-7610.19,47.52053833,-122.25958252,G,7,1.2,-0.33,20.69,,,
10111356,2026-08-29T11:02:45,103.25,0,F,1832.99,-7610.19,47.52053833,-122.25958252,G,7,1.2,-0.32,20.69,,,
10112401,2026-08-29T11:02:46,103.84,0,F,1832.99,-7610.19,47.52053833,-122.25958252,G,7,1.2,-0.33,20.71,,,
10113445,2026-08-29T11:02:47,103.73,0,F,1832.99,-7610.19,47.52053833,-122.25958252,G,7,1.2,-0.32,20.69,,,
10114489,2026-08-29T11:02:48,103.67,0,F,1832.99,-7610.19,47.52053833,-122.25958252,G,7,1.2,-0.32,20.72,,,
10115538,2026-08-29T11:02:49,103.89,0,F,1832.99,-7610.19,47.52053833,-122.25958252,G,7,1.2,-0.32,20.74,,,
10116584,2026-08-29T11:02:50,103.83,0,F,1832.99,-7610.19,47.52053833,-122.25958252,G,7,1.2,-0.32,20.73,,,
10117617,2026-08-29T11:02:51,103.84,0,F,1832.99,-7610.19,47.52053833,-122.25958252,G,7,1.2,-0.32,20.73,,,
10118659,2026-08-29T11:02:52,103.85,0,F,1832.99,-7610.19,47.52053833,-122.25958252,G,7,1.2,-0.32,20.68,,,
10119737,2026-08-29T11:02:53,103.96,0,F,1832.99,-7610.19,47.52053833,-122.25958252,G,7,1.2,-0.32,20.74,,,
10120794,2026-08-29T11:02:54,104.18,0,F,1832.99,-7610.19,47.52053833,-122.25958252,G,7,1.2,-0.32,20.76,,,
10121839,2026-08-29T11:02:55,104.41,0,F,1832.99,-7610.19,47.52053833,-122.25958252,G,7,1.2,-0.32,20.76,,,
10122885,2026-08-29T11:02:56,104.19,0,F,1832.99,-7610.19,47.52053833,-122.25958252,G,7,1.2,-0.32,20.67,,,
10123927,2026-08-29T11:02:57,103.79,0,F,1832.99,-7610.19,47.52053833,-122.25958252,G,8,1,-0.32,20.72,,,
10124972,2026-08-29T11:02:58,103.36,0,F,1832.99,-7610.19,47.52053833,-122.25958252,G,8,1,-0.32,20.73,,,
10126014,2026-08-29T11:02:59,103.36,0,F,1832.99,-7610.19,47.52053833,-122.25958252,G,8,1,-0.32,20.74,,,
10127044,2026-08-29T11:03:00,103.42,0,F,1832.99,-7610.19,47.52053833,-122.25958252,G,8,1,-0.33,20.75,,,
10128079,2026-08-29T11:03:01,103.5,0,F,1832.99,-7610.19,47.52053833,-122.25958252,G,8,1,-0.32,20.75,,,
10129109,2026-08-29T11:03:02,103.73,0,F,1832.99,-7610.19,47.52053833,-122.25958252,G,8,1,-0.32,20.74,,,
10130136,2026-08-29T11:03:03,103.43,0,F,1832.99,-7610.19,47.52053833,-122.25958252,G,8,1,-0.32,20.73,,,
10131170,2026-08-29T11:03:05,103.23,0,F,1832.99,-7610.19,47.52053833,-122.25958252,G,8,1,-0.32,20.77,,,
10132201,2026-08-29T11:03:06,103.08,0,F,1832.99,-7610.19,47.52053833,-122.25958252,G,8,1,-0.32,20.77,,,
10133228,2026-08-29T11:03:07,102.77,0,F,1832.99,-7610.19,47.52053833,-122.25958252,G,8,1,-0.32,20.75,,,
10134284,2026-08-29T11:03:08,102.59,0,F,1832.99,-7610.19,47.52053833,-122.25958252,G,8,1,-0.32,20.76,,,
10135333,2026-08-29T11:03:09,103.33,0,F,1832.99,-7610.19,47.52053833,-122.25958252,G,8,1,-0.32,20.77,,,
10136368,2026-08-29T11:03:10,103.4,0,F,1832.99,-7610.19,47.52053833,-122.25958252,G,8,1,-0.32,20.75,,,
10137422,2026-08-29T11:03:11,103.65,0,F,1832.99,-7610.19,47.52053833,-122.25958252,G,8,1,-0.32,20.77,,,
10138456,2026-08-29T11:03:12,103.05,0,F,1832.99,-7610.19,47.52053833,-122.25958252,G,8,1,-0.32,20.76,,,
10139498,2026-08-29T11:03:13,103.37,0,F,1832.99,-7610.19,47.52053833,-122.25958252,G,8,1,-0.32,20.76,,,
10140532,2026-08-29T11:03:14,103.58,0,F,1832.99,-7610.19,47.52053833,-122.25958252,G,8,1,-0.32,20.76,,,
10141569,2026-08-29T11:03:15,103.18,0,F,1832.99,-7610.19,47.52053833,-122.25958252,G,8,1,-0.32,20.8,,,
10142615,2026-08-29T11:03:16,103.49,0,F,1832.99,-7610.19,47.52053833,-122.25958252,G,8,1,-0.31,20.8,,,
10143661,2026-08-29T11:03:17,103.34,0,F,1832.99,-7610.19,47.52053833,-122.25958252,G,8,1,-0.32,20.77,,,
10144703,2026-08-29T11:03:18,103.45,0,F,1832.99,-7610.19,47.52053833,-122.25958252,G,8,1,-0.33,20.8,,,
10145725,2026-08-29T11:03:19,103.45,0,F,1832.99,-7610.19,47.52053833,-122.25958252,G,8,1,-0.32,20.84,,,
10146748,2026-08-29T11:03:20,103.73,0,F,1832.99,-7610.19,47.52053833,-122.25958252,G,8,1,-0.32,20.81,,,
10147782,2026-08-29T11:03:21,104.03,0,F,1832.99,-7610.19,47.52053833,-122.25958252,G,8,1,-0.32,20.83,,,
10148838,2026-08-29T11:03:22,104.55,0,F,1832.99,-7610.19,47.52053833,-122.25958252,G,8,1,-0.32,20.84,,,
10149856,2026-08-29T11:03:23,104.61,0,F,1832.99,-7610.19,47.52053833,-122.25958252,G,8,1,-0.32,20.84,,,
10150898,2026-08-29T11:03:24,104.77,0,F,1832.99,-7610.19,47.52053833,-122.25958252,G,8,1,-0.32,20.82,,,
10151929,2026-08-29T11:03:25,104.18,0,F,1832.99,-7610.19,47.52053833,-122.25958252,G,8,1,-0.32,20.8,,,
10152973,2026-08-29T11:03:26,104.27,0,F,1832.99,-7610.19,47.52053833,-122.25958252,G,8,1,-0.32,20.83,,,
10153995,2026-08-29T11:03:27,104.07,0,F,1832.99,-7610.19,47.52053833,-122.25958252,G,8,1,-0.33,20.8,,,
10155048,2026-08-29T11:03:28,103.5,0,F,1832.99,-7610.19,47.52053833,-122.25958252,G,8,1,-0.32,20.79,,,
10156065,2026-08-29T11:03:29,103.49,0,F,1832.99,-7610.19,47.52053833,-122.25958252,G,8,1,-0.32,20.78,,,
10157090,2026-08-29T11:03:30,103.44,0,F,1832.99,-7610.19,47.52053833,-122.25958252,G,8,1,-0.31,20.8,,,
10158133,2026-08-29T11:03:31,103.82,0,F,1832.99,-7610.19,47.52053833,-122.25958252,G,8,1,-0.32,20.8,,,
10159174,2026-08-29T11:03:33,103.91,0,F,1832.99,-7610.19,47.52053833,-122.25958252,G,8,1,-0.32,20.81,,,
10160198,2026-08-29T11:03:34,103.69,0,F,1832.99,-7610.19,47.52053833,-122.25958252,G,8,1,-0.32,20.81,,,
10161228,2026-08-29T11:03:35,103.45,0,F,1832.99,-7610.19,47.52053833,-122.25958252,G,8,1,-0.33,20.82,,,
10162270,2026-08-29T11:03:36,103.21,0,F,1832.99,-7610.61,47.52053452,-122.25958252,G,8,1,-0.32,20.83,,,
10163311,2026-08-29T11:03:37,103.5,0,F,1832.99,-7610.61,47.52053452,-122.25958252,G,8,1,-0.32,20.8,,,
10164351,2026-08-29T11:03:38,103.38,0,F,1832.99,-7610.61,47.52053452,-122.25958252,G,8,1,-0.32,20.81,,,
10165378,2026-08-29T11:03:39,103.5,0,F,1832.99,-7610.61,47.52053452,-122.25958252,G,8,1,-0.32,20.82,,,
10166428,2026-08-29T11:03:40,103.41,0,F,1832.99,-7610.61,47.52053452,-122.25958252,G,8,1,-0.32,20.85,,,
10167449,2026-08-29T11:03:41,103.79,0,F,1832.99,-7610.61,47.52053452,-122.25958252,G,8,1,-0.32,20.81,,,
10168492,2026-08-29T11:03:42,103.64,0,F,1832.99,-7610.61,47.52053452,-122.25958252,G,8,1,-0.32,20.86,,,
10169535,2026-08-29T11:03:43,82.64,0,F,1832.99,-7610.61,47.52053452,-122.25958252,G,8,1,-0.32,20.82,,,
10170584,2026-08-29T11:03:44,29.94,0,F,1832.99,-7610.61,47.52053452,-122.25958252,G,8,1,-0.32,20.89,,,
10171597,2026-08-29T11:03:45,18.61,0.062,G,1832.99,-7610.61,47.52053452,-122.25958252,G,8,1,-0.32,20.76,,,
10172610,2026-08-29T11:03:46,30.53,0.067,G,1832.99,-7610.61,47.52053452,-122.25958252,G,8,1,-0.31,20.74,,,
10173635,2026-08-29T11:03:47,46.06,0.129,G,1832.99,-7610.61,47.52053452,-122.25958252,G,8,1,-0.31,20.77,,,
10174649,2026-08-29T11:03:48,55.29,0.427,G,1832.99,-7611.04,47.5205307,-122.25958252,G,8,1,-0.31,20.76,,,
10175665,2026-08-29T11:03:49,58.8,0.329,G,1832.99,-7611.46,47.52052689,-122.25958252,G,8,1,-0.31,20.78,,,
10176692,2026-08-29T11:03:50,59.2,0.185,G,1832.99,-7611.89,47.52052307,-122.25958252,G,8,1,-0.31,20.72,,,
10177708,2026-08-29T11:03:51,59.14,0.17,G,1831.85,-7611.89,47.52052307,-122.25959778,G,8,1,-0.3,20.74,,,
10178725,2026-08-29T11:03:52,59.28,0.17,G,1831.85,-7612.31,47.52051926,-122.25959778,G,8,1,-0.31,20.76,,,
10179741,2026-08-29T11:03:53,58.49,0.185,G,1831.85,-7612.31,47.52051926,-122.25959778,G,7,1.1,-0.31,20.73,,,
10180756,2026-08-29T11:03:54,58.21,0.206,G,1831.85,-7612.31,47.52051926,-122.25959778,G,8,1,-0.3,20.74,,,
10181777,2026-08-29T11:03:55,58.52,0.206,G,1830.7,-7612.31,47.52051926,-122.25961304,G,8,1,-0.3,20.76,,,
10182792,2026-08-29T11:03:56,59.14,0.576,G,1830.86,-7612.22,47.52051926,-122.25961304,G,7,1.2,-0.31,20.77,,,
10183806,2026-08-29T11:03:57,60.05,0.545,G,1831.37,-7611.92,47.52052307,-122.25960541,G,6,1.6,-0.31,20.69,,,
10184820,2026-08-29T11:03:58,58.15,0.304,G,1831.82,-7611.64,47.52052689,-122.25959778,G,6,1.6,-0.3,20.65,,,
10185835,2026-08-29T11:03:59,58.69,0.159,G,1832.07,-7611.49,47.52052689,-122.25959778,G,6,1.6,-0.31,20.75,,,
