timestamp_ms,local_time,heading_deg,speed_ms,speed_src,pos_x_m,pos_y_m,lat,lon,pos_src,gps_satellites,gps_hdop
247377,2026-07-05T09:09:52,37.01,0.592,G,1834.71,-7602.54,47.52060699,-122.25955963,G,5,2.1
248440,2026-07-05T09:09:53,40.41,0.556,G,1835.09,-7602.08,47.52061081,-122.259552,G,4,2.9
249505,2026-07-05T09:09:54,41.03,0.417,G,1840.44,-7609.76,47.52054214,-122.25948334,G,5,2.1
250577,2026-07-05T09:09:55,37.16,0.329,G,1841.58,-7610.19,47.52053833,-122.25946808,G,5,2.1
251648,2026-07-05T09:09:56,36.7,0.293,G,1841.58,-7610.61,47.52053452,-122.25946808,G,5,2.1
252728,2026-07-05T09:09:57,39.38,0.268,G,1842.73,-7611.04,47.5205307,-122.25945282,G,5,2.1
253799,2026-07-05T09:09:58,34.52,0.268,G,1842.73,-7611.46,47.52052689,-122.25945282,G,5,2.1
254870,2026-07-05T09:09:59,31.41,0.268,G,1842.73,-7611.89,47.52052307,-122.25945282,G,5,2.1
255941,2026-07-05T09:10:00,28.77,0,F,1842.73,-7611.89,47.52052307,-122.25945282,E,,
257011,2026-07-05T09:10:01,29.45,0,F,1842.73,-7611.89,47.52052307,-122.25945282,E,,
258075,2026-07-05T09:10:03,29.08,0,F,1842.73,-7611.89,47.52052307,-122.25945282,E,,
259145,2026-07-05T09:10:04,31.33,0,F,1842.73,-7611.89,47.52052307,-122.25945282,E,,
260207,2026-07-05T09:10:05,28.74,0,F,1842.73,-7611.89,47.52052307,-122.25945282,E,,
261277,2026-07-05T09:10:06,27.75,0,F,1842.73,-7611.89,47.52052307,-122.25945282,E,,
262338,2026-07-05T09:10:07,25.27,0,F,1842.73,-7611.89,47.52052307,-122.25945282,E,,
263412,2026-07-05T09:10:08,23.14,0.262,G,1846.17,-7616.13,47.52048492,-122.25940704,G,5,2.1
264462,2026-07-05T09:10:09,23.65,0,F,1846.17,-7616.13,47.52048492,-122.25940704,E,,
265528,2026-07-05T09:10:10,21.81,0,F,1846.17,-7616.13,47.52048492,-122.25940704,E,,
266609,2026-07-05T09:10:11,19.2,0,F,1846.17,-7616.13,47.52048492,-122.25940704,E,,
267688,2026-07-05T09:10:12,17.71,0,F,1846.17,-7616.13,47.52048492,-122.25940704,E,,
268766,2026-07-05T09:10:13,14.55,0,F,1846.17,-7616.13,47.52048492,-122.25940704,E,,
269845,2026-07-05T09:10:14,12.69,0,F,1846.17,-7616.13,47.52048492,-122.25940704,E,,
270914,2026-07-05T09:10:15,11.31,0,F,1846.17,-7616.13,47.52048492,-122.25940704,E,,
271985,2026-07-05T09:10:16,8.43,0,F,1846.17,-7616.13,47.52048492,-122.25940704,E,,
273058,2026-07-05T09:10:17,6.8,0,F,1846.17,-7616.13,47.52048492,-122.25940704,E,,
274137,2026-07-05T09:10:19,6.37,0,F,1846.17,-7616.13,47.52048492,-122.25940704,E,,
275189,2026-07-05T09:10:20,8.01,0,F,1846.17,-7616.13,47.52048492,-122.25940704,E,,
276268,2026-07-05T09:10:21,9.1,0,F,1846.17,-7616.13,47.52048492,-122.25940704,E,,
277305,2026-07-05T09:10:22,9.44,0,F,1846.17,-7616.13,47.52048492,-122.25940704,E,,
278375,2026-07-05T09:10:23,8.19,0,F,1846.17,-7616.13,47.52048492,-122.25940704,E,,
279427,2026-07-05T09:10:24,6.57,0,F,1846.17,-7616.13,47.52048492,-122.25940704,E,,
280507,2026-07-05T09:10:25,3.38,0,F,1846.17,-7616.13,47.52048492,-122.25940704,E,,
281571,2026-07-05T09:10:26,357.79,0,F,1846.17,-7616.13,47.52048492,-122.25940704,E,,
282650,2026-07-05T09:10:27,353.08,0,F,1846.17,-7616.13,47.52048492,-122.25940704,E,,
283728,2026-07-05T09:10:28,350.5,0,F,1846.17,-7616.13,47.52048492,-122.25940704,E,,
284807,2026-07-05T09:10:29,350.1,0,F,1846.17,-7616.13,47.52048492,-122.25940704,E,,
285886,2026-07-05T09:10:30,351.17,0,F,1846.17,-7616.13,47.52048492,-122.25940704,E,,
286955,2026-07-05T09:10:31,352.67,0,F,1846.17,-7616.13,47.52048492,-122.25940704,E,,
288025,2026-07-05T09:10:32,352.72,0,F,1846.17,-7616.13,47.52048492,-122.25940704,E,,
289086,2026-07-05T09:10:34,352.83,0,F,1846.17,-7616.13,47.52048492,-122.25940704,E,,
290155,2026-07-05T09:10:35,352.65,0,F,1846.17,-7616.13,47.52048492,-122.25940704,E,,
291226,2026-07-05T09:10:36,354.8,0,F,1846.17,-7616.13,47.52048492,-122.25940704,E,,
292305,2026-07-05T09:10:37,356.39,0,F,1846.17,-7616.13,47.52048492,-122.25940704,E,,
293376,2026-07-05T09:10:38,355.57,0,F,1846.17,-7616.13,47.52048492,-122.25940704,E,,
294439,2026-07-05T09:10:39,357.88,0,F,1846.17,-7616.13,47.52048492,-122.25940704,E,,
295509,2026-07-05T09:10:40,0.85,0,F,1846.17,-7616.13,47.52048492,-122.25940704,E,,
296564,2026-07-05T09:10:41,2.53,0,F,1846.17,-7616.13,47.52048492,-122.25940704,E,,
297637,2026-07-05T09:10:42,1.15,0,F,1846.17,-7616.13,47.52048492,-122.25940704,E,,
298716,2026-07-05T09:10:43,356.13,0,F,1846.17,-7616.13,47.52048492,-122.25940704,E,,
299804,2026-07-05T09:10:44,350.08,0,F,1846.17,-7616.13,47.52048492,-122.25940704,E,,
300875,2026-07-05T09:10:45,345.79,0,F,1846.17,-7616.13,47.52048492,-122.25940704,E,,
301954,2026-07-05T09:10:46,344.97,0,F,1846.17,-7616.13,47.52048492,-122.25940704,E,,
303033,2026-07-05T09:10:47,344.75,0,F,1846.17,-7616.13,47.52048492,-122.25940704,E,,
304105,2026-07-05T09:10:49,338.92,0,F,1846.17,-7616.13,47.52048492,-122.25940704,E,,
305166,2026-07-05T09:10:50,328.98,0,F,1846.17,-7616.13,47.52048492,-122.25940704,E,,
306245,2026-07-05T09:10:51,344.1,0,F,1846.17,-7616.13,47.52048492,-122.25940704,E,,
307323,2026-07-05T09:10:52,355.07,0,F,1846.17,-7616.13,47.52048492,-122.25940704,E,,
308356,2026-07-05T09:10:53,355.33,0,F,1846.17,-7616.13,47.52048492,-122.25940704,E,,
309426,2026-07-05T09:10:54,349.56,0,F,1846.17,-7616.13,47.52048492,-122.25940704,E,,
310478,2026-07-05T09:10:55,347.9,0,F,1846.17,-7616.13,47.52048492,-122.25940704,E,,
311540,2026-07-05T09:10:56,348.99,0,F,1846.17,-7616.13,47.52048492,-122.25940704,E,,
312611,2026-07-05T09:10:57,350.02,0,F,1846.17,-7616.13,47.52048492,-122.25940704,E,,
313690,2026-07-05T09:10:58,354.29,0,F,1846.17,-7616.13,47.52048492,-122.25940704,E,,
314769,2026-07-05T09:10:59,358.52,0,F,1846.17,-7616.13,47.52048492,-122.25940704,E,,
315837,2026-07-05T09:11:00,1.8,0,F,1846.17,-7616.13,47.52048492,-122.25940704,E,,
316916,2026-07-05T09:11:01,4.73,0,F,1846.17,-7616.13,47.52048492,-122.25940704,E,,
317995,2026-07-05T09:11:02,6.51,0,F,1846.17,-7616.13,47.52048492,-122.25940704,E,,
319055,2026-07-05T09:11:03,9.16,0,F,1846.17,-7616.13,47.52048492,-122.25940704,E,,
320134,2026-07-05T09:11:05,11.12,0,F,1846.17,-7616.13,47.52048492,-122.25940704,E,,
321204,2026-07-05T09:11:06,12.37,0,F,1846.17,-7616.13,47.52048492,-122.25940704,E,,
322267,2026-07-05T09:11:07,14.69,0,F,1846.17,-7616.13,47.52048492,-122.25940704,E,,
323337,2026-07-05T09:11:08,15,0,F,1846.17,-7616.13,47.52048492,-122.25940704,E,,
324407,2026-07-05T09:11:09,17.38,0,F,1846.17,-7616.13,47.52048492,-122.25940704,E,,
325468,2026-07-05T09:11:10,17.6,0,F,1846.17,-7616.13,47.52048492,-122.25940704,E,,
326539,2026-07-05T09:11:11,17.62,0,F,1846.17,-7616.13,47.52048492,-122.25940704,E,,
327603,2026-07-05T09:11:12,18.04,0,F,1846.17,-7616.13,47.52048492,-122.25940704,E,,
328683,2026-07-05T09:11:13,17.6,0,F,1846.17,-7616.13,47.52048492,-122.25940704,E,,
329762,2026-07-05T09:11:14,18.65,0,F,1846.17,-7616.13,47.52048492,-122.25940704,E,,
330834,2026-07-05T09:11:15,17.86,0,F,1846.17,-7616.13,47.52048492,-122.25940704,E,,
331921,2026-07-05T09:11:16,17.88,0,F,1846.17,-7616.13,47.52048492,-122.25940704,E,,
332999,2026-07-05T09:11:17,18.41,0,F,1846.17,-7616.13,47.52048492,-122.25940704,E,,
334060,2026-07-05T09:11:18,17.67,0,F,1846.17,-7616.13,47.52048492,-122.25940704,E,,
335130,2026-07-05T09:11:20,16.27,0,F,1846.17,-7616.13,47.52048492,-122.25940704,E,,
336218,2026-07-05T09:11:21,15.34,0,F,1846.17,-7616.13,47.52048492,-122.25940704,E,,
337288,2026-07-05T09:11:22,14.64,0,F,1846.17,-7616.13,47.52048492,-122.25940704,E,,
338350,2026-07-05T09:11:23,14.96,0,F,1846.17,-7616.13,47.52048492,-122.25940704,E,,
339447,2026-07-05T09:11:24,16.15,0,F,1846.17,-7616.13,47.52048492,-122.25940704,E,,
340520,2026-07-05T09:11:25,16.65,0,F,1846.17,-7616.13,47.52048492,-122.25940704,E,,
341593,2026-07-05T09:11:26,17.37,0,F,1846.17,-7616.13,47.52048492,-122.25940704,E,,
342664,2026-07-05T09:11:27,18.13,0,F,1846.17,-7616.13,47.52048492,-122.25940704,E,,
343726,2026-07-05T09:11:28,19.77,0,F,1846.17,-7616.13,47.52048492,-122.25940704,E,,
344796,2026-07-05T09:11:29,24.41,0,F,1846.17,-7616.13,47.52048492,-122.25940704,E,,
345874,2026-07-05T09:11:30,26.65,0,F,1846.17,-7616.13,47.52048492,-122.25940704,E,,
346943,2026-07-05T09:11:31,26.89,0,F,1846.17,-7616.13,47.52048492,-122.25940704,E,,
348016,2026-07-05T09:11:32,24.31,0,F,1846.17,-7616.13,47.52048492,-122.25940704,E,,
349077,2026-07-05T09:11:34,22.02,0,F,1846.17,-7616.13,47.52048492,-122.25940704,E,,
350155,2026-07-05T09:11:35,22.98,0,F,1846.17,-7616.13,47.52048492,-122.25940704,E,,
351234,2026-07-05T09:11:36,23.13,0,F,1846.17,-7616.13,47.52048492,-122.25940704,E,,
352304,2026-07-05T09:11:37,22.26,0,F,1846.17,-7616.13,47.52048492,-122.25940704,E,,
353375,2026-07-05T09:11:38,20.82,0,F,1846.17,-7616.13,47.52048492,-122.25940704,E,,
354445,2026-07-05T09:11:39,19.52,0,F,1846.17,-7616.13,47.52048492,-122.25940704,E,,
355516,2026-07-05T09:11:40,18.01,0,F,1846.17,-7616.13,47.52048492,-122.25940704,E,,
356577,2026-07-05T09:11:41,18.31,0,F,1846.17,-7616.11,47.52048492,-122.25940704,E,,
357657,2026-07-05T09:11:42,19.38,0,F,1846.18,-7616.09,47.52048492,-122.25940704,E,,
358727,2026-07-05T09:11:43,19.38,0,F,1846.18,-7616.09,47.52048492,-122.25940704,E,,
359796,2026-07-05T09:11:44,19.14,0,F,1846.18,-7616.09,47.52048492,-122.25940704,E,,
360868,2026-07-05T09:11:45,18.96,0,F,1846.18,-7616.09,47.52048492,-122.25940704,E,,
361957,2026-07-05T09:11:46,18.14,0,F,1846.18,-7616.09,47.52048492,-122.25940704,E,,
363043,2026-07-05T09:11:47,16.52,0,F,1846.18,-7616.09,47.52048492,-122.25940704,E,,
364112,2026-07-05T09:11:49,15.76,0,F,1846.18,-7616.09,47.52048492,-122.25940704,E,,
365190,2026-07-05T09:11:50,16.43,0,F,1846.18,-7616.09,47.52048492,-122.25940704,E,,
366269,2026-07-05T09:11:51,16.95,0,F,1846.18,-7616.09,47.52048492,-122.25940704,E,,
367339,2026-07-05T09:11:52,18.11,0,F,1846.18,-7616.09,47.52048492,-122.25940704,E,,
368418,2026-07-05T09:11:53,19.99,0,F,1846.18,-7616.09,47.52048492,-122.25940704,E,,
369463,2026-07-05T09:11:54,22.11,0,F,1846.18,-7616.09,47.52048492,-122.25940704,E,,
370534,2026-07-05T09:11:55,24.28,0,F,1846.18,-7616.09,47.52048492,-122.25940704,E,,
371605,2026-07-05T09:11:56,24.94,0,F,1846.18,-7616.09,47.52048492,-122.25940704,E,,
372677,2026-07-05T09:11:57,24.43,0,F,1846.18,-7616.09,47.52048492,-122.25940704,E,,
373746,2026-07-05T09:11:58,24.33,0,F,1846.18,-7616.09,47.52048492,-122.25940704,E,,
374825,2026-07-05T09:11:59,24.01,0,F,1846.18,-7616.09,47.52048492,-122.25940704,E,,
375903,2026-07-05T09:12:00,22.28,0,F,1846.18,-7616.09,47.52048492,-122.25940704,E,,
376981,2026-07-05T09:12:01,20.58,0,F,1846.18,-7616.09,47.52048492,-122.25940704,E,,
378059,2026-07-05T09:12:02,20.05,0,F,1846.18,-7616.09,47.52048492,-122.25940704,E,,
379123,2026-07-05T09:12:04,18.8,0,F,1846.18,-7616.09,47.52048492,-122.25940704,E,,
380202,2026-07-05T09:12:05,20.16,0,F,1846.18,-7616.09,47.52048492,-122.25940704,E,,
381272,2026-07-05T09:12:06,25.26,0,F,1846.18,-7616.09,47.52048492,-122.25940704,E,,
382341,2026-07-05T09:12:07,26.77,0,F,1846.18,-7616.09,47.52048492,-122.25940704,E,,
383403,2026-07-05T09:12:08,29.1,0,F,1846.18,-7616.09,47.52048492,-122.25940704,E,,
384494,2026-07-05T09:12:09,28.43,0,F,1846.18,-7616.09,47.52048492,-122.25940704,E,,
385564,2026-07-05T09:12:10,29.65,0,F,1846.18,-7616.09,47.52048492,-122.25940704,E,,
386644,2026-07-05T09:12:11,27.05,0,F,1846.18,-7616.09,47.52048492,-122.25940704,E,,
387705,2026-07-05T09:12:12,32.66,0,F,1846.18,-7616.09,47.52048492,-122.25940704,E,,
388776,2026-07-05T09:12:13,31.29,0,F,1846.18,-7616.09,47.52048492,-122.25940704,E,,
389855,2026-07-05T09:12:14,32.65,0,F,1846.18,-7616.09,47.52048492,-122.25940704,E,,
390943,2026-07-05T09:12:15,32.52,0,F,1846.18,-7616.09,47.52048492,-122.25940704,E,,
392005,2026-07-05T09:12:16,34.25,0,F,1846.18,-7616.09,47.52048492,-122.25940704,E,,
393082,2026-07-05T09:12:18,34.34,0,F,1846.18,-7616.09,47.52048492,-122.25940704,E,,
394154,2026-07-05T09:12:19,33.91,0,F,1846.18,-7616.09,47.52048492,-122.25940704,E,,
395234,2026-07-05T09:12:20,32.17,0,F,1846.18,-7616.09,47.52048492,-122.25940704,E,,
396313,2026-07-05T09:12:21,33.05,0,F,1846.18,-7616.09,47.52048492,-122.25940704,E,,
397373,2026-07-05T09:12:22,32.32,0,F,1846.18,-7616.09,47.52048492,-122.25940704,E,,
398444,2026-07-05T09:12:23,33.76,0,F,1846.18,-7616.09,47.52048492,-122.25940704,E,,
399539,2026-07-05T09:12:24,39,0,F,1846.18,-7616.09,47.52048492,-122.25940704,E,,
400609,2026-07-05T09:12:25,40.77,0,F,1846.18,-7616.09,47.52048492,-122.25940704,E,,
401692,2026-07-05T09:12:26,38.05,0,F,1846.18,-7616.09,47.52048492,-122.25940704,E,,
402761,2026-07-05T09:12:27,37.93,0,F,1846.18,-7616.09,47.52048492,-122.25940704,E,,
403831,2026-07-05T09:12:28,35.26,0,F,1846.18,-7616.09,47.52048492,-122.25940704,E,,
404911,2026-07-05T09:12:29,32.36,0,F,1846.18,-7616.09,47.52048492,-122.25940704,E,,
405999,2026-07-05T09:12:30,29.48,0,F,1846.18,-7616.09,47.52048492,-122.25940704,E,,
407050,2026-07-05T09:12:31,26.61,0,F,1846.18,-7616.09,47.52048492,-122.25940704,E,,
408137,2026-07-05T09:12:33,24.12,0,F,1846.18,-7616.09,47.52048492,-122.25940704,E,,
409200,2026-07-05T09:12:34,21.93,0,F,1846.18,-7616.09,47.52048492,-122.25940704,E,,
410279,2026-07-05T09:12:35,20.25,0,F,1846.18,-7616.09,47.52048492,-122.25940704,E,,
411358,2026-07-05T09:12:36,19.55,0,F,1846.18,-7616.09,47.52048492,-122.25940704,E,,
412436,2026-07-05T09:12:37,20,0,F,1846.18,-7616.09,47.52048492,-122.25940704,E,,
413498,2026-07-05T09:12:38,19.31,0,F,1846.18,-7616.09,47.52048492,-122.25940704,E,,
414562,2026-07-05T09:12:39,20.13,0,F,1846.18,-7616.09,47.52048492,-122.25940704,E,,
415642,2026-07-05T09:12:40,19.88,0,F,1846.18,-7616.09,47.52048492,-122.25940704,E,,
416712,2026-07-05T09:12:41,19.06,0,F,1846.18,-7616.09,47.52048492,-122.25940704,E,,
417784,2026-07-05T09:12:42,16.92,0,F,1846.18,-7616.09,47.52048492,-122.25940704,E,,
418845,2026-07-05T09:12:43,16.27,0,F,1846.18,-7616.09,47.52048492,-122.25940704,E,,
419897,2026-07-05T09:12:44,17.42,0,F,1846.18,-7616.09,47.52048492,-122.25940704,E,,
420977,2026-07-05T09:12:45,18.21,0,F,1846.18,-7616.09,47.52048492,-122.25940704,E,,
422057,2026-07-05T09:12:46,19.35,0,F,1846.18,-7616.09,47.52048492,-122.25940704,E,,
423136,2026-07-05T09:12:48,18.28,0,F,1846.18,-7616.09,47.52048492,-122.25940704,E,,
424213,2026-07-05T09:12:49,16.74,0,F,1846.18,-7616.09,47.52048492,-122.25940704,E,,
425292,2026-07-05T09:12:50,14.38,0,F,1846.18,-7616.09,47.52048492,-122.25940704,E,,
426352,2026-07-05T09:12:51,12.65,0,F,1846.18,-7616.09,47.52048492,-122.25940704,E,,
427431,2026-07-05T09:12:52,10.81,0,F,1846.18,-7616.09,47.52048492,-122.25940704,E,,
428502,2026-07-05T09:12:53,9.48,0,F,1846.18,-7616.09,47.52048492,-122.25940704,E,,
429552,2026-07-05T09:12:54,9.4,0,F,1846.18,-7616.09,47.52048492,-122.25940704,E,,
430623,2026-07-05T09:12:55,10.27,0,F,1846.18,-7616.09,47.52048492,-122.25940704,E,,
431685,2026-07-05T09:12:56,11.03,0,F,1846.18,-7616.09,47.52048492,-122.25940704,E,,
432764,2026-07-05T09:12:57,12.81,0,F,1846.18,-7616.09,47.52048492,-122.25940704,E,,
433844,2026-07-05T09:12:58,13.38,0,F,1846.18,-7616.09,47.52048492,-122.25940704,E,,
434896,2026-07-05T09:12:59,14.57,0,F,1846.18,-7616.09,47.52048492,-122.25940704,E,,
435975,2026-07-05T09:13:00,14.84,0,F,1846.18,-7616.09,47.52048492,-122.25940704,E,,
437047,2026-07-05T09:13:01,16.28,0,F,1846.18,-7616.09,47.52048492,-122.25940704,E,,
438108,2026-07-05T09:13:03,17.47,0,F,1846.18,-7616.09,47.52048492,-122.25940704,E,,
439197,2026-07-05T09:13:04,21.94,0,F,1846.18,-7616.09,47.52048492,-122.25940704,E,,
440278,2026-07-05T09:13:05,24.76,0,F,1846.18,-7616.09,47.52048492,-122.25940704,E,,
441357,2026-07-05T09:13:06,26.04,0,F,1846.18,-7616.09,47.52048492,-122.25940704,E,,
442435,2026-07-05T09:13:07,25.97,0,F,1846.18,-7616.09,47.52048492,-122.25940704,E,,
443506,2026-07-05T09:13:08,25.29,0,F,1846.18,-7616.09,47.52048492,-122.25940704,E,,
444578,2026-07-05T09:13:09,25.69,0,F,1846.18,-7616.09,47.52048492,-122.25940704,E,,
445667,2026-07-05T09:13:10,21.03,0,F,1846.18,-7616.09,47.52048492,-122.25940704,E,,
446737,2026-07-05T09:13:11,16.92,0,F,1846.18,-7616.09,47.52048492,-122.25940704,E,,
447798,2026-07-05T09:13:12,14.67,0,F,1846.18,-7616.09,47.52048492,-122.25940704,E,,
448870,2026-07-05T09:13:13,14.55,0,F,1846.18,-7616.09,47.52048492,-122.25940704,E,,
449950,2026-07-05T09:13:14,14.52,0,F,1846.18,-7616.09,47.52048492,-122.25940704,E,,
451029,2026-07-05T09:13:15,13.9,0,F,1846.18,-7616.09,47.52048492,-122.25940704,E,,
452108,2026-07-05T09:13:17,13.99,0,F,1846.18,-7616.09,47.52048492,-122.25940704,E,,
453160,2026-07-05T09:13:18,16.39,0,F,1846.18,-7616.09,47.52048492,-122.25940704,E,,
454249,2026-07-05T09:13:19,16.48,0,F,1846.18,-7616.09,47.52048492,-122.25940704,E,,
455320,2026-07-05T09:13:20,19.99,0,F,1846.18,-7616.09,47.52048492,-122.25940704,E,,
456399,2026-07-05T09:13:21,21.71,0,F,1846.18,-7616.09,47.52048492,-122.25940704,E,,
457461,2026-07-05T09:13:22,14.71,0,F,1846.18,-7616.09,47.52048492,-122.25940704,E,,
458540,2026-07-05T09:13:23,6.84,0.122,F,1846.18,-7616.06,47.52048492,-122.25940704,E,,
459578,2026-07-05T09:13:24,2.43,0.105,F,1846.19,-7615.94,47.52048492,-122.25940704,E,,
460649,2026-07-05T09:13:25,8.97,0,F,1846.19,-7615.93,47.52048492,-122.25940704,E,,
461728,2026-07-05T09:13:26,14.67,0,F,1846.19,-7615.93,47.52048492,-122.25940704,E,,
462779,2026-07-05T09:13:27,17.77,0,F,1846.19,-7615.93,47.52048492,-122.25940704,E,,
463858,2026-07-05T09:13:28,18.58,0,F,1846.19,-7615.93,47.52048492,-122.25940704,E,,
464913,2026-07-05T09:13:29,19.5,0,F,1846.19,-7615.93,47.52048492,-122.25940704,E,,
465983,2026-07-05T09:13:30,19.95,0,F,1846.19,-7615.93,47.52048492,-122.25940704,E,,
467071,2026-07-05T09:13:31,20.32,0,F,1846.19,-7615.93,47.52048492,-122.25940704,E,,
468140,2026-07-05T09:13:33,19.74,0,F,1846.19,-7615.93,47.52048492,-122.25940704,E,,
469210,2026-07-05T09:13:34,19.52,0,F,1846.19,-7615.93,47.52048492,-122.25940704,E,,
470298,2026-07-05T09:13:35,19.21,0,F,1846.19,-7615.93,47.52048492,-122.25940704,E,,
471376,2026-07-05T09:13:36,18.99,0,F,1846.19,-7615.93,47.52048492,-122.25940704,E,,
472456,2026-07-05T09:13:37,19.56,0,F,1846.19,-7615.93,47.52048492,-122.25940704,E,,
473530,2026-07-05T09:13:38,20.16,0,F,1846.19,-7615.93,47.52048492,-122.25940704,E,,
474598,2026-07-05T09:13:39,22.81,0,F,1846.19,-7615.93,47.52048492,-122.25940704,E,,
475680,2026-07-05T09:13:40,24.67,0,F,1846.19,-7615.93,47.52048492,-122.25940704,E,,
476742,2026-07-05T09:13:41,25.99,0,F,1846.19,-7615.93,47.52048492,-122.25940704,E,,
477814,2026-07-05T09:13:42,26.81,0,F,1846.19,-7615.93,47.52048492,-122.25940704,E,,
478887,2026-07-05T09:13:43,27.08,0,F,1846.19,-7615.93,47.52048492,-122.25940704,E,,
479949,2026-07-05T09:13:44,25.2,0,F,1846.19,-7615.93,47.52048492,-122.25940704,E,,
481051,2026-07-05T09:13:45,25.53,0,F,1846.19,-7615.93,47.52048492,-122.25940704,E,,
482116,2026-07-05T09:13:47,26.51,0,F,1846.19,-7615.93,47.52048492,-122.25940704,E,,
483196,2026-07-05T09:13:48,32.55,0,F,1846.19,-7615.93,47.52048492,-122.25940704,E,,
484267,2026-07-05T09:13:49,38.35,0,F,1846.19,-7615.93,47.52048492,-122.25940704,E,,
485341,2026-07-05T09:13:50,40.62,0,F,1846.19,-7615.93,47.52048492,-122.25940704,E,,
486422,2026-07-05T09:13:51,42,0,F,1846.2,-7615.92,47.52048874,-122.25940704,E,,
487505,2026-07-05T09:13:52,42.15,0,F,1846.2,-7615.92,47.52048874,-122.25940704,E,,
488569,2026-07-05T09:13:53,50.47,0,F,1846.2,-7615.92,47.52048874,-122.25940704,E,,
489668,2026-07-05T09:13:54,50.34,0,F,1846.2,-7615.92,47.52048874,-122.25940704,E,,
490749,2026-07-05T09:13:55,47.68,0,F,1846.2,-7615.92,47.52048874,-122.25940704,E,,
491830,2026-07-05T09:13:56,39.88,0,F,1846.2,-7615.92,47.52048874,-122.25940704,E,,
492893,2026-07-05T09:13:57,36.1,0,F,1846.2,-7615.92,47.52048874,-122.25940704,E,,
493964,2026-07-05T09:13:58,32.38,0,F,1846.2,-7615.92,47.52048874,-122.25940704,E,,
495037,2026-07-05T09:13:59,28.45,0,F,1846.2,-7615.92,47.52048874,-122.25940704,E,,
496110,2026-07-05T09:14:01,25.38,0,F,1846.2,-7615.92,47.52048874,-122.25940704,E,,
497181,2026-07-05T09:14:02,27.2,0,F,1846.2,-7615.92,47.52048874,-122.25940704,E,,
498242,2026-07-05T09:14:03,29.72,0,F,1846.2,-7615.92,47.52048874,-122.25940704,E,,
499313,2026-07-05T09:14:04,26.37,0,F,1846.2,-7615.92,47.52048874,-122.25940704,E,,
500404,2026-07-05T09:14:05,20.29,0,F,1846.2,-7615.92,47.52048874,-122.25940704,E,,
501478,2026-07-05T09:14:06,20.33,0,F,1846.2,-7615.92,47.52048874,-122.25940704,E,,
502559,2026-07-05T09:14:07,22.23,0,F,1846.2,-7615.92,47.52048874,-122.25940704,E,,
503631,2026-07-05T09:14:08,20.23,0,F,1846.2,-7615.92,47.52048874,-122.25940704,E,,
504702,2026-07-05T09:14:09,20.96,0,F,1846.2,-7615.92,47.52048874,-122.25940704,E,,
505774,2026-07-05T09:14:10,36.82,0,F,1846.2,-7615.92,47.52048874,-122.25940704,E,,
506838,2026-07-05T09:14:11,85.1,0,F,1846.2,-7615.92,47.52048874,-122.25940704,E,,
507918,2026-07-05T09:14:12,175.2,0,F,1846.2,-7615.92,47.52048874,-122.25940704,E,,
508989,2026-07-05T09:14:13,220.37,0,F,1846.2,-7615.92,47.52048874,-122.25940704,E,,
510050,2026-07-05T09:14:14,293.65,0,F,1846.2,-7615.92,47.52048874,-122.25940704,E,,
511118,2026-07-05T09:14:16,345.46,0,F,1846.2,-7615.92,47.52048874,-122.25940704,E,,
512182,2026-07-05T09:14:17,1.03,0,F,1846.2,-7615.92,47.52048874,-122.25940704,E,,
513253,2026-07-05T09:14:18,4.9,0,F,1846.2,-7615.92,47.52048874,-122.25940704,E,,
514334,2026-07-05T09:14:19,6.63,0,F,1846.2,-7615.92,47.52048874,-122.25940704,E,,
515416,2026-07-05T09:14:20,9.2,0,F,1846.2,-7615.92,47.52048874,-122.25940704,E,,
516488,2026-07-05T09:14:21,11.26,0,F,1846.2,-7615.92,47.52048874,-122.25940704,E,,
517559,2026-07-05T09:14:22,12.24,0,F,1846.2,-7615.92,47.52048874,-122.25940704,E,,
518640,2026-07-05T09:14:23,12.2,0,F,1846.2,-7615.92,47.52048874,-122.25940704,E,,
519670,2026-07-05T09:14:24,11.12,0,F,1846.2,-7615.92,47.52048874,-122.25940704,E,,
520750,2026-07-05T09:14:25,9.24,0,F,1846.2,-7615.92,47.52048874,-122.25940704,E,,
521831,2026-07-05T09:14:26,6.68,0,F,1846.2,-7615.92,47.52048874,-122.25940704,E,,
522893,2026-07-05T09:14:27,3.23,0,F,1846.2,-7615.92,47.52048874,-122.25940704,E,,
523956,2026-07-05T09:14:28,357.61,0,F,1846.2,-7615.92,47.52048874,-122.25940704,E,,
525026,2026-07-05T09:14:29,357.14,0,F,1846.2,-7615.92,47.52048874,-122.25940704,E,,
526106,2026-07-05T09:14:31,357.03,0,F,1846.2,-7615.92,47.52048874,-122.25940704,E,,
527177,2026-07-05T09:14:32,0.3,0,F,1846.2,-7615.92,47.52048874,-122.25940704,E,,
528247,2026-07-05T09:14:33,3.43,0,F,1846.2,-7615.92,47.52048874,-122.25940704,E,,
529318,2026-07-05T09:14:34,2.3,0,F,1846.2,-7615.92,47.52048874,-122.25940704,E,,
530401,2026-07-05T09:14:35,1.02,0,F,1846.2,-7615.92,47.52048874,-122.25940704,E,,
531463,2026-07-05T09:14:36,0.02,0,F,1846.2,-7615.92,47.52048874,-122.25940704,E,,
532543,2026-07-05T09:14:37,352.04,0,F,1846.2,-7615.92,47.52048874,-122.25940704,E,,
533614,2026-07-05T09:14:38,338.94,0,F,1846.2,-7615.92,47.52048874,-122.25940704,E,,
534687,2026-07-05T09:14:39,333.64,0,F,1846.2,-7615.92,47.52048874,-122.25940704,E,,
535742,2026-07-05T09:14:40,332.36,0,F,1846.2,-7615.92,47.52048874,-122.25940704,E,,
536807,2026-07-05T09:14:41,331.11,0,F,1846.2,-7615.92,47.52048874,-122.25940704,E,,
537880,2026-07-05T09:14:42,326.59,0,F,1846.2,-7615.92,47.52048874,-122.25940704,E,,
538959,2026-07-05T09:14:43,318.74,0,F,1846.2,-7615.92,47.52048874,-122.25940704,E,,
540030,2026-07-05T09:14:44,310.02,0,F,1846.2,-7615.92,47.52048874,-122.25940704,E,,
541117,2026-07-05T09:14:46,304.01,0,F,1846.2,-7615.92,47.52048874,-122.25940704,E,,
542196,2026-07-05T09:14:47,299.03,0,F,1846.2,-7615.92,47.52048874,-122.25940704,E,,
543232,2026-07-05T09:14:48,289.83,0,F,1846.2,-7615.92,47.52048874,-122.25940704,E,,
544303,2026-07-05T09:14:49,286.94,0,F,1846.2,-7615.92,47.52048874,-122.25940704,E,,
545378,2026-07-05T09:14:50,289.38,0,F,1846.2,-7615.92,47.52048874,-122.25940704,E,,
546452,2026-07-05T09:14:51,301.94,0,F,1846.2,-7615.92,47.52048874,-122.25940704,E,,
547535,2026-07-05T09:14:52,310.27,0,F,1846.2,-7615.92,47.52048874,-122.25940704,E,,
548606,2026-07-05T09:14:53,306.93,0,F,1846.2,-7615.92,47.52048874,-122.25940704,E,,
549685,2026-07-05T09:14:54,304.77,0,F,1846.2,-7615.92,47.52048874,-122.25940704,E,,
550760,2026-07-05T09:14:55,299.63,0,F,1846.2,-7615.92,47.52048874,-122.25940704,E,,
551833,2026-07-05T09:14:56,303.28,0,F,1846.2,-7615.92,47.52048874,-122.25940704,E,,
552913,2026-07-05T09:14:57,308.29,0,F,1846.2,-7615.92,47.52048874,-122.25940704,E,,
553984,2026-07-05T09:14:58,305.91,0,F,1846.2,-7615.92,47.52048874,-122.25940704,E,,
555064,2026-07-05T09:14:59,299.33,0,F,1846.2,-7615.92,47.52048874,-122.25940704,E,,
556143,2026-07-05T09:15:01,292.95,0,F,1846.2,-7615.92,47.52048874,-122.25940704,E,,
557214,2026-07-05T09:15:02,288.98,0,F,1846.2,-7615.92,47.52048874,-122.25940704,E,,
558293,2026-07-05T09:15:03,289.9,0,F,1846.2,-7615.92,47.52048874,-122.25940704,E,,
559364,2026-07-05T09:15:04,298.91,0,F,1846.2,-7615.92,47.52048874,-122.25940704,E,,
560435,2026-07-05T09:15:05,303.43,0,F,1846.2,-7615.92,47.52048874,-122.25940704,E,,
561507,2026-07-05T09:15:06,300.1,0,F,1846.2,-7615.92,47.52048874,-122.25940704,E,,
562588,2026-07-05T09:15:07,298.99,0,F,1846.2,-7615.92,47.52048874,-122.25940704,E,,
563676,2026-07-05T09:15:08,286.21,0,F,1846.2,-7615.92,47.52048874,-122.25940704,E,,
564764,2026-07-05T09:15:09,263.85,0,F,1846.2,-7615.92,47.52048874,-122.25940704,E,,
565834,2026-07-05T09:15:10,252.2,0,F,1846.2,-7615.92,47.52048874,-122.25940704,E,,
566895,2026-07-05T09:15:11,243.17,0,F,1846.2,-7615.92,47.52048874,-122.25940704,E,,
567964,2026-07-05T09:15:12,229.51,0,F,1846.2,-7615.92,47.52048874,-122.25940704,E,,
569034,2026-07-05T09:15:13,217.27,0,F,1846.2,-7615.92,47.52048874,-122.25940704,E,,
570112,2026-07-05T09:15:15,208.27,0,F,1846.2,-7615.92,47.52048874,-122.25940704,E,,
571191,2026-07-05T09:15:16,199.25,0,F,1846.2,-7615.92,47.52048874,-122.25940704,E,,
572270,2026-07-05T09:15:17,193.52,0,F,1846.2,-7615.92,47.52048874,-122.25940704,E,,
573321,2026-07-05T09:15:18,196.8,0,F,1846.2,-7615.92,47.52048874,-122.25940704,E,,
574391,2026-07-05T09:15:19,191.63,0,F,1846.2,-7615.92,47.52048874,-122.25940704,E,,
575453,2026-07-05T09:15:20,204.12,0,F,1846.2,-7615.92,47.52048874,-122.25940704,E,,
576523,2026-07-05T09:15:21,234.03,0,F,1846.2,-7615.92,47.52048874,-122.25940704,E,,
577595,2026-07-05T09:15:22,250.27,0,F,1846.2,-7615.92,47.52048874,-122.25940704,E,,
578676,2026-07-05T09:15:23,272.55,0,F,1846.2,-7615.92,47.52048874,-122.25940704,E,,
579756,2026-07-05T09:15:24,275.31,0,F,1846.2,-7615.92,47.52048874,-122.25940704,E,,
580778,2026-07-05T09:15:25,284.06,0,F,1846.2,-7615.92,47.52048874,-122.25940704,E,,
581849,2026-07-05T09:15:26,287.41,0,F,1846.2,-7615.92,47.52048874,-122.25940704,E,,
582928,2026-07-05T09:15:27,306.08,0,F,1846.2,-7615.92,47.52048874,-122.25940704,E,,
583990,2026-07-05T09:15:28,315.53,0,F,1846.2,-7615.92,47.52048874,-122.25940704,E,,
585061,2026-07-05T09:15:29,322.01,0,F,1846.2,-7615.92,47.52048874,-122.25940704,E,,
586125,2026-07-05T09:15:31,325.77,0,F,1846.2,-7615.92,47.52048874,-122.25940704,E,,
587204,2026-07-05T09:15:32,328.43,0,F,1846.2,-7615.92,47.52048874,-122.25940704,E,,
588275,2026-07-05T09:15:33,329.58,0,F,1846.2,-7615.92,47.52048874,-122.25940704,E,,
589344,2026-07-05T09:15:34,334.01,0,F,1846.2,-7615.92,47.52048874,-122.25940704,E,,
590407,2026-07-05T09:15:35,331.51,0,F,1846.2,-7615.92,47.52048874,-122.25940704,E,,
591489,2026-07-05T09:15:36,324.76,0,F,1846.2,-7615.92,47.52048874,-122.25940704,E,,
592560,2026-07-05T09:15:37,316.14,0,F,1846.2,-7615.92,47.52048874,-122.25940704,E,,
593640,2026-07-05T09:15:38,307.86,0,F,1846.2,-7615.92,47.52048874,-122.25940704,E,,
594729,2026-07-05T09:15:39,307.54,0,F,1846.2,-7615.92,47.52048874,-122.25940704,E,,
595801,2026-07-05T09:15:40,296.11,0,F,1846.2,-7615.92,47.52048874,-122.25940704,E,,
596872,2026-07-05T09:15:41,289.7,0,F,1846.2,-7615.92,47.52048874,-122.25940704,E,,
597942,2026-07-05T09:15:42,292.19,0,F,1846.2,-7615.92,47.52048874,-122.25940704,E,,
599012,2026-07-05T09:15:43,292.62,0,F,1846.2,-7615.92,47.52048874,-122.25940704,E,,
600121,2026-07-05T09:15:45,292.5,0,F,1846.2,-7615.92,47.52048874,-122.25940704,E,,
601201,2026-07-05T09:15:46,291.6,0,F,1846.2,-7615.92,47.52048874,-122.25940704,E,,
602279,2026-07-05T09:15:47,272.93,0,F,1846.2,-7615.92,47.52048874,-122.25940704,E,,
603349,2026-07-05T09:15:48,264.47,0,F,1846.2,-7615.92,47.52048874,-122.25940704,E,,
604424,2026-07-05T09:15:49,267.05,0,F,1846.2,-7615.92,47.52048874,-122.25940704,E,,
605486,2026-07-05T09:15:50,265.54,0,F,1846.2,-7615.92,47.52048874,-122.25940704,E,,
606566,2026-07-05T09:15:51,259.21,0,F,1846.2,-7615.92,47.52048874,-122.25940704,E,,
607655,2026-07-05T09:15:52,252.94,0,F,1846.2,-7615.92,47.52048874,-122.25940704,E,,
608733,2026-07-05T09:15:53,251.51,0,F,1846.2,-7615.92,47.52048874,-122.25940704,E,,
609803,2026-07-05T09:15:54,256.43,0,F,1846.2,-7615.92,47.52048874,-122.25940704,E,,
610809,2026-07-05T09:15:55,261.55,0,F,1846.2,-7615.92,47.52048874,-122.25940704,E,,
611881,2026-07-05T09:15:56,257.91,0,F,1846.2,-7615.92,47.52048874,-122.25940704,E,,
612952,2026-07-05T09:15:57,253.98,0,F,1846.2,-7615.92,47.52048874,-122.25940704,E,,
614031,2026-07-05T09:15:58,252.01,0,F,1846.2,-7615.92,47.52048874,-122.25940704,E,,
615101,2026-07-05T09:16:00,247.3,0,F,1846.2,-7615.92,47.52048874,-122.25940704,E,,
616162,2026-07-05T09:16:01,242.97,0,F,1846.2,-7615.92,47.52048874,-122.25940704,E,,
617235,2026-07-05T09:16:02,239.7,0,F,1846.2,-7615.92,47.52048874,-122.25940704,E,,
618315,2026-07-05T09:16:03,231.03,0,F,1846.2,-7615.92,47.52048874,-122.25940704,E,,
619385,2026-07-05T09:16:04,224.32,0,F,1846.2,-7615.92,47.52048874,-122.25940704,E,,
620458,2026-07-05T09:16:05,217.53,0,F,1846.2,-7615.92,47.52048874,-122.25940704,E,,
621520,2026-07-05T09:16:06,207.43,0,F,1846.2,-7615.92,47.52048874,-122.25940704,E,,
622600,2026-07-05T09:16:07,198.68,0,F,1846.2,-7615.92,47.52048874,-122.25940704,E,,
623679,2026-07-05T09:16:08,194.25,0,F,1846.2,-7615.92,47.52048874,-122.25940704,E,,
624750,2026-07-05T09:16:09,191.82,0,F,1846.2,-7615.92,47.52048874,-122.25940704,E,,
625847,2026-07-05T09:16:10,190.86,0,F,1846.2,-7615.92,47.52048874,-122.25940704,E,,
626918,2026-07-05T09:16:11,189.14,0,F,1846.2,-7615.92,47.52048874,-122.25940704,E,,
627989,2026-07-05T09:16:12,189.52,0,F,1846.2,-7615.92,47.52048874,-122.25940704,E,,
629077,2026-07-05T09:16:14,187.36,0,F,1846.2,-7615.92,47.52048874,-122.25940704,E,,
630155,2026-07-05T09:16:15,186.51,0,F,1846.2,-7615.92,47.52048874,-122.25940704,E,,
631234,2026-07-05T09:16:16,185.8,0,F,1846.2,-7615.92,47.52048874,-122.25940704,E,,
632313,2026-07-05T09:16:17,185.17,0,F,1846.2,-7615.92,47.52048874,-122.25940704,E,,
633373,2026-07-05T09:16:18,185.57,0,F,1846.2,-7615.92,47.52048874,-122.25940704,E,,
634446,2026-07-05T09:16:19,187.98,0,F,1846.2,-7615.92,47.52048874,-122.25940704,E,,
635536,2026-07-05T09:16:20,189.18,0,F,1846.2,-7615.92,47.52048874,-122.25940704,E,,
636616,2026-07-05T09:16:21,192.62,0,F,1846.2,-7615.92,47.52048874,-122.25940704,E,,
637687,2026-07-05T09:16:22,192.98,0,F,1846.2,-7615.92,47.52048874,-122.25940704,E,,
638765,2026-07-05T09:16:23,194.57,0,F,1846.2,-7615.92,47.52048874,-122.25940704,E,,
639843,2026-07-05T09:16:24,196.85,0,F,1846.2,-7615.92,47.52048874,-122.25940704,E,,
640932,2026-07-05T09:16:25,196.77,0,F,1846.2,-7615.92,47.52048874,-122.25940704,E,,
642020,2026-07-05T09:16:26,196.49,0,F,1846.2,-7615.92,47.52048874,-122.25940704,E,,
643089,2026-07-05T09:16:28,198.76,0,F,1846.2,-7615.92,47.52048874,-122.25940704,E,,
644167,2026-07-05T09:16:29,202.03,0,F,1846.2,-7615.92,47.52048874,-122.25940704,E,,
645237,2026-07-05T09:16:30,205.84,0,F,1846.2,-7615.92,47.52048874,-122.25940704,E,,
646316,2026-07-05T09:16:31,211.09,0,F,1846.2,-7615.92,47.52048874,-122.25940704,E,,
647394,2026-07-05T09:16:32,217.64,0,F,1846.2,-7615.92,47.52048874,-122.25940704,E,,
648465,2026-07-05T09:16:33,218.9,0,F,1846.2,-7615.92,47.52048874,-122.25940704,E,,
649544,2026-07-05T09:16:34,231.27,0,F,1846.2,-7615.92,47.52048874,-122.25940704,E,,
650615,2026-07-05T09:16:35,235.6,0,F,1846.2,-7615.92,47.52048874,-122.25940704,E,,
651694,2026-07-05T09:16:36,237.05,0,F,1846.2,-7615.92,47.52048874,-122.25940704,E,,
652772,2026-07-05T09:16:37,238.02,0,F,1846.2,-7615.92,47.52048874,-122.25940704,E,,
653832,2026-07-05T09:16:38,245.5,0,F,1846.2,-7615.92,47.52048874,-122.25940704,E,,
654911,2026-07-05T09:16:39,251.62,0,F,1846.2,-7615.92,47.52048874,-122.25940704,E,,
655999,2026-07-05T09:16:40,249.43,0,F,1846.2,-7615.92,47.52048874,-122.25940704,E,,
657086,2026-07-05T09:16:42,246.6,0,F,1846.2,-7615.92,47.52048874,-122.25940704,E,,
658157,2026-07-05T09:16:43,258.77,0,F,1846.2,-7615.92,47.52048874,-122.25940704,E,,
659226,2026-07-05T09:16:44,220.74,0,F,1846.2,-7615.92,47.52048874,-122.25940704,E,,
660294,2026-07-05T09:16:45,214.93,0,F,1846.2,-7615.92,47.52048874,-122.25940704,E,,
661349,2026-07-05T09:16:46,215.74,0,F,1846.2,-7615.92,47.52048874,-122.25940704,E,,
662419,2026-07-05T09:16:47,211.81,0,F,1846.2,-7615.92,47.52048874,-122.25940704,E,,
663481,2026-07-05T09:16:48,220.8,0,F,1846.2,-7615.92,47.52048874,-122.25940704,E,,
664552,2026-07-05T09:16:49,231.93,0,F,1846.2,-7615.92,47.52048874,-122.25940704,E,,
665632,2026-07-05T09:16:50,239.86,0,F,1846.2,-7615.92,47.52048874,-122.25940704,E,,
666701,2026-07-05T09:16:51,249.61,0,F,1846.2,-7615.92,47.52048874,-122.25940704,E,,
667780,2026-07-05T09:16:52,257.94,0,F,1846.2,-7615.92,47.52048874,-122.25940704,E,,
668851,2026-07-05T09:16:53,266.46,0,F,1846.2,-7615.92,47.52048874,-122.25940704,E,,
669940,2026-07-05T09:16:54,265.16,0,F,1846.2,-7615.92,47.52048874,-122.25940704,E,,
670975,2026-07-05T09:16:55,256.91,0,F,1846.2,-7615.92,47.52048874,-122.25940704,E,,
672036,2026-07-05T09:16:56,253.6,0,F,1846.2,-7615.92,47.52048874,-122.25940704,E,,
673134,2026-07-05T09:16:58,253.6,0,F,1846.2,-7615.92,47.52048874,-122.25940704,E,,
674186,2026-07-05T09:16:59,244.96,0,F,1846.2,-7615.92,47.52048874,-122.25940704,E,,
675246,2026-07-05T09:17:00,226.81,0,F,1846.2,-7615.92,47.52048874,-122.25940704,E,,
676326,2026-07-05T09:17:01,214.67,0,F,1846.2,-7615.92,47.52048874,-122.25940704,E,,
677397,2026-07-05T09:17:02,207.71,0,F,1846.2,-7615.92,47.52048874,-122.25940704,E,,
678471,2026-07-05T09:17:03,201.21,0,F,1846.2,-7615.92,47.52048874,-122.25940704,E,,
679536,2026-07-05T09:17:04,198.13,0,F,1846.2,-7615.92,47.52048874,-122.25940704,E,,
680607,2026-07-05T09:17:05,196.77,0,F,1846.2,-7615.92,47.52048874,-122.25940704,E,,
681671,2026-07-05T09:17:06,196.23,0,F,1846.2,-7615.92,47.52048874,-122.25940704,E,,
682741,2026-07-05T09:17:07,195.93,0,F,1846.2,-7615.92,47.52048874,-122.25940704,E,,
683819,2026-07-05T09:17:08,195.22,0,F,1846.2,-7615.92,47.52048874,-122.25940704,E,,
684888,2026-07-05T09:17:09,195.43,0,F,1846.2,-7615.92,47.52048874,-122.25940704,E,,
685967,2026-07-05T09:17:10,194.52,0,F,1846.2,-7615.92,47.52048874,-122.25940704,E,,
687029,2026-07-05T09:17:11,194.7,0,F,1846.2,-7615.92,47.52048874,-122.25940704,E,,
688099,2026-07-05T09:17:13,194.76,0,F,1846.2,-7615.92,47.52048874,-122.25940704,E,,
689176,2026-07-05T09:17:14,196.05,0,F,1846.2,-7615.92,47.52048874,-122.25940704,E,,
690254,2026-07-05T09:17:15,195,0,F,1846.2,-7615.92,47.52048874,-122.25940704,E,,
691327,2026-07-05T09:17:16,192.04,0,F,1846.2,-7615.92,47.52048874,-122.25940704,E,,
692406,2026-07-05T09:17:17,197.04,0,F,1846.2,-7615.92,47.52048874,-122.25940704,E,,
693477,2026-07-05T09:17:18,204.34,0,F,1846.2,-7615.92,47.52048874,-122.25940704,E,,
694548,2026-07-05T09:17:19,206.97,0,F,1846.2,-7615.92,47.52048874,-122.25940704,E,,
695627,2026-07-05T09:17:20,206.48,0,F,1846.2,-7615.92,47.52048874,-122.25940704,E,,
696697,2026-07-05T09:17:21,202.46,0,F,1846.2,-7615.92,47.52048874,-122.25940704,E,,
697776,2026-07-05T09:17:22,196.86,0,F,1846.2,-7615.92,47.52048874,-122.25940704,E,,
698854,2026-07-05T09:17:23,187.64,0,F,1846.2,-7615.92,47.52048874,-122.25940704,E,,
699932,2026-07-05T09:17:24,178.1,0,F,1846.2,-7615.92,47.52048874,-122.25940704,E,,
701002,2026-07-05T09:17:25,168.5,0,F,1846.2,-7615.92,47.52048874,-122.25940704,E,,
702035,2026-07-05T09:17:26,152.32,0,F,1846.2,-7615.92,47.52048874,-122.25940704,E,,
703105,2026-07-05T09:17:28,164.4,0,F,1846.2,-7615.92,47.52048874,-122.25940704,E,,
704184,2026-07-05T09:17:29,165.09,0,F,1846.2,-7615.92,47.52048874,-122.25940704,E,,
705261,2026-07-05T09:17:30,161.07,0,F,1846.2,-7615.92,47.52048874,-122.25940704,E,,
706342,2026-07-05T09:17:31,167.22,0,F,1846.2,-7615.92,47.52048874,-122.25940704,E,,
707404,2026-07-05T09:17:32,182.93,0,F,1846.2,-7615.92,47.52048874,-122.25940704,E,,
708486,2026-07-05T09:17:33,192.03,0,F,1846.2,-7615.92,47.52048874,-122.25940704,E,,
709567,2026-07-05T09:17:34,203.38,0,F,1846.2,-7615.92,47.52048874,-122.25940704,E,,
710631,2026-07-05T09:17:35,192.19,0,F,1846.2,-7615.92,47.52048874,-122.25940704,E,,
711710,2026-07-05T09:17:36,188.56,0,F,1846.2,-7615.92,47.52048874,-122.25940704,E,,
712789,2026-07-05T09:17:37,198.09,0,F,1846.2,-7615.92,47.52048874,-122.25940704,E,,
713844,2026-07-05T09:17:38,203.63,0,F,1846.2,-7615.92,47.52048874,-122.25940704,E,,
714905,2026-07-05T09:17:39,203.96,0,F,1846.2,-7615.92,47.52048874,-122.25940704,E,,
715968,2026-07-05T09:17:40,200.9,0,F,1846.2,-7615.92,47.52048874,-122.25940704,E,,
717038,2026-07-05T09:17:41,202.84,0,F,1846.2,-7615.92,47.52048874,-122.25940704,E,,
718116,2026-07-05T09:17:43,204.06,0,F,1846.2,-7615.92,47.52048874,-122.25940704,E,,
719194,2026-07-05T09:17:44,203.09,0,F,1846.2,-7615.92,47.52048874,-122.25940704,E,,
720272,2026-07-05T09:17:45,205.55,0,F,1846.2,-7615.92,47.52048874,-122.25940704,E,,
721335,2026-07-05T09:17:46,211.14,0,F,1846.2,-7615.92,47.52048874,-122.25940704,E,,
722406,2026-07-05T09:17:47,214.36,0,F,1846.2,-7615.92,47.52048874,-122.25940704,E,,
723487,2026-07-05T09:17:48,216.54,0,F,1846.2,-7615.92,47.52048874,-122.25940704,E,,
724560,2026-07-05T09:17:49,222.32,0,F,1846.2,-7615.92,47.52048874,-122.25940704,E,,
725641,2026-07-05T09:17:50,225.69,0,F,1846.2,-7615.92,47.52048874,-122.25940704,E,,
726720,2026-07-05T09:17:51,225.61,0,F,1846.2,-7615.92,47.52048874,-122.25940704,E,,
727799,2026-07-05T09:17:52,222.09,0,F,1846.2,-7615.92,47.52048874,-122.25940704,E,,
728870,2026-07-05T09:17:53,215.82,0,F,1846.2,-7615.92,47.52048874,-122.25940704,E,,
729940,2026-07-05T09:17:54,211.94,0,F,1846.2,-7615.92,47.52048874,-122.25940704,E,,
731013,2026-07-05T09:17:55,213.59,0,F,1846.2,-7615.92,47.52048874,-122.25940704,E,,
732095,2026-07-05T09:17:57,213.56,0,F,1846.2,-7615.92,47.52048874,-122.25940704,E,,
733174,2026-07-05T09:17:58,207.66,0,F,1846.2,-7615.92,47.52048874,-122.25940704,E,,
734253,2026-07-05T09:17:59,202.6,0,F,1846.2,-7615.92,47.52048874,-122.25940704,E,,
735339,2026-07-05T09:18:00,197,0,F,1846.2,-7615.92,47.52048874,-122.25940704,E,,
736400,2026-07-05T09:18:01,195.74,0,F,1846.2,-7615.92,47.52048874,-122.25940704,E,,
737473,2026-07-05T09:18:02,195.66,0,F,1846.2,-7615.92,47.52048874,-122.25940704,E,,
738544,2026-07-05T09:18:03,190.95,0,F,1846.2,-7615.92,47.52048874,-122.25940704,E,,
739624,2026-07-05T09:18:04,194.46,0,F,1846.2,-7615.92,47.52048874,-122.25940704,E,,
740681,2026-07-05T09:18:05,199.48,0,F,1846.2,-7615.92,47.52048874,-122.25940704,E,,
741752,2026-07-05T09:18:06,200.7,0,F,1846.2,-7615.92,47.52048874,-122.25940704,E,,
742823,2026-07-05T09:18:07,199.83,0,F,1846.2,-7615.92,47.52048874,-122.25940704,E,,
743895,2026-07-05T09:18:08,201.82,0,F,1846.2,-7615.92,47.52048874,-122.25940704,E,,
744975,2026-07-05T09:18:09,203.22,0,F,1846.2,-7615.92,47.52048874,-122.25940704,E,,
746046,2026-07-05T09:18:10,203.73,0,F,1846.2,-7615.92,47.52048874,-122.25940704,E,,
747120,2026-07-05T09:18:12,199.83,0,F,1846.2,-7615.92,47.52048874,-122.25940704,E,,
748184,2026-07-05T09:18:13,199.5,0,F,1846.2,-7615.92,47.52048874,-122.25940704,E,,
749250,2026-07-05T09:18:14,198.41,0,F,1846.2,-7615.92,47.52048874,-122.25940704,E,,
750333,2026-07-05T09:18:15,197.11,0,F,1846.2,-7615.92,47.52048874,-122.25940704,E,,
751405,2026-07-05T09:18:16,196.57,0,F,1846.2,-7615.92,47.52048874,-122.25940704,E,,
752459,2026-07-05T09:18:17,197.29,0,F,1846.2,-7615.92,47.52048874,-122.25940704,E,,
753541,2026-07-05T09:18:18,196.78,0,F,1846.2,-7615.92,47.52048874,-122.25940704,E,,
754614,2026-07-05T09:18:19,194.02,0,F,1846.2,-7615.92,47.52048874,-122.25940704,E,,
755675,2026-07-05T09:18:20,195.18,0,F,1846.2,-7615.92,47.52048874,-122.25940704,E,,
756747,2026-07-05T09:18:21,194.05,0,F,1846.2,-7615.92,47.52048874,-122.25940704,E,,
757803,2026-07-05T09:18:22,193.34,0,F,1846.2,-7615.92,47.52048874,-122.25940704,E,,
758874,2026-07-05T09:18:23,198.11,0,F,1846.2,-7615.92,47.52048874,-122.25940704,E,,
759946,2026-07-05T09:18:24,197.21,0,F,1846.2,-7615.92,47.52048874,-122.25940704,E,,
761017,2026-07-05T09:18:25,189.97,0,F,1846.2,-7615.92,47.52048874,-122.25940704,E,,
762041,2026-07-05T09:18:26,193.56,0,F,1846.2,-7615.92,47.52048874,-122.25940704,E,,
763115,2026-07-05T09:18:28,198.5,0,F,1846.2,-7615.92,47.52048874,-122.25940704,E,,
764187,2026-07-05T09:18:29,204.66,0,F,1846.2,-7615.92,47.52048874,-122.25940704,E,,
765267,2026-07-05T09:18:30,208.08,0,F,1846.2,-7615.92,47.52048874,-122.25940704,E,,
766339,2026-07-05T09:18:31,206.63,0,F,1846.2,-7615.92,47.52048874,-122.25940704,E,,
767412,2026-07-05T09:18:32,206.75,0,F,1846.2,-7615.92,47.52048874,-122.25940704,E,,
768484,2026-07-05T09:18:33,206.49,0,F,1846.2,-7615.92,47.52048874,-122.25940704,E,,
769565,2026-07-05T09:18:34,200.43,0,F,1846.2,-7615.92,47.52048874,-122.25940704,E,,
770638,2026-07-05T09:18:35,200.37,0,F,1846.2,-7615.92,47.52048874,-122.25940704,E,,
771710,2026-07-05T09:18:36,203.96,0,F,1846.2,-7615.92,47.52048874,-122.25940704,E,,
772782,2026-07-05T09:18:37,200.91,0,F,1846.2,-7615.92,47.52048874,-122.25940704,E,,
773853,2026-07-05T09:18:38,196.08,0,F,1846.2,-7615.92,47.52048874,-122.25940704,E,,
774934,2026-07-05T09:18:39,189.18,0,F,1846.2,-7615.92,47.52048874,-122.25940704,E,,
776015,2026-07-05T09:18:40,184.5,0,F,1846.2,-7615.92,47.52048874,-122.25940704,E,,
777085,2026-07-05T09:18:42,191.3,0,F,1846.2,-7615.92,47.52048874,-122.25940704,E,,
778147,2026-07-05T09:18:43,195.11,0,F,1846.2,-7615.92,47.52048874,-122.25940704,E,,
779203,2026-07-05T09:18:44,194.32,0,F,1846.2,-7615.92,47.52048874,-122.25940704,E,,
780268,2026-07-05T09:18:45,190.37,0,F,1846.2,-7615.92,47.52048874,-122.25940704,E,,
781327,2026-07-05T09:18:46,188.54,0,F,1846.2,-7615.92,47.52048874,-122.25940704,E,,
782409,2026-07-05T09:18:47,188.24,0,F,1846.2,-7615.92,47.52048874,-122.25940704,E,,
783473,2026-07-05T09:18:48,191.8,0,F,1846.2,-7615.92,47.52048874,-122.25940704,E,,
784553,2026-07-05T09:18:49,196.79,0,F,1846.2,-7615.92,47.52048874,-122.25940704,E,,
785625,2026-07-05T09:18:50,196.89,0,F,1846.2,-7615.92,47.52048874,-122.25940704,E,,
786695,2026-07-05T09:18:51,194.49,0,F,1846.2,-7615.92,47.52048874,-122.25940704,E,,
787766,2026-07-05T09:18:52,193.85,0,F,1846.2,-7615.92,47.52048874,-122.25940704,E,,
788837,2026-07-05T09:18:53,195.1,0,F,1846.2,-7615.92,47.52048874,-122.25940704,E,,
789907,2026-07-05T09:18:54,200.01,0,F,1846.2,-7615.92,47.52048874,-122.25940704,E,,
790987,2026-07-05T09:18:55,200.94,0,F,1846.2,-7615.92,47.52048874,-122.25940704,E,,
792068,2026-07-05T09:18:56,202.06,0,F,1846.2,-7615.92,47.52048874,-122.25940704,E,,
793151,2026-07-05T09:18:58,201.11,0,F,1846.2,-7615.92,47.52048874,-122.25940704,E,,
794223,2026-07-05T09:18:59,196.36,0,F,1846.2,-7615.92,47.52048874,-122.25940704,E,,
795305,2026-07-05T09:19:00,193.04,0,F,1846.2,-7615.92,47.52048874,-122.25940704,E,,
796368,2026-07-05T09:19:01,190.22,0,F,1846.2,-7615.92,47.52048874,-122.25940704,E,,
797450,2026-07-05T09:19:02,193.39,0,F,1846.2,-7615.92,47.52048874,-122.25940704,E,,
798514,2026-07-05T09:19:03,192.88,0,F,1846.2,-7615.92,47.52048874,-122.25940704,E,,
799595,2026-07-05T09:19:04,194.25,0,F,1846.2,-7615.92,47.52048874,-122.25940704,E,,
800667,2026-07-05T09:19:05,193.2,0,F,1846.2,-7615.92,47.52048874,-122.25940704,E,,
801731,2026-07-05T09:19:06,192.61,0,F,1846.2,-7615.92,47.52048874,-122.25940704,E,,
802802,2026-07-05T09:19:07,189.47,0,F,1846.2,-7615.92,47.52048874,-122.25940704,E,,
803857,2026-07-05T09:19:08,186.18,0,F,1846.2,-7615.92,47.52048874,-122.25940704,E,,
804937,2026-07-05T09:19:09,181.95,0,F,1846.2,-7615.92,47.52048874,-122.25940704,E,,
805991,2026-07-05T09:19:10,181.28,0,F,1846.2,-7615.92,47.52048874,-122.25940704,E,,
807062,2026-07-05T09:19:11,174.8,0,F,1846.2,-7615.92,47.52048874,-122.25940704,E,,
808142,2026-07-05T09:19:13,172.51,0,F,1846.2,-7615.92,47.52048874,-122.25940704,E,,
809196,2026-07-05T09:19:14,168.27,0,F,1846.2,-7615.92,47.52048874,-122.25940704,E,,
810268,2026-07-05T09:19:15,174.26,0,F,1846.2,-7615.92,47.52048874,-122.25940704,E,,
811333,2026-07-05T09:19:16,175.78,0,F,1846.2,-7615.92,47.52048874,-122.25940704,E,,
812398,2026-07-05T09:19:17,190.54,0,F,1846.2,-7615.92,47.52048874,-122.25940704,E,,
813480,2026-07-05T09:19:18,194.84,0,F,1846.2,-7615.92,47.52048874,-122.25940704,E,,
814550,2026-07-05T09:19:19,192.4,0,F,1846.2,-7615.92,47.52048874,-122.25940704,E,,
815624,2026-07-05T09:19:20,185.23,0,F,1846.2,-7615.92,47.52048874,-122.25940704,E,,
816669,2026-07-05T09:19:21,197.95,0,F,1846.2,-7615.92,47.52048874,-122.25940704,E,,
817740,2026-07-05T09:19:22,203.09,0,F,1846.2,-7615.92,47.52048874,-122.25940704,E,,
818810,2026-07-05T09:19:23,197.08,0,F,1846.2,-7615.92,47.52048874,-122.25940704,E,,
819890,2026-07-05T09:19:24,188.19,0,F,1846.2,-7615.92,47.52048874,-122.25940704,E,,
820951,2026-07-05T09:19:25,192.17,0,F,1846.2,-7615.92,47.52048874,-122.25940704,E,,
822022,2026-07-05T09:19:26,199.26,0,F,1846.2,-7615.92,47.52048874,-122.25940704,E,,
823102,2026-07-05T09:19:28,203.54,0,F,1846.2,-7615.92,47.52048874,-122.25940704,E,,
824137,2026-07-05T09:19:29,206.02,0,F,1846.2,-7615.92,47.52048874,-122.25940704,E,,
825199,2026-07-05T09:19:30,203.36,0,F,1846.2,-7615.92,47.52048874,-122.25940704,E,,
826263,2026-07-05T09:19:31,198.84,0,F,1846.2,-7615.92,47.52048874,-122.25940704,E,,
827333,2026-07-05T09:19:32,195.94,0,F,1846.2,-7615.92,47.52048874,-122.25940704,E,,
828413,2026-07-05T09:19:33,193.81,0,F,1846.2,-7615.92,47.52048874,-122.25940704,E,,
829475,2026-07-05T09:19:34,193.34,0,F,1846.2,-7615.92,47.52048874,-122.25940704,E,,
830547,2026-07-05T09:19:35,197.4,0,F,1846.2,-7615.92,47.52048874,-122.25940704,E,,
831611,2026-07-05T09:19:36,204.55,0,F,1846.2,-7615.92,47.52048874,-122.25940704,E,,
832680,2026-07-05T09:19:37,207.82,0,F,1846.2,-7615.92,47.52048874,-122.25940704,E,,
833752,2026-07-05T09:19:38,207.36,0,F,1846.2,-7615.92,47.52048874,-122.25940704,E,,
834831,2026-07-05T09:19:39,214.29,0,F,1846.2,-7615.92,47.52048874,-122.25940704,E,,
835903,2026-07-05T09:19:40,213.88,0,F,1846.2,-7615.92,47.52048874,-122.25940704,E,,
836975,2026-07-05T09:19:41,214.79,0,F,1846.2,-7615.92,47.52048874,-122.25940704,E,,
838046,2026-07-05T09:19:42,212.15,0,F,1846.2,-7615.92,47.52048874,-122.25940704,E,,
839116,2026-07-05T09:19:44,210.55,0,F,1846.2,-7615.92,47.52048874,-122.25940704,E,,
840131,2026-07-05T09:19:45,212.05,0,F,1846.2,-7615.92,47.52048874,-122.25940704,E,,
841202,2026-07-05T09:19:46,208.86,0,F,1846.2,-7615.92,47.52048874,-122.25940704,E,,
842272,2026-07-05T09:19:47,209.33,0,F,1846.2,-7615.92,47.52048874,-122.25940704,E,,
843351,2026-07-05T09:19:48,218.27,0,F,1846.2,-7615.92,47.52048874,-122.25940704,E,,
844422,2026-07-05T09:19:49,229.15,0,F,1846.2,-7615.92,47.52048874,-122.25940704,E,,
845493,2026-07-05T09:19:50,221.34,0,F,1846.2,-7615.92,47.52048874,-122.25940704,E,,
846565,2026-07-05T09:19:51,215.38,0,F,1846.2,-7615.92,47.52048874,-122.25940704,E,,
847636,2026-07-05T09:19:52,209.85,0,F,1846.2,-7615.92,47.52048874,-122.25940704,E,,
848722,2026-07-05T09:19:53,208.21,0,F,1846.2,-7615.92,47.52048874,-122.25940704,E,,
849792,2026-07-05T09:19:54,211.15,0,F,1846.2,-7615.92,47.52048874,-122.25940704,E,,
850844,2026-07-05T09:19:55,211.26,0,F,1846.2,-7615.92,47.52048874,-122.25940704,E,,
851914,2026-07-05T09:19:56,209.8,0,F,1846.2,-7615.92,47.52048874,-122.25940704,E,,
852993,2026-07-05T09:19:57,205.69,0,F,1846.2,-7615.92,47.52048874,-122.25940704,E,,
854072,2026-07-05T09:19:58,198.86,0,F,1846.2,-7615.92,47.52048874,-122.25940704,E,,
855092,2026-07-05T09:20:00,198.93,0,F,1846.2,-7615.92,47.52048874,-122.25940704,E,,
856165,2026-07-05T09:20:01,202.23,0,F,1846.2,-7615.92,47.52048874,-122.25940704,E,,
857245,2026-07-05T09:20:02,203.74,0,F,1846.2,-7615.92,47.52048874,-122.25940704,E,,
858297,2026-07-05T09:20:03,200.86,0,F,1846.2,-7615.92,47.52048874,-122.25940704,E,,
859358,2026-07-05T09:20:04,200.22,0,F,1846.2,-7615.92,47.52048874,-122.25940704,E,,
860429,2026-07-05T09:20:05,207.34,0,F,1846.2,-7615.92,47.52048874,-122.25940704,E,,
861490,2026-07-05T09:20:06,254.13,0,F,1846.2,-7615.92,47.52048874,-122.25940704,E,,
862563,2026-07-05T09:20:07,294.08,0,F,1846.2,-7615.92,47.52048874,-122.25940704,E,,
863652,2026-07-05T09:20:08,325.98,0,F,1846.2,-7615.92,47.52048874,-122.25940704,E,,
864721,2026-07-05T09:20:09,354.31,0,F,1846.2,-7615.92,47.52048874,-122.25940704,E,,
865800,2026-07-05T09:20:10,9.17,0,F,1846.2,-7615.92,47.52048874,-122.25940704,E,,
866872,2026-07-05T09:20:11,9.96,0,F,1846.2,-7615.92,47.52048874,-122.25940704,E,,
867933,2026-07-05T09:20:12,12.03,0,F,1846.2,-7615.92,47.52048874,-122.25940704,E,,
869011,2026-07-05T09:20:13,16.24,0,F,1846.2,-7615.92,47.52048874,-122.25940704,E,,
870089,2026-07-05T09:20:15,12.95,0,F,1846.2,-7615.92,47.52048874,-122.25940704,E,,
871168,2026-07-05T09:20:16,9.6,0,F,1846.2,-7615.92,47.52048874,-122.25940704,E,,
872248,2026-07-05T09:20:17,8,0,F,1846.2,-7615.92,47.52048874,-122.25940704,E,,
873320,2026-07-05T09:20:18,6.34,0.198,F,1846.21,-7615.8,47.52048874,-122.25940704,E,,
874391,2026-07-05T09:20:19,3.1,0.228,F,1846.24,-7615.57,47.52048874,-122.25940704,E,,
875472,2026-07-05T09:20:20,4.28,0.24,F,1846.25,-7615.31,47.52049255,-122.25940704,E,,
876538,2026-07-05T09:20:21,8.49,0.251,F,1846.28,-7615.06,47.52049637,-122.25940704,E,,
877601,2026-07-05T09:20:22,12.6,0.311,F,1846.33,-7614.78,47.52049637,-122.25940704,E,,
878665,2026-07-05T09:20:23,18.99,0.307,F,1846.42,-7614.46,47.52050018,-122.25940704,E,,
879744,2026-07-05T09:20:24,25.01,0.335,F,1846.56,-7614.15,47.520504,-122.25939941,E,,
880840,2026-07-05T09:20:25,33.05,0.343,F,1846.74,-7613.82,47.520504,-122.25939941,E,,
881919,2026-07-05T09:20:26,29.96,0.37,F,1846.94,-7613.5,47.52050781,-122.25939941,E,,
882980,2026-07-05T09:20:27,29.53,0.389,F,1847.15,-7613.14,47.52051163,-122.25939178,E,,
884068,2026-07-05T09:20:28,27.92,0.401,F,1847.35,-7612.77,47.52051544,-122.25939178,E,,
885129,2026-07-05T09:20:30,25.71,0.403,F,1847.54,-7612.4,47.52051926,-122.25939178,E,,
886215,2026-07-05T09:20:31,22.76,0.441,F,1847.73,-7611.98,47.52052307,-122.25938416,E,,
887294,2026-07-05T09:20:32,21.64,0.447,F,1847.92,-7611.53,47.52052689,-122.25938416,E,,
888355,2026-07-05T09:20:33,24.6,0.442,F,1848.11,-7611.09,47.5205307,-122.25938416,E,,
889435,2026-07-05T09:20:34,32.58,0.459,F,1848.34,-7610.66,47.52053452,-122.25937653,E,,
890499,2026-07-05T09:20:35,35.71,0.448,F,1848.61,-7610.25,47.52053833,-122.25937653,E,,
891570,2026-07-05T09:20:36,28.81,0.428,F,1848.85,-7609.86,47.52054214,-122.2593689,E,,
892642,2026-07-05T09:20:37,29.84,0.43,F,1849.08,-7609.45,47.52054596,-122.2593689,E,,
893722,2026-07-05T09:20:38,29.2,0.418,F,1849.31,-7609.03,47.52054977,-122.2593689,E,,
894802,2026-07-05T09:20:39,28.58,0.432,F,1849.53,-7608.63,47.52055359,-122.25936127,E,,
895898,2026-07-05T09:20:40,27.03,0.441,F,1849.75,-7608.2,47.5205574,-122.25936127,E,,
896976,2026-07-05T09:20:41,23.18,0.46,F,1849.96,-7607.78,47.52056122,-122.25935364,E,,
898055,2026-07-05T09:20:42,17.56,0.453,F,1850.13,-7607.32,47.52056503,-122.25935364,E,,
899125,2026-07-05T09:20:44,12.91,0.458,F,1850.25,-7606.85,47.52056885,-122.25935364,E,,
900136,2026-07-05T09:20:45,10.17,0.469,F,1850.35,-7606.4,47.52057266,-122.25935364,E,,
901215,2026-07-05T09:20:46,8.06,0.48,F,1850.43,-7605.9,47.52057648,-122.25935364,E,,
902277,2026-07-05T09:20:47,9.56,0.457,F,1850.5,-7605.41,47.52058029,-122.25934601,E,,
903366,2026-07-05T09:20:48,11.19,0.457,F,1850.59,-7604.92,47.52058411,-122.25934601,E,,
904428,2026-07-05T09:20:49,13.84,0.469,F,1850.69,-7604.44,47.52059174,-122.25934601,E,,
905492,2026-07-05T09:20:50,16.04,0.48,F,1850.82,-7603.97,47.52059555,-122.25934601,E,,
906565,2026-07-05T09:20:51,14.25,0.518,F,1850.96,-7603.46,47.52059937,-122.25934601,E,,
907645,2026-07-05T09:20:52,12.8,0.552,F,1851.1,-7602.89,47.52060318,-122.25933838,E,,
908724,2026-07-05T09:20:53,12.28,0.575,F,1851.23,-7602.3,47.52061081,-122.25933838,E,,
909812,2026-07-05T09:20:54,14.66,0.618,F,1851.38,-7601.66,47.52061462,-122.25933838,E,,
910890,2026-07-05T09:20:55,19.08,0.61,F,1851.57,-7601.03,47.52062225,-122.25933838,E,,
911977,2026-07-05T09:20:56,14.96,0.605,F,1851.77,-7600.4,47.52062607,-122.25933075,E,,
913065,2026-07-05T09:20:57,10.73,0.62,F,1851.91,-7599.75,47.5206337,-122.25933075,E,,
914143,2026-07-05T09:20:59,8,0.621,F,1852.02,-7599.08,47.52063751,-122.25933075,E,,
915222,2026-07-05T09:21:00,7.85,0.633,F,1852.11,-7598.39,47.52064514,-122.25933075,E,,
916260,2026-07-05T09:21:01,9.36,0.638,F,1852.21,-7597.74,47.52064896,-122.25932312,E,,
917321,2026-07-05T09:21:02,9.97,0.637,F,1852.33,-7597.07,47.52065659,-122.25932312,E,,
918385,2026-07-05T09:21:03,9.65,0.636,F,1852.45,-7596.4,47.5206604,-122.25932312,E,,
919456,2026-07-05T09:21:04,9.12,0.644,F,1852.56,-7595.72,47.52066803,-122.25932312,E,,
920526,2026-07-05T09:21:05,8.32,0.653,F,1852.67,-7595.04,47.52067566,-122.25932312,E,,
921605,2026-07-05T09:21:06,8.19,0.677,F,1852.77,-7594.33,47.52067947,-122.25931549,E,,
922676,2026-07-05T09:21:07,9.03,0.655,F,1852.87,-7593.63,47.5206871,-122.25931549,E,,
923754,2026-07-05T09:21:08,10.05,0.656,F,1852.99,-7592.93,47.52069473,-122.25931549,E,,
924833,2026-07-05T09:21:09,9.14,0.648,F,1853.11,-7592.25,47.52069855,-122.25931549,E,,
925903,2026-07-05T09:21:10,8.51,0.653,F,1853.21,-7591.56,47.52070618,-122.25931549,E,,
926992,2026-07-05T09:21:11,9.47,0.654,F,1853.32,-7590.86,47.52071381,-122.25931549,E,,
928054,2026-07-05T09:21:12,10.48,0.652,F,1853.44,-7590.19,47.52071762,-122.25930786,E,,
929133,2026-07-05T09:21:14,9.4,0.646,F,1853.56,-7589.51,47.52072525,-122.25930786,E,,
930206,2026-07-05T09:21:15,8.27,0.652,F,1853.67,-7588.82,47.52072906,-122.25930786,E,,
931268,2026-07-05T09:21:16,6.48,0.649,F,1853.76,-7588.14,47.52073669,-122.25930786,E,,
932338,2026-07-05T09:21:17,6.59,0.655,F,1853.83,-7587.46,47.52074432,-122.25930786,E,,
933409,2026-07-05T09:21:18,8.82,0.617,F,1853.93,-7586.78,47.52074814,-122.25930023,E,,
934480,2026-07-05T09:21:19,10.25,0.547,F,1854.03,-7586.15,47.52075577,-122.25930023,E,,
935571,2026-07-05T09:21:20,12.04,0.539,F,1854.14,-7585.57,47.52075958,-122.25930023,E,,
936623,2026-07-05T09:21:21,17.76,0.52,F,1854.28,-7585.02,47.5207634,-122.25930023,E,,
937694,2026-07-05T09:21:22,18.05,0.493,F,1854.45,-7584.5,47.52076721,-122.25930023,E,,
938745,2026-07-05T09:21:23,15.11,0.467,F,1854.6,-7584.02,47.52077484,-122.2592926,E,,
939824,2026-07-05T09:21:24,12.11,0.476,F,1854.72,-7583.53,47.52077866,-122.2592926,E,,
940878,2026-07-05T09:21:25,12.52,0.464,F,1854.83,-7583.04,47.52078247,-122.2592926,E,,
941948,2026-07-05T09:21:26,11.61,0.486,F,1854.93,-7582.54,47.52078629,-122.2592926,E,,
943009,2026-07-05T09:21:27,12.39,0.514,F,1855.04,-7582.02,47.5207901,-122.2592926,E,,
944088,2026-07-05T09:21:29,13.33,0.539,F,1855.17,-7581.47,47.52079773,-122.25928497,E,,
945143,2026-07-05T09:21:30,13,0.549,F,1855.3,-7580.9,47.52080154,-122.25928497,E,,
946207,2026-07-05T09:21:31,12.12,0.575,F,1855.43,-7580.32,47.52080536,-122.25928497,E,,
947310,2026-07-05T09:21:32,10.23,0.577,F,1855.55,-7579.69,47.52081299,-122.25928497,E,,
948366,2026-07-05T09:21:33,7.71,0.597,F,1855.65,-7579.07,47.5208168,-122.25927734,E,,
949437,2026-07-05T09:21:34,6.72,0.62,F,1855.72,-7578.44,47.52082443,-122.25927734,E,,
950508,2026-07-05T09:21:35,9.8,0.614,F,1855.81,-7577.77,47.52082825,-122.25927734,E,,
951572,2026-07-05T09:21:36,12.52,0.612,F,1855.94,-7577.15,47.52083588,-122.25927734,E,,
952625,2026-07-05T09:21:37,15.52,0.58,F,1856.09,-7576.53,47.52083969,-122.25927734,E,,
953696,2026-07-05T09:21:38,15.83,0.575,F,1856.26,-7575.93,47.52084732,-122.25926971,E,,
954757,2026-07-05T09:21:39,13.72,0.573,F,1856.42,-7575.34,47.52085114,-122.25926971,E,,
955829,2026-07-05T09:21:40,12.75,0.589,F,1856.56,-7574.71,47.52085876,-122.25926971,E,,
956910,2026-07-05T09:21:41,14.17,0.62,F,1856.71,-7574.08,47.52086258,-122.25926971,E,,
957989,2026-07-05T09:21:42,15.45,0.632,F,1856.89,-7573.43,47.52087021,-122.25926208,E,,
959077,2026-07-05T09:21:44,16.36,0.64,F,1857.07,-7572.76,47.52087402,-122.25926208,E,,
960158,2026-07-05T09:21:45,18.68,0.627,F,1857.28,-7572.12,47.52088165,-122.25926208,E,,
961228,2026-07-05T09:21:46,20.37,0.618,F,1857.51,-7571.49,47.52088547,-122.25925446,E,,
962298,2026-07-05T09:21:47,20.06,0.62,F,1857.74,-7570.86,47.5208931,-122.25925446,E,,
963363,2026-07-05T09:21:48,18.75,0.615,F,1857.96,-7570.24,47.52089691,-122.25924683,E,,
964425,2026-07-05T09:21:49,18.45,0.602,F,1858.16,-7569.62,47.52090454,-122.25924683,E,,
965471,2026-07-05T09:21:50,16.33,0.584,F,1858.35,-7569.02,47.52090836,-122.25924683,E,,
966543,2026-07-05T09:21:51,14.86,0.588,F,1858.52,-7568.39,47.52091217,-122.2592392,E,,
967623,2026-07-05T09:21:52,13.11,0.572,F,1858.67,-7567.8,47.5209198,-122.2592392,E,,
968692,2026-07-05T09:21:53,11.11,0.553,F,1858.79,-7567.22,47.52092361,-122.2592392,E,,
969771,2026-07-05T09:21:54,8.82,0.527,F,1858.89,-7566.64,47.52093124,-122.2592392,E,,
970850,2026-07-05T09:21:55,6.63,0.519,F,1858.96,-7566.09,47.52093506,-122.2592392,E,,
971919,2026-07-05T09:21:56,5.72,0.515,F,1859.01,-7565.54,47.52093887,-122.2592392,E,,
972998,2026-07-05T09:21:57,7.44,0.5,F,1859.08,-7565.01,47.52094269,-122.25923157,E,,
974076,2026-07-05T09:21:59,8.14,0.49,F,1859.15,-7564.48,47.52095032,-122.25923157,E,,
975145,2026-07-05T09:22:00,7.78,0.485,F,1859.22,-7563.96,47.52095413,-122.25923157,E,,
976213,2026-07-05T09:22:01,6.54,0.494,F,1859.29,-7563.44,47.52095795,-122.25923157,E,,
977252,2026-07-05T09:22:02,4.78,0.511,F,1859.34,-7562.93,47.52096176,-122.25923157,E,,
978331,2026-07-05T09:22:03,3.96,0.517,F,1859.38,-7562.38,47.52096939,-122.25923157,E,,
979403,2026-07-05T09:22:04,4.94,0.531,F,1859.42,-7561.81,47.52097321,-122.25923157,E,,
980475,2026-07-05T09:22:05,5.62,0.552,F,1859.47,-7561.23,47.52097702,-122.25923157,E,,
981536,2026-07-05T09:22:06,3.79,0.567,F,1859.52,-7560.63,47.52098465,-122.25923157,E,,
982607,2026-07-05T09:22:07,3.4,0.589,F,1859.56,-7560.01,47.52098846,-122.25923157,E,,
983678,2026-07-05T09:22:08,3.38,0.604,F,1859.6,-7559.38,47.52099609,-122.25923157,E,,
984738,2026-07-05T09:22:09,5.1,0.603,F,1859.64,-7558.73,47.52099991,-122.25922394,E,,
985808,2026-07-05T09:22:10,8.78,0.483,F,1859.71,-7558.16,47.52100754,-122.25922394,E,,
986880,2026-07-05T09:22:11,8.82,0.347,F,1859.78,-7557.72,47.52101135,-122.25922394,E,,
987951,2026-07-05T09:22:12,5.14,0.243,F,1859.83,-7557.41,47.52101135,-122.25922394,E,,
989031,2026-07-05T09:22:13,3.5,0.17,F,1859.84,-7557.19,47.52101517,-122.25922394,E,,
990086,2026-07-05T09:22:15,5.09,0.139,F,1859.85,-7557.04,47.52101517,-122.25922394,E,,
991153,2026-07-05T09:22:16,349.81,0,F,1859.85,-7556.92,47.52101517,-122.25922394,E,,
992216,2026-07-05T09:22:17,343.17,0.111,F,1859.84,-7556.88,47.52101898,-122.25922394,E,,
993294,2026-07-05T09:22:18,8.9,0.104,F,1859.83,-7556.76,47.52101898,-122.25922394,E,,
994357,2026-07-05T09:22:19,33.15,0,F,1859.83,-7556.75,47.52101898,-122.25922394,E,,
995428,2026-07-05T09:22:20,39.48,0,F,1859.83,-7556.75,47.52101898,-122.25922394,E,,
996499,2026-07-05T09:22:21,32.74,0,F,1859.83,-7556.75,47.52101898,-122.25922394,E,,
997572,2026-07-05T09:22:22,34.65,0,F,1859.83,-7556.75,47.52101898,-122.25922394,E,,
998652,2026-07-05T09:22:23,19.45,0.213,F,1859.9,-7556.62,47.52101898,-122.25922394,E,,
999721,2026-07-05T09:22:24,22.09,0.292,F,1860,-7556.33,47.5210228,-122.25922394,E,,
1000782,2026-07-05T09:22:25,18.97,0.315,F,1860.11,-7556.03,47.52102661,-122.25922394,E,,
1001852,2026-07-05T09:22:26,14.24,0.363,F,1860.21,-7555.69,47.52102661,-122.25921631,E,,
1002921,2026-07-05T09:22:27,11.11,0.396,F,1860.29,-7555.3,47.52103043,-122.25921631,E,,
1004001,2026-07-05T09:22:28,10.27,0.396,F,1860.37,-7554.88,47.52103424,-122.25921631,E,,
1005081,2026-07-05T09:22:30,10.19,0.395,F,1860.45,-7554.45,47.52103806,-122.25921631,E,,
1006144,2026-07-05T09:22:31,10.36,0.386,F,1860.53,-7554.04,47.52104187,-122.25921631,E,,
1007215,2026-07-05T09:22:32,12.81,0.401,F,1860.61,-7553.62,47.52104568,-122.25921631,E,,
1008249,2026-07-05T09:22:33,11.82,0.353,F,1860.7,-7553.23,47.5210495,-122.25921631,E,,
1009331,2026-07-05T09:22:34,12.04,0.279,F,1860.77,-7552.91,47.52105331,-122.25921631,E,,
1010394,2026-07-05T09:22:35,15.48,0.205,F,1860.83,-7552.66,47.52105331,-122.25920868,E,,
1011468,2026-07-05T09:22:36,16.54,0.144,F,1860.88,-7552.48,47.52105713,-122.25920868,E,,
1012531,2026-07-05T09:22:37,17.3,0.101,F,1860.92,-7552.36,47.52105713,-122.25920868,E,,
1013603,2026-07-05T09:22:38,20.04,0,F,1860.92,-7552.36,47.52105713,-122.25920868,E,,
1014685,2026-07-05T09:22:39,19.24,0,F,1860.92,-7552.36,47.52105713,-122.25920868,E,,
1015756,2026-07-05T09:22:40,16.11,0,F,1860.92,-7552.36,47.52105713,-122.25920868,E,,
1016817,2026-07-05T09:22:41,14.58,0,F,1860.92,-7552.36,47.52105713,-122.25920868,E,,
1017899,2026-07-05T09:22:42,10.93,0,F,1860.92,-7552.36,47.52105713,-122.25920868,E,,
1018974,2026-07-05T09:22:43,10.12,0,F,1860.92,-7552.36,47.52105713,-122.25920868,E,,
1020019,2026-07-05T09:22:44,9.25,0,F,1860.92,-7552.36,47.52105713,-122.25920868,E,,
1021097,2026-07-05T09:22:46,7.2,0,F,1860.92,-7552.36,47.52105713,-122.25920868,E,,
1022167,2026-07-05T09:22:47,2.79,0,F,1860.92,-7552.36,47.52105713,-122.25920868,E,,
1023239,2026-07-05T09:22:48,358.24,0,F,1860.92,-7552.36,47.52105713,-122.25920868,E,,
1024329,2026-07-05T09:22:49,354.05,0,F,1860.92,-7552.36,47.52105713,-122.25920868,E,,
1025400,2026-07-05T09:22:50,354.12,0,F,1860.92,-7552.36,47.52105713,-122.25920868,E,,
1026455,2026-07-05T09:22:51,355.26,0,F,1860.92,-7552.36,47.52105713,-122.25920868,E,,
1027528,2026-07-05T09:22:52,356.86,0,F,1860.92,-7552.36,47.52105713,-122.25920868,E,,
1028591,2026-07-05T09:22:53,357.2,0,F,1860.92,-7552.36,47.52105713,-122.25920868,E,,
1029662,2026-07-05T09:22:54,357.24,0,F,1860.92,-7552.36,47.52105713,-122.25920868,E,,
1030743,2026-07-05T09:22:55,355.8,0,F,1860.92,-7552.36,47.52105713,-122.25920868,E,,
1031823,2026-07-05T09:22:56,358.41,0,F,1860.92,-7552.36,47.52105713,-122.25920868,E,,
1032895,2026-07-05T09:22:57,342.98,0,F,1860.92,-7552.36,47.52105713,-122.25920868,E,,
1033966,2026-07-05T09:22:58,328.05,0,F,1860.92,-7552.36,47.52105713,-122.25920868,E,,
1035048,2026-07-05T09:22:59,320.37,0.156,F,1860.88,-7552.31,47.52105713,-122.25920868,E,,
1036112,2026-07-05T09:23:01,307.04,0.118,F,1860.77,-7552.2,47.52106094,-122.25921631,E,,
1037183,2026-07-05T09:23:02,302.34,0,F,1860.73,-7552.17,47.52106094,-122.25921631,E,,
1038247,2026-07-05T09:23:03,304.72,0,F,1860.73,-7552.17,47.52106094,-122.25921631,E,,
1039350,2026-07-05T09:23:04,315.08,0,F,1860.73,-7552.17,47.52106094,-122.25921631,E,,
1040423,2026-07-05T09:23:05,301.29,0.231,F,1860.6,-7552.09,47.52106094,-122.25921631,E,,
1041514,2026-07-05T09:23:06,287.29,0.281,F,1860.35,-7551.98,47.52106094,-122.25921631,E,,
1042587,2026-07-05T09:23:07,228.45,0.338,F,1860.04,-7552.05,47.52106094,-122.25922394,E,,
1043659,2026-07-05T09:23:08,213.11,0.366,F,1859.81,-7552.35,47.52105713,-122.25922394,E,,
1044732,2026-07-05T09:23:09,218.4,0.375,F,1859.57,-7552.67,47.52105331,-122.25923157,E,,
1045812,2026-07-05T09:23:10,223.01,0.412,F,1859.3,-7552.99,47.52105331,-122.25923157,E,,
1046876,2026-07-05T09:23:11,230.64,0.442,F,1858.97,-7553.29,47.5210495,-122.2592392,E,,
1047955,2026-07-05T09:23:12,231.84,0.449,F,1858.59,-7553.58,47.52104568,-122.2592392,E,,
1049026,2026-07-05T09:23:13,233.82,0.463,F,1858.19,-7553.87,47.52104568,-122.25924683,E,,
1050107,2026-07-05T09:23:15,239.19,0.442,F,1857.78,-7554.16,47.52104187,-122.25925446,E,,
1051183,2026-07-05T09:23:16,251.71,0.439,F,1857.35,-7554.35,47.52103806,-122.25925446,E,,
1052264,2026-07-05T09:23:17,254.43,0.464,F,1856.88,-7554.5,47.52103806,-122.25926208,E,,
1053317,2026-07-05T09:23:18,269.99,0.486,F,1856.38,-7554.57,47.52103806,-122.25926971,E,,
1054389,2026-07-05T09:23:19,278.59,0.435,F,1855.87,-7554.5,47.52103806,-122.25927734,E,,
1055461,2026-07-05T09:23:20,252.36,0.305,F,1855.48,-7554.51,47.52103806,-122.25928497,E,,
1056535,2026-07-05T09:23:21,223.48,0.213,F,1855.26,-7554.67,47.52103806,-122.25928497,E,,
1057597,2026-07-05T09:23:22,203.82,0.161,F,1855.15,-7554.82,47.52103424,-122.25928497,E,,
1058668,2026-07-05T09:23:23,188.09,0.121,F,1855.11,-7554.97,47.52103424,-122.25928497,E,,
1059748,2026-07-05T09:23:24,183.09,0,F,1855.1,-7555.06,47.52103424,-122.25928497,E,,
1060828,2026-07-05T09:23:25,170.08,0,F,1855.1,-7555.06,47.52103424,-122.25928497,E,,
1061900,2026-07-05T09:23:26,163.82,0,F,1855.1,-7555.06,47.52103424,-122.25928497,E,,
1062962,2026-07-05T09:23:27,162.19,0,F,1855.1,-7555.06,47.52103424,-122.25928497,E,,
1064017,2026-07-05T09:23:28,160.7,0,F,1855.1,-7555.06,47.52103424,-122.25928497,E,,
1065098,2026-07-05T09:23:30,159.46,0,F,1855.1,-7555.06,47.52103424,-122.25928497,E,,
1066169,2026-07-05T09:23:31,156.81,0,F,1855.1,-7555.06,47.52103424,-122.25928497,E,,
1067248,2026-07-05T09:23:32,157.38,0,F,1855.1,-7555.06,47.52103424,-122.25928497,E,,
1068311,2026-07-05T09:23:33,141.9,0,F,1855.1,-7555.06,47.52103424,-122.25928497,E,,
1069353,2026-07-05T09:23:34,138.32,0,F,1855.1,-7555.06,47.52103424,-122.25928497,E,,
1070423,2026-07-05T09:23:35,138.5,0,F,1855.1,-7555.06,47.52103424,-122.25928497,E,,
1071494,2026-07-05T09:23:36,142.17,0,F,1855.1,-7555.06,47.52103424,-122.25928497,E,,
1072567,2026-07-05T09:23:37,130.81,0,F,1855.1,-7555.06,47.52103424,-122.25928497,E,,
1073648,2026-07-05T09:23:38,141.35,0,F,1855.1,-7555.06,47.52103424,-122.25928497,E,,
1074719,2026-07-05T09:23:39,150.42,0,F,1855.1,-7555.06,47.52103424,-122.25928497,E,,
1075799,2026-07-05T09:23:40,162.93,0,F,1855.1,-7555.06,47.52103424,-122.25928497,E,,
1076887,2026-07-05T09:23:41,144.78,0,F,1855.1,-7555.06,47.52103424,-122.25928497,E,,
1077965,2026-07-05T09:23:42,134.54,0,F,1855.1,-7555.06,47.52103424,-122.25928497,E,,
1079044,2026-07-05T09:23:43,137.92,0,F,1855.1,-7555.06,47.52103424,-122.25928497,E,,
1080155,2026-07-05T09:23:45,145,0,F,1855.1,-7555.06,47.52103424,-122.25928497,E,,
1081197,2026-07-05T09:23:46,133,0,F,1855.1,-7555.06,47.52103424,-122.25928497,E,,
1082267,2026-07-05T09:23:47,134.96,0,F,1855.1,-7555.06,47.52103424,-122.25928497,E,,
1083336,2026-07-05T09:23:48,136.82,0,F,1855.1,-7555.06,47.52103424,-122.25928497,E,,
1084416,2026-07-05T09:23:49,130.24,0,F,1855.1,-7555.06,47.52103424,-122.25928497,E,,
1085496,2026-07-05T09:23:50,138.29,0,F,1855.1,-7555.06,47.52103424,-122.25928497,E,,
1086577,2026-07-05T09:23:51,141.24,0,F,1855.1,-7555.06,47.52103424,-122.25928497,E,,
1087635,2026-07-05T09:23:52,142.83,0,F,1855.1,-7555.06,47.52103424,-122.25928497,E,,
1088703,2026-07-05T09:23:53,137.55,0,F,1855.1,-7555.06,47.52103424,-122.25928497,E,,
1089781,2026-07-05T09:23:54,128.08,0,F,1855.1,-7555.06,47.52103424,-122.25928497,E,,
1090852,2026-07-05T09:23:55,126.05,0,F,1855.1,-7555.06,47.52103424,-122.25928497,E,,
1091932,2026-07-05T09:23:56,123.66,0,F,1855.1,-7555.06,47.52103424,-122.25928497,E,,
1093012,2026-07-05T09:23:57,115.99,0,F,1855.1,-7555.06,47.52103424,-122.25928497,E,,
1094091,2026-07-05T09:23:59,115.12,0,F,1855.1,-7555.06,47.52103424,-122.25928497,E,,
1095170,2026-07-05T09:24:00,115.69,0,F,1855.1,-7555.06,47.52103424,-122.25928497,E,,
1096239,2026-07-05T09:24:01,111.48,0,F,1855.1,-7555.06,47.52103424,-122.25928497,E,,
1097319,2026-07-05T09:24:02,112.86,0,F,1855.1,-7555.06,47.52103424,-122.25928497,E,,
1098398,2026-07-05T09:24:03,109.16,0,F,1855.1,-7555.06,47.52103424,-122.25928497,E,,
1099428,2026-07-05T09:24:04,113.08,0,F,1855.1,-7555.06,47.52103424,-122.25928497,E,,
1100498,2026-07-05T09:24:05,121,0,F,1855.1,-7555.06,47.52103424,-122.25928497,E,,
1101578,2026-07-05T09:24:06,125.35,0,F,1855.1,-7555.06,47.52103424,-122.25928497,E,,
1102649,2026-07-05T09:24:07,148.87,0,F,1855.1,-7555.06,47.52103424,-122.25928497,E,,
1103712,2026-07-05T09:24:08,172.11,0,F,1855.1,-7555.06,47.52103424,-122.25928497,E,,
1104800,2026-07-05T09:24:09,177.34,0,F,1855.1,-7555.06,47.52103424,-122.25928497,E,,
1105879,2026-07-05T09:24:10,162.19,0,F,1855.1,-7555.06,47.52103424,-122.25928497,E,,
1106967,2026-07-05T09:24:11,148.35,0,F,1855.1,-7555.06,47.52103424,-122.25928497,E,,
1108038,2026-07-05T09:24:12,142.72,0,F,1855.1,-7555.06,47.52103424,-122.25928497,E,,
1109108,2026-07-05T09:24:14,148.36,0,F,1855.1,-7555.06,47.52103424,-122.25928497,E,,
1110196,2026-07-05T09:24:15,147.71,0,F,1855.1,-7555.06,47.52103424,-122.25928497,E,,
1111249,2026-07-05T09:24:16,140.89,0,F,1855.1,-7555.06,47.52103424,-122.25928497,E,,
1112319,2026-07-05T09:24:17,147.26,0,F,1855.1,-7555.06,47.52103424,-122.25928497,E,,
1113393,2026-07-05T09:24:18,153.06,0,F,1855.1,-7555.06,47.52103424,-122.25928497,E,,
1114456,2026-07-05T09:24:19,148.36,0,F,1855.1,-7555.06,47.52103424,-122.25928497,E,,
1115536,2026-07-05T09:24:20,138.13,0,F,1855.1,-7555.06,47.52103424,-122.25928497,E,,
1116606,2026-07-05T09:24:21,133.31,0,F,1855.1,-7555.06,47.52103424,-122.25928497,E,,
1117678,2026-07-05T09:24:22,137.93,0,F,1855.1,-7555.06,47.52103424,-122.25928497,E,,
1118757,2026-07-05T09:24:23,145.7,0,F,1855.1,-7555.06,47.52103424,-122.25928497,E,,
1119835,2026-07-05T09:24:24,146.53,0,F,1855.1,-7555.06,47.52103424,-122.25928497,E,,
1120906,2026-07-05T09:24:25,146.27,0,F,1855.1,-7555.06,47.52103424,-122.25928497,E,,
1121967,2026-07-05T09:24:26,149.58,0,F,1855.1,-7555.06,47.52103424,-122.25928497,E,,
1123037,2026-07-05T09:24:27,149.95,0,F,1855.1,-7555.06,47.52103424,-122.25928497,E,,
1124125,2026-07-05T09:24:29,144.82,0,F,1855.1,-7555.06,47.52103424,-122.25928497,E,,
1125196,2026-07-05T09:24:30,150.26,0,F,1855.1,-7555.06,47.52103424,-122.25928497,E,,
1126275,2026-07-05T09:24:31,156.35,0,F,1855.1,-7555.06,47.52103424,-122.25928497,E,,
1127345,2026-07-05T09:24:32,152.11,0,F,1855.1,-7555.06,47.52103424,-122.25928497,E,,
1128415,2026-07-05T09:24:33,139.68,0,F,1855.1,-7555.06,47.52103424,-122.25928497,E,,
1129507,2026-07-05T09:24:34,145.05,0,F,1855.1,-7555.06,47.52103424,-122.25928497,E,,
1130570,2026-07-05T09:24:35,148.82,0,F,1855.1,-7555.06,47.52103424,-122.25928497,E,,
1131640,2026-07-05T09:24:36,152.99,0,F,1855.1,-7555.06,47.52103424,-122.25928497,E,,
1132701,2026-07-05T09:24:37,139.01,0,F,1855.1,-7555.06,47.52103424,-122.25928497,E,,
1133774,2026-07-05T09:24:38,105.95,0,F,1855.1,-7555.06,47.52103424,-122.25928497,E,,
1134861,2026-07-05T09:24:39,96.36,0,F,1855.1,-7555.06,47.52103424,-122.25928497,E,,
1135941,2026-07-05T09:24:40,124.83,0,F,1855.1,-7555.06,47.52103424,-122.25928497,E,,
1137011,2026-07-05T09:24:41,135.96,0,F,1855.1,-7555.06,47.52103424,-122.25928497,E,,
1138090,2026-07-05T09:24:43,134.86,0,F,1855.1,-7555.06,47.52103424,-122.25928497,E,,
1139169,2026-07-05T09:24:44,99.18,0,F,1855.1,-7555.06,47.52103424,-122.25928497,E,,
1140325,2026-07-05T09:24:45,96.74,0,F,1855.1,-7555.06,47.52103424,-122.25928497,E,,
1141385,2026-07-05T09:24:46,97.32,0,F,1855.1,-7555.06,47.52103424,-122.25928497,E,,
1142457,2026-07-05T09:24:47,105.97,0,F,1855.1,-7555.06,47.52103424,-122.25928497,E,,
1143537,2026-07-05T09:24:48,106.68,0,F,1855.1,-7555.06,47.52103424,-122.25928497,E,,
1144616,2026-07-05T09:24:49,80.98,0,F,1855.1,-7555.06,47.52103424,-122.25928497,E,,
1145685,2026-07-05T09:24:50,59.38,0,F,1855.1,-7555.06,47.52103424,-122.25928497,E,,
1146764,2026-07-05T09:24:51,52.72,0,F,1855.1,-7555.06,47.52103424,-122.25928497,E,,
1147836,2026-07-05T09:24:52,50.71,0,F,1855.1,-7555.06,47.52103424,-122.25928497,E,,
1148913,2026-07-05T09:24:53,61.83,0,F,1855.1,-7555.06,47.52103424,-122.25928497,E,,
1149992,2026-07-05T09:24:54,65.57,0,F,1855.1,-7555.06,47.52103424,-122.25928497,E,,
1151064,2026-07-05T09:24:55,66.06,0,F,1855.1,-7555.06,47.52103424,-122.25928497,E,,
1152143,2026-07-05T09:24:57,51.65,0,F,1855.1,-7555.06,47.52103424,-122.25928497,E,,
1153215,2026-07-05T09:24:58,45.45,0,F,1855.1,-7555.06,47.52103424,-122.25928497,E,,
1154287,2026-07-05T09:24:59,52.24,0,F,1855.1,-7555.06,47.52103424,-122.25928497,E,,
1155362,2026-07-05T09:25:00,63.24,0,F,1855.1,-7555.06,47.52103424,-122.25928497,E,,
1156426,2026-07-05T09:25:01,75.2,0,F,1855.1,-7555.06,47.52103424,-122.25928497,E,,
1157480,2026-07-05T09:25:02,82.37,0,F,1855.1,-7555.06,47.52103424,-122.25928497,E,,
1158550,2026-07-05T09:25:03,98.48,0,F,1855.1,-7555.06,47.52103424,-122.25928497,E,,
1159592,2026-07-05T09:25:04,104.72,0,F,1855.1,-7555.06,47.52103424,-122.25928497,E,,
1160672,2026-07-05T09:25:05,117.95,0,F,1855.1,-7555.06,47.52103424,-122.25928497,E,,
1161735,2026-07-05T09:25:06,101.45,0,F,1855.1,-7555.06,47.52103424,-122.25928497,E,,
1162814,2026-07-05T09:25:07,96.35,0,F,1855.1,-7555.06,47.52103424,-122.25928497,E,,
1163885,2026-07-05T09:25:08,95.73,0,F,1855.1,-7555.06,47.52103424,-122.25928497,E,,
1164965,2026-07-05T09:25:09,72.55,0,F,1855.1,-7555.06,47.52103424,-122.25928497,E,,
1166045,2026-07-05T09:25:10,73.98,0,F,1855.1,-7555.06,47.52103424,-122.25928497,E,,
1167125,2026-07-05T09:25:12,90.61,0,F,1855.1,-7555.06,47.52103424,-122.25928497,E,,
1168195,2026-07-05T09:25:13,99.28,0,F,1855.1,-7555.06,47.52103424,-122.25928497,E,,
1169274,2026-07-05T09:25:14,137.09,0,F,1855.1,-7555.06,47.52103424,-122.25928497,E,,
1170328,2026-07-05T09:25:15,165.02,0,F,1855.1,-7555.06,47.52103424,-122.25928497,E,,
1171390,2026-07-05T09:25:16,166.86,0,F,1855.1,-7555.06,47.52103424,-122.25928497,E,,
1172460,2026-07-05T09:25:17,157.6,0,F,1855.1,-7555.06,47.52103424,-122.25928497,E,,
1173531,2026-07-05T09:25:18,143.99,0,F,1855.1,-7555.06,47.52103424,-122.25928497,E,,
1174613,2026-07-05T09:25:19,119.46,0,F,1855.1,-7555.06,47.52103424,-122.25928497,E,,
1175674,2026-07-05T09:25:20,132.89,0,F,1855.1,-7555.06,47.52103424,-122.25928497,E,,
1176754,2026-07-05T09:25:21,125.03,0,F,1855.1,-7555.06,47.52103424,-122.25928497,E,,
1177833,2026-07-05T09:25:22,131.61,0,F,1855.1,-7555.06,47.52103424,-122.25928497,E,,
1178930,2026-07-05T09:25:23,127.38,0,F,1855.1,-7555.06,47.52103424,-122.25928497,E,,
1180009,2026-07-05T09:25:24,117.23,0,F,1855.1,-7555.06,47.52103424,-122.25928497,E,,
1181079,2026-07-05T09:25:26,105.94,0,F,1855.1,-7555.06,47.52103424,-122.25928497,E,,
1182158,2026-07-05T09:25:27,102.47,0,F,1855.1,-7555.06,47.52103424,-122.25928497,E,,
1183220,2026-07-05T09:25:28,108.21,0,F,1855.1,-7555.06,47.52103424,-122.25928497,E,,
1184273,2026-07-05T09:25:29,113.93,0,F,1855.1,-7555.06,47.52103424,-122.25928497,E,,
1185342,2026-07-05T09:25:30,124.23,0,F,1855.1,-7555.06,47.52103424,-122.25928497,E,,
1186414,2026-07-05T09:25:31,133.66,0,F,1855.1,-7555.06,47.52103424,-122.25928497,E,,
1187494,2026-07-05T09:25:32,138.43,0,F,1855.1,-7555.06,47.52103424,-122.25928497,E,,
1188566,2026-07-05T09:25:33,144.79,0,F,1855.1,-7555.06,47.52103424,-122.25928497,E,,
1189649,2026-07-05T09:25:34,150.09,0,F,1855.1,-7555.06,47.52103424,-122.25928497,E,,
1190728,2026-07-05T09:25:35,146.95,0,F,1855.1,-7555.06,47.52103424,-122.25928497,E,,
1191797,2026-07-05T09:25:36,141.64,0,F,1855.1,-7555.06,47.52103424,-122.25928497,E,,
1192867,2026-07-05T09:25:37,134.98,0,F,1855.1,-7555.06,47.52103424,-122.25928497,E,,
1193946,2026-07-05T09:25:38,110.16,0,F,1855.1,-7555.06,47.52103424,-122.25928497,E,,
1195032,2026-07-05T09:25:39,91.37,0,F,1855.1,-7555.06,47.52103424,-122.25928497,E,,
1196111,2026-07-05T09:25:41,83.42,0,F,1855.1,-7555.06,47.52103424,-122.25928497,E,,
1197183,2026-07-05T09:25:42,57.39,0,F,1855.1,-7555.06,47.52103424,-122.25928497,E,,
1198262,2026-07-05T09:25:43,61.48,0,F,1855.1,-7555.06,47.52103424,-122.25928497,E,,
1199332,2026-07-05T09:25:44,61.11,0.1,F,1855.11,-7555.05,47.52103424,-122.25928497,E,,
1200400,2026-07-05T09:25:45,69.35,0,F,1855.11,-7555.05,47.52103424,-122.25928497,E,,
1201462,2026-07-05T09:25:46,75,0,F,1855.11,-7555.05,47.52103424,-122.25928497,E,,
1202542,2026-07-05T09:25:47,98.93,0,F,1855.11,-7555.05,47.52103424,-122.25928497,E,,
1203621,2026-07-05T09:25:48,99.18,0,F,1855.11,-7555.05,47.52103424,-122.25928497,E,,
1204701,2026-07-05T09:25:49,72.99,0.136,F,1855.14,-7555.04,47.52103424,-122.25928497,E,,
1205780,2026-07-05T09:25:50,57.62,0.203,F,1855.31,-7554.95,47.52103424,-122.25928497,E,,
1206836,2026-07-05T09:25:51,47.95,0.285,F,1855.51,-7554.8,47.52103424,-122.25928497,E,,
1207888,2026-07-05T09:25:52,40.94,0.35,F,1855.75,-7554.55,47.52103806,-122.25927734,E,,
1208966,2026-07-05T09:25:53,32.95,0.404,F,1855.98,-7554.21,47.52104187,-122.25927734,E,,
1210044,2026-07-05T09:25:54,30.95,0.462,F,1856.22,-7553.81,47.52104568,-122.25926971,E,,
1211096,2026-07-05T09:25:56,38.51,0.432,F,1856.49,-7553.41,47.5210495,-122.25926971,E,,
1212175,2026-07-05T09:25:57,40.8,0.302,F,1856.74,-7553.11,47.5210495,-122.25926971,E,,
1213244,2026-07-05T09:25:58,41.53,0.376,F,1856.97,-7552.83,47.52105331,-122.25926208,E,,
1214315,2026-07-05T09:25:59,40.94,0.435,F,1857.25,-7552.51,47.52105713,-122.25926208,E,,
1215394,2026-07-05T09:26:00,43.36,0.462,F,1857.58,-7552.14,47.52106094,-122.25925446,E,,
1216466,2026-07-05T09:26:01,42.97,0.371,F,1857.88,-7551.8,47.52106094,-122.25925446,E,,
1217497,2026-07-05T09:26:02,43.53,0.388,F,1858.13,-7551.52,47.52106476,-122.25924683,E,,
1218560,2026-07-05T09:26:03,44.18,0.445,F,1858.44,-7551.21,47.52106857,-122.25924683,E,,
1219640,2026-07-05T09:26:04,44.78,0.491,F,1858.8,-7550.85,47.52107239,-122.2592392,E,,
1220668,2026-07-05T09:26:05,42.05,0.521,F,1859.15,-7550.47,47.5210762,-122.25923157,E,,
1221747,2026-07-05T09:26:06,39.29,0.515,F,1859.52,-7550.04,47.52108002,-122.25923157,E,,
1222818,2026-07-05T09:26:07,30.63,0.409,F,1859.82,-7549.65,47.52108383,-122.25922394,E,,
1223890,2026-07-05T09:26:08,15.6,0.286,F,1859.96,-7549.31,47.52108383,-122.25922394,E,,
1224961,2026-07-05T09:26:09,7.24,0.2,F,1860.01,-7549.06,47.52108765,-122.25922394,E,,
1226024,2026-07-05T09:26:10,4.79,0.202,F,1860.03,-7548.85,47.52108765,-122.25922394,E,,
1227083,2026-07-05T09:26:12,9.1,0.142,F,1860.05,-7548.67,47.52109146,-122.25922394,E,,
1228163,2026-07-05T09:26:13,5.41,0.118,F,1860.07,-7548.52,47.52109146,-122.25922394,E,,
1229243,2026-07-05T09:26:14,1.98,0,F,1860.07,-7548.47,47.52109146,-122.25922394,E,,
1230322,2026-07-05T09:26:15,4.9,0.204,F,1860.08,-7548.38,47.52109528,-122.25922394,E,,
1231390,2026-07-05T09:26:16,3.8,0.305,F,1860.1,-7548.11,47.52109528,-122.25922394,E,,
1232453,2026-07-05T09:26:17,2.11,0.375,F,1860.12,-7547.75,47.52109909,-122.25922394,E,,
1233505,2026-07-05T09:26:18,0.28,0.425,F,1860.13,-7547.33,47.52110291,-122.25922394,E,,
1234576,2026-07-05T09:26:19,1.21,0.457,F,1860.14,-7546.86,47.52110672,-122.25922394,E,,
1235665,2026-07-05T09:26:20,3.04,0.467,F,1860.15,-7546.35,47.52111053,-122.25922394,E,,
1236716,2026-07-05T09:26:21,6.04,0.49,F,1860.19,-7545.84,47.52111816,-122.25922394,E,,
1237786,2026-07-05T09:26:22,6.87,0.485,F,1860.24,-7545.32,47.52112198,-122.25921631,E,,
1238847,2026-07-05T09:26:23,6.59,0.467,F,1860.3,-7544.8,47.52112579,-122.25921631,E,,
1239926,2026-07-05T09:26:24,4.24,0.364,F,1860.35,-7544.35,47.52112961,-122.25921631,E,,
1240997,2026-07-05T09:26:25,3.51,0.255,F,1860.36,-7544.03,47.52113342,-122.25921631,E,,
1242058,2026-07-05T09:26:26,5.27,0.179,F,1860.39,-7543.8,47.52113342,-122.25921631,E,,
1243145,2026-07-05T09:26:28,4.77,0.125,F,1860.4,-7543.64,47.52113724,-122.25921631,E,,
1244224,2026-07-05T09:26:29,11.43,0,F,1860.41,-7543.57,47.52113724,-122.25921631,E,,
1245294,2026-07-05T09:26:30,20.32,0,F,1860.41,-7543.57,47.52113724,-122.25921631,E,,
1246348,2026-07-05T09:26:31,22.66,0,F,1860.41,-7543.57,47.52113724,-122.25921631,E,,
1247404,2026-07-05T09:26:32,18.94,0,F,1860.41,-7543.57,47.52113724,-122.25921631,E,,
1248484,2026-07-05T09:26:33,15.94,0,F,1860.41,-7543.57,47.52113724,-122.25921631,E,,
1249555,2026-07-05T09:26:34,20.03,0,F,1860.41,-7543.57,47.52113724,-122.25921631,E,,
1250635,2026-07-05T09:26:35,20.21,0,F,1860.41,-7543.57,47.52113724,-122.25921631,E,,
1251662,2026-07-05T09:26:36,20.74,0,F,1860.41,-7543.57,47.52113724,-122.25921631,E,,
1252732,2026-07-05T09:26:37,17.08,0,F,1860.41,-7543.57,47.52113724,-122.25921631,E,,
1253795,2026-07-05T09:26:38,17.58,0,F,1860.41,-7543.57,47.52113724,-122.25921631,E,,
1254874,2026-07-05T09:26:39,16.96,0,F,1860.41,-7543.57,47.52113724,-122.25921631,E,,
1255953,2026-07-05T09:26:40,15.35,0,F,1860.41,-7543.57,47.52113724,-122.25921631,E,,
1257026,2026-07-05T09:26:41,13.08,0,F,1860.41,-7543.57,47.52113724,-122.25921631,E,,
1258097,2026-07-05T09:26:43,13.7,0.209,F,1860.44,-7543.43,47.52113724,-122.25921631,E,,
1259193,2026-07-05T09:26:44,13.97,0.317,F,1860.51,-7543.15,47.52114105,-122.25921631,E,,
1260265,2026-07-05T09:26:45,14.09,0.321,F,1860.6,-7542.83,47.52114487,-122.25921631,E,,
1261341,2026-07-05T09:26:46,11.42,0.354,F,1860.68,-7542.47,47.52114487,-122.25921631,E,,
1262423,2026-07-05T09:26:47,9.59,0.385,F,1860.74,-7542.06,47.52114868,-122.25921631,E,,
1263496,2026-07-05T09:26:48,13.18,0.399,F,1860.83,-7541.64,47.5211525,-122.25920868,E,,
1264567,2026-07-05T09:26:49,15.74,0.4,F,1860.94,-7541.23,47.52115631,-122.25920868,E,,
1265657,2026-07-05T09:26:50,16.94,0.419,F,1861.06,-7540.8,47.52116013,-122.25920868,E,,
1266717,2026-07-05T09:26:51,18.26,0.435,F,1861.2,-7540.38,47.52116394,-122.25920868,E,,
1267788,2026-07-05T09:26:52,21.08,0.435,F,1861.35,-7539.96,47.52116776,-122.25920105,E,,
1268857,2026-07-05T09:26:53,24.42,0.444,F,1861.54,-7539.53,47.52117157,-122.25920105,E,,
1269936,2026-07-05T09:26:54,25.99,0.461,F,1861.74,-7539.11,47.52117538,-122.25920105,E,,
1271007,2026-07-05T09:26:55,29.53,0.464,F,1861.98,-7538.69,47.5211792,-122.25919342,E,,
1272085,2026-07-05T09:26:57,29.45,0.465,F,1862.22,-7538.26,47.52118301,-122.25919342,E,,
1273155,2026-07-05T09:26:58,36.28,0.446,F,1862.48,-7537.85,47.52118683,-122.25919342,E,,
1274235,2026-07-05T09:26:59,42.78,0.462,F,1862.79,-7537.47,47.52119064,-122.25918579,E,,
1275306,2026-07-05T09:27:00,46.14,0.464,F,1863.14,-7537.11,47.52119446,-122.25917816,E,,
1276376,2026-07-05T09:27:01,50.23,0.484,F,1863.53,-7536.77,47.52119827,-122.25917816,E,,
1277437,2026-07-05T09:27:02,51.1,0.48,F,1863.92,-7536.46,47.52120209,-122.25917053,E,,
1278517,2026-07-05T09:27:03,51.14,0.494,F,1864.33,-7536.13,47.52120209,-122.2591629,E,,
1279588,2026-07-05T09:27:04,51.04,0.486,F,1864.75,-7535.81,47.5212059,-122.2591629,E,,
1280658,2026-07-05T09:27:05,50.29,0.489,F,1865.16,-7535.5,47.52120972,-122.25915527,E,,
1281737,2026-07-05T09:27:06,48.54,0.492,F,1865.57,-7535.16,47.52121353,-122.25914764,E,,
1282825,2026-07-05T09:27:07,51.37,0.473,F,1865.96,-7534.81,47.52121735,-122.25914001,E,,
1283894,2026-07-05T09:27:08,51.74,0.452,F,1866.35,-7534.5,47.52121735,-122.25914001,E,,
1284964,2026-07-05T09:27:09,55.68,0.446,F,1866.73,-7534.21,47.52122116,-122.25913239,E,,
1286026,2026-07-05T09:27:10,49.52,0.423,F,1867.1,-7533.92,47.52122498,-122.25912476,E,,
1287096,2026-07-05T09:27:12,54.39,0.445,F,1867.46,-7533.63,47.52122498,-122.25912476,E,,
1288175,2026-07-05T09:27:13,57.98,0.449,F,1867.87,-7533.36,47.52122879,-122.25911713,E,,
1289238,2026-07-05T09:27:14,62.75,0.437,F,1868.28,-7533.14,47.52122879,-122.2591095,E,,
1290325,2026-07-05T09:27:15,82.01,0.436,F,1868.72,-7533,47.5212326,-122.2591095,E,,
1291377,2026-07-05T09:27:16,89.15,0.441,F,1869.17,-7532.99,47.5212326,-122.25910187,E,,
1292430,2026-07-05T09:27:17,88.84,0.441,F,1869.64,-7532.99,47.5212326,-122.25909424,E,,
1293492,2026-07-05T09:27:18,92.68,0.439,F,1870.11,-7532.99,47.5212326,-122.25908661,E,,
1294545,2026-07-05T09:27:19,94.34,0.429,F,1870.56,-7533.03,47.5212326,-122.25907898,E,,
1295617,2026-07-05T09:27:20,98.9,0.461,F,1871.04,-7533.09,47.5212326,-122.25907898,E,,
1296687,2026-07-05T09:27:21,103.85,0.474,F,1871.53,-7533.18,47.52122879,-122.25907135,E,,
1297777,2026-07-05T09:27:22,106.08,0.479,F,1872.03,-7533.32,47.52122879,-122.25906372,E,,
1298838,2026-07-05T09:27:23,97.6,0.479,F,1872.52,-7533.44,47.52122879,-122.25905609,E,,
1299917,2026-07-05T09:27:24,108.53,0.485,F,1873.03,-7533.52,47.52122879,-122.25904846,E,,
1300988,2026-07-05T09:27:25,113.58,0.491,F,1873.51,-7533.72,47.52122498,-122.25904083,E,,
1302067,2026-07-05T09:27:26,111.56,0.483,F,1873.98,-7533.93,47.52122498,-122.2590332,E,,
1303120,2026-07-05T09:27:28,106.34,0.481,F,1874.46,-7534.09,47.52122116,-122.2590332,E,,
1304193,2026-07-05T09:27:29,123.82,0.476,F,1874.93,-7534.31,47.52122116,-122.25902557,E,,
1305264,2026-07-05T09:27:30,129.9,0.473,F,1875.34,-7534.6,47.52121735,-122.25901794,E,,
1306354,2026-07-05T09:27:31,136.11,0.478,F,1875.72,-7534.97,47.52121353,-122.25901031,E,,
1307425,2026-07-05T09:27:32,138.56,0.483,F,1876.07,-7535.34,47.52120972,-122.25901031,E,,
1308498,2026-07-05T09:27:33,135.95,0.489,F,1876.42,-7535.72,47.5212059,-122.25900269,E,,
1309581,2026-07-05T09:27:34,134.22,0.481,F,1876.81,-7536.08,47.5212059,-122.25900269,E,,
1310644,2026-07-05T09:27:35,137.82,0.479,F,1877.16,-7536.45,47.52120209,-122.25899506,E,,
1311706,2026-07-05T09:27:36,147.08,0.487,F,1877.47,-7536.85,47.52119827,-122.25898743,E,,
1312731,2026-07-05T09:27:37,155.32,0.499,F,1877.71,-7537.29,47.52119446,-122.25898743,E,,
1313821,2026-07-05T09:27:38,167.54,0.507,F,1877.87,-7537.82,47.52118683,-122.25898743,E,,
1314893,2026-07-05T09:27:39,170.01,0.495,F,1877.97,-7538.34,47.52118301,-122.2589798,E,,
1315973,2026-07-05T09:27:40,165.61,0.496,F,1878.09,-7538.87,47.5211792,-122.2589798,E,,
1317053,2026-07-05T09:27:41,167.8,0.507,F,1878.22,-7539.4,47.52117538,-122.2589798,E,,
1318123,2026-07-05T09:27:43,179.77,0.505,F,1878.28,-7539.92,47.52116776,-122.2589798,E,,
1319204,2026-07-05T09:27:44,177.32,0.503,F,1878.28,-7540.45,47.52116394,-122.2589798,E,,
1320253,2026-07-05T09:27:45,184.39,0.506,F,1878.28,-7540.97,47.52116013,-122.2589798,E,,
1321321,2026-07-05T09:27:46,190.02,0.515,F,1878.22,-7541.5,47.52115631,-122.2589798,E,,
1322384,2026-07-05T09:27:47,187.28,0.521,F,1878.13,-7542.05,47.52114868,-122.2589798,E,,
1323464,2026-07-05T09:27:48,180.85,0.523,F,1878.08,-7542.63,47.52114487,-122.2589798,E,,
1324528,2026-07-05T09:27:49,197.1,0.509,F,1878,-7543.17,47.52114105,-122.2589798,E,,
1325599,2026-07-05T09:27:50,209.78,0.496,F,1877.79,-7543.66,47.52113724,-122.25898743,E,,
1326662,2026-07-05T09:27:51,221.35,0.477,F,1877.48,-7544.08,47.52113342,-122.25898743,E,,
1327723,2026-07-05T09:27:52,227.83,0.474,F,1877.12,-7544.45,47.52112961,-122.25899506,E,,
1328794,2026-07-05T09:27:53,242.74,0.493,F,1876.7,-7544.73,47.52112579,-122.25900269,E,,
1329884,2026-07-05T09:27:54,236.65,0.45,F,1876.24,-7544.98,47.52112579,-122.25900269,E,,
1330954,2026-07-05T09:27:55,223.51,0.315,F,1875.92,-7545.24,47.52112198,-122.25901031,E,,
1332025,2026-07-05T09:27:56,212.46,0.221,F,1875.75,-7545.46,47.52111816,-122.25901031,E,,
1333115,2026-07-05T09:27:58,207.63,0.154,F,1875.65,-7545.64,47.52111816,-122.25901794,E,,
1334194,2026-07-05T09:27:59,212.38,0.197,F,1875.57,-7545.78,47.52111816,-122.25901794,E,,
1335266,2026-07-05T09:28:00,231.3,0.309,F,1875.4,-7545.98,47.52111435,-122.25901794,E,,
1336338,2026-07-05T09:28:01,243.96,0.377,F,1875.08,-7546.18,47.52111435,-122.25902557,E,,
1337411,2026-07-05T09:28:02,263.12,0.433,F,1874.67,-7546.31,47.52111053,-122.25902557,E,,
1338484,2026-07-05T09:28:03,270.1,0.465,F,1874.19,-7546.35,47.52111053,-122.2590332,E,,
1339554,2026-07-05T09:28:04,270.68,0.486,F,1873.68,-7546.34,47.52111053,-122.25904083,E,,
1340635,2026-07-05T09:28:05,269.44,0.519,F,1873.14,-7546.34,47.52111053,-122.25904846,E,,
1341706,2026-07-05T09:28:06,270.65,0.543,F,1872.57,-7546.34,47.52111053,-122.25905609,E,,
1342724,2026-07-05T09:28:07,282.66,0.569,F,1872,-7546.28,47.52111053,-122.25906372,E,,
1343787,2026-07-05T09:28:08,282.66,0.6,F,1871.4,-7546.13,47.52111435,-122.25907135,E,,
1344858,2026-07-05T09:28:09,288.18,0.621,F,1870.77,-7545.96,47.52111435,-122.25907898,E,,
1345939,2026-07-05T09:28:10,288.29,0.623,F,1870.13,-7545.74,47.52111816,-122.25908661,E,,
1347010,2026-07-05T09:28:11,286.94,0.637,F,1869.49,-7545.53,47.52111816,-122.25909424,E,,
1348090,2026-07-05T09:28:13,285.81,0.635,F,1868.83,-7545.33,47.52112198,-122.25910187,E,,
1349170,2026-07-05T09:28:14,284.52,0.644,F,1868.17,-7545.16,47.52112198,-122.25911713,E,,
1350249,2026-07-05T09:28:15,282.76,0.64,F,1867.5,-7544.99,47.52112579,-122.25912476,E,,
1351319,2026-07-05T09:28:16,282.47,0.648,F,1866.82,-7544.84,47.52112579,-122.25913239,E,,
1352409,2026-07-05T09:28:17,292,0.631,F,1866.16,-7544.63,47.52112579,-122.25914001,E,,
1353480,2026-07-05T09:28:18,289.15,0.622,F,1865.53,-7544.4,47.52112961,-122.25914764,E,,
1354535,2026-07-05T09:28:19,290.41,0.61,F,1864.92,-7544.19,47.52112961,-122.25915527,E,,
1355616,2026-07-05T09:28:20,293.21,0.617,F,1864.31,-7543.94,47.52113342,-122.2591629,E,,
1356688,2026-07-05T09:28:21,291.29,0.602,F,1863.71,-7543.68,47.52113724,-122.25917053,E,,
1357752,2026-07-05T09:28:22,289.55,0.594,F,1863.12,-7543.47,47.52113724,-122.25917816,E,,
1358824,2026-07-05T09:28:23,291.67,0.596,F,1862.52,-7543.26,47.52114105,-122.25918579,E,,
1359906,2026-07-05T09:28:24,295.28,0.585,F,1861.93,-7542.99,47.52114105,-122.25919342,E,,
1360973,2026-07-05T09:28:25,293.74,0.569,F,1861.37,-7542.73,47.52114487,-122.25920105,E,,
1362053,2026-07-05T09:28:26,293.06,0.557,F,1860.8,-7542.51,47.52114487,-122.25920868,E,,
1363134,2026-07-05T09:28:28,294.04,0.568,F,1860.24,-7542.25,47.52114868,-122.25921631,E,,
1364207,2026-07-05T09:28:29,296.08,0.577,F,1859.69,-7541.99,47.5211525,-122.25922394,E,,
1365288,2026-07-05T09:28:30,297.18,0.583,F,1859.13,-7541.7,47.5211525,-122.25923157,E,,
1366360,2026-07-05T09:28:31,294.06,0.586,F,1858.56,-7541.42,47.52115631,-122.2592392,E,,
1367415,2026-07-05T09:28:32,292.88,0.572,F,1858,-7541.18,47.52116013,-122.25924683,E,,
1368496,2026-07-05T09:28:33,300.82,0.587,F,1857.44,-7540.88,47.52116013,-122.25925446,E,,
1369587,2026-07-05T09:28:34,305.01,0.578,F,1856.91,-7540.53,47.52116394,-122.25926208,E,,
1370660,2026-07-05T09:28:35,306.27,0.575,F,1856.41,-7540.16,47.52116776,-122.25926971,E,,
1371740,2026-07-05T09:28:36,304.78,0.571,F,1855.91,-7539.79,47.52117157,-122.25927734,E,,
1372810,2026-07-05T09:28:37,303.23,0.581,F,1855.4,-7539.44,47.52117538,-122.25928497,E,,
1373890,2026-07-05T09:28:38,302.53,0.587,F,1854.87,-7539.12,47.52117538,-122.2592926,E,,
1374962,2026-07-05T09:28:39,302.17,0.593,F,1854.34,-7538.79,47.5211792,-122.25930023,E,,
1376025,2026-07-05T09:28:40,304.37,0.576,F,1853.83,-7538.44,47.52118301,-122.25930786,E,,
1377088,2026-07-05T09:28:42,302.07,0.574,F,1853.31,-7538.11,47.52118683,-122.25931549,E,,
1378169,2026-07-05T09:28:43,305.4,0.59,F,1852.79,-7537.76,47.52119064,-122.25931549,E,,
1379240,2026-07-05T09:28:44,314.87,0.602,F,1852.29,-7537.35,47.52119446,-122.25932312,E,,
1380313,2026-07-05T09:28:45,322.06,0.602,F,1851.87,-7536.86,47.52119827,-122.25933075,E,,
1381356,2026-07-05T09:28:46,322.32,0.586,F,1851.49,-7536.36,47.52120209,-122.25933838,E,,
1382428,2026-07-05T09:28:47,325.48,0.579,F,1851.13,-7535.84,47.5212059,-122.25933838,E,,
1383501,2026-07-05T09:28:48,325.49,0.576,F,1850.77,-7535.32,47.52120972,-122.25934601,E,,
1384573,2026-07-05T09:28:49,326.46,0.552,F,1850.43,-7534.81,47.52121735,-122.25935364,E,,
1385661,2026-07-05T09:28:50,327,0.564,F,1850.1,-7534.29,47.52122116,-122.25935364,E,,
1386731,2026-07-05T09:28:51,329.37,0.565,F,1849.78,-7533.77,47.52122498,-122.25936127,E,,
1387810,2026-07-05T09:28:52,329.76,0.564,F,1849.47,-7533.24,47.52122879,-122.25936127,E,,
1388889,2026-07-05T09:28:53,332.93,0.563,F,1849.17,-7532.72,47.5212326,-122.2593689,E,,
1389959,2026-07-05T09:28:54,334.97,0.554,F,1848.9,-7532.19,47.52124023,-122.2593689,E,,
1391038,2026-07-05T09:28:55,335.4,0.546,F,1848.66,-7531.66,47.52124405,-122.25937653,E,,
1392117,2026-07-05T09:28:57,331.8,0.528,F,1848.4,-7531.13,47.52124786,-122.25937653,E,,
1393197,2026-07-05T09:28:58,315.04,0.406,F,1848.1,-7530.73,47.52125168,-122.25938416,E,,
1394259,2026-07-05T09:28:59,316.15,0.319,F,1847.83,-7530.47,47.52125549,-122.25938416,E,,
1395322,2026-07-05T09:29:00,328.76,0.393,F,1847.6,-7530.16,47.52125549,-122.25938416,E,,
1396394,2026-07-05T09:29:01,326.68,0.362,F,1847.38,-7529.81,47.52125931,-122.25939178,E,,
1397458,2026-07-05T09:29:02,322.5,0.254,F,1847.19,-7529.55,47.52126312,-122.25939178,E,,
1398530,2026-07-05T09:29:03,329.06,0.349,F,1847.02,-7529.28,47.52126694,-122.25939941,E,,
1399594,2026-07-05T09:29:04,335.75,0.426,F,1846.82,-7528.91,47.52126694,-122.25939941,E,,
1400667,2026-07-05T09:29:05,347.38,0.469,F,1846.66,-7528.46,47.52127075,-122.25939941,E,,
1401754,2026-07-05T09:29:06,356.68,0.507,F,1846.59,-7527.94,47.52127838,-122.25939941,E,,
1402781,2026-07-05T09:29:07,0.83,0.522,F,1846.59,-7527.41,47.5212822,-122.25939941,E,,
1403860,2026-07-05T09:29:08,3.71,0.504,F,1846.61,-7526.85,47.52128601,-122.25939941,E,,
1404949,2026-07-05T09:29:09,5.28,0.408,F,1846.65,-7526.35,47.52128983,-122.25939941,E,,
1406027,2026-07-05T09:29:10,7.87,0.427,F,1846.7,-7525.91,47.52129364,-122.25939941,E,,
1407097,2026-07-05T09:29:12,6.6,0.481,F,1846.76,-7525.43,47.52130127,-122.25939941,E,,
1408175,2026-07-05T09:29:13,5,0.515,F,1846.82,-7524.89,47.52130508,-122.25939941,E,,
1409253,2026-07-05T09:29:14,6.89,0.515,F,1846.88,-7524.31,47.5213089,-122.25939941,E,,
1410323,2026-07-05T09:29:15,9.14,0.503,F,1846.95,-7523.79,47.52131271,-122.25939941,E,,
1411399,2026-07-05T09:29:16,11.36,0.542,F,1847.05,-7523.23,47.52132034,-122.25939178,E,,
1412462,2026-07-05T09:29:17,9.97,0.562,F,1847.16,-7522.66,47.52132416,-122.25939178,E,,
1413525,2026-07-05T09:29:18,3.26,0.511,F,1847.24,-7522.09,47.52132797,-122.25939178,E,,
1414596,2026-07-05T09:29:19,355.9,0.377,F,1847.23,-7521.61,47.5213356,-122.25939178,E,,
1415667,2026-07-05T09:29:20,1.56,0.357,F,1847.22,-7521.24,47.5213356,-122.25939178,E,,
1416755,2026-07-05T09:29:21,4.96,0.333,F,1847.24,-7520.85,47.52133942,-122.25939178,E,,
1417833,2026-07-05T09:29:22,4.28,0.357,F,1847.27,-7520.49,47.52134323,-122.25939178,E,,
1418912,2026-07-05T09:29:23,7.25,0.443,F,1847.31,-7520.07,47.52134705,-122.25939178,E,,
1419984,2026-07-05T09:29:24,7.34,0.5,F,1847.38,-7519.57,47.52135086,-122.25939178,E,,
1421063,2026-07-05T09:29:25,2.89,0.53,F,1847.43,-7519.02,47.52135849,-122.25939178,E,,
1422142,2026-07-05T09:29:27,357.1,0.559,F,1847.43,-7518.43,47.5213623,-122.25939178,E,,
1423207,2026-07-05T09:29:28,350.57,0.592,F,1847.36,-7517.81,47.52136993,-122.25939178,E,,
1424277,2026-07-05T09:29:29,349.21,0.615,F,1847.25,-7517.18,47.52137375,-122.25939178,E,,
1425338,2026-07-05T09:29:30,346.45,0.601,F,1847.12,-7516.56,47.52137756,-122.25939178,E,,
1426409,2026-07-05T09:29:31,345.18,0.468,F,1846.98,-7516,47.52138519,-122.25939941,E,,
1427462,2026-07-05T09:29:32,344.13,0.338,F,1846.86,-7515.59,47.52138901,-122.25939941,E,,
1428517,2026-07-05T09:29:33,346.56,0.262,F,1846.79,-7515.3,47.52138901,-122.25939941,E,,
1429588,2026-07-05T09:29:34,342.8,0.346,F,1846.7,-7514.99,47.52139282,-122.25939941,E,,
1430652,2026-07-05T09:29:35,340.88,0.424,F,1846.57,-7514.6,47.52139664,-122.25939941,E,,
1431731,2026-07-05T09:29:36,335.71,0.433,F,1846.4,-7514.17,47.52140045,-122.25940704,E,,
1432818,2026-07-05T09:29:37,332.18,0.444,F,1846.19,-7513.74,47.52140427,-122.25940704,E,,
1433889,2026-07-05T09:29:38,331.8,0.481,F,1845.96,-7513.31,47.52140808,-122.25940704,E,,
1434968,2026-07-05T09:29:39,328.93,0.484,F,1845.7,-7512.84,47.5214119,-122.25941467,E,,
1436047,2026-07-05T09:29:40,324.62,0.499,F,1845.41,-7512.41,47.52141571,-122.25941467,E,,
1437117,2026-07-05T09:29:42,326.14,0.509,F,1845.09,-7511.98,47.52141953,-122.2594223,E,,
1438196,2026-07-05T09:29:43,332.67,0.505,F,1844.81,-7511.5,47.52142334,-122.2594223,E,,
1439276,2026-07-05T09:29:44,331.48,0.49,F,1844.56,-7511.03,47.52143097,-122.25942993,E,,
1440379,2026-07-05T09:29:45,330.43,0.486,F,1844.3,-7510.54,47.52143478,-122.25942993,E,,
1441448,2026-07-05T09:29:46,323.64,0.358,F,1844.05,-7510.16,47.5214386,-122.25943756,E,,
1442519,2026-07-05T09:29:47,318.45,0.251,F,1843.85,-7509.91,47.5214386,-122.25943756,E,,
1443583,2026-07-05T09:29:48,321.06,0.188,F,1843.69,-7509.75,47.52144241,-122.25943756,E,,
1444663,2026-07-05T09:29:49,335.29,0.309,F,1843.56,-7509.51,47.52144241,-122.25944519,E,,
1445743,2026-07-05T09:29:50,333.99,0.377,F,1843.39,-7509.17,47.52144623,-122.25944519,E,,
1446806,2026-07-05T09:29:51,334.78,0.424,F,1843.2,-7508.79,47.52145004,-122.25944519,E,,
1447894,2026-07-05T09:29:52,332.46,0.445,F,1842.99,-7508.36,47.52145386,-122.25945282,E,,
1448972,2026-07-05T09:29:53,336.3,0.491,F,1842.77,-7507.91,47.52145767,-122.25945282,E,,
1450042,2026-07-05T09:29:54,337.95,0.525,F,1842.56,-7507.41,47.52146149,-122.25945282,E,,
1451112,2026-07-05T09:29:56,335.38,0.547,F,1842.33,-7506.89,47.5214653,-122.25946045,E,,
1452200,2026-07-05T09:29:57,338.14,0.59,F,1842.08,-7506.32,47.52147293,-122.25946045,E,,
1453278,2026-07-05T09:29:58,342.44,0.603,F,1841.86,-7505.72,47.52147675,-122.25946808,E,,
1454349,2026-07-05T09:29:59,346.7,0.621,F,1841.69,-7505.09,47.52148438,-122.25946808,E,,
1455429,2026-07-05T09:30:00,347.26,0.622,F,1841.54,-7504.43,47.52148819,-122.25946808,E,,
1456500,2026-07-05T09:30:01,350.3,0.617,F,1841.4,-7503.79,47.52149582,-122.25946808,E,,
1457573,2026-07-05T09:30:02,356.29,0.621,F,1841.31,-7503.12,47.52149963,-122.25946808,E,,
1458653,2026-07-05T09:30:03,4.78,0.612,F,1841.32,-7502.44,47.52150726,-122.25946808,E,,
1459713,2026-07-05T09:30:04,9.37,0.601,F,1841.4,-7501.81,47.52151108,-122.25946808,E,,
1460793,2026-07-05T09:30:05,14.4,0.58,F,1841.53,-7501.19,47.52151871,-122.25946808,E,,
1461864,2026-07-05T09:30:06,20.82,0.575,F,1841.72,-7500.6,47.52152252,-122.25946808,E,,
1462951,2026-07-05T09:30:07,30.49,0.581,F,1841.99,-7500.03,47.52152634,-122.25946045,E,,
1463983,2026-07-05T09:30:08,35.47,0.604,F,1842.32,-7499.53,47.52153397,-122.25946045,E,,
1465045,2026-07-05T09:30:09,36.84,0.616,F,1842.7,-7499.01,47.52153778,-122.25945282,E,,
1466124,2026-07-05T09:30:11,40.46,0.62,F,1843.12,-7498.48,47.5215416,-122.25944519,E,,
1467193,2026-07-05T09:30:12,44.62,0.625,F,1843.57,-7498,47.52154541,-122.25944519,E,,
1468263,2026-07-05T09:30:13,45.92,0.618,F,1844.05,-7497.53,47.52154922,-122.25943756,E,,
1469326,2026-07-05T09:30:14,47.5,0.624,F,1844.53,-7497.06,47.52155304,-122.25942993,E,,
1470389,2026-07-05T09:30:15,49.19,0.609,F,1845.02,-7496.64,47.52155685,-122.2594223,E,,
1471457,2026-07-05T09:30:16,49.71,0.607,F,1845.51,-7496.22,47.52156067,-122.25941467,E,,
1472521,2026-07-05T09:30:17,48.92,0.577,F,1845.98,-7495.81,47.52156448,-122.25940704,E,,
1473582,2026-07-05T09:30:18,46.66,0.546,F,1846.43,-7495.42,47.5215683,-122.25940704,E,,
1474662,2026-07-05T09:30:19,42.48,0.532,F,1846.84,-7495,47.52157211,-122.25939941,E,,
1475741,2026-07-05T09:30:20,44.28,0.562,F,1847.24,-7494.57,47.52157593,-122.25939178,E,,
1476810,2026-07-05T09:30:21,46.25,0.574,F,1847.67,-7494.15,47.52157974,-122.25938416,E,,
1477880,2026-07-05T09:30:22,47.5,0.571,F,1848.12,-7493.73,47.52158356,-122.25938416,E,,
1478966,2026-07-05T09:30:23,47.27,0.559,F,1848.57,-7493.31,47.52158737,-122.25937653,E,,
1480036,2026-07-05T09:30:24,46.84,0.561,F,1849.02,-7492.9,47.52159119,-122.2593689,E,,
1481107,2026-07-05T09:30:26,47.48,0.545,F,1849.44,-7492.49,47.521595,-122.25936127,E,,
1482195,2026-07-05T09:30:27,45.48,0.55,F,1849.87,-7492.08,47.52159882,-122.25936127,E,,
1483266,2026-07-05T09:30:28,56.77,0.546,F,1850.32,-7491.71,47.52160263,-122.25935364,E,,
1484336,2026-07-05T09:30:29,67.17,0.553,F,1850.85,-7491.45,47.52160645,-122.25934601,E,,
1485400,2026-07-05T09:30:30,73.55,0.538,F,1851.4,-7491.26,47.52160645,-122.25933838,E,,
1486453,2026-07-05T09:30:31,74.22,0.52,F,1851.93,-7491.1,47.52160645,-122.25933075,E,,
1487518,2026-07-05T09:30:32,75.43,0.524,F,1852.46,-7490.95,47.52161026,-122.25932312,E,,
1488590,2026-07-05T09:30:33,74.95,0.505,F,1853.01,-7490.81,47.52161026,-122.25931549,E,,
1489631,2026-07-05T09:30:34,74.79,0.517,F,1853.52,-7490.66,47.52161026,-122.25930786,E,,
1490693,2026-07-05T09:30:35,75.29,0.524,F,1854.06,-7490.51,47.52161407,-122.25930023,E,,
1491781,2026-07-05T09:30:36,76.55,0.512,F,1854.61,-7490.38,47.52161407,-122.2592926,E,,
1492850,2026-07-05T09:30:37,86.2,0.498,F,1855.14,-7490.26,47.52161407,-122.25928497,E,,
1493929,2026-07-05T09:30:38,100.76,0.467,F,1855.66,-7490.3,47.52161407,-122.25927734,E,,
1494952,2026-07-05T09:30:39,99.75,0.456,F,1856.11,-7490.39,47.52161407,-122.25927734,E,,
1496013,2026-07-05T09:30:40,98.82,0.48,F,1856.61,-7490.48,47.52161407,-122.25926971,E,,
1497101,2026-07-05T09:30:42,80.83,0.397,F,1857.07,-7490.48,47.52161407,-122.25926208,E,,
1498187,2026-07-05T09:30:43,85.43,0.427,F,1857.51,-7490.44,47.52161407,-122.25925446,E,,
1499266,2026-07-05T09:30:44,80.3,0.458,F,1857.99,-7490.38,47.52161407,-122.25924683,E,,
1500278,2026-07-05T09:30:45,85.55,0.498,F,1858.47,-7490.3,47.52161407,-122.25924683,E,,
1501353,2026-07-05T09:30:46,97.06,0.519,F,1859.02,-7490.33,47.52161407,-122.2592392,E,,
1502414,2026-07-05T09:30:47,119.93,0.534,F,1859.54,-7490.51,47.52161407,-122.25923157,E,,
1503485,2026-07-05T09:30:48,128.98,0.553,F,1860.02,-7490.85,47.52161026,-122.25922394,E,,
1504558,2026-07-05T09:30:49,154.99,0.538,F,1860.41,-7491.28,47.52160645,-122.25921631,E,,
1505641,2026-07-05T09:30:50,167.75,0.546,F,1860.51,-7491.85,47.52160263,-122.25921631,E,,
1506719,2026-07-05T09:30:51,155.62,0.533,F,1860.69,-7492.39,47.521595,-122.25921631,E,,
1507780,2026-07-05T09:30:52,153.43,0.553,F,1860.94,-7492.91,47.52159119,-122.25920868,E,,
1508860,2026-07-05T09:30:53,151.56,0.555,F,1861.23,-7493.44,47.52158737,-122.25920868,E,,
1509912,2026-07-05T09:30:54,149.72,0.574,F,1861.52,-7493.95,47.52158356,-122.25920105,E,,
1510990,2026-07-05T09:30:55,152.1,0.561,F,1861.82,-7494.48,47.52157593,-122.25920105,E,,
1512060,2026-07-05T09:30:56,151.91,0.555,F,1862.1,-7495,47.52157211,-122.25919342,E,,
1513130,2026-07-05T09:30:58,152.39,0.539,F,1862.36,-7495.52,47.5215683,-122.25919342,E,,
1514209,2026-07-05T09:30:59,144.77,0.505,F,1862.66,-7496,47.52156448,-122.25918579,E,,
1515287,2026-07-05T09:31:00,147.19,0.505,F,1862.97,-7496.45,47.52156067,-122.25918579,E,,
1516347,2026-07-05T09:31:01,153.85,0.493,F,1863.22,-7496.91,47.52155685,-122.25917816,E,,
1517418,2026-07-05T09:31:02,149.49,0.474,F,1863.47,-7497.38,47.52155304,-122.25917816,E,,
1518490,2026-07-05T09:31:03,147.55,0.471,F,1863.74,-7497.8,47.52154922,-122.25917053,E,,
1519546,2026-07-05T09:31:04,146.31,0.472,F,1864,-7498.22,47.52154541,-122.25917053,E,,
1520628,2026-07-05T09:31:05,135.93,0.491,F,1864.32,-7498.63,47.5215416,-122.2591629,E,,
1521707,2026-07-05T09:31:06,139.69,0.484,F,1864.68,-7499,47.52153778,-122.2591629,E,,
1522762,2026-07-05T09:31:07,143.02,0.481,F,1865,-7499.41,47.52153397,-122.25915527,E,,
1523832,2026-07-05T09:31:08,148.76,0.468,F,1865.28,-7499.83,47.52153015,-122.25915527,E,,
1524920,2026-07-05T09:31:09,149.22,0.476,F,1865.53,-7500.26,47.52152634,-122.25914764,E,,
1526005,2026-07-05T09:31:10,140.03,0.484,F,1865.83,-7500.68,47.52152252,-122.25914764,E,,
1527085,2026-07-05T09:31:12,153.83,0.487,F,1866.13,-7501.11,47.52151871,-122.25914001,E,,
1528165,2026-07-05T09:31:13,159.42,0.493,F,1866.33,-7501.59,47.52151489,-122.25914001,E,,
1529228,2026-07-05T09:31:14,160.16,0.506,F,1866.49,-7502.1,47.52151108,-122.25914001,E,,
1530287,2026-07-05T09:31:15,154.98,0.495,F,1866.69,-7502.6,47.52150345,-122.25913239,E,,
1531364,2026-07-05T09:31:16,149.73,0.486,F,1866.92,-7503.07,47.52149963,-122.25913239,E,,
1532434,2026-07-05T09:31:17,147.33,0.5,F,1867.21,-7503.52,47.52149582,-122.25912476,E,,
1533505,2026-07-05T09:31:18,151.78,0.512,F,1867.48,-7503.99,47.521492,-122.25912476,E,,
1534577,2026-07-05T09:31:19,161.96,0.484,F,1867.69,-7504.5,47.52148819,-122.25911713,E,,
1535658,2026-07-05T09:31:20,158.98,0.356,F,1867.84,-7504.94,47.52148438,-122.25911713,E,,
1536728,2026-07-05T09:31:21,150.16,0.259,F,1867.97,-7505.23,47.52148056,-122.25911713,E,,
1537807,2026-07-05T09:31:22,133.23,0.181,F,1868.11,-7505.42,47.52148056,-122.25911713,E,,
1538886,2026-07-05T09:31:23,123.23,0.274,F,1868.3,-7505.53,47.52147675,-122.2591095,E,,
1539947,2026-07-05T09:31:24,143.4,0.319,F,1868.52,-7505.77,47.52147675,-122.2591095,E,,
1541008,2026-07-05T09:31:25,160.79,0.336,F,1868.69,-7506.06,47.52147293,-122.2591095,E,,
1542087,2026-07-05T09:31:27,168.66,0.406,F,1868.78,-7506.45,47.52146912,-122.2591095,E,,
1543147,2026-07-05T09:31:28,161.16,0.456,F,1868.9,-7506.9,47.5214653,-122.25910187,E,,
1544226,2026-07-05T09:31:29,158.12,0.498,F,1869.08,-7507.37,47.52146149,-122.25910187,E,,
1545306,2026-07-05T09:31:30,147.59,0.518,F,1869.32,-7507.86,47.52145767,-122.25910187,E,,
1546386,2026-07-05T09:31:31,135.43,0.531,F,1869.68,-7508.3,47.52145386,-122.25909424,E,,
1547457,2026-07-05T09:31:32,144.32,0.531,F,1870.07,-7508.73,47.52145004,-122.25908661,E,,
1548510,2026-07-05T09:31:33,149.2,0.525,F,1870.36,-7509.19,47.52144623,-122.25908661,E,,
1549574,2026-07-05T09:31:34,151.53,0.53,F,1870.63,-7509.68,47.52144241,-122.25907898,E,,
1550649,2026-07-05T09:31:35,143.63,0.54,F,1870.94,-7510.16,47.5214386,-122.25907898,E,,
1551730,2026-07-05T09:31:36,140.77,0.545,F,1871.3,-7510.64,47.52143097,-122.25907135,E,,
1552802,2026-07-05T09:31:37,140.77,0.532,F,1871.67,-7511.1,47.52142715,-122.25906372,E,,
1553864,2026-07-05T09:31:38,140.57,0.533,F,1872.03,-7511.52,47.52142334,-122.25906372,E,,
1554936,2026-07-05T09:31:39,140.19,0.542,F,1872.41,-7511.95,47.52141953,-122.25905609,E,,
1555957,2026-07-05T09:31:40,137.4,0.53,F,1872.76,-7512.35,47.52141571,-122.25905609,E,,
1557011,2026-07-05T09:31:41,136.18,0.534,F,1873.14,-7512.77,47.5214119,-122.25904846,E,,
1558074,2026-07-05T09:31:42,133.45,0.536,F,1873.54,-7513.18,47.52140808,-122.25904083,E,,
1559145,2026-07-05T09:31:44,126.96,0.544,F,1873.98,-7513.56,47.52140808,-122.2590332,E,,
1560208,2026-07-05T09:31:45,124.06,0.553,F,1874.46,-7513.88,47.52140427,-122.2590332,E,,
1561275,2026-07-05T09:31:46,119.41,0.548,F,1874.96,-7514.2,47.52140045,-122.25902557,E,,
1562348,2026-07-05T09:31:47,123.01,0.533,F,1875.46,-7514.48,47.52139664,-122.25901794,E,,
1563411,2026-07-05T09:31:48,116.57,0.516,F,1875.94,-7514.75,47.52139664,-122.25901031,E,,
1564474,2026-07-05T09:31:49,115.45,0.533,F,1876.44,-7515.01,47.52139282,-122.25900269,E,,
1565538,2026-07-05T09:31:50,119.68,0.524,F,1876.94,-7515.27,47.52139282,-122.25899506,E,,
1566603,2026-07-05T09:31:51,114.22,0.517,F,1877.43,-7515.53,47.52138901,-122.25898743,E,,
1567667,2026-07-05T09:31:52,108.81,0.503,F,1877.93,-7515.73,47.52138519,-122.25898743,E,,
1568740,2026-07-05T09:31:53,101.83,0.512,F,1878.46,-7515.86,47.52138519,-122.2589798,E,,
1569810,2026-07-05T09:31:54,102.76,0.488,F,1878.99,-7515.97,47.52138519,-122.25897217,E,,
1570882,2026-07-05T09:31:55,95.53,0.491,F,1879.51,-7516.04,47.52138519,-122.25896454,E,,
1571973,2026-07-05T09:31:56,93.39,0.501,F,1880.05,-7516.09,47.52138519,-122.25895691,E,,
1573044,2026-07-05T09:31:57,90.23,0.502,F,1880.58,-7516.11,47.52138519,-122.25894928,E,,
1574107,2026-07-05T09:31:59,89.01,0.512,F,1881.12,-7516.11,47.52138519,-122.25894165,E,,
1575180,2026-07-05T09:32:00,79.64,0.507,F,1881.67,-7516.05,47.52138519,-122.25893402,E,,
1576251,2026-07-05T09:32:01,76.62,0.515,F,1882.21,-7515.94,47.52138519,-122.25892639,E,,
1577322,2026-07-05T09:32:02,75.83,0.5,F,1882.74,-7515.81,47.52138519,-122.25891876,E,,
1578385,2026-07-05T09:32:03,71.22,0.504,F,1883.24,-7515.66,47.52138901,-122.25891113,E,,
1579467,2026-07-05T09:32:04,66.87,0.501,F,1883.75,-7515.47,47.52138901,-122.2589035,E,,
1580537,2026-07-05T09:32:05,67.81,0.49,F,1884.24,-7515.26,47.52139282,-122.2589035,E,,
1581609,2026-07-05T09:32:06,62.8,0.515,F,1884.72,-7515.02,47.52139282,-122.25889587,E,,
1582681,2026-07-05T09:32:07,62.59,0.532,F,1885.22,-7514.76,47.52139664,-122.25888824,E,,
1583752,2026-07-05T09:32:08,58.21,0.532,F,1885.72,-7514.48,47.52139664,-122.25888062,E,,
1584825,2026-07-05T09:32:09,51.16,0.532,F,1886.19,-7514.16,47.52140045,-122.25887299,E,,
1585886,2026-07-05T09:32:10,48.01,0.532,F,1886.62,-7513.79,47.52140427,-122.25886536,E,,
1586897,2026-07-05T09:32:11,39.21,0.522,F,1886.99,-7513.4,47.52140808,-122.25886536,E,,
1587969,2026-07-05T09:32:12,36.58,0.537,F,1887.32,-7512.94,47.5214119,-122.25885773,E,,
1589049,2026-07-05T09:32:13,41.79,0.525,F,1887.68,-7512.49,47.52141571,-122.25885773,E,,
1590119,2026-07-05T09:32:15,49.98,0.515,F,1888.1,-7512.11,47.52141953,-122.2588501,E,,
1591177,2026-07-05T09:32:16,52.48,0.491,F,1888.51,-7511.76,47.52142334,-122.25884247,E,,
1592238,2026-07-05T09:32:17,53.79,0.506,F,1888.93,-7511.45,47.52142715,-122.25883484,E,,
1593309,2026-07-05T09:32:18,60.73,0.503,F,1889.38,-7511.15,47.52142715,-122.25883484,E,,
1594373,2026-07-05T09:32:19,61.91,0.503,F,1889.85,-7510.89,47.52143097,-122.25882721,E,,
1595445,2026-07-05T09:32:20,64.22,0.483,F,1890.32,-7510.65,47.52143097,-122.25881958,E,,
1596517,2026-07-05T09:32:21,69.22,0.488,F,1890.81,-7510.44,47.52143478,-122.25881195,E,,
1597574,2026-07-05T09:32:22,72.99,0.495,F,1891.29,-7510.27,47.52143478,-122.25880432,E,,
1598655,2026-07-05T09:32:23,73.54,0.484,F,1891.8,-7510.12,47.5214386,-122.25879669,E,,
1599734,2026-07-05T09:32:24,72.35,0.488,F,1892.3,-7509.96,47.5214386,-122.25878906,E,,
1600805,2026-07-05T09:32:25,71.77,0.481,F,1892.8,-7509.81,47.5214386,-122.25878906,E,,
1601886,2026-07-05T09:32:26,69.78,0.476,F,1893.29,-7509.65,47.52144241,-122.25878143,E,,
1602965,2026-07-05T09:32:27,70.04,0.471,F,1893.77,-7509.47,47.52144241,-122.2587738,E,,
1604036,2026-07-05T09:32:28,68.07,0.478,F,1894.25,-7509.27,47.52144623,-122.25876617,E,,
1605118,2026-07-05T09:32:30,67.23,0.484,F,1894.73,-7509.06,47.52144623,-122.25875854,E,,
1606197,2026-07-05T09:32:31,66.58,0.479,F,1895.2,-7508.86,47.52145004,-122.25875092,E,,
1607277,2026-07-05T09:32:32,68.82,0.466,F,1895.66,-7508.65,47.52145004,-122.25875092,E,,
1608357,2026-07-05T09:32:33,65.65,0.456,F,1896.12,-7508.46,47.52145386,-122.25874329,E,,
1609428,2026-07-05T09:32:34,67.57,0.48,F,1896.58,-7508.25,47.52145386,-122.25873566,E,,
1610492,2026-07-05T09:32:35,68.71,0.466,F,1897.05,-7508.08,47.52145386,-122.25872803,E,,
1611574,2026-07-05T09:32:36,69.11,0.464,F,1897.53,-7507.91,47.52145767,-122.2587204,E,,
1612654,2026-07-05T09:32:37,69.71,0.486,F,1898,-7507.74,47.52145767,-122.25871277,E,,
1613726,2026-07-05T09:32:38,71.31,0.49,F,1898.5,-7507.58,47.52146149,-122.25871277,E,,
1614796,2026-07-05T09:32:39,66.62,0.504,F,1899,-7507.4,47.52146149,-122.25870514,E,,
1615876,2026-07-05T09:32:40,67.83,0.491,F,1899.49,-7507.19,47.5214653,-122.25869751,E,,
1616956,2026-07-05T09:32:41,69.11,0.493,F,1899.99,-7506.98,47.5214653,-122.25868988,E,,
1618032,2026-07-05T09:32:42,70.31,0.486,F,1900.48,-7506.81,47.5214653,-122.25868225,E,,
1619095,2026-07-05T09:32:44,66.29,0.492,F,1900.96,-7506.63,47.52146912,-122.25867462,E,,
1620364,2026-07-05T09:32:45,66.01,0.496,F,1901.54,-7506.38,47.52146912,-122.25866699,E,,
1621442,2026-07-05T09:32:46,69.12,0.474,F,1902.03,-7506.17,47.52147293,-122.25865936,E,,
1622515,2026-07-05T09:32:47,66.17,0.461,F,1902.49,-7505.97,47.52147293,-122.25865936,E,,
1623595,2026-07-05T09:32:48,70.86,0.482,F,1902.97,-7505.77,47.52147675,-122.25865173,E,,
1624674,2026-07-05T09:32:49,76.15,0.487,F,1903.46,-7505.62,47.52147675,-122.2586441,E,,
1625736,2026-07-05T09:32:50,77.52,0.482,F,1903.97,-7505.51,47.52148056,-122.25863647,E,,
1626815,2026-07-05T09:32:51,78.41,0.467,F,1904.47,-7505.41,47.52148056,-122.25862885,E,,
1627895,2026-07-05T09:32:52,81.86,0.465,F,1904.96,-7505.31,47.52148056,-122.25862122,E,,
1628964,2026-07-05T09:32:53,90.77,0.455,F,1905.46,-7505.27,47.52148056,-122.25861359,E,,
1630025,2026-07-05T09:32:54,90.38,0.481,F,1905.95,-7505.27,47.52148056,-122.25861359,E,,
1631104,2026-07-05T09:32:56,89.27,0.475,F,1906.47,-7505.27,47.52148056,-122.25860596,E,,
1632175,2026-07-05T09:32:57,90.75,0.472,F,1906.98,-7505.27,47.52148056,-122.25859833,E,,
1633247,2026-07-05T09:32:58,94.91,0.472,F,1907.48,-7505.3,47.52148056,-122.2585907,E,,
1634336,2026-07-05T09:32:59,102.86,0.467,F,1907.99,-7505.37,47.52148056,-122.25858307,E,,
1635405,2026-07-05T09:33:00,106.96,0.477,F,1908.48,-7505.49,47.52148056,-122.25857544,E,,
1636476,2026-07-05T09:33:01,118.1,0.362,F,1908.9,-7505.67,47.52147675,-122.25856781,E,,
1637532,2026-07-05T09:33:02,122.7,0.254,F,1909.17,-7505.84,47.52147675,-122.25856781,E,,
1638604,2026-07-05T09:33:03,115.92,0.178,F,1909.37,-7505.96,47.52147293,-122.25856781,E,,
1639685,2026-07-05T09:33:04,95.42,0.17,F,1909.52,-7506.01,47.52147293,-122.25856018,E,,
1640747,2026-07-05T09:33:05,95.83,0.286,F,1909.78,-7506.03,47.52147293,-122.25856018,E,,
1641816,2026-07-05T09:33:06,88.59,0.349,F,1910.13,-7506.04,47.52147293,-122.25855255,E,,
1642879,2026-07-05T09:33:07,85.25,0.395,F,1910.53,-7506.01,47.52147293,-122.25855255,E,,
1643958,2026-07-05T09:33:08,81.51,0.457,F,1910.98,-7505.96,47.52147293,-122.25854492,E,,
1645037,2026-07-05T09:33:09,83.87,0.489,F,1911.49,-7505.89,47.52147675,-122.25853729,E,,
1646116,2026-07-05T09:33:11,81.26,0.49,F,1912.02,-7505.84,47.52147675,-122.25852966,E,,
1647186,2026-07-05T09:33:12,79.05,0.503,F,1912.54,-7505.73,47.52147675,-122.25852203,E,,
1648226,2026-07-05T09:33:13,78.17,0.526,F,1913.07,-7505.63,47.52147675,-122.2585144,E,,
1649278,2026-07-05T09:33:14,80.89,0.54,F,1913.63,-7505.53,47.52147675,-122.25850677,E,,
1650357,2026-07-05T09:33:15,76.6,0.537,F,1914.2,-7505.42,47.52148056,-122.25849915,E,,
1651409,2026-07-05T09:33:16,80.24,0.537,F,1914.76,-7505.28,47.52148056,-122.25849152,E,,
1652483,2026-07-05T09:33:17,78.03,0.436,F,1915.27,-7505.2,47.52148056,-122.25848389,E,,
1653546,2026-07-05T09:33:18,71.8,0.488,F,1915.74,-7505.06,47.52148438,-122.25848389,E,,
1654616,2026-07-05T09:33:19,68.48,0.522,F,1916.24,-7504.87,47.52148438,-122.25847626,E,,
1655687,2026-07-05T09:33:20,63.57,0.557,F,1916.77,-7504.63,47.52148819,-122.25846863,E,,
1656765,2026-07-05T09:33:21,57.84,0.569,F,1917.3,-7504.33,47.52148819,-122.258461,E,,
1657843,2026-07-05T09:33:22,53.37,0.586,F,1917.81,-7503.98,47.521492,-122.25845337,E,,
1658913,2026-07-05T09:33:23,52.85,0.591,F,1918.31,-7503.61,47.52149582,-122.25844574,E,,
1659982,2026-07-05T09:33:24,60.8,0.49,F,1918.81,-7503.28,47.52149963,-122.25843811,E,,
1661043,2026-07-05T09:33:25,59,0.364,F,1919.2,-7503.06,47.52149963,-122.25843048,E,,
1662114,2026-07-05T09:33:27,57.79,0.397,F,1919.55,-7502.86,47.52150345,-122.25843048,E,,
1663186,2026-07-05T09:33:28,59.72,0.438,F,1919.93,-7502.64,47.52150345,-122.25842285,E,,
1664257,2026-07-05T09:33:29,57.4,0.466,F,1920.35,-7502.38,47.52150726,-122.25841522,E,,
1665326,2026-07-05T09:33:30,58.47,0.496,F,1920.79,-7502.12,47.52151108,-122.25841522,E,,
1666397,2026-07-05T09:33:31,54.88,0.518,F,1921.24,-7501.82,47.52151108,-122.25840759,E,,
1667459,2026-07-05T09:33:32,53.94,0.556,F,1921.7,-7501.49,47.52151489,-122.25839996,E,,
1668530,2026-07-05T09:33:33,55.4,0.571,F,1922.19,-7501.14,47.52151871,-122.25839233,E,,
1669592,2026-07-05T09:33:34,57.37,0.582,F,1922.7,-7500.79,47.52152252,-122.2583847,E,,
1670681,2026-07-05T09:33:35,57.66,0.577,F,1923.23,-7500.47,47.52152252,-122.25837708,E,,
1671759,2026-07-05T09:33:36,58.28,0.584,F,1923.75,-7500.15,47.52152634,-122.25837708,E,,
1672846,2026-07-05T09:33:37,61.37,0.594,F,1924.31,-7499.82,47.52153015,-122.25836945,E,,
1673935,2026-07-05T09:33:38,62.36,0.594,F,1924.88,-7499.51,47.52153397,-122.25836182,E,,
1675014,2026-07-05T09:33:39,64.4,0.584,F,1925.45,-7499.23,47.52153397,-122.25835419,E,,
1676093,2026-07-05T09:33:41,64.85,0.567,F,1926.01,-7498.97,47.52153778,-122.25834656,E,,
1677162,2026-07-05T09:33:42,63.69,0.557,F,1926.56,-7498.71,47.5215416,-122.25833893,E,,
1678240,2026-07-05T09:33:43,60.74,0.569,F,1927.1,-7498.44,47.5215416,-122.2583313,E,,
1679344,2026-07-05T09:33:44,57.94,0.574,F,1927.64,-7498.11,47.52154541,-122.25832367,E,,
1680416,2026-07-05T09:33:45,59.23,0.581,F,1928.17,-7497.8,47.52154922,-122.25831604,E,,
1681478,2026-07-05T09:33:46,60.05,0.57,F,1928.69,-7497.48,47.52154922,-122.25830841,E,,
1682549,2026-07-05T09:33:47,67.16,0.464,F,1929.2,-7497.23,47.52155304,-122.25830078,E,,
1683629,2026-07-05T09:33:48,81.97,0.324,F,1929.6,-7497.12,47.52155304,-122.25829315,E,,
1684708,2026-07-05T09:33:49,89.87,0.226,F,1929.9,-7497.1,47.52155304,-122.25829315,E,,
1685787,2026-07-05T09:33:50,93.19,0.158,F,1930.1,-7497.1,47.52155304,-122.25828552,E,,
1686875,2026-07-05T09:33:51,84.8,0.11,F,1930.24,-7497.1,47.52155304,-122.25828552,E,,
1687945,2026-07-05T09:33:52,74.27,0,F,1930.27,-7497.1,47.52155304,-122.25828552,E,,
1689015,2026-07-05T09:33:53,56.05,0,F,1930.27,-7497.1,47.52155304,-122.25828552,E,,
1690079,2026-07-05T09:33:55,50.9,0.202,F,1930.35,-7497.03,47.52155304,-122.25828552,E,,
1691140,2026-07-05T09:33:56,43.37,0.284,F,1930.54,-7496.86,47.52155685,-122.25828552,E,,
1692219,2026-07-05T09:33:57,38.71,0.358,F,1930.76,-7496.59,47.52156067,-122.25827789,E,,
1693280,2026-07-05T09:33:58,31.07,0.413,F,1930.99,-7496.25,47.52156067,-122.25827789,E,,
1694316,2026-07-05T09:33:59,28.08,0.455,F,1931.21,-7495.86,47.52156448,-122.25827789,E,,
1695379,2026-07-05T09:34:00,32.68,0.491,F,1931.45,-7495.43,47.5215683,-122.25827026,E,,
1696451,2026-07-05T09:34:01,43.67,0.516,F,1931.78,-7495.01,47.52157211,-122.25827026,E,,
1697530,2026-07-05T09:34:02,54.69,0.529,F,1932.21,-7494.64,47.52157593,-122.25826263,E,,
1698601,2026-07-05T09:34:03,62.69,0.561,F,1932.71,-7494.34,47.52157974,-122.258255,E,,
1699672,2026-07-05T09:34:04,65.74,0.563,F,1933.25,-7494.08,47.52157974,-122.25824738,E,,
1700733,2026-07-05T09:34:05,66.72,0.585,F,1933.81,-7493.83,47.52158356,-122.25823975,E,,
1701812,2026-07-05T09:34:06,66.52,0.588,F,1934.39,-7493.57,47.52158737,-122.25823212,E,,
1702891,2026-07-05T09:34:07,67.28,0.601,F,1934.98,-7493.31,47.52158737,-122.25822449,E,,
1703978,2026-07-05T09:34:08,67.74,0.599,F,1935.58,-7493.05,47.52159119,-122.25821686,E,,
1705057,2026-07-05T09:34:09,66.11,0.598,F,1936.18,-7492.79,47.52159119,-122.25820923,E,,
1706120,2026-07-05T09:34:11,65.74,0.62,F,1936.77,-7492.53,47.521595,-122.2582016,E,,
1707191,2026-07-05T09:34:12,64.25,0.623,F,1937.38,-7492.23,47.52159882,-122.25819397,E,,
1708262,2026-07-05T09:34:13,63.03,0.616,F,1937.97,-7491.95,47.52159882,-122.25818634,E,,
1709302,2026-07-05T09:34:14,61.21,0.607,F,1938.53,-7491.65,47.52160263,-122.25817871,E,,
1710381,2026-07-05T09:34:15,59.56,0.605,F,1939.1,-7491.33,47.52160645,-122.25817108,E,,
1711467,2026-07-05T09:34:16,59.77,0.621,F,1939.68,-7490.99,47.52161026,-122.25816345,E,,
1712540,2026-07-05T09:34:17,57.85,0.607,F,1940.23,-7490.66,47.52161026,-122.25815582,E,,
1713610,2026-07-05T09:34:18,58.78,0.626,F,1940.79,-7490.3,47.52161407,-122.25814819,E,,
1714681,2026-07-05T09:34:19,59.51,0.629,F,1941.37,-7489.94,47.52161789,-122.25814056,E,,
1715742,2026-07-05T09:34:20,63.19,0.621,F,1941.95,-7489.61,47.5216217,-122.25813293,E,,
1716820,2026-07-05T09:34:21,63.16,0.607,F,1942.53,-7489.33,47.52162552,-122.25812531,E,,
1717900,2026-07-05T09:34:22,67.13,0.614,F,1943.13,-7489.05,47.52162552,-122.25811768,E,,
1718996,2026-07-05T09:34:23,65.78,0.595,F,1943.74,-7488.79,47.52162933,-122.25811005,E,,
1720066,2026-07-05T09:34:24,62.82,0.584,F,1944.32,-7488.52,47.52163315,-122.25810242,E,,
1721136,2026-07-05T09:34:26,57.83,0.59,F,1944.86,-7488.21,47.52163315,-122.25809479,E,,
1722224,2026-07-05T09:34:27,57.98,0.59,F,1945.41,-7487.88,47.52163696,-122.25808716,E,,
1723293,2026-07-05T09:34:28,57.85,0.572,F,1945.94,-7487.56,47.52164078,-122.25807953,E,,
1724354,2026-07-05T09:34:29,58.69,0.58,F,1946.46,-7487.24,47.52164459,-122.2580719,E,,
1725414,2026-07-05T09:34:30,67.2,0.589,F,1947.01,-7486.96,47.52164459,-122.25806427,E,,
1726485,2026-07-05T09:34:31,65.91,0.564,F,1947.57,-7486.71,47.52164841,-122.25805664,E,,
1727550,2026-07-05T09:34:32,89.05,0.557,F,1948.14,-7486.57,47.52164841,-122.25804901,E,,
1728621,2026-07-05T09:34:33,101.22,0.55,F,1948.73,-7486.64,47.52164841,-122.25804138,E,,
1729701,2026-07-05T09:34:34,103.82,0.554,F,1949.31,-7486.79,47.52164841,-122.25803375,E,,
1730765,2026-07-05T09:34:35,99.81,0.558,F,1949.9,-7486.9,47.52164459,-122.25802612,E,,
1731826,2026-07-05T09:34:36,100.79,0.562,F,1950.48,-7487.01,47.52164459,-122.25801849,E,,
1732906,2026-07-05T09:34:37,105.67,0.543,F,1951.06,-7487.16,47.52164459,-122.25801086,E,,
1733985,2026-07-05T09:34:38,105.8,0.559,F,1951.63,-7487.32,47.52164078,-122.25800323,E,,
1735064,2026-07-05T09:34:39,103.68,0.571,F,1952.22,-7487.47,47.52164078,-122.25799561,E,,
1736136,2026-07-05T09:34:41,94.58,0.569,F,1952.82,-7487.58,47.52164078,-122.25798798,E,,
1737215,2026-07-05T09:34:42,97.41,0.576,F,1953.44,-7487.63,47.52164078,-122.25798035,E,,
1738275,2026-07-05T09:34:43,102.71,0.575,F,1954.04,-7487.74,47.52163696,-122.25797272,E,,
1739298,2026-07-05T09:34:44,97.71,0.579,F,1954.63,-7487.85,47.52163696,-122.25796509,E,,
1740392,2026-07-05T09:34:45,89.76,0.581,F,1955.27,-7487.88,47.52163696,-122.25795746,E,,
1741450,2026-07-05T09:34:46,91.72,0.567,F,1955.88,-7487.89,47.52163696,-122.2579422,E,,
1742531,2026-07-05T09:34:47,94.06,0.565,F,1956.5,-7487.9,47.52163696,-122.25793457,E,,
1743611,2026-07-05T09:34:48,99.25,0.575,F,1957.1,-7487.96,47.52163696,-122.25792694,E,,
1744682,2026-07-05T09:34:49,105.93,0.603,F,1957.72,-7488.1,47.52163315,-122.25791931,E,,
1745746,2026-07-05T09:34:50,108.01,0.604,F,1958.33,-7488.3,47.52163315,-122.25791168,E,,
1746824,2026-07-05T09:34:51,108.52,0.592,F,1958.94,-7488.5,47.52163315,-122.25790405,E,,
1747894,2026-07-05T09:34:52,104.81,0.585,F,1959.54,-7488.67,47.52162933,-122.25789642,E,,
1748972,2026-07-05T09:34:53,105.65,0.587,F,1960.16,-7488.83,47.52162933,-122.25788879,E,,
1750051,2026-07-05T09:34:54,105.1,0.579,F,1960.77,-7489,47.52162552,-122.25788116,E,,
1751129,2026-07-05T09:34:56,105.36,0.573,F,1961.37,-7489.15,47.52162552,-122.25787354,E,,
1752217,2026-07-05T09:34:57,104.66,0.568,F,1961.97,-7489.31,47.52162552,-122.25786591,E,,
1753278,2026-07-05T09:34:58,102.75,0.559,F,1962.55,-7489.47,47.5216217,-122.25785828,E,,
1754339,2026-07-05T09:34:59,102.98,0.562,F,1963.14,-7489.61,47.5216217,-122.25785065,E,,
1755402,2026-07-05T09:35:00,99.84,0.576,F,1963.73,-7489.72,47.5216217,-122.25784302,E,,
1756483,2026-07-05T09:35:01,98.52,0.564,F,1964.33,-7489.83,47.52161789,-122.25783539,E,,
1757553,2026-07-05T09:35:02,94.96,0.556,F,1964.92,-7489.9,47.52161789,-122.25782776,E,,
1758623,2026-07-05T09:35:03,98.84,0.548,F,1965.51,-7489.96,47.52161789,-122.25782013,E,,
1759694,2026-07-05T09:35:04,102.17,0.544,F,1966.09,-7490.07,47.52161789,-122.2578125,E,,
1760782,2026-07-05T09:35:05,101.21,0.548,F,1966.67,-7490.18,47.52161789,-122.25780487,E,,
1761835,2026-07-05T09:35:06,100.67,0.545,F,1967.24,-7490.29,47.52161407,-122.25779724,E,,
1762896,2026-07-05T09:35:07,98.33,0.552,F,1967.82,-7490.39,47.52161407,-122.25778961,E,,
1763974,2026-07-05T09:35:08,96.4,0.566,F,1968.42,-7490.48,47.52161407,-122.25778198,E,,
1765054,2026-07-05T09:35:09,94.02,0.556,F,1969.01,-7490.56,47.52161407,-122.25777435,E,,
1766150,2026-07-05T09:35:11,94.05,0.576,F,1969.63,-7490.58,47.52161407,-122.25775909,E,,
1767221,2026-07-05T09:35:12,97.54,0.593,F,1970.26,-7490.66,47.52161026,-122.25775146,E,,
1768264,2026-07-05T09:35:13,95.87,0.6,F,1970.88,-7490.72,47.52161026,-122.25774384,E,,
1769335,2026-07-05T09:35:14,99.49,0.61,F,1971.52,-7490.8,47.52161026,-122.25773621,E,,
1770427,2026-07-05T09:35:15,97.7,0.602,F,1972.18,-7490.9,47.52161026,-122.25772858,E,,
1771526,2026-07-05T09:35:16,94.14,0.608,F,1972.84,-7490.99,47.52161026,-122.25772095,E,,
1772590,2026-07-05T09:35:17,94.55,0.618,F,1973.48,-7491.04,47.52161026,-122.25771332,E,,
1773670,2026-07-05T09:35:18,93.63,0.613,F,1974.14,-7491.09,47.52160645,-122.25770569,E,,
1774740,2026-07-05T09:35:19,93.7,0.599,F,1974.79,-7491.14,47.52160645,-122.25769043,E,,
1775812,2026-07-05T09:35:20,90.01,0.599,F,1975.43,-7491.17,47.52160645,-122.2576828,E,,
1776891,2026-07-05T09:35:21,93.47,0.578,F,1976.07,-7491.17,47.52160645,-122.25767517,E,,
1777970,2026-07-05T09:35:22,93.05,0.563,F,1976.69,-7491.22,47.52160645,-122.25766754,E,,
1779050,2026-07-05T09:35:23,91.9,0.583,F,1977.3,-7491.23,47.52160645,-122.25765991,E,,
1780102,2026-07-05T09:35:25,92.45,0.593,F,1977.92,-7491.24,47.52160645,-122.25765228,E,,
1781191,2026-07-05T09:35:26,90.02,0.593,F,1978.56,-7491.24,47.52160645,-122.25764465,E,,
1782272,2026-07-05T09:35:27,88.73,0.602,F,1979.21,-7491.24,47.52160645,-122.25763702,E,,
1783324,2026-07-05T09:35:28,87.5,0.594,F,1979.85,-7491.23,47.52160645,-122.25762939,E,,
1784403,2026-07-05T09:35:29,85.06,0.584,F,1980.48,-7491.18,47.52160645,-122.25762177,E,,
1785466,2026-07-05T09:35:30,80.66,0.591,F,1981.1,-7491.09,47.52160645,-122.25760651,E,,
1786531,2026-07-05T09:35:31,82.27,0.595,F,1981.72,-7490.99,47.52161026,-122.25759888,E,,
1787594,2026-07-05T09:35:32,83.46,0.609,F,1982.35,-7490.9,47.52161026,-122.25759125,E,,
1788673,2026-07-05T09:35:33,84.68,0.606,F,1983,-7490.81,47.52161026,-122.25758362,E,,
1789752,2026-07-05T09:35:34,81.62,0.592,F,1983.65,-7490.73,47.52161026,-122.25757599,E,,
1790822,2026-07-05T09:35:35,79.82,0.595,F,1984.27,-7490.63,47.52161407,-122.25756836,E,,
1791891,2026-07-05T09:35:36,79.44,0.597,F,1984.9,-7490.52,47.52161407,-122.25756073,E,,
1792961,2026-07-05T09:35:37,81.56,0.587,F,1985.53,-7490.41,47.52161407,-122.2575531,E,,
1794022,2026-07-05T09:35:38,79.98,0.573,F,1986.13,-7490.31,47.52161407,-122.25754547,E,,
1795082,2026-07-05T09:35:40,80.02,0.584,F,1986.74,-7490.21,47.52161789,-122.25753784,E,,
1796152,2026-07-05T09:35:41,77.93,0.589,F,1987.35,-7490.1,47.52161789,-122.25753021,E,,
1797216,2026-07-05T09:35:42,76.63,0.583,F,1987.96,-7489.96,47.52161789,-122.25751495,E,,
1798294,2026-07-05T09:35:43,75.12,0.577,F,1988.57,-7489.81,47.52161789,-122.25750732,E,,
1799359,2026-07-05T09:35:44,73.11,0.575,F,1989.16,-7489.65,47.5216217,-122.25749969,E,,
1800397,2026-07-05T09:35:45,72.27,0.576,F,1989.74,-7489.46,47.5216217,-122.25749207,E,,
1801465,2026-07-05T09:35:46,73.08,0.584,F,1990.33,-7489.26,47.52162552,-122.25748444,E,,
1802527,2026-07-05T09:35:47,73.2,0.571,F,1990.92,-7489.09,47.52162552,-122.25747681,E,,
1803588,2026-07-05T09:35:48,73.79,0.561,F,1991.49,-7488.92,47.52162933,-122.25746918,E,,
1804659,2026-07-05T09:35:49,69.92,0.564,F,1992.06,-7488.74,47.52162933,-122.25746155,E,,
1805747,2026-07-05T09:35:50,70.15,0.583,F,1992.65,-7488.53,47.52162933,-122.25745392,E,,
1806816,2026-07-05T09:35:51,67.1,0.599,F,1993.24,-7488.3,47.52163315,-122.25744629,E,,
1807886,2026-07-05T09:35:52,65.26,0.6,F,1993.82,-7488.04,47.52163696,-122.25743866,E,,
1808966,2026-07-05T09:35:53,63.19,0.6,F,1994.4,-7487.77,47.52163696,-122.25743103,E,,
1810036,2026-07-05T09:35:54,63.7,0.589,F,1994.97,-7487.48,47.52164078,-122.2574234,E,,
1811106,2026-07-05T09:35:56,65.9,0.592,F,1995.55,-7487.21,47.52164459,-122.25741577,E,,
1812163,2026-07-05T09:35:57,66.67,0.566,F,1996.11,-7486.96,47.52164459,-122.25740814,E,,
1813225,2026-07-05T09:35:58,69.59,0.556,F,1996.67,-7486.74,47.52164841,-122.25740051,E,,
1814298,2026-07-05T09:35:59,67.97,0.558,F,1997.23,-7486.53,47.52164841,-122.25739288,E,,
1815361,2026-07-05T09:36:00,68.61,0.551,F,1997.78,-7486.32,47.52165222,-122.25738525,E,,
1816431,2026-07-05T09:36:01,67.66,0.528,F,1998.32,-7486.11,47.52165222,-122.25737762,E,,
1817494,2026-07-05T09:36:02,69.27,0.541,F,1998.84,-7485.9,47.52165604,-122.25737,E,,
1818559,2026-07-05T09:36:03,71.74,0.561,F,1999.39,-7485.69,47.52165604,-122.25736237,E,,
1819631,2026-07-05T09:36:04,73.26,0.555,F,1999.96,-7485.51,47.52165985,-122.25736237,E,,
1820705,2026-07-05T09:36:05,73.66,0.55,F,2000.52,-7485.35,47.52165985,-122.25735474,E,,
1821776,2026-07-05T09:36:06,75.78,0.545,F,2001.08,-7485.19,47.52165985,-122.25734711,E,,
1822847,2026-07-05T09:36:07,74.42,0.551,F,2001.65,-7485.04,47.52166367,-122.25733948,E,,
1823937,2026-07-05T09:36:08,69.37,0.553,F,2002.23,-7484.85,47.52166367,-122.25733185,E,,
1824998,2026-07-05T09:36:09,72.65,0.578,F,2002.8,-7484.67,47.52166748,-122.25732422,E,,
1826060,2026-07-05T09:36:10,69.78,0.586,F,2003.39,-7484.46,47.52166748,-122.25731659,E,,
1827132,2026-07-05T09:36:12,65.81,0.602,F,2003.97,-7484.22,47.5216713,-122.25730896,E,,
1828212,2026-07-05T09:36:13,63.12,0.601,F,2004.55,-7483.95,47.5216713,-122.2572937,E,,
1829293,2026-07-05T09:36:14,66.27,0.611,F,2005.15,-7483.67,47.52167511,-122.25728607,E,,
1830348,2026-07-05T09:36:15,63.85,0.599,F,2005.72,-7483.39,47.52167892,-122.25727844,E,,
1831381,2026-07-05T09:36:16,61.42,0.596,F,2006.27,-7483.1,47.52167892,-122.25727081,E,,
1832463,2026-07-05T09:36:17,60.27,0.583,F,2006.83,-7482.78,47.52168274,-122.25727081,E,,
1833544,2026-07-05T09:36:18,55.9,0.567,F,2007.37,-7482.47,47.52168655,-122.25726318,E,,
1834624,2026-07-05T09:36:19,57.41,0.577,F,2007.88,-7482.12,47.52169037,-122.25725555,E,,
1835688,2026-07-05T09:36:20,60.2,0.585,F,2008.41,-7481.8,47.52169037,-122.25724792,E,,
1836752,2026-07-05T09:36:21,60.92,0.571,F,2008.95,-7481.51,47.52169418,-122.2572403,E,,
1837817,2026-07-05T09:36:22,63.23,0.497,F,2009.46,-7481.23,47.521698,-122.25723267,E,,
1838898,2026-07-05T09:36:23,63.88,0.386,F,2009.89,-7481.04,47.521698,-122.25722504,E,,
1839978,2026-07-05T09:36:24,62.27,0.419,F,2010.28,-7480.83,47.52170181,-122.25721741,E,,
1841040,2026-07-05T09:36:25,60.37,0.465,F,2010.7,-7480.61,47.52170181,-122.25721741,E,,
1842104,2026-07-05T09:36:27,58.35,0.497,F,2011.14,-7480.35,47.52170563,-122.25720978,E,,
1843185,2026-07-05T09:36:28,57.44,0.547,F,2011.61,-7480.04,47.52170563,-122.25720215,E,,
1844256,2026-07-05T09:36:29,54.87,0.584,F,2012.12,-7479.7,47.52170944,-122.25719452,E,,
1845327,2026-07-05T09:36:30,51.32,0.579,F,2012.61,-7479.33,47.52171326,-122.25718689,E,,
1846408,2026-07-05T09:36:31,46.57,0.573,F,2013.08,-7478.92,47.52171707,-122.25718689,E,,
1847481,2026-07-05T09:36:32,44.74,0.569,F,2013.53,-7478.5,47.52172089,-122.25717926,E,,
1848552,2026-07-05T09:36:33,38.73,0.56,F,2013.93,-7478.06,47.5217247,-122.25717163,E,,
1849632,2026-07-05T09:36:34,33.6,0.562,F,2014.28,-7477.58,47.52172852,-122.25717163,E,,
1850703,2026-07-05T09:36:35,31.53,0.564,F,2014.6,-7477.06,47.52173233,-122.257164,E,,
1851785,2026-07-05T09:36:36,29.99,0.554,F,2014.9,-7476.54,47.52173996,-122.25715637,E,,
1852865,2026-07-05T09:36:37,31.31,0.548,F,2015.2,-7476.03,47.52174377,-122.25715637,E,,
1853938,2026-07-05T09:36:38,29.27,0.546,F,2015.5,-7475.53,47.52174759,-122.25714874,E,,
1855018,2026-07-05T09:36:39,27.44,0.542,F,2015.78,-7475.01,47.5217514,-122.25714874,E,,
1856098,2026-07-05T09:36:41,25.08,0.538,F,2016.03,-7474.48,47.52175903,-122.25714111,E,,
1857187,2026-07-05T09:36:42,22.69,0.534,F,2016.27,-7473.95,47.52176285,-122.25714111,E,,
1858266,2026-07-05T09:36:43,20.24,0.508,F,2016.49,-7473.42,47.52176666,-122.25714111,E,,
1859337,2026-07-05T09:36:44,18.47,0.466,F,2016.65,-7472.93,47.52177048,-122.25713348,E,,
1860408,2026-07-05T09:36:45,18.46,0.486,F,2016.81,-7472.46,47.52177429,-122.25713348,E,,
1861494,2026-07-05T09:36:46,20.87,0.488,F,2016.99,-7471.97,47.52177811,-122.25713348,E,,
1862548,2026-07-05T09:36:47,21.62,0.485,F,2017.18,-7471.5,47.52178574,-122.25712585,E,,
1863619,2026-07-05T09:36:48,26.35,0.519,F,2017.4,-7471.01,47.52178955,-122.25712585,E,,
1864707,2026-07-05T09:36:49,27.86,0.52,F,2017.67,-7470.52,47.52179337,-122.25712585,E,,
1865776,2026-07-05T09:36:50,24.98,0.536,F,2017.92,-7470.02,47.52179718,-122.25711823,E,,
1866855,2026-07-05T09:36:51,26.73,0.585,F,2018.18,-7469.48,47.52180099,-122.25711823,E,,
1867935,2026-07-05T09:36:52,24.23,0.589,F,2018.45,-7468.9,47.52180862,-122.2571106,E,,
1869007,2026-07-05T09:36:53,22.03,0.604,F,2018.7,-7468.32,47.52181244,-122.2571106,E,,
1870077,2026-07-05T09:36:55,19.03,0.593,F,2018.93,-7467.72,47.52182007,-122.25710297,E,,
1871156,2026-07-05T09:36:56,14.67,0.584,F,2019.11,-7467.1,47.52182388,-122.25710297,E,,
1872228,2026-07-05T09:36:57,11.77,0.579,F,2019.25,-7466.49,47.5218277,-122.25710297,E,,
1873307,2026-07-05T09:36:58,12.1,0.562,F,2019.38,-7465.87,47.52183533,-122.25710297,E,,
1874377,2026-07-05T09:36:59,10.77,0.556,F,2019.5,-7465.29,47.52183914,-122.25709534,E,,
1875447,2026-07-05T09:37:00,12.3,0.538,F,2019.61,-7464.72,47.52184677,-122.25709534,E,,
1876512,2026-07-05T09:37:01,15.37,0.537,F,2019.75,-7464.15,47.52185059,-122.25709534,E,,
1877583,2026-07-05T09:37:02,20.3,0.528,F,2019.92,-7463.62,47.5218544,-122.25709534,E,,
1878654,2026-07-05T09:37:03,26.02,0.529,F,2020.15,-7463.1,47.52185822,-122.25708771,E,,
1879740,2026-07-05T09:37:04,28.57,0.538,F,2020.42,-7462.57,47.52186584,-122.25708771,E,,
1880819,2026-07-05T09:37:05,30.77,0.527,F,2020.7,-7462.08,47.52186966,-122.25708008,E,,
1881898,2026-07-05T09:37:06,32.31,0.527,F,2021,-7461.6,47.52187347,-122.25708008,E,,
1882977,2026-07-05T09:37:07,36.53,0.538,F,2021.31,-7461.13,47.52187729,-122.25707245,E,,
1884049,2026-07-05T09:37:08,38.93,0.505,F,2021.67,-7460.69,47.5218811,-122.25707245,E,,
1885119,2026-07-05T09:37:10,43.76,0.494,F,2022.02,-7460.3,47.52188492,-122.25706482,E,,
1886198,2026-07-05T09:37:11,44.68,0.505,F,2022.4,-7459.92,47.52188873,-122.25705719,E,,
1887270,2026-07-05T09:37:12,43.84,0.493,F,2022.78,-7459.55,47.52189255,-122.25705719,E,,
1888349,2026-07-05T09:37:13,40.75,0.503,F,2023.14,-7459.14,47.52189636,-122.25704956,E,,
1889420,2026-07-05T09:37:14,43.26,0.511,F,2023.51,-7458.73,47.52190018,-122.25704193,E,,
1890482,2026-07-05T09:37:15,44.56,0.498,F,2023.88,-7458.33,47.52190399,-122.25704193,E,,
1891536,2026-07-05T09:37:16,45.52,0.502,F,2024.24,-7457.96,47.52190399,-122.2570343,E,,
1892597,2026-07-05T09:37:17,49.14,0.504,F,2024.63,-7457.6,47.52190781,-122.25702667,E,,
1893678,2026-07-05T09:37:18,48.41,0.502,F,2025.04,-7457.25,47.52191162,-122.25702667,E,,
1894739,2026-07-05T09:37:19,51.46,0.493,F,2025.44,-7456.91,47.52191544,-122.25701904,E,,
1895817,2026-07-05T09:37:20,56.38,0.474,F,2025.87,-7456.6,47.52191925,-122.25701141,E,,
1896899,2026-07-05T09:37:21,57.39,0.49,F,2026.29,-7456.29,47.52191925,-122.25701141,E,,
1897978,2026-07-05T09:37:22,64.56,0.502,F,2026.75,-7456.02,47.52192307,-122.25700378,E,,
1899049,2026-07-05T09:37:23,65.31,0.512,F,2027.25,-7455.8,47.52192688,-122.25699615,E,,
1900119,2026-07-05T09:37:25,67.5,0.51,F,2027.75,-7455.6,47.52192688,-122.25698853,E,,
1901189,2026-07-05T09:37:26,64.83,0.517,F,2028.25,-7455.37,47.52193069,-122.2569809,E,,
1902268,2026-07-05T09:37:27,70.86,0.529,F,2028.78,-7455.14,47.52193069,-122.25697327,E,,
1903331,2026-07-05T09:37:28,69.96,0.533,F,2029.3,-7454.95,47.52193451,-122.25696564,E,,
1904376,2026-07-05T09:37:29,82.68,0.537,F,2029.84,-7454.81,47.52193451,-122.25695801,E,,
1905446,2026-07-05T09:37:30,87.78,0.517,F,2030.4,-7454.77,47.52193451,-122.25695038,E,,
1906517,2026-07-05T09:37:31,89.68,0.521,F,2030.96,-7454.76,47.52193451,-122.25694275,E,,
1907597,2026-07-05T09:37:32,86.57,0.543,F,2031.54,-7454.75,47.52193451,-122.25693512,E,,
1908677,2026-07-05T09:37:33,82.87,0.529,F,2032.12,-7454.7,47.52193451,-122.25692749,E,,
1909756,2026-07-05T09:37:34,83.25,0.539,F,2032.69,-7454.64,47.52193451,-122.25691986,E,,
1910843,2026-07-05T09:37:35,83.09,0.545,F,2033.28,-7454.59,47.52193451,-122.25691223,E,,
1911921,2026-07-05T09:37:36,82.7,0.529,F,2033.86,-7454.54,47.52193832,-122.2569046,E,,
1913001,2026-07-05T09:37:37,79.39,0.54,F,2034.42,-7454.44,47.52193832,-122.25689697,E,,
1914081,2026-07-05T09:37:39,76.67,0.537,F,2034.99,-7454.33,47.52193832,-122.25688934,E,,
1915154,2026-07-05T09:37:40,75.79,0.516,F,2035.54,-7454.21,47.52193832,-122.25688171,E,,
1916216,2026-07-05T09:37:41,75.26,0.523,F,2036.08,-7454.06,47.52194214,-122.25687408,E,,
1917294,2026-07-05T09:37:42,73.77,0.534,F,2036.63,-7453.91,47.52194214,-122.25686646,E,,
1918365,2026-07-05T09:37:43,75.59,0.533,F,2037.18,-7453.75,47.52194214,-122.25686646,E,,
1919445,2026-07-05T09:37:44,71.97,0.542,F,2037.74,-7453.59,47.52194595,-122.25685883,E,,
1920530,2026-07-05T09:37:45,68.42,0.56,F,2038.3,-7453.39,47.52194595,-122.2568512,E,,
1921627,2026-07-05T09:37:46,74.06,0.537,F,2038.87,-7453.19,47.52194977,-122.25684357,E,,
1922706,2026-07-05T09:37:47,72.99,0.534,F,2039.43,-7453.03,47.52194977,-122.25683594,E,,
1923777,2026-07-05T09:37:48,70.27,0.534,F,2039.97,-7452.86,47.52195358,-122.25682831,E,,
1924856,2026-07-05T09:37:49,76.99,0.52,F,2040.52,-7452.69,47.52195358,-122.25682068,E,,
1925942,2026-07-05T09:37:50,75.92,0.531,F,2041.08,-7452.53,47.52195358,-122.25681305,E,,
1927011,2026-07-05T09:37:51,79.87,0.533,F,2041.63,-7452.42,47.5219574,-122.25680542,E,,
1928089,2026-07-05T09:37:53,85.36,0.532,F,2042.2,-7452.38,47.5219574,-122.25679779,E,,
1929169,2026-07-05T09:37:54,79.88,0.531,F,2042.77,-7452.3,47.5219574,-122.25679016,E,,
1930239,2026-07-05T09:37:55,79.26,0.542,F,2043.34,-7452.2,47.5219574,-122.25678253,E,,
1931318,2026-07-05T09:37:56,83.02,0.569,F,2043.93,-7452.1,47.5219574,-122.2567749,E,,
1932370,2026-07-05T09:37:57,80.39,0.572,F,2044.52,-7452.01,47.5219574,-122.25676727,E,,
1933444,2026-07-05T09:37:58,82.44,0.571,F,2045.12,-7451.91,47.52196121,-122.25675964,E,,
1934516,2026-07-05T09:37:59,82.51,0.562,F,2045.72,-7451.83,47.52196121,-122.25675201,E,,
1935596,2026-07-05T09:38:00,87.64,0.564,F,2046.32,-7451.79,47.52196121,-122.25674438,E,,
1936669,2026-07-05T09:38:01,85.48,0.555,F,2046.92,-7451.75,47.52196121,-122.25673676,E,,
1937732,2026-07-05T09:38:02,87.73,0.56,F,2047.51,-7451.73,47.52196121,-122.2567215,E,,
1938801,2026-07-05T09:38:03,89.62,0.562,F,2048.11,-7451.72,47.52196121,-122.25671387,E,,
1939853,2026-07-05T09:38:04,85.05,0.568,F,2048.7,-7451.69,47.52196121,-122.25670624,E,,
1940942,2026-07-05T09:38:05,87.92,0.574,F,2049.32,-7451.64,47.52196121,-122.25669861,E,,
1942022,2026-07-05T09:38:06,90.98,0.59,F,2049.96,-7451.64,47.52196121,-122.25669098,E,,
1943101,2026-07-05T09:38:08,94.4,0.593,F,2050.59,-7451.66,47.52196121,-122.25668335,E,,
1944155,2026-07-05T09:38:09,94.78,0.589,F,2051.21,-7451.71,47.52196121,-122.25667572,E,,
1945216,2026-07-05T09:38:10,93.5,0.593,F,2051.83,-7451.76,47.52196121,-122.25666809,E,,
1946295,2026-07-05T09:38:11,93.68,0.594,F,2052.47,-7451.8,47.52196121,-122.25666046,E,,
1947349,2026-07-05T09:38:12,94.27,0.599,F,2053.09,-7451.85,47.52196121,-122.25665283,E,,
1948421,2026-07-05T09:38:13,93.13,0.588,F,2053.74,-7451.9,47.52196121,-122.2566452,E,,
1949492,2026-07-05T09:38:14,90.29,0.582,F,2054.36,-7451.92,47.52196121,-122.25663757,E,,
1950563,2026-07-05T09:38:15,88.06,0.578,F,2054.98,-7451.92,47.52196121,-122.25662231,E,,
1951597,2026-07-05T09:38:16,87.35,0.572,F,2055.57,-7451.88,47.52196121,-122.25661469,E,,
1952659,2026-07-05T09:38:17,86.88,0.56,F,2056.18,-7451.85,47.52196121,-122.25660706,E,,
1953731,2026-07-05T09:38:18,81.67,0.562,F,2056.78,-7451.78,47.52196121,-122.25659943,E,,
1954812,2026-07-05T09:38:19,86.52,0.562,F,2057.39,-7451.72,47.52196121,-122.2565918,E,,
1955883,2026-07-05T09:38:20,86.17,0.534,F,2057.97,-7451.68,47.52196121,-122.25658417,E,,
1956938,2026-07-05T09:38:21,84.44,0.556,F,2058.54,-7451.63,47.52196121,-122.25657654,E,,
1958026,2026-07-05T09:38:22,86.28,0.548,F,2059.14,-7451.58,47.52196503,-122.25656891,E,,
1959090,2026-07-05T09:38:24,83.32,0.556,F,2059.72,-7451.53,47.52196503,-122.25656128,E,,
1960160,2026-07-05T09:38:25,82.08,0.56,F,2060.31,-7451.46,47.52196503,-122.25655365,E,,
1961238,2026-07-05T09:38:26,81.27,0.569,F,2060.92,-7451.36,47.52196503,-122.25654602,E,,
1962310,2026-07-05T09:38:27,80.88,0.589,F,2061.53,-7451.26,47.52196503,-122.25653839,E,,
1963363,2026-07-05T09:38:28,79.22,0.587,F,2062.14,-7451.16,47.52196503,-122.25653076,E,,
1964427,2026-07-05T09:38:29,80.06,0.572,F,2062.74,-7451.05,47.52196884,-122.25652313,E,,
1965490,2026-07-05T09:38:30,81.25,0.571,F,2063.34,-7450.95,47.52196884,-122.2565155,E,,
1966554,2026-07-05T09:38:31,79.66,0.56,F,2063.94,-7450.85,47.52196884,-122.25650787,E,,
1967627,2026-07-05T09:38:32,76.84,0.552,F,2064.52,-7450.73,47.52197266,-122.25650024,E,,
1968707,2026-07-05T09:38:33,74.3,0.566,F,2065.1,-7450.58,47.52197266,-122.25649261,E,,
1969779,2026-07-05T09:38:34,78.75,0.577,F,2065.69,-7450.43,47.52197266,-122.25648499,E,,
1970858,2026-07-05T09:38:35,75.53,0.573,F,2066.3,-7450.3,47.52197647,-122.25647736,E,,
1971903,2026-07-05T09:38:36,79.94,0.596,F,2066.89,-7450.16,47.52197647,-122.25646973,E,,
1972974,2026-07-05T09:38:37,77.78,0.58,F,2067.5,-7450.06,47.52197647,-122.2564621,E,,
1974062,2026-07-05T09:38:38,76.78,0.572,F,2068.11,-7449.9,47.52197647,-122.25645447,E,,
1975135,2026-07-05T09:38:40,77.1,0.569,F,2068.72,-7449.75,47.52198029,-122.25643921,E,,
1976196,2026-07-05T09:38:41,78.13,0.569,F,2069.31,-7449.61,47.52198029,-122.25643158,E,,
1977276,2026-07-05T09:38:42,80.24,0.568,F,2069.91,-7449.5,47.52198029,-122.25642395,E,,
1978355,2026-07-05T09:38:43,80.4,0.576,F,2070.52,-7449.4,47.5219841,-122.25641632,E,,
1979426,2026-07-05T09:38:44,79.4,0.562,F,2071.12,-7449.29,47.5219841,-122.25640869,E,,
1980534,2026-07-05T09:38:45,77.27,0.557,F,2071.73,-7449.16,47.5219841,-122.25640106,E,,
1981621,2026-07-05T09:38:46,75.65,0.566,F,2072.33,-7449.01,47.52198792,-122.25639343,E,,
1982648,2026-07-05T09:38:47,74.71,0.562,F,2072.9,-7448.86,47.52198792,-122.2563858,E,,
1983718,2026-07-05T09:38:48,71.75,0.574,F,2073.48,-7448.69,47.52198792,-122.25637817,E,,
1984798,2026-07-05T09:38:49,69.15,0.582,F,2074.06,-7448.48,47.52199173,-122.25637054,E,,
1985877,2026-07-05T09:38:50,70.42,0.585,F,2074.65,-7448.27,47.52199173,-122.25636292,E,,
1986946,2026-07-05T09:38:51,66.59,0.592,F,2075.23,-7448.03,47.52199554,-122.25635529,E,,
1988007,2026-07-05T09:38:52,65.21,0.597,F,2075.8,-7447.78,47.52199554,-122.25634766,E,,
1989103,2026-07-05T09:38:54,64.95,0.615,F,2076.4,-7447.5,47.52199936,-122.25634003,E,,
1990173,2026-07-05T09:38:55,64.69,0.6,F,2076.99,-7447.23,47.52200317,-122.2563324,E,,
1991252,2026-07-05T09:38:56,61.94,0.588,F,2077.57,-7446.94,47.52200317,-122.25632477,E,,
1992330,2026-07-05T09:38:57,59.67,0.581,F,2078.12,-7446.63,47.52200699,-122.25631714,E,,
1993400,2026-07-05T09:38:58,59.18,0.578,F,2078.65,-7446.32,47.5220108,-122.25630951,E,,
1994472,2026-07-05T09:38:59,57.05,0.564,F,2079.17,-7446,47.52201462,-122.25630188,E,,
1995528,2026-07-05T09:39:00,67.41,0.567,F,2079.69,-7445.7,47.52201462,-122.25629425,E,,
1996599,2026-07-05T09:39:01,68.41,0.548,F,2080.25,-7445.5,47.52201843,-122.25628662,E,,
1997678,2026-07-05T09:39:02,70.66,0.545,F,2080.8,-7445.28,47.52201843,-122.25627899,E,,
1998747,2026-07-05T09:39:03,74.03,0.562,F,2081.36,-7445.12,47.52202225,-122.25627136,E,,
1999826,2026-07-05T09:39:04,76.44,0.573,F,2081.95,-7444.95,47.52202225,-122.25626373,E,,
2000906,2026-07-05T09:39:05,73.56,0.59,F,2082.55,-7444.79,47.52202225,-122.2562561,E,,
2001975,2026-07-05T09:39:06,77.61,0.594,F,2083.17,-7444.64,47.52202606,-122.25624847,E,,
2003045,2026-07-05T09:39:07,84.67,0.594,F,2083.8,-7444.53,47.52202606,-122.25624084,E,,
2004124,2026-07-05T09:39:09,81.36,0.594,F,2084.43,-7444.43,47.52202606,-122.25623322,E,,
2005195,2026-07-05T09:39:10,82.92,0.605,F,2085.07,-7444.34,47.52202988,-122.25622559,E,,
2006273,2026-07-05T09:39:11,86.22,0.602,F,2085.73,-7444.28,47.52202988,-122.25621796,E,,
2007351,2026-07-05T09:39:12,86.92,0.61,F,2086.38,-7444.23,47.52202988,-122.25621033,E,,
2008395,2026-07-05T09:39:13,85.81,0.602,F,2087.01,-7444.18,47.52202988,-122.2562027,E,,
2009467,2026-07-05T09:39:14,86.99,0.622,F,2087.67,-7444.13,47.52202988,-122.25618744,E,,
2010522,2026-07-05T09:39:15,86.31,0.62,F,2088.31,-7444.09,47.52202988,-122.25617981,E,,
2011570,2026-07-05T09:39:16,86.45,0.619,F,2088.96,-7444.04,47.52202988,-122.25617218,E,,
2012632,2026-07-05T09:39:17,85.86,0.595,F,2089.6,-7443.99,47.52202988,-122.25616455,E,,
2013706,2026-07-05T09:39:18,82.26,0.586,F,2090.23,-7443.93,47.52203369,-122.25615692,E,,
2014778,2026-07-05T09:39:19,80.1,0.581,F,2090.85,-7443.83,47.52203369,-122.25614929,E,,
2015848,2026-07-05T09:39:20,79.73,0.587,F,2091.46,-7443.72,47.52203369,-122.25614166,E,,
2016918,2026-07-05T09:39:21,82.01,0.525,F,2092.07,-7443.62,47.52203369,-122.25613403,E,,
2017997,2026-07-05T09:39:22,80.15,0.367,F,2092.54,-7443.53,47.52203369,-122.2561264,E,,
2019077,2026-07-05T09:39:24,81.89,0.256,F,2092.87,-7443.47,47.52203751,-122.25611877,E,,
2020156,2026-07-05T09:39:25,81.52,0.179,F,2093.09,-7443.43,47.52203751,-122.25611877,E,,
2021243,2026-07-05T09:39:26,71.74,0.169,F,2093.26,-7443.38,47.52203751,-122.25611877,E,,
2022315,2026-07-05T09:39:27,71.83,0.27,F,2093.49,-7443.31,47.52203751,-122.25611115,E,,
2023368,2026-07-05T09:39:28,69.93,0.37,F,2093.81,-7443.2,47.52203751,-122.25611115,E,,
2024433,2026-07-05T09:39:29,68.44,0.42,F,2094.21,-7443.05,47.52204132,-122.25610352,E,,
2025496,2026-07-05T09:39:30,67.55,0.455,F,2094.64,-7442.88,47.52204132,-122.25609589,E,,
2026567,2026-07-05T09:39:31,67.63,0.477,F,2095.1,-7442.67,47.52204132,-122.25608826,E,,
2027649,2026-07-05T09:39:32,65.97,0.512,F,2095.59,-7442.46,47.52204514,-122.25608826,E,,
2028719,2026-07-05T09:39:33,65.6,0.548,F,2096.11,-7442.22,47.52204895,-122.25608063,E,,
2029799,2026-07-05T09:39:34,68.09,0.572,F,2096.67,-7441.97,47.52204895,-122.256073,E,,
2030878,2026-07-05T09:39:35,77.03,0.558,F,2097.25,-7441.76,47.52205276,-122.25606537,E,,
2031948,2026-07-05T09:39:36,74.82,0.571,F,2097.84,-7441.64,47.52205276,-122.25605774,E,,
2033037,2026-07-05T09:39:37,74.43,0.569,F,2098.43,-7441.48,47.52205276,-122.25605011,E,,
2034098,2026-07-05T09:39:39,75.58,0.581,F,2099.02,-7441.32,47.52205658,-122.25604248,E,,
2035169,2026-07-05T09:39:40,73.9,0.586,F,2099.62,-7441.17,47.52205658,-122.25603485,E,,
2036248,2026-07-05T09:39:41,72.21,0.579,F,2100.23,-7441,47.52205658,-122.25601959,E,,
2037336,2026-07-05T09:39:42,73.15,0.592,F,2100.84,-7440.79,47.52206039,-122.25601196,E,,
2038407,2026-07-05T09:39:43,77.67,0.605,F,2101.45,-7440.61,47.52206039,-122.25600433,E,,
2039469,2026-07-05T09:39:44,85.24,0.605,F,2102.09,-7440.52,47.52206421,-122.2559967,E,,
2040551,2026-07-05T09:39:45,92.6,0.6,F,2102.75,-7440.52,47.52206421,-122.25598907,E,,
2041628,2026-07-05T09:39:46,92.99,0.598,F,2103.4,-7440.56,47.52206039,-122.25598145,E,,
2042698,2026-07-05T09:39:47,94.38,0.619,F,2104.06,-7440.61,47.52206039,-122.25597382,E,,
2043699,2026-07-05T09:39:48,96.94,0.626,F,2104.67,-7440.67,47.52206039,-122.25596619,E,,
2044778,2026-07-05T09:39:49,96.41,0.627,F,2105.34,-7440.77,47.52206039,-122.25595856,E,,
2045859,2026-07-05T09:39:50,92.17,0.617,F,2106.02,-7440.82,47.52206039,-122.2559433,E,,
2046928,2026-07-05T09:39:51,87.61,0.604,F,2106.66,-7440.82,47.52206039,-122.25593567,E,,
2047990,2026-07-05T09:39:52,81.17,0.605,F,2107.31,-7440.75,47.52206039,-122.25592804,E,,
2049054,2026-07-05T09:39:53,77.65,0.594,F,2107.93,-7440.63,47.52206039,-122.25592041,E,,
2050124,2026-07-05T09:39:55,75.08,0.576,F,2108.54,-7440.47,47.52206421,-122.25591278,E,,
2051195,2026-07-05T09:39:56,73.32,0.575,F,2109.13,-7440.32,47.52206421,-122.25590515,E,,
2052257,2026-07-05T09:39:57,70.88,0.585,F,2109.72,-7440.12,47.52206421,-122.25589752,E,,
2053336,2026-07-05T09:39:58,69.83,0.577,F,2110.31,-7439.91,47.52206802,-122.25588989,E,,
2054407,2026-07-05T09:39:59,66.07,0.573,F,2110.89,-7439.68,47.52207184,-122.25588226,E,,
2055471,2026-07-05T09:40:00,66.12,0.572,F,2111.45,-7439.43,47.52207184,-122.25587463,E,,
2056528,2026-07-05T09:40:01,63.06,0.584,F,2112,-7439.17,47.52207565,-122.255867,E,,
2057600,2026-07-05T09:40:02,60.75,0.568,F,2112.55,-7438.88,47.52207565,-122.25585938,E,,
2058681,2026-07-05T09:40:03,57.78,0.577,F,2113.08,-7438.56,47.52207947,-122.25585175,E,,
2059752,2026-07-05T09:40:04,55.54,0.574,F,2113.59,-7438.22,47.52208328,-122.25584412,E,,
2060814,2026-07-05T09:40:05,53.97,0.562,F,2114.09,-7437.86,47.5220871,-122.25583649,E,,
2061878,2026-07-05T09:40:06,50.23,0.575,F,2114.56,-7437.49,47.52209091,-122.25582886,E,,
2062959,2026-07-05T09:40:07,48.1,0.571,F,2115.03,-7437.07,47.52209473,-122.25582886,E,,
2064031,2026-07-05T09:40:08,46.43,0.581,F,2115.48,-7436.66,47.52209854,-122.25582123,E,,
2065111,2026-07-05T09:40:10,44.62,0.576,F,2115.93,-7436.23,47.52210236,-122.2558136,E,,
2066182,2026-07-05T09:40:11,43.4,0.593,F,2116.37,-7435.77,47.52210617,-122.25580597,E,,
2067262,2026-07-05T09:40:12,43.37,0.604,F,2116.81,-7435.29,47.52210999,-122.25580597,E,,
2068325,2026-07-05T09:40:13,41.69,0.595,F,2117.25,-7434.83,47.5221138,-122.25579834,E,,
2069406,2026-07-05T09:40:14,38.39,0.615,F,2117.67,-7434.32,47.52211761,-122.25579071,E,,
2070485,2026-07-05T09:40:15,37.12,0.629,F,2118.09,-7433.79,47.52212143,-122.25578308,E,,
2071544,2026-07-05T09:40:16,33.75,0.622,F,2118.47,-7433.24,47.52212906,-122.25578308,E,,
2072618,2026-07-05T09:40:17,31.58,0.625,F,2118.82,-7432.67,47.52213287,-122.25577545,E,,
2073690,2026-07-05T09:40:18,30.36,0.597,F,2119.16,-7432.1,47.52213669,-122.25576782,E,,
2074773,2026-07-05T09:40:19,30.36,0.597,F,2119.48,-7431.53,47.52214432,-122.25576782,E,,
2075838,2026-07-05T09:40:20,36,0.619,F,2119.84,-7430.99,47.52214813,-122.25576019,E,,
2076910,2026-07-05T09:40:21,38.45,0.613,F,2120.24,-7430.47,47.52215195,-122.25576019,E,,
2077990,2026-07-05T09:40:22,36.31,0.618,F,2120.65,-7429.94,47.52215576,-122.25575256,E,,
2079051,2026-07-05T09:40:23,35.33,0.625,F,2121.03,-7429.41,47.52216339,-122.25574493,E,,
2080123,2026-07-05T09:40:25,33.24,0.616,F,2121.41,-7428.85,47.52216721,-122.2557373,E,,
2081196,2026-07-05T09:40:26,33.25,0.601,F,2121.76,-7428.31,47.52217102,-122.2557373,E,,
2082276,2026-07-05T09:40:27,34.94,0.6,F,2122.13,-7427.78,47.52217865,-122.25572968,E,,
2083348,2026-07-05T09:40:28,36.24,0.58,F,2122.5,-7427.26,47.52218246,-122.25572968,E,,
2084404,2026-07-05T09:40:29,36.55,0.579,F,2122.87,-7426.77,47.52218628,-122.25572205,E,,
2085476,2026-07-05T09:40:30,38.42,0.587,F,2123.24,-7426.29,47.52219009,-122.25571442,E,,
2086538,2026-07-05T09:40:31,45.16,0.613,F,2123.67,-7425.83,47.52219391,-122.25571442,E,,
2087610,2026-07-05T09:40:32,49.51,0.619,F,2124.16,-7425.38,47.52219772,-122.25570679,E,,
2088663,2026-07-05T09:40:33,52.83,0.626,F,2124.67,-7424.96,47.52220154,-122.25569916,E,,
2089726,2026-07-05T09:40:34,57.67,0.629,F,2125.22,-7424.57,47.52220535,-122.25569153,E,,
2090799,2026-07-05T09:40:35,60.52,0.619,F,2125.79,-7424.24,47.52220917,-122.2556839,E,,
2091880,2026-07-05T09:40:36,61.58,0.624,F,2126.37,-7423.91,47.52221298,-122.25567627,E,,
2092951,2026-07-05T09:40:37,67.99,0.628,F,2126.98,-7423.63,47.52221298,-122.25566864,E,,
2094024,2026-07-05T09:40:38,69.38,0.641,F,2127.61,-7423.37,47.5222168,-122.25566101,E,,
2095095,2026-07-05T09:40:40,71.48,0.62,F,2128.24,-7423.16,47.5222168,-122.25565338,E,,
2096157,2026-07-05T09:40:41,72.68,0.617,F,2128.86,-7422.96,47.52222061,-122.25563812,E,,
2097237,2026-07-05T09:40:42,72.63,0.621,F,2129.5,-7422.75,47.52222061,-122.25563049,E,,
2098308,2026-07-05T09:40:43,69.68,0.624,F,2130.14,-7422.54,47.52222443,-122.25562286,E,,
2099389,2026-07-05T09:40:44,67.92,0.626,F,2130.77,-7422.29,47.52222443,-122.25561523,E,,
2100404,2026-07-05T09:40:45,63.41,0.629,F,2131.34,-7422.03,47.52222824,-122.2556076,E,,
2101455,2026-07-05T09:40:46,60.86,0.614,F,2131.92,-7421.72,47.52223206,-122.25559998,E,,
2102518,2026-07-05T09:40:47,58.15,0.611,F,2132.49,-7421.38,47.52223587,-122.25559235,E,,
2103608,2026-07-05T09:40:48,56.84,0.615,F,2133.04,-7421.01,47.52223587,-122.25558472,E,,
2104671,2026-07-05T09:40:49,53.62,0.604,F,2133.58,-7420.65,47.52223969,-122.25557709,E,,
2105696,2026-07-05T09:40:50,51.44,0.612,F,2134.07,-7420.28,47.5222435,-122.25556946,E,,
2106787,2026-07-05T09:40:51,48.6,0.617,F,2134.58,-7419.86,47.52224731,-122.25556183,E,,
2107857,2026-07-05T09:40:52,55.91,0.602,F,2135.08,-7419.44,47.52225113,-122.25556183,E,,
2108928,2026-07-05T09:40:53,53.76,0.601,F,2135.61,-7419.07,47.52225494,-122.2555542,E,,
2110010,2026-07-05T09:40:54,62.16,0.61,F,2136.16,-7418.72,47.52225876,-122.25554657,E,,
2111080,2026-07-05T09:40:56,68.01,0.618,F,2136.75,-7418.44,47.52226257,-122.25553894,E,,
2112160,2026-07-05T09:40:57,75.11,0.622,F,2137.38,-7418.22,47.52226257,-122.25553131,E,,
2113241,2026-07-05T09:40:58,86.71,0.635,F,2138.05,-7418.13,47.52226257,-122.25551605,E,,
2114311,2026-07-05T09:40:59,91.8,0.636,F,2138.73,-7418.12,47.52226257,-122.25550842,E,,
2115382,2026-07-05T09:41:00,93.86,0.625,F,2139.41,-7418.17,47.52226257,-122.25550079,E,,
2116467,2026-07-05T09:41:01,93.87,0.635,F,2140.09,-7418.22,47.52226257,-122.25549316,E,,
2117550,2026-07-05T09:41:02,93.03,0.604,F,2140.76,-7418.25,47.52226257,-122.25548553,E,,
2118630,2026-07-05T09:41:03,88.95,0.621,F,2141.42,-7418.27,47.52226257,-122.25547791,E,,
2119721,2026-07-05T09:41:04,88.57,0.623,F,2142.09,-7418.27,47.52226257,-122.25546265,E,,
2120801,2026-07-05T09:41:05,84.96,0.624,F,2142.77,-7418.23,47.52226257,-122.25545502,E,,
2121872,2026-07-05T09:41:06,82.29,0.617,F,2143.43,-7418.14,47.52226257,-122.25544739,E,,
2122953,2026-07-05T09:41:07,81.49,0.629,F,2144.09,-7418.04,47.52226257,-122.25543976,E,,
2124023,2026-07-05T09:41:08,79.49,0.621,F,2144.75,-7417.93,47.52226639,-122.25543213,E,,
2125094,2026-07-05T09:41:10,80.41,0.614,F,2145.4,-7417.82,47.52226639,-122.2554245,E,,
2126174,2026-07-05T09:41:11,82.97,0.609,F,2146.06,-7417.72,47.52226639,-122.25540924,E,,
2127253,2026-07-05T09:41:12,89.36,0.605,F,2146.72,-7417.69,47.52226639,-122.25540161,E,,
2128324,2026-07-05T09:41:13,96.82,0.595,F,2147.35,-7417.72,47.52226639,-122.25539398,E,,
2129405,2026-07-05T09:41:14,102.3,0.597,F,2147.98,-7417.83,47.52226639,-122.25538635,E,,
2130486,2026-07-05T09:41:15,107.29,0.607,F,2148.61,-7418,47.52226639,-122.25537872,E,,
2131565,2026-07-05T09:41:16,109.59,0.615,F,2149.24,-7418.21,47.52226257,-122.25537109,E,,
2132646,2026-07-05T09:41:17,113.5,0.63,F,2149.85,-7418.47,47.52225876,-122.25536346,E,,
2133727,2026-07-05T09:41:18,116.53,0.632,F,2150.46,-7418.74,47.52225876,-122.25535583,E,,
2134806,2026-07-05T09:41:19,116.67,0.632,F,2151.06,-7419.07,47.52225494,-122.25534821,E,,
2135829,2026-07-05T09:41:20,103.82,0.642,F,2151.67,-7419.29,47.52225494,-122.25534058,E,,
2136899,2026-07-05T09:41:21,101.21,0.641,F,2152.33,-7419.45,47.52225113,-122.25533295,E,,
2137971,2026-07-05T09:41:22,95.09,0.63,F,2153,-7419.54,47.52225113,-122.25531769,E,,
2139033,2026-07-05T09:41:23,92.62,0.633,F,2153.68,-7419.59,47.52225113,-122.25531006,E,,
2140111,2026-07-05T09:41:25,94.76,0.622,F,2154.35,-7419.64,47.52225113,-122.25530243,E,,
2141181,2026-07-05T09:41:26,91.49,0.606,F,2155.01,-7419.67,47.52225113,-122.2552948,E,,
2142242,2026-07-05T09:41:27,91.54,0.608,F,2155.65,-7419.68,47.52225113,-122.25528717,E,,
2143314,2026-07-05T09:41:28,92.61,0.596,F,2156.29,-7419.72,47.52225113,-122.25527954,E,,
2144393,2026-07-05T09:41:29,89.17,0.585,F,2156.93,-7419.72,47.52225113,-122.25526428,E,,
2145474,2026-07-05T09:41:30,83.96,0.597,F,2157.57,-7419.68,47.52225113,-122.25525665,E,,
2146530,2026-07-05T09:41:31,84.31,0.59,F,2158.19,-7419.63,47.52225113,-122.25524902,E,,
2147602,2026-07-05T09:41:32,86.92,0.582,F,2158.82,-7419.58,47.52225113,-122.25524139,E,,
2148692,2026-07-05T09:41:33,90.61,0.596,F,2159.46,-7419.56,47.52225113,-122.25523376,E,,
2149754,2026-07-05T09:41:34,90.92,0.579,F,2160.08,-7419.57,47.52225113,-122.25522614,E,,
2150833,2026-07-05T09:41:35,89.23,0.584,F,2160.71,-7419.57,47.52225113,-122.25521851,E,,
2151893,2026-07-05T09:41:36,95.46,0.581,F,2161.33,-7419.6,47.52225113,-122.25521088,E,,
2152964,2026-07-05T09:41:37,95.02,0.577,F,2161.95,-7419.65,47.52225113,-122.25520325,E,,
2154042,2026-07-05T09:41:38,95.82,0.573,F,2162.57,-7419.71,47.52225113,-122.25519562,E,,
2155112,2026-07-05T09:41:40,96.1,0.581,F,2163.18,-7419.76,47.52224731,-122.25518799,E,,
2156191,2026-07-05T09:41:41,95.05,0.574,F,2163.81,-7419.82,47.52224731,-122.25517273,E,,
2157269,2026-07-05T09:41:42,95.87,0.591,F,2164.44,-7419.87,47.52224731,-122.2551651,E,,
2158330,2026-07-05T09:41:43,97.97,0.599,F,2165.05,-7419.96,47.52224731,-122.25515747,E,,
2159401,2026-07-05T09:41:44,90.41,0.609,F,2165.7,-7420,47.52224731,-122.25514984,E,,
2160444,2026-07-05T09:41:45,86.67,0.602,F,2166.33,-7419.98,47.52224731,-122.25514221,E,,
2161520,2026-07-05T09:41:46,88.18,0.591,F,2166.98,-7419.94,47.52224731,-122.25513458,E,,
2162565,2026-07-05T09:41:47,84.42,0.579,F,2167.58,-7419.91,47.52224731,-122.25512695,E,,
2163627,2026-07-05T09:41:48,84.67,0.599,F,2168.2,-7419.85,47.52224731,-122.25511932,E,,
2164705,2026-07-05T09:41:49,88.53,0.609,F,2168.85,-7419.83,47.52224731,-122.25511169,E,,
2165794,2026-07-05T09:41:50,84.43,0.594,F,2169.5,-7419.79,47.52224731,-122.25510406,E,,
2166879,2026-07-05T09:41:51,83.89,0.593,F,2170.14,-7419.73,47.52225113,-122.25508881,E,,
2167950,2026-07-05T09:41:52,85.3,0.595,F,2170.77,-7419.68,47.52225113,-122.25508118,E,,
2169029,2026-07-05T09:41:53,86.81,0.596,F,2171.41,-7419.63,47.52225113,-122.25507355,E,,
2170109,2026-07-05T09:41:55,85.38,0.595,F,2172.06,-7419.58,47.52225113,-122.25506592,E,,
2171172,2026-07-05T09:41:56,82.32,0.607,F,2172.7,-7419.52,47.52225113,-122.25505829,E,,
2172242,2026-07-05T09:41:57,81.87,0.616,F,2173.35,-7419.42,47.52225113,-122.25505066,E,,
2173330,2026-07-05T09:41:58,81.95,0.629,F,2174.01,-7419.31,47.52225113,-122.25504303,E,,
2174401,2026-07-05T09:41:59,81.83,0.611,F,2174.67,-7419.21,47.52225494,-122.2550354,E,,
2175449,2026-07-05T09:42:00,78.18,0.612,F,2175.3,-7419.11,47.52225494,-122.25502014,E,,
2176493,2026-07-05T09:42:01,76.72,0.633,F,2175.94,-7418.96,47.52225494,-122.25501251,E,,
2177564,2026-07-05T09:42:02,76.65,0.633,F,2176.6,-7418.8,47.52225876,-122.25500488,E,,
2178636,2026-07-05T09:42:03,80.63,0.626,F,2177.25,-7418.68,47.52225876,-122.25499725,E,,
2179716,2026-07-05T09:42:04,93.54,0.605,F,2177.92,-7418.65,47.52225876,-122.25498962,E,,
2180795,2026-07-05T09:42:05,104.82,0.602,F,2178.56,-7418.76,47.52225876,-122.25498199,E,,
2181882,2026-07-05T09:42:06,106.85,0.609,F,2179.19,-7418.96,47.52225494,-122.25497437,E,,
2182952,2026-07-05T09:42:07,112.69,0.617,F,2179.81,-7419.18,47.52225494,-122.25496674,E,,
2184004,2026-07-05T09:42:08,112.42,0.625,F,2180.41,-7419.44,47.52225113,-122.25495148,E,,
2185083,2026-07-05T09:42:10,105.4,0.615,F,2181.05,-7419.65,47.52225113,-122.25494385,E,,
2186162,2026-07-05T09:42:11,105.21,0.618,F,2181.7,-7419.81,47.52224731,-122.25493622,E,,
2187232,2026-07-05T09:42:12,101.29,0.633,F,2182.36,-7419.97,47.52224731,-122.25492859,E,,
2188311,2026-07-05T09:42:13,97.1,0.631,F,2183.04,-7420.07,47.52224731,-122.25492096,E,,
2189382,2026-07-05T09:42:14,100.63,0.61,F,2183.7,-7420.17,47.5222435,-122.25491333,E,,
2190455,2026-07-05T09:42:15,100.94,0.607,F,2184.34,-7420.28,47.5222435,-122.2549057,E,,
2191521,2026-07-05T09:42:16,107.66,0.586,F,2184.95,-7420.46,47.5222435,-122.25489807,E,,
2192586,2026-07-05T09:42:17,109.09,0.58,F,2185.55,-7420.66,47.52223969,-122.25489044,E,,
2193667,2026-07-05T09:42:18,108.27,0.584,F,2186.15,-7420.87,47.52223969,-122.25487518,E,,
2194737,2026-07-05T09:42:19,108.27,0.589,F,2186.75,-7421.07,47.52223587,-122.25486755,E,,
2195807,2026-07-05T09:42:20,107.3,0.572,F,2187.35,-7421.27,47.52223587,-122.25485992,E,,
2196843,2026-07-05T09:42:21,106.13,0.576,F,2187.92,-7421.44,47.52223206,-122.25485229,E,,
2197922,2026-07-05T09:42:22,107.16,0.583,F,2188.52,-7421.61,47.52223206,-122.25484467,E,,
2198999,2026-07-05T09:42:23,103.31,0.587,F,2189.12,-7421.77,47.52223206,-122.25483704,E,,
2200060,2026-07-05T09:42:24,101.32,0.573,F,2189.72,-7421.92,47.52222824,-122.25482941,E,,
2201139,2026-07-05T09:42:26,99.23,0.58,F,2190.33,-7422.02,47.52222824,-122.25482178,E,,
2202218,2026-07-05T09:42:27,96.97,0.574,F,2190.95,-7422.12,47.52222824,-122.25481415,E,,
2203270,2026-07-05T09:42:28,95.97,0.574,F,2191.56,-7422.17,47.52222824,-122.25480652,E,,
2204340,2026-07-05T09:42:29,91.29,0.591,F,2192.19,-7422.2,47.52222824,-122.25479889,E,,
2205409,2026-07-05T09:42:30,91.43,0.593,F,2192.82,-7422.21,47.52222824,-122.25479126,E,,
2206462,2026-07-05T09:42:31,96.47,0.597,F,2193.45,-7422.24,47.52222824,-122.25478363,E,,
2207516,2026-07-05T09:42:32,98.68,0.61,F,2194.09,-7422.33,47.52222443,-122.254776,E,,
2208579,2026-07-05T09:42:33,98.51,0.608,F,2194.73,-7422.43,47.52222443,-122.25476074,E,,
2209658,2026-07-05T09:42:34,93.86,0.617,F,2195.38,-7422.5,47.52222443,-122.25475311,E,,
2210728,2026-07-05T09:42:35,95.89,0.634,F,2196.04,-7422.55,47.52222443,-122.25474548,E,,
2211806,2026-07-05T09:42:36,92.77,0.621,F,2196.73,-7422.6,47.52222443,-122.25473785,E,,
2212877,2026-07-05T09:42:37,89.82,0.616,F,2197.39,-7422.61,47.52222443,-122.25473022,E,,
2213956,2026-07-05T09:42:38,87,0.601,F,2198.04,-7422.59,47.52222443,-122.2547226,E,,
2215018,2026-07-05T09:42:39,88.63,0.592,F,2198.67,-7422.58,47.52222443,-122.25471497,E,,
2216104,2026-07-05T09:42:41,93.58,0.582,F,2199.31,-7422.62,47.52222443,-122.25469971,E,,
2217183,2026-07-05T09:42:42,89.79,0.577,F,2199.93,-7422.63,47.52222443,-122.25469208,E,,
2218255,2026-07-05T09:42:43,89.38,0.575,F,2200.55,-7422.63,47.52222443,-122.25468445,E,,
2219325,2026-07-05T09:42:44,88.9,0.582,F,2201.17,-7422.63,47.52222443,-122.25467682,E,,
2220420,2026-07-05T09:42:45,86.18,0.584,F,2201.81,-7422.59,47.52222443,-122.25466919,E,,
2221471,2026-07-05T09:42:46,87.38,0.582,F,2202.42,-7422.54,47.52222443,-122.25466156,E,,
2222551,2026-07-05T09:42:47,85.74,0.578,F,2203.04,-7422.49,47.52222443,-122.25465393,E,,
2223631,2026-07-05T09:42:48,86.19,0.584,F,2203.67,-7422.44,47.52222443,-122.2546463,E,,
2224705,2026-07-05T09:42:49,87.97,0.589,F,2204.29,-7422.39,47.52222443,-122.25463867,E,,
2225785,2026-07-05T09:42:50,88.16,0.582,F,2204.93,-7422.39,47.52222443,-122.25463104,E,,
2226856,2026-07-05T09:42:51,85.86,0.578,F,2205.55,-7422.35,47.52222443,-122.25462341,E,,
2227884,2026-07-05T09:42:52,81.38,0.572,F,2206.13,-7422.28,47.52222824,-122.25461578,E,,
2228962,2026-07-05T09:42:53,78.38,0.569,F,2206.74,-7422.17,47.52222824,-122.25460815,E,,
2230040,2026-07-05T09:42:54,77.51,0.577,F,2207.34,-7422.06,47.52222824,-122.2545929,E,,
2231118,2026-07-05T09:42:56,74.17,0.583,F,2207.95,-7421.9,47.52222824,-122.25458527,E,,
2232181,2026-07-05T09:42:57,77.02,0.569,F,2208.54,-7421.74,47.52223206,-122.25457764,E,,
2233242,2026-07-05T09:42:58,81.55,0.581,F,2209.14,-7421.63,47.52223206,-122.25457001,E,,
2234321,2026-07-05T09:42:59,80.48,0.575,F,2209.76,-7421.53,47.52223206,-122.25456238,E,,
2235392,2026-07-05T09:43:00,84.82,0.574,F,2210.36,-7421.45,47.52223206,-122.25455475,E,,
2236445,2026-07-05T09:43:01,84.41,0.574,F,2210.96,-7421.4,47.52223587,-122.25454712,E,,
2237519,2026-07-05T09:43:02,83.85,0.581,F,2211.59,-7421.35,47.52223587,-122.25453949,E,,
2238563,2026-07-05T09:43:03,87.04,0.562,F,2212.18,-7421.29,47.52223587,-122.25453186,E,,
2239634,2026-07-05T09:43:04,87.59,0.574,F,2212.78,-7421.29,47.52223587,-122.25452423,E,,
2240695,2026-07-05T09:43:05,85.84,0.572,F,2213.39,-7421.24,47.52223587,-122.2545166,E,,
2241740,2026-07-05T09:43:06,86.49,0.575,F,2213.99,-7421.19,47.52223587,-122.25450897,E,,
2242819,2026-07-05T09:43:07,87.1,0.572,F,2214.6,-7421.18,47.52223587,-122.25450134,E,,
2243872,2026-07-05T09:43:08,89.55,0.575,F,2215.2,-7421.17,47.52223587,-122.25449371,E,,
2244951,2026-07-05T09:43:09,91.4,0.581,F,2215.83,-7421.17,47.52223587,-122.25448608,E,,
2246030,2026-07-05T09:43:10,92.1,0.585,F,2216.46,-7421.18,47.52223587,-122.25447845,E,,
2247093,2026-07-05T09:43:12,88.9,0.593,F,2217.08,-7421.19,47.52223587,-122.2544632,E,,
2248180,2026-07-05T09:43:13,86.14,0.583,F,2217.72,-7421.15,47.52223587,-122.25445557,E,,
2249240,2026-07-05T09:43:14,85.57,0.571,F,2218.33,-7421.1,47.52223587,-122.25444794,E,,
2250319,2026-07-05T09:43:15,88.97,0.559,F,2218.93,-7421.06,47.52223587,-122.25444031,E,,
2251386,2026-07-05T09:43:16,86.82,0.583,F,2219.54,-7421.03,47.52223587,-122.25443268,E,,
2252459,2026-07-05T09:43:17,92.32,0.598,F,2220.17,-7421.02,47.52223587,-122.25442505,E,,
2253531,2026-07-05T09:43:18,92.81,0.589,F,2220.8,-7421.07,47.52223587,-122.25441742,E,,
2254611,2026-07-05T09:43:19,88.23,0.61,F,2221.45,-7421.08,47.52223587,-122.25440979,E,,
2255673,2026-07-05T09:43:20,87.22,0.619,F,2222.1,-7421.04,47.52223587,-122.25440216,E,,
2256734,2026-07-05T09:43:21,86.76,0.605,F,2222.75,-7421.03,47.52223587,-122.25439453,E,,
2257812,2026-07-05T09:43:22,83.84,0.612,F,2223.41,-7420.98,47.52223969,-122.25437927,E,,
2258897,2026-07-05T09:43:23,82.6,0.616,F,2224.07,-7420.89,47.52223969,-122.25437164,E,,
2259976,2026-07-05T09:43:24,80.75,0.601,F,2224.72,-7420.79,47.52223969,-122.25436401,E,,
2261048,2026-07-05T09:43:25,77.72,0.593,F,2225.34,-7420.68,47.52223969,-122.25435638,E,,
2262119,2026-07-05T09:43:27,74.73,0.575,F,2225.95,-7420.52,47.5222435,-122.25434875,E,,
2263215,2026-07-05T09:43:28,71.77,0.579,F,2226.56,-7420.34,47.5222435,-122.25434113,E,,
2264293,2026-07-05T09:43:29,68.93,0.585,F,2227.14,-7420.13,47.52224731,-122.2543335,E,,
2265345,2026-07-05T09:43:30,68.44,0.582,F,2227.71,-7419.92,47.52224731,-122.25432587,E,,
2266406,2026-07-05T09:43:31,65.34,0.579,F,2228.28,-7419.67,47.52225113,-122.25431824,E,,
2267477,2026-07-05T09:43:32,75.2,0.586,F,2228.87,-7419.48,47.52225113,-122.25431061,E,,
2268532,2026-07-05T09:43:33,76.09,0.592,F,2229.47,-7419.3,47.52225494,-122.25430298,E,,
2269604,2026-07-05T09:43:34,81.61,0.586,F,2230.09,-7419.19,47.52225494,-122.25429535,E,,
2270674,2026-07-05T09:43:35,84.31,0.592,F,2230.71,-7419.11,47.52225494,-122.25428772,E,,
2271744,2026-07-05T09:43:36,82.01,0.596,F,2231.33,-7419.02,47.52225494,-122.25428009,E,,
2272814,2026-07-05T09:43:37,85.21,0.599,F,2231.96,-7418.96,47.52225494,-122.25426483,E,,
2273868,2026-07-05T09:43:38,90.89,0.593,F,2232.59,-7418.94,47.52225494,-122.2542572,E,,
2274938,2026-07-05T09:43:39,87.36,0.586,F,2233.21,-7418.93,47.52225494,-122.25424957,E,,
2276017,2026-07-05T09:43:40,82.95,0.6,F,2233.85,-7418.88,47.52225876,-122.25424194,E,,
2277078,2026-07-05T09:43:42,81.78,0.602,F,2234.48,-7418.78,47.52225876,-122.25423431,E,,
2278148,2026-07-05T09:43:43,79.32,0.591,F,2235.11,-7418.68,47.52225876,-122.25422668,E,,
2279218,2026-07-05T09:43:44,76.97,0.595,F,2235.72,-7418.53,47.52225876,-122.25421906,E,,
2280224,2026-07-05T09:43:45,79.84,0.597,F,2236.31,-7418.41,47.52226257,-122.25421143,E,,
2281308,2026-07-05T09:43:46,77.66,0.597,F,2236.95,-7418.29,47.52226257,-122.2542038,E,,
2282378,2026-07-05T09:43:47,76.73,0.587,F,2237.57,-7418.14,47.52226257,-122.25419617,E,,
2283440,2026-07-05T09:43:48,74.15,0.573,F,2238.16,-7417.99,47.52226639,-122.25418854,E,,
2284493,2026-07-05T09:43:49,74.34,0.594,F,2238.76,-7417.79,47.52226639,-122.25418091,E,,
2285565,2026-07-05T09:43:50,82.78,0.597,F,2239.38,-7417.68,47.52226639,-122.25417328,E,,
2286655,2026-07-05T09:43:51,77.5,0.596,F,2240.02,-7417.57,47.5222702,-122.25415802,E,,
2287725,2026-07-05T09:43:52,89.15,0.6,F,2240.65,-7417.51,47.5222702,-122.25415039,E,,
2288805,2026-07-05T09:43:53,86.31,0.611,F,2241.29,-7417.48,47.5222702,-122.25414276,E,,
2289826,2026-07-05T09:43:54,87.17,0.618,F,2241.91,-7417.44,47.5222702,-122.25413513,E,,
2290898,2026-07-05T09:43:55,86.44,0.632,F,2242.59,-7417.39,47.5222702,-122.2541275,E,,
2291971,2026-07-05T09:43:56,84.29,0.632,F,2243.27,-7417.34,47.5222702,-122.25411987,E,,
2293043,2026-07-05T09:43:57,80.37,0.632,F,2243.94,-7417.25,47.5222702,-122.25411224,E,,
2294124,2026-07-05T09:43:59,79.26,0.632,F,2244.61,-7417.14,47.52227402,-122.25409698,E,,
2295198,2026-07-05T09:44:00,83.48,0.611,F,2245.27,-7417.04,47.52227402,-122.25408936,E,,
2296270,2026-07-05T09:44:01,81.94,0.599,F,2245.91,-7416.95,47.52227402,-122.25408173,E,,
2297359,2026-07-05T09:44:02,86.19,0.607,F,2246.56,-7416.89,47.52227402,-122.2540741,E,,
2298423,2026-07-05T09:44:03,90.26,0.615,F,2247.21,-7416.85,47.52227402,-122.25406647,E,,
2299477,2026-07-05T09:44:04,90.18,0.613,F,2247.86,-7416.85,47.52227402,-122.25405884,E,,
2300548,2026-07-05T09:44:05,91.52,0.609,F,2248.51,-7416.85,47.52227402,-122.25405121,E,,
2301629,2026-07-05T09:44:06,90.11,0.604,F,2249.17,-7416.86,47.52227402,-122.25403595,E,,
2302693,2026-07-05T09:44:07,91.11,0.603,F,2249.82,-7416.86,47.52227402,-122.25402832,E,,
2303764,2026-07-05T09:44:08,93.53,0.602,F,2250.47,-7416.9,47.52227402,-122.25402069,E,,
2304845,2026-07-05T09:44:09,90.21,0.611,F,2251.12,-7416.9,47.52227402,-122.25401306,E,,
2305917,2026-07-05T09:44:10,91.98,0.617,F,2251.78,-7416.9,47.52227402,-122.25400543,E,,
2306979,2026-07-05T09:44:11,92.39,0.634,F,2252.45,-7416.94,47.52227402,-122.2539978,E,,
2308059,2026-07-05T09:44:12,91.85,0.633,F,2253.13,-7416.99,47.52227402,-122.25399017,E,,
2309149,2026-07-05T09:44:14,90.37,0.642,F,2253.82,-7416.99,47.52227402,-122.25397491,E,,
2310212,2026-07-05T09:44:15,91.18,0.622,F,2254.49,-7417.02,47.52227402,-122.25396729,E,,
2311284,2026-07-05T09:44:16,87.59,0.605,F,2255.15,-7417.02,47.52227402,-122.25395966,E,,
2312366,2026-07-05T09:44:17,89.97,0.602,F,2255.8,-7416.98,47.52227402,-122.25395203,E,,
2313437,2026-07-05T09:44:18,87.2,0.593,F,2256.44,-7416.97,47.52227402,-122.2539444,E,,
2314518,2026-07-05T09:44:19,89.54,0.594,F,2257.08,-7416.97,47.52227402,-122.25393677,E,,
2315599,2026-07-05T09:44:20,89.93,0.574,F,2257.71,-7416.97,47.52227402,-122.25392914,E,,
2316672,2026-07-05T09:44:21,89.59,0.592,F,2258.33,-7416.96,47.52227402,-122.25391388,E,,
2317718,2026-07-05T09:44:22,88.06,0.61,F,2258.96,-7416.96,47.52227402,-122.25390625,E,,
2318799,2026-07-05T09:44:23,89.25,0.627,F,2259.62,-7416.96,47.52227402,-122.25389862,E,,
2319879,2026-07-05T09:44:24,92.17,0.627,F,2260.31,-7416.96,47.52227402,-122.25389099,E,,
2320974,2026-07-05T09:44:25,95.05,0.617,F,2260.98,-7417.01,47.52227402,-122.25388336,E,,
2322038,2026-07-05T09:44:26,93.09,0.592,F,2261.62,-7417.06,47.52227402,-122.25387573,E,,
2323110,2026-07-05T09:44:28,89.82,0.575,F,2262.25,-7417.06,47.52227402,-122.2538681,E,,
2324174,2026-07-05T09:44:29,84.89,0.603,F,2262.87,-7417.02,47.52227402,-122.25386047,E,,
2325254,2026-07-05T09:44:30,86.14,0.602,F,2263.52,-7416.97,47.52227402,-122.25384521,E,,
2326317,2026-07-05T09:44:31,80.36,0.591,F,2264.16,-7416.89,47.52227402,-122.25383759,E,,
2327399,2026-07-05T09:44:32,77.06,0.593,F,2264.79,-7416.77,47.52227402,-122.25382996,E,,
2328462,2026-07-05T09:44:33,80.28,0.597,F,2265.41,-7416.62,47.52227783,-122.25382233,E,,
2329542,2026-07-05T09:44:34,78.19,0.598,F,2266.04,-7416.51,47.52227783,-122.2538147,E,,
2330627,2026-07-05T09:44:35,88.03,0.615,F,2266.69,-7416.43,47.52227783,-122.25380707,E,,
2331698,2026-07-05T09:44:36,83.46,0.592,F,2267.34,-7416.39,47.52227783,-122.25379944,E,,
2332769,2026-07-05T09:44:37,82.22,0.584,F,2267.96,-7416.32,47.52228165,-122.25379181,E,,
2333841,2026-07-05T09:44:38,84.26,0.598,F,2268.59,-7416.23,47.52228165,-122.25378418,E,,
2334921,2026-07-05T09:44:39,90.24,0.596,F,2269.24,-7416.2,47.52228165,-122.25376892,E,,
2335991,2026-07-05T09:44:40,92.67,0.576,F,2269.88,-7416.23,47.52228165,-122.25376129,E,,
2337063,2026-07-05T09:44:41,98.05,0.586,F,2270.49,-7416.29,47.52228165,-122.25375366,E,,
2338153,2026-07-05T09:44:43,94.69,0.597,F,2271.13,-7416.36,47.52227783,-122.25374603,E,,
2339205,2026-07-05T09:44:44,93.11,0.622,F,2271.77,-7416.41,47.52227783,-122.2537384,E,,
2340271,2026-07-05T09:44:45,91.35,0.626,F,2272.43,-7416.44,47.52227783,-122.25373077,E,,
2341319,2026-07-05T09:44:46,90.71,0.635,F,2273.09,-7416.45,47.52227783,-122.25372314,E,,
2342392,2026-07-05T09:44:47,93.69,0.646,F,2273.77,-7416.48,47.52227783,-122.25370789,E,,
2343457,2026-07-05T09:44:48,95.9,0.634,F,2274.44,-7416.53,47.52227783,-122.25370026,E,,
2344537,2026-07-05T09:44:49,96.05,0.624,F,2275.11,-7416.59,47.52227783,-122.25369263,E,,
2345602,2026-07-05T09:44:50,98.83,0.628,F,2275.77,-7416.68,47.52227783,-122.253685,E,,
2346665,2026-07-05T09:44:51,98.67,0.631,F,2276.44,-7416.78,47.52227402,-122.25367737,E,,
2347737,2026-07-05T09:44:52,95.39,0.63,F,2277.12,-7416.87,47.52227402,-122.25366974,E,,
2348800,2026-07-05T09:44:53,92.18,0.632,F,2277.79,-7416.91,47.52227402,-122.25365448,E,,
2349881,2026-07-05T09:44:54,91.55,0.621,F,2278.47,-7416.92,47.52227402,-122.25364685,E,,
2350905,2026-07-05T09:44:55,94.13,0.634,F,2279.11,-7416.95,47.52227402,-122.25363922,E,,
2351977,2026-07-05T09:44:56,90.98,0.634,F,2279.79,-7416.97,47.52227402,-122.25363159,E,,
2353048,2026-07-05T09:44:57,89.37,0.635,F,2280.47,-7416.97,47.52227402,-122.25362396,E,,
2354113,2026-07-05T09:44:59,84.65,0.637,F,2281.14,-7416.94,47.52227402,-122.25361633,E,,
2355187,2026-07-05T09:45:00,84.3,0.626,F,2281.82,-7416.89,47.52227402,-122.25360107,E,,
2356268,2026-07-05T09:45:01,81.7,0.647,F,2282.51,-7416.8,47.52227402,-122.25359344,E,,
2357331,2026-07-05T09:45:02,84.04,0.634,F,2283.18,-7416.71,47.52227783,-122.25358582,E,,
2358402,2026-07-05T09:45:03,79.55,0.615,F,2283.84,-7416.61,47.52227783,-122.25357819,E,,
2359468,2026-07-05T09:45:04,79.11,0.621,F,2284.49,-7416.51,47.52227783,-122.25357056,E,,
2360533,2026-07-05T09:45:05,77.87,0.626,F,2285.14,-7416.36,47.52227783,-122.25356293,E,,
2361614,2026-07-05T09:45:06,76.96,0.637,F,2285.8,-7416.21,47.52228165,-122.25354767,E,,
2362679,2026-07-05T09:45:07,84.84,0.629,F,2286.46,-7416.09,47.52228165,-122.25354004,E,,
2363759,2026-07-05T09:45:08,87.48,0.617,F,2287.14,-7416.03,47.52228165,-122.25353241,E,,
2364839,2026-07-05T09:45:09,82.9,0.612,F,2287.79,-7415.98,47.52228165,-122.25352478,E,,
2365929,2026-07-05T09:45:10,88.56,0.617,F,2288.46,-7415.92,47.52228165,-122.25351715,E,,
2366999,2026-07-05T09:45:11,85.21,0.642,F,2289.13,-7415.89,47.52228546,-122.25350952,E,,
2368079,2026-07-05T09:45:13,80.11,0.628,F,2289.81,-7415.79,47.52228546,-122.25349426,E,,
2369150,2026-07-05T09:45:14,77.82,0.641,F,2290.48,-7415.65,47.52228546,-122.25348663,E,,
2370220,2026-07-05T09:45:15,76.01,0.627,F,2291.15,-7415.5,47.52228546,-122.253479,E,,
2371279,2026-07-05T09:45:16,74.28,0.641,F,2291.79,-7415.31,47.52228928,-122.25347137,E,,
2372352,2026-07-05T09:45:17,73.03,0.63,F,2292.45,-7415.13,47.52228928,-122.25346375,E,,
2373416,2026-07-05T09:45:18,69.37,0.644,F,2293.09,-7414.92,47.52229309,-122.25345612,E,,
2374479,2026-07-05T09:45:19,67.19,0.642,F,2293.72,-7414.66,47.52229309,-122.25344849,E,,
2375564,2026-07-05T09:45:20,70.77,0.617,F,2294.36,-7414.42,47.52229691,-122.25344086,E,,
2376635,2026-07-05T09:45:21,78.35,0.602,F,2294.98,-7414.22,47.52229691,-122.2534256,E,,
2377714,2026-07-05T09:45:22,84.65,0.591,F,2295.61,-7414.13,47.52230072,-122.25341797,E,,
2378795,2026-07-05T09:45:23,88.3,0.622,F,2296.27,-7414.09,47.52230072,-122.25341034,E,,
2379858,2026-07-05T09:45:24,93.47,0.617,F,2296.92,-7414.09,47.52230072,-122.25340271,E,,
2380929,2026-07-05T09:45:25,86.62,0.632,F,2297.59,-7414.11,47.52230072,-122.25339508,E,,
2381953,2026-07-05T09:45:26,91.26,0.622,F,2298.23,-7414.1,47.52230072,-122.25338745,E,,
2383033,2026-07-05T09:45:27,94.96,0.616,F,2298.89,-7414.15,47.52230072,-122.25337982,E,,
2384113,2026-07-05T09:45:29,95.67,0.623,F,2299.55,-7414.2,47.52230072,-122.25336456,E,,
2385201,2026-07-05T09:45:30,91.91,0.635,F,2300.23,-7414.25,47.52229691,-122.25335693,E,,
2386271,2026-07-05T09:45:31,87.41,0.625,F,2300.9,-7414.24,47.52229691,-122.2533493,E,,
2387341,2026-07-05T09:45:32,85.02,0.616,F,2301.57,-7414.19,47.52230072,-122.25334167,E,,
2388405,2026-07-05T09:45:33,81.72,0.584,F,2302.2,-7414.13,47.52230072,-122.25333405,E,,
2389476,2026-07-05T09:45:34,83.33,0.588,F,2302.83,-7414.05,47.52230072,-122.25332642,E,,
2390550,2026-07-05T09:45:35,80.38,0.58,F,2303.46,-7413.96,47.52230072,-122.25331879,E,,
2391629,2026-07-05T09:45:36,77.45,0.575,F,2304.07,-7413.84,47.52230072,-122.25331116,E,,
2392717,2026-07-05T09:45:37,74.38,0.559,F,2304.67,-7413.7,47.52230453,-122.25330353,E,,
2393780,2026-07-05T09:45:38,72.03,0.563,F,2305.24,-7413.51,47.52230453,-122.2532959,E,,
2394850,2026-07-05T09:45:39,71.49,0.554,F,2305.81,-7413.34,47.52230835,-122.25328827,E,,
2395920,2026-07-05T09:45:40,70.72,0.546,F,2306.38,-7413.16,47.52230835,-122.25328064,E,,
2396973,2026-07-05T09:45:41,74.19,0.523,F,2306.92,-7412.98,47.52230835,-122.25327301,E,,
2398043,2026-07-05T09:45:42,72.67,0.515,F,2307.46,-7412.81,47.52231216,-122.25326538,E,,
2399112,2026-07-05T09:45:44,79.53,0.541,F,2308,-7412.67,47.52231216,-122.25325775,E,,
2400235,2026-07-05T09:45:45,89.05,0.54,F,2308.61,-7412.6,47.52231216,-122.25325012,E,,
2401302,2026-07-05T09:45:46,96.77,0.539,F,2309.18,-7412.64,47.52231216,-122.25324249,E,,
2402381,2026-07-05T09:45:47,111.32,0.548,F,2309.74,-7412.8,47.52231216,-122.25323486,E,,
2403451,2026-07-05T09:45:48,98.5,0.556,F,2310.31,-7412.94,47.52230835,-122.25322723,E,,
2404532,2026-07-05T09:45:49,91.12,0.528,F,2310.89,-7413.01,47.52230835,-122.2532196,E,,
2405612,2026-07-05T09:45:50,88.21,0.558,F,2311.48,-7413.01,47.52230835,-122.25321198,E,,
2406681,2026-07-05T09:45:51,86.99,0.551,F,2312.08,-7413,47.52230835,-122.25320435,E,,
2407768,2026-07-05T09:45:52,86.94,0.554,F,2312.68,-7412.95,47.52230835,-122.25319672,E,,
2408840,2026-07-05T09:45:53,83.64,0.538,F,2313.25,-7412.9,47.52231216,-122.25318909,E,,
2409910,2026-07-05T09:45:54,85.02,0.537,F,2313.83,-7412.84,47.52231216,-122.25318146,E,,
2410980,2026-07-05T09:45:55,85.01,0.538,F,2314.4,-7412.78,47.52231216,-122.25317383,E,,
2412060,2026-07-05T09:45:56,81.62,0.536,F,2314.98,-7412.72,47.52231216,-122.2531662,E,,
2413139,2026-07-05T09:45:58,77.58,0.534,F,2315.54,-7412.61,47.52231216,-122.25315857,E,,
2414211,2026-07-05T09:45:59,80.24,0.544,F,2316.11,-7412.51,47.52231598,-122.25315094,E,,
2415289,2026-07-05T09:46:00,82.88,0.541,F,2316.69,-7412.41,47.52231598,-122.25314331,E,,
2416350,2026-07-05T09:46:01,74.58,0.538,F,2317.26,-7412.31,47.52231598,-122.25313568,E,,
2417414,2026-07-05T09:46:02,71.76,0.527,F,2317.8,-7412.15,47.52231598,-122.25312805,E,,
2418485,2026-07-05T09:46:03,69.53,0.495,F,2318.33,-7411.94,47.52231979,-122.25312042,E,,
2419546,2026-07-05T09:46:04,70.1,0.366,F,2318.76,-7411.79,47.52231979,-122.25311279,E,,
2420626,2026-07-05T09:46:05,74.24,0.255,F,2319.08,-7411.68,47.52231979,-122.25310516,E,,
2421679,2026-07-05T09:46:06,83.62,0.18,F,2319.3,-7411.64,47.52232361,-122.25310516,E,,
2422751,2026-07-05T09:46:07,63.44,0.252,F,2319.5,-7411.57,47.52232361,-122.25310516,E,,
2423812,2026-07-05T09:46:08,64.79,0.347,F,2319.79,-7411.44,47.52232361,-122.25309753,E,,
2424873,2026-07-05T09:46:09,62.45,0.424,F,2320.16,-7411.25,47.52232361,-122.25309753,E,,
2425952,2026-07-05T09:46:10,60.33,0.475,F,2320.59,-7411.02,47.52232742,-122.2530899,E,,
2427021,2026-07-05T09:46:11,64.04,0.511,F,2321.06,-7410.76,47.52233124,-122.25308228,E,,
2428091,2026-07-05T09:46:13,64.42,0.414,F,2321.52,-7410.54,47.52233124,-122.25307465,E,,
2429161,2026-07-05T09:46:14,62.02,0.335,F,2321.86,-7410.38,47.52233505,-122.25307465,E,,
2430224,2026-07-05T09:46:15,62.84,0.379,F,2322.18,-7410.21,47.52233505,-122.25306702,E,,
2431291,2026-07-05T09:46:16,66.26,0.415,F,2322.57,-7410.02,47.52233505,-122.25305939,E,,
2432361,2026-07-05T09:46:17,72.53,0.461,F,2323.01,-7409.86,47.52233887,-122.25305939,E,,
2433431,2026-07-05T09:46:18,76.42,0.491,F,2323.51,-7409.72,47.52233887,-122.25305176,E,,
2434493,2026-07-05T09:46:19,84.27,0.421,F,2324,-7409.65,47.52233887,-122.25304413,E,,
2435567,2026-07-05T09:46:20,83.26,0.337,F,2324.39,-7409.63,47.52233887,-122.2530365,E,,
2436647,2026-07-05T09:46:21,80.48,0.405,F,2324.79,-7409.57,47.52233887,-122.25302887,E,,
2437708,2026-07-05T09:46:22,82.43,0.455,F,2325.25,-7409.52,47.52234268,-122.25302887,E,,
2438786,2026-07-05T09:46:23,81.2,0.479,F,2325.74,-7409.46,47.52234268,-122.25302124,E,,
2439865,2026-07-05T09:46:24,82.37,0.515,F,2326.27,-7409.37,47.52234268,-122.25301361,E,,
2440953,2026-07-05T09:46:25,86.88,0.528,F,2326.84,-7409.32,47.52234268,-122.25300598,E,,
2442014,2026-07-05T09:46:26,85.71,0.531,F,2327.4,-7409.27,47.52234268,-122.25299835,E,,
2443018,2026-07-05T09:46:27,86.08,0.531,F,2327.94,-7409.22,47.52234268,-122.25299072,E,,
2444097,2026-07-05T09:46:29,81.12,0.551,F,2328.52,-7409.15,47.52234268,-122.25298309,E,,
2445176,2026-07-05T09:46:30,81.7,0.574,F,2329.12,-7409.05,47.5223465,-122.25297546,E,,
2446254,2026-07-05T09:46:31,79.7,0.537,F,2329.72,-7408.95,47.5223465,-122.25296783,E,,
2447326,2026-07-05T09:46:32,89.13,0.385,F,2330.21,-7408.9,47.5223465,-122.25296021,E,,
2448372,2026-07-05T09:46:33,87.18,0.272,F,2330.55,-7408.9,47.5223465,-122.25295258,E,,
2449419,2026-07-05T09:46:34,98.42,0.192,F,2330.79,-7408.9,47.5223465,-122.25295258,E,,
2450481,2026-07-05T09:46:35,111.72,0.135,F,2330.95,-7408.95,47.5223465,-122.25295258,E,,
2451552,2026-07-05T09:46:36,115.04,0,F,2331.05,-7409,47.5223465,-122.25294495,E,,
2452641,2026-07-05T09:46:37,110.87,0,F,2331.05,-7409,47.5223465,-122.25294495,E,,
2453719,2026-07-05T09:46:38,100.41,0,F,2331.05,-7409,47.5223465,-122.25294495,E,,
2454789,2026-07-05T09:46:39,87.42,0,F,2331.05,-7409,47.5223465,-122.25294495,E,,
2455860,2026-07-05T09:46:40,53.92,0,F,2331.05,-7409,47.5223465,-122.25294495,E,,
2456946,2026-07-05T09:46:41,48.84,0,F,2331.05,-7409,47.5223465,-122.25294495,E,,
2458017,2026-07-05T09:46:42,51.5,0,F,2331.05,-7409,47.5223465,-122.25294495,E,,
2459087,2026-07-05T09:46:44,63.46,0,F,2331.05,-7409,47.5223465,-122.25294495,E,,
2460166,2026-07-05T09:46:45,82.56,0,F,2331.05,-7409,47.5223465,-122.25294495,E,,
2461246,2026-07-05T09:46:46,97.6,0,F,2331.05,-7409,47.5223465,-122.25294495,E,,
2462324,2026-07-05T09:46:47,124.86,0,F,2331.05,-7409,47.5223465,-122.25294495,E,,
2463385,2026-07-05T09:46:48,171.05,0,F,2331.05,-7409,47.5223465,-122.25294495,E,,
2464449,2026-07-05T09:46:49,185.55,0,F,2331.05,-7409,47.5223465,-122.25294495,E,,
2465511,2026-07-05T09:46:50,187.04,0,F,2331.05,-7409,47.5223465,-122.25294495,E,,
2466590,2026-07-05T09:46:51,188.78,0,F,2331.05,-7409,47.5223465,-122.25294495,E,,
2467669,2026-07-05T09:46:52,202.17,0,F,2331.05,-7409,47.5223465,-122.25294495,E,,
2468739,2026-07-05T09:46:53,151.93,0,F,2331.05,-7409,47.5223465,-122.25294495,E,,
2469817,2026-07-05T09:46:54,50.33,0.126,F,2331.15,-7408.95,47.5223465,-122.25294495,E,,
2470886,2026-07-05T09:46:55,60.18,0,F,2331.2,-7408.88,47.5223465,-122.25294495,E,,
2471973,2026-07-05T09:46:56,311.19,0,F,2331.2,-7408.88,47.5223465,-122.25294495,E,,
2473045,2026-07-05T09:46:57,274.57,0,F,2331.2,-7408.88,47.5223465,-122.25294495,E,,
2474076,2026-07-05T09:46:59,210.16,0,F,2331.2,-7408.88,47.5223465,-122.25294495,E,,
2475154,2026-07-05T09:47:00,150.1,0,F,2331.2,-7408.88,47.5223465,-122.25294495,E,,
2476224,2026-07-05T09:47:01,111.9,0,F,2331.2,-7408.88,47.5223465,-122.25294495,E,,
2477302,2026-07-05T09:47:02,115.08,0,F,2331.2,-7408.88,47.5223465,-122.25294495,E,,
2478365,2026-07-05T09:47:03,192.06,0,F,2331.2,-7408.88,47.5223465,-122.25294495,E,,
2479438,2026-07-05T09:47:04,241.25,0,F,2331.2,-7408.88,47.5223465,-122.25294495,E,,
2480512,2026-07-05T09:47:05,248.03,0,F,2331.2,-7408.88,47.5223465,-122.25294495,E,,
2481584,2026-07-05T09:47:06,219.29,0,F,2331.2,-7408.88,47.5223465,-122.25294495,E,,
2482664,2026-07-05T09:47:07,212.94,0,F,2331.2,-7408.88,47.5223465,-122.25294495,E,,
2483728,2026-07-05T09:47:08,26.26,0,F,2331.2,-7408.88,47.5223465,-122.25294495,E,,
2484790,2026-07-05T09:47:09,22.22,0,F,2331.2,-7408.88,47.5223465,-122.25294495,E,,
2485860,2026-07-05T09:47:10,54.3,0.18,F,2331.26,-7408.82,47.5223465,-122.25294495,E,,
2486930,2026-07-05T09:47:11,72.05,0.295,F,2331.5,-7408.71,47.5223465,-122.25294495,E,,
2488007,2026-07-05T09:47:12,100.21,0.385,F,2331.87,-7408.69,47.52235031,-122.25293732,E,,
2489059,2026-07-05T09:47:13,103.48,0.452,F,2332.31,-7408.75,47.5223465,-122.25292969,E,,
2490128,2026-07-05T09:47:15,137.11,0.48,F,2332.73,-7408.98,47.5223465,-122.25292969,E,,
2491202,2026-07-05T09:47:16,155.83,0.516,F,2333.01,-7409.43,47.52234268,-122.25292206,E,,
2492281,2026-07-05T09:47:17,167.13,0.531,F,2333.19,-7409.97,47.52233887,-122.25292206,E,,
2493343,2026-07-05T09:47:18,167.97,0.542,F,2333.28,-7410.53,47.52233124,-122.25292206,E,,
2494415,2026-07-05T09:47:19,164.78,0.541,F,2333.41,-7411.11,47.52232742,-122.25291443,E,,
2495459,2026-07-05T09:47:20,181.49,0.545,F,2333.51,-7411.66,47.52232361,-122.25291443,E,,
2496529,2026-07-05T09:47:21,184.49,0.562,F,2333.45,-7412.24,47.52231598,-122.25291443,E,,
2497601,2026-07-05T09:47:22,185.18,0.575,F,2333.42,-7412.85,47.52231216,-122.25291443,E,,
2498681,2026-07-05T09:47:23,199.01,0.572,F,2333.29,-7413.45,47.52230453,-122.25292206,E,,
2499761,2026-07-05T09:47:24,212.14,0.549,F,2333.04,-7414,47.52230072,-122.25292206,E,,
2500831,2026-07-05T09:47:25,210.81,0.584,F,2332.7,-7414.52,47.52229691,-122.25292969,E,,
2501919,2026-07-05T09:47:26,203.21,0.588,F,2332.41,-7415.08,47.52228928,-122.25292969,E,,
2502989,2026-07-05T09:47:27,196.71,0.582,F,2332.21,-7415.66,47.52228546,-122.25292969,E,,
2504076,2026-07-05T09:47:29,206.83,0.595,F,2331.97,-7416.25,47.52228165,-122.25293732,E,,
2505155,2026-07-05T09:47:30,216.2,0.606,F,2331.64,-7416.79,47.52227402,-122.25293732,E,,
2506226,2026-07-05T09:47:31,220.24,0.604,F,2331.23,-7417.31,47.5222702,-122.25294495,E,,
2507295,2026-07-05T09:47:32,223.82,0.613,F,2330.79,-7417.79,47.52226639,-122.25295258,E,,
2508365,2026-07-05T09:47:33,218.25,0.59,F,2330.37,-7418.26,47.52226257,-122.25296021,E,,
2509413,2026-07-05T09:47:34,209.54,0.578,F,2330.04,-7418.77,47.52225876,-122.25296021,E,,
2510484,2026-07-05T09:47:35,205.36,0.555,F,2329.76,-7419.3,47.52225494,-122.25296783,E,,
2511556,2026-07-05T09:47:36,206.77,0.55,F,2329.5,-7419.82,47.52224731,-122.25296783,E,,
2512636,2026-07-05T09:47:37,205.76,0.554,F,2329.24,-7420.35,47.5222435,-122.25297546,E,,
2513716,2026-07-05T09:47:38,209.94,0.547,F,2328.97,-7420.88,47.52223969,-122.25297546,E,,
2514786,2026-07-05T09:47:39,220.74,0.544,F,2328.63,-7421.35,47.52223587,-122.25298309,E,,
2515866,2026-07-05T09:47:40,229.12,0.53,F,2328.22,-7421.75,47.52223206,-122.25298309,E,,
2516937,2026-07-05T09:47:41,231.56,0.521,F,2327.78,-7422.12,47.52222824,-122.25299072,E,,
2518011,2026-07-05T09:47:42,229.23,0.506,F,2327.36,-7422.45,47.52222443,-122.25299835,E,,
2519083,2026-07-05T09:47:44,217.76,0.506,F,2326.99,-7422.84,47.52222061,-122.25300598,E,,
2520172,2026-07-05T09:47:45,220.32,0.512,F,2326.66,-7423.27,47.5222168,-122.25300598,E,,
2521246,2026-07-05T09:47:46,220.46,0.51,F,2326.29,-7423.69,47.52221298,-122.25301361,E,,
2522307,2026-07-05T09:47:47,217.9,0.508,F,2325.96,-7424.11,47.52220917,-122.25301361,E,,
2523387,2026-07-05T09:47:48,218.72,0.514,F,2325.61,-7424.53,47.52220535,-122.25302124,E,,
2524466,2026-07-05T09:47:49,211.64,0.531,F,2325.28,-7424.98,47.52220154,-122.25302887,E,,
2525537,2026-07-05T09:47:50,205.28,0.521,F,2325.02,-7425.48,47.52219772,-122.25302887,E,,
2526600,2026-07-05T09:47:51,204.45,0.537,F,2324.79,-7426,47.52219391,-122.25302887,E,,
2527664,2026-07-05T09:47:52,202.01,0.527,F,2324.56,-7426.52,47.52219009,-122.2530365,E,,
2528725,2026-07-05T09:47:53,213.01,0.54,F,2324.3,-7427.02,47.52218246,-122.2530365,E,,
2529786,2026-07-05T09:47:54,217.45,0.52,F,2323.98,-7427.49,47.52217865,-122.25304413,E,,
2530856,2026-07-05T09:47:55,219.44,0.524,F,2323.62,-7427.91,47.52217484,-122.25304413,E,,
2531935,2026-07-05T09:47:56,214.92,0.545,F,2323.27,-7428.37,47.52217102,-122.25305176,E,,
2532998,2026-07-05T09:47:57,213.09,0.543,F,2322.94,-7428.84,47.52216721,-122.25305939,E,,
2534077,2026-07-05T09:47:59,209.61,0.549,F,2322.64,-7429.35,47.52216339,-122.25305939,E,,
2535111,2026-07-05T09:48:00,207.67,0.53,F,2322.37,-7429.85,47.52215958,-122.25306702,E,,
2536182,2026-07-05T09:48:01,205.83,0.531,F,2322.11,-7430.37,47.52215195,-122.25306702,E,,
2537254,2026-07-05T09:48:02,208.44,0.532,F,2321.86,-7430.89,47.52214813,-122.25307465,E,,
2538326,2026-07-05T09:48:03,214.91,0.53,F,2321.56,-7431.39,47.52214432,-122.25307465,E,,
2539397,2026-07-05T09:48:04,215.02,0.522,F,2321.23,-7431.86,47.5221405,-122.25308228,E,,
2540458,2026-07-05T09:48:05,211.76,0.536,F,2320.92,-7432.32,47.52213669,-122.25308228,E,,
2541511,2026-07-05T09:48:06,210.47,0.548,F,2320.63,-7432.82,47.52213287,-122.2530899,E,,
2542590,2026-07-05T09:48:07,205.39,0.543,F,2320.35,-7433.35,47.52212524,-122.2530899,E,,
2543672,2026-07-05T09:48:08,199.38,0.549,F,2320.13,-7433.89,47.52212143,-122.25309753,E,,
2544733,2026-07-05T09:48:09,198.11,0.527,F,2319.95,-7434.42,47.52211761,-122.25309753,E,,
2545802,2026-07-05T09:48:10,194.44,0.531,F,2319.79,-7434.94,47.5221138,-122.25309753,E,,
2546881,2026-07-05T09:48:11,193.02,0.54,F,2319.65,-7435.52,47.52210617,-122.25309753,E,,
2547960,2026-07-05T09:48:12,190.6,0.536,F,2319.54,-7436.1,47.52210236,-122.25310516,E,,
2549029,2026-07-05T09:48:13,193.82,0.535,F,2319.41,-7436.67,47.52209854,-122.25310516,E,,
2550099,2026-07-05T09:48:15,194.2,0.545,F,2319.26,-7437.24,47.52209091,-122.25310516,E,,
2551150,2026-07-05T09:48:16,191.74,0.544,F,2319.14,-7437.8,47.5220871,-122.25310516,E,,
2552220,2026-07-05T09:48:17,192.87,0.54,F,2319.02,-7438.38,47.52208328,-122.25311279,E,,
2553290,2026-07-05T09:48:18,200.91,0.537,F,2318.84,-7438.93,47.52207565,-122.25311279,E,,
2554369,2026-07-05T09:48:19,200.59,0.534,F,2318.65,-7439.47,47.52207184,-122.25311279,E,,
2555441,2026-07-05T09:48:20,210.55,0.535,F,2318.41,-7439.98,47.52206802,-122.25312042,E,,
2556515,2026-07-05T09:48:21,215.06,0.555,F,2318.08,-7440.46,47.52206421,-122.25312042,E,,
2557570,2026-07-05T09:48:22,211.09,0.563,F,2317.76,-7440.94,47.52206039,-122.25312805,E,,
2558635,2026-07-05T09:48:23,207.64,0.555,F,2317.47,-7441.46,47.52205276,-122.25312805,E,,
2559706,2026-07-05T09:48:24,202.42,0.537,F,2317.22,-7441.99,47.52204895,-122.25313568,E,,
2560786,2026-07-05T09:48:25,202.47,0.525,F,2317.01,-7442.52,47.52204514,-122.25313568,E,,
2561865,2026-07-05T09:48:26,207.72,0.518,F,2316.78,-7443.03,47.52204132,-122.25313568,E,,
2562927,2026-07-05T09:48:27,216.69,0.493,F,2316.49,-7443.49,47.52203751,-122.25314331,E,,
2563984,2026-07-05T09:48:28,216.93,0.507,F,2316.15,-7443.9,47.52203369,-122.25315094,E,,
2565055,2026-07-05T09:48:29,205.89,0.515,F,2315.88,-7444.37,47.52202606,-122.25315094,E,,
2566138,2026-07-05T09:48:31,204.53,0.539,F,2315.64,-7444.9,47.52202225,-122.25315094,E,,
2567210,2026-07-05T09:48:32,197.39,0.538,F,2315.44,-7445.42,47.52201843,-122.25315857,E,,
2568290,2026-07-05T09:48:33,192.18,0.546,F,2315.3,-7446,47.52201462,-122.25315857,E,,
2569371,2026-07-05T09:48:34,194.8,0.562,F,2315.16,-7446.58,47.52200699,-122.25315857,E,,
2570443,2026-07-05T09:48:35,193.8,0.543,F,2315,-7447.16,47.52200317,-122.2531662,E,,
2571506,2026-07-05T09:48:36,198.99,0.541,F,2314.85,-7447.72,47.52199936,-122.2531662,E,,
2572577,2026-07-05T09:48:37,200.7,0.539,F,2314.65,-7448.25,47.52199173,-122.2531662,E,,
2573650,2026-07-05T09:48:38,200.21,0.548,F,2314.44,-7448.79,47.52198792,-122.2531662,E,,
2574731,2026-07-05T09:48:39,196.07,0.561,F,2314.25,-7449.37,47.5219841,-122.25317383,E,,
2575810,2026-07-05T09:48:40,196.25,0.581,F,2314.09,-7449.96,47.52197647,-122.25317383,E,,
2576883,2026-07-05T09:48:41,201.93,0.578,F,2313.88,-7450.54,47.52197266,-122.25317383,E,,
2577955,2026-07-05T09:48:42,209.44,0.585,F,2313.62,-7451.1,47.52196884,-122.25318146,E,,
2579016,2026-07-05T09:48:43,220.53,0.603,F,2313.25,-7451.61,47.52196121,-122.25318909,E,,
2580087,2026-07-05T09:48:45,232.09,0.603,F,2312.8,-7452.07,47.5219574,-122.25318909,E,,
2581091,2026-07-05T09:48:46,244.27,0.604,F,2312.28,-7452.37,47.5219574,-122.25319672,E,,
2582154,2026-07-05T09:48:47,250.81,0.614,F,2311.68,-7452.62,47.52195358,-122.25320435,E,,
2583209,2026-07-05T09:48:48,258.04,0.602,F,2311.06,-7452.8,47.52195358,-122.25321198,E,,
2584267,2026-07-05T09:48:49,256.32,0.613,F,2310.43,-7452.92,47.52194977,-122.25322723,E,,
2585330,2026-07-05T09:48:50,250.37,0.602,F,2309.81,-7453.11,47.52194977,-122.25323486,E,,
2586413,2026-07-05T09:48:51,243.64,0.6,F,2309.21,-7453.34,47.52194595,-122.25324249,E,,
2587485,2026-07-05T09:48:52,237.9,0.6,F,2308.65,-7453.68,47.52194595,-122.25325012,E,,
2588566,2026-07-05T09:48:53,239.46,0.609,F,2308.1,-7454.01,47.52194214,-122.25325775,E,,
2589638,2026-07-05T09:48:54,238.66,0.619,F,2307.54,-7454.33,47.52193832,-122.25326538,E,,
2590718,2026-07-05T09:48:55,235.19,0.591,F,2306.99,-7454.69,47.52193451,-122.25327301,E,,
2591781,2026-07-05T09:48:56,239.37,0.552,F,2306.46,-7455.02,47.52193069,-122.25327301,E,,
2592871,2026-07-05T09:48:57,234.36,0.402,F,2306.03,-7455.3,47.52193069,-122.25328064,E,,
2593942,2026-07-05T09:48:58,225.48,0.327,F,2305.74,-7455.53,47.52192688,-122.25328827,E,,
2595013,2026-07-05T09:48:59,220.09,0.369,F,2305.48,-7455.8,47.52192688,-122.25328827,E,,
2596103,2026-07-05T09:49:01,212.48,0.426,F,2305.24,-7456.16,47.52192307,-122.2532959,E,,
2597130,2026-07-05T09:49:02,220.95,0.463,F,2304.96,-7456.52,47.52191925,-122.2532959,E,,
2598195,2026-07-05T09:49:03,227.01,0.485,F,2304.61,-7456.88,47.52191544,-122.25330353,E,,
2599275,2026-07-05T09:49:04,225.61,0.498,F,2304.21,-7457.25,47.52191162,-122.25330353,E,,
2600337,2026-07-05T09:49:05,224.57,0.519,F,2303.83,-7457.63,47.52190781,-122.25331116,E,,
2601410,2026-07-05T09:49:06,231.5,0.533,F,2303.41,-7458.01,47.52190399,-122.25331879,E,,
2602492,2026-07-05T09:49:07,231.46,0.542,F,2302.96,-7458.38,47.52190018,-122.25332642,E,,
2603564,2026-07-05T09:49:08,242.24,0.55,F,2302.46,-7458.68,47.52190018,-122.25332642,E,,
2604646,2026-07-05T09:49:09,238.71,0.532,F,2301.96,-7458.99,47.52189636,-122.25333405,E,,
2605718,2026-07-05T09:49:10,242.33,0.541,F,2301.44,-7459.26,47.52189255,-122.25334167,E,,
2606797,2026-07-05T09:49:11,241.01,0.557,F,2300.92,-7459.55,47.52189255,-122.2533493,E,,
2607877,2026-07-05T09:49:12,236.36,0.567,F,2300.39,-7459.87,47.52188873,-122.25335693,E,,
2608948,2026-07-05T09:49:13,235.88,0.577,F,2299.87,-7460.2,47.52188492,-122.25336456,E,,
2610018,2026-07-05T09:49:14,236.93,0.572,F,2299.36,-7460.56,47.5218811,-122.25337219,E,,
2611093,2026-07-05T09:49:16,250.13,0.571,F,2298.82,-7460.82,47.5218811,-122.25337982,E,,
2612173,2026-07-05T09:49:17,253.66,0.599,F,2298.21,-7460.99,47.52187729,-122.25338745,E,,
2613252,2026-07-05T09:49:18,248.84,0.618,F,2297.59,-7461.21,47.52187729,-122.25339508,E,,
2614333,2026-07-05T09:49:19,243.8,0.62,F,2296.97,-7461.48,47.52187347,-122.25340271,E,,
2615396,2026-07-05T09:49:20,248.47,0.607,F,2296.38,-7461.75,47.52187347,-122.25341034,E,,
2616477,2026-07-05T09:49:21,253.8,0.594,F,2295.76,-7461.96,47.52186966,-122.25341797,E,,
2617550,2026-07-05T09:49:22,253.35,0.617,F,2295.14,-7462.13,47.52186966,-122.2534256,E,,
2618649,2026-07-05T09:49:23,249.54,0.618,F,2294.5,-7462.35,47.52186584,-122.25343323,E,,
2619719,2026-07-05T09:49:24,245.54,0.624,F,2293.89,-7462.6,47.52186584,-122.25344086,E,,
2620799,2026-07-05T09:49:25,241.83,0.604,F,2293.29,-7462.89,47.52186203,-122.25344849,E,,
2621879,2026-07-05T09:49:26,245.16,0.591,F,2292.71,-7463.19,47.52185822,-122.25345612,E,,
2622949,2026-07-05T09:49:27,253.75,0.594,F,2292.12,-7463.43,47.52185822,-122.25346375,E,,
2624019,2026-07-05T09:49:28,262.38,0.596,F,2291.5,-7463.55,47.5218544,-122.253479,E,,
2625099,2026-07-05T09:49:30,267.07,0.587,F,2290.87,-7463.61,47.5218544,-122.25348663,E,,
2626179,2026-07-05T09:49:31,264.8,0.589,F,2290.23,-7463.66,47.5218544,-122.25349426,E,,
2627224,2026-07-05T09:49:32,262.43,0.608,F,2289.61,-7463.73,47.5218544,-122.25350189,E,,
2628303,2026-07-05T09:49:33,260.83,0.615,F,2288.96,-7463.83,47.5218544,-122.25350952,E,,
2629373,2026-07-05T09:49:34,262.59,0.611,F,2288.31,-7463.93,47.52185059,-122.25351715,E,,
2630454,2026-07-05T09:49:35,265.21,0.615,F,2287.65,-7463.99,47.52185059,-122.25352478,E,,
2631517,2026-07-05T09:49:36,256.15,0.61,F,2287,-7464.08,47.52185059,-122.25353241,E,,
2632588,2026-07-05T09:49:37,260.26,0.597,F,2286.37,-7464.22,47.52185059,-122.25354004,E,,
2633668,2026-07-05T09:49:38,265.35,0.606,F,2285.72,-7464.29,47.52185059,-122.2535553,E,,
2634747,2026-07-05T09:49:39,264.5,0.613,F,2285.06,-7464.34,47.52184677,-122.25356293,E,,
2635826,2026-07-05T09:49:40,262.99,0.597,F,2284.41,-7464.4,47.52184677,-122.25357056,E,,
2636886,2026-07-05T09:49:41,260.95,0.569,F,2283.8,-7464.5,47.52184677,-122.25357819,E,,
2637957,2026-07-05T09:49:42,258.73,0.568,F,2283.2,-7464.61,47.52184677,-122.25358582,E,,
2639035,2026-07-05T09:49:43,260.93,0.577,F,2282.59,-7464.72,47.52184677,-122.25359344,E,,
2640105,2026-07-05T09:49:45,262.97,0.575,F,2281.99,-7464.79,47.52184296,-122.25360107,E,,
2641173,2026-07-05T09:49:46,266.2,0.564,F,2281.39,-7464.86,47.52184296,-122.2536087,E,,
2642234,2026-07-05T09:49:47,260.25,0.596,F,2280.77,-7464.92,47.52184296,-122.25361633,E,,
2643313,2026-07-05T09:49:48,259.14,0.586,F,2280.14,-7465.03,47.52184296,-122.25362396,E,,
2644393,2026-07-05T09:49:49,249.12,0.579,F,2279.54,-7465.21,47.52183914,-122.25363159,E,,
2645458,2026-07-05T09:49:50,245.73,0.576,F,2278.97,-7465.45,47.52183914,-122.25363922,E,,
2646538,2026-07-05T09:49:51,249.85,0.572,F,2278.41,-7465.71,47.52183533,-122.25364685,E,,
2647619,2026-07-05T09:49:52,253.64,0.569,F,2277.81,-7465.87,47.52183533,-122.25365448,E,,
2648680,2026-07-05T09:49:53,247.69,0.561,F,2277.25,-7466.07,47.52183151,-122.25366211,E,,
2649766,2026-07-05T09:49:54,247.01,0.582,F,2276.68,-7466.3,47.52183151,-122.25366974,E,,
2650836,2026-07-05T09:49:55,239.76,0.596,F,2276.11,-7466.59,47.5218277,-122.25367737,E,,
2651898,2026-07-05T09:49:56,238.55,0.598,F,2275.57,-7466.91,47.52182388,-122.253685,E,,
2652959,2026-07-05T09:49:57,239.14,0.581,F,2275.03,-7467.22,47.52182388,-122.25369263,E,,
2654038,2026-07-05T09:49:58,240.63,0.597,F,2274.48,-7467.54,47.52182007,-122.25370026,E,,
2655108,2026-07-05T09:50:00,240.06,0.62,F,2273.91,-7467.85,47.52181625,-122.25370789,E,,
2656169,2026-07-05T09:50:01,232.64,0.606,F,2273.37,-7468.21,47.52181244,-122.25371552,E,,
2657249,2026-07-05T09:50:02,232.51,0.613,F,2272.85,-7468.63,47.52180862,-122.25372314,E,,
2658342,2026-07-05T09:50:03,244.42,0.617,F,2272.29,-7468.99,47.52180862,-122.25373077,E,,
2659412,2026-07-05T09:50:04,264.68,0.595,F,2271.69,-7469.18,47.52180481,-122.2537384,E,,
2660475,2026-07-05T09:50:05,262.52,0.608,F,2271.05,-7469.19,47.52180481,-122.25374603,E,,
2661532,2026-07-05T09:50:06,257.41,0.588,F,2270.43,-7469.33,47.52180481,-122.25375366,E,,
2662613,2026-07-05T09:50:07,268.72,0.591,F,2269.8,-7469.4,47.52180481,-122.25376129,E,,
2663685,2026-07-05T09:50:08,269.21,0.583,F,2269.17,-7469.4,47.52180481,-122.25377655,E,,
2664754,2026-07-05T09:50:09,266.67,0.597,F,2268.54,-7469.44,47.52180099,-122.25378418,E,,
2665842,2026-07-05T09:50:10,262.69,0.594,F,2267.89,-7469.51,47.52180099,-122.25379181,E,,
2666931,2026-07-05T09:50:11,269.31,0.613,F,2267.23,-7469.54,47.52180099,-122.25379944,E,,
2668010,2026-07-05T09:50:12,266.39,0.609,F,2266.57,-7469.55,47.52180099,-122.25380707,E,,
2669071,2026-07-05T09:50:13,263.47,0.577,F,2265.94,-7469.6,47.52180099,-122.2538147,E,,
2670159,2026-07-05T09:50:15,267.81,0.574,F,2265.33,-7469.63,47.52180099,-122.25382233,E,,
2671218,2026-07-05T09:50:16,258.52,0.585,F,2264.72,-7469.71,47.52180099,-122.25382996,E,,
2672288,2026-07-05T09:50:17,256.99,0.599,F,2264.11,-7469.87,47.52179718,-122.25383759,E,,
2673348,2026-07-05T09:50:18,259.64,0.592,F,2263.49,-7469.98,47.52179718,-122.25384521,E,,
2674418,2026-07-05T09:50:19,258.56,0.616,F,2262.85,-7470.09,47.52179718,-122.25386047,E,,
2675475,2026-07-05T09:50:20,255.96,0.613,F,2262.22,-7470.24,47.52179718,-122.2538681,E,,
2676529,2026-07-05T09:50:21,249.46,0.592,F,2261.61,-7470.41,47.52179337,-122.25387573,E,,
2677595,2026-07-05T09:50:22,250.87,0.606,F,2261.01,-7470.63,47.52179337,-122.25388336,E,,
2678676,2026-07-05T09:50:23,239.32,0.621,F,2260.41,-7470.92,47.52178955,-122.25389099,E,,
2679737,2026-07-05T09:50:24,239.06,0.616,F,2259.84,-7471.26,47.52178574,-122.25389862,E,,
2680815,2026-07-05T09:50:25,238.01,0.61,F,2259.28,-7471.62,47.52178192,-122.25390625,E,,
2681894,2026-07-05T09:50:26,233.51,0.615,F,2258.73,-7471.99,47.52177811,-122.25391388,E,,
2682954,2026-07-05T09:50:27,239.18,0.612,F,2258.19,-7472.36,47.52177811,-122.25392151,E,,
2684015,2026-07-05T09:50:28,233.06,0.609,F,2257.65,-7472.71,47.52177429,-122.25392914,E,,
2685103,2026-07-05T09:50:30,223.28,0.613,F,2257.15,-7473.16,47.52177048,-122.25393677,E,,
2686182,2026-07-05T09:50:31,225.39,0.617,F,2256.7,-7473.64,47.52176666,-122.25393677,E,,
2687261,2026-07-05T09:50:32,221.43,0.611,F,2256.24,-7474.12,47.52175903,-122.2539444,E,,
2688291,2026-07-05T09:50:33,216.32,0.615,F,2255.85,-7474.62,47.52175522,-122.25395203,E,,
2689354,2026-07-05T09:50:34,220.9,0.61,F,2255.45,-7475.13,47.5217514,-122.25395203,E,,
2690423,2026-07-05T09:50:35,219.51,0.619,F,2255.03,-7475.64,47.52174759,-122.25395966,E,,
2691494,2026-07-05T09:50:36,219.93,0.603,F,2254.61,-7476.16,47.52174377,-122.25396729,E,,
2692575,2026-07-05T09:50:37,218.09,0.612,F,2254.19,-7476.67,47.52173615,-122.25397491,E,,
2693645,2026-07-05T09:50:38,217.17,0.619,F,2253.8,-7477.19,47.52173233,-122.25397491,E,,
2694724,2026-07-05T09:50:39,216.1,0.611,F,2253.4,-7477.72,47.52172852,-122.25398254,E,,
2695793,2026-07-05T09:50:40,213.76,0.608,F,2253.03,-7478.24,47.5217247,-122.25399017,E,,
2696863,2026-07-05T09:50:41,220.32,0.606,F,2252.63,-7478.76,47.52172089,-122.25399017,E,,
2697949,2026-07-05T09:50:42,222.08,0.611,F,2252.2,-7479.25,47.52171326,-122.2539978,E,,
2699027,2026-07-05T09:50:43,219.9,0.616,F,2251.76,-7479.75,47.52170944,-122.25400543,E,,
2700098,2026-07-05T09:50:45,216.94,0.612,F,2251.36,-7480.27,47.52170563,-122.25401306,E,,
2701177,2026-07-05T09:50:46,224.2,0.605,F,2250.94,-7480.78,47.52170181,-122.25401306,E,,
2702247,2026-07-05T09:50:47,233.3,0.594,F,2250.45,-7481.19,47.521698,-122.25402069,E,,
2703327,2026-07-05T09:50:48,238.68,0.604,F,2249.91,-7481.55,47.52169418,-122.25402832,E,,
2704408,2026-07-05T09:50:49,238.43,0.602,F,2249.36,-7481.89,47.52169037,-122.25403595,E,,
2705479,2026-07-05T09:50:50,241.61,0.581,F,2248.81,-7482.21,47.52168655,-122.25404358,E,,
2706532,2026-07-05T09:50:51,248.85,0.581,F,2248.26,-7482.46,47.52168655,-122.25405121,E,,
2707607,2026-07-05T09:50:52,247.82,0.597,F,2247.67,-7482.68,47.52168274,-122.25405884,E,,
2708678,2026-07-05T09:50:53,246.26,0.599,F,2247.09,-7482.94,47.52168274,-122.25406647,E,,
2709739,2026-07-05T09:50:54,248.73,0.613,F,2246.5,-7483.2,47.52167892,-122.2540741,E,,
2710809,2026-07-05T09:50:55,253.3,0.609,F,2245.88,-7483.38,47.52167892,-122.25408173,E,,
2711888,2026-07-05T09:50:56,255.11,0.616,F,2245.25,-7483.58,47.52167511,-122.25408936,E,,
2712978,2026-07-05T09:50:57,258.06,0.609,F,2244.6,-7483.74,47.52167511,-122.25409698,E,,
2714049,2026-07-05T09:50:58,259.41,0.617,F,2243.96,-7483.86,47.5216713,-122.25411224,E,,
2715128,2026-07-05T09:51:00,259.51,0.61,F,2243.3,-7483.97,47.5216713,-122.25411987,E,,
2716191,2026-07-05T09:51:01,259.59,0.608,F,2242.66,-7484.09,47.5216713,-122.2541275,E,,
2717262,2026-07-05T09:51:02,259.18,0.627,F,2242.02,-7484.2,47.5216713,-122.25413513,E,,
2718298,2026-07-05T09:51:03,264.27,0.656,F,2241.36,-7484.3,47.52166748,-122.25414276,E,,
2719360,2026-07-05T09:51:04,264.65,0.682,F,2240.65,-7484.35,47.52166748,-122.25415039,E,,
2720416,2026-07-05T09:51:05,264.62,0.691,F,2239.93,-7484.41,47.52166748,-122.25416565,E,,
2721469,2026-07-05T09:51:06,264.12,0.698,F,2239.21,-7484.48,47.52166748,-122.25417328,E,,
2722539,2026-07-05T09:51:07,265.02,0.72,F,2238.45,-7484.53,47.52166748,-122.25418091,E,,
2723621,2026-07-05T09:51:08,261.64,0.703,F,2237.69,-7484.62,47.52166748,-122.25418854,E,,
2724673,2026-07-05T09:51:09,258,0.726,F,2236.95,-7484.76,47.52166367,-122.2542038,E,,
2725743,2026-07-05T09:51:10,256.46,0.737,F,2236.18,-7484.95,47.52166367,-122.25421143,E,,
2726814,2026-07-05T09:51:11,259.81,0.737,F,2235.41,-7485.1,47.52166367,-122.25421906,E,,
2727859,2026-07-05T09:51:12,254.8,0.722,F,2234.67,-7485.27,47.52165985,-122.25423431,E,,
2728938,2026-07-05T09:51:13,251.97,0.734,F,2233.92,-7485.5,47.52165985,-122.25424194,E,,
2730026,2026-07-05T09:51:14,254.89,0.741,F,2233.15,-7485.72,47.52165604,-122.25424957,E,,
2731119,2026-07-05T09:51:16,253.48,0.746,F,2232.37,-7485.93,47.52165604,-122.25426483,E,,
2732189,2026-07-05T09:51:17,257.22,0.743,F,2231.61,-7486.13,47.52165222,-122.25427246,E,,
2733261,2026-07-05T09:51:18,257.73,0.741,F,2230.83,-7486.29,47.52165222,-122.25428009,E,,
2734332,2026-07-05T09:51:19,255.08,0.729,F,2230.07,-7486.48,47.52164841,-122.25429535,E,,
2735405,2026-07-05T09:51:20,260.2,0.739,F,2229.29,-7486.65,47.52164841,-122.25430298,E,,
2736475,2026-07-05T09:51:21,258.98,0.729,F,2228.53,-7486.8,47.52164841,-122.25431061,E,,
2737546,2026-07-05T09:51:22,257.75,0.742,F,2227.76,-7486.96,47.52164459,-122.25432587,E,,
2738616,2026-07-05T09:51:23,255.19,0.76,F,2226.98,-7487.14,47.52164459,-122.2543335,E,,
2739687,2026-07-05T09:51:24,252.85,0.74,F,2226.19,-7487.35,47.52164078,-122.25434875,E,,
2740757,2026-07-05T09:51:25,248.02,0.728,F,2225.46,-7487.63,47.52164078,-122.25435638,E,,
2741829,2026-07-05T09:51:26,249.26,0.73,F,2224.72,-7487.9,47.52163696,-122.25436401,E,,
2742901,2026-07-05T09:51:27,251.98,0.732,F,2223.99,-7488.17,47.52163315,-122.25437164,E,,
2743980,2026-07-05T09:51:28,260.43,0.731,F,2223.23,-7488.37,47.52163315,-122.2543869,E,,
2745052,2026-07-05T09:51:29,268.34,0.733,F,2222.45,-7488.44,47.52163315,-122.25439453,E,,
2746113,2026-07-05T09:51:31,270.45,0.735,F,2221.67,-7488.44,47.52163315,-122.25440216,E,,
2747185,2026-07-05T09:51:32,267.69,0.724,F,2220.88,-7488.44,47.52163315,-122.25441742,E,,
2748264,2026-07-05T09:51:33,261.82,0.716,F,2220.11,-7488.52,47.52163315,-122.25442505,E,,
2749344,2026-07-05T09:51:34,263.18,0.701,F,2219.36,-7488.63,47.52162933,-122.25443268,E,,
2750404,2026-07-05T09:51:35,261.9,0.703,F,2218.62,-7488.73,47.52162933,-122.25444794,E,,
2751466,2026-07-05T09:51:36,262.8,0.714,F,2217.87,-7488.84,47.52162933,-122.25445557,E,,
2752530,2026-07-05T09:51:37,263.99,0.712,F,2217.11,-7488.94,47.52162933,-122.2544632,E,,
2753601,2026-07-05T09:51:38,266.1,0.71,F,2216.36,-7488.99,47.52162552,-122.25447845,E,,
2754672,2026-07-05T09:51:39,261.84,0.687,F,2215.61,-7489.06,47.52162552,-122.25448608,E,,
2755741,2026-07-05T09:51:40,262.6,0.681,F,2214.88,-7489.17,47.52162552,-122.25449371,E,,
2756821,2026-07-05T09:51:41,267.04,0.706,F,2214.14,-7489.23,47.52162552,-122.25450897,E,,
2757891,2026-07-05T09:51:42,266.11,0.714,F,2213.38,-7489.28,47.52162552,-122.2545166,E,,
2758961,2026-07-05T09:51:43,264.27,0.7,F,2212.62,-7489.33,47.52162552,-122.25452423,E,,
2760040,2026-07-05T09:51:44,263.87,0.678,F,2211.88,-7489.42,47.5216217,-122.25453949,E,,
2761130,2026-07-05T09:51:46,266.16,0.701,F,2211.13,-7489.48,47.5216217,-122.25454712,E,,
2762210,2026-07-05T09:51:47,260.12,0.7,F,2210.38,-7489.55,47.5216217,-122.25455475,E,,
2763289,2026-07-05T09:51:48,259,0.708,F,2209.64,-7489.7,47.5216217,-122.25456238,E,,
2764359,2026-07-05T09:51:49,259.44,0.707,F,2208.9,-7489.86,47.52161789,-122.25457764,E,,
2765438,2026-07-05T09:51:50,256.91,0.724,F,2208.14,-7490.01,47.52161789,-122.25458527,E,,
2766491,2026-07-05T09:51:51,252.16,0.73,F,2207.4,-7490.22,47.52161789,-122.2545929,E,,
2767554,2026-07-05T09:51:52,256.14,0.703,F,2206.67,-7490.43,47.52161407,-122.25460815,E,,
2768635,2026-07-05T09:51:53,255.39,0.7,F,2205.94,-7490.63,47.52161407,-122.25461578,E,,
2769714,2026-07-05T09:51:54,244.8,0.739,F,2205.2,-7490.87,47.52161026,-122.25462341,E,,
2770784,2026-07-05T09:51:55,234.61,0.736,F,2204.52,-7491.29,47.52160645,-122.25463104,E,,
2771863,2026-07-05T09:51:56,228.51,0.745,F,2203.89,-7491.78,47.52160263,-122.25463867,E,,
2772923,2026-07-05T09:51:57,212.95,0.755,F,2203.39,-7492.39,47.521595,-122.2546463,E,,
2773993,2026-07-05T09:51:58,221.45,0.758,F,2202.91,-7493.04,47.52159119,-122.25465393,E,,
2775054,2026-07-05T09:51:59,218.83,0.745,F,2202.39,-7493.64,47.52158356,-122.25466156,E,,
2776132,2026-07-05T09:52:01,210.3,0.74,F,2201.94,-7494.3,47.52157974,-122.25466919,E,,
2777210,2026-07-05T09:52:02,211.9,0.737,F,2201.54,-7494.98,47.52157211,-122.25467682,E,,
2778273,2026-07-05T09:52:03,215.53,0.716,F,2201.11,-7495.63,47.5215683,-122.25467682,E,,
2779318,2026-07-05T09:52:04,216.66,0.708,F,2200.68,-7496.24,47.52156067,-122.25468445,E,,
2780379,2026-07-05T09:52:05,242.33,0.698,F,2200.13,-7496.72,47.52155685,-122.25469208,E,,
2781444,2026-07-05T09:52:06,261.55,0.699,F,2199.41,-7496.93,47.52155685,-122.25469971,E,,
2782509,2026-07-05T09:52:07,264.64,0.711,F,2198.67,-7497.01,47.52155685,-122.25471497,E,,
2783589,2026-07-05T09:52:08,259.22,0.724,F,2197.89,-7497.12,47.52155304,-122.2547226,E,,
2784660,2026-07-05T09:52:09,248.11,0.726,F,2197.14,-7497.32,47.52155304,-122.25473022,E,,
2785723,2026-07-05T09:52:10,246.48,0.72,F,2196.44,-7497.64,47.52154922,-122.25473785,E,,
2786793,2026-07-05T09:52:11,249.55,0.715,F,2195.72,-7497.91,47.52154541,-122.25475311,E,,
2787855,2026-07-05T09:52:12,248.08,0.722,F,2195.01,-7498.19,47.52154541,-122.25476074,E,,
2788917,2026-07-05T09:52:13,249.21,0.718,F,2194.3,-7498.46,47.5215416,-122.25476837,E,,
2789996,2026-07-05T09:52:14,248.45,0.71,F,2193.57,-7498.73,47.52153778,-122.254776,E,,
2791056,2026-07-05T09:52:15,244.33,0.728,F,2192.86,-7499.02,47.52153778,-122.25479126,E,,
2792135,2026-07-05T09:52:17,238.06,0.727,F,2192.17,-7499.4,47.52153397,-122.25479889,E,,
2793222,2026-07-05T09:52:18,241.7,0.725,F,2191.49,-7499.81,47.52153015,-122.25480652,E,,
2794274,2026-07-05T09:52:19,237.56,0.722,F,2190.84,-7500.19,47.52152634,-122.25481415,E,,
2795337,2026-07-05T09:52:20,245.39,0.737,F,2190.16,-7500.57,47.52152252,-122.25482178,E,,
2796408,2026-07-05T09:52:21,246.34,0.726,F,2189.43,-7500.87,47.52151871,-122.25483704,E,,
2797461,2026-07-05T09:52:22,243.33,0.734,F,2188.74,-7501.2,47.52151871,-122.25484467,E,,
2798517,2026-07-05T09:52:23,241,0.727,F,2188.05,-7501.56,47.52151489,-122.25485229,E,,
2799589,2026-07-05T09:52:24,246.33,0.719,F,2187.36,-7501.9,47.52151108,-122.25485992,E,,
2800644,2026-07-05T09:52:25,260.96,0.726,F,2186.63,-7502.12,47.52150726,-122.25487518,E,,
2801714,2026-07-05T09:52:26,266.03,0.739,F,2185.85,-7502.2,47.52150726,-122.25488281,E,,
2802793,2026-07-05T09:52:27,268.38,0.737,F,2185.06,-7502.23,47.52150726,-122.25489044,E,,
2803862,2026-07-05T09:52:28,269.06,0.728,F,2184.28,-7502.23,47.52150726,-122.2549057,E,,
2804932,2026-07-05T09:52:29,263.42,0.72,F,2183.5,-7502.3,47.52150726,-122.25491333,E,,
2806011,2026-07-05T09:52:30,249.22,0.702,F,2182.76,-7502.48,47.52150726,-122.25492096,E,,
2807072,2026-07-05T09:52:31,251.33,0.693,F,2182.07,-7502.76,47.52150345,-122.25493622,E,,
2808133,2026-07-05T09:52:33,251.21,0.698,F,2181.37,-7502.99,47.52149963,-122.25494385,E,,
2809211,2026-07-05T09:52:34,256.14,0.699,F,2180.65,-7503.21,47.52149963,-122.25495148,E,,
2810304,2026-07-05T09:52:35,250.41,0.706,F,2179.92,-7503.42,47.52149582,-122.25495911,E,,
2811376,2026-07-05T09:52:36,243.57,0.713,F,2179.22,-7503.72,47.52149582,-122.25497437,E,,
2812441,2026-07-05T09:52:37,246.59,0.72,F,2178.53,-7504.06,47.521492,-122.25498199,E,,
2813508,2026-07-05T09:52:38,250.19,0.704,F,2177.82,-7504.33,47.52148819,-122.25498962,E,,
2814590,2026-07-05T09:52:39,250.24,0.705,F,2177.11,-7504.59,47.52148819,-122.25499725,E,,
2815661,2026-07-05T09:52:40,258.07,0.716,F,2176.38,-7504.78,47.52148438,-122.25501251,E,,
2816741,2026-07-05T09:52:41,255.44,0.709,F,2175.62,-7504.95,47.52148438,-122.25502014,E,,
2817821,2026-07-05T09:52:42,258.55,0.713,F,2174.87,-7505.14,47.52148056,-122.25502777,E,,
2818901,2026-07-05T09:52:43,251.43,0.718,F,2174.13,-7505.34,47.52148056,-122.2550354,E,,
2819973,2026-07-05T09:52:44,249.78,0.724,F,2173.4,-7505.6,47.52147675,-122.25505066,E,,
2821008,2026-07-05T09:52:45,245.78,0.725,F,2172.7,-7505.86,47.52147675,-122.25505829,E,,
2822061,2026-07-05T09:52:46,233.92,0.734,F,2172.04,-7506.23,47.52147293,-122.25506592,E,,
2823140,2026-07-05T09:52:48,237.09,0.743,F,2171.4,-7506.7,47.52146912,-122.25507355,E,,
2824221,2026-07-05T09:52:49,240.59,0.729,F,2170.71,-7507.08,47.5214653,-122.25508118,E,,
2825283,2026-07-05T09:52:50,240.46,0.722,F,2170.04,-7507.45,47.52146149,-122.25509644,E,,
2826354,2026-07-05T09:52:51,248.08,0.715,F,2169.34,-7507.79,47.52145767,-122.25510406,E,,
2827425,2026-07-05T09:52:52,256.13,0.71,F,2168.62,-7508.02,47.52145767,-122.25511169,E,,
2828479,2026-07-05T09:52:53,257.4,0.721,F,2167.88,-7508.18,47.52145386,-122.25511932,E,,
2829552,2026-07-05T09:52:54,256.19,0.723,F,2167.12,-7508.35,47.52145386,-122.25513458,E,,
2830618,2026-07-05T09:52:55,249.9,0.718,F,2166.39,-7508.57,47.52145004,-122.25514221,E,,
2831698,2026-07-05T09:52:56,246.07,0.712,F,2165.68,-7508.86,47.52145004,-122.25514984,E,,
2832770,2026-07-05T09:52:57,248.37,0.708,F,2164.97,-7509.15,47.52144623,-122.25515747,E,,
2833825,2026-07-05T09:52:58,244.78,0.711,F,2164.29,-7509.44,47.52144241,-122.25517273,E,,
2834896,2026-07-05T09:52:59,236.24,0.708,F,2163.63,-7509.82,47.5214386,-122.25518036,E,,
2835966,2026-07-05T09:53:00,237.66,0.726,F,2162.99,-7510.24,47.52143478,-122.25518799,E,,
2837046,2026-07-05T09:53:01,235.32,0.707,F,2162.35,-7510.67,47.52143097,-122.25519562,E,,
2838109,2026-07-05T09:53:03,235.59,0.718,F,2161.72,-7511.09,47.52142715,-122.25520325,E,,
2839188,2026-07-05T09:53:04,235.9,0.722,F,2161.08,-7511.51,47.52142334,-122.25521088,E,,
2840260,2026-07-05T09:53:05,231.53,0.715,F,2160.46,-7511.97,47.52141953,-122.25521851,E,,
2841301,2026-07-05T09:53:06,219.86,0.726,F,2159.93,-7512.51,47.52141571,-122.25522614,E,,
2842374,2026-07-05T09:53:07,217.94,0.73,F,2159.45,-7513.12,47.5214119,-122.25523376,E,,
2843466,2026-07-05T09:53:08,228.42,0.707,F,2158.92,-7513.7,47.52140427,-122.25524139,E,,
2844530,2026-07-05T09:53:09,237.21,0.707,F,2158.32,-7514.15,47.52140045,-122.25524902,E,,
2845603,2026-07-05T09:53:10,239.92,0.715,F,2157.67,-7514.56,47.52139664,-122.25525665,E,,
2846675,2026-07-05T09:53:11,248.86,0.72,F,2156.97,-7514.88,47.52139282,-122.25526428,E,,
2847747,2026-07-05T09:53:12,242.94,0.725,F,2156.26,-7515.18,47.52139282,-122.25527954,E,,
2848838,2026-07-05T09:53:13,238.11,0.715,F,2155.58,-7515.56,47.52138901,-122.25528717,E,,
2849894,2026-07-05T09:53:14,236.76,0.723,F,2154.95,-7515.99,47.52138519,-122.2552948,E,,
2850962,2026-07-05T09:53:15,235.94,0.709,F,2154.32,-7516.41,47.52138138,-122.25530243,E,,
2852032,2026-07-05T09:53:16,235.78,0.746,F,2153.66,-7516.84,47.52137756,-122.25531006,E,,
2853105,2026-07-05T09:53:18,239.89,0.74,F,2153,-7517.3,47.52137375,-122.25531769,E,,
2854169,2026-07-05T09:53:19,249.11,0.739,F,2152.28,-7517.61,47.52136993,-122.25533295,E,,
2855249,2026-07-05T09:53:20,248.82,0.735,F,2151.53,-7517.89,47.52136612,-122.25534058,E,,
2856314,2026-07-05T09:53:21,252.33,0.726,F,2150.81,-7518.15,47.52136612,-122.25534821,E,,
2857385,2026-07-05T09:53:22,251.7,0.729,F,2150.06,-7518.37,47.5213623,-122.25535583,E,,
2858449,2026-07-05T09:53:23,251.36,0.734,F,2149.33,-7518.62,47.5213623,-122.25537109,E,,
2859540,2026-07-05T09:53:24,256.41,0.722,F,2148.57,-7518.81,47.52135849,-122.25537872,E,,
2860614,2026-07-05T09:53:25,252.24,0.716,F,2147.83,-7519.02,47.52135849,-122.25538635,E,,
2861687,2026-07-05T09:53:26,244.41,0.711,F,2147.11,-7519.29,47.52135468,-122.25540161,E,,
2862760,2026-07-05T09:53:27,235.63,0.728,F,2146.44,-7519.67,47.52135086,-122.25540924,E,,
2863831,2026-07-05T09:53:28,230.3,0.722,F,2145.84,-7520.14,47.52134705,-122.25541687,E,,
2864905,2026-07-05T09:53:29,234.18,0.715,F,2145.22,-7520.6,47.52134323,-122.2554245,E,,
2865975,2026-07-05T09:53:30,232.25,0.721,F,2144.61,-7521.07,47.52133942,-122.25543213,E,,
2867056,2026-07-05T09:53:31,229.72,0.723,F,2144,-7521.56,47.5213356,-122.25543976,E,,
2868127,2026-07-05T09:53:33,232.65,0.716,F,2143.4,-7522.05,47.52133179,-122.25544739,E,,
2869197,2026-07-05T09:53:34,232.98,0.713,F,2142.81,-7522.54,47.52132416,-122.25545502,E,,
2870260,2026-07-05T09:53:35,237.06,0.691,F,2142.19,-7522.95,47.52132034,-122.25546265,E,,
2871295,2026-07-05T09:53:36,235.83,0.69,F,2141.59,-7523.35,47.52131653,-122.25547028,E,,
2872367,2026-07-05T09:53:37,230,0.691,F,2140.99,-7523.8,47.52131271,-122.25547791,E,,
2873432,2026-07-05T09:53:38,232.64,0.696,F,2140.44,-7524.29,47.5213089,-122.25548553,E,,
2874504,2026-07-05T09:53:39,248.05,0.698,F,2139.78,-7524.62,47.52130508,-122.25549316,E,,
2875576,2026-07-05T09:53:40,245.38,0.709,F,2139.1,-7524.94,47.52130508,-122.25550842,E,,
2876656,2026-07-05T09:53:41,243.88,0.715,F,2138.4,-7525.26,47.52130127,-122.25551605,E,,
2877727,2026-07-05T09:53:42,238.72,0.72,F,2137.72,-7525.62,47.52129745,-122.25552368,E,,
2878806,2026-07-05T09:53:43,234,0.723,F,2137.08,-7526.06,47.52129364,-122.25553131,E,,
2879877,2026-07-05T09:53:44,236.77,0.715,F,2136.46,-7526.52,47.52128983,-122.25553894,E,,
2880957,2026-07-05T09:53:45,234.77,0.718,F,2135.81,-7526.96,47.52128601,-122.25554657,E,,
2882029,2026-07-05T09:53:46,237.97,0.721,F,2135.16,-7527.39,47.5212822,-122.2555542,E,,
2883091,2026-07-05T09:53:48,238.66,0.735,F,2134.51,-7527.8,47.52127838,-122.25556946,E,,
2884161,2026-07-05T09:53:49,251.06,0.716,F,2133.79,-7528.1,47.52127457,-122.25557709,E,,
2885231,2026-07-05T09:53:50,253.09,0.723,F,2133.07,-7528.35,47.52127457,-122.25558472,E,,
2886286,2026-07-05T09:53:51,256.18,0.74,F,2132.32,-7528.56,47.52127075,-122.25559235,E,,
2887347,2026-07-05T09:53:52,253.22,0.739,F,2131.55,-7528.75,47.52127075,-122.2556076,E,,
2888428,2026-07-05T09:53:53,246.73,0.738,F,2130.81,-7529.02,47.52126694,-122.25561523,E,,
2889499,2026-07-05T09:53:54,244.97,0.737,F,2130.1,-7529.34,47.52126312,-122.25562286,E,,
2890571,2026-07-05T09:53:55,253.58,0.735,F,2129.36,-7529.63,47.52126312,-122.25563812,E,,
2891652,2026-07-05T09:53:56,263.31,0.733,F,2128.58,-7529.78,47.52125931,-122.25564575,E,,
2892723,2026-07-05T09:53:57,258.56,0.733,F,2127.8,-7529.89,47.52125931,-122.25565338,E,,
2893802,2026-07-05T09:53:58,259.9,0.752,F,2127.01,-7530.05,47.52125931,-122.25566864,E,,
2894866,2026-07-05T09:53:59,264.26,0.748,F,2126.22,-7530.15,47.52125549,-122.25567627,E,,
2895936,2026-07-05T09:54:00,260.62,0.743,F,2125.43,-7530.26,47.52125549,-122.2556839,E,,
2897006,2026-07-05T09:54:01,261.21,0.75,F,2124.64,-7530.4,47.52125549,-122.25569916,E,,
2898085,2026-07-05T09:54:03,261.04,0.733,F,2123.85,-7530.52,47.52125549,-122.25570679,E,,
2899156,2026-07-05T09:54:04,268.1,0.734,F,2123.06,-7530.58,47.52125168,-122.25572205,E,,
2900234,2026-07-05T09:54:05,268.36,0.742,F,2122.27,-7530.59,47.52125168,-122.25572968,E,,
2901304,2026-07-05T09:54:06,268.43,0.75,F,2121.46,-7530.6,47.52125168,-122.2557373,E,,
2902396,2026-07-05T09:54:07,266.62,0.742,F,2120.66,-7530.63,47.52125168,-122.25575256,E,,
2903459,2026-07-05T09:54:08,263.52,0.751,F,2119.86,-7530.7,47.52125168,-122.25576019,E,,
2904540,2026-07-05T09:54:09,263.18,0.745,F,2119.07,-7530.8,47.52125168,-122.25577545,E,,
2905612,2026-07-05T09:54:10,258.92,0.743,F,2118.29,-7530.92,47.52125168,-122.25578308,E,,
2906692,2026-07-05T09:54:11,262.93,0.738,F,2117.49,-7531.04,47.52124786,-122.25579071,E,,
2907764,2026-07-05T09:54:12,266.2,0.727,F,2116.71,-7531.12,47.52124786,-122.25580597,E,,
2908834,2026-07-05T09:54:13,262.69,0.719,F,2115.94,-7531.21,47.52124786,-122.2558136,E,,
2909905,2026-07-05T09:54:14,259.24,0.732,F,2115.17,-7531.34,47.52124786,-122.25582123,E,,
2910980,2026-07-05T09:54:15,259.02,0.732,F,2114.39,-7531.49,47.52124405,-122.25583649,E,,
2912058,2026-07-05T09:54:16,258.36,0.731,F,2113.62,-7531.65,47.52124405,-122.25584412,E,,
2913119,2026-07-05T09:54:18,261.59,0.734,F,2112.86,-7531.76,47.52124405,-122.25585175,E,,
2914198,2026-07-05T09:54:19,261.28,0.733,F,2112.07,-7531.89,47.52124023,-122.255867,E,,
2915277,2026-07-05T09:54:20,262.82,0.744,F,2111.29,-7531.99,47.52124023,-122.25587463,E,,
2916348,2026-07-05T09:54:21,263.24,0.763,F,2110.49,-7532.07,47.52124023,-122.25588989,E,,
2917429,2026-07-05T09:54:22,258.25,0.773,F,2109.67,-7532.22,47.52124023,-122.25589752,E,,
2918477,2026-07-05T09:54:23,253.99,0.778,F,2108.89,-7532.41,47.52123642,-122.25590515,E,,
2919540,2026-07-05T09:54:24,265.51,0.756,F,2108.09,-7532.56,47.52123642,-122.25592041,E,,
2920630,2026-07-05T09:54:25,262.17,0.744,F,2107.26,-7532.61,47.52123642,-122.25592804,E,,
2921708,2026-07-05T09:54:26,255.52,0.575,F,2106.56,-7532.76,47.5212326,-122.25593567,E,,
2922787,2026-07-05T09:54:27,253.11,0.466,F,2106.04,-7532.91,47.5212326,-122.2559433,E,,
2923850,2026-07-05T09:54:28,250.6,0.487,F,2105.57,-7533.11,47.5212326,-122.25595093,E,,
2924921,2026-07-05T09:54:29,265.25,0.531,F,2105.03,-7533.2,47.52122879,-122.25595856,E,,
2925975,2026-07-05T09:54:30,269.78,0.555,F,2104.46,-7533.22,47.52122879,-122.25596619,E,,
2927027,2026-07-05T09:54:31,272.71,0.591,F,2103.85,-7533.21,47.52122879,-122.25597382,E,,
2928116,2026-07-05T09:54:33,282.01,0.62,F,2103.19,-7533.11,47.5212326,-122.25598145,E,,
2929194,2026-07-05T09:54:34,277.55,0.613,F,2102.54,-7533,47.5212326,-122.25598907,E,,
2930274,2026-07-05T09:54:35,272.1,0.617,F,2101.87,-7532.95,47.5212326,-122.25600433,E,,
2931344,2026-07-05T09:54:36,273.47,0.613,F,2101.22,-7532.92,47.5212326,-122.25601196,E,,
2932393,2026-07-05T09:54:37,271.15,0.603,F,2100.58,-7532.9,47.5212326,-122.25601959,E,,
2933464,2026-07-05T09:54:38,270.78,0.589,F,2099.93,-7532.9,47.5212326,-122.25602722,E,,
2934534,2026-07-05T09:54:39,281.61,0.543,F,2099.33,-7532.83,47.5212326,-122.25603485,E,,
2935614,2026-07-05T09:54:40,284.8,0.509,F,2098.78,-7532.7,47.5212326,-122.25604248,E,,
2936694,2026-07-05T09:54:41,284.77,0.476,F,2098.27,-7532.55,47.52123642,-122.25605011,E,,
2937766,2026-07-05T09:54:42,283.49,0.452,F,2097.78,-7532.44,47.52123642,-122.25605774,E,,
2938844,2026-07-05T09:54:43,278.82,0.434,F,2097.31,-7532.35,47.52123642,-122.25606537,E,,
2939925,2026-07-05T09:54:44,286.2,0.451,F,2096.84,-7532.25,47.52124023,-122.25606537,E,,
2941006,2026-07-05T09:54:45,290.74,0.425,F,2096.39,-7532.09,47.52124023,-122.256073,E,,
2942085,2026-07-05T09:54:47,289.31,0.416,F,2095.97,-7531.93,47.52124023,-122.25608063,E,,
2943165,2026-07-05T09:54:48,285.29,0.4,F,2095.54,-7531.81,47.52124405,-122.25608826,E,,
2944235,2026-07-05T09:54:49,295.62,0.389,F,2095.15,-7531.65,47.52124405,-122.25608826,E,,
2945296,2026-07-05T09:54:50,294.79,0.404,F,2094.76,-7531.49,47.52124405,-122.25609589,E,,
2946350,2026-07-05T09:54:51,299.2,0.395,F,2094.39,-7531.29,47.52124786,-122.25610352,E,,
2947413,2026-07-05T09:54:52,302.83,0.407,F,2094.02,-7531.08,47.52124786,-122.25610352,E,,
2948478,2026-07-05T09:54:53,306.09,0.415,F,2093.66,-7530.82,47.52125168,-122.25611115,E,,
2949558,2026-07-05T09:54:54,306.95,0.42,F,2093.29,-7530.55,47.52125549,-122.25611877,E,,
2950638,2026-07-05T09:54:55,312.53,0.414,F,2092.94,-7530.27,47.52125549,-122.25611877,E,,
2951717,2026-07-05T09:54:56,317.65,0.389,F,2092.64,-7529.96,47.52125931,-122.2561264,E,,
2952787,2026-07-05T09:54:57,320.24,0.352,F,2092.37,-7529.66,47.52126312,-122.2561264,E,,
2953865,2026-07-05T09:54:58,325.71,0.346,F,2092.15,-7529.36,47.52126312,-122.25613403,E,,
2954927,2026-07-05T09:54:59,321.79,0.35,F,2091.93,-7529.04,47.52126694,-122.25613403,E,,
2955988,2026-07-05T09:55:00,317.97,0.317,F,2091.7,-7528.78,47.52127075,-122.25613403,E,,
2957060,2026-07-05T09:55:01,313.35,0.325,F,2091.46,-7528.55,47.52127075,-122.25614166,E,,
2958130,2026-07-05T09:55:03,313.05,0.339,F,2091.2,-7528.3,47.52127457,-122.25614166,E,,
2959210,2026-07-05T09:55:04,315.14,0.338,F,2090.94,-7528.04,47.52127457,-122.25614929,E,,
2960282,2026-07-05T09:55:05,319.29,0.326,F,2090.7,-7527.78,47.52127838,-122.25614929,E,,
2961346,2026-07-05T09:55:06,323.67,0.34,F,2090.48,-7527.51,47.5212822,-122.25614929,E,,
2962367,2026-07-05T09:55:07,327.96,0.345,F,2090.29,-7527.22,47.5212822,-122.25615692,E,,
2963438,2026-07-05T09:55:08,326.18,0.35,F,2090.08,-7526.9,47.52128601,-122.25615692,E,,
2964509,2026-07-05T09:55:09,326.51,0.367,F,2089.87,-7526.59,47.52128983,-122.25616455,E,,
2965581,2026-07-05T09:55:10,323.86,0.357,F,2089.65,-7526.27,47.52129364,-122.25616455,E,,
2966651,2026-07-05T09:55:11,316.11,0.351,F,2089.41,-7525.98,47.52129364,-122.25616455,E,,
2967722,2026-07-05T09:55:12,315.83,0.357,F,2089.15,-7525.72,47.52129745,-122.25617218,E,,
2968802,2026-07-05T09:55:13,313.88,0.358,F,2088.86,-7525.45,47.52130127,-122.25617218,E,,
2969881,2026-07-05T09:55:14,312.8,0.369,F,2088.57,-7525.19,47.52130127,-122.25617981,E,,
2970954,2026-07-05T09:55:15,317.18,0.377,F,2088.29,-7524.9,47.52130508,-122.25617981,E,,
2972032,2026-07-05T09:55:16,319.67,0.394,F,2088.02,-7524.59,47.5213089,-122.25618744,E,,
2973102,2026-07-05T09:55:18,320.95,0.386,F,2087.76,-7524.27,47.5213089,-122.25618744,E,,
2974181,2026-07-05T09:55:19,318.43,0.388,F,2087.48,-7523.95,47.52131271,-122.25619507,E,,
2975259,2026-07-05T09:55:20,322.17,0.381,F,2087.21,-7523.64,47.52131653,-122.25619507,E,,
2976338,2026-07-05T09:55:21,323.31,0.367,F,2086.97,-7523.32,47.52132034,-122.2562027,E,,
2977410,2026-07-05T09:55:22,321.42,0.336,F,2086.73,-7523.02,47.52132034,-122.2562027,E,,
2978482,2026-07-05T09:55:23,322.37,0.324,F,2086.52,-7522.75,47.52132416,-122.2562027,E,,
2979544,2026-07-05T09:55:24,321.79,0.309,F,2086.31,-7522.49,47.52132797,-122.25621033,E,,
2980615,2026-07-05T09:55:25,315.16,0.307,F,2086.09,-7522.24,47.52132797,-122.25621033,E,,
2981688,2026-07-05T09:55:26,313.29,0.315,F,2085.84,-7522.02,47.52133179,-122.25621796,E,,
2982768,2026-07-05T09:55:27,318.62,0.328,F,2085.6,-7521.76,47.52133179,-122.25621796,E,,
2983847,2026-07-05T09:55:28,320.21,0.33,F,2085.36,-7521.5,47.5213356,-122.25621796,E,,
2984926,2026-07-05T09:55:29,318.86,0.34,F,2085.13,-7521.23,47.5213356,-122.25622559,E,,
2985989,2026-07-05T09:55:30,319.82,0.329,F,2084.9,-7520.96,47.52133942,-122.25622559,E,,
2987041,2026-07-05T09:55:31,320.84,0.372,F,2084.66,-7520.67,47.52134323,-122.25623322,E,,
2988122,2026-07-05T09:55:33,318.59,0.41,F,2084.39,-7520.35,47.52134705,-122.25623322,E,,
2989191,2026-07-05T09:55:34,319.66,0.448,F,2084.09,-7520.01,47.52134705,-122.25624084,E,,
2990261,2026-07-05T09:55:35,321.74,0.475,F,2083.78,-7519.63,47.52135086,-122.25624084,E,,
2991340,2026-07-05T09:55:36,323.73,0.492,F,2083.46,-7519.21,47.52135468,-122.25624847,E,,
2992416,2026-07-05T09:55:37,325.52,0.494,F,2083.16,-7518.79,47.52135849,-122.25624847,E,,
2993500,2026-07-05T09:55:38,325.35,0.495,F,2082.86,-7518.36,47.5213623,-122.2562561,E,,
2994563,2026-07-05T09:55:39,323.26,0.498,F,2082.55,-7517.94,47.52136612,-122.2562561,E,,
2995643,2026-07-05T09:55:40,321.46,0.487,F,2082.23,-7517.52,47.52136993,-122.25626373,E,,
2996714,2026-07-05T09:55:41,319.73,0.471,F,2081.9,-7517.12,47.52137375,-122.25626373,E,,
2997794,2026-07-05T09:55:42,317.73,0.469,F,2081.56,-7516.74,47.52137756,-122.25627136,E,,
2998865,2026-07-05T09:55:43,315.15,0.448,F,2081.22,-7516.39,47.52138138,-122.25627899,E,,
2999944,2026-07-05T09:55:44,314.5,0.441,F,2080.89,-7516.03,47.52138519,-122.25627899,E,,
3001050,2026-07-05T09:55:45,310.51,0.456,F,2080.53,-7515.7,47.52138901,-122.25628662,E,,
3002130,2026-07-05T09:55:47,312.52,0.488,F,2080.15,-7515.36,47.52138901,-122.25629425,E,,
3003208,2026-07-05T09:55:48,313.07,0.502,F,2079.76,-7515,47.52139282,-122.25629425,E,,
3004287,2026-07-05T09:55:49,311.7,0.512,F,2079.36,-7514.62,47.52139664,-122.25630188,E,,
3005348,2026-07-05T09:55:50,302.51,0.521,F,2078.93,-7514.29,47.52140045,-122.25630951,E,,
3006409,2026-07-05T09:55:51,297.72,0.536,F,2078.44,-7514.02,47.52140045,-122.25631714,E,,
3007490,2026-07-05T09:55:52,298.02,0.527,F,2077.94,-7513.75,47.52140427,-122.25631714,E,,
3008556,2026-07-05T09:55:53,298.37,0.54,F,2077.44,-7513.49,47.52140808,-122.25632477,E,,
3009636,2026-07-05T09:55:54,299.23,0.547,F,2076.93,-7513.21,47.52140808,-122.2563324,E,,
3010715,2026-07-05T09:55:55,300.39,0.552,F,2076.42,-7512.91,47.5214119,-122.25634003,E,,
3011786,2026-07-05T09:55:56,303.85,0.558,F,2075.91,-7512.6,47.52141571,-122.25634766,E,,
3012865,2026-07-05T09:55:57,304.07,0.56,F,2075.41,-7512.28,47.52141953,-122.25635529,E,,
3013944,2026-07-05T09:55:58,302.86,0.541,F,2074.91,-7511.96,47.52141953,-122.25636292,E,,
3015033,2026-07-05T09:55:59,303.82,0.545,F,2074.41,-7511.63,47.52142334,-122.25637054,E,,
3016108,2026-07-05T09:56:01,303.19,0.551,F,2073.91,-7511.31,47.52142715,-122.25637054,E,,
3017179,2026-07-05T09:56:02,301.92,0.557,F,2073.42,-7511,47.52143097,-122.25637817,E,,
3018251,2026-07-05T09:56:03,291.66,0.549,F,2072.88,-7510.74,47.52143097,-122.2563858,E,,
3019313,2026-07-05T09:56:04,289.68,0.565,F,2072.32,-7510.53,47.52143478,-122.25639343,E,,
3020370,2026-07-05T09:56:05,290.47,0.568,F,2071.76,-7510.33,47.52143478,-122.25640106,E,,
3021441,2026-07-05T09:56:06,294.82,0.483,F,2071.22,-7510.11,47.5214386,-122.25640869,E,,
3022521,2026-07-05T09:56:07,289.98,0.354,F,2070.8,-7509.94,47.5214386,-122.25641632,E,,
3023565,2026-07-05T09:56:08,288.57,0.251,F,2070.51,-7509.84,47.5214386,-122.25641632,E,,
3024645,2026-07-05T09:56:09,287.88,0.175,F,2070.29,-7509.77,47.5214386,-122.25642395,E,,
3025724,2026-07-05T09:56:10,292.65,0.256,F,2070.08,-7509.7,47.52144241,-122.25642395,E,,
3026795,2026-07-05T09:56:11,292.35,0.33,F,2069.79,-7509.59,47.52144241,-122.25643158,E,,
3027874,2026-07-05T09:56:12,291.63,0.4,F,2069.42,-7509.43,47.52144241,-122.25643158,E,,
3028954,2026-07-05T09:56:13,291.82,0.448,F,2068.98,-7509.27,47.52144623,-122.25643921,E,,
3030033,2026-07-05T09:56:14,293.86,0.492,F,2068.52,-7509.06,47.52144623,-122.25644684,E,,
3031117,2026-07-05T09:56:16,291.26,0.513,F,2068.01,-7508.85,47.52145004,-122.25645447,E,,
3032187,2026-07-05T09:56:17,291.49,0.55,F,2067.48,-7508.65,47.52145004,-122.2564621,E,,
3033267,2026-07-05T09:56:18,290.02,0.584,F,2066.91,-7508.43,47.52145386,-122.25646973,E,,
3034337,2026-07-05T09:56:19,289.52,0.611,F,2066.31,-7508.22,47.52145386,-122.25647736,E,,
3035399,2026-07-05T09:56:20,288.22,0.631,F,2065.69,-7508.01,47.52145767,-122.25648499,E,,
3036461,2026-07-05T09:56:21,282.63,0.634,F,2065.05,-7507.83,47.52145767,-122.25649261,E,,
3037523,2026-07-05T09:56:22,261.71,0.644,F,2064.37,-7507.8,47.52145767,-122.25650024,E,,
3038595,2026-07-05T09:56:23,236.24,0.652,F,2063.74,-7508.07,47.52145386,-122.25650787,E,,
3039686,2026-07-05T09:56:24,233.12,0.654,F,2063.18,-7508.5,47.52145004,-122.2565155,E,,
3040765,2026-07-05T09:56:25,243.52,0.658,F,2062.57,-7508.86,47.52145004,-122.25652313,E,,
3041844,2026-07-05T09:56:26,246.35,0.66,F,2061.93,-7509.16,47.52144623,-122.25653076,E,,
3042923,2026-07-05T09:56:27,242.98,0.594,F,2061.3,-7509.47,47.52144241,-122.25653839,E,,
3043996,2026-07-05T09:56:28,230.54,0.443,F,2060.83,-7509.77,47.5214386,-122.25654602,E,,
3045076,2026-07-05T09:56:30,222.59,0.309,F,2060.54,-7510.05,47.5214386,-122.25655365,E,,
3046164,2026-07-05T09:56:31,225.4,0.215,F,2060.34,-7510.25,47.52143478,-122.25655365,E,,
3047236,2026-07-05T09:56:32,220.04,0.151,F,2060.21,-7510.39,47.52143478,-122.25655365,E,,
3048288,2026-07-05T09:56:33,219.09,0.106,F,2060.13,-7510.5,47.52143478,-122.25655365,E,,
3049342,2026-07-05T09:56:34,209.78,0,F,2060.11,-7510.51,47.52143478,-122.25655365,E,,
3050413,2026-07-05T09:56:35,200.73,0,F,2060.11,-7510.51,47.52143478,-122.25655365,E,,
3051469,2026-07-05T09:56:36,208.73,0.197,F,2060.07,-7510.62,47.52143097,-122.25656128,E,,
3052540,2026-07-05T09:56:37,219.77,0.262,F,2059.93,-7510.81,47.52143097,-122.25656128,E,,
3053618,2026-07-05T09:56:38,231.48,0.343,F,2059.69,-7511.03,47.52143097,-122.25656128,E,,
3054680,2026-07-05T09:56:39,231.51,0.4,F,2059.38,-7511.28,47.52142715,-122.25656891,E,,
3055759,2026-07-05T09:56:40,220.12,0.405,F,2059.05,-7511.59,47.52142334,-122.25656891,E,,
3056838,2026-07-05T09:56:41,207.88,0.301,F,2058.83,-7511.9,47.52141953,-122.25657654,E,,
3057917,2026-07-05T09:56:42,190.9,0.21,F,2058.74,-7512.15,47.52141953,-122.25657654,E,,
3058997,2026-07-05T09:56:43,183.15,0.158,F,2058.72,-7512.34,47.52141571,-122.25657654,E,,
3060059,2026-07-05T09:56:44,187.3,0.131,F,2058.72,-7512.5,47.52141571,-122.25657654,E,,
3061138,2026-07-05T09:56:46,201.43,0.161,F,2058.67,-7512.65,47.52141571,-122.25657654,E,,
3062207,2026-07-05T09:56:47,198.53,0.132,F,2058.62,-7512.8,47.5214119,-122.25657654,E,,
3063268,2026-07-05T09:56:48,200.59,0.102,F,2058.58,-7512.92,47.5214119,-122.25657654,E,,
3064338,2026-07-05T09:56:49,230.6,0,F,2058.57,-7512.95,47.5214119,-122.25657654,E,,
3065401,2026-07-05T09:56:50,245.28,0,F,2058.57,-7512.95,47.5214119,-122.25657654,E,,
3066454,2026-07-05T09:56:51,236.43,0,F,2058.57,-7512.95,47.5214119,-122.25657654,E,,
3067543,2026-07-05T09:56:52,210.81,0,F,2058.57,-7512.95,47.5214119,-122.25657654,E,,
3068623,2026-07-05T09:56:53,198.03,0,F,2058.57,-7512.95,47.5214119,-122.25657654,E,,
3069685,2026-07-05T09:56:54,198.76,0,F,2058.57,-7512.95,47.5214119,-122.25657654,E,,
3070773,2026-07-05T09:56:55,195.5,0,F,2058.57,-7512.95,47.5214119,-122.25657654,E,,
3071843,2026-07-05T09:56:56,180.63,0,F,2058.57,-7512.95,47.5214119,-122.25657654,E,,
3072922,2026-07-05T09:56:57,171.64,0,F,2058.57,-7512.95,47.5214119,-122.25657654,E,,
3074001,2026-07-05T09:56:58,162.32,0,F,2058.57,-7512.95,47.5214119,-122.25657654,E,,
3075079,2026-07-05T09:57:00,157.82,0,F,2058.57,-7512.95,47.5214119,-122.25657654,E,,
3076149,2026-07-05T09:57:01,152.96,0,F,2058.57,-7512.95,47.5214119,-122.25657654,E,,
3077230,2026-07-05T09:57:02,147.92,0,F,2058.57,-7512.95,47.5214119,-122.25657654,E,,
3078301,2026-07-05T09:57:03,144.93,0,F,2058.57,-7512.95,47.5214119,-122.25657654,E,,
3079371,2026-07-05T09:57:04,149.21,0,F,2058.57,-7512.95,47.5214119,-122.25657654,E,,
3080441,2026-07-05T09:57:05,148.92,0,F,2058.57,-7512.95,47.5214119,-122.25657654,E,,
3081521,2026-07-05T09:57:06,150.28,0,F,2058.57,-7512.95,47.5214119,-122.25657654,E,,
3082602,2026-07-05T09:57:07,153.62,0,F,2058.57,-7512.95,47.5214119,-122.25657654,E,,
3083637,2026-07-05T09:57:08,152.91,0,F,2058.57,-7512.95,47.5214119,-122.25657654,E,,
3084716,2026-07-05T09:57:09,163.62,0,F,2058.57,-7512.95,47.5214119,-122.25657654,E,,
3085777,2026-07-05T09:57:10,177.01,0,F,2058.57,-7512.95,47.5214119,-122.25657654,E,,
3086847,2026-07-05T09:57:11,173.71,0,F,2058.57,-7512.95,47.5214119,-122.25657654,E,,
3087936,2026-07-05T09:57:12,169.41,0,F,2058.57,-7512.95,47.5214119,-122.25657654,E,,
3088996,2026-07-05T09:57:13,175.9,0,F,2058.57,-7512.95,47.5214119,-122.25657654,E,,
3090075,2026-07-05T09:57:15,183.53,0,F,2058.57,-7512.95,47.5214119,-122.25657654,E,,
3091161,2026-07-05T09:57:16,202.41,0,F,2058.57,-7512.95,47.5214119,-122.25657654,E,,
3092230,2026-07-05T09:57:17,199.4,0,F,2058.57,-7512.95,47.5214119,-122.25657654,E,,
3093317,2026-07-05T09:57:18,183.68,0,F,2058.57,-7512.95,47.5214119,-122.25657654,E,,
3094387,2026-07-05T09:57:19,191.86,0,F,2058.57,-7512.95,47.5214119,-122.25657654,E,,
3095459,2026-07-05T09:57:20,196.67,0,F,2058.57,-7512.95,47.5214119,-122.25657654,E,,
3096542,2026-07-05T09:57:21,195.17,0,F,2058.57,-7512.95,47.5214119,-122.25657654,E,,
3097612,2026-07-05T09:57:22,190.08,0,F,2058.57,-7512.95,47.5214119,-122.25657654,E,,
3098675,2026-07-05T09:57:23,182.74,0,F,2058.57,-7512.95,47.5214119,-122.25657654,E,,
3099730,2026-07-05T09:57:24,173.64,0,F,2058.57,-7512.95,47.5214119,-122.25657654,E,,
3100801,2026-07-05T09:57:25,175.1,0,F,2058.57,-7512.95,47.5214119,-122.25657654,E,,
3101875,2026-07-05T09:57:26,175.93,0,F,2058.57,-7512.95,47.5214119,-122.25657654,E,,
3102955,2026-07-05T09:57:27,181.23,0,F,2058.57,-7512.95,47.5214119,-122.25657654,E,,
3104027,2026-07-05T09:57:28,170.04,0,F,2058.57,-7512.95,47.5214119,-122.25657654,E,,
3105099,2026-07-05T09:57:30,163.93,0,F,2058.57,-7512.95,47.5214119,-122.25657654,E,,
3106179,2026-07-05T09:57:31,159.23,0,F,2058.57,-7512.95,47.5214119,-122.25657654,E,,
3107233,2026-07-05T09:57:32,160.91,0,F,2058.57,-7512.95,47.5214119,-122.25657654,E,,
3108312,2026-07-05T09:57:33,162.49,0,F,2058.57,-7512.95,47.5214119,-122.25657654,E,,
3109392,2026-07-05T09:57:34,160.42,0,F,2058.57,-7512.95,47.5214119,-122.25657654,E,,
3110454,2026-07-05T09:57:35,155.72,0,F,2058.57,-7512.95,47.5214119,-122.25657654,E,,
3111517,2026-07-05T09:57:36,156.3,0,F,2058.57,-7512.95,47.5214119,-122.25657654,E,,
3112580,2026-07-05T09:57:37,156.49,0,F,2058.57,-7512.95,47.5214119,-122.25657654,E,,
3113652,2026-07-05T09:57:38,152.6,0,F,2058.57,-7512.95,47.5214119,-122.25657654,E,,
3114672,2026-07-05T09:57:39,152.21,0,F,2058.57,-7512.95,47.5214119,-122.25657654,E,,
3115743,2026-07-05T09:57:40,150.99,0,F,2058.57,-7512.95,47.5214119,-122.25657654,E,,
3116818,2026-07-05T09:57:41,146.51,0,F,2058.57,-7512.95,47.5214119,-122.25657654,E,,
3117880,2026-07-05T09:57:42,154.39,0,F,2058.57,-7512.95,47.5214119,-122.25657654,E,,
3118961,2026-07-05T09:57:43,161.45,0,F,2058.57,-7512.95,47.5214119,-122.25657654,E,,
3120041,2026-07-05T09:57:44,160.46,0,F,2058.57,-7512.95,47.5214119,-122.25657654,E,,
3121106,2026-07-05T09:57:46,162.73,0,F,2058.57,-7512.95,47.5214119,-122.25657654,E,,
3122150,2026-07-05T09:57:47,162.59,0,F,2058.57,-7512.95,47.5214119,-122.25657654,E,,
3123186,2026-07-05T09:57:48,146.77,0,F,2058.57,-7512.95,47.5214119,-122.25657654,E,,
3124257,2026-07-05T09:57:49,144.64,0,F,2058.57,-7512.95,47.5214119,-122.25657654,E,,
3125338,2026-07-05T09:57:50,151.66,0,F,2058.57,-7512.95,47.5214119,-122.25657654,E,,
3126412,2026-07-05T09:57:51,150.51,0,F,2058.57,-7512.95,47.5214119,-122.25657654,E,,
3127484,2026-07-05T09:57:52,145.67,0,F,2058.57,-7512.95,47.5214119,-122.25657654,E,,
3128550,2026-07-05T09:57:53,154.02,0,F,2058.57,-7512.95,47.5214119,-122.25657654,E,,
3129616,2026-07-05T09:57:54,137.68,0,F,2058.57,-7512.95,47.5214119,-122.25657654,E,,
3130663,2026-07-05T09:57:55,134.99,0,F,2058.57,-7512.95,47.5214119,-122.25657654,E,,
3131743,2026-07-05T09:57:56,152.64,0,F,2058.57,-7512.95,47.5214119,-122.25657654,E,,
3132815,2026-07-05T09:57:57,162.77,0,F,2058.57,-7512.95,47.5214119,-122.25657654,E,,
3133886,2026-07-05T09:57:58,186.8,0,F,2058.57,-7512.95,47.5214119,-122.25657654,E,,
3134967,2026-07-05T09:57:59,197.08,0,F,2058.57,-7512.95,47.5214119,-122.25657654,E,,
3136029,2026-07-05T09:58:00,193.8,0,F,2058.57,-7512.95,47.5214119,-122.25657654,E,,
3137102,2026-07-05T09:58:02,188,0,F,2058.57,-7512.95,47.5214119,-122.25657654,E,,
3138182,2026-07-05T09:58:03,186.82,0,F,2058.57,-7512.95,47.5214119,-122.25657654,E,,
3139253,2026-07-05T09:58:04,188.03,0,F,2058.57,-7512.95,47.5214119,-122.25657654,E,,
3140315,2026-07-05T09:58:05,192.07,0,F,2058.57,-7512.95,47.5214119,-122.25657654,E,,
3141397,2026-07-05T09:58:06,198.86,0,F,2058.57,-7512.95,47.5214119,-122.25657654,E,,
3142479,2026-07-05T09:58:07,205.42,0,F,2058.57,-7512.95,47.5214119,-122.25657654,E,,
3143561,2026-07-05T09:58:08,206.32,0,F,2058.57,-7512.95,47.5214119,-122.25657654,E,,
3144633,2026-07-05T09:58:09,212.42,0,F,2058.57,-7512.95,47.5214119,-122.25657654,E,,
3145715,2026-07-05T09:58:10,219.58,0,F,2058.57,-7512.95,47.5214119,-122.25657654,E,,
3146769,2026-07-05T09:58:11,218.57,0,F,2058.57,-7512.95,47.5214119,-122.25657654,E,,
3147859,2026-07-05T09:58:12,215.01,0,F,2058.57,-7512.95,47.5214119,-122.25657654,E,,
3148938,2026-07-05T09:58:13,207.82,0,F,2058.57,-7512.95,47.5214119,-122.25657654,E,,
3150018,2026-07-05T09:58:14,208,0,F,2058.57,-7512.95,47.5214119,-122.25657654,E,,
3151089,2026-07-05T09:58:16,208.91,0,F,2058.57,-7512.95,47.5214119,-122.25657654,E,,
3152160,2026-07-05T09:58:17,212.34,0,F,2058.57,-7512.95,47.5214119,-122.25657654,E,,
3153242,2026-07-05T09:58:18,221.54,0,F,2058.57,-7512.95,47.5214119,-122.25657654,E,,
3154313,2026-07-05T09:58:19,221.39,0,F,2058.57,-7512.95,47.5214119,-122.25657654,E,,
3155383,2026-07-05T09:58:20,218.81,0,F,2058.57,-7512.95,47.5214119,-122.25657654,E,,
3156456,2026-07-05T09:58:21,219.02,0,F,2058.57,-7512.95,47.5214119,-122.25657654,E,,
3157540,2026-07-05T09:58:22,208.9,0,F,2058.57,-7512.95,47.5214119,-122.25657654,E,,
3158620,2026-07-05T09:58:23,202.33,0,F,2058.57,-7512.95,47.5214119,-122.25657654,E,,
3159694,2026-07-05T09:58:24,195.74,0,F,2058.57,-7512.95,47.5214119,-122.25657654,E,,
3160773,2026-07-05T09:58:25,192.04,0,F,2058.57,-7512.95,47.5214119,-122.25657654,E,,
3161844,2026-07-05T09:58:26,191.22,0,F,2058.57,-7512.95,47.5214119,-122.25657654,E,,
3162916,2026-07-05T09:58:27,188.01,0,F,2058.57,-7512.95,47.5214119,-122.25657654,E,,
3163995,2026-07-05T09:58:28,186.06,0,F,2058.57,-7512.95,47.5214119,-122.25657654,E,,
3165066,2026-07-05T09:58:29,183.53,0,F,2058.57,-7512.95,47.5214119,-122.25657654,E,,
3166121,2026-07-05T09:58:31,178.1,0,F,2058.57,-7512.95,47.5214119,-122.25657654,E,,
3167201,2026-07-05T09:58:32,173.13,0,F,2058.57,-7512.95,47.5214119,-122.25657654,E,,
3168264,2026-07-05T09:58:33,168.68,0,F,2058.57,-7512.95,47.5214119,-122.25657654,E,,
3169334,2026-07-05T09:58:34,167.86,0,F,2058.57,-7512.95,47.5214119,-122.25657654,E,,
3170415,2026-07-05T09:58:35,173.57,0,F,2058.57,-7512.95,47.5214119,-122.25657654,E,,
3171497,2026-07-05T09:58:36,181.35,0,F,2058.57,-7512.95,47.5214119,-122.25657654,E,,
3172568,2026-07-05T09:58:37,185.75,0,F,2058.57,-7512.95,47.5214119,-122.25657654,E,,
3173646,2026-07-05T09:58:38,188.65,0,F,2058.57,-7512.95,47.5214119,-122.25657654,E,,
3174725,2026-07-05T09:58:39,190.63,0,F,2058.57,-7512.95,47.5214119,-122.25657654,E,,
3175737,2026-07-05T09:58:40,194.01,0,F,2058.57,-7512.95,47.5214119,-122.25657654,E,,
3176807,2026-07-05T09:58:41,192.69,0,F,2058.57,-7512.95,47.5214119,-122.25657654,E,,
3177877,2026-07-05T09:58:42,191.26,0,F,2058.57,-7512.95,47.5214119,-122.25657654,E,,
3178948,2026-07-05T09:58:43,188.03,0,F,2058.57,-7512.95,47.5214119,-122.25657654,E,,
3180009,2026-07-05T09:58:44,186.29,0,F,2058.57,-7512.95,47.5214119,-122.25657654,E,,
3181075,2026-07-05T09:58:46,194.46,0,F,2058.57,-7512.95,47.5214119,-122.25657654,E,,
3182146,2026-07-05T09:58:47,204.12,0,F,2058.57,-7512.95,47.5214119,-122.25657654,E,,
3183225,2026-07-05T09:58:48,207.66,0,F,2058.57,-7512.95,47.5214119,-122.25657654,E,,
3184296,2026-07-05T09:58:49,200.07,0,F,2058.57,-7512.95,47.5214119,-122.25657654,E,,
3185348,2026-07-05T09:58:50,197.52,0,F,2058.57,-7512.95,47.5214119,-122.25657654,E,,
3186426,2026-07-05T09:58:51,197.8,0,F,2058.57,-7512.95,47.5214119,-122.25657654,E,,
3187497,2026-07-05T09:58:52,204.64,0,F,2058.57,-7512.95,47.5214119,-122.25657654,E,,
3188567,2026-07-05T09:58:53,215.22,0,F,2058.57,-7512.95,47.5214119,-122.25657654,E,,
3189631,2026-07-05T09:58:54,229.42,0,F,2058.57,-7512.95,47.5214119,-122.25657654,E,,
3190719,2026-07-05T09:58:55,248.37,0,F,2058.57,-7512.95,47.5214119,-122.25657654,E,,
3191798,2026-07-05T09:58:56,253.45,0,F,2058.57,-7512.95,47.5214119,-122.25657654,E,,
3192868,2026-07-05T09:58:57,243.44,0,F,2058.57,-7512.95,47.5214119,-122.25657654,E,,
3193947,2026-07-05T09:58:58,237.82,0,F,2058.57,-7512.95,47.5214119,-122.25657654,E,,
3195017,2026-07-05T09:58:59,228.18,0,F,2058.57,-7512.95,47.5214119,-122.25657654,E,,
3196089,2026-07-05T09:59:01,224.16,0,F,2058.57,-7512.95,47.5214119,-122.25657654,E,,
3197152,2026-07-05T09:59:02,225.88,0,F,2058.57,-7512.95,47.5214119,-122.25657654,E,,
3198214,2026-07-05T09:59:03,221.17,0,F,2058.57,-7512.95,47.5214119,-122.25657654,E,,
3199292,2026-07-05T09:59:04,224.55,0,F,2058.57,-7512.95,47.5214119,-122.25657654,E,,
3200353,2026-07-05T09:59:05,231.85,0,F,2058.57,-7512.95,47.5214119,-122.25657654,E,,
3201413,2026-07-05T09:59:06,228.28,0,F,2058.57,-7512.95,47.5214119,-122.25657654,E,,
3202476,2026-07-05T09:59:07,218.17,0,F,2058.57,-7512.95,47.5214119,-122.25657654,E,,
3203538,2026-07-05T09:59:08,207.11,0,F,2058.57,-7512.95,47.5214119,-122.25657654,E,,
3204611,2026-07-05T09:59:09,203.05,0,F,2058.57,-7512.95,47.5214119,-122.25657654,E,,
3205682,2026-07-05T09:59:10,203.7,0,F,2058.57,-7512.95,47.5214119,-122.25657654,E,,
3206712,2026-07-05T09:59:11,201.38,0,F,2058.57,-7512.95,47.5214119,-122.25657654,E,,
3207783,2026-07-05T09:59:12,199.98,0,F,2058.57,-7512.95,47.5214119,-122.25657654,E,,
3208879,2026-07-05T09:59:13,202.21,0,F,2058.57,-7512.95,47.5214119,-122.25657654,E,,
3209957,2026-07-05T09:59:14,204.93,0,F,2058.57,-7512.95,47.5214119,-122.25657654,E,,
3211027,2026-07-05T09:59:15,199.71,0,F,2058.57,-7512.95,47.5214119,-122.25657654,E,,
3212105,2026-07-05T09:59:17,199.72,0,F,2058.57,-7512.95,47.5214119,-122.25657654,E,,
3213183,2026-07-05T09:59:18,204.83,0,F,2058.57,-7512.95,47.5214119,-122.25657654,E,,
3214263,2026-07-05T09:59:19,209.36,0,F,2058.57,-7512.95,47.5214119,-122.25657654,E,,
3215332,2026-07-05T09:59:20,210.51,0,F,2058.57,-7512.95,47.5214119,-122.25657654,E,,
3216411,2026-07-05T09:59:21,210.91,0,F,2058.57,-7512.95,47.5214119,-122.25657654,E,,
3217482,2026-07-05T09:59:22,206.24,0,F,2058.57,-7512.95,47.5214119,-122.25657654,E,,
3218563,2026-07-05T09:59:23,206.23,0,F,2058.57,-7512.95,47.5214119,-122.25657654,E,,
3219642,2026-07-05T09:59:24,208.61,0,F,2058.57,-7512.95,47.5214119,-122.25657654,E,,
3220712,2026-07-05T09:59:25,205.6,0,F,2058.57,-7512.95,47.5214119,-122.25657654,E,,
3221791,2026-07-05T09:59:26,204.65,0,F,2058.57,-7512.95,47.5214119,-122.25657654,E,,
3222869,2026-07-05T09:59:27,207.54,0,F,2058.57,-7512.95,47.5214119,-122.25657654,E,,
3223938,2026-07-05T09:59:28,205.13,0,F,2058.57,-7512.95,47.5214119,-122.25657654,E,,
3225010,2026-07-05T09:59:29,197.88,0,F,2058.57,-7512.95,47.5214119,-122.25657654,E,,
3226089,2026-07-05T09:59:31,193.55,0,F,2058.57,-7512.95,47.5214119,-122.25657654,E,,
3227159,2026-07-05T09:59:32,195.29,0,F,2058.57,-7512.95,47.5214119,-122.25657654,E,,
3228231,2026-07-05T09:59:33,194.58,0,F,2058.57,-7512.95,47.5214119,-122.25657654,E,,
3229310,2026-07-05T09:59:34,194.78,0,F,2058.57,-7512.95,47.5214119,-122.25657654,E,,
3230372,2026-07-05T09:59:35,194.4,0,F,2058.57,-7512.95,47.5214119,-122.25657654,E,,
3231453,2026-07-05T09:59:36,193.03,0,F,2058.57,-7512.95,47.5214119,-122.25657654,E,,
3232533,2026-07-05T09:59:37,191.24,0,F,2058.57,-7512.95,47.5214119,-122.25657654,E,,
3233603,2026-07-05T09:59:38,190.27,0,F,2058.57,-7512.95,47.5214119,-122.25657654,E,,
3234664,2026-07-05T09:59:39,187.15,0,F,2058.57,-7512.95,47.5214119,-122.25657654,E,,
3235743,2026-07-05T09:59:40,183.75,0,F,2058.57,-7512.95,47.5214119,-122.25657654,E,,
3236819,2026-07-05T09:59:41,179.78,0,F,2058.57,-7512.95,47.5214119,-122.25657654,E,,
3237899,2026-07-05T09:59:42,185.02,0,F,2058.57,-7512.95,47.5214119,-122.25657654,E,,
3238978,2026-07-05T09:59:43,184.17,0,F,2058.57,-7512.95,47.5214119,-122.25657654,E,,
3240047,2026-07-05T09:59:44,180.8,0,F,2058.57,-7512.95,47.5214119,-122.25657654,E,,
3241115,2026-07-05T09:59:46,179.25,0,F,2058.57,-7512.95,47.5214119,-122.25657654,E,,
3242203,2026-07-05T09:59:47,177.44,0,F,2058.57,-7512.95,47.5214119,-122.25657654,E,,
3243264,2026-07-05T09:59:48,182.58,0,F,2058.57,-7512.95,47.5214119,-122.25657654,E,,
3244325,2026-07-05T09:59:49,183.84,0,F,2058.57,-7512.95,47.5214119,-122.25657654,E,,
3245385,2026-07-05T09:59:50,185.02,0,F,2058.57,-7512.95,47.5214119,-122.25657654,E,,
3246457,2026-07-05T09:59:51,189.44,0,F,2058.57,-7512.95,47.5214119,-122.25657654,E,,
3247514,2026-07-05T09:59:52,194.27,0,F,2058.57,-7512.95,47.5214119,-122.25657654,E,,
3248585,2026-07-05T09:59:53,191.06,0,F,2058.57,-7512.95,47.5214119,-122.25657654,E,,
3249664,2026-07-05T09:59:54,191.32,0,F,2058.57,-7512.95,47.5214119,-122.25657654,E,,
3250742,2026-07-05T09:59:55,195.33,0,F,2058.57,-7512.95,47.5214119,-122.25657654,E,,
3251812,2026-07-05T09:59:56,198.92,0,F,2058.57,-7512.95,47.5214119,-122.25657654,E,,
3252882,2026-07-05T09:59:57,197.98,0,F,2058.57,-7512.95,47.5214119,-122.25657654,E,,
3253952,2026-07-05T09:59:58,198.32,0,F,2058.57,-7512.95,47.5214119,-122.25657654,E,,
3255038,2026-07-05T09:59:59,204.91,0,F,2058.57,-7512.95,47.5214119,-122.25657654,E,,
3256108,2026-07-05T10:00:01,213.4,0,F,2058.57,-7512.95,47.5214119,-122.25657654,E,,
3257187,2026-07-05T10:00:02,214.69,0,F,2058.57,-7512.95,47.5214119,-122.25657654,E,,
3258233,2026-07-05T10:00:03,209.49,0,F,2058.57,-7512.95,47.5214119,-122.25657654,E,,
3259296,2026-07-05T10:00:04,202.35,0,F,2058.57,-7512.95,47.5214119,-122.25657654,E,,
3260350,2026-07-05T10:00:05,201.52,0,F,2058.57,-7512.95,47.5214119,-122.25657654,E,,
3261420,2026-07-05T10:00:06,199.34,0,F,2058.57,-7512.95,47.5214119,-122.25657654,E,,
3262468,2026-07-05T10:00:07,197.29,0,F,2058.57,-7512.95,47.5214119,-122.25657654,E,,
3263524,2026-07-05T10:00:08,195.08,0,F,2058.57,-7512.95,47.5214119,-122.25657654,E,,
3264568,2026-07-05T10:00:09,196.77,0,F,2058.57,-7512.95,47.5214119,-122.25657654,E,,
3265644,2026-07-05T10:00:10,201.21,0,F,2058.57,-7512.95,47.5214119,-122.25657654,E,,
3266716,2026-07-05T10:00:11,197.44,0,F,2058.57,-7512.95,47.5214119,-122.25657654,E,,
3267745,2026-07-05T10:00:12,182.81,0,F,2058.57,-7512.95,47.5214119,-122.25657654,E,,
3268823,2026-07-05T10:00:13,166.8,0,F,2058.57,-7512.95,47.5214119,-122.25657654,E,,
3269893,2026-07-05T10:00:14,163.22,0,F,2058.57,-7512.95,47.5214119,-122.25657654,E,,
3270971,2026-07-05T10:00:15,166.4,0,F,2058.57,-7512.95,47.5214119,-122.25657654,E,,
3272049,2026-07-05T10:00:16,157.29,0,F,2058.57,-7512.95,47.5214119,-122.25657654,E,,
3273137,2026-07-05T10:00:18,157.85,0,F,2058.57,-7512.95,47.5214119,-122.25657654,E,,
3274216,2026-07-05T10:00:19,170.16,0,F,2058.57,-7512.95,47.5214119,-122.25657654,E,,
3275294,2026-07-05T10:00:20,175.39,0,F,2058.57,-7512.95,47.5214119,-122.25657654,E,,
3276358,2026-07-05T10:00:21,182.2,0,F,2058.57,-7512.95,47.5214119,-122.25657654,E,,
3277419,2026-07-05T10:00:22,187.76,0,F,2058.57,-7512.95,47.5214119,-122.25657654,E,,
3278492,2026-07-05T10:00:23,188.42,0,F,2058.57,-7512.95,47.5214119,-122.25657654,E,,
3279564,2026-07-05T10:00:24,191.11,0,F,2058.57,-7512.95,47.5214119,-122.25657654,E,,
3280643,2026-07-05T10:00:25,192.29,0,F,2058.57,-7512.95,47.5214119,-122.25657654,E,,
3281722,2026-07-05T10:00:26,192.59,0,F,2058.57,-7512.95,47.5214119,-122.25657654,E,,
3282783,2026-07-05T10:00:27,192.97,0,F,2058.57,-7512.95,47.5214119,-122.25657654,E,,
3283861,2026-07-05T10:00:28,191.66,0,F,2058.57,-7512.95,47.5214119,-122.25657654,E,,
3284940,2026-07-05T10:00:29,189.08,0,F,2058.57,-7512.95,47.5214119,-122.25657654,E,,
3286010,2026-07-05T10:00:30,184.49,0,F,2058.57,-7512.95,47.5214119,-122.25657654,E,,
3287089,2026-07-05T10:00:32,192.4,0,F,2058.57,-7512.95,47.5214119,-122.25657654,E,,
3288176,2026-07-05T10:00:33,194.35,0.108,F,2058.57,-7512.96,47.5214119,-122.25657654,E,,
3289239,2026-07-05T10:00:34,211.23,0,F,2058.53,-7513.05,47.5214119,-122.25657654,E,,
3290309,2026-07-05T10:00:35,233.88,0,F,2058.53,-7513.05,47.5214119,-122.25657654,E,,
3291379,2026-07-05T10:00:36,251.55,0,F,2058.53,-7513.05,47.5214119,-122.25657654,E,,
3292450,2026-07-05T10:00:37,254.93,0,F,2058.53,-7513.05,47.5214119,-122.25657654,E,,
3293521,2026-07-05T10:00:38,227.82,0.124,F,2058.41,-7513.13,47.5214119,-122.25657654,E,,
3294587,2026-07-05T10:00:39,225.33,0,F,2058.36,-7513.19,47.52140808,-122.25658417,E,,
3295667,2026-07-05T10:00:40,216.48,0,F,2058.36,-7513.19,47.52140808,-122.25658417,E,,
3296746,2026-07-05T10:00:41,220.19,0,F,2058.36,-7513.19,47.52140808,-122.25658417,E,,
3297761,2026-07-05T10:00:42,232.2,0,F,2058.33,-7513.22,47.52140808,-122.25658417,E,,
3298831,2026-07-05T10:00:43,244.51,0,F,2058.33,-7513.22,47.52140808,-122.25658417,E,,
3299902,2026-07-05T10:00:44,242.66,0,F,2058.33,-7513.22,47.52140808,-122.25658417,E,,
3300990,2026-07-05T10:00:45,237.65,0,F,2058.33,-7513.22,47.52140808,-122.25658417,E,,
3302069,2026-07-05T10:00:46,235.52,0,F,2058.33,-7513.22,47.52140808,-122.25658417,E,,
3303140,2026-07-05T10:00:48,244.13,0,F,2058.33,-7513.22,47.52140808,-122.25658417,E,,
3304217,2026-07-05T10:00:49,254.28,0,F,2058.33,-7513.22,47.52140808,-122.25658417,E,,
3305295,2026-07-05T10:00:50,250.92,0,F,2058.33,-7513.22,47.52140808,-122.25658417,E,,
3306365,2026-07-05T10:00:51,262.72,0,F,2058.33,-7513.22,47.52140808,-122.25658417,E,,
3307420,2026-07-05T10:00:52,251.27,0,F,2058.33,-7513.22,47.52140808,-122.25658417,E,,
3308485,2026-07-05T10:00:53,247.38,0,F,2058.33,-7513.22,47.52140808,-122.25658417,E,,
3309557,2026-07-05T10:00:54,235.4,0,F,2058.33,-7513.22,47.52140808,-122.25658417,E,,
3310628,2026-07-05T10:00:55,230.53,0,F,2058.33,-7513.22,47.52140808,-122.25658417,E,,
3311698,2026-07-05T10:00:56,235.9,0,F,2058.33,-7513.22,47.52140808,-122.25658417,E,,
3312778,2026-07-05T10:00:57,243.77,0,F,2058.33,-7513.22,47.52140808,-122.25658417,E,,
3313857,2026-07-05T10:00:58,222.9,0,F,2058.33,-7513.22,47.52140808,-122.25658417,E,,
3314936,2026-07-05T10:00:59,216.44,0,F,2058.33,-7513.22,47.52140808,-122.25658417,E,,
3316005,2026-07-05T10:01:00,224.65,0.186,F,2058.27,-7513.32,47.52140808,-122.25658417,E,,
3317084,2026-07-05T10:01:02,249.42,0.299,F,2058.03,-7513.46,47.52140808,-122.25658417,E,,
3318164,2026-07-05T10:01:03,269.62,0.37,F,2057.68,-7513.51,47.52140808,-122.2565918,E,,
3319253,2026-07-05T10:01:04,271.34,0.418,F,2057.25,-7513.5,47.52140808,-122.2565918,E,,
3320325,2026-07-05T10:01:05,276.98,0.443,F,2056.79,-7513.48,47.52140808,-122.25659943,E,,
3321377,2026-07-05T10:01:06,278.5,0.463,F,2056.32,-7513.43,47.52140808,-122.25660706,E,,
3322439,2026-07-05T10:01:07,277.78,0.486,F,2055.82,-7513.38,47.52140808,-122.25661469,E,,
3323519,2026-07-05T10:01:08,278.65,0.466,F,2055.3,-7513.29,47.52140808,-122.25662231,E,,
3324610,2026-07-05T10:01:09,276.36,0.424,F,2054.82,-7513.21,47.52140808,-122.25662994,E,,
3325690,2026-07-05T10:01:10,251.06,0.418,F,2054.38,-7513.23,47.52140808,-122.25663757,E,,
3326760,2026-07-05T10:01:11,223.9,0.434,F,2054.01,-7513.48,47.52140808,-122.25663757,E,,
3327831,2026-07-05T10:01:12,204.31,0.426,F,2053.74,-7513.84,47.52140427,-122.2566452,E,,
3328901,2026-07-05T10:01:13,194.01,0.448,F,2053.58,-7514.28,47.52140045,-122.2566452,E,,
3329971,2026-07-05T10:01:14,182.99,0.465,F,2053.52,-7514.76,47.52139664,-122.2566452,E,,
3331040,2026-07-05T10:01:15,191.74,0.475,F,2053.49,-7515.27,47.52139282,-122.2566452,E,,
3332093,2026-07-05T10:01:17,213.86,0.487,F,2053.29,-7515.72,47.52138519,-122.2566452,E,,
3333148,2026-07-05T10:01:18,212.2,0.45,F,2053.01,-7516.14,47.52138138,-122.25665283,E,,
3334215,2026-07-05T10:01:19,200.7,0.325,F,2052.82,-7516.51,47.52138138,-122.25665283,E,,
3335281,2026-07-05T10:01:20,189.66,0.228,F,2052.75,-7516.79,47.52137756,-122.25665283,E,,
3336370,2026-07-05T10:01:21,183.26,0.158,F,2052.73,-7516.99,47.52137375,-122.25665283,E,,
3337427,2026-07-05T10:01:22,184.73,0.157,F,2052.72,-7517.15,47.52137375,-122.25665283,E,,
3338509,2026-07-05T10:01:23,177.04,0.127,F,2052.71,-7517.3,47.52137375,-122.25665283,E,,
3339572,2026-07-05T10:01:24,158.7,0,F,2052.73,-7517.41,47.52136993,-122.25665283,E,,
3340644,2026-07-05T10:01:25,181.82,0,F,2052.73,-7517.41,47.52136993,-122.25665283,E,,
3341715,2026-07-05T10:01:26,197.73,0,F,2052.73,-7517.41,47.52136993,-122.25665283,E,,
3342787,2026-07-05T10:01:27,185.73,0,F,2052.73,-7517.41,47.52136993,-122.25665283,E,,
3343866,2026-07-05T10:01:28,172.19,0,F,2052.73,-7517.41,47.52136993,-122.25665283,E,,
3344947,2026-07-05T10:01:29,171.58,0,F,2052.73,-7517.41,47.52136993,-122.25665283,E,,
3346018,2026-07-05T10:01:30,172.74,0,F,2052.73,-7517.41,47.52136993,-122.25665283,E,,
3347079,2026-07-05T10:01:32,172.5,0,F,2052.73,-7517.41,47.52136993,-122.25665283,E,,
3348152,2026-07-05T10:01:33,172.64,0,F,2052.73,-7517.41,47.52136993,-122.25665283,E,,
3349222,2026-07-05T10:01:34,160.43,0,F,2052.73,-7517.41,47.52136993,-122.25665283,E,,
3350294,2026-07-05T10:01:35,171.39,0,F,2052.73,-7517.41,47.52136993,-122.25665283,E,,
3351357,2026-07-05T10:01:36,178.41,0,F,2052.73,-7517.41,47.52136993,-122.25665283,E,,
3352436,2026-07-05T10:01:37,180.29,0,F,2052.73,-7517.41,47.52136993,-122.25665283,E,,
3353509,2026-07-05T10:01:38,185.28,0,F,2052.73,-7517.41,47.52136993,-122.25665283,E,,
3354591,2026-07-05T10:01:39,191.98,0,F,2052.73,-7517.41,47.52136993,-122.25665283,E,,
3355654,2026-07-05T10:01:40,201.04,0,F,2052.73,-7517.41,47.52136993,-122.25665283,E,,
3356744,2026-07-05T10:01:41,205.09,0,F,2052.73,-7517.41,47.52136993,-122.25665283,E,,
3357823,2026-07-05T10:01:42,208.65,0,F,2052.73,-7517.41,47.52136993,-122.25665283,E,,
3358864,2026-07-05T10:01:43,203.87,0,F,2052.73,-7517.41,47.52136993,-122.25665283,E,,
3359944,2026-07-05T10:01:44,200.72,0,F,2052.73,-7517.41,47.52136993,-122.25665283,E,,
3361015,2026-07-05T10:01:45,196.82,0,F,2052.73,-7517.41,47.52136993,-122.25665283,E,,
3362105,2026-07-05T10:01:47,182.67,0,F,2052.73,-7517.41,47.52136993,-122.25665283,E,,
3363175,2026-07-05T10:01:48,178.94,0,F,2052.73,-7517.41,47.52136993,-122.25665283,E,,
3364237,2026-07-05T10:01:49,181.13,0,F,2052.73,-7517.41,47.52136993,-122.25665283,E,,
3365311,2026-07-05T10:01:50,195.4,0,F,2052.73,-7517.42,47.52136993,-122.25665283,E,,
3366384,2026-07-05T10:01:51,190.73,0,F,2052.73,-7517.42,47.52136993,-122.25665283,E,,
3367438,2026-07-05T10:01:52,194.51,0,F,2052.73,-7517.42,47.52136993,-122.25665283,E,,
3368527,2026-07-05T10:01:53,197.4,0,F,2052.73,-7517.42,47.52136993,-122.25665283,E,,
3369608,2026-07-05T10:01:54,194.82,0,F,2052.73,-7517.42,47.52136993,-122.25665283,E,,
3370682,2026-07-05T10:01:55,195.15,0,F,2052.73,-7517.42,47.52136993,-122.25665283,E,,
3371753,2026-07-05T10:01:56,204.32,0,F,2052.73,-7517.42,47.52136993,-122.25665283,E,,
3372825,2026-07-05T10:01:57,216.33,0,F,2052.73,-7517.42,47.52136993,-122.25665283,E,,
3373904,2026-07-05T10:01:58,231.07,0,F,2052.73,-7517.42,47.52136993,-122.25665283,E,,
3374985,2026-07-05T10:01:59,218.36,0.145,F,2052.69,-7517.47,47.52136993,-122.25665283,E,,
3376039,2026-07-05T10:02:00,216.94,0.168,F,2052.58,-7517.61,47.52136993,-122.25666046,E,,
3377102,2026-07-05T10:02:02,213.3,0.224,F,2052.47,-7517.77,47.52136993,-122.25666046,E,,
3378173,2026-07-05T10:02:03,205.77,0.286,F,2052.33,-7518.01,47.52136612,-122.25666046,E,,
3379252,2026-07-05T10:02:04,203.19,0.36,F,2052.2,-7518.34,47.5213623,-122.25666046,E,,
3380314,2026-07-05T10:02:05,210.04,0.403,F,2052.01,-7518.7,47.52135849,-122.25666809,E,,
3381379,2026-07-05T10:02:06,208.04,0.464,F,2051.78,-7519.1,47.52135849,-122.25666809,E,,
3382451,2026-07-05T10:02:07,206.27,0.495,F,2051.55,-7519.56,47.52135086,-122.25666809,E,,
3383523,2026-07-05T10:02:08,200.85,0.529,F,2051.32,-7520.05,47.52134705,-122.25667572,E,,
3384605,2026-07-05T10:02:09,193.28,0.54,F,2051.16,-7520.6,47.52134323,-122.25667572,E,,
3385669,2026-07-05T10:02:10,186.6,0.539,F,2051.06,-7521.17,47.52133942,-122.25667572,E,,
3386742,2026-07-05T10:02:11,187.4,0.556,F,2051,-7521.74,47.52133179,-122.25667572,E,,
3387822,2026-07-05T10:02:12,188.8,0.516,F,2050.92,-7522.32,47.52132797,-122.25668335,E,,
3388895,2026-07-05T10:02:13,192.95,0.379,F,2050.82,-7522.79,47.52132416,-122.25668335,E,,
3389994,2026-07-05T10:02:14,191.14,0.263,F,2050.75,-7523.13,47.52132034,-122.25668335,E,,
3391068,2026-07-05T10:02:15,192.71,0.24,F,2050.7,-7523.37,47.52131653,-122.25668335,E,,
3392148,2026-07-05T10:02:17,190.55,0.335,F,2050.64,-7523.69,47.52131653,-122.25668335,E,,
3393229,2026-07-05T10:02:18,187.4,0.395,F,2050.59,-7524.09,47.52131271,-122.25668335,E,,
3394283,2026-07-05T10:02:19,193.87,0.364,F,2050.51,-7524.49,47.5213089,-122.25668335,E,,
3395345,2026-07-05T10:02:20,199.97,0.407,F,2050.39,-7524.88,47.52130508,-122.25668335,E,,
3396407,2026-07-05T10:02:21,197.91,0.426,F,2050.25,-7525.3,47.52130127,-122.25669098,E,,
3397489,2026-07-05T10:02:22,212.74,0.437,F,2050.05,-7525.72,47.52129745,-122.25669098,E,,
3398562,2026-07-05T10:02:23,233.04,0.437,F,2049.73,-7526.05,47.52129364,-122.25669861,E,,
3399658,2026-07-05T10:02:24,240.28,0.444,F,2049.32,-7526.3,47.52129364,-122.25669861,E,,
3400721,2026-07-05T10:02:25,226.55,0.433,F,2048.94,-7526.56,47.52128983,-122.25670624,E,,
3401784,2026-07-05T10:02:26,210.56,0.414,F,2048.67,-7526.92,47.52128601,-122.25670624,E,,
3402855,2026-07-05T10:02:27,204.22,0.429,F,2048.46,-7527.33,47.5212822,-122.25671387,E,,
3403917,2026-07-05T10:02:28,205.81,0.442,F,2048.28,-7527.74,47.52127838,-122.25671387,E,,
3404998,2026-07-05T10:02:29,232.04,0.43,F,2048.02,-7528.13,47.52127457,-122.2567215,E,,
3406078,2026-07-05T10:02:31,261.79,0.449,F,2047.57,-7528.3,47.52127457,-122.2567215,E,,
3407142,2026-07-05T10:02:32,274.09,0.455,F,2047.09,-7528.29,47.52127457,-122.25672913,E,,
3408223,2026-07-05T10:02:33,274.05,0.468,F,2046.59,-7528.24,47.52127457,-122.25673676,E,,
3409303,2026-07-05T10:02:34,265.87,0.457,F,2046.1,-7528.27,47.52127457,-122.25674438,E,,
3410373,2026-07-05T10:02:35,271.98,0.398,F,2045.64,-7528.28,47.52127457,-122.25675201,E,,
3411446,2026-07-05T10:02:36,268.35,0.413,F,2045.22,-7528.28,47.52127457,-122.25675201,E,,
3412509,2026-07-05T10:02:37,247.35,0.43,F,2044.78,-7528.36,47.52127457,-122.25675964,E,,
3413590,2026-07-05T10:02:38,245.87,0.45,F,2044.35,-7528.58,47.52127075,-122.25676727,E,,
3414680,2026-07-05T10:02:39,254.66,0.472,F,2043.88,-7528.74,47.52127075,-122.2567749,E,,
3415768,2026-07-05T10:02:40,264.57,0.497,F,2043.35,-7528.82,47.52127075,-122.25678253,E,,
3416846,2026-07-05T10:02:41,264.52,0.507,F,2042.81,-7528.87,47.52126694,-122.25679016,E,,
3417925,2026-07-05T10:02:42,262.84,0.494,F,2042.27,-7528.93,47.52126694,-122.25679779,E,,
3418994,2026-07-05T10:02:43,260.81,0.464,F,2041.76,-7529,47.52126694,-122.25680542,E,,
3420028,2026-07-05T10:02:44,259.28,0.429,F,2041.3,-7529.09,47.52126694,-122.25680542,E,,
3421112,2026-07-05T10:02:46,264.23,0.39,F,2040.87,-7529.15,47.52126694,-122.25681305,E,,
3422181,2026-07-05T10:02:47,264.35,0.372,F,2040.46,-7529.2,47.52126694,-122.25682068,E,,
3423252,2026-07-05T10:02:48,260.74,0.359,F,2040.07,-7529.25,47.52126694,-122.25682068,E,,
3424331,2026-07-05T10:02:49,256.03,0.362,F,2039.69,-7529.31,47.52126312,-122.25682831,E,,
3425411,2026-07-05T10:02:50,244.79,0.353,F,2039.33,-7529.44,47.52126312,-122.25683594,E,,
3426484,2026-07-05T10:02:51,240.54,0.356,F,2038.99,-7529.61,47.52126312,-122.25683594,E,,
3427554,2026-07-05T10:02:52,238.31,0.338,F,2038.66,-7529.82,47.52125931,-122.25684357,E,,
3428625,2026-07-05T10:02:53,237.68,0.237,F,2038.4,-7529.98,47.52125931,-122.25684357,E,,
3429711,2026-07-05T10:02:54,224.14,0.165,F,2038.23,-7530.1,47.52125931,-122.2568512,E,,
3430781,2026-07-05T10:02:55,211.17,0.144,F,2038.13,-7530.25,47.52125549,-122.2568512,E,,
3431851,2026-07-05T10:02:56,231.24,0.101,F,2038.06,-7530.34,47.52125549,-122.2568512,E,,
3432914,2026-07-05T10:02:57,247.61,0,F,2038.01,-7530.36,47.52125549,-122.2568512,E,,
3433984,2026-07-05T10:02:58,241.42,0.176,F,2037.92,-7530.41,47.52125549,-122.2568512,E,,
3435063,2026-07-05T10:02:59,237.89,0.285,F,2037.71,-7530.53,47.52125549,-122.25685883,E,,
3436133,2026-07-05T10:03:01,226.05,0.36,F,2037.43,-7530.73,47.52125168,-122.25685883,E,,
3437213,2026-07-05T10:03:02,224.03,0.432,F,2037.13,-7531.04,47.52124786,-122.25686646,E,,
3438258,2026-07-05T10:03:03,220.95,0.465,F,2036.81,-7531.39,47.52124786,-122.25686646,E,,
3439320,2026-07-05T10:03:04,227.01,0.475,F,2036.46,-7531.75,47.52124405,-122.25687408,E,,
3440400,2026-07-05T10:03:05,231.27,0.45,F,2036.07,-7532.08,47.52124023,-122.25687408,E,,
3441462,2026-07-05T10:03:06,231.81,0.446,F,2035.7,-7532.38,47.52123642,-122.25688171,E,,
3442533,2026-07-05T10:03:07,228.75,0.349,F,2035.36,-7532.66,47.52123642,-122.25688934,E,,
3443597,2026-07-05T10:03:08,216.45,0.245,F,2035.15,-7532.88,47.5212326,-122.25688934,E,,
3444650,2026-07-05T10:03:09,208.84,0.172,F,2035.03,-7533.07,47.5212326,-122.25688934,E,,
3445722,2026-07-05T10:03:10,211.45,0.121,F,2034.96,-7533.2,47.52122879,-122.25688934,E,,
3446809,2026-07-05T10:03:11,224.51,0,F,2034.92,-7533.26,47.52122879,-122.25688934,E,,
3447888,2026-07-05T10:03:12,237.79,0,F,2034.92,-7533.26,47.52122879,-122.25688934,E,,
3448949,2026-07-05T10:03:13,241.1,0,F,2034.92,-7533.26,47.52122879,-122.25688934,E,,
3450028,2026-07-05T10:03:14,235.55,0,F,2034.92,-7533.26,47.52122879,-122.25688934,E,,
3451042,2026-07-05T10:03:15,238,0,F,2034.92,-7533.26,47.52122879,-122.25688934,E,,
3452121,2026-07-05T10:03:17,215.93,0.217,F,2034.84,-7533.36,47.52122879,-122.25689697,E,,
3453199,2026-07-05T10:03:18,222.88,0.3,F,2034.67,-7533.58,47.52122498,-122.25689697,E,,
3454278,2026-07-05T10:03:19,238.64,0.381,F,2034.38,-7533.8,47.52122498,-122.25689697,E,,
3455314,2026-07-05T10:03:20,247.3,0.45,F,2033.99,-7534,47.52122116,-122.2569046,E,,
3456376,2026-07-05T10:03:21,254.55,0.506,F,2033.51,-7534.18,47.52122116,-122.25691223,E,,
3457432,2026-07-05T10:03:22,265.18,0.548,F,2032.96,-7534.28,47.52122116,-122.25691986,E,,
3458494,2026-07-05T10:03:23,258.06,0.573,F,2032.37,-7534.36,47.52122116,-122.25692749,E,,
3459575,2026-07-05T10:03:24,251.63,0.565,F,2031.76,-7534.54,47.52121735,-122.25693512,E,,
3460645,2026-07-05T10:03:25,258.53,0.414,F,2031.26,-7534.69,47.52121735,-122.25694275,E,,
3461720,2026-07-05T10:03:26,267.26,0.442,F,2030.81,-7534.75,47.52121735,-122.25695038,E,,
3462790,2026-07-05T10:03:27,270.89,0.48,F,2030.31,-7534.76,47.52121735,-122.25695801,E,,
3463877,2026-07-05T10:03:28,267.27,0.513,F,2029.77,-7534.76,47.52121735,-122.25695801,E,,
3464932,2026-07-05T10:03:29,257.54,0.522,F,2029.23,-7534.83,47.52121353,-122.25696564,E,,
3466004,2026-07-05T10:03:30,256.92,0.484,F,2028.7,-7534.98,47.52121353,-122.25697327,E,,
3467083,2026-07-05T10:03:32,260.68,0.478,F,2028.19,-7535.07,47.52121353,-122.2569809,E,,
3468152,2026-07-05T10:03:33,258.83,0.484,F,2027.68,-7535.14,47.52121353,-122.25698853,E,,
3469214,2026-07-05T10:03:34,246.19,0.457,F,2027.2,-7535.3,47.52120972,-122.25699615,E,,
3470281,2026-07-05T10:03:35,238.32,0.338,F,2026.81,-7535.5,47.52120972,-122.25700378,E,,
3471344,2026-07-05T10:03:36,232.08,0.237,F,2026.56,-7535.66,47.5212059,-122.25700378,E,,
3472414,2026-07-05T10:03:37,209,0.176,F,2026.42,-7535.82,47.5212059,-122.25700378,E,,
3473485,2026-07-05T10:03:38,162.22,0.27,F,2026.39,-7536.03,47.5212059,-122.25700378,E,,
3474538,2026-07-05T10:03:39,156.34,0.367,F,2026.53,-7536.36,47.52120209,-122.25700378,E,,
3475617,2026-07-05T10:03:40,150.47,0.351,F,2026.73,-7536.71,47.52119827,-122.25700378,E,,
3476698,2026-07-05T10:03:41,153.21,0.245,F,2026.87,-7536.99,47.52119446,-122.25700378,E,,
3477778,2026-07-05T10:03:42,133.21,0.171,F,2027,-7537.17,47.52119446,-122.25699615,E,,
3478841,2026-07-05T10:03:43,131.15,0.12,F,2027.12,-7537.28,47.52119446,-122.25699615,E,,
3479919,2026-07-05T10:03:44,142.53,0,F,2027.16,-7537.33,47.52119446,-122.25699615,E,,
3481086,2026-07-05T10:03:46,150.77,0,F,2027.16,-7537.33,47.52119446,-122.25699615,E,,
3482176,2026-07-05T10:03:47,157.31,0,F,2027.16,-7537.33,47.52119446,-122.25699615,E,,
3483255,2026-07-05T10:03:48,127.36,0.145,F,2027.18,-7537.35,47.52119446,-122.25699615,E,,
3484318,2026-07-05T10:03:49,131.95,0.252,F,2027.35,-7537.47,47.52119064,-122.25699615,E,,
3485363,2026-07-05T10:03:50,156.24,0.321,F,2027.52,-7537.71,47.52119064,-122.25698853,E,,
3486433,2026-07-05T10:03:51,178.98,0.396,F,2027.58,-7538.09,47.52118683,-122.25698853,E,,
3487505,2026-07-05T10:03:52,197.59,0.428,F,2027.52,-7538.51,47.52118301,-122.25698853,E,,
3488557,2026-07-05T10:03:53,208.46,0.462,F,2027.32,-7538.93,47.5211792,-122.25699615,E,,
3489637,2026-07-05T10:03:54,195.38,0.482,F,2027.12,-7539.4,47.52117538,-122.25699615,E,,
3490699,2026-07-05T10:03:55,181.41,0.51,F,2027.06,-7539.92,47.52116776,-122.25699615,E,,
3491777,2026-07-05T10:03:56,183.52,0.547,F,2027.05,-7540.49,47.52116394,-122.25699615,E,,
3492847,2026-07-05T10:03:57,185.75,0.573,F,2027,-7541.09,47.52116013,-122.25699615,E,,
3493927,2026-07-05T10:03:58,186.51,0.59,F,2026.92,-7541.72,47.5211525,-122.25699615,E,,
3495008,2026-07-05T10:03:59,179.91,0.592,F,2026.88,-7542.35,47.52114868,-122.25700378,E,,
3496078,2026-07-05T10:04:01,164.33,0.564,F,2026.96,-7542.96,47.52114105,-122.25699615,E,,
3497166,2026-07-05T10:04:02,151.75,0.529,F,2027.21,-7543.52,47.52113724,-122.25699615,E,,
3498244,2026-07-05T10:04:03,137.42,0.509,F,2027.54,-7543.97,47.52113342,-122.25698853,E,,
3499306,2026-07-05T10:04:04,130.29,0.498,F,2027.94,-7544.33,47.52112961,-122.25698853,E,,
3500394,2026-07-05T10:04:05,148.43,0.506,F,2028.31,-7544.73,47.52112579,-122.2569809,E,,
3501465,2026-07-05T10:04:06,158.41,0.514,F,2028.54,-7545.24,47.52112198,-122.2569809,E,,
3502536,2026-07-05T10:04:07,147.66,0.465,F,2028.75,-7545.69,47.52111816,-122.25697327,E,,
3503625,2026-07-05T10:04:08,140.09,0.46,F,2029.07,-7546.1,47.52111435,-122.25697327,E,,
3504694,2026-07-05T10:04:09,144.37,0.361,F,2029.34,-7546.45,47.52111053,-122.25696564,E,,
3505764,2026-07-05T10:04:10,147.5,0.253,F,2029.52,-7546.71,47.52110672,-122.25696564,E,,
3506852,2026-07-05T10:04:11,154.55,0.176,F,2029.63,-7546.92,47.52110672,-122.25696564,E,,
3507921,2026-07-05T10:04:12,138.76,0.157,F,2029.7,-7547.06,47.52110672,-122.25696564,E,,
3509009,2026-07-05T10:04:13,111.46,0.289,F,2029.92,-7547.17,47.52110291,-122.25695801,E,,
3510072,2026-07-05T10:04:14,100.45,0.353,F,2030.25,-7547.27,47.52110291,-122.25695801,E,,
3511147,2026-07-05T10:04:16,78.72,0.418,F,2030.67,-7547.27,47.52110291,-122.25695038,E,,
3512184,2026-07-05T10:04:17,70.91,0.467,F,2031.11,-7547.14,47.52110291,-122.25694275,E,,
3513263,2026-07-05T10:04:18,75.15,0.4,F,2031.58,-7547.02,47.52110672,-122.25693512,E,,
3514333,2026-07-05T10:04:19,74.52,0.28,F,2031.92,-7546.92,47.52110672,-122.25693512,E,,
3515395,2026-07-05T10:04:20,71.16,0.205,F,2032.17,-7546.86,47.52110672,-122.25692749,E,,
3516466,2026-07-05T10:04:21,84.15,0.144,F,2032.35,-7546.82,47.52110672,-122.25692749,E,,
3517536,2026-07-05T10:04:22,69.97,0.11,F,2032.49,-7546.79,47.52110672,-122.25692749,E,,
3518607,2026-07-05T10:04:23,77.15,0,F,2032.51,-7546.77,47.52110672,-122.25692749,E,,
3519676,2026-07-05T10:04:24,80.94,0,F,2032.51,-7546.77,47.52110672,-122.25692749,E,,
3520755,2026-07-05T10:04:25,84.79,0,F,2032.51,-7546.77,47.52110672,-122.25692749,E,,
3521834,2026-07-05T10:04:26,73.52,0,F,2032.51,-7546.77,47.52110672,-122.25692749,E,,
3522914,2026-07-05T10:04:27,84.01,0,F,2032.51,-7546.77,47.52110672,-122.25692749,E,,
3523992,2026-07-05T10:04:28,111.79,0,F,2032.51,-7546.77,47.52110672,-122.25692749,E,,
3525079,2026-07-05T10:04:30,103.49,0,F,2032.51,-7546.77,47.52110672,-122.25692749,E,,
3526142,2026-07-05T10:04:31,96.61,0,F,2032.51,-7546.77,47.52110672,-122.25692749,E,,
3527203,2026-07-05T10:04:32,117.1,0,F,2032.51,-7546.77,47.52110672,-122.25692749,E,,
3528282,2026-07-05T10:04:33,130.46,0,F,2032.51,-7546.77,47.52110672,-122.25692749,E,,
3529343,2026-07-05T10:04:34,110.41,0,F,2032.51,-7546.77,47.52110672,-122.25692749,E,,
3530391,2026-07-05T10:04:35,95.14,0,F,2032.51,-7546.77,47.52110672,-122.25692749,E,,
3531444,2026-07-05T10:04:36,75.68,0,F,2032.51,-7546.77,47.52110672,-122.25692749,E,,
3532514,2026-07-05T10:04:37,75.15,0,F,2032.51,-7546.77,47.52110672,-122.25692749,E,,
3533593,2026-07-05T10:04:38,76.95,0,F,2032.51,-7546.77,47.52110672,-122.25692749,E,,
3534655,2026-07-05T10:04:39,80.77,0,F,2032.51,-7546.77,47.52110672,-122.25692749,E,,
3535703,2026-07-05T10:04:40,77.52,0,F,2032.51,-7546.77,47.52110672,-122.25692749,E,,
3536784,2026-07-05T10:04:41,87.79,0,F,2032.51,-7546.77,47.52110672,-122.25692749,E,,
3537853,2026-07-05T10:04:42,104.45,0,F,2032.51,-7546.77,47.52110672,-122.25692749,E,,
3538933,2026-07-05T10:04:43,105.04,0,F,2032.51,-7546.77,47.52110672,-122.25692749,E,,
3540004,2026-07-05T10:04:44,97.15,0,F,2032.51,-7546.77,47.52110672,-122.25692749,E,,
3541084,2026-07-05T10:04:46,126.6,0,F,2032.51,-7546.77,47.52110672,-122.25692749,E,,
3542144,2026-07-05T10:04:47,156.95,0,F,2032.51,-7546.77,47.52110672,-122.25692749,E,,
3543171,2026-07-05T10:04:48,162.14,0,F,2032.51,-7546.77,47.52110672,-122.25692749,E,,
3544251,2026-07-05T10:04:49,159.09,0,F,2032.51,-7546.77,47.52110672,-122.25692749,E,,
3545324,2026-07-05T10:04:50,142.21,0,F,2032.51,-7546.77,47.52110672,-122.25692749,E,,
3546404,2026-07-05T10:04:51,139.79,0,F,2032.51,-7546.77,47.52110672,-122.25692749,E,,
3547466,2026-07-05T10:04:52,138.62,0,F,2032.51,-7546.77,47.52110672,-122.25692749,E,,
3548536,2026-07-05T10:04:53,123.84,0,F,2032.51,-7546.77,47.52110672,-122.25692749,E,,
3549608,2026-07-05T10:04:54,105.9,0,F,2032.51,-7546.77,47.52110672,-122.25692749,E,,
3550670,2026-07-05T10:04:55,112.66,0,F,2032.51,-7546.77,47.52110672,-122.25692749,E,,
3551732,2026-07-05T10:04:56,101.53,0,F,2032.51,-7546.77,47.52110672,-122.25692749,E,,
3552802,2026-07-05T10:04:57,95,0,F,2032.51,-7546.77,47.52110672,-122.25692749,E,,
3553862,2026-07-05T10:04:58,95.34,0,F,2032.51,-7546.77,47.52110672,-122.25692749,E,,
3554932,2026-07-05T10:04:59,89.01,0,F,2032.51,-7546.77,47.52110672,-122.25692749,E,,
3555986,2026-07-05T10:05:00,88.68,0,F,2032.51,-7546.77,47.52110672,-122.25692749,E,,
3557065,2026-07-05T10:05:01,67.53,0,F,2032.51,-7546.77,47.52110672,-122.25692749,E,,
3558145,2026-07-05T10:05:03,75.97,0,F,2032.51,-7546.77,47.52110672,-122.25692749,E,,
3559208,2026-07-05T10:05:04,74.17,0,F,2032.51,-7546.77,47.52110672,-122.25692749,E,,
3560287,2026-07-05T10:05:05,97.16,0,F,2032.51,-7546.77,47.52110672,-122.25692749,E,,
3561356,2026-07-05T10:05:06,107.72,0,F,2032.51,-7546.77,47.52110672,-122.25692749,E,,
3562427,2026-07-05T10:05:07,113.44,0.115,F,2032.54,-7546.78,47.52110672,-122.25692749,E,,
3563497,2026-07-05T10:05:08,149.34,0,F,2032.6,-7546.84,47.52110672,-122.25692749,E,,
3564560,2026-07-05T10:05:09,158.57,0,F,2032.6,-7546.84,47.52110672,-122.25692749,E,,
3565631,2026-07-05T10:05:10,166.03,0,F,2032.6,-7546.84,47.52110672,-122.25692749,E,,
3566694,2026-07-05T10:05:11,171.45,0,F,2032.6,-7546.84,47.52110672,-122.25692749,E,,
3567764,2026-07-05T10:05:12,169.14,0,F,2032.6,-7546.84,47.52110672,-122.25692749,E,,
3568833,2026-07-05T10:05:13,149.76,0.209,F,2032.66,-7546.94,47.52110672,-122.25691986,E,,
3569903,2026-07-05T10:05:14,152.58,0.232,F,2032.78,-7547.16,47.52110291,-122.25691986,E,,
3570982,2026-07-05T10:05:15,159.79,0.19,F,2032.88,-7547.37,47.52110291,-122.25691986,E,,
3572076,2026-07-05T10:05:17,164.02,0.177,F,2032.93,-7547.54,47.52110291,-122.25691986,E,,
3573145,2026-07-05T10:05:18,126.54,0.295,F,2033.1,-7547.73,47.52109909,-122.25691986,E,,
3574203,2026-07-05T10:05:19,120.25,0.303,F,2033.38,-7547.9,47.52109909,-122.25691223,E,,
3575280,2026-07-05T10:05:20,122.45,0.211,F,2033.61,-7548.05,47.52109528,-122.25691223,E,,
3576343,2026-07-05T10:05:21,134.95,0.16,F,2033.75,-7548.17,47.52109528,-122.25691223,E,,
3577405,2026-07-05T10:05:22,130.11,0.225,F,2033.9,-7548.31,47.52109528,-122.2569046,E,,
3578467,2026-07-05T10:05:23,127.66,0.318,F,2034.12,-7548.49,47.52109146,-122.2569046,E,,
3579529,2026-07-05T10:05:24,124,0.383,F,2034.43,-7548.71,47.52109146,-122.25689697,E,,
3580593,2026-07-05T10:05:25,119.2,0.431,F,2034.8,-7548.92,47.52108765,-122.25689697,E,,
3581673,2026-07-05T10:05:26,125.61,0.462,F,2035.2,-7549.18,47.52108765,-122.25688934,E,,
3582734,2026-07-05T10:05:27,125.24,0.494,F,2035.61,-7549.49,47.52108383,-122.25688171,E,,
3583803,2026-07-05T10:05:28,120.3,0.515,F,2036.08,-7549.77,47.52108002,-122.25687408,E,,
3584873,2026-07-05T10:05:29,114.82,0.531,F,2036.57,-7550.03,47.52108002,-122.25687408,E,,
3585925,2026-07-05T10:05:30,110.82,0.544,F,2037.1,-7550.24,47.5210762,-122.25686646,E,,
3587005,2026-07-05T10:05:31,106.64,0.549,F,2037.65,-7550.44,47.5210762,-122.25685883,E,,
3588075,2026-07-05T10:05:33,106.33,0.546,F,2038.21,-7550.6,47.52107239,-122.2568512,E,,
3589149,2026-07-05T10:05:34,108.88,0.541,F,2038.77,-7550.77,47.52107239,-122.25684357,E,,
3590221,2026-07-05T10:05:35,110.87,0.538,F,2039.32,-7550.97,47.52106857,-122.25683594,E,,
3591310,2026-07-05T10:05:36,111.45,0.504,F,2039.85,-7551.18,47.52106857,-122.25682831,E,,
3592389,2026-07-05T10:05:37,105.43,0.494,F,2040.35,-7551.35,47.52106857,-122.25682068,E,,
3593462,2026-07-05T10:05:38,108.88,0.445,F,2040.84,-7551.5,47.52106476,-122.25681305,E,,
3594533,2026-07-05T10:05:39,107.53,0.442,F,2041.29,-7551.65,47.52106476,-122.25680542,E,,
3595606,2026-07-05T10:05:40,109.16,0.43,F,2041.73,-7551.81,47.52106094,-122.25680542,E,,
3596687,2026-07-05T10:05:41,119.68,0.389,F,2042.13,-7552,47.52106094,-122.25679779,E,,
3597740,2026-07-05T10:05:42,121.95,0.374,F,2042.47,-7552.2,47.52106094,-122.25679016,E,,
3598811,2026-07-05T10:05:43,115.87,0.383,F,2042.82,-7552.39,47.52105713,-122.25679016,E,,
3599872,2026-07-05T10:05:44,106.73,0.387,F,2043.22,-7552.52,47.52105713,-122.25678253,E,,
3600929,2026-07-05T10:05:45,98.93,0.363,F,2043.6,-7552.61,47.52105713,-122.2567749,E,,
3602004,2026-07-05T10:05:46,84.2,0.375,F,2043.99,-7552.61,47.52105713,-122.2567749,E,,
3603084,2026-07-05T10:05:48,77.61,0.372,F,2044.39,-7552.55,47.52105713,-122.25676727,E,,
3604137,2026-07-05T10:05:49,79.65,0.382,F,2044.78,-7552.46,47.52105713,-122.25675964,E,,
3605170,2026-07-05T10:05:50,82.81,0.372,F,2045.16,-7552.4,47.52105713,-122.25675964,E,,
3606235,2026-07-05T10:05:51,79.14,0.382,F,2045.56,-7552.35,47.52105713,-122.25675201,E,,
3607307,2026-07-05T10:05:52,78.89,0.376,F,2045.96,-7552.29,47.52105713,-122.25674438,E,,
3608372,2026-07-05T10:05:53,81.2,0.384,F,2046.36,-7552.22,47.52106094,-122.25673676,E,,
3609453,2026-07-05T10:05:54,82.78,0.387,F,2046.78,-7552.17,47.52106094,-122.25673676,E,,
3610518,2026-07-05T10:05:55,80.94,0.393,F,2047.18,-7552.12,47.52106094,-122.25672913,E,,
3611581,2026-07-05T10:05:56,85.39,0.396,F,2047.6,-7552.07,47.52106094,-122.2567215,E,,
3612662,2026-07-05T10:05:57,98.43,0.344,F,2048.01,-7552.09,47.52106094,-122.2567215,E,,
3613723,2026-07-05T10:05:58,90.3,0.315,F,2048.34,-7552.1,47.52106094,-122.25671387,E,,
3614795,2026-07-05T10:05:59,92.38,0.352,F,2048.69,-7552.14,47.52106094,-122.25670624,E,,
3615850,2026-07-05T10:06:00,95.66,0.357,F,2049.07,-7552.15,47.52106094,-122.25670624,E,,
3616904,2026-07-05T10:06:01,88.05,0.382,F,2049.46,-7552.16,47.52106094,-122.25669861,E,,
3617977,2026-07-05T10:06:02,83.91,0.378,F,2049.86,-7552.13,47.52106094,-122.25669098,E,,
3619049,2026-07-05T10:06:03,73.19,0.374,F,2050.26,-7552.05,47.52106094,-122.25669098,E,,
3620129,2026-07-05T10:06:05,71.05,0.349,F,2050.64,-7551.94,47.52106094,-122.25668335,E,,
3621199,2026-07-05T10:06:06,66.02,0.325,F,2050.98,-7551.82,47.52106094,-122.25667572,E,,
3622271,2026-07-05T10:06:07,58.82,0.338,F,2051.29,-7551.66,47.52106476,-122.25667572,E,,
3623353,2026-07-05T10:06:08,46.17,0.327,F,2051.57,-7551.43,47.52106476,-122.25666809,E,,
3624424,2026-07-05T10:06:09,51.77,0.349,F,2051.84,-7551.19,47.52106857,-122.25666809,E,,
3625495,2026-07-05T10:06:10,55.88,0.355,F,2052.14,-7550.98,47.52106857,-122.25666046,E,,
3626558,2026-07-05T10:06:11,60.15,0.349,F,2052.46,-7550.77,47.52107239,-122.25666046,E,,
3627630,2026-07-05T10:06:12,64.9,0.335,F,2052.78,-7550.61,47.52107239,-122.25665283,E,,
3628720,2026-07-05T10:06:13,93.53,0.312,F,2053.11,-7550.51,47.5210762,-122.25665283,E,,
3629790,2026-07-05T10:06:14,116.5,0.329,F,2053.44,-7550.62,47.52107239,-122.2566452,E,,
3630870,2026-07-05T10:06:15,110.87,0.322,F,2053.75,-7550.76,47.52107239,-122.2566452,E,,
3631946,2026-07-05T10:06:16,108.11,0.335,F,2054.09,-7550.86,47.52107239,-122.25663757,E,,
3633025,2026-07-05T10:06:17,103.23,0.325,F,2054.43,-7550.97,47.52106857,-122.25662994,E,,
3634096,2026-07-05T10:06:19,95.35,0.329,F,2054.77,-7551.02,47.52106857,-122.25662994,E,,
3635177,2026-07-05T10:06:20,94.24,0.332,F,2055.12,-7551.07,47.52106857,-122.25662231,E,,
3636264,2026-07-05T10:06:21,91.49,0.331,F,2055.47,-7551.09,47.52106857,-122.25662231,E,,
3637345,2026-07-05T10:06:22,89.64,0.322,F,2055.82,-7551.09,47.52106857,-122.25661469,E,,
3638409,2026-07-05T10:06:23,93.83,0.304,F,2056.16,-7551.09,47.52106857,-122.25660706,E,,
3639490,2026-07-05T10:06:24,86.71,0.322,F,2056.5,-7551.09,47.52106857,-122.25660706,E,,
3640562,2026-07-05T10:06:25,83.48,0.315,F,2056.84,-7551.05,47.52106857,-122.25659943,E,,
3641638,2026-07-05T10:06:26,88.07,0.299,F,2057.17,-7551.04,47.52106857,-122.25659943,E,,
3642718,2026-07-05T10:06:27,83.01,0.31,F,2057.49,-7551.02,47.52106857,-122.2565918,E,,
3643798,2026-07-05T10:06:28,82.79,0.316,F,2057.83,-7550.97,47.52106857,-122.25658417,E,,
3644888,2026-07-05T10:06:29,82.81,0.309,F,2058.18,-7550.92,47.52107239,-122.25658417,E,,
3645958,2026-07-05T10:06:30,84.45,0.306,F,2058.5,-7550.87,47.52107239,-122.25657654,E,,
3647030,2026-07-05T10:06:31,91.85,0.283,F,2058.82,-7550.85,47.52107239,-122.25657654,E,,
3648111,2026-07-05T10:06:33,115.07,0.249,F,2059.09,-7550.93,47.52107239,-122.25656891,E,,
3649181,2026-07-05T10:06:34,85.3,0.296,F,2059.37,-7550.96,47.52106857,-122.25656891,E,,
3650245,2026-07-05T10:06:35,87.14,0.288,F,2059.68,-7550.95,47.52107239,-122.25656128,E,,
3651309,2026-07-05T10:06:36,82.92,0.295,F,2059.98,-7550.91,47.52107239,-122.25656128,E,,
3652392,2026-07-05T10:06:37,83.51,0.287,F,2060.29,-7550.86,47.52107239,-122.25655365,E,,
3653456,2026-07-05T10:06:38,83.71,0.273,F,2060.58,-7550.82,47.52107239,-122.25655365,E,,
3654528,2026-07-05T10:06:39,83.63,0.262,F,2060.86,-7550.78,47.52107239,-122.25654602,E,,
3655600,2026-07-05T10:06:40,93.33,0.254,F,2061.14,-7550.76,47.52107239,-122.25654602,E,,
3656670,2026-07-05T10:06:41,106.27,0.25,F,2061.39,-7550.81,47.52107239,-122.25653839,E,,
3657741,2026-07-05T10:06:42,104.79,0.233,F,2061.65,-7550.87,47.52107239,-122.25653839,E,,
3658822,2026-07-05T10:06:43,96.99,0.252,F,2061.91,-7550.92,47.52107239,-122.25653076,E,,
3659876,2026-07-05T10:06:44,91.11,0.259,F,2062.18,-7550.93,47.52107239,-122.25653076,E,,
3660916,2026-07-05T10:06:45,92.33,0.263,F,2062.45,-7550.93,47.52107239,-122.25652313,E,,
3661983,2026-07-05T10:06:46,87.98,0.305,F,2062.75,-7550.93,47.52107239,-122.25652313,E,,
3663062,2026-07-05T10:06:47,84.71,0.342,F,2063.11,-7550.93,47.52107239,-122.2565155,E,,
3664141,2026-07-05T10:06:49,80.7,0.37,F,2063.49,-7550.88,47.52107239,-122.2565155,E,,
3665194,2026-07-05T10:06:50,77.87,0.382,F,2063.87,-7550.81,47.52107239,-122.25650787,E,,
3666231,2026-07-05T10:06:51,80.75,0.403,F,2064.27,-7550.74,47.52107239,-122.25650024,E,,
3667301,2026-07-05T10:06:52,84.11,0.403,F,2064.69,-7550.69,47.52107239,-122.25649261,E,,
3668372,2026-07-05T10:06:53,83.76,0.413,F,2065.12,-7550.64,47.52107239,-122.25649261,E,,
3669443,2026-07-05T10:06:54,87.69,0.411,F,2065.56,-7550.61,47.52107239,-122.25648499,E,,
3670499,2026-07-05T10:06:55,87.9,0.42,F,2066,-7550.61,47.52107239,-122.25647736,E,,
3671571,2026-07-05T10:06:56,88.59,0.414,F,2066.44,-7550.61,47.52107239,-122.25646973,E,,
3672653,2026-07-05T10:06:57,91.25,0.399,F,2066.88,-7550.61,47.52107239,-122.25646973,E,,
3673716,2026-07-05T10:06:58,91.13,0.389,F,2067.3,-7550.61,47.52107239,-122.2564621,E,,
3674786,2026-07-05T10:06:59,103.44,0.382,F,2067.71,-7550.66,47.52107239,-122.25645447,E,,
3675847,2026-07-05T10:07:00,116.99,0.39,F,2068.09,-7550.8,47.52107239,-122.25645447,E,,
3676907,2026-07-05T10:07:01,122.57,0.414,F,2068.46,-7551.01,47.52106857,-122.25644684,E,,
3677985,2026-07-05T10:07:02,114.14,0.4,F,2068.85,-7551.21,47.52106857,-122.25643921,E,,
3679046,2026-07-05T10:07:03,143.65,0.381,F,2069.19,-7551.43,47.52106476,-122.25643921,E,,
3680135,2026-07-05T10:07:05,181.79,0.409,F,2069.29,-7551.83,47.52106094,-122.25643158,E,,
3681215,2026-07-05T10:07:06,201.02,0.418,F,2069.19,-7552.26,47.52105713,-122.25643921,E,,
3682285,2026-07-05T10:07:07,213.13,0.405,F,2069,-7552.64,47.52105713,-122.25643921,E,,
3683355,2026-07-05T10:07:08,215.53,0.414,F,2068.75,-7553,47.52105331,-122.25643921,E,,
3684434,2026-07-05T10:07:09,202.18,0.399,F,2068.54,-7553.39,47.5210495,-122.25644684,E,,
3685505,2026-07-05T10:07:10,203.24,0.412,F,2068.38,-7553.79,47.52104568,-122.25644684,E,,
3686586,2026-07-05T10:07:11,212.34,0.409,F,2068.18,-7554.18,47.52104187,-122.25644684,E,,
3687649,2026-07-05T10:07:12,220.57,0.408,F,2067.92,-7554.52,47.52103806,-122.25645447,E,,
3688745,2026-07-05T10:07:13,208.77,0.404,F,2067.65,-7554.87,47.52103424,-122.25645447,E,,
3689815,2026-07-05T10:07:14,186.15,0.404,F,2067.52,-7555.27,47.52103043,-122.2564621,E,,
3690886,2026-07-05T10:07:15,163.14,0.424,F,2067.57,-7555.7,47.52102661,-122.25645447,E,,
3691954,2026-07-05T10:07:16,144.3,0.427,F,2067.78,-7556.1,47.5210228,-122.25645447,E,,
3693033,2026-07-05T10:07:17,145.8,0.437,F,2068.05,-7556.47,47.52101898,-122.25645447,E,,
3694094,2026-07-05T10:07:19,154.7,0.446,F,2068.28,-7556.88,47.52101898,-122.25644684,E,,
3695146,2026-07-05T10:07:20,166.79,0.444,F,2068.46,-7557.32,47.52101517,-122.25644684,E,,
3696216,2026-07-05T10:07:21,185.35,0.45,F,2068.46,-7557.79,47.52100754,-122.25644684,E,,
3697228,2026-07-05T10:07:22,190.42,0.442,F,2068.39,-7558.24,47.52100372,-122.25644684,E,,
3698291,2026-07-05T10:07:23,167.6,0.378,F,2068.39,-7558.69,47.52099991,-122.25644684,E,,
3699362,2026-07-05T10:07:24,163.19,0.347,F,2068.51,-7559.05,47.52099609,-122.25644684,E,,
3700442,2026-07-05T10:07:25,159.55,0.382,F,2068.63,-7559.42,47.52099609,-122.25644684,E,,
3701515,2026-07-05T10:07:26,143.31,0.408,F,2068.83,-7559.79,47.52099228,-122.25643921,E,,
3702577,2026-07-05T10:07:27,150.81,0.417,F,2069.08,-7560.15,47.52098846,-122.25643921,E,,
3703657,2026-07-05T10:07:28,152.31,0.431,F,2069.29,-7560.57,47.52098465,-122.25643158,E,,
3704710,2026-07-05T10:07:29,154.39,0.445,F,2069.5,-7560.98,47.52098083,-122.25643158,E,,
3705797,2026-07-05T10:07:30,154.1,0.471,F,2069.72,-7561.42,47.52097702,-122.25643158,E,,
3706875,2026-07-05T10:07:31,143,0.471,F,2069.96,-7561.86,47.52097321,-122.25642395,E,,
3707946,2026-07-05T10:07:32,143.17,0.436,F,2070.27,-7562.24,47.52096939,-122.25642395,E,,
3709024,2026-07-05T10:07:33,137.98,0.325,F,2070.53,-7562.55,47.52096558,-122.25641632,E,,
3710094,2026-07-05T10:07:35,180.67,0.352,F,2070.65,-7562.88,47.52096176,-122.25641632,E,,
3711173,2026-07-05T10:07:36,201.31,0.397,F,2070.55,-7563.26,47.52096176,-122.25641632,E,,
3712252,2026-07-05T10:07:37,204.72,0.436,F,2070.37,-7563.68,47.52095795,-122.25642395,E,,
3713323,2026-07-05T10:07:38,211.29,0.458,F,2070.14,-7564.1,47.52095413,-122.25642395,E,,
3714394,2026-07-05T10:07:39,203.23,0.47,F,2069.9,-7564.53,47.52095032,-122.25642395,E,,
3715464,2026-07-05T10:07:40,184.04,0.49,F,2069.78,-7565.03,47.52094269,-122.25643158,E,,
3716535,2026-07-05T10:07:41,169.37,0.513,F,2069.82,-7565.55,47.52093887,-122.25643158,E,,
3717615,2026-07-05T10:07:42,180.58,0.536,F,2069.89,-7566.12,47.52093506,-122.25642395,E,,
3718686,2026-07-05T10:07:43,206.82,0.546,F,2069.73,-7566.67,47.52092743,-122.25643158,E,,
3719765,2026-07-05T10:07:44,218.9,0.561,F,2069.41,-7567.18,47.52092361,-122.25643158,E,,
3720810,2026-07-05T10:07:45,226.66,0.567,F,2069,-7567.6,47.5209198,-122.25643921,E,,
3721892,2026-07-05T10:07:46,222.69,0.565,F,2068.56,-7568.03,47.52091599,-122.25644684,E,,
3722961,2026-07-05T10:07:47,228.33,0.546,F,2068.16,-7568.46,47.52091217,-122.25644684,E,,
3724031,2026-07-05T10:07:48,243.46,0.582,F,2067.65,-7568.77,47.52091217,-122.25645447,E,,
3725111,2026-07-05T10:07:50,245.18,0.588,F,2067.08,-7569.04,47.52090836,-122.2564621,E,,
3726190,2026-07-05T10:07:51,232.96,0.515,F,2066.56,-7569.35,47.52090454,-122.25646973,E,,
3727268,2026-07-05T10:07:52,221.26,0.388,F,2066.2,-7569.68,47.52090073,-122.25647736,E,,
3728352,2026-07-05T10:07:53,205.9,0.271,F,2066.01,-7569.97,47.52090073,-122.25647736,E,,
3729413,2026-07-05T10:07:54,199.91,0.19,F,2065.92,-7570.2,47.52089691,-122.25647736,E,,
3730485,2026-07-05T10:07:55,198.5,0.133,F,2065.86,-7570.36,47.52089691,-122.25647736,E,,
3731566,2026-07-05T10:07:56,201.51,0.237,F,2065.81,-7570.54,47.5208931,-122.25648499,E,,
3732645,2026-07-05T10:07:57,221.75,0.306,F,2065.65,-7570.8,47.5208931,-122.25648499,E,,
3733723,2026-07-05T10:07:58,243.16,0.373,F,2065.35,-7571.02,47.52088928,-122.25648499,E,,
3734785,2026-07-05T10:07:59,261.45,0.422,F,2064.95,-7571.14,47.52088928,-122.25649261,E,,
3735873,2026-07-05T10:08:00,255.8,0.453,F,2064.47,-7571.22,47.52088928,-122.25650024,E,,
3736960,2026-07-05T10:08:01,251.42,0.465,F,2064,-7571.37,47.52088547,-122.25650787,E,,
3738039,2026-07-05T10:08:02,246.45,0.485,F,2063.51,-7571.54,47.52088547,-122.2565155,E,,
3739128,2026-07-05T10:08:04,248.88,0.498,F,2063.02,-7571.75,47.52088547,-122.2565155,E,,
3740198,2026-07-05T10:08:05,247.79,0.508,F,2062.51,-7571.96,47.52088165,-122.25652313,E,,
3741251,2026-07-05T10:08:06,240.46,0.397,F,2062.08,-7572.16,47.52088165,-122.25653076,E,,
3742322,2026-07-05T10:08:07,220.99,0.421,F,2061.76,-7572.44,47.52087784,-122.25653839,E,,
3743385,2026-07-05T10:08:08,218.7,0.434,F,2061.47,-7572.8,47.52087402,-122.25653839,E,,
3744465,2026-07-05T10:08:09,218.9,0.321,F,2061.21,-7573.11,47.52087021,-122.25654602,E,,
3745545,2026-07-05T10:08:10,221.53,0.236,F,2061.02,-7573.34,47.52087021,-122.25654602,E,,
3746616,2026-07-05T10:08:11,233.78,0.165,F,2060.87,-7573.49,47.52086639,-122.25654602,E,,
3747705,2026-07-05T10:08:12,226.2,0.115,F,2060.75,-7573.59,47.52086639,-122.25654602,E,,
3748784,2026-07-05T10:08:13,219.54,0,F,2060.72,-7573.63,47.52086639,-122.25654602,E,,
3749864,2026-07-05T10:08:14,215.51,0,F,2060.72,-7573.63,47.52086639,-122.25654602,E,,
3750926,2026-07-05T10:08:15,211.77,0,F,2060.72,-7573.63,47.52086639,-122.25654602,E,,
3751998,2026-07-05T10:08:16,210.33,0,F,2060.72,-7573.63,47.52086639,-122.25654602,E,,
3753077,2026-07-05T10:08:18,208.3,0,F,2060.72,-7573.63,47.52086639,-122.25654602,E,,
3754155,2026-07-05T10:08:19,212.81,0,F,2060.72,-7573.63,47.52086639,-122.25654602,E,,
3755225,2026-07-05T10:08:20,222.14,0,F,2060.72,-7573.63,47.52086639,-122.25654602,E,,
3756279,2026-07-05T10:08:21,229.71,0,F,2060.72,-7573.63,47.52086639,-122.25654602,E,,
3757342,2026-07-05T10:08:22,221.53,0,F,2060.72,-7573.63,47.52086639,-122.25654602,E,,
3758389,2026-07-05T10:08:23,219.77,0,F,2060.72,-7573.63,47.52086639,-122.25654602,E,,
3759470,2026-07-05T10:08:24,216.35,0,F,2060.72,-7573.63,47.52086639,-122.25654602,E,,
3760551,2026-07-05T10:08:25,203.02,0,F,2060.72,-7573.63,47.52086639,-122.25654602,E,,
3761615,2026-07-05T10:08:26,201.45,0,F,2060.72,-7573.63,47.52086639,-122.25654602,E,,
3762695,2026-07-05T10:08:27,201.77,0,F,2060.72,-7573.63,47.52086639,-122.25654602,E,,
3763765,2026-07-05T10:08:28,203.64,0,F,2060.72,-7573.63,47.52086639,-122.25654602,E,,
3764834,2026-07-05T10:08:29,206.98,0,F,2060.72,-7573.63,47.52086639,-122.25654602,E,,
3765913,2026-07-05T10:08:30,204.93,0,F,2060.72,-7573.63,47.52086639,-122.25654602,E,,
3766994,2026-07-05T10:08:31,206,0,F,2060.72,-7573.63,47.52086639,-122.25654602,E,,
3768074,2026-07-05T10:08:32,208.02,0,F,2060.72,-7573.63,47.52086639,-122.25654602,E,,
3769135,2026-07-05T10:08:34,209.85,0,F,2060.72,-7573.63,47.52086639,-122.25654602,E,,
3770208,2026-07-05T10:08:35,214.14,0,F,2060.72,-7573.63,47.52086639,-122.25654602,E,,
3771287,2026-07-05T10:08:36,235.78,0,F,2060.72,-7573.63,47.52086639,-122.25654602,E,,
3772348,2026-07-05T10:08:37,253.89,0,F,2060.72,-7573.63,47.52086639,-122.25654602,E,,
3773418,2026-07-05T10:08:38,251.79,0,F,2060.72,-7573.63,47.52086639,-122.25654602,E,,
3774489,2026-07-05T10:08:39,255.1,0,F,2060.72,-7573.63,47.52086639,-122.25654602,E,,
3775544,2026-07-05T10:08:40,235.19,0,F,2060.72,-7573.63,47.52086639,-122.25654602,E,,
3776624,2026-07-05T10:08:41,218.59,0,F,2060.72,-7573.63,47.52086639,-122.25654602,E,,
3777703,2026-07-05T10:08:42,208.67,0,F,2060.72,-7573.63,47.52086639,-122.25654602,E,,
3778775,2026-07-05T10:08:43,208.79,0,F,2060.72,-7573.63,47.52086639,-122.25654602,E,,
3779854,2026-07-05T10:08:44,221.13,0,F,2060.72,-7573.63,47.52086639,-122.25654602,E,,
3780928,2026-07-05T10:08:45,223.41,0,F,2060.72,-7573.63,47.52086639,-122.25654602,E,,
3781992,2026-07-05T10:08:46,260.33,0,F,2060.72,-7573.63,47.52086639,-122.25654602,E,,
3783079,2026-07-05T10:08:48,235.72,0,F,2060.72,-7573.63,47.52086639,-122.25654602,E,,
3784142,2026-07-05T10:08:49,222.7,0,F,2060.72,-7573.63,47.52086639,-122.25654602,E,,
3785212,2026-07-05T10:08:50,222.89,0,F,2060.72,-7573.63,47.52086639,-122.25654602,E,,
3786281,2026-07-05T10:08:51,238.04,0,F,2060.72,-7573.63,47.52086639,-122.25654602,E,,
3787343,2026-07-05T10:08:52,218.36,0,F,2060.72,-7573.63,47.52086639,-122.25654602,E,,
3788373,2026-07-05T10:08:53,206.76,0,F,2060.72,-7573.63,47.52086639,-122.25654602,E,,
3789453,2026-07-05T10:08:54,203.11,0,F,2060.72,-7573.63,47.52086639,-122.25654602,E,,
3790524,2026-07-05T10:08:55,206.06,0,F,2060.72,-7573.63,47.52086639,-122.25654602,E,,
3791595,2026-07-05T10:08:56,206.52,0,F,2060.72,-7573.63,47.52086639,-122.25654602,E,,
3792665,2026-07-05T10:08:57,202.28,0,F,2060.72,-7573.63,47.52086639,-122.25654602,E,,
3793753,2026-07-05T10:08:58,202.49,0,F,2060.72,-7573.63,47.52086639,-122.25654602,E,,
3794822,2026-07-05T10:08:59,204.21,0,F,2060.72,-7573.63,47.52086639,-122.25654602,E,,
3795894,2026-07-05T10:09:00,205.18,0,F,2060.72,-7573.63,47.52086639,-122.25654602,E,,
3796983,2026-07-05T10:09:01,199.68,0,F,2060.72,-7573.63,47.52086639,-122.25654602,E,,
3798043,2026-07-05T10:09:02,196.62,0,F,2060.72,-7573.63,47.52086639,-122.25654602,E,,
3799129,2026-07-05T10:09:04,196.42,0,F,2060.72,-7573.63,47.52086639,-122.25654602,E,,
3800207,2026-07-05T10:09:05,195.4,0,F,2060.72,-7573.63,47.52086639,-122.25654602,E,,
3801278,2026-07-05T10:09:06,198.47,0,F,2060.72,-7573.63,47.52086639,-122.25654602,E,,
3802340,2026-07-05T10:09:07,197.35,0,F,2060.72,-7573.63,47.52086639,-122.25654602,E,,
3803411,2026-07-05T10:09:08,198.02,0,F,2060.72,-7573.63,47.52086639,-122.25654602,E,,
3804484,2026-07-05T10:09:09,197.91,0,F,2060.72,-7573.63,47.52086639,-122.25654602,E,,
3805548,2026-07-05T10:09:10,200.2,0,F,2060.72,-7573.63,47.52086639,-122.25654602,E,,
3806628,2026-07-05T10:09:11,194.97,0,F,2060.72,-7573.63,47.52086639,-122.25654602,E,,
3807708,2026-07-05T10:09:12,190.38,0,F,2060.72,-7573.63,47.52086639,-122.25654602,E,,
3808778,2026-07-05T10:09:13,196.42,0,F,2060.72,-7573.63,47.52086639,-122.25654602,E,,
3809857,2026-07-05T10:09:14,200.71,0,F,2060.72,-7573.63,47.52086639,-122.25654602,E,,
3810929,2026-07-05T10:09:15,208.15,0,F,2060.72,-7573.63,47.52086639,-122.25654602,E,,
3811999,2026-07-05T10:09:16,206.81,0,F,2060.72,-7573.63,47.52086639,-122.25654602,E,,
3813078,2026-07-05T10:09:18,212.74,0,F,2060.72,-7573.63,47.52086639,-122.25654602,E,,
3814151,2026-07-05T10:09:19,223.14,0,F,2060.72,-7573.63,47.52086639,-122.25654602,E,,
3815229,2026-07-05T10:09:20,227.37,0,F,2060.72,-7573.63,47.52086639,-122.25654602,E,,
3816298,2026-07-05T10:09:21,215.27,0,F,2060.72,-7573.63,47.52086639,-122.25654602,E,,
3817377,2026-07-05T10:09:22,210.75,0,F,2060.72,-7573.63,47.52086639,-122.25654602,E,,
3818466,2026-07-05T10:09:23,212.55,0,F,2060.72,-7573.63,47.52086639,-122.25654602,E,,
3819537,2026-07-05T10:09:24,211.62,0,F,2060.72,-7573.63,47.52086639,-122.25654602,E,,
3820606,2026-07-05T10:09:25,201.97,0,F,2060.72,-7573.63,47.52086639,-122.25654602,E,,
3821685,2026-07-05T10:09:26,198.98,0,F,2060.72,-7573.63,47.52086639,-122.25654602,E,,
3822764,2026-07-05T10:09:27,197.44,0,F,2060.72,-7573.63,47.52086639,-122.25654602,E,,
3823833,2026-07-05T10:09:28,196.23,0,F,2060.72,-7573.63,47.52086639,-122.25654602,E,,
3824894,2026-07-05T10:09:29,193.73,0,F,2060.72,-7573.63,47.52086639,-122.25654602,E,,
3825966,2026-07-05T10:09:30,190.04,0,F,2060.72,-7573.63,47.52086639,-122.25654602,E,,
3827036,2026-07-05T10:09:31,187.29,0,F,2060.72,-7573.63,47.52086639,-122.25654602,E,,
3828116,2026-07-05T10:09:33,189.44,0,F,2060.72,-7573.63,47.52086639,-122.25654602,E,,
3829188,2026-07-05T10:09:34,183.91,0,F,2060.72,-7573.63,47.52086639,-122.25654602,E,,
3830275,2026-07-05T10:09:35,189.3,0,F,2060.72,-7573.63,47.52086639,-122.25654602,E,,
3831354,2026-07-05T10:09:36,192.67,0,F,2060.72,-7573.63,47.52086639,-122.25654602,E,,
3832415,2026-07-05T10:09:37,196.99,0,F,2060.72,-7573.63,47.52086639,-122.25654602,E,,
3833488,2026-07-05T10:09:38,199.77,0,F,2060.72,-7573.63,47.52086639,-122.25654602,E,,
3834561,2026-07-05T10:09:39,201.17,0,F,2060.72,-7573.63,47.52086639,-122.25654602,E,,
3835641,2026-07-05T10:09:40,201.15,0,F,2060.72,-7573.63,47.52086639,-122.25654602,E,,
3836721,2026-07-05T10:09:41,196.47,0,F,2060.72,-7573.63,47.52086639,-122.25654602,E,,
3837809,2026-07-05T10:09:42,192.4,0,F,2060.72,-7573.63,47.52086639,-122.25654602,E,,
3838889,2026-07-05T10:09:43,189.26,0,F,2060.72,-7573.63,47.52086639,-122.25654602,E,,
3839968,2026-07-05T10:09:44,197.32,0,F,2060.72,-7573.63,47.52086639,-122.25654602,E,,
3841055,2026-07-05T10:09:45,201.25,0,F,2060.72,-7573.63,47.52086639,-122.25654602,E,,
3842118,2026-07-05T10:09:47,203.65,0,F,2060.72,-7573.63,47.52086639,-122.25654602,E,,
3843188,2026-07-05T10:09:48,198.68,0,F,2060.72,-7573.63,47.52086639,-122.25654602,E,,
3844277,2026-07-05T10:09:49,196.51,0,F,2060.72,-7573.63,47.52086639,-122.25654602,E,,
3845350,2026-07-05T10:09:50,196.26,0,F,2060.72,-7573.63,47.52086639,-122.25654602,E,,
3846421,2026-07-05T10:09:51,201.16,0,F,2060.72,-7573.63,47.52086639,-122.25654602,E,,
3847482,2026-07-05T10:09:52,203.57,0,F,2060.72,-7573.63,47.52086639,-122.25654602,E,,
3848528,2026-07-05T10:09:53,204.64,0,F,2060.72,-7573.63,47.52086639,-122.25654602,E,,
3849600,2026-07-05T10:09:54,212.04,0,F,2060.72,-7573.63,47.52086639,-122.25654602,E,,
3850672,2026-07-05T10:09:55,222.91,0,F,2060.72,-7573.63,47.52086639,-122.25654602,E,,
3851726,2026-07-05T10:09:56,238.35,0,F,2060.72,-7573.63,47.52086639,-122.25654602,E,,
3852797,2026-07-05T10:09:57,252.38,0,F,2060.72,-7573.63,47.52086639,-122.25654602,E,,
3853877,2026-07-05T10:09:58,249.57,0,F,2060.72,-7573.63,47.52086639,-122.25654602,E,,
3854956,2026-07-05T10:09:59,228.05,0,F,2060.72,-7573.63,47.52086639,-122.25654602,E,,
3856027,2026-07-05T10:10:00,217.87,0,F,2060.72,-7573.63,47.52086639,-122.25654602,E,,
3857107,2026-07-05T10:10:02,216.49,0,F,2060.72,-7573.63,47.52086639,-122.25654602,E,,
3858177,2026-07-05T10:10:03,208.46,0,F,2060.72,-7573.63,47.52086639,-122.25654602,E,,
3859248,2026-07-05T10:10:04,204.68,0,F,2060.72,-7573.63,47.52086639,-122.25654602,E,,
3860329,2026-07-05T10:10:05,206.5,0,F,2060.72,-7573.63,47.52086639,-122.25654602,E,,
3861409,2026-07-05T10:10:06,207.08,0,F,2060.72,-7573.63,47.52086639,-122.25654602,E,,
3862482,2026-07-05T10:10:07,205.59,0,F,2060.72,-7573.63,47.52086639,-122.25654602,E,,
3863553,2026-07-05T10:10:08,206.72,0,F,2060.72,-7573.63,47.52086639,-122.25654602,E,,
3864634,2026-07-05T10:10:09,209.85,0,F,2060.72,-7573.63,47.52086639,-122.25654602,E,,
3865715,2026-07-05T10:10:10,207.27,0,F,2060.72,-7573.63,47.52086639,-122.25654602,E,,
3866796,2026-07-05T10:10:11,208.5,0,F,2060.72,-7573.63,47.52086639,-122.25654602,E,,
3867876,2026-07-05T10:10:12,213.98,0,F,2060.72,-7573.63,47.52086639,-122.25654602,E,,
3868947,2026-07-05T10:10:13,214.89,0,F,2060.72,-7573.63,47.52086639,-122.25654602,E,,
3869993,2026-07-05T10:10:14,218.22,0,F,2060.72,-7573.63,47.52086639,-122.25654602,E,,
3871065,2026-07-05T10:10:15,216.21,0,F,2060.72,-7573.63,47.52086639,-122.25654602,E,,
3872136,2026-07-05T10:10:17,212.45,0,F,2060.72,-7573.63,47.52086639,-122.25654602,E,,
3873198,2026-07-05T10:10:18,213.3,0,F,2060.72,-7573.63,47.52086639,-122.25654602,E,,
3874264,2026-07-05T10:10:19,220.73,0,F,2060.72,-7573.63,47.52086639,-122.25654602,E,,
3875346,2026-07-05T10:10:20,218.43,0,F,2060.72,-7573.63,47.52086639,-122.25654602,E,,
3876410,2026-07-05T10:10:21,211.78,0,F,2060.72,-7573.63,47.52086639,-122.25654602,E,,
3877455,2026-07-05T10:10:22,214.92,0,F,2060.72,-7573.63,47.52086639,-122.25654602,E,,
3878534,2026-07-05T10:10:23,218.36,0,F,2060.72,-7573.63,47.52086639,-122.25654602,E,,
3879638,2026-07-05T10:10:24,216.19,0,F,2060.72,-7573.63,47.52086639,-122.25654602,E,,
3880709,2026-07-05T10:10:25,210.45,0,F,2060.72,-7573.63,47.52086639,-122.25654602,E,,
3881773,2026-07-05T10:10:26,207.21,0,F,2060.72,-7573.63,47.52086639,-122.25654602,E,,
3882826,2026-07-05T10:10:27,211.6,0,F,2060.72,-7573.63,47.52086639,-122.25654602,E,,
3883890,2026-07-05T10:10:28,224.09,0,F,2060.72,-7573.63,47.52086639,-122.25654602,E,,
3884970,2026-07-05T10:10:29,238.26,0,F,2060.72,-7573.63,47.52086639,-122.25654602,E,,
3886050,2026-07-05T10:10:30,250.6,0,F,2060.72,-7573.63,47.52086639,-122.25654602,E,,
3887140,2026-07-05T10:10:32,248.41,0,F,2060.72,-7573.63,47.52086639,-122.25654602,E,,
3888211,2026-07-05T10:10:33,240.24,0,F,2060.72,-7573.63,47.52086639,-122.25654602,E,,
3889283,2026-07-05T10:10:34,230.49,0,F,2060.72,-7573.63,47.52086639,-122.25654602,E,,
3890349,2026-07-05T10:10:35,226.67,0,F,2060.72,-7573.63,47.52086639,-122.25654602,E,,
3891430,2026-07-05T10:10:36,229.79,0,F,2060.72,-7573.63,47.52086639,-122.25654602,E,,
3892511,2026-07-05T10:10:37,226.91,0,F,2060.72,-7573.63,47.52086639,-122.25654602,E,,
3893590,2026-07-05T10:10:38,225.15,0,F,2060.72,-7573.63,47.52086639,-122.25654602,E,,
3894663,2026-07-05T10:10:39,235.51,0,F,2060.72,-7573.63,47.52086639,-122.25654602,E,,
3895743,2026-07-05T10:10:40,242.91,0,F,2060.72,-7573.63,47.52086639,-122.25654602,E,,
3896822,2026-07-05T10:10:41,249.11,0,F,2060.72,-7573.63,47.52086639,-122.25654602,E,,
3897893,2026-07-05T10:10:42,259.23,0,F,2060.72,-7573.63,47.52086639,-122.25654602,E,,
3898973,2026-07-05T10:10:43,256.61,0,F,2060.72,-7573.63,47.52086639,-122.25654602,E,,
3900052,2026-07-05T10:10:44,262.55,0,F,2060.72,-7573.63,47.52086639,-122.25654602,E,,
3901063,2026-07-05T10:10:45,262.68,0,F,2060.72,-7573.63,47.52086639,-122.25654602,E,,
3902136,2026-07-05T10:10:47,250.94,0,F,2060.72,-7573.63,47.52086639,-122.25654602,E,,
3903217,2026-07-05T10:10:48,243.36,0,F,2060.72,-7573.63,47.52086639,-122.25654602,E,,
3904296,2026-07-05T10:10:49,246.83,0,F,2060.72,-7573.63,47.52086639,-122.25654602,E,,
3905358,2026-07-05T10:10:50,264.33,0,F,2060.72,-7573.63,47.52086639,-122.25654602,E,,
3906440,2026-07-05T10:10:51,254.19,0,F,2060.72,-7573.63,47.52086639,-122.25654602,E,,
3907512,2026-07-05T10:10:52,235.83,0,F,2060.72,-7573.63,47.52086639,-122.25654602,E,,
3908583,2026-07-05T10:10:53,222.2,0,F,2060.72,-7573.63,47.52086639,-122.25654602,E,,
3909629,2026-07-05T10:10:54,219.92,0,F,2060.72,-7573.63,47.52086639,-122.25654602,E,,
3910701,2026-07-05T10:10:55,218.98,0,F,2060.72,-7573.63,47.52086639,-122.25654602,E,,
3911781,2026-07-05T10:10:56,217.25,0,F,2060.72,-7573.63,47.52086639,-122.25654602,E,,
3912852,2026-07-05T10:10:57,215.71,0,F,2060.72,-7573.63,47.52086639,-122.25654602,E,,
3913932,2026-07-05T10:10:58,221.51,0,F,2060.72,-7573.63,47.52086639,-122.25654602,E,,
3915002,2026-07-05T10:10:59,221.35,0,F,2060.72,-7573.63,47.52086639,-122.25654602,E,,
3916082,2026-07-05T10:11:01,222.5,0,F,2060.72,-7573.63,47.52086639,-122.25654602,E,,
3917163,2026-07-05T10:11:02,224.85,0,F,2060.72,-7573.63,47.52086639,-122.25654602,E,,
3918227,2026-07-05T10:11:03,221.37,0,F,2060.72,-7573.63,47.52086639,-122.25654602,E,,
3919307,2026-07-05T10:11:04,215.14,0,F,2060.72,-7573.63,47.52086639,-122.25654602,E,,
3920378,2026-07-05T10:11:05,215.37,0,F,2060.72,-7573.63,47.52086639,-122.25654602,E,,
3921458,2026-07-05T10:11:06,218.51,0,F,2060.72,-7573.63,47.52086639,-122.25654602,E,,
3922532,2026-07-05T10:11:07,221.6,0,F,2060.72,-7573.63,47.52086639,-122.25654602,E,,
3923613,2026-07-05T10:11:08,225.6,0,F,2060.72,-7573.63,47.52086639,-122.25654602,E,,
3924693,2026-07-05T10:11:09,226.16,0,F,2060.72,-7573.63,47.52086639,-122.25654602,E,,
3925772,2026-07-05T10:11:10,230.56,0,F,2060.72,-7573.63,47.52086639,-122.25654602,E,,
3926841,2026-07-05T10:11:11,230.28,0,F,2060.72,-7573.63,47.52086639,-122.25654602,E,,
3927911,2026-07-05T10:11:12,227.62,0,F,2060.72,-7573.63,47.52086639,-122.25654602,E,,
3928990,2026-07-05T10:11:13,230.33,0,F,2060.72,-7573.63,47.52086639,-122.25654602,E,,
3930068,2026-07-05T10:11:14,233.33,0,F,2060.72,-7573.63,47.52086639,-122.25654602,E,,
3931147,2026-07-05T10:11:16,245.35,0,F,2060.72,-7573.63,47.52086639,-122.25654602,E,,
3932227,2026-07-05T10:11:17,263.91,0,F,2060.72,-7573.63,47.52086639,-122.25654602,E,,
3933297,2026-07-05T10:11:18,282.53,0,F,2060.72,-7573.63,47.52086639,-122.25654602,E,,
3934368,2026-07-05T10:11:19,287.08,0,F,2060.72,-7573.63,47.52086639,-122.25654602,E,,
3935439,2026-07-05T10:11:20,287.17,0,F,2060.72,-7573.63,47.52086639,-122.25654602,E,,
3936528,2026-07-05T10:11:21,276.96,0,F,2060.72,-7573.63,47.52086639,-122.25654602,E,,
3937598,2026-07-05T10:11:22,271.08,0,F,2060.72,-7573.63,47.52086639,-122.25654602,E,,
3938668,2026-07-05T10:11:23,263.04,0,F,2060.72,-7573.63,47.52086639,-122.25654602,E,,
3939687,2026-07-05T10:11:24,249.93,0,F,2060.72,-7573.63,47.52086639,-122.25654602,E,,
3940756,2026-07-05T10:11:25,248.32,0,F,2060.72,-7573.63,47.52086639,-122.25654602,E,,
3941835,2026-07-05T10:11:26,246.62,0,F,2060.72,-7573.63,47.52086639,-122.25654602,E,,
3942914,2026-07-05T10:11:27,237.01,0,F,2060.72,-7573.63,47.52086639,-122.25654602,E,,
3943977,2026-07-05T10:11:28,228.35,0,F,2060.72,-7573.63,47.52086639,-122.25654602,E,,
3945030,2026-07-05T10:11:29,226.76,0,F,2060.72,-7573.63,47.52086639,-122.25654602,E,,
3946100,2026-07-05T10:11:31,225.31,0,F,2060.72,-7573.63,47.52086639,-122.25654602,E,,
3947180,2026-07-05T10:11:32,223.99,0,F,2060.72,-7573.63,47.52086639,-122.25654602,E,,
3948249,2026-07-05T10:11:33,226.27,0,F,2060.72,-7573.63,47.52086639,-122.25654602,E,,
3949319,2026-07-05T10:11:34,232.81,0,F,2060.72,-7573.63,47.52086639,-122.25654602,E,,
3950391,2026-07-05T10:11:35,256.2,0,F,2060.72,-7573.63,47.52086639,-122.25654602,E,,
3951452,2026-07-05T10:11:36,278.3,0,F,2060.72,-7573.63,47.52086639,-122.25654602,E,,
3952515,2026-07-05T10:11:37,272.48,0,F,2060.72,-7573.63,47.52086639,-122.25654602,E,,
3953606,2026-07-05T10:11:38,254.26,0,F,2060.72,-7573.63,47.52086639,-122.25654602,E,,
3954685,2026-07-05T10:11:39,249.16,0,F,2060.72,-7573.63,47.52086639,-122.25654602,E,,
3955772,2026-07-05T10:11:40,254.04,0,F,2060.72,-7573.63,47.52086639,-122.25654602,E,,
3956861,2026-07-05T10:11:41,275.97,0,F,2060.72,-7573.63,47.52086639,-122.25654602,E,,
3957939,2026-07-05T10:11:42,295.57,0,F,2060.72,-7573.63,47.52086639,-122.25654602,E,,
3959000,2026-07-05T10:11:43,316.01,0,F,2060.72,-7573.63,47.52086639,-122.25654602,E,,
3960088,2026-07-05T10:11:45,332.84,0,F,2060.72,-7573.63,47.52086639,-122.25654602,E,,
3961174,2026-07-05T10:11:46,341.37,0,F,2060.72,-7573.63,47.52086639,-122.25654602,E,,
3962244,2026-07-05T10:11:47,319.53,0,F,2060.72,-7573.63,47.52086639,-122.25654602,E,,
3963315,2026-07-05T10:11:48,282.92,0,F,2060.72,-7573.63,47.52086639,-122.25654602,E,,
3964393,2026-07-05T10:11:49,262.14,0,F,2060.72,-7573.63,47.52086639,-122.25654602,E,,
3965455,2026-07-05T10:11:50,247.23,0,F,2060.72,-7573.63,47.52086639,-122.25654602,E,,
3966535,2026-07-05T10:11:51,236.88,0,F,2060.72,-7573.63,47.52086639,-122.25654602,E,,
3967597,2026-07-05T10:11:52,239.14,0,F,2060.72,-7573.63,47.52086639,-122.25654602,E,,
3968667,2026-07-05T10:11:53,237.86,0,F,2060.72,-7573.63,47.52086639,-122.25654602,E,,
3969745,2026-07-05T10:11:54,232.6,0,F,2060.72,-7573.63,47.52086639,-122.25654602,E,,
3970827,2026-07-05T10:11:55,229.26,0,F,2060.72,-7573.63,47.52086639,-122.25654602,E,,
3971914,2026-07-05T10:11:56,224.93,0,F,2060.72,-7573.63,47.52086639,-122.25654602,E,,
3973002,2026-07-05T10:11:57,224.87,0,F,2060.72,-7573.63,47.52086639,-122.25654602,E,,
3974072,2026-07-05T10:11:58,217.87,0,F,2060.72,-7573.63,47.52086639,-122.25654602,E,,
3975143,2026-07-05T10:12:00,212.75,0,F,2060.72,-7573.63,47.52086639,-122.25654602,E,,
3976232,2026-07-05T10:12:01,211.76,0,F,2060.72,-7573.63,47.52086639,-122.25654602,E,,
3977302,2026-07-05T10:12:02,224.73,0,F,2060.72,-7573.63,47.52086639,-122.25654602,E,,
3978381,2026-07-05T10:12:03,243.7,0,F,2060.72,-7573.63,47.52086639,-122.25654602,E,,
3979461,2026-07-05T10:12:04,253.69,0,F,2060.72,-7573.63,47.52086639,-122.25654602,E,,
3980531,2026-07-05T10:12:05,286.56,0,F,2060.72,-7573.63,47.52086639,-122.25654602,E,,
3981603,2026-07-05T10:12:06,298.78,0,F,2060.72,-7573.63,47.52086639,-122.25654602,E,,
3982666,2026-07-05T10:12:07,286.79,0,F,2060.72,-7573.63,47.52086639,-122.25654602,E,,
3983745,2026-07-05T10:12:08,251.81,0,F,2060.72,-7573.63,47.52086639,-122.25654602,E,,
3984825,2026-07-05T10:12:09,218.55,0,F,2060.72,-7573.63,47.52086639,-122.25654602,E,,
3985922,2026-07-05T10:12:10,207.84,0,F,2060.72,-7573.63,47.52086639,-122.25654602,E,,
3987001,2026-07-05T10:12:11,198.85,0,F,2060.72,-7573.63,47.52086639,-122.25654602,E,,
3988062,2026-07-05T10:12:12,197.68,0,F,2060.72,-7573.63,47.52086639,-122.25654602,E,,
3989151,2026-07-05T10:12:14,198.51,0,F,2060.72,-7573.63,47.52086639,-122.25654602,E,,
3990229,2026-07-05T10:12:15,202.52,0,F,2060.72,-7573.63,47.52086639,-122.25654602,E,,
3991308,2026-07-05T10:12:16,205.02,0,F,2060.72,-7573.63,47.52086639,-122.25654602,E,,
3992387,2026-07-05T10:12:17,208.22,0,F,2060.72,-7573.63,47.52086639,-122.25654602,E,,
3993452,2026-07-05T10:12:18,208.52,0,F,2060.72,-7573.63,47.52086639,-122.25654602,E,,
3994523,2026-07-05T10:12:19,210.11,0,F,2060.72,-7573.63,47.52086639,-122.25654602,E,,
3995593,2026-07-05T10:12:20,212.29,0,F,2060.72,-7573.63,47.52086639,-122.25654602,E,,
3996663,2026-07-05T10:12:21,215.74,0,F,2060.72,-7573.63,47.52086639,-122.25654602,E,,
3997724,2026-07-05T10:12:22,211.39,0,F,2060.72,-7573.63,47.52086639,-122.25654602,E,,
3998802,2026-07-05T10:12:23,209.95,0,F,2060.72,-7573.63,47.52086639,-122.25654602,E,,
3999881,2026-07-05T10:12:24,206.04,0,F,2060.72,-7573.63,47.52086639,-122.25654602,E,,
4000909,2026-07-05T10:12:25,203.14,0,F,2060.72,-7573.63,47.52086639,-122.25654602,E,,
4001988,2026-07-05T10:12:26,205.52,0,F,2060.72,-7573.63,47.52086639,-122.25654602,E,,
4003075,2026-07-05T10:12:28,216.58,0,F,2060.72,-7573.63,47.52086639,-122.25654602,E,,
4004153,2026-07-05T10:12:29,247.7,0,F,2060.72,-7573.63,47.52086639,-122.25654602,E,,
4005223,2026-07-05T10:12:30,270.59,0,F,2060.72,-7573.63,47.52086639,-122.25654602,E,,
4006268,2026-07-05T10:12:31,256.65,0,F,2060.72,-7573.63,47.52086639,-122.25654602,E,,
4007340,2026-07-05T10:12:32,253.29,0,F,2060.72,-7573.63,47.52086639,-122.25654602,E,,
4008419,2026-07-05T10:12:33,248.27,0,F,2060.72,-7573.63,47.52086639,-122.25654602,E,,
4009490,2026-07-05T10:12:34,224.08,0,F,2060.72,-7573.63,47.52086639,-122.25654602,E,,
4010562,2026-07-05T10:12:35,213.41,0,F,2060.72,-7573.63,47.52086639,-122.25654602,E,,
4011651,2026-07-05T10:12:36,207.86,0,F,2060.72,-7573.63,47.52086639,-122.25654602,E,,
4012704,2026-07-05T10:12:37,202.75,0,F,2060.72,-7573.63,47.52086639,-122.25654602,E,,
4013784,2026-07-05T10:12:38,195.02,0,F,2060.72,-7573.63,47.52086639,-122.25654602,E,,
4014876,2026-07-05T10:12:39,193.03,0,F,2060.72,-7573.63,47.52086639,-122.25654602,E,,
4015954,2026-07-05T10:12:40,183.97,0,F,2060.72,-7573.63,47.52086639,-122.25654602,E,,
4017035,2026-07-05T10:12:41,178.44,0,F,2060.72,-7573.63,47.52086639,-122.25654602,E,,
4018106,2026-07-05T10:12:43,183.67,0,F,2060.72,-7573.63,47.52086639,-122.25654602,E,,
4019186,2026-07-05T10:12:44,190.46,0,F,2060.72,-7573.63,47.52086639,-122.25654602,E,,
4020265,2026-07-05T10:12:45,193.87,0,F,2060.72,-7573.63,47.52086639,-122.25654602,E,,
4021354,2026-07-05T10:12:46,198.48,0,F,2060.72,-7573.63,47.52086639,-122.25654602,E,,
4022423,2026-07-05T10:12:47,204.01,0,F,2060.72,-7573.63,47.52086639,-122.25654602,E,,
4023494,2026-07-05T10:12:48,207.34,0,F,2060.72,-7573.63,47.52086639,-122.25654602,E,,
4024566,2026-07-05T10:12:49,210.68,0,F,2060.72,-7573.63,47.52086639,-122.25654602,E,,
4025638,2026-07-05T10:12:50,209.53,0,F,2060.72,-7573.63,47.52086639,-122.25654602,E,,
4026718,2026-07-05T10:12:51,207.12,0,F,2060.72,-7573.63,47.52086639,-122.25654602,E,,
4027797,2026-07-05T10:12:52,202.72,0,F,2060.72,-7573.63,47.52086639,-122.25654602,E,,
4028867,2026-07-05T10:12:53,193.16,0,F,2060.72,-7573.63,47.52086639,-122.25654602,E,,
4029947,2026-07-05T10:12:54,184.72,0,F,2060.72,-7573.63,47.52086639,-122.25654602,E,,
4030975,2026-07-05T10:12:55,184.58,0,F,2060.72,-7573.63,47.52086639,-122.25654602,E,,
4032045,2026-07-05T10:12:56,200.77,0,F,2060.72,-7573.63,47.52086639,-122.25654602,E,,
4033109,2026-07-05T10:12:58,204.9,0,F,2060.72,-7573.63,47.52086639,-122.25654602,E,,
4034196,2026-07-05T10:12:59,207.72,0,F,2060.72,-7573.63,47.52086639,-122.25654602,E,,
4035248,2026-07-05T10:13:00,205.91,0,F,2060.72,-7573.63,47.52086639,-122.25654602,E,,
4036328,2026-07-05T10:13:01,199.7,0,F,2060.72,-7573.63,47.52086639,-122.25654602,E,,
4037409,2026-07-05T10:13:02,189.94,0,F,2060.72,-7573.63,47.52086639,-122.25654602,E,,
4038470,2026-07-05T10:13:03,184.25,0,F,2060.72,-7573.63,47.52086639,-122.25654602,E,,
4039541,2026-07-05T10:13:04,178.67,0,F,2060.72,-7573.63,47.52086639,-122.25654602,E,,
4040630,2026-07-05T10:13:05,167.18,0,F,2060.72,-7573.63,47.52086639,-122.25654602,E,,
4041710,2026-07-05T10:13:06,125.25,0,F,2060.72,-7573.63,47.52086639,-122.25654602,E,,
4042762,2026-07-05T10:13:07,137.6,0,F,2060.72,-7573.63,47.52086639,-122.25654602,E,,
4043834,2026-07-05T10:13:08,106.96,0,F,2060.72,-7573.63,47.52086639,-122.25654602,E,,
4044887,2026-07-05T10:13:09,92.82,0,F,2060.72,-7573.63,47.52086639,-122.25654602,E,,
4045966,2026-07-05T10:13:10,99.23,0,F,2060.72,-7573.63,47.52086639,-122.25654602,E,,
4047046,2026-07-05T10:13:11,101.46,0,F,2060.72,-7573.63,47.52086639,-122.25654602,E,,
4048116,2026-07-05T10:13:13,107.71,0,F,2060.72,-7573.63,47.52086639,-122.25654602,E,,
4049204,2026-07-05T10:13:14,113.04,0,F,2060.72,-7573.63,47.52086639,-122.25654602,E,,
4050272,2026-07-05T10:13:15,95.46,0,F,2060.72,-7573.63,47.52086639,-122.25654602,E,,
4051343,2026-07-05T10:13:16,75.8,0,F,2060.72,-7573.63,47.52086639,-122.25654602,E,,
4052406,2026-07-05T10:13:17,45.16,0,F,2060.72,-7573.63,47.52086639,-122.25654602,E,,
4053479,2026-07-05T10:13:18,49.2,0,F,2060.72,-7573.63,47.52086639,-122.25654602,E,,
4054541,2026-07-05T10:13:19,56.03,0,F,2060.72,-7573.63,47.52086639,-122.25654602,E,,
4055622,2026-07-05T10:13:20,83.25,0,F,2060.72,-7573.63,47.52086639,-122.25654602,E,,
4056691,2026-07-05T10:13:21,124.03,0,F,2060.72,-7573.63,47.52086639,-122.25654602,E,,
4057743,2026-07-05T10:13:22,129.9,0,F,2060.72,-7573.63,47.52086639,-122.25654602,E,,
4058823,2026-07-05T10:13:23,93.09,0,F,2060.72,-7573.63,47.52086639,-122.25654602,E,,
4059867,2026-07-05T10:13:24,102.62,0,F,2060.72,-7573.63,47.52086639,-122.25654602,E,,
4060946,2026-07-05T10:13:25,123.44,0,F,2060.72,-7573.63,47.52086639,-122.25654602,E,,
4062036,2026-07-05T10:13:26,144.98,0,F,2060.72,-7573.63,47.52086639,-122.25654602,E,,
4063115,2026-07-05T10:13:28,131.36,0,F,2060.72,-7573.63,47.52086639,-122.25654602,E,,
4064194,2026-07-05T10:13:29,90.48,0,F,2060.72,-7573.63,47.52086639,-122.25654602,E,,
4065290,2026-07-05T10:13:30,77.59,0,F,2060.72,-7573.63,47.52086639,-122.25654602,E,,
4066351,2026-07-05T10:13:31,90.58,0,F,2060.72,-7573.63,47.52086639,-122.25654602,E,,
4067422,2026-07-05T10:13:32,97.18,0,F,2060.72,-7573.63,47.52086639,-122.25654602,E,,
4068474,2026-07-05T10:13:33,97.16,0,F,2060.72,-7573.63,47.52086639,-122.25654602,E,,
4069536,2026-07-05T10:13:34,91.98,0,F,2060.72,-7573.63,47.52086639,-122.25654602,E,,
4070601,2026-07-05T10:13:35,82.64,0,F,2060.72,-7573.63,47.52086639,-122.25654602,E,,
4071673,2026-07-05T10:13:36,78.19,0,F,2060.72,-7573.63,47.52086639,-122.25654602,E,,
4072752,2026-07-05T10:13:37,81.77,0,F,2060.72,-7573.63,47.52086639,-122.25654602,E,,
4073824,2026-07-05T10:13:38,82.89,0,F,2060.72,-7573.63,47.52086639,-122.25654602,E,,
4074886,2026-07-05T10:13:39,66.7,0,F,2060.72,-7573.63,47.52086639,-122.25654602,E,,
4075950,2026-07-05T10:13:40,71.16,0,F,2060.72,-7573.63,47.52086639,-122.25654602,E,,
4077030,2026-07-05T10:13:41,80.62,0,F,2060.72,-7573.63,47.52086639,-122.25654602,E,,
4078111,2026-07-05T10:13:43,81.86,0,F,2060.72,-7573.63,47.52086639,-122.25654602,E,,
4079184,2026-07-05T10:13:44,73.82,0,F,2060.72,-7573.63,47.52086639,-122.25654602,E,,
4080247,2026-07-05T10:13:45,65.44,0,F,2060.72,-7573.63,47.52086639,-122.25654602,E,,
4081325,2026-07-05T10:13:46,67.91,0,F,2060.72,-7573.63,47.52086639,-122.25654602,E,,
4082396,2026-07-05T10:13:47,85.43,0,F,2060.72,-7573.63,47.52086639,-122.25654602,E,,
4083478,2026-07-05T10:13:48,108.96,0,F,2060.72,-7573.63,47.52086639,-122.25654602,E,,
4084549,2026-07-05T10:13:49,104.34,0,F,2060.72,-7573.63,47.52086639,-122.25654602,E,,
4085630,2026-07-05T10:13:50,105.93,0,F,2060.72,-7573.63,47.52086639,-122.25654602,E,,
4086701,2026-07-05T10:13:51,117.68,0,F,2060.72,-7573.63,47.52086639,-122.25654602,E,,
4087772,2026-07-05T10:13:52,136.84,0,F,2060.72,-7573.63,47.52086639,-122.25654602,E,,
4088827,2026-07-05T10:13:53,143.56,0,F,2060.72,-7573.63,47.52086639,-122.25654602,E,,
4089906,2026-07-05T10:13:54,143.66,0,F,2060.72,-7573.63,47.52086639,-122.25654602,E,,
4090986,2026-07-05T10:13:55,107.83,0,F,2060.72,-7573.63,47.52086639,-122.25654602,E,,
4092017,2026-07-05T10:13:56,124.7,0,F,2060.72,-7573.63,47.52086639,-122.25654602,E,,
4093098,2026-07-05T10:13:58,119.42,0,F,2060.72,-7573.63,47.52086639,-122.25654602,E,,
4094169,2026-07-05T10:13:59,143.55,0,F,2060.72,-7573.63,47.52086639,-122.25654602,E,,
4095221,2026-07-05T10:14:00,143.88,0,F,2060.72,-7573.63,47.52086639,-122.25654602,E,,
4096276,2026-07-05T10:14:01,133.46,0,F,2060.72,-7573.63,47.52086639,-122.25654602,E,,
4097338,2026-07-05T10:14:02,142.4,0,F,2060.72,-7573.63,47.52086639,-122.25654602,E,,
4098418,2026-07-05T10:14:03,149.43,0,F,2060.72,-7573.63,47.52086639,-122.25654602,E,,
4099489,2026-07-05T10:14:04,166.69,0,F,2060.72,-7573.63,47.52086639,-122.25654602,E,,
4100562,2026-07-05T10:14:05,184.31,0,F,2060.72,-7573.63,47.52086639,-122.25654602,E,,
4101634,2026-07-05T10:14:06,167.71,0,F,2060.72,-7573.63,47.52086639,-122.25654602,E,,
4102696,2026-07-05T10:14:07,159.49,0,F,2060.72,-7573.63,47.52086639,-122.25654602,E,,
4103750,2026-07-05T10:14:08,160.56,0,F,2060.72,-7573.63,47.52086639,-122.25654602,E,,
4104820,2026-07-05T10:14:09,166.54,0,F,2060.72,-7573.63,47.52086639,-122.25654602,E,,
4105892,2026-07-05T10:14:10,163.2,0,F,2060.72,-7573.63,47.52086639,-122.25654602,E,,
4106982,2026-07-05T10:14:11,177.68,0,F,2060.72,-7573.63,47.52086639,-122.25654602,E,,
4108053,2026-07-05T10:14:12,162.82,0,F,2060.72,-7573.63,47.52086639,-122.25654602,E,,
4109124,2026-07-05T10:14:14,142.02,0,F,2060.72,-7573.63,47.52086639,-122.25654602,E,,
4110179,2026-07-05T10:14:15,134.9,0,F,2060.72,-7573.63,47.52086639,-122.25654602,E,,
4111250,2026-07-05T10:14:16,142.65,0,F,2060.72,-7573.63,47.52086639,-122.25654602,E,,
4112331,2026-07-05T10:14:17,143.33,0,F,2060.72,-7573.63,47.52086639,-122.25654602,E,,
4113394,2026-07-05T10:14:18,144.6,0,F,2060.72,-7573.63,47.52086639,-122.25654602,E,,
4114458,2026-07-05T10:14:19,154.4,0,F,2060.72,-7573.63,47.52086639,-122.25654602,E,,
4115530,2026-07-05T10:14:20,172.43,0,F,2060.72,-7573.63,47.52086639,-122.25654602,E,,
4116593,2026-07-05T10:14:21,198.19,0,F,2060.72,-7573.63,47.52086639,-122.25654602,E,,
4117664,2026-07-05T10:14:22,203.73,0,F,2060.72,-7573.63,47.52086639,-122.25654602,E,,
4118736,2026-07-05T10:14:23,193.36,0,F,2060.72,-7573.63,47.52086639,-122.25654602,E,,
4119826,2026-07-05T10:14:24,193.01,0,F,2060.72,-7573.63,47.52086639,-122.25654602,E,,
4120881,2026-07-05T10:14:25,182.51,0,F,2060.72,-7573.63,47.52086639,-122.25654602,E,,
4121943,2026-07-05T10:14:26,186.87,0,F,2060.72,-7573.63,47.52086639,-122.25654602,E,,
4123027,2026-07-05T10:14:27,155.6,0,F,2060.72,-7573.63,47.52086639,-122.25654602,E,,
4124098,2026-07-05T10:14:29,158.47,0,F,2060.72,-7573.63,47.52086639,-122.25654602,E,,
4125169,2026-07-05T10:14:30,171.99,0,F,2060.72,-7573.63,47.52086639,-122.25654602,E,,
4126248,2026-07-05T10:14:31,182.36,0,F,2060.72,-7573.63,47.52086639,-122.25654602,E,,
4127320,2026-07-05T10:14:32,187.89,0,F,2060.72,-7573.63,47.52086639,-122.25654602,E,,
4128383,2026-07-05T10:14:33,177.07,0,F,2060.72,-7573.63,47.52086639,-122.25654602,E,,
4129456,2026-07-05T10:14:34,153.6,0,F,2060.72,-7573.63,47.52086639,-122.25654602,E,,
4130519,2026-07-05T10:14:35,144.09,0,F,2060.72,-7573.63,47.52086639,-122.25654602,E,,
4131592,2026-07-05T10:14:36,156.43,0,F,2060.72,-7573.63,47.52086639,-122.25654602,E,,
4132655,2026-07-05T10:14:37,161.77,0,F,2060.72,-7573.63,47.52086639,-122.25654602,E,,
4133725,2026-07-05T10:14:38,166.44,0,F,2060.72,-7573.63,47.52086639,-122.25654602,E,,
4134805,2026-07-05T10:14:39,161.86,0,F,2060.72,-7573.63,47.52086639,-122.25654602,E,,
4135876,2026-07-05T10:14:40,156.26,0,F,2060.72,-7573.63,47.52086639,-122.25654602,E,,
4136955,2026-07-05T10:14:41,166.69,0,F,2060.72,-7573.63,47.52086639,-122.25654602,E,,
4138027,2026-07-05T10:14:42,165.71,0,F,2060.72,-7573.63,47.52086639,-122.25654602,E,,
4139109,2026-07-05T10:14:44,165.96,0,F,2060.72,-7573.63,47.52086639,-122.25654602,E,,
4140188,2026-07-05T10:14:45,180.3,0,F,2060.72,-7573.63,47.52086639,-122.25654602,E,,
4141286,2026-07-05T10:14:46,137.4,0,F,2060.72,-7573.63,47.52086639,-122.25654602,E,,
4142334,2026-07-05T10:14:47,121.26,0,F,2060.72,-7573.63,47.52086639,-122.25654602,E,,
4143388,2026-07-05T10:14:48,151.64,0,F,2060.72,-7573.63,47.52086639,-122.25654602,E,,
4144460,2026-07-05T10:14:49,179.4,0,F,2060.72,-7573.63,47.52086639,-122.25654602,E,,
4145541,2026-07-05T10:14:50,193.41,0,F,2060.72,-7573.63,47.52086639,-122.25654602,E,,
4146621,2026-07-05T10:14:51,198.12,0,F,2060.72,-7573.63,47.52086639,-122.25654602,E,,
4147712,2026-07-05T10:14:52,192.55,0,F,2060.72,-7573.63,47.52086639,-122.25654602,E,,
4148775,2026-07-05T10:14:53,158.35,0,F,2060.72,-7573.63,47.52086639,-122.25654602,E,,
4149837,2026-07-05T10:14:54,157.17,0.119,F,2060.78,-7573.73,47.52086639,-122.25654602,E,,
4150914,2026-07-05T10:14:55,162.25,0,F,2060.8,-7573.78,47.52086639,-122.25654602,E,,
4151995,2026-07-05T10:14:56,163.88,0,F,2060.8,-7573.78,47.52086639,-122.25654602,E,,
4153032,2026-07-05T10:14:57,173.53,0,F,2060.8,-7573.78,47.52086639,-122.25654602,E,,
4154113,2026-07-05T10:14:59,177.29,0,F,2060.8,-7573.78,47.52086639,-122.25654602,E,,
4155184,2026-07-05T10:15:00,172.05,0,F,2060.8,-7573.78,47.52086639,-122.25654602,E,,
4156263,2026-07-05T10:15:01,178.16,0,F,2060.8,-7573.78,47.52086639,-122.25654602,E,,
4157333,2026-07-05T10:15:02,184.18,0,F,2060.8,-7573.78,47.52086639,-122.25654602,E,,
4158403,2026-07-05T10:15:03,188.87,0,F,2060.8,-7573.78,47.52086639,-122.25654602,E,,
4159477,2026-07-05T10:15:04,197.25,0,F,2060.8,-7573.78,47.52086639,-122.25654602,E,,
4160558,2026-07-05T10:15:05,239.37,0,F,2060.8,-7573.78,47.52086639,-122.25654602,E,,
4161639,2026-07-05T10:15:06,263.74,0,F,2060.8,-7573.78,47.52086639,-122.25654602,E,,
4162710,2026-07-05T10:15:07,269.73,0,F,2060.8,-7573.78,47.52086639,-122.25654602,E,,
4163771,2026-07-05T10:15:08,278.5,0,F,2060.8,-7573.78,47.52086639,-122.25654602,E,,
4164841,2026-07-05T10:15:09,284.84,0,F,2060.8,-7573.78,47.52086639,-122.25654602,E,,
4165920,2026-07-05T10:15:10,289.74,0,F,2060.8,-7573.78,47.52086639,-122.25654602,E,,
4167000,2026-07-05T10:15:11,293.23,0,F,2060.8,-7573.78,47.52086639,-122.25654602,E,,
4168079,2026-07-05T10:15:13,301.54,0,F,2060.8,-7573.78,47.52086639,-122.25654602,E,,
4169140,2026-07-05T10:15:14,310.52,0,F,2060.8,-7573.78,47.52086639,-122.25654602,E,,
4170204,2026-07-05T10:15:15,311.62,0,F,2060.8,-7573.78,47.52086639,-122.25654602,E,,
4171279,2026-07-05T10:15:16,309.57,0,F,2060.8,-7573.78,47.52086639,-122.25654602,E,,
4172332,2026-07-05T10:15:17,293.74,0,F,2060.8,-7573.78,47.52086639,-122.25654602,E,,
4173412,2026-07-05T10:15:18,269.24,0,F,2060.8,-7573.78,47.52086639,-122.25654602,E,,
4174483,2026-07-05T10:15:19,259.36,0,F,2060.8,-7573.78,47.52086639,-122.25654602,E,,
4175539,2026-07-05T10:15:20,242.59,0,F,2060.8,-7573.78,47.52086639,-122.25654602,E,,
4176619,2026-07-05T10:15:21,225.85,0,F,2060.8,-7573.78,47.52086639,-122.25654602,E,,
4177715,2026-07-05T10:15:22,213.96,0,F,2060.8,-7573.78,47.52086639,-122.25654602,E,,
4178794,2026-07-05T10:15:23,199.14,0,F,2060.8,-7573.78,47.52086639,-122.25654602,E,,
4179855,2026-07-05T10:15:24,191.02,0,F,2060.8,-7573.78,47.52086639,-122.25654602,E,,
4180943,2026-07-05T10:15:25,196.02,0,F,2060.8,-7573.78,47.52086639,-122.25654602,E,,
4182014,2026-07-05T10:15:26,203.32,0,F,2060.8,-7573.78,47.52086639,-122.25654602,E,,
4183036,2026-07-05T10:15:27,213.08,0,F,2060.8,-7573.78,47.52086639,-122.25654602,E,,
4184106,2026-07-05T10:15:29,214.51,0,F,2060.8,-7573.78,47.52086639,-122.25654602,E,,
4185185,2026-07-05T10:15:30,184.3,0.188,F,2060.78,-7573.85,47.52086639,-122.25654602,E,,
4186257,2026-07-05T10:15:31,122.15,0.273,F,2060.89,-7574.05,47.52086258,-122.25654602,E,,
4187327,2026-07-05T10:15:32,102.9,0.332,F,2061.2,-7574.16,47.52086258,-122.25654602,E,,
4188397,2026-07-05T10:15:33,137.11,0.353,F,2061.51,-7574.34,47.52085876,-122.25653839,E,,
4189459,2026-07-05T10:15:34,138.14,0.323,F,2061.73,-7574.64,47.52085876,-122.25653839,E,,
4190522,2026-07-05T10:15:35,126.7,0.327,F,2061.98,-7574.88,47.52085495,-122.25653076,E,,
4191601,2026-07-05T10:15:36,122.6,0.325,F,2062.27,-7575.1,47.52085495,-122.25653076,E,,
4192663,2026-07-05T10:15:37,113.87,0.367,F,2062.6,-7575.26,47.52085114,-122.25652313,E,,
4193751,2026-07-05T10:15:38,119.53,0.303,F,2062.92,-7575.46,47.52085114,-122.25652313,E,,
4194838,2026-07-05T10:15:39,127.59,0.211,F,2063.15,-7575.61,47.52084732,-122.2565155,E,,
4195917,2026-07-05T10:15:40,148.94,0.147,F,2063.28,-7575.77,47.52084732,-122.2565155,E,,
4197006,2026-07-05T10:15:41,169.44,0.112,F,2063.32,-7575.91,47.52084732,-122.2565155,E,,
4198084,2026-07-05T10:15:43,174.81,0,F,2063.33,-7575.94,47.52084732,-122.2565155,E,,
4199163,2026-07-05T10:15:44,175.27,0,F,2063.33,-7575.94,47.52084732,-122.2565155,E,,
4200232,2026-07-05T10:15:45,167.37,0,F,2063.33,-7575.94,47.52084732,-122.2565155,E,,
4201288,2026-07-05T10:15:46,158.75,0,F,2063.33,-7575.94,47.52084732,-122.2565155,E,,
4202359,2026-07-05T10:15:47,165.23,0,F,2063.33,-7575.94,47.52084732,-122.2565155,E,,
4203430,2026-07-05T10:15:48,166.72,0,F,2063.33,-7575.94,47.52084732,-122.2565155,E,,
4204501,2026-07-05T10:15:49,171.99,0,F,2063.33,-7575.94,47.52084732,-122.2565155,E,,
4205557,2026-07-05T10:15:50,175.21,0,F,2063.33,-7575.94,47.52084732,-122.2565155,E,,
4206629,2026-07-05T10:15:51,172.82,0,F,2063.33,-7575.94,47.52084732,-122.2565155,E,,
4207708,2026-07-05T10:15:52,165.03,0,F,2063.33,-7575.94,47.52084732,-122.2565155,E,,
4208778,2026-07-05T10:15:53,153.27,0,F,2063.33,-7575.94,47.52084732,-122.2565155,E,,
4209856,2026-07-05T10:15:54,152.48,0,F,2063.33,-7575.94,47.52084732,-122.2565155,E,,
4210912,2026-07-05T10:15:55,150.78,0,F,2063.33,-7575.94,47.52084732,-122.2565155,E,,
4211974,2026-07-05T10:15:56,147.76,0,F,2063.33,-7575.94,47.52084732,-122.2565155,E,,
4213046,2026-07-05T10:15:57,144.99,0,F,2063.33,-7575.94,47.52084732,-122.2565155,E,,
4214136,2026-07-05T10:15:59,155.6,0,F,2063.33,-7575.94,47.52084732,-122.2565155,E,,
4215217,2026-07-05T10:16:00,147.44,0,F,2063.33,-7575.94,47.52084732,-122.2565155,E,,
4216287,2026-07-05T10:16:01,143.76,0.172,F,2063.39,-7576,47.52084732,-122.2565155,E,,
4217349,2026-07-05T10:16:02,144.71,0.252,F,2063.54,-7576.17,47.52084351,-122.2565155,E,,
4218405,2026-07-05T10:16:03,159.46,0.286,F,2063.65,-7576.43,47.52083969,-122.25650787,E,,
4219476,2026-07-05T10:16:04,171.19,0.332,F,2063.74,-7576.75,47.52083969,-122.25650787,E,,
4220557,2026-07-05T10:16:05,180.03,0.374,F,2063.76,-7577.12,47.52083588,-122.25650787,E,,
4221636,2026-07-05T10:16:06,174.69,0.401,F,2063.78,-7577.54,47.52083206,-122.25650787,E,,
4222705,2026-07-05T10:16:07,168.83,0.421,F,2063.83,-7577.98,47.52082825,-122.25650787,E,,
4223785,2026-07-05T10:16:08,158.6,0.454,F,2063.97,-7578.44,47.52082443,-122.25650787,E,,
4224856,2026-07-05T10:16:09,148.69,0.499,F,2064.2,-7578.9,47.52082062,-122.25650024,E,,
4225943,2026-07-05T10:16:10,154.27,0.527,F,2064.47,-7579.4,47.5208168,-122.25650024,E,,
4227005,2026-07-05T10:16:11,172,0.561,F,2064.65,-7579.94,47.52080917,-122.25650024,E,,
4228083,2026-07-05T10:16:13,173.72,0.583,F,2064.72,-7580.55,47.52080536,-122.25649261,E,,
4229153,2026-07-05T10:16:14,175.56,0.608,F,2064.77,-7581.18,47.52079773,-122.25649261,E,,
4230233,2026-07-05T10:16:15,171.31,0.634,F,2064.85,-7581.86,47.52079391,-122.25649261,E,,
4231290,2026-07-05T10:16:16,164.66,0.627,F,2064.97,-7582.52,47.52078629,-122.25649261,E,,
4232352,2026-07-05T10:16:17,152.65,0.619,F,2065.21,-7583.14,47.52078247,-122.25649261,E,,
4233413,2026-07-05T10:16:18,140.16,0.614,F,2065.57,-7583.69,47.52077484,-122.25648499,E,,
4234484,2026-07-05T10:16:19,136.54,0.592,F,2066.02,-7584.16,47.52077103,-122.25647736,E,,
4235565,2026-07-05T10:16:20,136.58,0.585,F,2066.45,-7584.62,47.52076721,-122.25646973,E,,
4236644,2026-07-05T10:16:21,136.61,0.57,F,2066.87,-7585.08,47.5207634,-122.25646973,E,,
4237714,2026-07-05T10:16:22,140.49,0.558,F,2067.28,-7585.54,47.52075958,-122.2564621,E,,
4238784,2026-07-05T10:16:23,150.89,0.551,F,2067.62,-7586.02,47.52075577,-122.25645447,E,,
4239863,2026-07-05T10:16:24,162.61,0.554,F,2067.83,-7586.59,47.52075195,-122.25645447,E,,
4240941,2026-07-05T10:16:25,155.97,0.537,F,2068.05,-7587.13,47.52074432,-122.25645447,E,,
4242013,2026-07-05T10:16:26,148.47,0.536,F,2068.32,-7587.65,47.52074051,-122.25644684,E,,
4243092,2026-07-05T10:16:28,144.3,0.524,F,2068.64,-7588.12,47.52073669,-122.25644684,E,,
4244127,2026-07-05T10:16:29,141.1,0.543,F,2068.97,-7588.57,47.52073288,-122.25643921,E,,
4245197,2026-07-05T10:16:30,137.93,0.581,F,2069.36,-7589.04,47.52072906,-122.25643158,E,,
4246275,2026-07-05T10:16:31,135.3,0.605,F,2069.81,-7589.51,47.52072525,-122.25643158,E,,
4247345,2026-07-05T10:16:32,132.39,0.604,F,2070.29,-7589.94,47.52072144,-122.25642395,E,,
4248407,2026-07-05T10:16:33,129.12,0.626,F,2070.78,-7590.36,47.52071762,-122.25641632,E,,
4249451,2026-07-05T10:16:34,129.67,0.644,F,2071.28,-7590.79,47.52071381,-122.25640869,E,,
4250524,2026-07-05T10:16:35,127.2,0.66,F,2071.83,-7591.21,47.52070999,-122.25640106,E,,
4251597,2026-07-05T10:16:36,123.95,0.672,F,2072.4,-7591.64,47.52070618,-122.25639343,E,,
4252659,2026-07-05T10:16:37,122.93,0.701,F,2073.02,-7592.04,47.52070236,-122.2563858,E,,
4253729,2026-07-05T10:16:38,120.56,0.721,F,2073.68,-7592.42,47.52069855,-122.25637817,E,,
4254790,2026-07-05T10:16:39,114.67,0.748,F,2074.37,-7592.79,47.52069473,-122.25637054,E,,
4255869,2026-07-05T10:16:40,115.62,0.762,F,2075.1,-7593.15,47.52069092,-122.25635529,E,,
4256923,2026-07-05T10:16:41,116.28,0.798,F,2075.85,-7593.49,47.5206871,-122.25634766,E,,
4258010,2026-07-05T10:16:42,112.72,0.806,F,2076.64,-7593.85,47.52068329,-122.25634003,E,,
4259082,2026-07-05T10:16:44,110.95,0.823,F,2077.45,-7594.2,47.52068329,-122.25632477,E,,
4260161,2026-07-05T10:16:45,109.2,0.846,F,2078.29,-7594.52,47.52067947,-122.25631714,E,,
4261221,2026-07-05T10:16:46,114.05,0.845,F,2079.13,-7594.84,47.52067566,-122.25630188,E,,
4262299,2026-07-05T10:16:47,111.63,0.859,F,2079.98,-7595.19,47.52067184,-122.25629425,E,,
4263379,2026-07-05T10:16:48,118.8,0.839,F,2080.8,-7595.6,47.52066803,-122.25627899,E,,
4264450,2026-07-05T10:16:49,114.6,0.757,F,2081.57,-7595.98,47.52066422,-122.25627136,E,,
4265512,2026-07-05T10:16:50,123.56,0.702,F,2082.24,-7596.36,47.52066422,-122.25626373,E,,
4266592,2026-07-05T10:16:51,148.07,0.672,F,2082.76,-7596.87,47.52065659,-122.2562561,E,,
4267654,2026-07-05T10:16:52,147.41,0.606,F,2083.12,-7597.46,47.52065277,-122.25624847,E,,
4268724,2026-07-05T10:16:53,127.66,0.435,F,2083.45,-7597.9,47.52064896,-122.25624847,E,,
4269794,2026-07-05T10:16:54,127.83,0.456,F,2083.84,-7598.17,47.52064514,-122.25624084,E,,
4270866,2026-07-05T10:16:55,135.53,0.438,F,2084.22,-7598.47,47.52064514,-122.25623322,E,,
4271945,2026-07-05T10:16:56,145.67,0.399,F,2084.49,-7598.83,47.52064133,-122.25623322,E,,
4273031,2026-07-05T10:16:57,148.83,0.358,F,2084.71,-7599.17,47.52063751,-122.25623322,E,,
4274101,2026-07-05T10:16:59,152.39,0.328,F,2084.91,-7599.48,47.5206337,-122.25622559,E,,
4275117,2026-07-05T10:17:00,184.98,0.334,F,2084.98,-7599.81,47.52062988,-122.25622559,E,,
4276178,2026-07-05T10:17:01,201.96,0.322,F,2084.88,-7600.16,47.52062988,-122.25622559,E,,
4277241,2026-07-05T10:17:02,187.9,0.333,F,2084.77,-7600.5,47.52062607,-122.25622559,E,,
4278294,2026-07-05T10:17:03,158.73,0.35,F,2084.81,-7600.84,47.52062225,-122.25622559,E,,
4279354,2026-07-05T10:17:04,131.32,0.367,F,2085.04,-7601.13,47.52061844,-122.25622559,E,,
4280425,2026-07-05T10:17:05,138.46,0.385,F,2085.36,-7601.39,47.52061844,-122.25621796,E,,
4281505,2026-07-05T10:17:06,109.99,0.391,F,2085.68,-7601.64,47.52061462,-122.25621796,E,,
4282584,2026-07-05T10:17:07,95.2,0.416,F,2086.1,-7601.72,47.52061462,-122.25621033,E,,
4283666,2026-07-05T10:17:08,100.95,0.42,F,2086.55,-7601.78,47.52061462,-122.2562027,E,,
4284709,2026-07-05T10:17:09,108.84,0.333,F,2086.93,-7601.92,47.52061081,-122.2562027,E,,
4285779,2026-07-05T10:17:10,143.83,0.311,F,2087.2,-7602.07,47.52061081,-122.25619507,E,,
4286858,2026-07-05T10:17:11,186.05,0.334,F,2087.28,-7602.42,47.52060699,-122.25619507,E,,
4287912,2026-07-05T10:17:12,192.59,0.341,F,2087.21,-7602.74,47.52060699,-122.25619507,E,,
4288983,2026-07-05T10:17:13,181.09,0.342,F,2087.16,-7603.1,47.52060318,-122.25619507,E,,
4290071,2026-07-05T10:17:14,178.13,0.355,F,2087.17,-7603.48,47.52059937,-122.25619507,E,,
4291150,2026-07-05T10:17:16,187.65,0.393,F,2087.17,-7603.87,47.52059555,-122.25619507,E,,
4292225,2026-07-05T10:17:17,212.24,0.407,F,2087.02,-7604.26,47.52059174,-122.2562027,E,,
4293296,2026-07-05T10:17:18,222.33,0.416,F,2086.75,-7604.6,47.52058792,-122.2562027,E,,
4294358,2026-07-05T10:17:19,234.91,0.435,F,2086.42,-7604.9,47.52058411,-122.25621033,E,,
4295448,2026-07-05T10:17:20,226.1,0.46,F,2086.03,-7605.2,47.52058411,-122.25621033,E,,
4296518,2026-07-05T10:17:21,203.29,0.483,F,2085.74,-7605.62,47.52058029,-122.25621796,E,,
4297581,2026-07-05T10:17:22,187,0.473,F,2085.62,-7606.09,47.52057648,-122.25621796,E,,
4298647,2026-07-05T10:17:23,183.24,0.47,F,2085.59,-7606.61,47.52056885,-122.25621796,E,,
4299726,2026-07-05T10:17:24,180.65,0.48,F,2085.57,-7607.12,47.52056503,-122.25621796,E,,
4300796,2026-07-05T10:17:25,182.29,0.465,F,2085.56,-7607.64,47.52056122,-122.25621796,E,,
4301874,2026-07-05T10:17:26,184.66,0.474,F,2085.53,-7608.16,47.5205574,-122.25621796,E,,
4302944,2026-07-05T10:17:27,183.78,0.464,F,2085.5,-7608.65,47.52055359,-122.25621796,E,,
4304013,2026-07-05T10:17:28,184.42,0.465,F,2085.47,-7609.14,47.52054596,-122.25621796,E,,
4305083,2026-07-05T10:17:30,188.62,0.455,F,2085.41,-7609.62,47.52054214,-122.25621796,E,,
4306169,2026-07-05T10:17:31,194.27,0.487,F,2085.32,-7610.12,47.52053833,-122.25621796,E,,
4307256,2026-07-05T10:17:32,202.64,0.519,F,2085.15,-7610.65,47.52053452,-122.25622559,E,,
4308310,2026-07-05T10:17:33,205.11,0.555,F,2084.92,-7611.17,47.5205307,-122.25622559,E,,
4309390,2026-07-05T10:17:34,202.96,0.579,F,2084.66,-7611.71,47.52052307,-122.25623322,E,,
4310452,2026-07-05T10:17:35,197,0.596,F,2084.45,-7612.31,47.52051926,-122.25623322,E,,
4311514,2026-07-05T10:17:36,187.91,0.62,F,2084.31,-7612.94,47.52051544,-122.25623322,E,,
4312586,2026-07-05T10:17:37,185.83,0.673,F,2084.24,-7613.63,47.52050781,-122.25623322,E,,
4313676,2026-07-05T10:17:38,178.56,0.718,F,2084.21,-7614.39,47.52050018,-122.25623322,E,,
4314737,2026-07-05T10:17:39,172.52,0.766,F,2084.29,-7615.17,47.52049255,-122.25623322,E,,
4315807,2026-07-05T10:17:40,163.77,0.786,F,2084.46,-7615.99,47.52048492,-122.25623322,E,,
4316870,2026-07-05T10:17:41,153.39,0.782,F,2084.77,-7616.76,47.52048111,-122.25622559,E,,
4317940,2026-07-05T10:17:42,156.04,0.788,F,2085.12,-7617.53,47.52047348,-122.25622559,E,,
4319018,2026-07-05T10:17:43,157.26,0.789,F,2085.48,-7618.31,47.52046585,-122.25621796,E,,
4320088,2026-07-05T10:17:45,164.25,0.784,F,2085.72,-7619.11,47.52045822,-122.25621796,E,,
4321096,2026-07-05T10:17:46,170.77,0.761,F,2085.91,-7619.85,47.52045059,-122.25621033,E,,
4322146,2026-07-05T10:17:47,172.87,0.73,F,2086.02,-7620.62,47.52044296,-122.25621033,E,,
4323225,2026-07-05T10:17:48,186,0.72,F,2086.04,-7621.41,47.52043915,-122.25621033,E,,
4324304,2026-07-05T10:17:49,186.96,0.684,F,2085.9,-7622.15,47.52043152,-122.25621033,E,,
4325393,2026-07-05T10:17:50,172.12,0.654,F,2085.93,-7622.88,47.52042389,-122.25621033,E,,
4326456,2026-07-05T10:17:51,160.69,0.66,F,2086.09,-7623.56,47.52042007,-122.25621033,E,,
4327518,2026-07-05T10:17:52,158.94,0.655,F,2086.32,-7624.22,47.52041245,-122.25621033,E,,
4328582,2026-07-05T10:17:53,164.46,0.65,F,2086.57,-7624.87,47.52040482,-122.2562027,E,,
4329662,2026-07-05T10:17:54,158.6,0.642,F,2086.79,-7625.54,47.520401,-122.2562027,E,,
4330741,2026-07-05T10:17:55,160.88,0.649,F,2087.04,-7626.18,47.52039337,-122.25619507,E,,
4331804,2026-07-05T10:17:56,159.17,0.625,F,2087.26,-7626.83,47.52038956,-122.25619507,E,,
4332885,2026-07-05T10:17:57,149.96,0.638,F,2087.57,-7627.42,47.52038193,-122.25619507,E,,
4333946,2026-07-05T10:17:58,153.45,0.641,F,2087.88,-7628.02,47.52037811,-122.25618744,E,,
4334999,2026-07-05T10:17:59,152.68,0.62,F,2088.2,-7628.6,47.5203743,-122.25617981,E,,
4336078,2026-07-05T10:18:01,146.47,0.62,F,2088.54,-7629.19,47.52036667,-122.25617981,E,,
4337110,2026-07-05T10:18:02,149.25,0.632,F,2088.86,-7629.74,47.52036285,-122.25617218,E,,
4338180,2026-07-05T10:18:03,139.59,0.633,F,2089.26,-7630.29,47.52035904,-122.25617218,E,,
4339241,2026-07-05T10:18:04,133.02,0.667,F,2089.73,-7630.79,47.52035141,-122.25616455,E,,
4340321,2026-07-05T10:18:05,133.27,0.635,F,2090.3,-7631.2,47.52035141,-122.25615692,E,,
4341386,2026-07-05T10:18:06,132.43,0.606,F,2090.75,-7631.68,47.52034378,-122.25614929,E,,
4342466,2026-07-05T10:18:07,142.91,0.6,F,2091.2,-7632.16,47.52033997,-122.25614166,E,,
4343514,2026-07-05T10:18:08,142.66,0.604,F,2091.58,-7632.67,47.52033615,-122.25614166,E,,
4344595,2026-07-05T10:18:09,151.3,0.604,F,2091.92,-7633.23,47.52033234,-122.25613403,E,,
4345676,2026-07-05T10:18:10,156.84,0.622,F,2092.19,-7633.83,47.52032471,-122.2561264,E,,
4346729,2026-07-05T10:18:11,151.77,0.65,F,2092.47,-7634.44,47.52032089,-122.2561264,E,,
4347792,2026-07-05T10:18:12,145.1,0.655,F,2092.83,-7635.04,47.52031326,-122.25611877,E,,
4348863,2026-07-05T10:18:13,139.83,0.69,F,2093.27,-7635.62,47.52030945,-122.25611877,E,,
4349934,2026-07-05T10:18:14,144.49,0.691,F,2093.75,-7636.2,47.52030563,-122.25611115,E,,
4351015,2026-07-05T10:18:15,142.91,0.69,F,2094.19,-7636.81,47.520298,-122.25610352,E,,
4352073,2026-07-05T10:18:16,142.53,0.667,F,2094.61,-7637.38,47.52029419,-122.25609589,E,,
4353120,2026-07-05T10:18:18,143.07,0.681,F,2095.06,-7637.93,47.52029037,-122.25608826,E,,
4354191,2026-07-05T10:18:19,149.62,0.679,F,2095.44,-7638.54,47.52028275,-122.25608826,E,,
4355254,2026-07-05T10:18:20,146.51,0.668,F,2095.81,-7639.16,47.52027893,-122.25608063,E,,
4356326,2026-07-05T10:18:21,152.81,0.656,F,2096.16,-7639.77,47.5202713,-122.25608063,E,,
4357407,2026-07-05T10:18:22,149.48,0.645,F,2096.51,-7640.4,47.52026749,-122.256073,E,,
4358462,2026-07-05T10:18:23,149.92,0.635,F,2096.87,-7640.97,47.52026367,-122.25606537,E,,
4359525,2026-07-05T10:18:24,150.78,0.614,F,2097.2,-7641.54,47.52025604,-122.25606537,E,,
4360587,2026-07-05T10:18:25,152.76,0.621,F,2097.51,-7642.11,47.52025223,-122.25605774,E,,
4361651,2026-07-05T10:18:26,146.74,0.608,F,2097.81,-7642.69,47.5202446,-122.25605774,E,,
4362741,2026-07-05T10:18:27,136.27,0.526,F,2098.24,-7643.15,47.52024078,-122.25605011,E,,
4363820,2026-07-05T10:18:28,135.12,0.367,F,2098.58,-7643.48,47.52024078,-122.25604248,E,,
4364882,2026-07-05T10:18:29,136.92,0.258,F,2098.82,-7643.71,47.52023697,-122.25604248,E,,
4365973,2026-07-05T10:18:30,146.83,0.18,F,2098.96,-7643.89,47.52023697,-122.25604248,E,,
4367027,2026-07-05T10:18:31,155.15,0.126,F,2099.04,-7644.03,47.52023315,-122.25604248,E,,
4368109,2026-07-05T10:18:33,146.11,0,F,2099.08,-7644.11,47.52023315,-122.25603485,E,,
4369190,2026-07-05T10:18:34,150.47,0,F,2099.11,-7644.17,47.52023315,-122.25603485,E,,
4370260,2026-07-05T10:18:35,148.42,0,F,2099.11,-7644.17,47.52023315,-122.25603485,E,,
4371342,2026-07-05T10:18:36,148.48,0,F,2099.11,-7644.17,47.52023315,-122.25603485,E,,
4372423,2026-07-05T10:18:37,146.44,0,F,2099.11,-7644.17,47.52023315,-122.25603485,E,,
4373487,2026-07-05T10:18:38,156.93,0,F,2099.11,-7644.17,47.52023315,-122.25603485,E,,
4374559,2026-07-05T10:18:39,161.5,0,F,2099.11,-7644.17,47.52023315,-122.25603485,E,,
4375632,2026-07-05T10:18:40,161.6,0,F,2099.11,-7644.17,47.52023315,-122.25603485,E,,
4376703,2026-07-05T10:18:41,157.13,0,F,2099.11,-7644.17,47.52023315,-122.25603485,E,,
4377785,2026-07-05T10:18:42,151.92,0,F,2099.11,-7644.17,47.52023315,-122.25603485,E,,
4378865,2026-07-05T10:18:43,156.12,0,F,2099.11,-7644.17,47.52023315,-122.25603485,E,,
4379936,2026-07-05T10:18:44,162.75,0,F,2099.11,-7644.17,47.52023315,-122.25603485,E,,
4380982,2026-07-05T10:18:45,168.88,0,F,2099.11,-7644.17,47.52023315,-122.25603485,E,,
4382042,2026-07-05T10:18:46,170.46,0,F,2099.11,-7644.17,47.52023315,-122.25603485,E,,
4383132,2026-07-05T10:18:48,170.31,0,F,2099.11,-7644.17,47.52023315,-122.25603485,E,,
4384211,2026-07-05T10:18:49,163.54,0,F,2099.11,-7644.17,47.52023315,-122.25603485,E,,
4385257,2026-07-05T10:18:50,161.37,0,F,2099.11,-7644.17,47.52023315,-122.25603485,E,,
1234567,2026-07-05T10:18:50,161.37,0,F,xxx,xxx,47.51755,-122.25425,G,,
4386327,2026-07-05T10:18:51,178.17,0,F,2099.11,-7644.17,47.52023315,-122.25603485,E,,
4387409,2026-07-05T10:18:52,191.85,0,F,2099.11,-7644.17,47.52023315,-122.25603485,E,,
4388473,2026-07-05T10:18:53,192.5,0,F,2099.11,-7644.17,47.52023315,-122.25603485,E,,
4389554,2026-07-05T10:18:54,197.32,0,F,2099.11,-7644.17,47.52023315,-122.25603485,E,,
4390626,2026-07-05T10:18:55,197.82,0,F,2099.11,-7644.17,47.52023315,-122.25603485,E,,
4391706,2026-07-05T10:18:56,194.11,0,F,2099.11,-7644.17,47.52023315,-122.25603485,E,,
4392768,2026-07-05T10:18:57,195.76,0,F,2099.11,-7644.17,47.52023315,-122.25603485,E,,
4393833,2026-07-05T10:18:58,196.81,0,F,2099.11,-7644.17,47.52023315,-122.25603485,E,,
4394914,2026-07-05T10:18:59,200.17,0,F,2099.11,-7644.17,47.52023315,-122.25603485,E,,
4395987,2026-07-05T10:19:00,202.03,0,F,2099.11,-7644.17,47.52023315,-122.25603485,E,,
4397060,2026-07-05T10:19:01,196.77,0,F,2099.11,-7644.17,47.52023315,-122.25603485,E,,
4398091,2026-07-05T10:19:03,196.72,0,F,2099.11,-7644.17,47.52023315,-122.25603485,E,,
4399170,2026-07-05T10:19:04,204.24,0,F,2099.11,-7644.17,47.52023315,-122.25603485,E,,
4400251,2026-07-05T10:19:05,210.5,0,F,2099.11,-7644.17,47.52023315,-122.25603485,E,,
4401323,2026-07-05T10:19:06,226.98,0,F,2099.11,-7644.17,47.52023315,-122.25603485,E,,
4402396,2026-07-05T10:19:07,251.19,0,F,2099.11,-7644.17,47.52023315,-122.25603485,E,,
4403478,2026-07-05T10:19:08,253.96,0,F,2099.11,-7644.17,47.52023315,-122.25603485,E,,
4404551,2026-07-05T10:19:09,240.64,0,F,2099.11,-7644.17,47.52023315,-122.25603485,E,,
4405633,2026-07-05T10:19:10,230.99,0,F,2099.11,-7644.17,47.52023315,-122.25603485,E,,
4406713,2026-07-05T10:19:11,229.78,0,F,2099.11,-7644.17,47.52023315,-122.25603485,E,,
4407796,2026-07-05T10:19:12,245.4,0,F,2099.11,-7644.17,47.52023315,-122.25603485,E,,
4408875,2026-07-05T10:19:13,292.05,0,F,2099.11,-7644.17,47.52023315,-122.25603485,E,,
4409955,2026-07-05T10:19:14,316.78,0,F,2099.11,-7644.17,47.52023315,-122.25603485,E,,
4411036,2026-07-05T10:19:15,324.47,0,F,2099.11,-7644.17,47.52023315,-122.25603485,E,,
4412110,2026-07-05T10:19:17,324.96,0,F,2099.11,-7644.17,47.52023315,-122.25603485,E,,
4413191,2026-07-05T10:19:18,328.3,0,F,2099.11,-7644.17,47.52023315,-122.25603485,E,,
4414281,2026-07-05T10:19:19,326.69,0.148,F,2099.08,-7644.11,47.52023315,-122.25603485,E,,
4415353,2026-07-05T10:19:20,330.23,0.226,F,2098.98,-7643.94,47.52023697,-122.25604248,E,,
4416418,2026-07-05T10:19:21,329.66,0.26,F,2098.85,-7643.73,47.52023697,-122.25604248,E,,
4417500,2026-07-05T10:19:22,327.05,0.301,F,2098.69,-7643.47,47.52024078,-122.25604248,E,,
4418591,2026-07-05T10:19:23,328.9,0.362,F,2098.51,-7643.17,47.52024078,-122.25604248,E,,
4419674,2026-07-05T10:19:24,329.38,0.396,F,2098.3,-7642.83,47.5202446,-122.25605011,E,,
4420730,2026-07-05T10:19:25,332.85,0.419,F,2098.09,-7642.46,47.52024841,-122.25605011,E,,
4421792,2026-07-05T10:19:26,335.42,0.443,F,2097.88,-7642.04,47.52025223,-122.25605774,E,,
4422872,2026-07-05T10:19:27,335.45,0.469,F,2097.67,-7641.59,47.52025604,-122.25605774,E,,
4423951,2026-07-05T10:19:28,334.11,0.509,F,2097.44,-7641.12,47.52025986,-122.25605774,E,,
4425022,2026-07-05T10:19:29,334.98,0.547,F,2097.19,-7640.61,47.52026367,-122.25606537,E,,
4426092,2026-07-05T10:19:31,338.79,0.571,F,2096.95,-7640.04,47.5202713,-122.25606537,E,,
4427180,2026-07-05T10:19:32,340.28,0.566,F,2096.73,-7639.46,47.52027512,-122.256073,E,,
4428221,2026-07-05T10:19:33,338.02,0.559,F,2096.53,-7638.9,47.52027893,-122.256073,E,,
4429300,2026-07-05T10:19:34,338.07,0.581,F,2096.31,-7638.32,47.52028656,-122.256073,E,,
4430363,2026-07-05T10:19:35,336.64,0.599,F,2096.07,-7637.75,47.52029037,-122.25608063,E,,
4431434,2026-07-05T10:19:36,333.51,0.598,F,2095.8,-7637.17,47.52029419,-122.25608063,E,,
4432507,2026-07-05T10:19:37,333.41,0.608,F,2095.51,-7636.59,47.52030182,-122.25608826,E,,
4433579,2026-07-05T10:19:38,332.94,0.585,F,2095.22,-7636.02,47.52030563,-122.25608826,E,,
4434657,2026-07-05T10:19:39,330.83,0.589,F,2094.94,-7635.44,47.52031326,-122.25609589,E,,
4435727,2026-07-05T10:19:40,331.77,0.631,F,2094.63,-7634.86,47.52031708,-122.25609589,E,,
4436806,2026-07-05T10:19:41,329.13,0.629,F,2094.29,-7634.27,47.52032089,-122.25610352,E,,
4437886,2026-07-05T10:19:42,332.34,0.63,F,2093.95,-7633.69,47.52032852,-122.25610352,E,,
4438965,2026-07-05T10:19:43,337.57,0.599,F,2093.67,-7633.09,47.52033234,-122.25611115,E,,
4440035,2026-07-05T10:19:44,338.48,0.58,F,2093.45,-7632.51,47.52033615,-122.25611115,E,,
4441093,2026-07-05T10:19:46,334.57,0.558,F,2093.19,-7631.97,47.52034378,-122.25611877,E,,
4442167,2026-07-05T10:19:47,330.85,0.569,F,2092.92,-7631.44,47.5203476,-122.25611877,E,,
4443237,2026-07-05T10:19:48,330.37,0.579,F,2092.61,-7630.92,47.52035141,-122.2561264,E,,
4444306,2026-07-05T10:19:49,327.99,0.586,F,2092.29,-7630.39,47.52035522,-122.2561264,E,,
4445369,2026-07-05T10:19:50,328.04,0.602,F,2091.95,-7629.87,47.52036285,-122.25613403,E,,
4446425,2026-07-05T10:19:51,326.96,0.604,F,2091.61,-7629.33,47.52036667,-122.25613403,E,,
4447497,2026-07-05T10:19:52,326.37,0.612,F,2091.25,-7628.8,47.52037048,-122.25614166,E,,
4448570,2026-07-05T10:19:53,325.75,0.628,F,2090.88,-7628.23,47.52037811,-122.25614929,E,,
4449641,2026-07-05T10:19:54,325.5,0.631,F,2090.5,-7627.68,47.52038193,-122.25614929,E,,
4450728,2026-07-05T10:19:55,326.45,0.64,F,2090.1,-7627.1,47.52038574,-122.25615692,E,,
4451800,2026-07-05T10:19:56,330.33,0.637,F,2089.74,-7626.53,47.52039337,-122.25616455,E,,
4452879,2026-07-05T10:19:57,330.67,0.616,F,2089.4,-7625.95,47.52039719,-122.25616455,E,,
4453949,2026-07-05T10:19:58,328.47,0.592,F,2089.07,-7625.39,47.520401,-122.25617218,E,,
4455021,2026-07-05T10:19:59,328.06,0.596,F,2088.73,-7624.87,47.52040482,-122.25617981,E,,
4456091,2026-07-05T10:20:01,325.95,0.609,F,2088.38,-7624.34,47.52041245,-122.25617981,E,,
4457170,2026-07-05T10:20:02,325.08,0.617,F,2088.01,-7623.81,47.52041626,-122.25618744,E,,
4458230,2026-07-05T10:20:03,325.44,0.615,F,2087.65,-7623.29,47.52042007,-122.25618744,E,,
4459303,2026-07-05T10:20:04,326.52,0.621,F,2087.28,-7622.73,47.52042389,-122.25619507,E,,
4460384,2026-07-05T10:20:05,326.75,0.614,F,2086.91,-7622.19,47.52043152,-122.2562027,E,,
4461446,2026-07-05T10:20:06,326.03,0.6,F,2086.55,-7621.66,47.52043533,-122.2562027,E,,
4462527,2026-07-05T10:20:07,325.03,0.61,F,2086.19,-7621.13,47.52043915,-122.25621033,E,,
4463616,2026-07-05T10:20:08,325.42,0.604,F,2085.82,-7620.6,47.52044296,-122.25621796,E,,
4464667,2026-07-05T10:20:09,325.66,0.616,F,2085.45,-7620.08,47.52045059,-122.25621796,E,,
4465763,2026-07-05T10:20:10,324.94,0.626,F,2085.05,-7619.53,47.52045441,-122.25622559,E,,
4466833,2026-07-05T10:20:11,324.6,0.629,F,2084.66,-7618.98,47.52045822,-122.25623322,E,,
4467912,2026-07-05T10:20:12,323.84,0.629,F,2084.27,-7618.42,47.52046585,-122.25623322,E,,
4468991,2026-07-05T10:20:13,325.28,0.63,F,2083.87,-7617.88,47.52046967,-122.25624084,E,,
4470069,2026-07-05T10:20:14,324.07,0.62,F,2083.48,-7617.34,47.52047348,-122.25624847,E,,
4471139,2026-07-05T10:20:16,324.84,0.615,F,2083.1,-7616.81,47.52047729,-122.25624847,E,,
4472215,2026-07-05T10:20:17,322.83,0.61,F,2082.71,-7616.29,47.52048492,-122.2562561,E,,
4473276,2026-07-05T10:20:18,324.69,0.609,F,2082.32,-7615.77,47.52048874,-122.25626373,E,,
4474339,2026-07-05T10:20:19,324.93,0.619,F,2081.94,-7615.25,47.52049255,-122.25626373,E,,
4475401,2026-07-05T10:20:20,334.1,0.594,F,2081.61,-7614.7,47.52049637,-122.25627136,E,,
4476473,2026-07-05T10:20:21,337.5,0.564,F,2081.35,-7614.12,47.520504,-122.25627136,E,,
4477537,2026-07-05T10:20:22,339.4,0.556,F,2081.13,-7613.56,47.52050781,-122.25627899,E,,
4478600,2026-07-05T10:20:23,339.64,0.56,F,2080.92,-7612.99,47.52051163,-122.25627899,E,,
4479662,2026-07-05T10:20:24,338.51,0.562,F,2080.69,-7612.43,47.52051926,-122.25628662,E,,
4480741,2026-07-05T10:20:25,337.11,0.547,F,2080.46,-7611.85,47.52052307,-122.25628662,E,,
4481828,2026-07-05T10:20:26,318.58,0.4,F,2080.21,-7611.41,47.52052689,-122.25628662,E,,
4482891,2026-07-05T10:20:27,304.45,0.331,F,2079.91,-7611.16,47.5205307,-122.25629425,E,,
4483961,2026-07-05T10:20:28,342.81,0.259,F,2079.72,-7610.91,47.5205307,-122.25629425,E,,
4485040,2026-07-05T10:20:29,342.9,0.315,F,2079.64,-7610.62,47.52053452,-122.25629425,E,,
4486118,2026-07-05T10:20:31,339.98,0.39,F,2079.52,-7610.26,47.52053833,-122.25630188,E,,
4487188,2026-07-05T10:20:32,339.28,0.431,F,2079.36,-7609.84,47.52054214,-122.25630188,E,,
4488258,2026-07-05T10:20:33,337.37,0.471,F,2079.19,-7609.38,47.52054596,-122.25630188,E,,
4489301,2026-07-05T10:20:34,336.02,0.473,F,2079,-7608.92,47.52054977,-122.25630951,E,,
4490356,2026-07-05T10:20:35,330.8,0.482,F,2078.78,-7608.46,47.52055359,-122.25630951,E,,
4491438,2026-07-05T10:20:36,335.23,0.496,F,2078.54,-7607.98,47.5205574,-122.25630951,E,,
4492509,2026-07-05T10:20:37,335.27,0.527,F,2078.32,-7607.48,47.52056122,-122.25631714,E,,
4493572,2026-07-05T10:20:38,337.21,0.541,F,2078.09,-7606.96,47.52056885,-122.25631714,E,,
4494637,2026-07-05T10:20:39,338.99,0.553,F,2077.88,-7606.43,47.52057266,-122.25631714,E,,
4495709,2026-07-05T10:20:40,337.52,0.557,F,2077.66,-7605.87,47.52057648,-122.25632477,E,,
4496779,2026-07-05T10:20:41,338.17,0.559,F,2077.44,-7605.3,47.52058411,-122.25632477,E,,
4497875,2026-07-05T10:20:42,344.19,0.569,F,2077.25,-7604.72,47.52058792,-122.2563324,E,,
4498953,2026-07-05T10:20:43,346.32,0.568,F,2077.1,-7604.13,47.52059174,-122.2563324,E,,
4500032,2026-07-05T10:20:44,350.81,0.577,F,2076.97,-7603.53,47.52059937,-122.2563324,E,,
4501068,2026-07-05T10:20:45,354.73,0.579,F,2076.9,-7602.93,47.52060318,-122.2563324,E,,
4502134,2026-07-05T10:20:47,357.1,0.604,F,2076.85,-7602.3,47.52061081,-122.2563324,E,,
4503197,2026-07-05T10:20:48,358.6,0.581,F,2076.83,-7601.66,47.52061462,-122.2563324,E,,
4504276,2026-07-05T10:20:49,358.25,0.586,F,2076.82,-7601.03,47.52062225,-122.2563324,E,,
4505327,2026-07-05T10:20:50,359.92,0.604,F,2076.8,-7600.41,47.52062607,-122.2563324,E,,
4506407,2026-07-05T10:20:51,1.42,0.61,F,2076.8,-7599.74,47.5206337,-122.2563324,E,,
4507478,2026-07-05T10:20:52,5.04,0.626,F,2076.83,-7599.07,47.52063751,-122.2563324,E,,
4508549,2026-07-05T10:20:53,2.68,0.649,F,2076.88,-7598.39,47.52064514,-122.2563324,E,,
4509629,2026-07-05T10:20:54,354.83,0.671,F,2076.88,-7597.67,47.52064896,-122.2563324,E,,
4510700,2026-07-05T10:20:55,345.77,0.702,F,2076.75,-7596.94,47.52065659,-122.2563324,E,,
4511770,2026-07-05T10:20:56,335.03,0.69,F,2076.49,-7596.23,47.52066422,-122.25634003,E,,
4512849,2026-07-05T10:20:57,328.92,0.702,F,2076.14,-7595.57,47.52066803,-122.25634766,E,,
4513936,2026-07-05T10:20:58,328.06,0.708,F,2075.73,-7594.93,47.52067566,-122.25634766,E,,
4515005,2026-07-05T10:20:59,326.73,0.727,F,2075.31,-7594.3,47.52067947,-122.25635529,E,,
4516075,2026-07-05T10:21:01,328.76,0.719,F,2074.89,-7593.65,47.5206871,-122.25636292,E,,
4517131,2026-07-05T10:21:02,329.94,0.729,F,2074.52,-7592.98,47.52069473,-122.25636292,E,,
4518210,2026-07-05T10:21:03,330.97,0.736,F,2074.13,-7592.29,47.52069855,-122.25637054,E,,
4519281,2026-07-05T10:21:04,331.67,0.747,F,2073.75,-7591.6,47.52070618,-122.25637817,E,,
4520317,2026-07-05T10:21:05,331.49,0.771,F,2073.38,-7590.91,47.52070999,-122.25637817,E,,
4521387,2026-07-05T10:21:06,333.59,0.771,F,2072.99,-7590.18,47.52071762,-122.2563858,E,,
4522467,2026-07-05T10:21:07,333.26,0.797,F,2072.62,-7589.41,47.52072525,-122.25639343,E,,
4523547,2026-07-05T10:21:08,337.45,0.817,F,2072.26,-7588.62,47.52073288,-122.25639343,E,,
4524618,2026-07-05T10:21:09,338.1,0.803,F,2071.95,-7587.81,47.52074051,-122.25640106,E,,
4525678,2026-07-05T10:21:10,334.46,0.797,F,2071.61,-7587.04,47.52074814,-122.25640106,E,,
4526757,2026-07-05T10:21:11,334.97,0.816,F,2071.24,-7586.25,47.52075195,-122.25640869,E,,
4527836,2026-07-05T10:21:12,333.08,0.84,F,2070.84,-7585.45,47.52075958,-122.25641632,E,,
4528905,2026-07-05T10:21:13,331.91,0.849,F,2070.43,-7584.66,47.52076721,-122.25641632,E,,
4529992,2026-07-05T10:21:14,330.62,0.871,F,2069.97,-7583.85,47.52077484,-122.25642395,E,,
4531063,2026-07-05T10:21:15,325.61,0.859,F,2069.49,-7583.06,47.52078247,-122.25643158,E,,
4532129,2026-07-05T10:21:17,321.1,0.882,F,2068.94,-7582.3,47.5207901,-122.25643921,E,,
4533217,2026-07-05T10:21:18,318.86,0.892,F,2068.32,-7581.56,47.52079391,-122.25644684,E,,
4534287,2026-07-05T10:21:19,317.16,0.905,F,2067.66,-7580.85,47.52080154,-122.25645447,E,,
4535348,2026-07-05T10:21:20,316.97,0.916,F,2067,-7580.14,47.52080917,-122.2564621,E,,
4536417,2026-07-05T10:21:21,315.83,0.922,F,2066.31,-7579.45,47.52081299,-122.25647736,E,,
4537489,2026-07-05T10:21:22,315.15,0.925,F,2065.6,-7578.74,47.52082062,-122.25648499,E,,
4538560,2026-07-05T10:21:23,323.07,0.928,F,2064.95,-7578.01,47.52082825,-122.25649261,E,,
4539640,2026-07-05T10:21:24,333.17,0.918,F,2064.44,-7577.15,47.52083588,-122.25650024,E,,
4540719,2026-07-05T10:21:25,336.42,0.844,F,2064.03,-7576.3,47.52084351,-122.25650787,E,,
4541788,2026-07-05T10:21:26,328.42,0.706,F,2063.64,-7575.56,47.52085114,-122.25650787,E,,
4542867,2026-07-05T10:21:27,325.57,0.504,F,2063.3,-7575.01,47.52085495,-122.2565155,E,,
4543946,2026-07-05T10:21:28,324.56,0.375,F,2063.03,-7574.65,47.52085876,-122.2565155,E,,
4545035,2026-07-05T10:21:29,324.71,0.441,F,2062.77,-7574.28,47.52086258,-122.25652313,E,,
4546098,2026-07-05T10:21:31,324.29,0.471,F,2062.49,-7573.88,47.52086639,-122.25652313,E,,
4547178,2026-07-05T10:21:32,322.51,0.508,F,2062.18,-7573.46,47.52086639,-122.25653076,E,,
4548251,2026-07-05T10:21:33,326.65,0.516,F,2061.86,-7573.01,47.52087402,-122.25653076,E,,
4549312,2026-07-05T10:21:34,326.93,0.534,F,2061.55,-7572.54,47.52087784,-122.25653839,E,,
4550407,2026-07-05T10:21:35,327.45,0.552,F,2061.23,-7572.05,47.52088165,-122.25654602,E,,
4551450,2026-07-05T10:21:36,328.2,0.573,F,2060.93,-7571.56,47.52088547,-122.25654602,E,,
4552520,2026-07-05T10:21:37,325.76,0.601,F,2060.57,-7571.04,47.52088928,-122.25655365,E,,
4553593,2026-07-05T10:21:38,325.92,0.622,F,2060.2,-7570.51,47.5208931,-122.25655365,E,,
4554675,2026-07-05T10:21:39,325.42,0.624,F,2059.83,-7569.95,47.52090073,-122.25656128,E,,
4555754,2026-07-05T10:21:40,326.63,0.657,F,2059.45,-7569.38,47.52090454,-122.25656891,E,,
4556809,2026-07-05T10:21:41,325.46,0.683,F,2059.05,-7568.8,47.52090836,-122.25656891,E,,
4557879,2026-07-05T10:21:42,324.88,0.699,F,2058.63,-7568.18,47.52091599,-122.25657654,E,,
4558957,2026-07-05T10:21:43,322.98,0.718,F,2058.18,-7567.55,47.5209198,-122.25658417,E,,
4560035,2026-07-05T10:21:44,321.59,0.721,F,2057.7,-7566.93,47.52092743,-122.2565918,E,,
4561104,2026-07-05T10:21:46,320.48,0.714,F,2057.21,-7566.33,47.52093124,-122.25659943,E,,
4562170,2026-07-05T10:21:47,318.72,0.711,F,2056.71,-7565.76,47.52093887,-122.25659943,E,,
4563240,2026-07-05T10:21:48,318.34,0.707,F,2056.21,-7565.19,47.52094269,-122.25660706,E,,
4564320,2026-07-05T10:21:49,315.26,0.713,F,2055.68,-7564.63,47.5209465,-122.25661469,E,,
4565391,2026-07-05T10:21:50,313.6,0.721,F,2055.15,-7564.09,47.52095413,-122.25662231,E,,
4566453,2026-07-05T10:21:51,338.66,0.699,F,2054.74,-7563.48,47.52095795,-122.25662994,E,,
4567523,2026-07-05T10:21:52,330.57,0.654,F,2054.46,-7562.79,47.52096558,-122.25662994,E,,
4568585,2026-07-05T10:21:53,342.37,0.591,F,2054.23,-7562.17,47.52096939,-122.25663757,E,,
4569656,2026-07-05T10:21:54,339.57,0.443,F,2054.07,-7561.64,47.52097321,-122.25663757,E,,
4570735,2026-07-05T10:21:55,333.33,0.46,F,2053.86,-7561.21,47.52097702,-122.25663757,E,,
4571815,2026-07-05T10:21:56,331.71,0.491,F,2053.62,-7560.75,47.52098083,-122.2566452,E,,
4572866,2026-07-05T10:21:57,334.49,0.517,F,2053.39,-7560.28,47.52098846,-122.2566452,E,,
4573945,2026-07-05T10:21:58,335.05,0.542,F,2053.15,-7559.76,47.52099228,-122.25665283,E,,
4575024,2026-07-05T10:21:59,336.14,0.579,F,2052.91,-7559.2,47.52099609,-122.25665283,E,,
4576094,2026-07-05T10:22:01,332.78,0.596,F,2052.63,-7558.63,47.52099991,-122.25666046,E,,
4577172,2026-07-05T10:22:02,328.03,0.605,F,2052.31,-7558.06,47.52100754,-122.25666046,E,,
4578251,2026-07-05T10:22:03,325,0.623,F,2051.94,-7557.52,47.52101135,-122.25666809,E,,
4579313,2026-07-05T10:22:04,323.67,0.658,F,2051.54,-7556.95,47.52101517,-122.25666809,E,,
4580352,2026-07-05T10:22:05,325.16,0.687,F,2051.14,-7556.38,47.5210228,-122.25667572,E,,
4581405,2026-07-05T10:22:06,328.07,0.706,F,2050.73,-7555.77,47.52102661,-122.25668335,E,,
4582476,2026-07-05T10:22:07,328.17,0.734,F,2050.33,-7555.1,47.52103424,-122.25669098,E,,
4583547,2026-07-05T10:22:08,332.22,0.764,F,2049.93,-7554.4,47.52103806,-122.25669098,E,,
4584610,2026-07-05T10:22:09,332.6,0.798,F,2049.54,-7553.67,47.52104568,-122.25669861,E,,
4585673,2026-07-05T10:22:10,332.6,0.812,F,2049.15,-7552.91,47.52105331,-122.25670624,E,,
4586752,2026-07-05T10:22:11,334.57,0.818,F,2048.77,-7552.13,47.52106094,-122.25670624,E,,
4587822,2026-07-05T10:22:12,334.31,0.834,F,2048.38,-7551.34,47.52106857,-122.25671387,E,,
4588882,2026-07-05T10:22:13,335.67,0.826,F,2048.01,-7550.54,47.52107239,-122.2567215,E,,
4589961,2026-07-05T10:22:14,336.92,0.827,F,2047.65,-7549.72,47.52108002,-122.2567215,E,,
4591022,2026-07-05T10:22:15,337.29,0.84,F,2047.3,-7548.9,47.52108765,-122.25672913,E,,
4592097,2026-07-05T10:22:17,342.23,0.857,F,2046.98,-7548.04,47.52109528,-122.25672913,E,,
4593184,2026-07-05T10:22:18,343.68,0.856,F,2046.72,-7547.14,47.52110291,-122.25673676,E,,
4594254,2026-07-05T10:22:19,340.05,0.86,F,2046.44,-7546.26,47.52111435,-122.25673676,E,,
4595316,2026-07-05T10:22:20,341,0.844,F,2046.14,-7545.41,47.52112198,-122.25674438,E,,
4596382,2026-07-05T10:22:21,344.32,0.831,F,2045.88,-7544.55,47.52112961,-122.25674438,E,,
4597445,2026-07-05T10:22:22,347.8,0.824,F,2045.68,-7543.7,47.52113724,-122.25675201,E,,
4598507,2026-07-05T10:22:23,347.23,0.819,F,2045.49,-7542.86,47.52114487,-122.25675201,E,,
4599570,2026-07-05T10:22:24,339.18,0.807,F,2045.25,-7542.03,47.5211525,-122.25675201,E,,
4600632,2026-07-05T10:22:25,334.43,0.818,F,2044.91,-7541.25,47.52115631,-122.25675964,E,,
4601702,2026-07-05T10:22:26,330.71,0.806,F,2044.49,-7540.5,47.52116394,-122.25676727,E,,
4602782,2026-07-05T10:22:27,330.67,0.812,F,2044.07,-7539.73,47.52117157,-122.2567749,E,,
4603854,2026-07-05T10:22:28,331.6,0.809,F,2043.65,-7538.97,47.5211792,-122.2567749,E,,
4604924,2026-07-05T10:22:29,331.19,0.816,F,2043.22,-7538.21,47.52118683,-122.25678253,E,,
4605994,2026-07-05T10:22:30,333.09,0.83,F,2042.79,-7537.43,47.52119064,-122.25679016,E,,
4607072,2026-07-05T10:22:31,337.65,0.838,F,2042.41,-7536.6,47.52119827,-122.25679016,E,,
4608142,2026-07-05T10:22:33,343.73,0.825,F,2042.13,-7535.76,47.5212059,-122.25679779,E,,
4609214,2026-07-05T10:22:34,345.32,0.807,F,2041.9,-7534.92,47.52121353,-122.25679779,E,,
4610274,2026-07-05T10:22:35,342.92,0.797,F,2041.67,-7534.09,47.52122116,-122.25680542,E,,
4611379,2026-07-05T10:22:36,337.65,0.801,F,2041.38,-7533.26,47.52122879,-122.25680542,E,,
4612450,2026-07-05T10:22:37,331.84,0.802,F,2041.01,-7532.49,47.52123642,-122.25681305,E,,
4613530,2026-07-05T10:22:38,328.23,0.819,F,2040.56,-7531.73,47.52124405,-122.25682068,E,,
4614610,2026-07-05T10:22:39,326.11,0.821,F,2040.08,-7530.99,47.52124786,-122.25682068,E,,
4615673,2026-07-05T10:22:40,324.89,0.826,F,2039.59,-7530.27,47.52125549,-122.25682831,E,,
4616752,2026-07-05T10:22:41,323.4,0.837,F,2039.06,-7529.53,47.52126312,-122.25683594,E,,
4617813,2026-07-05T10:22:42,324.24,0.829,F,2038.55,-7528.81,47.52127075,-122.25684357,E,,
4618893,2026-07-05T10:22:43,322.69,0.839,F,2038.01,-7528.08,47.52127457,-122.2568512,E,,
4619963,2026-07-05T10:22:44,326.32,0.848,F,2037.48,-7527.35,47.5212822,-122.25685883,E,,
4621032,2026-07-05T10:22:45,327.91,0.856,F,2036.99,-7526.59,47.52128983,-122.25686646,E,,
4622106,2026-07-05T10:22:47,325.83,0.859,F,2036.49,-7525.81,47.52129745,-122.25687408,E,,
4623185,2026-07-05T10:22:48,320.52,0.84,F,2035.95,-7525.07,47.52130127,-122.25688171,E,,
4624256,2026-07-05T10:22:49,320.94,0.848,F,2035.37,-7524.39,47.5213089,-122.25688934,E,,
4625335,2026-07-05T10:22:50,318.23,0.833,F,2034.78,-7523.7,47.52131653,-122.25689697,E,,
4626426,2026-07-05T10:22:51,313.5,0.807,F,2034.15,-7523.05,47.52132034,-122.2569046,E,,
4627478,2026-07-05T10:22:52,310.84,0.809,F,2033.52,-7522.49,47.52132797,-122.25691223,E,,
4628540,2026-07-05T10:22:53,307.67,0.818,F,2032.85,-7521.94,47.52133179,-122.25691986,E,,
4629611,2026-07-05T10:22:54,304.64,0.824,F,2032.14,-7521.42,47.5213356,-122.25692749,E,,
4630683,2026-07-05T10:22:55,303.22,0.837,F,2031.4,-7520.92,47.52133942,-122.25694275,E,,
4631762,2026-07-05T10:22:56,305.74,0.835,F,2030.65,-7520.42,47.52134323,-122.25695038,E,,
4632832,2026-07-05T10:22:57,305.9,0.845,F,2029.92,-7519.9,47.52135086,-122.25695801,E,,
4633894,2026-07-05T10:22:58,316.25,0.833,F,2029.23,-7519.33,47.52135468,-122.25696564,E,,
4634983,2026-07-05T10:22:59,351.55,0.822,F,2028.86,-7518.54,47.5213623,-122.25697327,E,,
4636053,2026-07-05T10:23:00,344.26,0.749,F,2028.73,-7517.69,47.52136993,-122.25697327,E,,
4637124,2026-07-05T10:23:02,326.1,0.563,F,2028.46,-7517.04,47.52137375,-122.2569809,E,,
4638205,2026-07-05T10:23:03,329.95,0.487,F,2028.17,-7516.57,47.52137756,-122.2569809,E,,
4639285,2026-07-05T10:23:04,333.42,0.469,F,2027.91,-7516.11,47.52138519,-122.25698853,E,,
4640374,2026-07-05T10:23:05,333.42,0.464,F,2027.69,-7515.63,47.52138901,-122.25698853,E,,
4641429,2026-07-05T10:23:06,330.4,0.47,F,2027.46,-7515.22,47.52139282,-122.25699615,E,,
4642501,2026-07-05T10:23:07,325.97,0.49,F,2027.18,-7514.79,47.52139664,-122.25699615,E,,
4643556,2026-07-05T10:23:08,326.74,0.505,F,2026.89,-7514.35,47.52140045,-122.25699615,E,,
4644637,2026-07-05T10:23:09,330.8,0.554,F,2026.59,-7513.87,47.52140427,-122.25700378,E,,
4645708,2026-07-05T10:23:10,334.87,0.599,F,2026.3,-7513.32,47.52140808,-122.25701141,E,,
4646779,2026-07-05T10:23:11,340.49,0.639,F,2026.05,-7512.71,47.52141571,-122.25701141,E,,
4647851,2026-07-05T10:23:12,342.22,0.688,F,2025.82,-7512.04,47.52141953,-122.25701141,E,,
4648907,2026-07-05T10:23:13,343.15,0.715,F,2025.6,-7511.33,47.52142715,-122.25701904,E,,
4649978,2026-07-05T10:23:14,341.33,0.751,F,2025.35,-7510.59,47.52143478,-122.25701904,E,,
4651058,2026-07-05T10:23:15,339.11,0.764,F,2025.06,-7509.82,47.5214386,-122.25702667,E,,
4652119,2026-07-05T10:23:17,333.86,0.738,F,2024.74,-7509.09,47.52144623,-122.25702667,E,,
4653190,2026-07-05T10:23:18,332.74,0.719,F,2024.39,-7508.4,47.52145386,-122.2570343,E,,
4654280,2026-07-05T10:23:19,331.42,0.742,F,2024.02,-7507.71,47.52145767,-122.25704193,E,,
4655362,2026-07-05T10:23:20,330.98,0.759,F,2023.63,-7507,47.5214653,-122.25704193,E,,
4656444,2026-07-05T10:23:21,329.49,0.769,F,2023.22,-7506.29,47.52147293,-122.25704956,E,,
4657509,2026-07-05T10:23:22,330.05,0.8,F,2022.81,-7505.56,47.52147675,-122.25705719,E,,
4658563,2026-07-05T10:23:23,330.9,0.815,F,2022.38,-7504.83,47.52148438,-122.25705719,E,,
4659645,2026-07-05T10:23:24,331.55,0.828,F,2021.95,-7504.04,47.521492,-122.25706482,E,,
4660715,2026-07-05T10:23:25,332.23,0.841,F,2021.53,-7503.25,47.52149963,-122.25707245,E,,
4661777,2026-07-05T10:23:26,333.37,0.842,F,2021.13,-7502.46,47.52150726,-122.25708008,E,,
4662841,2026-07-05T10:23:27,333.21,0.842,F,2020.73,-7501.68,47.52151489,-122.25708008,E,,
4663912,2026-07-05T10:23:28,333.04,0.84,F,2020.32,-7500.88,47.52151871,-122.25708771,E,,
4664993,2026-07-05T10:23:29,335.63,0.826,F,2019.91,-7500.09,47.52152634,-122.25709534,E,,
4666072,2026-07-05T10:23:30,332.3,0.806,F,2019.55,-7499.28,47.52153397,-122.25709534,E,,
4667143,2026-07-05T10:23:32,334.81,0.795,F,2019.18,-7498.5,47.5215416,-122.25710297,E,,
4668215,2026-07-05T10:23:33,333.11,0.765,F,2018.81,-7497.74,47.52154922,-122.2571106,E,,
4669277,2026-07-05T10:23:34,334.48,0.768,F,2018.46,-7497.01,47.52155685,-122.2571106,E,,
4670349,2026-07-05T10:23:35,336.93,0.758,F,2018.13,-7496.27,47.52156067,-122.25711823,E,,
4671396,2026-07-05T10:23:36,336.78,0.736,F,2017.83,-7495.56,47.5215683,-122.25711823,E,,
4672433,2026-07-05T10:23:37,334.04,0.733,F,2017.51,-7494.86,47.52157593,-122.25712585,E,,
4673515,2026-07-05T10:23:38,331.94,0.732,F,2017.15,-7494.17,47.52157974,-122.25712585,E,,
4674579,2026-07-05T10:23:39,331.02,0.713,F,2016.78,-7493.49,47.52158737,-122.25713348,E,,
4675660,2026-07-05T10:23:40,329.26,0.708,F,2016.4,-7492.83,47.52159119,-122.25714111,E,,
4676723,2026-07-05T10:23:41,327.99,0.728,F,2015.99,-7492.19,47.52159882,-122.25714874,E,,
4677776,2026-07-05T10:23:42,329.2,0.755,F,2015.58,-7491.52,47.52160263,-122.25714874,E,,
4678847,2026-07-05T10:23:43,329.74,0.781,F,2015.17,-7490.82,47.52161026,-122.25715637,E,,
4679911,2026-07-05T10:23:44,330.29,0.789,F,2014.74,-7490.1,47.52161789,-122.257164,E,,
4680994,2026-07-05T10:23:45,331.43,0.81,F,2014.32,-7489.35,47.52162552,-122.257164,E,,
4682069,2026-07-05T10:23:46,336.71,0.817,F,2013.94,-7488.56,47.52162933,-122.25717163,E,,
4683139,2026-07-05T10:23:48,339.54,0.812,F,2013.61,-7487.75,47.52163696,-122.25717926,E,,
4684219,2026-07-05T10:23:49,339.09,0.777,F,2013.31,-7486.95,47.52164459,-122.25717926,E,,
4685298,2026-07-05T10:23:50,341.1,0.744,F,2013.03,-7486.19,47.52165222,-122.25718689,E,,
4686336,2026-07-05T10:23:51,342.06,0.729,F,2012.78,-7485.48,47.52165985,-122.25718689,E,,
4687398,2026-07-05T10:23:52,341.76,0.732,F,2012.53,-7484.75,47.52166367,-122.25719452,E,,
4688469,2026-07-05T10:23:53,340.27,0.733,F,2012.28,-7484.01,47.5216713,-122.25719452,E,,
4689551,2026-07-05T10:23:54,334.3,0.73,F,2011.97,-7483.27,47.52167892,-122.25720215,E,,
4690641,2026-07-05T10:23:55,331.19,0.749,F,2011.6,-7482.57,47.52168655,-122.25720215,E,,
4691721,2026-07-05T10:23:56,327.19,0.755,F,2011.18,-7481.88,47.52169037,-122.25720978,E,,
4692791,2026-07-05T10:23:57,325.79,0.77,F,2010.73,-7481.21,47.521698,-122.25721741,E,,
4693844,2026-07-05T10:23:58,329.62,0.806,F,2010.3,-7480.51,47.52170181,-122.25721741,E,,
4694908,2026-07-05T10:23:59,329.74,0.847,F,2009.85,-7479.76,47.52170944,-122.25722504,E,,
4695972,2026-07-05T10:24:00,327.42,0.876,F,2009.38,-7478.97,47.52171707,-122.25723267,E,,
4697051,2026-07-05T10:24:01,325.94,0.891,F,2008.85,-7478.18,47.5217247,-122.2572403,E,,
4698122,2026-07-05T10:24:03,330.02,0.893,F,2008.34,-7477.38,47.52173233,-122.25724792,E,,
4699192,2026-07-05T10:24:04,333.47,0.896,F,2007.89,-7476.54,47.52173996,-122.25725555,E,,
4700271,2026-07-05T10:24:05,334.11,0.876,F,2007.47,-7475.69,47.52174759,-122.25725555,E,,
4701331,2026-07-05T10:24:06,330.8,0.865,F,2007.04,-7474.87,47.52175522,-122.25726318,E,,
4702402,2026-07-05T10:24:07,328.33,0.877,F,2006.56,-7474.08,47.52176285,-122.25727081,E,,
4703507,2026-07-05T10:24:08,327.3,0.875,F,2006.04,-7473.27,47.52176666,-122.25727844,E,,
4704588,2026-07-05T10:24:09,327.58,0.88,F,2005.53,-7472.47,47.52177429,-122.25728607,E,,
4705668,2026-07-05T10:24:10,325.61,0.875,F,2005,-7471.68,47.52178192,-122.2572937,E,,
4706747,2026-07-05T10:24:11,326.53,0.871,F,2004.48,-7470.89,47.52178955,-122.25730133,E,,
4707818,2026-07-05T10:24:12,326.31,0.87,F,2003.97,-7470.11,47.52179718,-122.25730896,E,,
4708889,2026-07-05T10:24:13,330.07,0.86,F,2003.47,-7469.33,47.52180481,-122.25730896,E,,
4709968,2026-07-05T10:24:14,329.25,0.839,F,2003,-7468.54,47.52181244,-122.25731659,E,,
4711047,2026-07-05T10:24:15,333.09,0.795,F,2002.58,-7467.75,47.52181625,-122.25732422,E,,
4712122,2026-07-05T10:24:17,330.25,0.745,F,2002.18,-7467.03,47.52182388,-122.25733185,E,,
4713185,2026-07-05T10:24:18,330.79,0.733,F,2001.8,-7466.34,47.52183151,-122.25733185,E,,
4714273,2026-07-05T10:24:19,334.64,0.73,F,2001.43,-7465.64,47.52183533,-122.25733948,E,,
4715343,2026-07-05T10:24:20,335.69,0.71,F,2001.11,-7464.94,47.52184296,-122.25733948,E,,
4716414,2026-07-05T10:24:21,334.73,0.737,F,2000.79,-7464.24,47.52185059,-122.25734711,E,,
4717469,2026-07-05T10:24:22,332.98,0.76,F,2000.44,-7463.52,47.5218544,-122.25735474,E,,
4718522,2026-07-05T10:24:23,333.01,0.766,F,2000.08,-7462.8,47.52186203,-122.25735474,E,,
4719595,2026-07-05T10:24:24,330.72,0.737,F,1999.71,-7462.09,47.52186966,-122.25736237,E,,
4720666,2026-07-05T10:24:25,327.61,0.74,F,1999.32,-7461.41,47.52187347,-122.25737,E,,
4721762,2026-07-05T10:24:26,327.45,0.774,F,1998.87,-7460.72,47.5218811,-122.25737,E,,
4722832,2026-07-05T10:24:27,326.8,0.793,F,1998.41,-7460.02,47.52188873,-122.25737762,E,,
4723911,2026-07-05T10:24:28,327.13,0.824,F,1997.93,-7459.29,47.52189255,-122.25738525,E,,
4724990,2026-07-05T10:24:29,326.22,0.846,F,1997.44,-7458.55,47.52190018,-122.25739288,E,,
4726052,2026-07-05T10:24:30,326.6,0.865,F,1996.94,-7457.79,47.52190781,-122.25740051,E,,
4727122,2026-07-05T10:24:32,327.48,0.866,F,1996.44,-7457,47.52191544,-122.25740814,E,,
4728182,2026-07-05T10:24:33,328.27,0.878,F,1995.95,-7456.22,47.52192307,-122.25741577,E,,
4729261,2026-07-05T10:24:34,327.21,0.892,F,1995.45,-7455.4,47.52193069,-122.25741577,E,,
4730331,2026-07-05T10:24:35,328.16,0.906,F,1994.93,-7454.59,47.52193451,-122.2574234,E,,
4731385,2026-07-05T10:24:36,328.78,0.898,F,1994.44,-7453.77,47.52194214,-122.25743103,E,,
4732447,2026-07-05T10:24:37,332.81,0.89,F,1993.96,-7452.94,47.52194977,-122.25743866,E,,
4733497,2026-07-05T10:24:38,329.7,0.868,F,1993.49,-7452.15,47.5219574,-122.25744629,E,,
4734550,2026-07-05T10:24:39,327.36,0.863,F,1993.03,-7451.38,47.52196503,-122.25745392,E,,
4735629,2026-07-05T10:24:40,328.26,0.852,F,1992.54,-7450.59,47.52197266,-122.25745392,E,,
4736708,2026-07-05T10:24:41,326.57,0.853,F,1992.03,-7449.8,47.52198029,-122.25746155,E,,
4737780,2026-07-05T10:24:42,325.16,0.867,F,1991.52,-7449.02,47.52198792,-122.25746918,E,,
4738861,2026-07-05T10:24:43,324.33,0.875,F,1990.98,-7448.25,47.52199173,-122.25747681,E,,
4739923,2026-07-05T10:24:44,325.44,0.886,F,1990.44,-7447.48,47.52199936,-122.25748444,E,,
4740997,2026-07-05T10:24:45,325.44,0.889,F,1989.9,-7446.69,47.52200699,-122.25749207,E,,
4742066,2026-07-05T10:24:46,325.46,0.895,F,1989.37,-7445.91,47.52201462,-122.25749969,E,,
4743147,2026-07-05T10:24:48,328.66,0.905,F,1988.84,-7445.09,47.52202225,-122.25750732,E,,
4744218,2026-07-05T10:24:49,330.45,0.914,F,1988.34,-7444.25,47.52202988,-122.25751495,E,,
4745297,2026-07-05T10:24:50,333,0.92,F,1987.88,-7443.39,47.52203751,-122.25752258,E,,
4746376,2026-07-05T10:24:51,338.11,0.924,F,1987.45,-7442.5,47.52204514,-122.25752258,E,,
4747448,2026-07-05T10:24:52,338.96,0.906,F,1987.07,-7441.59,47.52205276,-122.25753021,E,,
4748519,2026-07-05T10:24:53,341.12,0.882,F,1986.74,-7440.69,47.52206039,-122.25753784,E,,
4749608,2026-07-05T10:24:54,341.48,0.852,F,1986.44,-7439.79,47.52206802,-122.25753784,E,,
4750660,2026-07-05T10:24:55,335.85,0.829,F,1986.13,-7438.95,47.52207565,-122.25754547,E,,
4751739,2026-07-05T10:24:56,330.21,0.831,F,1985.73,-7438.16,47.52208328,-122.25754547,E,,
4752802,2026-07-05T10:24:57,327.52,0.844,F,1985.27,-7437.39,47.52209091,-122.2575531,E,,
4753872,2026-07-05T10:24:58,322.87,0.851,F,1984.74,-7436.65,47.52209854,-122.25756073,E,,
4754971,2026-07-05T10:24:59,323.5,0.87,F,1984.18,-7435.9,47.52210236,-122.25756836,E,,
4756041,2026-07-05T10:25:00,324.34,0.881,F,1983.63,-7435.15,47.52210999,-122.25757599,E,,
4757102,2026-07-05T10:25:02,329.29,0.9,F,1983.1,-7434.36,47.52211761,-122.25758362,E,,
4758174,2026-07-05T10:25:03,332.04,0.907,F,1982.61,-7433.52,47.52212524,-122.25759125,E,,
4759244,2026-07-05T10:25:04,330.62,0.915,F,1982.16,-7432.65,47.52213287,-122.25759888,E,,
4760324,2026-07-05T10:25:05,330.97,0.918,F,1981.67,-7431.79,47.5221405,-122.25759888,E,,
4761385,2026-07-05T10:25:06,328.88,0.925,F,1981.18,-7430.95,47.52214813,-122.25760651,E,,
4762448,2026-07-05T10:25:07,327.29,0.929,F,1980.65,-7430.11,47.52215576,-122.25761414,E,,
4763481,2026-07-05T10:25:08,326.96,0.941,F,1980.14,-7429.3,47.52216339,-122.25762177,E,,
4764552,2026-07-05T10:25:09,328.2,0.938,F,1979.6,-7428.46,47.52217102,-122.25762939,E,,
4765607,2026-07-05T10:25:10,328.6,0.941,F,1979.07,-7427.63,47.52217865,-122.25763702,E,,
4766677,2026-07-05T10:25:11,328.47,0.95,F,1978.54,-7426.77,47.52218628,-122.25764465,E,,
4767756,2026-07-05T10:25:12,327.22,0.943,F,1977.98,-7425.92,47.52219391,-122.25765228,E,,
4768826,2026-07-05T10:25:13,326.52,0.951,F,1977.43,-7425.08,47.52220154,-122.25765991,E,,
4769912,2026-07-05T10:25:14,327.07,0.942,F,1976.87,-7424.23,47.52220917,-122.25766754,E,,
4770990,2026-07-05T10:25:15,325.82,0.926,F,1976.3,-7423.39,47.5222168,-122.25767517,E,,
4772065,2026-07-05T10:25:16,326.51,0.916,F,1975.74,-7422.55,47.52222443,-122.2576828,E,,
4773145,2026-07-05T10:25:18,324.36,0.877,F,1975.19,-7421.75,47.52223206,-122.25769043,E,,
4774215,2026-07-05T10:25:19,323.92,0.864,F,1974.65,-7420.99,47.52223969,-122.25769806,E,,
4775294,2026-07-05T10:25:20,323.29,0.864,F,1974.1,-7420.25,47.5222435,-122.25770569,E,,
4776341,2026-07-05T10:25:21,322.96,0.841,F,1973.56,-7419.54,47.52225113,-122.25771332,E,,
4777411,2026-07-05T10:25:22,325.27,0.829,F,1973.03,-7418.81,47.52225876,-122.25772095,E,,
4778482,2026-07-05T10:25:23,331,0.809,F,1972.6,-7418.04,47.52226257,-122.25772095,E,,
4779545,2026-07-05T10:25:24,330.41,0.74,F,1972.18,-7417.35,47.5222702,-122.25772858,E,,
4780616,2026-07-05T10:25:25,328.52,0.709,F,1971.79,-7416.68,47.52227783,-122.25773621,E,,
4781688,2026-07-05T10:25:26,325.01,0.707,F,1971.38,-7416.05,47.52228165,-122.25773621,E,,
4782767,2026-07-05T10:25:27,323.85,0.723,F,1970.93,-7415.42,47.52228928,-122.25774384,E,,
4783846,2026-07-05T10:25:28,324.23,0.716,F,1970.48,-7414.79,47.52229309,-122.25775146,E,,
4784916,2026-07-05T10:25:29,323.06,0.712,F,1970.03,-7414.16,47.52230072,-122.25775909,E,,
4785994,2026-07-05T10:25:30,324.49,0.728,F,1969.57,-7413.53,47.52230453,-122.25776672,E,,
4787072,2026-07-05T10:25:31,323.11,0.728,F,1969.11,-7412.9,47.52231216,-122.25776672,E,,
4788133,2026-07-05T10:25:33,322.64,0.732,F,1968.65,-7412.28,47.52231598,-122.25777435,E,,
4789204,2026-07-05T10:25:34,322.53,0.763,F,1968.16,-7411.65,47.52232361,-122.25778198,E,,
4790265,2026-07-05T10:25:35,324.5,0.788,F,1967.68,-7411,47.52232742,-122.25778961,E,,
4791345,2026-07-05T10:25:36,324.44,0.792,F,1967.18,-7410.31,47.52233505,-122.25779724,E,,
4792415,2026-07-05T10:25:37,325.2,0.816,F,1966.68,-7409.61,47.52233887,-122.25780487,E,,
4793494,2026-07-05T10:25:38,325.81,0.83,F,1966.18,-7408.88,47.5223465,-122.25780487,E,,
4794589,2026-07-05T10:25:39,329.1,0.846,F,1965.69,-7408.1,47.52235413,-122.2578125,E,,
4795669,2026-07-05T10:25:40,335.3,0.861,F,1965.26,-7407.28,47.52236176,-122.25782013,E,,
4796757,2026-07-05T10:25:41,337.84,0.859,F,1964.89,-7406.43,47.52236938,-122.25782776,E,,
4797818,2026-07-05T10:25:42,334.18,0.836,F,1964.53,-7405.61,47.52237701,-122.25782776,E,,
4798879,2026-07-05T10:25:43,331.48,0.83,F,1964.13,-7404.83,47.52238464,-122.25783539,E,,
4799958,2026-07-05T10:25:44,331.39,0.821,F,1963.7,-7404.05,47.52238846,-122.25784302,E,,
4801032,2026-07-05T10:25:45,331.01,0.815,F,1963.28,-7403.27,47.52239609,-122.25785065,E,,
4802108,2026-07-05T10:25:47,332.22,0.801,F,1962.88,-7402.51,47.52240372,-122.25785065,E,,
4803179,2026-07-05T10:25:48,332.58,0.792,F,1962.49,-7401.76,47.52241135,-122.25785828,E,,
4804258,2026-07-05T10:25:49,332.7,0.783,F,1962.1,-7401.01,47.52241898,-122.25786591,E,,
4805329,2026-07-05T10:25:50,329.89,0.767,F,1961.7,-7400.28,47.52242279,-122.25786591,E,,
4806400,2026-07-05T10:25:51,326.59,0.756,F,1961.27,-7399.59,47.52243042,-122.25787354,E,,
4807471,2026-07-05T10:25:52,329.35,0.77,F,1960.84,-7398.9,47.52243805,-122.25788116,E,,
4808533,2026-07-05T10:25:53,329.84,0.751,F,1960.44,-7398.2,47.52244186,-122.25788879,E,,
4809597,2026-07-05T10:25:54,329.41,0.737,F,1960.03,-7397.52,47.52244949,-122.25788879,E,,
4810667,2026-07-05T10:25:55,328.94,0.736,F,1959.62,-7396.85,47.52245331,-122.25789642,E,,
4811746,2026-07-05T10:25:56,330.39,0.595,F,1959.24,-7396.21,47.52246094,-122.25790405,E,,
4812825,2026-07-05T10:25:57,326.71,0.416,F,1958.96,-7395.75,47.52246475,-122.25790405,E,,
4813895,2026-07-05T10:25:58,316.53,0.291,F,1958.73,-7395.46,47.52246857,-122.25790405,E,,
4814975,2026-07-05T10:25:59,314.61,0.215,F,1958.54,-7395.27,47.52246857,-122.25791168,E,,
4816064,2026-07-05T10:26:00,318.93,0.212,F,1958.39,-7395.11,47.52246857,-122.25791168,E,,
4817144,2026-07-05T10:26:02,308.07,0.199,F,1958.23,-7394.97,47.52247238,-122.25791168,E,,
4818195,2026-07-05T10:26:03,313.12,0.318,F,1958.03,-7394.77,47.52247238,-122.25791931,E,,
4819273,2026-07-05T10:26:04,322.47,0.364,F,1957.78,-7394.5,47.5224762,-122.25791931,E,,
4820345,2026-07-05T10:26:05,325.99,0.417,F,1957.54,-7394.17,47.52248001,-122.25792694,E,,
4821415,2026-07-05T10:26:06,326.13,0.432,F,1957.28,-7393.8,47.52248383,-122.25792694,E,,
4822472,2026-07-05T10:26:07,327.65,0.454,F,1957.02,-7393.4,47.52248764,-122.25792694,E,,
4823543,2026-07-05T10:26:08,328.54,0.477,F,1956.76,-7392.98,47.52249146,-122.25793457,E,,
4824571,2026-07-05T10:26:09,331.4,0.499,F,1956.5,-7392.53,47.52249527,-122.25793457,E,,
4825644,2026-07-05T10:26:10,332.21,0.53,F,1956.24,-7392.05,47.52249908,-122.2579422,E,,
4826714,2026-07-05T10:26:11,335.63,0.554,F,1955.99,-7391.54,47.5225029,-122.2579422,E,,
4827784,2026-07-05T10:26:12,338,0.569,F,1955.75,-7390.99,47.52250671,-122.25794983,E,,
4828847,2026-07-05T10:26:13,341.64,0.591,F,1955.53,-7390.42,47.52251434,-122.25794983,E,,
4829899,2026-07-05T10:26:14,344.08,0.596,F,1955.35,-7389.81,47.52251816,-122.25794983,E,,
4830971,2026-07-05T10:26:15,348.06,0.618,F,1955.19,-7389.18,47.52252197,-122.25795746,E,,
4832049,2026-07-05T10:26:16,350.31,0.641,F,1955.07,-7388.51,47.5225296,-122.25795746,E,,
4833129,2026-07-05T10:26:18,355.45,0.677,F,1954.97,-7387.8,47.52253723,-122.25795746,E,,
4834216,2026-07-05T10:26:19,1.42,0.699,F,1954.95,-7387.05,47.52254105,-122.25795746,E,,
4835276,2026-07-05T10:26:20,7.31,0.711,F,1955.02,-7386.31,47.52254868,-122.25795746,E,,
4836339,2026-07-05T10:26:21,9.32,0.699,F,1955.13,-7385.58,47.5225563,-122.25795746,E,,
4837418,2026-07-05T10:26:22,7.12,0.678,F,1955.24,-7384.84,47.52256393,-122.25795746,E,,
4838497,2026-07-05T10:26:23,5.48,0.662,F,1955.31,-7384.11,47.52256775,-122.25794983,E,,
4839559,2026-07-05T10:26:24,357.75,0.634,F,1955.34,-7383.43,47.52257538,-122.25794983,E,,
4840631,2026-07-05T10:26:25,351.63,0.653,F,1955.29,-7382.74,47.52258301,-122.25794983,E,,
4841694,2026-07-05T10:26:26,343.37,0.587,F,1955.15,-7382.09,47.52258682,-122.25795746,E,,
4842774,2026-07-05T10:26:27,338.46,0.56,F,1954.95,-7381.51,47.52259445,-122.25795746,E,,
4843844,2026-07-05T10:26:28,335.06,0.573,F,1954.72,-7380.94,47.52259827,-122.25795746,E,,
4844923,2026-07-05T10:26:29,328.04,0.598,F,1954.41,-7380.38,47.52260208,-122.25796509,E,,
4846003,2026-07-05T10:26:30,322.24,0.628,F,1954.03,-7379.84,47.5226059,-122.25797272,E,,
4847082,2026-07-05T10:26:32,321.28,0.681,F,1953.59,-7379.31,47.52261353,-122.25797272,E,,
4848154,2026-07-05T10:26:33,321.21,0.729,F,1953.12,-7378.72,47.52261734,-122.25798035,E,,
4849241,2026-07-05T10:26:34,319.82,0.77,F,1952.6,-7378.1,47.52262497,-122.25798798,E,,
4850319,2026-07-05T10:26:35,320.59,0.789,F,1952.06,-7377.47,47.52262878,-122.25799561,E,,
4851390,2026-07-05T10:26:36,320.87,0.814,F,1951.51,-7376.81,47.52263641,-122.25800323,E,,
4852463,2026-07-05T10:26:37,321.94,0.83,F,1950.96,-7376.13,47.52264023,-122.25801086,E,,
4853527,2026-07-05T10:26:38,321.59,0.833,F,1950.41,-7375.45,47.52264786,-122.25801849,E,,
4854607,2026-07-05T10:26:39,321.6,0.841,F,1949.85,-7374.74,47.52265167,-122.25802612,E,,
4855685,2026-07-05T10:26:40,321.71,0.847,F,1949.28,-7374.01,47.5226593,-122.25803375,E,,
4856757,2026-07-05T10:26:41,322.18,0.852,F,1948.72,-7373.28,47.52266693,-122.25804138,E,,
4857836,2026-07-05T10:26:42,321.82,0.855,F,1948.15,-7372.55,47.52267456,-122.25804901,E,,
4858915,2026-07-05T10:26:43,318.2,0.846,F,1947.56,-7371.85,47.52267838,-122.25805664,E,,
4859985,2026-07-05T10:26:44,318.72,0.842,F,1946.97,-7371.16,47.522686,-122.25806427,E,,
4861053,2026-07-05T10:26:45,319.09,0.841,F,1946.38,-7370.49,47.52268982,-122.2580719,E,,
4862111,2026-07-05T10:26:47,318.1,0.841,F,1945.79,-7369.82,47.52269745,-122.25807953,E,,
4863190,2026-07-05T10:26:48,316.67,0.826,F,1945.18,-7369.14,47.52270508,-122.25808716,E,,
4864268,2026-07-05T10:26:49,312.91,0.816,F,1944.55,-7368.51,47.52270889,-122.25809479,E,,
4865337,2026-07-05T10:26:50,309.94,0.832,F,1943.89,-7367.94,47.52271271,-122.25810242,E,,
4866408,2026-07-05T10:26:51,308.21,0.844,F,1943.2,-7367.36,47.52272034,-122.25811768,E,,
4867489,2026-07-05T10:26:52,304.06,0.839,F,1942.47,-7366.81,47.52272415,-122.25812531,E,,
4868561,2026-07-05T10:26:53,303.68,0.837,F,1941.73,-7366.31,47.52272797,-122.25813293,E,,
4869632,2026-07-05T10:26:54,302.85,0.846,F,1940.98,-7365.8,47.5227356,-122.25814056,E,,
4870711,2026-07-05T10:26:55,307.35,0.851,F,1940.23,-7365.28,47.52273941,-122.25815582,E,,
4871790,2026-07-05T10:26:56,315.9,0.835,F,1939.55,-7364.68,47.52274323,-122.25816345,E,,
4872860,2026-07-05T10:26:57,319.71,0.805,F,1938.97,-7364.01,47.52275085,-122.25817108,E,,
4873948,2026-07-05T10:26:58,321.03,0.749,F,1938.41,-7363.38,47.52275467,-122.25817871,E,,
4875019,2026-07-05T10:26:59,322.97,0.725,F,1937.93,-7362.75,47.5227623,-122.25818634,E,,
4876080,2026-07-05T10:27:01,321.44,0.709,F,1937.46,-7362.14,47.52276611,-122.25819397,E,,
4877143,2026-07-05T10:27:02,317.99,0.687,F,1936.99,-7361.57,47.52276993,-122.25819397,E,,
4878214,2026-07-05T10:27:03,317.07,0.683,F,1936.48,-7361.04,47.52277756,-122.2582016,E,,
4879285,2026-07-05T10:27:04,317.46,0.718,F,1935.98,-7360.48,47.52278137,-122.25820923,E,,
4880364,2026-07-05T10:27:05,323.55,0.752,F,1935.49,-7359.86,47.52278519,-122.25821686,E,,
4881437,2026-07-05T10:27:06,315.69,0.725,F,1934.96,-7359.27,47.52279282,-122.25822449,E,,
4882508,2026-07-05T10:27:07,315.59,0.739,F,1934.41,-7358.7,47.52279663,-122.25823212,E,,
4883571,2026-07-05T10:27:08,315.63,0.768,F,1933.85,-7358.13,47.52280426,-122.25823975,E,,
4884647,2026-07-05T10:27:09,314.08,0.797,F,1933.25,-7357.54,47.52280807,-122.25824738,E,,
4885673,2026-07-05T10:27:10,314.47,0.81,F,1932.67,-7356.96,47.52281189,-122.258255,E,,
4886744,2026-07-05T10:27:11,314.27,0.818,F,1932.05,-7356.35,47.52281952,-122.25826263,E,,
4887815,2026-07-05T10:27:12,315.45,0.843,F,1931.41,-7355.72,47.52282333,-122.25827026,E,,
4888887,2026-07-05T10:27:13,315,0.851,F,1930.77,-7355.09,47.52283096,-122.25827789,E,,
4889966,2026-07-05T10:27:14,315.73,0.854,F,1930.13,-7354.42,47.52283478,-122.25828552,E,,
4891019,2026-07-05T10:27:15,316.55,0.855,F,1929.5,-7353.79,47.52284241,-122.25830078,E,,
4892078,2026-07-05T10:27:17,315.99,0.852,F,1928.87,-7353.15,47.52284622,-122.25830841,E,,
4893158,2026-07-05T10:27:18,316,0.865,F,1928.22,-7352.48,47.52285385,-122.25831604,E,,
4894249,2026-07-05T10:27:19,316.11,0.871,F,1927.57,-7351.8,47.52285767,-122.25832367,E,,
4895329,2026-07-05T10:27:20,317.22,0.868,F,1926.93,-7351.11,47.5228653,-122.2583313,E,,
4896395,2026-07-05T10:27:21,320.47,0.859,F,1926.33,-7350.4,47.52287292,-122.25833893,E,,
4897451,2026-07-05T10:27:22,319.63,0.867,F,1925.75,-7349.71,47.52287674,-122.25834656,E,,
4898524,2026-07-05T10:27:23,321.24,0.867,F,1925.17,-7348.98,47.52288437,-122.25835419,E,,
4899586,2026-07-05T10:27:24,323.85,0.869,F,1924.61,-7348.25,47.522892,-122.25836182,E,,
4900668,2026-07-05T10:27:25,327.99,0.887,F,1924.06,-7347.47,47.52289963,-122.25836945,E,,
4901749,2026-07-05T10:27:26,326.24,0.858,F,1923.56,-7346.67,47.52290726,-122.25837708,E,,
4902819,2026-07-05T10:27:27,324.4,0.801,F,1923.07,-7345.94,47.52291107,-122.2583847,E,,
4903890,2026-07-05T10:27:28,323.38,0.772,F,1922.58,-7345.26,47.5229187,-122.25839233,E,,
4904980,2026-07-05T10:27:29,321.95,0.768,F,1922.08,-7344.58,47.52292252,-122.25839233,E,,
4906051,2026-07-05T10:27:30,320.23,0.78,F,1921.57,-7343.95,47.52293015,-122.25839996,E,,
4907122,2026-07-05T10:27:32,320.26,0.787,F,1921.03,-7343.32,47.52293396,-122.25840759,E,,
4908178,2026-07-05T10:27:33,319.54,0.804,F,1920.48,-7342.68,47.52294159,-122.25841522,E,,
4909250,2026-07-05T10:27:34,320.22,0.823,F,1919.92,-7342,47.52294922,-122.25842285,E,,
4910322,2026-07-05T10:27:35,321.2,0.835,F,1919.35,-7341.32,47.52295303,-122.25843048,E,,
4911404,2026-07-05T10:27:36,323.26,0.841,F,1918.79,-7340.6,47.52296066,-122.25843811,E,,
4912475,2026-07-05T10:27:37,324.71,0.848,F,1918.26,-7339.87,47.52296829,-122.25844574,E,,
4913546,2026-07-05T10:27:38,325.17,0.854,F,1917.73,-7339.13,47.52297211,-122.25845337,E,,
4914609,2026-07-05T10:27:39,324.98,0.84,F,1917.22,-7338.4,47.52297974,-122.258461,E,,
4915662,2026-07-05T10:27:40,325.42,0.831,F,1916.72,-7337.67,47.52298737,-122.25846863,E,,
4916704,2026-07-05T10:27:41,323.64,0.828,F,1916.21,-7336.96,47.52299118,-122.25847626,E,,
4917777,2026-07-05T10:27:42,326.35,0.809,F,1915.69,-7336.25,47.52299881,-122.25848389,E,,
4918839,2026-07-05T10:27:43,324.85,0.778,F,1915.22,-7335.55,47.52300644,-122.25848389,E,,
4919911,2026-07-05T10:27:44,324.56,0.766,F,1914.74,-7334.88,47.52301025,-122.25849152,E,,
4920940,2026-07-05T10:27:45,324.64,0.756,F,1914.28,-7334.24,47.52301788,-122.25849915,E,,
4922016,2026-07-05T10:27:46,325.23,0.737,F,1913.81,-7333.58,47.5230217,-122.25850677,E,,
4923088,2026-07-05T10:27:48,322.84,0.706,F,1913.36,-7332.95,47.52302933,-122.2585144,E,,
4924158,2026-07-05T10:27:49,323.99,0.717,F,1912.91,-7332.35,47.52303314,-122.2585144,E,,
4925238,2026-07-05T10:27:50,324.09,0.74,F,1912.45,-7331.71,47.52304077,-122.25852203,E,,
4926301,2026-07-05T10:27:51,326.89,0.769,F,1912,-7331.04,47.52304459,-122.25852966,E,,
4927374,2026-07-05T10:27:52,329.75,0.808,F,1911.55,-7330.32,47.52305222,-122.25853729,E,,
4928447,2026-07-05T10:27:53,329.84,0.826,F,1911.11,-7329.57,47.52305984,-122.25854492,E,,
4929525,2026-07-05T10:27:54,327.17,0.836,F,1910.64,-7328.81,47.52306747,-122.25854492,E,,
4930597,2026-07-05T10:27:55,326.43,0.855,F,1910.15,-7328.03,47.52307129,-122.25855255,E,,
4931660,2026-07-05T10:27:56,326.56,0.852,F,1909.65,-7327.27,47.52307892,-122.25856018,E,,
4932740,2026-07-05T10:27:57,327.82,0.864,F,1909.13,-7326.49,47.52308655,-122.25856781,E,,
4933821,2026-07-05T10:27:58,327.75,0.862,F,1908.63,-7325.7,47.52309418,-122.25857544,E,,
4934894,2026-07-05T10:27:59,327.31,0.873,F,1908.13,-7324.91,47.52310181,-122.25858307,E,,
4935958,2026-07-05T10:28:00,325.48,0.874,F,1907.62,-7324.14,47.52310944,-122.2585907,E,,
4937030,2026-07-05T10:28:01,326.92,0.872,F,1907.1,-7323.35,47.52311325,-122.25859833,E,,
4938111,2026-07-05T10:28:03,324.98,0.868,F,1906.57,-7322.57,47.52312088,-122.25860596,E,,
4939182,2026-07-05T10:28:04,325.48,0.856,F,1906.05,-7321.79,47.52312851,-122.25860596,E,,
4940262,2026-07-05T10:28:05,326.37,0.848,F,1905.54,-7321.04,47.52313614,-122.25861359,E,,
4941333,2026-07-05T10:28:06,327.28,0.812,F,1905.05,-7320.29,47.52314377,-122.25862122,E,,
4942405,2026-07-05T10:28:07,328.01,0.768,F,1904.6,-7319.57,47.52314758,-122.25862885,E,,
4943478,2026-07-05T10:28:08,326.18,0.747,F,1904.16,-7318.89,47.52315521,-122.25863647,E,,
4944560,2026-07-05T10:28:09,326.75,0.711,F,1903.74,-7318.22,47.52316284,-122.25863647,E,,
4945631,2026-07-05T10:28:10,322.08,0.7,F,1903.3,-7317.61,47.52316666,-122.2586441,E,,
4946683,2026-07-05T10:28:11,318.89,0.725,F,1902.82,-7317.04,47.52317047,-122.25865173,E,,
4947775,2026-07-05T10:28:12,317.19,0.688,F,1902.32,-7316.48,47.5231781,-122.25865936,E,,
4948845,2026-07-05T10:28:13,318,0.723,F,1901.82,-7315.92,47.52318192,-122.25866699,E,,
4949915,2026-07-05T10:28:14,321.59,0.779,F,1901.32,-7315.31,47.52318573,-122.25867462,E,,
4950994,2026-07-05T10:28:15,323.37,0.792,F,1900.8,-7314.62,47.52319336,-122.25868225,E,,
4952071,2026-07-05T10:28:16,323.18,0.814,F,1900.29,-7313.93,47.52320099,-122.25868988,E,,
4953150,2026-07-05T10:28:18,325.73,0.818,F,1899.77,-7313.22,47.5232048,-122.25868988,E,,
4954229,2026-07-05T10:28:19,330.02,0.801,F,1899.29,-7312.48,47.52321243,-122.25869751,E,,
4955308,2026-07-05T10:28:20,329.85,0.78,F,1898.88,-7311.74,47.52322006,-122.25870514,E,,
4956387,2026-07-05T10:28:21,320.95,0.723,F,1898.41,-7311.08,47.52322388,-122.25871277,E,,
4957449,2026-07-05T10:28:22,325.3,0.525,F,1898.04,-7310.53,47.52323151,-122.25871277,E,,
4958505,2026-07-05T10:28:23,314.55,0.392,F,1897.72,-7310.18,47.52323151,-122.2587204,E,,
4959577,2026-07-05T10:28:24,316.12,0.285,F,1897.47,-7309.93,47.52323532,-122.2587204,E,,
4960675,2026-07-05T10:28:25,322.33,0.23,F,1897.3,-7309.71,47.52323914,-122.25872803,E,,
4961753,2026-07-05T10:28:26,335.01,0.225,F,1897.16,-7309.5,47.52323914,-122.25872803,E,,
4962832,2026-07-05T10:28:27,359.21,0.167,F,1897.11,-7309.29,47.52324295,-122.25872803,E,,
4963911,2026-07-05T10:28:28,7.82,0.148,F,1897.13,-7309.13,47.52324295,-122.25872803,E,,
4964973,2026-07-05T10:28:29,10.23,0.104,F,1897.15,-7309,47.52324295,-122.25872803,E,,
4966035,2026-07-05T10:28:30,6.13,0.22,F,1897.18,-7308.82,47.52324677,-122.25872803,E,,
4967097,2026-07-05T10:28:32,359.05,0.287,F,1897.18,-7308.55,47.52324677,-122.25872803,E,,
4968158,2026-07-05T10:28:33,354.61,0.351,F,1897.16,-7308.21,47.52325058,-122.25872803,E,,
4969221,2026-07-05T10:28:34,327.58,0.416,F,1897.03,-7307.82,47.52325439,-122.25872803,E,,
4970291,2026-07-05T10:28:35,283.54,0.461,F,1896.67,-7307.53,47.52325821,-122.25873566,E,,
4971361,2026-07-05T10:28:36,208.68,0.492,F,1896.24,-7307.73,47.52325439,-122.25874329,E,,
4972440,2026-07-05T10:28:37,166.26,0.49,F,1896.21,-7308.25,47.52325058,-122.25874329,E,,
4973511,2026-07-05T10:28:38,142.98,0.352,F,1896.39,-7308.66,47.52324677,-122.25873566,E,,
4974592,2026-07-05T10:28:39,120.06,0.29,F,1896.63,-7308.87,47.52324677,-122.25873566,E,,
4975673,2026-07-05T10:28:40,91.05,0.338,F,1896.97,-7308.96,47.52324295,-122.25872803,E,,
4976760,2026-07-05T10:28:41,96.9,0.253,F,1897.29,-7309,47.52324295,-122.25872803,E,,
4977795,2026-07-05T10:28:42,108.24,0.18,F,1897.51,-7309.05,47.52324295,-122.2587204,E,,
4978874,2026-07-05T10:28:43,112.66,0.125,F,1897.66,-7309.1,47.52324295,-122.2587204,E,,
4979962,2026-07-05T10:28:44,115.08,0,F,1897.74,-7309.14,47.52324295,-122.2587204,E,,
4981010,2026-07-05T10:28:45,140.55,0,F,1897.74,-7309.14,47.52324295,-122.2587204,E,,
4982076,2026-07-05T10:28:47,190.45,0,F,1897.74,-7309.14,47.52324295,-122.2587204,E,,
4983147,2026-07-05T10:28:48,248.65,0,F,1897.74,-7309.14,47.52324295,-122.2587204,E,,
4984226,2026-07-05T10:28:49,290.59,0.175,F,1897.62,-7309.13,47.52324295,-122.2587204,E,,
4985305,2026-07-05T10:28:50,310.56,0.219,F,1897.43,-7309.01,47.52324295,-122.25872803,E,,
4986375,2026-07-05T10:28:51,320.39,0.245,F,1897.26,-7308.82,47.52324677,-122.25872803,E,,
4987446,2026-07-05T10:28:52,314.1,0.272,F,1897.08,-7308.61,47.52324677,-122.25872803,E,,
4988510,2026-07-05T10:28:53,309.27,0.303,F,1896.85,-7308.42,47.52325058,-122.25873566,E,,
4989581,2026-07-05T10:28:54,304.99,0.337,F,1896.59,-7308.21,47.52325058,-122.25873566,E,,
4990660,2026-07-05T10:28:55,307.79,0.356,F,1896.3,-7307.99,47.52325439,-122.25873566,E,,
4991705,2026-07-05T10:28:56,310.07,0.361,F,1896,-7307.75,47.52325439,-122.25874329,E,,
4992791,2026-07-05T10:28:57,309.19,0.36,F,1895.7,-7307.48,47.52325821,-122.25875092,E,,
4993852,2026-07-05T10:28:58,315.89,0.362,F,1895.42,-7307.22,47.52325821,-122.25875092,E,,
4994931,2026-07-05T10:28:59,316.72,0.361,F,1895.14,-7306.93,47.52326202,-122.25875092,E,,
4996010,2026-07-05T10:29:00,314.88,0.342,F,1894.88,-7306.67,47.52326584,-122.25875854,E,,
4997088,2026-07-05T10:29:02,315.26,0.368,F,1894.61,-7306.39,47.52326584,-122.25875854,E,,
4998160,2026-07-05T10:29:03,319.37,0.351,F,1894.35,-7306.13,47.52326965,-122.25876617,E,,
4999214,2026-07-05T10:29:04,324.47,0.369,F,1894.13,-7305.82,47.52327347,-122.25876617,E,,
5000284,2026-07-05T10:29:05,319.46,0.343,F,1893.9,-7305.54,47.52327347,-122.2587738,E,,
5001354,2026-07-05T10:29:06,321.11,0.372,F,1893.66,-7305.25,47.52327728,-122.2587738,E,,
5002417,2026-07-05T10:29:07,315.13,0.39,F,1893.39,-7304.94,47.5232811,-122.25878143,E,,
5003479,2026-07-05T10:29:08,310.02,0.404,F,1893.08,-7304.65,47.52328491,-122.25878143,E,,
5004549,2026-07-05T10:29:09,311.68,0.425,F,1892.74,-7304.36,47.52328491,-122.25878906,E,,
5005629,2026-07-05T10:29:10,317.21,0.417,F,1892.42,-7304.05,47.52328873,-122.25878906,E,,
5006708,2026-07-05T10:29:11,317.39,0.412,F,1892.11,-7303.73,47.52329254,-122.25879669,E,,
5007771,2026-07-05T10:29:12,326.01,0.411,F,1891.85,-7303.39,47.52329254,-122.25879669,E,,
5008792,2026-07-05T10:29:13,329.08,0.403,F,1891.63,-7303.04,47.52329636,-122.25880432,E,,
5009872,2026-07-05T10:29:14,321.27,0.327,F,1891.38,-7302.72,47.52330017,-122.25880432,E,,
5010968,2026-07-05T10:29:15,322.77,0.227,F,1891.2,-7302.48,47.52330399,-122.25880432,E,,
5012035,2026-07-05T10:29:16,323.45,0.168,F,1891.07,-7302.31,47.52330399,-122.25881195,E,,
5013096,2026-07-05T10:29:18,327.22,0.118,F,1890.98,-7302.19,47.52330399,-122.25881195,E,,
5014168,2026-07-05T10:29:19,327.32,0,F,1890.95,-7302.15,47.52330399,-122.25881195,E,,
5015238,2026-07-05T10:29:20,316.08,0,F,1890.95,-7302.15,47.52330399,-122.25881195,E,,
5016317,2026-07-05T10:29:21,310.83,0,F,1890.95,-7302.15,47.52330399,-122.25881195,E,,
5017389,2026-07-05T10:29:22,303.89,0,F,1890.95,-7302.15,47.52330399,-122.25881195,E,,
5018472,2026-07-05T10:29:23,300.78,0,F,1890.95,-7302.15,47.52330399,-122.25881195,E,,
5019553,2026-07-05T10:29:24,300.84,0,F,1890.95,-7302.15,47.52330399,-122.25881195,E,,
5020627,2026-07-05T10:29:25,298.81,0,F,1890.95,-7302.15,47.52330399,-122.25881195,E,,
5021697,2026-07-05T10:29:26,292.02,0,F,1890.95,-7302.15,47.52330399,-122.25881195,E,,
5022767,2026-07-05T10:29:27,288.77,0,F,1890.95,-7302.15,47.52330399,-122.25881195,E,,
5023845,2026-07-05T10:29:28,301.21,0,F,1890.95,-7302.15,47.52330399,-122.25881195,E,,
5024924,2026-07-05T10:29:29,313.69,0.171,F,1890.86,-7302.07,47.5233078,-122.25881195,E,,
5025996,2026-07-05T10:29:30,319.38,0.268,F,1890.69,-7301.89,47.5233078,-122.25881195,E,,
5027067,2026-07-05T10:29:31,325.98,0.317,F,1890.5,-7301.64,47.52331161,-122.25881958,E,,
5028138,2026-07-05T10:29:33,324.76,0.35,F,1890.29,-7301.34,47.52331161,-122.25881958,E,,
5029207,2026-07-05T10:29:34,320.63,0.395,F,1890.04,-7301.02,47.52331543,-122.25881958,E,,
5030286,2026-07-05T10:29:35,317.59,0.426,F,1889.75,-7300.7,47.52331924,-122.25882721,E,,
5031356,2026-07-05T10:29:36,318.36,0.467,F,1889.42,-7300.34,47.52332306,-122.25882721,E,,
5032427,2026-07-05T10:29:37,317.17,0.497,F,1889.08,-7299.96,47.52332687,-122.25883484,E,,
5033472,2026-07-05T10:29:38,317.39,0.533,F,1888.72,-7299.56,47.52332687,-122.25884247,E,,
5034492,2026-07-05T10:29:39,316.56,0.56,F,1888.33,-7299.16,47.52333069,-122.25884247,E,,
5035562,2026-07-05T10:29:40,314.51,0.601,F,1887.89,-7298.7,47.52333832,-122.2588501,E,,
5036642,2026-07-05T10:29:41,312.92,0.649,F,1887.4,-7298.22,47.52334213,-122.25885773,E,,
5037704,2026-07-05T10:29:42,312.29,0.695,F,1886.88,-7297.72,47.52334595,-122.25886536,E,,
5038774,2026-07-05T10:29:43,312.31,0.727,F,1886.31,-7297.21,47.52334976,-122.25887299,E,,
5039861,2026-07-05T10:29:44,311.86,0.755,F,1885.71,-7296.67,47.52335358,-122.25888062,E,,
5040931,2026-07-05T10:29:45,313.76,0.769,F,1885.13,-7296.1,47.52336121,-122.25888824,E,,
5041997,2026-07-05T10:29:46,316.49,0.789,F,1884.54,-7295.51,47.52336502,-122.25889587,E,,
5043084,2026-07-05T10:29:48,318.21,0.788,F,1883.96,-7294.88,47.52337265,-122.2589035,E,,
5044163,2026-07-05T10:29:49,317.72,0.77,F,1883.4,-7294.24,47.52337646,-122.25891113,E,,
5045242,2026-07-05T10:29:50,316.78,0.75,F,1882.85,-7293.66,47.52338028,-122.25891876,E,,
5046314,2026-07-05T10:29:51,316.5,0.746,F,1882.3,-7293.08,47.52338791,-122.25892639,E,,
5047385,2026-07-05T10:29:52,315.73,0.752,F,1881.74,-7292.51,47.52339172,-122.25893402,E,,
5048458,2026-07-05T10:29:53,311.51,0.756,F,1881.16,-7291.94,47.52339554,-122.25894165,E,,
5049514,2026-07-05T10:29:54,312.97,0.763,F,1880.57,-7291.4,47.52340317,-122.25894928,E,,
5050585,2026-07-05T10:29:55,313.29,0.764,F,1879.97,-7290.83,47.52340698,-122.25895691,E,,
5051666,2026-07-05T10:29:56,313.48,0.765,F,1879.38,-7290.25,47.5234108,-122.25896454,E,,
5052744,2026-07-05T10:29:57,315.5,0.766,F,1878.8,-7289.67,47.52341843,-122.25897217,E,,
5053806,2026-07-05T10:29:58,318.61,0.758,F,1878.25,-7289.07,47.52342224,-122.2589798,E,,
5054885,2026-07-05T10:29:59,316.64,0.739,F,1877.71,-7288.48,47.52342987,-122.25898743,E,,
5055964,2026-07-05T10:30:00,316.31,0.727,F,1877.16,-7287.9,47.52343369,-122.25899506,E,,
5057043,2026-07-05T10:30:01,319.27,0.739,F,1876.63,-7287.32,47.5234375,-122.25900269,E,,
5058126,2026-07-05T10:30:03,319.19,0.736,F,1876.12,-7286.71,47.52344513,-122.25901031,E,,
5059179,2026-07-05T10:30:04,316.96,0.719,F,1875.61,-7286.14,47.52344894,-122.25901794,E,,
5060258,2026-07-05T10:30:05,315.65,0.712,F,1875.07,-7285.58,47.52345276,-122.25902557,E,,
5061328,2026-07-05T10:30:06,314.61,0.749,F,1874.52,-7285.02,47.52346039,-122.25902557,E,,
5062407,2026-07-05T10:30:07,311.17,0.803,F,1873.91,-7284.44,47.5234642,-122.25904083,E,,
5063487,2026-07-05T10:30:08,309.62,0.832,F,1873.24,-7283.86,47.52346802,-122.25904846,E,,
5064557,2026-07-05T10:30:09,309.35,0.855,F,1872.54,-7283.29,47.52347565,-122.25905609,E,,
5065637,2026-07-05T10:30:10,309.62,0.877,F,1871.82,-7282.7,47.52347946,-122.25906372,E,,
5066715,2026-07-05T10:30:11,310.31,0.903,F,1871.09,-7282.08,47.52348709,-122.25907135,E,,
5067793,2026-07-05T10:30:12,306.55,0.94,F,1870.31,-7281.45,47.52349091,-122.25908661,E,,
5068872,2026-07-05T10:30:13,305.16,0.956,F,1869.47,-7280.86,47.52349854,-122.25909424,E,,
5069903,2026-07-05T10:30:14,305.27,0.961,F,1868.67,-7280.29,47.52350235,-122.2591095,E,,
5070982,2026-07-05T10:30:15,304.11,0.98,F,1867.8,-7279.7,47.52350616,-122.25911713,E,,
5072057,2026-07-05T10:30:16,302.93,0.975,F,1866.93,-7279.11,47.52351379,-122.25913239,E,,
5073128,2026-07-05T10:30:18,302.65,0.982,F,1866.06,-7278.54,47.52351761,-122.25914001,E,,
5074207,2026-07-05T10:30:19,299.95,0.975,F,1865.15,-7277.99,47.52352142,-122.25915527,E,,
5075276,2026-07-05T10:30:20,298.49,0.992,F,1864.22,-7277.48,47.52352524,-122.2591629,E,,
5076346,2026-07-05T10:30:21,298.3,0.995,F,1863.27,-7276.99,47.52353287,-122.25917816,E,,
5077426,2026-07-05T10:30:22,313.23,0.953,F,1862.4,-7276.4,47.52353668,-122.25919342,E,,
5078497,2026-07-05T10:30:23,318.85,0.918,F,1861.7,-7275.69,47.52354431,-122.25920105,E,,
5079577,2026-07-05T10:30:24,321.73,0.901,F,1861.09,-7274.92,47.52355194,-122.25920868,E,,
5080656,2026-07-05T10:30:25,320.23,0.9,F,1860.46,-7274.18,47.52355576,-122.25921631,E,,
5081734,2026-07-05T10:30:26,321.97,0.93,F,1859.84,-7273.42,47.52356339,-122.25922394,E,,
5082804,2026-07-05T10:30:27,322.77,0.931,F,1859.23,-7272.63,47.52357101,-122.25923157,E,,
5083873,2026-07-05T10:30:28,325.01,0.932,F,1858.64,-7271.83,47.52357864,-122.2592392,E,,
5084952,2026-07-05T10:30:29,324.18,0.941,F,1858.04,-7271.01,47.52358627,-122.25924683,E,,
5086031,2026-07-05T10:30:30,323.53,0.937,F,1857.45,-7270.18,47.5235939,-122.25925446,E,,
5087110,2026-07-05T10:30:32,324.09,0.935,F,1856.85,-7269.38,47.52360153,-122.25926208,E,,
5088171,2026-07-05T10:30:33,322.15,0.916,F,1856.26,-7268.59,47.52360535,-122.25926971,E,,
5089248,2026-07-05T10:30:34,321.23,0.879,F,1855.66,-7267.84,47.52361298,-122.25927734,E,,
5090310,2026-07-05T10:30:35,321.3,0.846,F,1855.09,-7267.11,47.52362061,-122.25928497,E,,
5091381,2026-07-05T10:30:36,319.87,0.825,F,1854.53,-7266.43,47.52362823,-122.2592926,E,,
5092446,2026-07-05T10:30:37,320.4,0.829,F,1853.97,-7265.75,47.52363205,-122.25930023,E,,
5093518,2026-07-05T10:30:38,319.3,0.831,F,1853.39,-7265.07,47.52363968,-122.25930786,E,,
5094598,2026-07-05T10:30:39,319.78,0.851,F,1852.81,-7264.38,47.52364349,-122.25931549,E,,
5095652,2026-07-05T10:30:40,319.93,0.891,F,1852.21,-7263.69,47.52365112,-122.25932312,E,,
5096722,2026-07-05T10:30:41,319.56,0.914,F,1851.58,-7262.96,47.52365875,-122.25933838,E,,
5097787,2026-07-05T10:30:42,321.45,0.942,F,1850.96,-7262.19,47.52366638,-122.25934601,E,,
5098858,2026-07-05T10:30:43,319.33,0.959,F,1850.31,-7261.4,47.5236702,-122.25935364,E,,
5099928,2026-07-05T10:30:44,319.36,0.982,F,1849.64,-7260.61,47.52367783,-122.25936127,E,,
5101035,2026-07-05T10:30:45,319.51,0.999,F,1848.94,-7259.77,47.52368546,-122.2593689,E,,
5102103,2026-07-05T10:30:47,321.76,1.001,F,1848.26,-7258.95,47.52369308,-122.25937653,E,,
5103164,2026-07-05T10:30:48,322.68,1.003,F,1847.59,-7258.11,47.52370071,-122.25939178,E,,
5104233,2026-07-05T10:30:49,323.66,1.012,F,1846.95,-7257.24,47.52370834,-122.25939941,E,,
5105321,2026-07-05T10:30:50,324.15,1.004,F,1846.3,-7256.34,47.52371597,-122.25940704,E,,
5106383,2026-07-05T10:30:51,324.36,1.005,F,1845.7,-7255.46,47.5237236,-122.25941467,E,,
5107446,2026-07-05T10:30:52,324.18,1.026,F,1845.07,-7254.58,47.52373123,-122.2594223,E,,
5108511,2026-07-05T10:30:53,325.39,0.991,F,1844.48,-7253.7,47.52373886,-122.25942993,E,,
5109582,2026-07-05T10:30:54,328.75,0.974,F,1843.91,-7252.81,47.52375031,-122.25943756,E,,
5110664,2026-07-05T10:30:55,334.76,0.97,F,1843.41,-7251.88,47.52375793,-122.25944519,E,,
5111738,2026-07-05T10:30:56,334.42,0.957,F,1842.97,-7250.94,47.52376556,-122.25945282,E,,
5112800,2026-07-05T10:30:57,326.34,0.903,F,1842.5,-7250.07,47.52377319,-122.25945282,E,,
5113871,2026-07-05T10:30:58,319.45,0.905,F,1841.91,-7249.32,47.52378082,-122.25946045,E,,
5114952,2026-07-05T10:30:59,316.11,0.922,F,1841.25,-7248.59,47.52378845,-122.25947571,E,,
5116007,2026-07-05T10:31:00,312.9,0.94,F,1840.54,-7247.9,47.52379227,-122.25948334,E,,
5117071,2026-07-05T10:31:01,312.11,0.939,F,1839.8,-7247.23,47.5237999,-122.25949097,E,,
5118134,2026-07-05T10:31:03,316.5,0.96,F,1839.07,-7246.53,47.52380371,-122.2594986,E,,
5119215,2026-07-05T10:31:04,311.12,0.961,F,1838.31,-7245.83,47.52381134,-122.25951385,E,,
5120285,2026-07-05T10:31:05,312.38,0.985,F,1837.54,-7245.15,47.52381897,-122.25952148,E,,
5121358,2026-07-05T10:31:06,314.13,1.009,F,1836.76,-7244.41,47.52382278,-122.25952911,E,,
5122438,2026-07-05T10:31:07,313.89,1.033,F,1835.96,-7243.63,47.52383041,-122.25954437,E,,
5123502,2026-07-05T10:31:08,315.3,1.045,F,1835.18,-7242.85,47.52383804,-122.259552,E,,
5124593,2026-07-05T10:31:09,315.84,1.057,F,1834.37,-7242.04,47.52384567,-122.25956726,E,,
5125655,2026-07-05T10:31:10,314.71,1.033,F,1833.59,-7241.26,47.5238533,-122.25957489,E,,
5126727,2026-07-05T10:31:11,313.22,1.025,F,1832.8,-7240.5,47.52386093,-122.25958252,E,,
5127808,2026-07-05T10:31:12,312.9,1.026,F,1832,-7239.74,47.52386475,-122.25959778,E,,
5128871,2026-07-05T10:31:13,310.31,1.022,F,1831.19,-7239.02,47.52387238,-122.25960541,E,,
5129943,2026-07-05T10:31:14,311.88,1.027,F,1830.37,-7238.29,47.52388,-122.25962067,E,,
5131012,2026-07-05T10:31:15,310.81,1.019,F,1829.57,-7237.54,47.52388763,-122.2596283,E,,
5132083,2026-07-05T10:31:17,309.64,1.025,F,1828.73,-7236.84,47.52389145,-122.25963593,E,,
5133145,2026-07-05T10:31:18,307.56,1.032,F,1827.88,-7236.17,47.52389908,-122.25965118,E,,
5134207,2026-07-05T10:31:19,308.79,1.024,F,1827.02,-7235.49,47.52390289,-122.25965881,E,,
5135279,2026-07-05T10:31:20,306.92,1.027,F,1826.15,-7234.82,47.52391052,-122.25967407,E,,
5136361,2026-07-05T10:31:21,307.1,1.027,F,1825.25,-7234.17,47.52391434,-122.25968933,E,,
5137424,2026-07-05T10:31:22,308.33,1.023,F,1824.37,-7233.53,47.52392197,-122.25969696,E,,
5138486,2026-07-05T10:31:23,311.36,0.986,F,1823.55,-7232.85,47.5239296,-122.25970459,E,,
5139550,2026-07-05T10:31:24,316.48,0.92,F,1822.81,-7232.14,47.52393341,-122.25971985,E,,
5140612,2026-07-05T10:31:25,314.72,0.876,F,1822.14,-7231.46,47.52394104,-122.25972748,E,,
5141683,2026-07-05T10:31:26,312.22,0.854,F,1821.47,-7230.82,47.52394485,-122.25973511,E,,
5142727,2026-07-05T10:31:27,313.77,0.866,F,1820.82,-7230.21,47.52395248,-122.25974274,E,,
5143808,2026-07-05T10:31:28,313.98,0.896,F,1820.14,-7229.56,47.5239563,-122.25975037,E,,
5144890,2026-07-05T10:31:29,316.26,0.924,F,1819.42,-7228.88,47.52396393,-122.25976562,E,,
5145960,2026-07-05T10:31:30,317.01,0.945,F,1818.75,-7228.12,47.52397156,-122.25977325,E,,
5147031,2026-07-05T10:31:31,321.11,0.963,F,1818.08,-7227.36,47.52397919,-122.25978088,E,,
5148086,2026-07-05T10:31:33,321.41,0.979,F,1817.44,-7226.55,47.523983,-122.25978851,E,,
5149167,2026-07-05T10:31:34,319.88,0.983,F,1816.77,-7225.73,47.52399063,-122.25979614,E,,
5150238,2026-07-05T10:31:35,321.08,0.999,F,1816.1,-7224.91,47.52399826,-122.25980377,E,,
5151318,2026-07-05T10:31:36,321.69,0.996,F,1815.43,-7224.06,47.52400589,-122.25981903,E,,
5152400,2026-07-05T10:31:37,320.65,1.003,F,1814.75,-7223.21,47.52401352,-122.25982666,E,,
5153465,2026-07-05T10:31:38,323.36,1.004,F,1814.07,-7222.38,47.52402115,-122.25983429,E,,
5154554,2026-07-05T10:31:39,324.14,1.018,F,1813.41,-7221.49,47.52402878,-122.25984192,E,,
5155636,2026-07-05T10:31:40,323.72,1.001,F,1812.77,-7220.61,47.52403641,-122.25984955,E,,
5156697,2026-07-05T10:31:41,324.47,0.975,F,1812.15,-7219.78,47.52404404,-122.25985718,E,,
5157770,2026-07-05T10:31:42,324.76,0.981,F,1811.53,-7218.93,47.52405167,-122.25986481,E,,
5158860,2026-07-05T10:31:43,323.71,0.994,F,1810.9,-7218.08,47.5240593,-122.25988007,E,,
5159939,2026-07-05T10:31:44,326.2,0.994,F,1810.29,-7217.19,47.52406693,-122.2598877,E,,
5160950,2026-07-05T10:31:45,325.65,1.001,F,1809.72,-7216.34,47.52407455,-122.25989532,E,,
5161971,2026-07-05T10:31:46,323.82,1.007,F,1809.14,-7215.5,47.52408218,-122.25990295,E,,
5163033,2026-07-05T10:31:47,327.3,1.02,F,1808.53,-7214.62,47.52409363,-122.25991058,E,,
5164071,2026-07-05T10:31:48,332.71,0.991,F,1808.01,-7213.71,47.52410126,-122.25991821,E,,
5165151,2026-07-05T10:31:50,346.56,0.864,F,1807.65,-7212.75,47.52410889,-122.25991821,E,,
5166231,2026-07-05T10:31:51,355.35,0.63,F,1807.57,-7211.95,47.52411652,-122.25991821,E,,
5167310,2026-07-05T10:31:52,349.83,0.44,F,1807.51,-7211.38,47.52412033,-122.25991821,E,,
5168382,2026-07-05T10:31:53,334.19,0.331,F,1807.39,-7211,47.52412415,-122.25992584,E,,
5169467,2026-07-05T10:31:54,302.34,0.268,F,1807.19,-7210.74,47.52412796,-122.25992584,E,,
5170548,2026-07-05T10:31:55,292.92,0.284,F,1806.93,-7210.65,47.52412796,-122.25992584,E,,
5171619,2026-07-05T10:31:56,309.15,0.401,F,1806.62,-7210.46,47.52412796,-122.25993347,E,,
5172681,2026-07-05T10:31:57,316.24,0.47,F,1806.27,-7210.14,47.52413177,-122.2599411,E,,
5173752,2026-07-05T10:31:58,313.82,0.425,F,1805.93,-7209.79,47.52413559,-122.2599411,E,,
5174831,2026-07-05T10:31:59,310.29,0.368,F,1805.63,-7209.5,47.5241394,-122.25994873,E,,
5175901,2026-07-05T10:32:00,322.41,0.418,F,1805.34,-7209.19,47.5241394,-122.25994873,E,,
5176972,2026-07-05T10:32:01,318.1,0.441,F,1805.04,-7208.83,47.52414322,-122.25995636,E,,
5178052,2026-07-05T10:32:02,322.3,0.481,F,1804.72,-7208.45,47.52414703,-122.25995636,E,,
5179114,2026-07-05T10:32:04,322.38,0.498,F,1804.4,-7208.04,47.52415085,-122.25996399,E,,
5180193,2026-07-05T10:32:05,324.16,0.54,F,1804.06,-7207.6,47.52415466,-122.25997162,E,,
5181272,2026-07-05T10:32:06,325.59,0.579,F,1803.71,-7207.12,47.52415848,-122.25997162,E,,
5182344,2026-07-05T10:32:07,328.71,0.616,F,1803.37,-7206.58,47.52416229,-122.25997925,E,,
5183416,2026-07-05T10:32:08,327.6,0.651,F,1803,-7206,47.52416992,-122.25997925,E,,
5184497,2026-07-05T10:32:09,324.82,0.663,F,1802.6,-7205.42,47.52417374,-122.25998688,E,,
5185578,2026-07-05T10:32:10,325.34,0.714,F,1802.19,-7204.81,47.52418137,-122.25999451,E,,
5186667,2026-07-05T10:32:11,320.19,0.766,F,1801.69,-7204.17,47.52418518,-122.26000214,E,,
5187721,2026-07-05T10:32:12,316.28,0.798,F,1801.14,-7203.55,47.52419281,-122.26000977,E,,
5188782,2026-07-05T10:32:13,319.26,0.821,F,1800.57,-7202.9,47.52419662,-122.2600174,E,,
5189861,2026-07-05T10:32:14,317.71,0.784,F,1800.01,-7202.25,47.52420425,-122.26002502,E,,
5190939,2026-07-05T10:32:15,315.96,0.758,F,1799.44,-7201.65,47.52420807,-122.26003265,E,,
5192024,2026-07-05T10:32:16,314.02,0.728,F,1798.87,-7201.09,47.52421188,-122.26004028,E,,
5193096,2026-07-05T10:32:18,313.76,0.719,F,1798.32,-7200.54,47.52421951,-122.26004791,E,,
5194165,2026-07-05T10:32:19,314.25,0.724,F,1797.76,-7200.01,47.52422333,-122.26004791,E,,
5195238,2026-07-05T10:32:20,313.92,0.755,F,1797.19,-7199.45,47.52422714,-122.26006317,E,,
5196293,2026-07-05T10:32:21,312.99,0.772,F,1796.6,-7198.88,47.52423477,-122.2600708,E,,
5197345,2026-07-05T10:32:22,309.07,0.785,F,1795.99,-7198.34,47.52423859,-122.26007843,E,,
5198408,2026-07-05T10:32:23,312.26,0.801,F,1795.34,-7197.79,47.5242424,-122.26008606,E,,
5199480,2026-07-05T10:32:24,316.04,0.799,F,1794.72,-7197.19,47.52425003,-122.26009369,E,,
5200552,2026-07-05T10:32:25,321.03,0.799,F,1794.15,-7196.55,47.52425385,-122.26010132,E,,
5201631,2026-07-05T10:32:26,320.46,0.778,F,1793.61,-7195.9,47.52426147,-122.26010895,E,,
5202718,2026-07-05T10:32:27,318.25,0.732,F,1793.07,-7195.29,47.52426529,-122.26011658,E,,
5203806,2026-07-05T10:32:28,317.45,0.718,F,1792.58,-7194.67,47.52427292,-122.26012421,E,,
5204886,2026-07-05T10:32:29,312.49,0.682,F,1792.05,-7194.14,47.52427673,-122.26012421,E,,
5205965,2026-07-05T10:32:30,310.89,0.698,F,1791.5,-7193.65,47.52428055,-122.26013184,E,,
5207044,2026-07-05T10:32:31,312.99,0.717,F,1790.94,-7193.13,47.52428436,-122.26013947,E,,
5208096,2026-07-05T10:32:33,310.87,0.725,F,1790.37,-7192.62,47.52428818,-122.26014709,E,,
5209175,2026-07-05T10:32:34,310.26,0.766,F,1789.77,-7192.09,47.52429581,-122.26015472,E,,
5210254,2026-07-05T10:32:35,308.98,0.807,F,1789.12,-7191.56,47.52429962,-122.26016998,E,,
5211324,2026-07-05T10:32:36,309.24,0.847,F,1788.43,-7191,47.52430344,-122.26017761,E,,
5212395,2026-07-05T10:32:37,309.7,0.883,F,1787.73,-7190.4,47.52431107,-122.26018524,E,,
5213457,2026-07-05T10:32:38,307.05,0.901,F,1787,-7189.79,47.52431488,-122.26019287,E,,
5214519,2026-07-05T10:32:39,303.96,0.914,F,1786.22,-7189.22,47.5243187,-122.26020813,E,,
5215608,2026-07-05T10:32:40,306.75,0.936,F,1785.41,-7188.62,47.52432632,-122.26021576,E,,
5216687,2026-07-05T10:32:41,303.4,0.954,F,1784.58,-7188.04,47.52433014,-122.26023102,E,,
5217766,2026-07-05T10:32:42,301.15,0.957,F,1783.71,-7187.48,47.52433395,-122.26023865,E,,
5218854,2026-07-05T10:32:43,301.23,0.967,F,1782.82,-7186.95,47.52434158,-122.26025391,E,,
5219932,2026-07-05T10:32:44,300.4,0.965,F,1781.92,-7186.42,47.5243454,-122.26026154,E,,
5220988,2026-07-05T10:32:45,298.1,0.969,F,1781.04,-7185.91,47.52434921,-122.26027679,E,,
5222062,2026-07-05T10:32:46,296.01,0.958,F,1780.12,-7185.44,47.52435303,-122.26028442,E,,
5223101,2026-07-05T10:32:48,292.07,0.949,F,1779.2,-7185.05,47.52435684,-122.26029968,E,,
5224171,2026-07-05T10:32:49,290.27,0.964,F,1778.25,-7184.68,47.52436066,-122.26031494,E,,
5225250,2026-07-05T10:32:50,295.89,0.943,F,1777.29,-7184.3,47.52436447,-122.26032257,E,,
5226329,2026-07-05T10:32:51,313.28,0.947,F,1776.47,-7183.7,47.52436829,-122.26033783,E,,
5227382,2026-07-05T10:32:52,314.28,0.859,F,1775.78,-7183.01,47.52437592,-122.26034546,E,,
5228463,2026-07-05T10:32:53,331.46,0.618,F,1775.33,-7182.35,47.52437973,-122.26035309,E,,
5229536,2026-07-05T10:32:54,335.43,0.568,F,1775.05,-7181.81,47.52438736,-122.26035309,E,,
5230616,2026-07-05T10:32:55,338.84,0.515,F,1774.83,-7181.26,47.52439117,-122.26036072,E,,
5231679,2026-07-05T10:32:56,336.97,0.45,F,1774.63,-7180.79,47.52439499,-122.26036072,E,,
5232748,2026-07-05T10:32:57,327.47,0.416,F,1774.4,-7180.39,47.5243988,-122.26036072,E,,
5233826,2026-07-05T10:32:58,320.2,0.451,F,1774.12,-7180.02,47.52440262,-122.26036835,E,,
5234898,2026-07-05T10:32:59,320.91,0.466,F,1773.82,-7179.65,47.52440643,-122.26036835,E,,
5235977,2026-07-05T10:33:00,320.35,0.486,F,1773.49,-7179.26,47.52441025,-122.26037598,E,,
5237040,2026-07-05T10:33:01,322.78,0.522,F,1773.16,-7178.84,47.52441406,-122.26037598,E,,
5238110,2026-07-05T10:33:03,324.91,0.537,F,1772.81,-7178.39,47.52441788,-122.26038361,E,,
5239181,2026-07-05T10:33:04,324.87,0.585,F,1772.47,-7177.9,47.52442169,-122.26039124,E,,
5240269,2026-07-05T10:33:05,322.82,0.637,F,1772.06,-7177.36,47.52442551,-122.26039124,E,,
5241339,2026-07-05T10:33:06,322.11,0.697,F,1771.63,-7176.8,47.52443314,-122.26039886,E,,
5242402,2026-07-05T10:33:07,320.55,0.741,F,1771.14,-7176.22,47.52443695,-122.26040649,E,,
5243464,2026-07-05T10:33:08,318.04,0.762,F,1770.62,-7175.6,47.52444077,-122.26041412,E,,
5244544,2026-07-05T10:33:09,317.24,0.793,F,1770.06,-7174.98,47.52444839,-122.26042175,E,,
5245623,2026-07-05T10:33:10,315.57,0.833,F,1769.45,-7174.34,47.52445221,-122.26042938,E,,
5246693,2026-07-05T10:33:11,316.09,0.864,F,1768.83,-7173.67,47.52445984,-122.26043701,E,,
5247772,2026-07-05T10:33:12,315.33,0.903,F,1768.17,-7172.99,47.52446747,-122.26044464,E,,
5248861,2026-07-05T10:33:13,312.64,0.926,F,1767.44,-7172.3,47.52447128,-122.26045227,E,,
5249941,2026-07-05T10:33:14,312.63,0.955,F,1766.68,-7171.61,47.52447891,-122.26046753,E,,
5251011,2026-07-05T10:33:15,316.85,0.979,F,1765.93,-7170.89,47.52448654,-122.26047516,E,,
5252079,2026-07-05T10:33:17,323.98,0.977,F,1765.26,-7170.09,47.52449036,-122.26048279,E,,
5253109,2026-07-05T10:33:18,324.75,0.936,F,1764.68,-7169.29,47.52449799,-122.26049042,E,,
5254187,2026-07-05T10:33:19,321.96,0.913,F,1764.1,-7168.47,47.52450562,-122.26049805,E,,
5255266,2026-07-05T10:33:20,315.07,0.899,F,1763.46,-7167.74,47.52451324,-122.26050568,E,,
5256337,2026-07-05T10:33:21,312.84,0.921,F,1762.77,-7167.06,47.52452087,-122.26052094,E,,
5257406,2026-07-05T10:33:22,312.51,0.926,F,1762.05,-7166.39,47.52452469,-122.26052856,E,,
5258477,2026-07-05T10:33:23,308.56,0.918,F,1761.3,-7165.73,47.52453232,-122.26053619,E,,
5259558,2026-07-05T10:33:24,309.85,0.92,F,1760.53,-7165.11,47.52453613,-122.26055145,E,,
5260628,2026-07-05T10:33:25,309.38,0.945,F,1759.75,-7164.48,47.52454376,-122.26055908,E,,
5261707,2026-07-05T10:33:26,304.86,0.949,F,1758.94,-7163.86,47.52454758,-122.26056671,E,,
5262777,2026-07-05T10:33:27,304.27,0.935,F,1758.11,-7163.29,47.52455139,-122.26058197,E,,
5263847,2026-07-05T10:33:28,297.23,0.955,F,1757.23,-7162.78,47.52455902,-122.2605896,E,,
5264933,2026-07-05T10:33:29,302.88,0.964,F,1756.32,-7162.28,47.52456284,-122.26060486,E,,
5265995,2026-07-05T10:33:30,308.72,0.997,F,1755.49,-7161.64,47.52456665,-122.26061249,E,,
5267074,2026-07-05T10:33:31,309.62,1.009,F,1754.65,-7160.97,47.52457428,-122.26062775,E,,
5268152,2026-07-05T10:33:33,310.13,1.025,F,1753.8,-7160.28,47.52457809,-122.26063538,E,,
5269223,2026-07-05T10:33:34,313.96,1.03,F,1753,-7159.54,47.52458572,-122.26065063,E,,
5270302,2026-07-05T10:33:35,319.37,1.019,F,1752.25,-7158.73,47.52459335,-122.26065826,E,,
5271381,2026-07-05T10:33:36,330.54,0.883,F,1751.64,-7157.88,47.52460098,-122.26066589,E,,
5272461,2026-07-05T10:33:37,334.61,0.644,F,1751.26,-7157.15,47.52460861,-122.26067352,E,,
5273525,2026-07-05T10:33:38,346.49,0.579,F,1751.05,-7156.57,47.52461243,-122.26067352,E,,
5274615,2026-07-05T10:33:39,353.52,0.602,F,1750.95,-7155.93,47.52462006,-122.26067352,E,,
5275693,2026-07-05T10:33:40,353.78,0.578,F,1750.89,-7155.3,47.52462387,-122.26067352,E,,
5276754,2026-07-05T10:33:41,346.09,0.555,F,1750.79,-7154.7,47.5246315,-122.26067352,E,,
5277842,2026-07-05T10:33:42,332.69,0.557,F,1750.57,-7154.14,47.52463531,-122.26068115,E,,
5278911,2026-07-05T10:33:43,319.29,0.552,F,1750.24,-7153.65,47.52463913,-122.26068115,E,,
5279990,2026-07-05T10:33:44,322.52,0.555,F,1749.86,-7153.18,47.52464294,-122.26068878,E,,
5281066,2026-07-05T10:33:45,321.3,0.54,F,1749.51,-7152.71,47.52464676,-122.26069641,E,,
5282136,2026-07-05T10:33:47,319.89,0.528,F,1749.14,-7152.28,47.52465057,-122.26069641,E,,
5283227,2026-07-05T10:33:48,320.96,0.506,F,1748.78,-7151.85,47.52465439,-122.26070404,E,,
5284297,2026-07-05T10:33:49,317.45,0.493,F,1748.43,-7151.44,47.5246582,-122.26071167,E,,
5285376,2026-07-05T10:33:50,316.57,0.494,F,1748.07,-7151.06,47.52466202,-122.26071167,E,,
5286447,2026-07-05T10:33:51,315.04,0.505,F,1747.69,-7150.68,47.52466583,-122.2607193,E,,
5287518,2026-07-05T10:33:52,315.53,0.545,F,1747.29,-7150.3,47.52466965,-122.26072693,E,,
5288598,2026-07-05T10:33:53,317.04,0.582,F,1746.87,-7149.86,47.52467346,-122.26072693,E,,
5289678,2026-07-05T10:33:54,317.43,0.619,F,1746.43,-7149.39,47.52467728,-122.26073456,E,,
5290756,2026-07-05T10:33:55,317.9,0.673,F,1745.96,-7148.88,47.52468109,-122.26074219,E,,
5291835,2026-07-05T10:33:56,318.04,0.709,F,1745.45,-7148.34,47.52468872,-122.26074982,E,,
5292914,2026-07-05T10:33:57,319.27,0.755,F,1744.93,-7147.73,47.52469254,-122.26075745,E,,
5293977,2026-07-05T10:33:58,320.19,0.8,F,1744.39,-7147.1,47.52470016,-122.26076508,E,,
5295046,2026-07-05T10:33:59,318.83,0.831,F,1743.84,-7146.43,47.52470398,-122.26077271,E,,
5296107,2026-07-05T10:34:01,326.14,0.855,F,1743.3,-7145.71,47.52471161,-122.26078033,E,,
5297177,2026-07-05T10:34:02,330.51,0.86,F,1742.81,-7144.94,47.52471924,-122.26078033,E,,
5298257,2026-07-05T10:34:03,335.09,0.838,F,1742.37,-7144.14,47.52472305,-122.26078796,E,,
5299328,2026-07-05T10:34:04,327.66,0.795,F,1741.96,-7143.36,47.52473068,-122.26079559,E,,
5300391,2026-07-05T10:34:05,321.04,0.71,F,1741.5,-7142.72,47.52473831,-122.26080322,E,,
5301447,2026-07-05T10:34:06,320.96,0.7,F,1741.03,-7142.14,47.52474213,-122.26081085,E,,
5302518,2026-07-05T10:34:07,317.19,0.692,F,1740.54,-7141.6,47.52474594,-122.26081085,E,,
5303598,2026-07-05T10:34:08,315.96,0.714,F,1740.02,-7141.06,47.52475357,-122.26081848,E,,
5304657,2026-07-05T10:34:09,311.49,0.744,F,1739.47,-7140.53,47.52475739,-122.26082611,E,,
5305727,2026-07-05T10:34:10,308.7,0.761,F,1738.85,-7140.01,47.5247612,-122.26083374,E,,
5306791,2026-07-05T10:34:11,310.57,0.796,F,1738.21,-7139.49,47.52476501,-122.26084137,E,,
5307853,2026-07-05T10:34:12,310.39,0.809,F,1737.55,-7138.93,47.52477264,-122.26085663,E,,
5308941,2026-07-05T10:34:13,313.91,0.811,F,1736.88,-7138.34,47.52477646,-122.26086426,E,,
5310019,2026-07-05T10:34:14,317.23,0.826,F,1736.28,-7137.7,47.52478409,-122.26087189,E,,
5311098,2026-07-05T10:34:16,318.3,0.827,F,1735.69,-7137.02,47.5247879,-122.26087952,E,,
5312154,2026-07-05T10:34:17,316.88,0.814,F,1735.1,-7136.4,47.52479553,-122.26088715,E,,
5313199,2026-07-05T10:34:18,314.71,0.805,F,1734.51,-7135.79,47.52479935,-122.26089478,E,,
5314278,2026-07-05T10:34:19,308,0.793,F,1733.86,-7135.23,47.52480316,-122.2609024,E,,
5315348,2026-07-05T10:34:20,306.39,0.795,F,1733.19,-7134.7,47.52481079,-122.26091003,E,,
5316428,2026-07-05T10:34:21,304.75,0.796,F,1732.49,-7134.22,47.52481461,-122.26091766,E,,
5317499,2026-07-05T10:34:22,306.54,0.819,F,1731.8,-7133.71,47.52481842,-122.26093292,E,,
5318579,2026-07-05T10:34:23,306.28,0.853,F,1731.08,-7133.18,47.52482224,-122.26094055,E,,
5319658,2026-07-05T10:34:24,309.55,0.887,F,1730.34,-7132.61,47.52482986,-122.26094818,E,,
5320736,2026-07-05T10:34:25,308.95,0.888,F,1729.59,-7132.01,47.52483368,-122.26096344,E,,
5321815,2026-07-05T10:34:26,323.13,0.921,F,1728.95,-7131.28,47.52484131,-122.26097107,E,,
5322885,2026-07-05T10:34:27,318.52,0.915,F,1728.34,-7130.51,47.52484894,-122.2609787,E,,
5323955,2026-07-05T10:34:28,314.18,0.763,F,1727.68,-7129.86,47.52485275,-122.26098633,E,,
5325025,2026-07-05T10:34:29,314.01,0.651,F,1727.17,-7129.33,47.52485657,-122.26099396,E,,
5326104,2026-07-05T10:34:31,301.67,0.653,F,1726.61,-7128.91,47.52486038,-122.26100159,E,,
5327193,2026-07-05T10:34:32,299.65,0.686,F,1725.98,-7128.54,47.5248642,-122.26100922,E,,
5328272,2026-07-05T10:34:33,300.37,0.759,F,1725.31,-7128.14,47.52486801,-122.26101685,E,,
5329335,2026-07-05T10:34:34,300.39,0.813,F,1724.58,-7127.73,47.52487183,-122.26102448,E,,
5330388,2026-07-05T10:34:35,297.09,0.854,F,1723.8,-7127.31,47.52487564,-122.26103973,E,,
5331456,2026-07-05T10:34:36,305.29,0.89,F,1723,-7126.84,47.52487946,-122.26104736,E,,
5332528,2026-07-05T10:34:37,316.05,0.699,F,1722.36,-7126.28,47.52488708,-122.26105499,E,,
5333608,2026-07-05T10:34:38,316.09,0.618,F,1721.88,-7125.76,47.5248909,-122.26106262,E,,
5334671,2026-07-05T10:34:39,315.72,0.584,F,1721.42,-7125.31,47.52489471,-122.26107025,E,,
5335741,2026-07-05T10:34:40,302.53,0.509,F,1720.98,-7124.93,47.52489853,-122.26107788,E,,
5336820,2026-07-05T10:34:41,294.5,0.434,F,1720.54,-7124.68,47.52489853,-122.26107788,E,,
5337898,2026-07-05T10:34:42,267.56,0.333,F,1720.14,-7124.58,47.52490234,-122.26108551,E,,
5338968,2026-07-05T10:34:43,268.71,0.321,F,1719.83,-7124.62,47.52489853,-122.26109314,E,,
5340028,2026-07-05T10:34:44,297.08,0.35,F,1719.47,-7124.51,47.52490234,-122.26109314,E,,
5341081,2026-07-05T10:34:46,297.3,0.387,F,1719.12,-7124.33,47.52490234,-122.26110077,E,,
5342166,2026-07-05T10:34:47,291.81,0.373,F,1718.76,-7124.17,47.52490616,-122.26110077,E,,
5343270,2026-07-05T10:34:48,285.51,0.372,F,1718.38,-7124.05,47.52490616,-122.2611084,E,,
5344333,2026-07-05T10:34:49,273.94,0.374,F,1718,-7123.97,47.52490616,-122.26111603,E,,
5345396,2026-07-05T10:34:50,268.18,0.373,F,1717.61,-7123.96,47.52490616,-122.26111603,E,,
5346469,2026-07-05T10:34:51,264.48,0.374,F,1717.22,-7124,47.52490616,-122.26112366,E,,
5347541,2026-07-05T10:34:52,275.22,0.401,F,1716.8,-7124,47.52490616,-122.26113129,E,,
5348620,2026-07-05T10:34:53,281.16,0.429,F,1716.35,-7123.93,47.52490616,-122.26113892,E,,
5349690,2026-07-05T10:34:54,283.13,0.454,F,1715.9,-7123.83,47.52490616,-122.26113892,E,,
5350751,2026-07-05T10:34:55,284.49,0.47,F,1715.42,-7123.72,47.52490997,-122.26114655,E,,
5351830,2026-07-05T10:34:56,286,0.507,F,1714.91,-7123.57,47.52490997,-122.26115417,E,,
5352900,2026-07-05T10:34:57,287.78,0.547,F,1714.37,-7123.42,47.52490997,-122.2611618,E,,
5353988,2026-07-05T10:34:58,285.03,0.55,F,1713.8,-7123.25,47.52491379,-122.26116943,E,,
5355057,2026-07-05T10:34:59,283.39,0.555,F,1713.23,-7123.1,47.52491379,-122.26117706,E,,
5356127,2026-07-05T10:35:01,288.58,0.549,F,1712.65,-7122.98,47.52491379,-122.26118469,E,,
5357197,2026-07-05T10:35:02,285.29,0.554,F,1712.09,-7122.79,47.5249176,-122.26119232,E,,
5358284,2026-07-05T10:35:03,281.23,0.526,F,1711.52,-7122.67,47.5249176,-122.26119995,E,,
5359339,2026-07-05T10:35:04,277.64,0.501,F,1710.98,-7122.57,47.5249176,-122.26120758,E,,
5360401,2026-07-05T10:35:05,272.24,0.481,F,1710.46,-7122.53,47.5249176,-122.26121521,E,,
5361481,2026-07-05T10:35:06,271.33,0.475,F,1709.94,-7122.52,47.5249176,-122.26122284,E,,
5362552,2026-07-05T10:35:07,269.68,0.462,F,1709.44,-7122.52,47.5249176,-122.26123047,E,,
5363632,2026-07-05T10:35:08,265.66,0.453,F,1708.95,-7122.54,47.5249176,-122.2612381,E,,
5364701,2026-07-05T10:35:09,265.78,0.459,F,1708.47,-7122.58,47.5249176,-122.2612381,E,,
5365771,2026-07-05T10:35:10,262.88,0.472,F,1707.97,-7122.64,47.5249176,-122.26124573,E,,
5366838,2026-07-05T10:35:11,259.24,0.482,F,1707.47,-7122.7,47.5249176,-122.26125336,E,,
5367899,2026-07-05T10:35:12,259.14,0.491,F,1706.97,-7122.81,47.5249176,-122.26126099,E,,
5368970,2026-07-05T10:35:13,253.58,0.503,F,1706.45,-7122.93,47.52491379,-122.26126862,E,,
5370049,2026-07-05T10:35:14,250.16,0.522,F,1705.92,-7123.1,47.52491379,-122.26127625,E,,
5371119,2026-07-05T10:35:16,246.1,0.527,F,1705.41,-7123.3,47.52491379,-122.26128387,E,,
5372176,2026-07-05T10:35:17,251.88,0.521,F,1704.89,-7123.5,47.52490997,-122.2612915,E,,
5373213,2026-07-05T10:35:18,264.6,0.528,F,1704.35,-7123.6,47.52490997,-122.26129913,E,,
5374277,2026-07-05T10:35:19,273.27,0.5,F,1703.8,-7123.61,47.52490997,-122.26130676,E,,
5375368,2026-07-05T10:35:20,279.92,0.365,F,1703.33,-7123.56,47.52490997,-122.26130676,E,,
5376434,2026-07-05T10:35:21,282.74,0.256,F,1703.01,-7123.5,47.52490997,-122.26131439,E,,
5377506,2026-07-05T10:35:22,278,0.179,F,1702.78,-7123.45,47.52490997,-122.26131439,E,,
5378577,2026-07-05T10:35:23,270.5,0.125,F,1702.62,-7123.45,47.52490997,-122.26132202,E,,
5379659,2026-07-05T10:35:24,261.38,0,F,1702.51,-7123.45,47.52490997,-122.26132202,E,,
5380723,2026-07-05T10:35:25,268.68,0,F,1702.51,-7123.45,47.52490997,-122.26132202,E,,
5381804,2026-07-05T10:35:26,276.78,0,F,1702.51,-7123.45,47.52490997,-122.26132202,E,,
5382876,2026-07-05T10:35:27,271.95,0,F,1702.51,-7123.45,47.52490997,-122.26132202,E,,
5383932,2026-07-05T10:35:28,264.42,0,F,1702.51,-7123.45,47.52490997,-122.26132202,E,,
5385003,2026-07-05T10:35:29,259.17,0,F,1702.51,-7123.45,47.52490997,-122.26132202,E,,
5386084,2026-07-05T10:35:31,255.31,0,F,1702.51,-7123.45,47.52490997,-122.26132202,E,,
5387145,2026-07-05T10:35:32,250.09,0,F,1702.51,-7123.45,47.52490997,-122.26132202,E,,
5388207,2026-07-05T10:35:33,248.92,0,F,1702.51,-7123.45,47.52490997,-122.26132202,E,,
5389270,2026-07-05T10:35:34,246.62,0,F,1702.51,-7123.45,47.52490997,-122.26132202,E,,
5390333,2026-07-05T10:35:35,241.14,0,F,1702.51,-7123.45,47.52490997,-122.26132202,E,,
5391397,2026-07-05T10:35:36,238.63,0,F,1702.51,-7123.45,47.52490997,-122.26132202,E,,
5392468,2026-07-05T10:35:37,236,0,F,1702.51,-7123.45,47.52490997,-122.26132202,E,,
5393543,2026-07-05T10:35:38,232.26,0,F,1702.51,-7123.45,47.52490997,-122.26132202,E,,
5394615,2026-07-05T10:35:39,228.94,0,F,1702.51,-7123.45,47.52490997,-122.26132202,E,,
5395695,2026-07-05T10:35:40,225.96,0,F,1702.51,-7123.45,47.52490997,-122.26132202,E,,
5396756,2026-07-05T10:35:41,224.22,0,F,1702.51,-7123.45,47.52490997,-122.26132202,E,,
5397827,2026-07-05T10:35:42,221.95,0,F,1702.51,-7123.45,47.52490997,-122.26132202,E,,
5398879,2026-07-05T10:35:43,219.96,0,F,1702.51,-7123.45,47.52490997,-122.26132202,E,,
5399943,2026-07-05T10:35:44,213.56,0,F,1702.51,-7123.45,47.52490997,-122.26132202,E,,
5401014,2026-07-05T10:35:45,210.59,0,F,1702.51,-7123.45,47.52490997,-122.26132202,E,,
5402083,2026-07-05T10:35:47,210.69,0,F,1702.51,-7123.45,47.52490997,-122.26132202,E,,
5403163,2026-07-05T10:35:48,210.77,0,F,1702.51,-7123.45,47.52490997,-122.26132202,E,,
5404189,2026-07-05T10:35:49,211.75,0,F,1702.51,-7123.45,47.52490997,-122.26132202,E,,
5405255,2026-07-05T10:35:50,212.58,0,F,1702.51,-7123.45,47.52490997,-122.26132202,E,,
5406326,2026-07-05T10:35:51,213.13,0,F,1702.51,-7123.45,47.52490997,-122.26132202,E,,
5407409,2026-07-05T10:35:52,212.89,0,F,1702.51,-7123.45,47.52490997,-122.26132202,E,,
5408483,2026-07-05T10:35:53,211.53,0,F,1702.51,-7123.45,47.52490997,-122.26132202,E,,
5409545,2026-07-05T10:35:54,212.21,0,F,1702.51,-7123.45,47.52490997,-122.26132202,E,,
5410617,2026-07-05T10:35:55,212.2,0,F,1702.51,-7123.45,47.52490997,-122.26132202,E,,
5411679,2026-07-05T10:35:56,212.36,0,F,1702.51,-7123.45,47.52490997,-122.26132202,E,,
5412769,2026-07-05T10:35:57,212.49,0,F,1702.51,-7123.45,47.52490997,-122.26132202,E,,
5413848,2026-07-05T10:35:58,213.81,0,F,1702.51,-7123.45,47.52490997,-122.26132202,E,,
5414902,2026-07-05T10:35:59,213.16,0,F,1702.51,-7123.45,47.52490997,-122.26132202,E,,
5415972,2026-07-05T10:36:00,213.36,0,F,1702.51,-7123.45,47.52490997,-122.26132202,E,,
5417043,2026-07-05T10:36:01,209.51,0,F,1702.51,-7123.45,47.52490997,-122.26132202,E,,
5418123,2026-07-05T10:36:03,208.6,0,F,1702.51,-7123.45,47.52490997,-122.26132202,E,,
5419202,2026-07-05T10:36:04,207.03,0,F,1702.51,-7123.45,47.52490997,-122.26132202,E,,
5420282,2026-07-05T10:36:05,203.64,0,F,1702.51,-7123.45,47.52490997,-122.26132202,E,,
5421353,2026-07-05T10:36:06,201.9,0,F,1702.51,-7123.45,47.52490997,-122.26132202,E,,
5422416,2026-07-05T10:36:07,202.01,0,F,1702.51,-7123.45,47.52490997,-122.26132202,E,,
5423498,2026-07-05T10:36:08,202.04,0,F,1702.51,-7123.45,47.52490997,-122.26132202,E,,
5424579,2026-07-05T10:36:09,202.38,0,F,1702.51,-7123.45,47.52490997,-122.26132202,E,,
5425661,2026-07-05T10:36:10,202.96,0,F,1702.51,-7123.45,47.52490997,-122.26132202,E,,
5426741,2026-07-05T10:36:11,202.73,0,F,1702.51,-7123.45,47.52490997,-122.26132202,E,,
5427821,2026-07-05T10:36:12,203.36,0,F,1702.51,-7123.45,47.52490997,-122.26132202,E,,
5428884,2026-07-05T10:36:13,203.62,0,F,1702.51,-7123.45,47.52490997,-122.26132202,E,,
5429955,2026-07-05T10:36:14,203.88,0,F,1702.51,-7123.45,47.52490997,-122.26132202,E,,
5431019,2026-07-05T10:36:15,203.54,0,F,1702.51,-7123.45,47.52490997,-122.26132202,E,,
5432081,2026-07-05T10:36:17,203.51,0,F,1702.51,-7123.45,47.52490997,-122.26132202,E,,
5433161,2026-07-05T10:36:18,202.95,0,F,1702.51,-7123.45,47.52490997,-122.26132202,E,,
5434240,2026-07-05T10:36:19,202.46,0,F,1702.51,-7123.45,47.52490997,-122.26132202,E,,
5435339,2026-07-05T10:36:20,201.84,0,F,1702.51,-7123.45,47.52490997,-122.26132202,E,,
5436392,2026-07-05T10:36:21,203.81,0,F,1702.51,-7123.45,47.52490997,-122.26132202,E,,
5437455,2026-07-05T10:36:22,205.65,0,F,1702.51,-7123.45,47.52490997,-122.26132202,E,,
5438535,2026-07-05T10:36:23,207.42,0,F,1702.51,-7123.45,47.52490997,-122.26132202,E,,
5439614,2026-07-05T10:36:24,206.46,0,F,1702.51,-7123.45,47.52490997,-122.26132202,E,,
5440696,2026-07-05T10:36:25,206.36,0,F,1702.51,-7123.45,47.52490997,-122.26132202,E,,
5441765,2026-07-05T10:36:26,207.62,0,F,1702.51,-7123.45,47.52490997,-122.26132202,E,,
5442778,2026-07-05T10:36:27,208.3,0,F,1702.51,-7123.45,47.52490997,-122.26132202,E,,
5443838,2026-07-05T10:36:28,210.16,0,F,1702.51,-7123.45,47.52490997,-122.26132202,E,,
5444918,2026-07-05T10:36:29,226.7,0,F,1702.51,-7123.45,47.52490997,-122.26132202,E,,
5445987,2026-07-05T10:36:30,227.18,0,F,1702.51,-7123.45,47.52490997,-122.26132202,E,,
5447057,2026-07-05T10:36:31,212.95,0,F,1702.51,-7123.45,47.52490997,-122.26132202,E,,
5448119,2026-07-05T10:36:33,216.16,0,F,1702.51,-7123.45,47.52490997,-122.26132202,E,,
5449191,2026-07-05T10:36:34,224.2,0,F,1702.51,-7123.45,47.52490997,-122.26132202,E,,
5450272,2026-07-05T10:36:35,211.01,0,F,1702.51,-7123.45,47.52490997,-122.26132202,E,,
5451343,2026-07-05T10:36:36,190.74,0,F,1702.51,-7123.45,47.52490997,-122.26132202,E,,
5452414,2026-07-05T10:36:37,189.43,0,F,1702.51,-7123.45,47.52490997,-122.26132202,E,,
5453486,2026-07-05T10:36:38,172.64,0,F,1702.51,-7123.45,47.52490997,-122.26132202,E,,
5454559,2026-07-05T10:36:39,191.3,0,F,1702.51,-7123.45,47.52490997,-122.26132202,E,,
5455639,2026-07-05T10:36:40,176.96,0,F,1702.51,-7123.45,47.52490997,-122.26132202,E,,
5456717,2026-07-05T10:36:41,161.72,0,F,1702.51,-7123.45,47.52490997,-122.26132202,E,,
5457806,2026-07-05T10:36:42,168.4,0,F,1702.51,-7123.45,47.52490997,-122.26132202,E,,
5458867,2026-07-05T10:36:43,166.93,0,F,1702.51,-7123.45,47.52490997,-122.26132202,E,,
5459937,2026-07-05T10:36:44,161.24,0,F,1702.51,-7123.45,47.52490997,-122.26132202,E,,
5460942,2026-07-05T10:36:45,166.88,0,F,1702.51,-7123.45,47.52490997,-122.26132202,E,,
5462021,2026-07-05T10:36:46,174.54,0,F,1702.51,-7123.45,47.52490997,-122.26132202,E,,
5463100,2026-07-05T10:36:48,188.85,0,F,1702.51,-7123.45,47.52490997,-122.26132202,E,,
5464188,2026-07-05T10:36:49,209.76,0,F,1702.51,-7123.45,47.52490997,-122.26132202,E,,
5465267,2026-07-05T10:36:50,235.19,0,F,1702.51,-7123.45,47.52490997,-122.26132202,E,,
5466319,2026-07-05T10:36:51,231.01,0,F,1702.51,-7123.45,47.52490997,-122.26132202,E,,
5467391,2026-07-05T10:36:52,215.18,0,F,1702.51,-7123.45,47.52490997,-122.26132202,E,,
5468456,2026-07-05T10:36:53,211.43,0,F,1702.51,-7123.45,47.52490997,-122.26132202,E,,
5469526,2026-07-05T10:36:54,187.23,0,F,1702.51,-7123.45,47.52490997,-122.26132202,E,,
5470606,2026-07-05T10:36:55,190.5,0,F,1702.51,-7123.45,47.52490997,-122.26132202,E,,
5471650,2026-07-05T10:36:56,193.47,0,F,1702.51,-7123.45,47.52490997,-122.26132202,E,,
5472729,2026-07-05T10:36:57,194.42,0,F,1702.51,-7123.45,47.52490997,-122.26132202,E,,
5473798,2026-07-05T10:36:58,191.2,0,F,1702.51,-7123.45,47.52490997,-122.26132202,E,,
5474870,2026-07-05T10:36:59,207.52,0,F,1702.51,-7123.45,47.52490997,-122.26132202,E,,
5475949,2026-07-05T10:37:00,215.13,0,F,1702.51,-7123.45,47.52490997,-122.26132202,E,,
5477028,2026-07-05T10:37:01,220.1,0,F,1702.51,-7123.45,47.52490997,-122.26132202,E,,
5478091,2026-07-05T10:37:03,239.67,0,F,1702.51,-7123.45,47.52490997,-122.26132202,E,,
5479170,2026-07-05T10:37:04,220.16,0,F,1702.51,-7123.45,47.52490997,-122.26132202,E,,
5480249,2026-07-05T10:37:05,226.23,0,F,1702.51,-7123.45,47.52490997,-122.26132202,E,,
5481339,2026-07-05T10:37:06,216.86,0,F,1702.51,-7123.45,47.52490997,-122.26132202,E,,
5482391,2026-07-05T10:37:07,200.95,0,F,1702.51,-7123.45,47.52490997,-122.26132202,E,,
5483453,2026-07-05T10:37:08,193.48,0,F,1702.51,-7123.45,47.52490997,-122.26132202,E,,
5484533,2026-07-05T10:37:09,193.77,0,F,1702.51,-7123.45,47.52490997,-122.26132202,E,,
5485604,2026-07-05T10:37:10,185.76,0,F,1702.51,-7123.45,47.52490997,-122.26132202,E,,
5486674,2026-07-05T10:37:11,183.76,0,F,1702.51,-7123.45,47.52490997,-122.26132202,E,,
5487726,2026-07-05T10:37:12,183.66,0,F,1702.51,-7123.45,47.52490997,-122.26132202,E,,
5488815,2026-07-05T10:37:13,178.1,0,F,1702.51,-7123.45,47.52490997,-122.26132202,E,,
5489886,2026-07-05T10:37:14,176.24,0,F,1702.51,-7123.45,47.52490997,-122.26132202,E,,
5490965,2026-07-05T10:37:15,178.16,0,F,1702.51,-7123.45,47.52490997,-122.26132202,E,,
5492028,2026-07-05T10:37:16,181.54,0,F,1702.51,-7123.45,47.52490997,-122.26132202,E,,
5493107,2026-07-05T10:37:18,182.73,0,F,1702.51,-7123.45,47.52490997,-122.26132202,E,,
5494177,2026-07-05T10:37:19,185.23,0,F,1702.51,-7123.45,47.52490997,-122.26132202,E,,
5495237,2026-07-05T10:37:20,186.73,0,F,1702.51,-7123.45,47.52490997,-122.26132202,E,,
5496307,2026-07-05T10:37:21,191.63,0,F,1702.51,-7123.45,47.52490997,-122.26132202,E,,
5497352,2026-07-05T10:37:22,198.43,0,F,1702.51,-7123.45,47.52490997,-122.26132202,E,,
5498432,2026-07-05T10:37:23,202.98,0,F,1702.51,-7123.45,47.52490997,-122.26132202,E,,
5499496,2026-07-05T10:37:24,203.8,0,F,1702.51,-7123.45,47.52490997,-122.26132202,E,,
5500560,2026-07-05T10:37:25,201.6,0,F,1702.51,-7123.45,47.52490997,-122.26132202,E,,
5501632,2026-07-05T10:37:26,203.75,0,F,1702.51,-7123.45,47.52490997,-122.26132202,E,,
5502681,2026-07-05T10:37:27,203.46,0,F,1702.51,-7123.45,47.52490997,-122.26132202,E,,
5503744,2026-07-05T10:37:28,203.89,0,F,1702.51,-7123.45,47.52490997,-122.26132202,E,,
5504817,2026-07-05T10:37:29,203.51,0,F,1702.51,-7123.45,47.52490997,-122.26132202,E,,
5505904,2026-07-05T10:37:30,202.71,0,F,1702.51,-7123.45,47.52490997,-122.26132202,E,,
5506982,2026-07-05T10:37:31,201.75,0,F,1702.51,-7123.45,47.52490997,-122.26132202,E,,
5508060,2026-07-05T10:37:32,198.47,0,F,1702.51,-7123.45,47.52490997,-122.26132202,E,,
5509124,2026-07-05T10:37:34,196.5,0,F,1702.51,-7123.45,47.52490997,-122.26132202,E,,
5510212,2026-07-05T10:37:35,196.41,0,F,1702.51,-7123.45,47.52490997,-122.26132202,E,,
5511277,2026-07-05T10:37:36,197.74,0,F,1702.51,-7123.45,47.52490997,-122.26132202,E,,
5512348,2026-07-05T10:37:37,199.08,0,F,1702.51,-7123.45,47.52490997,-122.26132202,E,,
5513412,2026-07-05T10:37:38,200.3,0,F,1702.51,-7123.45,47.52490997,-122.26132202,E,,
5514492,2026-07-05T10:37:39,200.36,0,F,1702.51,-7123.45,47.52490997,-122.26132202,E,,
5515555,2026-07-05T10:37:40,199.18,0,F,1702.51,-7123.45,47.52490997,-122.26132202,E,,
5516616,2026-07-05T10:37:41,199.83,0,F,1702.51,-7123.45,47.52490997,-122.26132202,E,,
5517677,2026-07-05T10:37:42,198.34,0,F,1702.51,-7123.45,47.52490997,-122.26132202,E,,
5518755,2026-07-05T10:37:43,201.53,0,F,1702.51,-7123.45,47.52490997,-122.26132202,E,,
5519825,2026-07-05T10:37:44,203.67,0,F,1702.51,-7123.45,47.52490997,-122.26132202,E,,
5520897,2026-07-05T10:37:45,206.02,0,F,1702.51,-7123.45,47.52490997,-122.26132202,E,,
5521983,2026-07-05T10:37:46,208.5,0,F,1702.51,-7123.45,47.52490997,-122.26132202,E,,
5523062,2026-07-05T10:37:47,208.82,0,F,1702.51,-7123.45,47.52490997,-122.26132202,E,,
5524134,2026-07-05T10:37:49,205.52,0,F,1702.51,-7123.45,47.52490997,-122.26132202,E,,
5525214,2026-07-05T10:37:50,206.45,0,F,1702.51,-7123.45,47.52490997,-122.26132202,E,,
5526275,2026-07-05T10:37:51,210.98,0,F,1702.51,-7123.45,47.52490997,-122.26132202,E,,
5527347,2026-07-05T10:37:52,216.54,0,F,1702.51,-7123.45,47.52490997,-122.26132202,E,,
5528442,2026-07-05T10:37:53,222.15,0,F,1702.51,-7123.45,47.52490997,-122.26132202,E,,
5529512,2026-07-05T10:37:54,224.86,0,F,1702.51,-7123.45,47.52490997,-122.26132202,E,,
5530592,2026-07-05T10:37:55,248.24,0,F,1702.51,-7123.45,47.52490997,-122.26132202,E,,
5531664,2026-07-05T10:37:56,274.51,0,F,1702.51,-7123.45,47.52490997,-122.26132202,E,,
5532743,2026-07-05T10:37:57,273.6,0,F,1702.51,-7123.45,47.52490997,-122.26132202,E,,
5533821,2026-07-05T10:37:58,282.24,0,F,1702.51,-7123.45,47.52490997,-122.26132202,E,,
5534900,2026-07-05T10:37:59,296.3,0,F,1702.51,-7123.45,47.52490997,-122.26132202,E,,
5535996,2026-07-05T10:38:00,311.02,0,F,1702.51,-7123.45,47.52490997,-122.26132202,E,,
5537074,2026-07-05T10:38:01,324.58,0,F,1702.51,-7123.45,47.52490997,-122.26132202,E,,
5538135,2026-07-05T10:38:03,329.54,0,F,1702.51,-7123.45,47.52490997,-122.26132202,E,,
5539198,2026-07-05T10:38:04,329.83,0,F,1702.51,-7123.45,47.52490997,-122.26132202,E,,
5540268,2026-07-05T10:38:05,328.79,0,F,1702.51,-7123.45,47.52490997,-122.26132202,E,,
5541339,2026-07-05T10:38:06,326.35,0,F,1702.51,-7123.45,47.52490997,-122.26132202,E,,
5542400,2026-07-05T10:38:07,329.01,0,F,1702.51,-7123.45,47.52490997,-122.26132202,E,,
5543471,2026-07-05T10:38:08,336.57,0,F,1702.51,-7123.45,47.52490997,-122.26132202,E,,
5544541,2026-07-05T10:38:09,338.1,0,F,1702.51,-7123.45,47.52490997,-122.26132202,E,,
5545612,2026-07-05T10:38:10,334.84,0,F,1702.51,-7123.45,47.52490997,-122.26132202,E,,
5546681,2026-07-05T10:38:11,331.06,0,F,1702.51,-7123.45,47.52490997,-122.26132202,E,,
5547760,2026-07-05T10:38:12,328.73,0,F,1702.51,-7123.45,47.52490997,-122.26132202,E,,
5548839,2026-07-05T10:38:13,328.57,0,F,1702.51,-7123.45,47.52490997,-122.26132202,E,,
5549917,2026-07-05T10:38:14,330.77,0,F,1702.51,-7123.45,47.52490997,-122.26132202,E,,
5550997,2026-07-05T10:38:15,331.78,0,F,1702.51,-7123.45,47.52490997,-122.26132202,E,,
5552057,2026-07-05T10:38:16,329.36,0,F,1702.51,-7123.45,47.52490997,-122.26132202,E,,
5553135,2026-07-05T10:38:18,324.22,0,F,1702.51,-7123.45,47.52490997,-122.26132202,E,,
5554196,2026-07-05T10:38:19,317.55,0,F,1702.51,-7123.45,47.52490997,-122.26132202,E,,
5555284,2026-07-05T10:38:20,311.7,0,F,1702.51,-7123.45,47.52490997,-122.26132202,E,,
5556336,2026-07-05T10:38:21,308.01,0,F,1702.51,-7123.45,47.52490997,-122.26132202,E,,
5557406,2026-07-05T10:38:22,303.49,0,F,1702.51,-7123.45,47.52490997,-122.26132202,E,,
5558444,2026-07-05T10:38:23,300.55,0,F,1702.51,-7123.45,47.52490997,-122.26132202,E,,
5559515,2026-07-05T10:38:24,296.04,0,F,1702.51,-7123.45,47.52490997,-122.26132202,E,,
5560596,2026-07-05T10:38:25,295.5,0,F,1702.51,-7123.45,47.52490997,-122.26132202,E,,
5561667,2026-07-05T10:38:26,297.95,0,F,1702.51,-7123.45,47.52490997,-122.26132202,E,,
5562745,2026-07-05T10:38:27,298.2,0,F,1702.51,-7123.45,47.52490997,-122.26132202,E,,
5563814,2026-07-05T10:38:28,299.8,0,F,1702.51,-7123.45,47.52490997,-122.26132202,E,,
5564884,2026-07-05T10:38:29,301.19,0,F,1702.51,-7123.45,47.52490997,-122.26132202,E,,
5565972,2026-07-05T10:38:30,300.5,0,F,1702.51,-7123.45,47.52490997,-122.26132202,E,,
5567042,2026-07-05T10:38:31,296.99,0,F,1702.51,-7123.45,47.52490997,-122.26132202,E,,
5568129,2026-07-05T10:38:33,297.87,0,F,1702.51,-7123.45,47.52490997,-122.26132202,E,,
5569201,2026-07-05T10:38:34,298.37,0,F,1702.51,-7123.45,47.52490997,-122.26132202,E,,
5570271,2026-07-05T10:38:35,296.79,0,F,1702.51,-7123.45,47.52490997,-122.26132202,E,,
5571343,2026-07-05T10:38:36,294.56,0,F,1702.51,-7123.45,47.52490997,-122.26132202,E,,
5572396,2026-07-05T10:38:37,296.23,0,F,1702.51,-7123.45,47.52490997,-122.26132202,E,,
5573467,2026-07-05T10:38:38,297.1,0,F,1702.51,-7123.45,47.52490997,-122.26132202,E,,
5574540,2026-07-05T10:38:39,298.78,0,F,1702.51,-7123.45,47.52490997,-122.26132202,E,,
5575603,2026-07-05T10:38:40,310.23,0,F,1702.51,-7123.45,47.52490997,-122.26132202,E,,
5576654,2026-07-05T10:38:41,324.65,0,F,1702.51,-7123.45,47.52490997,-122.26132202,E,,
5577725,2026-07-05T10:38:42,328.16,0,F,1702.51,-7123.45,47.52490997,-122.26132202,E,,
5578795,2026-07-05T10:38:43,327.34,0,F,1702.51,-7123.45,47.52490997,-122.26132202,E,,
5579857,2026-07-05T10:38:44,334.02,0,F,1702.51,-7123.45,47.52490997,-122.26132202,E,,
5580936,2026-07-05T10:38:45,336.87,0,F,1702.51,-7123.45,47.52490997,-122.26132202,E,,
5582008,2026-07-05T10:38:46,336.73,0,F,1702.51,-7123.45,47.52490997,-122.26132202,E,,
5583070,2026-07-05T10:38:47,336.63,0,F,1702.51,-7123.45,47.52490997,-122.26132202,E,,
5584159,2026-07-05T10:38:49,336.7,0,F,1702.51,-7123.45,47.52490997,-122.26132202,E,,
5585231,2026-07-05T10:38:50,336.43,0,F,1702.51,-7123.45,47.52490997,-122.26132202,E,,
5586311,2026-07-05T10:38:51,337.81,0,F,1702.51,-7123.45,47.52490997,-122.26132202,E,,
5587375,2026-07-05T10:38:52,338.57,0,F,1702.51,-7123.45,47.52490997,-122.26132202,E,,
5588447,2026-07-05T10:38:53,339.45,0,F,1702.51,-7123.45,47.52490997,-122.26132202,E,,
5589479,2026-07-05T10:38:54,340.29,0,F,1702.51,-7123.45,47.52490997,-122.26132202,E,,
5590552,2026-07-05T10:38:55,341.16,0,F,1702.51,-7123.45,47.52490997,-122.26132202,E,,
5591641,2026-07-05T10:38:56,340.54,0,F,1702.51,-7123.45,47.52490997,-122.26132202,E,,
5592692,2026-07-05T10:38:57,338.87,0,F,1702.51,-7123.45,47.52490997,-122.26132202,E,,
5593763,2026-07-05T10:38:58,338.22,0,F,1702.51,-7123.45,47.52490997,-122.26132202,E,,
5594823,2026-07-05T10:38:59,338.7,0,F,1702.51,-7123.45,47.52490997,-122.26132202,E,,
5595893,2026-07-05T10:39:00,338.11,0,F,1702.51,-7123.45,47.52490997,-122.26132202,E,,
5596956,2026-07-05T10:39:01,338.23,0,F,1702.51,-7123.45,47.52490997,-122.26132202,E,,
5598017,2026-07-05T10:39:02,337.24,0,F,1702.51,-7123.45,47.52490997,-122.26132202,E,,
5599096,2026-07-05T10:39:04,337.39,0,F,1702.51,-7123.45,47.52490997,-122.26132202,E,,
5600167,2026-07-05T10:39:05,337.11,0,F,1702.51,-7123.45,47.52490997,-122.26132202,E,,
5601245,2026-07-05T10:39:06,336.57,0,F,1702.51,-7123.45,47.52490997,-122.26132202,E,,
5602324,2026-07-05T10:39:07,337.72,0,F,1702.51,-7123.45,47.52490997,-122.26132202,E,,
5603396,2026-07-05T10:39:08,338.54,0,F,1702.51,-7123.45,47.52490997,-122.26132202,E,,
5604476,2026-07-05T10:39:09,338.73,0,F,1702.51,-7123.45,47.52490997,-122.26132202,E,,
5605556,2026-07-05T10:39:10,339.08,0,F,1702.51,-7123.45,47.52490997,-122.26132202,E,,
5606627,2026-07-05T10:39:11,336.7,0,F,1702.51,-7123.45,47.52490997,-122.26132202,E,,
5607697,2026-07-05T10:39:12,332.82,0,F,1702.51,-7123.45,47.52490997,-122.26132202,E,,
5608777,2026-07-05T10:39:13,331.24,0,F,1702.51,-7123.45,47.52490997,-122.26132202,E,,
5609857,2026-07-05T10:39:14,335.19,0,F,1702.51,-7123.45,47.52490997,-122.26132202,E,,
5610927,2026-07-05T10:39:15,341.09,0,F,1702.51,-7123.45,47.52490997,-122.26132202,E,,
5612006,2026-07-05T10:39:16,339.67,0,F,1702.51,-7123.45,47.52490997,-122.26132202,E,,
5613076,2026-07-05T10:39:18,339.39,0,F,1702.51,-7123.45,47.52490997,-122.26132202,E,,
5614164,2026-07-05T10:39:19,340.32,0,F,1702.51,-7123.45,47.52490997,-122.26132202,E,,
5615233,2026-07-05T10:39:20,338.79,0,F,1702.51,-7123.45,47.52490997,-122.26132202,E,,
5616321,2026-07-05T10:39:21,337.91,0,F,1702.51,-7123.45,47.52490997,-122.26132202,E,,
5617411,2026-07-05T10:39:22,338.04,0,F,1702.51,-7123.45,47.52490997,-122.26132202,E,,
5618472,2026-07-05T10:39:23,336.52,0,F,1702.51,-7123.45,47.52490997,-122.26132202,E,,
5619555,2026-07-05T10:39:24,334.21,0,F,1702.51,-7123.45,47.52490997,-122.26132202,E,,
5620635,2026-07-05T10:39:25,334.57,0,F,1702.51,-7123.45,47.52490997,-122.26132202,E,,
5621704,2026-07-05T10:39:26,335.36,0,F,1702.51,-7123.45,47.52490997,-122.26132202,E,,
5622775,2026-07-05T10:39:27,337.01,0,F,1702.51,-7123.45,47.52490997,-122.26132202,E,,
5623865,2026-07-05T10:39:28,335.93,0,F,1702.51,-7123.45,47.52490997,-122.26132202,E,,
5624945,2026-07-05T10:39:29,335.65,0,F,1702.51,-7123.45,47.52490997,-122.26132202,E,,
5626026,2026-07-05T10:39:30,335.31,0,F,1702.51,-7123.45,47.52490997,-122.26132202,E,,
5627098,2026-07-05T10:39:32,337.68,0,F,1702.51,-7123.45,47.52490997,-122.26132202,E,,
5628159,2026-07-05T10:39:33,336.71,0,F,1702.51,-7123.45,47.52490997,-122.26132202,E,,
5629239,2026-07-05T10:39:34,329.88,0,F,1702.51,-7123.45,47.52490997,-122.26132202,E,,
5630329,2026-07-05T10:39:35,326.98,0,F,1702.51,-7123.45,47.52490997,-122.26132202,E,,
5631410,2026-07-05T10:39:36,327.95,0,F,1702.51,-7123.45,47.52490997,-122.26132202,E,,
5632473,2026-07-05T10:39:37,331.17,0,F,1702.51,-7123.45,47.52490997,-122.26132202,E,,
5633535,2026-07-05T10:39:38,331.6,0,F,1702.51,-7123.45,47.52490997,-122.26132202,E,,
5634608,2026-07-05T10:39:39,333.2,0,F,1702.51,-7123.45,47.52490997,-122.26132202,E,,
5635699,2026-07-05T10:39:40,335.86,0,F,1702.51,-7123.45,47.52490997,-122.26132202,E,,
5636770,2026-07-05T10:39:41,336.49,0,F,1702.51,-7123.45,47.52490997,-122.26132202,E,,
5637843,2026-07-05T10:39:42,332.6,0,F,1702.51,-7123.45,47.52490997,-122.26132202,E,,
5638900,2026-07-05T10:39:43,332.74,0,F,1702.51,-7123.45,47.52490997,-122.26132202,E,,
5639972,2026-07-05T10:39:44,330.19,0,F,1702.51,-7123.45,47.52490997,-122.26132202,E,,
5641043,2026-07-05T10:39:45,330.41,0,F,1702.51,-7123.45,47.52490997,-122.26132202,E,,
5642113,2026-07-05T10:39:47,331.73,0,F,1702.51,-7123.45,47.52490997,-122.26132202,E,,
5643175,2026-07-05T10:39:48,329.45,0,F,1702.51,-7123.45,47.52490997,-122.26132202,E,,
5644239,2026-07-05T10:39:49,329.85,0,F,1702.51,-7123.45,47.52490997,-122.26132202,E,,
5645276,2026-07-05T10:39:50,328.94,0,F,1702.51,-7123.45,47.52490997,-122.26132202,E,,
5646338,2026-07-05T10:39:51,328.16,0,F,1702.51,-7123.45,47.52490997,-122.26132202,E,,
5647420,2026-07-05T10:39:52,329.46,0,F,1702.51,-7123.45,47.52490997,-122.26132202,E,,
5648490,2026-07-05T10:39:53,330.57,0,F,1702.51,-7123.45,47.52490997,-122.26132202,E,,
5649536,2026-07-05T10:39:54,328.97,0,F,1702.51,-7123.45,47.52490997,-122.26132202,E,,
5650601,2026-07-05T10:39:55,327.56,0,F,1702.51,-7123.45,47.52490997,-122.26132202,E,,
5651672,2026-07-05T10:39:56,327.64,0,F,1702.51,-7123.45,47.52490997,-122.26132202,E,,
5652762,2026-07-05T10:39:57,330.59,0,F,1702.51,-7123.45,47.52490997,-122.26132202,E,,
5653841,2026-07-05T10:39:58,332.66,0,F,1702.51,-7123.45,47.52490997,-122.26132202,E,,
5654914,2026-07-05T10:39:59,332.5,0,F,1702.51,-7123.45,47.52490997,-122.26132202,E,,
5655986,2026-07-05T10:40:00,333.45,0,F,1702.51,-7123.45,47.52490997,-122.26132202,E,,
5657056,2026-07-05T10:40:01,333.15,0,F,1702.51,-7123.45,47.52490997,-122.26132202,E,,
5658137,2026-07-05T10:40:03,335.84,0,F,1702.51,-7123.45,47.52490997,-122.26132202,E,,
5659219,2026-07-05T10:40:04,334.75,0,F,1702.51,-7123.45,47.52490997,-122.26132202,E,,
5660292,2026-07-05T10:40:05,333.06,0,F,1702.51,-7123.45,47.52490997,-122.26132202,E,,
5661355,2026-07-05T10:40:06,335.29,0,F,1702.51,-7123.45,47.52490997,-122.26132202,E,,
5662447,2026-07-05T10:40:07,334.88,0,F,1702.51,-7123.45,47.52490997,-122.26132202,E,,
5663522,2026-07-05T10:40:08,333.54,0,F,1702.51,-7123.45,47.52490997,-122.26132202,E,,
5664585,2026-07-05T10:40:09,335.35,0,F,1702.51,-7123.45,47.52490997,-122.26132202,E,,
5665649,2026-07-05T10:40:10,335.3,0,F,1702.51,-7123.45,47.52490997,-122.26132202,E,,
5666711,2026-07-05T10:40:11,337.79,0,F,1702.51,-7123.45,47.52490997,-122.26132202,E,,
5667784,2026-07-05T10:40:12,337.06,0,F,1702.51,-7123.45,47.52490997,-122.26132202,E,,
5668855,2026-07-05T10:40:13,336.69,0,F,1702.51,-7123.45,47.52490997,-122.26132202,E,,
5669918,2026-07-05T10:40:14,334.44,0,F,1702.51,-7123.45,47.52490997,-122.26132202,E,,
5670998,2026-07-05T10:40:15,332.17,0,F,1702.51,-7123.45,47.52490997,-122.26132202,E,,
5672069,2026-07-05T10:40:16,333.07,0,F,1702.51,-7123.45,47.52490997,-122.26132202,E,,
5673140,2026-07-05T10:40:18,335.73,0,F,1702.51,-7123.45,47.52490997,-122.26132202,E,,
5674211,2026-07-05T10:40:19,339.13,0,F,1702.51,-7123.45,47.52490997,-122.26132202,E,,
5675273,2026-07-05T10:40:20,338.01,0,F,1702.51,-7123.45,47.52490997,-122.26132202,E,,
5676344,2026-07-05T10:40:21,337.13,0,F,1702.51,-7123.45,47.52490997,-122.26132202,E,,
5677425,2026-07-05T10:40:22,335.12,0,F,1702.51,-7123.45,47.52490997,-122.26132202,E,,
5678514,2026-07-05T10:40:23,334.31,0,F,1702.51,-7123.45,47.52490997,-122.26132202,E,,
5679515,2026-07-05T10:40:24,335.43,0,F,1702.51,-7123.45,47.52490997,-122.26132202,E,,
5680594,2026-07-05T10:40:25,335.99,0,F,1702.51,-7123.45,47.52490997,-122.26132202,E,,
5681666,2026-07-05T10:40:26,337.64,0,F,1702.51,-7123.45,47.52490997,-122.26132202,E,,
5682747,2026-07-05T10:40:27,338.36,0,F,1702.51,-7123.45,47.52490997,-122.26132202,E,,
5683818,2026-07-05T10:40:28,338.92,0,F,1702.51,-7123.45,47.52490997,-122.26132202,E,,
5684889,2026-07-05T10:40:29,338.45,0,F,1702.51,-7123.45,47.52490997,-122.26132202,E,,
5685979,2026-07-05T10:40:30,339.36,0,F,1702.51,-7123.45,47.52490997,-122.26132202,E,,
5687059,2026-07-05T10:40:31,340.13,0,F,1702.51,-7123.45,47.52490997,-122.26132202,E,,
5688131,2026-07-05T10:40:33,338.5,0,F,1702.51,-7123.45,47.52490997,-122.26132202,E,,
5689212,2026-07-05T10:40:34,336.66,0,F,1702.51,-7123.45,47.52490997,-122.26132202,E,,
5690283,2026-07-05T10:40:35,339.14,0,F,1702.51,-7123.45,47.52490997,-122.26132202,E,,
5691337,2026-07-05T10:40:36,340.13,0,F,1702.51,-7123.45,47.52490997,-122.26132202,E,,
5692398,2026-07-05T10:40:37,341.1,0,F,1702.51,-7123.45,47.52490997,-122.26132202,E,,
5693480,2026-07-05T10:40:38,341.23,0,F,1702.51,-7123.45,47.52490997,-122.26132202,E,,
5694564,2026-07-05T10:40:39,340.71,0,F,1702.51,-7123.45,47.52490997,-122.26132202,E,,
5695646,2026-07-05T10:40:40,340.18,0,F,1702.51,-7123.45,47.52490997,-122.26132202,E,,
5696726,2026-07-05T10:40:41,339.31,0,F,1702.51,-7123.45,47.52490997,-122.26132202,E,,
5697808,2026-07-05T10:40:42,338.69,0,F,1702.51,-7123.45,47.52490997,-122.26132202,E,,
5698888,2026-07-05T10:40:43,337.36,0,F,1702.51,-7123.45,47.52490997,-122.26132202,E,,
5699969,2026-07-05T10:40:44,338.3,0,F,1702.51,-7123.45,47.52490997,-122.26132202,E,,
5701035,2026-07-05T10:40:45,339.21,0,F,1702.51,-7123.45,47.52490997,-122.26132202,E,,
5702107,2026-07-05T10:40:47,340.27,0,F,1702.51,-7123.45,47.52490997,-122.26132202,E,,
5703187,2026-07-05T10:40:48,340.83,0,F,1702.51,-7123.45,47.52490997,-122.26132202,E,,
5704267,2026-07-05T10:40:49,340.44,0,F,1702.51,-7123.45,47.52490997,-122.26132202,E,,
5705337,2026-07-05T10:40:50,338.83,0,F,1702.51,-7123.45,47.52490997,-122.26132202,E,,
5706408,2026-07-05T10:40:51,338.67,0,F,1702.51,-7123.45,47.52490997,-122.26132202,E,,
5707481,2026-07-05T10:40:52,337.35,0,F,1702.51,-7123.45,47.52490997,-122.26132202,E,,
5708561,2026-07-05T10:40:53,336.65,0,F,1702.51,-7123.45,47.52490997,-122.26132202,E,,
5709593,2026-07-05T10:40:54,336.43,0,F,1702.51,-7123.45,47.52490997,-122.26132202,E,,
5710664,2026-07-05T10:40:55,336.99,0,F,1702.51,-7123.45,47.52490997,-122.26132202,E,,
5711753,2026-07-05T10:40:56,337.55,0,F,1702.51,-7123.45,47.52490997,-122.26132202,E,,
5712816,2026-07-05T10:40:57,340.07,0,F,1702.51,-7123.45,47.52490997,-122.26132202,E,,
5713862,2026-07-05T10:40:58,340.87,0,F,1702.51,-7123.45,47.52490997,-122.26132202,E,,
5714927,2026-07-05T10:40:59,341.69,0,F,1702.51,-7123.45,47.52490997,-122.26132202,E,,
5716005,2026-07-05T10:41:00,341.42,0,F,1702.51,-7123.45,47.52490997,-122.26132202,E,,
5717083,2026-07-05T10:41:02,340.46,0,F,1702.51,-7123.45,47.52490997,-122.26132202,E,,
5718163,2026-07-05T10:41:03,339.25,0,F,1702.51,-7123.45,47.52490997,-122.26132202,E,,
5719232,2026-07-05T10:41:04,341.35,0,F,1702.51,-7123.45,47.52490997,-122.26132202,E,,
5720294,2026-07-05T10:41:05,340.32,0,F,1702.51,-7123.45,47.52490997,-122.26132202,E,,
5721373,2026-07-05T10:41:06,340.74,0,F,1702.51,-7123.45,47.52490997,-122.26132202,E,,
5722457,2026-07-05T10:41:07,340.62,0,F,1702.51,-7123.45,47.52490997,-122.26132202,E,,
5723537,2026-07-05T10:41:08,341.09,0,F,1702.51,-7123.45,47.52490997,-122.26132202,E,,
5724617,2026-07-05T10:41:09,340.29,0,F,1702.51,-7123.45,47.52490997,-122.26132202,E,,
5725696,2026-07-05T10:41:10,341.39,0,F,1702.51,-7123.45,47.52490997,-122.26132202,E,,
5726769,2026-07-05T10:41:11,342.16,0,F,1702.51,-7123.45,47.52490997,-122.26132202,E,,
5727856,2026-07-05T10:41:12,340.71,0,F,1702.51,-7123.45,47.52490997,-122.26132202,E,,
5728934,2026-07-05T10:41:13,340.11,0,F,1702.51,-7123.45,47.52490997,-122.26132202,E,,
5730012,2026-07-05T10:41:14,341.1,0,F,1702.51,-7123.45,47.52490997,-122.26132202,E,,
5731091,2026-07-05T10:41:16,340.83,0,F,1702.51,-7123.45,47.52490997,-122.26132202,E,,
5732170,2026-07-05T10:41:17,340.84,0,F,1702.51,-7123.45,47.52490997,-122.26132202,E,,
5733239,2026-07-05T10:41:18,342.25,0,F,1702.51,-7123.45,47.52490997,-122.26132202,E,,
5734309,2026-07-05T10:41:19,340.56,0,F,1702.51,-7123.45,47.52490997,-122.26132202,E,,
5735389,2026-07-05T10:41:20,340.15,0,F,1702.51,-7123.45,47.52490997,-122.26132202,E,,
5736460,2026-07-05T10:41:21,341.99,0,F,1702.51,-7123.45,47.52490997,-122.26132202,E,,
5737531,2026-07-05T10:41:22,342.04,0,F,1702.51,-7123.45,47.52490997,-122.26132202,E,,
5738610,2026-07-05T10:41:23,342.57,0,F,1702.51,-7123.45,47.52490997,-122.26132202,E,,
5739651,2026-07-05T10:41:24,343.55,0,F,1702.51,-7123.45,47.52490997,-122.26132202,E,,
5740730,2026-07-05T10:41:25,340.94,0,F,1702.51,-7123.45,47.52490997,-122.26132202,E,,
5741802,2026-07-05T10:41:26,338.76,0,F,1702.51,-7123.45,47.52490997,-122.26132202,E,,
5742879,2026-07-05T10:41:27,337.39,0,F,1702.51,-7123.45,47.52490997,-122.26132202,E,,
5743950,2026-07-05T10:41:28,339.04,0,F,1702.51,-7123.45,47.52490997,-122.26132202,E,,
5745029,2026-07-05T10:41:29,339.27,0,F,1702.51,-7123.45,47.52490997,-122.26132202,E,,
5746092,2026-07-05T10:41:31,340.85,0,F,1702.51,-7123.45,47.52490997,-122.26132202,E,,
5747164,2026-07-05T10:41:32,343.29,0,F,1702.51,-7123.45,47.52490997,-122.26132202,E,,
5748244,2026-07-05T10:41:33,342.74,0,F,1702.51,-7123.45,47.52490997,-122.26132202,E,,
5749314,2026-07-05T10:41:34,341.43,0,F,1702.51,-7123.45,47.52490997,-122.26132202,E,,
5750376,2026-07-05T10:41:35,342.36,0,F,1702.51,-7123.45,47.52490997,-122.26132202,E,,
5751440,2026-07-05T10:41:36,342.06,0,F,1702.51,-7123.45,47.52490997,-122.26132202,E,,
5752511,2026-07-05T10:41:37,343.45,0,F,1702.51,-7123.45,47.52490997,-122.26132202,E,,
5753582,2026-07-05T10:41:38,341.51,0,F,1702.51,-7123.45,47.52490997,-122.26132202,E,,
5754663,2026-07-05T10:41:39,337.43,0,F,1702.51,-7123.45,47.52490997,-122.26132202,E,,
5755751,2026-07-05T10:41:40,336.92,0,F,1702.51,-7123.45,47.52490997,-122.26132202,E,,
5756820,2026-07-05T10:41:41,340.74,0,F,1702.51,-7123.45,47.52490997,-122.26132202,E,,
5757907,2026-07-05T10:41:42,340.21,0,F,1702.51,-7123.45,47.52490997,-122.26132202,E,,
5758977,2026-07-05T10:41:43,341.24,0,F,1702.51,-7123.45,47.52490997,-122.26132202,E,,
5760047,2026-07-05T10:41:44,342.54,0,F,1702.51,-7123.45,47.52490997,-122.26132202,E,,
5761143,2026-07-05T10:41:46,344.21,0,F,1702.51,-7123.45,47.52490997,-122.26132202,E,,
5762203,2026-07-05T10:41:47,343.25,0,F,1702.51,-7123.45,47.52490997,-122.26132202,E,,
5763273,2026-07-05T10:41:48,341.92,0,F,1702.51,-7123.45,47.52490997,-122.26132202,E,,
5764328,2026-07-05T10:41:49,341.26,0,F,1702.51,-7123.45,47.52490997,-122.26132202,E,,
5765407,2026-07-05T10:41:50,341.53,0,F,1702.51,-7123.45,47.52490997,-122.26132202,E,,
5766481,2026-07-05T10:41:51,341.29,0,F,1702.51,-7123.45,47.52490997,-122.26132202,E,,
5767555,2026-07-05T10:41:52,340.36,0,F,1702.51,-7123.45,47.52490997,-122.26132202,E,,
5768636,2026-07-05T10:41:53,341.34,0,F,1702.51,-7123.45,47.52490997,-122.26132202,E,,
5769718,2026-07-05T10:41:54,339.11,0,F,1702.51,-7123.45,47.52490997,-122.26132202,E,,
5770806,2026-07-05T10:41:55,339.58,0,F,1702.51,-7123.45,47.52490997,-122.26132202,E,,
5771877,2026-07-05T10:41:56,340.32,0,F,1702.51,-7123.45,47.52490997,-122.26132202,E,,
5772930,2026-07-05T10:41:57,339.91,0,F,1702.51,-7123.45,47.52490997,-122.26132202,E,,
5774010,2026-07-05T10:41:58,341.17,0,F,1702.51,-7123.45,47.52490997,-122.26132202,E,,
5775072,2026-07-05T10:41:59,342.18,0,F,1702.51,-7123.45,47.52490997,-122.26132202,E,,
5776142,2026-07-05T10:42:01,341.99,0,F,1702.51,-7123.45,47.52490997,-122.26132202,E,,
5777212,2026-07-05T10:42:02,342.57,0,F,1702.51,-7123.45,47.52490997,-122.26132202,E,,
5778291,2026-07-05T10:42:03,342.85,0,F,1702.51,-7123.45,47.52490997,-122.26132202,E,,
5779345,2026-07-05T10:42:04,343.72,0,F,1702.51,-7123.45,47.52490997,-122.26132202,E,,
5780415,2026-07-05T10:42:05,341.96,0,F,1702.51,-7123.45,47.52490997,-122.26132202,E,,
5781451,2026-07-05T10:42:06,343.41,0,F,1702.51,-7123.45,47.52490997,-122.26132202,E,,
5782514,2026-07-05T10:42:07,344.25,0,F,1702.51,-7123.45,47.52490997,-122.26132202,E,,
5783594,2026-07-05T10:42:08,343,0,F,1702.51,-7123.45,47.52490997,-122.26132202,E,,
5784665,2026-07-05T10:42:09,342.33,0,F,1702.51,-7123.45,47.52490997,-122.26132202,E,,
5785734,2026-07-05T10:42:10,342.92,0,F,1702.51,-7123.45,47.52490997,-122.26132202,E,,
5786804,2026-07-05T10:42:11,341.09,0,F,1702.51,-7123.45,47.52490997,-122.26132202,E,,
5787883,2026-07-05T10:42:12,341.5,0,F,1702.51,-7123.45,47.52490997,-122.26132202,E,,
5788953,2026-07-05T10:42:13,341.52,0,F,1702.51,-7123.45,47.52490997,-122.26132202,E,,
5790040,2026-07-05T10:42:14,339.46,0,F,1702.51,-7123.45,47.52490997,-122.26132202,E,,
5791118,2026-07-05T10:42:16,336.33,0,F,1702.51,-7123.45,47.52490997,-122.26132202,E,,
5792196,2026-07-05T10:42:17,334.18,0,F,1702.51,-7123.45,47.52490997,-122.26132202,E,,
5793275,2026-07-05T10:42:18,329.51,0,F,1702.51,-7123.45,47.52490997,-122.26132202,E,,
5794336,2026-07-05T10:42:19,327.61,0,F,1702.51,-7123.45,47.52490997,-122.26132202,E,,
5795406,2026-07-05T10:42:20,327.17,0,F,1702.51,-7123.45,47.52490997,-122.26132202,E,,
5796477,2026-07-05T10:42:21,321.61,0,F,1702.51,-7123.45,47.52490997,-122.26132202,E,,
5797557,2026-07-05T10:42:22,322.09,0,F,1702.51,-7123.45,47.52490997,-122.26132202,E,,
5798636,2026-07-05T10:42:23,324.26,0,F,1702.51,-7123.45,47.52490997,-122.26132202,E,,
5799664,2026-07-05T10:42:24,324.19,0,F,1702.51,-7123.45,47.52490997,-122.26132202,E,,
5800743,2026-07-05T10:42:25,327,0,F,1702.51,-7123.45,47.52490997,-122.26132202,E,,
5801813,2026-07-05T10:42:26,333.02,0,F,1702.51,-7123.45,47.52490997,-122.26132202,E,,
5802901,2026-07-05T10:42:27,331.76,0,F,1702.51,-7123.45,47.52490997,-122.26132202,E,,
5803980,2026-07-05T10:42:28,330.52,0,F,1702.51,-7123.45,47.52490997,-122.26132202,E,,
5805058,2026-07-05T10:42:29,334.53,0,F,1702.51,-7123.45,47.52490997,-122.26132202,E,,
5806146,2026-07-05T10:42:31,331.71,0,F,1702.51,-7123.45,47.52490997,-122.26132202,E,,
5807216,2026-07-05T10:42:32,330.1,0,F,1702.51,-7123.45,47.52490997,-122.26132202,E,,
5808295,2026-07-05T10:42:33,330.37,0,F,1702.51,-7123.45,47.52490997,-122.26132202,E,,
5809374,2026-07-05T10:42:34,328.85,0,F,1702.51,-7123.45,47.52490997,-122.26132202,E,,
5810446,2026-07-05T10:42:35,328.17,0,F,1702.51,-7123.45,47.52490997,-122.26132202,E,,
5811517,2026-07-05T10:42:36,332.14,0,F,1702.51,-7123.45,47.52490997,-122.26132202,E,,
5812572,2026-07-05T10:42:37,332.14,0,F,1702.51,-7123.45,47.52490997,-122.26132202,E,,
5813643,2026-07-05T10:42:38,334.87,0,F,1702.51,-7123.45,47.52490997,-122.26132202,E,,
5814722,2026-07-05T10:42:39,335.37,0,F,1702.51,-7123.45,47.52490997,-122.26132202,E,,
5815800,2026-07-05T10:42:40,331.87,0,F,1702.51,-7123.45,47.52490997,-122.26132202,E,,
5816870,2026-07-05T10:42:41,327.61,0,F,1702.51,-7123.45,47.52490997,-122.26132202,E,,
5817940,2026-07-05T10:42:42,327.04,0,F,1702.51,-7123.45,47.52490997,-122.26132202,E,,
5819001,2026-07-05T10:42:43,321.39,0,F,1702.51,-7123.45,47.52490997,-122.26132202,E,,
5820097,2026-07-05T10:42:45,322.93,0,F,1702.51,-7123.45,47.52490997,-122.26132202,E,,
5821149,2026-07-05T10:42:46,328.58,0,F,1702.51,-7123.45,47.52490997,-122.26132202,E,,
5822219,2026-07-05T10:42:47,328.02,0,F,1702.51,-7123.45,47.52490997,-122.26132202,E,,
5823291,2026-07-05T10:42:48,318.38,0,F,1702.51,-7123.45,47.52490997,-122.26132202,E,,
5824344,2026-07-05T10:42:49,319.12,0,F,1702.51,-7123.45,47.52490997,-122.26132202,E,,
5825398,2026-07-05T10:42:50,336.1,0,F,1702.51,-7123.45,47.52490997,-122.26132202,E,,
5826470,2026-07-05T10:42:51,337.18,0,F,1702.51,-7123.45,47.52490997,-122.26132202,E,,
5827541,2026-07-05T10:42:52,343.86,0,F,1702.51,-7123.43,47.52490997,-122.26132202,E,,
5828621,2026-07-05T10:42:53,348.58,0,F,1702.51,-7123.43,47.52490997,-122.26132202,E,,
5829691,2026-07-05T10:42:54,0.09,0,F,1702.51,-7123.43,47.52490997,-122.26132202,E,,
5830718,2026-07-05T10:42:55,355.78,0,F,1702.51,-7123.43,47.52490997,-122.26132202,E,,
5831797,2026-07-05T10:42:56,357.95,0,F,1702.51,-7123.43,47.52490997,-122.26132202,E,,
5832869,2026-07-05T10:42:57,339.03,0,F,1702.51,-7123.43,47.52490997,-122.26132202,E,,
5833940,2026-07-05T10:42:58,336.79,0,F,1702.48,-7123.37,47.52490997,-122.26132202,E,,
5835002,2026-07-05T10:42:59,335.58,0.136,F,1702.44,-7123.29,47.52491379,-122.26132202,E,,
5836062,2026-07-05T10:43:00,328.97,0.113,F,1702.37,-7123.16,47.52491379,-122.26132202,E,,
5837148,2026-07-05T10:43:02,314.74,0.119,F,1702.3,-7123.06,47.52491379,-122.26132202,E,,
5838226,2026-07-05T10:43:03,288.44,0,F,1702.24,-7123.01,47.52491379,-122.26132202,E,,
5839306,2026-07-05T10:43:04,237.18,0,F,1702.24,-7123.01,47.52491379,-122.26132202,E,,
5840386,2026-07-05T10:43:05,210.78,0,F,1702.24,-7123.01,47.52491379,-122.26132202,E,,
5841449,2026-07-05T10:43:06,212.65,0,F,1702.24,-7123.01,47.52491379,-122.26132202,E,,
5842521,2026-07-05T10:43:07,214.28,0,F,1702.24,-7123.01,47.52491379,-122.26132202,E,,
5843579,2026-07-05T10:43:08,218.25,0,F,1702.24,-7123.01,47.52491379,-122.26132202,E,,
5844660,2026-07-05T10:43:09,223.96,0,F,1702.24,-7123.01,47.52491379,-122.26132202,E,,
5845739,2026-07-05T10:43:10,210.7,0,F,1702.24,-7123.01,47.52491379,-122.26132202,E,,
5846811,2026-07-05T10:43:11,206.67,0,F,1702.24,-7123.01,47.52491379,-122.26132202,E,,
5847881,2026-07-05T10:43:12,205.78,0,F,1702.24,-7123.01,47.52491379,-122.26132202,E,,
5848952,2026-07-05T10:43:13,206.39,0,F,1702.24,-7123.01,47.52491379,-122.26132202,E,,
5850023,2026-07-05T10:43:14,216.86,0,F,1702.24,-7123.01,47.52491379,-122.26132202,E,,
5851088,2026-07-05T10:43:16,233.84,0.102,F,1702.21,-7123.04,47.52491379,-122.26132202,E,,
5852147,2026-07-05T10:43:17,222.59,0,F,1702.19,-7123.05,47.52491379,-122.26132202,E,,
5853234,2026-07-05T10:43:18,204.97,0,F,1702.19,-7123.05,47.52491379,-122.26132202,E,,
5854308,2026-07-05T10:43:19,190.44,0,F,1702.19,-7123.05,47.52491379,-122.26132202,E,,
5855389,2026-07-05T10:43:20,184.64,0,F,1702.19,-7123.05,47.52491379,-122.26132202,E,,
5856452,2026-07-05T10:43:21,185.12,0,F,1702.19,-7123.05,47.52491379,-122.26132202,E,,
5857531,2026-07-05T10:43:22,176.57,0,F,1702.19,-7123.05,47.52491379,-122.26132202,E,,
5858611,2026-07-05T10:43:23,180.1,0,F,1702.19,-7123.05,47.52491379,-122.26132202,E,,
5859690,2026-07-05T10:43:24,184.93,0.146,F,1702.19,-7123.18,47.52491379,-122.26132202,E,,
5860753,2026-07-05T10:43:25,187.54,0.103,F,1702.17,-7123.31,47.52491379,-122.26132202,E,,
5861808,2026-07-05T10:43:26,189.93,0,F,1702.17,-7123.31,47.52491379,-122.26132202,E,,
5862881,2026-07-05T10:43:27,184.9,0,F,1702.17,-7123.31,47.52491379,-122.26132202,E,,
5863960,2026-07-05T10:43:28,183.6,0,F,1702.17,-7123.31,47.52491379,-122.26132202,E,,
5865039,2026-07-05T10:43:29,183.32,0,F,1702.17,-7123.31,47.52491379,-122.26132202,E,,
5866127,2026-07-05T10:43:31,180.88,0,F,1702.17,-7123.31,47.52491379,-122.26132202,E,,
5867206,2026-07-05T10:43:32,178.27,0,F,1702.17,-7123.31,47.52491379,-122.26132202,E,,
5868293,2026-07-05T10:43:33,177.95,0,F,1702.17,-7123.31,47.52491379,-122.26132202,E,,
5869357,2026-07-05T10:43:34,176.5,0,F,1702.17,-7123.31,47.52491379,-122.26132202,E,,
5870429,2026-07-05T10:43:35,177.21,0,F,1702.17,-7123.31,47.52491379,-122.26132202,E,,
5871501,2026-07-05T10:43:36,175.72,0,F,1702.17,-7123.31,47.52491379,-122.26132202,E,,
5872572,2026-07-05T10:43:37,174.65,0,F,1702.17,-7123.31,47.52491379,-122.26132202,E,,
5873644,2026-07-05T10:43:38,175.78,0,F,1702.17,-7123.31,47.52491379,-122.26132202,E,,
5874723,2026-07-05T10:43:39,176.45,0,F,1702.17,-7123.31,47.52491379,-122.26132202,E,,
5875793,2026-07-05T10:43:40,177.16,0,F,1702.17,-7123.31,47.52491379,-122.26132202,E,,
5876854,2026-07-05T10:43:41,177,0,F,1702.17,-7123.31,47.52491379,-122.26132202,E,,
5877933,2026-07-05T10:43:42,175.06,0,F,1702.17,-7123.31,47.52491379,-122.26132202,E,,
5879004,2026-07-05T10:43:43,174.09,0,F,1702.17,-7123.31,47.52491379,-122.26132202,E,,
5880084,2026-07-05T10:43:45,174.11,0,F,1702.17,-7123.31,47.52491379,-122.26132202,E,,
5881148,2026-07-05T10:43:46,174.68,0,F,1702.17,-7123.31,47.52491379,-122.26132202,E,,
5882225,2026-07-05T10:43:47,173.87,0,F,1702.17,-7123.31,47.52491379,-122.26132202,E,,
5883280,2026-07-05T10:43:48,173.85,0,F,1702.17,-7123.31,47.52491379,-122.26132202,E,,
5884369,2026-07-05T10:43:49,175.95,0,F,1702.17,-7123.31,47.52491379,-122.26132202,E,,
5885436,2026-07-05T10:43:50,172.94,0,F,1702.17,-7123.31,47.52491379,-122.26132202,E,,
5886517,2026-07-05T10:43:51,176.21,0,F,1702.17,-7123.31,47.52491379,-122.26132202,E,,
5887591,2026-07-05T10:43:52,177.68,0,F,1702.17,-7123.31,47.52491379,-122.26132202,E,,
5888656,2026-07-05T10:43:53,175.42,0,F,1702.17,-7123.31,47.52491379,-122.26132202,E,,
5889736,2026-07-05T10:43:54,177.27,0,F,1702.17,-7123.31,47.52491379,-122.26132202,E,,
5890800,2026-07-05T10:43:55,179.92,0,F,1702.17,-7123.31,47.52491379,-122.26132202,E,,
5891836,2026-07-05T10:43:56,176.32,0,F,1702.17,-7123.31,47.52491379,-122.26132202,E,,
5892901,2026-07-05T10:43:57,176.83,0,F,1702.17,-7123.31,47.52491379,-122.26132202,E,,
5893972,2026-07-05T10:43:58,176.89,0,F,1702.17,-7123.31,47.52491379,-122.26132202,E,,
5895053,2026-07-05T10:43:59,178.14,0,F,1702.17,-7123.31,47.52491379,-122.26132202,E,,
5896126,2026-07-05T10:44:01,175.37,0,F,1702.17,-7123.31,47.52491379,-122.26132202,E,,
5897207,2026-07-05T10:44:02,178.55,0,F,1702.17,-7123.31,47.52491379,-122.26132202,E,,
5898288,2026-07-05T10:44:03,177.18,0,F,1702.17,-7123.31,47.52491379,-122.26132202,E,,
5899378,2026-07-05T10:44:04,177.31,0,F,1702.17,-7123.31,47.52491379,-122.26132202,E,,
5900453,2026-07-05T10:44:05,178.25,0,F,1702.17,-7123.31,47.52491379,-122.26132202,E,,
5901525,2026-07-05T10:44:06,177.34,0,F,1702.17,-7123.31,47.52491379,-122.26132202,E,,
5902590,2026-07-05T10:44:07,177.78,0,F,1702.17,-7123.31,47.52491379,-122.26132202,E,,
5903671,2026-07-05T10:44:08,176.64,0,F,1702.17,-7123.31,47.52491379,-122.26132202,E,,
5904742,2026-07-05T10:44:09,176.03,0,F,1702.17,-7123.31,47.52491379,-122.26132202,E,,
5905803,2026-07-05T10:44:10,175.29,0,F,1702.17,-7123.31,47.52491379,-122.26132202,E,,
5906875,2026-07-05T10:44:11,175.47,0,F,1702.17,-7123.31,47.52491379,-122.26132202,E,,
5907939,2026-07-05T10:44:12,173.97,0,F,1702.17,-7123.31,47.52491379,-122.26132202,E,,
5909001,2026-07-05T10:44:13,175.61,0,F,1702.17,-7123.31,47.52491379,-122.26132202,E,,
5910093,2026-07-05T10:44:15,176.78,0,F,1702.17,-7123.31,47.52491379,-122.26132202,E,,
5911146,2026-07-05T10:44:16,175.88,0,F,1702.17,-7123.31,47.52491379,-122.26132202,E,,
5912190,2026-07-05T10:44:17,176.48,0,F,1702.17,-7123.31,47.52491379,-122.26132202,E,,
5913261,2026-07-05T10:44:18,175.83,0,F,1702.17,-7123.31,47.52491379,-122.26132202,E,,
5914342,2026-07-05T10:44:19,177.82,0,F,1702.17,-7123.31,47.52491379,-122.26132202,E,,
5915415,2026-07-05T10:44:20,177.83,0,F,1702.17,-7123.31,47.52491379,-122.26132202,E,,
5916486,2026-07-05T10:44:21,177.53,0,F,1702.17,-7123.31,47.52491379,-122.26132202,E,,
5917568,2026-07-05T10:44:22,176.03,0,F,1702.17,-7123.31,47.52491379,-122.26132202,E,,
5918606,2026-07-05T10:44:23,178.56,0,F,1702.17,-7123.31,47.52491379,-122.26132202,E,,
5919677,2026-07-05T10:44:24,178.05,0,F,1702.17,-7123.31,47.52491379,-122.26132202,E,,
5920757,2026-07-05T10:44:25,176.97,0,F,1702.17,-7123.31,47.52491379,-122.26132202,E,,
5921838,2026-07-05T10:44:26,178.86,0,F,1702.17,-7123.31,47.52491379,-122.26132202,E,,
5922921,2026-07-05T10:44:27,177.72,0,F,1702.17,-7123.31,47.52491379,-122.26132202,E,,
5923991,2026-07-05T10:44:28,179.73,0,F,1702.17,-7123.31,47.52491379,-122.26132202,E,,
5925071,2026-07-05T10:44:29,179.55,0,F,1702.17,-7123.31,47.52491379,-122.26132202,E,,
5926142,2026-07-05T10:44:31,179.73,0,F,1702.17,-7123.31,47.52491379,-122.26132202,E,,
5927221,2026-07-05T10:44:32,180.29,0,F,1702.17,-7123.31,47.52491379,-122.26132202,E,,
5928301,2026-07-05T10:44:33,182.11,0,F,1702.17,-7123.31,47.52491379,-122.26132202,E,,
5929383,2026-07-05T10:44:34,182.54,0,F,1702.17,-7123.31,47.52491379,-122.26132202,E,,
5930458,2026-07-05T10:44:35,182.43,0,F,1702.17,-7123.31,47.52491379,-122.26132202,E,,
5931539,2026-07-05T10:44:36,184.12,0,F,1702.17,-7123.31,47.52491379,-122.26132202,E,,
5932611,2026-07-05T10:44:37,185.32,0,F,1702.17,-7123.31,47.52491379,-122.26132202,E,,
5933690,2026-07-05T10:44:38,185.04,0,F,1702.17,-7123.31,47.52491379,-122.26132202,E,,
5934771,2026-07-05T10:44:39,183.07,0,F,1702.17,-7123.31,47.52491379,-122.26132202,E,,
5935851,2026-07-05T10:44:40,182.02,0,F,1702.17,-7123.31,47.52491379,-122.26132202,E,,
5936917,2026-07-05T10:44:41,180.87,0,F,1702.17,-7123.31,47.52491379,-122.26132202,E,,
5937970,2026-07-05T10:44:42,178.66,0,F,1702.17,-7123.31,47.52491379,-122.26132202,E,,
5939044,2026-07-05T10:44:43,178.84,0,F,1702.17,-7123.31,47.52491379,-122.26132202,E,,
5940115,2026-07-05T10:44:45,177.86,0,F,1702.17,-7123.31,47.52491379,-122.26132202,E,,
5941121,2026-07-05T10:44:46,174.74,0,F,1702.17,-7123.31,47.52491379,-122.26132202,E,,
5942183,2026-07-05T10:44:47,176.27,0,F,1702.17,-7123.31,47.52491379,-122.26132202,E,,
5943262,2026-07-05T10:44:48,175.03,0,F,1702.17,-7123.31,47.52491379,-122.26132202,E,,
5944334,2026-07-05T10:44:49,177.86,0,F,1702.17,-7123.31,47.52491379,-122.26132202,E,,
5945407,2026-07-05T10:44:50,179.29,0,F,1702.17,-7123.31,47.52491379,-122.26132202,E,,
5946488,2026-07-05T10:44:51,179.35,0,F,1702.17,-7123.31,47.52491379,-122.26132202,E,,
5947569,2026-07-05T10:44:52,180.16,0,F,1702.17,-7123.31,47.52491379,-122.26132202,E,,
5948660,2026-07-05T10:44:53,177.13,0,F,1702.17,-7123.31,47.52491379,-122.26132202,E,,
5949731,2026-07-05T10:44:54,178.64,0,F,1702.17,-7123.31,47.52491379,-122.26132202,E,,
5950803,2026-07-05T10:44:55,178.29,0,F,1702.17,-7123.31,47.52491379,-122.26132202,E,,
5951884,2026-07-05T10:44:56,178.77,0,F,1702.17,-7123.31,47.52491379,-122.26132202,E,,
5952912,2026-07-05T10:44:57,176.94,0,F,1702.17,-7123.31,47.52491379,-122.26132202,E,,
5953976,2026-07-05T10:44:58,178.46,0,F,1702.17,-7123.31,47.52491379,-122.26132202,E,,
5955056,2026-07-05T10:44:59,176.56,0,F,1702.17,-7123.31,47.52491379,-122.26132202,E,,
5956137,2026-07-05T10:45:01,179.2,0,F,1702.17,-7123.31,47.52491379,-122.26132202,E,,
5957228,2026-07-05T10:45:02,176.79,0,F,1702.17,-7123.31,47.52491379,-122.26132202,E,,
5958298,2026-07-05T10:45:03,179.02,0,F,1702.17,-7123.31,47.52491379,-122.26132202,E,,
5959379,2026-07-05T10:45:04,177.06,0,F,1702.17,-7123.31,47.52491379,-122.26132202,E,,
5960462,2026-07-05T10:45:05,178.23,0,F,1702.17,-7123.31,47.52491379,-122.26132202,E,,
5961518,2026-07-05T10:45:06,178.63,0,F,1702.17,-7123.31,47.52491379,-122.26132202,E,,
5962590,2026-07-05T10:45:07,178.81,0,F,1702.17,-7123.31,47.52491379,-122.26132202,E,,
5963660,2026-07-05T10:45:08,179.34,0,F,1702.17,-7123.31,47.52491379,-122.26132202,E,,
5964732,2026-07-05T10:45:09,178.7,0,F,1702.17,-7123.31,47.52491379,-122.26132202,E,,
5965812,2026-07-05T10:45:10,179.2,0,F,1702.17,-7123.31,47.52491379,-122.26132202,E,,
5966874,2026-07-05T10:45:11,181.07,0,F,1702.17,-7123.31,47.52491379,-122.26132202,E,,
5967955,2026-07-05T10:45:12,180.48,0,F,1702.17,-7123.31,47.52491379,-122.26132202,E,,
5969035,2026-07-05T10:45:13,182.42,0,F,1702.17,-7123.31,47.52491379,-122.26132202,E,,
5970105,2026-07-05T10:45:15,180.58,0,F,1702.17,-7123.31,47.52491379,-122.26132202,E,,
5971185,2026-07-05T10:45:16,179.82,0,F,1702.17,-7123.31,47.52491379,-122.26132202,E,,
5972257,2026-07-05T10:45:17,180.17,0,F,1702.17,-7123.31,47.52491379,-122.26132202,E,,
5973338,2026-07-05T10:45:18,178.94,0,F,1702.17,-7123.31,47.52491379,-122.26132202,E,,
5974409,2026-07-05T10:45:19,179.67,0,F,1702.17,-7123.31,47.52491379,-122.26132202,E,,
5975479,2026-07-05T10:45:20,181.19,0,F,1702.17,-7123.31,47.52491379,-122.26132202,E,,
5976560,2026-07-05T10:45:21,181.8,0,F,1702.17,-7123.31,47.52491379,-122.26132202,E,,
5977631,2026-07-05T10:45:22,182.26,0,F,1702.17,-7123.31,47.52491379,-122.26132202,E,,
5978695,2026-07-05T10:45:23,182.27,0,F,1702.17,-7123.31,47.52491379,-122.26132202,E,,
5979766,2026-07-05T10:45:24,182.79,0,F,1702.17,-7123.31,47.52491379,-122.26132202,E,,
5980839,2026-07-05T10:45:25,183.44,0,F,1702.17,-7123.31,47.52491379,-122.26132202,E,,
5981900,2026-07-05T10:45:26,183.8,0,F,1702.17,-7123.31,47.52491379,-122.26132202,E,,
5982928,2026-07-05T10:45:27,184.6,0,F,1702.17,-7123.31,47.52491379,-122.26132202,E,,
5983998,2026-07-05T10:45:28,189.25,0,F,1702.17,-7123.31,47.52491379,-122.26132202,E,,
5985062,2026-07-05T10:45:29,190.31,0,F,1702.17,-7123.31,47.52491379,-122.26132202,E,,
5986133,2026-07-05T10:45:31,192.65,0,F,1702.17,-7123.31,47.52491379,-122.26132202,E,,
5987185,2026-07-05T10:45:32,192.27,0,F,1702.17,-7123.31,47.52491379,-122.26132202,E,,
5988265,2026-07-05T10:45:33,190.5,0,F,1702.17,-7123.31,47.52491379,-122.26132202,E,,
5989335,2026-07-05T10:45:34,190.38,0,F,1702.17,-7123.31,47.52491379,-122.26132202,E,,
5990413,2026-07-05T10:45:35,186.42,0,F,1702.17,-7123.31,47.52491379,-122.26132202,E,,
5991485,2026-07-05T10:45:36,185.02,0,F,1702.17,-7123.31,47.52491379,-122.26132202,E,,
5992548,2026-07-05T10:45:37,182.88,0,F,1702.17,-7123.31,47.52491379,-122.26132202,E,,
5993620,2026-07-05T10:45:38,182.51,0,F,1702.17,-7123.31,47.52491379,-122.26132202,E,,
5994698,2026-07-05T10:45:39,182.33,0,F,1702.17,-7123.31,47.52491379,-122.26132202,E,,
5995768,2026-07-05T10:45:40,184.35,0,F,1702.17,-7123.31,47.52491379,-122.26132202,E,,
5996847,2026-07-05T10:45:41,184.8,0,F,1702.17,-7123.31,47.52491379,-122.26132202,E,,
5997925,2026-07-05T10:45:42,185.44,0,F,1702.17,-7123.31,47.52491379,-122.26132202,E,,
5999003,2026-07-05T10:45:43,184.71,0,F,1702.17,-7123.31,47.52491379,-122.26132202,E,,
6000073,2026-07-05T10:45:44,182.05,0,F,1702.17,-7123.31,47.52491379,-122.26132202,E,,
6001128,2026-07-05T10:45:46,180.56,0,F,1702.17,-7123.31,47.52491379,-122.26132202,E,,
6002208,2026-07-05T10:45:47,182.2,0,F,1702.17,-7123.31,47.52491379,-122.26132202,E,,
6003278,2026-07-05T10:45:48,181.66,0,F,1702.17,-7123.31,47.52491379,-122.26132202,E,,
6004341,2026-07-05T10:45:49,180.84,0,F,1702.17,-7123.31,47.52491379,-122.26132202,E,,
6005412,2026-07-05T10:45:50,180.36,0,F,1702.17,-7123.31,47.52491379,-122.26132202,E,,
6006492,2026-07-05T10:45:51,180.1,0,F,1702.17,-7123.31,47.52491379,-122.26132202,E,,
6007554,2026-07-05T10:45:52,180.88,0,F,1702.17,-7123.31,47.52491379,-122.26132202,E,,
6008634,2026-07-05T10:45:53,181.48,0,F,1702.17,-7123.31,47.52491379,-122.26132202,E,,
6009713,2026-07-05T10:45:54,182.52,0,F,1702.17,-7123.31,47.52491379,-122.26132202,E,,
6010799,2026-07-05T10:45:55,183.48,0,F,1702.17,-7123.31,47.52491379,-122.26132202,E,,
6011869,2026-07-05T10:45:56,184.63,0,F,1702.17,-7123.31,47.52491379,-122.26132202,E,,
6012947,2026-07-05T10:45:57,185.34,0,F,1702.17,-7123.31,47.52491379,-122.26132202,E,,
6014027,2026-07-05T10:45:58,186.4,0,F,1702.17,-7123.31,47.52491379,-122.26132202,E,,
6015097,2026-07-05T10:46:00,186.23,0,F,1702.17,-7123.31,47.52491379,-122.26132202,E,,
6016176,2026-07-05T10:46:01,188.02,0,F,1702.17,-7123.31,47.52491379,-122.26132202,E,,
6017246,2026-07-05T10:46:02,190.73,0,F,1702.17,-7123.31,47.52491379,-122.26132202,E,,
6018325,2026-07-05T10:46:03,209.59,0,F,1702.17,-7123.31,47.52491379,-122.26132202,E,,
6019386,2026-07-05T10:46:04,216.93,0,F,1702.17,-7123.31,47.52491379,-122.26132202,E,,
6020449,2026-07-05T10:46:05,209.1,0,F,1702.17,-7123.31,47.52491379,-122.26132202,E,,
6021511,2026-07-05T10:46:06,212.38,0.109,F,1702.12,-7123.38,47.52490997,-122.26132202,E,,
6022574,2026-07-05T10:46:07,207.21,0,F,1702.11,-7123.41,47.52490997,-122.26132202,E,,
6023654,2026-07-05T10:46:08,203.19,0,F,1702.11,-7123.41,47.52490997,-122.26132202,E,,
6024724,2026-07-05T10:46:09,193.37,0.119,F,1702.11,-7123.42,47.52490997,-122.26132202,E,,
6025813,2026-07-05T10:46:10,205.46,0.146,F,1702.05,-7123.58,47.52490997,-122.26132965,E,,
6026876,2026-07-05T10:46:11,202.61,0.113,F,1701.99,-7123.7,47.52490997,-122.26132965,E,,
6027946,2026-07-05T10:46:12,201.77,0,F,1701.98,-7123.73,47.52490997,-122.26132965,E,,
6029025,2026-07-05T10:46:13,200.27,0,F,1701.98,-7123.73,47.52490997,-122.26132965,E,,
6030095,2026-07-05T10:46:15,199.08,0.115,F,1701.97,-7123.76,47.52490616,-122.26132965,E,,
6031164,2026-07-05T10:46:16,198.84,0.109,F,1701.93,-7123.87,47.52490616,-122.26132965,E,,
6032239,2026-07-05T10:46:17,199.07,0,F,1701.92,-7123.89,47.52490616,-122.26132965,E,,
6033310,2026-07-05T10:46:18,200.11,0.118,F,1701.88,-7123.99,47.52490616,-122.26132965,E,,
6034399,2026-07-05T10:46:19,199.31,0.141,F,1701.84,-7124.13,47.52490616,-122.26132965,E,,
6036532,2026-07-05T10:46:21,40.86,1.528,G,1828.99,-7594.47,47.52067947,-122.25963593,G,7,1.9
6037602,2026-07-05T10:46:22,21.5,1.698,G,1830.7,-7605.5,47.52058029,-122.25961304,G,8,1.1
6038673,2026-07-05T10:46:23,18.31,0.869,G,1830.7,-7603.81,47.52059555,-122.25961304,G,8,1.1
6039726,2026-07-05T10:46:24,16.89,0,F,1832.99,-7608.92,47.52054977,-122.25958252,G,8,1.1
6040789,2026-07-05T10:46:25,16.21,0.154,G,1832.99,-7605.09,47.52058411,-122.25958252,G,8,1.1
6041861,2026-07-05T10:46:26,16.08,0.231,G,1833.56,-7607.22,47.52056503,-122.25957489,G,8,1.1
6042939,2026-07-05T10:46:27,15.98,0.159,G,1837,-7616.13,47.52048492,-122.25952911,G,8,1.1
6044019,2026-07-05T10:46:28,16,0,F,1837,-7616.14,47.52048492,-122.25952911,G,8,1.1
6045053,2026-07-05T10:46:29,15.67,0.113,G,1837.57,-7616.98,47.52047729,-122.25952148,G,8,1.1
6046086,2026-07-05T10:46:31,16.09,0.165,G,1833.56,-7614.44,47.52050018,-122.25957489,G,9,0.9
6047152,2026-07-05T10:46:32,16.44,0.057,G,1832.99,-7615.29,47.52049255,-122.25958252,G,9,0.9
6048213,2026-07-05T10:46:33,16.3,0,F,1832.99,-7615.71,47.52048874,-122.25958252,G,9,0.9
6049249,2026-07-05T10:46:34,16.52,0.298,G,1833.56,-7613.58,47.52050781,-122.25957489,G,9,0.9
6050328,2026-07-05T10:46:35,16.45,0.087,G,1833.56,-7613.59,47.52050781,-122.25957489,G,9,0.9
6051379,2026-07-05T10:46:36,16.42,0,F,1834.71,-7616.14,47.52048492,-122.25955963,G,9,0.9
6052441,2026-07-05T10:46:37,16.87,0.278,G,1833.56,-7615.28,47.52049255,-122.25957489,G,9,0.9
6053512,2026-07-05T10:46:38,17.05,0,F,1833.56,-7615.29,47.52049255,-122.25957489,G,9,0.9
6054576,2026-07-05T10:46:39,16.45,0,F,1832.99,-7614.44,47.52050018,-122.25958252,G,9,0.9
6055630,2026-07-05T10:46:40,16.19,0,F,1833.56,-7616.14,47.52048492,-122.25957489,G,9,0.9
6056684,2026-07-05T10:46:41,16.15,0,F,1832.99,-7614.01,47.520504,-122.25958252,G,9,0.9
6057746,2026-07-05T10:46:42,16.18,0,F,1832.99,-7611.89,47.52052307,-122.25958252,G,9,0.9
6058809,2026-07-05T10:46:43,16.08,0,F,1833.56,-7611.04,47.5205307,-122.25957489,G,9,0.9
6059880,2026-07-05T10:46:44,16.2,0,F,1832.99,-7611.46,47.52052689,-122.25958252,G,9,0.9
6060939,2026-07-05T10:46:45,15.84,0,F,1833.56,-7612.74,47.52051544,-122.25957489,G,9,0.9
6061988,2026-07-05T10:46:46,16.19,0,F,1832.99,-7609.77,47.52054214,-122.25958252,G,9,0.9
6063076,2026-07-05T10:46:48,16.23,0.139,G,1833.56,-7611.89,47.52052307,-122.25957489,G,9,0.9
6064147,2026-07-05T10:46:49,16.07,0,F,1831.84,-7613.16,47.52051163,-122.25959778,G,9,0.9
6065208,2026-07-05T10:46:50,16.22,0.093,G,1831.84,-7613.16,47.52051163,-122.25959778,G,9,0.9
6066278,2026-07-05T10:46:51,16.17,0.129,G,1830.7,-7615.71,47.52048874,-122.25961304,G,9,0.9
6067358,2026-07-05T10:46:52,16.12,0.113,G,1830.7,-7615.71,47.52048874,-122.25961304,G,9,0.9
6068428,2026-07-05T10:46:53,16.65,0.108,G,1830.7,-7615.71,47.52048874,-122.25961304,G,9,0.9
6069480,2026-07-05T10:46:54,16.55,0,F,1830.7,-7614.86,47.52049637,-122.25961304,G,9,0.9
6070544,2026-07-05T10:46:55,16.57,0,F,1830.7,-7615.29,47.52049255,-122.25961304,G,10,0.9
6071614,2026-07-05T10:46:56,16.42,0,F,1830.7,-7615.29,47.52049255,-122.25961304,G,10,0.9
6072660,2026-07-05T10:46:57,16.48,0,F,1830.7,-7615.71,47.52048874,-122.25961304,G,10,0.9
6073722,2026-07-05T10:46:58,16.25,0,F,1830.7,-7615.71,47.52048874,-122.25961304,G,10,0.9
6074796,2026-07-05T10:46:59,16.62,0,F,1830.7,-7616.14,47.52048492,-122.25961304,G,10,0.9
6075836,2026-07-05T10:47:00,16.99,0,F,1831.84,-7616.14,47.52048492,-122.25959778,G,10,0.9
6076900,2026-07-05T10:47:01,16.82,0,F,1831.84,-7616.14,47.52048492,-122.25959778,G,10,0.9
6077970,2026-07-05T10:47:02,16.33,0,F,1831.84,-7616.14,47.52048492,-122.25959778,G,10,0.9
6079032,2026-07-05T10:47:03,16.17,0,F,1831.84,-7616.56,47.52048111,-122.25959778,G,10,0.9
6080119,2026-07-05T10:47:05,16.34,0,F,1831.84,-7616.56,47.52048111,-122.25959778,G,10,0.9
6081179,2026-07-05T10:47:06,16.07,0,F,1831.84,-7616.56,47.52048111,-122.25959778,G,10,0.9
6082231,2026-07-05T10:47:07,16.45,0,F,1831.84,-7616.56,47.52048111,-122.25959778,G,10,0.9
6083310,2026-07-05T10:47:08,16.55,0,F,1831.84,-7616.56,47.52048111,-122.25959778,G,10,0.9
6084362,2026-07-05T10:47:09,16.59,0,F,1831.84,-7616.56,47.52048111,-122.25959778,G,10,0.9
6085405,2026-07-05T10:47:10,16.77,0,F,1831.84,-7616.56,47.52048111,-122.25959778,G,10,0.9
6086475,2026-07-05T10:47:11,17.01,0,F,1831.84,-7616.98,47.52047729,-122.25959778,G,10,0.9
6087546,2026-07-05T10:47:12,16.91,0,F,1831.84,-7616.98,47.52047729,-122.25959778,G,10,0.9
6088617,2026-07-05T10:47:13,16.42,0,F,1831.84,-7616.98,47.52047729,-122.25959778,G,10,0.9
6089670,2026-07-05T10:47:14,16.76,0,F,1831.84,-7616.98,47.52047729,-122.25959778,G,10,0.9
6090732,2026-07-05T10:47:15,16.53,0,F,1831.84,-7616.56,47.52048111,-122.25959778,G,10,0.9
6091772,2026-07-05T10:47:16,16.48,0,F,1831.84,-7616.56,47.52048111,-122.25959778,G,10,0.9
6092834,2026-07-05T10:47:17,16.29,0,F,1831.84,-7616.56,47.52048111,-122.25959778,G,10,0.9
6093914,2026-07-05T10:47:18,16.34,0,F,1831.84,-7616.56,47.52048111,-122.25959778,G,10,0.9
6094975,2026-07-05T10:47:19,16.25,0,F,1831.84,-7616.56,47.52048111,-122.25959778,G,9,1.1
6096020,2026-07-05T10:47:20,16.35,0,F,1831.84,-7616.56,47.52048111,-122.25959778,G,10,0.9
6097099,2026-07-05T10:47:22,16.28,0,F,1831.84,-7616.56,47.52048111,-122.25959778,G,10,0.9
6098178,2026-07-05T10:47:23,16.5,0,F,1831.84,-7616.56,47.52048111,-122.25959778,G,10,0.9
6099230,2026-07-05T10:47:24,16.62,0,F,1831.84,-7616.56,47.52048111,-122.25959778,G,10,0.9
6100274,2026-07-05T10:47:25,16.83,0,F,1831.84,-7616.56,47.52048111,-122.25959778,G,10,0.9
6101353,2026-07-05T10:47:26,16.99,0,F,1832.99,-7616.56,47.52048111,-122.25958252,G,10,0.9
6102417,2026-07-05T10:47:27,16.65,0,F,1832.99,-7616.56,47.52048111,-122.25958252,G,10,0.9
6103481,2026-07-05T10:47:28,16.41,0,F,1832.99,-7616.56,47.52048111,-122.25958252,G,10,0.9
6104562,2026-07-05T10:47:29,16.52,0,F,1832.99,-7616.56,47.52048111,-122.25958252,G,10,0.9
6105624,2026-07-05T10:47:30,16.22,0,F,1832.99,-7616.56,47.52048111,-122.25958252,G,10,0.9
6106720,2026-07-05T10:47:31,16.25,0,F,1832.99,-7616.56,47.52048111,-122.25958252,G,10,0.9
6107781,2026-07-05T10:47:32,16.1,0,F,1832.99,-7616.56,47.52048111,-122.25958252,G,10,0.9
6108852,2026-07-05T10:47:33,15.88,0,F,1832.99,-7616.56,47.52048111,-122.25958252,G,10,0.9
6109932,2026-07-05T10:47:34,16.07,0,F,1832.99,-7616.56,47.52048111,-122.25958252,G,10,0.9
6111020,2026-07-05T10:47:35,16.23,0,F,1832.99,-7616.56,47.52048111,-122.25958252,G,10,0.9
6112089,2026-07-05T10:47:37,16.06,0,F,1832.99,-7616.56,47.52048111,-122.25958252,G,10,0.9
6113158,2026-07-05T10:47:38,15.86,0,F,1832.99,-7616.56,47.52048111,-122.25958252,G,10,0.9
6114236,2026-07-05T10:47:39,15.89,0,F,1832.99,-7616.56,47.52048111,-122.25958252,G,10,0.9
6115294,2026-07-05T10:47:40,16.28,0,F,1832.99,-7616.56,47.52048111,-122.25958252,G,10,0.9
6116367,2026-07-05T10:47:41,15.61,0,F,1832.99,-7616.56,47.52048111,-122.25958252,G,10,0.9
6117439,2026-07-05T10:47:42,15.95,0,F,1832.99,-7616.56,47.52048111,-122.25958252,G,10,0.9
6118511,2026-07-05T10:47:43,15.7,0,F,1832.99,-7616.56,47.52048111,-122.25958252,G,10,0.9
6119573,2026-07-05T10:47:44,16.14,0,F,1832.99,-7616.56,47.52048111,-122.25958252,G,10,0.9
6120643,2026-07-05T10:47:45,16.01,0,F,1832.99,-7616.56,47.52048111,-122.25958252,G,9,0.9
6121700,2026-07-05T10:47:46,16.42,0,F,1832.99,-7616.56,47.52048111,-122.25958252,G,10,0.9
6122763,2026-07-05T10:47:47,16.65,0,F,1832.99,-7616.56,47.52048111,-122.25958252,G,9,0.9
6123835,2026-07-05T10:47:48,17.15,0,F,1832.99,-7616.56,47.52048111,-122.25958252,G,10,0.9
6124905,2026-07-05T10:47:49,17.1,0,F,1832.99,-7616.56,47.52048111,-122.25958252,G,10,0.9
6125983,2026-07-05T10:47:50,17.16,0,F,1832.99,-7616.56,47.52048111,-122.25958252,G,10,0.9
6127054,2026-07-05T10:47:51,16.86,0,F,1832.99,-7616.56,47.52048111,-122.25958252,G,10,0.9
6128106,2026-07-05T10:47:53,16.74,0,F,1832.99,-7616.56,47.52048111,-122.25958252,G,9,0.9
6129184,2026-07-05T10:47:54,17.05,0,F,1832.99,-7616.56,47.52048111,-122.25958252,G,9,0.9
6130272,2026-07-05T10:47:55,17.07,0,F,1832.99,-7616.56,47.52048111,-122.25958252,G,10,0.9
6131351,2026-07-05T10:47:56,17.09,0,F,1832.99,-7616.56,47.52048111,-122.25958252,G,10,0.9
6132412,2026-07-05T10:47:57,16.42,0,F,1832.99,-7616.56,47.52048111,-122.25958252,G,10,0.9
6133483,2026-07-05T10:47:58,15.85,0.051,G,1832.99,-7616.56,47.52048111,-122.25958252,G,10,0.9
6134547,2026-07-05T10:47:59,13.52,0,F,1832.99,-7616.56,47.52048111,-122.25958252,G,10,0.9
6135618,2026-07-05T10:48:00,13.44,0,F,1832.99,-7616.56,47.52048111,-122.25958252,G,10,0.9
6136671,2026-07-05T10:48:01,15.13,0,F,1832.99,-7616.56,47.52048111,-122.25958252,G,10,0.9
