timestamp_ms,local_time,heading_deg,speed_ms,speed_src,pos_x_m,pos_y_m,lat,lon,pos_src,adj_pos_x_m,adj_pos_y_m,adj_lat,adj_lon
173273,2026-06-11T14:44:53,140.97,0.173,F,-16716.9,12943.71,47.70517,-122.506653,G,-16716.62,12943.18,47.70517,-122.506653
174353,2026-06-11T14:44:54,161.33,0.255,F,-16716.77,12943.5,47.70517349,-122.50665283,E,-16716.49,12942.84,47.70516701,-122.50665124
175433,2026-06-11T14:44:56,171.3,0.323,F,-16716.75,12943.19,47.70517349,-122.50665283,E,-16716.4,12942.41,47.70516316,-122.50664995
176512,2026-06-11T14:44:57,170.01,0.392,F,-16716.74,12942.8,47.70516968,-122.50665283,E,-16716.27,12941.91,47.70515858,-122.5066483
177591,2026-06-11T14:44:58,169.23,0.45,F,-16716.71,12942.36,47.70516586,-122.50665283,E,-16716.12,12941.33,47.7051534,-122.50664634
178661,2026-06-11T14:44:59,167.22,0.483,F,-16716.62,12941.86,47.70515823,-122.50665283,E,-16715.95,12940.72,47.70514796,-122.506644
179740,2026-06-11T14:45:00,162.94,0.514,F,-16716.43,12941.34,47.70515442,-122.5066452,E,-16715.72,12940.09,47.70514227,-122.50664091
180747,2026-06-11T14:45:01,162.21,0.536,F,-16716.25,12940.84,47.7051506,-122.5066452,E,-16715.48,12939.48,47.70513678,-122.50663782
181845,2026-06-11T14:45:02,161.31,0.558,F,-16716.04,12940.28,47.70514679,-122.5066452,E,-16715.21,12938.79,47.70513059,-122.50663418
182917,2026-06-11T14:45:03,162.32,0.557,F,-16715.83,12939.74,47.70513916,-122.50663757,E,-16714.96,12938.11,47.70512452,-122.50663078
183996,2026-06-11T14:45:04,160.56,0.576,F,-16715.62,12939.16,47.70513535,-122.50663757,E,-16714.67,12937.42,47.70511829,-122.50662699
185075,2026-06-11T14:45:05,160.23,0.568,F,-16715.4,12938.55,47.70513153,-122.50662994,E,-16714.39,12936.74,47.70511216,-122.50662319
186163,2026-06-11T14:45:06,159.67,0.573,F,-16715.19,12937.98,47.7051239,-122.50662994,E,-16714.09,12936.05,47.70510594,-122.50661925
187214,2026-06-11T14:45:07,160.45,0.57,F,-16714.98,12937.41,47.70512009,-122.50662994,E,-16713.81,12935.38,47.70509994,-122.50661557
188293,2026-06-11T14:45:08,161.42,0.574,F,-16714.77,12936.8,47.70511246,-122.50662231,E,-16713.54,12934.68,47.70509369,-122.50661192
189365,2026-06-11T14:45:09,160.64,0.59,F,-16714.56,12936.18,47.70510864,-122.50662231,E,-16713.25,12933.98,47.70508736,-122.50660807
190452,2026-06-11T14:45:11,162.06,0.599,F,-16714.34,12935.56,47.70510483,-122.50662231,E,-16712.97,12933.24,47.70508078,-122.50660434
191530,2026-06-11T14:45:12,162.43,0.607,F,-16714.13,12934.94,47.7050972,-122.50661469,E,-16712.69,12932.51,47.70507416,-122.50660066
192608,2026-06-11T14:45:13,162.71,0.602,F,-16713.92,12934.31,47.70509338,-122.50661469,E,-16712.42,12931.78,47.70506758,-122.50659705
193687,2026-06-11T14:45:14,159.28,0.587,F,-16713.7,12933.69,47.70508575,-122.50660706,E,-16712.12,12931.08,47.7050613,-122.50659298
194766,2026-06-11T14:45:15,161.3,0.576,F,-16713.49,12933.08,47.70508194,-122.50660706,E,-16711.84,12930.38,47.70505503,-122.5065893
195838,2026-06-11T14:45:16,159.56,0.569,F,-16713.28,12932.48,47.70507431,-122.50660706,E,-16711.55,12929.7,47.70504896,-122.50658542
196890,2026-06-11T14:45:17,159.61,0.579,F,-16713.07,12931.92,47.7050705,-122.50659943,E,-16711.26,12929.03,47.70504289,-122.50658156
197978,2026-06-11T14:45:18,161.44,0.57,F,-16712.86,12931.33,47.70506668,-122.50659943,E,-16710.99,12928.33,47.70503663,-122.50657791
199056,2026-06-11T14:45:19,162.68,0.554,F,-16712.65,12930.77,47.70505905,-122.50659943,E,-16710.73,12927.65,47.70503055,-122.50657456
200135,2026-06-11T14:45:20,163.78,0.553,F,-16712.44,12930.22,47.70505524,-122.5065918,E,-16710.5,12926.97,47.70502443,-122.50657138
201214,2026-06-11T14:45:21,162.59,0.562,F,-16712.24,12929.64,47.70505142,-122.5065918,E,-16710.24,12926.29,47.70501826,-122.50656797
202286,2026-06-11T14:45:22,161.58,0.57,F,-16712.03,12929.05,47.70504379,-122.5065918,E,-16709.97,12925.6,47.70501209,-122.50656439
203365,2026-06-11T14:45:23,158.21,0.565,F,-16711.82,12928.48,47.70503998,-122.50658417,E,-16709.67,12924.93,47.70500607,-122.50656031
204451,2026-06-11T14:45:25,162.95,0.559,F,-16711.61,12927.92,47.70503616,-122.50658417,E,-16709.41,12924.24,47.70499988,-122.50655696
205529,2026-06-11T14:45:26,164.62,0.547,F,-16711.41,12927.38,47.70502853,-122.50657654,E,-16709.19,12923.56,47.70499381,-122.50655393
206608,2026-06-11T14:45:27,163.26,0.569,F,-16711.22,12926.79,47.70502472,-122.50657654,E,-16708.93,12922.86,47.70498754,-122.50655059
207678,2026-06-11T14:45:28,163.14,0.555,F,-16711.01,12926.24,47.7050209,-122.50657654,E,-16708.69,12922.19,47.70498148,-122.50654733
208756,2026-06-11T14:45:29,164.38,0.565,F,-16710.82,12925.68,47.70501328,-122.50656891,E,-16708.45,12921.49,47.70497522,-122.50654418
209835,2026-06-11T14:45:30,162.57,0.584,F,-16710.62,12925.06,47.70500946,-122.50656891,E,-16708.19,12920.78,47.70496882,-122.50654064
210909,2026-06-11T14:45:31,163.37,0.584,F,-16710.41,12924.45,47.70500183,-122.50656891,E,-16707.93,12920.07,47.70496243,-122.50653725
212001,2026-06-11T14:45:32,166.46,0.572,F,-16710.21,12923.82,47.70499802,-122.50656128,E,-16707.72,12919.35,47.70495595,-122.50653435
213080,2026-06-11T14:45:33,165.16,0.567,F,-16710.02,12923.2,47.70499039,-122.50656128,E,-16707.49,12918.65,47.70494963,-122.5065313
214159,2026-06-11T14:45:34,164.67,0.584,F,-16709.83,12922.59,47.70498657,-122.50656128,E,-16707.25,12917.92,47.70494316,-122.5065281
215222,2026-06-11T14:45:35,166.31,0.589,F,-16709.64,12921.98,47.70498276,-122.50655365,E,-16707.03,12917.2,47.70493668,-122.50652517
216301,2026-06-11T14:45:36,166.26,0.599,F,-16709.45,12921.34,47.70497513,-122.50655365,E,-16706.8,12916.46,47.70493,-122.50652215
217371,2026-06-11T14:45:37,163.4,0.596,F,-16709.25,12920.72,47.70497131,-122.50655365,E,-16706.54,12915.74,47.7049235,-122.50651871
218443,2026-06-11T14:45:39,164.04,0.606,F,-16709.04,12920.1,47.70496368,-122.50654602,E,-16706.29,12915,47.70491687,-122.50651531
219530,2026-06-11T14:45:40,165,0.6,F,-16708.84,12919.46,47.70495987,-122.50654602,E,-16706.04,12914.25,47.70491017,-122.50651205
220608,2026-06-11T14:45:41,164.7,0.596,F,-16708.65,12918.83,47.70495224,-122.50654602,E,-16705.8,12913.52,47.70490358,-122.50650879
221680,2026-06-11T14:45:42,162.44,0.586,F,-16708.44,12918.22,47.70494843,-122.50653839,E,-16705.53,12912.81,47.70489721,-122.50650524
222760,2026-06-11T14:45:43,163.41,0.585,F,-16708.23,12917.6,47.7049408,-122.50653839,E,-16705.27,12912.09,47.70489076,-122.50650183
223830,2026-06-11T14:45:44,163.09,0.587,F,-16708.02,12916.99,47.70493698,-122.50653839,E,-16705.02,12911.38,47.70488437,-122.50649839
224909,2026-06-11T14:45:45,163.18,0.597,F,-16707.8,12916.37,47.70492935,-122.50653076,E,-16704.75,12910.65,47.70487782,-122.50649488
225988,2026-06-11T14:45:46,164.61,0.594,F,-16707.6,12915.75,47.70492554,-122.50653076,E,-16704.51,12909.92,47.70487125,-122.50649161
227066,2026-06-11T14:45:47,162.61,0.593,F,-16707.4,12915.12,47.70491791,-122.50652313,E,-16704.24,12909.2,47.70486476,-122.50648804
228144,2026-06-11T14:45:48,160.52,0.592,F,-16707.19,12914.51,47.70491409,-122.50652313,E,-16703.95,12908.49,47.70485838,-122.50648414
229223,2026-06-11T14:45:49,161.08,0.59,F,-16706.98,12913.89,47.70491028,-122.50652313,E,-16703.66,12907.77,47.70485198,-122.50648033
230302,2026-06-11T14:45:50,162.96,0.588,F,-16706.76,12913.27,47.70490265,-122.5065155,E,-16703.4,12907.06,47.70484553,-122.50647684
231374,2026-06-11T14:45:51,165.92,0.588,F,-16706.57,12912.65,47.70489883,-122.5065155,E,-16703.17,12906.33,47.70483902,-122.50647383
232453,2026-06-11T14:45:53,165.73,0.587,F,-16706.38,12912.02,47.7048912,-122.5065155,E,-16702.94,12905.6,47.70483248,-122.50647078
233539,2026-06-11T14:45:54,164.1,0.585,F,-16706.18,12911.4,47.70488739,-122.50650787,E,-16702.69,12904.88,47.70482598,-122.50646745
234609,2026-06-11T14:45:55,161.61,0.577,F,-16705.97,12910.79,47.70487976,-122.50650787,E,-16702.42,12904.19,47.70481974,-122.50646384
235688,2026-06-11T14:45:56,160.07,0.56,F,-16705.76,12910.22,47.70487595,-122.50650787,E,-16702.14,12903.51,47.7048137,-122.50646007
236766,2026-06-11T14:45:57,158.49,0.569,F,-16705.55,12909.68,47.70487213,-122.50650024,E,-16701.83,12902.84,47.70480763,-122.50645602
237845,2026-06-11T14:45:58,161.74,0.574,F,-16705.33,12909.1,47.7048645,-122.50650024,E,-16701.56,12902.14,47.70480137,-122.50645241
238924,2026-06-11T14:45:59,164.63,0.567,F,-16705.13,12908.48,47.70486069,-122.50650024,E,-16701.33,12901.44,47.70479508,-122.50644929
240003,2026-06-11T14:46:00,164.93,0.584,F,-16704.94,12907.86,47.70485306,-122.50649261,E,-16701.09,12900.72,47.7047886,-122.50644612
241071,2026-06-11T14:46:01,163.56,0.587,F,-16704.75,12907.25,47.70484924,-122.50649261,E,-16700.84,12900.01,47.7047822,-122.50644276
242147,2026-06-11T14:46:02,163.6,0.587,F,-16704.54,12906.64,47.70484161,-122.50648499,E,-16700.59,12899.29,47.70477575,-122.50643938
243216,2026-06-11T14:46:03,163.84,0.588,F,-16704.34,12906.02,47.7048378,-122.50648499,E,-16700.34,12898.57,47.70476933,-122.50643605
244295,2026-06-11T14:46:04,165.76,0.577,F,-16704.14,12905.41,47.70483398,-122.50648499,E,-16700.11,12897.86,47.7047629,-122.50643305
245374,2026-06-11T14:46:05,165.3,0.578,F,-16703.95,12904.79,47.70482635,-122.50647736,E,-16699.88,12897.14,47.70475646,-122.50642997
246444,2026-06-11T14:46:07,164.22,0.582,F,-16703.76,12904.17,47.70482254,-122.50647736,E,-16699.64,12896.43,47.70475008,-122.50642673
247524,2026-06-11T14:46:08,162.24,0.584,F,-16703.56,12903.56,47.70481491,-122.50647736,E,-16699.37,12895.72,47.7047437,-122.50642314
248612,2026-06-11T14:46:09,162.55,0.574,F,-16703.35,12902.93,47.7048111,-122.50646973,E,-16699.1,12895.01,47.70473735,-122.50641963
249685,2026-06-11T14:46:10,163.84,0.58,F,-16703.15,12902.32,47.70480347,-122.50646973,E,-16698.86,12894.31,47.70473099,-122.50641634
250766,2026-06-11T14:46:11,162.79,0.582,F,-16702.94,12901.7,47.70479965,-122.50646973,E,-16698.59,12893.59,47.70472459,-122.50641284
251837,2026-06-11T14:46:12,161.34,0.595,F,-16702.73,12901.09,47.70479202,-122.5064621,E,-16698.31,12892.88,47.70471819,-122.50640908
252902,2026-06-11T14:46:13,161.16,0.596,F,-16702.52,12900.48,47.70478821,-122.5064621,E,-16698.03,12892.17,47.70471181,-122.5064053
253983,2026-06-11T14:46:14,162.61,0.593,F,-16702.31,12899.86,47.70478058,-122.5064621,E,-16697.76,12891.45,47.70470531,-122.50640171
255064,2026-06-11T14:46:15,164.39,0.591,F,-16702.1,12899.24,47.70477676,-122.50645447,E,-16697.51,12890.72,47.70469876,-122.50639842
256135,2026-06-11T14:46:16,164.23,0.591,F,-16701.9,12898.62,47.70477295,-122.50645447,E,-16697.26,12890,47.70469228,-122.50639513
257215,2026-06-11T14:46:17,164.03,0.589,F,-16701.7,12898,47.70476532,-122.50645447,E,-16697.01,12889.27,47.70468577,-122.5063918
258294,2026-06-11T14:46:18,162.63,0.587,F,-16701.49,12897.38,47.70476151,-122.50644684,E,-16696.75,12888.56,47.70467935,-122.50638825
259367,2026-06-11T14:46:19,163.6,0.587,F,-16701.28,12896.76,47.70475388,-122.50644684,E,-16696.49,12887.84,47.70467292,-122.50638488
260447,2026-06-11T14:46:21,163.59,0.588,F,-16701.09,12896.15,47.70475006,-122.50643921,E,-16696.24,12887.12,47.70466644,-122.50638148
261527,2026-06-11T14:46:22,162.09,0.588,F,-16700.88,12895.53,47.70474243,-122.50643921,E,-16695.97,12886.4,47.70466002,-122.50637785
262617,2026-06-11T14:46:23,162.87,0.586,F,-16700.66,12894.9,47.70473862,-122.50643921,E,-16695.7,12885.68,47.70465352,-122.50637431
263699,2026-06-11T14:46:24,161.69,0.596,F,-16700.45,12894.28,47.70473099,-122.50643158,E,-16695.42,12884.96,47.70464702,-122.50637056
264779,2026-06-11T14:46:25,159.49,0.605,F,-16700.23,12893.67,47.70472717,-122.50643158,E,-16695.11,12884.24,47.70464054,-122.50636641
265859,2026-06-11T14:46:26,159.81,0.601,F,-16700.02,12893.05,47.70471954,-122.50643158,E,-16694.8,12883.52,47.70463408,-122.50636233
266938,2026-06-11T14:46:27,160.7,0.608,F,-16699.81,12892.42,47.70471573,-122.50642395,E,-16694.5,12882.79,47.70462752,-122.50635836
268019,2026-06-11T14:46:28,160.74,0.61,F,-16699.6,12891.79,47.7047081,-122.50642395,E,-16694.2,12882.05,47.70462092,-122.50635438
269099,2026-06-11T14:46:29,161.84,0.612,F,-16699.38,12891.15,47.70470428,-122.50641632,E,-16693.92,12881.31,47.70461426,-122.50635056
270172,2026-06-11T14:46:30,162.19,0.615,F,-16699.17,12890.52,47.70469666,-122.50641632,E,-16693.64,12880.57,47.7046076,-122.50634681
271258,2026-06-11T14:46:31,163.26,0.615,F,-16698.96,12889.88,47.70469284,-122.50641632,E,-16693.36,12879.82,47.70460082,-122.50634319
272362,2026-06-11T14:46:32,163.52,0.612,F,-16698.74,12889.22,47.70468521,-122.50640869,E,-16693.09,12879.05,47.70459394,-122.50633957
273442,2026-06-11T14:46:34,162.61,0.603,F,-16698.53,12888.58,47.7046814,-122.50640869,E,-16692.82,12878.32,47.70458735,-122.50633593
274515,2026-06-11T14:46:35,162.26,0.607,F,-16698.32,12887.95,47.70467377,-122.50640869,E,-16692.54,12877.58,47.70458076,-122.50633223
275596,2026-06-11T14:46:36,160.5,0.611,F,-16698.11,12887.32,47.70466995,-122.50640106,E,-16692.24,12876.85,47.70457417,-122.5063282
276685,2026-06-11T14:46:37,161.11,0.623,F,-16697.89,12886.67,47.70466232,-122.50640106,E,-16691.94,12876.09,47.70456737,-122.50632417
277756,2026-06-11T14:46:38,157.42,0.625,F,-16697.68,12886.04,47.70465851,-122.50640106,E,-16691.59,12875.37,47.70456084,-122.50631959
278837,2026-06-11T14:46:39,155.99,0.625,F,-16697.47,12885.42,47.70465088,-122.50639343,E,-16691.23,12874.64,47.70455433,-122.50631474
279917,2026-06-11T14:46:40,156.39,0.624,F,-16697.26,12884.8,47.70464706,-122.50639343,E,-16690.87,12873.91,47.70454781,-122.50630997
280990,2026-06-11T14:46:41,158.38,0.623,F,-16697.04,12884.17,47.70464325,-122.5063858,E,-16690.54,12873.18,47.70454125,-122.50630556
282071,2026-06-11T14:46:42,159.29,0.632,F,-16696.83,12883.53,47.70463562,-122.5063858,E,-16690.21,12872.43,47.70453449,-122.50630119
283151,2026-06-11T14:46:43,157.53,0.629,F,-16696.62,12882.89,47.70463181,-122.5063858,E,-16689.86,12871.69,47.70452787,-122.50629657
284241,2026-06-11T14:46:44,157.67,0.635,F,-16696.4,12882.25,47.70462418,-122.50637817,E,-16689.51,12870.94,47.70452111,-122.50629188
285320,2026-06-11T14:46:45,157.36,0.62,F,-16696.19,12881.61,47.70462036,-122.50637817,E,-16689.17,12870.22,47.70451458,-122.5062873
286400,2026-06-11T14:46:47,157.05,0.62,F,-16695.98,12880.99,47.70461273,-122.50637817,E,-16688.82,12869.49,47.70450807,-122.50628266
287471,2026-06-11T14:46:48,157.19,0.623,F,-16695.77,12880.37,47.70460892,-122.50637054,E,-16688.47,12868.77,47.70450158,-122.50627806
288550,2026-06-11T14:46:49,155.79,0.623,F,-16695.55,12879.75,47.70460129,-122.50637054,E,-16688.11,12868.05,47.70449511,-122.50627321
289630,2026-06-11T14:46:50,153.47,0.623,F,-16695.33,12879.13,47.70459747,-122.50636292,E,-16687.72,12867.34,47.70448876,-122.50626799
290718,2026-06-11T14:46:51,151.52,0.62,F,-16695,12878.51,47.70458984,-122.50636292,E,-16687.3,12866.65,47.70448252,-122.50626245
291788,2026-06-11T14:46:52,151.94,0.621,F,-16694.64,12877.89,47.70458603,-122.50635529,E,-16686.9,12865.96,47.70447634,-122.50625706
292868,2026-06-11T14:46:53,151.57,0.631,F,-16694.25,12877.28,47.7045784,-122.50635529,E,-16686.48,12865.26,47.70447004,-122.50625148
293949,2026-06-11T14:46:54,151.21,0.65,F,-16693.86,12876.66,47.70457458,-122.50634766,E,-16686.04,12864.54,47.70446357,-122.50624568
295021,2026-06-11T14:46:55,150.75,0.566,F,-16693.57,12876.07,47.70456696,-122.50634003,E,-16685.66,12863.91,47.70445796,-122.50624058
296101,2026-06-11T14:46:56,149.82,0.415,F,-16693.35,12875.62,47.70456314,-122.50634003,E,-16685.36,12863.44,47.70445376,-122.50623665
297182,2026-06-11T14:46:57,143.44,0.29,F,-16693.13,12875.3,47.70456314,-122.50634003,E,-16685.12,12863.13,47.70445092,-122.50623342
298270,2026-06-11T14:46:58,125.85,0.202,F,-16692.92,12875.11,47.70455933,-122.5063324,E,-16684.9,12862.95,47.70444932,-122.5062304
299349,2026-06-11T14:46:59,100.14,0.141,F,-16692.73,12875.04,47.70455933,-122.5063324,E,-16684.71,12862.89,47.70444875,-122.5062279
300432,2026-06-11T14:47:01,63.54,0.117,F,-16692.54,12875.05,47.70455933,-122.5063324,E,-16684.56,12862.91,47.704449,-122.506226
301511,2026-06-11T14:47:02,25.51,0,F,-16692.52,12875.11,47.704449,-122.506226,G,-16684.56,12862.91,47.704449,-122.506226
302550,2026-06-11T14:47:03,16.05,0.144,F,-16692.52,12875.15,47.70455933,-122.50632477,E,-16684.51,12863.04,47.70445012,-122.50622527
303630,2026-06-11T14:47:04,11.89,0.236,F,-16692.52,12875.35,47.70456314,-122.50632477,E,-16684.45,12863.28,47.7044523,-122.50622444
304702,2026-06-11T14:47:05,3.25,0.322,F,-16692.51,12875.65,47.70456314,-122.50632477,E,-16684.43,12863.63,47.70445544,-122.50622418
305789,2026-06-11T14:47:06,340.15,0.381,F,-16692.56,12876.03,47.70456696,-122.5063324,E,-16684.59,12864.02,47.70445895,-122.50622637
306869,2026-06-11T14:47:07,326.82,0.423,F,-16692.76,12876.44,47.70457077,-122.5063324,E,-16684.88,12864.4,47.70446233,-122.50623021
307939,2026-06-11T14:47:08,322.11,0.453,F,-16692.99,12876.85,47.70457458,-122.5063324,E,-16685.22,12864.77,47.70446569,-122.50623476
309018,2026-06-11T14:47:09,325.63,0.494,F,-16693.24,12877.27,47.7045784,-122.50634003,E,-16685.57,12865.21,47.70446963,-122.50623941
310097,2026-06-11T14:47:10,325.75,0.542,F,-16693.55,12877.73,47.70458221,-122.50634003,E,-16685.96,12865.7,47.704474,-122.50624451
311169,2026-06-11T14:47:11,327.21,0.578,F,-16693.95,12878.25,47.70458984,-122.50634766,E,-16686.35,12866.23,47.70447874,-122.50624975
312231,2026-06-11T14:47:12,328.41,0.594,F,-16694.35,12878.77,47.70459366,-122.50635529,E,-16686.74,12866.77,47.70448366,-122.50625492
313309,2026-06-11T14:47:13,330.58,0.591,F,-16694.74,12879.3,47.70459747,-122.50635529,E,-16687.11,12867.34,47.70448877,-122.50625983
314387,2026-06-11T14:47:14,333.76,0.59,F,-16694.98,12879.84,47.70460129,-122.50636292,E,-16687.44,12867.93,47.70449404,-122.50626428
315466,2026-06-11T14:47:16,335.4,0.588,F,-16695.19,12880.42,47.70460892,-122.50636292,E,-16687.75,12868.52,47.70449939,-122.50626848
316545,2026-06-11T14:47:17,333.53,0.598,F,-16695.4,12880.98,47.70461273,-122.50637054,E,-16688.1,12869.12,47.70450474,-122.50627303
317618,2026-06-11T14:47:18,331.84,0.595,F,-16695.65,12881.52,47.70461655,-122.50637054,E,-16688.45,12869.7,47.70450993,-122.50627778
318699,2026-06-11T14:47:19,333.26,0.59,F,-16695.89,12882.08,47.70462418,-122.50637054,E,-16688.79,12870.28,47.7045152,-122.50628232
319785,2026-06-11T14:47:20,331.85,0.577,F,-16696.12,12882.62,47.70462799,-122.50637817,E,-16689.14,12870.85,47.70452028,-122.50628697
320855,2026-06-11T14:47:21,337.96,0.526,F,-16696.33,12883.15,47.70463181,-122.50637817,E,-16689.39,12871.39,47.7045251,-122.50629033
321936,2026-06-11T14:47:22,346.95,0.386,F,-16696.51,12883.62,47.70463562,-122.50637817,E,-16689.51,12871.8,47.70452881,-122.50629183
323014,2026-06-11T14:47:23,353.16,0.27,F,-16696.52,12883.97,47.70463943,-122.50637817,E,-16689.55,12872.08,47.70453135,-122.50629235
324092,2026-06-11T14:47:24,350.91,0.189,F,-16696.52,12884.2,47.70464325,-122.50637817,E,-16689.58,12872.27,47.704533,-122.50629276
325171,2026-06-11T14:47:25,358.94,0.189,F,-16696.52,12884.41,47.70464325,-122.50637817,E,-16689.58,12872.45,47.70453469,-122.50629274
326250,2026-06-11T14:47:26,5.82,0.169,F,-16696.52,12884.62,47.70464706,-122.50637817,E,-16689.55,12872.62,47.70453617,-122.50629238
327323,2026-06-11T14:47:27,8,0.246,F,-16696.52,12884.83,47.70464706,-122.50637817,E,-16689.5,12872.87,47.70453847,-122.5062918
328402,2026-06-11T14:47:29,10.17,0.329,F,-16696.51,12885.14,47.70465088,-122.50637817,E,-16689.44,12873.23,47.70454168,-122.50629089
329481,2026-06-11T14:47:30,7.74,0.396,F,-16696.5,12885.54,47.70465469,-122.50637817,E,-16689.38,12873.67,47.70454563,-122.50629012
330564,2026-06-11T14:47:31,357.67,0.443,F,-16696.5,12885.98,47.70465851,-122.50637817,E,-16689.41,12874.17,47.70455012,-122.50629055
331642,2026-06-11T14:47:32,344.91,0.486,F,-16696.56,12886.5,47.70466232,-122.5063858,E,-16689.58,12874.69,47.70455481,-122.50629277
332644,2026-06-11T14:47:33,337.47,0.506,F,-16696.75,12886.98,47.70466614,-122.5063858,E,-16689.81,12875.17,47.70455912,-122.50629585
333723,2026-06-11T14:47:34,332.8,0.53,F,-16696.96,12887.5,47.70466995,-122.5063858,E,-16690.12,12875.69,47.70456378,-122.50629995
334819,2026-06-11T14:47:35,334.73,0.544,F,-16697.18,12888.03,47.70467758,-122.50639343,E,-16690.42,12876.25,47.70456875,-122.50630397
335897,2026-06-11T14:47:36,337.47,0.566,F,-16697.39,12888.57,47.7046814,-122.50639343,E,-16690.7,12876.83,47.70457398,-122.5063077
336977,2026-06-11T14:47:37,340.13,0.582,F,-16697.6,12889.15,47.70468521,-122.50639343,E,-16690.96,12877.44,47.7045795,-122.50631115
338056,2026-06-11T14:47:38,340.67,0.582,F,-16697.82,12889.76,47.70469284,-122.50640106,E,-16691.21,12878.06,47.70458504,-122.50631451
339128,2026-06-11T14:47:39,340.95,0.594,F,-16698.03,12890.38,47.70469666,-122.50640106,E,-16691.46,12878.69,47.70459068,-122.50631788
340207,2026-06-11T14:47:40,341.19,0.591,F,-16698.24,12891,47.70470428,-122.50640106,E,-16691.71,12879.32,47.70459633,-122.50632121
341286,2026-06-11T14:47:41,341.22,0.6,F,-16698.45,12891.62,47.7047081,-122.50640869,E,-16691.97,12879.96,47.70460208,-122.5063246
342376,2026-06-11T14:47:42,341.74,0.594,F,-16698.67,12892.24,47.70471573,-122.50640869,E,-16692.22,12880.6,47.70460784,-122.5063279
343454,2026-06-11T14:47:44,341.75,0.591,F,-16698.88,12892.86,47.70471954,-122.50641632,E,-16692.46,12881.23,47.70461351,-122.50633114
344533,2026-06-11T14:47:45,340.84,0.599,F,-16699.09,12893.48,47.70472336,-122.50641632,E,-16692.72,12881.87,47.70461923,-122.50633458
345612,2026-06-11T14:47:46,341.05,0.615,F,-16699.31,12894.11,47.70473099,-122.50641632,E,-16692.98,12882.52,47.70462513,-122.50633809
346685,2026-06-11T14:47:47,342.37,0.619,F,-16699.52,12894.74,47.7047348,-122.50642395,E,-16693.23,12883.18,47.70463108,-122.50634138
347765,2026-06-11T14:47:48,341.78,0.62,F,-16699.73,12895.38,47.70474243,-122.50642395,E,-16693.48,12883.85,47.70463706,-122.50634479
348851,2026-06-11T14:47:49,341.95,0.61,F,-16699.95,12896.02,47.70474625,-122.50642395,E,-16693.74,12884.51,47.70464298,-122.50634814
349921,2026-06-11T14:47:50,341.43,0.604,F,-16700.16,12896.65,47.70475388,-122.50643158,E,-16693.99,12885.15,47.70464873,-122.50635149
351000,2026-06-11T14:47:51,342.25,0.598,F,-16700.37,12897.27,47.70475769,-122.50643158,E,-16694.23,12885.79,47.7046545,-122.5063547
352080,2026-06-11T14:47:52,343.17,0.605,F,-16700.58,12897.9,47.70476532,-122.50643921,E,-16694.46,12886.45,47.70466038,-122.5063578
353149,2026-06-11T14:47:53,344.88,0.602,F,-16700.78,12898.53,47.70476913,-122.50643921,E,-16694.67,12887.1,47.70466624,-122.50636059
354229,2026-06-11T14:47:54,345.12,0.609,F,-16700.98,12899.16,47.70477676,-122.50643921,E,-16694.88,12887.77,47.70467223,-122.50636339
355299,2026-06-11T14:47:55,344.09,0.604,F,-16701.18,12899.8,47.70478058,-122.50644684,E,-16695.1,12888.42,47.70467809,-122.50636631
356377,2026-06-11T14:47:56,342.78,0.608,F,-16701.39,12900.43,47.70478821,-122.50644684,E,-16695.34,12889.07,47.70468397,-122.50636949
357457,2026-06-11T14:47:58,344.09,0.601,F,-16701.6,12901.07,47.70479202,-122.50644684,E,-16695.56,12889.73,47.70468985,-122.50637243
358536,2026-06-11T14:47:59,343.82,0.616,F,-16701.81,12901.71,47.70479965,-122.50645447,E,-16695.79,12890.4,47.70469587,-122.50637548
359605,2026-06-11T14:48:00,344.09,0.621,F,-16702.02,12902.34,47.70480347,-122.50645447,E,-16696.01,12891.07,47.70470189,-122.50637849
360670,2026-06-11T14:48:01,343.7,0.613,F,-16702.23,12902.97,47.7048111,-122.50645447,E,-16696.24,12891.72,47.70470779,-122.50638151
361759,2026-06-11T14:48:02,344.56,0.613,F,-16702.44,12903.61,47.70481491,-122.5064621,E,-16696.46,12892.4,47.70471386,-122.50638445
362859,2026-06-11T14:48:03,345.32,0.622,F,-16702.64,12904.26,47.70482254,-122.5064621,E,-16696.68,12893.1,47.70472012,-122.50638734
363946,2026-06-11T14:48:04,347.64,0.63,F,-16702.83,12904.91,47.70482635,-122.5064621,E,-16696.87,12893.8,47.70472646,-122.50638983
365024,2026-06-11T14:48:05,347.62,0.627,F,-16703.02,12905.55,47.70483398,-122.50646973,E,-16697.05,12894.5,47.70473272,-122.5063923
366102,2026-06-11T14:48:06,348,0.605,F,-16703.21,12906.18,47.7048378,-122.50646973,E,-16697.22,12895.17,47.70473876,-122.5063946
367172,2026-06-11T14:48:07,348.49,0.622,F,-16703.4,12906.82,47.70484543,-122.50646973,E,-16697.39,12895.86,47.70474495,-122.50639688
368251,2026-06-11T14:48:08,347.62,0.622,F,-16703.59,12907.46,47.70484924,-122.50647736,E,-16697.58,12896.55,47.70475116,-122.50639933
369329,2026-06-11T14:48:09,345,0.622,F,-16703.79,12908.09,47.70485687,-122.50647736,E,-16697.79,12897.23,47.70475728,-122.50640221
370409,2026-06-11T14:48:11,345.2,0.622,F,-16703.99,12908.73,47.70486069,-122.50648499,E,-16698.01,12897.92,47.70476342,-122.50640507
371478,2026-06-11T14:48:12,346.29,0.623,F,-16704.18,12909.37,47.70486832,-122.50648499,E,-16698.21,12898.6,47.70476954,-122.50640772
372548,2026-06-11T14:48:13,346.43,0.624,F,-16704.37,12910,47.70487213,-122.50648499,E,-16698.41,12899.28,47.70477568,-122.50641035
373620,2026-06-11T14:48:14,346.42,0.624,F,-16704.56,12910.64,47.70487976,-122.50649261,E,-16698.6,12899.97,47.70478184,-122.50641299
374709,2026-06-11T14:48:15,346.71,0.621,F,-16704.75,12911.28,47.70488358,-122.50649261,E,-16698.8,12900.66,47.70478807,-122.50641561
375787,2026-06-11T14:48:16,346.71,0.622,F,-16704.95,12911.92,47.7048912,-122.50649261,E,-16699,12901.35,47.70479425,-122.50641821
376857,2026-06-11T14:48:17,346.41,0.614,F,-16705.13,12912.55,47.70489502,-122.50650024,E,-16699.19,12902.02,47.70480028,-122.5064208
377946,2026-06-11T14:48:18,349.04,0.605,F,-16705.33,12913.2,47.70490265,-122.50650024,E,-16699.35,12902.7,47.70480642,-122.50642296
379017,2026-06-11T14:48:19,355.18,0.61,F,-16705.4,12913.83,47.70490646,-122.50650024,E,-16699.44,12903.39,47.70481263,-122.50642406
380096,2026-06-11T14:48:20,0.66,0.612,F,-16705.4,12914.47,47.70491409,-122.50650024,E,-16699.45,12904.1,47.70481897,-122.50642422
381184,2026-06-11T14:48:21,359.26,0.625,F,-16705.4,12915.12,47.70491791,-122.50650024,E,-16699.48,12904.83,47.7048255,-122.50642465
382254,2026-06-11T14:48:22,352.05,0.645,F,-16705.42,12915.8,47.70492554,-122.50650024,E,-16699.61,12905.55,47.70483202,-122.50642639
383333,2026-06-11T14:48:23,347.47,0.648,F,-16705.59,12916.5,47.70493317,-122.50650024,E,-16699.8,12906.27,47.70483851,-122.50642897
384411,2026-06-11T14:48:25,345.95,0.639,F,-16705.78,12917.16,47.70493698,-122.50650787,E,-16700.01,12906.98,47.70484484,-122.50643177
385489,2026-06-11T14:48:26,345.63,0.634,F,-16705.97,12917.8,47.70494461,-122.50650787,E,-16700.23,12907.68,47.70485111,-122.50643461
386568,2026-06-11T14:48:27,344.14,0.643,F,-16706.17,12918.44,47.70494843,-122.50650787,E,-16700.46,12908.38,47.70485741,-122.50643776
387638,2026-06-11T14:48:28,341.42,0.66,F,-16706.38,12919.07,47.70495605,-122.5065155,E,-16700.74,12909.08,47.70486373,-122.50644144
388708,2026-06-11T14:48:29,339.9,0.661,F,-16706.59,12919.71,47.70495987,-122.5065155,E,-16701.04,12909.78,47.70486998,-122.50644538
389787,2026-06-11T14:48:30,340.04,0.669,F,-16706.8,12920.36,47.7049675,-122.5065155,E,-16701.34,12910.49,47.70487638,-122.50644939
390861,2026-06-11T14:48:31,339.72,0.677,F,-16707.02,12921.01,47.70497131,-122.50652313,E,-16701.64,12911.21,47.7048828,-122.50645349
391939,2026-06-11T14:48:32,339.37,0.671,F,-16707.23,12921.67,47.70497894,-122.50652313,E,-16701.96,12911.92,47.70488918,-122.50645762
393025,2026-06-11T14:48:33,339.35,0.674,F,-16707.45,12922.33,47.70498276,-122.50653076,E,-16702.27,12912.63,47.70489563,-122.50646181
394103,2026-06-11T14:48:34,340.36,0.668,F,-16707.66,12922.99,47.70499039,-122.50653076,E,-16702.57,12913.35,47.70490202,-122.50646575
395182,2026-06-11T14:48:35,340.78,0.675,F,-16707.88,12923.68,47.70499802,-122.50653076,E,-16702.86,12914.07,47.70490851,-122.50646967
396261,2026-06-11T14:48:36,339.32,0.681,F,-16708.09,12924.35,47.70500183,-122.50653839,E,-16703.18,12914.79,47.70491499,-122.50647388
397322,2026-06-11T14:48:37,338.58,0.677,F,-16708.3,12924.99,47.70500946,-122.50653839,E,-16703.49,12915.49,47.70492128,-122.50647812
398401,2026-06-11T14:48:39,338.14,0.67,F,-16708.51,12925.64,47.70501328,-122.50653839,E,-16703.82,12916.19,47.70492759,-122.50648247
399481,2026-06-11T14:48:40,337.85,0.675,F,-16708.72,12926.28,47.7050209,-122.50654602,E,-16704.15,12916.9,47.70493393,-122.5064869
400553,2026-06-11T14:48:41,339.46,0.68,F,-16708.94,12926.96,47.70502472,-122.50654602,E,-16704.47,12917.61,47.70494036,-122.50649106
401632,2026-06-11T14:48:42,340.55,0.683,F,-16709.15,12927.68,47.70503235,-122.50655365,E,-16704.77,12918.34,47.70494693,-122.50649506
402711,2026-06-11T14:48:43,342.05,0.684,F,-16709.36,12928.4,47.70503998,-122.50655365,E,-16705.05,12919.08,47.70495357,-122.5064988
403790,2026-06-11T14:48:44,343.37,0.675,F,-16709.58,12929.12,47.70504379,-122.50655365,E,-16705.31,12919.82,47.70496018,-122.50650225
404869,2026-06-11T14:48:45,344.07,0.679,F,-16709.79,12929.85,47.70505142,-122.50656128,E,-16705.56,12920.56,47.70496686,-122.5065056
405948,2026-06-11T14:48:46,341.52,0.683,F,-16710,12930.57,47.70505905,-122.50656128,E,-16705.84,12921.3,47.70497347,-122.50650943
407029,2026-06-11T14:48:47,340.71,0.695,F,-16710.21,12931.3,47.70506668,-122.50656128,E,-16706.15,12922.04,47.70498017,-122.50651349
408109,2026-06-11T14:48:48,338.72,0.683,F,-16710.43,12932.02,47.7050705,-122.50656891,E,-16706.47,12922.77,47.70498664,-122.50651782
409188,2026-06-11T14:48:49,339.96,0.673,F,-16710.64,12932.71,47.70507812,-122.50656891,E,-16706.78,12923.48,47.70499307,-122.50652187
410267,2026-06-11T14:48:50,341.73,0.679,F,-16710.86,12933.39,47.70508194,-122.50657654,E,-16707.06,12924.21,47.70499965,-122.50652564
411345,2026-06-11T14:48:51,340.96,0.672,F,-16711.07,12934.11,47.70508957,-122.50657654,E,-16707.35,12924.93,47.70500611,-122.5065295
412424,2026-06-11T14:48:53,343.15,0.656,F,-16711.28,12934.79,47.7050972,-122.50657654,E,-16707.61,12925.65,47.70501252,-122.50653288
413493,2026-06-11T14:48:54,343.79,0.635,F,-16711.49,12935.43,47.70510101,-122.50658417,E,-16707.84,12926.33,47.70501867,-122.50653602
414571,2026-06-11T14:48:55,342.06,0.63,F,-16711.71,12936.07,47.70510864,-122.50658417,E,-16708.1,12927.01,47.70502476,-122.50653944
415650,2026-06-11T14:48:56,339.49,0.637,F,-16711.92,12936.71,47.70511246,-122.50658417,E,-16708.39,12927.68,47.7050308,-122.50654334
416729,2026-06-11T14:48:57,339,0.643,F,-16712.13,12937.35,47.70512009,-122.5065918,E,-16708.69,12928.36,47.70503688,-122.50654735
417801,2026-06-11T14:48:58,340.02,0.649,F,-16712.34,12937.98,47.7051239,-122.5065918,E,-16708.98,12929.04,47.70504303,-122.50655121
418880,2026-06-11T14:48:59,342,0.651,F,-16712.56,12938.62,47.70513153,-122.5065918,E,-16709.25,12929.74,47.70504933,-122.50655477
419959,2026-06-11T14:49:00,343.32,0.643,F,-16712.77,12939.26,47.70513535,-122.50659943,E,-16709.5,12930.44,47.70505561,-122.50655806
421002,2026-06-11T14:49:01,344.35,0.643,F,-16712.97,12939.88,47.70514297,-122.50659943,E,-16709.72,12931.12,47.70506172,-122.50656106
422089,2026-06-11T14:49:02,343.04,0.646,F,-16713.19,12940.53,47.70514679,-122.50660706,E,-16709.97,12931.83,47.70506806,-122.50656443
423191,2026-06-11T14:49:03,340.19,0.656,F,-16713.4,12941.18,47.70515442,-122.50660706,E,-16710.27,12932.54,47.70507446,-122.50656842
424261,2026-06-11T14:49:04,337.31,0.658,F,-16713.61,12941.82,47.70515823,-122.50660706,E,-16710.6,12933.22,47.70508055,-122.50657278
425340,2026-06-11T14:49:05,336,0.678,F,-16713.85,12942.46,47.70516586,-122.50661469,E,-16710.96,12933.92,47.70508681,-122.50657755
426418,2026-06-11T14:49:07,335.33,0.683,F,-16714.11,12943.09,47.70516968,-122.50661469,E,-16711.33,12934.61,47.70509308,-122.50658247
427496,2026-06-11T14:49:08,337,0.685,F,-16714.35,12943.75,47.70517731,-122.50662231,E,-16711.68,12935.32,47.70509946,-122.50658712
428575,2026-06-11T14:49:09,339.06,0.674,F,-16714.57,12944.44,47.70518112,-122.50662231,E,-16711.99,12936.04,47.70510586,-122.50659133
429654,2026-06-11T14:49:10,339.64,0.658,F,-16714.78,12945.09,47.70518875,-122.50662231,E,-16712.29,12936.73,47.70511212,-122.50659534
430726,2026-06-11T14:49:11,339.14,0.638,F,-16714.99,12945.72,47.70519257,-122.50662994,E,-16712.59,12937.4,47.70511812,-122.50659927
431805,2026-06-11T14:49:12,338.51,0.633,F,-16715.21,12946.36,47.7052002,-122.50662994,E,-16712.89,12938.06,47.70512407,-122.50660331
432884,2026-06-11T14:49:13,338.39,0.63,F,-16715.42,12947,47.70520401,-122.50662994,E,-16713.2,12938.72,47.70512999,-122.50660734
433972,2026-06-11T14:49:14,339.1,0.634,F,-16715.63,12947.64,47.70521164,-122.50663757,E,-16713.49,12939.4,47.70513603,-122.50661131
435041,2026-06-11T14:49:15,338.96,0.653,F,-16715.85,12948.28,47.70521545,-122.50663757,E,-16713.8,12940.08,47.70514215,-122.50661536
436128,2026-06-11T14:49:16,339.18,0.662,F,-16716.06,12948.92,47.70522308,-122.5066452,E,-16714.11,12940.78,47.70514848,-122.50661951
437200,2026-06-11T14:49:17,339.79,0.671,F,-16716.27,12949.56,47.70523071,-122.5066452,E,-16714.41,12941.49,47.70515484,-122.50662355
438279,2026-06-11T14:49:18,340.88,0.675,F,-16716.49,12950.27,47.70523453,-122.5066452,E,-16714.71,12942.21,47.70516134,-122.50662744
439358,2026-06-11T14:49:19,342.45,0.679,F,-16716.7,12950.99,47.70524216,-122.50665283,E,-16714.98,12942.95,47.70516795,-122.50663108
440446,2026-06-11T14:49:21,340.61,0.657,F,-16716.91,12951.71,47.70524979,-122.50665283,E,-16715.27,12943.65,47.7051743,-122.50663495
441524,2026-06-11T14:49:22,290,0.508,F,-16717.29,12952.17,47.7052536,-122.50666046,E,-16715.84,12943.8,47.70517556,-122.50664262
442603,2026-06-11T14:49:23,246.19,0.355,F,-16717.72,12952.13,47.7052536,-122.50666046,E,-16716.22,12943.56,47.70517343,-122.50664756
443682,2026-06-11T14:49:24,241.96,0.258,F,-16718,12952.02,47.70524979,-122.50666809,E,-16716.47,12943.35,47.70517159,-122.50665094
444754,2026-06-11T14:49:25,234.77,0.18,F,-16718.21,12951.91,47.70524979,-122.50666809,E,-16716.62,12943.18,47.70517,-122.506653
445824,2026-06-11T14:49:26,231.84,0.126,F,-16718.4,12951.81,47.70517,-122.506653,G,-16716.62,12943.18,47.70517,-122.506653
451214,2026-06-11T14:49:31,184.16,0.213,F,-16718.46,12951.13,47.70517,-122.506653,G,-16716.62,12943.18,47.70517,-122.506653
452293,2026-06-11T14:49:32,169.62,0.158,F,-16718.46,12950.92,47.70524216,-122.50667572,E,-16716.58,12942.98,47.70516821,-122.50665242
453372,2026-06-11T14:49:33,158.76,0.111,F,-16718.46,12950.8,47.70523834,-122.50667572,E,-16716.53,12942.84,47.70516698,-122.5066517
454441,2026-06-11T14:49:35,161.9,0,F,-16718.46,12950.77,47.70523834,-122.50667572,E,-16716.52,12942.82,47.70516682,-122.50665168
455520,2026-06-11T14:49:36,171.28,0,F,-16718.46,12950.77,47.70523834,-122.50667572,E,-16716.52,12942.8,47.70516665,-122.50665167
456589,2026-06-11T14:49:37,170.17,0.118,F,-16718.46,12950.76,47.70523834,-122.50667572,E,-16716.49,12942.65,47.70516529,-122.50665125
457667,2026-06-11T14:49:38,159.71,0.239,F,-16718.45,12950.58,47.70523834,-122.50667572,E,-16716.38,12942.38,47.70516281,-122.50664977
458737,2026-06-11T14:49:39,165.05,0.325,F,-16718.43,12950.29,47.70523453,-122.50667572,E,-16716.26,12942,47.70515941,-122.50664822
459806,2026-06-11T14:49:40,164.48,0.385,F,-16718.3,12949.92,47.70523071,-122.50666809,E,-16716.12,12941.56,47.70515544,-122.50664633
460886,2026-06-11T14:49:41,162.79,0.425,F,-16718.11,12949.5,47.7052269,-122.50666809,E,-16715.95,12941.07,47.70515106,-122.50664404
461966,2026-06-11T14:49:42,159.16,0.451,F,-16717.91,12949.06,47.70522308,-122.50666809,E,-16715.74,12940.56,47.70514654,-122.5066412
463036,2026-06-11T14:49:43,161.65,0.482,F,-16717.72,12948.58,47.70521927,-122.50666046,E,-16715.53,12940.02,47.70514168,-122.50663849
464106,2026-06-11T14:49:44,160.5,0.504,F,-16717.53,12948.06,47.70521545,-122.50666046,E,-16715.31,12939.46,47.70513665,-122.50663551
465183,2026-06-11T14:49:45,162.5,0.51,F,-16717.33,12947.54,47.70521164,-122.50666046,E,-16715.1,12938.89,47.70513145,-122.50663274
466261,2026-06-11T14:49:46,162.01,0.524,F,-16717.13,12947.02,47.70520782,-122.50665283,E,-16714.88,12938.29,47.70512613,-122.50662982
467322,2026-06-11T14:49:47,162.48,0.524,F,-16716.95,12946.49,47.7052002,-122.50665283,E,-16714.67,12937.71,47.70512088,-122.50662701
468410,2026-06-11T14:49:49,162.7,0.541,F,-16716.75,12945.95,47.70519638,-122.50665283,E,-16714.45,12937.09,47.70511532,-122.50662406
469488,2026-06-11T14:49:50,162.69,0.545,F,-16716.55,12945.41,47.70519257,-122.5066452,E,-16714.23,12936.47,47.70510977,-122.50662112
470567,2026-06-11T14:49:51,161.66,0.567,F,-16716.34,12944.86,47.70518494,-122.5066452,E,-16713.99,12935.83,47.70510404,-122.50661791
471647,2026-06-11T14:49:52,163.22,0.572,F,-16716.13,12944.24,47.70518112,-122.5066452,E,-16713.76,12935.18,47.70509819,-122.5066149
472721,2026-06-11T14:49:53,163.63,0.556,F,-16715.93,12943.65,47.70517731,-122.50663757,E,-16713.55,12934.55,47.70509252,-122.50661204
473800,2026-06-11T14:49:54,162.06,0.523,F,-16715.72,12943.11,47.70516968,-122.50663757,E,-16713.33,12933.96,47.7050872,-122.50660914
474879,2026-06-11T14:49:55,161.6,0.521,F,-16715.52,12942.58,47.70516586,-122.50663757,E,-16713.11,12933.37,47.70508192,-122.50660618
475967,2026-06-11T14:49:56,161.22,0.528,F,-16715.31,12942.04,47.70516205,-122.50662994,E,-16712.88,12932.77,47.70507654,-122.5066031
477045,2026-06-11T14:49:57,159.39,0.534,F,-16715.1,12941.51,47.70515823,-122.50662994,E,-16712.63,12932.18,47.70507122,-122.50659978
478124,2026-06-11T14:49:58,160.18,0.539,F,-16714.88,12940.98,47.7051506,-122.50662994,E,-16712.38,12931.58,47.70506581,-122.50659652
479220,2026-06-11T14:49:59,161.6,0.539,F,-16714.67,12940.43,47.70514679,-122.50662231,E,-16712.15,12930.96,47.70506027,-122.50659341
480258,2026-06-11T14:50:00,164.51,0.549,F,-16714.49,12939.91,47.70514297,-122.50662231,E,-16711.95,12930.36,47.70505483,-122.50659081
481342,2026-06-11T14:50:01,165.27,0.549,F,-16714.29,12939.36,47.70513916,-122.50662231,E,-16711.76,12929.72,47.70504912,-122.5065882
482412,2026-06-11T14:50:03,163,0.562,F,-16714.11,12938.8,47.70513153,-122.50661469,E,-16711.54,12929.09,47.70504344,-122.50658523
483414,2026-06-11T14:50:04,164.94,0.572,F,-16713.92,12938.24,47.70512772,-122.50661469,E,-16711.34,12928.48,47.70503796,-122.50658267
484493,2026-06-11T14:50:05,163.75,0.566,F,-16713.73,12937.62,47.70512009,-122.50661469,E,-16711.13,12927.83,47.70503216,-122.50657977
485571,2026-06-11T14:50:06,163.61,0.572,F,-16713.54,12937,47.70511627,-122.50660706,E,-16710.9,12927.18,47.70502631,-122.50657682
486649,2026-06-11T14:50:07,162.83,0.567,F,-16713.33,12936.41,47.70511246,-122.50660706,E,-16710.68,12926.54,47.70502053,-122.50657378
487720,2026-06-11T14:50:08,162.43,0.565,F,-16713.12,12935.83,47.70510483,-122.50659943,E,-16710.45,12925.9,47.70501483,-122.50657072
488798,2026-06-11T14:50:09,163.96,0.563,F,-16712.92,12935.27,47.70510101,-122.50659943,E,-16710.23,12925.26,47.70500906,-122.50656787
489876,2026-06-11T14:50:10,165.34,0.559,F,-16712.73,12934.67,47.70509338,-122.50659943,E,-16710.03,12924.62,47.70500328,-122.50656523
490955,2026-06-11T14:50:11,165.5,0.567,F,-16712.54,12934.05,47.70508957,-122.5065918,E,-16709.84,12923.96,47.70499742,-122.50656258
492025,2026-06-11T14:50:12,167.2,0.573,F,-16712.35,12933.44,47.70508575,-122.5065918,E,-16709.66,12923.3,47.70499149,-122.50656018
493103,2026-06-11T14:50:13,169.81,0.567,F,-16712.16,12932.82,47.70507812,-122.5065918,E,-16709.5,12922.64,47.70498551,-122.50655818
494182,2026-06-11T14:50:14,169.85,0.552,F,-16712.03,12932.2,47.70507431,-122.5065918,E,-16709.36,12921.99,47.70497968,-122.50655623
495278,2026-06-11T14:50:15,163.22,0.57,F,-16711.84,12931.58,47.70506668,-122.50658417,E,-16709.13,12921.33,47.70497377,-122.50655318
496356,2026-06-11T14:50:16,164.58,0.565,F,-16711.63,12930.98,47.70506287,-122.50658417,E,-16708.92,12920.68,47.70496795,-122.50655041
497435,2026-06-11T14:50:18,162.98,0.552,F,-16711.44,12930.42,47.70505524,-122.50658417,E,-16708.7,12920.06,47.70496232,-122.50654747
498514,2026-06-11T14:50:19,160.08,0.542,F,-16711.22,12929.88,47.70505142,-122.50657654,E,-16708.45,12919.45,47.70495689,-122.50654418
499583,2026-06-11T14:50:20,159.29,0.537,F,-16711.01,12929.35,47.70504761,-122.50657654,E,-16708.2,12918.86,47.70495159,-122.50654085
500662,2026-06-11T14:50:21,160.58,0.541,F,-16710.8,12928.82,47.70504379,-122.50656891,E,-16707.96,12918.26,47.70494615,-122.50653764
501741,2026-06-11T14:50:22,160.62,0.532,F,-16710.59,12928.28,47.70503616,-122.50656891,E,-16707.73,12917.66,47.70494079,-122.50653449
502813,2026-06-11T14:50:23,161.06,0.539,F,-16710.38,12927.75,47.70503235,-122.50656891,E,-16707.49,12917.06,47.70493539,-122.50653137
503892,2026-06-11T14:50:24,161.02,0.542,F,-16710.17,12927.22,47.70502853,-122.50656128,E,-16707.26,12916.45,47.70492992,-122.50652822
504971,2026-06-11T14:50:25,162.94,0.545,F,-16709.96,12926.68,47.70502472,-122.50656128,E,-16707.04,12915.83,47.70492436,-122.50652531
506059,2026-06-11T14:50:26,164.94,0.546,F,-16709.77,12926.13,47.70501709,-122.50656128,E,-16706.84,12915.2,47.70491867,-122.50652266
507137,2026-06-11T14:50:27,166.22,0.549,F,-16709.57,12925.59,47.70501328,-122.50655365,E,-16706.65,12914.56,47.70491297,-122.50652019
508216,2026-06-11T14:50:28,163.12,0.551,F,-16709.38,12925.05,47.70500946,-122.50655365,E,-16706.43,12913.94,47.70490734,-122.50651728
509312,2026-06-11T14:50:29,161.11,0.55,F,-16709.17,12924.5,47.70500565,-122.50655365,E,-16706.19,12913.31,47.70490171,-122.50651404
510372,2026-06-11T14:50:30,161.36,0.553,F,-16708.96,12923.97,47.70499802,-122.50654602,E,-16705.96,12912.7,47.70489622,-122.50651092
511442,2026-06-11T14:50:32,161.93,0.543,F,-16708.75,12923.43,47.7049942,-122.50654602,E,-16705.73,12912.09,47.70489075,-122.50650791
512505,2026-06-11T14:50:33,162.31,0.547,F,-16708.54,12922.9,47.70499039,-122.50653839,E,-16705.51,12911.48,47.70488527,-122.50650495
513598,2026-06-11T14:50:34,162.68,0.556,F,-16708.34,12922.34,47.70498276,-122.50653839,E,-16705.28,12910.84,47.70487954,-122.50650191
514669,2026-06-11T14:50:35,163.01,0.556,F,-16708.13,12921.8,47.70497894,-122.50653839,E,-16705.06,12910.21,47.7048739,-122.50649897
515757,2026-06-11T14:50:36,163.03,0.563,F,-16707.93,12921.23,47.70497513,-122.50653076,E,-16704.83,12909.57,47.70486811,-122.50649596
516835,2026-06-11T14:50:37,163.18,0.57,F,-16707.72,12920.61,47.7049675,-122.50653076,E,-16704.61,12908.92,47.7048623,-122.50649295
517914,2026-06-11T14:50:38,161.76,0.564,F,-16707.51,12920.01,47.70496368,-122.50653076,E,-16704.37,12908.29,47.70485659,-122.50648977
518993,2026-06-11T14:50:39,161.75,0.571,F,-16707.29,12919.42,47.70495987,-122.50652313,E,-16704.13,12907.64,47.70485081,-122.50648655
520065,2026-06-11T14:50:40,161.45,0.566,F,-16707.08,12918.83,47.70495224,-122.50652313,E,-16703.89,12907.01,47.70484513,-122.50648334
521144,2026-06-11T14:50:41,161.65,0.583,F,-16706.87,12918.22,47.70494843,-122.50652313,E,-16703.64,12906.36,47.70483924,-122.50648004
522223,2026-06-11T14:50:42,163.12,0.583,F,-16706.66,12917.6,47.7049408,-122.5065155,E,-16703.41,12905.69,47.70483329,-122.50647696
523312,2026-06-11T14:50:43,164.98,0.593,F,-16706.46,12916.97,47.70493698,-122.5065155,E,-16703.19,12905.01,47.70482712,-122.50647408
524398,2026-06-11T14:50:45,163.88,0.6,F,-16706.25,12916.34,47.70492935,-122.50650787,E,-16702.96,12904.32,47.70482094,-122.50647101
525477,2026-06-11T14:50:46,164.74,0.606,F,-16706.05,12915.7,47.70492554,-122.50650787,E,-16702.74,12903.62,47.7048147,-122.50646806
526549,2026-06-11T14:50:47,163.74,0.602,F,-16705.84,12915.07,47.70491791,-122.50650787,E,-16702.51,12902.94,47.70480859,-122.50646499
527619,2026-06-11T14:50:48,165.5,0.598,F,-16705.65,12914.45,47.70491409,-122.50650024,E,-16702.3,12902.26,47.70480246,-122.50646222
528699,2026-06-11T14:50:49,165.4,0.604,F,-16705.45,12913.81,47.70490646,-122.50650024,E,-16702.09,12901.57,47.70479622,-122.50645938
529772,2026-06-11T14:50:50,163.23,0.601,F,-16705.26,12913.18,47.70490265,-122.50650024,E,-16701.85,12900.89,47.70479012,-122.50645624
530851,2026-06-11T14:50:51,161,0.596,F,-16705.04,12912.55,47.70489502,-122.50649261,E,-16701.59,12900.22,47.70478413,-122.50645276
531930,2026-06-11T14:50:52,160.46,0.602,F,-16704.83,12911.93,47.7048912,-122.50649261,E,-16701.32,12899.55,47.7047781,-122.50644917
533018,2026-06-11T14:50:53,161.07,0.605,F,-16704.62,12911.3,47.70488358,-122.50649261,E,-16701.05,12898.87,47.70477196,-122.50644563
534097,2026-06-11T14:50:54,160.66,0.609,F,-16704.4,12910.67,47.70487976,-122.50648499,E,-16700.78,12898.19,47.70476585,-122.50644203
535176,2026-06-11T14:50:55,162.08,0.602,F,-16704.19,12910.04,47.70487213,-122.50648499,E,-16700.53,12897.51,47.70475976,-122.50643869
536255,2026-06-11T14:50:56,162.25,0.606,F,-16703.98,12909.41,47.70486832,-122.50647736,E,-16700.28,12896.82,47.70475362,-122.50643535
537327,2026-06-11T14:50:57,163.45,0.6,F,-16703.77,12908.78,47.70486069,-122.50647736,E,-16700.05,12896.15,47.70474753,-122.50643225
538414,2026-06-11T14:50:59,164.08,0.604,F,-16703.55,12908.14,47.70485687,-122.50647736,E,-16699.82,12895.45,47.70474129,-122.50642918
539492,2026-06-11T14:51:00,164.44,0.609,F,-16703.34,12907.5,47.70484924,-122.50646973,E,-16699.59,12894.76,47.70473505,-122.50642617
540495,2026-06-11T14:51:01,165.88,0.605,F,-16703.17,12906.91,47.70484543,-122.50646973,E,-16699.4,12894.11,47.70472923,-122.5064236
541573,2026-06-11T14:51:02,165.11,0.611,F,-16702.98,12906.27,47.70484161,-122.50646973,E,-16699.18,12893.41,47.70472293,-122.50642069
542652,2026-06-11T14:51:03,162.09,0.603,F,-16702.77,12905.64,47.70483398,-122.5064621,E,-16698.93,12892.73,47.70471683,-122.50641734
543716,2026-06-11T14:51:04,162.07,0.6,F,-16702.56,12905.02,47.70483017,-122.5064621,E,-16698.68,12892.06,47.70471084,-122.50641405
544795,2026-06-11T14:51:05,162.21,0.605,F,-16702.35,12904.39,47.70482254,-122.5064621,E,-16698.43,12891.38,47.70470471,-122.50641071
545874,2026-06-11T14:51:06,162.86,0.609,F,-16702.13,12903.75,47.70481873,-122.50645447,E,-16698.19,12890.69,47.70469851,-122.50640745
546952,2026-06-11T14:51:07,162.05,0.613,F,-16701.92,12903.11,47.7048111,-122.50645447,E,-16697.93,12890,47.70469231,-122.50640405
548030,2026-06-11T14:51:08,161.83,0.604,F,-16701.71,12902.48,47.70480728,-122.50645447,E,-16697.68,12889.32,47.70468621,-122.50640066
549109,2026-06-11T14:51:09,160.5,0.609,F,-16701.49,12901.85,47.70479965,-122.50644684,E,-16697.41,12888.64,47.70468012,-122.50639703
550188,2026-06-11T14:51:10,160.41,0.612,F,-16701.28,12901.22,47.70479584,-122.50644684,E,-16697.13,12887.96,47.70467399,-122.50639338
551252,2026-06-11T14:51:11,160.55,0.607,F,-16701.07,12900.6,47.70478821,-122.50643921,E,-16696.86,12887.29,47.70466799,-122.50638982
552331,2026-06-11T14:51:12,159.57,0.611,F,-16700.86,12899.97,47.70478439,-122.50643921,E,-16696.58,12886.62,47.70466191,-122.50638604
553427,2026-06-11T14:51:14,160.52,0.6,F,-16700.64,12899.34,47.70477676,-122.50643921,E,-16696.31,12885.94,47.70465581,-122.50638242
554505,2026-06-11T14:51:15,160.42,0.594,F,-16700.43,12898.71,47.70477295,-122.50643158,E,-16696.04,12885.27,47.70464986,-122.50637887
555584,2026-06-11T14:51:16,159.96,0.592,F,-16700.22,12898.1,47.70476532,-122.50643158,E,-16695.77,12884.62,47.70464395,-122.50637527
556653,2026-06-11T14:51:17,159.9,0.582,F,-16700.01,12897.48,47.70476151,-122.50643158,E,-16695.51,12883.98,47.70463819,-122.50637175
557723,2026-06-11T14:51:18,159.38,0.575,F,-16699.79,12896.88,47.70475388,-122.50642395,E,-16695.24,12883.34,47.70463252,-122.50636819
558802,2026-06-11T14:51:19,159,0.588,F,-16699.58,12896.26,47.70475006,-122.50642395,E,-16694.96,12882.69,47.70462668,-122.50636447
559880,2026-06-11T14:51:20,160.74,0.597,F,-16699.37,12895.64,47.70474625,-122.50641632,E,-16694.7,12882.03,47.7046207,-122.50636095
560958,2026-06-11T14:51:21,160.01,0.615,F,-16699.16,12895.02,47.70473862,-122.50641632,E,-16694.42,12881.35,47.70461457,-122.50635722
562037,2026-06-11T14:51:22,159.47,0.618,F,-16698.94,12894.39,47.7047348,-122.50641632,E,-16694.13,12880.66,47.70460842,-122.50635338
563116,2026-06-11T14:51:23,162.5,0.62,F,-16698.73,12893.76,47.70472717,-122.50640869,E,-16693.88,12879.96,47.70460213,-122.50635
564179,2026-06-11T14:51:24,165.41,0.614,F,-16698.53,12893.13,47.70472336,-122.50640869,E,-16693.66,12879.27,47.70459589,-122.50634717
565258,2026-06-11T14:51:25,163.29,0.616,F,-16698.34,12892.49,47.70471573,-122.50640869,E,-16693.42,12878.57,47.70458961,-122.50634394
566337,2026-06-11T14:51:26,161.44,0.597,F,-16698.12,12891.86,47.70471191,-122.50640106,E,-16693.16,12877.9,47.70458359,-122.50634052
567400,2026-06-11T14:51:28,161.43,0.596,F,-16697.91,12891.25,47.70470428,-122.50640106,E,-16692.91,12877.24,47.70457767,-122.50633717
568487,2026-06-11T14:51:29,159.7,0.602,F,-16697.7,12890.63,47.70470047,-122.50640106,E,-16692.63,12876.57,47.70457162,-122.50633343
569575,2026-06-11T14:51:30,156.56,0.617,F,-16697.48,12890,47.70469284,-122.50639343,E,-16692.31,12875.89,47.70456558,-122.50632912
570639,2026-06-11T14:51:31,158.23,0.61,F,-16697.27,12889.39,47.70468903,-122.50639343,E,-16692.01,12875.23,47.70455966,-122.5063252
571719,2026-06-11T14:51:32,159.63,0.613,F,-16697.06,12888.77,47.7046814,-122.5063858,E,-16691.73,12874.55,47.70455355,-122.50632141
572798,2026-06-11T14:51:33,160.1,0.604,F,-16696.85,12888.14,47.70467758,-122.5063858,E,-16691.45,12873.88,47.70454751,-122.50631776
573800,2026-06-11T14:51:34,158.78,0.612,F,-16696.65,12887.56,47.70467377,-122.5063858,E,-16691.18,12873.26,47.70454189,-122.50631413
574878,2026-06-11T14:51:35,158.85,0.615,F,-16696.44,12886.94,47.70466614,-122.50637817,E,-16690.89,12872.58,47.70453581,-122.50631022
575949,2026-06-11T14:51:36,158.41,0.617,F,-16696.22,12886.31,47.70466232,-122.50637817,E,-16690.59,12871.91,47.70452978,-122.50630625
577027,2026-06-11T14:51:37,157.67,0.617,F,-16696.01,12885.68,47.70465469,-122.50637817,E,-16690.28,12871.23,47.70452373,-122.50630215
578096,2026-06-11T14:51:38,155.66,0.599,F,-16695.8,12885.07,47.70465088,-122.50637054,E,-16689.96,12870.6,47.70451801,-122.5062979
579175,2026-06-11T14:51:39,156.56,0.606,F,-16695.59,12884.45,47.70464325,-122.50637054,E,-16689.65,12869.94,47.70451212,-122.5062937
580245,2026-06-11T14:51:40,159.81,0.601,F,-16695.38,12883.83,47.70463943,-122.50636292,E,-16689.37,12869.28,47.70450617,-122.50629005
581325,2026-06-11T14:51:41,156.28,0.606,F,-16695.16,12883.21,47.70463181,-122.50636292,E,-16689.05,12868.62,47.70450029,-122.5062858
582404,2026-06-11T14:51:43,152.36,0.621,F,-16694.93,12882.6,47.70462799,-122.50636292,E,-16688.68,12867.98,47.70449449,-122.50628087
583493,2026-06-11T14:51:44,151.82,0.62,F,-16694.67,12881.97,47.70462036,-122.50635529,E,-16688.31,12867.33,47.70448867,-122.50627583
584573,2026-06-11T14:51:45,151.69,0.62,F,-16694.29,12881.36,47.70461655,-122.50635529,E,-16687.93,12866.69,47.70448291,-122.5062708
585652,2026-06-11T14:51:46,153.86,0.62,F,-16694.02,12880.75,47.70460892,-122.50634766,E,-16687.58,12866.03,47.70447703,-122.5062661
586731,2026-06-11T14:51:47,154.68,0.621,F,-16693.79,12880.13,47.7046051,-122.50634766,E,-16687.23,12865.37,47.70447109,-122.50626151
587802,2026-06-11T14:51:48,154.43,0.623,F,-16693.57,12879.51,47.70460129,-122.50634003,E,-16686.89,12864.72,47.7044652,-122.50625691
588881,2026-06-11T14:51:49,153.22,0.623,F,-16693.32,12878.89,47.70459366,-122.50634003,E,-16686.52,12864.06,47.70445933,-122.50625209
589959,2026-06-11T14:51:50,153.72,0.623,F,-16693.06,12878.28,47.70458984,-122.5063324,E,-16686.17,12863.41,47.70445343,-122.50624735
591037,2026-06-11T14:51:51,147.99,0.623,F,-16692.71,12877.69,47.70458221,-122.5063324,E,-16685.75,12862.79,47.70444789,-122.50624178
592116,2026-06-11T14:51:52,116.41,0.546,F,-16692.27,12877.24,47.7045784,-122.50632477,E,-16685.16,12862.52,47.70444542,-122.50623395
593195,2026-06-11T14:51:53,71.3,0.39,F,-16691.8,12877.19,47.7045784,-122.50631714,E,-16684.74,12862.67,47.70444676,-122.50622827
594258,2026-06-11T14:51:54,35.07,0.274,F,-16691.53,12877.39,47.70458221,-122.50631714,E,-16684.56,12862.91,47.704449,-122.506226
595337,2026-06-11T14:51:55,17.06,0.203,F,-16691.44,12877.6,47.704449,-122.506226,G,-16684.56,12862.91,47.704449,-122.506226
596416,2026-06-11T14:51:57,11.51,0.166,F,-16691.43,12877.8,47.70458603,-122.50631714,E,-16684.53,12863.09,47.70445056,-122.50622559
597479,2026-06-11T14:51:58,11.37,0.22,F,-16691.43,12878,47.70458603,-122.50631714,E,-16684.5,12863.32,47.70445266,-122.50622507
598557,2026-06-11T14:51:59,2.1,0.154,F,-16691.43,12878.21,47.70458603,-122.50631714,E,-16684.5,12863.48,47.70445411,-122.50622508
599621,2026-06-11T14:52:00,348.02,0.108,F,-16691.43,12878.33,47.70458984,-122.50631714,E,-16684.53,12863.59,47.70445504,-122.50622549
600696,2026-06-11T14:52:01,337.66,0.143,F,-16691.43,12878.4,47.70458984,-122.50631714,E,-16684.6,12863.72,47.70445623,-122.50622642
601776,2026-06-11T14:52:02,334.09,0.256,F,-16691.5,12878.6,47.70458984,-122.50631714,E,-16684.74,12863.96,47.70445843,-122.50622832
602840,2026-06-11T14:52:03,333.46,0.337,F,-16691.69,12878.89,47.70459366,-122.50631714,E,-16684.93,12864.29,47.70446132,-122.50623085
603928,2026-06-11T14:52:04,328.6,0.411,F,-16691.9,12879.24,47.70459747,-122.50631714,E,-16685.2,12864.67,47.70446477,-122.50623447
605007,2026-06-11T14:52:05,332.57,0.435,F,-16692.11,12879.64,47.70460129,-122.50632477,E,-16685.46,12865.09,47.70446856,-122.50623788
606095,2026-06-11T14:52:06,343.25,0.449,F,-16692.32,12880.07,47.7046051,-122.50632477,E,-16685.63,12865.57,47.70447289,-122.50624023
607175,2026-06-11T14:52:07,344.49,0.437,F,-16692.51,12880.51,47.70460892,-122.50632477,E,-16685.79,12866.04,47.7044771,-122.50624235
608254,2026-06-11T14:52:08,341.08,0.427,F,-16692.71,12880.95,47.70461273,-122.5063324,E,-16685.98,12866.49,47.70448111,-122.50624481
609333,2026-06-11T14:52:09,337.92,0.444,F,-16692.9,12881.38,47.70461655,-122.5063324,E,-16686.19,12866.94,47.70448519,-122.50624771
610405,2026-06-11T14:52:11,332.82,0.399,F,-16693.11,12881.8,47.70462036,-122.50634003,E,-16686.43,12867.33,47.70448864,-122.50625078
611475,2026-06-11T14:52:12,330.89,0.346,F,-16693.32,12882.13,47.70462418,-122.50634003,E,-16686.64,12867.65,47.70449155,-122.5062536
612571,2026-06-11T14:52:13,339,0.387,F,-16693.52,12882.48,47.70462799,-122.50634003,E,-16686.82,12868.05,47.70449517,-122.50625606
613650,2026-06-11T14:52:14,336.82,0.45,F,-16693.71,12882.9,47.70463181,-122.50634766,E,-16687.05,12868.51,47.70449927,-122.50625912
614722,2026-06-11T14:52:15,332.51,0.482,F,-16693.92,12883.33,47.70463562,-122.50634766,E,-16687.33,12868.98,47.70450346,-122.50626288
615791,2026-06-11T14:52:16,331.4,0.495,F,-16694.13,12883.76,47.70463943,-122.50634766,E,-16687.63,12869.45,47.70450771,-122.50626685
616861,2026-06-11T14:52:17,331.6,0.504,F,-16694.34,12884.22,47.70464325,-122.50635529,E,-16687.93,12869.93,47.70451205,-122.50627088
617942,2026-06-11T14:52:18,335.21,0.52,F,-16694.56,12884.73,47.70464706,-122.50635529,E,-16688.22,12870.46,47.70451674,-122.50627463
619031,2026-06-11T14:52:19,338.45,0.558,F,-16694.77,12885.26,47.70465088,-122.50635529,E,-16688.49,12871.04,47.70452198,-122.50627824
620110,2026-06-11T14:52:20,338.7,0.557,F,-16694.98,12885.8,47.70465469,-122.50636292,E,-16688.75,12871.62,47.70452717,-122.50628177
621189,2026-06-11T14:52:21,337.18,0.554,F,-16695.2,12886.34,47.70466232,-122.50636292,E,-16689.03,12872.18,47.70453227,-122.5062855
622260,2026-06-11T14:52:22,339.46,0.566,F,-16695.41,12886.87,47.70466614,-122.50637054,E,-16689.29,12872.77,47.70453754,-122.50628896
623339,2026-06-11T14:52:23,339.85,0.562,F,-16695.62,12887.42,47.70466995,-122.50637054,E,-16689.55,12873.36,47.70454283,-122.50629236
624419,2026-06-11T14:52:25,340.24,0.56,F,-16695.83,12887.96,47.70467377,-122.50637054,E,-16689.8,12873.95,47.70454811,-122.5062957
625498,2026-06-11T14:52:26,339.75,0.558,F,-16696.05,12888.5,47.7046814,-122.50637817,E,-16690.05,12874.53,47.70455336,-122.5062991
626571,2026-06-11T14:52:27,341.01,0.569,F,-16696.26,12889.04,47.70468521,-122.50637817,E,-16690.3,12875.13,47.70455873,-122.50630236
627650,2026-06-11T14:52:28,340.51,0.553,F,-16696.47,12889.58,47.70468903,-122.50637817,E,-16690.54,12875.71,47.70456395,-122.50630562
628732,2026-06-11T14:52:29,338.14,0.55,F,-16696.68,12890.13,47.70469666,-122.5063858,E,-16690.81,12876.28,47.70456907,-122.5063092
629811,2026-06-11T14:52:30,341.48,0.55,F,-16696.9,12890.67,47.70470047,-122.5063858,E,-16691.04,12876.86,47.7045743,-122.5063123
630830,2026-06-11T14:52:31,343.46,0.56,F,-16697.09,12891.19,47.70470428,-122.5063858,E,-16691.25,12877.43,47.7045794,-122.50631502
631910,2026-06-11T14:52:32,346.43,0.568,F,-16697.28,12891.8,47.7047081,-122.50639343,E,-16691.44,12878.05,47.70458498,-122.50631751
632990,2026-06-11T14:52:33,351.15,0.572,F,-16697.45,12892.42,47.70471573,-122.50639343,E,-16691.57,12878.69,47.70459072,-122.5063193
633993,2026-06-11T14:52:34,356.22,0.556,F,-16697.47,12892.99,47.70471954,-122.50639343,E,-16691.64,12879.28,47.70459598,-122.50632021
635083,2026-06-11T14:52:35,359.91,0.532,F,-16697.47,12893.61,47.70472717,-122.50639343,E,-16691.67,12879.89,47.70460147,-122.50632061
636162,2026-06-11T14:52:36,357.03,0.516,F,-16697.47,12894.16,47.70473099,-122.50639343,E,-16691.73,12880.47,47.70460671,-122.50632141
637234,2026-06-11T14:52:37,347.32,0.506,F,-16697.52,12894.69,47.7047348,-122.50639343,E,-16691.88,12881.02,47.70461165,-122.50632349
638313,2026-06-11T14:52:38,340.88,0.519,F,-16697.72,12895.22,47.70474243,-122.50640106,E,-16692.11,12881.57,47.70461656,-122.50632649
639392,2026-06-11T14:52:39,335.9,0.529,F,-16697.94,12895.74,47.70474625,-122.50640106,E,-16692.39,12882.1,47.70462136,-122.50633022
640472,2026-06-11T14:52:41,336.82,0.526,F,-16698.15,12896.27,47.70475006,-122.50640106,E,-16692.66,12882.64,47.70462618,-122.5063338
641552,2026-06-11T14:52:42,336.82,0.532,F,-16698.36,12896.79,47.70475388,-122.50640869,E,-16692.93,12883.18,47.70463106,-122.50633743
642616,2026-06-11T14:52:43,335.38,0.539,F,-16698.57,12897.32,47.70475769,-122.50640869,E,-16693.22,12883.72,47.70463587,-122.50634123
643704,2026-06-11T14:52:44,335,0.563,F,-16698.79,12897.86,47.70476532,-122.50640869,E,-16693.53,12884.29,47.70464099,-122.50634535
644794,2026-06-11T14:52:45,335.43,0.568,F,-16699,12898.4,47.70476913,-122.50641632,E,-16693.83,12884.87,47.70464619,-122.50634945
645874,2026-06-11T14:52:46,336.72,0.582,F,-16699.21,12898.95,47.70477295,-122.50641632,E,-16694.13,12885.46,47.70465154,-122.50635344
646954,2026-06-11T14:52:47,338.48,0.604,F,-16699.43,12899.57,47.70478058,-122.50642395,E,-16694.42,12886.09,47.70465718,-122.50635731
648035,2026-06-11T14:52:48,339.22,0.598,F,-16699.64,12900.19,47.70478439,-122.50642395,E,-16694.7,12886.71,47.7046628,-122.50636103
649108,2026-06-11T14:52:49,337.86,0.605,F,-16699.85,12900.8,47.70479202,-122.50642395,E,-16695,12887.34,47.70466838,-122.50636498
650188,2026-06-11T14:52:50,339.63,0.611,F,-16700.06,12901.42,47.70479584,-122.50643158,E,-16695.28,12887.98,47.70467414,-122.50636872
651267,2026-06-11T14:52:51,339.31,0.604,F,-16700.28,12902.04,47.70480347,-122.50643158,E,-16695.56,12888.61,47.70467981,-122.50637246
652348,2026-06-11T14:52:52,339.13,0.608,F,-16700.49,12902.66,47.70480728,-122.50643158,E,-16695.85,12889.24,47.70468552,-122.50637627
653427,2026-06-11T14:52:54,338.09,0.611,F,-16700.7,12903.29,47.70481491,-122.50643921,E,-16696.15,12889.88,47.7046912,-122.50638024
654506,2026-06-11T14:52:55,337.48,0.613,F,-16700.92,12903.91,47.70481873,-122.50643921,E,-16696.45,12890.51,47.70469687,-122.50638432
655587,2026-06-11T14:52:56,336.43,0.604,F,-16701.13,12904.53,47.70482254,-122.50644684,E,-16696.77,12891.13,47.70470242,-122.5063885
656660,2026-06-11T14:52:57,336.61,0.61,F,-16701.34,12905.14,47.70483017,-122.50644684,E,-16697.08,12891.75,47.70470799,-122.50639266
657748,2026-06-11T14:52:58,339.96,0.612,F,-16701.56,12905.77,47.70483398,-122.50644684,E,-16697.36,12892.39,47.70471381,-122.50639638
658827,2026-06-11T14:52:59,340.04,0.613,F,-16701.77,12906.41,47.70484161,-122.50645447,E,-16697.63,12893.04,47.7047196,-122.50640007
659897,2026-06-11T14:53:00,339.38,0.607,F,-16701.98,12907.03,47.70484543,-122.50645447,E,-16697.91,12893.67,47.70472526,-122.50640379
660906,2026-06-11T14:53:01,338.96,0.603,F,-16702.18,12907.6,47.70485306,-122.50645447,E,-16698.18,12894.26,47.70473054,-122.50640734
661977,2026-06-11T14:53:02,338.72,0.61,F,-16702.39,12908.22,47.70485687,-122.5064621,E,-16698.47,12894.89,47.70473619,-122.50641118
663056,2026-06-11T14:53:03,339.08,0.603,F,-16702.61,12908.83,47.7048645,-122.5064621,E,-16698.75,12895.51,47.70474185,-122.50641495
664059,2026-06-11T14:53:04,339.4,0.61,F,-16702.81,12909.41,47.70486832,-122.5064621,E,-16699.01,12896.11,47.70474717,-122.50641845
665137,2026-06-11T14:53:05,341.44,0.605,F,-16703.02,12910.03,47.70487213,-122.50646973,E,-16699.27,12896.75,47.70475294,-122.50642187
666216,2026-06-11T14:53:06,341.47,0.588,F,-16703.23,12910.65,47.70487976,-122.50646973,E,-16699.52,12897.37,47.70475854,-122.50642519
667296,2026-06-11T14:53:07,343.53,0.587,F,-16703.45,12911.27,47.70488358,-122.50647736,E,-16699.75,12898.01,47.70476422,-122.50642821
668368,2026-06-11T14:53:08,342.83,0.576,F,-16703.65,12911.89,47.7048912,-122.50647736,E,-16699.97,12898.62,47.70476972,-122.50643124
669447,2026-06-11T14:53:10,342.08,0.578,F,-16703.87,12912.5,47.70489502,-122.50647736,E,-16700.21,12899.23,47.70477525,-122.50643442
670527,2026-06-11T14:53:11,341.98,0.579,F,-16704.08,12913.12,47.70490265,-122.50648499,E,-16700.45,12899.85,47.70478079,-122.50643762
671591,2026-06-11T14:53:12,347.91,0.575,F,-16704.27,12913.73,47.70490646,-122.50648499,E,-16700.62,12900.47,47.7047864,-122.50643988
672671,2026-06-11T14:53:13,347.38,0.568,F,-16704.46,12914.35,47.70491409,-122.50648499,E,-16700.8,12901.1,47.70479201,-122.50644222
673748,2026-06-11T14:53:14,344.61,0.564,F,-16704.65,12914.96,47.70491791,-122.50649261,E,-16701,12901.71,47.70479748,-122.50644495
674818,2026-06-11T14:53:15,342.86,0.561,F,-16704.85,12915.56,47.70492172,-122.50649261,E,-16701.22,12902.3,47.70480283,-122.50644789
675897,2026-06-11T14:53:16,343.86,0.569,F,-16705.05,12916.15,47.70492935,-122.50649261,E,-16701.44,12902.92,47.70480833,-122.50645076
676977,2026-06-11T14:53:17,343.21,0.575,F,-16705.26,12916.77,47.70493317,-122.50650024,E,-16701.66,12903.53,47.70481388,-122.50645376
678046,2026-06-11T14:53:18,342.85,0.581,F,-16705.46,12917.38,47.7049408,-122.50650024,E,-16701.89,12904.15,47.70481941,-122.50645681
679125,2026-06-11T14:53:19,340.68,0.573,F,-16705.67,12917.99,47.70494461,-122.50650024,E,-16702.15,12904.75,47.70482484,-122.50646016
680204,2026-06-11T14:53:20,339.25,0.567,F,-16705.89,12918.55,47.70495224,-122.50650787,E,-16702.41,12905.34,47.70483015,-122.50646368
681276,2026-06-11T14:53:21,340.9,0.563,F,-16706.1,12919.1,47.70495605,-122.50650787,E,-16702.65,12905.93,47.70483545,-122.50646693
682356,2026-06-11T14:53:22,343.42,0.569,F,-16706.31,12919.71,47.70495987,-122.5065155,E,-16702.87,12906.55,47.70484095,-122.50646986
683435,2026-06-11T14:53:24,343.49,0.574,F,-16706.5,12920.33,47.7049675,-122.5065155,E,-16703.1,12907.16,47.70484649,-122.50647281
684523,2026-06-11T14:53:25,342.43,0.577,F,-16706.72,12920.95,47.70497131,-122.5065155,E,-16703.33,12907.78,47.70485207,-122.50647595
685601,2026-06-11T14:53:26,342.08,0.581,F,-16706.93,12921.57,47.70497894,-122.50652313,E,-16703.57,12908.4,47.70485762,-122.50647914
686672,2026-06-11T14:53:27,341.15,0.594,F,-16707.14,12922.18,47.70498276,-122.50652313,E,-16703.82,12909.03,47.70486323,-122.50648252
687761,2026-06-11T14:53:28,340.53,0.602,F,-16707.36,12922.8,47.70499039,-122.50652313,E,-16704.09,12909.67,47.70486899,-122.5064861
688832,2026-06-11T14:53:29,341.8,0.599,F,-16707.57,12923.42,47.7049942,-122.50653076,E,-16704.34,12910.3,47.70487467,-122.50648941
689911,2026-06-11T14:53:30,342.09,0.604,F,-16707.78,12924.05,47.70499802,-122.50653076,E,-16704.59,12910.94,47.70488046,-122.50649273
690978,2026-06-11T14:53:31,343.69,0.61,F,-16707.99,12924.68,47.70500565,-122.50653076,E,-16704.82,12911.59,47.7048863,-122.5064958
692058,2026-06-11T14:53:32,343.47,0.591,F,-16708.2,12925.31,47.70500946,-122.50653839,E,-16705.05,12912.23,47.70489201,-122.50649884
693137,2026-06-11T14:53:33,342.31,0.59,F,-16708.41,12925.93,47.70501709,-122.50653839,E,-16705.29,12912.86,47.70489767,-122.50650205
694206,2026-06-11T14:53:34,343.86,0.569,F,-16708.61,12926.54,47.7050209,-122.50654602,E,-16705.5,12913.47,47.70490312,-122.50650489
695285,2026-06-11T14:53:35,342.83,0.574,F,-16708.82,12927.16,47.70502853,-122.50654602,E,-16705.73,12914.08,47.70490864,-122.50650794
696364,2026-06-11T14:53:36,342.7,0.578,F,-16709.03,12927.78,47.70503235,-122.50654602,E,-16705.96,12914.7,47.7049142,-122.50651102
697428,2026-06-11T14:53:38,342.42,0.593,F,-16709.24,12928.39,47.70503998,-122.50655365,E,-16706.2,12915.32,47.70491981,-122.50651418
698507,2026-06-11T14:53:39,342.32,0.601,F,-16709.45,12929.01,47.70504379,-122.50655365,E,-16706.45,12915.97,47.70492557,-122.50651745
699577,2026-06-11T14:53:40,341.11,0.608,F,-16709.66,12929.64,47.70505142,-122.50655365,E,-16706.71,12916.61,47.70493131,-122.50652092
700649,2026-06-11T14:53:41,341.88,0.603,F,-16709.87,12930.26,47.70505524,-122.50656128,E,-16706.96,12917.24,47.70493704,-122.50652424
701720,2026-06-11T14:53:42,344.94,0.588,F,-16710.08,12930.88,47.70506287,-122.50656128,E,-16707.17,12917.88,47.70494273,-122.50652702
702809,2026-06-11T14:53:43,346.53,0.586,F,-16710.27,12931.51,47.70506668,-122.50656128,E,-16707.36,12918.52,47.70494854,-122.50652959
703887,2026-06-11T14:53:44,346.9,0.575,F,-16710.46,12932.13,47.7050705,-122.50656891,E,-16707.54,12919.15,47.7049542,-122.50653203
704966,2026-06-11T14:53:45,344.15,0.578,F,-16710.65,12932.75,47.70507812,-122.50656891,E,-16707.76,12919.78,47.7049598,-122.5065349
706035,2026-06-11T14:53:46,342.79,0.583,F,-16710.85,12933.36,47.70508194,-122.50657654,E,-16707.99,12920.4,47.70496536,-122.50653797
707114,2026-06-11T14:53:47,341.94,0.573,F,-16711.07,12933.98,47.70508957,-122.50657654,E,-16708.23,12921.01,47.70497083,-122.50654114
708184,2026-06-11T14:53:48,341.52,0.579,F,-16711.28,12934.59,47.70509338,-122.50657654,E,-16708.47,12921.61,47.7049763,-122.50654438
709262,2026-06-11T14:53:49,341.25,0.571,F,-16711.49,12935.2,47.70510101,-122.50658417,E,-16708.71,12922.22,47.70498173,-122.50654763
710340,2026-06-11T14:53:50,341.2,0.576,F,-16711.7,12935.82,47.70510483,-122.50658417,E,-16708.96,12922.83,47.7049872,-122.50655092
711410,2026-06-11T14:53:52,342.79,0.572,F,-16711.91,12936.41,47.70511246,-122.50658417,E,-16709.19,12923.43,47.70499265,-122.50655394
712489,2026-06-11T14:53:53,343.54,0.565,F,-16712.11,12937.03,47.70511627,-122.5065918,E,-16709.4,12924.04,47.70499811,-122.50655683
713567,2026-06-11T14:53:54,342.88,0.571,F,-16712.32,12937.65,47.70512009,-122.5065918,E,-16709.63,12924.65,47.70500359,-122.50655985
714646,2026-06-11T14:53:55,341.13,0.565,F,-16712.53,12938.25,47.70512772,-122.5065918,E,-16709.87,12925.25,47.70500896,-122.50656309
715725,2026-06-11T14:53:56,340.25,0.56,F,-16712.74,12938.8,47.70513153,-122.50659943,E,-16710.12,12925.84,47.70501424,-122.50656643
716798,2026-06-11T14:53:57,340.83,0.58,F,-16712.95,12939.37,47.70513916,-122.50659943,E,-16710.38,12926.45,47.70501971,-122.50656978
717887,2026-06-11T14:53:58,340.97,0.581,F,-16713.17,12939.99,47.70514297,-122.50660706,E,-16710.63,12927.07,47.70502528,-122.50657317
718966,2026-06-11T14:53:59,343.11,0.591,F,-16713.38,12940.61,47.70514679,-122.50660706,E,-16710.86,12927.7,47.70503097,-122.50657626
720038,2026-06-11T14:54:00,342.03,0.6,F,-16713.59,12941.23,47.70515442,-122.50660706,E,-16711.11,12928.34,47.70503668,-122.50657955
721129,2026-06-11T14:54:01,340.77,0.593,F,-16713.8,12941.86,47.70515823,-122.50661469,E,-16711.37,12928.97,47.70504237,-122.50658304
722209,2026-06-11T14:54:02,339.88,0.591,F,-16714.02,12942.48,47.70516586,-122.50661469,E,-16711.64,12929.59,47.70504794,-122.50658663
723287,2026-06-11T14:54:03,340.37,0.579,F,-16714.23,12943.09,47.70516968,-122.50661469,E,-16711.9,12930.2,47.70505341,-122.50659006
724292,2026-06-11T14:54:04,340.04,0.583,F,-16714.43,12943.67,47.70517731,-122.50662231,E,-16712.14,12930.77,47.70505853,-122.50659332
725370,2026-06-11T14:54:05,340.47,0.584,F,-16714.64,12944.29,47.70518112,-122.50662231,E,-16712.4,12931.38,47.70506405,-122.50659677
726449,2026-06-11T14:54:07,341.56,0.584,F,-16714.85,12944.9,47.70518875,-122.50662231,E,-16712.65,12932,47.70506962,-122.50660005
727528,2026-06-11T14:54:08,340.12,0.563,F,-16715.06,12945.5,47.70519257,-122.50662994,E,-16712.9,12932.59,47.70507493,-122.50660343
728600,2026-06-11T14:54:09,340.37,0.561,F,-16715.28,12946.04,47.70519638,-122.50662994,E,-16713.15,12933.18,47.70508019,-122.50660673
729679,2026-06-11T14:54:10,342.41,0.559,F,-16715.49,12946.59,47.70520401,-122.50663757,E,-16713.38,12933.78,47.70508555,-122.50660976
730749,2026-06-11T14:54:11,344.71,0.558,F,-16715.69,12947.16,47.70520782,-122.50663757,E,-16713.58,12934.37,47.70509093,-122.50661242
731822,2026-06-11T14:54:12,346.06,0.577,F,-16715.88,12947.77,47.70521164,-122.50663757,E,-16713.77,12935,47.70509655,-122.50661499
732909,2026-06-11T14:54:13,346.84,0.579,F,-16716.07,12948.39,47.70521927,-122.5066452,E,-16713.96,12935.64,47.70510229,-122.50661747
733987,2026-06-11T14:54:14,346.24,0.561,F,-16716.26,12949.01,47.70522308,-122.5066452,E,-16714.14,12936.25,47.70510779,-122.50661995
735065,2026-06-11T14:54:15,345.55,0.559,F,-16716.45,12949.62,47.70523071,-122.5066452,E,-16714.34,12936.86,47.70511324,-122.50662252
736144,2026-06-11T14:54:16,344.35,0.556,F,-16716.64,12950.22,47.70523453,-122.50665283,E,-16714.54,12937.46,47.70511863,-122.50662525
737224,2026-06-11T14:54:17,346.66,0.565,F,-16716.83,12950.83,47.70523834,-122.50665283,E,-16714.72,12938.08,47.70512419,-122.50662769
738296,2026-06-11T14:54:18,346.47,0.573,F,-16717.03,12951.44,47.70524597,-122.50665283,E,-16714.91,12938.7,47.70512978,-122.50663018
739375,2026-06-11T14:54:19,346.75,0.567,F,-16717.22,12952.06,47.70524979,-122.50666046,E,-16715.09,12939.32,47.70513535,-122.50663261
740454,2026-06-11T14:54:21,346.65,0.572,F,-16717.41,12952.68,47.70525742,-122.50666046,E,-16715.28,12939.95,47.70514098,-122.50663507
741542,2026-06-11T14:54:22,346.73,0.595,F,-16717.6,12953.31,47.70526123,-122.50666046,E,-16715.47,12940.6,47.70514688,-122.50663765
742611,2026-06-11T14:54:23,346.99,0.582,F,-16717.79,12953.94,47.70526886,-122.50666809,E,-16715.65,12941.24,47.70515256,-122.50664009
743690,2026-06-11T14:54:24,347.87,0.551,F,-16717.98,12954.55,47.70527267,-122.50666809,E,-16715.82,12941.84,47.70515801,-122.50664229
744768,2026-06-11T14:54:25,351.33,0.517,F,-16718.12,12955.12,47.7052803,-122.50666809,E,-16715.94,12942.42,47.70516317,-122.50664388
745846,2026-06-11T14:54:26,356.19,0.41,F,-16718.13,12955.62,47.70528412,-122.50666809,E,-16715.99,12942.88,47.7051673,-122.50664459
746924,2026-06-11T14:54:27,331.85,0.317,F,-16718.2,12956,47.70528793,-122.50666809,E,-16716.18,12943.18,47.70516999,-122.50664712
748012,2026-06-11T14:54:28,285.53,0.22,F,-16718.41,12956.18,47.70528793,-122.50667572,E,-16716.43,12943.21,47.70517034,-122.50665048
749091,2026-06-11T14:54:29,266.9,0.163,F,-16718.62,12956.19,47.70528793,-122.50667572,E,-16716.62,12943.18,47.70517,-122.506653
750170,2026-06-11T14:54:30,256.92,0.114,F,-16718.81,12956.19,47.70517,-122.506653,G,-16716.62,12943.18,47.70517,-122.506653
755579,2026-06-11T14:54:36,206.33,0,F,-16718.87,12956.19,47.70517,-122.506653,G,-16716.62,12943.18,47.70517,-122.506653
756659,2026-06-11T14:54:37,188.7,0,F,-16718.87,12956.19,47.70528793,-122.50668335,E,-16716.63,12943.17,47.70516991,-122.50665304
757738,2026-06-11T14:54:38,173.1,0,F,-16718.87,12956.19,47.70528793,-122.50668335,E,-16716.63,12943.16,47.70516983,-122.50665308
758817,2026-06-11T14:54:39,164.71,0,F,-16718.87,12956.19,47.70528793,-122.50668335,E,-16716.63,12943.15,47.70516974,-122.50665312
759890,2026-06-11T14:54:40,172.01,0,F,-16718.87,12956.19,47.70528793,-122.50668335,E,-16716.64,12943.14,47.70516966,-122.50665316
760977,2026-06-11T14:54:41,167.5,0.136,F,-16718.87,12956.16,47.70528793,-122.50668335,E,-16716.6,12942.98,47.70516825,-122.50665265
762055,2026-06-11T14:54:42,161.41,0.251,F,-16718.86,12955.95,47.70528793,-122.50667572,E,-16716.5,12942.71,47.70516583,-122.50665129
763125,2026-06-11T14:54:43,164.38,0.341,F,-16718.82,12955.64,47.70528412,-122.50667572,E,-16716.37,12942.34,47.70516253,-122.50664968
764204,2026-06-11T14:54:44,164.51,0.448,F,-16718.69,12955.23,47.7052803,-122.50667572,E,-16716.22,12941.86,47.70515819,-122.50664756
765282,2026-06-11T14:54:45,167.18,0.543,F,-16718.5,12954.71,47.70527649,-122.50667572,E,-16716.05,12941.27,47.70515287,-122.50664534
766360,2026-06-11T14:54:46,169.37,0.607,F,-16718.31,12954.09,47.70526886,-122.50667572,E,-16715.89,12940.6,47.70514688,-122.50664319
767430,2026-06-11T14:54:48,170.51,0.654,F,-16718.12,12953.43,47.70526505,-122.50666809,E,-16715.73,12939.89,47.70514044,-122.50664107
768508,2026-06-11T14:54:49,163.72,0.707,F,-16717.92,12952.7,47.70525742,-122.50666809,E,-16715.47,12939.13,47.70513368,-122.50663757
769578,2026-06-11T14:54:50,157.87,0.735,F,-16717.71,12951.97,47.70524979,-122.50666046,E,-16715.12,12938.39,47.70512699,-122.50663293
770657,2026-06-11T14:54:51,159.76,0.732,F,-16717.48,12951.22,47.70524216,-122.50666046,E,-16714.79,12937.63,47.70512017,-122.50662859
771735,2026-06-11T14:54:52,161.23,0.739,F,-16717.27,12950.48,47.70523834,-122.50666046,E,-16714.48,12936.86,47.70511321,-122.50662448
772813,2026-06-11T14:54:53,158.36,0.766,F,-16717.04,12949.74,47.70523071,-122.50665283,E,-16714.12,12936.07,47.70510617,-122.5066197
773892,2026-06-11T14:54:54,155.61,0.775,F,-16716.71,12948.99,47.70522308,-122.50665283,E,-16713.72,12935.29,47.7050992,-122.50661435
774988,2026-06-11T14:54:55,155.46,0.787,F,-16716.3,12948.24,47.70521545,-122.5066452,E,-16713.31,12934.5,47.70509202,-122.50660881
776066,2026-06-11T14:54:56,154.85,0.799,F,-16715.89,12947.49,47.70521164,-122.50663757,E,-16712.88,12933.7,47.70508489,-122.50660317
777145,2026-06-11T14:54:57,161.53,0.787,F,-16715.56,12946.71,47.70520401,-122.50663757,E,-16712.56,12932.88,47.70507747,-122.50659884
778214,2026-06-11T14:54:58,163.03,0.79,F,-16715.35,12945.88,47.70519638,-122.50662994,E,-16712.26,12932.05,47.70507002,-122.50659482
779292,2026-06-11T14:54:59,164.29,0.801,F,-16715.13,12945.04,47.70518875,-122.50662994,E,-16711.97,12931.19,47.70506234,-122.50659095
780378,2026-06-11T14:55:00,165.51,0.809,F,-16714.92,12944.19,47.70518112,-122.50662994,E,-16711.69,12930.32,47.70505447,-122.50658726
781457,2026-06-11T14:55:02,167.3,0.805,F,-16714.71,12943.35,47.70517349,-122.50662231,E,-16711.44,12929.44,47.70504662,-122.50658397
782529,2026-06-11T14:55:03,158.56,0.804,F,-16714.48,12942.51,47.70516586,-122.50662231,E,-16711.07,12928.62,47.70503925,-122.50657901
783608,2026-06-11T14:55:04,155.33,0.789,F,-16714.07,12941.74,47.70515823,-122.50661469,E,-16710.66,12927.83,47.70503217,-122.50657352
784689,2026-06-11T14:55:05,155.1,0.779,F,-16713.67,12940.99,47.7051506,-122.50660706,E,-16710.25,12927.06,47.70502519,-122.50656805
785777,2026-06-11T14:55:06,157.48,0.792,F,-16713.26,12940.24,47.70514679,-122.50660706,E,-16709.86,12926.24,47.70501789,-122.50656289
786855,2026-06-11T14:55:07,168.06,0.792,F,-16713.02,12939.41,47.70513916,-122.50659943,E,-16709.63,12925.38,47.70501014,-122.50655981
787934,2026-06-11T14:55:08,167.35,0.783,F,-16712.82,12938.57,47.70513153,-122.50659943,E,-16709.39,12924.53,47.7050025,-122.50655662
789030,2026-06-11T14:55:09,165.25,0.792,F,-16712.6,12937.71,47.7051239,-122.50659943,E,-16709.11,12923.67,47.70499473,-122.50655292
790108,2026-06-11T14:55:10,162.83,0.794,F,-16712.39,12936.87,47.70511627,-122.5065918,E,-16708.8,12922.83,47.70498719,-122.50654881
791187,2026-06-11T14:55:11,161.4,0.794,F,-16712.18,12936.04,47.70510864,-122.5065918,E,-16708.47,12921.99,47.70497971,-122.50654442
792266,2026-06-11T14:55:12,156.96,0.794,F,-16711.89,12935.22,47.70510101,-122.50658417,E,-16708.08,12921.19,47.70497248,-122.50653919
793338,2026-06-11T14:55:13,154.43,0.797,F,-16711.49,12934.48,47.70509338,-122.50658417,E,-16707.65,12920.4,47.70496544,-122.50653352
794417,2026-06-11T14:55:15,156.2,0.797,F,-16711.09,12933.74,47.70508575,-122.50657654,E,-16707.25,12919.6,47.70495824,-122.50652813
795496,2026-06-11T14:55:16,164.44,0.798,F,-16710.76,12932.95,47.70507812,-122.50656891,E,-16706.96,12918.75,47.70495057,-122.5065243
796584,2026-06-11T14:55:17,172.11,0.784,F,-16710.56,12932.1,47.7050705,-122.50656891,E,-16706.79,12917.87,47.7049427,-122.50652203
797653,2026-06-11T14:55:18,170.94,0.777,F,-16710.38,12931.26,47.70506287,-122.50656891,E,-16706.61,12917.02,47.70493507,-122.5065196
798733,2026-06-11T14:55:19,164.14,0.782,F,-16710.17,12930.42,47.70505524,-122.50656128,E,-16706.32,12916.19,47.70492756,-122.50651579
799811,2026-06-11T14:55:20,157.13,0.787,F,-16709.89,12929.65,47.70505142,-122.50656128,E,-16705.94,12915.39,47.70492039,-122.50651064
800889,2026-06-11T14:55:21,156.32,0.78,F,-16709.49,12928.9,47.70504379,-122.50655365,E,-16705.54,12914.61,47.70491334,-122.5065054
801968,2026-06-11T14:55:22,157.67,0.784,F,-16709.09,12928.15,47.70503616,-122.50654602,E,-16705.16,12913.81,47.70490616,-122.50650036
803064,2026-06-11T14:55:23,158.12,0.792,F,-16708.68,12927.37,47.70502853,-122.50654602,E,-16704.78,12912.98,47.70489877,-122.50649529
804135,2026-06-11T14:55:24,157.38,0.804,F,-16708.31,12926.55,47.7050209,-122.50653839,E,-16704.39,12912.17,47.70489148,-122.50649011
805214,2026-06-11T14:55:25,155.33,0.79,F,-16707.91,12925.79,47.70501709,-122.50653076,E,-16703.98,12911.38,47.7048844,-122.50648461
806293,2026-06-11T14:55:26,156.89,0.789,F,-16707.51,12925.02,47.70500946,-122.50653076,E,-16703.59,12910.58,47.70487722,-122.5064794
807364,2026-06-11T14:55:27,157.65,0.792,F,-16707.11,12924.26,47.70500183,-122.50652313,E,-16703.21,12909.78,47.70487003,-122.50647435
808443,2026-06-11T14:55:29,156.23,0.802,F,-16706.7,12923.45,47.7049942,-122.5065155,E,-16702.8,12908.98,47.70486278,-122.50646894
809522,2026-06-11T14:55:30,154.79,0.799,F,-16706.3,12922.65,47.70498657,-122.5065155,E,-16702.38,12908.18,47.70485565,-122.50646328
810589,2026-06-11T14:55:31,155.3,0.8,F,-16705.9,12921.92,47.70497894,-122.50650787,E,-16701.97,12907.39,47.70484855,-122.50645776
811659,2026-06-11T14:55:32,156.39,0.799,F,-16705.5,12921.14,47.70497513,-122.50650024,E,-16701.57,12906.59,47.70484138,-122.50645244
812732,2026-06-11T14:55:33,160.18,0.809,F,-16705.19,12920.31,47.7049675,-122.50650024,E,-16701.21,12905.76,47.70483387,-122.50644775
813811,2026-06-11T14:55:34,163.58,0.815,F,-16704.96,12919.47,47.70495987,-122.50649261,E,-16700.91,12904.89,47.70482608,-122.50644367
814914,2026-06-11T14:55:35,167,0.812,F,-16704.74,12918.6,47.70495224,-122.50649261,E,-16700.65,12903.99,47.704818,-122.50644022
815993,2026-06-11T14:55:36,166.92,0.806,F,-16704.53,12917.75,47.70494461,-122.50648499,E,-16700.4,12903.12,47.70481015,-122.50643685
817065,2026-06-11T14:55:37,164,0.802,F,-16704.32,12916.91,47.70493698,-122.50648499,E,-16700.1,12902.27,47.70480252,-122.50643295
818152,2026-06-11T14:55:38,161.58,0.787,F,-16704.1,12916.07,47.70492935,-122.50648499,E,-16699.78,12901.44,47.70479504,-122.5064286
819232,2026-06-11T14:55:39,162.5,0.79,F,-16703.89,12915.24,47.70492172,-122.50647736,E,-16699.46,12900.6,47.70478754,-122.50642443
820310,2026-06-11T14:55:40,163.86,0.791,F,-16703.68,12914.4,47.70491409,-122.50647736,E,-16699.17,12899.76,47.70477997,-122.50642053
821389,2026-06-11T14:55:41,166.04,0.78,F,-16703.46,12913.56,47.70490646,-122.50647736,E,-16698.91,12898.92,47.70477241,-122.5064171
822468,2026-06-11T14:55:43,166.8,0.783,F,-16703.25,12912.72,47.70489883,-122.50646973,E,-16698.67,12898.07,47.70476479,-122.50641381
823540,2026-06-11T14:55:44,165.36,0.797,F,-16703.04,12911.89,47.7048912,-122.50646973,E,-16698.39,12897.22,47.70475714,-122.50641019
824610,2026-06-11T14:55:45,164.94,0.799,F,-16702.83,12911.05,47.70488358,-122.5064621,E,-16698.12,12896.37,47.70474951,-122.50640649
825681,2026-06-11T14:55:46,164.9,0.799,F,-16702.62,12910.22,47.70487595,-122.5064621,E,-16697.84,12895.52,47.70474187,-122.50640278
826750,2026-06-11T14:55:47,162.96,0.799,F,-16702.41,12909.39,47.70486832,-122.5064621,E,-16697.53,12894.68,47.70473434,-122.5063987
827829,2026-06-11T14:55:48,162.31,0.797,F,-16702.2,12908.54,47.70486069,-122.50645447,E,-16697.21,12893.84,47.70472678,-122.50639447
828898,2026-06-11T14:55:49,159.82,0.808,F,-16701.96,12907.72,47.70485306,-122.50645447,E,-16696.86,12893.01,47.70471933,-122.50638973
829968,2026-06-11T14:55:50,163.99,0.806,F,-16701.75,12906.88,47.70484543,-122.50645447,E,-16696.56,12892.16,47.70471167,-122.50638581
831047,2026-06-11T14:55:51,165.23,0.813,F,-16701.54,12906.04,47.7048378,-122.50644684,E,-16696.28,12891.28,47.70470383,-122.50638208
832135,2026-06-11T14:55:52,167.9,0.814,F,-16701.32,12905.18,47.70483017,-122.50644684,E,-16696.04,12890.39,47.7046958,-122.50637885
833212,2026-06-11T14:55:53,167.75,0.808,F,-16701.12,12904.33,47.70482254,-122.50644684,E,-16695.8,12889.51,47.70468792,-122.50637564
834291,2026-06-11T14:55:54,165.75,0.804,F,-16700.9,12903.49,47.70481491,-122.50643921,E,-16695.53,12888.64,47.70468014,-122.50637205
835363,2026-06-11T14:55:55,163.61,0.814,F,-16700.69,12902.66,47.70480728,-122.50643921,E,-16695.23,12887.78,47.70467241,-122.50636801
836442,2026-06-11T14:55:57,163.28,0.819,F,-16700.48,12901.81,47.70479965,-122.50643158,E,-16694.91,12886.92,47.7046646,-122.50636385
837513,2026-06-11T14:55:58,163.89,0.803,F,-16700.27,12900.98,47.70479202,-122.50643158,E,-16694.62,12886.07,47.70465697,-122.50635992
838583,2026-06-11T14:55:59,164.01,0.802,F,-16700.06,12900.14,47.70478439,-122.50643158,E,-16694.33,12885.22,47.70464935,-122.50635602
839662,2026-06-11T14:56:00,160.7,0.81,F,-16699.84,12899.3,47.70477676,-122.50642395,E,-16693.98,12884.37,47.70464176,-122.50635141
840725,2026-06-11T14:56:01,161.31,0.81,F,-16699.62,12898.47,47.70476913,-122.50642395,E,-16693.65,12883.54,47.70463425,-122.50634697
841804,2026-06-11T14:56:02,161.41,0.804,F,-16699.41,12897.63,47.70476151,-122.50642395,E,-16693.31,12882.69,47.70462668,-122.50634253
842883,2026-06-11T14:56:03,162.49,0.811,F,-16699.19,12896.79,47.70475388,-122.50641632,E,-16692.99,12881.84,47.70461899,-122.50633825
843955,2026-06-11T14:56:04,161.52,0.818,F,-16698.98,12895.96,47.70474625,-122.50641632,E,-16692.66,12880.98,47.70461133,-122.50633378
845040,2026-06-11T14:56:05,165.67,0.819,F,-16698.76,12895.11,47.70473862,-122.50640869,E,-16692.38,12880.1,47.70460336,-122.50633008
846119,2026-06-11T14:56:06,168.19,0.821,F,-16698.55,12894.26,47.70473099,-122.50640869,E,-16692.14,12879.2,47.70459532,-122.50632691
847207,2026-06-11T14:56:07,166.73,0.821,F,-16698.34,12893.4,47.70472336,-122.50640869,E,-16691.88,12878.31,47.70458727,-122.50632341
848293,2026-06-11T14:56:08,163.38,0.81,F,-16698.12,12892.54,47.70471573,-122.50640106,E,-16691.57,12877.44,47.70457949,-122.50631929
849363,2026-06-11T14:56:09,160.9,0.806,F,-16697.91,12891.71,47.7047081,-122.50640106,E,-16691.23,12876.61,47.70457199,-122.50631477
850441,2026-06-11T14:56:11,158.18,0.802,F,-16697.59,12890.88,47.70470047,-122.50639343,E,-16690.85,12875.79,47.70456463,-122.50630972
851520,2026-06-11T14:56:12,158,0.799,F,-16697.28,12890.05,47.70469284,-122.50639343,E,-16690.47,12874.97,47.70455729,-122.50630466
852590,2026-06-11T14:56:13,158.22,0.799,F,-16696.9,12889.22,47.70468521,-122.5063858,E,-16690.1,12874.16,47.70455001,-122.50629967
853668,2026-06-11T14:56:14,158.74,0.788,F,-16696.55,12888.44,47.7046814,-122.5063858,E,-16689.73,12873.35,47.70454274,-122.50629482
854747,2026-06-11T14:56:15,159.93,0.769,F,-16696.32,12887.67,47.70467377,-122.50637817,E,-16689.39,12872.55,47.70453557,-122.50629029
855826,2026-06-11T14:56:16,157.73,0.786,F,-16696.05,12886.92,47.70466614,-122.50637817,E,-16689.01,12871.75,47.70452837,-122.50628526
856898,2026-06-11T14:56:17,155.79,0.791,F,-16695.65,12886.18,47.70465851,-122.50637054,E,-16688.61,12870.96,47.70452129,-122.50627987
857977,2026-06-11T14:56:18,154.44,0.803,F,-16695.25,12885.43,47.70465469,-122.50636292,E,-16688.18,12870.17,47.70451415,-122.50627412
859056,2026-06-11T14:56:19,155.08,0.8,F,-16694.84,12884.69,47.70464706,-122.50636292,E,-16687.76,12869.37,47.70450699,-122.5062685
860144,2026-06-11T14:56:20,156.32,0.806,F,-16694.43,12883.88,47.70463943,-122.50635529,E,-16687.35,12868.55,47.70449964,-122.50626303
861222,2026-06-11T14:56:21,157.95,0.813,F,-16694.03,12883.05,47.70463181,-122.50634766,E,-16686.96,12867.72,47.70449219,-122.50625787
862309,2026-06-11T14:56:22,158.2,0.826,F,-16693.62,12882.21,47.70462418,-122.50634003,E,-16686.56,12866.87,47.70448454,-122.50625263
863397,2026-06-11T14:56:24,160.09,0.803,F,-16693.33,12881.36,47.70461655,-122.50634003,E,-16686.21,12866.03,47.70447698,-122.5062479
864475,2026-06-11T14:56:25,157.98,0.79,F,-16693.05,12880.54,47.70460892,-122.5063324,E,-16685.83,12865.22,47.70446974,-122.50624289
865554,2026-06-11T14:56:26,157.9,0.791,F,-16692.65,12879.77,47.70460129,-122.5063324,E,-16685.45,12864.42,47.70446248,-122.50623785
866623,2026-06-11T14:56:27,164.75,0.734,F,-16692.41,12878.97,47.70459366,-122.50632477,E,-16685.2,12863.64,47.70445548,-122.50623443
867701,2026-06-11T14:56:28,170.56,0.531,F,-16692.25,12878.3,47.70458984,-122.50632477,E,-16685.07,12863.05,47.7044502,-122.50623271
868782,2026-06-11T14:56:29,160.38,0.37,F,-16692.19,12877.83,47.70458603,-122.50632477,E,-16684.91,12862.66,47.70444669,-122.50623059
869861,2026-06-11T14:56:30,129.34,0.259,F,-16691.99,12877.54,47.70458221,-122.50632477,E,-16684.68,12862.48,47.70444508,-122.50622751
870939,2026-06-11T14:56:31,24.3,0.181,F,-16691.82,12877.63,47.70458221,-122.50631714,E,-16684.61,12862.66,47.70444669,-122.50622659
872018,2026-06-11T14:56:32,15.91,0.138,F,-16691.81,12877.78,47.70458221,-122.50631714,E,-16684.58,12862.8,47.70444795,-122.50622618
873098,2026-06-11T14:56:33,16.36,0.118,F,-16691.81,12877.89,47.70458603,-122.50631714,E,-16684.55,12862.92,47.70444902,-122.50622583
874186,2026-06-11T14:56:34,15.68,0.102,F,-16691.81,12878,47.70458603,-122.50631714,E,-16684.53,12863.02,47.70444995,-122.50622555
875279,2026-06-11T14:56:35,14.68,0,F,-16691.81,12878,47.70458603,-122.50631714,E,-16684.53,12863.01,47.70444986,-122.50622559
876366,2026-06-11T14:56:36,13.55,0,F,-16691.81,12878,47.70458603,-122.50631714,E,-16684.54,12863,47.70444977,-122.50622563
877454,2026-06-11T14:56:38,15.1,0,F,-16691.81,12878,47.70458603,-122.50631714,E,-16684.54,12862.99,47.70444969,-122.50622567
878532,2026-06-11T14:56:39,16.87,0,F,-16691.81,12878,47.70458603,-122.50631714,E,-16684.54,12862.98,47.7044496,-122.50622571
879611,2026-06-11T14:56:40,19.93,0,F,-16691.81,12878,47.70458603,-122.50631714,E,-16684.55,12862.97,47.70444951,-122.50622575
880691,2026-06-11T14:56:41,12.47,0,F,-16691.81,12878,47.70458603,-122.50631714,E,-16684.55,12862.96,47.70444943,-122.5062258
881763,2026-06-11T14:56:42,3.89,0,F,-16691.81,12878,47.70458603,-122.50631714,E,-16684.55,12862.95,47.70444934,-122.50622584
882833,2026-06-11T14:56:43,9.95,0,F,-16691.81,12878,47.70458603,-122.50631714,E,-16684.56,12862.94,47.70444926,-122.50622588
883912,2026-06-11T14:56:44,31.66,0,F,-16691.81,12878,47.70458603,-122.50631714,E,-16684.56,12862.93,47.70444917,-122.50622592
884984,2026-06-11T14:56:45,49.16,0,F,-16691.81,12878,47.70458603,-122.50631714,E,-16684.56,12862.92,47.70444909,-122.50622596
886063,2026-06-11T14:56:46,66.99,0,F,-16691.81,12878,47.70458603,-122.50631714,E,-16684.56,12862.91,47.704449,-122.506226
887142,2026-06-11T14:56:47,90.85,0,F,-16691.81,12878,47.704449,-122.506226,G,-16684.56,12862.91,47.704449,-122.506226
888230,2026-06-11T14:56:48,60.69,0,F,-16691.81,12878,47.70458603,-122.50631714,E,-16684.57,12862.91,47.70444891,-122.50622604
889308,2026-06-11T14:56:49,50.18,0,F,-16691.81,12878,47.70458603,-122.50631714,E,-16684.57,12862.9,47.70444883,-122.50622608
890395,2026-06-11T14:56:51,36.24,0,F,-16691.81,12878,47.70458603,-122.50631714,E,-16684.57,12862.89,47.70444874,-122.50622612
891484,2026-06-11T14:56:52,27.26,0,F,-16691.81,12878,47.70458603,-122.50631714,E,-16684.58,12862.88,47.70444865,-122.50622617
892562,2026-06-11T14:56:53,22.33,0,F,-16691.81,12878,47.70458603,-122.50631714,E,-16684.58,12862.87,47.70444857,-122.50622621
893641,2026-06-11T14:56:54,16.42,0,F,-16691.81,12878,47.70458603,-122.50631714,E,-16684.58,12862.86,47.70444848,-122.50622625
894720,2026-06-11T14:56:55,11.99,0,F,-16691.81,12878,47.70458603,-122.50631714,E,-16684.59,12862.85,47.7044484,-122.50622629
895792,2026-06-11T14:56:56,8.43,0,F,-16691.81,12878,47.70458603,-122.50631714,E,-16684.59,12862.84,47.70444831,-122.50622633
896862,2026-06-11T14:56:57,8.78,0,F,-16691.81,12878,47.70458603,-122.50631714,E,-16684.59,12862.83,47.70444823,-122.50622637
897941,2026-06-11T14:56:58,13.43,0,F,-16691.81,12878,47.70458603,-122.50631714,E,-16684.6,12862.82,47.70444814,-122.50622641
899013,2026-06-11T14:56:59,19.5,0,F,-16691.81,12878,47.70458603,-122.50631714,E,-16684.6,12862.81,47.70444805,-122.50622645
900092,2026-06-11T14:57:00,21.89,0,F,-16691.81,12878,47.70458603,-122.50631714,E,-16684.6,12862.8,47.70444797,-122.50622649
901165,2026-06-11T14:57:01,15.81,0,F,-16691.81,12878,47.70458603,-122.50631714,E,-16684.61,12862.79,47.70444788,-122.50622653
902237,2026-06-11T14:57:02,11.17,0.142,F,-16691.81,12878.06,47.70458603,-122.50631714,E,-16684.59,12862.94,47.7044492,-122.50622629
903316,2026-06-11T14:57:03,6.52,0.256,F,-16691.81,12878.27,47.70458984,-122.50631714,E,-16684.57,12863.21,47.70445168,-122.50622613
904402,2026-06-11T14:57:05,349.2,0.333,F,-16691.82,12878.59,47.70458984,-122.50631714,E,-16684.67,12863.57,47.70445486,-122.50622739
905493,2026-06-11T14:57:06,333.9,0.418,F,-16691.97,12879,47.70459366,-122.50632477,E,-16684.91,12863.97,47.70445847,-122.50623054
906564,2026-06-11T14:57:07,326.99,0.459,F,-16692.19,12879.41,47.70459747,-122.50632477,E,-16685.21,12864.37,47.70446206,-122.50623461
907634,2026-06-11T14:57:08,326.56,0.498,F,-16692.42,12879.83,47.70460129,-122.50632477,E,-16685.55,12864.8,47.70446595,-122.50623906
908712,2026-06-11T14:57:09,322.62,0.534,F,-16692.77,12880.27,47.7046051,-122.5063324,E,-16685.94,12865.24,47.70446992,-122.50624429
909791,2026-06-11T14:57:10,320.84,0.581,F,-16693.18,12880.73,47.70460892,-122.50634003,E,-16686.38,12865.71,47.70447413,-122.50625019
910870,2026-06-11T14:57:11,324.62,0.603,F,-16693.58,12881.25,47.70461655,-122.50634003,E,-16686.81,12866.23,47.70447876,-122.50625586
911933,2026-06-11T14:57:12,327.73,0.642,F,-16693.98,12881.8,47.70462036,-122.50634766,E,-16687.22,12866.79,47.70448383,-122.50626139
913012,2026-06-11T14:57:13,327.62,0.657,F,-16694.38,12882.41,47.70462418,-122.50635529,E,-16687.66,12867.38,47.7044891,-122.50626716
914091,2026-06-11T14:57:14,328.79,0.666,F,-16694.79,12883.03,47.70463181,-122.50635529,E,-16688.08,12867.98,47.70449452,-122.50627283
915155,2026-06-11T14:57:15,332.9,0.676,F,-16695.19,12883.66,47.70463562,-122.50636292,E,-16688.46,12868.61,47.7045002,-122.50627792
916225,2026-06-11T14:57:16,333.89,0.682,F,-16695.59,12884.29,47.70464325,-122.50637054,E,-16688.84,12869.26,47.70450602,-122.50628292
917295,2026-06-11T14:57:17,337.3,0.677,F,-16695.86,12884.93,47.70464706,-122.50637054,E,-16689.17,12869.93,47.70451199,-122.50628737
918374,2026-06-11T14:57:18,341.01,0.692,F,-16696.07,12885.62,47.70465469,-122.50637817,E,-16689.47,12870.63,47.70451833,-122.50629134
919461,2026-06-11T14:57:20,339.4,0.7,F,-16696.29,12886.35,47.70466232,-122.50637817,E,-16689.79,12871.34,47.70452472,-122.50629565
920531,2026-06-11T14:57:21,337.27,0.7,F,-16696.5,12887.06,47.70466614,-122.50637817,E,-16690.14,12872.03,47.70453089,-122.50630025
921601,2026-06-11T14:57:22,336.44,0.698,F,-16696.74,12887.78,47.70467377,-122.5063858,E,-16690.49,12872.71,47.704537,-122.50630497
922681,2026-06-11T14:57:23,338.73,0.707,F,-16696.99,12888.5,47.7046814,-122.5063858,E,-16690.83,12873.42,47.70454337,-122.50630941
923759,2026-06-11T14:57:24,340.71,0.714,F,-16697.2,12889.22,47.70468521,-122.50639343,E,-16691.14,12874.15,47.70454989,-122.50631355
924838,2026-06-11T14:57:25,342.6,0.716,F,-16697.41,12889.96,47.70469284,-122.50639343,E,-16691.43,12874.88,47.70455653,-122.50631738
925908,2026-06-11T14:57:26,343.18,0.72,F,-16697.62,12890.7,47.70470047,-122.50639343,E,-16691.71,12875.62,47.70456317,-122.5063211
926979,2026-06-11T14:57:27,341.56,0.734,F,-16697.83,12891.44,47.7047081,-122.50640106,E,-16692.01,12876.37,47.70456988,-122.50632519
928049,2026-06-11T14:57:28,341.6,0.732,F,-16698.04,12892.18,47.70471191,-122.50640106,E,-16692.32,12877.11,47.70457656,-122.50632925
929137,2026-06-11T14:57:29,346.12,0.739,F,-16698.26,12892.93,47.70471954,-122.50640869,E,-16692.57,12877.9,47.70458362,-122.50633259
930215,2026-06-11T14:57:30,348.13,0.735,F,-16698.46,12893.68,47.70472717,-122.50640869,E,-16692.79,12878.68,47.70459065,-122.50633551
931290,2026-06-11T14:57:31,349.28,0.743,F,-16698.65,12894.43,47.7047348,-122.50640869,E,-16692.99,12879.48,47.70459777,-122.50633825
932368,2026-06-11T14:57:32,348.73,0.757,F,-16698.84,12895.25,47.70474243,-122.50641632,E,-16693.21,12880.28,47.70460503,-122.50634114
933437,2026-06-11T14:57:34,345.96,0.76,F,-16699.04,12896.07,47.70475006,-122.50641632,E,-16693.47,12881.08,47.70461216,-122.50634455
934524,2026-06-11T14:57:35,342.89,0.758,F,-16699.26,12896.85,47.70475388,-122.50641632,E,-16693.77,12881.87,47.70461926,-122.50634858
935598,2026-06-11T14:57:36,341.94,0.758,F,-16699.47,12897.59,47.70476151,-122.50642395,E,-16694.08,12882.64,47.70462622,-122.50635274
936670,2026-06-11T14:57:37,343.16,0.759,F,-16699.68,12898.34,47.70476913,-122.50642395,E,-16694.38,12883.42,47.70463324,-122.50635667
937749,2026-06-11T14:57:38,344.65,0.758,F,-16699.9,12899.13,47.70477676,-122.50642395,E,-16694.65,12884.22,47.70464036,-122.50636034
938813,2026-06-11T14:57:39,345.02,0.741,F,-16700.11,12899.87,47.70478058,-122.50643158,E,-16694.91,12884.98,47.70464724,-122.50636382
939892,2026-06-11T14:57:40,343.5,0.755,F,-16700.32,12900.62,47.70478821,-122.50643158,E,-16695.2,12885.77,47.70465429,-122.50636769
940962,2026-06-11T14:57:41,342.75,0.757,F,-16700.53,12901.37,47.70479584,-122.50643158,E,-16695.5,12886.54,47.70466126,-122.50637168
942031,2026-06-11T14:57:42,340.43,0.758,F,-16700.74,12902.11,47.70480347,-122.50643921,E,-16695.83,12887.31,47.70466811,-122.50637608
943110,2026-06-11T14:57:43,339.72,0.769,F,-16700.95,12902.85,47.7048111,-122.50643921,E,-16696.18,12888.08,47.7046751,-122.50638073
944188,2026-06-11T14:57:44,342.84,0.765,F,-16701.17,12903.62,47.70481491,-122.50644684,E,-16696.49,12888.87,47.7046822,-122.50638477
945266,2026-06-11T14:57:45,344.06,0.764,F,-16701.38,12904.4,47.70482254,-122.50644684,E,-16696.77,12889.67,47.70468935,-122.50638858
946345,2026-06-11T14:57:46,343.01,0.762,F,-16701.6,12905.18,47.70483017,-122.50644684,E,-16697.07,12890.46,47.70469643,-122.50639258
947425,2026-06-11T14:57:48,342.1,0.761,F,-16701.81,12905.93,47.7048378,-122.50645447,E,-16697.38,12891.24,47.70470347,-122.50639675
948488,2026-06-11T14:57:49,341.9,0.754,F,-16702.02,12906.67,47.70484543,-122.50645447,E,-16697.69,12892.01,47.70471033,-122.50640085
949575,2026-06-11T14:57:50,342.62,0.754,F,-16702.24,12907.42,47.70484924,-122.50645447,E,-16698,12892.79,47.70471737,-122.5064049
950664,2026-06-11T14:57:51,342.37,0.764,F,-16702.45,12908.17,47.70485687,-122.5064621,E,-16698.31,12893.59,47.70472452,-122.50640907
951742,2026-06-11T14:57:52,342.2,0.754,F,-16702.66,12908.92,47.7048645,-122.5064621,E,-16698.62,12894.36,47.70473148,-122.50641317
952821,2026-06-11T14:57:53,341.79,0.757,F,-16702.88,12909.66,47.70487213,-122.50646973,E,-16698.93,12895.14,47.70473846,-122.50641737
953900,2026-06-11T14:57:54,341.64,0.759,F,-16703.09,12910.41,47.70487595,-122.50646973,E,-16699.25,12895.92,47.70474546,-122.50642161
954963,2026-06-11T14:57:55,342.59,0.764,F,-16703.3,12911.14,47.70488358,-122.50646973,E,-16699.55,12896.69,47.70475244,-122.50642563
956033,2026-06-11T14:57:56,343.88,0.765,F,-16703.51,12911.91,47.7048912,-122.50647736,E,-16699.84,12897.48,47.70475953,-122.50642945
957111,2026-06-11T14:57:57,343.27,0.763,F,-16703.72,12912.7,47.70489883,-122.50647736,E,-16700.14,12898.27,47.70476663,-122.5064334
958189,2026-06-11T14:57:58,342.59,0.772,F,-16703.94,12913.53,47.70490646,-122.50647736,E,-16700.45,12899.07,47.70477379,-122.50643753
959259,2026-06-11T14:57:59,341.52,0.769,F,-16704.15,12914.33,47.70491409,-122.50648499,E,-16700.77,12899.85,47.70478081,-122.50644181
960297,2026-06-11T14:58:00,339.96,0.774,F,-16704.36,12915.08,47.70491791,-122.50648499,E,-16701.1,12900.61,47.70478759,-122.50644626
961382,2026-06-11T14:58:01,338.93,0.779,F,-16704.61,12915.83,47.70492554,-122.50649261,E,-16701.47,12901.39,47.70479466,-122.50645114
962461,2026-06-11T14:58:03,340.03,0.774,F,-16704.86,12916.58,47.70493317,-122.50649261,E,-16701.81,12902.18,47.70480171,-122.50645576
963533,2026-06-11T14:58:04,340.84,0.76,F,-16705.07,12917.32,47.7049408,-122.50649261,E,-16702.14,12902.95,47.70480863,-122.50646012
964611,2026-06-11T14:58:05,342.11,0.749,F,-16705.28,12918.06,47.70494461,-122.50650024,E,-16702.45,12903.72,47.70481554,-122.50646421
965711,2026-06-11T14:58:06,344.61,0.748,F,-16705.51,12918.83,47.70495224,-122.50650024,E,-16702.73,12904.52,47.7048227,-122.50646791
966790,2026-06-11T14:58:07,346.36,0.73,F,-16705.72,12919.57,47.70495987,-122.50650787,E,-16702.97,12905.29,47.70482963,-122.50647114
967870,2026-06-11T14:58:08,344.62,0.728,F,-16705.93,12920.32,47.7049675,-122.50650787,E,-16703.24,12906.05,47.70483647,-122.50647468
968950,2026-06-11T14:58:09,344.27,0.717,F,-16706.15,12921.06,47.70497131,-122.50650787,E,-16703.5,12906.8,47.70484319,-122.50647823
970021,2026-06-11T14:58:10,343.44,0.731,F,-16706.36,12921.8,47.70497894,-122.5065155,E,-16703.78,12907.55,47.70484996,-122.50648196
971100,2026-06-11T14:58:11,342.92,0.739,F,-16706.57,12922.55,47.70498657,-122.5065155,E,-16704.07,12908.31,47.70485682,-122.50648586
972180,2026-06-11T14:58:12,342.08,0.746,F,-16706.78,12923.29,47.7049942,-122.5065155,E,-16704.38,12909.08,47.70486372,-122.50648995
973251,2026-06-11T14:58:13,342.05,0.74,F,-16706.99,12924.03,47.70499802,-122.50652313,E,-16704.68,12909.84,47.7048705,-122.50649397
974330,2026-06-11T14:58:14,342.68,0.746,F,-16707.21,12924.78,47.70500565,-122.50652313,E,-16704.98,12910.61,47.70487743,-122.50649795
975401,2026-06-11T14:58:16,343.58,0.741,F,-16707.42,12925.52,47.70501328,-122.50653076,E,-16705.26,12911.37,47.70488429,-122.50650171
976481,2026-06-11T14:58:17,343.32,0.746,F,-16707.63,12926.27,47.7050209,-122.50653076,E,-16705.55,12912.15,47.70489125,-122.50650557
977560,2026-06-11T14:58:18,343.03,0.749,F,-16707.84,12927.01,47.70502472,-122.50653076,E,-16705.85,12912.92,47.70489821,-122.5065095
978648,2026-06-11T14:58:19,342.55,0.738,F,-16708.06,12927.76,47.70503235,-122.50653839,E,-16706.15,12913.69,47.70490511,-122.50651349
979740,2026-06-11T14:58:20,342.93,0.741,F,-16708.27,12928.52,47.70503998,-122.50653839,E,-16706.45,12914.46,47.70491208,-122.50651744
980819,2026-06-11T14:58:21,343.51,0.746,F,-16708.49,12929.26,47.70504761,-122.50653839,E,-16706.73,12915.24,47.70491903,-122.50652127
981891,2026-06-11T14:58:22,343.98,0.751,F,-16708.7,12930,47.70505142,-122.50654602,E,-16707.01,12916.02,47.70492602,-122.506525
982971,2026-06-11T14:58:23,343.42,0.754,F,-16708.91,12930.75,47.70505905,-122.50654602,E,-16707.31,12916.8,47.70493305,-122.50652889
984052,2026-06-11T14:58:24,344.63,0.757,F,-16709.12,12931.5,47.70506668,-122.50654602,E,-16707.58,12917.59,47.70494018,-122.50653257
985132,2026-06-11T14:58:25,346.13,0.746,F,-16709.34,12932.26,47.70507431,-122.50655365,E,-16707.83,12918.38,47.70494725,-122.50653592
986212,2026-06-11T14:58:26,346,0.749,F,-16709.55,12933.02,47.70508194,-122.50655365,E,-16708.09,12919.17,47.70495435,-122.5065393
987276,2026-06-11T14:58:27,344.2,0.744,F,-16709.76,12933.76,47.70508575,-122.50656128,E,-16708.36,12919.94,47.70496122,-122.50654294
988347,2026-06-11T14:58:28,344.57,0.74,F,-16709.97,12934.5,47.70509338,-122.50656128,E,-16708.63,12920.7,47.70496812,-122.50654651
989427,2026-06-11T14:58:30,345.37,0.735,F,-16710.18,12935.24,47.70510101,-122.50656128,E,-16708.89,12921.48,47.70497506,-122.50654995
990503,2026-06-11T14:58:31,344.55,0.733,F,-16710.39,12935.99,47.70510864,-122.50656891,E,-16709.15,12922.24,47.70498192,-122.50655351
991583,2026-06-11T14:58:32,345.61,0.74,F,-16710.61,12936.73,47.70511246,-122.50656891,E,-16709.41,12923.02,47.70498892,-122.50655693
992682,2026-06-11T14:58:33,344.97,0.741,F,-16710.82,12937.49,47.70512009,-122.50656891,E,-16709.68,12923.81,47.70499602,-122.50656053
993761,2026-06-11T14:58:34,343.57,0.747,F,-16711.04,12938.24,47.70512772,-122.50657654,E,-16709.97,12924.58,47.70500299,-122.50656435
994840,2026-06-11T14:58:35,341.57,0.731,F,-16711.25,12938.98,47.70513535,-122.50657654,E,-16710.28,12925.33,47.70500972,-122.50656844
995929,2026-06-11T14:58:36,341.42,0.716,F,-16711.46,12939.74,47.70513916,-122.50658417,E,-16710.58,12926.07,47.70501636,-122.50657251
997002,2026-06-11T14:58:37,341.25,0.719,F,-16711.68,12940.47,47.70514679,-122.50658417,E,-16710.89,12926.8,47.70502293,-122.50657657
998081,2026-06-11T14:58:38,341.25,0.741,F,-16711.89,12941.22,47.70515442,-122.50658417,E,-16711.2,12927.56,47.70502973,-122.50658078
999161,2026-06-11T14:58:39,343.91,0.736,F,-16712.1,12941.96,47.70516205,-122.5065918,E,-16711.48,12928.33,47.70503662,-122.50658448
1000251,2026-06-11T14:58:40,345.72,0.741,F,-16712.32,12942.71,47.70516586,-122.5065918,E,-16711.74,12929.12,47.70504369,-122.50658791
1001330,2026-06-11T14:58:41,347.28,0.747,F,-16712.53,12943.46,47.70517349,-122.5065918,E,-16711.97,12929.91,47.70505082,-122.50659105
1002400,2026-06-11T14:58:43,347.38,0.743,F,-16712.72,12944.2,47.70518112,-122.50659943,E,-16712.2,12930.69,47.70505784,-122.50659412
1003470,2026-06-11T14:58:44,346.89,0.74,F,-16712.93,12944.94,47.70518875,-122.50659943,E,-16712.44,12931.47,47.70506482,-122.50659727
1004549,2026-06-11T14:58:45,345.35,0.725,F,-16713.14,12945.68,47.70519257,-122.50659943,E,-16712.69,12932.23,47.70507166,-122.50660066
1005620,2026-06-11T14:58:46,344.82,0.736,F,-16713.35,12946.42,47.7052002,-122.50660706,E,-16712.96,12932.99,47.70507853,-122.50660417
1006703,2026-06-11T14:58:47,346.98,0.741,F,-16713.56,12947.17,47.70520782,-122.50660706,E,-16713.2,12933.78,47.70508561,-122.50660735
1007775,2026-06-11T14:58:48,348.37,0.758,F,-16713.76,12947.97,47.70521545,-122.50661469,E,-16713.42,12934.59,47.70509282,-122.5066103
1008855,2026-06-11T14:58:49,347.44,0.759,F,-16713.95,12948.79,47.70522308,-122.50661469,E,-16713.66,12935.39,47.70510007,-122.50661346
1009944,2026-06-11T14:58:50,346.9,0.746,F,-16714.17,12949.6,47.70523071,-122.50661469,E,-16713.9,12936.19,47.70510724,-122.50661669
1011022,2026-06-11T14:58:51,344.97,0.749,F,-16714.38,12950.36,47.70523453,-122.50662231,E,-16714.17,12936.97,47.70511428,-122.50662026
1012102,2026-06-11T14:58:52,343.81,0.752,F,-16714.59,12951.11,47.70524216,-122.50662231,E,-16714.45,12937.76,47.70512132,-122.50662406
1013181,2026-06-11T14:58:53,345.16,0.745,F,-16714.8,12951.85,47.70524979,-122.50662231,E,-16714.72,12938.54,47.70512834,-122.50662758
1014253,2026-06-11T14:58:54,346.43,0.74,F,-16715.02,12952.59,47.70525742,-122.50662994,E,-16714.96,12939.31,47.70513531,-122.50663082
1015332,2026-06-11T14:58:55,346.7,0.733,F,-16715.23,12953.34,47.70526123,-122.50662994,E,-16715.2,12940.09,47.70514228,-122.506634
1016411,2026-06-11T14:58:57,347.36,0.741,F,-16715.43,12954.08,47.70526886,-122.50662994,E,-16715.43,12940.88,47.70514934,-122.5066371
1017501,2026-06-11T14:58:58,347.34,0.721,F,-16715.63,12954.84,47.70527649,-122.50663757,E,-16715.66,12941.65,47.70515628,-122.50664014
1018570,2026-06-11T14:58:59,346.48,0.585,F,-16715.82,12955.53,47.70528412,-122.50663757,E,-16715.85,12942.26,47.70516177,-122.5066427
1019650,2026-06-11T14:59:00,331.52,0.428,F,-16716.02,12956.04,47.70528793,-122.5066452,E,-16716.11,12942.66,47.70516533,-122.50664611
1020745,2026-06-11T14:59:01,329.19,0.307,F,-16716.23,12956.39,47.70529175,-122.5066452,E,-16716.31,12942.94,47.70516783,-122.50664876
1021816,2026-06-11T14:59:02,315.57,0.215,F,-16716.42,12956.61,47.70529175,-122.5066452,E,-16716.49,12943.09,47.70516919,-122.50665116
1022897,2026-06-11T14:59:03,310,0.15,F,-16716.61,12956.72,47.70529175,-122.50665283,E,-16716.62,12943.18,47.70517,-122.506653
1023977,2026-06-11T14:59:04,302.67,0.105,F,-16716.73,12956.82,47.70517,-122.506653,G,-16716.62,12943.18,47.70517,-122.506653
1032629,2026-06-11T14:59:13,181.36,0,F,-16716.74,12956.83,47.70517,-122.506653,G,-16716.62,12943.18,47.70517,-122.506653
1033700,2026-06-11T14:59:14,195.28,0,F,-16716.74,12956.83,47.70529556,-122.50665283,E,-16716.6,12943.21,47.70517026,-122.50665272
1034796,2026-06-11T14:59:15,196.54,0,F,-16716.74,12956.83,47.70529556,-122.50665283,E,-16716.58,12943.23,47.70517053,-122.50665243
1035867,2026-06-11T14:59:16,197.16,0,F,-16716.74,12956.83,47.70529556,-122.50665283,E,-16716.56,12943.26,47.70517078,-122.50665215
1036939,2026-06-11T14:59:17,197.86,0,F,-16716.74,12956.83,47.70529556,-122.50665283,E,-16716.54,12943.29,47.70517104,-122.50665187
1038002,2026-06-11T14:59:18,205.56,0,F,-16716.74,12956.83,47.70529556,-122.50665283,E,-16716.52,12943.32,47.7051713,-122.5066516
1039081,2026-06-11T14:59:19,199.53,0,F,-16716.74,12956.83,47.70529556,-122.50665283,E,-16716.5,12943.35,47.70517156,-122.50665131
1040160,2026-06-11T14:59:20,175.93,0.139,F,-16716.74,12956.8,47.70529556,-122.50665283,E,-16716.46,12943.22,47.70517042,-122.50665076
1041248,2026-06-11T14:59:21,155.02,0.253,F,-16716.71,12956.59,47.70529175,-122.50665283,E,-16716.3,12943,47.70516841,-122.50664864
1042327,2026-06-11T14:59:22,158.65,0.331,F,-16716.51,12956.29,47.70528793,-122.5066452,E,-16716.12,12942.69,47.70516562,-122.50664626
1043406,2026-06-11T14:59:24,159,0.397,F,-16716.32,12955.92,47.70528412,-122.5066452,E,-16715.91,12942.31,47.70516221,-122.5066435
1044475,2026-06-11T14:59:25,156.46,0.456,F,-16716.12,12955.5,47.70528412,-122.5066452,E,-16715.66,12941.88,47.70515838,-122.50664013
1045553,2026-06-11T14:59:26,157.57,0.518,F,-16715.91,12955.02,47.70527649,-122.50663757,E,-16715.38,12941.39,47.70515391,-122.50663643
1046623,2026-06-11T14:59:27,160.26,0.584,F,-16715.7,12954.48,47.70527267,-122.50663757,E,-16715.1,12940.81,47.70514876,-122.50663271
1047704,2026-06-11T14:59:28,163.74,0.658,F,-16715.49,12953.85,47.70526886,-122.50663757,E,-16714.83,12940.14,47.70514272,-122.50662907
1048773,2026-06-11T14:59:29,163.7,0.701,F,-16715.28,12953.14,47.70526123,-122.50662994,E,-16714.54,12939.43,47.70513634,-122.50662525
1049860,2026-06-11T14:59:30,162.65,0.738,F,-16715.06,12952.39,47.7052536,-122.50662994,E,-16714.22,12938.67,47.70512954,-122.50662098
1050886,2026-06-11T14:59:31,163.58,0.765,F,-16714.85,12951.67,47.70524597,-122.50662231,E,-16713.92,12937.93,47.70512284,-122.50661698
1051966,2026-06-11T14:59:32,167.26,0.786,F,-16714.64,12950.85,47.70524216,-122.50662231,E,-16713.65,12937.1,47.70511543,-122.50661338
1053035,2026-06-11T14:59:33,162.12,0.802,F,-16714.43,12950.02,47.70523453,-122.50662231,E,-16713.3,12936.29,47.70510817,-122.50660874
1054114,2026-06-11T14:59:34,160.77,0.822,F,-16714.19,12949.18,47.7052269,-122.50661469,E,-16712.92,12935.47,47.70510073,-122.50660367
1055183,2026-06-11T14:59:35,164.59,0.824,F,-16713.98,12948.34,47.70521927,-122.50661469,E,-16712.6,12934.62,47.70509314,-122.50659941
1056184,2026-06-11T14:59:36,167.23,0.823,F,-16713.78,12947.55,47.70521164,-122.50661469,E,-16712.34,12933.82,47.70508593,-122.50659592
1057246,2026-06-11T14:59:37,166.75,0.83,F,-16713.57,12946.71,47.70520401,-122.50660706,E,-16712.05,12932.96,47.70507824,-122.5065921
1058325,2026-06-11T14:59:38,166.48,0.819,F,-16713.36,12945.86,47.70519638,-122.50660706,E,-16711.76,12932.11,47.70507055,-122.5065882
1059403,2026-06-11T14:59:40,163.6,0.831,F,-16713.15,12945.01,47.70518875,-122.50660706,E,-16711.42,12931.25,47.70506288,-122.50658367
1060481,2026-06-11T14:59:41,157.84,0.853,F,-16712.87,12944.16,47.70518112,-122.50659943,E,-16710.98,12930.41,47.70505533,-122.50657782
1061560,2026-06-11T14:59:42,162.51,0.866,F,-16712.51,12943.3,47.70517349,-122.5065918,E,-16710.61,12929.53,47.70504738,-122.50657287
1062639,2026-06-11T14:59:43,164.41,0.875,F,-16712.3,12942.37,47.70516586,-122.5065918,E,-16710.26,12928.62,47.70503924,-122.50656828
1063711,2026-06-11T14:59:44,158.29,0.882,F,-16711.98,12941.48,47.70515442,-122.50658417,E,-16709.82,12927.75,47.70503144,-122.50656237
1064790,2026-06-11T14:59:45,160.86,0.897,F,-16711.58,12940.59,47.70514679,-122.50658417,E,-16709.41,12926.84,47.70502329,-122.50655689
1065876,2026-06-11T14:59:46,163.77,0.896,F,-16711.36,12939.64,47.70513916,-122.50657654,E,-16709.04,12925.91,47.70501493,-122.50655202
1066947,2026-06-11T14:59:47,163.77,0.898,F,-16711.15,12938.7,47.70513153,-122.50657654,E,-16708.68,12924.99,47.70500666,-122.50654721
1068019,2026-06-11T14:59:48,163.32,0.91,F,-16710.94,12937.76,47.7051239,-122.50657654,E,-16708.31,12924.06,47.7049983,-122.50654223
1069097,2026-06-11T14:59:49,164.41,0.906,F,-16710.72,12936.81,47.70511246,-122.50656891,E,-16707.95,12923.12,47.70498987,-122.50653749
1070168,2026-06-11T14:59:50,164.3,0.925,F,-16710.51,12935.87,47.70510483,-122.50656891,E,-16707.59,12922.17,47.70498132,-122.50653266
1071247,2026-06-11T14:59:51,166.7,0.928,F,-16710.3,12934.92,47.7050972,-122.50656891,E,-16707.26,12921.2,47.70497255,-122.50652834
1072325,2026-06-11T14:59:52,169.76,0.918,F,-16710.09,12933.96,47.70508957,-122.50656128,E,-16707,12920.22,47.70496376,-122.50652477
1073403,2026-06-11T14:59:54,169.2,0.923,F,-16709.89,12933.01,47.70508194,-122.50656128,E,-16706.72,12919.24,47.70495494,-122.50652106
1074482,2026-06-11T14:59:55,164.24,0.916,F,-16709.67,12932.05,47.7050705,-122.50655365,E,-16706.35,12918.29,47.70494641,-122.50651623
1075552,2026-06-11T14:59:56,163.95,0.901,F,-16709.46,12931.12,47.70506287,-122.50655365,E,-16706,12917.36,47.70493812,-122.50651144
1076622,2026-06-11T14:59:57,164.82,0.913,F,-16709.25,12930.18,47.70505524,-122.50655365,E,-16705.65,12916.42,47.70492966,-122.50650679
1077694,2026-06-11T14:59:58,164.39,0.91,F,-16709.04,12929.23,47.70504761,-122.50654602,E,-16705.29,12915.48,47.70492124,-122.50650206
1078783,2026-06-11T14:59:59,167.25,0.922,F,-16708.82,12928.27,47.70503616,-122.50654602,E,-16704.98,12914.5,47.70491243,-122.50649785
1079861,2026-06-11T15:00:00,170.5,0.935,F,-16708.62,12927.32,47.70502853,-122.50654602,E,-16704.72,12913.5,47.70490344,-122.5064944
1080936,2026-06-11T15:00:01,171.64,0.935,F,-16708.44,12926.34,47.7050209,-122.50653839,E,-16704.48,12912.5,47.70489444,-122.50649124
1082006,2026-06-11T15:00:02,169.15,0.947,F,-16708.24,12925.35,47.70501328,-122.50653839,E,-16704.19,12911.5,47.70488545,-122.50648745
1083085,2026-06-11T15:00:03,167.02,0.942,F,-16708.03,12924.38,47.70500183,-122.50653839,E,-16703.87,12910.51,47.70487653,-122.50648314
1084154,2026-06-11T15:00:04,168.4,0.951,F,-16707.81,12923.41,47.7049942,-122.50653076,E,-16703.57,12909.51,47.70486755,-122.50647917
1085232,2026-06-11T15:00:05,167.36,0.946,F,-16707.6,12922.42,47.70498657,-122.50653076,E,-16703.25,12908.51,47.70485859,-122.50647493
1086316,2026-06-11T15:00:06,168.04,0.951,F,-16707.39,12921.44,47.70497513,-122.50652313,E,-16702.94,12907.5,47.70484949,-122.50647081
1087395,2026-06-11T15:00:08,166.62,0.955,F,-16707.17,12920.43,47.7049675,-122.50652313,E,-16702.61,12906.49,47.70484047,-122.50646635
1088467,2026-06-11T15:00:09,169.15,0.958,F,-16706.96,12919.4,47.70495605,-122.50652313,E,-16702.32,12905.48,47.70483136,-122.50646251
1089546,2026-06-11T15:00:10,167.84,0.96,F,-16706.76,12918.35,47.70494843,-122.5065155,E,-16702.01,12904.46,47.70482223,-122.50645833
1090616,2026-06-11T15:00:11,167.62,0.953,F,-16706.54,12917.33,47.7049408,-122.5065155,E,-16701.69,12903.46,47.70481325,-122.50645415
1091688,2026-06-11T15:00:12,168.09,0.959,F,-16706.33,12916.3,47.70492935,-122.5065155,E,-16701.39,12902.45,47.70480418,-122.50645006
1092767,2026-06-11T15:00:13,167.09,0.962,F,-16706.12,12915.26,47.70492172,-122.50650787,E,-16701.06,12901.44,47.70479506,-122.50644568
1093846,2026-06-11T15:00:14,165.9,0.964,F,-16705.91,12914.23,47.70491028,-122.50650787,E,-16700.71,12900.43,47.70478598,-122.50644101
1094934,2026-06-11T15:00:15,166.08,0.961,F,-16705.69,12913.19,47.70490265,-122.50650024,E,-16700.36,12899.41,47.70477685,-122.50643636
1096020,2026-06-11T15:00:16,166.54,0.97,F,-16705.48,12912.14,47.7048912,-122.50650024,E,-16700.01,12898.38,47.70476763,-122.50643178
1097099,2026-06-11T15:00:17,167.15,0.979,F,-16705.27,12911.09,47.70488358,-122.50650024,E,-16699.68,12897.35,47.70475834,-122.50642735
1098171,2026-06-11T15:00:18,166.84,0.968,F,-16705.05,12910.05,47.70487213,-122.50649261,E,-16699.35,12896.34,47.70474924,-122.50642291
1099251,2026-06-11T15:00:19,165.16,0.957,F,-16704.84,12909.02,47.7048645,-122.50649261,E,-16698.99,12895.34,47.70474026,-122.50641809
1100330,2026-06-11T15:00:20,165.62,0.959,F,-16704.63,12908.03,47.70485687,-122.50649261,E,-16698.63,12894.33,47.70473125,-122.50641337
1101418,2026-06-11T15:00:22,165,0.959,F,-16704.41,12907.02,47.70484543,-122.50648499,E,-16698.26,12893.33,47.7047222,-122.50640847
1102496,2026-06-11T15:00:23,164.63,0.962,F,-16704.2,12906.04,47.7048378,-122.50648499,E,-16697.89,12892.33,47.70471322,-122.5064035
1103575,2026-06-11T15:00:24,163.41,0.974,F,-16703.96,12905.06,47.70483017,-122.50647736,E,-16697.49,12891.32,47.70470418,-122.50639818
1104654,2026-06-11T15:00:25,162.86,0.973,F,-16703.71,12904.06,47.70481873,-122.50647736,E,-16697.08,12890.32,47.70469519,-122.50639273
1105726,2026-06-11T15:00:26,164.28,0.972,F,-16703.49,12903.03,47.7048111,-122.50647736,E,-16696.7,12889.32,47.70468619,-122.50638766
1106805,2026-06-11T15:00:27,166.19,0.969,F,-16703.27,12901.98,47.70479965,-122.50646973,E,-16696.36,12888.3,47.70467705,-122.50638304
1107885,2026-06-11T15:00:28,162.79,0.936,F,-16703.05,12900.99,47.70479202,-122.50646973,E,-16695.96,12887.34,47.7046684,-122.50637777
1108973,2026-06-11T15:00:29,162.11,0.921,F,-16702.72,12900.04,47.70478439,-122.5064621,E,-16695.55,12886.39,47.70465988,-122.50637238
1110059,2026-06-11T15:00:30,165.89,0.914,F,-16702.48,12899.08,47.70477676,-122.5064621,E,-16695.22,12885.43,47.70465123,-122.5063679
1111143,2026-06-11T15:00:31,168.77,0.918,F,-16702.27,12898.12,47.70476532,-122.5064621,E,-16694.93,12884.45,47.70464243,-122.50636409
1112212,2026-06-11T15:00:32,167.22,0.925,F,-16702.06,12897.18,47.70475769,-122.50645447,E,-16694.62,12883.48,47.70463375,-122.50635994
1113291,2026-06-11T15:00:33,166.67,0.917,F,-16701.84,12896.23,47.70475006,-122.50645447,E,-16694.3,12882.52,47.7046251,-122.50635566
1114370,2026-06-11T15:00:34,165.56,0.923,F,-16701.63,12895.28,47.70474243,-122.50644684,E,-16693.96,12881.55,47.70461644,-122.50635109
1115439,2026-06-11T15:00:36,166.49,0.907,F,-16701.42,12894.34,47.70473099,-122.50644684,E,-16693.64,12880.61,47.70460796,-122.50634685
1116532,2026-06-11T15:00:37,168.5,0.9,F,-16701.2,12893.38,47.70472336,-122.50644684,E,-16693.35,12879.64,47.70459928,-122.50634301
1117613,2026-06-11T15:00:38,166.73,0.908,F,-16700.99,12892.43,47.70471573,-122.50643921,E,-16693.03,12878.69,47.70459069,-122.50633877
1118694,2026-06-11T15:00:39,166.07,0.915,F,-16700.78,12891.48,47.7047081,-122.50643921,E,-16692.7,12877.73,47.70458207,-122.50633436
1119773,2026-06-11T15:00:40,164.81,0.9,F,-16700.56,12890.53,47.70470047,-122.50643921,E,-16692.35,12876.79,47.70457366,-122.50632973
1120843,2026-06-11T15:00:41,161.21,0.902,F,-16700.34,12889.59,47.70468903,-122.50643158,E,-16691.95,12875.89,47.70456551,-122.50632434
1121921,2026-06-11T15:00:42,162.18,0.901,F,-16700.01,12888.65,47.7046814,-122.50643158,E,-16691.56,12874.97,47.70455725,-122.50631913
1122999,2026-06-11T15:00:43,161.62,0.911,F,-16699.75,12887.7,47.70467377,-122.50642395,E,-16691.15,12874.04,47.70454893,-122.50631374
1124086,2026-06-11T15:00:44,163.83,0.906,F,-16699.51,12886.75,47.70466614,-122.50642395,E,-16690.78,12873.1,47.70454046,-122.50630882
1125174,2026-06-11T15:00:45,165.46,0.902,F,-16699.29,12885.79,47.70465469,-122.50641632,E,-16690.44,12872.15,47.70453194,-122.5063043
1126252,2026-06-11T15:00:46,166.62,0.9,F,-16699.08,12884.85,47.70464706,-122.50641632,E,-16690.13,12871.2,47.70452346,-122.50630008
1127331,2026-06-11T15:00:47,162.75,0.889,F,-16698.87,12883.9,47.70463943,-122.50641632,E,-16689.75,12870.29,47.70451527,-122.50629505
1128410,2026-06-11T15:00:49,157.69,0.881,F,-16698.52,12883.01,47.70463181,-122.50640869,E,-16689.29,12869.42,47.70450747,-122.50628899
1129482,2026-06-11T15:00:50,159.46,0.898,F,-16698.12,12882.12,47.70462418,-122.50640106,E,-16688.86,12868.53,47.70449945,-122.50628324
1130552,2026-06-11T15:00:51,160.08,0.911,F,-16697.72,12881.19,47.70461655,-122.50640106,E,-16688.44,12867.62,47.70449129,-122.50627755
1131632,2026-06-11T15:00:52,158.56,0.896,F,-16697.32,12880.25,47.7046051,-122.50639343,E,-16687.99,12866.73,47.70448329,-122.50627157
1132704,2026-06-11T15:00:53,158.81,0.877,F,-16696.92,12879.4,47.70459747,-122.5063858,E,-16687.55,12865.87,47.7044755,-122.50626581
1133783,2026-06-11T15:00:54,159.93,0.862,F,-16696.51,12878.55,47.70458984,-122.50637817,E,-16687.14,12865,47.70446774,-122.50626033
1134862,2026-06-11T15:00:55,157.13,0.862,F,-16696.11,12877.69,47.70458221,-122.50637817,E,-16686.69,12864.16,47.70446015,-122.50625428
1135950,2026-06-11T15:00:56,154.66,0.76,F,-16695.7,12876.88,47.70457458,-122.50637054,E,-16686.25,12863.43,47.70445359,-122.50624843
1137019,2026-06-11T15:00:57,152.63,0.551,F,-16695.46,12876.24,47.70457077,-122.50637054,E,-16685.91,12862.92,47.70444909,-122.50624393
1138107,2026-06-11T15:00:58,141.93,0.384,F,-16695.24,12875.82,47.70456696,-122.50636292,E,-16685.6,12862.63,47.70444641,-122.50623977
1139195,2026-06-11T15:00:59,124.41,0.267,F,-16695.02,12875.57,47.70456314,-122.50636292,E,-16685.32,12862.5,47.70444527,-122.50623601
1140200,2026-06-11T15:01:00,94.91,0.191,F,-16694.83,12875.5,47.70456314,-122.50636292,E,-16685.1,12862.52,47.70444547,-122.50623307
1141267,2026-06-11T15:01:01,73.99,0.134,F,-16694.63,12875.5,47.70456314,-122.50635529,E,-16684.93,12862.6,47.70444618,-122.50623091
1142346,2026-06-11T15:01:02,24.23,0,F,-16694.55,12875.57,47.70456314,-122.50635529,E,-16684.91,12862.63,47.70444644,-122.50623063
1143424,2026-06-11T15:01:04,21.94,0,F,-16694.55,12875.57,47.70456314,-122.50635529,E,-16684.89,12862.66,47.7044467,-122.50623034
1144502,2026-06-11T15:01:05,22.61,0,F,-16694.55,12875.57,47.70456314,-122.50635529,E,-16684.87,12862.69,47.70444696,-122.50623006
1145572,2026-06-11T15:01:06,31.14,0,F,-16694.55,12875.57,47.70456314,-122.50635529,E,-16684.85,12862.72,47.70444722,-122.50622978
1146651,2026-06-11T15:01:07,36.97,0,F,-16694.55,12875.57,47.70456314,-122.50635529,E,-16684.83,12862.75,47.70444748,-122.5062295
1147722,2026-06-11T15:01:08,76.45,0,F,-16694.55,12875.57,47.70456314,-122.50635529,E,-16684.81,12862.77,47.70444774,-122.50622922
1148792,2026-06-11T15:01:09,97.54,0,F,-16694.55,12875.57,47.70456314,-122.50635529,E,-16684.79,12862.8,47.704448,-122.50622894
1149880,2026-06-11T15:01:10,114.58,0,F,-16694.55,12875.57,47.70456314,-122.50635529,E,-16684.76,12862.83,47.70444826,-122.50622866
1150958,2026-06-11T15:01:11,110.22,0.106,F,-16694.43,12875.53,47.70456314,-122.50635529,E,-16684.63,12862.83,47.70444822,-122.50622685
1152028,2026-06-11T15:01:12,125.13,0,F,-16694.41,12875.53,47.70456314,-122.50635529,E,-16684.61,12862.86,47.70444847,-122.50622657
1153117,2026-06-11T15:01:13,133.74,0,F,-16694.41,12875.53,47.70456314,-122.50635529,E,-16684.59,12862.89,47.70444874,-122.50622628
1154197,2026-06-11T15:01:14,136.67,0,F,-16694.41,12875.53,47.70456314,-122.50635529,E,-16684.56,12862.91,47.704449,-122.506226
1155276,2026-06-11T15:01:15,127.97,3.395,G,-16685.91,12864.39,47.704449,-122.506226,G,-16684.56,12862.91,47.704449,-122.506226
1247680,2026-06-11T15:02:48,277.92,0,F,-16675.7,12866.15,47.70447922,-122.50610352,E,-16682.75,12865.41,47.70447139,-122.50620185
1248768,2026-06-11T15:02:49,314.01,0,F,-16675.7,12866.15,47.70447922,-122.50610352,E,-16682.73,12865.44,47.70447165,-122.50620156
1249846,2026-06-11T15:02:50,310.79,0,F,-16675.7,12866.15,47.70447922,-122.50610352,E,-16682.71,12865.47,47.70447191,-122.50620128
1250926,2026-06-11T15:02:51,311.85,0.177,F,-16675.78,12866.21,47.70447922,-122.50610352,E,-16682.85,12865.62,47.70447329,-122.50620309
1252005,2026-06-11T15:02:52,323.35,0.239,F,-16675.97,12866.36,47.70448303,-122.50611115,E,-16683,12865.85,47.70447541,-122.50620513
1253077,2026-06-11T15:02:53,326.18,0.311,F,-16676.17,12866.62,47.70448303,-122.50611115,E,-16683.19,12866.16,47.70447817,-122.50620767
1254147,2026-06-11T15:02:54,333.42,0.373,F,-16676.38,12866.93,47.70448685,-122.50611115,E,-16683.38,12866.55,47.70448168,-122.50621019
1255226,2026-06-11T15:02:55,331.47,0.416,F,-16676.6,12867.33,47.70449066,-122.50611877,E,-16683.61,12866.98,47.70448552,-122.50621323
1256298,2026-06-11T15:02:56,329.76,0.457,F,-16676.81,12867.74,47.70449448,-122.50611877,E,-16683.87,12867.44,47.70448962,-122.50621675
1257377,2026-06-11T15:02:57,332.23,0.509,F,-16677.02,12868.19,47.70449829,-122.50611877,E,-16684.15,12867.96,47.7044943,-122.50622045
1258465,2026-06-11T15:02:59,331.92,0.575,F,-16677.24,12868.72,47.70450211,-122.5061264,E,-16684.47,12868.55,47.70449958,-122.50622473
1259537,2026-06-11T15:03:00,330.26,0.62,F,-16677.56,12869.26,47.70450592,-122.5061264,E,-16684.83,12869.16,47.70450508,-122.50622954
1260634,2026-06-11T15:03:01,331.7,0.669,F,-16677.96,12869.89,47.70451355,-122.50613403,E,-16685.21,12869.84,47.70451122,-122.50623465
1261713,2026-06-11T15:03:02,331.27,0.714,F,-16678.37,12870.54,47.70451736,-122.50614166,E,-16685.62,12870.55,47.70451762,-122.50624011
1262793,2026-06-11T15:03:03,334.94,0.719,F,-16678.77,12871.22,47.70452499,-122.50614166,E,-16685.99,12871.3,47.7045243,-122.50624501
1263871,2026-06-11T15:03:04,340.04,0.741,F,-16679.06,12871.95,47.70453262,-122.50614929,E,-16686.3,12872.09,47.70453146,-122.50624917
1264941,2026-06-11T15:03:05,343.13,0.748,F,-16679.27,12872.69,47.70453644,-122.50614929,E,-16686.58,12872.91,47.70453879,-122.50625278
1266019,2026-06-11T15:03:06,339.75,0.772,F,-16679.49,12873.44,47.70454407,-122.50615692,E,-16686.91,12873.74,47.70454622,-122.50625718
1267097,2026-06-11T15:03:07,338.22,0.768,F,-16679.73,12874.18,47.7045517,-122.50615692,E,-16687.26,12874.55,47.70455354,-122.50626183
1268205,2026-06-11T15:03:08,339.33,0.779,F,-16679.99,12874.97,47.70455933,-122.50616455,E,-16687.6,12875.41,47.70456122,-122.50626647
1269276,2026-06-11T15:03:09,339.49,0.764,F,-16680.24,12875.72,47.70456696,-122.50616455,E,-16687.93,12876.22,47.70456852,-122.50627084
1270355,2026-06-11T15:03:10,340.9,0.764,F,-16680.45,12876.46,47.70457077,-122.50616455,E,-16688.24,12877.05,47.70457595,-122.50627498
1271425,2026-06-11T15:03:12,340.26,0.764,F,-16680.66,12877.2,47.7045784,-122.50617218,E,-16688.56,12877.86,47.70458328,-122.50627921
1272513,2026-06-11T15:03:13,339.68,0.791,F,-16680.9,12878,47.70458603,-122.50617218,E,-16688.9,12878.72,47.70459096,-122.50628378
1273582,2026-06-11T15:03:14,340.36,0.814,F,-16681.14,12878.83,47.70459366,-122.50617981,E,-16689.24,12879.59,47.70459875,-122.50628827
1274654,2026-06-11T15:03:15,341.1,0.799,F,-16681.38,12879.66,47.70460129,-122.50617981,E,-16689.56,12880.44,47.70460647,-122.50629255
1275732,2026-06-11T15:03:16,341.39,0.829,F,-16681.6,12880.5,47.70460892,-122.50617981,E,-16689.89,12881.34,47.70461453,-122.50629696
1276802,2026-06-11T15:03:17,337.64,0.831,F,-16681.92,12881.34,47.70461655,-122.50618744,E,-16690.28,12882.21,47.70462232,-122.5063021
1277881,2026-06-11T15:03:18,337.08,0.828,F,-16682.33,12882.18,47.70462418,-122.50619507,E,-16690.67,12883.08,47.70463012,-122.50630736
1278950,2026-06-11T15:03:19,338.92,0.841,F,-16682.72,12883.01,47.70463181,-122.50619507,E,-16691.04,12883.96,47.70463808,-122.50631231
1280021,2026-06-11T15:03:20,339.32,0.861,F,-16683.12,12883.85,47.70463943,-122.5062027,E,-16691.42,12884.87,47.70464626,-122.5063173
1281100,2026-06-11T15:03:21,338.58,0.872,F,-16683.52,12884.71,47.70464706,-122.50621033,E,-16691.81,12885.8,47.70465455,-122.50632255
1282180,2026-06-11T15:03:22,340.12,0.889,F,-16683.93,12885.58,47.70465469,-122.50621033,E,-16692.19,12886.75,47.70466312,-122.50632759
1283259,2026-06-11T15:03:23,338.91,0.891,F,-16684.33,12886.49,47.70466232,-122.50621796,E,-16692.59,12887.7,47.70467161,-122.50633289
1284338,2026-06-11T15:03:24,337.79,0.893,F,-16684.73,12887.38,47.70466995,-122.50622559,E,-16693.01,12888.63,47.70468005,-122.50633845
1285407,2026-06-11T15:03:26,340.23,0.907,F,-16685.13,12888.27,47.70467758,-122.50623322,E,-16693.39,12889.6,47.70468869,-122.50634352
1286478,2026-06-11T15:03:27,340.91,0.915,F,-16685.54,12889.21,47.70468521,-122.50623322,E,-16693.76,12890.57,47.70469747,-122.50634849
1287564,2026-06-11T15:03:28,343.59,0.909,F,-16685.79,12890.17,47.70469666,-122.50624084,E,-16694.09,12891.58,47.70470648,-122.5063529
1288642,2026-06-11T15:03:29,344.02,0.934,F,-16686,12891.12,47.70470428,-122.50624084,E,-16694.42,12892.6,47.70471568,-122.50635731
1289713,2026-06-11T15:03:30,341.29,0.966,F,-16686.28,12892.07,47.70471191,-122.50624847,E,-16694.81,12893.63,47.70472496,-122.50636249
1290798,2026-06-11T15:03:31,338.19,0.964,F,-16686.69,12893.04,47.70471954,-122.50624847,E,-16695.26,12894.65,47.70473413,-122.50636845
1291876,2026-06-11T15:03:32,337.33,0.953,F,-16687.09,12893.98,47.70473099,-122.5062561,E,-16695.71,12895.65,47.70474307,-122.50637449
1292955,2026-06-11T15:03:33,337.99,0.969,F,-16687.5,12894.93,47.70473862,-122.50626373,E,-16696.16,12896.67,47.70475222,-122.5063805
1294034,2026-06-11T15:03:34,338.57,0.978,F,-16687.9,12895.89,47.70474625,-122.50626373,E,-16696.61,12897.7,47.70476149,-122.50638642
1295106,2026-06-11T15:03:35,339.29,0.998,F,-16688.3,12896.85,47.70475388,-122.50627136,E,-16697.05,12898.75,47.70477094,-122.50639227
1296185,2026-06-11T15:03:36,339.84,0.998,F,-16688.71,12897.89,47.70476532,-122.50627899,E,-16697.48,12899.82,47.70478049,-122.50639802
1297255,2026-06-11T15:03:37,339.14,1.01,F,-16689.11,12898.93,47.70477295,-122.50628662,E,-16697.93,12900.88,47.70479002,-122.50640396
1298338,2026-06-11T15:03:38,338.46,1.028,F,-16689.52,12899.98,47.70478439,-122.50628662,E,-16698.4,12901.96,47.70479978,-122.50641026
1299417,2026-06-11T15:03:40,337.63,1.03,F,-16689.94,12901.03,47.70479202,-122.50629425,E,-16698.89,12903.04,47.70480946,-122.50641675
1300497,2026-06-11T15:03:41,339.25,1.031,F,-16690.35,12902.08,47.70480347,-122.50630188,E,-16699.34,12904.13,47.70481928,-122.50642285
1301586,2026-06-11T15:03:42,340.46,1.029,F,-16690.76,12903.15,47.7048111,-122.50630188,E,-16699.78,12905.25,47.70482926,-122.50642869
1302668,2026-06-11T15:03:43,339.27,1.04,F,-16691.17,12904.21,47.70482254,-122.50630951,E,-16700.25,12906.35,47.70483918,-122.50643485
1303739,2026-06-11T15:03:44,337.19,1.052,F,-16691.58,12905.25,47.70483017,-122.50631714,E,-16700.75,12907.44,47.70484895,-122.50644155
1304821,2026-06-11T15:03:45,336.07,1.057,F,-16692.01,12906.31,47.70484161,-122.50632477,E,-16701.28,12908.53,47.70485878,-122.50644862
1305900,2026-06-11T15:03:46,336.04,1.05,F,-16692.43,12907.36,47.70484924,-122.50632477,E,-16701.81,12909.61,47.70486851,-122.50645563
1306963,2026-06-11T15:03:47,336.45,1.048,F,-16692.85,12908.4,47.70486069,-122.5063324,E,-16702.32,12910.68,47.70487811,-122.50646243
1308053,2026-06-11T15:03:48,337.54,1.04,F,-16693.28,12909.46,47.70486832,-122.50634003,E,-16702.81,12911.78,47.70488797,-122.50646907
1309132,2026-06-11T15:03:49,338.86,1.038,F,-16693.7,12910.52,47.70487976,-122.50634766,E,-16703.28,12912.88,47.70489782,-122.50647531
1310212,2026-06-11T15:03:50,337.86,1.045,F,-16694.12,12911.57,47.70488739,-122.50634766,E,-16703.77,12913.97,47.70490766,-122.50648184
1311283,2026-06-11T15:03:51,337.26,1.033,F,-16694.54,12912.62,47.70489883,-122.50635529,E,-16704.27,12915.04,47.70491727,-122.50648839
1312362,2026-06-11T15:03:52,335.4,1.043,F,-16694.97,12913.67,47.70490646,-122.50636292,E,-16704.8,12916.11,47.70492688,-122.50649551
1313442,2026-06-11T15:03:54,333.91,1.04,F,-16695.41,12914.71,47.70491409,-122.50637054,E,-16705.36,12917.16,47.70493634,-122.50650297
1314513,2026-06-11T15:03:55,335.35,1.039,F,-16695.83,12915.75,47.70492554,-122.50637054,E,-16705.89,12918.22,47.70494583,-122.50651002
1315593,2026-06-11T15:03:56,336.46,1.025,F,-16696.26,12916.8,47.70493317,-122.50637817,E,-16706.4,12919.29,47.70495538,-122.50651677
1316682,2026-06-11T15:03:57,337.39,1.036,F,-16696.69,12917.85,47.70494461,-122.5063858,E,-16706.89,12920.38,47.70496519,-122.50652342
1317774,2026-06-11T15:03:58,337.11,1.043,F,-16697.12,12918.92,47.70495224,-122.50639343,E,-16707.4,12921.48,47.70497506,-122.5065302
1318853,2026-06-11T15:03:59,337.36,1.052,F,-16697.54,12919.97,47.70496368,-122.50639343,E,-16707.91,12922.57,47.70498492,-122.5065369
1319933,2026-06-11T15:04:00,339.39,1.047,F,-16697.96,12921.03,47.70497131,-122.50640106,E,-16708.37,12923.68,47.7049949,-122.50654306
1320973,2026-06-11T15:04:01,339.62,1.034,F,-16698.35,12922.04,47.70498276,-122.50640869,E,-16708.81,12924.74,47.70500441,-122.50654887
1322053,2026-06-11T15:04:02,338.54,1.036,F,-16698.76,12923.1,47.70499039,-122.50640869,E,-16709.28,12925.84,47.70501422,-122.50655518
1323134,2026-06-11T15:04:03,338.14,1.046,F,-16699.18,12924.15,47.70500183,-122.50641632,E,-16709.77,12926.94,47.70502411,-122.50656166
1324198,2026-06-11T15:04:04,340.37,1.039,F,-16699.59,12925.19,47.70500946,-122.50642395,E,-16710.2,12928.03,47.70503394,-122.50656744
1325269,2026-06-11T15:04:05,339.66,1.041,F,-16699.99,12926.24,47.7050209,-122.50643158,E,-16710.65,12929.13,47.7050438,-122.50657346
1326349,2026-06-11T15:04:06,339.48,1.03,F,-16700.39,12927.29,47.70502853,-122.50643158,E,-16711.11,12930.22,47.70505363,-122.5065795
1327428,2026-06-11T15:04:08,340.3,1.032,F,-16700.8,12928.35,47.70503998,-122.50643921,E,-16711.54,12931.32,47.70506353,-122.50658534
1328511,2026-06-11T15:04:09,338.28,1.043,F,-16701.21,12929.4,47.70504761,-122.50644684,E,-16712.03,12932.43,47.70507342,-122.50659177
1329592,2026-06-11T15:04:10,338.09,1.039,F,-16701.63,12930.46,47.70505905,-122.50644684,E,-16712.51,12933.52,47.70508324,-122.50659822
1330668,2026-06-11T15:04:11,342.01,1.038,F,-16702.04,12931.51,47.70506668,-122.50645447,E,-16712.92,12934.64,47.70509328,-122.50660365
1331756,2026-06-11T15:04:12,344.79,1.034,F,-16702.37,12932.57,47.70507812,-122.5064621,E,-16713.28,12935.78,47.70510358,-122.50660841
1332836,2026-06-11T15:04:13,344.65,1.036,F,-16702.6,12933.63,47.70508575,-122.5064621,E,-16713.63,12936.92,47.70511382,-122.50661317
1333909,2026-06-11T15:04:14,343.17,1.038,F,-16702.89,12934.67,47.70509338,-122.50646973,E,-16714.02,12938.05,47.70512391,-122.50661829
1334989,2026-06-11T15:04:15,340.63,1.026,F,-16703.29,12935.73,47.70510483,-122.50646973,E,-16714.45,12939.15,47.70513379,-122.50662402
1336069,2026-06-11T15:04:16,339.9,1.039,F,-16703.7,12936.78,47.70511246,-122.50647736,E,-16714.9,12940.25,47.70514373,-122.50663001
1337159,2026-06-11T15:04:17,339.06,1.01,F,-16704.11,12937.85,47.7051239,-122.50648499,E,-16715.35,12941.33,47.70515344,-122.50663609
1338237,2026-06-11T15:04:18,347.05,0.786,F,-16704.42,12938.77,47.70513153,-122.50648499,E,-16715.58,12942.21,47.70516135,-122.50663915
1339316,2026-06-11T15:04:19,343.72,0.56,F,-16704.62,12939.47,47.70513916,-122.50649261,E,-16715.78,12942.84,47.70516697,-122.50664173
1340395,2026-06-11T15:04:21,322.48,0.412,F,-16704.83,12939.92,47.70514297,-122.50649261,E,-16716.06,12943.22,47.70517039,-122.50664552
1341467,2026-06-11T15:04:22,289.39,0.297,F,-16705.06,12940.16,47.70514297,-122.50649261,E,-16716.36,12943.34,47.70517147,-122.50664951
1342547,2026-06-11T15:04:23,253.45,0.207,F,-16705.28,12940.17,47.70514297,-122.50650024,E,-16716.56,12943.29,47.70517101,-122.50665216
1343627,2026-06-11T15:04:24,214.23,0.145,F,-16705.46,12940.06,47.70514297,-122.50650024,E,-16716.62,12943.18,47.70517,-122.506653
1344706,2026-06-11T15:04:25,193.64,0.101,F,-16705.47,12939.96,47.70517,-122.506653,G,-16716.62,12943.18,47.70517,-122.506653
