timestamp_ms,heading_deg,speed_ms,speed_src,pos_x_m,pos_y_m,lat,lon,pos_src,mag_x_raw,mag_y_raw,mag_z_raw,accel_x_raw,accel_y_raw,accel_z_raw,gyro_x_raw,gyro_y_raw,gyro_z_raw,mag_x_cal,mag_y_cal,mag_z_cal,accel_x_cal,accel_y_cal,accel_z_cal,gyro_x_cal,gyro_y_cal,gyro_z_cal,pitch_deg,roll_deg
39537,51.28,0.000,F,0.00,0.00,47.50000000,-122.50000000,E,41.333,47.501,137.913,-0.032,-0.089,-0.997,-0.012,-0.058,-0.032,16.469,5.320,48.064,-0.039,-0.097,-1.004,-0.005,0.019,0.009,-1.51,5.29
39646,51.23,0.000,F,0.00,0.00,47.50000000,-122.50000000,E,40.719,47.764,137.401,-0.033,-0.094,-0.982,-0.009,-0.068,-0.033,15.878,5.587,47.550,-0.039,-0.101,-0.990,-0.002,0.008,0.008,-1.54,5.31
39754,51.26,0.000,F,0.00,0.00,47.50000000,-122.50000000,E,40.471,47.574,137.314,-0.031,-0.092,-0.992,-0.012,-0.070,-0.030,15.640,5.393,47.460,-0.038,-0.099,-0.999,-0.005,0.006,0.011,-1.57,5.32
39862,51.34,0.000,F,0.00,0.00,47.50000000,-122.50000000,E,40.398,47.574,137.957,-0.033,-0.092,-0.976,-0.014,-0.022,-0.037,15.566,5.399,48.114,-0.039,-0.099,-0.984,-0.008,0.055,0.004,-1.52,5.32
39970,51.42,0.000,F,0.00,0.00,47.50000000,-122.50000000,E,40.880,48.173,138.234,-0.031,-0.090,-0.994,-0.013,-0.053,-0.033,16.027,6.012,48.399,-0.038,-0.098,-1.001,-0.006,0.024,0.009,-1.36,5.29
40079,51.66,0.000,F,0.00,0.00,47.50000000,-122.50000000,E,40.558,48.612,137.533,-0.027,-0.093,-0.994,-0.012,-0.058,-0.034,15.719,6.454,47.692,-0.034,-0.100,-1.002,-0.006,0.018,0.007,-1.34,5.29
40187,51.69,0.000,F,0.00,0.00,47.50000000,-122.50000000,E,40.251,47.998,137.694,-0.026,-0.092,-0.988,-0.010,-0.063,-0.033,15.425,5.830,47.851,-0.033,-0.099,-0.995,-0.003,0.014,0.009,-1.33,5.29
40295,51.73,0.000,F,0.00,0.00,47.50000000,-122.50000000,E,40.427,47.369,137.211,-0.027,-0.090,-0.992,-0.010,-0.065,-0.033,15.599,5.183,47.355,-0.034,-0.097,-0.999,-0.003,0.012,0.009,-1.33,5.29
40403,51.65,0.000,F,0.00,0.00,47.50000000,-122.50000000,E,40.383,47.808,138.118,-0.028,-0.090,-0.990,-0.012,-0.063,-0.033,15.550,5.639,48.280,-0.035,-0.097,-0.998,-0.006,0.014,0.009,-1.33,5.29
40511,51.65,0.000,F,0.00,0.00,47.50000000,-122.50000000,E,40.617,47.691,137.518,-0.030,-0.090,-0.993,-0.011,-0.063,-0.033,15.779,5.514,47.669,-0.037,-0.097,-1.001,-0.005,0.014,0.008,-1.33,5.29
40617,51.64,0.000,F,0.00,0.00,47.50000000,-122.50000000,E,40.558,48.042,137.738,-0.031,-0.091,-0.986,-0.013,-0.060,-0.030,15.720,5.874,47.895,-0.038,-0.098,-0.994,-0.007,0.017,0.011,-1.32,5.29
40726,51.71,0.000,F,0.00,0.00,47.50000000,-122.50000000,E,40.237,47.822,137.080,-0.029,-0.092,-0.988,-0.013,-0.059,-0.029,15.415,5.646,47.226,-0.036,-0.100,-0.995,-0.006,0.018,0.013,-1.32,5.29
40834,51.80,0.000,F,0.00,0.00,47.50000000,-122.50000000,E,40.251,47.895,137.738,-0.039,-0.093,-0.990,-0.011,-0.064,-0.034,15.425,5.726,47.895,-0.046,-0.100,-0.998,-0.005,0.013,0.008,-1.33,5.29
40942,51.88,0.000,F,0.00,0.00,47.50000000,-122.50000000,E,40.281,47.983,138.264,-0.039,-0.092,-0.993,-0.013,-0.061,-0.030,15.450,5.820,48.430,-0.045,-0.099,-1.000,-0.007,0.015,0.011,-1.31,5.30
41050,51.95,0.000,F,0.00,0.00,47.50000000,-122.50000000,E,40.339,48.144,137.270,-0.040,-0.084,-0.991,-0.012,-0.061,-0.026,15.511,5.975,47.422,-0.047,-0.091,-0.998,-0.006,0.016,0.015,-1.31,5.30
41158,52.07,0.000,F,0.00,0.00,47.50000000,-122.50000000,E,40.018,48.188,137.928,-0.022,-0.093,-0.993,-0.009,-0.064,-0.033,15.197,6.027,48.092,-0.029,-0.100,-1.000,-0.003,0.013,0.009,-1.29,5.30
41266,52.16,0.000,F,0.00,0.00,47.50000000,-122.50000000,E,40.193,47.983,137.869,-0.022,-0.095,-0.990,-0.010,-0.059,-0.032,15.367,5.817,48.030,-0.029,-0.102,-0.998,-0.004,0.017,0.009,-1.29,5.30
41375,52.14,0.000,F,0.00,0.00,47.50000000,-122.50000000,E,40.164,47.852,137.051,-0.018,-0.082,-0.999,-0.013,-0.060,-0.035,15.344,5.676,47.197,-0.024,-0.089,-1.006,-0.007,0.017,0.006,-1.28,5.30
41483,52.18,0.000,F,0.00,0.00,47.50000000,-122.50000000,E,40.368,48.027,137.153,-0.042,-0.101,-0.970,-0.010,-0.063,-0.029,15.540,5.855,47.302,-0.049,-0.108,-0.978,-0.004,0.014,0.012,-1.33,5.33
41588,52.20,0.000,F,0.00,0.00,47.50000000,-122.50000000,E,40.324,48.422,137.021,-0.040,-0.095,-1.005,-0.006,-0.075,-0.031,15.497,6.257,47.172,-0.047,-0.102,-1.012,0.000,0.002,0.010,-1.28,5.29
41693,52.40,0.000,F,0.00,0.00,47.50000000,-122.50000000,E,40.310,48.363,137.036,-0.047,-0.103,-0.960,-0.007,-0.072,-0.026,15.483,6.197,47.186,-0.054,-0.111,-0.968,-0.001,0.004,0.015,-1.39,5.36
41802,52.28,0.000,F,0.00,0.00,47.50000000,-122.50000000,E,40.354,47.749,137.562,-0.018,-0.096,-0.987,0.007,-0.089,-0.026,15.525,5.575,47.715,-0.024,-0.103,-0.995,0.014,-0.013,0.015,-1.30,5.33
41910,52.57,0.000,F,0.00,0.00,47.50000000,-122.50000000,E,40.266,47.749,137.065,0.083,-0.005,-1.028,-0.055,0.030,-0.037,15.443,5.571,47.210,0.077,-0.012,-1.035,-0.049,0.107,0.005,-1.24,5.37
42018,52.71,0.000,F,0.00,0.00,47.50000000,-122.50000000,E,40.018,47.910,137.314,-0.006,-0.093,-1.108,-0.043,-0.008,-0.020,15.201,5.738,47.466,-0.013,-0.100,-1.115,-0.037,0.068,0.021,-1.22,5.44
42126,52.64,0.000,F,0.00,0.00,47.50000000,-122.50000000,E,40.675,47.618,137.372,-0.005,-0.082,-1.037,0.002,-0.073,0.008,15.837,5.438,47.519,-0.012,-0.089,-1.044,0.008,0.004,0.049,-1.26,5.44
42234,52.89,0.000,F,0.00,0.00,47.50000000,-122.50000000,E,40.529,48.553,137.942,-0.031,-0.094,-0.962,-0.004,-0.073,0.005,15.689,6.398,48.107,-0.038,-0.102,-0.969,0.003,0.004,0.046,-1.30,5.46
42342,53.12,0.000,F,0.00,0.00,47.50000000,-122.50000000,E,40.091,48.042,138.746,-0.012,-0.083,-0.989,-0.015,-0.043,0.068,15.264,5.885,48.922,-0.019,-0.090,-0.997,-0.009,0.034,0.109,-1.17,5.42
42450,53.69,0.000,F,0.00,0.00,47.50000000,-122.50000000,E,40.237,48.348,137.928,-0.010,-0.090,-0.997,-0.007,-0.049,0.096,15.408,6.190,48.092,-0.017,-0.098,-1.004,-0.001,0.027,0.138,-1.10,5.38
42565,54.57,0.000,F,0.00,0.00,47.50000000,-122.50000000,E,39.418,48.685,137.708,-0.031,-0.092,-0.988,-0.008,-0.050,0.106,14.618,6.535,47.877,-0.037,-0.100,-0.996,-0.002,0.027,0.147,-1.10,5.37
42673,55.50,0.000,F,0.00,0.00,47.50000000,-122.50000000,E,38.921,48.334,137.372,-0.012,-0.089,-0.992,-0.009,-0.048,0.109,14.142,6.176,47.535,-0.019,-0.097,-1.000,-0.002,0.029,0.150,-1.08,5.37
42782,56.32,0.000,F,0.00,0.00,47.50000000,-122.50000000,E,39.594,48.699,137.357,-0.028,-0.090,-0.995,-0.008,-0.046,0.116,14.789,6.546,47.520,-0.035,-0.097,-1.003,-0.001,0.030,0.157,-1.03,5.37
42890,57.15,0.000,F,0.00,0.00,47.50000000,-122.50000000,E,38.863,49.255,137.898,-0.031,-0.088,-0.998,-0.007,-0.050,0.118,14.079,7.121,48.078,-0.038,-0.095,-1.005,-0.001,0.027,0.159,-1.03,5.34
42998,58.15,0.000,F,0.00,0.00,47.50000000,-122.50000000,E,38.892,50.088,138.322,-0.005,-0.086,-0.986,-0.004,-0.052,0.144,14.102,7.975,48.516,-0.011,-0.093,-0.993,0.002,0.025,0.185,-0.95,5.32
43106,59.25,0.000,F,0.00,0.00,47.50000000,-122.50000000,E,38.936,49.956,137.241,-0.018,-0.076,-0.996,-0.008,-0.042,0.177,14.150,7.831,47.416,-0.025,-0.083,-1.003,-0.002,0.035,0.218,-0.89,5.26
43214,60.65,0.000,F,0.00,0.00,47.50000000,-122.50000000,E,38.541,49.868,137.445,-0.052,-0.095,-0.990,-0.006,-0.045,0.144,13.769,7.745,47.625,-0.059,-0.103,-0.998,-0.000,0.032,0.185,-1.00,5.26
43322,61.95,0.000,F,0.00,0.00,47.50000000,-122.50000000,E,38.103,50.234,137.591,-0.044,-0.094,-0.988,-0.010,-0.043,0.106,13.344,8.121,47.779,-0.050,-0.101,-0.995,-0.003,0.034,0.147,-1.12,5.29
43431,63.04,0.000,F,0.00,0.00,47.50000000,-122.50000000,E,37.635,50.760,137.957,-0.021,-0.083,-0.995,-0.010,-0.048,0.090,12.888,8.664,48.158,-0.028,-0.090,-1.003,-0.003,0.028,0.131,-1.15,5.29
43539,63.93,0.000,F,0.00,0.00,47.50000000,-122.50000000,E,37.401,50.161,137.445,-0.036,-0.089,-0.988,-0.006,-0.052,0.087,12.668,8.048,47.634,-0.043,-0.096,-0.996,0.000,0.025,0.128,-1.15,5.27
43643,64.64,0.000,F,0.00,0.00,47.50000000,-122.50000000,E,37.416,50.950,137.591,-0.017,-0.090,-0.992,-0.010,-0.046,0.067,12.678,8.855,47.789,-0.024,-0.097,-0.999,-0.004,0.030,0.108,-1.19,5.29
43752,65.18,0.000,F,0.00,0.00,47.50000000,-122.50000000,E,37.679,51.125,137.957,-0.002,-0.086,-0.995,-0.011,-0.048,0.091,12.929,9.036,48.161,-0.009,-0.093,-1.002,-0.004,0.029,0.132,-1.09,5.27
43860,65.76,0.000,F,0.00,0.00,47.50000000,-122.50000000,E,37.387,51.184,137.971,0.006,-0.083,-0.993,-0.009,-0.043,0.134,12.647,9.097,48.178,-0.000,-0.090,-1.001,-0.003,0.034,0.175,-0.95,5.23
43968,66.72,0.000,F,0.00,0.00,47.50000000,-122.50000000,E,36.773,51.184,138.220,-0.016,-0.082,-0.993,-0.005,-0.043,0.166,12.053,9.102,48.434,-0.022,-0.089,-1.000,0.001,0.033,0.207,-0.87,5.22
44080,69.13,0.000,F,0.00,0.00,47.50000000,-122.50000000,E,36.334,51.754,138.322,-0.069,-0.100,-0.994,-0.006,-0.043,0.168,11.627,9.687,48.545,-0.076,-0.107,-1.002,-0.000,0.034,0.210,-1.15,5.36
44188,70.56,0.000,F,0.00,0.00,47.50000000,-122.50000000,E,35.764,51.900,138.351,-0.036,-0.087,-0.993,-0.006,-0.044,0.142,11.077,9.838,48.579,-0.043,-0.094,-1.000,0.000,0.032,0.183,-1.19,5.37
44296,71.96,0.000,F,0.00,0.00,47.50000000,-122.50000000,E,35.341,52.704,137.474,-0.020,-0.085,-0.990,-0.008,-0.045,0.119,10.669,10.653,47.697,-0.026,-0.092,-0.998,-0.002,0.032,0.160,-1.24,5.37
44404,73.08,0.000,F,0.00,0.00,47.50000000,-122.50000000,E,35.311,52.631,138.074,-0.011,-0.084,-0.994,-0.011,-0.043,0.123,10.638,10.584,48.306,-0.018,-0.091,-1.002,-0.004,0.033,0.164,-1.22,5.33
44512,73.97,0.000,F,0.00,0.00,47.50000000,-122.50000000,E,34.727,52.265,137.518,-0.005,-0.080,-0.993,-0.006,-0.041,0.169,10.079,10.208,47.741,-0.011,-0.087,-1.000,-0.000,0.036,0.211,-1.04,5.27
44617,75.11,0.000,F,0.00,0.00,47.50000000,-122.50000000,E,34.610,52.821,137.591,-0.005,-0.073,-0.995,-0.006,-0.041,0.188,9.963,10.777,47.821,-0.011,-0.080,-1.002,0.001,0.036,0.229,-0.94,5.21
44725,76.50,0.000,F,0.00,0.00,47.50000000,-122.50000000,E,34.127,53.289,137.986,-0.028,-0.084,-0.994,-0.003,-0.045,0.190,9.494,11.259,48.229,-0.035,-0.091,-1.001,0.003,0.032,0.231,-0.92,5.18
44834,78.11,0.000,F,0.00,0.00,47.50000000,-122.50000000,E,33.718,53.785,138.176,-0.041,-0.090,-0.991,-0.003,-0.048,0.175,9.096,11.770,48.429,-0.047,-0.097,-0.998,0.003,0.029,0.216,-0.98,5.19
44942,79.76,0.000,F,0.00,0.00,47.50000000,-122.50000000,E,33.104,53.289,138.234,-0.037,-0.092,-0.984,-0.009,-0.041,0.141,8.506,11.266,48.487,-0.044,-0.099,-0.991,-0.003,0.036,0.182,-1.10,5.23
45050,81.18,0.000,F,0.00,0.00,47.50000000,-122.50000000,E,33.177,53.683,137.328,-0.045,-0.092,-0.988,-0.008,-0.044,0.099,8.579,11.660,47.569,-0.051,-0.099,-0.996,-0.002,0.032,0.140,-1.23,5.27
45158,82.19,0.000,F,0.00,0.00,47.50000000,-122.50000000,E,32.681,54.151,137.577,-0.042,-0.089,-0.997,-0.007,-0.056,0.073,8.097,12.142,47.829,-0.049,-0.097,-1.004,-0.000,0.021,0.114,-1.29,5.30
45266,83.12,0.000,F,0.00,0.00,47.50000000,-122.50000000,E,32.797,53.771,137.299,-0.078,-0.090,-0.982,-0.009,-0.052,0.039,8.213,11.751,47.542,-0.084,-0.097,-0.990,-0.002,0.024,0.080,-1.37,5.32
45374,83.62,0.000,F,0.00,0.00,47.50000000,-122.50000000,E,32.520,54.312,137.635,0.031,-0.111,-0.964,-0.007,-0.063,-0.031,7.941,12.307,47.890,0.024,-0.118,-0.972,-0.001,0.014,0.010,-1.46,5.36
45483,83.71,0.000,F,0.00,0.00,47.50000000,-122.50000000,E,32.505,53.917,138.234,0.009,-0.079,-0.993,-0.025,-0.040,-0.038,7.925,11.910,48.496,0.003,-0.086,-1.000,-0.018,0.037,0.003,-1.46,5.34
45588,83.76,0.000,F,0.00,0.00,47.50000000,-122.50000000,E,32.286,54.151,138.161,-0.013,-0.084,-1.035,-0.016,-0.055,-0.031,7.713,12.149,48.425,-0.019,-0.091,-1.042,-0.010,0.022,0.010,-1.39,5.31
45697,83.74,0.000,F,0.00,0.00,47.50000000,-122.50000000,E,32.374,54.063,138.044,-0.034,-0.101,-1.008,0.005,-0.082,-0.028,7.798,12.058,48.305,-0.040,-0.109,-1.016,0.011,-0.006,0.013,-1.31,5.30
45805,83.64,0.000,F,0.00,0.00,47.50000000,-122.50000000,E,32.651,53.610,137.781,-0.025,-0.095,-0.951,0.003,-0.081,-0.029,8.070,11.592,48.032,-0.032,-0.102,-0.959,0.009,-0.005,0.012,-1.31,5.28
45913,83.31,0.000,F,0.00,0.00,47.50000000,-122.50000000,E,32.388,54.677,138.585,0.024,-0.087,-0.979,0.002,-0.052,0.067,7.807,12.689,48.860,0.017,-0.094,-0.986,0.008,0.025,0.108,-0.99,5.28
46021,83.95,0.000,F,0.00,0.00,47.50000000,-122.50000000,E,32.300,54.399,138.673,0.016,-0.090,-0.997,-0.011,-0.043,0.109,7.723,12.407,48.947,0.010,-0.097,-1.004,-0.005,0.034,0.150,-0.88,5.27
46121,84.85,0.000,F,0.00,0.00,47.50000000,-122.50000000,E,31.657,54.472,138.088,-0.004,-0.083,-1.001,-0.009,-0.044,0.117,7.106,12.479,48.357,-0.011,-0.090,-1.009,-0.002,0.033,0.158,-0.85,5.28
46229,85.94,0.000,F,0.00,0.00,47.50000000,-122.50000000,E,31.540,54.005,138.015,-0.040,-0.092,-0.990,-0.005,-0.055,0.108,6.995,12.001,48.279,-0.046,-0.099,-0.998,0.001,0.022,0.150,-0.88,5.28
46331,86.69,0.000,F,0.00,0.00,47.50000000,-122.50000000,E,31.409,54.487,138.205,-0.010,-0.086,-0.991,-0.009,-0.048,0.118,6.865,12.496,48.477,-0.016,-0.093,-0.999,-0.002,0.029,0.159,-0.83,5.28
46440,87.60,0.000,F,0.00,0.00,47.50000000,-122.50000000,E,30.693,54.721,138.147,-0.005,-0.084,-0.992,-0.007,-0.044,0.153,6.174,12.737,48.424,-0.011,-0.091,-1.000,-0.001,0.033,0.194,-0.73,5.26
46549,88.86,0.000,F,0.00,0.00,47.50000000,-122.50000000,E,30.474,54.516,138.088,-0.009,-0.082,-0.993,-0.007,-0.042,0.158,5.963,12.528,48.364,-0.016,-0.089,-1.000,-0.001,0.035,0.199,-0.71,5.26
46653,90.03,0.000,F,0.00,0.00,47.50000000,-122.50000000,E,30.357,54.180,138.044,-0.024,-0.084,-0.998,-0.007,-0.043,0.165,5.852,12.185,48.317,-0.030,-0.091,-1.006,-0.000,0.034,0.206,-0.70,5.24
46761,91.33,0.000,F,0.00,0.00,47.50000000,-122.50000000,E,30.020,54.955,138.717,-0.021,-0.093,-0.995,-0.003,-0.050,0.165,5.521,12.984,49.009,-0.028,-0.100,-1.003,0.003,0.027,0.206,-0.73,5.26
46870,92.69,0.000,F,0.00,0.00,47.50000000,-122.50000000,E,29.538,55.130,138.278,-0.024,-0.087,-0.986,-0.002,-0.047,0.167,5.057,13.161,48.568,-0.031,-0.094,-0.993,0.004,0.030,0.208,-0.77,5.28
46978,94.12,0.000,F,0.00,0.00,47.50000000,-122.50000000,E,29.173,55.393,138.556,-0.044,-0.086,-0.978,-0.006,-0.043,0.151,4.702,13.433,48.854,-0.051,-0.093,-0.985,0.000,0.034,0.192,-0.81,5.29
47086,95.52,0.000,F,0.00,0.00,47.50000000,-122.50000000,E,28.734,55.320,138.556,-0.037,-0.096,-0.998,-0.009,-0.049,0.106,4.280,13.360,48.856,-0.043,-0.103,-1.005,-0.002,0.028,0.147,-0.90,5.29
47194,96.49,0.000,F,0.00,0.00,47.50000000,-122.50000000,E,28.120,55.086,138.308,-0.013,-0.090,-0.990,-0.006,-0.054,0.079,3.690,13.122,48.605,-0.020,-0.097,-0.997,-0.000,0.023,0.120,-0.94,5.30
47303,97.05,0.000,F,0.00,0.00,47.50000000,-122.50000000,E,28.047,55.335,138.030,0.010,-0.087,-0.995,-0.007,-0.044,0.140,3.620,13.373,48.325,0.003,-0.094,-1.002,-0.001,0.033,0.181,-0.76,5.30
47411,97.96,0.000,F,0.00,0.00,47.50000000,-122.50000000,E,27.711,55.393,138.293,0.011,-0.079,-0.989,-0.006,-0.039,0.194,3.294,13.437,48.595,0.004,-0.086,-0.996,0.000,0.038,0.235,-0.60,5.27
47520,99.48,0.000,F,0.00,0.00,47.50000000,-122.50000000,E,26.469,55.247,138.644,-0.019,-0.084,-0.999,-0.006,-0.040,0.208,2.094,13.295,48.957,-0.026,-0.091,-1.006,0.000,0.037,0.249,-0.56,5.25
47625,101.13,0.000,F,0.00,0.00,47.50000000,-122.50000000,E,26.717,55.218,138.161,-0.019,-0.088,-0.988,-0.003,-0.043,0.199,2.336,13.260,48.465,-0.026,-0.095,-0.996,0.003,0.034,0.240,-0.60,5.25
47733,102.71,0.000,F,0.00,0.00,47.50000000,-122.50000000,E,26.279,55.598,138.278,-0.037,-0.086,-1.000,-0.005,-0.043,0.185,1.911,13.651,48.589,-0.043,-0.094,-1.008,0.002,0.034,0.226,-0.67,5.27
47841,104.34,0.000,F,0.00,0.00,47.50000000,-122.50000000,E,25.680,55.393,138.921,-0.032,-0.090,-0.995,-0.005,-0.048,0.156,1.330,13.450,49.244,-0.038,-0.097,-1.002,0.002,0.028,0.198,-0.79,5.29
47950,105.94,0.000,F,0.00,0.00,47.50000000,-122.50000000,E,24.905,55.539,137.986,-0.038,-0.087,-0.990,-0.006,-0.043,0.130,0.587,13.594,48.299,-0.045,-0.094,-0.998,0.001,0.034,0.171,-0.92,5.34
48058,107.12,0.000,F,0.00,0.00,47.50000000,-122.50000000,E,24.715,55.481,138.863,-0.012,-0.090,-0.990,-0.003,-0.047,0.128,0.400,13.543,49.191,-0.019,-0.098,-0.998,0.004,0.030,0.169,-0.93,5.36
48166,108.12,0.000,F,0.00,0.00,47.50000000,-122.50000000,E,24.335,55.422,138.907,-0.001,-0.088,-0.987,-0.002,-0.048,0.159,0.033,13.485,49.237,-0.008,-0.095,-0.994,0.004,0.029,0.200,-0.83,5.39
48275,109.24,0.000,F,0.00,0.00,47.50000000,-122.50000000,E,24.335,55.715,139.287,-0.010,-0.085,-1.001,-0.003,-0.039,0.188,0.030,13.787,49.626,-0.016,-0.092,-1.009,0.003,0.038,0.229,-0.73,5.36
48383,110.77,0.000,F,0.00,0.00,47.50000000,-122.50000000,E,22.976,55.379,138.600,-0.015,-0.088,-0.992,-0.002,-0.047,0.171,-1.277,13.443,48.932,-0.022,-0.095,-0.999,0.004,0.030,0.212,-0.75,5.36
48491,112.18,0.000,F,0.00,0.00,47.50000000,-122.50000000,E,23.619,55.072,138.088,-0.022,-0.091,-0.991,-0.005,-0.047,0.155,-0.652,13.122,48.406,-0.028,-0.098,-0.998,0.002,0.030,0.196,-0.80,5.38
48601,113.40,0.000,F,0.00,0.00,47.50000000,-122.50000000,E,22.567,55.145,138.001,-0.034,-0.095,-0.992,-0.003,-0.050,0.152,-1.667,13.200,48.323,-0.041,-0.102,-0.999,0.003,0.026,0.193,-0.83,5.40
48709,114.95,0.000,F,0.00,0.00,47.50000000,-122.50000000,E,22.055,55.174,138.351,-0.044,-0.097,-0.990,-0.006,-0.052,0.130,-2.163,13.235,48.683,-0.050,-0.105,-0.997,0.001,0.024,0.171,-0.96,5.46
48817,116.35,0.000,F,0.00,0.00,47.50000000,-122.50000000,E,21.558,55.349,137.898,-0.030,-0.094,-0.985,-0.010,-0.046,0.089,-2.641,13.412,48.227,-0.036,-0.101,-0.993,-0.004,0.031,0.130,-1.10,5.50
48926,117.22,0.000,F,0.00,0.00,47.50000000,-122.50000000,E,21.616,55.042,138.614,-0.005,-0.090,-0.994,-0.010,-0.041,0.076,-2.587,13.105,48.952,-0.012,-0.097,-1.002,-0.003,0.035,0.117,-1.10,5.50
49035,117.75,0.000,F,0.00,0.00,47.50000000,-122.50000000,E,21.587,54.925,138.848,0.005,-0.096,-1.000,-0.006,-0.048,0.103,-2.616,12.988,49.188,-0.002,-0.103,-1.008,0.000,0.028,0.144,-0.98,5.50
49144,118.61,0.000,F,0.00,0.00,47.50000000,-122.50000000,E,20.798,54.633,138.702,-0.000,-0.095,-0.993,-0.005,-0.043,0.151,-3.375,12.691,49.041,-0.007,-0.103,-1.000,0.001,0.034,0.192,-0.87,5.53
49252,119.74,0.000,F,0.00,0.00,47.50000000,-122.50000000,E,20.783,54.999,138.761,-0.010,-0.089,-0.992,0.002,-0.050,0.188,-3.391,13.065,49.104,-0.016,-0.097,-1.000,0.008,0.027,0.229,-0.79,5.57
49360,121.74,0.000,F,0.00,0.00,47.50000000,-122.50000000,E,19.424,54.955,138.804,-0.065,-0.087,-0.993,-0.001,-0.051,0.143,-4.703,13.026,49.156,-0.072,-0.094,-1.001,0.005,0.026,0.184,-0.96,5.58
49468,123.16,0.000,F,0.00,0.00,47.50000000,-122.50000000,E,19.439,54.838,139.331,-0.040,-0.092,-0.989,-0.003,-0.060,0.087,-4.691,12.911,49.689,-0.047,-0.099,-0.997,0.003,0.017,0.129,-1.09,5.58
49576,124.01,0.000,F,0.00,0.00,47.50000000,-122.50000000,E,18.810,54.560,138.629,-0.015,-0.093,-0.989,-0.011,-0.048,0.071,-5.292,12.624,48.977,-0.021,-0.101,-0.996,-0.005,0.029,0.112,-1.12,5.60
49684,124.86,0.000,F,0.00,0.00,47.50000000,-122.50000000,E,19.278,54.195,139.287,-0.031,-0.097,-0.993,-0.007,-0.053,0.074,-4.843,12.255,49.640,-0.037,-0.104,-1.001,-0.001,0.024,0.115,-1.11,5.61
49792,125.61,0.000,F,0.00,0.00,47.50000000,-122.50000000,E,18.825,54.122,138.644,-0.018,-0.091,-0.994,-0.010,-0.049,0.067,-5.277,12.176,48.988,-0.025,-0.099,-1.001,-0.004,0.027,0.109,-1.11,5.60
49900,126.34,0.000,F,0.00,0.00,47.50000000,-122.50000000,E,18.328,54.619,139.111,-0.007,-0.095,-1.000,-0.007,-0.054,0.062,-5.761,12.689,49.471,-0.014,-0.103,-1.008,-0.001,0.023,0.103,-1.10,5.60
50009,127.11,0.000,F,0.00,0.00,47.50000000,-122.50000000,E,17.846,54.253,138.600,-0.008,-0.095,-0.980,-0.009,-0.048,0.076,-6.222,12.314,48.950,-0.014,-0.102,-0.988,-0.002,0.028,0.117,-1.07,5.61
50118,127.84,0.000,F,0.00,0.00,47.50000000,-122.50000000,E,18.211,54.092,139.506,-0.034,-0.091,-0.995,-0.008,-0.055,0.093,-5.873,12.156,49.868,-0.040,-0.099,-1.002,-0.002,0.021,0.134,-1.01,5.60
50226,129.09,0.000,F,0.00,0.00,47.50000000,-122.50000000,E,17.977,54.253,138.629,0.088,-0.085,-0.979,-0.019,-0.022,-0.050,-6.095,12.313,48.979,0.081,-0.092,-0.987,-0.013,0.054,-0.008,-1.35,5.66
50335,129.04,0.000,F,0.00,0.00,47.50000000,-122.50000000,E,17.729,54.355,139.038,0.010,-0.091,-1.051,-0.032,-0.020,-0.039,-6.337,12.423,49.397,0.004,-0.098,-1.058,-0.025,0.057,0.002,-1.24,5.63
50443,129.01,0.000,F,0.00,0.00,47.50000000,-122.50000000,E,17.816,54.151,138.337,-0.012,-0.087,-1.040,-0.015,-0.055,-0.033,-6.248,12.207,48.682,-0.019,-0.094,-1.047,-0.008,0.021,0.008,-1.20,5.64
50551,128.99,0.000,F,0.00,0.00,47.50000000,-122.50000000,E,17.758,54.180,138.936,-0.016,-0.088,-1.003,-0.009,-0.068,-0.030,-6.308,12.242,49.292,-0.023,-0.096,-1.010,-0.002,0.008,0.011,-1.19,5.64
50656,129.00,0.000,F,0.00,0.00,47.50000000,-122.50000000,E,18.240,54.165,138.951,-0.020,-0.095,-0.999,-0.008,-0.068,-0.034,-5.843,12.226,49.304,-0.026,-0.103,-1.007,-0.001,0.009,0.007,-1.16,5.64
50764,128.92,0.000,F,0.00,0.00,47.50000000,-122.50000000,E,18.328,53.800,138.994,-0.042,-0.093,-0.974,-0.008,-0.079,-0.029,-5.757,11.853,49.345,-0.049,-0.100,-0.982,-0.002,-0.002,0.012,-1.16,5.64
50865,129.17,0.000,F,0.00,0.00,47.50000000,-122.50000000,E,17.626,54.239,138.804,-0.007,-0.082,-0.962,-0.019,-0.052,-0.028,-6.434,12.301,49.159,-0.013,-0.089,-0.970,-0.013,0.024,0.013,-1.32,5.74
50974,129.21,0.000,F,0.00,0.00,47.50000000,-122.50000000,E,17.656,54.282,138.556,-0.017,-0.076,-1.024,-0.026,-0.036,-0.031,-6.405,12.344,48.907,-0.023,-0.083,-1.031,-0.020,0.041,0.010,-1.23,5.69
51082,129.12,0.000,F,0.00,0.00,47.50000000,-122.50000000,E,18.006,54.107,139.141,-0.013,-0.094,-1.025,-0.007,-0.065,-0.025,-6.069,12.169,49.498,-0.020,-0.101,-1.033,-0.001,0.011,0.016,-1.14,5.67
51190,128.37,0.000,F,0.00,0.00,47.50000000,-122.50000000,E,18.153,54.209,138.001,0.020,-0.090,-0.994,0.010,-0.082,0.153,-5.922,12.262,48.339,0.014,-0.097,-1.001,0.016,-0.005,0.195,-0.64,5.79
51298,128.87,0.000,F,0.00,0.00,47.50000000,-122.50000000,E,17.875,53.859,138.629,0.080,-0.085,-0.969,0.006,-0.046,0.271,-6.192,11.911,48.976,0.073,-0.092,-0.977,0.013,0.031,0.312,-0.27,5.83
51406,130.86,0.000,F,0.00,0.00,47.50000000,-122.50000000,E,16.413,53.581,138.892,-0.037,-0.129,-0.987,-0.004,-0.017,0.360,-7.603,11.635,49.249,-0.044,-0.136,-0.995,0.003,0.060,0.401,-0.21,6.01
51514,133.44,0.000,F,0.00,0.00,47.50000000,-122.50000000,E,16.238,53.113,138.863,-0.038,-0.099,-0.996,0.002,-0.027,0.402,-7.770,11.158,49.216,-0.045,-0.106,-1.003,0.009,0.049,0.443,-0.22,6.07
51620,136.44,0.000,F,0.00,0.00,47.50000000,-122.50000000,E,15.463,53.522,138.644,-0.048,-0.080,-0.988,-0.003,-0.024,0.359,-8.518,11.577,49.001,-0.055,-0.087,-0.995,0.003,0.053,0.401,-0.47,6.07
51728,139.53,0.000,F,0.00,0.00,47.50000000,-122.50000000,E,14.367,52.850,138.191,-0.074,-0.086,-0.995,-0.006,-0.029,0.282,-9.570,10.891,48.541,-0.080,-0.093,-1.002,-0.000,0.047,0.323,-0.86,6.02
51836,142.12,0.000,F,0.00,0.00,47.50000000,-122.50000000,E,13.929,51.915,137.650,-0.083,-0.087,-0.984,-0.006,-0.036,0.164,-9.986,9.933,47.985,-0.090,-0.094,-0.992,0.000,0.041,0.205,-1.31,5.97
51944,143.42,0.000,F,0.00,0.00,47.50000000,-122.50000000,E,13.519,51.842,138.498,-0.022,-0.099,-0.993,-0.007,-0.037,0.136,-10.386,9.867,48.848,-0.028,-0.106,-1.001,-0.001,0.040,0.177,-1.39,5.94
52053,144.53,0.000,F,0.00,0.00,47.50000000,-122.50000000,E,12.833,51.564,138.059,-0.002,-0.094,-0.987,-0.009,-0.044,0.153,-11.045,9.582,48.404,-0.008,-0.101,-0.995,-0.003,0.033,0.194,-1.33,5.89
52161,145.70,0.000,F,0.00,0.00,47.50000000,-122.50000000,E,12.891,51.023,138.132,0.004,-0.095,-0.994,-0.010,-0.041,0.192,-10.987,9.031,48.473,-0.002,-0.103,-1.002,-0.004,0.035,0.233,-1.20,5.85
52269,147.23,0.000,F,0.00,0.00,47.50000000,-122.50000000,E,12.175,51.315,138.600,-0.019,-0.095,-0.992,-0.007,-0.047,0.202,-11.681,9.336,48.955,-0.025,-0.102,-1.000,-0.001,0.030,0.243,-1.16,5.79
52377,148.92,0.000,F,0.00,0.00,47.50000000,-122.50000000,E,11.868,50.526,138.074,-0.050,-0.079,-0.995,-0.006,-0.044,0.207,-11.972,8.527,48.415,-0.057,-0.086,-1.003,-0.000,0.033,0.248,-1.18,5.71
52485,150.58,0.000,F,0.00,0.00,47.50000000,-122.50000000,E,12.233,50.380,137.869,-0.016,-0.097,-0.993,-0.007,-0.041,0.133,-11.617,8.374,48.204,-0.022,-0.104,-1.000,-0.001,0.036,0.174,-1.33,5.65
52599,151.38,0.000,F,0.00,0.00,47.50000000,-122.50000000,E,11.590,50.234,137.679,-0.027,-0.102,-0.984,-0.002,-0.049,0.242,-12.236,8.226,48.013,-0.034,-0.109,-0.992,0.004,0.027,0.283,-1.00,5.71
52699,153.14,0.000,F,0.00,0.00,47.50000000,-122.50000000,E,11.663,50.687,137.664,-0.118,-0.068,-0.989,-0.003,-0.040,0.183,-12.167,8.688,48.002,-0.125,-0.075,-0.997,0.003,0.037,0.224,-1.33,5.74
52808,154.30,0.000,F,0.00,0.00,47.50000000,-122.50000000,E,11.166,49.810,137.957,-0.039,-0.103,-0.956,0.001,-0.049,0.050,-12.645,7.797,48.294,-0.045,-0.110,-0.964,0.007,0.028,0.091,-1.54,5.77
52916,154.40,0.000,F,0.00,0.00,47.50000000,-122.50000000,E,11.210,49.752,137.957,-0.045,-0.087,-1.032,-0.020,-0.052,0.029,-12.602,7.737,48.293,-0.052,-0.094,-1.040,-0.013,0.024,0.070,-1.53,5.80
53024,154.90,0.000,F,0.00,0.00,47.50000000,-122.50000000,E,10.596,49.123,138.351,-0.013,-0.095,-0.992,-0.007,-0.067,0.034,-13.194,7.101,48.692,-0.019,-0.102,-0.999,-0.001,0.010,0.075,-1.55,5.77
53132,155.34,0.000,F,0.00,0.00,47.50000000,-122.50000000,E,10.552,48.772,138.834,0.010,-0.101,-0.970,-0.003,-0.054,0.075,-13.238,6.748,49.179,0.003,-0.108,-0.978,0.003,0.022,0.116,-1.35,5.76
53234,156.93,0.000,F,0.00,0.00,47.50000000,-122.50000000,E,10.202,48.758,138.074,-0.142,-0.085,-0.969,-0.015,-0.058,0.058,-13.572,6.727,48.408,-0.149,-0.092,-0.977,-0.009,0.019,0.099,-1.96,5.82
53343,157.05,0.000,F,0.00,0.00,47.50000000,-122.50000000,E,10.333,48.655,137.752,0.054,-0.096,-1.013,-0.013,-0.050,0.101,-13.443,6.619,48.080,0.047,-0.103,-1.020,-0.007,0.027,0.142,-1.62,5.83
53451,158.32,0.000,F,0.00,0.00,47.50000000,-122.50000000,E,9.544,47.925,137.781,0.013,-0.099,-1.002,-0.004,-0.031,0.213,-14.202,5.876,48.107,0.006,-0.106,-1.010,0.002,0.045,0.254,-1.48,5.81
53559,160.17,0.000,F,0.00,0.00,47.50000000,-122.50000000,E,8.872,47.837,138.147,0.007,-0.089,-1.004,-0.006,-0.018,0.289,-14.852,5.793,48.482,0.000,-0.096,-1.011,0.000,0.058,0.330,-1.35,5.84
53664,162.55,0.000,F,0.00,0.00,47.50000000,-122.50000000,E,9.179,47.106,136.934,-0.015,-0.104,-0.975,0.009,-0.026,0.429,-14.547,5.035,47.241,-0.022,-0.112,-0.983,0.015,0.051,0.470,-1.04,5.82
53772,165.64,0.000,F,0.00,0.00,47.50000000,-122.50000000,E,9.266,46.580,137.167,0.022,-0.060,-0.998,0.003,-0.004,0.495,-14.461,4.499,47.473,0.016,-0.067,-1.005,0.010,0.073,0.536,-0.94,5.74
53880,169.53,0.000,F,0.00,0.00,47.50000000,-122.50000000,E,8.112,45.294,137.650,-0.102,-0.097,-0.994,0.015,-0.012,0.493,-15.573,3.194,47.958,-0.109,-0.104,-1.002,0.021,0.065,0.534,-1.14,5.75
53988,172.62,0.000,F,0.00,0.00,47.50000000,-122.50000000,E,7.542,44.300,137.065,-0.077,-0.100,-0.994,-0.003,-0.022,0.311,-16.116,2.177,47.358,-0.084,-0.108,-1.001,0.004,0.054,0.352,-1.51,5.85
54097,174.94,0.000,F,0.00,0.00,47.50000000,-122.50000000,E,7.922,43.306,137.270,-0.059,-0.093,-0.984,-0.003,-0.042,0.194,-15.746,1.162,47.555,-0.065,-0.100,-0.991,0.004,0.035,0.235,-1.71,5.82
54206,176.59,0.000,F,0.00,0.00,47.50000000,-122.50000000,E,7.220,42.911,137.109,0.006,-0.079,-0.992,0.000,-0.042,0.170,-16.421,0.760,47.392,-0.000,-0.086,-0.999,0.007,0.034,0.211,-1.62,5.76
54314,177.97,0.000,F,0.00,0.00,47.50000000,-122.50000000,E,7.103,42.268,137.416,-0.031,-0.112,-0.990,-0.002,-0.044,0.209,-16.533,0.107,47.699,-0.037,-0.120,-0.997,0.005,0.033,0.250,-1.52,5.81
54422,179.47,0.000,F,0.00,0.00,47.50000000,-122.50000000,E,7.015,41.479,136.671,-0.005,-0.111,-0.982,0.002,-0.041,0.242,-16.610,-0.705,46.935,-0.011,-0.118,-0.989,0.008,0.036,0.284,-1.40,5.91
54530,181.38,0.000,F,0.00,0.00,47.50000000,-122.50000000,E,6.562,41.084,136.831,-0.011,-0.100,-0.991,-0.001,-0.026,0.268,-17.047,-1.105,47.097,-0.018,-0.107,-0.999,0.005,0.051,0.309,-1.34,5.97
54635,183.51,0.000,F,0.00,0.00,47.50000000,-122.50000000,E,7.147,40.558,137.679,-0.051,-0.092,-0.991,0.000,-0.028,0.277,-16.485,-1.637,47.951,-0.057,-0.099,-0.998,0.007,0.049,0.318,-1.33,5.95
54743,185.66,0.000,F,0.00,0.00,47.50000000,-122.50000000,E,6.709,39.740,137.182,-0.046,-0.082,-0.989,0.001,-0.037,0.237,-16.902,-2.476,47.441,-0.052,-0.089,-0.997,0.007,0.039,0.278,-1.47,5.91
54851,187.52,0.000,F,0.00,0.00,47.50000000,-122.50000000,E,6.650,39.886,137.372,-0.087,-0.079,-0.989,-0.005,-0.035,0.181,-16.960,-2.324,47.636,-0.094,-0.086,-0.997,0.002,0.042,0.222,-1.71,5.85
54960,188.57,0.000,F,0.00,0.00,47.50000000,-122.50000000,E,7.074,39.433,137.489,-0.110,-0.131,-1.004,-0.008,-0.041,-0.033,-16.550,-2.788,47.748,-0.116,-0.138,-1.011,-0.002,0.035,0.008,-2.14,5.79
55068,188.48,0.000,F,0.00,0.00,47.50000000,-122.50000000,E,6.694,38.848,136.744,-0.004,-0.095,-1.001,-0.005,-0.072,-0.025,-16.910,-3.390,46.988,-0.010,-0.103,-1.008,0.001,0.005,0.016,-1.96,5.84
55176,188.41,0.000,F,0.00,0.00,47.50000000,-122.50000000,E,6.957,39.389,136.890,-0.057,-0.093,-0.990,-0.015,-0.073,-0.028,-16.659,-2.837,47.139,-0.064,-0.100,-0.997,-0.009,0.004,0.013,-1.88,5.88
55284,188.58,0.000,F,0.00,0.00,47.50000000,-122.50000000,E,6.928,39.170,136.977,-0.055,-0.107,-0.990,-0.004,-0.063,-0.028,-16.687,-3.060,47.227,-0.061,-0.114,-0.997,0.003,0.014,0.013,-1.82,5.88
55392,188.45,0.000,F,0.00,0.00,47.50000000,-122.50000000,E,7.074,39.141,137.153,-0.026,-0.041,-1.001,-0.014,-0.047,-0.031,-16.547,-3.089,47.404,-0.033,-0.048,-1.009,-0.007,0.030,0.010,-1.77,5.89
55495,188.33,0.000,F,0.00,0.00,47.50000000,-122.50000000,E,6.738,38.673,137.401,0.356,-0.199,-0.878,0.013,-0.017,0.063,-16.871,-3.563,47.654,0.350,-0.207,-0.886,0.019,0.060,0.104,-1.36,6.34
55610,189.71,0.000,F,0.00,0.00,47.50000000,-122.50000000,E,7.191,38.395,137.241,0.080,-0.108,-0.923,-0.006,-0.015,0.317,-16.432,-3.850,47.486,0.073,-0.115,-0.931,0.001,0.061,0.358,-0.94,6.51
55718,192.61,0.000,F,0.00,0.00,47.50000000,-122.50000000,E,6.548,37.884,137.445,-0.011,-0.103,-0.988,-0.010,-0.007,0.398,-17.051,-4.368,47.693,-0.018,-0.110,-0.996,-0.004,0.070,0.439,-0.97,6.37
55826,195.32,0.000,F,0.00,0.00,47.50000000,-122.50000000,E,6.840,36.773,137.051,-0.034,-0.122,-0.998,0.009,-0.041,0.358,-16.763,-5.507,47.280,-0.041,-0.129,-1.006,0.015,0.035,0.399,-1.20,6.35
55934,197.11,0.000,F,0.00,0.00,47.50000000,-122.50000000,E,6.752,36.203,137.094,-0.040,-0.117,-0.979,-0.001,-0.037,0.252,-16.846,-6.088,47.320,-0.047,-0.124,-0.987,0.005,0.040,0.293,-1.35,6.48
56043,198.81,0.000,F,0.00,0.00,47.50000000,-122.50000000,E,7.074,35.399,137.167,-0.024,-0.114,-0.991,-0.006,-0.033,0.207,-16.533,-6.910,47.385,-0.031,-0.121,-0.999,0.000,0.044,0.248,-1.36,6.50
56151,200.20,0.000,F,0.00,0.00,47.50000000,-122.50000000,E,7.205,35.165,137.051,-0.040,-0.105,-0.991,-0.005,-0.043,0.157,-16.404,-7.150,47.264,-0.046,-0.112,-0.999,0.001,0.034,0.198,-1.48,6.51
56259,201.41,0.000,F,0.00,0.00,47.50000000,-122.50000000,E,7.220,34.931,137.211,-0.032,-0.106,-0.992,-0.006,-0.043,0.141,-16.390,-7.388,47.425,-0.038,-0.114,-1.000,0.000,0.034,0.182,-1.52,6.48
56368,202.75,0.000,F,0.00,0.00,47.50000000,-122.50000000,E,7.308,34.420,136.612,-0.007,-0.104,-0.993,-0.004,-0.041,0.163,-16.300,-7.916,46.811,-0.014,-0.111,-1.000,0.003,0.035,0.204,-1.45,6.45
56477,204.33,0.000,F,0.00,0.00,47.50000000,-122.50000000,E,7.132,33.996,136.904,-0.006,-0.103,-0.992,-0.004,-0.035,0.220,-16.469,-8.345,47.105,-0.013,-0.110,-0.999,0.002,0.041,0.261,-1.31,6.42
56585,205.97,0.000,F,0.00,0.00,47.50000000,-122.50000000,E,7.220,32.944,136.671,-0.020,-0.105,-0.986,-0.003,-0.029,0.239,-16.379,-9.422,46.858,-0.027,-0.112,-0.993,0.003,0.047,0.280,-1.31,6.43
56690,207.80,0.000,F,0.00,0.00,47.50000000,-122.50000000,E,7.395,32.213,137.124,-0.059,-0.105,-0.986,-0.002,-0.035,0.222,-16.210,-10.165,47.311,-0.065,-0.112,-0.994,0.005,0.041,0.263,-1.39,6.41
56798,209.55,0.000,F,0.00,0.00,47.50000000,-122.50000000,E,7.659,32.140,137.197,-0.052,-0.098,-0.990,-0.006,-0.034,0.198,-15.956,-10.240,47.383,-0.058,-0.105,-0.997,0.000,0.043,0.239,-1.46,6.36
56906,210.67,0.000,F,0.00,0.00,47.50000000,-122.50000000,E,7.878,31.438,137.226,-0.130,-0.099,-0.984,-0.006,-0.060,0.061,-15.742,-10.957,47.405,-0.137,-0.106,-0.992,0.000,0.017,0.102,-1.77,6.32
57014,210.87,0.000,F,0.00,0.00,47.50000000,-122.50000000,E,7.892,31.599,137.255,-0.055,-0.099,-0.996,-0.016,-0.064,-0.029,-15.729,-10.793,47.436,-0.061,-0.107,-1.004,-0.010,0.013,0.012,-1.96,6.26
57123,210.99,0.000,F,0.00,0.00,47.50000000,-122.50000000,E,8.053,31.847,136.744,-0.031,-0.093,-0.965,-0.006,-0.072,-0.036,-15.572,-10.544,46.918,-0.038,-0.100,-0.973,-0.000,0.004,0.005,-1.90,6.26
57231,211.14,0.000,F,0.00,0.00,47.50000000,-122.50000000,E,8.258,31.774,136.334,-0.028,-0.110,-0.995,-0.021,-0.047,-0.029,-15.372,-10.623,46.500,-0.035,-0.117,-1.003,-0.014,0.030,0.012,-1.82,6.25
57339,211.72,0.000,F,0.00,0.00,47.50000000,-122.50000000,E,8.097,31.745,137.591,0.074,-0.098,-0.971,-0.007,-0.058,0.030,-15.533,-10.641,47.778,0.068,-0.105,-0.979,-0.001,0.019,0.071,-1.56,6.17
57448,213.95,0.000,F,0.00,0.00,47.50000000,-122.50000000,E,8.214,31.657,136.904,0.080,-0.089,-0.996,-0.004,-0.030,0.266,-15.417,-10.737,47.079,0.074,-0.097,-1.003,0.003,0.047,0.307,-0.94,6.00
57556,216.63,0.000,F,0.00,0.00,47.50000000,-122.50000000,E,7.936,31.687,137.065,0.069,-0.108,-1.006,0.009,-0.003,0.490,-15.686,-10.705,47.244,0.063,-0.115,-1.013,0.015,0.073,0.531,-0.50,6.08
57661,219.77,0.000,F,0.00,0.00,47.50000000,-122.50000000,E,9.164,29.524,136.378,-0.077,-0.115,-0.967,0.007,-0.007,0.517,-14.489,-12.925,46.520,-0.084,-0.122,-0.975,0.013,0.070,0.558,-0.68,6.17
57762,221.92,0.000,F,0.00,0.00,47.50000000,-122.50000000,E,9.573,28.164,136.831,-0.112,-0.113,-0.989,-0.002,-0.005,0.394,-14.091,-14.310,46.966,-0.119,-0.120,-0.996,0.004,0.072,0.435,-1.25,6.23
57870,224.13,0.000,F,0.00,0.00,47.50000000,-122.50000000,E,9.822,28.164,136.510,-0.050,-0.092,-0.989,-0.000,-0.027,0.274,-13.850,-14.314,46.638,-0.056,-0.099,-0.996,0.006,0.049,0.315,-1.53,6.17
57979,226.17,0.000,F,0.00,0.00,47.50000000,-122.50000000,E,10.304,27.419,136.641,-0.047,-0.087,-0.986,-0.004,-0.024,0.237,-13.382,-15.076,46.762,-0.054,-0.094,-0.994,0.003,0.053,0.278,-1.54,6.12
58087,228.21,0.000,F,0.00,0.00,47.50000000,-122.50000000,E,10.465,27.053,136.086,-0.043,-0.092,-0.992,-0.003,-0.041,0.200,-13.223,-15.455,46.194,-0.050,-0.099,-1.000,0.003,0.035,0.241,-1.52,5.99
58195,229.58,0.000,F,0.00,0.00,47.50000000,-122.50000000,E,11.020,26.396,136.013,-0.050,-0.101,-0.995,-0.006,-0.055,0.132,-12.684,-16.129,46.110,-0.057,-0.108,-1.003,0.000,0.022,0.174,-1.63,5.95
58303,231.22,0.000,F,0.00,0.00,47.50000000,-122.50000000,E,11.415,25.913,136.378,-0.024,-0.096,-0.990,-0.003,-0.050,0.136,-12.303,-16.620,46.475,-0.031,-0.103,-0.997,0.004,0.027,0.177,-1.50,5.90
58411,232.28,0.000,F,0.00,0.00,47.50000000,-122.50000000,E,11.488,26.118,135.998,-0.026,-0.104,-0.984,-0.007,-0.050,0.104,-12.231,-16.415,46.091,-0.033,-0.111,-0.992,-0.001,0.026,0.145,-1.59,5.93
58519,233.35,0.000,F,0.00,0.00,47.50000000,-122.50000000,E,11.327,26.293,135.341,-0.036,-0.107,-0.992,-0.006,-0.047,0.119,-12.384,-16.241,45.425,-0.042,-0.114,-0.999,0.001,0.030,0.160,-1.54,5.94
58623,234.43,0.000,F,0.00,0.00,47.50000000,-122.50000000,E,11.590,25.636,136.466,-0.008,-0.104,-0.995,-0.003,-0.046,0.132,-12.133,-16.904,46.561,-0.015,-0.111,-1.002,0.003,0.031,0.173,-1.52,5.96
58732,235.82,0.000,F,0.00,0.00,47.50000000,-122.50000000,E,11.795,25.504,135.721,-0.038,-0.110,-0.997,-0.007,-0.039,0.169,-11.931,-17.045,45.801,-0.045,-0.117,-1.004,-0.001,0.038,0.210,-1.46,5.98
58840,235.94,0.000,F,0.00,0.00,47.50000000,-122.50000000,E,12.643,25.066,136.057,-0.142,-0.132,-0.980,-0.011,-0.061,0.002,-11.114,-17.493,46.134,-0.149,-0.140,-0.988,-0.005,0.016,0.043,-1.91,6.01
58949,236.32,0.000,F,0.00,0.00,47.50000000,-122.50000000,E,12.613,25.110,135.735,-0.008,-0.112,-0.921,0.001,-0.068,-0.041,-11.140,-17.451,45.808,-0.014,-0.119,-0.929,0.007,0.008,0.001,-1.90,5.97
59057,236.69,0.000,F,0.00,0.00,47.50000000,-122.50000000,E,12.906,24.510,136.027,-0.004,-0.115,-1.005,-0.029,-0.027,-0.038,-10.857,-18.062,46.098,-0.011,-0.122,-1.012,-0.022,0.050,0.004,-1.78,5.95
59165,237.11,0.000,F,0.00,0.00,47.50000000,-122.50000000,E,12.803,24.890,136.451,-0.012,-0.102,-1.008,-0.013,-0.057,-0.033,-10.960,-17.670,46.533,-0.018,-0.109,-1.016,-0.007,0.019,0.008,-1.73,5.96
59274,237.31,0.000,F,0.00,0.00,47.50000000,-122.50000000,E,12.262,25.007,135.706,-0.045,-0.100,-0.988,-0.008,-0.072,-0.029,-11.478,-17.555,45.779,-0.051,-0.107,-0.995,-0.001,0.005,0.012,-1.72,5.99
59382,237.37,0.000,F,0.00,0.00,47.50000000,-122.50000000,E,12.248,25.285,135.750,-0.045,-0.104,-0.977,-0.013,-0.067,-0.029,-11.493,-17.271,45.826,-0.052,-0.111,-0.985,-0.006,0.010,0.012,-1.68,6.01
59490,237.80,0.000,F,0.00,0.00,47.50000000,-122.50000000,E,12.452,25.227,136.758,0.076,-0.104,-0.989,-0.015,-0.027,-0.025,-11.301,-17.322,46.850,0.070,-0.111,-0.997,-0.009,0.050,0.016,-1.51,5.95
59599,239.20,0.000,F,0.00,0.00,47.50000000,-122.50000000,E,12.204,25.095,135.823,0.027,-0.115,-0.996,-0.001,-0.038,0.215,-11.535,-17.464,45.899,0.020,-0.122,-1.003,0.006,0.038,0.256,-1.18,6.05
59703,241.73,0.000,F,0.00,0.00,47.50000000,-122.50000000,E,12.336,24.452,135.618,0.054,-0.111,-0.984,0.005,-0.020,0.358,-11.405,-18.123,45.685,0.048,-0.119,-0.991,0.011,0.057,0.399,-0.89,6.05
59811,244.93,0.000,F,0.00,0.00,47.50000000,-122.50000000,E,13.359,24.203,136.481,-0.026,-0.097,-0.982,0.002,-0.008,0.465,-10.422,-18.373,46.553,-0.032,-0.104,-0.990,0.009,0.069,0.506,-0.75,6.12
59919,248.29,0.000,F,0.00,0.00,47.50000000,-122.50000000,E,14.250,23.575,136.568,-0.037,-0.045,-0.983,-0.004,-0.004,0.476,-9.559,-19.017,46.632,-0.044,-0.052,-0.991,0.003,0.073,0.517,-0.84,5.96
60020,251.62,0.000,F,0.00,0.00,47.50000000,-122.50000000,E,15.025,23.604,136.159,-0.053,-0.089,-1.002,0.000,-0.012,0.484,-8.810,-18.994,46.212,-0.060,-0.096,-1.009,0.006,0.065,0.526,-0.90,5.78
60128,252.86,0.000,F,0.00,0.00,47.50000000,-122.50000000,E,16.428,22.567,135.662,-0.155,-0.121,-0.985,-0.002,-0.038,0.217,-7.449,-20.064,45.690,-0.162,-0.129,-0.992,0.004,0.038,0.259,-1.55,5.68
60236,252.45,0.000,F,0.00,0.00,47.50000000,-122.50000000,E,16.618,22.362,135.647,0.053,-0.136,-1.003,-0.013,0.016,-0.048,-7.265,-20.274,45.673,0.046,-0.144,-1.010,-0.006,0.093,-0.007,-1.94,5.68
60344,252.58,0.000,F,0.00,0.00,47.50000000,-122.50000000,E,16.823,22.128,135.092,-0.063,-0.106,-0.972,-0.000,-0.096,-0.025,-7.064,-20.518,45.105,-0.069,-0.114,-0.979,0.006,-0.020,0.016,-2.01,5.72
60452,253.14,0.000,F,0.00,0.00,47.50000000,-122.50000000,E,16.779,22.245,135.092,-0.018,-0.124,-0.928,-0.014,-0.058,0.021,-7.107,-20.399,45.106,-0.024,-0.132,-0.936,-0.008,0.018,0.062,-1.86,5.79
60560,254.23,0.000,F,0.00,0.00,47.50000000,-122.50000000,E,17.173,22.683,135.589,-0.005,-0.100,-1.013,-0.017,-0.031,0.058,-6.730,-19.948,45.613,-0.011,-0.108,-1.021,-0.011,0.046,0.099,-1.64,5.71
60665,255.63,0.000,F,0.00,0.00,47.50000000,-122.50000000,E,16.983,22.201,135.618,0.031,-0.112,-1.001,-0.004,-0.045,0.152,-6.912,-20.440,45.640,0.024,-0.119,-1.009,0.003,0.032,0.193,-1.40,5.81
60765,257.75,0.000,F,0.00,0.00,47.50000000,-122.50000000,E,17.656,22.420,136.217,-0.018,-0.104,-0.982,-0.003,-0.031,0.281,-6.267,-20.213,46.247,-0.024,-0.111,-0.990,0.003,0.046,0.322,-1.17,5.83
60873,259.65,0.000,F,0.00,0.00,47.50000000,-122.50000000,E,18.343,21.806,136.276,-0.036,-0.096,-0.989,-0.008,-0.024,0.275,-5.603,-20.842,46.297,-0.042,-0.103,-0.996,-0.002,0.053,0.316,-1.23,5.83
60981,261.31,0.000,F,0.00,0.00,47.50000000,-122.50000000,E,18.737,21.850,136.086,-0.052,-0.102,-0.988,-0.004,-0.037,0.226,-5.221,-20.800,46.102,-0.058,-0.109,-0.995,0.002,0.040,0.267,-1.32,5.84
61090,263.59,0.000,F,0.00,0.00,47.50000000,-122.50000000,E,20.155,21.456,136.042,0.002,-0.105,-0.979,0.006,-0.050,0.246,-3.851,-21.209,46.046,-0.005,-0.112,-0.986,0.012,0.027,0.288,-1.24,5.87
61198,266.66,0.000,F,0.00,0.00,47.50000000,-122.50000000,E,20.389,21.105,135.574,-0.044,-0.085,-0.949,0.003,-0.039,0.327,-3.622,-21.573,45.567,-0.051,-0.093,-0.957,0.009,0.038,0.369,-1.04,5.84
61306,268.73,0.000,F,0.00,0.00,47.50000000,-122.50000000,E,20.856,21.178,135.808,-0.041,-0.095,-0.990,-0.008,-0.021,0.293,-3.172,-21.498,45.802,-0.047,-0.102,-0.997,-0.001,0.056,0.334,-1.16,5.76
61414,270.62,0.000,F,0.00,0.00,47.50000000,-122.50000000,E,21.704,20.959,136.291,-0.047,-0.104,-0.981,0.001,-0.038,0.282,-2.356,-21.721,46.286,-0.053,-0.111,-0.988,0.007,0.039,0.323,-1.26,5.79
61522,272.56,0.000,F,0.00,0.00,47.50000000,-122.50000000,E,22.508,21.134,135.326,-0.038,-0.114,-0.981,-0.008,-0.026,0.292,-1.576,-21.553,45.303,-0.044,-0.121,-0.989,-0.002,0.051,0.333,-1.29,5.85
61636,274.99,0.000,F,0.00,0.00,47.50000000,-122.50000000,E,22.742,20.608,135.735,-0.044,-0.083,-0.990,0.005,-0.037,0.320,-1.351,-22.088,45.713,-0.050,-0.090,-0.997,0.011,0.039,0.361,-1.26,5.80
61744,276.71,0.000,F,0.00,0.00,47.50000000,-122.50000000,E,23.867,20.608,136.071,-0.060,-0.077,-0.993,-0.006,-0.032,0.255,-0.267,-22.089,46.048,-0.067,-0.084,-1.000,0.000,0.045,0.296,-1.47,5.68
61852,278.19,0.000,F,0.00,0.00,47.50000000,-122.50000000,E,23.970,20.520,135.998,-0.047,-0.081,-0.998,-0.014,-0.025,0.193,-0.167,-22.180,45.973,-0.053,-0.088,-1.005,-0.008,0.052,0.234,-1.58,5.59
61960,279.91,0.000,F,0.00,0.00,47.50000000,-122.50000000,E,24.686,20.520,135.911,-0.009,-0.097,-0.992,-0.003,-0.048,0.187,0.524,-22.183,45.880,-0.015,-0.104,-0.999,0.003,0.029,0.228,-1.50,5.60
62068,281.99,0.000,F,0.00,0.00,47.50000000,-122.50000000,E,25.460,20.827,135.662,-0.007,-0.096,-0.992,-0.004,-0.036,0.234,1.272,-21.875,45.626,-0.013,-0.103,-0.999,0.003,0.041,0.275,-1.38,5.61
62176,284.34,0.000,F,0.00,0.00,47.50000000,-122.50000000,E,25.343,20.798,135.107,-0.006,-0.094,-0.995,-0.005,-0.030,0.286,1.162,-21.910,45.062,-0.013,-0.101,-1.003,0.002,0.047,0.327,-1.21,5.58
62280,287.00,0.000,F,0.00,0.00,47.50000000,-122.50000000,E,26.849,20.608,136.130,-0.033,-0.083,-1.014,-0.009,-0.025,0.315,2.610,-22.100,46.091,-0.040,-0.090,-1.021,-0.002,0.052,0.357,-1.10,5.49
62389,288.36,0.000,F,0.00,0.00,47.50000000,-122.50000000,E,27.317,20.579,135.940,-0.096,-0.082,-0.997,-0.004,-0.032,0.242,3.062,-22.134,45.896,-0.102,-0.089,-1.004,0.002,0.045,0.283,-1.46,5.41
62497,289.59,0.000,F,0.00,0.00,47.50000000,-122.50000000,E,28.384,20.988,135.706,-0.039,-0.095,-0.991,-0.003,-0.044,0.177,4.091,-21.722,45.656,-0.046,-0.102,-0.998,0.004,0.033,0.218,-1.64,5.37
62605,291.13,0.000,F,0.00,0.00,47.50000000,-122.50000000,E,28.588,20.769,136.232,-0.020,-0.106,-0.973,0.001,-0.050,0.174,4.286,-21.942,46.187,-0.026,-0.113,-0.981,0.007,0.026,0.215,-1.64,5.43
62709,292.73,0.000,F,0.00,0.00,47.50000000,-122.50000000,E,29.202,21.061,136.247,-0.041,-0.100,-0.979,-0.007,-0.038,0.198,4.878,-21.646,46.202,-0.047,-0.107,-0.986,-0.001,0.039,0.239,-1.62,5.49
62817,294.67,0.000,F,0.00,0.00,47.50000000,-122.50000000,E,29.407,21.704,135.311,-0.028,-0.111,-0.999,-0.009,-0.034,0.228,5.078,-20.998,45.255,-0.035,-0.118,-1.006,-0.002,0.043,0.269,-1.56,5.55
62925,296.45,0.000,F,0.00,0.00,47.50000000,-122.50000000,E,30.020,21.909,136.597,-0.060,-0.099,-0.991,-0.002,-0.043,0.239,5.662,-20.780,46.561,-0.067,-0.106,-0.998,0.004,0.034,0.280,-1.62,5.61
63033,297.68,0.000,F,0.00,0.00,47.50000000,-122.50000000,E,30.737,21.353,135.925,-0.050,-0.093,-0.987,-0.002,-0.044,0.196,6.359,-21.356,45.869,-0.056,-0.101,-0.995,0.004,0.033,0.237,-1.82,5.58
63141,299.62,0.000,F,0.00,0.00,47.50000000,-122.50000000,E,31.497,22.318,136.378,-0.007,-0.084,-0.989,-0.005,-0.033,0.205,7.086,-20.370,46.334,-0.014,-0.091,-0.996,0.001,0.044,0.246,-1.75,5.55
63241,301.54,0.000,F,0.00,0.00,47.50000000,-122.50000000,E,31.321,22.274,135.940,-0.002,-0.094,-0.993,-0.001,-0.041,0.215,6.919,-20.418,45.889,-0.008,-0.101,-1.000,0.006,0.035,0.256,-1.66,5.53
63349,303.52,0.000,F,0.00,0.00,47.50000000,-122.50000000,E,31.979,22.011,135.998,-0.026,-0.089,-0.995,-0.003,-0.036,0.231,7.554,-20.689,45.942,-0.033,-0.097,-1.003,0.003,0.041,0.272,-1.58,5.48
63458,305.61,0.000,F,0.00,0.00,47.50000000,-122.50000000,E,33.017,22.362,136.232,-0.019,-0.098,-0.990,0.001,-0.034,0.241,8.553,-20.333,46.177,-0.025,-0.106,-0.998,0.007,0.042,0.283,-1.55,5.49
63558,307.45,0.000,F,0.00,0.00,47.50000000,-122.50000000,E,33.192,22.318,136.057,-0.049,-0.094,-0.995,-0.001,-0.041,0.250,8.723,-20.380,45.998,-0.056,-0.101,-1.003,0.005,0.036,0.291,-1.57,5.54
63663,308.80,0.000,F,0.00,0.00,47.50000000,-122.50000000,E,33.587,22.493,135.691,-0.066,-0.095,-0.992,-0.004,-0.037,0.222,9.105,-20.205,45.626,-0.073,-0.102,-0.999,0.002,0.040,0.264,-1.75,5.52
63772,310.37,0.000,F,0.00,0.00,47.50000000,-122.50000000,E,34.449,23.020,136.349,-0.040,-0.089,-0.991,-0.001,-0.043,0.195,9.932,-19.666,46.294,-0.047,-0.096,-0.998,0.006,0.033,0.236,-1.87,5.51
63880,312.17,0.000,F,0.00,0.00,47.50000000,-122.50000000,E,35.267,23.268,136.027,-0.034,-0.090,-0.990,-0.003,-0.040,0.211,10.722,-19.418,45.965,-0.041,-0.097,-0.997,0.003,0.037,0.252,-1.81,5.50
63988,314.19,0.000,F,0.00,0.00,47.50000000,-122.50000000,E,34.741,24.101,135.969,-0.033,-0.085,-0.997,-0.001,-0.034,0.234,10.211,-18.566,45.916,-0.040,-0.092,-1.004,0.005,0.042,0.275,-1.75,5.50
64096,316.27,0.000,F,0.00,0.00,47.50000000,-122.50000000,E,35.852,24.335,135.881,-0.032,-0.092,-0.990,-0.001,-0.033,0.262,11.283,-18.332,45.823,-0.038,-0.099,-0.997,0.006,0.044,0.303,-1.69,5.50
64204,318.58,0.000,F,0.00,0.00,47.50000000,-122.50000000,E,36.393,24.847,135.691,-0.035,-0.094,-0.989,0.001,-0.031,0.280,11.803,-17.813,45.632,-0.042,-0.101,-0.996,0.007,0.046,0.321,-1.63,5.49
64312,320.76,0.000,F,0.00,0.00,47.50000000,-122.50000000,E,36.568,25.051,135.940,-0.028,-0.096,-0.992,0.001,-0.038,0.270,11.970,-17.603,45.885,-0.034,-0.104,-0.999,0.007,0.039,0.312,-1.63,5.49
64420,322.51,0.000,F,0.00,0.00,47.50000000,-122.50000000,E,37.007,25.270,135.501,-0.062,-0.082,-0.992,-0.002,-0.035,0.249,12.395,-17.385,45.439,-0.068,-0.089,-0.999,0.004,0.042,0.290,-1.75,5.45
64523,323.66,0.000,F,0.00,0.00,47.50000000,-122.50000000,E,37.548,25.650,135.925,-0.072,-0.085,-0.987,-0.002,-0.042,0.184,12.913,-16.995,45.870,-0.078,-0.093,-0.995,0.004,0.035,0.225,-1.98,5.39
64631,324.83,0.000,F,0.00,0.00,47.50000000,-122.50000000,E,38.293,25.709,136.174,-0.056,-0.093,-0.996,-0.006,-0.042,0.138,13.631,-16.936,46.119,-0.063,-0.100,-1.004,0.000,0.034,0.179,-2.11,5.36
64731,325.89,0.000,F,0.00,0.00,47.50000000,-122.50000000,E,38.161,25.475,136.510,-0.028,-0.090,-0.989,-0.006,-0.049,0.120,13.503,-17.171,46.459,-0.035,-0.098,-0.997,-0.000,0.027,0.162,-2.13,5.36
64839,327.64,0.000,F,0.00,0.00,47.50000000,-122.50000000,E,38.936,26.323,136.130,-0.021,-0.097,-0.988,-0.004,-0.042,0.161,14.249,-16.312,46.076,-0.027,-0.104,-0.995,0.002,0.035,0.202,-2.01,5.40
64947,329.62,0.000,F,0.00,0.00,47.50000000,-122.50000000,E,39.243,26.469,136.495,-0.036,-0.096,-0.994,-0.003,-0.037,0.201,14.542,-16.161,46.447,-0.043,-0.104,-1.001,0.004,0.040,0.242,-1.89,5.41
65055,331.54,0.000,F,0.00,0.00,47.50000000,-122.50000000,E,39.462,26.586,136.524,-0.051,-0.090,-0.990,-0.002,-0.033,0.225,14.753,-16.042,46.477,-0.058,-0.097,-0.997,0.004,0.044,0.266,-1.85,5.43
65163,333.56,0.000,F,0.00,0.00,47.50000000,-122.50000000,E,39.535,28.062,137.021,-0.031,-0.090,-0.989,-0.001,-0.035,0.231,14.815,-14.530,46.995,-0.038,-0.097,-0.997,0.005,0.042,0.272,-1.81,5.43
65271,335.55,0.000,F,0.00,0.00,47.50000000,-122.50000000,E,40.631,28.223,136.919,-0.041,-0.087,-0.991,-0.004,-0.033,0.228,15.873,-14.372,46.886,-0.048,-0.094,-0.998,0.002,0.043,0.269,-1.76,5.38
65379,336.75,0.000,F,0.00,0.00,47.50000000,-122.50000000,E,40.061,28.310,136.744,-0.091,-0.075,-0.994,-0.005,-0.038,0.148,15.323,-14.281,46.712,-0.098,-0.082,-1.002,0.002,0.039,0.190,-2.01,5.32
65489,337.81,0.000,F,0.00,0.00,47.50000000,-122.50000000,E,40.573,28.968,137.270,-0.028,-0.092,-0.998,-0.009,-0.046,0.096,15.812,-13.607,47.250,-0.035,-0.099,-1.006,-0.002,0.031,0.137,-2.02,5.30
65598,339.28,0.000,F,0.00,0.00,47.50000000,-122.50000000,E,40.894,28.924,136.890,-0.043,-0.084,-0.987,-0.003,-0.051,0.118,16.124,-13.656,46.861,-0.050,-0.091,-0.995,0.003,0.026,0.159,-1.93,5.31
65703,339.11,0.000,F,0.00,0.00,47.50000000,-122.50000000,E,41.158,29.450,136.057,-0.075,-0.120,-0.952,-0.010,-0.056,-0.056,16.380,-13.128,46.018,-0.082,-0.128,-0.960,-0.004,0.021,-0.015,-2.48,5.20
65811,339.57,0.000,F,0.00,0.00,47.50000000,-122.50000000,E,40.675,29.231,136.364,-0.030,-0.105,-0.984,-0.022,-0.065,-0.034,15.914,-13.347,46.331,-0.037,-0.112,-0.992,-0.016,0.011,0.007,-2.34,5.17
65919,340.06,0.000,F,0.00,0.00,47.50000000,-122.50000000,E,41.041,29.465,136.232,-0.048,-0.107,-1.015,-0.011,-0.070,-0.030,16.267,-13.111,46.197,-0.055,-0.114,-1.022,-0.005,0.007,0.011,-2.26,5.20
66027,340.43,0.000,F,0.00,0.00,47.50000000,-122.50000000,E,41.158,28.895,136.451,-0.041,-0.100,-0.983,-0.008,-0.066,-0.030,16.380,-13.691,46.414,-0.048,-0.107,-0.990,-0.002,0.010,0.011,-2.22,5.23
66135,340.75,0.000,F,0.00,0.00,47.50000000,-122.50000000,E,41.216,28.822,137.255,-0.033,-0.097,-0.988,-0.013,-0.056,-0.033,16.433,-13.759,47.230,-0.039,-0.104,-0.996,-0.007,0.020,0.008,-2.17,5.26
66243,341.06,0.000,F,0.00,0.00,47.50000000,-122.50000000,E,41.245,28.968,136.671,-0.023,-0.091,-0.999,-0.010,-0.056,-0.037,16.463,-13.615,46.637,-0.029,-0.098,-1.006,-0.004,0.021,0.004,-2.12,5.27
66351,341.20,0.000,F,0.00,0.00,47.50000000,-122.50000000,E,40.339,29.158,136.378,-0.032,-0.095,-0.997,-0.013,-0.058,-0.027,15.590,-13.420,46.347,-0.039,-0.102,-1.004,-0.006,0.019,0.014,-2.09,5.30
66460,341.38,0.000,F,0.00,0.00,47.50000000,-122.50000000,E,40.851,29.144,136.773,-0.029,-0.098,-0.984,-0.021,-0.058,-0.025,16.082,-13.433,46.745,-0.035,-0.106,-0.992,-0.015,0.019,0.016,-2.03,5.31
66569,341.72,0.000,F,0.00,0.00,47.50000000,-122.50000000,E,40.968,28.954,136.787,0.065,-0.091,-1.011,-0.003,-0.047,0.013,16.195,-13.628,46.757,0.059,-0.098,-1.018,0.004,0.030,0.054,-1.87,5.25
66674,342.89,0.000,F,0.00,0.00,47.50000000,-122.50000000,E,40.909,28.910,137.284,0.022,-0.086,-0.991,-0.006,-0.032,0.124,16.136,-13.668,47.262,0.016,-0.093,-0.999,0.000,0.045,0.165,-1.61,5.27
66782,344.64,0.000,F,0.00,0.00,47.50000000,-122.50000000,E,40.763,29.421,136.101,-0.054,-0.075,-0.993,-0.001,-0.035,0.262,15.999,-13.155,46.064,-0.060,-0.082,-1.000,0.005,0.042,0.303,-1.35,5.23
66886,346.31,0.000,F,0.00,0.00,47.50000000,-122.50000000,E,41.289,29.743,136.875,-0.043,-0.089,-0.989,0.002,-0.035,0.254,16.502,-12.822,46.852,-0.050,-0.096,-0.996,0.009,0.041,0.295,-1.42,5.22
66994,348.21,0.000,F,0.00,0.00,47.50000000,-122.50000000,E,41.158,30.298,136.714,0.001,-0.086,-0.998,-0.002,-0.021,0.292,16.373,-12.256,46.694,-0.006,-0.093,-1.006,0.004,0.056,0.333,-1.35,5.23
67102,350.71,0.000,F,0.00,0.00,47.50000000,-122.50000000,E,42.005,31.467,137.357,0.007,-0.079,-0.996,0.004,-0.023,0.332,17.183,-11.060,47.353,0.001,-0.086,-1.003,0.010,0.054,0.373,-1.20,5.26
67210,353.09,0.000,F,0.00,0.00,47.50000000,-122.50000000,E,42.444,31.833,136.729,-0.060,-0.102,-0.990,-0.002,-0.024,0.318,17.608,-10.694,46.715,-0.066,-0.109,-0.998,0.005,0.053,0.359,-1.25,5.26
67313,355.47,0.000,F,0.00,0.00,47.50000000,-122.50000000,E,42.181,32.520,137.460,-0.012,-0.094,-0.997,-0.003,-0.026,0.302,17.348,-9.985,47.466,-0.018,-0.101,-1.004,0.003,0.051,0.343,-1.20,5.31
67421,357.74,0.000,F,0.00,0.00,47.50000000,-122.50000000,E,42.546,32.666,136.890,-0.033,-0.092,-0.993,-0.001,-0.026,0.303,17.703,-9.842,46.886,-0.040,-0.099,-1.000,0.006,0.050,0.344,-1.15,5.35
67529,359.95,0.000,F,0.00,0.00,47.50000000,-122.50000000,E,42.707,34.084,137.094,-0.057,-0.080,-0.996,0.003,-0.033,0.292,17.851,-8.393,47.105,-0.064,-0.087,-1.004,0.009,0.044,0.333,-1.20,5.34
67637,1.68,0.000,F,0.00,0.00,47.50000000,-122.50000000,E,42.429,34.975,136.890,-0.071,-0.086,-0.993,-0.004,-0.038,0.221,17.581,-7.484,46.907,-0.077,-0.093,-1.001,0.003,0.039,0.262,-1.44,5.33
67746,3.42,0.000,F,0.00,0.00,47.50000000,-122.50000000,E,42.546,35.370,137.562,-0.038,-0.093,-0.993,-0.010,-0.038,0.171,17.689,-7.075,47.593,-0.044,-0.100,-1.000,-0.004,0.038,0.212,-1.50,5.35
67854,4.87,0.000,F,0.00,0.00,47.50000000,-122.50000000,E,43.306,35.077,137.299,-0.020,-0.087,-0.994,-0.008,-0.038,0.165,18.424,-7.379,47.319,-0.027,-0.094,-1.001,-0.002,0.039,0.206,-1.49,5.33
67962,6.42,0.000,F,0.00,0.00,47.50000000,-122.50000000,E,42.795,36.349,137.255,-0.030,-0.085,-0.991,-0.004,-0.044,0.188,17.926,-6.079,47.288,-0.037,-0.092,-0.998,0.002,0.033,0.229,-1.42,5.32
68070,8.24,0.000,F,0.00,0.00,47.50000000,-122.50000000,E,42.897,36.729,137.226,-0.032,-0.085,-0.994,-0.005,-0.036,0.218,18.024,-5.691,47.261,-0.039,-0.092,-1.002,0.001,0.041,0.260,-1.34,5.29
68178,10.03,0.000,F,0.00,0.00,47.50000000,-122.50000000,E,42.824,37.021,137.226,-0.039,-0.084,-0.989,-0.005,-0.043,0.219,17.952,-5.393,47.264,-0.046,-0.091,-0.997,0.001,0.034,0.260,-1.34,5.27
68286,11.77,0.000,F,0.00,0.00,47.50000000,-122.50000000,E,43.233,37.606,137.109,-0.036,-0.088,-0.994,-0.007,-0.039,0.193,18.345,-4.798,47.149,-0.043,-0.095,-1.001,-0.001,0.038,0.235,-1.39,5.24
68394,13.63,0.000,F,0.00,0.00,47.50000000,-122.50000000,E,42.561,38.585,137.416,-0.011,-0.083,-0.997,-0.006,-0.034,0.214,17.691,-3.793,47.473,-0.017,-0.091,-1.004,-0.000,0.043,0.255,-1.30,5.21
68502,15.52,0.000,F,0.00,0.00,47.50000000,-122.50000000,E,43.043,38.600,137.431,-0.039,-0.082,-0.998,-0.003,-0.041,0.216,18.156,-3.780,47.485,-0.046,-0.089,-1.005,0.004,0.036,0.257,-1.27,5.20
68610,17.39,0.000,F,0.00,0.00,47.50000000,-122.50000000,E,42.546,38.965,137.314,-0.025,-0.090,-0.991,-0.006,-0.032,0.215,17.676,-3.406,47.372,-0.032,-0.097,-0.999,0.000,0.045,0.256,-1.25,5.22
68715,19.30,0.000,F,0.00,0.00,47.50000000,-122.50000000,E,42.853,39.652,136.948,-0.031,-0.095,-0.968,-0.006,-0.052,0.169,17.971,-2.709,47.006,-0.037,-0.102,-0.976,0.000,0.025,0.211,-1.31,5.30
68823,20.83,0.000,F,0.00,0.00,47.50000000,-122.50000000,E,42.692,40.851,136.656,0.013,-0.097,-0.995,-0.010,-0.040,0.153,17.813,-1.487,46.720,0.007,-0.104,-1.003,-0.004,0.037,0.194,-1.22,5.33
68931,22.48,0.000,F,0.00,0.00,47.50000000,-122.50000000,E,42.312,40.778,136.992,-0.010,-0.083,-0.995,-0.004,-0.034,0.200,17.445,-1.557,47.063,-0.016,-0.090,-1.002,0.003,0.043,0.241,-1.02,5.31
69039,24.04,0.000,F,0.00,0.00,47.50000000,-122.50000000,E,42.283,40.675,137.241,-0.031,-0.073,-1.013,-0.003,-0.078,0.214,17.416,-1.659,47.315,-0.038,-0.080,-1.021,0.003,-0.001,0.255,-1.07,5.25
69147,25.45,0.000,F,0.00,0.00,47.50000000,-122.50000000,E,42.546,41.421,137.591,-0.037,-0.063,-0.990,0.002,-0.051,0.213,17.665,-0.896,47.676,-0.043,-0.070,-0.998,0.008,0.025,0.254,-1.20,5.14
69255,27.27,0.000,F,0.00,0.00,47.50000000,-122.50000000,E,41.757,42.049,137.767,-0.005,-0.096,-0.994,-0.010,-0.035,0.203,16.900,-0.249,47.865,-0.012,-0.104,-1.002,-0.004,0.042,0.244,-1.15,5.15
69363,29.16,0.000,F,0.00,0.00,47.50000000,-122.50000000,E,42.707,42.707,137.080,-0.021,-0.096,-1.002,-0.004,-0.037,0.213,17.818,0.412,47.167,-0.028,-0.103,-1.009,0.002,0.040,0.255,-1.06,5.19
69472,31.17,0.000,F,0.00,0.00,47.50000000,-122.50000000,E,42.166,43.365,137.504,-0.018,-0.097,-0.996,-0.005,-0.039,0.210,17.291,1.090,47.607,-0.025,-0.104,-1.004,0.001,0.038,0.251,-1.00,5.26
69581,33.13,0.000,F,0.00,0.00,47.50000000,-122.50000000,E,41.815,43.555,138.044,-0.010,-0.097,-0.987,-0.006,-0.038,0.187,16.949,1.290,48.160,-0.017,-0.104,-0.995,0.000,0.038,0.228,-0.97,5.33
69703,35.32,0.000,F,0.00,0.00,47.50000000,-122.50000000,E,41.596,44.490,136.934,-0.010,-0.090,-0.997,-0.009,-0.038,0.197,16.740,2.236,47.041,-0.017,-0.097,-1.005,-0.003,0.038,0.239,-0.86,5.31
69812,37.15,0.000,F,0.00,0.00,47.50000000,-122.50000000,E,41.318,45.104,138.001,-0.020,-0.079,-0.996,0.001,-0.037,0.255,16.464,2.874,48.132,-0.026,-0.086,-1.003,0.007,0.040,0.296,-0.78,5.28
69921,39.23,0.000,F,0.00,0.00,47.50000000,-122.50000000,E,41.231,45.148,137.884,-0.028,-0.078,-0.991,0.003,-0.037,0.261,16.379,2.918,48.014,-0.035,-0.085,-0.999,0.010,0.039,0.303,-0.83,5.25
70029,41.37,0.000,F,0.00,0.00,47.50000000,-122.50000000,E,40.237,45.966,137.007,-0.039,-0.089,-0.980,-0.001,-0.045,0.232,15.422,3.750,47.135,-0.045,-0.097,-0.987,0.005,0.032,0.273,-0.93,5.25
70137,43.40,0.000,F,0.00,0.00,47.50000000,-122.50000000,E,40.909,46.273,137.504,-0.017,-0.089,-0.978,-0.009,-0.034,0.189,16.067,4.065,47.639,-0.024,-0.096,-0.986,-0.003,0.043,0.230,-0.98,5.29
70245,45.14,0.000,F,0.00,0.00,47.50000000,-122.50000000,E,39.813,46.755,137.869,-0.005,-0.084,-0.993,-0.007,-0.033,0.220,15.005,4.565,48.021,-0.012,-0.092,-1.000,-0.001,0.043,0.261,-0.90,5.28
70353,47.03,0.000,F,0.00,0.00,47.50000000,-122.50000000,E,39.915,46.872,137.869,-0.033,-0.085,-0.993,-0.005,-0.038,0.207,15.104,4.684,48.022,-0.040,-0.092,-1.000,0.001,0.038,0.248,-0.91,5.28
70461,48.85,0.000,F,0.00,0.00,47.50000000,-122.50000000,E,39.711,47.691,137.767,-0.036,-0.087,-0.996,-0.007,-0.045,0.164,14.904,5.519,47.926,-0.043,-0.094,-1.003,-0.000,0.032,0.205,-1.01,5.26
70569,50.38,0.000,F,0.00,0.00,47.50000000,-122.50000000,E,39.418,47.822,138.001,-0.032,-0.083,-0.986,-0.009,-0.046,0.145,14.620,5.657,48.166,-0.039,-0.090,-0.994,-0.003,0.031,0.187,-1.06,5.25
70677,51.72,0.000,F,0.00,0.00,47.50000000,-122.50000000,E,38.951,47.574,137.942,-0.033,-0.087,-0.986,-0.010,-0.050,0.116,14.170,5.405,48.107,-0.040,-0.094,-0.993,-0.004,0.027,0.157,-1.11,5.23
70783,53.06,0.000,F,0.00,0.00,47.50000000,-122.50000000,E,38.775,48.392,137.840,-0.018,-0.097,-0.989,-0.008,-0.048,0.104,13.998,6.240,48.012,-0.025,-0.104,-0.997,-0.001,0.029,0.145,-1.11,5.27
70891,54.30,0.000,F,0.00,0.00,47.50000000,-122.50000000,E,38.731,48.918,138.322,-0.039,-0.086,-0.998,-0.012,-0.047,0.085,13.951,6.782,48.507,-0.045,-0.093,-1.006,-0.006,0.030,0.126,-1.18,5.25
70999,55.29,0.000,F,0.00,0.00,47.50000000,-122.50000000,E,38.249,49.094,137.708,0.012,-0.104,-0.985,-0.011,-0.048,0.089,13.488,6.957,47.887,0.005,-0.111,-0.992,-0.004,0.029,0.130,-1.11,5.26
71107,56.46,0.000,F,0.00,0.00,47.50000000,-122.50000000,E,38.249,48.787,138.527,-0.018,-0.091,-0.988,-0.009,-0.047,0.126,13.485,6.651,48.716,-0.024,-0.098,-0.996,-0.003,0.030,0.167,-1.02,5.29
71215,57.67,0.000,F,0.00,0.00,47.50000000,-122.50000000,E,38.074,49.956,138.308,-0.020,-0.092,-0.996,-0.013,-0.037,0.147,13.313,7.844,48.505,-0.026,-0.099,-1.004,-0.006,0.040,0.188,-0.96,5.26
71323,59.71,0.000,F,0.00,0.00,47.50000000,-122.50000000,E,38.234,49.737,137.664,-0.206,-0.057,-0.988,0.002,-0.076,0.062,13.472,7.614,47.848,-0.213,-0.065,-0.995,0.008,0.001,0.103,-1.33,5.32
71431,60.26,0.000,F,0.00,0.00,47.50000000,-122.50000000,E,37.840,50.058,138.395,-0.044,-0.121,-0.927,-0.006,-0.079,-0.029,13.086,7.950,48.596,-0.051,-0.128,-0.935,0.000,-0.002,0.013,-1.56,5.43
71540,60.33,0.000,F,0.00,0.00,47.50000000,-122.50000000,E,38.044,49.386,137.825,-0.041,-0.097,-1.016,0.006,-0.106,-0.026,13.289,7.258,48.010,-0.047,-0.104,-1.024,0.012,-0.029,0.015,-1.47,5.40
71649,60.24,0.000,F,0.00,0.00,47.50000000,-122.50000000,E,38.454,49.050,137.752,-0.028,-0.089,-0.984,0.005,-0.095,-0.028,13.686,6.912,47.930,-0.035,-0.096,-0.991,0.012,-0.018,0.013,-1.45,5.41
71754,60.28,0.000,F,0.00,0.00,47.50000000,-122.50000000,E,38.147,49.591,138.541,0.045,-0.072,-0.998,-0.007,-0.058,-0.032,13.383,7.473,48.739,0.039,-0.079,-1.006,-0.001,0.018,0.009,-1.42,5.39
71862,60.92,0.000,F,0.00,0.00,47.50000000,-122.50000000,E,38.278,49.810,138.439,-0.037,-0.105,-0.849,-0.037,0.012,-0.011,13.510,7.695,48.636,-0.044,-0.112,-0.857,-0.031,0.088,0.030,-1.58,5.78
71970,61.34,0.000,F,0.00,0.00,47.50000000,-122.50000000,E,37.460,50.775,136.875,-0.039,-0.093,-0.836,0.018,-0.091,0.196,12.725,8.670,47.060,-0.046,-0.100,-0.844,0.024,-0.014,0.237,-1.42,6.03
72079,62.56,0.000,F,0.00,0.00,47.50000000,-122.50000000,E,37.343,50.409,137.781,0.057,-0.081,-0.982,-0.017,-0.018,0.254,12.609,8.305,47.978,0.050,-0.088,-0.990,-0.011,0.059,0.295,-1.06,5.92
72187,64.52,0.000,F,0.00,0.00,47.50000000,-122.50000000,E,37.124,51.008,137.708,-0.036,-0.075,-1.021,-0.013,-0.022,0.286,12.395,8.917,47.910,-0.042,-0.083,-1.028,-0.006,0.054,0.327,-1.02,5.79
72295,66.39,0.000,F,0.00,0.00,47.50000000,-122.50000000,E,36.861,50.979,137.518,-0.035,-0.075,-0.989,0.001,-0.046,0.253,12.142,8.887,47.718,-0.041,-0.082,-0.997,0.007,0.030,0.294,-1.07,5.67
72403,68.33,0.000,F,0.00,0.00,47.50000000,-122.50000000,E,36.305,51.666,138.775,-0.025,-0.089,-0.977,-0.001,-0.041,0.213,11.597,9.601,49.005,-0.031,-0.096,-0.984,0.005,0.036,0.254,-1.21,5.63
72511,70.16,0.000,F,0.00,0.00,47.50000000,-122.50000000,E,35.867,52.032,138.351,-0.019,-0.092,-1.007,-0.007,-0.035,0.204,11.175,9.972,48.580,-0.026,-0.099,-1.014,-0.001,0.042,0.245,-1.24,5.61
72620,71.61,0.000,F,0.00,0.00,47.50000000,-122.50000000,E,35.355,51.462,137.752,-0.006,-0.078,-0.995,-0.004,-0.035,0.254,10.687,9.387,47.968,-0.012,-0.085,-1.003,0.003,0.041,0.295,-1.10,5.53
72725,73.29,0.000,F,0.00,0.00,47.50000000,-122.50000000,E,34.756,52.514,137.781,-0.013,-0.081,-0.985,-0.004,-0.035,0.273,10.104,10.464,48.011,-0.020,-0.088,-0.992,0.003,0.042,0.314,-1.00,5.46
72833,75.27,0.000,F,0.00,0.00,47.50000000,-122.50000000,E,34.391,52.499,138.658,-0.019,-0.086,-0.995,-0.008,-0.027,0.262,9.747,10.459,48.904,-0.025,-0.093,-1.002,-0.002,0.049,0.303,-0.96,5.41
72941,77.40,0.000,F,0.00,0.00,47.50000000,-122.50000000,E,33.543,53.186,138.001,-0.037,-0.077,-1.000,-0.008,-0.036,0.236,8.930,11.157,48.246,-0.043,-0.085,-1.007,-0.002,0.041,0.277,-1.03,5.37
73049,79.38,0.000,F,0.00,0.00,47.50000000,-122.50000000,E,33.528,53.391,138.410,-0.046,-0.086,-0.989,-0.003,-0.041,0.213,8.913,11.370,48.664,-0.052,-0.093,-0.996,0.003,0.035,0.254,-1.12,5.34
73158,81.07,0.000,F,0.00,0.00,47.50000000,-122.50000000,E,32.184,53.493,138.059,-0.001,-0.088,-0.988,-0.002,-0.033,0.248,7.617,11.477,48.316,-0.008,-0.096,-0.995,0.005,0.044,0.289,-1.00,5.32
73266,82.92,0.000,F,0.00,0.00,47.50000000,-122.50000000,E,31.540,53.785,138.644,-0.007,-0.083,-0.992,-0.004,-0.022,0.315,6.993,11.783,48.916,-0.014,-0.090,-0.999,0.003,0.055,0.356,-0.84,5.31
73374,85.18,0.000,F,0.00,0.00,47.50000000,-122.50000000,E,31.073,54.078,137.664,-0.003,-0.075,-0.999,-0.003,-0.023,0.356,6.546,12.075,47.926,-0.009,-0.082,-1.006,0.003,0.054,0.397,-0.72,5.25
73482,87.65,0.000,F,0.00,0.00,47.50000000,-122.50000000,E,30.108,54.341,138.118,-0.013,-0.080,-0.991,0.001,-0.036,0.378,5.611,12.351,48.394,-0.020,-0.087,-0.999,0.008,0.041,0.419,-0.64,5.23
73590,90.56,0.000,F,0.00,0.00,47.50000000,-122.50000000,E,30.254,54.706,138.454,-0.048,-0.087,-0.990,-0.001,-0.030,0.332,5.749,12.727,48.738,-0.055,-0.095,-0.998,0.006,0.047,0.373,-0.78,5.23
73698,93.27,0.000,F,0.00,0.00,47.50000000,-122.50000000,E,28.500,54.955,138.395,-0.041,-0.088,-0.995,0.002,-0.035,0.291,4.056,12.987,48.690,-0.048,-0.095,-1.003,0.009,0.042,0.332,-0.90,5.26
73803,95.69,0.000,F,0.00,0.00,47.50000000,-122.50000000,E,28.223,54.955,138.161,-0.040,-0.086,-0.987,0.002,-0.038,0.269,3.790,12.986,48.454,-0.047,-0.093,-0.995,0.008,0.039,0.310,-0.98,5.29
73912,97.88,0.000,F,0.00,0.00,47.50000000,-122.50000000,E,27.550,55.232,138.921,-0.020,-0.080,-0.988,-0.011,-0.035,0.215,3.136,13.279,49.233,-0.026,-0.087,-0.995,-0.004,0.042,0.256,-1.05,5.26
74020,99.51,0.000,F,0.00,0.00,47.50000000,-122.50000000,E,27.346,55.203,138.761,-0.029,-0.095,-0.991,-0.009,-0.038,0.209,2.939,13.248,49.070,-0.035,-0.102,-0.999,-0.002,0.039,0.250,-1.03,5.26
74128,100.97,0.000,F,0.00,0.00,47.50000000,-122.50000000,E,27.039,55.539,138.614,0.004,-0.087,-0.993,-0.005,-0.038,0.233,2.643,13.591,48.926,-0.003,-0.094,-1.000,0.002,0.039,0.274,-0.94,5.27
74236,102.91,0.000,F,0.00,0.00,47.50000000,-122.50000000,E,25.592,55.232,138.892,0.005,-0.086,-0.996,-0.003,-0.028,0.280,1.246,13.286,49.214,-0.002,-0.093,-1.003,0.003,0.049,0.321,-0.83,5.28
74337,105.08,0.000,F,0.00,0.00,47.50000000,-122.50000000,E,25.446,55.875,138.965,-0.035,-0.088,-0.999,-0.001,-0.028,0.280,1.102,13.944,49.295,-0.041,-0.095,-1.006,0.005,0.049,0.321,-0.85,5.29
74445,107.19,0.000,F,0.00,0.00,47.50000000,-122.50000000,E,24.160,55.656,137.796,-0.030,-0.093,-0.985,0.004,-0.035,0.287,-0.131,13.715,48.111,-0.037,-0.100,-0.992,0.010,0.042,0.328,-0.84,5.38
74553,109.40,0.000,F,0.00,0.00,47.50000000,-122.50000000,E,23.078,55.437,138.001,-0.005,-0.080,-1.000,-0.008,-0.026,0.261,-1.175,13.497,48.323,-0.011,-0.087,-1.008,-0.001,0.050,0.302,-0.86,5.34
74662,111.58,0.000,F,0.00,0.00,47.50000000,-122.50000000,E,22.727,54.896,138.395,-0.040,-0.079,-0.995,-0.001,-0.044,0.236,-1.513,12.949,48.721,-0.047,-0.086,-1.002,0.006,0.033,0.277,-0.89,5.31
74768,113.53,0.000,F,0.00,0.00,47.50000000,-122.50000000,E,22.055,54.925,137.255,-0.013,-0.090,-0.991,-0.002,-0.047,0.172,-2.156,12.972,47.567,-0.020,-0.097,-0.998,0.004,0.030,0.213,-0.95,5.31
74876,115.51,0.000,F,0.00,0.00,47.50000000,-122.50000000,E,22.128,55.115,137.811,-0.139,-0.094,-0.989,-0.006,-0.054,0.098,-2.089,13.170,48.132,-0.145,-0.101,-0.997,0.001,0.023,0.139,-1.22,5.37
74984,116.19,0.000,F,0.00,0.00,47.50000000,-122.50000000,E,21.222,54.969,137.928,0.031,-0.095,-0.993,-0.010,-0.057,-0.036,-2.963,13.026,48.255,0.024,-0.103,-1.000,-0.004,0.020,0.005,-1.34,5.54
75093,116.40,0.000,F,0.00,0.00,47.50000000,-122.50000000,E,21.397,55.145,138.381,0.015,-0.094,-0.963,-0.010,-0.062,-0.033,-2.797,13.208,48.716,0.008,-0.101,-0.970,-0.004,0.015,0.008,-1.31,5.55
75201,116.56,0.000,F,0.00,0.00,47.50000000,-122.50000000,E,21.573,54.984,137.884,-0.019,-0.089,-1.000,-0.017,-0.063,-0.037,-2.625,13.039,48.209,-0.026,-0.096,-1.007,-0.011,0.014,0.004,-1.26,5.52
75309,116.61,0.000,F,0.00,0.00,47.50000000,-122.50000000,E,21.558,55.159,138.308,-0.026,-0.100,-0.995,-0.010,-0.061,-0.026,-2.642,13.222,48.641,-0.033,-0.108,-1.002,-0.004,0.015,0.016,-1.20,5.53
75417,116.48,0.000,F,0.00,0.00,47.50000000,-122.50000000,E,21.339,55.247,138.205,-0.028,-0.082,-1.004,-0.027,-0.027,-0.010,-2.853,13.311,48.539,-0.035,-0.089,-1.012,-0.021,0.050,0.031,-0.99,5.54
75525,116.53,0.000,F,0.00,0.00,47.50000000,-122.50000000,E,21.909,55.101,139.258,0.053,-0.083,-1.009,-0.003,-0.057,0.069,-2.309,13.169,49.604,0.046,-0.090,-1.017,0.003,0.020,0.110,-0.80,5.51
75633,116.82,0.000,F,0.00,0.00,47.50000000,-122.50000000,E,21.120,55.042,138.834,0.009,-0.085,-0.973,0.001,-0.051,0.168,-3.067,13.109,49.177,0.002,-0.092,-0.980,0.007,0.026,0.210,-0.55,5.52
75737,117.97,0.000,F,0.00,0.00,47.50000000,-122.50000000,E,20.886,54.399,139.287,0.004,-0.086,-0.975,-0.001,-0.038,0.234,-3.293,12.457,49.633,-0.002,-0.093,-0.983,0.006,0.039,0.275,-0.42,5.53
75846,119.89,0.000,F,0.00,0.00,47.50000000,-122.50000000,E,20.140,54.925,139.228,-0.002,-0.090,-1.007,-0.005,-0.030,0.244,-4.014,12.997,49.582,-0.009,-0.097,-1.014,0.001,0.046,0.285,-0.47,5.55
75954,121.74,0.000,F,0.00,0.00,47.50000000,-122.50000000,E,19.702,54.575,138.381,-0.017,-0.098,-0.994,0.002,-0.038,0.261,-4.431,12.633,48.720,-0.023,-0.106,-1.002,0.008,0.038,0.302,-0.48,5.60
76062,123.73,0.000,F,0.00,0.00,47.50000000,-122.50000000,E,19.614,54.429,138.439,-0.024,-0.093,-0.982,-0.001,-0.037,0.251,-4.515,12.484,48.779,-0.031,-0.100,-0.990,0.005,0.040,0.292,-0.55,5.62
76170,125.44,0.000,F,0.00,0.00,47.50000000,-122.50000000,E,19.088,54.063,138.731,-0.023,-0.100,-0.985,0.001,-0.040,0.253,-5.023,12.116,49.075,-0.029,-0.107,-0.992,0.007,0.037,0.294,-0.58,5.66
76278,127.40,0.000,F,0.00,0.00,47.50000000,-122.50000000,E,17.977,54.268,138.907,-0.018,-0.090,-0.998,0.001,-0.031,0.253,-6.097,12.331,49.262,-0.024,-0.097,-1.005,0.007,0.045,0.294,-0.65,5.71
76386,129.33,0.000,F,0.00,0.00,47.50000000,-122.50000000,E,18.094,53.873,138.614,-0.026,-0.088,-0.995,-0.007,-0.034,0.229,-5.981,11.925,48.960,-0.032,-0.095,-1.002,-0.001,0.043,0.271,-0.74,5.71
76495,131.04,0.000,F,0.00,0.00,47.50000000,-122.50000000,E,17.349,53.712,138.512,-0.010,-0.083,-0.998,-0.004,-0.038,0.215,-6.699,11.763,48.859,-0.017,-0.091,-1.006,0.002,0.038,0.256,-0.79,5.66
76600,132.89,0.000,F,0.00,0.00,47.50000000,-122.50000000,E,16.823,52.982,139.068,-0.023,-0.083,-0.987,-0.001,-0.036,0.252,-7.206,11.023,49.420,-0.030,-0.091,-0.995,0.005,0.041,0.293,-0.76,5.62
76710,135.16,0.000,F,0.00,0.00,47.50000000,-122.50000000,E,15.493,52.879,138.161,-0.034,-0.086,-0.990,-0.003,-0.031,0.249,-8.484,10.916,48.505,-0.040,-0.093,-0.998,0.003,0.046,0.290,-0.83,5.57
76814,136.99,0.000,F,0.00,0.00,47.50000000,-122.50000000,E,14.923,52.412,138.293,-0.009,-0.088,-0.996,-0.001,-0.038,0.242,-9.033,10.442,48.638,-0.016,-0.095,-1.004,0.005,0.039,0.284,-0.83,5.55
76922,138.94,0.000,F,0.00,0.00,47.50000000,-122.50000000,E,14.426,52.309,138.220,-0.014,-0.092,-0.994,-0.005,-0.030,0.276,-9.512,10.339,48.565,-0.021,-0.099,-1.001,0.002,0.047,0.317,-0.76,5.54
77030,140.99,0.000,F,0.00,0.00,47.50000000,-122.50000000,E,13.856,51.944,138.322,-0.015,-0.090,-0.992,-0.003,-0.031,0.284,-10.061,9.969,48.669,-0.021,-0.097,-0.999,0.003,0.046,0.325,-0.72,5.54
77138,143.14,0.000,F,0.00,0.00,47.50000000,-122.50000000,E,13.534,51.798,138.658,-0.044,-0.098,-0.995,0.001,-0.031,0.300,-10.372,9.824,49.011,-0.051,-0.105,-1.002,0.008,0.046,0.341,-0.72,5.55
77246,145.23,0.000,F,0.00,0.00,47.50000000,-122.50000000,E,12.847,50.833,137.635,-0.046,-0.101,-0.992,-0.004,-0.041,0.251,-11.026,8.832,47.967,-0.053,-0.108,-1.000,0.003,0.036,0.292,-0.78,5.63
77354,146.96,0.000,F,0.00,0.00,47.50000000,-122.50000000,E,13.008,50.833,138.366,-0.048,-0.106,-0.997,-0.005,-0.045,0.181,-10.874,8.838,48.708,-0.055,-0.113,-1.004,0.001,0.031,0.222,-0.92,5.70
77462,148.17,0.000,F,0.00,0.00,47.50000000,-122.50000000,E,12.423,50.848,138.556,-0.018,-0.095,-0.990,-0.009,-0.048,0.144,-11.440,8.857,48.905,-0.025,-0.103,-0.998,-0.002,0.028,0.185,-0.98,5.72
77570,149.36,0.000,F,0.00,0.00,47.50000000,-122.50000000,E,11.692,50.585,138.308,-0.007,-0.086,-0.994,-0.010,-0.044,0.166,-12.142,8.589,48.654,-0.014,-0.093,-1.002,-0.003,0.033,0.207,-0.94,5.69
77678,150.82,0.000,F,0.00,0.00,47.50000000,-122.50000000,E,12.277,49.868,137.635,0.012,-0.091,-1.000,-0.004,-0.027,0.275,-11.572,7.849,47.961,0.005,-0.098,-1.007,0.002,0.050,0.316,-0.71,5.59
77784,152.99,0.000,F,0.00,0.00,47.50000000,-122.50000000,E,11.386,49.737,138.074,-0.004,-0.084,-0.982,0.001,-0.034,0.366,-12.434,7.723,48.411,-0.011,-0.091,-0.989,0.008,0.043,0.407,-0.59,5.56
77893,155.73,0.000,F,0.00,0.00,47.50000000,-122.50000000,E,10.304,48.422,138.059,-0.059,-0.117,-0.977,-0.005,-0.025,0.316,-13.472,6.383,48.390,-0.066,-0.125,-0.985,0.001,0.051,0.357,-0.85,5.68
78001,157.82,0.000,F,0.00,0.00,47.50000000,-122.50000000,E,10.056,48.056,137.562,-0.017,-0.118,-0.995,-0.006,-0.031,0.267,-13.708,6.007,47.883,-0.023,-0.125,-1.003,0.000,0.046,0.308,-0.99,5.79
78109,159.61,0.000,F,0.00,0.00,47.50000000,-122.50000000,E,9.749,47.603,138.001,-0.016,-0.132,-0.988,-0.002,-0.025,0.339,-14.004,5.549,48.326,-0.022,-0.139,-0.996,0.004,0.052,0.380,-0.96,5.96
78217,161.88,0.000,F,0.00,0.00,47.50000000,-122.50000000,E,9.076,46.916,137.650,-0.000,-0.104,-0.989,0.002,-0.016,0.447,-14.648,4.847,47.967,-0.007,-0.111,-0.997,0.008,0.061,0.488,-0.84,6.07
78325,165.08,0.000,F,0.00,0.00,47.50000000,-122.50000000,E,8.609,45.966,137.387,-0.021,-0.113,-0.989,0.000,-0.018,0.431,-15.094,3.877,47.694,-0.028,-0.120,-0.996,0.006,0.059,0.472,-0.90,6.08
78433,167.56,0.000,F,0.00,0.00,47.50000000,-122.50000000,E,8.360,44.899,137.007,0.015,-0.124,-0.994,0.001,-0.024,0.343,-15.328,2.785,47.300,0.009,-0.131,-1.001,0.007,0.053,0.384,-0.91,6.21
78541,169.76,0.000,F,0.00,0.00,47.50000000,-122.50000000,E,8.594,44.198,137.401,-0.008,-0.100,-0.989,0.001,-0.020,0.405,-15.102,2.071,47.693,-0.015,-0.107,-0.996,0.007,0.057,0.446,-0.73,6.31
78649,173.02,0.000,F,0.00,0.00,47.50000000,-122.50000000,E,7.498,43.394,137.197,-0.031,-0.087,-0.980,0.005,-0.032,0.362,-16.155,1.253,47.484,-0.037,-0.094,-0.987,0.012,0.045,0.403,-0.86,6.22
78753,175.56,0.000,F,0.00,0.00,47.50000000,-122.50000000,E,7.483,43.277,137.314,-0.021,-0.098,-0.995,-0.006,-0.019,0.349,-16.169,1.134,47.602,-0.028,-0.105,-1.002,0.000,0.058,0.390,-0.90,6.18
78858,178.49,0.000,F,0.00,0.00,47.50000000,-122.50000000,E,7.162,42.312,136.700,-0.037,-0.078,-0.995,-0.004,-0.024,0.314,-16.472,0.145,46.971,-0.044,-0.085,-1.002,0.002,0.053,0.355,-1.08,6.05
78966,181.06,0.000,F,0.00,0.00,47.50000000,-122.50000000,E,7.030,41.274,137.664,-0.076,-0.054,-0.990,-0.007,-0.037,0.151,-16.601,-0.906,47.943,-0.082,-0.061,-0.998,-0.001,0.040,0.192,-1.34,5.87
79075,182.49,0.000,F,0.00,0.00,47.50000000,-122.50000000,E,6.650,40.880,136.787,0.014,-0.094,-1.002,-0.012,-0.059,-0.039,-16.961,-1.315,47.050,0.008,-0.101,-1.010,-0.006,0.018,0.002,-1.58,5.65
79183,182.50,0.000,F,0.00,0.00,47.50000000,-122.50000000,E,6.358,40.953,137.124,-0.036,-0.117,-1.020,-0.001,-0.082,-0.030,-17.245,-1.236,47.394,-0.043,-0.125,-1.027,0.006,-0.005,0.012,-1.49,5.68
79292,182.60,0.000,F,0.00,0.00,47.50000000,-122.50000000,E,6.840,40.865,137.270,-0.025,-0.126,-0.914,0.009,-0.130,-0.024,-16.780,-1.326,47.539,-0.032,-0.134,-0.921,0.015,-0.053,0.017,-1.50,5.72
79400,182.55,0.000,F,0.00,0.00,47.50000000,-122.50000000,E,6.679,41.114,136.977,0.060,-0.132,-0.929,-0.004,-0.061,0.040,-16.935,-1.074,47.245,0.054,-0.139,-0.936,0.003,0.015,0.081,-1.23,5.84
79508,182.76,0.000,F,0.00,0.00,47.50000000,-122.50000000,E,7.366,40.368,137.431,0.032,-0.151,-0.958,-0.004,-0.020,0.260,-16.271,-1.834,47.695,0.026,-0.158,-0.966,0.002,0.057,0.301,-0.86,6.28
79616,184.65,0.000,F,0.00,0.00,47.50000000,-122.50000000,E,6.592,39.652,136.919,0.008,-0.119,-0.986,0.016,-0.031,0.484,-17.013,-2.567,47.173,0.002,-0.126,-0.994,0.022,0.046,0.526,-0.38,6.60
79725,188.65,0.000,F,0.00,0.00,47.50000000,-122.50000000,E,6.972,38.351,137.401,0.039,-0.068,-0.981,0.012,-0.018,0.575,-16.644,-3.893,47.650,0.032,-0.075,-0.989,0.018,0.059,0.616,-0.14,6.57
79829,192.66,0.000,F,0.00,0.00,47.50000000,-122.50000000,E,6.168,37.051,137.080,-0.048,-0.072,-0.995,0.002,-0.005,0.453,-17.413,-5.221,47.316,-0.055,-0.079,-1.003,0.008,0.072,0.494,-0.50,6.49
79937,196.39,0.000,F,0.00,0.00,47.50000000,-122.50000000,E,7.147,36.261,137.021,-0.036,-0.077,-0.999,0.004,-0.032,0.385,-16.465,-6.031,47.244,-0.043,-0.084,-1.007,0.010,0.045,0.426,-0.62,6.29
80045,199.34,0.000,F,0.00,0.00,47.50000000,-122.50000000,E,6.475,34.990,136.846,0.010,-0.089,-0.997,-0.001,-0.021,0.311,-17.107,-7.328,47.058,0.003,-0.096,-1.004,0.005,0.056,0.352,-0.83,6.20
80153,201.88,0.000,F,0.00,0.00,47.50000000,-122.50000000,E,7.132,34.566,136.758,-0.024,-0.103,-0.986,-0.001,-0.026,0.333,-16.471,-7.764,46.962,-0.030,-0.110,-0.994,0.005,0.050,0.374,-0.81,6.22
80261,204.54,0.000,F,0.00,0.00,47.50000000,-122.50000000,E,7.395,34.215,137.241,-0.034,-0.094,-0.993,0.004,-0.022,0.355,-16.218,-8.119,47.447,-0.041,-0.101,-1.000,0.010,0.055,0.397,-0.83,6.21
80369,207.21,0.000,F,0.00,0.00,47.50000000,-122.50000000,E,7.863,32.944,136.583,-0.037,-0.091,-0.994,0.001,-0.026,0.317,-15.758,-9.426,46.765,-0.044,-0.098,-1.001,0.007,0.051,0.358,-0.95,6.18
80477,209.64,0.000,F,0.00,0.00,47.50000000,-122.50000000,E,8.156,32.286,136.875,-0.005,-0.099,-0.996,0.001,-0.025,0.316,-15.475,-10.096,47.055,-0.011,-0.107,-1.004,0.007,0.052,0.357,-0.91,6.16
80585,212.15,0.000,F,0.00,0.00,47.50000000,-122.50000000,E,7.951,31.146,136.846,-0.031,-0.091,-0.988,0.003,-0.028,0.314,-15.668,-11.259,47.016,-0.037,-0.098,-0.995,0.009,0.049,0.356,-0.96,6.14
80693,214.64,0.000,F,0.00,0.00,47.50000000,-122.50000000,E,8.492,30.386,136.524,-0.038,-0.094,-0.989,0.002,-0.030,0.307,-15.142,-12.040,46.680,-0.045,-0.101,-0.996,0.008,0.047,0.348,-1.04,6.12
80798,217.16,0.000,F,0.00,0.00,47.50000000,-122.50000000,E,8.477,29.874,136.539,-0.027,-0.093,-0.992,0.002,-0.022,0.326,-15.154,-12.563,46.690,-0.034,-0.100,-0.999,0.008,0.054,0.367,-1.06,6.08
80906,219.57,0.000,F,0.00,0.00,47.50000000,-122.50000000,E,9.135,29.319,136.393,-0.055,-0.094,-0.993,0.002,-0.024,0.311,-14.516,-13.134,46.533,-0.062,-0.101,-1.000,0.008,0.053,0.352,-1.25,6.05
81014,221.77,0.000,F,0.00,0.00,47.50000000,-122.50000000,E,9.193,28.924,136.627,-0.041,-0.094,-0.985,0.000,-0.027,0.283,-14.460,-13.535,46.767,-0.048,-0.101,-0.993,0.007,0.049,0.324,-1.37,6.03
81122,224.15,0.000,F,0.00,0.00,47.50000000,-122.50000000,E,10.099,27.960,135.852,-0.012,-0.102,-0.992,0.002,-0.034,0.276,-13.577,-14.530,45.966,-0.019,-0.109,-1.000,0.008,0.043,0.317,-1.36,6.01
81225,226.47,0.000,F,0.00,0.00,47.50000000,-122.50000000,E,10.026,27.711,136.042,-0.029,-0.098,-0.991,0.003,-0.028,0.312,-13.648,-14.782,46.157,-0.036,-0.105,-0.998,0.009,0.049,0.353,-1.36,6.04
81334,229.65,0.000,F,0.00,0.00,47.50000000,-122.50000000,E,10.684,27.185,136.291,0.015,-0.108,-0.986,0.005,-0.034,0.361,-13.013,-15.320,46.402,0.009,-0.115,-0.994,0.012,0.043,0.402,-1.06,5.96
81442,232.28,0.000,F,0.00,0.00,47.50000000,-122.50000000,E,10.640,26.659,136.817,-0.017,-0.094,-0.998,0.006,-0.023,0.406,-13.056,-15.852,46.932,-0.024,-0.101,-1.005,0.012,0.053,0.447,-1.05,6.04
81550,235.32,0.000,F,0.00,0.00,47.50000000,-122.50000000,E,11.795,25.183,136.144,-0.042,-0.081,-0.988,0.006,-0.022,0.404,-11.932,-17.370,46.229,-0.049,-0.088,-0.995,0.012,0.054,0.445,-1.13,6.02
81658,238.15,0.000,F,0.00,0.00,47.50000000,-122.50000000,E,12.569,24.773,136.071,-0.043,-0.089,-0.990,-0.002,-0.012,0.365,-11.183,-17.791,46.147,-0.049,-0.097,-0.997,0.005,0.065,0.406,-1.26,5.93
81772,240.79,0.000,F,0.00,0.00,47.50000000,-122.50000000,E,12.979,24.277,136.174,-0.051,-0.078,-0.992,-0.003,-0.022,0.319,-10.787,-18.300,46.244,-0.058,-0.085,-0.999,0.003,0.055,0.360,-1.37,5.83
81872,243.13,0.000,F,0.00,0.00,47.50000000,-122.50000000,E,13.826,23.999,136.086,0.034,-0.097,-1.000,-0.006,-0.027,0.294,-9.967,-18.587,46.148,0.027,-0.104,-1.007,0.000,0.050,0.335,-1.25,5.74
81980,245.30,0.000,F,0.00,0.00,47.50000000,-122.50000000,E,14.440,23.341,135.881,-0.047,-0.112,-0.982,-0.007,-0.013,0.309,-9.371,-19.263,45.931,-0.054,-0.120,-0.989,-0.001,0.064,0.350,-1.37,5.80
82088,249.29,0.000,F,0.00,0.00,47.50000000,-122.50000000,E,15.361,23.633,135.706,0.036,-0.085,-0.989,0.003,-0.026,0.442,-8.483,-18.970,45.750,0.030,-0.092,-0.996,0.010,0.050,0.483,-0.87,5.68
82196,253.34,0.000,F,0.00,0.00,47.50000000,-122.50000000,E,15.873,22.376,135.969,-0.148,-0.086,-0.170,0.128,-0.502,0.648,-7.986,-20.253,46.004,-0.154,-0.093,-0.180,0.134,-0.425,0.689,-1.48,5.32
82305,258.45,0.000,F,0.00,0.00,47.50000000,-122.50000000,E,17.188,22.450,136.378,-0.138,0.023,-1.131,0.119,0.160,0.705,-6.720,-20.180,46.413,-0.144,0.016,-1.138,0.125,0.237,0.746,-2.03,4.52
82413,261.46,0.000,F,0.00,0.00,47.50000000,-122.50000000,E,18.869,21.719,136.276,-0.134,-0.086,-1.123,0.007,-0.001,0.478,-5.095,-20.934,46.293,-0.141,-0.093,-1.130,0.014,0.076,0.519,-2.69,4.26
82521,262.80,0.000,F,0.00,0.00,47.50000000,-122.50000000,E,19.234,21.353,135.647,-0.088,-0.049,-1.027,0.017,-0.059,0.247,-4.737,-21.314,45.649,-0.095,-0.056,-1.034,0.023,0.017,0.288,-3.22,4.04
82621,264.49,0.000,F,0.00,0.00,47.50000000,-122.50000000,E,20.330,20.564,136.261,0.008,-0.091,-0.990,0.006,-0.056,0.184,-3.680,-22.119,46.260,0.002,-0.098,-0.998,0.013,0.020,0.225,-3.05,4.01
82729,266.58,0.000,F,0.00,0.00,47.50000000,-122.50000000,E,20.783,21.003,136.013,-0.011,-0.112,-0.964,-0.006,-0.043,0.207,-3.243,-21.675,46.009,-0.018,-0.120,-0.972,0.000,0.033,0.248,-2.71,4.11
82833,268.71,0.000,F,0.00,0.00,47.50000000,-122.50000000,E,21.777,21.251,136.729,-0.030,-0.137,-0.967,-0.068,0.043,0.300,-2.289,-21.419,46.734,-0.036,-0.144,-0.974,-0.062,0.120,0.341,-2.22,4.27
82941,271.06,0.000,F,0.00,0.00,47.50000000,-122.50000000,E,22.084,20.827,136.422,0.048,-0.104,-1.061,0.063,-0.110,0.311,-1.990,-21.855,46.416,0.041,-0.111,-1.068,0.069,-0.033,0.352,-1.77,4.19
83049,274.44,0.000,F,0.00,0.00,47.50000000,-122.50000000,E,22.727,21.149,136.904,-0.076,-0.110,-1.010,0.043,-0.093,0.397,-1.373,-21.525,46.906,-0.083,-0.117,-1.018,0.049,-0.017,0.438,-1.44,4.26
83157,277.20,0.000,F,0.00,0.00,47.50000000,-122.50000000,E,23.853,20.959,136.378,0.041,-0.059,-0.925,0.011,-0.029,0.370,-0.284,-21.728,46.363,0.035,-0.066,-0.933,0.017,0.047,0.411,-1.31,4.35
83265,280.54,0.000,F,0.00,0.00,47.50000000,-122.50000000,E,24.788,21.046,135.823,-0.006,-0.072,-0.993,-0.005,-0.003,0.380,0.621,-21.647,45.795,-0.013,-0.079,-1.001,0.001,0.074,0.421,-1.16,4.41
83373,283.17,0.000,F,0.00,0.00,47.50000000,-122.50000000,E,25.533,20.973,136.422,-0.065,-0.058,-1.049,0.039,-0.080,0.329,1.338,-21.720,46.399,-0.072,-0.065,-1.056,0.045,-0.003,0.370,-1.30,4.42
83476,284.15,0.000,F,0.00,0.00,47.50000000,-122.50000000,E,26.513,20.769,136.232,-0.052,-0.111,-1.097,0.022,-0.070,0.278,2.284,-21.934,46.199,-0.059,-0.118,-1.104,0.028,0.006,0.319,-1.35,4.05
83584,287.26,0.000,F,0.00,0.00,47.50000000,-122.50000000,E,27.302,20.462,136.115,0.053,-0.073,-0.932,0.013,-0.067,0.387,3.047,-22.252,46.073,0.047,-0.080,-0.940,0.020,0.010,0.428,-1.07,4.18
83692,290.01,0.000,F,0.00,0.00,47.50000000,-122.50000000,E,27.083,21.105,136.568,-0.037,-0.129,-1.065,0.129,-0.060,0.398,2.831,-21.590,46.540,-0.044,-0.136,-1.072,0.135,0.017,0.439,-0.98,4.05
83798,292.56,0.000,F,0.00,0.00,47.50000000,-122.50000000,E,28.369,20.754,136.247,-0.158,-0.097,-0.829,0.066,-0.198,0.409,4.075,-21.956,46.203,-0.164,-0.104,-0.837,0.072,-0.121,0.450,-1.30,4.12
83906,293.84,0.000,F,0.00,0.00,47.50000000,-122.50000000,E,29.816,21.178,136.378,0.036,-0.080,-1.012,0.003,-0.033,0.288,5.469,-21.528,46.333,0.029,-0.087,-1.019,0.010,0.043,0.329,-1.59,3.98
84014,296.37,0.000,F,0.00,0.00,47.50000000,-122.50000000,E,30.722,21.412,136.364,0.150,-0.080,-0.984,-0.011,0.002,0.308,6.342,-21.293,46.315,0.144,-0.087,-0.991,-0.005,0.078,0.349,-1.38,4.10
84122,300.27,0.000,F,0.00,0.00,47.50000000,-122.50000000,E,31.321,21.690,136.174,-0.083,-0.113,-1.012,0.000,-0.007,0.475,6.920,-21.013,46.121,-0.090,-0.120,-1.020,0.007,0.070,0.516,-1.06,4.14
84230,303.46,0.000,F,0.00,0.00,47.50000000,-122.50000000,E,32.213,22.084,136.671,-0.009,-0.096,-0.991,0.014,-0.016,0.449,7.776,-20.609,46.625,-0.015,-0.104,-0.999,0.020,0.061,0.490,-1.02,4.32
84338,306.67,0.000,F,0.00,0.00,47.50000000,-122.50000000,E,33.294,22.347,136.671,-0.026,-0.083,-0.978,0.005,-0.014,0.408,8.818,-20.345,46.621,-0.033,-0.090,-0.985,0.011,0.063,0.450,-0.98,4.55
84447,309.21,0.000,F,0.00,0.00,47.50000000,-122.50000000,E,34.244,22.888,136.393,-0.053,-0.082,-1.006,-0.001,-0.016,0.382,9.734,-19.799,46.339,-0.060,-0.089,-1.014,0.006,0.061,0.423,-1.15,4.57
84555,312.56,0.000,F,0.00,0.00,47.50000000,-122.50000000,E,34.639,23.560,136.013,0.027,-0.064,-1.007,0.009,-0.020,0.440,10.115,-19.117,45.956,0.020,-0.071,-1.014,0.015,0.057,0.481,-0.92,4.57
84663,313.87,0.000,F,0.00,0.00,47.50000000,-122.50000000,E,35.589,24.174,136.144,-0.157,-0.097,-0.969,0.002,-0.021,0.310,11.028,-18.493,46.090,-0.163,-0.104,-0.977,0.008,0.055,0.351,-1.62,4.42
84777,317.78,0.000,F,0.00,0.00,47.50000000,-122.50000000,E,36.203,24.262,136.071,0.058,-0.091,-0.999,-0.009,-0.015,0.393,11.620,-18.406,46.014,0.051,-0.098,-1.007,-0.002,0.061,0.434,-0.87,4.36
84885,320.36,0.000,F,0.00,0.00,47.50000000,-122.50000000,E,37.372,24.876,136.130,-0.035,-0.068,-1.001,0.001,-0.005,0.373,12.746,-17.784,46.072,-0.041,-0.075,-1.009,0.008,0.071,0.414,-1.13,4.38
84994,324.14,0.000,F,0.00,0.00,47.50000000,-122.50000000,E,37.825,25.446,135.852,0.004,-0.105,-1.001,-0.002,0.019,0.438,13.182,-17.206,45.792,-0.003,-0.113,-1.009,0.005,0.096,0.479,-0.88,4.51
85102,328.89,0.000,F,0.00,0.00,47.50000000,-122.50000000,E,38.994,26.951,136.217,-0.017,-0.069,-0.998,0.005,0.000,0.642,14.302,-15.670,46.171,-0.023,-0.076,-1.006,0.012,0.077,0.684,-0.26,4.44
85210,332.41,0.000,F,0.00,0.00,47.50000000,-122.50000000,E,39.871,27.916,136.247,-0.074,-0.064,-0.989,0.010,0.001,0.585,15.144,-14.688,46.204,-0.081,-0.071,-0.997,0.016,0.078,0.626,-0.48,4.34
85318,335.58,0.000,F,0.00,0.00,47.50000000,-122.50000000,E,41.114,28.530,136.524,-0.135,-0.118,-0.978,0.003,-0.023,0.403,16.339,-14.063,46.485,-0.141,-0.125,-0.985,0.010,0.054,0.444,-0.93,4.57
85426,338.17,0.000,F,0.00,0.00,47.50000000,-122.50000000,E,41.274,28.968,136.217,-0.104,-0.090,-0.986,0.001,-0.034,0.348,16.494,-13.619,46.176,-0.110,-0.097,-0.993,0.007,0.043,0.389,-1.12,4.61
85534,340.95,0.000,F,0.00,0.00,47.50000000,-122.50000000,E,40.938,30.137,136.919,0.057,-0.058,-0.997,0.002,-0.024,0.382,16.161,-12.418,46.902,0.051,-0.065,-1.005,0.008,0.053,0.423,-0.87,4.54
85643,344.28,0.000,F,0.00,0.00,47.50000000,-122.50000000,E,41.611,30.854,136.714,-0.118,-0.087,-0.952,0.010,-0.026,0.472,16.808,-11.691,46.696,-0.125,-0.094,-0.959,0.017,0.051,0.513,-0.85,4.47
85746,347.83,0.000,F,0.00,0.00,47.50000000,-122.50000000,E,41.844,31.424,136.451,0.018,-0.077,-0.972,0.002,-0.017,0.448,17.033,-11.112,46.433,0.011,-0.084,-0.979,0.009,0.060,0.489,-0.29,4.39
85850,350.98,0.000,F,0.00,0.00,47.50000000,-122.50000000,E,42.415,32.505,136.568,-0.090,-0.068,-0.996,-0.001,-0.010,0.387,17.578,-10.009,46.558,-0.096,-0.075,-1.003,0.006,0.067,0.428,-0.43,4.51
85959,353.79,0.000,F,0.00,0.00,47.50000000,-122.50000000,E,42.049,33.470,136.217,-0.164,-0.115,-1.017,0.000,-0.023,0.342,17.224,-9.025,46.212,-0.170,-0.122,-1.025,0.007,0.054,0.383,-0.69,4.59
86067,356.81,0.000,F,0.00,0.00,47.50000000,-122.50000000,E,43.291,34.113,136.685,0.060,-0.043,-0.979,0.001,-0.005,0.454,18.417,-8.369,46.686,0.053,-0.050,-0.986,0.007,0.071,0.495,-0.19,4.46
86175,0.47,0.000,F,0.00,0.00,47.50000000,-122.50000000,E,42.824,34.391,137.533,0.068,-0.073,-0.985,-0.004,0.010,0.498,17.960,-8.076,47.553,0.062,-0.080,-0.992,0.002,0.086,0.539,-0.09,4.52
86275,4.46,0.000,F,0.00,0.00,47.50000000,-122.50000000,E,42.882,36.539,137.299,-0.099,-0.071,-0.978,0.007,-0.016,0.543,18.010,-5.885,47.334,-0.106,-0.078,-0.986,0.013,0.061,0.584,0.07,4.54
86383,8.48,0.000,F,0.00,0.00,47.50000000,-122.50000000,E,42.911,37.869,137.255,-0.041,-0.077,-0.986,0.004,-0.023,0.612,18.033,-4.527,47.301,-0.048,-0.084,-0.993,0.011,0.054,0.653,0.46,4.44
86491,12.37,0.000,F,0.00,0.00,47.50000000,-122.50000000,E,43.014,39.477,137.080,0.052,-0.038,-1.013,-0.006,0.026,0.484,18.126,-2.887,47.137,0.046,-0.045,-1.021,0.000,0.103,0.525,-0.11,4.53
86599,16.43,0.000,F,0.00,0.00,47.50000000,-122.50000000,E,43.058,40.164,137.489,-0.136,-0.100,-0.984,0.003,-0.009,0.492,18.164,-2.182,47.559,-0.143,-0.108,-0.992,0.009,0.068,0.534,-0.26,4.63
86707,20.31,0.000,F,0.00,0.00,47.50000000,-122.50000000,E,42.619,41.611,137.445,-0.046,-0.077,-0.982,-0.001,-0.012,0.417,17.735,-0.703,47.529,-0.053,-0.084,-0.989,0.006,0.065,0.458,-0.55,4.79
86813,23.87,0.000,F,0.00,0.00,47.50000000,-122.50000000,E,42.473,41.888,137.928,-0.077,-0.075,-0.983,-0.007,-0.005,0.342,17.591,-0.415,48.023,-0.083,-0.082,-0.991,-0.001,0.072,0.383,-0.89,4.92
86921,26.60,0.000,F,0.00,0.00,47.50000000,-122.50000000,E,42.108,43.306,137.928,0.019,-0.046,-0.980,-0.004,-0.010,0.398,17.233,1.034,48.037,0.013,-0.053,-0.988,0.002,0.066,0.439,-0.61,4.84
87029,30.45,0.000,F,0.00,0.00,47.50000000,-122.50000000,E,42.078,44.095,137.708,-0.153,-0.099,-1.010,-0.004,-0.009,0.403,17.202,1.838,47.822,-0.160,-0.106,-1.017,0.002,0.068,0.444,-0.66,4.98
87137,33.83,0.000,F,0.00,0.00,47.50000000,-122.50000000,E,41.742,45.177,138.293,0.018,-0.062,-1.005,-0.003,-0.026,0.351,16.871,2.949,48.427,0.011,-0.069,-1.013,0.003,0.051,0.392,-0.82,5.03
87245,36.97,0.000,F,0.00,0.00,47.50000000,-122.50000000,E,41.348,45.820,138.118,-0.018,-0.092,-0.993,0.001,-0.037,0.418,16.488,3.606,48.257,-0.024,-0.099,-1.000,0.007,0.040,0.459,-0.73,4.99
87353,40.55,0.000,F,0.00,0.00,47.50000000,-122.50000000,E,40.865,46.536,137.474,0.014,-0.087,-0.989,0.001,-0.021,0.417,16.024,4.333,47.612,0.007,-0.094,-0.996,0.007,0.056,0.458,-0.63,5.07
87461,43.71,0.000,F,0.00,0.00,47.50000000,-122.50000000,E,40.368,47.238,137.986,0.026,-0.057,-0.998,-0.001,-0.012,0.460,15.539,5.056,48.141,0.019,-0.064,-1.006,0.006,0.065,0.501,-0.40,5.04
87569,46.84,0.000,F,0.00,0.00,47.50000000,-122.50000000,E,39.623,49.298,137.957,-0.009,-0.079,-1.001,0.005,-0.012,0.521,14.812,7.163,48.134,-0.015,-0.086,-1.008,0.011,0.064,0.563,-0.15,4.82
87677,50.49,0.000,F,0.00,0.00,47.50000000,-122.50000000,E,38.673,49.781,138.702,0.095,-0.059,-0.976,0.012,-0.005,0.571,13.889,7.666,48.901,0.088,-0.066,-0.983,0.018,0.071,0.612,0.06,4.82
87791,55.84,0.000,F,0.00,0.00,47.50000000,-122.50000000,E,37.474,50.102,138.717,-0.051,-0.012,-1.095,-0.012,0.032,0.539,12.732,7.999,48.925,-0.058,-0.019,-1.102,-0.006,0.109,0.580,-0.22,5.08
87900,59.71,0.000,F,0.00,0.00,47.50000000,-122.50000000,E,37.825,50.745,138.074,0.025,-0.073,-1.040,0.006,-0.012,0.508,13.071,8.649,48.275,0.018,-0.080,-1.047,0.012,0.065,0.549,-0.41,5.09
88008,63.67,0.000,F,0.00,0.00,47.50000000,-122.50000000,E,36.524,52.017,138.951,-0.066,-0.079,-1.014,0.017,-0.035,0.510,11.806,9.960,49.185,-0.073,-0.086,-1.021,0.023,0.042,0.551,-0.55,5.13
88113,67.06,0.000,F,0.00,0.00,47.50000000,-122.50000000,E,35.545,52.675,138.264,0.058,-0.073,-0.985,0.008,0.002,0.505,10.863,10.630,48.498,0.052,-0.080,-0.993,0.014,0.079,0.546,-0.29,5.23
88221,71.22,0.000,F,0.00,0.00,47.50000000,-122.50000000,E,34.317,52.675,138.819,-0.077,-0.094,-1.016,0.020,-0.023,0.524,9.675,10.639,49.069,-0.083,-0.102,-1.023,0.027,0.054,0.565,-0.40,5.35
88329,75.25,0.000,F,0.00,0.00,47.50000000,-122.50000000,E,33.747,53.113,138.629,0.001,-0.055,-0.985,0.018,-0.022,0.505,9.125,11.088,48.883,-0.006,-0.062,-0.992,0.024,0.055,0.546,-0.55,5.45
88437,78.98,0.000,F,0.00,0.00,47.50000000,-122.50000000,E,33.061,53.332,138.234,-0.009,-0.078,-0.946,0.022,-0.004,0.520,8.463,11.311,48.488,-0.015,-0.085,-0.954,0.028,0.072,0.561,-0.62,5.43
88545,82.70,0.000,F,0.00,0.00,47.50000000,-122.50000000,E,31.438,53.610,138.498,-0.037,-0.088,-0.988,0.002,0.004,0.580,6.895,11.603,48.766,-0.043,-0.095,-0.995,0.008,0.080,0.621,-0.44,5.45
88653,87.19,0.000,F,0.00,0.00,47.50000000,-122.50000000,E,28.880,54.692,138.834,-0.007,-0.107,-1.001,0.005,0.009,0.568,4.422,12.720,49.132,-0.014,-0.115,-1.008,0.011,0.086,0.609,-0.53,5.61
88753,91.65,0.000,F,0.00,0.00,47.50000000,-122.50000000,E,28.150,54.341,138.600,-0.035,-0.094,-0.958,0.022,-0.020,0.543,3.719,12.363,48.895,-0.042,-0.101,-0.965,0.028,0.057,0.584,-0.74,5.80
88858,95.74,0.000,F,0.00,0.00,47.50000000,-122.50000000,E,26.776,54.750,139.170,-0.059,-0.062,-0.986,0.003,-0.007,0.533,2.389,12.791,49.485,-0.066,-0.069,-0.994,0.010,0.070,0.574,-0.84,5.71
88966,100.47,0.000,F,0.00,0.00,47.50000000,-122.50000000,E,25.577,54.794,139.331,-0.045,-0.054,-0.992,0.012,-0.003,0.467,1.232,12.842,49.656,-0.052,-0.061,-1.000,0.018,0.074,0.508,-1.20,5.62
89074,104.87,0.000,F,0.00,0.00,47.50000000,-122.50000000,E,24.379,55.130,138.775,-0.086,-0.083,-0.981,-0.002,-0.017,0.427,0.077,13.185,49.101,-0.093,-0.090,-0.989,0.004,0.060,0.468,-1.53,5.58
89182,108.85,0.000,F,0.00,0.00,47.50000000,-122.50000000,E,24.174,54.809,138.731,-0.082,-0.091,-0.972,0.007,-0.029,0.352,-0.119,12.857,49.054,-0.088,-0.098,-0.979,0.013,0.047,0.393,-1.87,5.59
89290,111.85,0.000,F,0.00,0.00,47.50000000,-122.50000000,E,23.239,54.560,138.965,-0.065,-0.106,-0.990,0.002,-0.031,0.303,-1.022,12.609,49.295,-0.072,-0.114,-0.997,0.008,0.046,0.344,-2.02,5.66
89398,114.68,0.000,F,0.00,0.00,47.50000000,-122.50000000,E,22.596,54.268,139.331,-0.066,-0.099,-1.003,-0.008,-0.031,0.250,-1.643,12.317,49.667,-0.073,-0.106,-1.011,-0.001,0.046,0.291,-2.21,5.72
89506,116.31,0.000,F,0.00,0.00,47.50000000,-122.50000000,E,21.836,54.399,138.761,-0.007,-0.094,-0.999,0.000,-0.039,0.278,-2.374,12.449,49.093,-0.014,-0.101,-1.007,0.007,0.038,0.319,-1.96,5.70
89614,118.13,0.000,F,0.00,0.00,47.50000000,-122.50000000,E,21.310,54.078,138.074,-0.031,-0.107,-0.993,0.008,-0.053,0.329,-2.876,12.116,48.395,-0.038,-0.115,-1.000,0.015,0.024,0.370,-1.74,5.69
89722,121.45,0.000,F,0.00,0.00,47.50000000,-122.50000000,E,20.272,54.370,139.214,-0.038,-0.099,-0.981,-0.009,-0.019,0.177,-3.885,12.429,49.562,-0.044,-0.106,-0.988,-0.002,0.058,0.218,-2.31,6.02
89827,122.70,0.000,F,0.00,0.00,47.50000000,-122.50000000,E,20.389,54.195,138.483,-0.071,-0.101,-0.991,-0.005,-0.034,0.211,-3.767,12.243,48.817,-0.078,-0.109,-0.998,0.001,0.043,0.252,-2.13,6.00
89935,124.10,0.000,F,0.00,0.00,47.50000000,-122.50000000,E,19.702,54.209,138.176,0.041,-0.100,-0.991,0.004,-0.047,0.227,-4.428,12.258,48.509,0.034,-0.108,-0.999,0.010,0.030,0.268,-1.95,6.02
90043,125.37,0.000,F,0.00,0.00,47.50000000,-122.50000000,E,18.094,53.508,138.337,0.017,-0.078,-0.944,-0.008,-0.015,0.358,-5.978,11.549,48.675,0.011,-0.085,-0.951,-0.001,0.062,0.399,-1.44,5.99
90151,127.93,0.000,F,0.00,0.00,47.50000000,-122.50000000,E,17.714,53.259,138.892,-0.021,-0.086,-1.005,-0.015,0.002,0.409,-6.346,11.302,49.239,-0.028,-0.093,-1.012,-0.009,0.079,0.450,-1.20,5.90
90259,131.31,0.000,F,0.00,0.00,47.50000000,-122.50000000,E,16.735,52.514,138.220,-0.016,-0.084,-1.042,-0.006,0.000,0.373,-7.284,10.539,48.555,-0.023,-0.091,-1.049,-0.000,0.077,0.414,-1.41,5.93
90362,133.50,0.000,F,0.00,0.00,47.50000000,-122.50000000,E,15.785,51.900,138.614,0.038,-0.050,-1.054,0.006,-0.020,0.473,-8.201,9.919,48.955,0.032,-0.057,-1.061,0.012,0.057,0.514,-0.63,5.72
90470,136.73,0.000,F,0.00,0.00,47.50000000,-122.50000000,E,15.259,51.681,138.161,-0.011,-0.089,-1.005,0.005,-0.022,0.592,-8.705,9.693,48.496,-0.017,-0.096,-1.013,0.011,0.055,0.633,-0.34,5.73
90578,141.44,0.000,F,0.00,0.00,47.50000000,-122.50000000,E,13.519,51.125,138.205,-0.093,-0.131,-0.947,0.012,-0.009,0.554,-10.381,9.133,48.545,-0.100,-0.138,-0.954,0.018,0.068,0.595,-0.71,5.86
90686,145.55,0.000,F,0.00,0.00,47.50000000,-122.50000000,E,12.672,50.117,137.781,-0.043,-0.057,-0.976,0.007,-0.012,0.614,-11.193,8.103,48.110,-0.050,-0.064,-0.984,0.013,0.065,0.656,-0.63,5.83
90794,150.83,0.000,F,0.00,0.00,47.50000000,-122.50000000,E,11.546,49.401,138.220,-0.017,-0.032,-1.005,-0.005,0.013,0.503,-12.278,7.380,48.555,-0.024,-0.039,-1.012,0.001,0.090,0.544,-1.19,5.76
90903,154.71,0.000,F,0.00,0.00,47.50000000,-122.50000000,E,10.713,48.597,137.738,-0.019,-0.079,-0.982,0.015,-0.023,0.555,-13.076,6.558,48.062,-0.025,-0.086,-0.989,0.021,0.054,0.596,-0.87,5.52
91011,158.69,0.000,F,0.00,0.00,47.50000000,-122.50000000,E,10.070,47.895,137.387,-0.004,-0.103,-0.988,0.002,-0.003,0.589,-13.692,5.841,47.703,-0.011,-0.110,-0.996,0.009,0.074,0.630,-0.81,5.55
91119,162.93,0.000,F,0.00,0.00,47.50000000,-122.50000000,E,9.544,46.463,137.489,0.036,-0.058,-1.006,0.005,0.013,0.665,-14.195,4.381,47.797,0.030,-0.065,-1.013,0.012,0.090,0.706,-0.49,5.53
91228,168.51,0.000,F,0.00,0.00,47.50000000,-122.50000000,E,8.462,44.344,137.474,-0.053,-0.028,-0.983,0.010,0.017,0.731,-15.230,2.221,47.769,-0.059,-0.035,-0.990,0.017,0.094,0.773,-0.50,5.37
91336,174.13,0.000,F,0.00,0.00,47.50000000,-122.50000000,E,7.483,43.043,137.431,-0.129,-0.063,-1.017,-0.001,0.011,0.620,-16.169,0.897,47.719,-0.136,-0.070,-1.024,0.006,0.087,0.661,-1.07,5.29
91444,178.68,0.000,F,0.00,0.00,47.50000000,-122.50000000,E,7.571,41.961,137.445,-0.044,-0.058,-1.005,0.003,0.006,0.533,-16.080,-0.208,47.723,-0.051,-0.065,-1.013,0.009,0.083,0.575,-1.30,5.18
91552,183.16,0.000,F,0.00,0.00,47.50000000,-122.50000000,E,7.293,40.748,137.284,-0.001,-0.027,-0.977,0.005,0.002,0.509,-16.343,-1.447,47.551,-0.008,-0.034,-0.984,0.012,0.078,0.550,-1.41,4.94
91660,187.45,0.000,F,0.00,0.00,47.50000000,-122.50000000,E,6.840,39.418,136.846,0.053,-0.058,-0.994,0.002,0.011,0.585,-16.772,-2.808,47.096,0.046,-0.065,-1.001,0.008,0.088,0.626,-1.01,4.80
91768,192.63,0.000,F,0.00,0.00,47.50000000,-122.50000000,E,6.825,38.249,136.919,-0.061,-0.063,-1.013,0.005,0.000,0.612,-16.782,-4.001,47.160,-0.068,-0.070,-1.020,0.011,0.077,0.653,-1.02,4.59
91873,197.56,0.000,F,0.00,0.00,47.50000000,-122.50000000,E,6.372,36.495,136.904,-0.159,-0.123,-0.963,0.009,-0.004,0.657,-17.212,-5.790,47.132,-0.166,-0.131,-0.970,0.015,0.072,0.698,-0.90,4.53
91981,201.99,0.000,F,0.00,0.00,47.50000000,-122.50000000,E,6.972,35.531,137.811,-0.011,-0.029,-1.009,0.002,0.017,0.591,-16.635,-6.769,48.041,-0.018,-0.036,-1.017,0.008,0.094,0.632,-1.01,4.44
92089,206.30,0.000,F,0.00,0.00,47.50000000,-122.50000000,E,7.600,34.478,136.656,0.068,-0.048,-0.990,-0.001,0.014,0.581,-16.019,-7.857,46.855,0.062,-0.055,-0.998,0.006,0.090,0.622,-0.97,4.43
92197,210.58,0.000,F,0.00,0.00,47.50000000,-122.50000000,E,7.776,33.996,136.261,-0.128,-0.069,-1.000,-0.003,0.026,0.554,-15.845,-8.353,46.448,-0.135,-0.076,-1.007,0.003,0.103,0.595,-1.22,4.30
92305,214.87,0.000,F,0.00,0.00,47.50000000,-122.50000000,E,7.995,31.920,136.276,0.011,-0.063,-0.988,0.006,-0.014,0.548,-15.626,-10.474,46.443,0.004,-0.070,-0.995,0.012,0.063,0.589,-1.01,4.21
92413,219.07,0.000,F,0.00,0.00,47.50000000,-122.50000000,E,8.316,30.824,136.291,-0.052,-0.050,-0.999,0.006,-0.009,0.596,-15.311,-11.594,46.447,-0.059,-0.057,-1.007,0.012,0.068,0.637,-0.72,4.18
92521,223.57,0.000,F,0.00,0.00,47.50000000,-122.50000000,E,8.974,29.816,136.159,0.047,-0.035,-0.998,0.007,-0.000,0.627,-14.672,-12.628,46.301,0.040,-0.042,-1.005,0.013,0.076,0.668,-0.55,4.04
92625,227.06,0.000,F,0.00,0.00,47.50000000,-122.50000000,E,9.968,28.252,135.940,-0.096,-0.083,-0.983,0.004,-0.021,0.593,-13.706,-14.230,46.058,-0.103,-0.090,-0.990,0.010,0.056,0.634,-1.04,4.06
92733,232.14,0.000,F,0.00,0.00,47.50000000,-122.50000000,E,10.333,27.901,135.779,0.117,-0.040,-0.990,0.026,-0.016,0.618,-13.351,-14.591,45.890,0.110,-0.047,-0.997,0.032,0.060,0.660,-0.61,3.82
92838,236.64,0.000,F,0.00,0.00,47.50000000,-122.50000000,E,11.546,26.557,136.071,0.019,-0.018,-1.004,0.012,0.043,0.655,-12.177,-15.967,46.168,0.013,-0.025,-1.011,0.018,0.120,0.697,-0.56,3.85
92946,243.13,0.000,F,0.00,0.00,47.50000000,-122.50000000,E,12.949,25.373,136.027,-0.122,-0.049,-1.028,0.060,0.003,0.775,-10.818,-17.181,46.106,-0.128,-0.056,-1.035,0.067,0.080,0.816,-0.20,3.47
93054,247.92,0.000,F,0.00,0.00,47.50000000,-122.50000000,E,13.973,24.379,135.691,-0.087,-0.053,-1.034,0.023,0.013,0.750,-9.826,-18.203,45.750,-0.094,-0.060,-1.041,0.029,0.089,0.791,-0.30,3.65
93162,253.85,0.000,F,0.00,0.00,47.50000000,-122.50000000,E,15.522,23.663,136.071,-0.088,-0.037,-1.048,0.031,-0.015,0.809,-8.330,-18.937,46.121,-0.094,-0.044,-1.056,0.037,0.061,0.850,0.02,3.79
93270,258.88,0.000,F,0.00,0.00,47.50000000,-122.50000000,E,16.808,22.640,136.071,0.021,-0.055,-1.051,0.003,0.039,0.806,-7.085,-19.987,46.105,0.014,-0.062,-1.059,0.010,0.116,0.847,-0.07,3.88
93378,263.48,0.000,F,0.00,0.00,47.50000000,-122.50000000,E,18.547,22.406,136.071,-0.042,-0.046,-0.934,0.025,0.052,0.736,-5.406,-20.233,46.093,-0.049,-0.053,-0.942,0.031,0.128,0.777,-0.41,3.99
93486,267.50,0.000,F,0.00,0.00,47.50000000,-122.50000000,E,19.965,21.412,136.217,-0.019,-0.107,-0.892,0.001,0.056,0.645,-4.036,-21.252,46.225,-0.026,-0.114,-0.900,0.007,0.133,0.686,-0.73,4.29
93595,271.31,0.000,F,0.00,0.00,47.50000000,-122.50000000,E,23.093,20.886,136.174,-0.103,-0.089,-1.015,-0.006,0.062,0.599,-1.016,-21.802,46.159,-0.109,-0.096,-1.022,0.001,0.139,0.640,-1.01,4.37
93703,276.76,0.000,F,0.00,0.00,47.50000000,-122.50000000,E,24.583,20.623,136.466,-0.072,-0.017,-1.011,0.009,-0.009,0.703,0.422,-22.074,46.446,-0.078,-0.024,-1.018,0.015,0.067,0.744,-0.63,4.12
93817,281.02,0.000,F,0.00,0.00,47.50000000,-122.50000000,E,25.563,20.886,136.422,0.044,-0.098,-0.979,-0.006,0.035,0.609,1.366,-21.809,46.398,0.038,-0.105,-0.987,0.000,0.111,0.651,-0.76,4.06
93925,285.63,0.000,F,0.00,0.00,47.50000000,-122.50000000,E,27.550,21.280,136.481,-0.084,-0.081,-0.957,0.035,-0.033,0.632,3.282,-21.414,46.450,-0.090,-0.088,-0.965,0.041,0.044,0.673,-0.72,4.09
94033,291.18,0.000,F,0.00,0.00,47.50000000,-122.50000000,E,28.398,21.193,136.276,0.144,-0.041,-0.931,0.004,-0.008,0.718,4.101,-21.508,46.237,0.138,-0.048,-0.939,0.010,0.068,0.759,-0.17,3.96
94141,295.07,0.000,F,0.00,0.00,47.50000000,-122.50000000,E,29.290,21.426,135.837,-0.045,-0.050,-0.997,-0.022,0.085,0.673,4.963,-21.277,45.788,-0.052,-0.057,-1.005,-0.016,0.162,0.714,-0.53,3.76
94249,299.44,0.000,F,0.00,0.00,47.50000000,-122.50000000,E,31.409,21.690,136.393,-0.143,-0.133,-1.014,0.012,-0.025,0.616,7.004,-21.011,46.344,-0.150,-0.140,-1.022,0.018,0.052,0.657,-0.65,3.97
94357,302.77,0.000,F,0.00,0.00,47.50000000,-122.50000000,E,32.271,22.113,136.466,-0.037,-0.067,-1.027,0.019,-0.050,0.556,7.833,-20.581,46.417,-0.043,-0.074,-1.034,0.025,0.027,0.597,-0.90,3.98
94465,308.29,0.000,F,0.00,0.00,47.50000000,-122.50000000,E,33.382,22.713,136.831,0.015,-0.083,-0.978,0.025,0.012,0.668,8.901,-19.971,46.788,0.009,-0.090,-0.985,0.031,0.089,0.709,-0.37,4.15
94573,312.90,0.000,F,0.00,0.00,47.50000000,-122.50000000,E,34.844,23.253,136.919,-0.063,-0.038,-0.977,0.015,-0.021,0.675,10.308,-19.423,46.874,-0.069,-0.045,-0.985,0.022,0.055,0.716,-0.37,4.14
94682,316.86,0.000,F,0.00,0.00,47.50000000,-122.50000000,E,37.080,24.540,136.349,-0.014,-0.078,-1.020,-0.009,-0.005,0.580,12.464,-18.124,46.294,-0.020,-0.085,-1.027,-0.003,0.072,0.621,-0.56,4.22
94790,320.65,0.000,F,0.00,0.00,47.50000000,-122.50000000,E,37.796,25.387,136.817,-0.102,-0.022,-1.019,-0.006,0.008,0.585,13.149,-17.257,46.772,-0.109,-0.029,-1.026,0.001,0.085,0.626,-0.60,3.99
94894,324.08,0.000,F,0.00,0.00,47.50000000,-122.50000000,E,38.688,26.206,136.656,0.006,-0.012,-0.995,0.026,-0.003,0.606,14.007,-16.426,46.611,-0.000,-0.019,-1.003,0.032,0.074,0.647,-0.64,3.76
94997,327.84,0.000,F,0.00,0.00,47.50000000,-122.50000000,E,39.053,26.907,136.451,-0.024,-0.068,-0.971,0.014,-0.013,0.590,14.358,-15.713,46.408,-0.031,-0.075,-0.979,0.020,0.064,0.631,-0.65,3.61
95105,332.38,0.000,F,0.00,0.00,47.50000000,-122.50000000,E,40.295,28.281,136.861,-0.110,-0.116,-1.018,0.000,-0.019,0.603,15.549,-14.311,46.829,-0.117,-0.124,-1.026,0.006,0.058,0.644,-0.59,3.76
95213,336.65,0.000,F,0.00,0.00,47.50000000,-122.50000000,E,40.968,28.997,137.255,-0.083,-0.058,-1.002,0.007,-0.023,0.563,16.192,-13.579,47.233,-0.090,-0.065,-1.009,0.013,0.054,0.604,-0.62,3.93
95321,340.55,0.000,F,0.00,0.00,47.50000000,-122.50000000,E,41.654,30.254,137.080,-0.027,-0.061,-1.012,-0.005,0.010,0.561,16.851,-12.300,47.062,-0.034,-0.068,-1.019,0.001,0.087,0.602,-0.62,3.90
95429,344.65,0.000,F,0.00,0.00,47.50000000,-122.50000000,E,42.444,31.687,137.094,0.016,-0.037,-1.016,0.004,0.002,0.572,17.607,-10.840,47.085,0.009,-0.044,-1.024,0.011,0.079,0.613,-0.56,3.87
95538,349.25,0.000,F,0.00,0.00,47.50000000,-122.50000000,E,42.415,32.681,136.583,-0.126,-0.106,-0.984,-0.000,-0.044,0.579,17.578,-9.829,46.575,-0.133,-0.113,-0.992,0.006,0.033,0.620,-0.54,3.95
95647,353.75,0.000,F,0.00,0.00,47.50000000,-122.50000000,E,42.619,34.098,137.182,0.051,-0.047,-0.989,0.000,-0.016,0.602,17.766,-8.377,47.195,0.044,-0.054,-0.996,0.006,0.060,0.643,-0.24,3.96
95756,358.12,0.000,F,0.00,0.00,47.50000000,-122.50000000,E,42.897,35.121,137.548,0.042,-0.016,-1.025,0.000,0.008,0.538,18.028,-7.330,47.574,0.035,-0.023,-1.032,0.007,0.084,0.579,-0.52,4.10
95861,2.54,0.000,F,0.00,0.00,47.50000000,-122.50000000,E,42.868,37.357,137.270,-0.093,-0.104,-0.990,-0.002,0.004,0.519,17.993,-5.049,47.312,-0.100,-0.111,-0.997,0.004,0.081,0.560,-0.70,4.24
95969,6.22,0.000,F,0.00,0.00,47.50000000,-122.50000000,E,43.628,38.337,137.708,-0.059,-0.061,-0.981,0.010,-0.022,0.545,18.720,-4.048,47.762,-0.066,-0.068,-0.988,0.016,0.055,0.586,-0.60,4.06
96077,10.59,0.000,F,0.00,0.00,47.50000000,-122.50000000,E,42.765,39.886,137.854,-0.031,-0.075,-0.984,-0.001,0.001,0.513,17.881,-2.462,47.929,-0.038,-0.082,-0.991,0.005,0.077,0.554,-0.62,4.17
96185,14.75,0.000,F,0.00,0.00,47.50000000,-122.50000000,E,42.531,40.734,137.738,-0.013,-0.058,-1.007,-0.002,0.002,0.503,17.653,-1.596,47.819,-0.019,-0.065,-1.014,0.004,0.079,0.544,-0.65,4.20
96293,19.55,0.000,F,0.00,0.00,47.50000000,-122.50000000,E,42.020,41.698,137.694,-0.153,-0.098,-0.992,-0.001,-0.007,0.414,17.155,-0.609,47.786,-0.160,-0.105,-1.000,0.006,0.070,0.455,-1.06,4.50
96401,23.40,0.000,F,0.00,0.00,47.50000000,-122.50000000,E,42.137,42.736,137.811,-0.087,-0.100,-0.991,0.000,-0.041,0.336,17.264,0.451,47.913,-0.093,-0.107,-0.998,0.006,0.035,0.377,-1.34,4.66
96509,26.63,0.000,F,0.00,0.00,47.50000000,-122.50000000,E,42.473,43.481,138.059,-0.033,-0.081,-0.989,0.001,-0.044,0.311,17.584,1.213,48.171,-0.040,-0.088,-0.996,0.007,0.033,0.352,-1.39,4.72
96618,31.90,0.000,F,0.00,0.00,47.50000000,-122.50000000,E,41.947,44.402,137.679,-0.176,-0.108,-0.897,-0.011,-0.035,0.066,17.074,2.152,47.795,-0.183,-0.115,-0.905,-0.004,0.042,0.107,-2.20,5.96
96726,33.11,0.000,F,0.00,0.00,47.50000000,-122.50000000,E,41.552,44.022,137.781,-0.079,-0.140,-1.027,-0.030,-0.071,-0.025,16.695,1.766,47.898,-0.086,-0.147,-1.035,-0.023,0.006,0.016,-2.37,5.85
96830,33.54,0.000,F,0.00,0.00,47.50000000,-122.50000000,E,41.464,44.139,138.176,-0.023,-0.115,-0.998,-0.008,-0.072,-0.033,16.607,1.890,48.301,-0.029,-0.122,-1.005,-0.002,0.004,0.009,-2.22,5.75
96938,34.27,0.000,F,0.00,0.00,47.50000000,-122.50000000,E,41.304,44.431,138.439,0.016,-0.081,-0.978,-0.010,-0.014,-0.038,16.450,2.191,48.572,0.010,-0.088,-0.986,-0.003,0.063,0.003,-2.09,5.73
97046,34.92,0.000,F,0.00,0.00,47.50000000,-122.50000000,E,41.318,44.519,138.483,-0.003,-0.085,-0.997,-0.009,-0.036,-0.037,16.463,2.281,48.617,-0.009,-0.092,-1.005,-0.003,0.041,0.004,-1.92,5.70
97155,35.49,0.000,F,0.00,0.00,47.50000000,-122.50000000,E,41.523,44.621,138.191,-0.018,-0.087,-0.986,-0.008,-0.057,-0.034,16.662,2.382,48.320,-0.024,-0.094,-0.994,-0.002,0.020,0.007,-1.84,5.65
97261,36.11,0.000,F,0.00,0.00,47.50000000,-122.50000000,E,41.260,44.899,137.884,-0.016,-0.088,-0.986,-0.013,-0.057,-0.031,16.409,2.664,48.012,-0.022,-0.095,-0.993,-0.007,0.020,0.010,-1.80,5.64
97369,36.67,0.000,F,0.00,0.00,47.50000000,-122.50000000,E,41.158,44.578,138.205,-0.013,-0.090,-0.995,-0.011,-0.063,-0.034,16.309,2.339,48.336,-0.020,-0.097,-1.002,-0.005,0.014,0.008,-1.73,5.61
97477,37.05,0.000,F,0.00,0.00,47.50000000,-122.50000000,E,42.166,44.461,138.527,-0.020,-0.093,-0.992,-0.013,-0.058,-0.028,17.281,2.218,48.656,-0.026,-0.100,-1.000,-0.007,0.019,0.013,-1.65,5.59
97586,37.29,0.000,F,0.00,0.00,47.50000000,-122.50000000,E,41.596,44.198,138.015,-0.022,-0.094,-0.992,-0.010,-0.068,-0.036,16.735,1.947,48.137,-0.029,-0.101,-1.000,-0.004,0.009,0.005,-1.59,5.56
97695,37.58,0.000,F,0.00,0.00,47.50000000,-122.50000000,E,41.362,44.651,137.942,-0.023,-0.094,-0.993,-0.013,-0.063,-0.031,16.508,2.410,48.068,-0.030,-0.102,-1.000,-0.007,0.013,0.010,-1.53,5.54
97803,37.96,0.000,F,0.00,0.00,47.50000000,-122.50000000,E,41.216,44.680,138.746,-0.025,-0.095,-0.990,-0.011,-0.062,-0.030,16.362,2.448,48.886,-0.032,-0.102,-0.998,-0.005,0.015,0.011,-1.47,5.52
97907,38.09,0.000,F,0.00,0.00,47.50000000,-122.50000000,E,41.128,44.022,138.205,-0.021,-0.092,-0.981,-0.013,-0.062,-0.030,16.283,1.772,48.331,-0.028,-0.099,-0.989,-0.006,0.015,0.011,-1.42,5.49
98015,38.19,0.000,F,0.00,0.00,47.50000000,-122.50000000,E,41.479,44.037,138.454,-0.023,-0.092,-0.995,-0.012,-0.065,-0.033,16.620,1.787,48.582,-0.030,-0.100,-1.003,-0.005,0.012,0.008,-1.37,5.47
98123,38.25,0.000,F,0.00,0.00,47.50000000,-122.50000000,E,41.260,43.905,138.556,-0.025,-0.092,-0.992,-0.010,-0.064,-0.032,16.409,1.655,48.686,-0.031,-0.100,-1.000,-0.004,0.012,0.009,-1.33,5.46
98231,38.42,0.000,F,0.00,0.00,47.50000000,-122.50000000,E,42.108,44.125,138.074,-0.037,-0.083,-1.018,-0.016,-0.059,-0.032,17.228,1.871,48.193,-0.044,-0.090,-1.025,-0.009,0.018,0.009,-1.50,5.48
98339,38.47,0.000,F,0.00,0.00,47.50000000,-122.50000000,E,42.371,44.841,138.395,-0.030,-0.083,-0.998,-0.009,-0.065,-0.031,17.478,2.604,48.525,-0.036,-0.090,-1.005,-0.002,0.012,0.010,-1.51,5.50
98447,38.69,0.000,F,0.00,0.00,47.50000000,-122.50000000,E,42.049,44.125,138.074,-0.042,-0.078,-0.965,-0.022,-0.052,-0.035,17.172,1.871,48.193,-0.048,-0.085,-0.972,-0.016,0.025,0.006,-1.47,5.50
98556,38.69,0.000,F,0.00,0.00,47.50000000,-122.50000000,E,41.728,44.183,137.811,-0.029,-0.090,-0.996,-0.011,-0.059,-0.030,16.863,1.930,47.928,-0.036,-0.097,-1.004,-0.004,0.017,0.011,-1.39,5.49
98664,38.80,0.000,F,0.00,0.00,47.50000000,-122.50000000,E,41.961,44.680,138.176,-0.026,-0.093,-0.981,-0.009,-0.083,-0.032,17.085,2.440,48.303,-0.033,-0.100,-0.988,-0.002,-0.006,0.009,-1.43,5.49
98772,38.80,0.000,F,0.00,0.00,47.50000000,-122.50000000,E,41.713,43.569,138.118,-0.023,-0.099,-1.021,-0.002,-0.070,-0.030,16.850,1.306,48.235,-0.030,-0.106,-1.028,0.004,0.007,0.011,-1.44,5.47
98877,38.78,0.000,F,0.00,0.00,47.50000000,-122.50000000,E,41.684,44.212,137.650,-0.041,-0.098,-0.997,-0.014,-0.067,-0.029,16.822,1.959,47.765,-0.048,-0.105,-1.004,-0.008,0.009,0.012,-1.50,5.47
98985,38.79,0.000,F,0.00,0.00,47.50000000,-122.50000000,E,41.172,43.861,137.548,-0.023,-0.096,-1.006,-0.014,-0.055,-0.036,16.330,1.602,47.661,-0.030,-0.103,-1.013,-0.008,0.022,0.005,-1.48,5.47
99093,38.85,0.000,F,0.00,0.00,47.50000000,-122.50000000,E,41.552,44.183,137.898,-0.022,-0.089,-0.987,-0.018,-0.053,-0.036,16.693,1.931,48.018,-0.028,-0.096,-0.994,-0.012,0.024,0.005,-1.45,5.46
99202,38.84,0.000,F,0.00,0.00,47.50000000,-122.50000000,E,41.611,44.037,137.343,-0.032,-0.093,-0.993,-0.011,-0.065,-0.031,16.753,1.777,47.452,-0.038,-0.100,-1.001,-0.005,0.011,0.010,-1.43,5.46
99310,39.00,0.000,F,0.00,0.00,47.50000000,-122.50000000,E,41.903,44.636,137.621,-0.027,-0.095,-0.987,-0.008,-0.072,-0.032,17.032,2.390,47.738,-0.034,-0.102,-0.995,-0.002,0.005,0.009,-1.45,5.47
99419,39.10,0.000,F,0.00,0.00,47.50000000,-122.50000000,E,41.830,44.475,138.278,-0.026,-0.091,-0.983,-0.011,-0.063,-0.030,16.958,2.232,48.406,-0.032,-0.098,-0.991,-0.005,0.013,0.011,-1.45,5.47
99527,39.19,0.000,F,0.00,0.00,47.50000000,-122.50000000,E,42.034,43.803,138.936,-0.025,-0.097,-1.015,-0.009,-0.067,-0.030,17.155,1.551,49.067,-0.032,-0.104,-1.022,-0.003,0.009,0.011,-1.43,5.47
99647,39.10,0.000,F,0.00,0.00,47.50000000,-122.50000000,E,42.064,43.964,137.825,-0.027,-0.095,-0.987,-0.010,-0.073,-0.030,17.188,1.705,47.939,-0.033,-0.102,-0.995,-0.004,0.004,0.011,-1.49,5.49
99748,39.05,0.000,F,0.00,0.00,47.50000000,-122.50000000,E,42.005,44.198,137.986,-0.027,-0.093,-0.991,-0.010,-0.068,-0.029,17.130,1.945,48.105,-0.034,-0.100,-0.999,-0.003,0.009,0.012,-1.53,5.49
99853,38.98,0.000,F,0.00,0.00,47.50000000,-122.50000000,E,42.108,43.481,138.264,-0.029,-0.092,-0.995,-0.010,-0.070,-0.033,17.230,1.216,48.380,-0.036,-0.099,-1.003,-0.004,0.007,0.008,-1.57,5.50
99961,38.89,0.000,F,0.00,0.00,47.50000000,-122.50000000,E,41.961,43.949,138.132,-0.038,-0.094,-0.987,-0.009,-0.075,-0.028,17.088,1.693,48.252,-0.044,-0.101,-0.994,-0.003,0.002,0.013,-1.63,5.50
100069,38.94,0.000,F,0.00,0.00,47.50000000,-122.50000000,E,41.464,43.964,138.001,-0.034,-0.094,-0.990,-0.013,-0.066,-0.032,16.609,1.709,48.121,-0.041,-0.101,-0.997,-0.006,0.011,0.009,-1.69,5.51
100177,38.90,0.000,F,0.00,0.00,47.50000000,-122.50000000,E,42.224,43.847,138.424,-0.037,-0.094,-0.995,-0.011,-0.062,-0.033,17.340,1.590,48.546,-0.043,-0.101,-1.002,-0.005,0.015,0.009,-1.73,5.51
100285,38.80,0.000,F,0.00,0.00,47.50000000,-122.50000000,E,42.166,43.715,138.132,-0.032,-0.094,-0.994,-0.011,-0.062,-0.031,17.286,1.454,48.249,-0.039,-0.101,-1.001,-0.005,0.015,0.010,-1.71,5.50
100393,38.62,0.000,F,0.00,0.00,47.50000000,-122.50000000,E,42.181,43.423,138.351,-0.034,-0.092,-0.990,-0.012,-0.063,-0.034,17.300,1.157,48.469,-0.041,-0.099,-0.997,-0.005,0.014,0.008,-1.73,5.50
100501,38.58,0.000,F,0.00,0.00,47.50000000,-122.50000000,E,42.166,43.861,138.410,-0.035,-0.095,-0.997,-0.012,-0.055,-0.030,17.284,1.605,48.532,-0.042,-0.102,-1.004,-0.006,0.022,0.011,-1.73,5.49
100609,38.58,0.000,F,0.00,0.00,47.50000000,-122.50000000,E,42.385,44.110,138.088,-0.035,-0.094,-0.991,-0.011,-0.061,-0.031,17.496,1.855,48.206,-0.042,-0.102,-0.999,-0.005,0.016,0.010,-1.73,5.49
100717,38.63,0.000,F,0.00,0.00,47.50000000,-122.50000000,E,41.508,44.125,138.001,-0.035,-0.094,-0.990,-0.012,-0.061,-0.030,16.651,1.873,48.122,-0.042,-0.101,-0.997,-0.006,0.015,0.011,-1.75,5.50
100826,38.73,0.000,F,0.00,0.00,47.50000000,-122.50000000,E,42.210,43.905,137.942,-0.032,-0.094,-0.992,-0.011,-0.064,-0.033,17.329,1.646,48.057,-0.039,-0.101,-0.999,-0.005,0.013,0.008,-1.75,5.49
100935,38.71,0.000,F,0.00,0.00,47.50000000,-122.50000000,E,42.590,44.066,138.118,-0.037,-0.098,-0.990,-0.010,-0.060,-0.034,17.694,1.810,48.235,-0.044,-0.105,-0.998,-0.004,0.017,0.007,-1.75,5.49
101043,38.73,0.000,F,0.00,0.00,47.50000000,-122.50000000,E,42.181,44.285,137.708,-0.033,-0.099,-0.995,-0.017,-0.053,-0.033,17.300,2.032,47.823,-0.039,-0.106,-1.003,-0.010,0.023,0.009,-1.68,5.48
101151,38.72,0.000,F,0.00,0.00,47.50000000,-122.50000000,E,42.254,43.847,138.001,-0.033,-0.094,-1.001,-0.013,-0.052,-0.032,17.371,1.586,48.116,-0.039,-0.102,-1.008,-0.007,0.025,0.009,-1.68,5.47
101259,38.62,0.000,F,0.00,0.00,47.50000000,-122.50000000,E,42.575,43.788,138.410,-0.031,-0.091,-0.994,-0.011,-0.062,-0.034,17.679,1.529,48.529,-0.038,-0.098,-1.002,-0.004,0.014,0.007,-1.68,5.48
101368,38.72,0.000,F,0.00,0.00,47.50000000,-122.50000000,E,42.181,44.431,137.577,-0.036,-0.091,-0.980,-0.018,-0.047,-0.032,17.301,2.180,47.690,-0.042,-0.098,-0.987,-0.011,0.030,0.009,-1.72,5.49
101476,38.81,0.000,F,0.00,0.00,47.50000000,-122.50000000,E,42.327,44.344,138.264,-0.035,-0.092,-0.983,-0.013,-0.058,-0.030,17.438,2.096,48.387,-0.041,-0.099,-0.990,-0.006,0.019,0.012,-1.68,5.48
101584,38.73,0.000,F,0.00,0.00,47.50000000,-122.50000000,E,42.385,43.891,137.738,-0.032,-0.093,-0.992,-0.013,-0.056,-0.035,17.499,1.628,47.848,-0.039,-0.101,-1.000,-0.007,0.021,0.006,-1.65,5.48
101693,38.79,0.000,F,0.00,0.00,47.50000000,-122.50000000,E,42.371,43.861,137.679,-0.032,-0.094,-0.994,-0.013,-0.062,-0.031,17.485,1.598,47.788,-0.039,-0.102,-1.002,-0.007,0.015,0.010,-1.64,5.48
101793,38.69,0.000,F,0.00,0.00,47.50000000,-122.50000000,E,42.312,43.569,137.708,-0.032,-0.092,-0.987,-0.011,-0.060,-0.033,17.430,1.300,47.816,-0.039,-0.099,-0.995,-0.005,0.017,0.008,-1.66,5.48
101900,38.55,0.000,F,0.00,0.00,47.50000000,-122.50000000,E,42.385,44.154,138.366,-0.031,-0.092,-0.992,-0.011,-0.070,-0.033,17.495,1.903,48.489,-0.038,-0.099,-0.999,-0.005,0.007,0.009,-1.66,5.48
102008,38.53,0.000,F,0.00,0.00,47.50000000,-122.50000000,E,42.721,43.555,137.518,-0.035,-0.093,-0.988,-0.013,-0.061,-0.031,17.826,1.282,47.620,-0.041,-0.100,-0.995,-0.006,0.016,0.010,-1.66,5.47
102116,38.42,0.000,F,0.00,0.00,47.50000000,-122.50000000,E,42.473,44.154,138.804,-0.037,-0.092,-0.989,-0.010,-0.069,-0.034,17.577,1.906,48.934,-0.044,-0.099,-0.996,-0.004,0.007,0.008,-1.68,5.48
102224,38.42,0.000,F,0.00,0.00,47.50000000,-122.50000000,E,42.517,43.847,138.176,-0.034,-0.092,-0.993,-0.012,-0.066,-0.030,17.624,1.587,48.292,-0.041,-0.099,-1.001,-0.006,0.011,0.011,-1.68,5.48
102332,38.45,0.000,F,0.00,0.00,47.50000000,-122.50000000,E,42.078,44.022,138.205,-0.037,-0.097,-0.986,-0.010,-0.064,-0.033,17.200,1.768,48.326,-0.044,-0.104,-0.993,-0.004,0.013,0.008,-1.68,5.48
102440,38.43,0.000,F,0.00,0.00,47.50000000,-122.50000000,E,42.327,43.803,138.015,-0.035,-0.096,-0.995,-0.011,-0.064,-0.030,17.442,1.541,48.130,-0.042,-0.103,-1.002,-0.005,0.013,0.011,-1.69,5.48
102548,38.47,0.000,F,0.00,0.00,47.50000000,-122.50000000,E,42.575,44.271,137.942,-0.033,-0.094,-0.987,-0.012,-0.061,-0.032,17.680,2.017,48.058,-0.040,-0.101,-0.994,-0.006,0.016,0.009,-1.71,5.49
102656,38.41,0.000,F,0.00,0.00,47.50000000,-122.50000000,E,42.093,43.701,137.767,-0.033,-0.094,-0.992,-0.013,-0.058,-0.033,17.218,1.436,47.877,-0.039,-0.101,-0.999,-0.006,0.018,0.008,-1.69,5.48
102756,38.31,0.000,F,0.00,0.00,47.50000000,-122.50000000,E,42.151,43.657,137.928,-0.034,-0.092,-0.988,-0.011,-0.063,-0.033,17.273,1.392,48.040,-0.040,-0.099,-0.996,-0.005,0.013,0.009,-1.67,5.48
102864,38.29,0.000,F,0.00,0.00,47.50000000,-122.50000000,E,42.078,43.818,137.548,-0.033,-0.094,-0.984,-0.013,-0.059,-0.030,17.204,1.553,47.656,-0.040,-0.101,-0.992,-0.007,0.018,0.011,-1.67,5.48
102972,38.30,0.000,F,0.00,0.00,47.50000000,-122.50000000,E,42.634,43.642,137.065,-0.030,-0.094,-0.994,-0.012,-0.055,-0.036,17.744,1.368,47.161,-0.037,-0.102,-1.001,-0.006,0.021,0.005,-1.65,5.47
103080,38.14,0.000,F,0.00,0.00,47.50000000,-122.50000000,E,42.531,43.701,137.431,-0.034,-0.094,-0.992,-0.012,-0.062,-0.031,17.643,1.431,47.533,-0.041,-0.102,-1.000,-0.005,0.015,0.010,-1.64,5.47
103188,38.09,0.000,F,0.00,0.00,47.50000000,-122.50000000,E,41.830,44.022,138.220,-0.033,-0.094,-0.991,-0.012,-0.061,-0.030,16.960,1.769,48.342,-0.040,-0.101,-0.999,-0.005,0.016,0.012,-1.63,5.47
103296,38.24,0.000,F,0.00,0.00,47.50000000,-122.50000000,E,41.961,44.505,137.387,-0.029,-0.092,-0.994,-0.009,-0.064,-0.034,17.090,2.254,47.499,-0.035,-0.099,-1.001,-0.002,0.012,0.008,-1.61,5.46
103404,38.37,0.000,F,0.00,0.00,47.50000000,-122.50000000,E,42.122,44.081,136.977,-0.034,-0.093,-0.989,-0.013,-0.066,-0.030,17.249,1.817,47.079,-0.040,-0.100,-0.996,-0.006,0.011,0.011,-1.60,5.46
103512,38.45,0.000,F,0.00,0.00,47.50000000,-122.50000000,E,41.874,44.256,137.854,-0.032,-0.093,-0.991,-0.012,-0.063,-0.031,17.004,2.004,47.973,-0.039,-0.100,-0.998,-0.005,0.014,0.010,-1.61,5.46
103621,38.42,0.000,F,0.00,0.00,47.50000000,-122.50000000,E,42.122,43.671,137.650,-0.032,-0.093,-0.991,-0.011,-0.060,-0.032,17.247,1.405,47.758,-0.039,-0.100,-0.999,-0.004,0.017,0.009,-1.59,5.45
103729,38.27,0.000,F,0.00,0.00,47.50000000,-122.50000000,E,42.283,43.584,137.474,-0.028,-0.092,-0.987,-0.009,-0.065,-0.034,17.403,1.313,47.578,-0.035,-0.099,-0.995,-0.003,0.012,0.008,-1.60,5.45
103838,38.24,0.000,F,0.00,0.00,47.50000000,-122.50000000,E,42.327,43.978,137.942,-0.031,-0.094,-0.991,-0.011,-0.062,-0.034,17.441,1.720,48.057,-0.038,-0.101,-0.998,-0.005,0.015,0.007,-1.62,5.46
103943,38.12,0.000,F,0.00,0.00,47.50000000,-122.50000000,E,42.531,43.715,137.299,-0.026,-0.094,-0.997,-0.012,-0.067,-0.033,17.643,1.445,47.400,-0.033,-0.102,-1.004,-0.005,0.010,0.008,-1.60,5.45
104052,38.14,0.000,F,0.00,0.00,47.50000000,-122.50000000,E,41.859,43.876,137.343,-0.028,-0.096,-0.993,-0.009,-0.072,-0.031,16.994,1.612,47.450,-0.035,-0.103,-1.000,-0.003,0.004,0.010,-1.62,5.46
104155,38.16,0.000,F,0.00,0.00,47.50000000,-122.50000000,E,42.707,43.978,137.767,-0.030,-0.096,-0.996,-0.012,-0.062,-0.033,17.809,1.717,47.877,-0.037,-0.103,-1.003,-0.006,0.015,0.009,-1.65,5.47
104263,38.13,0.000,F,0.00,0.00,47.50000000,-122.50000000,E,41.728,43.818,137.650,-0.031,-0.094,-0.993,-0.011,-0.063,-0.033,16.865,1.555,47.762,-0.038,-0.101,-1.000,-0.004,0.014,0.008,-1.64,5.47
104371,38.17,0.000,F,0.00,0.00,47.50000000,-122.50000000,E,42.210,43.978,138.015,-0.026,-0.093,-0.993,-0.013,-0.056,-0.031,17.328,1.721,48.132,-0.032,-0.100,-1.000,-0.007,0.021,0.010,-1.67,5.47
104479,38.18,0.000,F,0.00,0.00,47.50000000,-122.50000000,E,42.400,43.701,137.270,-0.030,-0.095,-0.995,-0.010,-0.071,-0.031,17.517,1.430,47.371,-0.037,-0.102,-1.003,-0.003,0.006,0.010,-1.69,5.48
104587,38.12,0.000,F,0.00,0.00,47.50000000,-122.50000000,E,42.473,43.861,138.439,-0.034,-0.091,-0.993,-0.018,-0.045,-0.031,17.580,1.604,48.560,-0.041,-0.099,-1.001,-0.011,0.032,0.010,-1.71,5.48
104687,38.07,0.000,F,0.00,0.00,47.50000000,-122.50000000,E,41.991,43.511,137.840,-0.030,-0.090,-0.993,-0.017,-0.047,-0.035,17.119,1.243,47.951,-0.037,-0.097,-1.001,-0.010,0.030,0.006,-1.63,5.46
104795,38.01,0.000,F,0.00,0.00,47.50000000,-122.50000000,E,41.961,43.759,137.241,-0.036,-0.095,-0.977,-0.010,-0.074,-0.031,17.093,1.491,47.344,-0.042,-0.102,-0.984,-0.003,0.003,0.010,-1.63,5.46
104900,38.04,0.000,F,0.00,0.00,47.50000000,-122.50000000,E,42.268,44.037,137.664,-0.033,-0.093,-0.993,-0.012,-0.062,-0.031,17.386,1.777,47.776,-0.040,-0.100,-1.000,-0.006,0.015,0.010,-1.65,5.46
105008,38.01,0.000,F,0.00,0.00,47.50000000,-122.50000000,E,42.531,43.876,137.679,-0.031,-0.095,-0.997,-0.014,-0.047,-0.035,17.641,1.612,47.788,-0.037,-0.102,-1.004,-0.008,0.030,0.006,-1.56,5.45
105116,38.00,0.000,F,0.00,0.00,47.50000000,-122.50000000,E,42.078,43.935,137.431,-0.030,-0.096,-0.985,-0.011,-0.060,-0.031,17.205,1.672,47.538,-0.037,-0.104,-0.993,-0.004,0.017,0.010,-1.53,5.44
105224,38.02,0.000,F,0.00,0.00,47.50000000,-122.50000000,E,42.502,44.139,137.416,-0.032,-0.093,-1.003,-0.011,-0.062,-0.033,17.613,1.879,47.523,-0.038,-0.100,-1.011,-0.005,0.015,0.008,-1.52,5.44
105332,37.96,0.000,F,0.00,0.00,47.50000000,-122.50000000,E,42.254,43.715,137.986,-0.031,-0.091,-0.992,-0.013,-0.062,-0.030,17.372,1.452,48.100,-0.038,-0.098,-0.999,-0.007,0.015,0.012,-1.56,5.46
105440,37.91,0.000,F,0.00,0.00,47.50000000,-122.50000000,E,42.809,43.686,137.577,-0.035,-0.094,-0.992,-0.009,-0.070,-0.031,17.910,1.416,47.680,-0.042,-0.102,-0.999,-0.002,0.007,0.010,-1.60,5.47
105548,37.77,0.000,F,0.00,0.00,47.50000000,-122.50000000,E,42.458,43.686,137.314,-0.031,-0.089,-0.990,-0.014,-0.059,-0.035,17.573,1.415,47.415,-0.038,-0.096,-0.998,-0.007,0.017,0.006,-1.60,5.47
105657,37.75,0.000,F,0.00,0.00,47.50000000,-122.50000000,E,42.488,44.388,137.621,-0.034,-0.095,-0.996,-0.012,-0.061,-0.034,17.597,2.134,47.733,-0.040,-0.102,-1.004,-0.005,0.016,0.008,-1.59,5.47
105765,37.85,0.000,F,0.00,0.00,47.50000000,-122.50000000,E,42.151,43.715,138.702,-0.031,-0.095,-0.991,-0.013,-0.055,-0.031,17.269,1.459,48.828,-0.038,-0.103,-0.999,-0.007,0.022,0.010,-1.58,5.47
105873,37.84,0.000,F,0.00,0.00,47.50000000,-122.50000000,E,42.619,43.847,138.308,-0.031,-0.096,-0.989,-0.010,-0.055,-0.034,17.722,1.588,48.425,-0.038,-0.103,-0.996,-0.004,0.022,0.007,-1.57,5.47
105981,37.81,0.000,F,0.00,0.00,47.50000000,-122.50000000,E,42.751,43.993,137.460,-0.032,-0.092,-0.995,-0.016,-0.040,-0.034,17.853,1.729,47.565,-0.039,-0.099,-1.002,-0.010,0.037,0.007,-1.45,5.45
106090,37.77,0.000,F,0.00,0.00,47.50000000,-122.50000000,E,42.020,43.715,138.439,-0.031,-0.095,-0.991,-0.007,-0.086,-0.028,17.144,1.457,48.561,-0.037,-0.102,-0.998,-0.001,-0.009,0.013,-1.37,5.43
106198,37.84,0.000,F,0.00,0.00,47.50000000,-122.50000000,E,42.064,44.183,138.205,-0.027,-0.096,-0.992,-0.011,-0.062,-0.031,17.185,1.932,48.328,-0.034,-0.103,-1.000,-0.005,0.015,0.010,-1.28,5.40
106306,37.90,0.000,F,0.00,0.00,47.50000000,-122.50000000,E,42.327,44.066,138.264,-0.029,-0.094,-0.985,-0.011,-0.066,-0.033,17.439,1.812,48.384,-0.036,-0.101,-0.993,-0.004,0.011,0.008,-1.26,5.40
106413,37.87,0.000,F,0.00,0.00,47.50000000,-122.50000000,E,42.064,43.861,138.308,-0.025,-0.094,-0.994,-0.010,-0.067,-0.036,17.186,1.605,48.429,-0.032,-0.101,-1.002,-0.003,0.010,0.005,-1.26,5.39
106521,37.82,0.000,F,0.00,0.00,47.50000000,-122.50000000,E,42.224,43.832,138.220,-0.023,-0.095,-1.007,-0.018,-0.044,-0.033,17.342,1.574,48.338,-0.030,-0.102,-1.015,-0.012,0.033,0.009,-1.16,5.37
106629,37.83,0.000,F,0.00,0.00,47.50000000,-122.50000000,E,41.757,44.022,138.439,-0.028,-0.097,-0.993,-0.006,-0.078,-0.034,16.888,1.771,48.565,-0.035,-0.105,-1.001,0.000,-0.001,0.007,-1.16,5.37
106737,37.93,0.000,F,0.00,0.00,47.50000000,-122.50000000,E,41.888,44.212,137.781,-0.035,-0.095,-0.968,-0.007,-0.078,-0.029,17.018,1.959,47.898,-0.041,-0.103,-0.975,-0.001,-0.001,0.012,-1.20,5.39
106845,37.96,0.000,F,0.00,0.00,47.50000000,-122.50000000,E,42.020,43.759,137.650,-0.035,-0.091,-0.973,0.000,-0.085,-0.028,17.148,1.495,47.760,-0.041,-0.099,-0.981,0.007,-0.008,0.013,-1.24,5.40
106950,37.92,0.000,F,0.00,0.00,47.50000000,-122.50000000,E,42.151,44.198,137.869,-0.023,-0.088,-0.979,-0.006,-0.068,-0.027,17.272,1.944,47.986,-0.029,-0.096,-0.986,-0.000,0.008,0.014,-1.24,5.38
107058,38.05,0.000,F,0.00,0.00,47.50000000,-122.50000000,E,41.596,44.081,138.454,-0.005,-0.086,-0.973,-0.031,-0.011,-0.038,16.733,1.832,48.582,-0.012,-0.093,-0.980,-0.025,0.066,0.003,-1.22,5.39
107166,38.10,0.000,F,0.00,0.00,47.50000000,-122.50000000,E,42.400,44.198,138.702,-0.024,-0.094,-1.019,-0.024,-0.043,-0.035,17.507,1.950,48.831,-0.031,-0.101,-1.026,-0.017,0.034,0.006,-1.21,5.38
107275,38.18,0.000,F,0.00,0.00,47.50000000,-122.50000000,E,42.224,44.300,138.658,-0.027,-0.095,-0.962,-0.004,-0.066,-0.033,17.337,2.055,48.788,-0.033,-0.102,-0.970,0.002,0.011,0.009,-1.21,5.39
107383,38.15,0.000,F,0.00,0.00,47.50000000,-122.50000000,E,42.034,43.861,138.001,-0.030,-0.095,-1.000,-0.019,-0.056,-0.030,17.159,1.602,48.117,-0.036,-0.102,-1.007,-0.013,0.020,0.011,-1.19,5.38
107492,38.11,0.000,F,0.00,0.00,47.50000000,-122.50000000,E,42.210,44.051,137.971,-0.021,-0.095,-0.987,-0.001,-0.078,-0.030,17.328,1.795,48.088,-0.028,-0.103,-0.995,0.006,-0.001,0.011,-1.19,5.39
107600,38.20,0.000,F,0.00,0.00,47.50000000,-122.50000000,E,41.450,44.212,138.220,-0.023,-0.095,-1.012,-0.008,-0.088,-0.032,16.593,1.965,48.346,-0.029,-0.102,-1.019,-0.001,-0.011,0.009,-1.17,5.37
107708,38.33,0.000,F,0.00,0.00,47.50000000,-122.50000000,E,42.166,44.241,138.132,-0.033,-0.094,-0.957,-0.003,-0.087,-0.031,17.284,1.991,48.253,-0.040,-0.102,-0.965,0.004,-0.010,0.010,-1.31,5.41
107817,38.38,0.000,F,0.00,0.00,47.50000000,-122.50000000,E,42.020,43.891,138.337,-0.031,-0.091,-0.982,-0.009,-0.076,-0.030,17.143,1.635,48.459,-0.038,-0.099,-0.990,-0.002,0.001,0.011,-1.37,5.41
107922,38.39,0.000,F,0.00,0.00,47.50000000,-122.50000000,E,42.122,44.490,138.351,-0.025,-0.094,-0.992,-0.013,-0.054,-0.033,17.240,2.247,48.478,-0.032,-0.101,-1.000,-0.007,0.023,0.009,-1.35,5.41
108030,38.51,0.000,F,0.00,0.00,47.50000000,-122.50000000,E,42.122,44.388,138.103,-0.030,-0.089,-0.984,-0.010,-0.064,-0.028,17.241,2.140,48.225,-0.036,-0.096,-0.992,-0.003,0.012,0.013,-1.33,5.39
108138,38.57,0.000,F,0.00,0.00,47.50000000,-122.50000000,E,41.757,43.964,138.366,-0.030,-0.094,-0.997,-0.013,-0.060,-0.035,16.889,1.711,48.491,-0.036,-0.101,-1.004,-0.007,0.017,0.006,-1.31,5.40
108246,38.66,0.000,F,0.00,0.00,47.50000000,-122.50000000,E,42.195,44.578,138.351,-0.033,-0.093,-0.993,-0.015,-0.052,-0.033,17.310,2.336,48.479,-0.039,-0.101,-1.000,-0.008,0.024,0.009,-1.36,5.40
108354,38.75,0.000,F,0.00,0.00,47.50000000,-122.50000000,E,42.137,44.402,137.781,-0.030,-0.091,-0.986,-0.014,-0.042,-0.033,17.257,2.152,47.898,-0.036,-0.098,-0.994,-0.008,0.035,0.009,-1.32,5.40
108462,38.71,0.000,F,0.00,0.00,47.50000000,-122.50000000,E,42.268,44.095,137.840,-0.039,-0.095,-1.009,-0.015,-0.027,-0.033,17.385,1.839,47.954,-0.046,-0.102,-1.016,-0.008,0.050,0.008,-1.25,5.38
108570,38.82,0.000,F,0.00,0.00,47.50000000,-122.50000000,E,41.114,44.285,138.410,-0.026,-0.090,-1.006,-0.014,-0.047,-0.034,16.267,2.042,48.542,-0.032,-0.097,-1.013,-0.008,0.030,0.007,-1.22,5.38
108673,38.80,0.000,F,0.00,0.00,47.50000000,-122.50000000,E,41.771,43.920,138.220,-0.034,-0.090,-0.997,-0.007,-0.068,-0.031,16.904,1.665,48.342,-0.040,-0.097,-1.004,-0.000,0.009,0.010,-1.23,5.39
108781,38.79,0.000,F,0.00,0.00,47.50000000,-122.50000000,E,42.093,44.227,137.738,-0.025,-0.088,-0.972,-0.007,-0.068,-0.033,17.216,1.973,47.852,-0.032,-0.095,-0.979,-0.001,0.008,0.008,-1.23,5.40
108896,38.93,0.000,F,0.00,0.00,47.50000000,-122.50000000,E,42.064,44.358,137.825,-0.011,-0.100,-0.989,-0.011,-0.071,-0.034,17.187,2.108,47.943,-0.018,-0.107,-0.997,-0.005,0.006,0.008,-1.33,5.42
109004,38.93,0.000,F,0.00,0.00,47.50000000,-122.50000000,E,42.239,44.505,137.036,-0.023,-0.091,-0.985,-0.013,-0.044,-0.035,17.360,2.249,47.141,-0.030,-0.098,-0.992,-0.007,0.033,0.006,-1.23,5.39
109112,38.91,0.000,F,0.00,0.00,47.50000000,-122.50000000,E,42.020,43.905,137.664,-0.027,-0.095,-1.008,-0.018,-0.058,-0.033,17.147,1.644,47.776,-0.033,-0.102,-1.016,-0.012,0.019,0.009,-1.23,5.39
109220,38.78,0.000,F,0.00,0.00,47.50000000,-122.50000000,E,42.312,44.022,137.752,-0.025,-0.092,-0.988,-0.011,-0.062,-0.032,17.428,1.763,47.864,-0.032,-0.099,-0.995,-0.005,0.015,0.009,-1.23,5.39
109329,38.73,0.000,F,0.00,0.00,47.50000000,-122.50000000,E,42.400,44.358,138.556,-0.022,-0.094,-0.993,-0.018,-0.048,-0.034,17.507,2.113,48.684,-0.029,-0.101,-1.001,-0.012,0.029,0.007,-1.22,5.39
109437,38.78,0.000,F,0.00,0.00,47.50000000,-122.50000000,E,42.151,44.636,138.191,-0.014,-0.091,-0.974,-0.003,-0.082,-0.034,17.268,2.394,48.316,-0.021,-0.098,-0.982,0.004,-0.005,0.007,-1.15,5.36
109545,38.82,0.000,F,0.00,0.00,47.50000000,-122.50000000,E,42.122,44.373,137.811,-0.024,-0.091,-0.993,-0.007,-0.079,-0.030,17.243,2.123,47.928,-0.030,-0.098,-1.000,-0.001,-0.003,0.011,-1.21,5.37
109653,38.87,0.000,F,0.00,0.00,47.50000000,-122.50000000,E,41.450,44.198,137.548,-0.033,-0.095,-0.986,-0.003,-0.079,-0.031,16.597,1.944,47.663,-0.039,-0.102,-0.994,0.003,-0.002,0.010,-1.27,5.39
109761,38.92,0.000,F,0.00,0.00,47.50000000,-122.50000000,E,42.488,44.475,137.577,-0.021,-0.088,-0.997,-0.015,-0.039,-0.033,17.596,2.223,47.689,-0.027,-0.095,-1.004,-0.009,0.038,0.009,-1.19,5.38
109869,38.92,0.000,F,0.00,0.00,47.50000000,-122.50000000,E,41.581,44.256,137.065,-0.020,-0.087,-0.974,-0.010,-0.072,-0.031,16.726,1.999,47.172,-0.027,-0.094,-0.982,-0.003,0.005,0.010,-1.17,5.38
109973,38.68,0.000,F,0.00,0.00,47.50000000,-122.50000000,E,41.947,43.657,137.474,-0.010,-0.092,-1.021,-0.003,-0.085,-0.030,17.078,1.389,47.581,-0.017,-0.099,-1.029,0.003,-0.008,0.011,-1.11,5.35
110082,38.65,0.000,F,0.00,0.00,47.50000000,-122.50000000,E,42.049,43.920,137.898,-0.026,-0.092,-0.985,-0.011,-0.066,-0.030,17.174,1.661,48.013,-0.033,-0.099,-0.993,-0.004,0.011,0.011,-1.16,5.38
110190,38.53,0.000,F,0.00,0.00,47.50000000,-122.50000000,E,42.619,43.803,138.527,-0.028,-0.092,-0.990,0.005,-0.108,-0.027,17.721,1.545,48.648,-0.035,-0.099,-0.997,0.011,-0.031,0.014,-1.19,5.38
110298,38.44,0.000,F,0.00,0.00,47.50000000,-122.50000000,E,42.268,43.935,137.971,-0.036,-0.090,-0.985,-0.022,-0.045,-0.033,17.385,1.676,48.087,-0.043,-0.097,-0.993,-0.016,0.032,0.008,-1.27,5.39
110406,38.34,0.000,F,0.00,0.00,47.50000000,-122.50000000,E,42.283,44.066,137.621,-0.031,-0.082,-1.022,-0.019,-0.063,-0.033,17.400,1.807,47.731,-0.037,-0.090,-1.030,-0.013,0.014,0.008,-1.16,5.35
110514,38.37,0.000,F,0.00,0.00,47.50000000,-122.50000000,E,42.005,44.373,138.410,-0.032,-0.088,-0.990,-0.001,-0.081,-0.028,17.127,2.128,48.537,-0.038,-0.095,-0.998,0.005,-0.004,0.013,-1.16,5.37
110622,38.46,0.000,F,0.00,0.00,47.50000000,-122.50000000,E,42.415,44.417,138.044,-0.024,-0.086,-1.003,-0.019,-0.056,-0.032,17.524,2.168,48.164,-0.031,-0.093,-1.010,-0.012,0.020,0.009,-1.12,5.36
110722,38.51,0.000,F,0.00,0.00,47.50000000,-122.50000000,E,41.815,44.227,137.723,-0.023,-0.091,-1.027,-0.010,-0.067,-0.031,16.948,1.974,47.839,-0.029,-0.098,-1.034,-0.004,0.010,0.010,-1.22,5.39
110830,38.49,0.000,F,0.00,0.00,47.50000000,-122.50000000,E,42.517,44.022,138.176,-0.031,-0.087,-0.972,-0.012,-0.059,-0.034,17.623,1.766,48.294,-0.038,-0.094,-0.980,-0.006,0.018,0.007,-1.26,5.42
110939,38.45,0.000,F,0.00,0.00,47.50000000,-122.50000000,E,41.991,44.008,137.606,-0.026,-0.091,-0.974,-0.010,-0.073,-0.024,17.119,1.748,47.717,-0.033,-0.099,-0.982,-0.004,0.004,0.017,-1.39,5.45
111047,38.36,0.000,F,0.00,0.00,47.50000000,-122.50000000,E,42.751,43.978,138.147,-0.027,-0.091,-0.996,-0.014,-0.050,-0.033,17.849,1.720,48.263,-0.033,-0.099,-1.004,-0.008,0.027,0.008,-1.34,5.43
111155,38.39,0.000,F,0.00,0.00,47.50000000,-122.50000000,E,41.947,44.227,137.284,-0.029,-0.095,-0.980,-0.011,-0.055,-0.033,17.077,1.969,47.393,-0.036,-0.102,-0.987,-0.004,0.021,0.008,-1.23,5.41
111263,38.33,0.000,F,0.00,0.00,47.50000000,-122.50000000,E,42.502,44.198,137.679,-0.025,-0.093,-0.990,-0.010,-0.075,-0.029,17.611,1.941,47.791,-0.032,-0.100,-0.997,-0.004,0.001,0.012,-1.26,5.40
111371,38.26,0.000,F,0.00,0.00,47.50000000,-122.50000000,E,41.654,43.949,137.548,-0.013,-0.089,-0.985,-0.005,-0.069,-0.034,16.795,1.689,47.659,-0.020,-0.097,-0.992,0.002,0.008,0.007,-1.25,5.39
111480,38.26,0.000,F,0.00,0.00,47.50000000,-122.50000000,E,42.751,44.110,137.606,-0.020,-0.091,-0.980,-0.017,-0.051,-0.032,17.852,1.850,47.714,-0.026,-0.098,-0.987,-0.011,0.026,0.009,-1.27,5.39
111589,38.15,0.000,F,0.00,0.00,47.50000000,-122.50000000,E,42.166,43.949,136.890,-0.026,-0.093,-0.998,-0.013,-0.057,-0.035,17.292,1.681,46.988,-0.033,-0.100,-1.005,-0.006,0.020,0.006,-1.23,5.37
111697,38.15,0.000,F,0.00,0.00,47.50000000,-122.50000000,E,42.648,44.505,138.074,-0.024,-0.092,-0.990,-0.014,-0.057,-0.032,17.749,2.257,48.194,-0.031,-0.099,-0.998,-0.008,0.019,0.009,-1.20,5.37
111806,38.10,0.000,F,0.00,0.00,47.50000000,-122.50000000,E,42.575,43.876,137.635,-0.025,-0.091,-0.998,-0.010,-0.066,-0.031,17.683,1.612,47.743,-0.031,-0.098,-1.005,-0.003,0.010,0.010,-1.18,5.36
111920,38.10,0.000,F,0.00,0.00,47.50000000,-122.50000000,E,42.034,44.285,137.577,-0.029,-0.090,-0.985,-0.011,-0.064,-0.035,17.160,2.031,47.690,-0.035,-0.098,-0.992,-0.004,0.013,0.006,-1.19,5.37
112028,38.19,0.000,F,0.00,0.00,47.50000000,-122.50000000,E,42.093,44.373,138.220,-0.026,-0.090,-0.996,-0.010,-0.071,-0.034,17.213,2.126,48.344,-0.032,-0.097,-1.004,-0.004,0.006,0.008,-1.20,5.37
112136,38.26,0.000,F,0.00,0.00,47.50000000,-122.50000000,E,42.488,44.446,137.928,-0.026,-0.091,-0.983,-0.012,-0.056,-0.033,17.595,2.197,48.045,-0.032,-0.098,-0.990,-0.005,0.020,0.008,-1.18,5.37
112244,38.25,0.000,F,0.00,0.00,47.50000000,-122.50000000,E,42.488,44.256,137.986,-0.027,-0.089,-0.992,-0.013,-0.062,-0.033,17.595,2.003,48.103,-0.033,-0.096,-1.000,-0.007,0.015,0.009,-1.17,5.36
112352,38.26,0.000,F,0.00,0.00,47.50000000,-122.50000000,E,42.488,43.949,137.548,-0.031,-0.089,-0.994,-0.011,-0.065,-0.032,17.599,1.686,47.655,-0.038,-0.096,-1.001,-0.005,0.012,0.009,-1.21,5.38
112460,38.16,0.000,F,0.00,0.00,47.50000000,-122.50000000,E,42.385,44.139,137.051,-0.030,-0.092,-0.979,-0.012,-0.059,-0.029,17.502,1.876,47.152,-0.037,-0.099,-0.986,-0.006,0.018,0.012,-1.22,5.38
112568,38.13,0.000,F,0.00,0.00,47.50000000,-122.50000000,E,42.488,44.373,137.343,-0.027,-0.091,-0.990,-0.009,-0.065,-0.034,17.598,2.117,47.451,-0.034,-0.098,-0.997,-0.003,0.011,0.008,-1.22,5.37
112676,38.18,0.000,F,0.00,0.00,47.50000000,-122.50000000,E,42.049,44.285,137.767,-0.025,-0.092,-0.992,-0.009,-0.065,-0.033,17.173,2.033,47.883,-0.032,-0.099,-0.999,-0.003,0.011,0.008,-1.24,5.38
112784,38.28,0.000,F,0.00,0.00,47.50000000,-122.50000000,E,42.005,44.402,137.854,-0.025,-0.092,-0.990,-0.011,-0.064,-0.033,17.130,2.153,47.973,-0.031,-0.099,-0.997,-0.004,0.012,0.009,-1.25,5.39
112892,38.37,0.000,F,0.00,0.00,47.50000000,-122.50000000,E,42.444,44.285,138.994,-0.026,-0.091,-0.991,-0.016,-0.048,-0.030,17.547,2.042,49.128,-0.033,-0.098,-0.999,-0.010,0.029,0.011,-1.25,5.39
112996,38.40,0.000,F,0.00,0.00,47.50000000,-122.50000000,E,42.166,44.198,137.854,-0.028,-0.095,-0.993,-0.011,-0.068,-0.032,17.286,1.944,47.971,-0.035,-0.102,-1.000,-0.005,0.008,0.009,-1.27,5.39
113104,38.41,0.000,F,0.00,0.00,47.50000000,-122.50000000,E,41.654,43.964,138.044,-0.029,-0.095,-0.983,-0.010,-0.054,-0.036,16.792,1.709,48.164,-0.036,-0.102,-0.991,-0.004,0.023,0.005,-1.25,5.39
113205,38.44,0.000,F,0.00,0.00,47.50000000,-122.50000000,E,42.298,44.212,137.942,-0.026,-0.093,-0.988,-0.014,-0.059,-0.033,17.412,1.959,48.059,-0.032,-0.100,-0.996,-0.008,0.018,0.008,-1.27,5.41
113313,38.43,0.000,F,0.00,0.00,47.50000000,-122.50000000,E,41.961,44.081,137.913,-0.026,-0.092,-0.991,-0.011,-0.059,-0.032,17.089,1.826,48.030,-0.033,-0.099,-0.998,-0.005,0.018,0.009,-1.27,5.41
113421,38.34,0.000,F,0.00,0.00,47.50000000,-122.50000000,E,42.312,43.920,138.044,-0.022,-0.093,-1.006,-0.016,-0.054,-0.031,17.427,1.661,48.160,-0.028,-0.100,-1.013,-0.009,0.023,0.010,-1.23,5.39
113529,38.05,0.000,F,0.00,0.00,47.50000000,-122.50000000,E,42.648,43.496,137.474,-0.026,-0.091,-0.994,-0.010,-0.061,-0.033,17.756,1.222,47.576,-0.032,-0.099,-1.002,-0.003,0.016,0.009,-1.27,5.39
113637,37.98,0.000,F,0.00,0.00,47.50000000,-122.50000000,E,42.224,43.861,138.161,-0.021,-0.090,-0.996,-0.014,-0.051,-0.031,17.342,1.603,48.279,-0.027,-0.097,-1.004,-0.008,0.026,0.010,-1.24,5.38
113745,37.92,0.000,F,0.00,0.00,47.50000000,-122.50000000,E,42.605,43.715,137.869,-0.023,-0.094,-0.999,-0.013,-0.058,-0.034,17.711,1.450,47.979,-0.030,-0.101,-1.007,-0.006,0.019,0.007,-1.25,5.38
113853,37.83,0.000,F,0.00,0.00,47.50000000,-122.50000000,E,41.771,43.978,138.147,-0.023,-0.094,-0.981,-0.012,-0.064,-0.028,16.904,1.724,48.268,-0.030,-0.101,-0.988,-0.006,0.013,0.013,-1.26,5.38
113958,37.81,0.000,F,0.00,0.00,47.50000000,-122.50000000,E,42.400,43.642,138.366,-0.025,-0.095,-0.987,-0.014,-0.056,-0.028,17.511,1.380,48.484,-0.032,-0.103,-0.995,-0.008,0.021,0.013,-1.28,5.39
114066,37.70,0.000,F,0.00,0.00,47.50000000,-122.50000000,E,42.561,43.861,137.694,-0.024,-0.093,-0.988,-0.011,-0.051,-0.028,17.669,1.597,47.802,-0.030,-0.100,-0.996,-0.005,0.026,0.013,-1.27,5.38
114174,37.62,0.000,F,0.00,0.00,47.50000000,-122.50000000,E,41.991,43.774,137.401,-0.022,-0.091,-0.989,-0.011,-0.068,-0.031,17.121,1.507,47.507,-0.029,-0.098,-0.996,-0.005,0.009,0.010,-1.27,5.38
114282,37.73,0.000,F,0.00,0.00,47.50000000,-122.50000000,E,42.268,44.461,138.001,-0.029,-0.092,-0.998,-0.013,-0.064,-0.034,17.383,2.213,48.121,-0.035,-0.099,-1.005,-0.007,0.013,0.008,-1.27,5.38
114390,37.78,0.000,F,0.00,0.00,47.50000000,-122.50000000,E,41.932,44.037,137.431,-0.027,-0.089,-0.994,-0.010,-0.062,-0.028,17.063,1.777,47.540,-0.034,-0.096,-1.002,-0.003,0.014,0.013,-1.27,5.38
114498,37.88,0.000,F,0.00,0.00,47.50000000,-122.50000000,E,41.918,44.212,137.577,-0.024,-0.093,-1.008,-0.020,-0.048,-0.032,17.048,1.957,47.690,-0.031,-0.100,-1.015,-0.014,0.029,0.009,-1.26,5.37
114606,37.89,0.000,F,0.00,0.00,47.50000000,-122.50000000,E,42.268,44.183,137.007,-0.028,-0.092,-0.991,-0.006,-0.072,-0.031,17.389,1.921,47.108,-0.035,-0.099,-0.998,0.000,0.005,0.010,-1.28,5.38
114714,37.92,0.000,F,0.00,0.00,47.50000000,-122.50000000,E,42.224,44.066,137.708,-0.028,-0.092,-0.980,-0.012,-0.060,-0.033,17.344,1.808,47.821,-0.034,-0.099,-0.987,-0.006,0.017,0.009,-1.29,5.39
114822,38.04,0.000,F,0.00,0.00,47.50000000,-122.50000000,E,42.151,44.461,137.474,-0.022,-0.091,-1.014,-0.014,-0.056,-0.032,17.273,2.209,47.587,-0.029,-0.098,-1.022,-0.008,0.020,0.009,-1.23,5.36
114936,38.15,0.000,F,0.00,0.00,47.50000000,-122.50000000,E,42.122,44.227,137.723,-0.024,-0.089,-0.981,-0.009,-0.064,-0.036,17.244,1.972,47.837,-0.030,-0.097,-0.989,-0.002,0.013,0.005,-1.22,5.37
115044,38.18,0.000,F,0.00,0.00,47.50000000,-122.50000000,E,42.605,44.212,137.913,-0.021,-0.093,-1.005,-0.014,-0.056,-0.033,17.708,1.957,48.028,-0.028,-0.100,-1.013,-0.008,0.020,0.008,-1.22,5.37
115152,38.21,0.000,F,0.00,0.00,47.50000000,-122.50000000,E,41.640,44.154,137.606,-0.029,-0.094,-0.988,-0.006,-0.063,-0.031,16.780,1.899,47.721,-0.035,-0.101,-0.995,0.000,0.013,0.010,-1.21,5.38
115260,38.20,0.000,F,0.00,0.00,47.50000000,-122.50000000,E,42.005,43.803,137.869,-0.022,-0.095,-0.987,-0.010,-0.064,-0.034,17.132,1.541,47.983,-0.029,-0.102,-0.995,-0.004,0.012,0.007,-1.24,5.39
115369,38.24,0.000,F,0.00,0.00,47.50000000,-122.50000000,E,41.698,44.212,137.635,-0.024,-0.093,-0.981,-0.014,-0.062,-0.036,16.836,1.958,47.751,-0.031,-0.100,-0.989,-0.008,0.015,0.005,-1.24,5.39
115477,38.26,0.000,F,0.00,0.00,47.50000000,-122.50000000,E,42.312,44.271,137.401,-0.022,-0.093,-0.995,-0.012,-0.059,-0.029,17.429,2.014,47.510,-0.029,-0.100,-1.003,-0.006,0.018,0.012,-1.22,5.38
115578,38.34,0.000,F,0.00,0.00,47.50000000,-122.50000000,E,41.903,44.344,137.548,-0.027,-0.093,-0.992,-0.011,-0.067,-0.033,17.033,2.091,47.661,-0.033,-0.100,-0.999,-0.005,0.010,0.008,-1.21,5.38
115686,38.37,0.000,F,0.00,0.00,47.50000000,-122.50000000,E,42.137,44.241,137.431,-0.022,-0.093,-0.991,-0.011,-0.063,-0.031,17.260,1.985,47.540,-0.028,-0.100,-0.999,-0.004,0.014,0.010,-1.20,5.37
115794,38.41,0.000,F,0.00,0.00,47.50000000,-122.50000000,E,42.254,44.241,138.351,-0.023,-0.091,-0.988,-0.011,-0.062,-0.032,17.368,1.992,48.476,-0.029,-0.098,-0.995,-0.004,0.015,0.009,-1.20,5.37
115902,38.55,0.000,F,0.00,0.00,47.50000000,-122.50000000,E,42.210,44.621,137.431,-0.023,-0.094,-0.996,-0.011,-0.068,-0.030,17.329,2.373,47.543,-0.030,-0.101,-1.003,-0.004,0.009,0.011,-1.22,5.38
116007,38.65,0.000,F,0.00,0.00,47.50000000,-122.50000000,E,42.151,44.227,137.811,-0.020,-0.093,-0.982,-0.009,-0.065,-0.031,17.272,1.973,47.926,-0.027,-0.100,-0.990,-0.003,0.012,0.010,-1.23,5.38
116115,38.65,0.000,F,0.00,0.00,47.50000000,-122.50000000,E,41.771,44.095,137.416,-0.021,-0.090,-0.998,-0.016,-0.055,-0.033,16.908,1.837,47.526,-0.027,-0.097,-1.005,-0.010,0.021,0.008,-1.24,5.38
116223,38.59,0.000,F,0.00,0.00,47.50000000,-122.50000000,E,42.502,43.730,137.504,-0.026,-0.096,-0.984,-0.011,-0.056,-0.030,17.614,1.462,47.608,-0.033,-0.103,-0.991,-0.005,0.021,0.011,-1.23,5.38
116332,38.39,0.000,F,0.00,0.00,47.50000000,-122.50000000,E,42.078,43.584,138.030,-0.024,-0.092,-0.982,-0.021,-0.042,-0.034,17.203,1.319,48.144,-0.031,-0.100,-0.990,-0.014,0.035,0.007,-1.22,5.37
116441,38.20,0.000,F,0.00,0.00,47.50000000,-122.50000000,E,42.327,43.657,137.182,-0.028,-0.094,-0.975,-0.010,-0.061,-0.033,17.447,1.385,47.282,-0.035,-0.101,-0.982,-0.003,0.016,0.009,-1.20,5.37
116549,38.14,0.000,F,0.00,0.00,47.50000000,-122.50000000,E,41.684,44.110,137.197,-0.030,-0.094,-0.974,-0.010,-0.067,-0.031,16.824,1.850,47.304,-0.037,-0.101,-0.982,-0.004,0.009,0.010,-1.20,5.36
116657,38.19,0.000,F,0.00,0.00,47.50000000,-122.50000000,E,41.187,44.095,137.328,-0.020,-0.090,-0.994,-0.014,-0.058,-0.034,16.344,1.838,47.440,-0.027,-0.097,-1.002,-0.008,0.019,0.008,-1.21,5.35
116765,38.27,0.000,F,0.00,0.00,47.50000000,-122.50000000,E,41.859,44.212,137.577,-0.020,-0.091,-0.995,-0.013,-0.052,-0.033,16.991,1.957,47.690,-0.027,-0.098,-1.002,-0.007,0.025,0.008,-1.22,5.37
116873,38.47,0.000,F,0.00,0.00,47.50000000,-122.50000000,E,41.801,44.665,137.767,-0.024,-0.089,-0.996,-0.012,-0.061,-0.034,16.932,2.422,47.888,-0.030,-0.096,-1.004,-0.006,0.016,0.007,-1.18,5.37
116978,38.45,0.000,F,0.00,0.00,47.50000000,-122.50000000,E,42.020,44.139,137.548,-0.029,-0.091,-0.986,-0.011,-0.069,-0.030,17.147,1.882,47.659,-0.035,-0.098,-0.994,-0.005,0.008,0.011,-1.21,5.38
117086,38.40,0.000,F,0.00,0.00,47.50000000,-122.50000000,E,41.844,43.861,137.314,-0.030,-0.091,-0.994,-0.014,-0.065,-0.031,16.980,1.597,47.420,-0.037,-0.098,-1.001,-0.007,0.011,0.010,-1.23,5.38
117194,38.35,0.000,F,0.00,0.00,47.50000000,-122.50000000,E,41.961,44.446,137.781,-0.028,-0.092,-0.988,-0.012,-0.063,-0.033,17.088,2.198,47.900,-0.034,-0.099,-0.996,-0.006,0.014,0.009,-1.23,5.39
117303,38.42,0.000,F,0.00,0.00,47.50000000,-122.50000000,E,41.932,43.993,137.489,-0.030,-0.091,-0.990,-0.014,-0.057,-0.033,17.063,1.732,47.599,-0.036,-0.098,-0.997,-0.008,0.020,0.009,-1.22,5.39
117411,38.38,0.000,F,0.00,0.00,47.50000000,-122.50000000,E,42.005,44.168,137.913,-0.023,-0.091,-0.997,-0.014,-0.051,-0.032,17.130,1.915,48.031,-0.030,-0.098,-1.005,-0.008,0.026,0.009,-1.17,5.38
117519,38.46,0.000,F,0.00,0.00,47.50000000,-122.50000000,E,41.567,44.446,137.577,-0.028,-0.092,-0.988,-0.005,-0.073,-0.034,16.708,2.197,47.694,-0.035,-0.099,-0.996,0.001,0.004,0.007,-1.18,5.39
117628,38.48,0.000,F,0.00,0.00,47.50000000,-122.50000000,E,41.918,43.861,137.153,-0.028,-0.093,-0.987,-0.012,-0.067,-0.030,17.051,1.595,47.256,-0.035,-0.100,-0.995,-0.005,0.010,0.012,-1.20,5.39
117736,38.40,0.000,F,0.00,0.00,47.50000000,-122.50000000,E,41.830,43.935,137.738,-0.025,-0.090,-0.996,-0.011,-0.062,-0.031,16.963,1.675,47.851,-0.032,-0.097,-1.003,-0.005,0.014,0.010,-1.23,5.39
117840,38.32,0.000,F,0.00,0.00,47.50000000,-122.50000000,E,42.005,43.891,137.314,-0.024,-0.087,-0.988,-0.011,-0.061,-0.035,17.135,1.626,47.419,-0.031,-0.094,-0.995,-0.005,0.016,0.006,-1.25,5.40
117955,38.38,0.000,F,0.00,0.00,47.50000000,-122.50000000,E,42.341,44.417,137.986,-0.030,-0.088,-0.986,-0.013,-0.062,-0.033,17.453,2.168,48.105,-0.037,-0.095,-0.993,-0.006,0.015,0.008,-1.28,5.40
118063,38.20,0.000,F,0.00,0.00,47.50000000,-122.50000000,E,42.488,43.730,137.928,-0.029,-0.089,-0.988,-0.014,-0.057,-0.030,17.597,1.465,48.039,-0.036,-0.096,-0.995,-0.008,0.020,0.011,-1.25,5.39
118171,38.13,0.000,F,0.00,0.00,47.50000000,-122.50000000,E,41.830,44.183,137.591,-0.023,-0.093,-0.995,-0.010,-0.060,-0.037,16.963,1.928,47.705,-0.029,-0.100,-1.003,-0.004,0.017,0.004,-1.23,5.38
118279,38.15,0.000,F,0.00,0.00,47.50000000,-122.50000000,E,41.961,43.803,137.913,-0.020,-0.090,-0.994,-0.014,-0.060,-0.033,17.090,1.542,48.028,-0.026,-0.097,-1.002,-0.008,0.016,0.009,-1.21,5.38
118387,38.14,0.000,F,0.00,0.00,47.50000000,-122.50000000,E,41.757,44.358,137.796,-0.027,-0.093,-0.990,-0.011,-0.059,-0.030,16.891,2.109,47.915,-0.033,-0.100,-0.997,-0.005,0.018,0.012,-1.19,5.38
118495,38.24,0.000,F,0.00,0.00,47.50000000,-122.50000000,E,41.771,44.051,138.001,-0.024,-0.091,-0.995,-0.013,-0.059,-0.034,16.905,1.797,48.120,-0.031,-0.098,-1.002,-0.007,0.018,0.008,-1.20,5.39
118603,38.30,0.000,F,0.00,0.00,47.50000000,-122.50000000,E,41.918,44.417,137.021,-0.023,-0.091,-0.987,-0.011,-0.059,-0.032,17.050,2.161,47.127,-0.030,-0.098,-0.995,-0.005,0.018,0.009,-1.18,5.38
118703,38.33,0.000,F,0.00,0.00,47.50000000,-122.50000000,E,41.596,43.861,137.474,-0.021,-0.096,-0.993,-0.012,-0.059,-0.031,16.739,1.599,47.585,-0.028,-0.103,-1.000,-0.005,0.018,0.010,-1.18,5.39
118812,38.32,0.000,F,0.00,0.00,47.50000000,-122.50000000,E,42.093,44.329,136.948,-0.024,-0.089,-0.990,-0.010,-0.062,-0.033,17.220,2.070,47.051,-0.031,-0.097,-0.997,-0.004,0.015,0.008,-1.17,5.38
118920,38.25,0.000,F,0.00,0.00,47.50000000,-122.50000000,E,42.385,43.935,137.167,-0.024,-0.091,-0.989,-0.013,-0.062,-0.030,17.502,1.668,47.269,-0.031,-0.098,-0.996,-0.006,0.015,0.011,-1.17,5.38
119025,38.14,0.000,F,0.00,0.00,47.50000000,-122.50000000,E,42.166,43.905,137.372,-0.024,-0.092,-0.988,-0.009,-0.068,-0.035,17.290,1.641,47.478,-0.031,-0.099,-0.996,-0.003,0.009,0.006,-1.17,5.38
119133,38.00,0.000,F,0.00,0.00,47.50000000,-122.50000000,E,42.312,43.642,137.811,-0.024,-0.090,-0.993,-0.015,-0.059,-0.029,17.429,1.376,47.920,-0.031,-0.098,-1.000,-0.008,0.018,0.012,-1.16,5.37
119241,37.95,0.000,F,0.00,0.00,47.50000000,-122.50000000,E,42.195,44.081,137.357,-0.027,-0.091,-0.993,-0.013,-0.063,-0.030,17.317,1.820,47.464,-0.034,-0.098,-1.000,-0.006,0.014,0.011,-1.15,5.37
119349,37.88,0.000,F,0.00,0.00,47.50000000,-122.50000000,E,42.444,44.022,137.051,-0.026,-0.092,-0.995,-0.010,-0.063,-0.033,17.559,1.756,47.151,-0.033,-0.099,-1.002,-0.004,0.014,0.008,-1.15,5.37
119457,37.96,0.000,F,0.00,0.00,47.50000000,-122.50000000,E,41.947,44.300,137.021,-0.026,-0.091,-0.988,-0.011,-0.063,-0.032,17.078,2.042,47.126,-0.033,-0.098,-0.995,-0.005,0.013,0.009,-1.16,5.38
119565,38.00,0.000,F,0.00,0.00,47.50000000,-122.50000000,E,42.327,43.978,137.460,-0.024,-0.093,-0.982,-0.008,-0.068,-0.031,17.444,1.716,47.567,-0.030,-0.100,-0.990,-0.002,0.009,0.010,-1.16,5.38
119673,37.94,0.000,F,0.00,0.00,47.50000000,-122.50000000,E,41.932,44.095,137.357,-0.022,-0.098,-0.992,-0.007,-0.068,-0.031,17.063,1.836,47.466,-0.029,-0.105,-0.999,-0.001,0.009,0.010,-1.15,5.37
119781,37.95,0.000,F,0.00,0.00,47.50000000,-122.50000000,E,41.771,44.008,136.963,-0.031,-0.099,-0.989,-0.010,-0.067,-0.034,16.911,1.743,47.065,-0.038,-0.106,-0.997,-0.004,0.009,0.008,-1.17,5.38
119889,37.95,0.000,F,0.00,0.00,47.50000000,-122.50000000,E,42.005,44.051,137.738,-0.026,-0.093,-0.983,-0.008,-0.070,-0.036,17.132,1.794,47.851,-0.033,-0.100,-0.990,-0.001,0.007,0.005,-1.19,5.37
119994,37.95,0.000,F,0.00,0.00,47.50000000,-122.50000000,E,41.523,43.730,138.001,-0.025,-0.089,-0.978,-0.011,-0.066,-0.033,16.666,1.470,48.119,-0.032,-0.096,-0.986,-0.005,0.011,0.008,-1.24,5.38
120097,37.93,0.000,F,0.00,0.00,47.50000000,-122.50000000,E,42.210,43.876,138.147,-0.031,-0.092,-0.983,-0.009,-0.066,-0.032,17.328,1.618,48.265,-0.037,-0.099,-0.990,-0.003,0.010,0.009,-1.26,5.39
120205,37.97,0.000,F,0.00,0.00,47.50000000,-122.50000000,E,42.400,44.373,137.504,-0.030,-0.092,-0.987,-0.013,-0.063,-0.029,17.513,2.119,47.614,-0.036,-0.100,-0.995,-0.006,0.014,0.012,-1.26,5.39
120313,38.02,0.000,F,0.00,0.00,47.50000000,-122.50000000,E,41.844,44.110,137.825,-0.028,-0.094,-0.996,-0.012,-0.064,-0.032,16.976,1.855,47.942,-0.035,-0.101,-1.004,-0.006,0.013,0.009,-1.25,5.38
120421,38.16,0.000,F,0.00,0.00,47.50000000,-122.50000000,E,42.312,44.548,138.161,-0.032,-0.094,-0.994,-0.016,-0.052,-0.032,17.424,2.304,48.285,-0.039,-0.101,-1.002,-0.009,0.025,0.009,-1.23,5.38
120529,38.24,0.000,F,0.00,0.00,47.50000000,-122.50000000,E,41.947,44.271,137.854,-0.026,-0.094,-0.994,-0.013,-0.058,-0.032,17.074,2.019,47.972,-0.033,-0.101,-1.001,-0.006,0.019,0.009,-1.18,5.37
120638,38.33,0.000,F,0.00,0.00,47.50000000,-122.50000000,E,41.552,44.110,136.963,-0.025,-0.097,-0.995,-0.013,-0.062,-0.034,16.699,1.849,47.067,-0.032,-0.104,-1.003,-0.006,0.015,0.008,-1.19,5.37
120746,38.37,0.000,F,0.00,0.00,47.50000000,-122.50000000,E,41.786,44.183,137.664,-0.022,-0.093,-0.993,-0.013,-0.060,-0.034,16.920,1.929,47.779,-0.028,-0.100,-1.000,-0.006,0.017,0.007,-1.18,5.37
120854,38.39,0.000,F,0.00,0.00,47.50000000,-122.50000000,E,42.122,44.139,137.504,-0.021,-0.094,-0.989,-0.012,-0.059,-0.031,17.246,1.881,47.614,-0.027,-0.101,-0.997,-0.006,0.017,0.010,-1.19,5.38
120962,38.36,0.000,F,0.00,0.00,47.50000000,-122.50000000,E,42.151,44.256,137.314,-0.020,-0.092,-0.993,-0.013,-0.062,-0.037,17.274,1.999,47.422,-0.026,-0.099,-1.001,-0.006,0.015,0.004,-1.21,5.38
121071,38.25,0.000,F,0.00,0.00,47.50000000,-122.50000000,E,41.932,43.525,137.007,-0.023,-0.095,-0.997,-0.013,-0.060,-0.031,17.067,1.250,47.104,-0.030,-0.102,-1.005,-0.007,0.016,0.010,-1.21,5.38
121180,38.10,0.000,F,0.00,0.00,47.50000000,-122.50000000,E,42.122,43.949,137.357,-0.027,-0.093,-0.981,-0.009,-0.063,-0.032,17.247,1.686,47.464,-0.034,-0.101,-0.989,-0.002,0.014,0.009,-1.22,5.39
121288,38.11,0.000,F,0.00,0.00,47.50000000,-122.50000000,E,42.151,44.198,137.372,-0.023,-0.096,-0.992,-0.012,-0.063,-0.033,17.274,1.939,47.481,-0.030,-0.103,-1.000,-0.005,0.014,0.009,-1.23,5.39
121396,38.06,0.000,F,0.00,0.00,47.50000000,-122.50000000,E,42.078,43.905,137.387,-0.021,-0.092,-0.993,-0.013,-0.061,-0.033,17.205,1.641,47.493,-0.028,-0.100,-1.000,-0.006,0.016,0.009,-1.22,5.38
121504,37.84,0.000,F,0.00,0.00,47.50000000,-122.50000000,E,42.210,43.365,137.606,-0.024,-0.092,-0.986,-0.014,-0.060,-0.034,17.333,1.091,47.710,-0.030,-0.100,-0.993,-0.008,0.017,0.008,-1.24,5.38
121613,37.81,0.000,F,0.00,0.00,47.50000000,-122.50000000,E,41.611,43.745,138.118,-0.028,-0.089,-0.993,-0.013,-0.060,-0.028,16.750,1.485,48.237,-0.035,-0.097,-1.000,-0.006,0.016,0.013,-1.25,5.38
121721,37.64,0.000,F,0.00,0.00,47.50000000,-122.50000000,E,42.488,43.686,137.182,-0.031,-0.088,-0.986,-0.012,-0.069,-0.034,17.602,1.414,47.281,-0.037,-0.095,-0.993,-0.006,0.007,0.008,-1.27,5.39
121829,37.68,0.000,F,0.00,0.00,47.50000000,-122.50000000,E,42.181,44.592,137.328,-0.029,-0.092,-0.995,-0.011,-0.061,-0.032,17.301,2.342,47.439,-0.036,-0.099,-1.002,-0.005,0.016,0.009,-1.26,5.38
121937,37.86,0.000,F,0.00,0.00,47.50000000,-122.50000000,E,42.371,44.168,137.869,-0.028,-0.091,-0.975,-0.010,-0.068,-0.030,17.483,1.913,47.984,-0.035,-0.098,-0.982,-0.003,0.009,0.012,-1.28,5.39
122043,37.88,0.000,F,0.00,0.00,47.50000000,-122.50000000,E,42.078,44.081,136.758,-0.022,-0.091,-1.002,-0.013,-0.055,-0.030,17.208,1.815,46.856,-0.029,-0.098,-1.009,-0.007,0.022,0.012,-1.27,5.39
122151,37.94,0.000,F,0.00,0.00,47.50000000,-122.50000000,E,42.312,44.636,137.226,-0.023,-0.088,-0.984,-0.011,-0.062,-0.032,17.429,2.385,47.335,-0.030,-0.095,-0.991,-0.005,0.014,0.009,-1.26,5.39
122259,38.10,0.000,F,0.00,0.00,47.50000000,-122.50000000,E,41.786,44.285,137.781,-0.027,-0.090,-0.995,-0.015,-0.057,-0.032,16.919,2.034,47.899,-0.034,-0.097,-1.002,-0.009,0.020,0.009,-1.27,5.39
122362,38.23,0.000,F,0.00,0.00,47.50000000,-122.50000000,E,41.508,44.183,137.416,-0.030,-0.091,-0.991,-0.012,-0.058,-0.035,16.654,1.927,47.528,-0.037,-0.099,-0.999,-0.006,0.018,0.006,-1.24,5.38
122470,38.31,0.000,F,0.00,0.00,47.50000000,-122.50000000,E,42.049,44.417,136.802,-0.032,-0.093,-0.992,-0.013,-0.059,-0.030,17.178,2.159,46.904,-0.038,-0.100,-0.999,-0.006,0.018,0.011,-1.23,5.38
122578,38.30,0.000,F,0.00,0.00,47.50000000,-122.50000000,E,41.742,43.876,137.591,-0.025,-0.091,-0.991,-0.011,-0.061,-0.033,16.880,1.615,47.703,-0.032,-0.098,-0.998,-0.005,0.016,0.008,-1.21,5.38
122687,38.26,0.000,F,0.00,0.00,47.50000000,-122.50000000,E,42.239,44.183,137.372,-0.028,-0.092,-0.989,-0.011,-0.062,-0.031,17.359,1.924,47.480,-0.035,-0.099,-0.996,-0.005,0.015,0.010,-1.23,5.38
122787,38.26,0.000,F,0.00,0.00,47.50000000,-122.50000000,E,41.961,44.154,136.904,-0.028,-0.092,-0.991,-0.011,-0.066,-0.033,17.094,1.891,47.006,-0.035,-0.099,-0.999,-0.004,0.011,0.008,-1.23,5.38
122895,38.47,0.000,F,0.00,0.00,47.50000000,-122.50000000,E,42.327,44.928,138.147,-0.026,-0.092,-0.986,-0.010,-0.068,-0.035,17.436,2.692,48.273,-0.032,-0.099,-0.994,-0.004,0.009,0.006,-1.25,5.39
123000,38.25,0.000,F,0.00,0.00,47.50000000,-122.50000000,E,42.108,43.540,137.474,-0.031,-0.092,-0.992,-0.015,-0.056,-0.031,17.234,1.269,47.579,-0.038,-0.100,-0.999,-0.008,0.021,0.010,-1.24,5.38
123108,38.14,0.000,F,0.00,0.00,47.50000000,-122.50000000,E,42.488,44.388,137.445,-0.026,-0.091,-0.991,-0.010,-0.063,-0.033,17.598,2.133,47.555,-0.033,-0.098,-0.998,-0.004,0.014,0.009,-1.23,5.38
123216,38.17,0.000,F,0.00,0.00,47.50000000,-122.50000000,E,42.619,44.329,136.671,-0.026,-0.092,-0.989,-0.010,-0.067,-0.034,17.729,2.066,46.766,-0.032,-0.099,-0.996,-0.004,0.010,0.007,-1.23,5.38
123324,38.11,0.000,F,0.00,0.00,47.50000000,-122.50000000,E,42.575,43.935,136.992,-0.023,-0.094,-0.996,-0.012,-0.060,-0.028,17.686,1.666,47.090,-0.030,-0.101,-1.003,-0.005,0.017,0.013,-1.23,5.38
123433,38.04,0.000,F,0.00,0.00,47.50000000,-122.50000000,E,42.531,44.417,137.343,-0.021,-0.092,-0.988,-0.010,-0.065,-0.034,17.640,2.162,47.451,-0.028,-0.099,-0.995,-0.004,0.012,0.008,-1.24,5.38
123541,38.12,0.000,F,0.00,0.00,47.50000000,-122.50000000,E,42.356,44.388,137.986,-0.025,-0.092,-1.004,-0.016,-0.057,-0.031,17.468,2.138,48.105,-0.031,-0.100,-1.012,-0.010,0.020,0.010,-1.26,5.38
123641,38.14,0.000,F,0.00,0.00,47.50000000,-122.50000000,E,42.151,44.139,136.977,-0.025,-0.091,-0.977,-0.010,-0.065,-0.031,17.277,1.876,47.079,-0.032,-0.098,-0.984,-0.004,0.012,0.010,-1.25,5.37
123750,38.13,0.000,F,0.00,0.00,47.50000000,-122.50000000,E,42.005,44.066,137.840,-0.032,-0.096,-0.978,-0.011,-0.063,-0.034,17.131,1.810,47.955,-0.039,-0.103,-0.986,-0.005,0.014,0.008,-1.23,5.37
123858,38.19,0.000,F,0.00,0.00,47.50000000,-122.50000000,E,42.385,44.431,138.132,-0.027,-0.095,-0.969,-0.014,-0.052,-0.029,17.495,2.184,48.254,-0.033,-0.102,-0.976,-0.008,0.025,0.012,-1.22,5.37
123966,38.22,0.000,F,0.00,0.00,47.50000000,-122.50000000,E,42.546,44.388,138.161,-0.014,-0.091,-1.003,-0.013,-0.053,-0.034,17.650,2.139,48.282,-0.021,-0.099,-1.010,-0.007,0.024,0.007,-1.18,5.36
124071,38.21,0.000,F,0.00,0.00,47.50000000,-122.50000000,E,42.400,44.212,137.621,-0.020,-0.092,-0.989,-0.011,-0.062,-0.029,17.513,1.956,47.732,-0.027,-0.099,-0.996,-0.004,0.015,0.012,-1.20,5.36
124179,38.28,0.000,F,0.00,0.00,47.50000000,-122.50000000,E,42.093,44.431,137.431,-0.023,-0.093,-0.993,-0.010,-0.066,-0.031,17.217,2.179,47.542,-0.030,-0.100,-1.000,-0.004,0.010,0.010,-1.22,5.37
124287,38.28,0.000,F,0.00,0.00,47.50000000,-122.50000000,E,42.575,44.344,137.548,-0.022,-0.092,-0.995,-0.012,-0.060,-0.030,17.682,2.089,47.658,-0.028,-0.099,-1.002,-0.006,0.017,0.011,-1.22,5.37
124396,38.36,0.000,F,0.00,0.00,47.50000000,-122.50000000,E,42.093,44.212,137.051,-0.026,-0.092,-0.987,-0.011,-0.066,-0.031,17.220,1.952,47.154,-0.032,-0.099,-0.995,-0.004,0.010,0.010,-1.24,5.37
124504,38.36,0.000,F,0.00,0.00,47.50000000,-122.50000000,E,41.961,44.300,137.036,-0.022,-0.093,-0.996,-0.012,-0.062,-0.034,17.092,2.042,47.141,-0.029,-0.101,-1.003,-0.005,0.015,0.007,-1.24,5.37
124607,38.38,0.000,F,0.00,0.00,47.50000000,-122.50000000,E,41.932,44.022,137.080,-0.027,-0.091,-0.986,-0.007,-0.070,-0.035,17.065,1.759,47.183,-0.034,-0.098,-0.994,-0.001,0.006,0.006,-1.23,5.37
124715,38.42,0.000,F,0.00,0.00,47.50000000,-122.50000000,E,41.918,44.519,137.679,-0.029,-0.091,-0.991,-0.013,-0.061,-0.032,17.046,2.271,47.797,-0.035,-0.098,-0.999,-0.006,0.015,0.009,-1.22,5.36
124823,38.41,0.000,F,0.00,0.00,47.50000000,-122.50000000,E,41.435,43.584,137.007,-0.026,-0.091,-0.995,-0.011,-0.066,-0.035,16.588,1.312,47.108,-0.032,-0.098,-1.003,-0.004,0.011,0.006,-1.23,5.36
124931,38.33,0.000,F,0.00,0.00,47.50000000,-122.50000000,E,41.640,43.861,137.357,-0.022,-0.093,-0.993,-0.011,-0.068,-0.032,16.782,1.598,47.465,-0.029,-0.100,-1.000,-0.005,0.009,0.009,-1.24,5.37
125036,38.29,0.000,F,0.00,0.00,47.50000000,-122.50000000,E,42.108,44.022,137.445,-0.025,-0.089,-0.984,-0.017,-0.045,-0.032,17.232,1.761,47.553,-0.031,-0.097,-0.992,-0.010,0.032,0.009,-1.27,5.37
125144,38.16,0.000,F,0.00,0.00,47.50000000,-122.50000000,E,41.976,43.671,137.635,-0.025,-0.090,-0.997,-0.009,-0.069,-0.032,17.106,1.405,47.744,-0.032,-0.097,-1.005,-0.003,0.007,0.009,-1.23,5.37
125253,37.98,0.000,F,0.00,0.00,47.50000000,-122.50000000,E,42.224,43.584,136.817,-0.027,-0.092,-0.990,-0.013,-0.060,-0.031,17.350,1.307,46.910,-0.033,-0.099,-0.997,-0.007,0.017,0.010,-1.25,5.37
125361,37.85,0.000,F,0.00,0.00,47.50000000,-122.50000000,E,42.502,43.935,137.036,-0.023,-0.092,-0.993,-0.012,-0.057,-0.034,17.616,1.666,47.135,-0.030,-0.100,-1.000,-0.006,0.019,0.007,-1.24,5.37
125469,37.88,0.000,F,0.00,0.00,47.50000000,-122.50000000,E,42.166,44.227,137.138,-0.030,-0.089,-0.989,-0.013,-0.058,-0.029,17.290,1.967,47.243,-0.037,-0.096,-0.997,-0.006,0.019,0.012,-1.21,5.37
125577,37.87,0.000,F,0.00,0.00,47.50000000,-122.50000000,E,42.736,43.993,137.591,-0.021,-0.090,-1.000,-0.012,-0.058,-0.033,17.838,1.730,47.698,-0.028,-0.097,-1.007,-0.006,0.019,0.008,-1.22,5.37
125685,37.77,0.000,F,0.00,0.00,47.50000000,-122.50000000,E,42.239,43.701,138.176,-0.025,-0.091,-0.989,-0.011,-0.056,-0.030,17.357,1.439,48.293,-0.032,-0.098,-0.997,-0.005,0.021,0.012,-1.21,5.37
125793,37.68,0.000,F,0.00,0.00,47.50000000,-122.50000000,E,42.721,44.051,137.299,-0.025,-0.091,-0.998,-0.013,-0.057,-0.035,17.825,1.787,47.402,-0.032,-0.098,-1.005,-0.007,0.019,0.006,-1.20,5.36
125901,37.64,0.000,F,0.00,0.00,47.50000000,-122.50000000,E,42.283,44.081,137.723,-0.027,-0.092,-0.999,-0.009,-0.066,-0.034,17.400,1.823,47.835,-0.034,-0.099,-1.007,-0.002,0.010,0.007,-1.19,5.36
126005,37.59,0.000,F,0.00,0.00,47.50000000,-122.50000000,E,42.137,43.584,137.606,-0.030,-0.092,-0.979,-0.006,-0.068,-0.031,17.261,1.315,47.713,-0.036,-0.100,-0.986,-0.000,0.008,0.010,-1.21,5.37
126113,37.51,0.000,F,0.00,0.00,47.50000000,-122.50000000,E,42.341,43.847,138.249,-0.025,-0.093,-0.985,-0.010,-0.066,-0.035,17.454,1.588,48.368,-0.032,-0.100,-0.993,-0.004,0.010,0.006,-1.19,5.36
126221,37.54,0.000,F,0.00,0.00,47.50000000,-122.50000000,E,42.312,44.227,137.431,-0.030,-0.093,-0.992,-0.015,-0.056,-0.033,17.429,1.969,47.539,-0.037,-0.100,-0.999,-0.009,0.021,0.008,-1.18,5.36
126329,37.56,0.000,F,0.00,0.00,47.50000000,-122.50000000,E,41.611,43.832,137.431,-0.031,-0.094,-0.993,-0.010,-0.074,-0.027,16.754,1.569,47.540,-0.038,-0.101,-1.000,-0.004,0.003,0.014,-1.15,5.35
126437,37.56,0.000,F,0.00,0.00,47.50000000,-122.50000000,E,42.137,43.905,137.591,-0.029,-0.094,-0.985,-0.010,-0.065,-0.035,17.260,1.643,47.701,-0.036,-0.102,-0.993,-0.004,0.012,0.006,-1.16,5.36
126545,37.52,0.000,F,0.00,0.00,47.50000000,-122.50000000,E,42.151,43.876,137.255,-0.031,-0.094,-0.992,-0.011,-0.061,-0.034,17.276,1.610,47.359,-0.038,-0.101,-0.999,-0.005,0.015,0.007,-1.18,5.36
126653,37.69,0.000,F,0.00,0.00,47.50000000,-122.50000000,E,42.283,44.490,137.796,-0.019,-0.092,-0.986,-0.013,-0.060,-0.034,17.398,2.241,47.913,-0.026,-0.099,-0.993,-0.007,0.017,0.007,-1.19,5.36
126762,37.61,0.000,F,0.00,0.00,47.50000000,-122.50000000,E,42.605,44.227,137.387,-0.019,-0.095,-0.987,-0.016,-0.041,-0.034,17.711,1.968,47.493,-0.026,-0.102,-0.995,-0.010,0.036,0.007,-1.16,5.36
126865,37.58,0.000,F,0.00,0.00,47.50000000,-122.50000000,E,42.137,43.847,137.591,-0.030,-0.094,-0.980,-0.009,-0.062,-0.034,17.260,1.583,47.700,-0.037,-0.101,-0.988,-0.003,0.015,0.007,-1.15,5.36
126973,37.53,0.000,F,0.00,0.00,47.50000000,-122.50000000,E,42.488,44.110,137.621,-0.018,-0.096,-0.985,-0.017,-0.052,-0.034,17.598,1.851,47.730,-0.025,-0.103,-0.992,-0.011,0.025,0.008,-1.10,5.35
127077,37.54,0.000,F,0.00,0.00,47.50000000,-122.50000000,E,42.239,44.548,137.138,-0.026,-0.092,-0.991,-0.007,-0.080,-0.030,17.359,2.295,47.246,-0.032,-0.099,-0.999,-0.001,-0.004,0.011,-1.08,5.34
127185,37.65,0.000,F,0.00,0.00,47.50000000,-122.50000000,E,41.903,44.256,137.708,-0.015,-0.091,-0.996,-0.006,-0.074,-0.030,17.033,2.003,47.824,-0.021,-0.099,-1.003,0.000,0.003,0.012,-1.03,5.33
127293,37.69,0.000,F,0.00,0.00,47.50000000,-122.50000000,E,42.181,43.964,137.635,-0.016,-0.089,-1.000,-0.017,-0.060,-0.031,17.302,1.703,47.746,-0.022,-0.097,-1.008,-0.011,0.017,0.010,-1.06,5.33
127396,37.69,0.000,F,0.00,0.00,47.50000000,-122.50000000,E,42.166,44.198,137.664,-0.016,-0.085,-1.001,-0.003,-0.077,-0.033,17.287,1.942,47.778,-0.023,-0.092,-1.009,0.004,-0.000,0.008,-1.06,5.34
127504,37.68,0.000,F,0.00,0.00,47.50000000,-122.50000000,E,42.648,44.066,137.124,-0.019,-0.090,-0.972,-0.007,-0.073,-0.033,17.756,1.801,47.224,-0.026,-0.097,-0.979,-0.001,0.003,0.008,-1.08,5.35
127612,37.71,0.000,F,0.00,0.00,47.50000000,-122.50000000,E,41.991,44.212,137.284,-0.023,-0.093,-0.989,-0.005,-0.071,-0.033,17.120,1.954,47.392,-0.030,-0.100,-0.996,0.001,0.005,0.009,-1.08,5.35
127721,37.78,0.000,F,0.00,0.00,47.50000000,-122.50000000,E,41.976,44.271,137.431,-0.020,-0.088,-0.961,0.002,-0.089,-0.026,17.105,2.015,47.542,-0.026,-0.095,-0.969,0.009,-0.012,0.015,-1.12,5.37
127829,37.66,0.000,F,0.00,0.00,47.50000000,-122.50000000,E,42.298,43.511,137.591,-0.028,-0.086,-0.964,-0.012,-0.048,-0.034,17.417,1.239,47.696,-0.034,-0.093,-0.971,-0.006,0.029,0.008,-1.15,5.37
127937,37.62,0.000,F,0.00,0.00,47.50000000,-122.50000000,E,42.034,43.832,137.884,-0.019,-0.090,-0.996,-0.018,-0.063,-0.031,17.160,1.571,47.998,-0.026,-0.097,-1.004,-0.012,0.014,0.010,-1.11,5.36
