X,Y,Z
1396,1273,9397
1396,1273,9397
1396,1273,9397
1396,1273,9397
1396,1273,9397
1396,1273,9397
1396,1273,9397
1396,1273,9397
1396,1273,9397
1343,1315,9356
1343,1315,9356
1343,1315,9356
1343,1315,9356
1343,1315,9356
1343,1315,9356
1343,1315,9356
1343,1315,9356
1343,1315,9356
1384,1300,9418
1384,1300,9418
1384,1300,9418
1384,1300,9418
1384,1300,9418
1384,1300,9418
1384,1300,9418
1384,1300,9418
1381,1295,9413
1381,1295,9413
1381,1295,9413
1381,1295,9413
1381,1295,9413
1381,1295,9413
1381,1295,9413
1381,1295,9413
1381,1295,9413
1335,1274,9388
1335,1274,9388
1335,1274,9388
1335,1274,9388
1335,1274,9388
1335,1274,9388
1335,1274,9388
1335,1274,9388
1335,1274,9388
1380,1306,9394
1380,1306,9394
1380,1306,9394
1380,1306,9394
1380,1306,9394
1380,1306,9394
1380,1306,9394
1380,1306,9394
1380,1306,9394
1523,1367,9492
1523,1367,9492
1523,1367,9492
1523,1367,9492
1523,1367,9492
1523,1367,9492
1523,1367,9492
1523,1367,9492
1523,1367,9492
1558,1339,9462
1558,1339,9462
1558,1339,9462
1558,1339,9462
1558,1339,9462
1558,1339,9462
1558,1339,9462
1558,1339,9462
1558,1339,9462
1558,1339,9462
1379,1141,9342
1379,1141,9342
1379,1141,9342
1379,1141,9342
1379,1141,9342
1379,1141,9342
1379,1141,9342
1379,1141,9342
1379,1141,9342
1147,1102,9273
1147,1102,9273
1147,1102,9273
1147,1102,9273
1147,1102,9273
1147,1102,9273
1147,1102,9273
1147,1102,9273
1147,1102,9273
1034,1165,9350
1034,1165,9350
1034,1165,9350
1034,1165,9350
1034,1165,9350
1034,1165,9350
1034,1165,9350
1034,1165,9350
1034,1165,9350
943,1272,9330
943,1272,9330
943,1272,9330
943,1272,9330
943,1272,9330
943,1272,9330
943,1272,9330
943,1272,9330
943,1272,9330
943,1272,9330
912,1336,9357
912,1336,9357
912,1336,9357
912,1336,9357
912,1336,9357
912,1336,9357
912,1336,9357
912,1336,9357
921,1352,9416
921,1352,9416
921,1352,9416
921,1352,9416
921,1352,9416
921,1352,9416
921,1352,9416
921,1352,9416
921,1352,9416
956,1296,9398
956,1296,9398
956,1296,9398
956,1296,9398
956,1296,9398
956,1296,9398
956,1296,9398
956,1296,9398
956,1296,9398
1005,1277,9403
1005,1277,9403
1005,1277,9403
1005,1277,9403
1005,1277,9403
1005,1277,9403
1005,1277,9403
1005,1277,9403
1005,1277,9403
1013,1324,9396
1013,1324,9396
1013,1324,9396
1013,1324,9396
1013,1324,9396
1013,1324,9396
1013,1324,9396
1013,1324,9396
1013,1324,9396
1057,1333,9421
1057,1333,9421
1057,1333,9421
1057,1333,9421
1057,1333,9421
1057,1333,9421
1057,1333,9421
1057,1333,9421
1057,1333,9421
1057,1333,9421
1183,1267,9392
1183,1267,9392
1183,1267,9392
1183,1267,9392
1183,1267,9392
1183,1267,9392
1183,1267,9392
1183,1267,9392
1183,1267,9392
1224,1169,9292
1224,1169,9292
1224,1169,9292
1224,1169,9292
1224,1169,9292
1224,1169,9292
1224,1169,9292
1224,1169,9292
1224,1169,9292
1220,1102,9204
1220,1102,9204
1220,1102,9204
1220,1102,9204
1220,1102,9204
1220,1102,9204
1220,1102,9204
1220,1102,9204
1220,1102,9204
1115,1195,9234
1115,1195,9234
1115,1195,9234
1115,1195,9234
1115,1195,9234
1115,1195,9234
1115,1195,9234
1115,1195,9234
1115,1195,9234
1088,1205,9257
1088,1205,9257
1088,1205,9257
1088,1205,9257
1088,1205,9257
1088,1205,9257
1088,1205,9257
1088,1205,9257
1088,1205,9257
1048,1273,9256
1048,1273,9256
1048,1273,9256
1048,1273,9256
1048,1273,9256
1048,1273,9256
1048,1273,9256
1048,1273,9256
1048,1273,9256
944,1291,9275
944,1291,9275
944,1291,9275
944,1291,9275
944,1291,9275
944,1291,9275
944,1291,9275
944,1291,9275
944,1291,9275
799,1287,9245
799,1287,9245
799,1287,9245
799,1287,9245
799,1287,9245
799,1287,9245
799,1287,9245
799,1287,9245
799,1287,9245
709,1277,9214
709,1277,9214
709,1277,9214
709,1277,9214
709,1277,9214
709,1277,9214
709,1277,9214
709,1277,9214
709,1277,9214
658,1276,9216
658,1276,9216
658,1276,9216
658,1276,9216
658,1276,9216
658,1276,9216
658,1276,9216
658,1276,9216
658,1276,9216
578,1280,9195
578,1280,9195
578,1280,9195
578,1280,9195
578,1280,9195
578,1280,9195
578,1280,9195
578,1280,9195
529,1267,9203
529,1267,9203
529,1267,9203
529,1267,9203
472,1308,9156
472,1308,9156
472,1308,9156
472,1308,9156
472,1308,9156
472,1308,9156
472,1308,9156
472,1308,9156
472,1308,9156
500,1304,9167
500,1304,9167
500,1304,9167
500,1304,9167
500,1304,9167
500,1304,9167
500,1304,9167
500,1304,9167
500,1304,9167
552,1317,9175
552,1317,9175
552,1317,9175
552,1317,9175
552,1317,9175
552,1317,9175
552,1317,9175
552,1317,9175
552,1317,9175
601,1268,9167
601,1268,9167
601,1268,9167
601,1268,9167
601,1268,9167
601,1268,9167
601,1268,9167
601,1268,9167
713,1232,9147
713,1232,9147
713,1232,9147
713,1232,9147
713,1232,9147
713,1232,9147
713,1232,9147
713,1232,9147
713,1232,9147
713,1232,9147
955,1206,9223
955,1206,9223
955,1206,9223
955,1206,9223
955,1206,9223
955,1206,9223
955,1206,9223
955,1206,9223
955,1206,9223
1219,1199,9279
1219,1199,9279
1219,1199,9279
1219,1199,9279
1219,1199,9279
1219,1199,9279
1219,1199,9279
1219,1199,9279
1219,1199,9279
1444,1219,9265
1444,1219,9265
1444,1219,9265
1444,1219,9265
1444,1219,9265
1444,1219,9265
1444,1219,9265
1444,1219,9265
1444,1219,9265
1444,1219,9265
1587,1254,9252
1587,1254,9252
1587,1254,9252
1587,1254,9252
1587,1254,9252
1587,1254,9252
1587,1254,9252
1587,1254,9252
1587,1254,9252
1721,1324,9324
1721,1324,9324
1721,1324,9324
1721,1324,9324
1721,1324,9324
1721,1324,9324
1721,1324,9324
1721,1324,9324
1721,1324,9324
1881,1419,9339
1881,1419,9339
1881,1419,9339
1881,1419,9339
1881,1419,9339
1881,1419,9339
1881,1419,9339
1881,1419,9339
1881,1419,9339
1983,1508,9398
1983,1508,9398
1983,1508,9398
1983,1508,9398
1983,1508,9398
1983,1508,9398
1983,1508,9398
1983,1508,9398
1983,1508,9398
2193,1524,9368
2193,1524,9368
2193,1524,9368
2193,1524,9368
2193,1524,9368
2193,1524,9368
2193,1524,9368
2193,1524,9368
2193,1524,9368
2193,1613,9390
2363,1613,9390
2363,1613,9390
2363,1613,9390
2363,1613,9390
2363,1613,9390
2363,1613,9390
2363,1613,9390
2363,1613,9390
2526,1709,9392
2526,1709,9392
2526,1709,9392
2526,1709,9392
2526,1709,9392
2526,1709,9392
2526,1709,9392
2526,1709,9392
2526,1709,9392
2653,1811,9410
2653,1811,9410
2653,1811,9410
2653,1811,9410
2653,1811,9410
2653,1811,9410
2653,1811,9410
2653,1811,9410
2653,1811,9410
2795,1976,9361
2795,1976,9361
2795,1976,9361
2795,1976,9361
2795,1976,9361
2795,1976,9361
2795,1976,9361
2795,1976,9361
2795,1976,9361
2998,2252,9348
2998,2252,9348
2998,2252,9348
2998,2252,9348
2998,2252,9348
2998,2252,9348
2998,2252,9348
2998,2252,9348
2998,2252,9348
2998,2252,9348
3121,2583,9350
3121,2583,9350
3121,2583,9350
3121,2583,9350
3121,2583,9350
3121,2583,9350
3121,2583,9350
3121,2583,9350
3121,2583,9350
2959,2765,9391
2959,2765,9391
2959,2765,9391
2959,2765,9391
2959,2765,9391
2959,2765,9391
2959,2765,9391
2959,2765,9391
2959,2765,9391
3005,2823,9416
3005,2823,9416
3005,2823,9416
3005,2823,9416
3005,2823,9416
3005,2823,9416
3005,2823,9416
3005,2823,9416
3005,2823,9416
3005,2823,9416
2986,2930,9483
2986,2930,9483
2986,2930,9483
2986,2930,9483
2986,2930,9483
2986,2930,9483
2986,2930,9483
2986,2930,9483
2986,2930,9483
2894,3041,9468
2894,3041,9468
2894,3041,9468
2894,3041,9468
2894,3041,9468
2894,3041,9468
2894,3041,9468
2894,3041,9468
2894,3041,9468
2755,3280,9488
2755,3280,9488
2755,3280,9488
2755,3280,9488
2755,3280,9488
2755,3280,9488
2755,3280,9488
2755,3280,9488
2587,3499,9485
2587,3499,9485
2587,3499,9485
2587,3499,9485
2587,3499,9485
2587,3499,9485
2587,3499,9485
2587,3499,9485
2587,3499,9485
2494,3563,9456
2494,3563,9456
2494,3563,9456
2494,3563,9456
2494,3563,9456
2494,3563,9456
2494,3563,9456
2494,3563,9456
2494,3563,9456
2734,3455,9487
2734,3455,9487
2734,3455,9487
2734,3455,9487
2734,3455,9487
2734,3455,9487
2734,3455,9487
2734,3455,9487
2734,3455,9487
2879,3391,9429
2879,3391,9429
2879,3391,9429
2879,3391,9429
2879,3391,9429
2879,3391,9429
2879,3391,9429
2879,3391,9429
2879,3391,9429
2879,3391,9429
2870,3423,9422
2831,3599,9439
2831,3599,9439
2831,3599,9439
2831,3599,9439
2831,3599,9439
2831,3599,9439
2831,3599,9439
2831,3599,9439
2546,3764,9450
2546,3764,9450
2546,3764,9450
2546,3764,9450
2546,3764,9450
2546,3764,9450
2546,3764,9450
2546,3764,9450
2546,3764,9450
2546,3764,9450
2426,3930,9420
2426,3930,9420
2426,3930,9420
2426,3930,9420
2426,3930,9420
2426,3930,9420
2426,3930,9420
2426,3930,9420
2426,3930,9420
2238,4058,9375
2238,4058,9375
2238,4058,9375
2238,4058,9375
2238,4058,9375
2238,4058,9375
2238,4058,9375
2238,4058,9375
2238,4058,9375
2232,4144,9411
2232,4144,9411
2232,4144,9411
2232,4144,9411
2232,4144,9411
2232,4144,9411
2232,4144,9411
2232,4144,9411
2031,4067,9458
2031,4067,9458
2031,4067,9458
2031,4067,9458
2031,4067,9458
2031,4067,9458
2031,4067,9458
2031,4067,9458
2031,4067,9458
1881,3759,9574
1881,3759,9574
1881,3759,9574
1881,3759,9574
1881,3759,9574
1881,3759,9574
1881,3759,9574
1881,3759,9574
1881,3759,9574
1881,3334,9675
1592,3334,9675
1592,3334,9675
1592,3334,9675
1592,3334,9675
1592,3334,9675
1592,3334,9675
1592,3334,9675
1592,3334,9675
1592,3334,9675
1412,3129,9634
1412,3129,9634
1412,3129,9634
1412,3129,9634
1412,3129,9634
1412,3129,9634
1412,3129,9634
1412,3129,9634
1412,3129,9634
1256,3289,9614
1256,3289,9614
1256,3289,9614
1256,3289,9614
1256,3289,9614
1256,3289,9614
1256,3289,9614
1256,3289,9614
1256,3289,9614
1152,3418,9623
1152,3418,9623
1152,3418,9623
1152,3418,9623
1152,3418,9623
1152,3418,9623
1152,3418,9623
1152,3418,9623
1152,3418,9623
763,3464,9461
763,3464,9461
763,3464,9461
763,3464,9461
763,3464,9461
763,3464,9461
763,3464,9461
763,3464,9461
763,3464,9461
763,3464,9461
683,3411,9521
683,3411,9521
683,3411,9521
683,3411,9521
683,3411,9521
683,3411,9521
683,3411,9521
683,3411,9521
683,3411,9521
760,3373,9558
760,3373,9558
760,3373,9558
760,3373,9558
760,3373,9558
760,3373,9558
760,3373,9558
760,3373,9558
760,3373,9558
901,3331,9613
901,3331,9613
901,3331,9613
901,3331,9613
901,3331,9613
901,3331,9613
901,3331,9613
901,3331,9613
901,3331,9613
769,3244,9599
769,3244,9599
769,3244,9599
769,3244,9599
769,3244,9599
769,3244,9599
769,3244,9599
769,3244,9599
769,3244,9599
465,2944,9572
465,2944,9572
465,2944,9572
465,2944,9572
465,2944,9572
465,2944,9572
465,2944,9572
465,2944,9572
465,2944,9572
474,2684,9530
474,2684,9530
474,2684,9530
474,2684,9530
474,2684,9530
474,2684,9530
474,2684,9530
474,2684,9530
474,2684,9530
727,2427,9574
727,2427,9574
727,2427,9574
727,2427,9574
727,2427,9574
727,2427,9574
727,2427,9574
727,2427,9574
727,2427,9574
461,2250,9489
461,2250,9489
461,2250,9489
461,2250,9489
461,2250,9489
461,2250,9489
461,2250,9489
461,2250,9489
461,2250,9489
183,2186,9362
183,2186,9362
183,2186,9362
183,2186,9362
183,2186,9362
183,2186,9362
183,2186,9362
183,2186,9362
183,2186,9362
123,2121,9337
123,2121,9337
123,2121,9337
123,2121,9337
123,2121,9337
123,2121,9337
123,2121,9337
123,2121,9337
123,2121,9337
123,2121,9337
161,1948,9288
161,1948,9288
161,1948,9288
161,1948,9288
161,1948,9288
161,1948,9288
161,1948,9288
161,1948,9288
161,1948,9282
127,1780,9282
127,1780,9282
127,1780,9282
127,1780,9282
127,1780,9282
127,1780,9282
127,1780,9282
127,1780,9282
127,1780,9282
300,1500,9186
300,1500,9186
300,1500,9186
300,1500,9186
300,1500,9186
300,1500,9186
300,1500,9186
300,1500,9186
300,1500,9186
300,1500,9186
438,1335,9193
438,1335,9193
438,1335,9193
438,1335,9193
438,1335,9193
438,1335,9193
438,1335,9193
438,1335,9193
323,1386,9152
323,1386,9152
323,1386,9152
323,1386,9152
323,1386,9152
323,1386,9152
323,1386,9152
323,1386,9152
323,1386,9152
261,1562,9091
261,1562,9091
261,1562,9091
261,1562,9091
261,1562,9091
261,1562,9091
261,1562,9091
261,1562,9091
261,1562,9091
246,1707,9204
246,1707,9204
246,1707,9204
246,1707,9204
246,1707,9204
246,1707,9204
246,1707,9204
246,1707,9204
246,1707,9204
246,1707,9204
474,1737,9327
474,1737,9327
474,1737,9327
474,1737,9327
787,1548,9354
787,1548,9354
787,1548,9354
787,1548,9354
787,1548,9354
787,1548,9354
787,1548,9354
787,1548,9354
787,1548,9354
1076,1264,9280
1076,1264,9280
1076,1264,9280
1076,1264,9280
1076,1264,9280
1076,1264,9280
1076,1264,9280
1076,1264,9280
1076,1264,9280
1205,1063,9175
1205,1063,9175
1205,1063,9175
1205,1063,9175
1205,1063,9175
1205,1063,9175
1205,1063,9175
1205,1063,9175
1205,1063,9175
1205,1063,9175
945,996,9045
945,996,9045
945,996,9045
945,996,9045
945,996,9045
945,996,9045
945,996,9045
945,996,9045
945,996,9045
833,1065,9079
833,1065,9079
833,1065,9079
833,1065,9079
833,1065,9079
833,1065,9079
833,1065,9079
833,1065,9079
833,1065,9079
1110,1173,9270
1110,1173,9270
1110,1173,9270
1110,1173,9270
1110,1173,9270
1110,1173,9270
1110,1173,9270
1110,1173,9270
1314,1335,9377
1314,1335,9377
1314,1335,9377
1314,1335,9377
1314,1335,9377
1314,1335,9377
1314,1335,9377
1314,1335,9377
1314,1335,9377
1409,1446,9407
1409,1446,9407
1409,1446,9407
1409,1446,9407
1409,1446,9407
1409,1446,9407
1409,1446,9407
1409,1446,9407
1409,1446,9407
1477,1623,9460
1477,1623,9460
1477,1623,9460
1477,1623,9460
1477,1623,9460
1477,1623,9460
1477,1623,9460
1477,1623,9460
1477,1623,9460
1477,1623,9460
1606,1798,9554
1606,1798,9554
1606,1798,9554
1606,1798,9554
1606,1798,9554
1606,1798,9554
1606,1798,9554
1606,1798,9554
1606,1798,9554
1733,1930,9551
1733,1930,9551
1733,1930,9551
1733,1930,9551
1733,1930,9551
1733,1930,9551
1733,1930,9551
1733,1930,9551
1733,1930,9551
1776,2031,9521
1776,2031,9521
1776,2031,9521
1776,2031,9521
1776,2031,9521
1776,2031,9521
1776,2031,9521
1776,2031,9521
1776,2031,9521
1715,2120,9565
1715,2120,9565
1715,2120,9565
1715,2120,9565
1715,2120,9565
1715,2120,9565
1715,2120,9565
1715,2120,9565
1715,2120,9565
1675,2317,9611
1675,2317,9611
1675,2317,9611
1675,2317,9611
1675,2317,9611
1675,2317,9611
1675,2317,9611
1675,2317,9611
1675,2317,9611
1671,2536,9638
1671,2536,9638
1671,2536,9638
1671,2536,9638
1671,2536,9638
1671,2536,9638
1671,2536,9638
1671,2536,9638
1671,2536,9638
1671,2536,9638
1593,2747,9638
1593,2747,9638
1593,2747,9638
1593,2747,9638
1593,2747,9638
1593,2747,9638
1593,2747,9638
1593,2747,9638
1593,2747,9638
1534,2891,9665
1534,2891,9665
1534,2891,9665
1534,2891,9665
1534,2891,9665
1534,2891,9665
1534,2891,9665
1534,2891,9665
1534,2891,9665
1619,3006,9653
1619,3006,9653
1619,3006,9653
1619,3006,9653
1619,3006,9653
1619,3006,9653
1619,3006,9653
1619,3006,9653
1619,3006,9653
1593,3284,9620
1593,3284,9620
1593,3284,9620
1593,3284,9620
1593,3284,9620
1593,3284,9620
1593,3284,9620
1593,3284,9620
1593,3284,9620
1464,3533,9567
1464,3533,9567
1464,3533,9567
1464,3533,9567
1464,3533,9567
1464,3533,9567
1464,3533,9567
1464,3533,9567
1464,3533,9567
1448,3576,9537
1448,3576,9537
1448,3576,9537
1448,3576,9537
1448,3576,9537
1448,3576,9537
1448,3576,9537
1448,3576,9537
1448,3576,9537
1441,3533,9619
1441,3533,9619
1441,3533,9619
1441,3533,9619
1441,3533,9619
1441,3533,9619
1441,3533,9619
1441,3533,9619
1441,3533,9619
1400,3523,9621
1400,3523,9621
1400,3523,9621
1400,3523,9621
1400,3523,9621
1400,3523,9621
1400,3523,9621
1400,3523,9621
1400,3523,9621
1400,3523,9621
1084,3623,9576
1084,3623,9576
1084,3623,9576
1084,3623,9576
1084,3623,9576
1084,3623,9576
1084,3623,9576
1084,3623,9576
1084,3623,9576
1075,3730,9541
1075,3730,9541
1075,3730,9541
1075,3730,9541
1075,3730,9541
1075,3730,9541
1075,3730,9541
1075,3730,9541
1075,3730,9541
643,3862,9364
643,3862,9364
643,3862,9364
643,3862,9364
643,3862,9364
643,3862,9364
643,3862,9364
643,3862,9364
368,3929,9230
368,3929,9230
368,3929,9230
368,3929,9230
368,3929,9230
368,3929,9230
368,3929,9230
368,3929,9230
368,3929,9230
368,3929,9230
65,3906,9140
65,3906,9140
65,3906,9140
65,3906,9140
65,3906,9140
65,3906,9140
65,3906,9140
65,3906,9140
65,3906,9140
15,3863,9128
15,3863,9128
15,3863,9128
15,3863,9128
292,3797,9272
292,3797,9272
292,3797,9272
292,3797,9272
292,3797,9272
292,3797,9272
292,3797,9272
292,3797,9272
292,3797,9272
1221,3754,9541
1221,3754,9541
1221,3754,9541
1221,3754,9541
1221,3754,9541
1221,3754,9541
1221,3754,9541
1221,3754,9541
1221,3754,9541
1057,3859,9506
1057,3859,9506
1057,3859,9506
1057,3859,9506
1057,3859,9506
1057,3859,9506
1057,3859,9506
1057,3859,9506
1057,3859,9506
1057,3859,9506
753,3921,9383
753,3921,9383
753,3921,9383
753,3921,9383
753,3921,9383
753,3921,9383
753,3921,9383
753,3921,9383
753,3921,9383
-14,3773,9129
-14,3773,9129
-14,3773,9129
-14,3773,9129
-14,3773,9129
-14,3773,9129
-14,3773,9129
-14,3773,9129
-14,3773,9129
-573,3586,8867
-573,3586,8867
-573,3586,8867
-573,3586,8867
-573,3586,8867
-573,3586,8867
-573,3586,8867
-573,3586,8867
-573,3586,8867
-856,3320,8712
-856,3320,8712
-856,3320,8712
-856,3320,8712
-856,3320,8712
-856,3320,8712
-856,3320,8712
-856,3320,8712
-1034,3155,8616
-1034,3155,8616
-1034,3155,8616
-1034,3155,8616
-1034,3155,8616
-1034,3155,8616
-1034,3155,8616
-1034,3155,8616
-1034,3155,8616
-1034,2936,8408
-1152,2936,8408
-1152,2936,8408
-1152,2936,8408
-1152,2936,8408
-1152,2936,8408
-1152,2936,8408
-1152,2936,8408
-1152,2936,8408
-1260,2584,8293
-1260,2584,8293
-1260,2584,8293
-1260,2584,8293
-1260,2584,8293
-1260,2584,8293
-1260,2584,8293
-1260,2584,8293
-1260,2584,8293
-1260,2584,8293
-1161,2271,8295
-1161,2271,8295
-1161,2271,8295
-1161,2271,8295
-1161,2271,8295
-1161,2271,8295
-1161,2271,8295
-1161,2271,8295
-1161,2271,8295
-1161,2271,8295
-1066,1947,8398
-1066,1947,8398
-1066,1947,8398
-1066,1947,8398
-1066,1947,8398
-1066,1947,8398
-1066,1947,8398
-1066,1947,8398
-1066,1947,8398
-1025,1840,8348
-1025,1840,8348
-1025,1840,8348
-1025,1840,8348
-1025,1840,8348
-1025,1840,8348
-1025,1840,8348
-1025,1840,8348
-1025,1840,8348
-1090,1836,8307
-1090,1836,8307
-1090,1836,8307
-1090,1836,8307
-1090,1836,8307
-1090,1836,8307
-1090,1836,8307
-1090,1836,8307
-1090,1836,8307
-926,1775,8482
-926,1775,8482
-926,1775,8482
-926,1775,8482
-926,1775,8482
-926,1775,8482
-926,1775,8482
-926,1775,8482
-926,1775,8482
-956,1551,8395
-956,1551,8395
-956,1551,8395
-956,1551,8395
-956,1551,8395
-956,1551,8395
-956,1551,8395
-956,1551,8395
-956,1551,8395
-940,1398,8235
-940,1398,8235
-940,1398,8235
-940,1398,8235
-940,1398,8235
-940,1398,8235
-940,1398,8235
-940,1398,8235
-940,1398,8235
-940,1398,8235
-813,1296,8281
-813,1296,8281
-813,1296,8281
-813,1296,8281
-813,1296,8281
-813,1296,8281
-813,1296,8281
-813,1296,8281
-560,1161,8469
-560,1161,8469
-560,1161,8469
-560,1161,8469
-560,1161,8469
-560,1161,8469
-560,1161,8469
-560,1161,8469
-560,1161,8469
-446,1211,8567
-446,1211,8567
-446,1211,8567
-446,1211,8567
-446,1211,8567
-446,1211,8567
-446,1211,8567
-446,1211,8567
-446,1211,8567
-379,1231,8590
-379,1231,8590
-379,1231,8590
-379,1231,8590
-379,1231,8590
-379,1231,8590
-379,1231,8590
-379,1231,8590
-379,1231,8590
-201,1207,8777
-201,1207,8777
-201,1207,8777
-201,1207,8777
-201,1207,8777
-201,1207,8777
-201,1207,8777
-201,1207,8777
-201,1207,8777
187,1325,9006
187,1325,9006
187,1325,9006
187,1325,9006
187,1325,9006
187,1325,9006
187,1325,9006
187,1325,9006
187,1325,9006
187,1325,9006
345,1525,9177
345,1525,9177
345,1525,9177
345,1525,9177
345,1525,9177
345,1525,9177
345,1525,9177
345,1525,9177
345,1525,9177
345,1525,9323
518,1749,9323
518,1749,9323
518,1749,9323
518,1749,9323
518,1749,9323
518,1749,9323
518,1749,9323
518,1749,9323
518,1749,9323
509,1837,9392
509,1837,9392
509,1837,9392
509,1837,9392
509,1837,9392
509,1837,9392
509,1837,9392
509,1837,9392
509,1837,9392
547,1942,9353
547,1942,9353
547,1942,9353
547,1942,9353
547,1942,9353
547,1942,9353
547,1942,9353
547,1942,9353
547,1942,9353
645,1990,9423
645,1990,9423
645,1990,9423
645,1990,9423
645,1990,9423
645,1990,9423
645,1990,9423
645,1990,9423
708,2079,9381
708,2079,9381
708,2079,9381
708,2079,9381
570,2189,9444
570,2189,9444
570,2189,9444
570,2189,9444
570,2189,9444
570,2189,9444
570,2189,9444
570,2189,9444
570,2189,9444
599,2344,9456
599,2344,9456
599,2344,9456
599,2344,9456
599,2344,9456
599,2344,9456
599,2344,9456
599,2344,9456
599,2344,9456
629,2506,9483
629,2506,9483
629,2506,9483
629,2506,9483
629,2506,9483
629,2506,9483
629,2506,9483
629,2506,9483
629,2506,9483
629,2506,9483
785,2712,9503
785,2712,9503
785,2712,9503
785,2712,9503
785,2712,9503
785,2712,9503
785,2712,9503
785,2712,9503
785,2712,9503
1002,2963,9541
1002,2963,9541
1002,2963,9541
1002,2963,9541
1002,2963,9541
1002,2963,9541
1002,2963,9541
1002,2963,9541
1002,2963,9541
1002,2963,9541
1030,3291,9512
1030,3291,9512
1030,3291,9512
1030,3291,9512
1030,3291,9512
1030,3291,9512
1030,3291,9512
1030,3291,9512
1030,3291,9512
754,3392,9478
754,3392,9478
754,3392,9478
754,3392,9478
754,3392,9478
754,3392,9478
754,3392,9478
754,3392,9478
754,3392,9478
841,3473,9472
841,3473,9472
841,3473,9472
841,3473,9472
841,3473,9472
841,3473,9472
841,3473,9472
841,3473,9472
841,3473,9472
968,3675,9498
968,3675,9498
968,3675,9498
968,3675,9498
968,3675,9498
968,3675,9498
968,3675,9498
968,3675,9326
704,3826,9326
704,3826,9326
704,3826,9326
704,3826,9326
704,3826,9326
704,3826,9326
704,3826,9326
704,3826,9326
704,3826,9326
536,3894,9298
536,3894,9298
536,3894,9298
536,3894,9298
536,3894,9298
536,3894,9298
536,3894,9298
536,3894,9298
536,3894,9298
475,3828,9303
475,3828,9303
475,3828,9303
475,3828,9303
475,3828,9303
475,3828,9303
475,3828,9303
475,3828,9303
475,3828,9303
197,3863,9153
197,3863,9153
197,3863,9153
197,3863,9153
197,3863,9153
197,3863,9153
197,3863,9153
197,3863,9153
197,3863,9153
-110,4077,8999
-110,4077,8999
-110,4077,8999
-110,4077,8999
-110,4077,8999
-110,4077,8999
-110,4077,8999
-110,4077,8999
-110,4077,8999
-366,4178,8771
-366,4178,8771
-366,4178,8771
-366,4178,8771
-366,4178,8771
-366,4178,8771
-366,4178,8771
-366,4178,8771
-366,4178,8771
-572,4185,8562
-572,4185,8562
-572,4185,8562
-572,4185,8562
-572,4185,8562
-572,4185,8562
-572,4185,8562
-572,4185,8562
-572,4185,8562
-572,4185,8562
-864,4015,8501
-864,4015,8501
-864,4015,8501
-864,4015,8501
-864,4015,8501
-864,4015,8501
-864,4015,8501
-864,4015,8501
-864,4015,8501
-1023,3759,8369
-1023,3759,8369
-1023,3759,8369
-1023,3759,8369
-1023,3759,8369
-1023,3759,8369
-1023,3759,8369
-1023,3759,8369
-1023,3759,8369
-1023,3759,8369
-1115,3546,8423
-1115,3546,8423
-1115,3546,8423
-1115,3546,8423
-1115,3546,8423
-1115,3546,8423
-1115,3546,8423
-1115,3546,8423
-1155,3284,8443
-1155,3284,8443
-1155,3284,8443
-1155,3284,8443
-1155,3284,8443
-1155,3284,8443
-1155,3284,8443
-1155,3284,8443
-1155,3284,8443
-1314,2975,8280
-1314,2975,8280
-1314,2975,8280
-1314,2975,8280
-1314,2975,8280
-1314,2975,8280
-1314,2975,8280
-1314,2975,8280
-1314,2975,8280
-1369,2792,8134
-1369,2792,8134
-1369,2792,8134
-1369,2792,8134
-1369,2792,8134
-1369,2792,8134
-1369,2792,8134
-1369,2792,8134
-1369,2792,8134
-1476,2629,8037
-1476,2629,8037
-1476,2629,8037
-1476,2629,8037
-1476,2629,8037
-1476,2629,8037
-1476,2629,8037
-1476,2629,8037
-1476,2629,8037
-1397,2401,8145
-1397,2401,8145
-1397,2401,8145
-1397,2401,8145
-1397,2401,8145
-1397,2401,8145
-1397,2401,8145
-1397,2401,8145
-1397,2401,8145
-1233,2177,8255
-1233,2177,8255
-1233,2177,8255
-1233,2177,8255
-1233,2177,8255
-1233,2177,8255
-1233,2177,8255
-1233,2177,8255
-1233,2177,8255
-1233,2177,8255
-1242,2095,8269
-1242,2095,8269
-1242,2095,8269
-1242,2095,8269
-1242,2095,8269
-1242,2095,8269
-1242,2095,8269
-1242,2095,8269
-1242,2095,8269
-1198,1997,8295
-1198,1997,8295
-1198,1997,8295
-1198,1997,8295
-1198,1997,8295
-1198,1997,8295
-1198,1997,8295
-1198,1997,8295
-1042,1737,8366
-1042,1737,8366
-1042,1737,8366
-1042,1737,8366
-1042,1737,8366
-1042,1737,8366
-1042,1737,8366
-1042,1737,8366
-1042,1737,8366
-1042,1737,8366
-717,1559,8482
-717,1559,8482
-717,1559,8482
-559,1532,8651
-559,1532,8651
-559,1532,8651
-559,1532,8651
-559,1532,8651
-559,1532,8651
-559,1532,8651
-559,1532,8651
-559,1532,8651
-559,1475,8638
-586,1475,8638
-586,1475,8638
-586,1475,8638
-586,1475,8638
-586,1475,8638
-586,1475,8638
-586,1475,8638
-586,1475,8638
-586,1475,8638
-574,1387,8597
-574,1387,8597
-574,1387,8597
-574,1387,8597
-574,1387,8597
-574,1387,8597
-574,1387,8597
-574,1387,8597
-574,1387,8597
-572,1394,8480
-572,1394,8480
-572,1394,8480
-572,1394,8480
-572,1394,8480
-572,1394,8480
-572,1394,8480
-572,1394,8480
-572,1394,8480
-891,1432,8195
-891,1432,8195
-891,1432,8195
-891,1432,8195
-891,1432,8195
-891,1432,8195
-891,1432,8195
-891,1432,8195
-891,1432,8195
-939,1626,8296
-939,1626,8296
-939,1626,8296
-939,1626,8296
-939,1626,8296
-939,1626,8296
-939,1626,8296
-939,1626,8296
-939,1626,8296
-939,1626,8296
-629,1850,8713
-629,1850,8713
-629,1850,8713
-629,1850,8713
-629,1850,8713
-629,1850,8713
-629,1850,8713
-629,1850,8713
-629,1850,8713
-317,1990,8908
-317,1990,8908
-317,1990,8908
-317,1990,8908
-317,1990,8908
-317,1990,8908
-317,1990,8908
-317,1990,8908
-317,1990,8908
-170,2165,9102
-170,2165,9102
-170,2165,9102
-170,2165,9102
-170,2165,9102
-170,2165,9102
-170,2165,9102
-170,2165,9102
-170,2165,9102
-56,2388,9249
-56,2388,9249
-56,2388,9249
-56,2388,9249
-56,2388,9249
-56,2388,9249
-56,2388,9249
-56,2388,9249
-56,2388,9249
-90,2535,9167
-90,2535,9167
-90,2535,9167
-90,2535,9167
-90,2535,9167
-90,2535,9167
-90,2535,9167
-90,2535,9167
-90,2535,9167
-151,2548,9153
-151,2548,9153
-151,2548,9153
-151,2548,9153
-151,2548,9153
-151,2548,9153
-151,2548,9153
-151,2548,9153
-151,2548,9153
-312,2597,9076
-312,2597,9076
-312,2597,9076
-312,2597,9076
-312,2597,9076
-312,2597,9076
-312,2597,9076
-312,2597,9076
-312,2597,9076
-369,2637,9086
-369,2637,9086
-369,2637,9086
-369,2637,9086
-369,2637,9086
-369,2637,9086
-369,2637,9086
-369,2637,9086
-369,2637,9086
-237,2737,9096
-237,2737,9096
-237,2737,9096
-237,2737,9096
-237,2737,9096
-237,2737,9096
-237,2737,9096
-237,2737,9096
-237,2737,9096
-298,2896,9065
-298,2896,9065
-298,2896,9065
-298,2896,9065
-298,2896,9065
-298,2896,9065
-298,2896,9065
-298,2896,9065
-298,2896,9065
-298,2896,9065
-337,3048,9054
-337,3048,9054
-337,3048,9054
-337,3048,9054
-337,3048,9054
-337,3048,9054
-337,3048,9054
-337,3048,9054
-227,3153,9165
-227,3153,9165
-227,3153,9165
-227,3153,9165
-227,3153,9165
-227,3153,9165
-227,3153,9165
-227,3153,9165
-227,3153,9165
-227,3153,9165
-110,3244,9204
-110,3244,9204
-110,3244,9204
-110,3244,9204
-110,3244,9204
-110,3244,9204
-110,3244,9204
-110,3244,9204
-110,3244,9204
-110,3244,9204
162,3359,9293
162,3359,9293
162,3359,9293
162,3359,9293
162,3359,9293
162,3359,9293
162,3359,9293
162,3359,9293
162,3359,9293
297,3377,9373
297,3377,9373
297,3377,9373
297,3377,9373
297,3377,9373
297,3377,9373
297,3377,9373
297,3377,9373
22,3355,9242
22,3355,9242
22,3355,9242
22,3355,9242
22,3355,9242
22,3355,9242
22,3355,9242
22,3355,9242
22,3355,9242
-375,3381,8991
-375,3381,8991
-375,3381,8991
-375,3381,8991
-375,3381,8991
-375,3381,8991
-375,3381,8991
-375,3381,8991
-375,3381,8991
-478,3442,8864
-478,3442,8864
-478,3442,8864
-478,3442,8864
-478,3442,8864
-478,3442,8864
-478,3442,8864
-478,3442,8864
-478,3442,8864
-657,3773,8709
-657,3773,8709
-657,3773,8709
-657,3773,8709
-657,3773,8709
-657,3773,8709
-657,3773,8709
-657,3773,8709
-657,3773,8709
-839,3988,8412
-839,3988,8412
-839,3988,8412
-839,3988,8412
-839,3988,8412
-839,3988,8412
-839,3988,8412
-839,3988,8412
-839,3988,8412
-1030,4081,8169
-1030,4081,8169
-1030,4081,8169
-1030,4081,8169
-1030,4081,8169
-1030,4081,8169
-1030,4081,8169
-1030,4081,8169
-1030,4081,8169
-1030,4081,8169
-950,4009,8320
-950,4009,8320
-950,4009,8320
-950,4009,8320
-950,4009,8320
-950,4009,8320
-950,4009,8320
-950,4009,8320
-1090,3947,8204
-1090,3947,8204
-1090,3947,8204
-1090,3947,8204
-1090,3947,8204
-1268,3831,7993
-1268,3831,7993
-1268,3831,7993
-1268,3831,7993
-1268,3831,7993
-1268,3831,7993
-1268,3831,7993
-1268,3831,7993
-1444,3644,7831
-1444,3644,7831
-1444,3644,7831
-1444,3644,7831
-1444,3644,7831
-1444,3644,7831
-1444,3644,7831
-1444,3644,7831
-1444,3644,7831
-1552,3465,7815
-1552,3465,7815
-1552,3465,7815
-1552,3465,7815
-1552,3465,7815
-1552,3465,7815
-1552,3465,7815
-1552,3465,7815
-1552,3465,7815
-1552,3465,7815
-1630,3253,7675
-1630,3253,7675
-1630,3253,7675
-1630,3253,7675
-1630,3253,7675
-1630,3253,7675
-1630,3253,7675
-1630,3253,7675
-1630,3253,7675
-1670,3139,7622
-1670,3139,7622
-1670,3139,7622
-1670,3139,7622
-1670,3139,7622
-1670,3139,7622
-1670,3139,7622
-1670,3139,7622
-1670,3139,7622
-1770,3024,7447
-1770,3024,7447
-1770,3024,7447
-1770,3024,7447
-1770,3024,7447
-1770,3024,7447
-1770,3024,7447
-1770,3024,7447
-1770,3024,7447
-1872,2930,7208
-1872,2930,7208
-1872,2930,7208
-1872,2930,7208
-1872,2930,7208
-1872,2930,7208
-1872,2930,7208
-1872,2930,7208
-1872,2930,7208
-1909,2697,7110
-1909,2697,7110
-1909,2697,7110
-1909,2697,7110
-1909,2697,7110
-1909,2697,7110
-1909,2697,7110
-1909,2697,7110
-1909,2697,7110
-1909,2697,7110
-1910,2426,7073
-1910,2426,7073
-1910,2426,7073
-1910,2426,7073
-1910,2426,7073
-1910,2426,7073
-1910,2426,7073
-1910,2426,7073
-1910,2426,7073
-1903,2248,6994
-1903,2248,6994
-1903,2248,6994
-1903,2248,6994
-1903,2248,6994
-1903,2248,6994
-1903,2248,6994
-1903,2248,6994
-1903,2248,6994
-1850,2182,6987
-1850,2182,6987
-1850,2182,6987
-1850,2182,6987
-1850,2182,6987
-1850,2182,6987
-1850,2182,6987
-1850,2182,6987
-1850,2182,6987
-1847,2113,7001
-1847,2113,7001
-1847,2113,7001
-1847,2113,7001
-1847,2113,7001
-1847,2113,7001
-1847,2113,7001
-1847,2113,7001
-1876,1983,6613
-1876,1983,6613
-1876,1983,6613
-1876,1983,6613
-1876,1983,6613
-1876,1983,6613
-1876,1983,6613
-1876,1983,6613
-1876,1983,6613
-1876,1983,6613
-1845,1839,6473
-1845,1839,6473
-1845,1839,6473
-1845,1839,6473
-1845,1839,6473
-1845,1839,6473
-1845,1839,6473
-1845,1839,6473
-1811,1766,6554
-1811,1766,6554
-1811,1766,6554
-1811,1766,6554
-1811,1766,6554
-1811,1766,6554
-1811,1766,6554
-1811,1766,6554
-1811,1766,6554
-1811,1766,6554
-1798,1698,6536
-1798,1698,6536
-1798,1698,6536
-1798,1698,6536
-1798,1698,6536
-1798,1698,6536
-1798,1698,6536
-1798,1698,6536
-1798,1698,6536
-1798,1698,6536
-1737,1700,6939
-1737,1700,6939
-1737,1700,6939
-1737,1700,6939
-1737,1700,6939
-1737,1700,6939
-1737,1700,6939
-1737,1700,6939
-1737,1700,6939
-1527,1700,7574
-1527,1700,7574
-1527,1700,7574
-1527,1700,7574
-1527,1700,7574
-1527,1700,7574
-1527,1700,7574
-1527,1700,7574
-1527,1700,7574
-1454,1644,7527
-1454,1644,7527
-1454,1644,7527
-1454,1644,7527
-1454,1644,7527
-1454,1644,7527
-1454,1644,7527
-1454,1644,7527
-1454,1644,7527
-1460,1626,7434
-1460,1626,7434
-1460,1626,7434
-1460,1626,7434
-1460,1626,7434
-1460,1626,7434
-1460,1626,7434
-1460,1626,7434
-1460,1626,7434
-1413,1606,7576
-1413,1606,7576
-1413,1606,7576
-1413,1606,7576
-1413,1606,7576
-1413,1606,7576
-1413,1606,7576
-1413,1606,7576
-1413,1606,7576
-1386,1579,7651
-1386,1579,7651
-1386,1579,7651
-1386,1579,7651
-1386,1579,7651
-1386,1579,7651
-1386,1579,7651
-1386,1579,7651
-1386,1579,7651
-1396,1531,7557
-1396,1531,7557
-1396,1531,7557
-1396,1531,7557
-1396,1531,7557
-1396,1531,7557
-1396,1531,7557
-1396,1531,7557
-1396,1531,7557
-1411,1516,7561
-1411,1516,7561
-1411,1516,7561
-1411,1516,7561
-1411,1516,7561
-1411,1516,7561
-1411,1516,7561
-1411,1516,7561
-1411,1516,7561
-1408,1545,7533
-1408,1545,7533
-1408,1545,7533
-1408,1545,7533
-1408,1545,7533
-1408,1545,7533
-1408,1545,7533
-1408,1545,7533
-1408,1545,7533
-1386,1513,7501
-1386,1513,7501
-1386,1513,7501
-1386,1513,7501
-1386,1513,7501
-1386,1513,7501
-1386,1513,7501
-1386,1513,7501
-1386,1513,7501
-1402,1489,7513
-1402,1489,7513
-1402,1489,7513
-1407,1502,7455
-1407,1502,7455
-1407,1502,7455
-1407,1502,7455
-1407,1502,7455
-1407,1502,7455
-1407,1502,7455
-1407,1502,7455
-1407,1502,7455
-1407,1502,7455
-1482,1473,7390
-1482,1473,7390
-1482,1473,7390
-1482,1473,7390
-1482,1473,7390
-1482,1473,7390
-1482,1473,7390
-1482,1473,7390
-1482,1473,7390
-1482,1473,7390
-1506,1456,7309
-1506,1456,7309
-1506,1456,7309
-1506,1456,7309
-1506,1456,7309
-1506,1456,7309
-1506,1456,7309
-1506,1456,7309
-1506,1456,7309
-1481,1567,7361
-1481,1567,7361
-1481,1567,7361
-1481,1567,7361
-1481,1567,7361
-1481,1567,7361
-1481,1567,7361
-1481,1567,7361
-1481,1567,7361
-1560,1593,7271
-1560,1593,7271
-1560,1593,7271
-1560,1593,7271
-1560,1593,7271
-1560,1593,7271
-1560,1593,7271
-1560,1593,7271
-1560,1593,7413
-1527,1709,7413
-1527,1709,7413
-1527,1709,7413
-1527,1709,7413
-1527,1709,7413
-1527,1709,7413
-1527,1709,7413
-1527,1709,7413
-1527,1813,7480
-1526,1813,7480
-1526,1813,7480
-1526,1813,7480
-1526,1813,7480
-1526,1813,7480
-1526,1813,7480
-1526,1813,7480
-1526,1813,7480
-1526,1813,7480
-1552,1919,7523
-1552,1919,7523
-1552,1919,7523
-1552,1919,7523
-1552,1919,7523
-1552,1919,7523
-1552,1919,7523
-1552,1919,7523
-1552,1919,7523
-1474,2150,7760
-1474,2150,7760
-1474,2150,7760
-1474,2150,7760
-1474,2150,7760
-1474,2150,7760
-1474,2150,7760
-1474,2150,7760
-1474,2150,7760
-1365,2469,8035
-1365,2469,8035
-1365,2469,8035
-1365,2469,8035
-1365,2469,8035
-1365,2469,8035
-1365,2469,8035
-1365,2469,8035
-1365,2469,8035
-1300,2680,8068
-1300,2680,8068
-1300,2680,8068
-1300,2680,8068
-1300,2680,8068
-1300,2680,8068
-1300,2680,8068
-1300,2680,8068
-1300,2680,8068
-1325,2680,8111
-1325,2680,8111
-1325,2680,8111
-1325,2680,8111
-1325,2680,8111
-1325,2680,8111
-1325,2680,8111
-1325,2680,8111
-1325,2680,8111
-1325,2680,8292
-1144,2522,8292
-1144,2522,8292
-1144,2522,8292
-1144,2522,8292
-1144,2522,8292
-1144,2522,8292
-1144,2522,8292
-1144,2522,8292
-1069,2550,8396
-1069,2550,8396
-1069,2550,8396
-1069,2550,8396
-1069,2550,8396
-1069,2550,8396
-1069,2550,8396
-1069,2550,8396
-1069,2550,8396
-1069,2550,8396
-901,2804,8552
-901,2804,8552
-901,2804,8552
-901,2804,8552
-901,2804,8552
-901,2804,8552
-901,2804,8552
-901,2804,8552
-901,2804,8552
-1088,3170,8321
-1088,3170,8321
-1088,3170,8321
-1088,3170,8321
-1088,3170,8321
-1088,3170,8321
-1088,3170,8321
-1088,3170,8321
-1088,3170,8321
-1111,3272,8392
-1111,3272,8392
-1111,3272,8392
-1111,3272,8392
-1111,3272,8392
-1111,3272,8392
-1111,3272,8392
-1111,3272,8392
-1111,3272,8392
-1087,3243,8370
-1087,3243,8370
-1087,3243,8370
-1087,3243,8370
-1087,3243,8370
-1087,3243,8370
-1087,3243,8370
-1087,3243,8370
-1087,3243,8370
-1199,3333,8212
-1199,3333,8212
-1199,3333,8212
-1199,3333,8212
-1199,3333,8212
-1199,3333,8212
-1199,3333,8212
-1199,3333,8212
-1199,3333,8212
-1186,3588,8225
-1186,3588,8225
-1186,3588,8225
-1186,3588,8225
-1186,3588,8225
-1186,3588,8225
-1186,3588,8225
-1186,3588,8225
-1186,3588,8225
-644,3648,8737
-644,3648,8737
-644,3648,8737
-644,3648,8737
-644,3648,8737
-644,3648,8737
-644,3648,8737
-644,3648,8737
-644,3648,8737
-644,3648,8737
-984,3647,8364
-984,3647,8364
-984,3647,8364
-984,3647,8364
-984,3647,8364
-984,3647,8364
-984,3647,8364
-984,3647,8364
-984,3647,8364
-1118,3528,8299
-1118,3528,8299
-1118,3528,8299
-1118,3528,8299
-1118,3528,8299
-1118,3528,8299
-1118,3528,8299
-1118,3528,8299
-1118,3528,8299
-1455,3683,7774
-1455,3683,7774
-1455,3683,7774
-1455,3683,7774
-1455,3683,7774
-1455,3683,7774
-1455,3683,7774
-1455,3683,7774
-1455,3683,7774
-1523,3885,7548
-1523,3885,7548
-1523,3885,7548
-1523,3885,7548
-1523,3885,7548
-1523,3885,7548
-1523,3885,7548
-1523,3885,7548
-1523,3885,7548
-1623,4066,7087
-1623,4066,7087
-1623,4066,7087
-1623,4066,7087
-1623,4066,7087
-1623,4066,7087
-1623,4066,7087
-1623,4066,7087
-1623,4066,7087
-1590,4197,7066
-1590,4197,7066
-1590,4197,7066
-1590,4197,7066
-1590,4309,6744
-1590,4309,6744
-1590,4309,6744
-1590,4309,6744
-1590,4309,6744
-1590,4309,6744
-1590,4309,6744
-1590,4309,6744
-1590,4309,6744
-1590,4309,6744
-1602,4453,6079
-1602,4453,6079
-1602,4453,6079
-1602,4453,6079
-1602,4453,6079
-1602,4453,6079
-1602,4453,6079
-1602,4453,6079
-1602,4453,6079
-1629,4312,5768
-1629,4312,5768
-1629,4312,5768
-1629,4312,5768
-1629,4312,5768
-1629,4312,5768
-1629,4312,5768
-1629,4312,5768
-1629,4312,5768
-1569,4067,4857
-1569,4067,4857
-1569,4067,4857
-1569,4067,4857
-1569,4067,4857
-1569,4067,4857
-1569,4067,4857
-1569,4067,4857
-1569,4067,4857
-1398,3626,4403
-1398,3626,4403
-1398,3626,4403
-1398,3626,4403
-1398,3626,4403
-1398,3626,4403
-1398,3626,4403
-1398,3626,4403
-1398,3626,4403
-1503,3067,4388
-1503,3067,4388
-1503,3067,4388
-1503,3067,4388
-1503,3067,4388
-1503,3067,4388
-1503,3067,4388
-1503,3067,4388
-1503,3067,4388
-1399,2666,4310
-1399,2666,4310
-1399,2666,4310
-1399,2666,4310
-1399,2666,4310
-1399,2666,4310
-1399,2666,4310
-1399,2666,4310
-1399,2666,4310
-1373,2518,4267
-1373,2518,4267
-1373,2518,4267
-1373,2518,4267
-1373,2518,4267
-1373,2518,4267
-1373,2518,4267
-1373,2518,4267
-1373,2518,4267
-1373,2518,4267
-1408,2647,4333
-1408,2647,4333
-1408,2647,4333
-1408,2647,4333
-1408,2647,4333
-1408,2647,4333
-1408,2647,4333
-1408,2647,4333
-1384,2901,4258
-1384,2901,4258
-1384,2901,4258
-1384,2901,4258
-1384,2901,4258
-1384,2901,4258
-1384,2901,4258
-1384,2901,4258
-1384,2901,4258
-1438,2906,4370
-1438,2906,4370
-1438,2906,4370
-1438,2906,4370
-1438,2906,4370
-1438,2906,4370
-1438,2906,4370
-1438,2906,4370
-1438,2906,4370
-1295,2528,4267
-1295,2528,4267
-1295,2528,4267
-1295,2528,4267
-1295,2528,4267
-1295,2528,4267
-1295,2528,4267
-1295,2528,4267
-1295,2528,4267
-1295,2528,4267
-1243,1980,4393
-1243,1980,4393
-1243,1980,4393
-1243,1980,4393
-1243,1980,4393
-1243,1980,4393
-1243,1980,4393
-1243,1980,4393
-1243,1980,4393
-1405,1575,4843
-1405,1575,4843
-1405,1575,4843
-1405,1575,4843
-1405,1575,4843
-1405,1575,4843
-1405,1575,4843
-1405,1575,4843
-1405,1575,4843
-1615,1428,5667
-1615,1428,5667
-1615,1428,5667
-1615,1428,5667
-1615,1428,5667
-1615,1428,5667
-1615,1428,5667
-1615,1428,5667
-1615,1428,5667
-1630,1350,6344
-1630,1350,6344
-1630,1350,6344
-1630,1350,6344
-1630,1350,6344
-1630,1350,6344
-1630,1350,6344
-1630,1350,6344
-1630,1350,6344
-1630,1350,6344
-1574,1344,6895
-1574,1344,6895
-1574,1344,6895
-1574,1344,6895
-1574,1344,6895
-1574,1344,6895
-1574,1344,6895
-1574,1344,6895
-1574,1344,6895
-1509,1393,7219
-1509,1393,7219
-1509,1393,7219
-1509,1393,7219
-1509,1393,7219
-1509,1393,7219
-1509,1393,7219
-1509,1393,7219
-1509,1393,7219
-1409,1526,7580
-1409,1526,7580
-1409,1526,7580
-1409,1526,7580
-1409,1526,7580
-1409,1526,7580
-1409,1526,7580
-1409,1526,7580
-1253,1785,7976
-1253,1785,7976
-1253,1785,7976
-1253,1785,7976
-1253,1785,7976
-1253,1785,7976
-1253,1785,7976
-1253,1785,7976
-1253,1785,7976
-1150,2227,8372
-1150,2227,8372
-1150,2227,8372
-1150,2227,8372
-1150,2227,8372
-1150,2227,8372
-1150,2227,8372
-1150,2227,8372
-1150,2227,8372
-1150,2227,8372
-1108,2734,8460
-1108,2734,8460
-1108,2734,8460
-1108,2734,8460
-1108,2734,8460
-1108,2734,8460
-1108,2734,8460
-1108,2734,8460
-1208,3072,8332
-1208,3072,8332
-1208,3072,8332
-1208,3072,8332
-1208,3072,8332
-1208,3072,8332
-1208,3072,8332
-1208,3072,8332
-1208,3072,8332
-1208,3072,8332
-1208,3328,8276
-1208,3328,8276
-1208,3328,8276
-1208,3328,8276
-1208,3328,8276
-1208,3328,8276
-1208,3328,8276
-1208,3328,8276
-1208,3328,8276
-1208,3328,8276
-1058,3383,8450
-1058,3383,8450
-1058,3383,8450
-1058,3383,8450
-1058,3383,8450
-1058,3383,8450
-1058,3383,8450
-1058,3383,8450
-1058,3383,8450
-843,3227,8698
-843,3227,8698
-843,3227,8698
-843,3227,8698
-843,3227,8698
-843,3227,8698
-843,3227,8698
-843,3227,8698
-843,3227,8698
-948,3133,8564
-948,3133,8564
-948,3133,8564
-948,3133,8564
-1294,3387,8102
-1294,3387,8102
-1294,3387,8102
-1294,3387,8102
-1294,3387,8102
-1294,3387,8102
-1294,3387,8102
-1294,3387,8102
-1294,3387,8102
-1282,3797,7963
-1282,3797,7963
-1282,3797,7963
-1282,3797,7963
-1282,3797,7963
-1282,3797,7963
-1282,3797,7963
-1282,3797,7963
-1282,3797,7963
-1261,4269,7686
-1261,4269,7686
-1261,4269,7686
-1261,4269,7686
-1261,4269,7686
-1261,4269,7686
-1261,4269,7686
-1261,4269,7686
-1085,4567,7643
-1085,4567,7643
-1085,4567,7643
-1085,4567,7643
-1085,4567,7643
-1085,4567,7643
-1085,4567,7643
-1085,4567,7643
-1085,4567,7643
-1085,4567,7643
-1005,4661,7711
-1005,4661,7711
-1005,4661,7711
-1005,4661,7711
-1005,4661,7711
-1005,4661,7711
-1005,4661,7711
-1005,4661,7711
-1005,4661,7711
-1005,4661,7711
-1128,4541,7667
-1128,4541,7667
-1128,4541,7667
-1128,4541,7667
-1128,4541,7667
-1128,4541,7667
-1128,4541,7667
-1128,4541,7667
-1128,4541,7667
-1124,4325,7846
-1124,4325,7846
-1124,4325,7846
-1124,4325,7846
-1124,4325,7846
-1124,4325,7846
-1124,4325,7846
-1124,4325,7846
-1124,4325,7846
-1138,4061,8069
-1138,4061,8069
-1138,4061,8069
-1138,4061,8069
-1138,4061,8069
-1138,4061,8069
-1138,4061,8069
-1138,4061,8069
-1138,4061,8069
-961,3822,8369
-961,3822,8369
-961,3822,8369
-961,3822,8369
-961,3822,8369
-961,3822,8369
-961,3822,8369
-961,3822,8369
-961,3822,8369
-505,3595,8903
-505,3595,8903
-505,3595,8903
-505,3595,8903
-505,3595,8903
-505,3595,8903
-505,3595,8903
-505,3595,8903
-505,3595,8903
-505,3595,9634
951,3212,9634
951,3212,9634
951,3212,9634
951,3212,9634
951,3212,9634
951,3212,9634
951,3212,9634
951,3212,9634
1039,3071,9661
1039,3071,9661
1039,3071,9661
1039,3071,9661
1039,3071,9661
1039,3071,9661
1039,3071,9661
1039,3071,9661
1039,3071,9661
962,3199,9628
962,3199,9628
962,3199,9628
962,3199,9628
962,3199,9628
962,3199,9628
962,3199,9628
962,3199,9628
962,3199,9628
979,3560,9557
979,3560,9557
979,3560,9557
979,3560,9557
979,3560,9557
979,3560,9557
979,3560,9557
979,3560,9557
979,3560,9557
1107,3832,9557
1107,3832,9557
1107,3832,9557
1107,3832,9557
1107,3832,9557
1107,3832,9557
1107,3832,9557
1107,3832,9557
1107,3832,9557
1146,3934,9558
1146,3934,9558
1146,3934,9558
1146,3934,9558
1146,3934,9558
1146,3934,9558
1146,3934,9558
1146,3934,9558
1146,3934,9558
907,3837,9491
907,3837,9491
907,3837,9491
907,3837,9491
907,3837,9491
907,3837,9491
907,3837,9491
907,3837,9491
907,3837,9491
907,3837,9491
1199,3684,9555
1199,3684,9555
1199,3684,9555
1199,3684,9555
1199,3684,9555
1199,3684,9555
1199,3684,9555
1199,3684,9555
1199,3684,9555
1326,3701,9551
1326,3701,9551
1326,3701,9551
1326,3701,9551
1326,3701,9551
1326,3701,9551
1326,3701,9551
1326,3701,9551
1326,3701,9551
1650,3658,9590
1650,3658,9590
1650,3658,9590
1650,3658,9590
1650,3658,9590
1650,3658,9590
1650,3658,9590
1650,3658,9590
1650,3658,9590
1650,3658,9590
1752,3640,9596
1752,3640,9596
1752,3640,9596
1752,3640,9596
1752,3640,9596
1752,3640,9596
1752,3640,9596
1752,3640,9596
1752,3640,9596
1926,3668,9617
1926,3668,9617
1926,3668,9617
1926,3668,9617
1926,3668,9617
1926,3668,9617
1926,3668,9617
1926,3668,9617
1999,3719,9559
1999,3719,9559
1999,3719,9559
1999,3719,9559
1999,3719,9559
1999,3719,9559
1999,3719,9559
1999,3719,9559
1999,3719,9559
2013,3790,9547
2013,3790,9547
2013,3790,9547
2013,3790,9547
2013,3790,9547
2013,3790,9547
2013,3790,9547
2013,3790,9547
2013,3790,9547
2013,3790,9544
2013,3790,9544
2013,3790,9544
2013,3790,9544
2013,3790,9544
2013,3790,9544
2013,3790,9544
2013,3790,9544
2013,3790,9544
2077,3729,9498
2077,3729,9498
2077,3729,9498
2077,3729,9498
2077,3729,9498
2077,3729,9498
2077,3729,9498
2077,3729,9498
2077,3729,9498
1975,3695,9540
1975,3695,9540
1975,3695,9540
1975,3695,9540
1975,3695,9540
1975,3695,9540
1975,3695,9540
1975,3695,9540
1975,3695,9540
1975,3695,9540
1986,3556,9559
1986,3556,9559
1986,3556,9559
1986,3556,9559
1986,3556,9559
1835,3452,9646
1835,3452,9646
1835,3452,9646
1835,3452,9646
1835,3452,9646
1835,3452,9646
1835,3452,9646
1835,3452,9646
1448,3357,9658
1448,3357,9658
1448,3357,9658
1448,3357,9658
1448,3357,9658
1448,3357,9658
1448,3357,9658
1448,3357,9658
1448,3357,9658
1448,3357,9658
1215,3257,9702
1215,3257,9702
1215,3257,9702
1215,3257,9702
1215,3257,9702
1215,3257,9702
1215,3257,9702
1215,3257,9702
1215,3257,9702
1241,3115,9701
1241,3115,9701
1241,3115,9701
1241,3115,9701
1241,3115,9701
1241,3115,9701
1241,3115,9701
1241,3115,9701
1241,3115,9701
1095,2956,9683
1095,2956,9683
1095,2956,9683
1095,2956,9683
1095,2956,9683
1095,2956,9683
1095,2956,9683
1095,2956,9683
1084,2782,9713
1084,2782,9713
1084,2782,9713
1084,2782,9713
1084,2782,9713
1084,2782,9713
1084,2782,9713
1084,2782,9713
1084,2782,9713
991,2481,9647
991,2481,9647
991,2481,9647
991,2481,9647
991,2481,9647
991,2481,9647
991,2481,9647
991,2481,9647
991,2481,9647
1008,2134,9624
1008,2134,9624
1008,2134,9624
1008,2134,9624
1008,2134,9624
1008,2134,9624
1008,2134,9624
1008,2134,9624
1008,2134,9624
1233,1733,9501
1233,1733,9501
1233,1733,9501
1233,1733,9501
1233,1733,9501
1233,1733,9501
1233,1733,9501
1233,1733,9501
1233,1733,9501
1233,1733,9501
1412,1497,9411
1412,1497,9411
1412,1497,9411
1412,1497,9411
1412,1497,9411
1412,1497,9411
1412,1497,9411
1412,1497,9411
1168,1443,9350
1168,1443,9350
1168,1443,9350
1168,1443,9350
1168,1443,9350
1168,1443,9350
1168,1443,9350
1168,1443,9350
1168,1443,9350
1168,1443,9350
1107,1313,9326
1107,1313,9326
1107,1313,9326
1107,1313,9326
1107,1313,9326
1107,1313,9326
1107,1313,9326
1107,1313,9326
1107,1313,9326
1107,1313,9326
1341,1233,9283
1341,1233,9283
1341,1233,9283
1341,1233,9283
1341,1233,9283
1341,1233,9283
1341,1233,9283
1341,1233,9283
1341,1233,9283
1440,1348,9325
1440,1348,9325
1440,1348,9325
1440,1348,9325
1440,1348,9325
1440,1348,9325
1440,1348,9325
1440,1348,9325
1440,1348,9325
1485,1539,9418
1485,1539,9418
1485,1539,9418
1485,1539,9418
1485,1539,9418
1485,1539,9418
1485,1539,9418
1485,1539,9418
1542,1681,9498
1542,1681,9498
1542,1681,9498
1542,1681,9498
1542,1681,9498
1542,1681,9498
1542,1681,9498
1542,1681,9498
1542,1681,9498
1507,1714,9509
1507,1714,9509
1507,1714,9509
1507,1714,9509
1507,1714,9509
1507,1714,9509
1507,1714,9509
1507,1714,9509
1507,1714,9509
1473,1575,9476
1473,1575,9476
1473,1575,9476
1473,1575,9476
1473,1575,9476
1473,1575,9476
1473,1575,9476
1473,1575,9476
1473,1575,9476
1426,1503,9416
1426,1503,9416
1426,1503,9416
1426,1503,9416
1426,1503,9416
1426,1503,9416
1426,1503,9416
1426,1503,9416
1426,1503,9416
1426,1503,9416
1435,1384,9369
1435,1384,9369
1435,1384,9369
1435,1384,9369
1435,1384,9369
1435,1384,9369
1435,1384,9369
1435,1384,9369
1435,1384,9369
1553,1290,9332
1553,1290,9332
1553,1290,9332
1553,1290,9332
1553,1290,9332
1553,1290,9332
1553,1290,9332
1553,1290,9332
1553,1290,9332
1901,1260,9286
1901,1260,9286
1901,1260,9286
1901,1260,9286
1901,1260,9286
1901,1260,9286
1901,1260,9286
1901,1260,9286
1901,1260,9286
2377,1375,9302
2377,1375,9302
2377,1375,9302
2377,1375,9302
2377,1375,9302
2377,1375,9302
2377,1375,9302
2377,1375,9302
2377,1375,9302
2745,1552,9266
2745,1552,9266
2745,1552,9266
2745,1552,9266
2745,1552,9266
2745,1552,9266
2745,1552,9266
2745,1552,9266
2745,1552,9266
2823,1792,9349
2823,1792,9349
2823,1792,9349
2823,1792,9349
2823,1792,9349
2823,1792,9349
2823,1792,9349
2823,1792,9349
2823,1792,9349
2518,1949,9421
2518,1949,9421
2518,1949,9421
2518,1949,9421
2518,1949,9421
2518,1949,9421
2518,1949,9421
2518,1949,9421
2518,1949,9421
2139,1939,9520
2139,1939,9520
2139,1939,9520
2139,1939,9520
2139,1939,9520
2139,1939,9520
2139,1939,9520
2139,1939,9520
2139,1939,9520
2139,1939,9520
1610,1766,9516
1610,1766,9516
1610,1766,9516
1610,1766,9516
1610,1766,9516
1610,1766,9516
1610,1766,9516
1610,1766,9516
1610,1766,9516
1305,1569,9402
1305,1569,9402
1305,1569,9402
1305,1569,9402
1285,1587,9426
1285,1587,9426
1285,1587,9426
1285,1587,9426
1285,1587,9426
1285,1587,9426
1285,1587,9426
1285,1587,9426
1285,1587,9426
1374,1874,9480
1374,1874,9480
1374,1874,9480
1374,1874,9480
1374,1874,9480
1374,1874,9480
1374,1874,9480
1374,1874,9480
1374,1874,9480
1434,2321,9639
1434,2321,9639
1434,2321,9639
1434,2321,9639
1434,2321,9639
1434,2321,9639
1434,2321,9639
1434,2321,9639
1434,2321,9639
1434,2321,9639
1536,2759,9643
1536,2759,9643
1536,2759,9643
1536,2759,9643
1536,2759,9643
1536,2759,9643
1536,2759,9643
1536,2759,9643
1536,2759,9643
1553,3139,9566
1553,3139,9566
1553,3139,9566
1553,3139,9566
1553,3139,9566
1553,3139,9566
1553,3139,9566
1553,3139,9566
1553,3139,9566
1304,3279,9576
1304,3279,9576
1304,3279,9576
1304,3279,9576
1304,3279,9576
1304,3279,9576
1304,3279,9576
1304,3279,9576
1156,3317,9568
1156,3317,9568
1156,3317,9568
1156,3317,9568
1156,3317,9568
1156,3317,9568
1156,3317,9568
1156,3317,9568
1156,3317,9568
995,3286,9535
995,3286,9535
995,3286,9535
995,3286,9535
995,3286,9535
995,3286,9535
995,3286,9535
995,3286,9535
995,3286,9535
806,3458,9510
806,3458,9510
806,3458,9510
806,3458,9510
806,3458,9510
806,3458,9510
806,3458,9510
806,3458,9510
806,3458,9510
806,3458,9510
942,3714,9450
942,3714,9450
942,3714,9450
942,3714,9450
942,3714,9450
942,3714,9450
942,3714,9450
942,3714,9450
942,3714,9450
961,3714,9478
961,3714,9478
961,3714,9478
961,3714,9478
961,3714,9478
961,3714,9478
961,3714,9478
961,3714,9478
961,3714,9478
687,3665,9427
687,3665,9427
687,3665,9427
687,3665,9427
687,3665,9427
687,3665,9427
687,3665,9427
687,3665,9427
687,3665,9427
204,3700,9202
204,3700,9202
204,3700,9202
204,3700,9202
204,3700,9202
204,3700,9202
204,3700,9202
204,3700,9202
204,3700,9202
187,3866,9165
187,3866,9165
187,3866,9165
187,3866,9165
187,3866,9165
187,3866,9165
187,3866,9165
187,3866,9165
187,3866,9165
98,3953,9098
98,3953,9098
98,3953,9098
98,3953,9098
98,3953,9098
98,3953,9098
98,3953,9098
98,3953,9098
98,3953,9098
98,3953,9098
-167,3974,9023
-167,3974,9023
-167,3974,9023
-167,3974,9023
-167,3974,9023
-167,3974,9023
-167,3974,9023
-167,3974,9023
-362,4011,8942
-362,4011,8942
-362,4011,8942
-362,4011,8942
-362,4011,8942
-362,4011,8942
-362,4011,8942
-362,4011,8942
-362,4011,8942
-362,4011,8942
-347,3932,8922
-347,3932,8922
-347,3932,8922
-347,3932,8922
-347,3932,8922
-347,3932,8922
-347,3932,8922
-347,3932,8922
-347,3932,8922
-624,3944,8745
-624,3944,8745
-624,3944,8745
-624,3944,8745
-624,3944,8745
-624,3944,8745
-624,3944,8745
-624,3944,8745
-624,3944,8745
-619,3762,8866
-619,3762,8866
-619,3762,8866
-619,3762,8866
-619,3762,8866
-619,3762,8866
-619,3762,8866
-619,3762,8866
-619,3762,8866
-682,3543,8818
-682,3543,8818
-682,3543,8818
-682,3543,8818
-682,3543,8818
-682,3543,8818
-682,3543,8818
-682,3543,8818
-682,3543,8818
-904,3347,8630
-904,3347,8630
-904,3347,8630
-904,3347,8630
-904,3347,8630
-904,3347,8630
-904,3347,8630
-904,3347,8630
-904,3347,8630
-1262,3132,8349
-1262,3132,8349
-1262,3132,8349
-1262,3132,8349
-1262,3132,8349
-1262,3132,8349
-1262,3132,8349
-1262,3132,8349
-1262,3132,8349
-1262,3132,8349
-1468,3019,8093
-1468,3019,8093
-1468,3019,8093
-1468,3019,8093
-1468,3019,8093
-1468,3019,8093
-1468,3019,8093
-1468,3019,8093
-1468,3019,8093
-1535,2778,7940
-1535,2778,7940
-1535,2778,7940
-1535,2778,7940
-1535,2778,7940
-1535,2778,7940
-1535,2778,7940
-1535,2778,7940
-1535,2778,7940
-1554,2334,7849
-1554,2334,7849
-1554,2334,7849
-1554,2334,7849
-1554,2334,7849
-1554,2334,7849
-1554,2334,7849
-1554,2334,7849
-1554,2334,7849
-1440,1840,7856
-1440,1840,7856
-1440,1840,7856
-1440,1840,7856
-1440,1840,7856
-1440,1840,7856
-1440,1840,7856
-1440,1840,7856
-953,1370,8220
-953,1370,8220
-953,1370,8220
-953,1370,8220
-953,1370,8220
-953,1370,8220
-953,1370,8220
-953,1370,8220
-953,1370,8220
-953,1370,8220
-508,1139,8433
-508,1139,8433
-508,1139,8433
-508,1139,8433
-477,1135,8476
-477,1135,8476
-477,1135,8476
-477,1135,8476
-477,1135,8476
-477,1135,8476
-477,1135,8476
-477,1135,8476
-477,1135,8476
-477,1135,8846
-3,1149,8846
-3,1149,8846
-3,1149,8846
-3,1149,8846
-3,1149,8846
-3,1149,8846
-3,1149,8846
-3,1149,8846
-3,1149,8846
112,1209,8909
112,1209,8909
112,1209,8909
112,1209,8909
112,1209,8909
112,1209,8909
112,1209,8909
112,1209,8909
112,1209,8909
354,1328,9127
354,1328,9127
354,1328,9127
354,1328,9127
354,1328,9127
354,1328,9127
354,1328,9127
354,1328,9127
354,1328,9127
448,1341,9099
448,1341,9099
448,1341,9099
448,1341,9099
448,1341,9099
448,1341,9099
448,1341,9099
448,1341,9099
448,1341,9099
386,1335,9111
386,1335,9111
386,1335,9111
386,1335,9111
386,1335,9111
386,1335,9111
386,1335,9111
386,1335,9111
386,1335,9111
474,1334,9157
474,1334,9157
474,1334,9157
474,1334,9157
474,1334,9157
474,1334,9157
474,1334,9157
474,1334,9157
474,1334,9157
640,1431,9185
640,1431,9185
640,1431,9185
640,1431,9185
640,1431,9185
640,1431,9185
640,1431,9185
640,1431,9185
640,1431,9185
764,1589,9327
764,1589,9327
764,1589,9327
764,1589,9327
764,1589,9327
764,1589,9327
764,1589,9327
764,1589,9327
764,1589,9327
1336,1825,9484
1336,1825,9484
1336,1825,9484
1336,1825,9484
1336,1825,9484
1336,1825,9484
1336,1825,9484
1336,1825,9484
1336,1825,9484
1351,2153,9594
1351,2153,9594
1351,2153,9594
1351,2153,9594
1351,2153,9594
1351,2153,9594
1351,2153,9594
1351,2153,9594
1351,2153,9594
1401,2476,9623
1401,2476,9623
1401,2476,9623
1401,2476,9623
1401,2476,9623
1401,2476,9623
1401,2476,9623
1401,2476,9623
1401,2476,9623
1401,2476,9623
1585,2757,9622
1585,2757,9622
1585,2757,9622
1585,2757,9622
1585,2757,9622
1585,2757,9622
1585,2757,9622
1585,2757,9622
1585,2757,9622
1378,3086,9604
1378,3086,9604
1378,3086,9604
1378,3086,9604
1378,3086,9604
1378,3086,9604
1378,3086,9604
1378,3086,9604
1378,3086,9604
995,3398,9551
995,3398,9551
995,3398,9551
995,3398,9551
995,3398,9551
995,3398,9551
995,3398,9551
995,3398,9551
995,3398,9551
985,3614,9510
985,3614,9510
985,3614,9510
985,3614,9510
985,3614,9510
985,3614,9510
985,3614,9510
985,3614,9510
985,3614,9510
985,3544,9577
1203,3544,9577
1203,3544,9577
1203,3544,9577
1203,3544,9577
1203,3544,9577
1203,3544,9577
1203,3544,9577
1203,3544,9577
1203,3544,9577
763,3639,9448
763,3639,9448
763,3639,9448
763,3639,9448
763,3639,9448
763,3639,9448
763,3639,9448
763,3639,9448
447,3865,9250
447,3865,9250
447,3865,9250
447,3865,9250
447,3865,9250
447,3865,9250
447,3865,9250
447,3865,9250
447,3865,9250
251,3926,9126
251,3926,9126
251,3926,9126
251,3926,9126
251,3926,9126
251,3926,9126
251,3926,9126
251,3926,9126
251,3926,9126
-394,4039,8830
-394,4039,8830
-394,4039,8830
-394,4039,8830
-394,4039,8830
-394,4039,8830
-394,4039,8830
-394,4039,8830
-394,4039,8830
-394,4039,8830
-766,3955,8550
-766,3955,8550
-766,3955,8550
-766,3955,8550
-766,3955,8550
-766,3955,8550
-766,3955,8550
-766,3955,8550
-731,3734,8714
-731,3734,8714
-731,3734,8714
-731,3734,8714
-731,3734,8714
-731,3734,8714
-731,3734,8714
-731,3734,8714
-731,3734,8714
-731,3734,8714
-1065,3692,8404
-1065,3692,8404
-1065,3692,8404
-1065,3692,8404
-1065,3692,8404
-1065,3692,8404
-1065,3692,8404
-1065,3692,8404
-1065,3692,8404
-1065,3692,8404
-1387,3650,7958
-1387,3650,7958
-1387,3650,7958
-1387,3650,7958
-1387,3650,7958
-1387,3650,7958
-1387,3650,7958
-1387,3650,7958
-1387,3650,7958
-1566,3661,7691
-1566,3661,7691
-1566,3661,7691
-1566,3661,7691
-1566,3661,7691
-1566,3661,7691
-1566,3661,7691
-1566,3661,7691
-1566,3661,7691
-1712,3611,7272
-1712,3611,7272
-1712,3611,7272
-1712,3611,7272
-1712,3611,7272
-1712,3611,7272
-1712,3611,7272
-1712,3611,7272
-1712,3611,7272
-1893,3385,7030
-1893,3385,7030
-1893,3385,7030
-1893,3385,7030
-1893,3385,7030
-1893,3385,7030
-1893,3385,7030
-1893,3385,7030
-1967,2975,6840
-1967,2975,6840
-1967,2975,6840
-1967,2975,6840
-2008,2538,6695
-2008,2538,6695
-2008,2538,6695
-2008,2538,6695
-2008,2538,6695
-2008,2538,6695
-2008,2538,6695
-2008,2538,6695
-2008,2538,6695
-2008,2538,6695
-1924,2118,6682
-1924,2118,6682
-1924,2118,6682
-1924,2118,6682
-1924,2118,6682
-1924,2118,6682
-1924,2118,6682
-1924,2118,6682
-1924,2118,6682
-1814,1810,6881
-1814,1810,6881
-1814,1810,6881
-1814,1810,6881
-1814,1810,6881
-1814,1810,6881
-1814,1810,6881
-1814,1810,6881
-1814,1810,6881
-1814,1810,6881
-1730,1708,7006
-1730,1708,7006
-1730,1708,7006
-1730,1708,7006
-1730,1708,7006
-1730,1708,7006
-1730,1708,7006
-1730,1708,7006
-1730,1708,7006
-1524,1639,7560
-1524,1639,7560
-1524,1639,7560
-1524,1639,7560
-1524,1639,7560
-1524,1639,7560
-1524,1639,7560
-1524,1639,7560
-1524,1639,7560
-857,1585,8435
-857,1585,8435
-857,1585,8435
-857,1585,8435
-857,1585,8435
-857,1585,8435
-857,1585,8435
-857,1585,8435
-857,1585,8435
-964,1534,8273
-964,1534,8273
-964,1534,8273
-964,1534,8273
-964,1534,8273
-964,1534,8273
-964,1534,8273
-964,1534,8273
-964,1534,8273
-969,1327,8170
-969,1327,8170
-969,1327,8170
-969,1327,8170
-969,1327,8170
-969,1327,8170
-969,1327,8170
-969,1327,8170
-969,1327,8170
-1113,1188,7811
-1113,1188,7811
-1113,1188,7811
-1113,1188,7811
-1113,1188,7811
-1113,1188,7811
-1113,1188,7811
-1113,1188,7811
-1113,1188,7811
-714,1273,8386
-714,1273,8386
-714,1273,8386
-714,1273,8386
-714,1273,8386
-714,1273,8386
-714,1273,8386
-714,1273,8386
-714,1273,8386
-217,1465,8893
-217,1465,8893
-217,1465,8893
-217,1465,8893
-217,1465,8893
-217,1465,8893
-217,1465,8893
-217,1465,8893
-217,1465,8893
-678,1674,8614
-678,1674,8614
-678,1674,8614
-678,1674,8614
-678,1674,8614
-678,1674,8614
-678,1674,8614
-678,1674,8614
-678,1674,8614
-1164,1852,8204
-1164,1852,8204
-1164,1852,8204
-1164,1852,8204
-1164,1852,8204
-1164,1852,8204
-1164,1852,8204
-1164,1852,8204
-1164,1852,8204
-976,1959,8476
-976,1959,8476
-976,1959,8476
-976,1959,8476
-976,1959,8476
-976,1959,8476
-976,1959,8476
-976,1959,8476
-976,1959,8476
-976,1959,8476
-534,2227,8965
-534,2227,8965
-534,2227,8965
-534,2227,8965
-534,2227,8965
-534,2227,8965
-534,2227,8965
-534,2227,8965
-534,2227,8965
-467,2649,9006
-467,2649,9006
-467,2649,9006
-467,2649,9006
-467,2649,9006
-467,2649,9006
-467,2649,9006
-467,2649,9006
-467,2649,9006
-467,2649,8872
-565,3158,8872
-565,3158,8872
-565,3158,8872
-565,3158,8872
-565,3158,8872
-565,3158,8872
-565,3158,8872
-565,3158,8872
-565,3158,8872
-415,3391,9005
-415,3391,9005
-415,3391,9005
-415,3391,9005
-415,3391,9005
-415,3391,9005
-415,3391,9005
-415,3391,9005
-415,3391,9005
192,3521,9277
192,3521,9277
192,3521,9277
192,3521,9277
192,3521,9277
192,3521,9277
192,3521,9277
192,3521,9277
257,3624,9279
257,3624,9279
257,3624,9279
257,3624,9279
257,3624,9279
257,3624,9279
257,3624,9279
257,3624,9279
257,3624,9279
335,3433,9325
335,3433,9325
335,3433,9325
335,3433,9325
335,3433,9325
335,3433,9325
335,3433,9325
335,3433,9325
335,3433,9325
802,3323,9548
802,3323,9548
802,3323,9548
802,3323,9548
802,3323,9548
802,3323,9548
802,3323,9548
802,3323,9548
802,3323,9548
695,3369,9492
695,3369,9492
695,3369,9492
695,3369,9492
695,3369,9492
695,3369,9492
695,3369,9492
695,3369,9492
695,3369,9492
83,3625,9159
83,3625,9159
83,3625,9159
83,3625,9159
83,3625,9159
83,3625,9159
83,3625,9159
83,3625,9159
83,3625,9159
83,3625,9159
-220,3852,8970
-220,3852,8970
-220,3852,8970
-220,3852,8970
-220,3852,8970
-220,3852,8970
-220,3852,8970
-220,3852,8970
-344,3998,8914
-344,3998,8914
-344,3998,8914
-344,3998,8914
-344,3998,8914
-344,3998,8914
-344,3998,8914
-344,3998,8914
-344,3998,8914
-344,3998,8914
-877,4092,8400
-877,4092,8400
-877,4092,8400
-877,4092,8400
-877,4092,8400
-877,4092,8400
-877,4092,8400
-877,4092,8400
-877,4092,8400
-877,4092,8400
-1253,4152,7936
-1253,4152,7936
-1253,4152,7936
-1253,4152,7936
-1253,4152,7936
-1253,4152,7936
-1253,4152,7936
-1600,3863,7573
-1600,3863,7573
-1600,3863,7573
-1600,3863,7573
-1600,3863,7573
-1600,3863,7573
-1761,3348,7475
-1761,3348,7475
-1761,3348,7475
-1761,3348,7475
-1761,3348,7475
-1761,3348,7475
-1761,3348,7475
-1761,3348,7475
-1799,2792,7459
-1799,2792,7459
-1799,2792,7459
-1799,2792,7459
-1799,2792,7459
-1799,2792,7459
-1799,2792,7459
-1799,2792,7459
-1799,2792,7459
-1805,2492,7313
-1805,2492,7313
-1805,2492,7313
-1805,2492,7313
-1805,2492,7313
-1805,2492,7313
-1805,2492,7313
-1805,2492,7313
-1805,2492,7313
-1881,2347,7184
-1881,2347,7184
-1881,2347,7184
-1881,2347,7184
-1881,2347,7184
-1881,2347,7184
-1881,2347,7184
-1881,2347,7184
-1881,2347,7184
-1854,2200,7127
-1854,2200,7127
-1854,2200,7127
-1854,2200,7127
-1854,2200,7127
-1854,2200,7127
-1854,2200,7127
-1854,2200,7127
-1854,2200,7127
-1854,2200,7127
-1790,2030,7117
-1790,2030,7117
-1790,2030,7117
-1790,2030,7117
-1790,2030,7117
-1790,2030,7117
-1790,2030,7117
-1790,2030,7117
-1829,1997,6928
-1829,1997,6928
-1829,1997,6928
-1829,1997,6928
-1829,1997,6928
-1829,1997,6928
-1829,1997,6928
-1829,1997,6928
-1829,1997,6928
-1829,1997,6928
-1806,2001,6974
-1806,2001,6974
-1806,2001,6974
-1806,2001,6974
-1806,2001,6974
-1806,2001,6974
-1806,2001,6974
-1806,2001,6974
-1806,2001,6974
-1806,2001,6974
-1744,2168,7396
-1744,2168,7396
-1744,2168,7396
-1744,2168,7396
-1744,2168,7396
-1744,2168,7396
-1744,2168,7396
-1744,2168,7396
-1744,2168,7396
-1699,2434,7538
-1699,2434,7538
-1699,2434,7538
-1699,2434,7538
-1699,2434,7538
-1699,2434,7538
-1699,2434,7538
-1699,2434,7538
-1699,2434,7538
-1704,2334,7530
-1704,2334,7530
-1704,2334,7530
-1704,2334,7530
-1704,2334,7530
-1704,2334,7530
-1704,2334,7530
-1704,2334,7530
-1524,1903,7696
-1524,1903,7696
-1524,1903,7696
-1524,1903,7696
-1524,1903,7696
-1524,1903,7696
-1524,1903,7696
-1524,1903,7696
-1524,1903,7696
-1358,1553,7655
-1358,1553,7655
-1358,1553,7655
-1358,1553,7655
-1358,1553,7655
-1358,1553,7655
-1358,1553,7655
-1358,1553,7655
-1358,1553,7655
-1505,1628,7504
-1505,1628,7504
-1505,1628,7504
-1505,1628,7504
-1505,1628,7504
-1505,1628,7504
-1505,1628,7504
-1505,1628,7504
-1505,1628,7504
-1505,2080,7594
-1586,2080,7594
-1586,2080,7594
-1586,2080,7594
-1586,2080,7594
-1586,2080,7594
-1586,2080,7594
-1586,2080,7594
-1586,2080,7594
-1586,2080,7594
-1258,2608,8325
-1258,2608,8325
-1258,2608,8325
-1258,2608,8325
-1258,2608,8325
-1258,2608,8325
-1258,2608,8325
-1258,2608,8325
-1258,2608,8325
-1083,3212,8528
-1083,3212,8528
-1083,3212,8528
-1083,3212,8528
-1083,3212,8528
-1083,3212,8528
-1083,3212,8528
-1083,3212,8528
-1083,3212,8528
-1171,3540,8222
-1171,3540,8222
-1171,3540,8222
-1171,3540,8222
-1171,3540,8222
-1171,3540,8222
-1171,3540,8222
-1171,3540,8222
-1171,3540,8222
-1247,3707,7972
-1247,3707,7972
-1247,3707,7972
-1247,3707,7972
-1247,3707,7972
-1247,3707,7972
-1247,3707,7972
-1247,3707,7972
-1247,3707,7972
-1057,3588,8357
-1057,3588,8357
-1057,3588,8357
-1057,3588,8357
-1057,3588,8357
-1057,3588,8357
-1057,3588,8357
-1057,3588,8357
-1057,3588,8357
-1057,3588,8357
-703,3324,8761
-703,3324,8761
-703,3324,8761
-703,3324,8761
-703,3324,8761
-703,3324,8761
-703,3324,8761
-703,3324,8761
-887,3311,8636
-887,3311,8636
-887,3311,8636
-887,3311,8636
-887,3311,8636
-887,3311,8636
-887,3311,8636
-887,3311,8636
-887,3311,8636
-642,3402,8891
-642,3402,8891
-642,3402,8891
-642,3402,8891
-642,3402,8891
-642,3402,8891
-642,3402,8891
-642,3402,8891
-642,3402,8891
-642,3402,8891
-318,3211,9118
-318,3211,9118
-318,3211,9118
-318,3211,9118
-318,3211,9118
-318,3211,9118
-318,3211,9118
-318,3211,9118
-318,3211,9118
-93,3087,9278
-93,3087,9278
-93,3087,9278
-93,3087,9278
-93,3087,9278
-93,3087,9278
-93,3087,9278
-93,3087,9278
-93,3087,9278
-446,3248,9007
-446,3248,9007
-446,3248,9007
-446,3248,9007
-446,3248,9007
-446,3248,9007
-446,3248,9007
-446,3248,9007
-446,3248,9007
-1022,3704,8382
-1022,3704,8382
-1022,3704,8382
-1022,3704,8382
-1273,4259,7732
-1273,4259,7732
-1273,4259,7732
-1273,4259,7732
-1273,4259,7732
-1273,4259,7732
-1273,4259,7732
-1273,4259,7732
-1273,4259,7732
-1349,4567,7248
-1349,4567,7248
-1349,4567,7248
-1349,4567,7248
-1349,4567,7248
-1349,4567,7248
-1349,4567,7248
-1349,4567,7248
-1349,4567,7248
-1349,4567,7248
-1514,4543,6723
-1514,4543,6723
-1514,4543,6723
-1514,4543,6723
-1514,4543,6723
-1514,4543,6723
-1514,4543,6723
-1514,4543,6723
-1514,4543,6723
-1799,4180,6013
-1799,4180,6013
-1799,4180,6013
-1799,4180,6013
-1799,4180,6013
-1799,4180,6013
-1799,4180,6013
-1799,4180,6013
-1799,4180,6013
-1977,3531,5904
-1977,3531,5904
-1977,3531,5904
-1977,3531,5904
-1977,3531,5904
-1977,3531,5904
-1977,3531,5904
-1977,3531,5904
-1977,2819,5088
-1884,2819,5088
-1884,2819,5088
-1884,2819,5088
-1884,2819,5088
-1884,2819,5088
-1884,2819,5088
-1884,2819,5088
-1884,2819,5088
-1884,2819,5088
-1382,2059,4349
-1382,2059,4349
-1382,2059,4349
-1382,2059,4349
-1382,2059,4349
-1382,2059,4349
-1382,2059,4349
-1382,2059,4349
-1382,2059,4349
-586,1383,3884
-586,1383,3884
-586,1383,3884
-586,1383,3884
-586,1383,3884
-586,1383,3884
-586,1383,3884
-586,1383,3884
-586,1383,3884
-731,849,4554
-731,849,4554
-731,849,4554
-731,849,4554
-731,849,4554
-731,849,4554
-731,849,4554
-731,849,4554
-731,849,4554
-735,557,4980
-735,557,4980
-735,557,4980
-735,557,4980
-735,557,4980
-735,557,4980
-735,557,4980
-735,557,4980
-735,557,4980
-842,433,5524
-842,433,5524
-842,433,5524
-842,433,5524
-842,433,5524
-842,433,5524
-842,433,5524
-842,433,5524
-842,433,5524
-1020,532,6112
-1020,532,6112
-1020,532,6112
-1020,532,6112
-1020,532,6112
-1020,532,6112
-1020,532,6112
-1020,532,6112
-1020,532,6112
-1020,532,6665
-1134,648,6665
-1134,648,6665
-1134,648,6665
-1134,648,6665
-1134,648,6665
-1134,648,6665
-1134,648,6665
-1134,648,6665
-1195,825,7072
-1195,825,7072
-1195,825,7072
-1195,825,7072
-1195,825,7072
-1195,825,7072
-1195,825,7072
-1195,825,7072
-1195,825,7072
-1195,825,7072
-1054,939,7533
-1054,939,7533
-1054,939,7533
-1054,939,7533
-1054,939,7533
-1054,939,7533
-1054,939,7533
-1054,939,7533
-1054,939,7533
-965,1102,7885
-965,1102,7885
-965,1102,7885
-965,1102,7885
-965,1102,7885
-965,1102,7885
-965,1102,7885
-965,1102,7885
-965,1102,7885
-619,1176,8339
-619,1176,8339
-619,1176,8339
-619,1176,8339
-619,1176,8339
-619,1176,8339
-619,1176,8339
-619,1176,8339
-619,1176,8339
-77,1089,8737
-77,1089,8737
-77,1089,8737
-77,1089,8737
-77,1089,8737
-77,1089,8737
-77,1089,8737
-77,1089,8737
-77,1089,8737
749,902,9000
749,902,9000
749,902,9000
749,902,9000
749,902,9000
749,902,9000
749,902,9000
749,902,9000
749,902,9000
1840,521,8757
1840,521,8757
1840,521,8757
1840,521,8757
1840,521,8757
1840,521,8757
1840,521,8757
1840,521,8757
1840,521,8757
2280,49,8176
2280,49,8176
2280,49,8176
2280,49,8176
2280,49,8176
2280,49,8176
2280,49,8176
2280,49,8176
2280,49,8176
2611,-279,7374
2611,-279,7374
2611,-279,7374
2611,-279,7374
2611,-279,7374
2611,-279,7374
2611,-279,7374
2611,-279,7374
2611,-279,7374
2611,-279,7374
2785,-352,6965
2785,-352,6965
2785,-352,6965
2785,-352,6965
2785,-352,6965
2785,-352,6965
2785,-352,6965
2785,-352,6965
2785,-352,6911
2860,-373,6911
2860,-373,6911
2860,-373,6911
2860,-373,6911
2860,-373,6911
2860,-373,6911
2860,-373,6911
2860,-373,6911
2860,-373,6911
2865,-307,7010
2865,-307,7010
2865,-307,7010
2865,-307,7010
2865,-307,7010
2865,-307,7010
2865,-307,7010
2865,-307,7010
2891,-225,7339
2891,-225,7339
2891,-225,7339
2891,-225,7339
2891,-225,7339
2891,-225,7339
2891,-225,7339
2891,-225,7339
2891,-225,7339
2920,-79,7661
2920,-79,7661
2920,-79,7661
2920,-79,7661
2920,-79,7661
2920,-79,7661
2920,-79,7661
2920,-79,7661
2920,-79,7661
2920,-79,7661
2636,-58,7852
2636,-58,7852
2636,-58,7852
2636,-58,7852
2636,-58,7852
2636,-58,7852
2636,-58,7852
2636,-58,7852
2636,-58,7852
1668,-121,8042
1668,-121,8042
1668,-121,8042
1668,-121,8042
1340,-281,7705
1340,-281,7705
1340,-281,7705
1340,-281,7705
1340,-281,7705
1340,-281,7705
1340,-281,7705
1340,-281,7705
1340,-281,7705
862,-390,7200
862,-390,7200
862,-390,7200
862,-390,7200
862,-390,7200
862,-390,7200
862,-390,7200
862,-390,7200
862,-390,7200
264,-325,6570
264,-325,6570
264,-325,6570
264,-325,6570
264,-325,6570
264,-325,6570
264,-325,6570
264,-325,6570
264,-325,6570
83,-236,5767
83,-236,5767
83,-236,5767
83,-236,5767
83,-236,5767
83,-236,5767
83,-236,5767
83,-236,5767
83,-236,5767
544,-197,4942
544,-197,4942
544,-197,4942
544,-197,4942
544,-197,4942
544,-197,4942
544,-197,4942
544,-197,4942
544,-197,4942
616,-218,4979
616,-218,4979
616,-218,4979
616,-218,4979
616,-218,4979
616,-218,4979
616,-218,4979
616,-218,4979
616,-218,4979
486,-125,4827
486,-125,4827
486,-125,4827
486,-125,4827
486,-125,4827
486,-125,4827
486,-125,4827
486,-125,4827
486,-125,4827
912,26,4344
912,26,4344
912,26,4344
912,26,4344
912,26,4344
912,26,4344
912,26,4344
912,26,4344
912,26,4344
1578,166,4136
1578,166,4136
1578,166,4136
1578,166,4136
1578,166,4136
1578,166,4136
1578,166,4136
1578,166,4136
1578,166,4136
2281,15,4436
2281,15,4436
2281,15,4436
2281,15,4436
2281,15,4436
2281,15,4436
2281,15,4436
2281,15,4436
2281,15,4436
2689,-200,5078
2689,-200,5078
2689,-200,5078
2689,-200,5078
2689,-200,5078
2689,-200,5078
2689,-200,5078
2689,-200,5078
2689,-200,5078
2689,-200,5078
2882,-308,5489
2882,-308,5489
2882,-308,5489
2882,-308,5489
2882,-308,5489
2882,-308,5489
2882,-308,5489
2882,-308,5489
2882,-308,5489
2901,-298,5615
2901,-298,5615
2901,-298,5615
2901,-298,5615
2901,-298,5615
2901,-298,5615
2901,-298,5615
2901,-298,5615
2901,-298,5615
3071,-281,5787
3071,-281,5787
3071,-281,5787
3071,-281,5787
3071,-281,5787
3071,-281,5787
3071,-281,5787
3071,-281,5787
3071,-281,5787
3305,-162,5780
3305,-162,5780
3305,-162,5780
3305,-162,5780
3305,-162,5780
3305,-162,5780
3305,-162,5780
3305,-162,5780
3305,-162,5780
3305,-162,5780
3493,-14,5496
3493,-14,5496
3493,-14,5496
3493,-14,5496
3493,-14,5496
3493,-14,5496
3493,-14,5496
3493,-14,5496
3758,257,5245
3758,257,5245
3758,257,5245
3758,257,5245
3758,257,5245
3758,257,5245
3758,257,5245
3758,257,5245
3758,257,5245
4049,522,5195
4049,522,5195
4049,522,5195
4049,522,5195
4049,522,5195
4049,522,5195
4049,522,5195
4049,522,5195
4049,522,5195
4251,637,5358
4251,637,5358
4251,637,5358
4251,637,5358
4251,637,5358
4251,637,5358
4251,637,5358
4251,637,5358
4251,637,5358
4440,832,5487
4440,832,5487
4440,832,5487
4440,832,5487
4440,832,5487
4440,832,5487
4440,832,5487
4440,832,5487
4440,832,5487
4440,832,5487
4648,919,5918
4648,919,5918
4648,919,5918
4648,919,5918
4648,919,5918
4648,919,5918
4648,919,5918
4648,919,5918
4648,919,5918
4605,1040,7324
4605,1040,7324
4605,1040,7324
4605,1040,7324
4605,1040,7324
4605,1040,7324
4605,1040,7324
4605,1040,7324
4605,1040,7324
3554,1121,8725
3554,1121,8725
3554,1121,8725
3554,1121,8725
3554,1121,8725
3554,1121,8725
3554,1121,8725
3554,1121,8725
3554,1121,8725
2497,1317,9252
2497,1317,9252
2497,1317,9252
2497,1317,9252
2497,1317,9252
2497,1317,9252
2497,1317,9252
2497,1317,9252
2497,1317,9252
2497,1317,9252
1631,1358,9422
1631,1358,9422
1631,1358,9422
1631,1358,9422
1631,1358,9422
1631,1358,9422
1631,1358,9422
1631,1358,9422
1631,1358,9422
435,1545,9234
435,1545,9234
435,1545,9234
435,1545,9234
435,1545,9234
435,1545,9234
435,1545,9234
435,1545,9234
-545,1752,8675
-545,1752,8675
-545,1752,8675
-545,1752,8675
-545,1752,8675
-545,1752,8675
-545,1752,8675
-545,1752,8675
-545,1752,8675
-1879,2492,6601
-1879,2492,6601
-1879,2492,6601
-1879,2492,6601
-1879,2492,6601
-1879,2492,6601
-1879,2492,6601
-1879,2492,6601
-1879,2492,6601
-1879,2492,6601
-1562,3545,4754
-1562,3545,4754
-1562,3545,4754
-1562,3545,4754
-1562,3545,4754
-1562,3545,4754
-1562,3545,4754
-1562,3545,4754
-1562,3545,4754
-864,4324,4356
-864,4324,4356
-864,4324,4356
-864,4324,4356
-482,4846,4327
-482,4846,4327
-482,4846,4327
-482,4846,4327
-482,4846,4327
-482,4846,4327
-482,4846,4327
-482,4846,4327
-482,4846,4327
-306,5221,4614
-306,5221,4614
-306,5221,4614
-306,5221,4614
-306,5221,4614
-306,5221,4614
-306,5221,4614
-306,5221,4614
-306,5221,4614
-730,5279,5108
-730,5279,5108
-730,5279,5108
-730,5279,5108
-730,5279,5108
-730,5279,5108
-730,5279,5108
-730,5279,5108
-730,5279,5108
-1224,5067,5583
-1224,5067,5583
-1224,5067,5583
-1224,5067,5583
-1224,5067,5583
-1224,5067,5583
-1224,5067,5583
-1224,5067,5583
-1224,5067,5583
-1547,4765,5949
-1547,4765,5949
-1547,4765,5949
-1547,4765,5949
-1547,4765,5949
-1547,4765,5949
-1547,4765,5949
-1547,4765,5949
-1547,4765,5949
-1547,4765,5949
-1622,4672,6044
-1622,4672,6044
-1622,4672,6044
-1622,4672,6044
-1622,4672,6044
-1622,4672,6044
-1622,4672,6044
-1622,4672,6044
-1663,4416,5705
-1663,4416,5705
-1663,4416,5705
-1663,4416,5705
-1663,4416,5705
-1663,4416,5705
-1663,4416,5705
-1663,4416,5705
-1663,4416,5705
-1856,3637,5347
-1856,3637,5347
-1856,3637,5347
-1856,3637,5347
-1856,3637,5347
-1856,3637,5347
-1856,3637,5347
-1856,3637,5347
-1856,3637,5347
-1856,3637,5347
-1801,1973,6820
-1801,1973,6820
-1801,1973,6820
-1801,1973,6820
-1801,1973,6820
-1801,1973,6820
-1801,1973,6820
-1801,1973,6820
-1801,1973,6820
-347,258,7555
-347,258,7555
-347,258,7555
-347,258,7555
-347,258,7555
-347,258,7555
-347,258,7555
-347,258,7555
-347,258,7555
805,-474,6604
805,-474,6604
805,-474,6604
805,-474,6604
805,-474,6604
805,-474,6604
805,-474,6604
805,-474,6604
805,-474,6604
1411,-549,5517
1411,-549,5517
1411,-549,5517
1411,-549,5517
1411,-549,5517
1411,-549,5517
1411,-549,5517
1411,-549,5517
1411,-549,5517
1859,-203,4656
1859,-203,4656
1859,-203,4656
1859,-203,4656
1859,-203,4656
1859,-203,4656
1859,-203,4656
1859,-203,4656
1859,-203,4656
2160,274,4029
2160,274,4029
2160,274,4029
2160,274,4029
2160,274,4029
2160,274,4029
2160,274,4029
2160,274,4029
2160,274,4029
2160,274,4029
2328,1030,3412
2328,1030,3412
2328,1030,3412
2328,1030,3412
2328,1030,3412
2328,1030,3412
2328,1030,3412
2328,1030,3412
2328,1030,3412
2035,2130,2926
2035,2130,2926
2035,2130,2926
2035,2130,2926
2035,2130,2926
2035,2130,2926
2035,2130,2926
2035,2130,2926
2035,2130,2926
1765,3291,2883
1765,3291,2883
1765,3291,2883
1765,3291,2883
1765,3291,2883
1765,3291,2883
1765,3291,2883
1765,3291,2883
1774,4144,3158
1774,4144,3158
1774,4144,3158
1774,4144,3158
1774,4144,3158
1774,4144,3158
1774,4144,3158
1774,4144,3158
1774,4144,3158
1774,4144,3158
1702,4611,3381
1702,4611,3381
1702,4611,3381
1702,4611,3381
1702,4611,3381
1702,4611,3381
1702,4611,3381
1702,4611,3381
1702,4611,3381
1419,4998,3637
1419,4998,3637
1419,4998,3637
1419,4998,3637
1419,4998,3637
1419,4998,3637
1419,4998,3637
1419,4998,3637
1419,4998,3637
1410,5591,4276
1410,5591,4276
1410,5591,4276
1410,5591,4276
1410,5591,4276
1410,5591,4276
1410,5591,4276
1410,5591,4276
1410,5591,4276
1410,5591,4276
1256,6123,5224
1256,6123,5224
1256,6123,5224
1256,6123,5224
1256,6123,5224
1256,6123,5224
1256,6123,5224
1256,6123,5224
1256,6123,5224
402,6106,6033
402,6106,6033
402,6106,6033
402,6106,6033
402,6106,6033
402,6106,6033
402,6106,6033
402,6106,6033
402,6106,6033
-369,5626,7279
-369,5626,7279
-369,5626,7279
-369,5626,7279
-369,5626,7279
-369,5626,7279
-369,5626,7279
-369,5626,7279
-369,5626,7279
-767,4425,8403
-767,4425,8403
-767,4425,8403
-767,4425,8403
-767,4425,8403
-767,4425,8403
-767,4425,8403
-767,4425,8403
-767,4425,8403
-1155,2725,8517
-1155,2725,8517
-1155,2725,8517
-1155,2725,8517
-1155,2725,8517
-1155,2725,8517
-1155,2725,8517
-1155,2725,8517
-1155,2725,8517
-1272,1383,7763
-1272,1383,7763
-1272,1383,7763
-1272,1383,7763
-1272,1383,7763
-1272,1383,7763
-1272,1383,7763
-1272,1383,7763
-1209,716,6961
-1209,716,6961
-1209,716,6961
-1209,716,6961
-1209,716,6961
-1167,590,6161
-1167,590,6161
-1167,590,6161
-1167,590,6161
-1167,590,6161
-1167,590,6161
-1167,590,6161
-1167,590,6161
-1167,590,6161
-1367,927,5792
-1367,927,5792
-1367,927,5792
-1367,927,5792
-1367,927,5792
-1367,927,5792
-1367,927,5792
-1367,927,5792
-1367,927,5792
-1367,927,5792
-1488,1418,5278
-1488,1418,5278
-1488,1418,5278
-1488,1418,5278
-1488,1418,5278
-1488,1418,5278
-1488,1418,5278
-1488,1418,5278
-1488,1418,5278
-1555,2052,4821
-1555,2052,4821
-1555,2052,4821
-1555,2052,4821
-1555,2052,4821
-1555,2052,4821
-1555,2052,4821
-1555,2052,4821
-1555,2052,4821
-1256,2479,4268
-1256,2479,4268
-1256,2479,4268
-1256,2479,4268
-1256,2479,4268
-1256,2479,4268
-1256,2479,4268
-1256,2479,4268
-1256,2479,4268
-896,2793,3885
-896,2793,3885
-896,2793,3885
-896,2793,3885
-896,2793,3885
-896,2793,3885
-896,2793,3885
-896,2793,3885
-896,2793,3885
-649,3418,3644
-649,3418,3644
-649,3418,3644
-649,3418,3644
-649,3418,3644
-649,3418,3644
-649,3418,3644
-649,3418,3644
-649,3418,3644
-401,4088,3677
-401,4088,3677
-401,4088,3677
-401,4088,3677
-401,4088,3677
-401,4088,3677
-401,4088,3677
-401,4088,3677
-401,4088,3677
-276,4235,3646
-276,4235,3646
-276,4235,3646
-276,4235,3646
-276,4235,3646
-276,4235,3646
-276,4235,3646
-276,4235,3646
-276,4235,3646
563,4400,3294
563,4400,3294
563,4400,3294
563,4400,3294
563,4400,3294
563,4400,3294
563,4400,3294
563,4400,3294
563,4400,3294
893,4762,3440
893,4762,3440
893,4762,3440
893,4762,3440
893,4762,3440
893,4762,3440
893,4762,3440
893,4762,3440
893,4762,3440
1167,5253,3808
1167,5253,3808
1167,5253,3808
1167,5253,3808
1167,5253,3808
1167,5253,3808
1167,5253,3808
1167,5253,3808
1167,5253,3808
1663,5717,4329
1663,5717,4329
1663,5717,4329
1663,5717,4329
1663,5717,4329
1663,5717,4329
1663,5717,4329
1663,5717,4329
1663,5717,4329
1663,5717,4329
1660,6228,5443
1660,6228,5443
1660,6228,5443
1660,6228,5443
1660,6228,5443
1660,6228,5443
1660,6228,5443
1660,6228,5443
1660,6228,5443
1101,6266,6741
1101,6266,6741
1101,6266,6741
1101,6266,6741
1101,6266,6741
1101,6266,6741
1101,6266,6741
1101,6266,6741
1101,6266,6741
783,5619,8144
783,5619,8144
783,5619,8144
783,5619,8144
783,5619,8144
783,5619,8144
783,5619,8144
783,5619,8144
783,5619,8144
907,4514,9197
907,4514,9197
907,4514,9197
907,4514,9197
907,4514,9197
907,4514,9197
907,4514,9197
907,4514,9197
907,4514,9197
992,3430,9626
992,3430,9626
992,3430,9626
992,3430,9626
992,3430,9626
992,3430,9626
992,3430,9626
992,3430,9626
992,3430,9626
1111,2885,9701
1111,2885,9701
1111,2885,9701
1111,2885,9701
1111,2885,9701
1111,2885,9701
1111,2885,9701
1111,2885,9701
1111,2885,9701
1100,3106,9656
1100,3106,9656
1100,3106,9656
1100,3106,9656
1100,3106,9656
1100,3106,9656
1100,3106,9656
1100,3106,9656
1100,3106,9656
1261,3338,9646
1261,3338,9646
1261,3338,9646
1261,3338,9646
1261,3338,9646
1261,3338,9646
1261,3338,9646
1261,3338,9646
1261,3338,9646
1600,3598,9601
1600,3598,9601
1600,3598,9601
1600,3598,9601
1600,3598,9601
1600,3598,9601
1600,3598,9601
1600,3598,9601
1600,3598,9601
2243,3739,9529
2243,3739,9529
2243,3739,9529
2243,3739,9529
2243,3739,9529
2243,3739,9529
2243,3739,9529
2243,3739,9529
2243,3739,9529
2243,3739,9529
2917,3858,9304
2917,3858,9304
2917,3858,9304
2917,3858,9304
2917,3858,9304
2917,3858,9304
2917,3858,9304
2917,3858,9304
3427,3828,9105
3427,3828,9105
3427,3828,9105
3427,3828,9105
3427,3828,9105
3427,3828,9105
3427,3828,9105
3427,3828,9105
3427,3828,9105
3427,3828,9105
3699,3857,8857
3699,3857,8857
3699,3857,8857
3699,3857,8857
3699,3857,8857
3699,3857,8857
3699,3857,8857
3699,3857,8857
3699,3857,8857
3699,3857,8857
4011,3900,8655
4011,3900,8655
4011,3900,8655
4011,3900,8655
4011,3900,8655
4011,3900,8655
4011,3900,8655
4011,3900,8655
4011,3900,8655
4430,3859,8199
4430,3859,8199
4430,3859,8199
4430,3859,8199
4430,3859,8199
4430,3859,8199
4430,3859,8199
4430,3859,8199
4430,3859,8199
4465,3834,8196
4465,3834,8196
4465,3834,8196
3768,4141,8817
3768,4141,8817
3768,4141,8817
3768,4141,8817
3768,4141,8817
3768,4141,8817
3768,4141,8817
3768,4141,8817
3768,4141,8817
2255,4309,9296
2255,4309,9296
2255,4309,9296
2255,4309,9296
2255,4309,9296
2255,4309,9296
2255,4309,9296
2255,4309,9296
2255,4309,9296
2255,4309,9296
1613,4143,9488
1613,4143,9488
1613,4143,9488
1613,4143,9488
1613,4143,9488
1613,4143,9488
1613,4143,9488
1613,4143,9488
1853,3694,9626
1853,3694,9626
1853,3694,9626
1853,3694,9626
1853,3694,9626
1853,3694,9626
1853,3694,9626
1853,3694,9626
1853,3694,9626
1853,3694,9626
1840,3265,9724
1840,3265,9724
1840,3265,9724
1840,3265,9724
1840,3265,9724
1840,3265,9724
1840,3265,9724
1840,3265,9724
1840,3265,9724
1030,2963,9646
1030,2963,9646
1030,2963,9646
1030,2963,9646
1030,2963,9646
1030,2963,9646
1030,2963,9646
1030,2963,9646
1030,2963,9646
1030,2963,9646
428,2926,9554
428,2926,9554
428,2926,9554
428,2926,9554
428,2926,9554
428,2926,9554
428,2926,9554
428,2926,9554
428,2926,9554
299,2851,9452
299,2851,9452
299,2851,9452
299,2851,9452
299,2851,9452
299,2851,9452
299,2851,9452
299,2851,9452
299,2851,9452
74,2605,9373
74,2605,9373
74,2605,9373
74,2605,9373
74,2605,9373
74,2605,9373
74,2605,9373
74,2605,9373
74,2605,9373
-227,2137,9117
-227,2137,9117
-227,2137,9117
-227,2137,9117
-227,2137,9117
-227,2137,9117
-227,2137,9117
-227,2137,9117
-227,2137,9117
-195,1763,9045
-195,1763,9045
-195,1763,9045
-195,1763,9045
-195,1763,9045
-195,1763,9045
-195,1763,9045
-195,1763,9045
-113,1580,8967
-113,1580,8967
-113,1580,8967
-113,1580,8967
-113,1580,8967
-113,1580,8967
-113,1580,8967
-113,1580,8967
-113,1580,8967
5,1359,9005
5,1359,9005
5,1359,9005
5,1359,9005
5,1359,9005
5,1359,9005
5,1359,9005
5,1359,9005
5,1359,9005
5,1359,9005
344,1219,9058
344,1219,9058
344,1219,9058
344,1219,9058
344,1219,9058
344,1219,9058
344,1219,9058
344,1219,9058
344,1219,9058
553,1161,9087
553,1161,9087
553,1161,9087
553,1161,9087
553,1161,9087
553,1161,9087
553,1161,9087
553,1161,9087
553,1161,9157
611,1218,9157
611,1218,9157
611,1218,9157
611,1218,9157
611,1218,9157
611,1218,9157
611,1218,9157
611,1218,9157
611,1218,9157
628,1300,9164
628,1300,9164
628,1300,9164
628,1300,9164
628,1300,9164
628,1300,9164
628,1300,9164
628,1300,9164
628,1300,9164
628,1300,9164
614,1272,9182
614,1272,9182
614,1272,9182
614,1272,9182
614,1272,9182
614,1272,9182
614,1272,9182
614,1272,9182
614,1272,9182
416,1192,8992
416,1192,8992
416,1192,8992
416,1192,8992
416,1192,8992
416,1192,8992
416,1192,8992
416,1192,8992
416,1192,8992
136,1177,8893
136,1177,8893
136,1177,8893
136,1177,8893
136,1177,8893
136,1177,8893
136,1177,8893
136,1177,8893
136,1177,8893
-32,1227,8842
-32,1227,8842
-32,1227,8842
-32,1227,8842
-32,1227,8842
-32,1227,8842
-32,1227,8842
-32,1227,8842
-32,1227,8842
-312,1293,8675
-312,1293,8675
-312,1293,8675
-312,1293,8675
-312,1293,8675
-312,1293,8675
-312,1293,8675
-312,1293,8675
-312,1293,8675
-564,1335,8507
-564,1335,8507
-564,1335,8507
-564,1335,8507
-564,1335,8507
-564,1335,8507
-564,1335,8507
-564,1335,8507
-564,1335,8507
-657,1350,8441
-657,1350,8441
-657,1350,8441
-657,1350,8441
-657,1350,8441
-657,1350,8441
-657,1350,8441
-657,1350,8441
-657,1350,8441
-638,1424,8519
-638,1424,8519
-638,1424,8519
-638,1424,8519
-638,1424,8519
-638,1424,8519
-638,1424,8519
-638,1424,8519
-638,1424,8519
-505,1443,8668
-505,1443,8668
-505,1443,8668
-505,1443,8668
-505,1443,8668
-505,1443,8668
-505,1443,8668
-505,1443,8668
-505,1443,8668
-337,1427,8782
-337,1427,8782
-337,1427,8782
-337,1427,8782
-337,1427,8782
-337,1427,8782
-337,1427,8782
-337,1427,8782
-337,1427,8782
-8,1557,9077
-8,1557,9077
-8,1557,9077
-8,1557,9077
-8,1557,9077
-8,1557,9077
-8,1557,9077
-8,1557,9077
-8,1557,9077
-8,1557,9077
476,1893,9369
476,1893,9369
476,1893,9369
476,1893,9369
476,1893,9369
476,1893,9369
476,1893,9369
476,1893,9369
849,2530,9580
849,2530,9580
849,2530,9580
849,2530,9580
849,2530,9580
849,2530,9653
2015,3332,9653
2015,3332,9653
2015,3332,9653
2015,3332,9653
2015,3332,9653
2015,3332,9653
2015,3332,9653
2015,3332,9653
2557,3992,9416
2557,3992,9416
2557,3992,9416
2557,3992,9416
2557,3992,9416
2557,3992,9416
2557,3992,9416
2557,3992,9416
2557,3992,9416
2257,4243,9346
2257,4243,9346
2257,4243,9346
2257,4243,9346
2257,4243,9346
2257,4243,9346
2257,4243,9346
2257,4243,9346
2257,4243,9346
2560,3707,9476
2560,3707,9476
2560,3707,9476
2560,3707,9476
2560,3707,9476
2560,3707,9476
2560,3707,9476
2560,3707,9476
2560,3707,9476
2560,2312,9613
2392,2312,9613
2392,2312,9613
2392,2312,9613
2392,2312,9613
2392,2312,9613
2392,2312,9613
2392,2312,9613
2392,2312,9613
1962,672,8899
1962,672,8899
1962,672,8899
1962,672,8899
1962,672,8899
1962,672,8899
1962,672,8899
1962,672,8899
1962,672,8899
1962,672,8899
1509,-402,7297
1509,-402,7297
1509,-402,7297
1509,-402,7297
1509,-402,7297
1509,-402,7297
1509,-402,7297
1509,-402,7297
1509,-402,7297
1396,-534,5720
1396,-534,5720
1396,-534,5720
1396,-534,5720
1396,-534,5720
1396,-534,5720
1396,-534,5720
1396,-534,5720
1396,-534,5720
1636,-60,4502
1636,-60,4502
1636,-60,4502
1636,-60,4502
1636,-60,4502
1636,-60,4502
1636,-60,4502
1636,-60,4502
1636,-60,4502
1636,-60,4502
1982,542,3820
1982,542,3820
1982,542,3820
1982,542,3820
1982,542,3820
1982,542,3820
1982,542,3820
1982,542,3820
1982,542,3820
2690,609,3957
2690,609,3957
2690,609,3957
2690,609,3957
2690,609,3957
2690,609,3957
2690,609,3957
2690,609,3957
2347,173,4280
2347,173,4280
2347,173,4280
2347,173,4280
2347,173,4280
2347,173,4280
2347,173,4280
2347,173,4280
2347,173,4280
1911,-375,5278
1911,-375,5278
1911,-375,5278
1911,-375,5278
1911,-375,5278
1911,-375,5278
1911,-375,5278
1911,-375,5278
1911,-375,5278
1787,-546,6691
1787,-546,6691
1787,-546,6691
1787,-546,6691
1787,-546,6691
1787,-546,6691
1787,-546,6691
1787,-546,6691
1787,-546,6691
1787,-546,6691
1825,116,8311
1825,116,8311
1825,116,8311
1825,116,8311
1825,116,8311
1825,116,8311
1825,116,8311
1825,116,8311
1825,116,8311
1884,1527,9454
1884,1527,9454
1884,1527,9454
1884,1527,9454
1884,1527,9454
1884,1527,9454
1884,1527,9454
1884,1527,9454
1884,1527,9454
1789,3297,9651
1789,3297,9651
1789,3297,9651
1789,3297,9651
1789,3297,9651
1789,3297,9651
1789,3297,9651
1789,3297,9651
1914,4770,9090
1914,4770,9090
1914,4770,9090
1914,4770,9090
1914,4770,9090
1914,4770,9090
1914,4770,9090
1914,4770,9090
1914,4770,9090
1914,4770,9090
1866,5599,8226
1866,5599,8226
1866,5599,8226
1866,5599,8226
1866,5599,8226
1866,5599,8226
1866,5599,8226
1866,5599,8226
1866,5599,8226
1866,5599,8226
2045,5663,8139
2045,5663,8139
2045,5663,8139
2045,5663,8139
2045,5663,8139
2045,5663,8139
2045,5663,8139
2045,5663,8139
2045,5663,8139
2253,4993,8878
2253,4993,8878
2253,4993,8878
2253,4993,8878
2253,4993,8878
2253,4993,8878
2253,4993,8878
2253,4993,8878
2404,3580,9544
2404,3580,9544
2404,3580,9544
2404,3580,9544
2404,3580,9544
2404,3580,9544
2404,3580,9544
2404,3580,9544
2404,3580,9544
2487,1825,9411
2487,1825,9411
2487,1825,9411
2487,1825,9411
2487,1825,9411
2487,1825,9411
2487,1825,9411
2487,1825,9411
2487,1825,9411
2362,362,8529
2362,362,8529
2362,362,8529
2362,362,8529
2362,362,8529
2362,362,8529
2362,362,8529
2362,362,8529
2362,362,8529
2362,362,8529
2319,-411,7080
2319,-411,7080
2319,-411,7080
2319,-411,7080
2319,-411,7080
2319,-411,7080
2319,-411,7080
2319,-411,7080
2319,-411,7080
2298,-484,5934
2298,-484,5934
2298,-484,5934
2298,-484,5934
2298,-484,5934
2298,-484,5934
2298,-484,5934
2298,-484,5934
2298,-484,5934
2538,-203,4984
2538,-203,4984
2538,-203,4984
2538,-203,4984
2538,-203,4984
2538,-203,4984
2538,-203,4984
2538,-203,4984
2538,-203,4984
2560,-19,4713
2560,-19,4713
2560,-19,4713
2560,-19,4713
2560,-19,4713
2560,-19,4713
2560,-19,4713
2560,-19,4713
2560,-19,4713
2606,-338,5582
2606,-338,5582
2606,-338,5582
2606,-338,5582
2821,-188,7371
2821,-188,7371
2821,-188,7371
2821,-188,7371
2821,-188,7371
2821,-188,7371
2821,-188,7371
2821,-188,7371
2821,-188,7371
2884,1035,8966
2884,1035,8966
2884,1035,8966
2884,1035,8966
2884,1035,8966
2884,1035,8966
2884,1035,8966
2884,1035,8966
2884,1035,8966
2682,2764,9547
2682,2764,9547
2682,2764,9547
2682,2764,9547
2682,2764,9547
2682,2764,9547
2682,2764,9547
2682,2764,9547
2682,2764,9547
2483,4329,9218
2483,4329,9218
2483,4329,9218
2483,4329,9218
2483,4329,9218
2483,4329,9218
2483,4329,9218
2483,4329,9218
2483,4329,9218
2483,4329,9218
2630,5502,8118
2630,5502,8118
2630,5502,8118
2630,5502,8118
2630,5502,8118
2630,5502,8118
2630,5502,8118
2630,5502,8118
2630,5502,8118
2739,5987,7104
2739,5987,7104
2739,5987,7104
2739,5987,7104
2739,5987,7104
2739,5987,7104
2739,5987,7104
2739,5987,7104
2739,5987,7104
2849,6023,6911
2849,6023,6911
2849,6023,6911
2849,6023,6911
2849,6023,6911
2849,6023,6911
2849,6023,6911
2849,6023,6911
2849,6023,6911
2987,5741,7624
2987,5741,7624
2987,5741,7624
2987,5741,7624
2987,5741,7624
2987,5741,7624
2987,5741,7624
2987,5741,7624
2987,5741,7624
3292,4779,8634
3292,4779,8634
3292,4779,8634
3292,4779,8634
3292,4779,8634
3292,4779,8634
3292,4779,8634
3292,4779,8634
3292,4779,8634
3363,3418,9272
3363,3418,9272
3363,3418,9272
3363,3418,9272
3363,3418,9272
3363,3418,9272
3363,3418,9272
3363,3418,9272
3363,3418,9272
3130,1792,9236
3130,1792,9236
3130,1792,9236
3130,1792,9236
3130,1792,9236
3130,1792,9236
3130,1792,9236
3130,1792,9236
3130,1792,9236
3130,1792,9236
3033,459,8403
3033,459,8403
3033,459,8403
3033,459,8403
3033,459,8403
3033,459,8403
3033,459,8403
3033,459,8403
3033,-288,7073
2930,-288,7073
2930,-288,7073
2930,-288,7073
2930,-288,7073
2930,-288,7073
2930,-288,7073
2930,-288,7073
2930,-288,7073
2743,-389,6245
2743,-389,6245
2743,-389,6245
2743,-389,6245
2743,-389,6245
2743,-389,6245
2743,-389,6245
2743,-389,6245
2743,-389,6245
2743,-389,6245
2603,-450,6342
2603,-450,6342
2603,-450,6342
2603,-450,6342
2603,-450,6342
2603,-450,6342
2603,-450,6342
2603,-450,6342
2603,-450,6342
2851,-171,7340
2851,-171,7340
2851,-171,7340
2851,-171,7340
2851,-171,7340
2851,-171,7340
2851,-171,7340
2851,-171,7340
2851,-171,7340
3131,775,8658
3131,775,8658
3131,775,8658
3131,775,8658
3131,775,8658
3131,775,8658
3131,775,8658
3131,775,8658
3131,775,8658
3042,2505,9450
3042,2505,9450
3042,2505,9450
3042,2505,9450
3042,2505,9450
3042,2505,9450
3042,2505,9450
3042,2505,9450
3042,2505,9450
2699,4145,9255
2699,4145,9255
2699,4145,9255
2699,4145,9255
2699,4145,9255
2699,4145,9255
2699,4145,9255
2699,4145,9255
2699,4145,9255
2729,5335,8383
2729,5335,8383
2729,5335,8383
2729,5335,8383
2729,5335,8383
2729,5335,8383
2729,5335,8383
2729,5335,8383
2729,5335,8383
2729,5335,8383
2821,5918,7309
2821,5918,7309
2821,5918,7309
2821,5918,7309
2821,5918,7309
2821,5918,7309
2821,5918,7309
2821,5918,7309
2821,5918,7309
2894,6150,6388
2894,6150,6388
2894,6150,6388
2894,6150,6388
2894,6150,6388
2894,6150,6388
2894,6150,6388
2894,6150,6388
2894,6150,6388
2877,6207,6168
2877,6207,6168
2877,6207,6168
2877,6207,6168
2877,6207,6168
2877,6207,6168
2877,6207,6168
2877,6207,6168
2839,6097,6852
2839,6097,6852
2839,6097,6852
2839,6097,6852
2839,6097,6852
2839,6097,6852
2839,6097,6852
2839,6097,6852
2839,6097,6852
2736,5584,8218
2736,5584,8218
2736,5584,8218
2736,5584,8218
2736,5584,8218
2736,5584,8218
2736,5584,8218
2736,5584,8218
2736,5584,8218
2558,4198,9340
2558,4198,9340
2558,4198,9340
2558,4198,9340
2558,4198,9340
2558,4198,9340
2558,4198,9340
2558,4198,9340
2558,4198,9340
2558,4198,9340
2460,2316,9637
2460,2316,9637
2460,2316,9637
2460,2316,9637
2460,2316,9637
2460,2316,9637
2460,2316,9637
2460,2316,9637
2460,2316,9637
2460,2316,9637
2571,632,8800
2571,632,8800
2571,632,8800
2571,632,8800
2571,632,8800
2571,632,8800
2571,632,8800
2571,632,8800
2440,-279,7485
2440,-279,7485
2440,-279,7485
2440,-279,7485
2440,-279,7485
2410,-495,6726
2410,-495,6726
2410,-495,6726
2410,-495,6726
2410,-495,6726
2410,-495,6726
2410,-495,6726
2410,-495,6726
2410,-495,6726
2461,-468,6901
2461,-468,6901
2461,-468,6901
2461,-468,6901
2461,-468,6901
2461,-468,6901
2461,-468,6901
2461,-468,6901
2461,-468,6901
2427,-127,7920
2427,-127,7920
2427,-127,7920
2427,-127,7920
2427,-127,7920
2427,-127,7920
2427,-127,7920
2427,-127,7920
2427,-127,7920
2236,657,9028
2236,657,9028
2236,657,9028
2236,657,9028
2236,657,9028
2236,657,9028
2236,657,9028
2236,657,9028
1985,1895,9625
1985,1895,9625
1985,1895,9625
1985,1895,9625
1985,1895,9625
1985,1895,9625
1985,1895,9625
1985,1895,9625
1985,1895,9625
1744,3217,9680
1744,3217,9680
1744,3217,9680
1744,3217,9680
1744,3217,9680
1744,3217,9680
1744,3217,9680
1744,3217,9680
1744,3217,9680
1744,3217,9680
1619,4539,9316
1619,4539,9316
1619,4539,9316
1619,4539,9316
1619,4539,9316
1619,4539,9316
1619,4539,9316
1619,4539,9316
1619,4539,9316
1625,5675,8317
1625,5675,8317
1625,5675,8317
1625,5675,8317
1625,5675,8317
1625,5675,8317
1625,5675,8317
1625,5675,8317
1625,5675,8317
1696,6299,7039
1696,6299,7039
1696,6299,7039
1696,6299,7039
1696,6299,7039
1696,6299,7039
1696,6299,7039
1696,6299,7039
1696,6299,7039
1696,6299,5824
1665,6340,5824
1665,6340,5824
1665,6340,5824
1665,6340,5824
1665,6340,5824
1665,6340,5824
1665,6340,5824
1665,6340,5824
1665,6340,5824
1618,6245,5169
1618,6245,5169
1618,6245,5169
1618,6245,5169
1618,6245,5169
1618,6245,5169
1618,6245,5169
1618,6245,5169
1618,6245,5169
1566,6146,5043
1566,6146,5043
1566,6146,5043
1566,6146,5043
1566,6146,5043
1566,6146,5043
1566,6146,5043
1566,6146,5043
1566,6146,5043
1521,6348,5819
1521,6348,5819
1521,6348,5819
1521,6348,5819
1521,6348,5819
1521,6348,5819
1521,6348,5819
1521,6348,5819
1521,6348,5819
1547,6198,7468
1547,6198,7468
1547,6198,7468
1547,6198,7468
1547,6198,7468
1547,6198,7468
1547,6198,7468
1547,6198,7468
1547,6198,7468
1590,5003,9071
1590,5003,9071
1590,5003,9071
1590,5003,9071
1590,5003,9071
1590,5003,9071
1590,5003,9071
1590,5003,9071
1590,5003,9071
1559,3154,9712
1559,3154,9712
1559,3154,9712
1559,3154,9712
1559,3154,9712
1559,3154,9712
1559,3154,9712
1559,3154,9712
1559,3154,9712
1465,1364,9462
1465,1364,9462
1465,1364,9462
1465,1364,9462
1465,1364,9462
1465,1364,9462
1465,1364,9462
1465,1364,9462
1465,1364,9462
1330,64,8372
1330,64,8372
1330,64,8372
1330,64,8372
1330,64,8372
1330,64,8372
1330,64,8372
1330,64,8372
1330,64,8372
1214,-440,7321
1214,-440,7321
1214,-440,7321
1214,-440,7321
1214,-440,7321
1214,-440,7321
1214,-440,7321
1214,-440,7321
1214,-440,7321
1214,-440,7321
1156,-512,7068
1156,-512,7068
1156,-512,7068
1156,-512,7068
1156,-512,7068
1156,-512,7068
1156,-512,7068
1156,-512,7068
1156,-512,7068
1169,-354,7683
1169,-354,7683
1169,-354,7683
1169,-354,7683
1169,-354,7683
1169,-354,7683
1169,-354,7683
1169,-354,7683
1169,-354,7683
1169,242,8639
1169,242,8639
1169,242,8639
1169,242,8639
1169,242,8639
1169,242,8639
1169,242,8639
1169,242,8639
1169,242,8639
997,1153,9339
997,1153,9339
997,1153,9339
997,1153,9339
997,1153,9339
997,1153,9339
997,1153,9339
997,1153,9339
997,1153,9339
775,2305,9610
775,2305,9610
775,2305,9610
775,2305,9610
775,2305,9610
775,2305,9610
775,2305,9610
775,2305,9610
775,2305,9610
552,3433,9556
552,3433,9556
552,3433,9556
552,3433,9556
552,3433,9556
552,3433,9556
552,3433,9556
552,3433,9556
552,3433,9556
348,4331,9148
348,4331,9148
348,4331,9148
348,4331,9148
348,4331,9148
348,4331,9148
348,4331,9148
348,4331,9148
348,4331,9148
250,5235,8428
250,5235,8428
250,5235,8428
250,5235,8428
250,5235,8428
250,5235,8428
250,5235,8428
250,5235,8428
250,5235,8428
227,5900,7319
227,5900,7319
227,5900,7319
227,5900,7319
227,5900,7319
227,5900,7319
227,5900,7319
227,5900,7319
227,5900,7319
312,6126,6462
312,6126,6462
312,6126,6462
312,6126,6462
318,6148,6301
318,6148,6301
318,6148,6301
318,6148,6301
318,6148,6301
318,6148,6301
318,6148,6301
318,6148,6301
318,6148,6301
268,6045,6671
268,6045,6671
268,6045,6671
268,6045,6671
268,6045,6671
268,6045,6671
268,6045,6671
268,6045,6671
268,6045,6671
268,6045,6671
290,5769,7651
290,5769,7651
290,5769,7651
290,5769,7651
290,5769,7651
290,5769,7651
290,5769,7651
290,5769,7651
290,5769,7651
244,4816,8805
244,4816,8805
244,4816,8805
244,4816,8805
244,4816,8805
244,4816,8805
244,4816,8805
244,4816,8805
244,4816,8805
246,3353,9472
246,3353,9472
246,3353,9472
246,3353,9472
246,3353,9472
246,3353,9472
246,3353,9472
246,3353,9472
246,3353,9472
264,1699,9262
264,1699,9262
264,1699,9262
264,1699,9262
264,1699,9262
264,1699,9262
264,1699,9262
264,1699,9262
264,1699,8425
212,477,8425
212,477,8425
212,477,8425
212,477,8425
212,477,8425
212,477,8425
212,477,8425
212,477,8425
212,477,8425
129,-145,7419
129,-145,7419
129,-145,7419
129,-145,7419
129,-145,7419
129,-145,7419
129,-145,7419
129,-145,7419
129,-145,7419
128,-308,6594
128,-308,6594
128,-308,6594
128,-308,6594
128,-308,6594
128,-308,6594
128,-308,6594
128,-308,6594
128,-308,6594
223,-333,6050
223,-333,6050
223,-333,6050
223,-333,6050
223,-333,6050
223,-333,6050
223,-333,6050
223,-333,6050
223,-333,6050
254,-383,6114
254,-383,6114
254,-383,6114
254,-383,6114
254,-383,6114
254,-383,6114
254,-383,6114
254,-383,6114
254,-383,6114
293,-330,6811
293,-330,6811
293,-330,6811
293,-330,6811
293,-330,6811
293,-330,6811
293,-330,6811
293,-330,6811
293,-330,6811
344,94,7976
344,94,7976
344,94,7976
344,94,7976
344,94,7976
344,94,7976
344,94,7976
344,94,7976
344,94,7976
276,1139,8967
276,1139,8967
276,1139,8967
276,1139,8967
276,1139,8967
276,1139,8967
276,1139,8967
276,1139,8967
276,1139,8967
276,1139,8967
121,2458,9377
121,2458,9377
121,2458,9377
121,2458,9377
121,2458,9377
121,2458,9377
121,2458,9377
121,2458,9377
121,2458,9377
38,3458,9260
38,3458,9260
38,3458,9260
38,3458,9260
38,3458,9260
38,3458,9260
38,3458,9260
38,3458,9260
38,3458,9260
71,4266,9022
71,4266,9022
71,4266,9022
71,4266,9022
71,4266,9022
71,4266,9022
71,4266,9022
71,4266,9022
71,4266,9022
190,5104,8388
190,5104,8388
190,5104,8388
190,5104,8388
190,5104,8388
190,5104,8388
190,5104,8388
190,5104,8388
190,5104,8388
223,5691,7610
223,5691,7610
223,5691,7610
223,5691,7610
223,5691,7610
223,5691,7610
223,5691,7610
223,5691,7610
223,5691,7610
347,5901,7160
347,5901,7160
347,5901,7160
347,5901,7160
347,5901,7160
347,5901,7160
347,5901,7160
347,5901,7160
347,5901,7160
434,5815,7557
434,5815,7557
434,5815,7557
434,5815,7557
434,5815,7557
434,5815,7557
434,5815,7557
434,5815,7557
434,5815,7557
448,5160,8528
448,5160,8528
448,5160,8528
448,5160,8528
448,5160,8528
448,5160,8528
448,5160,8528
448,5160,8528
448,5160,8528
448,5160,8528
516,3840,9388
516,3840,9388
516,3840,9388
516,3840,9388
516,3840,9388
516,3840,9388
516,3840,9388
516,3840,9388
516,3840,9388
582,2129,9448
582,2129,9448
582,2129,9448
582,2129,9448
582,2129,9448
582,2129,9448
582,2129,9448
582,2129,9448
582,2129,9448
726,636,8777
726,636,8777
726,636,8777
726,636,8777
726,636,8777
726,636,8777
726,636,8777
726,636,8777
726,636,8777
1004,-287,7589
1004,-287,7589
1004,-287,7589
1004,-287,7589
1004,-287,7589
1004,-287,7589
1004,-287,7589
1004,-287,7589
1307,-557,6092
1307,-557,6092
1307,-557,6092
1307,-557,6092
1307,-557,6092
1307,-557,6092
1307,-557,6092
1307,-557,6092
1307,-557,6092
1307,-557,6092
1601,-314,4974
1601,-314,4974
1601,-314,4974
1601,-314,4974
1601,-314,4974
1601,-314,4974
1601,-314,4974
1601,-314,4974
1601,-314,4974
1601,-314,4974
1784,-25,4384
1784,-25,4384
1784,-25,4384
1784,-25,4384
1784,-25,4384
1784,-25,4384
1784,-25,4384
1784,-25,4384
1784,-25,4384
1925,-188,4728
1925,-188,4728
1925,-188,4728
1925,-188,4728
1925,-188,4728
1925,-188,4728
1925,-188,4728
1925,-188,4728
1991,-496,5871
1991,-496,5871
1991,-496,5871
1991,-496,5871
1991,-496,5871
2170,-347,7414
2170,-347,7414
2170,-347,7414
2170,-347,7414
2170,-347,7414
2170,-347,7414
2170,-347,7414
2170,-347,7414
2170,-347,7414
2157,571,8830
2157,571,8830
2157,571,8830
2157,571,8830
2157,571,8830
2157,571,8830
2157,571,8830
2157,571,8830
2157,571,8830
2181,1954,9527
2181,1954,9527
2181,1954,9527
2181,1954,9527
2181,1954,9527
2181,1954,9527
2181,1954,9527
2181,1954,9527
2181,1954,9527
2065,3435,9523
2065,3435,9523
2065,3435,9523
2065,3435,9523
2065,3435,9523
2065,3435,9523
2065,3435,9523
2065,3435,9523
2065,3435,9523
2011,4654,9025
2011,4654,9025
2011,4654,9025
2011,4654,9025
2011,4654,9025
2011,4654,9025
2011,4654,9025
2011,4654,9025
1916,5485,8308
1916,5485,8308
1916,5485,8308
1916,5485,8308
1916,5485,8308
1916,5485,8308
1916,5485,8308
1916,5485,8308
1916,5485,8308
1916,5485,8308
1943,5901,7754
1943,5901,7754
1943,5901,7754
1943,5901,7754
1943,5901,7754
1943,5901,7754
1943,5901,7754
1943,5901,7754
1943,5901,7754
1943,5904,7719
1954,5904,7719
1954,5904,7719
1954,5904,7719
1954,5904,7719
1954,5904,7719
1954,5904,7719
1954,5904,7719
1954,5904,7719
1954,5904,7719
2106,5378,8453
2106,5378,8453
2106,5378,8453
2106,5378,8453
2106,5378,8453
2106,5378,8453
2106,5378,8453
2106,5378,8453
2106,5378,8453
2425,4162,9324
2425,4162,9324
2425,4162,9324
2425,4162,9324
2425,4162,9324
2425,4162,9324
2425,4162,9324
2425,4162,9324
2425,4162,9324
2492,2488,9536
2492,2488,9536
2492,2488,9536
2492,2488,9536
2492,2488,9536
2492,2488,9536
2492,2488,9536
2492,2488,9536
2492,2488,9536
2540,973,8984
2540,973,8984
2540,973,8984
2540,973,8984
2540,973,8984
2540,973,8984
2540,973,8984
2540,973,8984
2540,973,8984
2700,-52,7721
2700,-52,7721
2700,-52,7721
2700,-52,7721
2700,-52,7721
2700,-52,7721
2700,-52,7721
2700,-52,7721
2700,-52,7721
2799,-372,6631
2799,-372,6631
2799,-372,6631
2799,-372,6631
2799,-372,6631
2799,-372,6631
2799,-372,6631
2799,-372,6631
2799,-372,6631
3069,-279,5960
3069,-279,5960
3069,-279,5960
3069,-279,5960
3069,-279,5960
3069,-279,5960
3069,-279,5960
3069,-279,5960
3069,-279,5960
3320,-184,5957
3320,-184,5957
3320,-184,5957
3320,-184,5957
3320,-184,5957
3320,-184,5957
3320,-184,5957
3320,-184,5957
3320,-184,5957
3232,-256,6423
3232,-256,6423
3232,-256,6423
3232,-256,6423
3232,-256,6423
3232,-256,6423
3232,-256,6423
3232,-256,6423
3232,-256,6423
3197,4,7531
3197,4,7531
3197,4,7531
3197,4,7531
3197,4,7531
3197,4,7531
3197,4,7531
3197,4,7531
3197,4,7531
2957,1023,8974
2957,1023,8974
2957,1023,8974
2957,1023,8974
2957,1023,8974
2957,1023,8974
2957,1023,8974
2957,1023,8974
2957,1023,8974
2957,1023,8974
2734,2670,9540
2734,2670,9540
2734,2670,9540
2734,2670,9540
2734,2670,9540
2734,2670,9540
2734,2670,9540
2734,2670,9540
2734,2670,9540
2631,4370,9151
2631,4370,9151
2631,4370,9151
2631,4370,9151
2631,4370,9151
2631,4370,9151
2631,4370,9151
2631,4370,9151
2631,4370,9151
2552,5576,8171
2552,5576,8171
2552,5576,8171
2552,5576,8171
2552,5576,8171
2552,5576,8171
2552,5576,8171
2552,5576,8171
2552,5576,8171
2552,5576,8171
2692,6132,6898
2692,6132,6898
2692,6132,6898
2692,6132,6898
2692,6132,6898
2692,6132,6898
2692,6132,6898
2692,6132,6898
2692,6132,6898
2711,6234,5906
2711,6234,5906
2711,6234,5906
2711,6234,5906
2711,6234,5906
2711,6234,5906
2711,6234,5906
2711,6234,5906
2711,6234,5906
2708,6223,5737
2708,6223,5737
2708,6223,5737
2708,6223,5737
2708,6223,5737
2708,6223,5737
2708,6223,5737
2708,6223,5737
2708,6223,5737
2646,6241,6530
2646,6241,6530
2646,6241,6530
2646,6241,6530
2646,6241,6530
2646,6241,6530
2646,6241,6530
2646,6241,6530
2539,5764,8017
2539,5764,8017
2539,5764,8017
2539,5764,8017
2539,5764,8017
2539,5764,8017
2539,5764,8017
2539,5764,8017
2539,5764,8017
2532,4417,9253
2532,4417,9253
2532,4417,9253
2532,4417,9253
2532,4417,9253
2532,4417,9253
2532,4417,9253
2532,4417,9253
2532,4417,9253
2528,2671,9595
2528,2671,9595
2528,2671,9595
2528,2671,9595
2528,2671,9595
2468,1396,9360
2468,1396,9360
2468,1396,9360
2468,1396,9360
2468,1396,9360
2468,1396,9360
2468,1396,9360
2468,1396,9360
2126,1089,9238
2126,1089,9238
2126,1089,9238
2126,1089,9238
2126,1089,9238
2126,1089,9238
2126,1089,9238
2126,1089,9238
2126,1089,9238
2126,1089,9238
1872,1587,9514
1872,1587,9514
1872,1587,9514
1872,1587,9514
1872,1587,9514
1872,1587,9514
1872,1587,9514
1872,1587,9514
1872,1587,9514
1872,1587,9514
1866,2540,9725
1866,2540,9725
1866,2540,9725
1866,2540,9725
1866,2540,9725
1866,2540,9725
1866,2540,9725
1866,2540,9725
1866,2540,9725
2001,3325,9669
2001,3325,9669
2001,3325,9669
2001,3325,9669
2001,3325,9669
2001,3325,9669
2001,3325,9669
2001,3325,9669
2001,3325,9669
1916,3654,9640
1916,3654,9640
1916,3654,9640
1916,3654,9640
1916,3654,9640
1916,3654,9640
1916,3654,9640
1916,3654,9640
1916,3654,9640
1832,3676,9627
1832,3676,9627
1832,3676,9627
1832,3676,9627
1832,3676,9627
1832,3676,9627
1832,3676,9627
1832,3676,9627
1832,3676,9627
1719,3701,9616
1719,3701,9616
1719,3701,9616
1719,3701,9616
1719,3701,9616
1719,3701,9616
1719,3701,9616
1719,3701,9616
1719,3701,9616
1637,3789,9587
1637,3789,9587
1637,3789,9587
1637,3789,9587
1637,3789,9587
1637,3789,9587
1637,3789,9587
1637,3789,9587
1637,3789,9587
1624,3845,9649
1624,3845,9649
1624,3845,9649
1624,3845,9649
1624,3845,9649
1624,3845,9649
1624,3845,9649
1624,3845,9649
1624,3845,9649
1656,3853,9618
1656,3853,9618
1656,3853,9618
1656,3853,9618
1656,3853,9618
1656,3853,9618
1656,3853,9618
1656,3853,9618
1656,3853,9618
1644,3853,9605
1644,3853,9605
1644,3853,9605
1644,3853,9605
1644,3853,9605
1644,3853,9605
1644,3853,9605
1644,3853,9605
1644,3853,9605
1695,3890,9563
1695,3890,9563
1695,3890,9563
1695,3890,9563
1695,3890,9563
1695,3890,9563
1695,3890,9563
1695,3890,9563
1695,3890,9563
1712,3857,9596
1712,3857,9596
1712,3857,9596
1712,3857,9596
1712,3857,9596
1712,3857,9596
1712,3857,9596
1712,3857,9596
1712,3857,9596
1712,3857,9596
1737,3870,9578
1737,3870,9578
1737,3870,9578
1737,3870,9578
1737,3870,9578
1737,3870,9578
1737,3870,9578
1737,3870,9578
1737,3870,9578
1746,3876,9552
1746,3876,9552
1746,3876,9552
1746,3876,9552
1746,3876,9552
1746,3876,9552
1746,3876,9552
1746,3876,9552
1746,3876,9552
1746,3876,9552
1725,3900,9576
1725,3900,9576
1725,3900,9576
1725,3900,9576
1725,3900,9576
1725,3900,9576
1725,3900,9576
1725,3900,9576
1726,3881,9566
1726,3881,9566
1726,3881,9566
1726,3881,9566
1726,3881,9566
1726,3881,9566
1726,3881,9566
1726,3881,9566
1726,3881,9566
1771,3890,9610
1771,3890,9610
1771,3890,9610
1771,3890,9610
1771,3890,9610
1771,3890,9610
1771,3890,9610
1771,3890,9610
1771,3890,9610
1824,3793,9622
1824,3793,9622
1824,3793,9622
1824,3793,9622
1824,3793,9622
1824,3793,9622
1824,3793,9622
1824,3793,9622
1824,3793,9622
1992,3788,9605
1992,3788,9605
1992,3788,9605
1992,3788,9605
1992,3788,9605
1992,3788,9605
1992,3788,9605
1992,3788,9605
1992,3788,9605
1992,3788,9536
2163,3852,9536
2163,3852,9536
2163,3852,9536
2163,3852,9536
2163,3852,9536
2163,3852,9536
2163,3852,9536
2163,3852,9536
2163,3852,9536
2172,3935,9526
2172,3935,9526
2172,3935,9526
2172,3935,9526
2172,3935,9526
2172,3935,9526
2172,3935,9526
2172,3935,9526
2172,3935,9526
2075,3896,9540
2075,3896,9540
2075,3896,9540
2075,3896,9540
2075,3896,9540
2075,3896,9540
2075,3896,9540
2075,3896,9540
2075,3896,9540
2000,3927,9522
2000,3927,9522
2000,3927,9522
2000,3927,9522
2000,3927,9522
2000,3927,9522
2000,3927,9522
2000,3927,9522
2000,3927,9522
2004,3919,9568
2004,3919,9568
2004,3919,9568
2004,3919,9568
2004,3919,9568
2004,3919,9568
2004,3919,9568
2004,3919,9568
2004,3919,9568
2139,3896,9517
2139,3896,9517
2139,3896,9517
2139,3896,9517
2139,3896,9517
2139,3896,9517
2139,3896,9517
2139,3896,9517
2139,3896,9517
2121,4017,9528
2121,4017,9528
2121,4017,9528
2121,4017,9528
2121,4017,9528
2214,4097,9459
2214,4097,9459
2214,4097,9459
2214,4097,9459
2214,4097,9459
2214,4097,9459
2214,4097,9459
2214,4097,9459
2214,4097,9454
2366,4109,9454
2366,4109,9454
2366,4109,9454
2366,4109,9454
2366,4109,9454
2366,4109,9454
2366,4109,9454
2366,4109,9454
2366,4109,9454
2527,3997,9438
2527,3997,9438
2527,3997,9438
2527,3997,9438
2527,3997,9438
2527,3997,9438
2527,3997,9438
2527,3997,9438
2527,3997,9438
3486,3906,9070
3486,3906,9070
3486,3906,9070
3486,3906,9070
3486,3906,9070
3486,3906,9070
3486,3906,9070
3486,3906,9070
3486,3906,9070
4649,3910,7938
4649,3910,7938
4649,3910,7938
4649,3910,7938
4649,3910,7938
4649,3910,7938
4649,3910,7938
4649,3910,7938
4649,3910,7938
5054,4094,6780
5054,4094,6780
5054,4094,6780
5054,4094,6780
5054,4094,6780
5054,4094,6780
5054,4094,6780
5054,4094,6780
5054,4094,6780
4964,4372,5805
4964,4372,5805
4964,4372,5805
4964,4372,5805
4964,4372,5805
4964,4372,5805
4964,4372,5805
4964,4372,5805
4964,4372,5805
4673,4472,5079
4673,4472,5079
4673,4472,5079
4673,4472,5079
4673,4472,5079
4673,4472,5079
4673,4472,5079
4673,4472,5079
4673,4472,5079
4288,4425,4346
4288,4425,4346
4288,4425,4346
4288,4425,4346
4288,4425,4346
4288,4425,4346
4288,4425,4346
4288,4425,4346
4046,4385,4045
4046,4385,4045
4046,4385,4045
4046,4385,4045
4046,4385,4045
4046,4385,4045
4046,4385,4045
4046,4385,4045
4046,4385,4045
4046,4385,4045
2911,4414,3356
2911,4414,3356
2911,4414,3356
2911,4414,3356
2911,4414,3356
2911,4414,3356
2911,4414,3356
2911,4414,3356
2911,4414,3356
2911,4414,3356
1357,4371,3087
1357,4371,3087
1357,4371,3087
1357,4371,3087
1357,4371,3087
1357,4371,3087
1357,4371,3087
1357,4371,3087
1357,4371,3087
173,4219,3280
173,4219,3280
173,4219,3280
173,4219,3280
173,4219,3280
173,4219,3280
173,4219,3280
173,4219,3280
173,4219,3280
-422,4221,3648
-422,4221,3648
-422,4221,3648
-422,4221,3648
-422,4221,3648
-422,4221,3648
-422,4221,3648
-422,4221,3648
-422,4221,3648
-1021,4136,4086
-1021,4136,4086
-1021,4136,4086
-1021,4136,4086
-1021,4136,4086
-1021,4136,4086
-1021,4136,4086
-1021,4136,4086
-1021,4136,4086
-1636,4040,4998
-1636,4040,4998
-1636,4040,4998
-1636,4040,4998
-1636,4040,4998
-1636,4040,4998
-1636,4040,4998
-1636,4040,4998
-1636,4040,4998
-1894,4063,6340
-1894,4063,6340
-1894,4063,6340
-1894,4063,6340
-1894,4063,6340
-1894,4063,6340
-1894,4063,6340
-1894,4063,6340
-1894,4063,6340
-1894,4063,6340
-1718,4125,7265
-1718,4125,7265
-1718,4125,7265
-1718,4125,7265
-1718,4125,7265
-1718,4125,7265
-1718,4125,7265
-1718,4125,7265
-1718,4125,7265
-1381,3996,8005
-1381,3996,8005
-1381,3996,8005
-1381,3996,8005
-1381,3996,8005
-1381,3996,8005
-1381,3996,8005
-1381,3996,8005
-764,3775,8820
-764,3775,8820
-764,3775,8820
-764,3775,8820
-764,3775,8820
-764,3775,8820
-764,3775,8820
-764,3775,8820
-764,3775,8820
-101,3601,9265
-101,3601,9265
-101,3601,9265
-101,3601,9265
-101,3601,9265
-101,3601,9265
-101,3601,9265
-101,3601,9265
-101,3601,9265
781,3476,9613
781,3476,9613
781,3476,9613
781,3476,9613
781,3476,9613
781,3476,9613
781,3476,9613
781,3476,9613
781,3476,9613
1561,3372,9718
1561,3372,9718
1561,3372,9718
1561,3372,9718
1561,3372,9718
1561,3372,9718
1561,3372,9718
1561,3372,9718
1561,3372,9718
1561,3372,9718
2525,3369,9645
2525,3369,9645
2525,3369,9645
2525,3369,9645
2525,3369,9645
2525,3369,9645
2525,3369,9645
2525,3369,9645
2525,3369,9645
3473,3389,9266
3473,3389,9266
3473,3389,9266
3473,3389,9266
3473,3389,9266
3473,3389,9266
3473,3389,9266
3473,3389,9266
3473,3389,9266
4552,3595,8361
4552,3595,8361
4552,3595,8361
4552,3595,8361
4552,3595,8361
4552,3595,8361
4552,3595,8361
4552,3595,8361
4552,3595,8361
4552,3595,7389
5101,3603,7389
5101,3603,7389
5101,3603,7389
5101,3603,7389
5101,3603,7389
5101,3603,7389
5101,3603,7389
5101,3603,7389
5101,3603,7389
5343,3298,6331
5343,3298,6331
5343,3298,6331
5343,3298,6331
5343,3298,6331
5343,3298,6331
5343,3298,6331
5343,3298,6331
5343,3298,6331
5199,2908,5247
5199,2908,5247
5199,2908,5247
5199,2908,5247
4646,2538,4245
4646,2538,4245
4646,2538,4245
4646,2538,4245
4646,2538,4245
4646,2538,4245
4646,2538,4245
4646,2538,4245
4266,2479,3745
4266,2479,3745
4266,2479,3745
4266,2479,3745
4266,2479,3745
4266,2479,3745
4266,2479,3745
4266,2479,3745
4266,2479,3745
2928,2922,2940
2928,2922,2940
2928,2922,2940
2928,2922,2940
2928,2922,2940
2928,2922,2940
2928,2922,2940
2928,2922,2940
2928,2922,2940
1412,3417,2748
1412,3417,2748
1412,3417,2748
1412,3417,2748
1412,3417,2748
1412,3417,2748
1412,3417,2748
1412,3417,2748
1412,3417,2748
297,3594,3023
297,3594,3023
297,3594,3023
297,3594,3023
297,3594,3023
297,3594,3023
297,3594,3023
297,3594,3023
297,3594,3023
297,3594,3023
-255,3669,3273
-255,3669,3273
-255,3669,3273
-255,3669,3273
-255,3669,3273
-255,3669,3273
-255,3669,3273
-255,3669,3273
-255,3669,3273
-528,3596,3415
-528,3596,3415
-528,3596,3415
-528,3596,3415
-528,3596,3415
-528,3596,3415
-528,3596,3415
-528,3596,3415
-528,3596,3415
-528,3373,3598
-808,3373,3598
-808,3373,3598
-808,3373,3598
-808,3373,3598
-808,3373,3598
-808,3373,3598
-808,3373,3598
-808,3373,3598
-808,3373,3598
-1198,3274,3918
-1198,3274,3918
-1198,3274,3918
-1198,3274,3918
-1198,3274,3918
-1198,3274,3918
-1198,3274,3918
-1198,3274,3918
-1198,3274,3918
-1600,3245,4458
-1600,3245,4458
-1600,3245,4458
-1600,3245,4458
-1600,3245,4458
-1600,3245,4458
-1600,3245,4458
-1600,3245,4458
-1600,3245,4458
-2080,2915,6989
-2080,2915,6989
-2080,2915,6989
-2080,2915,6989
-2080,2915,6989
-2080,2915,6989
-2080,2915,6989
-2080,2915,6989
-371,2489,9249
-371,2489,9249
-371,2489,9249
-371,2489,9249
-371,2489,9249
-371,2489,9249
-371,2489,9249
-371,2489,9249
-371,2489,9249
-371,2489,9249
1328,2640,9759
1328,2640,9759
1328,2640,9759
1328,2640,9759
1328,2640,9759
1328,2640,9759
1328,2640,9759
1328,2640,9759
1328,2640,9759
2498,2667,9711
2498,2667,9711
2498,2667,9711
2498,2667,9711
2498,2667,9711
2498,2667,9711
2498,2667,9711
2498,2667,9711
2498,2667,9711
3792,2849,9174
3792,2849,9174
3792,2849,9174
3792,2849,9174
3792,2849,9174
3792,2849,9174
3792,2849,9174
3792,2849,9174
3792,2849,9174
4102,3074,8923
4102,3074,8923
4102,3074,8923
4102,3074,8923
4102,3074,8923
4102,3074,8923
4102,3074,8923
4102,3074,8923
4102,3074,8923
4284,2883,8762
4284,2883,8762
4284,2883,8762
4284,2883,8762
4284,2883,8762
4284,2883,8762
4284,2883,8762
4284,2883,8762
4284,2883,8762
4619,2703,8389
4619,2703,8389
4619,2703,8389
4619,2703,8389
4619,2703,8389
4619,2703,8389
4619,2703,8389
4619,2703,8389
4619,2703,8389
4619,2703,8389
5213,2787,7173
5213,2787,7173
5213,2787,7173
5213,2787,7173
5213,2787,7173
5213,2787,7173
5213,2787,7173
5213,2787,7173
5213,2787,7173
4726,2823,4253
4726,2823,4253
4726,2823,4253
4726,2823,4253
4726,2823,4253
4726,2823,4253
4726,2823,4253
4726,2823,4253
4726,2823,4253
3676,2928,3281
3676,2928,3281
3676,2928,3281
3676,2928,3281
3676,2928,3281
3676,2928,3281
3676,2928,3281
3676,2928,3281
3676,2928,3281
2012,2998,2757
2012,2998,2757
2012,2998,2757
2012,2998,2757
2012,2998,2757
2012,2998,2757
2012,2998,2757
2012,2998,2757
2012,2998,2757
610,2894,2862
610,2894,2862
610,2894,2862
610,2894,2862
610,2894,2862
610,2894,2862
610,2894,2862
610,2894,2862
610,2894,2862
-28,2905,3068
-28,2905,3068
-28,2905,3068
-28,2905,3068
-28,2905,3068
-28,2905,3068
-28,2905,3068
-28,2905,3068
-28,2905,3068
-1458,2883,4275
-1458,2883,4275
-1458,2883,4275
-1458,2883,4275
-1458,2883,4275
-1458,2883,4275
-1458,2883,4275
-1458,2883,4275
-1458,2883,4275
-1974,2540,5325
-1974,2540,5325
-1974,2540,5325
-1974,2540,5325
-1974,2540,5325
-1974,2540,5325
-1974,2540,5325
-1974,2540,5325
-1974,2540,5325
-2032,2052,6228
-2032,2052,6228
-2032,2052,6228
-2032,2052,6228
-2032,2052,6228
-2032,2052,6228
-2032,2052,6228
-2032,2052,6228
-2032,2052,6228
-1911,1914,6779
-1911,1914,6779
-1911,1914,6779
-1911,1914,6779
-1911,1914,6779
-1376,1735,8018
-1376,1735,8018
-1376,1735,8018
-1376,1735,8018
-1376,1735,8018
-1376,1735,8018
-1376,1735,8018
-1376,1735,8018
-1376,1735,8018
498,1602,9371
498,1602,9371
498,1602,9371
498,1602,9371
498,1602,9371
498,1602,9371
498,1602,9371
498,1602,9371
498,1602,9371
2088,1684,9540
2088,1684,9540
2088,1684,9540
2088,1684,9540
2088,1684,9540
2088,1684,9540
2088,1684,9540
2088,1684,9540
2088,1684,8789
3883,1711,8789
3883,1711,8789
3883,1711,8789
3883,1711,8789
3883,1711,8789
3883,1711,8789
3883,1711,8789
3883,1711,8789
3883,1711,8789
4947,2118,7567
4947,2118,7567
4947,2118,7567
4947,2118,7567
4947,2118,7567
4947,2118,7567
4947,2118,7567
4947,2118,7567
4947,2118,7567
5323,2468,6302
5323,2468,6302
5323,2468,6302
5323,2468,6302
5323,2468,6302
5323,2468,6302
5323,2468,6302
5323,2468,6302
5323,2468,6302
5222,2386,5558
5222,2386,5558
5222,2386,5558
5222,2386,5558
5222,2386,5558
5222,2386,5558
5222,2386,5558
5222,2386,5558
5222,2386,5558
5124,2303,5351
5124,2303,5351
5124,2303,5351
5124,2303,5351
5124,2303,5351
5124,2303,5351
5124,2303,5351
5124,2303,5351
5124,2303,5351
4946,2444,4805
4946,2444,4805
4946,2444,4805
4946,2444,4805
4946,2444,4805
4946,2444,4805
4946,2444,4805
4946,2444,4805
4946,2444,4805
3842,2663,3449
3842,2663,3449
3842,2663,3449
3842,2663,3449
3842,2663,3449
3842,2663,3449
3842,2663,3449
3842,2663,3449
3842,2663,3449
1807,2710,2732
1807,2710,2732
1807,2710,2732
1807,2710,2732
1807,2710,2732
1807,2710,2732
1807,2710,2732
1807,2710,2732
1807,2710,2732
1807,2710,2732
-159,2703,3186
-159,2703,3186
-159,2703,3186
-159,2703,3186
-159,2703,3186
-159,2703,3186
-159,2703,3186
-159,2703,3186
-1678,2575,4583
-1678,2575,4583
-1678,2575,4583
-1678,2575,4583
-1678,2575,4583
-1678,2575,4583
-1678,2575,4583
-1678,2575,4583
-1678,2575,4583
-1995,2378,5593
-1995,2378,5593
-1995,2378,5593
-1995,2378,5593
-1995,2378,5593
-1995,2378,5593
-1995,2378,5593
-1995,2378,5593
-1995,2378,5593
-1995,2378,5593
-1958,2121,6700
-1958,2121,6700
-1958,2121,6700
-1958,2121,6700
-1958,2121,6700
-1958,2121,6700
-1958,2121,6700
-1958,2121,6700
-1958,2121,6700
-1699,1974,7390
-1699,1974,7390
-1699,1974,7390
-1699,1974,7390
-1699,1974,7390
-1699,1974,7390
-1699,1974,7390
-1699,1974,7390
-1699,1974,7390
-1416,1937,7989
-1416,1937,7989
-1416,1937,7989
-1416,1937,7989
-1416,1937,7989
-1416,1937,7989
-1416,1937,7989
-1416,1937,7989
-1416,1937,7989
-790,1970,8692
-790,1970,8692
-790,1970,8692
-790,1970,8692
-790,1970,8692
-790,1970,8692
-790,1970,8692
-790,1970,8692
-790,1970,8692
-352,1897,8976
-352,1897,8976
-352,1897,8976
-352,1897,8976
-352,1897,8976
-352,1897,8976
-352,1897,8976
-352,1897,8976
-352,1897,8976
354,2032,9413
354,2032,9413
354,2032,9413
354,2032,9413
354,2032,9413
354,2032,9413
354,2032,9413
354,2032,9413
354,2032,9413
354,2032,9413
3167,1930,9254
3167,1930,9254
3167,1930,9254
3167,1930,9254
3167,1930,9254
3167,1930,9254
3167,1930,9254
3167,1930,9254
3167,1930,9254
4771,2022,7744
4771,2022,7744
4771,2022,7744
4771,2022,7744
4771,2022,7744
4771,2022,7744
4771,2022,7744
4771,2022,7744
4771,2022,7744
5165,2073,5817
5165,2073,5817
5165,2073,5817
5165,2073,5817
5165,2073,5817
5165,2073,5817
5165,2073,5817
5165,2073,5817
5165,2073,5817
4911,2332,4804
4911,2332,4804
4911,2332,4804
4911,2332,4804
4911,2332,4804
4911,2332,4804
4911,2332,4804
4911,2332,4804
4911,2590,4013
4402,2590,4013
4402,2590,4013
4402,2590,4013
4402,2590,4013
4402,2590,4013
4402,2590,4013
4402,2590,4013
4402,2590,4013
4002,2385,3625
4002,2385,3625
4002,2385,3625
4002,2385,3625
4002,2385,3625
4002,2385,3625
4002,2385,3625
4002,2385,3625
4002,2385,3625
4002,2385,3625
3454,2173,3334
3454,2173,3334
3454,2173,3334
3454,2173,3334
3454,2173,3334
3454,2173,3334
3454,2173,3334
3454,2173,3334
3454,2173,3334
3454,2173,3334
2898,2014,3088
2898,2014,3088
2898,2014,3088
2898,2014,3088
2898,2014,3088
2898,2014,3088
2898,2014,3088
2898,2014,3088
717,1867,3057
717,1867,3057
717,1867,3057
717,1867,3057
-562,1745,3703
-562,1745,3703
-562,1745,3703
-562,1745,3703
-562,1745,3703
-562,1745,3703
-562,1745,3703
-562,1745,3703
-562,1745,3703
-562,1745,3703
-1344,1598,4694
-1344,1598,4694
-1344,1598,4694
-1344,1598,4694
-1344,1598,4694
-1344,1598,4694
-1344,1598,4694
-1344,1598,4694
-1344,1598,4694
-1802,1680,6506
-1802,1680,6506
-1802,1680,6506
-1802,1680,6506
-1802,1680,6506
-1802,1680,6506
-1802,1680,6506
-1802,1680,6506
-1802,1680,6506
-1418,1606,7637
-1418,1606,7637
-1418,1606,7637
-1418,1606,7637
-1418,1606,7637
-1418,1606,7637
-1418,1606,7637
-1418,1606,7637
-1418,1606,7637
-845,1560,8413
-845,1560,8413
-845,1560,8413
-845,1560,8413
-845,1560,8413
-845,1560,8413
-845,1560,8413
-845,1560,8413
-147,1623,8963
-147,1623,8963
-147,1623,8963
-147,1623,8963
-147,1623,8963
-147,1623,8963
-147,1623,8963
-147,1623,8963
-147,1623,8963
-147,1623,8963
1622,1477,9378
1622,1477,9378
1622,1477,9378
1622,1477,9378
1622,1477,9378
1622,1477,9378
1622,1477,9378
1622,1477,9378
1622,1477,9378
1622,1226,8836
3380,1226,8836
3380,1226,8836
3380,1226,8836
3380,1226,8836
3380,1226,8836
3380,1226,8836
3380,1226,8836
3380,1226,8836
3380,1226,8836
4454,1027,7491
4454,1027,7491
4454,1027,7491
4454,1027,7491
4454,1027,7491
4454,1027,7491
4454,1027,7491
4454,1027,7491
4454,1027,7491
4797,1222,6102
4797,1222,6102
4797,1222,6102
4797,1222,6102
4797,1222,6102
4797,1222,6102
4797,1222,6102
4797,1222,6102
4797,1222,6102
4716,1377,5166
4716,1377,5166
4716,1377,5166
4716,1377,5166
4716,1377,5166
4716,1377,5166
4716,1377,5166
4716,1377,5166
4716,1377,5166
4363,1509,4405
4363,1509,4405
4363,1509,4405
4363,1509,4405
4363,1509,4405
4363,1509,4405
4363,1509,4405
4363,1509,4405
4363,1509,4405
3845,1766,3717
3845,1766,3717
3845,1766,3717
3845,1766,3717
3845,1766,3717
3845,1766,3717
3845,1766,3717
3845,1766,3717
3845,1766,3717
2578,1908,3056
2578,1908,3056
2578,1908,3056
2578,1908,3056
2578,1908,3056
2578,1908,3056
2578,1908,3056
2578,1908,3056
2578,1908,3056
2578,1908,3375
238,1650,3375
238,1650,3375
238,1650,3375
238,1650,3375
238,1650,3375
238,1650,3375
238,1650,3375
238,1650,3375
-1004,1408,4397
-1004,1408,4397
-1004,1408,4397
-1004,1408,4397
-1004,1408,4397
-1004,1408,4397
-1004,1408,4397
-1004,1408,4397
-1004,1408,4397
-1531,1302,5511
-1531,1302,5511
-1531,1302,5511
-1531,1302,5511
-1531,1302,5511
-1531,1302,5511
-1531,1302,5511
-1531,1302,5511
-1531,1302,5511
-1547,1323,6914
-1547,1323,6914
-1547,1323,6914
-1547,1323,6914
-1547,1323,6914
-1547,1323,6914
-1547,1323,6914
-1547,1323,6914
-1547,1323,6914
-1098,1383,7986
-1098,1383,7986
-1098,1383,7986
-1098,1383,7986
-1098,1383,7986
-1098,1383,7986
-1098,1383,7986
-1098,1383,7986
-1098,1383,7986
-1098,1383,7986
-706,1341,8437
-706,1341,8437
-706,1341,8437
-706,1341,8437
-706,1341,8437
-706,1341,8437
-706,1341,8437
-706,1341,8437
-706,1341,8437
-276,1468,8868
-276,1468,8868
-276,1468,8868
-276,1468,8868
-276,1468,8868
-276,1468,8868
-276,1468,8868
-276,1468,8868
-276,1468,8868
2016,1303,9330
2016,1303,9330
2016,1303,9330
2016,1303,9330
2016,1303,9330
2016,1303,9330
2016,1303,9330
2016,1303,9330
2016,1303,9330
3869,1143,8338
3869,1143,8338
3869,1143,8338
3869,1143,8338
3869,1143,8338
3869,1143,8338
3869,1143,8338
3869,1143,8338
3869,1143,8338
4750,1167,6441
4750,1167,6441
4750,1167,6441
4750,1167,6441
4750,1167,6441
4750,1167,6441
4750,1167,6441
4750,1167,6441
4750,1167,6441
4750,1167,6441
4744,1325,5509
4744,1325,5509
4744,1325,5509
4744,1325,5509
4744,1325,5509
4744,1325,5509
4744,1325,5509
4744,1325,5509
4388,1568,4480
4388,1568,4480
4388,1568,4480
4388,1568,4480
4388,1568,4480
4388,1568,4480
4388,1568,4480
4388,1568,4480
4388,1568,4480
4057,1720,4003
4057,1720,4003
4057,1720,4003
4057,1720,4003
4057,1720,4003
4057,1720,4003
4057,1720,4003
4057,1720,4003
4057,1720,4003
3168,2015,3305
3168,2015,3305
3168,2015,3305
3168,2015,3305
577,2124,3110
577,2124,3110
577,2124,3110
577,2124,3110
577,2124,3110
577,2124,3110
577,2124,3110
577,2124,3110
577,2124,3110
-1023,1889,4190
-1023,1889,4190
-1023,1889,4190
-1023,1889,4190
-1023,1889,4190
-1023,1889,4190
-1023,1889,4190
-1023,1889,4190
-1023,1889,4190
-1682,1709,5574
-1682,1709,5574
-1682,1709,5574
-1682,1709,5574
-1682,1709,5574
-1682,1709,5574
-1682,1709,5574
-1682,1709,5574
-1682,1709,5574
-1682,1709,5574
-1682,1544,6616
-1682,1544,6616
-1682,1544,6616
-1682,1544,6616
-1682,1544,6616
-1682,1544,6616
-1682,1544,6616
-1682,1544,6616
-1682,1544,6616
-1682,1544,6616
-1330,1366,7553
-1330,1366,7553
-1330,1366,7553
-1330,1366,7553
-1330,1366,7553
-1330,1366,7553
-1330,1366,7553
-1330,1366,7553
-1330,1366,7553
-783,1069,8069
-783,1069,8069
-783,1069,8069
-783,1069,8069
-783,1069,8069
-783,1069,8069
-783,1069,8069
-783,1069,8069
-783,1069,8069
79,1059,8835
79,1059,8835
79,1059,8835
79,1059,8835
79,1059,8835
79,1059,8835
79,1059,8835
79,1059,8835
3326,994,8637
3326,994,8637
3326,994,8637
3326,994,8637
3326,994,8637
3326,994,8637
3326,994,8637
3326,994,8637
3326,994,8637
4637,1319,7235
4637,1319,7235
4637,1319,7235
4637,1319,7235
4637,1319,7235
4637,1319,7235
4637,1319,7235
4637,1319,7235
4637,1319,7235
4637,1319,7235
4998,1748,6094
4998,1748,6094
4998,1748,6094
4998,1748,6094
4998,1748,6094
4998,1748,6094
4998,1748,6094
4998,1748,6094
4998,1748,6094
4803,2112,4956
4803,2112,4956
4803,2112,4956
4803,2112,4956
4803,2112,4956
4803,2112,4956
4803,2112,4956
4803,2112,4956
4803,2112,4956
4365,2232,4233
4365,2232,4233
4365,2232,4233
4365,2232,4233
4365,2232,4233
4365,2232,4233
4365,2232,4233
4365,2232,4233
4365,2232,4233
4034,2072,3854
4034,2072,3854
4034,2072,3854
4034,2072,3854
4034,2072,3854
4034,2072,3854
4034,2072,3854
4034,2072,3854
4034,2072,3854
1794,2162,2985
1794,2162,2985
1794,2162,2985
1794,2162,2985
1794,2162,2985
1794,2162,2985
1794,2162,2985
1794,2162,2985
1794,2162,2985
1794,2258,3564
-254,2258,3564
-254,2258,3564
-254,2258,3564
-254,2258,3564
-254,2258,3564
-254,2258,3564
-254,2258,3564
-254,2258,3564
-1377,2352,4566
-1377,2352,4566
-1377,2352,4566
-1377,2352,4566
-1377,2352,4566
-1377,2352,4566
-1377,2352,4566
-1377,2352,4566
-1377,2352,4566
-1377,2352,4566
-1865,2306,6249
-1865,2306,6249
-1865,2306,6249
-1865,2306,6249
-1865,2306,6249
-1865,2306,6249
-1865,2306,6249
-1865,2306,6249
-1865,2306,6249
-1471,2172,7725
-1471,2172,7725
-1471,2172,7725
-1471,2172,7725
-1471,2172,7725
-1471,2172,7725
-1471,2172,7725
-1471,2172,7725
-1471,2172,7725
-554,2019,8812
-554,2019,8812
-554,2019,8812
-554,2019,8812
-554,2019,8812
-554,2019,8812
-554,2019,8812
-554,2019,8812
-554,2019,8812
658,1954,9395
658,1954,9395
658,1954,9395
658,1954,9395
658,1954,9395
658,1954,9395
658,1954,9395
658,1954,9395
658,1954,9395
1604,2015,9538
1604,2015,9538
1604,2015,9538
1604,2015,9538
1604,2015,9538
1604,2015,9538
1604,2015,9538
1604,2015,9538
1604,2015,9538
1604,2015,9538
2590,2193,9435
2590,2193,9435
2590,2193,9435
2590,2193,9435
2590,2193,9435
2590,2193,9435
2590,2193,9435
2590,2193,9435
2590,2193,9435
3185,2481,9278
3185,2481,9278
3185,2481,9278
3185,2481,9278
3185,2481,9278
3185,2481,9278
3185,2481,9278
3185,2481,9278
3185,2481,9278
3536,2789,9092
3536,2789,9092
3536,2789,9092
3536,2789,9092
3536,2789,9092
3536,2789,9092
3536,2789,9092
3536,2789,9092
3536,2789,9092
3628,3066,9089
3628,3066,9089
3628,3066,9089
3628,3066,9089
3628,3066,9089
3628,3066,9089
3628,3066,9089
3628,3066,9089
3628,3066,9089
3627,3107,9038
3627,3107,9038
3627,3107,9038
3627,3107,9038
3627,3107,9038
3627,3107,9038
3627,3107,9038
3627,3107,9038
3627,3107,9038
3627,3107,9038
3767,2957,8932
3767,2957,8932
3767,2957,8932
3767,2957,8932
3767,2957,8932
3767,2957,8932
3767,2957,8932
3767,2957,8932
4112,2387,8684
4112,2387,8684
4112,2387,8684
4112,2387,8684
4112,2387,8684
4112,2387,8684
3374,1589,8972
3374,1589,8972
3374,1589,8972
3374,1589,8972
3374,1589,8972
3374,1589,8972
3374,1589,8972
3374,1589,8972
2431,1188,9141
2431,1188,9141
2431,1188,9141
2431,1188,9141
2431,1188,9141
2431,1188,9141
2431,1188,9141
2431,1188,9141
2431,1188,9141
1672,974,9100
1672,974,9100
1672,974,9100
1672,974,9100
1672,974,9100
1672,974,9100
1672,974,9100
1672,974,9100
1672,974,9100
1586,938,9094
1586,938,9094
1586,938,9094
1586,938,9094
1586,938,9094
1586,938,9094
1586,938,9094
1586,938,9094
1586,938,9094
1569,1024,9111
1569,1024,9111
1569,1024,9111
1569,1024,9111
1569,1024,9111
1569,1024,9111
1569,1024,9111
1569,1024,9111
1569,1024,9111
1521,1129,9159
1521,1129,9159
1521,1129,9159
1521,1129,9159
1521,1129,9159
1521,1129,9159
1521,1129,9159
1521,1129,9159
1521,1129,9159
1543,1251,9244
1543,1251,9244
1543,1251,9244
1543,1251,9244
1543,1251,9244
1543,1251,9244
1543,1251,9244
1543,1251,9244
1543,1251,9244
1543,1298,9292
1598,1298,9292
1598,1298,9292
1598,1298,9292
1598,1298,9292
1598,1298,9292
1598,1298,9292
1598,1298,9292
1598,1298,9292
1598,1298,9292
1572,1300,9310
1572,1300,9310
1572,1300,9310
1572,1300,9310
1572,1300,9310
1572,1300,9310
1572,1300,9310
1572,1300,9310
1525,1285,9269
1525,1285,9269
1525,1285,9269
1525,1285,9269
1525,1285,9269
1525,1285,9269
1525,1285,9269
1525,1285,9269
1525,1285,9269
1501,1394,9322
1501,1394,9322
1501,1394,9322
1501,1394,9322
1501,1394,9322
1501,1394,9322
1501,1394,9322
1501,1394,9322
1501,1394,9322
1501,1394,9322
1541,1397,9312
1541,1397,9312
1541,1397,9312
1541,1397,9312
1541,1397,9312
1541,1397,9312
1541,1397,9312
1541,1397,9312
1541,1397,9312
1561,1315,9298
1561,1315,9298
1561,1315,9298
1561,1315,9298
1561,1315,9298
1561,1315,9298
1561,1315,9298
1561,1315,9298
1561,1315,9298
1583,1316,9236
1583,1316,9236
1583,1316,9236
1583,1316,9236
1583,1316,9236
1583,1316,9236
1583,1316,9236
1583,1316,9236
1583,1316,9236
1582,1265,9281
1582,1265,9281
1582,1265,9281
1582,1265,9281
1582,1265,9281
1582,1265,9281
1582,1265,9281
1582,1265,9281
1582,1265,9281
1582,1265,9281
1641,1266,9312
1641,1266,9312
1641,1266,9312
1641,1266,9312
1641,1266,9312
1641,1266,9312
1641,1266,9312
1641,1266,9312
1641,1266,9312
1613,1323,9284
1613,1323,9284
1613,1323,9284
1613,1323,9284
1613,1323,9284
1613,1323,9284
1613,1323,9284
1613,1323,9284
1613,1323,9284
1594,1279,9253
1594,1279,9253
1594,1279,9253
1594,1279,9253
1594,1279,9253
1594,1279,9253
1594,1279,9253
1594,1279,9253
1594,1279,9253
1672,1328,9259
1672,1328,9259
1672,1328,9259
1672,1328,9259
1672,1328,9259
1672,1328,9259
1672,1328,9259
1672,1328,9259
1672,1328,9259
1755,1307,9322
1755,1307,9322
1755,1307,9322
1755,1307,9322
1755,1307,9322
1755,1307,9322
1755,1307,9322
1755,1307,9322
1879,1329,9334
1879,1329,9334
1879,1329,9334
1879,1329,9334
1879,1329,9334
1879,1329,9334
1879,1329,9334
1879,1329,9334
1879,1329,9334
1879,1329,9334
1908,1389,9360
1908,1389,9360
1908,1389,9360
1908,1389,9360
1908,1389,9360
1908,1389,9360
1908,1389,9360
1908,1389,9360
1908,1389,9360
1935,1422,9319
1935,1422,9319
1935,1422,9319
1935,1422,9319
1935,1422,9319
1935,1422,9319
1935,1422,9319
1935,1422,9319
1935,1422,9319
1992,1415,9356
1992,1415,9356
1992,1415,9356
1992,1415,9356
1992,1415,9356
1992,1415,9356
1992,1415,9356
1992,1415,9356
1992,1415,9356
1992,1415,9356
2468,1380,9265
2468,1380,9265
2468,1380,9265
2468,1380,9265
2468,1380,9265
2468,1380,9265
2468,1380,9265
2468,1380,9265
2468,1380,9265
2478,1375,9269
2478,1375,9269
2478,1375,9269
2478,1375,9269
2478,1375,9269
2478,1375,9269
2478,1375,9269
2478,1375,9269
2478,1375,9269
2181,1472,9316
2181,1472,9316
2181,1472,9316
2181,1472,9316
2181,1472,9316
2181,1472,9316
2181,1472,9316
2181,1472,9316
2181,1472,9316
2328,1641,9367
2328,1641,9367
2328,1641,9367
2328,1641,9367
2328,1641,9367
2328,1641,9367
2328,1641,9367
2328,1641,9367
2328,1641,9367
2328,1641,9367
2851,1911,9319
2851,1911,9319
2851,1911,9319
2851,1911,9319
3056,2143,9265
3056,2143,9265
3056,2143,9265
3056,2143,9265
3056,2143,9265
3056,2143,9265
3056,2143,9265
3056,2143,9265
3523,2227,9050
3523,2227,9050
3523,2227,9050
3523,2227,9050
3523,2227,9050
3523,2227,9050
3523,2227,9050
3523,2227,9050
3523,2227,9050
4550,2467,8010
4550,2467,8010
4550,2467,8010
4550,2467,8010
4550,2467,8010
4550,2467,8010
4550,2467,8010
4550,2467,8010
4550,2467,8010
4550,2467,8010
5159,2842,6233
5159,2842,6233
5159,2842,6233
5159,2842,6233
5159,2842,6233
5159,2842,6233
5159,2842,6233
5159,2842,6233
5159,2842,6233
4883,3179,5055
4883,3179,5055
4883,3179,5055
4883,3179,5055
4883,3179,5055
4883,3179,5055
4883,3179,5055
4883,3179,5055
4883,3179,5055
4390,3370,4242
4390,3370,4242
4390,3370,4242
4390,3370,4242
4390,3370,4242
4390,3370,4242
4390,3370,4242
4390,3370,4242
4390,3370,4242
3879,3449,3756
3879,3449,3756
3879,3449,3756
3879,3449,3756
3879,3449,3756
3879,3449,3756
3879,3449,3756
3879,3449,3756
3879,3449,3756
3879,3581,3359
3127,3581,3359
3127,3581,3359
3127,3581,3359
3127,3581,3359
3127,3581,3359
3127,3581,3359
3127,3581,3359
3127,3581,3359
3127,3581,3359
2378,3747,3190
2378,3747,3190
2378,3747,3190
2378,3747,3190
2378,3747,3190
2378,3747,3190
2378,3747,3190
2378,3747,3190
2378,3747,3190
1723,3977,3138
1723,3977,3138
1723,3977,3138
1723,3977,3138
1723,3977,3138
1723,3977,3138
1723,3977,3138
1723,3977,3138
1723,3977,3138
1058,4126,3215
1058,4126,3215
1058,4126,3215
1058,4126,3215
1058,4126,3215
1058,4126,3215
1058,4126,3215
1058,4126,3215
3,4262,3663
3,4262,3663
3,4262,3663
3,4262,3663
3,4262,3663
3,4262,3663
3,4262,3663
3,4262,3663
3,4262,3663
-1271,4134,4909
-1271,4134,4909
-1271,4134,4909
-1271,4134,4909
-1271,4134,4909
-1271,4134,4909
-1271,4134,4909
-1271,4134,4909
-1271,4134,4909
-1271,4134,4909
-1583,3686,7350
-1583,3686,7350
-1583,3686,7350
-1583,3686,7350
-1583,3686,7350
-1583,3686,7350
-1583,3686,7350
-1583,3686,7350
-433,3535,8912
-433,3535,8912
-433,3535,8912
-433,3535,8912
-433,3535,8912
-433,3535,8912
-433,3535,8912
-433,3535,8912
-433,3535,8912
-433,3535,8912
967,3716,9413
967,3716,9413
967,3716,9413
967,3716,9413
967,3716,9413
967,3716,9413
967,3716,9413
967,3716,9413
967,3716,9413
967,3716,9413
2398,3835,9365
2398,3835,9365
2398,3835,9365
2398,3835,9365
2398,3835,9365
2398,3835,9365
2398,3835,9365
2398,3835,9365
2398,3835,9365
3283,3941,9026
3283,3941,9026
3283,3941,9026
3283,3941,9026
3283,3941,9026
3283,3941,9026
3283,3941,9026
3283,3941,9026
3283,3941,9026
3696,3820,8804
3696,3820,8804
3696,3820,8804
3696,3820,8804
3696,3820,8804
3696,3820,8804
3696,3820,8804
3696,3820,8804
3696,3820,8804
4157,3740,8479
4157,3740,8479
4157,3740,8479
4157,3740,8479
4157,3740,8479
4157,3740,8479
4157,3740,8479
4157,3740,8479
4157,3740,8479
4325,3730,8323
4325,3730,8323
4325,3730,8323
4325,3730,8323
4325,3730,8323
4325,3730,8323
4325,3730,8323
4325,3730,8323
4325,3730,8323
4954,3877,6886
4954,3877,6886
4954,3877,6886
4954,3877,6886
4954,3877,6886
4954,3877,6886
4954,3877,6886
4954,3877,6886
4954,3877,6886
4615,3845,4650
4615,3845,4650
4615,3845,4650
4615,3845,4650
4615,3845,4650
4615,3845,4650
4615,3845,4650
4615,3845,4650
4615,3845,4650
3239,3867,3360
3239,3867,3360
3239,3867,3360
3239,3867,3360
3239,3867,3360
3239,3867,3360
3239,3867,3360
3239,3867,3360
3239,3867,3360
1776,4063,3048
1776,4063,3048
1776,4063,3048
1776,4063,3048
1776,4063,3048
1776,4063,3048
1776,4063,3048
1776,4063,3048
1776,4063,3048
840,4173,3231
840,4173,3231
840,4173,3231
840,4173,3231
840,4173,3231
840,4173,3231
840,4173,3231
840,4173,3231
840,4173,3231
422,4318,3445
422,4318,3445
422,4318,3445
422,4318,3445
422,4318,3445
422,4318,3445
422,4318,3445
422,4318,3445
422,4318,3445
-151,4304,3648
-151,4304,3648
-151,4304,3648
-151,4304,3648
-151,4304,3648
-151,4304,3648
-151,4304,3648
-151,4304,3648
-151,4304,3648
-151,4304,3648
-928,4122,4229
-928,4122,4229
-928,4122,4229
-928,4122,4229
-1449,4052,4956
-1449,4052,4956
-1449,4052,4956
-1449,4052,4956
-1449,4052,4956
-1449,4052,4956
-1449,4052,4956
-1449,4052,4956
-1449,4052,4956
-1600,4199,5561
-1600,4199,5561
-1600,4199,5561
-1600,4199,5561
-1600,4199,5561
-1600,4199,5561
-1600,4199,5561
-1600,4199,5561
-1600,4199,5561
-1605,4336,5753
-1605,4336,5753
-1605,4336,5753
-1605,4336,5753
-1605,4336,5753
-1605,4336,5753
-1605,4336,5753
-1605,4336,5753
-1539,4455,6401
-1539,4455,6401
-1539,4455,6401
-1539,4455,6401
-1539,4455,6401
-1539,4455,6401
-1539,4455,6401
-1539,4455,6401
-1539,4455,6401
-1539,4011,8122
-1117,4011,8122
-1117,4011,8122
-1117,4011,8122
-1117,4011,8122
-1117,4011,8122
-1117,4011,8122
-1117,4011,8122
-1117,4011,8122
969,3343,9515
969,3343,9515
969,3343,9515
969,3343,9515
969,3343,9515
969,3343,9515
969,3343,9515
969,3343,9515
969,3343,9515
969,3343,9515
2319,3166,9596
2319,3166,9596
2319,3166,9596
2319,3166,9596
2319,3166,9596
2319,3166,9596
2319,3166,9596
2319,3166,9596
2319,3166,9596
3354,3166,9248
3354,3166,9248
3354,3166,9248
3354,3166,9248
3354,3166,9248
3354,3166,9248
3354,3166,9248
3354,3166,9248
3354,3166,9248
3951,3353,8819
3951,3353,8819
3951,3353,8819
3951,3353,8819
3951,3353,8819
3951,3353,8819
3951,3353,8819
3951,3353,8819
3951,3353,8819
4488,3492,8269
4488,3492,8269
4488,3492,8269
4488,3492,8269
4488,3492,8269
4488,3492,8269
4488,3492,8269
4488,3492,8269
4488,3492,8269
4774,3533,7757
4774,3533,7757
4774,3533,7757
4774,3533,7757
4774,3533,7757
4774,3533,7757
4774,3533,7757
4774,3533,7757
4774,3533,7757
4774,3533,7757
4857,3603,7456
4857,3603,7456
4857,3603,7456
4857,3603,7456
4857,3603,7456
4857,3603,7456
4857,3603,7456
4857,3603,7456
4857,3603,7456
5022,3754,6891
5022,3754,6891
5022,3754,6891
5022,3754,6891
5022,3754,6891
5022,3754,6891
5022,3754,6891
5022,3754,6891
4918,4000,5562
4918,4000,5562
4918,4000,5562
4918,4000,5562
4918,4000,5562
4918,4000,5562
4918,4000,5562
4918,4000,5562
4918,4000,5562
4337,4024,4324
4337,4024,4324
4337,4024,4324
4337,4024,4324
4337,4024,4324
4337,4024,4324
4337,4024,4324
4337,4024,4324
4337,4024,4324
3821,4026,3779
3821,4026,3779
3821,4026,3779
3821,4026,3779
3821,4026,3779
3821,4026,3779
3821,4026,3779
3821,4026,3779
3821,4026,3779
3821,4026,3779
3333,4026,3428
3333,4026,3428
3333,4026,3428
3333,4026,3428
3333,4026,3428
3333,4026,3428
3333,4026,3428
3333,4026,3428
3333,4026,3428
2755,4112,3215
2755,4112,3215
2755,4112,3215
2755,4112,3215
2755,4112,3215
2755,4112,3215
2755,4112,3215
2755,4112,3215
2755,4112,3215
2129,4272,3145
2129,4272,3145
2129,4272,3145
2129,4272,3145
2129,4272,3145
2129,4272,3145
2129,4272,3145
2129,4272,3145
2129,4272,3145
1597,4415,3180
1597,4415,3180
1597,4415,3180
1597,4415,3180
1597,4415,3180
1597,4415,3180
1597,4415,3180
1597,4415,3180
1597,4415,3180
1023,4462,3288
1023,4462,3288
1023,4462,3288
1023,4462,3288
1023,4462,3288
1023,4462,3288
1023,4462,3288
1023,4462,3288
1023,4462,3288
1023,4462,3288
598,4612,3415
598,4612,3415
598,4612,3415
598,4612,3415
598,4612,3415
598,4612,3415
598,4612,3415
598,4612,3415
446,4718,3548
446,4718,3548
446,4718,3548
446,4718,3548
446,4718,3548
446,4718,3548
446,4718,3548
446,4718,3548
446,4718,3548
-291,4763,3988
-291,4763,3988
-291,4763,3988
-291,4763,3988
-291,4763,3988
-291,4763,3988
-291,4763,3988
-291,4763,3988
-291,4763,3988
-291,4763,3988
-1395,4320,4940
-1395,4320,4940
-1395,4320,4940
-1395,4320,4940
-1395,4320,4940
-1395,4320,4940
-1395,4320,4940
-1395,4320,4940
-1395,4320,4940
-1917,3772,6562
-1917,3772,6562
-1917,3772,6562
-1917,3772,6562
-1917,3772,6562
-1917,3772,6562
-1917,3772,6562
-1917,3772,6562
-1917,3772,6562
-1492,3453,7990
-1492,3453,7990
-1492,3453,7990
-1492,3453,7990
-1492,3453,7990
-1492,3453,7990
-1492,3453,7990
-1492,3453,7990
-1492,3453,7990
-877,3296,8798
-877,3296,8798
-877,3296,8798
-877,3296,8798
-877,3296,8798
-877,3296,8798
-476,3435,9047
-476,3435,9047
-476,3435,9047
-476,3435,9047
-476,3435,9047
-476,3435,9047
-476,3435,9047
-476,3435,9047
-41,3435,9294
-41,3435,9294
-41,3435,9294
-41,3435,9294
-41,3435,9294
-41,3435,9294
-41,3435,9294
-41,3435,9294
-41,3435,9294
40,3303,9333
40,3303,9333
40,3303,9333
40,3303,9333
40,3303,9333
40,3303,9333
40,3303,9333
40,3303,9333
40,3303,9333
600,3352,9560
600,3352,9560
600,3352,9560
600,3352,9560
600,3352,9560
600,3352,9560
600,3352,9560
600,3352,9560
600,3352,9560
958,3417,9598
958,3417,9598
958,3417,9598
958,3417,9598
958,3417,9598
958,3417,9598
958,3417,9598
958,3417,9598
1357,3459,9675
1357,3459,9675
1357,3459,9675
1357,3459,9675
1357,3459,9675
1357,3459,9675
1357,3459,9675
1357,3459,9675
1357,3459,9675
2414,3477,9592
2414,3477,9592
2414,3477,9592
2414,3477,9592
2414,3477,9592
2414,3477,9592
2414,3477,9592
2414,3477,9592
2414,3477,9592
2414,3477,9592
4126,3359,8734
4126,3359,8734
4126,3359,8734
4126,3359,8734
4126,3359,8734
4126,3359,8734
4126,3359,8734
4126,3359,8734
4126,3359,8734
4126,3210,7127
5161,3210,7127
5161,3210,7127
5161,3210,7127
5161,3210,7127
5161,3210,7127
5161,3210,7127
5161,3210,7127
5161,3210,7127
5161,3210,7127
5240,3176,5822
5240,3176,5822
5240,3176,5822
5240,3176,5822
5240,3176,5822
5240,3176,5822
5240,3176,5822
5240,3176,5822
5240,3176,5822
4829,3076,4515
4829,3076,4515
4829,3076,4515
4829,3076,4515
4829,3076,4515
4829,3076,4515
4829,3076,4515
4829,3076,4515
4829,3076,4515
4289,3003,3817
4289,3003,3817
4289,3003,3817
4289,3003,3817
4289,3003,3817
4289,3003,3817
4289,3003,3817
4289,3003,3817
4289,3003,3817
3574,3130,3341
3574,3130,3341
3574,3130,3341
3574,3130,3341
3574,3130,3341
3574,3130,3341
3574,3130,3341
3574,3130,3341
3574,3130,3341
3130,3070,3044
3130,3070,3044
3130,3070,3044
3130,3070,3044
3130,3070,3044
3130,3070,3044
3130,3070,3044
3130,3070,3044
3130,3070,3044
2556,3080,2903
2556,3080,2903
2556,3080,2903
2556,3080,2903
2556,3080,2903
2556,3080,2903
2556,3080,2903
2556,3080,2903
2556,3080,2903
1906,3259,2770
1906,3259,2770
1906,3259,2770
1906,3259,2770
1906,3259,2770
1906,3259,2770
1906,3259,2770
1906,3259,2770
1906,3259,2770
1467,3403,2754
1467,3403,2754
1467,3403,2754
1467,3403,2754
1467,3403,2754
1467,3403,2754
1467,3403,2754
1467,3403,2754
1467,3403,2754
-370,3451,3347
-370,3451,3347
-370,3451,3347
-370,3451,3347
-370,3451,3347
-370,3451,3347
-370,3451,3347
-370,3451,3347
-370,3451,3347
-1903,3085,5220
-1903,3085,5220
-1903,3085,5220
-1903,3085,5220
-1903,3085,5220
-1903,3085,5220
-1903,3085,5220
-1903,3085,5220
-1903,3085,5220
-2045,2564,6777
-2045,2564,6777
-2045,2564,6777
-2045,2564,6777
-2045,2564,6777
-2045,2564,6777
-2045,2564,6777
-2045,2564,6777
-2045,2564,6777
-2045,2564,6777
-1574,2146,7850
-1574,2146,7850
-1574,2146,7850
-1574,2146,7850
-1574,2146,7850
-1574,2146,7850
-1574,2146,7850
-1574,2146,7850
-1574,2146,7850
-948,2132,8587
-948,2132,8587
-948,2132,8587
-948,2132,8587
-948,2132,8587
-948,2132,8587
-948,2132,8587
-948,2132,8587
-948,2132,8587
-416,2113,9003
-416,2113,9003
-416,2113,9003
-416,2113,9003
-416,2113,9003
-416,2113,9003
-416,2113,9003
-416,2113,9003
-416,2113,9003
-416,2113,9003
-69,2002,9242
-69,2002,9242
-69,2002,9242
-69,2002,9242
-69,2002,9242
-69,2002,9242
-69,2002,9242
-69,2002,9242
-69,2002,9242
387,1988,9402
387,1988,9402
387,1988,9402
387,1988,9402
387,1988,9402
387,1988,9402
387,1988,9402
387,1988,9402
580,1889,9382
580,1889,9382
580,1889,9382
580,1889,9382
580,1889,9382
580,1889,9382
580,1889,9382
580,1889,9382
580,1889,9382
893,1808,9483
893,1808,9483
893,1808,9483
893,1808,9483
893,1808,9483
893,1808,9483
893,1808,9483
893,1808,9483
893,1808,9483
1968,1735,9450
1968,1735,9450
1968,1735,9450
1968,1735,9450
1968,1735,9450
1968,1735,9450
1968,1735,9450
1968,1735,9450
1968,1735,9450
1968,1735,9004
3238,1524,9004
3238,1524,9004
3238,1524,9004
3238,1524,9004
3238,1524,9004
4527,1334,7490
4527,1334,7490
4527,1334,7490
4527,1334,7490
4527,1334,7490
4527,1334,7490
4527,1334,7490
4527,1334,7490
4763,1361,6387
4763,1361,6387
4763,1361,6387
4763,1361,6387
4763,1361,6387
4763,1361,6387
4763,1361,6387
4763,1361,6387
4763,1361,6387
4633,1358,5245
4633,1358,5245
4633,1358,5245
4633,1358,5245
4633,1358,5245
4633,1358,5245
4633,1358,5245
4633,1358,5245
4633,1358,5245
4633,1358,5245
3908,1751,3890
3908,1751,3890
3908,1751,3890
3908,1751,3890
3908,1751,3890
3908,1751,3890
3908,1751,3890
3908,1751,3890
3908,1751,3890
3399,1904,3467
3399,1904,3467
3399,1904,3467
3399,1904,3467
3399,1904,3467
3399,1904,3467
3399,1904,3467
3399,1904,3467
3399,1904,3467
2824,1796,3234
2824,1796,3234
2824,1796,3234
2824,1796,3234
2824,1796,3234
2824,1796,3234
2824,1796,3234
2824,1796,3234
2824,1796,3234
2128,1895,3019
2128,1895,3019
2128,1895,3019
2128,1895,3019
2128,1895,3019
2128,1895,3019
2128,1895,3019
2128,1895,3019
1681,1915,2980
1681,1915,2980
1681,1915,2980
1681,1915,2980
1681,1915,2980
1681,1915,2980
1681,1915,2980
1681,1915,2980
1681,1915,2980
928,2071,2969
928,2071,2969
928,2071,2969
928,2071,2969
928,2071,2969
928,2071,2969
928,2071,2969
928,2071,2969
928,2071,2969
-1000,1889,4157
-1000,1889,4157
-1000,1889,4157
-1000,1889,4157
-1000,1889,4157
-1000,1889,4157
-1000,1889,4157
-1000,1889,4157
-1000,1889,4157
-1547,1252,6588
-1547,1252,6588
-1547,1252,6588
-1547,1252,6588
-1547,1252,6588
-1547,1252,6588
-1547,1252,6588
-1547,1252,6588
-1547,1252,6588
-1547,1252,6588
-517,857,8202
-517,857,8202
-517,857,8202
-517,857,8202
-517,857,8202
-517,857,8202
-517,857,8202
-517,857,8202
-517,857,8202
-517,857,8202
332,754,8693
332,754,8693
332,754,8693
332,754,8693
332,754,8693
332,754,8693
332,754,8693
332,754,8693
332,754,8693
718,663,8704
718,663,8704
718,663,8704
718,663,8704
718,663,8704
718,663,8704
718,663,8704
718,663,8704
718,663,8704
1094,502,8636
1094,502,8636
1094,502,8636
1094,502,8636
1094,502,8636
1094,502,8636
1094,502,8636
1094,502,8636
1094,502,8636
1248,207,8379
1248,207,8379
1248,207,8379
1248,207,8379
1248,207,8379
1248,207,8379
1248,207,8379
1248,207,8379
1248,207,8379
1302,-79,7977
1302,-79,7977
1302,-79,7977
1302,-79,7977
1302,-79,7977
1302,-79,7977
1302,-79,7977
1302,-79,7977
1302,-79,7428
1636,-357,7428
1636,-357,7428
1636,-357,7428
1636,-357,7428
1636,-357,7428
1636,-357,7428
1636,-357,7428
1636,-357,7428
1636,-357,7428
1910,-561,6607
1910,-561,6607
1910,-561,6607
1910,-561,6607
1910,-561,6607
1910,-561,6607
1910,-561,6607
1910,-561,6607
1910,-561,6607
1695,-621,5886
1695,-621,5886
1695,-621,5886
1695,-621,5886
1695,-621,5886
1695,-621,5886
1695,-621,5886
1695,-621,5886
1695,-621,5886
1125,-577,5713
1125,-577,5713
1125,-577,5713
1125,-577,5713
1125,-577,5713
1125,-577,5713
1125,-577,5713
1125,-577,5713
1125,-577,5713
767,-512,5919
767,-512,5919
767,-512,5919
767,-512,5919
767,-512,5919
767,-512,5919
767,-512,5919
767,-512,5919
767,-512,5919
644,-508,6211
644,-508,6211
644,-508,6211
644,-508,6211
644,-508,6211
644,-508,6211
644,-508,6211
644,-508,6211
644,-508,6211
711,-490,6277
711,-490,6277
711,-490,6277
711,-490,6277
711,-490,6277
711,-490,6277
711,-490,6277
711,-490,6277
711,-490,6277
711,-490,6277
972,-559,6676
972,-559,6676
972,-559,6676
972,-559,6676
972,-559,6676
972,-559,6676
972,-559,6676
972,-559,6676
972,-559,6676
1120,-564,6696
1120,-564,6696
1120,-564,6696
1120,-564,6696
1120,-564,6696
1120,-564,6696
1120,-564,6696
1120,-564,6696
1120,-564,6696
1110,-556,6498
1110,-556,6498
1110,-556,6498
1110,-556,6498
1110,-556,6498
1110,-556,6498
1110,-556,6498
1110,-556,6498
1110,-556,6498
925,-545,6304
925,-545,6304
925,-545,6304
925,-545,6304
925,-545,6304
925,-545,6304
925,-545,6304
925,-545,6304
925,-545,6304
743,-553,6078
743,-553,6078
743,-553,6078
743,-553,6078
743,-553,6078
743,-553,6078
743,-553,6078
743,-553,6078
743,-553,6078
867,-546,6345
867,-546,6345
867,-546,6345
867,-546,6345
1191,-570,6758
1191,-570,6758
1191,-570,6758
1191,-570,6758
1191,-570,6758
1191,-570,6758
1191,-570,6758
1191,-570,6758
1191,-570,6758
1317,-514,7074
1317,-514,7074
1317,-514,7074
1317,-514,7074
1317,-514,7074
1317,-514,7074
1317,-514,7074
1317,-514,7074
1317,-514,7074
1607,-474,7334
1607,-474,7334
1607,-474,7334
1607,-474,7334
1607,-474,7334
1607,-474,7334
1607,-474,7334
1607,-474,7334
1607,-474,7334
1607,-474,7334
1900,-452,7430
1900,-452,7430
1900,-452,7430
1900,-452,7430
1900,-452,7430
1900,-452,7430
1900,-452,7430
1900,-452,7430
2189,-458,7206
2189,-458,7206
2189,-458,7206
2189,-458,7206
2189,-458,7206
2189,-458,7206
2189,-458,7206
2189,-458,7206
2189,-458,7206
2189,-458,7206
2507,-424,6993
2507,-424,6993
2507,-424,6993
2507,-424,6993
2507,-424,6993
2507,-424,6993
2507,-424,6993
2507,-424,6993
2507,-424,6993
2507,-424,6993
2745,-401,6900
2745,-401,6900
2745,-401,6900
2745,-401,6900
2745,-401,6900
2745,-401,6900
2745,-401,6900
2745,-401,6900
3231,-276,6274
3231,-276,6274
3231,-276,6274
3231,-276,6274
3231,-276,6274
3231,-276,6274
3231,-276,6274
3231,-276,6274
3231,-276,6274
2618,-306,4996
2618,-306,4996
2618,-306,4996
2618,-306,4996
2618,-306,4996
2618,-306,4996
2618,-306,4996
2618,-306,4996
2618,-306,4996
1460,-265,4718
1460,-265,4718
1460,-265,4718
1460,-265,4718
1460,-265,4718
1460,-265,4718
1460,-265,4718
1460,-265,4718
1460,-265,4718
795,-91,4553
795,-91,4553
795,-91,4553
795,-91,4553
795,-91,4553
795,-91,4553
795,-91,4553
795,-91,4553
795,-91,4553
608,180,4289
608,180,4289
608,180,4289
608,180,4289
608,180,4289
608,180,4289
608,180,4289
608,180,4289
608,180,4289
608,180,4289
-292,365,4478
-292,365,4478
-292,365,4478
-292,365,4478
-292,365,4478
-292,365,4478
-292,365,4478
-292,365,4478
-292,365,4478
-820,694,4633
-820,694,4633
-820,694,4633
-820,694,4633
-820,694,4633
-820,694,4633
-820,694,4633
-820,694,4633
-820,694,4633
-1092,649,5167
-1092,649,5167
-1092,649,5167
-1092,649,5167
-1092,649,5167
-1092,649,5167
-1092,649,5167
-1092,649,5167
-1092,649,5167
-1186,674,5533
-1186,674,5533
-1186,674,5533
-1186,674,5533
-1186,674,5533
-1186,674,5533
-1186,674,5533
-1186,674,5533
-1186,674,5533
-124,322,8087
-124,322,8087
-124,322,8087
-124,322,8087
-124,322,8087
-124,322,8087
-124,322,8087
-124,322,8087
1783,171,8477
1783,171,8477
1783,171,8477
1783,171,8477
1783,171,8477
1783,171,8477
1783,171,8477
1783,171,8477
1783,171,8477
1783,171,8477
2145,233,8421
2145,233,8421
2145,233,8421
2145,233,8421
2145,233,8421
2145,233,8421
2145,233,8421
2145,233,8421
2145,233,8421
2745,406,8541
2745,406,8541
2745,406,8541
2745,406,8541
2745,406,8541
2745,406,8541
2745,406,8541
2745,406,8541
2745,406,8541
3090,400,8247
3090,400,8247
3090,400,8247
3090,400,8247
3090,400,8247
3090,400,8247
3090,400,8247
3090,400,8247
3090,400,8247
3090,400,8247
3517,481,7934
3517,481,7934
3517,481,7934
3517,481,7934
3517,481,7934
3517,481,7934
3517,481,7934
3517,481,7934
3517,481,7934
4373,736,5729
4373,736,5729
4373,736,5729
4373,736,5729
4373,736,5729
4373,736,5729
4373,736,5729
4373,736,5729
4373,736,5729
2742,789,3726
2742,789,3726
2742,789,3726
2742,789,3726
2742,789,3726
2742,789,3726
2742,789,3726
2742,789,3726
2742,789,3726
2171,964,3419
2171,964,3419
2171,964,3419
2171,964,3419
2171,964,3419
2171,964,3419
2171,964,3419
2171,964,3419
2171,964,3419
1201,1227,3238
1201,1227,3238
1201,1227,3238
1201,1227,3238
1201,1227,3238
1201,1227,3238
1201,1227,3238
1201,1227,3238
1201,1227,3238
480,1373,3330
480,1373,3330
480,1373,3330
480,1373,3330
480,1373,3330
480,1373,3330
480,1373,3330
480,1373,3330
-84,1322,3578
-84,1322,3578
-84,1322,3578
-84,1322,3578
-84,1322,3578
-84,1322,3578
-84,1322,3578
-84,1322,3578
-84,1322,3578
-84,1322,3578
-964,1400,4381
-964,1400,4381
-964,1400,4381
-964,1400,4381
-964,1400,4381
-964,1400,4381
-964,1400,4381
-781,911,8031
-781,911,8031
-781,911,8031
-781,911,8031
-781,911,8031
-781,911,8031
-781,824,8550
21,824,8550
21,824,8550
21,824,8550
21,824,8550
21,824,8550
21,824,8550
21,824,8550
21,824,8550
21,824,8550
642,981,8975
642,981,8975
642,981,8975
642,981,8975
642,981,8975
642,981,8975
642,981,8975
642,981,8975
642,981,8975
1093,923,9103
1093,923,9103
1093,923,9103
1093,923,9103
1093,923,9103
1093,923,9103
1093,923,9103
1093,923,9103
1093,923,9103
1564,774,9081
1564,774,9081
1564,774,9081
1564,774,9081
1564,774,9081
1564,774,9081
1564,774,9081
1564,774,9081
1564,774,9081
2256,655,8858
2256,655,8858
2256,655,8858
2256,655,8858
2256,655,8858
2256,655,8858
2256,655,8858
2256,655,8858
2256,655,8858
4370,594,6311
4370,594,6311
4370,594,6311
4370,594,6311
4370,594,6311
4370,594,6311
4370,594,6311
4370,594,6311
4370,594,6311
3681,433,4646
3681,433,4646
3681,433,4646
3681,433,4646
3681,433,4646
3681,433,4646
3681,433,4646
3681,433,4646
3681,433,4646
3413,710,4051
3413,710,4051
3413,710,4051
3413,710,4051
3413,710,4051
3413,710,4051
3413,710,4051
3413,710,4051
3413,710,4051
2560,1061,3433
2560,1061,3433
2560,1061,3433
2560,1061,3433
2560,1061,3433
2560,1061,3433
2560,1061,3433
2560,1061,3433
2560,1061,3433
2178,1085,3266
2178,1085,3266
2178,1085,3266
2178,1085,3266
2178,1085,3266
2178,1085,3266
2178,1085,3266
2178,1085,3266
2178,1085,3266
2178,1085,3266
1691,1178,3183
1691,1178,3183
1691,1178,3183
1691,1178,3183
1691,1178,3183
1691,1178,3183
1691,1178,3183
1691,1178,3183
1691,1178,3183
-842,730,4732
-842,730,4732
-842,730,4732
-842,730,4732
-842,730,4732
-842,730,4732
-842,730,4732
-842,730,4732
-842,730,4732
-706,98,6393
-706,98,6393
-706,98,6393
-706,98,6393
-706,98,6393
-706,98,6393
-706,98,6393
-706,98,6393
-706,98,6393
-285,-17,7426
-285,-17,7426
-285,-17,7426
-285,-17,7426
-285,-17,7426
-285,-17,7426
-285,-17,7426
-285,-17,7426
-285,-17,7426
133,118,7917
133,118,7917
133,118,7917
133,118,7917
133,118,7917
133,118,7917
133,118,7917
133,118,7917
133,118,7917
133,118,7917
91,163,7974
91,163,7974
91,163,7974
91,163,7974
91,163,7974
91,163,7974
91,163,7974
91,163,7974
91,163,7974
739,227,8442
739,227,8442
739,227,8442
739,227,8442
739,227,8442
739,227,8442
739,227,8442
739,227,8442
739,227,8442
3015,-32,7761
3015,-32,7761
3015,-32,7761
3015,-32,7761
3015,-32,7761
3015,-32,7761
3015,-32,7761
3015,-32,7761
3438,-139,6405
3438,-139,6405
3438,-139,6405
3438,-139,6405
3438,-139,6405
3438,-139,6405
3438,-139,6405
3438,-139,6405
3438,-139,6405
3290,0,5096
3290,0,5096
3290,0,5096
3290,0,5096
3290,0,5096
3290,0,5096
3290,0,5096
3290,0,5096
3290,0,5096
3015,113,4696
3015,113,4696
3015,113,4696
3015,113,4696
3015,113,4696
3015,113,4696
3015,113,4696
3015,113,4696
3015,113,4696
3015,113,4696
2652,187,4303
2652,187,4303
2652,187,4303
2652,187,4303
2652,187,4303
2652,187,4303
2652,187,4303
2652,187,4303
2652,187,4303
2298,34,4399
2298,34,4399
2298,34,4399
2298,34,4399
2298,34,4399
2298,34,4399
2298,34,4399
2298,34,4399
2298,34,4399
2298,34,4399
1595,-234,4750
1595,-234,4750
1595,-234,4750
1595,-234,4750
1595,-234,4750
1595,-234,4750
1595,-234,4750
1595,-234,4750
1595,-234,4750
716,-362,5434
716,-362,5434
716,-362,5434
716,-362,5434
716,-362,5434
716,-362,5434
716,-362,5434
716,-362,5434
716,-362,5434
1013,-541,5993
1013,-541,5993
1013,-541,5993
1013,-541,5993
1013,-541,5993
1013,-541,5993
1013,-541,5993
1013,-541,5993
1013,-541,5993
1476,-581,6221
1476,-581,6221
1476,-581,6221
1476,-581,6221
1476,-581,6221
1476,-581,6221
1476,-581,6221
1476,-581,6221
1476,-581,6221
1691,-606,6264
1691,-606,6264
1691,-606,6264
1691,-606,6264
1691,-606,6264
1691,-606,6264
1691,-606,6264
1691,-606,6264
1559,-621,6237
1559,-621,6237
1559,-621,6237
1559,-621,6237
1559,-621,6237
1559,-621,6237
1559,-621,6237
1559,-621,6237
1559,-621,6237
1559,-621,6237
1148,-595,6520
1148,-595,6520
1148,-595,6520
1306,-551,7010
1306,-551,7010
1306,-551,7010
1306,-551,7010
1306,-551,7010
1306,-551,7010
1306,-551,7010
1306,-551,7010
1306,-551,7010
1306,-551,7010
2155,-557,6598
2155,-557,6598
2155,-557,6598
2155,-557,6598
2155,-557,6598
2155,-557,6598
2155,-557,6598
2155,-557,6598
2155,-557,6598
2155,-557,6598
2285,-570,6609
2285,-570,6609
2285,-570,6609
2285,-570,6609
2285,-570,6609
2285,-570,6609
2285,-570,6609
2285,-570,6609
2285,-570,6609
2405,-501,6527
2405,-501,6527
2405,-501,6527
2405,-501,6527
2405,-501,6527
2405,-501,6527
2405,-501,6527
2405,-501,6527
2405,-501,6527
2487,-480,5993
2487,-480,5993
2487,-480,5993
2487,-480,5993
2487,-480,5993
2487,-480,5993
2487,-480,5993
2487,-480,5993
2487,-480,5993
2144,-377,5224
2144,-377,5224
2144,-377,5224
2144,-377,5224
2144,-377,5224
2144,-377,5224
2144,-377,5224
2144,-377,5224
2144,-377,5224
1696,-176,4645
1696,-176,4645
1696,-176,4645
1696,-176,4645
1696,-176,4645
1696,-176,4645
1696,-176,4645
1696,-176,4645
1696,-176,4645
1794,46,4335
1794,46,4335
1794,46,4335
1794,46,4335
1794,46,4335
1794,46,4335
1794,46,4335
1794,46,4335
1794,46,4335
1801,436,3783
1801,436,3783
1801,436,3783
1801,436,3783
1801,436,3783
1801,436,3783
1801,436,3783
1801,436,3783
1801,436,3783
2279,1415,3233
2279,1415,3233
2279,1415,3233
2279,1415,3233
2279,1415,3233
2279,1415,3233
2279,1415,3233
2279,1415,3233
2279,1415,3233
2292,2656,2941
2292,2656,2941
2292,2656,2941
2292,2656,2941
2292,2656,2941
2292,2656,2941
2292,2656,2941
2292,2656,2941
2292,2656,2941
1627,3893,3172
1627,3893,3172
1627,3893,3172
1627,3893,3172
1627,3893,3172
1627,3893,3172
1627,3893,3172
1627,3893,3172
1627,3893,3172
1627,3893,3172
1194,4973,3772
1194,4973,3772
1194,4973,3772
1194,4973,3772
1194,4973,3772
1194,4973,3772
1194,4973,3772
1194,4973,3772
1088,5726,4555
1088,5726,4555
1088,5726,4555
1088,5726,4555
1088,5726,4555
1088,5726,4555
1088,5726,4555
1088,5726,4555
1088,5726,4555
1088,5726,4555
1514,6127,5310
1514,6127,5310
1514,6127,5310
1514,6127,5310
1514,6127,5310
1514,6127,5310
1514,6127,5310
1514,6127,5310
1514,6127,5310
2279,6198,6306
2279,6198,6306
2279,6198,6306
2279,6198,6306
2279,6198,6306
2279,6198,6306
2279,6198,6306
2279,6198,6306
2279,6198,6306
2279,6198,6306
2868,5852,7277
2868,5852,7277
2868,5852,7277
2868,5852,7277
2868,5852,7277
2868,5852,7277
2868,5852,7277
2868,5852,7277
2868,5852,7277
3308,5100,8234
3308,5100,8234
3308,5100,8234
3308,5100,8234
3308,5100,8234
3308,5100,8234
3308,5100,8234
3308,5100,8234
3601,4139,8831
3601,4139,8831
3601,4139,8831
3601,4139,8831
3601,4139,8831
3601,4139,8831
3601,4139,8831
3601,4139,8831
3601,4139,8831
3592,3021,9181
3592,3021,9181
3592,3021,9181
3592,3021,9181
3592,3021,9181
3592,3021,9181
3592,3021,9181
3592,3021,9181
3592,3021,9181
2972,1935,9332
2972,1935,9332
2972,1935,9332
2972,1935,9332
2972,1935,9332
2972,1935,9332
2972,1935,9332
2972,1935,9332
2972,1935,9332
2291,1036,9137
2291,1036,9137
2291,1036,9137
2291,1036,9137
2291,1036,9137
2291,1036,9137
2291,1036,9137
2291,1036,9137
2291,1036,9137
2291,163,8447
1470,163,8447
1470,163,8447
1470,163,8447
1470,163,8447
1470,163,8447
1470,163,8447
1470,163,8447
1470,163,8447
1470,163,8447
791,-440,7017
791,-440,7017
791,-440,7017
791,-440,7017
791,-440,7017
791,-440,7017
791,-440,7017
791,-440,7017
791,-440,7017
484,-299,5364
484,-299,5364
484,-299,5364
484,-299,5364
484,-299,5364
484,-299,5364
484,-299,5364
484,-299,5364
327,623,3915
327,623,3915
327,623,3915
327,623,3915
327,623,3915
327,623,3915
327,623,3915
327,623,3915
327,623,3915
327,623,3915
444,2057,3111
444,2057,3111
444,2057,3111
444,2057,3111
444,2057,3111
444,2057,3111
444,2057,3111
444,2057,3111
444,2057,3111
444,2057,3111
410,3427,3074
410,3427,3074
410,3427,3074
410,3427,3074
410,3427,3074
410,3427,3074
410,3427,3074
410,3427,3074
410,3427,3074
72,4724,3766
72,4724,3766
72,4724,3766
72,4724,3766
72,4724,3766
72,4724,3766
-89,5614,4998
-89,5614,4998
-89,5614,4998
-89,5614,4998
-89,5614,4998
-89,5614,4998
-175,5879,6028
-175,5879,6028
-175,5879,6028
-175,5879,6028
-175,5879,6028
-175,5879,6028
-175,5879,6028
-175,5879,6028
-175,5879,6028
-290,5786,6597
-290,5786,6597
-290,5786,6597
-290,5786,6597
-290,5786,6597
-290,5786,6597
-290,5786,6597
-290,5786,6597
-290,5786,6597
-477,5580,6906
-477,5580,6906
-477,5580,6906
-477,5580,6906
-477,5580,6906
-477,5580,6906
-477,5580,6906
-477,5580,6906
-477,5580,6906
-477,5580,6906
-564,5350,7431
-564,5350,7431
-564,5350,7431
-564,5350,7431
-564,5350,7431
-564,5350,7431
-564,5350,7431
-564,5350,7431
-564,5350,7431
-492,4950,8155
-492,4950,8155
-492,4950,8155
-492,4950,8155
-492,4950,8155
-492,4950,8155
-492,4950,8155
-492,4950,8155
-492,4950,8155
-512,4152,8706
-512,4152,8706
-512,4152,8706
-512,4152,8706
-512,4152,8706
-512,4152,8706
-512,4152,8706
-512,4152,8706
-512,4152,8706
-755,3104,8868
-755,3104,8868
-755,3104,8868
-755,3104,8868
-755,3104,8868
-755,3104,8868
-755,3104,8868
-755,3104,8868
-755,3104,8868
-910,1941,8650
-910,1941,8650
-910,1941,8650
-910,1941,8650
-910,1941,8650
-910,1941,8650
-910,1941,8650
-910,1941,8650
-910,1941,8650
-910,1941,8650
-891,961,8092
-891,961,8092
-891,961,8092
-891,961,8092
-891,961,8092
-891,961,8092
-891,961,8092
-891,961,8092
-891,961,8092
-673,439,7537
-673,439,7537
-673,439,7537
-673,439,7537
-673,439,7537
-673,439,7537
-673,439,7537
-673,439,7537
-673,439,7537
-501,210,7377
-501,210,7377
-501,210,7377
-501,210,7377
-501,210,7377
-501,210,7377
-501,210,7377
-501,210,7377
-501,210,7377
-414,10,6976
-414,10,6976
-414,10,6976
-414,10,6976
-414,10,6976
-414,10,6976
-414,10,6976
-414,10,6976
-414,10,6976
-147,-214,6295
-147,-214,6295
-147,-214,6295
-147,-214,6295
-147,-214,6295
-147,-214,6295
-147,-214,6295
-147,-214,6295
-147,-214,6295
258,-202,5265
258,-202,5265
258,-202,5265
258,-202,5265
258,-202,5265
258,-202,5265
258,-202,5265
258,-202,5265
258,-202,5265
918,208,4164
918,208,4164
918,208,4164
918,208,4164
918,208,4164
918,208,4164
918,208,4164
918,208,4164
918,208,4164
1728,1033,3390
1728,1033,3390
1728,1033,3390
1728,1033,3390
1728,1033,3390
1728,1033,3390
1728,1033,3390
1728,1033,3390
1728,1033,3390
1742,1773,3073
1742,1773,3073
1742,1773,3073
1742,1773,3073
1742,1773,3073
1742,1773,3073
1742,1773,3073
1742,1773,3073
1742,1773,3073
1742,2527,2883
1059,2527,2883
1059,2527,2883
1059,2527,2883
1059,2527,2883
1059,2527,2883
1059,2527,2883
1059,2527,2883
1059,2527,2883
1059,2527,2883
596,3359,3006
596,3359,3006
596,3359,3006
596,3359,3006
596,3359,3006
596,3359,3006
596,3359,3006
596,3359,3006
-400,4080,3758
-400,4080,3758
-400,4080,3758
-400,4080,3758
-400,4080,3758
-400,4080,3758
-400,4080,3758
-400,4080,3758
-400,4080,3758
-924,4661,4612
-924,4661,4612
-924,4661,4612
-924,4661,4612
-924,4661,4612
-924,4661,4612
-924,4661,4612
-924,4661,4612
-924,4661,4612
-924,4661,4612
-1147,5048,5779
-1147,5048,5779
-1147,5048,5779
-1147,5048,5779
-1147,5048,5779
-1147,5048,5779
-1147,5048,5779
-1147,5048,5779
-1147,5048,5779
-941,5122,7193
-941,5122,7193
-941,5122,7193
-941,5122,7193
-941,5122,7193
-941,5122,7193
-941,5122,7193
-941,5122,7193
-941,5122,7193
-359,4708,8480
-359,4708,8480
-359,4708,8480
-359,4708,8480
-359,4708,8480
-359,4708,8480
-359,4708,8480
-359,4708,8480
-359,4708,8480
-42,4310,8899
-42,4310,8899
-42,4310,8899
-42,4310,8899
-42,4310,8899
-42,4310,8899
-42,4310,8899
-42,4310,8899
-42,4310,8899
-42,4310,8899
196,3972,9262
196,3972,9262
196,3972,9262
196,3972,9262
196,3972,9262
196,3972,9262
196,3972,9262
196,3972,9262
196,3972,9262
67,3376,9381
67,3376,9381
67,3376,9381
67,3376,9381
67,3376,9381
67,3376,9381
67,3376,9381
67,3376,9381
67,3376,9381
403,2228,9496
403,2228,9496
403,2228,9496
403,2228,9496
403,2228,9496
403,2228,9496
403,2228,9496
403,2228,9496
403,2228,9496
405,1048,8972
405,1048,8972
405,1048,8972
825,231,8382
825,231,8382
825,231,8382
825,231,8382
825,231,8382
825,231,8382
825,231,8382
825,231,8382
825,231,8382
1079,-229,7814
1079,-229,7814
1079,-229,7814
1079,-229,7814
1079,-229,7814
1079,-229,7814
1079,-229,7814
1079,-229,7814
1079,-229,7814
1541,-507,7250
1541,-507,7250
1541,-507,7250
1541,-507,7250
1541,-507,7250
1541,-507,7250
1541,-507,7250
1541,-507,7250
1541,-507,7250
1541,-507,7250
1814,-603,6421
1814,-603,6421
1814,-603,6421
1814,-603,6421
1814,-603,6421
1814,-603,6421
1814,-603,6421
1814,-603,6421
1814,-603,6421
1607,-522,5409
1607,-522,5409
1607,-522,5409
1607,-522,5409
1607,-522,5409
1607,-522,5409
1607,-522,5409
1607,-522,5409
1607,-522,5409
1232,-210,4670
1232,-210,4670
1232,-210,4670
1232,-210,4670
1232,-210,4670
1232,-210,4670
1232,-210,4670
1232,-210,4670
1232,-210,4670
992,138,4187
992,138,4187
992,138,4187
992,138,4187
992,138,4187
992,138,4187
992,138,4187
992,138,4187
992,138,4187
992,138,4187
1075,744,3572
1075,744,3572
1075,744,3572
1075,744,3572
1075,744,3572
1075,744,3572
1075,744,3572
1075,744,3572
1075,744,3572
1280,1666,3004
1280,1666,3004
1280,1666,3004
1280,1666,3004
1280,1666,3004
1280,1666,3004
1280,1666,3004
1280,1666,3004
1280,1666,3004
1414,2727,2826
1414,2727,2826
1414,2727,2826
1414,2727,2826
1414,2727,2826
1414,2727,2826
1414,2727,2826
1414,2727,2826
915,3857,3059
915,3857,3059
915,3857,3059
915,3857,3059
915,3857,3059
915,3857,3059
915,3857,3059
915,3857,3059
915,3857,3059
438,4836,3681
438,4836,3681
438,4836,3681
438,4836,3681
438,4836,3681
438,4836,3681
438,4836,3681
438,4836,3681
438,4836,3681
438,4836,3681
178,5482,4446
178,5482,4446
178,5482,4446
178,5482,4446
178,5482,4446
178,5482,4446
178,5482,4446
178,5482,4446
178,5482,4446
211,5879,5182
211,5879,5182
211,5879,5182
211,5879,5182
211,5879,5182
211,5879,5182
211,5879,5182
211,5879,5182
211,5879,5182
-76,5933,6080
-76,5933,6080
-76,5933,6080
-76,5933,6080
-76,5933,6080
-76,5933,6080
-76,5933,6080
-76,5933,6080
-76,5933,6080
-224,5629,7467
-224,5629,7467
-224,5629,7467
-224,5629,7467
-224,5629,7467
-224,5629,7467
-224,5629,7467
-224,5629,7467
-224,5629,7467
-224,5629,7467
92,4954,8571
92,4954,8571
92,4954,8571
92,4954,8571
92,4954,8571
92,4954,8571
92,4954,8571
92,4954,8571
92,4954,8571
416,4294,9161
416,4294,9161
416,4294,9161
416,4294,9161
416,4294,9161
416,4294,9161
416,4294,9161
416,4294,9161
416,4294,9161
513,3362,9522
513,3362,9522
513,3362,9522
513,3362,9522
513,3362,9522
513,3362,9522
513,3362,9522
513,3362,9522
513,3362,9522
513,3362,9522
1085,1901,9560
1085,1901,9560
1085,1901,9560
1085,1901,9560
1085,1901,9560
1085,1901,9560
1085,1901,9560
1085,1901,9560
1085,1901,9560
1621,591,8894
1621,591,8894
1621,591,8894
1621,591,8894
1621,591,8894
1621,591,8894
1621,591,8894
1621,591,8894
1785,-209,7925
1785,-209,7925
1785,-209,7925
1785,-209,7925
1785,-209,7925
1785,-209,7925
1785,-209,7925
1785,-209,7925
1785,-209,7925
1714,-606,6913
1714,-606,6913
1714,-606,6913
1714,-606,6913
1714,-606,6913
1714,-606,6913
1714,-606,6913
1714,-606,6913
1714,-606,6913
1713,-611,6072
1713,-611,6072
1713,-611,6072
1713,-611,6072
1713,-611,6072
1713,-611,6072
1713,-611,6072
1713,-611,6072
1713,-611,6072
1864,-474,5332
1864,-474,5332
1864,-474,5332
1864,-474,5332
1864,-474,5332
1864,-474,5332
1864,-474,5332
1864,-474,5332
1864,-474,5332
1864,-474,5332
2010,-59,4387
2010,-59,4387
2010,-59,4387
2010,-59,4387
2010,-59,4387
2010,-59,4387
2010,-59,4387
2010,-59,4387
2010,-59,4387
2265,795,3506
2265,795,3506
2265,795,3506
2265,795,3506
2265,795,3506
2265,795,3506
2265,795,3506
2265,795,3506
2265,795,3506
2376,2104,2974
2376,2104,2974
2376,2104,2974
2376,2104,2974
2376,2104,2974
2376,2104,2974
2376,2104,2974
2376,2104,2974
2376,2104,2974
2393,3646,2958
2393,3646,2958
2393,3646,2958
2393,3646,2958
2393,3646,2958
2393,3646,2958
2393,3646,2958
2393,3646,2958
2007,4988,3586
2007,4988,3586
2007,4988,3586
2007,4988,3586
2007,4988,3586
2007,4988,3586
1885,5758,4419
1885,5758,4419
1885,5758,4419
1885,5758,4419
1885,5758,4419
1885,5758,4419
1885,5758,4419
1885,5758,4419
1731,6238,5435
