X,Y,Z
1156,3680,9351
1160,3683,9329
1160,3683,9329
1160,3683,9329
1160,3683,9329
1160,3683,9329
1160,3683,9329
1160,3683,9329
1160,3683,9329
1160,3683,9329
1147,3670,9352
1147,3670,9352
1147,3670,9352
1147,3670,9352
1147,3670,9352
1147,3670,9352
1147,3670,9352
1147,3670,9352
1147,3670,9352
1147,3670,9352
1119,3712,9418
1119,3712,9418
1119,3712,9418
1119,3712,9418
1119,3712,9418
1119,3712,9418
1119,3712,9418
1119,3712,9418
1119,3712,9418
1145,3702,9361
1145,3702,9361
1145,3702,9361
1145,3702,9361
1145,3702,9361
1145,3702,9361
1145,3702,9361
1145,3702,9361
1145,3702,9361
1133,3686,9394
1133,3686,9394
1133,3686,9394
1133,3686,9394
1133,3686,9394
1133,3686,9394
1133,3686,9394
1133,3686,9394
1133,3686,9394
1133,3709,9360
1147,3709,9360
1147,3709,9360
1147,3709,9360
1147,3709,9360
1147,3709,9360
1147,3709,9360
1147,3709,9360
1147,3709,9360
1147,3709,9360
1202,3717,9343
1202,3717,9343
1202,3717,9343
1202,3717,9343
1202,3717,9343
1202,3717,9343
1202,3717,9343
1202,3717,9343
1245,3756,9321
1245,3756,9321
1245,3756,9321
1245,3756,9321
1245,3756,9321
1245,3756,9321
1245,3756,9321
1245,3756,9321
1245,3756,9321
1037,3904,9325
1037,3904,9325
1037,3904,9325
1037,3904,9325
1037,3904,9325
1037,3904,9325
1037,3904,9325
1037,3904,9325
1037,3904,9325
857,3927,9269
857,3927,9269
857,3927,9269
857,3927,9269
857,3927,9269
857,3927,9269
857,3927,9269
857,3927,9269
857,3927,9269
857,3927,9269
937,3807,9357
937,3807,9357
937,3807,9357
937,3807,9357
937,3807,9357
937,3807,9357
937,3807,9357
937,3807,9357
937,3807,9357
1049,3613,9438
1049,3613,9438
1049,3613,9438
1049,3613,9438
1049,3613,9438
1049,3613,9438
1049,3613,9438
1049,3613,9438
1049,3613,9438
1034,3708,9434
1034,3708,9434
1034,3708,9434
1034,3708,9434
1034,3708,9434
1034,3708,9434
1034,3708,9434
1034,3708,9434
1034,3708,9434
1034,3708,9436
1084,3700,9436
1084,3700,9436
1084,3700,9436
1084,3700,9436
1084,3700,9436
1084,3700,9436
1084,3700,9436
1084,3700,9436
1195,3623,9476
1195,3623,9476
1195,3623,9476
1195,3623,9476
1195,3623,9476
1195,3623,9476
1195,3623,9476
1195,3623,9476
1195,3623,9476
1195,3623,9476
1308,3466,9542
1308,3466,9542
1308,3466,9542
1308,3466,9542
1308,3466,9542
1308,3466,9542
1308,3466,9542
1308,3466,9542
1308,3466,9542
1308,3466,9632
1404,3375,9632
1404,3375,9632
1404,3375,9632
1404,3375,9632
1404,3375,9632
1404,3375,9632
1404,3375,9632
1404,3375,9632
1404,3375,9632
1677,3464,9571
1677,3464,9571
1677,3464,9571
1677,3464,9571
1677,3464,9571
1677,3464,9571
1677,3464,9571
1677,3464,9571
2344,3650,9465
2344,3650,9465
2344,3650,9465
2344,3650,9465
2344,3650,9465
2344,3650,9465
2344,3650,9465
2344,3650,9465
2344,3650,9465
3378,3745,9112
3378,3745,9112
3378,3745,9112
3378,3745,9112
3378,3745,9112
3378,3745,9112
3378,3745,9112
3378,3745,9112
3378,3745,9112
3378,3745,9112
4046,3576,8677
4046,3576,8677
4046,3576,8677
4046,3576,8677
4046,3576,8677
4046,3576,8677
4046,3576,8677
4046,3576,8677
4046,3576,8677
4546,3316,8174
4546,3316,8174
4546,3316,8174
4546,3316,8174
4546,3316,8174
4546,3316,8174
4546,3316,8174
4546,3316,8174
4546,3316,8174
4674,3286,8077
4674,3286,8077
4674,3286,8077
4674,3286,8077
4674,3286,8077
4674,3286,8077
4674,3286,8077
4674,3286,8077
4674,3286,8077
4823,3422,7778
4823,3422,7778
4823,3422,7778
4823,3422,7778
4823,3422,7778
4823,3422,7778
4823,3422,7778
4823,3422,7778
4823,3422,7778
4823,3422,7778
4917,3610,7362
4917,3610,7362
4917,3610,7362
4917,3610,7362
4917,3610,7362
4917,3610,7362
4917,3610,7362
4917,3610,7362
4917,3610,7362
4991,3776,7080
4991,3776,7080
4991,3776,7080
4991,3776,7080
4991,3776,7080
4991,3776,7080
4991,3776,7080
4991,3776,7080
4991,3776,7080
5037,3814,6731
5037,3814,6731
5037,3814,6731
5037,3814,6731
5037,3814,6731
5037,3814,6731
5037,3814,6731
5037,3814,6731
5037,3814,6731
5105,3774,6368
5105,3774,6368
5105,3774,6368
5105,3774,6368
5105,3774,6368
5105,3774,6368
5105,3774,6368
5105,3774,6368
5049,3804,5860
5049,3804,5860
5049,3804,5860
4871,3956,5474
4871,3956,5474
4871,3956,5474
4871,3956,5474
4871,3956,5474
4871,3956,5474
4871,3956,5474
4871,3956,5474
4871,3956,5474
4871,3956,5474
4814,4099,5430
4814,4099,5430
4814,4099,5430
4814,4099,5430
4814,4099,5430
4814,4099,5430
4814,4099,5430
4814,4099,5430
4814,4099,5430
4779,4217,5419
4779,4217,5419
4779,4217,5419
4779,4217,5419
4779,4217,5419
4779,4217,5419
4779,4217,5419
4779,4217,5419
4779,4217,5419
4589,4310,5088
4589,4310,5088
4589,4310,5088
4589,4310,5088
4589,4310,5088
4589,4310,5088
4589,4310,5088
4589,4310,5088
4589,4310,5088
4246,4201,4410
4246,4201,4410
4246,4201,4410
4246,4201,4410
4246,4201,4410
4246,4201,4410
4246,4201,4410
4246,4201,4410
4246,4201,4410
4246,4201,4410
3649,4169,3806
3649,4169,3806
3649,4169,3806
3649,4169,3806
3649,4169,3806
3649,4169,3806
3649,4169,3806
3649,4169,3806
3649,4169,3806
2707,4209,3283
2707,4209,3283
2707,4209,3283
2707,4209,3283
2707,4209,3283
2707,4209,3283
2707,4209,3283
2707,4209,3283
2707,4209,3283
2707,4209,3283
1752,4225,3217
1752,4225,3217
1752,4225,3217
1752,4225,3217
1752,4225,3217
1752,4225,3217
1752,4225,3217
1752,4225,3217
1752,4225,3217
911,4223,3278
911,4223,3278
911,4223,3278
911,4223,3278
911,4223,3278
911,4223,3278
911,4223,3278
911,4223,3278
334,4121,3451
334,4121,3451
334,4121,3451
334,4121,3451
334,4121,3451
334,4121,3451
334,4121,3451
334,4121,3451
334,4121,3451
-411,4089,3889
-411,4089,3889
-411,4089,3889
-411,4089,3889
-411,4089,3889
-411,4089,3889
-411,4089,3889
-411,4089,3889
-411,4089,3889
-411,4089,3889
-866,4064,4259
-866,4064,4259
-866,4064,4259
-866,4064,4259
-866,4064,4259
-866,4064,4259
-866,4064,4259
-866,4064,4259
-866,4064,4259
-1170,3945,4641
-1170,3945,4641
-1170,3945,4641
-1170,3945,4641
-1170,3945,4641
-1170,3945,4641
-1170,3945,4641
-1170,3945,4641
-1170,3945,4641
-1461,3810,4895
-1461,3810,4895
-1461,3810,4895
-1461,3810,4895
-1461,3810,4895
-1461,3810,4895
-1461,3810,4895
-1461,3810,4895
-1461,3810,4895
-1636,3705,5373
-1636,3705,5373
-1636,3705,5373
-1636,3705,5373
-1636,3705,5373
-1636,3705,5373
-1636,3705,5373
-1636,3705,5373
-1636,3705,5373
-1780,3624,6178
-1780,3624,6178
-1780,3624,6178
-1780,3624,6178
-1780,3624,6178
-1780,3624,6178
-1780,3624,6178
-1780,3624,6178
-1780,3624,6178
-1770,3539,6742
-1770,3539,6742
-1770,3539,6742
-1770,3539,6742
-1770,3539,6742
-1770,3539,6742
-1770,3539,6742
-1770,3539,6742
-1770,3539,6742
-1621,3571,7174
-1621,3571,7174
-1621,3571,7174
-1621,3571,7174
-1621,3571,7174
-1621,3571,7174
-1621,3571,7174
-1621,3571,7174
-1621,3571,7174
-1621,3571,7174
-1365,3638,7712
-1365,3638,7712
-1365,3638,7712
-1365,3638,7712
-1365,3638,7712
-1365,3638,7712
-1365,3638,7712
-1365,3638,7712
-1365,3638,7712
-1128,3543,8146
-1128,3543,8146
-1128,3543,8146
-1128,3543,8146
-1128,3543,8146
-1128,3543,8146
-1128,3543,8146
-1128,3543,8146
-1128,3543,8146
-842,3500,8535
-842,3500,8535
-842,3500,8535
-842,3500,8535
-842,3500,8535
-842,3500,8535
-842,3500,8535
-842,3500,8535
-842,3500,8535
-439,3443,8851
-439,3443,8851
-439,3443,8851
-439,3443,8851
-439,3443,8851
-439,3443,8851
-439,3443,8851
-439,3443,8851
-439,3443,8851
-227,3362,9040
-227,3362,9040
-227,3362,9040
-227,3362,9040
-227,3362,9040
-227,3362,9040
-227,3362,9040
-227,3362,9040
-227,3362,9040
388,3311,9288
388,3311,9288
388,3311,9288
388,3311,9288
388,3311,9288
388,3311,9288
388,3311,9288
388,3311,9288
388,3311,9288
388,3311,9288
964,3329,9459
964,3329,9459
964,3329,9459
964,3329,9459
964,3329,9459
964,3329,9459
964,3329,9459
964,3329,9459
964,3329,9459
1844,3490,9556
1844,3490,9556
1844,3490,9556
1844,3490,9556
1844,3490,9556
1844,3490,9556
1844,3490,9556
1844,3490,9556
1844,3490,9556
2214,3541,9484
2214,3541,9484
2214,3541,9484
2214,3541,9484
2214,3541,9484
2214,3541,9484
2214,3541,9484
2214,3541,9484
2214,3541,9484
2730,3448,9389
2730,3448,9389
2730,3448,9389
3105,3142,9339
3105,3142,9339
3105,3142,9339
3105,3142,9339
3105,3142,9339
3105,3142,9339
3440,2845,9169
3440,2845,9169
3440,2845,9169
3440,2845,9169
3440,2845,9169
3440,2845,9169
3440,2845,9169
3440,2845,9169
3440,2845,9169
3440,2845,9169
4034,2803,8796
4034,2803,8796
4034,2803,8796
4034,2803,8796
4034,2803,8796
4034,2803,8796
4034,2803,8796
4034,2803,8796
4034,2803,8796
4531,3014,8292
4531,3014,8292
4531,3014,8292
4531,3014,8292
4531,3014,8292
4531,3014,8292
4531,3014,8292
4531,3014,8292
4531,3014,8292
4746,3278,7858
4746,3278,7858
4746,3278,7858
4746,3278,7858
4746,3278,7858
4746,3278,7858
4746,3278,7858
4746,3278,7858
4746,3278,7858
4984,3372,7321
4984,3372,7321
4984,3372,7321
4984,3372,7321
4984,3372,7321
4984,3372,7321
4984,3372,7321
4984,3372,7321
4984,3372,7321
4984,3372,7321
5088,3573,6793
5088,3573,6793
5088,3573,6793
5088,3573,6793
5088,3573,6793
5088,3573,6793
5088,3573,6793
5088,3573,6793
5088,3573,6793
5073,3707,6510
5073,3707,6510
5073,3707,6510
5073,3707,6510
5073,3707,6510
5073,3707,6510
5073,3707,6510
5073,3707,6510
5073,3707,6510
5043,3767,6281
5043,3767,6281
5043,3767,6281
5043,3767,6281
5043,3767,6281
5043,3767,6281
5043,3767,6281
5043,3767,6281
5043,3767,6281
5023,3740,5618
5023,3740,5618
5023,3740,5618
5023,3740,5618
5023,3740,5618
5023,3740,5618
5023,3740,5618
5023,3740,5618
5023,3740,5618
4821,3788,5037
4821,3788,5037
4821,3788,5037
4821,3788,5037
4821,3788,5037
4821,3788,5037
4821,3788,5037
4821,3788,5037
4821,3788,5037
4821,3788,5037
4459,3914,4460
4459,3914,4460
4459,3914,4460
4459,3914,4460
4459,3914,4460
4459,3914,4460
4459,3914,4460
4459,3914,4460
4459,3914,4460
4077,4016,4073
4077,4016,4073
4077,4016,4073
4077,4016,4073
4077,4016,4073
4077,4016,4073
4077,4016,4073
4077,4016,4073
4077,4016,4073
3603,4055,3732
3603,4055,3732
3603,4055,3732
3603,4055,3732
3603,4055,3732
3603,4055,3732
3603,4055,3732
3603,4055,3732
3603,4055,3732
2854,3951,3286
2854,3951,3286
2854,3951,3286
2854,3951,3286
2854,3951,3286
2854,3951,3286
2854,3951,3286
2854,3951,3286
2854,3951,3286
1931,3826,3004
1931,3826,3004
1931,3826,3004
1931,3826,3004
1931,3826,3004
1931,3826,3004
1931,3826,3004
1931,3826,3004
1931,3826,3004
1207,3624,2991
1207,3624,2991
1207,3624,2991
1207,3624,2991
1207,3624,2991
1207,3624,2991
1207,3624,2991
1207,3624,2991
1207,3624,2991
1207,3624,2991
436,3642,3199
436,3642,3199
436,3642,3199
436,3642,3199
436,3642,3199
436,3642,3199
436,3642,3199
436,3642,3199
436,3642,3199
-208,3781,3557
-208,3781,3557
-208,3781,3557
-208,3781,3557
-208,3781,3557
-208,3781,3557
-208,3781,3557
-208,3781,3557
-208,3781,3557
-717,3825,3947
-717,3825,3947
-717,3825,3947
-717,3825,3947
-717,3825,3947
-717,3825,3947
-717,3825,3947
-717,3825,3947
-717,3825,3947
-1352,3757,4751
-1352,3757,4751
-1352,3757,4751
-1352,3757,4751
-1352,3757,4751
-1352,3757,4751
-1352,3757,4751
-1352,3757,4751
-1352,3757,4751
-1770,3680,5997
-1770,3680,5997
-1770,3680,5997
-1770,3680,5997
-1770,3680,5997
-1770,3680,5997
-1770,3680,5997
-1770,3680,5997
-1783,3532,6654
-1783,3532,6654
-1783,3532,6654
-1783,3532,6654
-1783,3532,6654
-1783,3532,6654
-1783,3532,6654
-1783,3532,6654
-1783,3532,6654
-1675,3375,7262
-1675,3375,7262
-1675,3375,7262
-1675,3375,7262
-1675,3375,7262
-1675,3375,7262
-1675,3375,7262
-1675,3375,7262
-1675,3375,7262
-1675,3375,7262
-1474,3219,7764
-1474,3219,7764
-1474,3219,7764
-1474,3219,7764
-1474,3219,7764
-1474,3219,7764
-1474,3219,7764
-1474,3219,7764
-1474,3219,7764
-1474,3219,7764
-1070,3130,8419
-1070,3130,8419
-1070,3130,8419
-1070,3130,8419
-1070,3130,8419
-1070,3130,8419
-1070,3130,8419
-1070,3130,8419
-1070,3130,8419
-444,3027,8949
-444,3027,8949
-444,3027,8949
-444,3027,8949
-444,3027,8949
-444,3027,8949
-444,3027,8949
-444,3027,8949
-444,3027,8949
163,3067,9337
163,3067,9337
163,3067,9337
163,3067,9337
163,3067,9337
163,3067,9337
163,3067,9337
163,3067,9337
163,3067,9337
785,3132,9479
785,3132,9479
785,3132,9479
785,3132,9479
785,3132,9479
1257,3215,9545
1257,3215,9545
1257,3215,9545
1257,3215,9545
1257,3215,9545
1257,3215,9545
1257,3215,9545
1257,3215,9545
1257,3215,9545
1732,3181,9629
1732,3181,9629
1732,3181,9629
1732,3181,9629
1732,3181,9629
1732,3181,9629
1732,3181,9629
1732,3181,9629
1732,3181,9629
1951,2939,9598
1951,2939,9598
1951,2939,9598
1951,2939,9598
1951,2939,9598
1951,2939,9598
1951,2939,9598
1951,2939,9598
2090,2777,9593
2090,2777,9593
2090,2777,9593
2090,2777,9593
2090,2777,9593
2090,2777,9593
2090,2777,9593
2090,2777,9593
2090,2777,9593
2455,2894,9555
2455,2894,9555
2455,2894,9555
2455,2894,9555
2455,2894,9555
2455,2894,9555
2455,2894,9555
2455,2894,9555
2455,2894,9555
2839,3038,9432
2839,3038,9432
2839,3038,9432
2839,3038,9432
2839,3038,9432
2839,3038,9432
2839,3038,9432
2839,3038,9432
2839,3038,9432
2839,3038,9432
3253,2959,9326
3253,2959,9326
3253,2959,9326
3253,2959,9326
3253,2959,9326
3253,2959,9326
3253,2959,9326
3253,2959,9326
3253,2959,9326
3253,2959,9326
3536,2757,9150
3536,2757,9150
3536,2757,9150
3536,2757,9150
3536,2757,9150
3536,2757,9150
3536,2757,9150
3536,2757,9150
3536,2757,9150
3980,2745,8882
3980,2745,8882
3980,2745,8882
3980,2745,8882
3980,2745,8882
3980,2745,8882
3980,2745,8882
3980,2745,8882
3980,2745,8882
4437,2784,8418
4437,2784,8418
4437,2784,8418
4437,2784,8418
4437,2784,8418
4437,2784,8418
4437,2784,8418
4437,2784,8418
4437,2784,8418
4437,2784,8418
4691,2911,8012
4691,2911,8012
4691,2911,8012
4691,2911,8012
4691,2911,8012
4691,2911,8012
4691,2911,8012
4691,2911,8012
4691,2911,8012
4983,3078,7445
4983,3078,7445
4983,3078,7445
4983,3078,7445
4983,3078,7445
4983,3078,7445
4983,3078,7445
4983,3078,7445
4983,3078,7445
5101,3350,6983
5101,3350,6983
5101,3350,6983
5101,3350,6983
5101,3350,6983
5101,3350,6983
5101,3350,6983
5101,3350,6983
5128,3440,6595
5128,3440,6595
5128,3440,6595
5128,3440,6595
5128,3440,6595
5128,3440,6595
5128,3440,6595
5128,3440,6595
5128,3440,6595
5180,3449,6299
5180,3449,6299
5180,3449,6299
5180,3449,6299
5180,3449,6299
5180,3449,6299
5180,3449,6299
5180,3449,6299
5180,3449,6299
5180,3449,6299
5164,3323,6219
5164,3323,6219
5164,3323,6219
5164,3323,6219
5164,3323,6219
5164,3323,6219
5164,3323,6219
5164,3323,6219
5164,3323,6219
5127,3298,5846
5127,3298,5846
5127,3298,5846
5127,3298,5846
5127,3298,5846
5127,3298,5846
5127,3298,5846
5127,3298,5846
5127,3298,5846
4985,3258,5101
4985,3258,5101
4985,3258,5101
4985,3258,5101
4985,3258,5101
4985,3258,5101
4985,3258,5101
4985,3258,5101
4985,3258,5101
4588,3289,4403
4588,3289,4403
4588,3289,4403
4588,3289,4403
4588,3289,4403
4588,3289,4403
4588,3289,4403
4588,3289,4403
4588,3289,4403
3884,3303,3687
3884,3303,3687
3884,3303,3687
3884,3303,3687
3884,3303,3687
3884,3303,3687
3884,3303,3687
3884,3303,3687
3884,3303,3687
3884,3303,3687
3243,3344,3320
3243,3344,3320
3243,3344,3320
3243,3344,3320
3243,3344,3320
3243,3344,3320
3243,3344,3320
3243,3344,3320
3243,3344,3320
2516,3310,3001
2516,3310,3001
2516,3310,3001
2516,3310,3001
2516,3310,3001
2516,3310,3001
2516,3310,3001
2516,3310,3001
2516,3310,3001
2516,3310,3001
1695,3219,2962
1695,3219,2962
1695,3219,2962
1695,3219,2962
1695,3219,2962
1695,3219,2962
1695,3219,2962
1695,3219,2962
996,3197,3024
996,3197,3024
996,3197,3024
996,3197,3024
996,3197,3024
996,3197,3024
996,3197,3024
996,3197,3024
996,3197,3024
168,3219,3243
168,3219,3243
168,3219,3243
168,3219,3243
168,3219,3243
168,3219,3243
168,3219,3243
168,3219,3243
168,3219,3243
-618,3282,3700
-618,3282,3700
-618,3282,3700
-618,3282,3700
-618,3282,3700
-618,3282,3700
-618,3282,3700
-618,3282,3700
-618,3282,3700
-618,3282,3700
-1234,3257,4362
-1234,3257,4362
-1234,3257,4362
-1234,3257,4362
-1234,3257,4362
-1234,3257,4362
-1234,3257,4362
-1234,3257,4362
-1234,3257,4362
-1703,3025,5190
-1703,3025,5190
-1703,3025,5190
-1703,3025,5190
-1924,2801,6303
-1924,2801,6303
-1924,2801,6303
-1924,2801,6303
-1924,2801,6303
-1924,2801,6303
-1924,2801,6303
-1924,2801,6303
-1924,2801,6303
-1924,2801,6303
-1742,2667,7132
-1742,2667,7132
-1742,2667,7132
-1742,2667,7132
-1742,2667,7132
-1742,2667,7132
-1742,2667,7132
-1742,2667,7132
-1742,2667,7132
-1461,2598,7866
-1461,2598,7866
-1461,2598,7866
-1461,2598,7866
-1461,2598,7866
-1461,2598,7866
-1461,2598,7866
-1461,2598,7866
-1461,2598,7866
-1140,2552,8365
-1140,2552,8365
-1140,2552,8365
-1140,2552,8365
-1140,2552,8365
-1140,2552,8365
-1140,2552,8365
-1140,2552,8365
-1140,2552,8365
-842,2588,8746
-842,2588,8746
-842,2588,8746
-842,2588,8746
-842,2588,8746
-842,2588,8746
-842,2588,8746
-842,2588,8746
-842,2588,8746
-507,2594,8951
-507,2594,8951
-507,2594,8951
-507,2594,8951
-507,2594,8951
-507,2594,8951
-507,2594,8951
-507,2594,8951
-507,2594,8951
53,2666,9255
53,2666,9255
53,2666,9255
53,2666,9255
53,2666,9255
53,2666,9255
53,2666,9255
53,2666,9255
53,2666,9255
569,2630,9495
569,2630,9495
569,2630,9495
569,2630,9495
569,2630,9495
569,2630,9495
569,2630,9495
569,2630,9495
569,2630,9495
1154,2477,9595
1154,2477,9595
1154,2477,9595
1154,2477,9595
1154,2477,9595
1154,2477,9595
1154,2477,9595
1154,2477,9595
1154,2477,9595
1740,2390,9626
1740,2390,9626
1740,2390,9626
1740,2390,9626
1740,2390,9626
1740,2390,9626
1740,2390,9626
1740,2390,9626
1740,2390,9626
2177,2506,9630
2177,2506,9630
2177,2506,9630
2177,2506,9630
2177,2506,9630
2177,2506,9630
2177,2506,9630
2177,2506,9630
2177,2506,9630
2177,2506,9630
2803,2666,9494
2803,2666,9494
2803,2666,9494
2803,2666,9494
2803,2666,9494
2803,2666,9494
2803,2666,9494
2803,2666,9494
2803,2666,9494
3260,2840,9347
3260,2840,9347
3260,2840,9347
3260,2840,9347
3260,2840,9347
3260,2840,9347
3260,2840,9347
3260,2840,9347
3260,2840,9347
3808,2819,9057
3808,2819,9057
3808,2819,9057
3808,2819,9057
3808,2819,9057
3808,2819,9057
3808,2819,9057
3808,2819,9057
3808,2819,9057
3808,2819,9057
4279,2771,8611
4279,2771,8611
4279,2771,8611
4279,2771,8611
4279,2771,8611
4279,2771,8611
4279,2771,8611
4279,2771,8611
4279,2771,8611
4493,2691,8358
4493,2691,8358
4493,2691,8358
4493,2691,8358
4493,2691,8358
4493,2691,8358
4493,2691,8358
4493,2691,8358
4493,2691,8358
4637,2628,8206
4637,2628,8206
4637,2628,8206
4637,2628,8206
4637,2628,8206
4637,2628,8206
4637,2628,8206
4637,2628,8206
4637,2628,8206
4639,2611,8201
4639,2611,8201
4639,2611,8201
4639,2611,8201
4639,2611,8201
4639,2611,8201
4639,2611,8201
4639,2611,8201
4639,2611,8201
4992,2549,7636
4992,2549,7636
4992,2549,7636
4992,2549,7636
4992,2549,7636
4992,2549,7636
4992,2549,7636
4992,2549,7636
4992,2549,7636
5151,2461,6845
5151,2461,6845
5151,2461,6845
5151,2461,6845
5151,2461,6845
5151,2461,6845
5151,2461,6845
5151,2461,6845
5151,2461,6845
5151,2461,6845
5214,2461,5945
5214,2461,5945
5214,2461,5945
5214,2461,5945
5214,2461,5945
5214,2461,5945
5214,2461,5945
5214,2461,5945
5214,2461,5945
4881,2655,4819
4881,2655,4819
4881,2655,4819
4881,2655,4819
4881,2655,4819
4881,2655,4819
4881,2655,4819
4881,2655,4819
4881,2655,4819
4138,2821,3841
4138,2821,3841
4138,2821,3841
4138,2821,3841
4138,2821,3841
4138,2821,3841
4138,2821,3841
4138,2821,3841
4138,2821,3841
3105,2928,3159
3105,2928,3159
3105,2928,3159
3105,2928,3159
3105,2928,3159
3105,2928,3159
3105,2928,3159
3105,2928,3159
3105,2928,3159
3105,2928,3159
2492,2832,2974
2492,2832,2974
2492,2832,2974
2492,2832,2974
2492,2832,2974
2492,2832,2974
2492,2832,2974
2492,2832,2974
2492,2832,2974
1685,2660,2881
1685,2660,2881
1685,2660,2881
1685,2660,2881
1685,2660,2881
1685,2660,2881
1685,2660,2881
1685,2660,2881
1039,2560,2979
1039,2560,2979
1039,2560,2979
1039,2560,2979
1039,2560,2979
1039,2560,2979
1039,2560,2979
1039,2560,2979
1039,2560,2979
299,2553,3175
299,2553,3175
299,2553,3175
299,2553,3175
299,2553,3175
299,2553,3175
299,2553,3175
299,2553,3175
299,2553,3175
-400,2593,3489
-400,2593,3489
-400,2593,3489
-400,2593,3489
-400,2593,3489
-914,2665,3917
-914,2665,3917
-914,2665,3917
-914,2665,3917
-914,2665,3917
-914,2665,3917
-914,2665,3917
-914,2665,3917
-914,2665,3917
-914,2665,3917
-1229,2759,4208
-1229,2759,4208
-1229,2759,4208
-1229,2759,4208
-1229,2759,4208
-1229,2759,4208
-1229,2759,4208
-1229,2759,4208
-1229,2759,4208
-1437,2806,4528
-1437,2806,4528
-1437,2806,4528
-1437,2806,4528
-1437,2806,4528
-1437,2806,4528
-1437,2806,4528
-1437,2806,4528
-1437,2806,4528
-1420,2775,4642
-1420,2775,4642
-1420,2775,4642
-1420,2775,4642
-1420,2775,4642
-1420,2775,4642
-1420,2775,4642
-1420,2775,4642
-1420,2775,4642
-1566,2775,4752
-1566,2775,4752
-1566,2775,4752
-1566,2775,4752
-1566,2775,4752
-1566,2775,4752
-1566,2775,4752
-1566,2775,4752
-1566,2775,4752
-1748,2741,5134
-1748,2741,5134
-1748,2741,5134
-1748,2741,5134
-1748,2741,5134
-1748,2741,5134
-1748,2741,5134
-1748,2741,5134
-1748,2741,5134
-1885,2763,5691
-1885,2763,5691
-1885,2763,5691
-1885,2763,5691
-1885,2763,5691
-1885,2763,5691
-1885,2763,5691
-1885,2763,5691
-1885,2763,5691
-1891,2690,6645
-1891,2690,6645
-1891,2690,6645
-1891,2690,6645
-1891,2690,6645
-1891,2690,6645
-1891,2690,6645
-1891,2690,6645
-1891,2690,6645
-1738,2563,7379
-1738,2563,7379
-1738,2563,7379
-1738,2563,7379
-1738,2563,7379
-1738,2563,7379
-1738,2563,7379
-1738,2563,7379
-1738,2563,7379
-1738,2563,7379
-1469,2402,7813
-1469,2402,7813
-1469,2402,7813
-1469,2402,7813
-1469,2402,7813
-1469,2402,7813
-1469,2402,7813
-1469,2402,7813
-1469,2402,7813
-1220,2194,8110
-1220,2194,8110
-1220,2194,8110
-1220,2194,8110
-1220,2194,8110
-1220,2194,8110
-1220,2194,8110
-1220,2194,8110
-1220,2194,8110
-893,2040,8497
-893,2040,8497
-893,2040,8497
-893,2040,8497
-893,2040,8497
-893,2040,8497
-893,2040,8497
-893,2040,8497
-893,2040,8497
-893,2040,8497
-590,2140,8747
-590,2140,8747
-590,2140,8747
-590,2140,8747
-590,2140,8747
-590,2140,8747
-590,2140,8747
-590,2140,8747
-590,2140,8747
-230,2257,9081
-230,2257,9081
-230,2257,9081
-230,2257,9081
-230,2257,9081
-230,2257,9081
-230,2257,9081
-230,2257,9081
-230,2257,9081
422,2188,9372
422,2188,9372
422,2188,9372
422,2188,9372
422,2188,9372
422,2188,9372
422,2188,9372
422,2188,9372
422,2188,9372
1215,2051,9610
1215,2051,9610
1215,2051,9610
1215,2051,9610
1215,2051,9610
1215,2051,9610
1215,2051,9610
1215,2051,9610
1215,2051,9610
2435,2066,9512
2435,2066,9512
2435,2066,9512
2435,2066,9512
2435,2066,9512
2435,2066,9512
2435,2066,9512
2435,2066,9512
2883,2090,9347
2883,2090,9347
2883,2090,9347
2883,2090,9347
2883,2090,9347
2883,2090,9347
2883,2090,9347
2883,2090,9347
2883,2090,9347
2883,2090,9347
3365,2090,9165
3365,2090,9165
3365,2090,9165
3365,2090,9165
3365,2090,9165
3365,2090,9165
3365,2090,9165
3365,2090,9165
3365,2090,9165
3511,2138,9134
3511,2138,9134
3511,2138,9134
3511,2138,9134
3511,2138,9134
3511,2138,9134
3511,2138,9134
3511,2138,9134
3511,2138,9134
3731,2230,9050
3731,2230,9050
3731,2230,9050
3731,2230,9050
3731,2230,9050
3731,2230,9050
3731,2230,9050
3731,2230,9050
3731,2230,9050
3731,2230,9050
4199,2179,8614
4199,2179,8614
4199,2179,8614
4199,2179,8614
4199,2179,8614
4199,2179,8614
4199,2179,8614
4199,2179,8614
4199,2179,8614
4199,2179,8614
4419,2054,8280
4419,2054,8280
4419,2054,8280
4419,2054,8280
4419,2054,8280
4419,2054,8280
4419,2054,8280
4419,2054,8280
4419,2054,8280
4611,1956,8026
4611,1956,8026
4611,1956,8026
4611,1956,8026
4611,1956,8026
4611,1956,8026
4611,1956,8026
4611,1956,8026
4611,1956,8026
4785,1993,7681
4785,1993,7681
4785,1993,7681
4785,1993,7681
4785,1993,7681
4785,1993,7681
4785,1993,7681
4785,1993,7681
4785,1993,7681
5019,2083,7193
5019,2083,7193
5019,2083,7193
5019,2083,7193
5019,2083,7193
5019,2083,7193
5019,2083,7193
5019,2083,7193
5019,2083,7193
5019,2083,7193
5095,2248,6938
5095,2248,6938
5095,2248,6938
5095,2248,6938
5095,2248,6938
5095,2248,6938
5114,2396,6890
5114,2396,6890
5114,2396,6890
5114,2396,6890
5114,2396,6890
5114,2396,6890
5185,2371,6082
5185,2371,6082
5185,2371,6082
5185,2371,6082
5185,2371,6082
5185,2371,6082
5185,2371,6082
5185,2371,6082
5185,2371,6082
5003,2208,5221
5003,2208,5221
5003,2208,5221
5003,2208,5221
5003,2208,5221
5003,2208,5221
5003,2208,5221
5003,2208,5221
5003,2208,5221
4465,2168,4362
4465,2168,4362
4465,2168,4362
4465,2168,4362
4465,2168,4362
4465,2168,4362
4465,2168,4362
4465,2168,4362
4465,2168,4362
3682,2285,3563
3682,2285,3563
3682,2285,3563
3682,2285,3563
3682,2285,3563
3682,2285,3563
3682,2285,3563
3682,2285,3563
3682,2285,3563
3682,2285,3563
2901,2455,3153
2901,2455,3153
2901,2455,3153
2901,2455,3153
2901,2455,3153
2901,2455,3153
2901,2455,3153
2901,2455,3153
2901,2455,2925
1817,2601,2925
1817,2601,2925
1817,2601,2925
1817,2601,2925
1817,2601,2925
1817,2601,2925
1817,2601,2925
1817,2601,2925
1817,2601,2925
819,2513,3026
819,2513,3026
819,2513,3026
819,2513,3026
819,2513,3026
819,2513,3026
819,2513,3026
819,2513,3026
819,2513,3026
819,2513,3026
-223,2543,3436
-223,2543,3436
-223,2543,3436
-223,2543,3436
-223,2543,3436
-223,2543,3436
-223,2543,3436
-223,2543,3436
-223,2543,3436
-705,2420,3820
-705,2420,3820
-705,2420,3820
-705,2420,3820
-705,2420,3820
-705,2420,3820
-705,2420,3820
-705,2420,3820
-705,2420,3820
-1204,2263,4329
-1204,2263,4329
-1204,2263,4329
-1204,2263,4329
-1204,2263,4329
-1204,2263,4329
-1204,2263,4329
-1204,2263,4329
-1204,2263,4329
-1600,2164,5098
-1600,2164,5098
-1600,2164,5098
-1600,2164,5098
-1600,2164,5098
-1600,2164,5098
-1600,2164,5098
-1600,2164,5098
-1600,2164,5098
-1756,2049,5731
-1756,2049,5731
-1756,2049,5731
-1756,2049,5731
-1756,2049,5731
-1756,2049,5731
-1756,2049,5731
-1756,2049,5731
-1756,2049,5731
-1760,1992,6041
-1760,1992,6041
-1760,1992,6041
-1760,1992,6041
-1760,1992,6041
-1760,1992,6041
-1760,1992,6041
-1760,1992,6041
-1760,1992,6041
-1730,1977,6852
-1730,1977,6852
-1730,1977,6852
-1730,1977,6852
-1730,1977,6852
-1730,1977,6852
-1730,1977,6852
-1730,1977,6852
-1730,1977,6852
-1358,1998,7810
-1358,1998,7810
-1358,1998,7810
-1358,1998,7810
-1358,1998,7810
-1358,1998,7810
-1358,1998,7810
-1358,1998,7810
-1358,1998,7810
-1358,1998,7810
-985,2010,8337
-985,2010,8337
-985,2010,8337
-985,2010,8337
-985,2010,8337
-985,2010,8337
-985,2010,8337
-985,2010,8337
-985,2010,8337
-687,1871,8610
-687,1871,8610
-687,1871,8610
-687,1871,8610
-687,1871,8610
-687,1871,8610
-687,1871,8610
-687,1871,8610
-687,1871,8610
-471,1799,8723
-471,1799,8723
-471,1799,8723
-471,1799,8723
-471,1799,8723
-471,1799,8723
-471,1799,8723
-471,1799,8723
-471,1799,8723
-96,1713,8968
-96,1713,8968
-96,1713,8968
-96,1713,8968
-96,1713,8968
-96,1713,8968
-96,1713,8968
-96,1713,8968
-96,1713,8968
369,1618,9172
369,1618,9172
369,1618,9172
369,1618,9172
369,1618,9172
369,1618,9172
369,1618,9172
369,1618,9172
369,1618,9172
937,1630,9333
937,1630,9333
937,1630,9333
937,1630,9333
937,1630,9333
937,1630,9333
937,1630,9333
937,1630,9333
937,1630,9333
1658,1772,9507
1658,1772,9507
1658,1772,9507
1658,1772,9507
1658,1772,9507
1658,1772,9507
1658,1772,9507
1658,1772,9507
1658,1772,9507
1658,1772,9507
2102,2091,9551
2102,2091,9551
2102,2091,9551
2102,2091,9551
2102,2091,9551
2102,2091,9551
2102,2091,9551
2102,2091,9551
2102,2091,9551
2431,2097,9516
2431,2097,9516
2431,2097,9516
2431,2097,9516
2431,2097,9516
2431,2097,9516
2431,2097,9516
2431,2097,9516
2431,2097,9516
2595,1828,9402
2595,1828,9402
2595,1828,9402
2595,1828,9402
2595,1828,9402
2595,1828,9402
2595,1828,9402
2595,1828,9402
2595,1828,9402
2839,1734,9298
2839,1734,9298
2839,1734,9298
2839,1734,9298
2839,1734,9298
2839,1734,9298
2839,1734,9298
2839,1734,9298
2839,1734,9298
2839,1734,9298
3056,1709,9201
3056,1709,9201
3056,1709,9201
3056,1709,9201
3056,1709,9201
3056,1709,9201
3056,1709,9201
3056,1709,9201
3056,1709,9201
3296,1810,9154
3296,1810,9154
3296,1810,9154
3296,1810,9154
3422,1762,9084
3422,1762,9084
3422,1762,9084
3422,1762,9084
3422,1762,9084
3422,1762,9084
3422,1762,9084
3422,1762,9084
3422,1762,9084
3463,1752,9037
3463,1752,9037
3463,1752,9037
3463,1752,9037
3463,1752,9037
3463,1752,9037
3463,1752,9037
3463,1752,9037
3463,1752,9037
3758,1689,8804
3758,1689,8804
3758,1689,8804
3758,1689,8804
3758,1689,8804
3758,1689,8804
3758,1689,8804
3758,1689,8804
4042,1569,8522
4042,1569,8522
4042,1569,8522
4042,1569,8522
4042,1569,8522
4042,1569,8522
4042,1569,8522
4042,1569,8522
4042,1569,8522
4042,1569,8522
4481,1669,8028
4481,1669,8028
4481,1669,8028
4481,1669,8028
4481,1669,8028
4481,1669,8028
4481,1669,8028
4481,1669,8028
4481,1669,8028
4481,1669,8028
4761,1755,7569
4761,1755,7569
4761,1755,7569
4761,1755,7569
4761,1755,7569
4761,1755,7569
4761,1755,7569
4761,1755,7569
4761,1755,7569
4866,1821,7439
4866,1821,7439
4866,1821,7439
4866,1821,7439
4866,1821,7439
4866,1821,7439
4866,1821,7439
4866,1821,7439
4866,1821,7439
4996,1817,7090
4996,1817,7090
4996,1817,7090
4996,1817,7090
4996,1817,7090
4996,1817,7090
4996,1817,7090
4996,1817,7090
4996,1817,7090
4996,1817,7090
5061,1828,6775
5061,1828,6775
5061,1828,6775
5061,1828,6775
5061,1828,6775
5061,1828,6775
5061,1828,6775
5061,1828,6775
5061,1828,6775
5040,1759,6235
5040,1759,6235
5040,1759,6235
5040,1759,6235
5040,1759,6235
5040,1759,6235
5040,1759,6235
5040,1759,6235
5040,1759,6235
4970,1719,5732
4970,1719,5732
4970,1719,5732
4970,1719,5732
4970,1719,5732
4970,1719,5732
4970,1719,5732
4970,1719,5732
4970,1719,5732
4944,1925,5298
4944,1925,5298
4944,1925,5298
4944,1925,5298
4944,1925,5298
4944,1925,5298
4944,1925,5298
4944,1925,5298
4944,1925,5298
4914,2145,4998
4914,2145,4998
4914,2145,4998
4914,2145,4998
4914,2145,4998
4914,2145,4998
4914,2145,4998
4914,2145,4998
4914,2145,4998
4714,2234,4580
4714,2234,4580
4714,2234,4580
4714,2234,4580
4714,2234,4580
4714,2234,4580
4714,2234,4580
4714,2234,4580
4714,2234,4580
4353,2134,4134
4353,2134,4134
4353,2134,4134
4353,2134,4134
4353,2134,4134
4353,2134,4134
4353,2134,4134
4353,2134,4134
4353,2134,4134
3907,1918,3741
3907,1918,3741
3907,1918,3741
3907,1918,3741
3907,1918,3741
3907,1918,3741
3907,1918,3741
3907,1918,3741
3907,1918,3741
3907,1918,3450
3219,1738,3450
3219,1738,3450
3219,1738,3450
3219,1738,3450
3219,1738,3450
3219,1738,3450
3219,1738,3450
3219,1738,3450
2495,1686,3207
2495,1686,3207
2495,1686,3207
2495,1686,3207
2495,1686,3207
2495,1686,3207
2495,1686,3207
2495,1686,3207
2495,1686,3207
2495,1686,3207
1593,1750,3097
1593,1750,3097
1593,1750,3097
1593,1750,3097
1593,1750,3097
1593,1750,3097
1593,1750,3097
1593,1750,3097
1593,1750,3097
1593,1750,3097
869,1939,3124
869,1939,3124
869,1939,3124
869,1939,3124
869,1939,3124
869,1939,3124
869,1939,3124
869,1939,3124
869,1939,3124
39,1941,3354
39,1941,3354
39,1941,3354
39,1941,3354
39,1941,3354
39,1941,3354
39,1941,3354
39,1941,3354
39,1941,3354
-587,1918,3823
-587,1918,3823
-587,1918,3823
-587,1918,3823
-587,1918,3823
-587,1918,3823
-587,1918,3823
-587,1918,3823
-587,1918,3823
-1073,1931,4244
-1073,1931,4244
-1073,1931,4244
-1073,1931,4244
-1073,1931,4244
-1073,1931,4244
-1073,1931,4244
-1073,1931,4244
-1073,1931,4244
-1466,2000,4851
-1466,2000,4851
-1466,2000,4851
-1466,2000,4851
-1466,2000,4851
-1466,2000,4851
-1466,2000,4851
-1466,2000,4851
-1466,2000,4851
-1749,2016,5575
-1749,2016,5575
-1749,2016,5575
-1749,2016,5575
-1749,2016,5575
-1749,2016,5575
-1749,2016,5575
-1749,2016,5575
-1749,2016,5575
-1777,1908,6083
-1777,1908,6083
-1777,1908,6083
-1777,1908,6083
-1777,1908,6083
-1777,1908,6083
-1777,1908,6083
-1777,1908,6083
-1777,1908,6083
-1750,1865,6478
-1750,1865,6478
-1750,1865,6478
-1750,1865,6478
-1750,1865,6478
-1750,1865,6478
-1750,1865,6478
-1750,1865,6478
-1750,1865,6478
-1750,1865,6478
-1689,1815,6811
-1689,1815,6811
-1689,1815,6811
-1689,1815,6811
-1557,1696,7305
-1557,1696,7305
-1557,1696,7305
-1557,1696,7305
-1557,1696,7305
-1557,1696,7305
-1557,1696,7305
-1557,1696,7305
-1557,1696,7305
-1227,1600,7908
-1227,1600,7908
-1227,1600,7908
-1227,1600,7908
-1227,1600,7908
-1227,1600,7908
-1227,1600,7908
-1227,1600,7908
-1227,1600,7908
-1227,1600,7908
-867,1634,8358
-867,1634,8358
-867,1634,8358
-867,1634,8358
-867,1634,8358
-867,1634,8358
-867,1634,8358
-867,1634,8358
-867,1634,8358
-487,1654,8726
-487,1654,8726
-487,1654,8726
-487,1654,8726
-487,1654,8726
-487,1654,8726
-487,1654,8726
-487,1654,8726
-487,1654,8726
-61,1625,8999
-61,1625,8999
-61,1625,8999
-61,1625,8999
-61,1625,8999
-61,1625,8999
-61,1625,8999
-61,1625,8999
565,1576,9256
565,1576,9256
565,1576,9256
565,1576,9256
565,1576,9256
565,1576,9256
565,1576,9256
565,1576,9256
565,1576,9256
565,1576,9322
1062,1487,9322
1062,1487,9322
1062,1487,9322
1062,1487,9322
1062,1487,9322
1062,1487,9322
1062,1487,9322
1062,1487,9322
1062,1487,9322
1432,1448,9396
1432,1448,9396
1432,1448,9396
1432,1448,9396
1432,1448,9396
1432,1448,9396
1432,1448,9396
1432,1448,9396
1432,1448,9396
1815,1490,9408
1815,1490,9408
1815,1490,9408
1815,1490,9408
1815,1490,9408
1815,1490,9408
1815,1490,9408
1815,1490,9408
1815,1490,9408
2216,1520,9403
2216,1520,9403
2216,1520,9403
2216,1520,9403
2216,1520,9403
2216,1520,9403
2216,1520,9403
2216,1520,9403
2216,1520,9403
2474,1524,9334
2474,1524,9334
2474,1524,9334
2474,1524,9334
2474,1524,9334
2474,1524,9334
2474,1524,9334
2474,1524,9334
2474,1524,9334
2474,1524,9334
2539,1603,9373
2539,1603,9373
2539,1603,9373
2539,1603,9373
2539,1603,9373
2539,1603,9373
2539,1603,9373
2539,1603,9373
2539,1603,9394
2602,1762,9394
2602,1762,9394
2602,1762,9394
2602,1762,9394
2602,1762,9394
2602,1762,9394
2602,1762,9394
2602,1762,9394
2602,1762,9394
3029,1784,9274
3029,1784,9274
3029,1784,9274
3029,1784,9274
3029,1784,9274
3029,1784,9274
3029,1784,9274
3029,1784,9274
3029,1784,9274
3029,1784,9274
3630,1655,8936
3630,1655,8936
3630,1655,8936
3630,1655,8936
3630,1655,8936
3630,1655,8936
3630,1655,8936
3630,1655,8936
4071,1503,8499
4071,1503,8499
4071,1503,8499
4071,1503,8499
4071,1503,8499
4071,1503,8499
4071,1503,8499
4071,1503,8499
4071,1503,8499
4438,1421,7940
4438,1421,7940
4438,1421,7940
4438,1421,7940
4438,1421,7940
4438,1421,7940
4438,1421,7940
4438,1421,7940
4438,1421,7940
4438,1421,7940
4705,1441,7405
4705,1441,7405
4705,1441,7405
4705,1441,7405
4705,1441,7405
4705,1441,7405
4705,1441,7405
4705,1441,7405
4705,1441,7405
4877,1544,7038
4877,1544,7038
4877,1544,7038
4877,1544,7038
4877,1544,7038
4877,1544,7038
4877,1544,7038
4877,1544,7038
4877,1544,7038
5016,1631,6756
5016,1631,6756
5016,1631,6756
5016,1631,6756
5016,1631,6756
5016,1631,6756
5016,1631,6756
5016,1631,6756
5016,1631,6756
5045,1676,6593
5045,1676,6593
5045,1676,6593
5045,1676,6593
5045,1676,6593
5045,1676,6593
5045,1676,6593
5045,1676,6593
5045,1676,6593
5045,1676,6593
5064,1734,6274
5064,1734,6274
5064,1734,6274
5064,1734,6274
5064,1734,6274
5064,1734,6274
5064,1734,6274
5064,1734,6274
5064,1734,6274
5014,1787,5565
5014,1787,5565
5014,1787,5565
5014,1787,5565
5014,1787,5565
5014,1787,5565
5014,1787,5565
5014,1787,5565
5014,1787,5565
4730,1790,4883
4730,1790,4883
4730,1790,4883
4730,1790,4883
4730,1790,4883
4730,1790,4883
4730,1790,4883
4730,1790,4883
4730,1790,4883
4304,1767,4306
4304,1767,4306
4304,1767,4306
4304,1767,4306
4304,1767,4306
4304,1767,4306
4304,1767,4306
4304,1767,4306
4304,1767,4306
3716,1797,3700
3716,1797,3700
3716,1797,3700
3716,1797,3700
3716,1797,3700
3716,1797,3700
3716,1797,3700
3716,1797,3700
3166,1918,3431
3166,1918,3431
3166,1918,3431
3166,1918,3431
3166,1918,3431
3166,1918,3431
3166,1918,3431
3166,1918,3431
3166,1918,3431
2761,1920,3200
2761,1920,3200
2761,1920,3200
2761,1920,3200
2761,1920,3200
2761,1920,3200
2761,1920,3200
2761,1920,3200
2761,1920,3200
2255,1850,3164
2255,1850,3164
2255,1850,3164
2255,1850,3164
2255,1850,3164
2255,1850,3164
1406,1798,3101
1406,1798,3101
1406,1798,3101
1406,1798,3101
1406,1798,3101
1406,1798,3101
1406,1798,3101
1406,1798,3101
1406,1798,3101
678,1914,3207
678,1914,3207
678,1914,3207
678,1914,3207
678,1914,3207
678,1914,3207
678,1914,3207
678,1914,3207
678,1914,3207
-60,2046,3398
-60,2046,3398
-60,2046,3398
-60,2046,3398
-60,2046,3398
-60,2046,3398
-60,2046,3398
-60,2046,3398
-60,2046,3398
-597,2051,3802
-597,2051,3802
-597,2051,3802
-597,2051,3802
-597,2051,3802
-597,2051,3802
-597,2051,3802
-597,2051,3802
-597,2051,3802
-1064,1966,4264
-1064,1966,4264
-1064,1966,4264
-1064,1966,4264
-1064,1966,4264
-1064,1966,4264
-1064,1966,4264
-1064,1966,4264
-1064,1966,4264
-1429,1929,4804
-1429,1929,4804
-1429,1929,4804
-1429,1929,4804
-1429,1929,4804
-1429,1929,4804
-1429,1929,4804
-1429,1929,4804
-1429,1929,4804
-1681,1900,5442
-1681,1900,5442
-1681,1900,5442
-1681,1900,5442
-1681,1900,5442
-1681,1900,5442
-1681,1900,5442
-1681,1900,5442
-1681,1900,5442
-1745,1871,5959
-1745,1871,5959
-1745,1871,5959
-1745,1871,5959
-1745,1871,5959
-1745,1871,5959
-1745,1871,5959
-1745,1871,5959
-1745,1871,5959
-1745,1871,5959
-1765,1833,6359
-1765,1833,6359
-1765,1833,6359
-1765,1833,6359
-1765,1833,6359
-1765,1833,6359
-1765,1833,6359
-1765,1833,6359
-1765,1833,6359
-1732,1838,6593
-1732,1838,6593
-1732,1838,6593
-1732,1838,6593
-1732,1838,6593
-1732,1838,6593
-1732,1838,6593
-1732,1838,6593
-1732,1838,6593
-1638,1775,7061
-1638,1775,7061
-1638,1775,7061
-1638,1775,7061
-1638,1775,7061
-1638,1775,7061
-1638,1775,7061
-1638,1775,7061
-1638,1775,7061
-1638,1775,7061
-1435,1786,7517
-1435,1786,7517
-1435,1786,7517
-1435,1786,7517
-1435,1786,7517
-1435,1786,7517
-1435,1786,7517
-1435,1786,7517
-1435,1786,7517
-1150,1764,8086
-1150,1764,8086
-1150,1764,8086
-1150,1764,8086
-1150,1764,8086
-1150,1764,8086
-1150,1764,8086
-1150,1764,8086
-1150,1764,8086
-742,1804,8569
-742,1804,8569
-742,1804,8569
-742,1804,8569
-742,1804,8569
-742,1804,8569
-742,1804,8569
-742,1804,8569
-742,1804,8569
-224,1728,8934
-224,1728,8934
-224,1728,8934
-224,1728,8934
-224,1728,8934
-224,1728,8934
-224,1728,8934
-224,1728,8934
-224,1728,8934
487,1574,9297
487,1574,9297
487,1574,9297
487,1574,9297
487,1574,9297
487,1574,9297
487,1574,9297
487,1574,9297
487,1574,9297
487,1574,9297
1405,1488,9385
1405,1488,9385
1405,1488,9385
1405,1488,9385
1405,1488,9385
1405,1488,9385
1405,1488,9385
1405,1488,9385
2220,1400,9313
2220,1400,9313
2220,1400,9313
2220,1400,9313
2220,1400,9313
2220,1400,9313
2220,1400,9313
2220,1400,9313
2220,1400,9313
2919,1391,9128
2919,1391,9128
2919,1391,9128
2919,1391,9128
2919,1391,9128
2919,1391,9128
2919,1391,9128
2919,1391,9128
2919,1391,9128
2919,1391,9128
3371,1524,9044
3371,1524,9044
3371,1524,9044
3371,1524,9044
3371,1524,9044
3371,1524,9044
3371,1524,9044
3371,1524,9044
3736,1631,8808
3736,1631,8808
3736,1631,8808
3736,1631,8808
3736,1631,8808
3736,1631,8808
3736,1631,8808
3736,1631,8808
3736,1631,8808
3736,1631,8808
4180,1659,8403
4180,1659,8403
4180,1659,8403
4180,1659,8403
4180,1659,8403
4180,1659,8403
4180,1659,8403
4180,1659,8403
4180,1659,8403
4180,1659,8403
4511,1487,7818
4511,1487,7818
4511,1487,7818
4511,1487,7818
4511,1487,7818
4511,1487,7818
4511,1487,7818
4511,1487,7818
4511,1487,7818
4756,1409,7198
4756,1409,7198
4756,1409,7198
4756,1409,7198
4756,1409,7198
4756,1409,7198
4756,1409,7198
4756,1409,7198
4756,1409,7198
4886,1450,6733
4886,1450,6733
4886,1450,6733
4886,1450,6733
4886,1450,6733
4886,1450,6733
4886,1450,6733
4886,1450,6733
4886,1450,6733
5017,1668,6200
5017,1668,6200
5017,1668,6200
5017,1668,6200
5017,1668,6200
5017,1668,6200
5017,1668,6200
5017,1668,6200
5017,1668,6200
4996,1646,5918
4996,1646,5918
4996,1646,5918
4996,1646,5918
4996,1646,5918
4996,1646,5918
4996,1646,5918
4996,1646,5918
4996,1646,5918
5002,1763,5707
5002,1763,5707
5002,1763,5707
5002,1763,5707
4981,1891,5384
4981,1891,5384
4981,1891,5384
4981,1891,5384
4981,1891,5384
4981,1891,5384
4981,1891,5384
4981,1891,5384
4981,1891,5384
4768,1893,4822
4768,1893,4822
4768,1893,4822
4768,1893,4822
4768,1893,4822
4768,1893,4822
4768,1893,4822
4768,1893,4822
4768,1893,4822
4768,1893,4822
4446,1837,4381
4446,1837,4381
4446,1837,4381
4446,1837,4381
4446,1837,4381
4446,1837,4381
4446,1837,4381
4446,1837,4381
4446,1837,4381
3903,1690,3817
3903,1690,3817
3903,1690,3817
3903,1690,3817
3903,1690,3817
3903,1690,3817
3903,1690,3817
3903,1690,3817
3903,1690,3817
2970,1728,3289
2970,1728,3289
2970,1728,3289
2970,1728,3289
2970,1728,3289
2970,1728,3289
2970,1728,3289
2970,1728,3289
2970,1728,3289
2087,1852,3022
2087,1852,3022
2087,1852,3022
2087,1852,3022
2087,1852,3022
2087,1852,3022
2087,1852,3022
2087,1852,3022
2087,1852,3022
2087,1852,3022
1340,1983,2955
1340,1983,2955
1340,1983,2955
1340,1983,2955
1340,1983,2955
1340,1983,2955
1340,1983,2955
1340,1983,2955
1340,1983,2955
658,2017,3135
658,2017,3135
658,2017,3135
658,2017,3135
658,2017,3135
658,2017,3135
658,2017,3135
658,2017,3135
658,2017,3135
14,1980,3391
14,1980,3391
14,1980,3391
14,1980,3391
14,1980,3391
14,1980,3391
14,1980,3391
14,1980,3391
14,1980,3807
-599,1999,3807
-599,1999,3807
-599,1999,3807
-599,1999,3807
-599,1999,3807
-599,1999,3807
-599,1999,3807
-599,1999,3807
-599,1999,3807
-1199,2068,4384
-1199,2068,4384
-1199,2068,4384
-1199,2068,4384
-1199,2068,4384
-1199,2068,4384
-1199,2068,4384
-1199,2068,4384
-1199,2068,4384
-1512,2102,4889
-1512,2102,4889
-1512,2102,4889
-1512,2102,4889
-1512,2102,4889
-1512,2102,4889
-1512,2102,4889
-1512,2102,4889
-1512,2102,4889
-1512,2102,5625
-1746,2095,5625
-1746,2095,5625
-1746,2095,5625
-1746,2095,5625
-1746,2095,5625
-1746,2095,5625
-1746,2095,5625
-1746,2095,5625
-1746,2095,5625
-1781,1988,6522
-1781,1988,6522
-1781,1988,6522
-1781,1988,6522
-1781,1988,6522
-1781,1988,6522
-1781,1988,6522
-1781,1988,6522
-1781,1988,6522
-1665,1964,7147
-1665,1964,7147
-1665,1964,7147
-1665,1964,7147
-1665,1964,7147
-1665,1964,7147
-1665,1964,7147
-1665,1964,7147
-1665,1964,7147
-1523,1944,7481
-1523,1944,7481
-1523,1944,7481
-1523,1944,7481
-1523,1944,7481
-1523,1944,7481
-1523,1944,7481
-1523,1944,7481
-1523,1944,7481
-1323,1863,7803
-1323,1863,7803
-1323,1863,7803
-1323,1863,7803
-1323,1863,7803
-1323,1863,7803
-1323,1863,7803
-1323,1863,7803
-1323,1863,7803
-1323,1863,7803
-1195,1991,8046
-1195,1991,8046
-1195,1991,8046
-1195,1991,8046
-1195,1991,8046
-1195,1991,8046
-1195,1991,8046
-1195,1991,8046
-1049,1937,8306
-1049,1937,8306
-1049,1937,8306
-1049,1937,8306
-1049,1937,8306
-1049,1937,8306
-1049,1937,8306
-1049,1937,8306
-1049,1937,8306
-1049,1937,8306
-624,1796,8605
-624,1796,8605
-624,1796,8605
-624,1796,8605
-624,1796,8605
-624,1796,8605
-624,1796,8605
-624,1796,8605
-624,1796,8605
-31,1718,9009
-31,1718,9009
-31,1718,9009
-31,1718,9009
-31,1718,9009
-31,1718,9009
-31,1718,9009
-31,1718,9009
-31,1718,9009
542,1839,9301
542,1839,9301
542,1839,9301
542,1839,9301
542,1839,9301
542,1839,9301
542,1839,9301
542,1839,9301
542,1839,9301
542,1978,9486
1209,1978,9486
1209,1978,9486
1209,1978,9486
1209,1978,9486
1209,1978,9486
1209,1978,9486
1209,1978,9486
1209,1978,9486
1209,1978,9486
1756,2081,9590
1756,2081,9590
1756,2081,9590
1756,2081,9590
1756,2081,9590
1756,2081,9590
1756,2081,9590
1756,2081,9590
1756,2081,9590
2479,1950,9423
2479,1950,9423
2479,1950,9423
2479,1950,9423
2479,1950,9423
2479,1950,9423
2479,1950,9423
2479,1950,9423
2479,1950,9423
3114,1837,9246
3114,1837,9246
3114,1837,9246
3114,1837,9246
3114,1837,9246
3114,1837,9246
3114,1837,9246
3114,1837,9246
3114,1837,9246
3576,1767,8956
3576,1767,8956
3576,1767,8956
3576,1767,8956
3576,1767,8956
3576,1767,8956
3576,1767,8956
3576,1767,8956
3576,1767,8956
3576,1767,8658
3999,1721,8658
3999,1721,8658
3999,1721,8658
4302,1697,8241
4302,1697,8241
4302,1697,8241
4302,1697,8241
4302,1697,8241
4302,1697,8241
4302,1697,8241
4302,1697,8241
4302,1697,8241
4302,1697,8241
4690,1814,7732
4690,1814,7732
4690,1814,7732
4690,1814,7732
4690,1814,7732
4690,1814,7732
4690,1814,7732
4690,1814,7732
4949,1845,7237
4949,1845,7237
4949,1845,7237
4949,1845,7237
4949,1845,7237
4949,1845,7237
4949,1845,7237
4949,1845,7237
4949,1845,7237
5093,1873,6614
5093,1873,6614
5093,1873,6614
5093,1873,6614
5093,1873,6614
5093,1873,6614
5093,1873,6614
5093,1873,6614
5093,1873,6614
5093,1873,6614
5152,1962,6245
5152,1962,6245
5152,1962,6245
5152,1962,6245
5152,1962,6245
5152,1962,6245
5152,1962,6245
5152,1962,6245
5152,1962,6245
5092,2012,5848
5092,2012,5848
5092,2012,5848
5092,2012,5848
5092,2012,5848
5092,2012,5848
5092,2012,5848
5092,2012,5848
5092,2012,5848
5092,2012,5848
5067,2091,5410
5067,2091,5410
5067,2091,5410
5067,2091,5410
5067,2091,5410
5067,2091,5410
5067,2091,5410
5067,2091,5410
5067,2091,5410
4966,2029,5202
4966,2029,5202
4966,2029,5202
4966,2029,5202
4966,2029,5202
4966,2029,5202
4966,2029,5202
4966,2029,5202
4966,2029,5202
4898,2139,4989
4898,2139,4989
4898,2139,4989
4898,2139,4989
4898,2139,4989
4898,2139,4989
4898,2139,4989
4898,2139,4989
4898,2139,4989
4898,2112,4216
4496,2112,4216
4496,2112,4216
4496,2112,4216
4496,2112,4216
4496,2112,4216
4496,2112,4216
4496,2112,4216
4496,2112,4216
4496,2112,4216
4013,2088,3769
4013,2088,3769
4013,2088,3769
4013,2088,3769
4013,2088,3769
4013,2088,3769
4013,2088,3769
4013,2088,3769
4013,2088,3769
3530,1979,3508
3530,1979,3508
3530,1979,3508
3530,1979,3508
3530,1979,3508
3530,1979,3508
3530,1979,3508
3530,1979,3508
3141,1958,3365
3141,1958,3365
3141,1958,3365
3141,1958,3365
3141,1958,3365
3141,1958,3365
3141,1958,3365
3141,1958,3365
3141,1958,3365
2638,2042,3108
2638,2042,3108
2638,2042,3108
2638,2042,3108
2638,2042,3108
2638,2042,3108
2638,2042,3108
2638,2042,3108
2638,2042,3108
2638,2042,3108
1870,2116,2972
1870,2116,2972
1870,2116,2972
1870,2116,2972
1870,2116,2972
1870,2116,2972
1870,2116,2972
1870,2116,2972
1870,2116,2972
713,2215,3101
713,2215,3101
713,2215,3101
713,2215,3101
713,2215,3101
713,2215,3101
713,2215,3101
713,2215,3101
713,2215,3101
-289,2062,3508
-289,2062,3508
-289,2062,3508
-289,2062,3508
-289,2062,3508
-289,2062,3508
-289,2062,3508
-289,2062,3508
-289,2062,3508
-289,2062,3508
-1063,1979,4205
-1063,1979,4205
-1063,1979,4205
-1063,1979,4205
-1063,1979,4205
-1063,1979,4205
-1063,1979,4205
-1063,1979,4205
-1063,1979,4205
-1540,2053,4968
-1540,2053,4968
-1540,2053,4968
-1540,2053,4968
-1540,2053,4968
-1540,2053,4968
-1540,2053,4968
-1540,2053,4968
-1540,2053,4968
-1540,2053,4968
-1828,2247,5802
-1828,2247,5802
-1828,2247,5802
-1828,2247,5802
-1828,2247,5802
-1828,2247,5802
-1828,2247,5802
-1828,2247,5802
-1828,2247,5802
-1806,2258,6636
-1806,2258,6636
-1806,2258,6636
-1806,2258,6636
-1806,2258,6636
-1806,2258,6636
-1806,2258,6636
-1806,2258,6636
-1806,2258,6636
-1629,2207,7449
-1629,2207,7449
-1629,2207,7449
-1629,2207,7449
-1629,2207,7449
-1629,2207,7449
-1629,2207,7449
-1629,2207,7449
-1457,2167,7760
-1457,2167,7760
-1457,2167,7760
-1457,2167,7760
-1457,2167,7760
-1457,2167,7760
-1457,2167,7760
-1457,2167,7760
-1457,2167,7760
-1238,2133,8103
-1238,2133,8103
-1238,2133,8103
-1238,2133,8103
-1238,2133,8103
-1238,2133,8103
-1238,2133,8103
-1238,2133,8103
-1238,2133,8103
-1238,2133,8103
-826,1988,8608
-826,1988,8608
-826,1988,8608
-826,1988,8608
-826,1988,8608
-826,1988,8608
-826,1988,8608
-826,1988,8608
-826,1988,8608
-184,1928,8996
-184,1928,8996
-184,1928,8996
-184,1928,8996
-184,1928,8996
-184,1928,8996
-184,1928,8996
-184,1928,8996
-184,1928,8996
424,2017,9344
424,2017,9344
424,2017,9344
424,2017,9344
424,2017,9344
424,2017,9344
424,2017,9344
424,2017,9344
424,2017,9344
912,2002,9466
912,2002,9466
912,2002,9466
912,2002,9466
1517,1974,9562
1517,1974,9562
1517,1974,9562
1517,1974,9562
1517,1974,9562
1517,1974,9562
1517,1974,9562
1517,1974,9562
1517,1974,9562
2056,1890,9540
2056,1890,9540
2056,1890,9540
2056,1890,9540
2056,1890,9540
2056,1890,9540
2056,1890,9540
2056,1890,9540
2056,1890,9540
2056,1890,9540
2587,1895,9472
2587,1895,9472
2587,1895,9472
2587,1895,9472
2587,1895,9472
2587,1895,9472
2587,1895,9472
2587,1895,9472
2587,1895,9472
3049,1918,9253
3049,1918,9253
3049,1918,9253
3049,1918,9253
3049,1918,9253
3049,1918,9253
3049,1918,9253
3049,1918,9253
3049,1918,9253
3440,2026,9161
3440,2026,9161
3440,2026,9161
3440,2026,9161
3440,2026,9161
3440,2026,9161
3440,2026,9161
3440,2026,9161
3440,2026,9161
3689,2114,8987
3689,2114,8987
3689,2114,8987
3689,2114,8987
3689,2114,8987
3689,2114,8987
3689,2114,8987
3689,2114,8987
3689,2114,8987
4040,2180,8778
4040,2180,8778
4040,2180,8778
4040,2180,8778
4040,2180,8778
4040,2180,8778
4040,2180,8778
4040,2180,8778
4040,2180,8778
4040,2180,8778
4222,2178,8592
4222,2178,8592
4222,2178,8592
4222,2178,8592
4222,2178,8592
4222,2178,8592
4222,2178,8592
4222,2178,8592
4222,2178,8592
4369,2090,8389
4369,2090,8389
4369,2090,8389
4369,2090,8389
4369,2090,8389
4369,2090,8389
4369,2090,8389
4369,2090,8389
4369,2090,8389
4642,2135,8040
4642,2135,8040
4642,2135,8040
4642,2135,8040
4642,2135,8040
4642,2135,8040
4642,2135,8040
4642,2135,8040
4642,2135,8040
4911,2248,7544
4911,2248,7544
4911,2248,7544
4911,2248,7544
4911,2248,7544
4911,2248,7544
4911,2248,7544
4911,2248,7544
4911,2248,7544
4911,2248,7056
5136,2330,7056
5136,2330,7056
5136,2330,7056
5136,2330,7056
5136,2330,7056
5136,2330,7056
5136,2330,7056
5136,2330,7056
5202,2427,6504
5202,2427,6504
5202,2427,6504
5202,2427,6504
5202,2427,6504
5202,2427,6504
5202,2427,6504
5202,2427,6504
5202,2427,6504
5202,2427,6504
5199,2458,5978
5199,2458,5978
5199,2458,5978
5199,2458,5978
5199,2458,5978
5199,2458,5978
5199,2458,5978
5199,2458,5978
5199,2458,5978
5191,2461,5923
5191,2461,5923
5191,2461,5923
5191,2461,5923
5191,2461,5923
5191,2461,5923
5191,2461,5923
5191,2461,5923
5178,2435,5638
5178,2435,5638
5178,2435,5638
5178,2435,5638
5178,2435,5638
5178,2435,5638
5178,2435,5638
5178,2435,5638
5178,2435,5638
5178,2435,5638
4954,2377,5054
4954,2377,5054
4954,2377,5054
4954,2377,5054
4954,2377,5054
4954,2377,5054
4954,2377,5054
4954,2377,5054
4954,2377,5054
4954,2377,5054
4695,2297,4543
4695,2297,4543
4695,2297,4543
4695,2297,4543
4695,2297,4543
4695,2297,4543
4695,2297,4543
4695,2297,4543
4695,2297,4543
4457,2206,4242
4457,2206,4242
4457,2206,4242
4457,2206,4242
4457,2206,4242
4457,2206,4242
4457,2206,4242
4457,2206,4242
4457,2206,4242
4154,2174,3939
4154,2174,3939
4154,2174,3939
4154,2174,3939
4154,2174,3939
4154,2174,3939
4154,2174,3939
4154,2174,3939
4154,2174,3939
3807,2301,3624
3807,2301,3624
3807,2301,3624
3807,2301,3624
3807,2301,3624
3807,2301,3624
3807,2301,3624
3807,2301,3624
3807,2301,3624
3807,2301,3624
3158,2450,3216
3158,2450,3216
3158,2450,3216
3158,2450,3216
3158,2450,3216
3158,2450,3216
3158,2450,3216
3158,2450,3216
3158,2450,3216
2746,2463,3050
2746,2463,3050
2746,2463,3050
2746,2463,3050
2746,2463,3050
2746,2463,3050
2746,2463,3050
2746,2463,3050
2746,2463,3050
2177,2462,2912
2177,2462,2912
2177,2462,2912
2177,2462,2912
2177,2462,2912
2177,2462,2912
2177,2462,2912
2177,2462,2912
2177,2462,2912
1156,2545,2904
1156,2545,2904
1156,2545,2904
1156,2545,2904
1156,2545,2904
1156,2545,2904
1156,2545,2904
1156,2545,2904
220,2688,3202
220,2688,3202
220,2688,3202
220,2688,3202
220,2688,3202
220,2688,3202
220,2688,3202
220,2688,3202
220,2688,3202
220,2688,3202
-640,2859,3654
-640,2859,3654
-640,2859,3654
-640,2859,3654
-640,2859,3654
-640,2859,3654
-640,2859,3654
-640,2859,3654
-640,2859,3654
-1269,2872,4320
-1269,2872,4320
-1269,2872,4320
-1269,2872,4320
-1269,2872,4320
-1269,2872,4320
-1269,2872,4320
-1694,2777,5011
-1694,2777,5011
-1694,2777,5011
-1694,2777,5011
-1694,2777,5011
-1694,2777,5011
-1694,2777,5011
-1883,2718,5743
-1883,2718,5743
-1883,2718,5743
-1883,2718,5743
-1883,2718,5743
-1883,2718,5743
-1883,2718,5743
-1883,2718,5743
-1883,2718,5743
-1897,2757,6447
-1897,2757,6447
-1897,2757,6447
-1897,2757,6447
-1897,2757,6447
-1897,2757,6447
-1897,2757,6447
-1897,2757,6447
-1897,2757,6447
-1850,2738,6909
-1850,2738,6909
-1850,2738,6909
-1850,2738,6909
-1850,2738,6909
-1850,2738,6909
-1850,2738,6909
-1850,2738,6909
-1850,2738,6909
-1850,2738,6909
-1624,2725,7504
-1624,2725,7504
-1624,2725,7504
-1624,2725,7504
-1624,2725,7504
-1624,2725,7504
-1624,2725,7504
-1624,2725,7504
-1624,2725,7504
-1295,2556,8066
-1295,2556,8066
-1295,2556,8066
-1295,2556,8066
-1295,2556,8066
-1295,2556,8066
-1295,2556,8066
-1295,2556,8066
-1295,2556,8066
-968,2502,8520
-968,2502,8520
-968,2502,8520
-968,2502,8520
-968,2502,8520
-968,2502,8520
-968,2502,8520
-968,2502,8520
-507,2547,8933
-507,2547,8933
-507,2547,8933
-507,2547,8933
-507,2547,8933
-507,2547,8933
-507,2547,8933
-507,2547,8933
-507,2547,8933
152,2591,9310
152,2591,9310
152,2591,9310
152,2591,9310
152,2591,9310
152,2591,9310
152,2591,9310
152,2591,9310
152,2591,9310
725,2598,9557
725,2598,9557
725,2598,9557
725,2598,9557
725,2598,9557
725,2598,9557
725,2598,9557
725,2598,9557
725,2598,9557
725,2598,9557
1309,2545,9643
1309,2545,9643
1309,2545,9643
1309,2545,9643
1309,2545,9643
1309,2545,9643
1309,2545,9643
1309,2545,9643
1309,2545,9643
1309,2545,9643
2083,2446,9647
2083,2446,9647
2083,2446,9647
2083,2446,9647
2083,2446,9647
2083,2446,9647
2083,2446,9647
2083,2446,9647
2083,2446,9647
2721,2360,9507
2721,2360,9507
2721,2360,9507
2721,2360,9507
2721,2360,9507
2721,2360,9507
2721,2360,9507
2721,2360,9507
2721,2360,9507
3426,2367,9259
3426,2367,9259
3426,2367,9259
3426,2367,9259
3426,2367,9259
3426,2367,9259
3426,2367,9259
3426,2367,9259
3426,2367,9259
4117,2488,8739
4117,2488,8739
4117,2488,8739
4117,2488,8739
4117,2488,8739
4117,2488,8739
4117,2488,8739
4117,2488,8739
4117,2488,8739
4438,2501,8423
4438,2501,8423
4438,2501,8423
4438,2501,8423
4438,2501,8423
4438,2501,8423
4438,2501,8423
4438,2501,8423
4438,2501,8423
4438,2501,8423
4726,2434,7958
4726,2434,7958
4726,2434,7958
4726,2434,7958
4726,2434,7958
4726,2434,7958
4726,2434,7958
4726,2434,7958
4948,2405,7560
4948,2405,7560
4948,2405,7560
4948,2405,7560
4948,2405,7560
4948,2405,7560
4948,2405,7560
4948,2405,7560
4948,2405,7560
5125,2442,7030
5125,2442,7030
5125,2442,7030
5125,2442,7030
5125,2442,7030
5125,2442,7030
5125,2442,7030
5125,2442,7030
5125,2442,7030
5125,2442,7030
5215,2541,6467
5215,2541,6467
5215,2541,6467
5215,2541,6467
5215,2541,6467
5215,2541,6467
5215,2541,6467
5215,2541,6467
5215,2541,6467
5206,2757,6056
5206,2757,6056
5206,2757,6056
5206,2757,6056
5206,2757,6056
5206,2757,6056
5206,2757,6056
5206,2757,6056
5206,2757,6056
5231,2858,5774
5231,2858,5774
5231,2858,5774
5231,2858,5774
5231,2858,5774
5231,2858,5774
5231,2858,5774
5231,2858,5774
5231,2858,5774
5231,2858,5551
5169,2856,5551
5169,2856,5551
5169,2856,5551
5169,2856,5551
5169,2856,5551
5169,2856,5551
5169,2856,5551
5169,2856,5551
5160,2836,5554
5160,2836,5554
5160,2836,5554
5160,2836,5554
5160,2836,5554
5160,2836,5554
5160,2836,5554
5160,2836,5554
5160,2836,5554
5160,2836,5554
5073,2927,5245
5073,2927,5245
5073,2927,5245
5073,2927,5245
5073,2927,5245
5073,2927,5245
5073,2927,5245
5073,2927,5245
5073,2927,5245
5073,2927,5245
4865,2952,4712
4865,2952,4712
4865,2952,4712
4865,2952,4712
4865,2952,4712
4865,2952,4712
4865,2952,4712
4865,2952,4712
4865,2952,4712
4532,2868,4279
4532,2868,4279
4532,2868,4279
4532,2868,4279
4532,2868,4279
4532,2868,4279
4532,2868,4279
4532,2868,4279
4178,2810,3843
4178,2810,3843
4178,2810,3843
4178,2810,3843
4178,2810,3843
4178,2810,3843
4178,2810,3843
4178,2810,3843
4178,2810,3843
3788,2806,3575
3788,2806,3575
3788,2806,3575
3788,2806,3575
3788,2806,3575
3419,2828,3357
3419,2828,3357
3419,2828,3357
3419,2828,3357
3419,2828,3357
3419,2828,3357
3419,2828,3357
3419,2828,3357
3419,2828,3357
2965,2858,3156
2965,2858,3156
2965,2858,3156
2965,2858,3156
2965,2858,3156
2965,2858,3156
2965,2858,3156
2965,2858,3156
2965,2858,3156
2504,2909,3011
2504,2909,3011
2504,2909,3011
2504,2909,3011
2504,2909,3011
2504,2909,3011
2504,2909,3011
2504,2909,3011
2504,2909,3011
2504,2909,3011
1905,2994,2937
1905,2994,2937
1905,2994,2937
1905,2994,2937
1905,2994,2937
1905,2994,2937
1905,2994,2937
1905,2994,2937
1905,2994,2937
1029,2951,2976
1029,2951,2976
1029,2951,2976
1029,2951,2976
1029,2951,2976
1029,2951,2976
1029,2951,2976
1029,2951,2976
1029,2951,2976
83,2864,3243
83,2864,3243
83,2864,3243
83,2864,3243
83,2864,3243
83,2864,3243
83,2864,3243
83,2864,3243
83,2864,3243
-852,2918,3902
-852,2918,3902
-852,2918,3902
-852,2918,3902
-852,2918,3902
-852,2918,3902
-852,2918,3902
-852,2918,3902
-852,2918,3902
-852,2918,3902
-1375,3157,4497
-1375,3157,4497
-1375,3157,4497
-1375,3157,4497
-1375,3157,4497
-1375,3157,4497
-1375,3157,4497
-1375,3157,4497
-1375,3157,4497
-1749,3114,5234
-1749,3114,5234
-1749,3114,5234
-1749,3114,5234
-1749,3114,5234
-1749,3114,5234
-1749,3114,5234
-1749,3114,5234
-1879,3066,5874
-1879,3066,5874
-1879,3066,5874
-1879,3066,5874
-1879,3066,5874
-1879,3066,5874
-1879,3066,5874
-1879,3066,5874
-1879,3066,5874
-1879,3066,5874
-1939,3135,6324
-1939,3135,6324
-1939,3135,6324
-1939,3135,6324
-1939,3135,6324
-1939,3135,6324
-1939,3135,6324
-1939,3135,6324
-1939,3135,6324
-1889,3101,6710
-1889,3101,6710
-1889,3101,6710
-1889,3101,6710
-1889,3101,6710
-1889,3101,6710
-1889,3101,6710
-1889,3101,6710
-1889,3101,6710
-1777,3183,7240
-1777,3183,7240
-1777,3183,7240
-1777,3183,7240
-1777,3183,7240
-1777,3183,7240
-1777,3183,7240
-1777,3183,7240
-1777,3183,7240
-1583,3095,7740
-1583,3095,7740
-1583,3095,7740
-1583,3095,7740
-1583,3095,7740
-1583,3095,7740
-1583,3095,7740
-1583,3095,7740
-1583,3095,7740
-1376,2879,8096
-1376,2879,8096
-1376,2879,8096
-1376,2879,8096
-1376,2879,8096
-1376,2879,8096
-1376,2879,8096
-1376,2879,8096
-1376,2879,8096
-1376,2879,8096
-1155,2802,8402
-1155,2802,8402
-1155,2802,8402
-1155,2802,8402
-1155,2802,8402
-1155,2802,8402
-1155,2802,8402
-1155,2802,8402
-1155,2802,8402
-845,2707,8684
-845,2707,8684
-845,2707,8684
-845,2707,8684
-845,2707,8684
-845,2707,8684
-845,2707,8684
-845,2707,8684
-845,2707,8684
-514,2620,9004
-514,2620,9004
-514,2620,9004
-514,2620,9004
-514,2620,9004
-514,2620,9004
-514,2620,9004
-514,2620,9004
-514,2620,9004
0,2621,9288
0,2621,9288
0,2621,9288
0,2621,9288
0,2621,9288
0,2621,9288
0,2621,9288
0,2621,9288
0,2621,9288
314,2711,9399
314,2711,9399
314,2711,9399
314,2711,9399
314,2711,9399
314,2711,9399
314,2711,9399
314,2711,9399
314,2711,9399
706,2705,9549
706,2705,9549
706,2705,9549
706,2705,9549
706,2705,9549
706,2705,9549
706,2705,9549
706,2705,9549
706,2705,9549
706,2705,9549
1339,2650,9684
1339,2650,9684
1339,2650,9684
1339,2650,9684
1339,2650,9684
1339,2650,9684
1339,2650,9684
1339,2650,9684
1339,2650,9684
2233,2599,9643
2233,2599,9643
2233,2599,9643
2233,2599,9643
2233,2599,9643
2233,2599,9643
2233,2599,9643
2233,2599,9643
2233,2599,9643
3114,2566,9429
3114,2566,9429
3114,2566,9429
3114,2566,9429
3114,2566,9429
3114,2566,9429
3114,2566,9429
3114,2566,9429
3114,2566,9429
3576,2682,9176
3576,2682,9176
3576,2682,9176
3576,2682,9176
3576,2682,9176
3576,2682,9176
3576,2682,9176
3576,2682,9176
3576,2682,9176
3576,2682,9176
4054,2760,8864
4054,2760,8864
4054,2760,8864
4054,2760,8864
4054,2760,8864
4054,2760,8864
4054,2760,8864
4054,2760,8864
4054,2760,8864
4338,2806,8565
4338,2806,8565
4338,2806,8565
4338,2806,8565
4338,2806,8565
4338,2806,8565
4338,2806,8565
4338,2806,8565
4338,2806,8565
4489,2742,8376
4489,2742,8376
4489,2742,8376
4489,2742,8376
4740,2651,8070
4740,2651,8070
4740,2651,8070
4740,2651,8070
4740,2651,8070
4740,2651,8070
4740,2651,8070
4740,2651,8070
4740,2651,8070
4953,2687,7576
4953,2687,7576
4953,2687,7576
4953,2687,7576
4953,2687,7576
4953,2687,7576
4953,2687,7576
4953,2687,7576
5202,2874,6839
5202,2874,6839
5202,2874,6839
5202,2874,6839
5202,2874,6839
5202,2874,6839
5202,2874,6839
5202,2874,6839
5202,2874,6839
5202,2874,6839
5263,3085,6302
5263,3085,6302
5263,3085,6302
5263,3085,6302
5263,3085,6302
5263,3085,6302
5263,3085,6302
5263,3085,6302
5263,3085,6302
5263,3085,6302
5219,3123,5867
5219,3123,5867
5219,3123,5867
5219,3123,5867
5219,3123,5867
5219,3123,5867
5219,3123,5867
5219,3123,5867
5219,3123,5867
5050,3217,5325
5050,3217,5325
5050,3217,5325
5050,3217,5325
5050,3217,5325
5050,3217,5325
5050,3217,5325
5050,3217,5325
5050,3217,5325
4896,3418,5012
4896,3418,5012
4896,3418,5012
4896,3418,5012
4896,3418,5012
4896,3418,5012
4896,3418,5012
4896,3418,5012
4896,3418,5012
4896,3418,5012
4752,3631,4739
4752,3631,4739
4752,3631,4739
4752,3631,4739
4752,3631,4739
4752,3631,4739
4752,3631,4739
4752,3631,4739
4752,3631,4739
4726,3514,4682
4726,3514,4682
4726,3514,4682
4726,3514,4682
4726,3514,4682
4726,3514,4682
4726,3514,4682
4726,3514,4682
4726,3514,4682
4662,3354,4514
4662,3354,4514
4662,3354,4514
4662,3354,4514
4662,3354,4514
4662,3354,4514
4662,3354,4514
4662,3354,4514
4662,3354,4514
4352,3354,4151
4352,3354,4151
4352,3354,4151
4352,3354,4151
4352,3354,4151
4352,3354,4151
4352,3354,4151
4352,3354,4151
3931,3392,3713
3931,3392,3713
3931,3392,3713
3931,3392,3713
3931,3392,3713
3931,3392,3713
3931,3392,3713
3931,3392,3713
3931,3392,3713
3931,3392,3713
3407,3363,3423
3407,3363,3423
3407,3363,3423
3407,3363,3423
3407,3363,3423
3407,3363,3423
3407,3363,3423
3407,3363,3423
3407,3363,3423
2994,3452,3212
2994,3452,3212
2994,3452,3212
2994,3452,3212
2994,3452,3212
2994,3452,3212
2994,3452,3212
2994,3452,3212
2994,3452,3212
2579,3538,3118
2579,3538,3118
2579,3538,3118
2579,3538,3118
2579,3538,3118
2579,3538,3118
2579,3538,3118
2579,3538,3118
2579,3538,3118
2099,3596,3034
2099,3596,3034
2099,3596,3034
2099,3596,3034
2099,3596,3034
2099,3596,3034
2099,3596,3034
2099,3596,3034
2099,3596,3034
1536,3657,3003
1536,3657,3003
1536,3657,3003
1536,3657,3003
1536,3657,3003
1536,3657,3003
1536,3657,3003
1536,3657,3003
1536,3657,3003
1536,3657,3003
729,3742,3124
729,3742,3124
729,3742,3124
729,3742,3124
729,3742,3124
729,3742,3124
729,3742,3124
729,3742,3124
729,3742,3124
729,3742,3124
-241,3693,3571
-241,3693,3571
-241,3693,3571
-241,3693,3571
-241,3693,3571
-241,3693,3571
-241,3693,3571
-241,3693,3571
-241,3693,3571
-956,3557,4135
-956,3557,4135
-956,3557,4135
-956,3557,4135
-956,3557,4135
-956,3557,4135
-956,3557,4135
-956,3557,4135
-956,3557,4135
-1465,3429,4773
-1465,3429,4773
-1465,3429,4773
-1465,3429,4773
-1465,3429,4773
-1465,3429,4773
-1465,3429,4773
-1465,3429,4773
-1732,3405,5341
-1732,3405,5341
-1732,3405,5341
-1732,3405,5341
-1732,3405,5341
-1732,3405,5341
-1732,3405,5341
-1732,3405,5341
-1732,3405,5341
-1732,3405,5341
-1827,3491,5983
-1827,3491,5983
-1827,3491,5983
-1827,3491,5983
-1827,3491,5983
-1827,3491,5983
-1827,3491,5983
-1827,3491,5983
-1827,3491,5983
-1802,3415,6602
-1802,3415,6602
-1802,3415,6602
-1802,3415,6602
-1802,3415,6602
-1802,3415,6602
-1802,3415,6602
-1802,3415,6602
-1802,3415,6602
-1767,3355,7092
-1767,3355,7092
-1767,3355,7092
-1767,3355,7092
-1767,3355,7092
-1767,3355,7092
-1767,3355,7092
-1767,3355,7092
-1767,3355,7092
-1618,3263,7634
-1618,3263,7634
-1618,3263,7634
-1618,3263,7634
-1618,3263,7634
-1618,3263,7634
-1618,3263,7634
-1618,3263,7634
-1618,3263,7634
-1353,3207,8077
-1353,3207,8077
-1353,3207,8077
-1353,3207,8077
-1353,3207,8077
-1353,3207,8077
-1353,3207,8077
-1353,3207,8077
-1353,3207,8077
-1353,3207,8077
-1146,3185,8360
-1146,3185,8360
-1146,3185,8360
-1146,3185,8360
-814,3134,8721
-814,3134,8721
-814,3134,8721
-814,3134,8721
-814,3134,8721
-814,3134,8721
-814,3134,8721
-814,3134,8721
-487,3147,8952
-487,3147,8952
-487,3147,8952
-487,3147,8952
-487,3147,8952
-487,3147,8952
-487,3147,8952
-487,3147,8952
-487,3147,8952
-487,3147,8952
-90,3242,9127
-90,3242,9127
-90,3242,9127
-90,3242,9127
-90,3242,9127
-90,3242,9127
-90,3242,9127
-90,3242,9127
-90,3242,9127
-90,3242,9127
236,3275,9344
236,3275,9344
236,3275,9344
236,3275,9344
236,3275,9344
236,3275,9344
236,3275,9344
236,3275,9344
726,3120,9479
726,3120,9479
726,3120,9479
726,3120,9479
726,3120,9479
726,3120,9479
726,3120,9479
726,3120,9479
726,3120,9479
1300,2926,9622
1300,2926,9622
1300,2926,9622
1300,2926,9622
1300,2926,9622
1300,2926,9622
1300,2926,9622
1300,2926,9622
1300,2926,9622
1906,2878,9659
1906,2878,9659
1906,2878,9659
1906,2878,9659
1906,2878,9659
1906,2878,9659
1906,2878,9659
1906,2878,9659
1906,2878,9659
2604,2942,9516
2604,2942,9516
2604,2942,9516
2604,2942,9516
2604,2942,9516
2604,2942,9516
2604,2942,9516
2604,2942,9516
2604,2942,9516
2604,2942,9516
3204,3093,9336
3204,3093,9336
3204,3093,9336
3204,3093,9336
3204,3093,9336
3204,3093,9336
3204,3093,9336
3204,3093,9336
3204,3093,9336
3770,3186,9041
3770,3186,9041
3770,3186,9041
3770,3186,9041
3770,3186,9041
3770,3186,9041
3770,3186,9041
3770,3186,9041
3770,3186,9041
4098,3307,8796
4098,3307,8796
4098,3307,8796
4098,3307,8796
4098,3307,8796
4098,3307,8796
4098,3307,8796
4098,3307,8796
4098,3307,8796
4552,3331,8210
4552,3331,8210
4552,3331,8210
4552,3331,8210
4552,3331,8210
4552,3331,8210
4552,3331,8210
4552,3331,8210
4552,3331,8210
4984,3335,7544
4984,3335,7544
4984,3335,7544
4984,3335,7544
4984,3335,7544
4984,3335,7544
4984,3335,7544
4984,3335,7544
4984,3335,7544
4984,3335,7544
5172,3416,6838
5172,3416,6838
5172,3416,6838
5172,3416,6838
5172,3416,6838
5172,3416,6838
5172,3416,6838
5172,3416,6838
5203,3518,6261
5203,3518,6261
5203,3518,6261
5203,3518,6261
5203,3518,6261
5203,3518,6261
5203,3518,6261
5203,3518,6261
5203,3518,6261
5097,3680,5572
5097,3680,5572
5097,3680,5572
5097,3680,5572
5097,3680,5572
5097,3680,5572
5097,3680,5572
5097,3680,5572
5097,3680,5572
5097,3680,5572
4996,3810,5337
4996,3810,5337
4996,3810,5337
4996,3810,5337
4996,3810,5337
4996,3810,5337
4996,3810,5337
4996,3810,5337
4996,3810,5337
4951,3749,5314
4951,3749,5314
4951,3749,5314
4951,3749,5314
4951,3749,5314
4951,3749,5314
4951,3749,5314
4951,3749,5314
4951,3749,5314
4951,3749,5314
5064,3578,5373
5064,3578,5373
5064,3578,5373
5064,3578,5373
5064,3578,5373
5064,3578,5373
5064,3578,5373
5064,3578,5373
5064,3578,5373
4791,3656,4881
4791,3656,4881
4791,3656,4881
4791,3656,4881
4791,3656,4881
4791,3656,4881
4791,3656,4881
4791,3656,4881
4791,3656,4881
4499,3759,4383
4499,3759,4383
4499,3759,4383
4499,3759,4383
4499,3759,4383
4499,3759,4383
4499,3759,4383
4499,3759,4383
4499,3759,4383
4161,3779,4032
4161,3779,4032
4161,3779,4032
4161,3779,4032
4161,3779,4032
4161,3779,4032
4161,3779,4032
4161,3779,4032
4161,3779,4032
3745,3698,3646
3745,3698,3646
3745,3698,3646
3745,3698,3646
3745,3698,3646
3745,3698,3646
3745,3698,3646
3745,3698,3646
3745,3698,3646
3146,3702,3310
3146,3702,3310
3146,3702,3310
3146,3702,3310
3146,3702,3310
3146,3702,3310
3146,3702,3310
3146,3702,3310
3146,3702,3310
2617,3709,3142
2617,3709,3142
2617,3709,3142
2617,3709,3142
2617,3709,3142
2617,3709,3142
2617,3709,3142
2617,3709,3142
2617,3709,3142
1935,3858,3009
1935,3858,3009
1935,3858,3009
1935,3858,3009
1935,3858,3009
1935,3858,3009
1935,3858,3009
1935,3858,3009
1935,3858,3009
1365,4103,3124
1365,4103,3124
1365,4103,3124
1365,4103,3124
1365,4103,3124
1365,4103,3124
1365,4103,3124
1365,4103,3124
1365,4103,3124
343,4215,3434
343,4215,3434
343,4215,3434
343,4215,3434
343,4215,3434
343,4215,3434
343,4215,3434
343,4215,3434
343,4215,3434
343,4215,3434
-542,4153,3961
-542,4153,3961
-542,4153,3961
-542,4153,3961
-1157,4186,4536
-1157,4186,4536
-1157,4186,4536
-1157,4186,4536
-1157,4186,4536
-1157,4186,4536
-1157,4186,4536
-1157,4186,4536
-1157,4186,4536
-1157,4186,4536
-1545,4076,5275
-1545,4076,5275
-1545,4076,5275
-1545,4076,5275
-1545,4076,5275
-1545,4076,5275
-1545,4076,5275
-1545,4076,5275
-1545,4076,5275
-1772,3888,5959
-1772,3888,5959
-1772,3888,5959
-1772,3888,5959
-1772,3888,5959
-1772,3888,5959
-1772,3888,5959
-1772,3888,5959
-1772,3888,5959
-1706,3820,6793
-1706,3820,6793
-1706,3820,6793
-1706,3820,6793
-1706,3820,6793
-1706,3820,6793
-1706,3820,6793
-1706,3820,6793
-1706,3820,6793
-1534,3852,7428
-1534,3852,7428
-1534,3852,7428
-1534,3852,7428
-1534,3852,7428
-1534,3852,7428
-1534,3852,7428
-1534,3852,7428
-1260,3861,7973
-1260,3861,7973
-1260,3861,7973
-1260,3861,7973
-1260,3861,7973
-1260,3861,7973
-1260,3861,7973
-1260,3861,7973
-1260,3861,7973
-1260,3861,7973
-815,3783,8535
-815,3783,8535
-815,3783,8535
-815,3783,8535
-815,3783,8535
-815,3783,8535
-815,3783,8535
-815,3783,8535
-815,3783,8535
-511,3729,8851
-511,3729,8851
-511,3729,8851
-511,3729,8851
-511,3729,8851
-511,3729,8851
-511,3729,8851
-511,3729,8851
-511,3729,8851
-109,3644,9118
-109,3644,9118
-109,3644,9118
-109,3644,9118
-109,3644,9118
-109,3644,9118
-109,3644,9118
-109,3644,9118
-109,3644,9118
266,3604,9317
266,3604,9317
266,3604,9317
266,3604,9317
266,3604,9317
266,3604,9317
266,3604,9317
266,3604,9317
266,3604,9317
266,3604,9317
586,3775,9381
586,3775,9381
586,3775,9381
586,3775,9381
586,3775,9381
586,3775,9381
586,3775,9381
586,3775,9381
586,3775,9381
837,3958,9380
837,3958,9380
837,3958,9380
837,3958,9380
837,3958,9380
837,3958,9380
837,3958,9380
837,3958,9380
837,3958,9380
1182,3987,9475
1182,3987,9475
1182,3987,9475
1182,3987,9475
1182,3987,9475
1182,3987,9475
1182,3987,9475
1182,3987,9475
1182,3987,9475
1571,3888,9507
1571,3888,9507
1571,3888,9507
1571,3888,9507
1571,3888,9507
1571,3888,9507
1571,3888,9507
1571,3888,9507
1571,3888,9507
1571,3888,9507
1864,3835,9533
1864,3835,9533
1864,3835,9533
1864,3835,9533
1864,3835,9533
1864,3835,9533
1864,3835,9533
1864,3835,9533
2234,3769,9460
2234,3769,9460
2234,3769,9460
2234,3769,9460
2234,3769,9460
2234,3769,9460
2234,3769,9460
2234,3769,9460
2234,3769,9460
2234,3769,9460
2827,3745,9401
2827,3745,9401
2827,3745,9401
2827,3745,9401
2827,3745,9401
2827,3745,9401
2827,3745,9401
2827,3745,9401
2827,3745,9401
3277,3720,9203
3277,3720,9203
3277,3720,9203
3277,3720,9203
3277,3720,9203
3277,3720,9203
3277,3720,9203
3277,3720,9203
3277,3720,9203
3687,3743,8977
3687,3743,8977
3687,3743,8977
3687,3743,8977
3687,3743,8977
3687,3743,8977
3687,3743,8977
3687,3743,8977
3687,3743,8977
4171,3750,8565
4171,3750,8565
4171,3750,8565
4171,3750,8565
4171,3750,8565
4171,3750,8565
4171,3750,8565
4171,3750,8565
4171,3750,8565
4171,3750,8565
4605,3739,7944
4605,3739,7944
4605,3739,7944
4605,3739,7944
4605,3739,7944
4605,3739,7944
4605,3739,7944
4605,3739,7944
4605,3739,7944
4933,3762,7427
4933,3762,7427
4933,3762,7427
4933,3762,7427
4933,3762,7427
4933,3762,7427
4933,3762,7427
4933,3762,7427
4933,3762,7427
4987,3851,6993
4987,3851,6993
4987,3851,6993
4987,3851,6993
4987,3851,6993
4987,3851,6993
4987,3851,6993
4987,3851,6993
4987,3851,6993
5088,3861,6463
5088,3861,6463
5088,3861,6463
5088,3861,6463
5088,3861,6463
5088,3861,6463
5088,3861,6463
5088,3861,6463
5088,3861,6463
5034,3889,6015
5034,3889,6015
5034,3889,6015
5034,3889,6015
5034,3889,6015
5034,3889,6015
5034,3889,6015
5034,3889,6015
5034,3889,6015
5034,3889,6015
4972,3997,5633
4972,3997,5633
4972,3997,5633
4972,3997,5633
4972,3997,5633
4972,3997,5633
4972,3997,5633
4972,3997,5633
4813,4079,5144
4813,4079,5144
4813,4079,5144
4813,4079,5144
4813,4079,5144
4813,4079,5144
4813,4079,5144
4813,4079,5144
4813,4079,5144
4500,4096,4611
4500,4096,4611
4500,4096,4611
4500,4096,4611
4500,4096,4611
4064,4095,4106
4064,4095,4106
4064,4095,4106
4064,4095,4106
4064,4095,4106
4064,4095,4106
4064,4095,4106
4064,4095,4106
4064,4095,4106
3603,4056,3754
3603,4056,3754
3603,4056,3754
3603,4056,3754
3603,4056,3754
3603,4056,3754
3603,4056,3754
3603,4056,3754
3603,4056,3754
3603,4056,3754
3049,3990,3406
3049,3990,3406
3049,3990,3406
3049,3990,3406
3049,3990,3406
3049,3990,3406
3049,3990,3406
3049,3990,3406
3049,3990,3406
2510,4117,3287
2510,4117,3287
2510,4117,3287
2510,4117,3287
2510,4117,3287
2510,4117,3287
2510,4117,3287
2510,4117,3287
2510,4117,3287
1427,4260,3298
1427,4260,3298
1427,4260,3298
1427,4260,3298
1427,4260,3298
1427,4260,3298
1427,4260,3298
1427,4260,3298
1427,4260,3298
295,4390,3588
295,4390,3588
295,4390,3588
295,4390,3588
295,4390,3588
295,4390,3588
295,4390,3588
295,4390,3588
295,4390,3588
-392,4421,4053
-392,4421,4053
-392,4421,4053
-392,4421,4053
-392,4421,4053
-392,4421,4053
-392,4421,4053
-392,4421,4053
-392,4421,4053
-992,4355,4641
-992,4355,4641
-992,4355,4641
-992,4355,4641
-992,4355,4641
-992,4355,4641
-992,4355,4641
-992,4355,4641
-992,4355,4641
-1471,4261,5493
-1471,4261,5493
-1471,4261,5493
-1471,4261,5493
-1471,4261,5493
-1471,4261,5493
-1471,4261,5493
-1471,4261,5493
-1471,4261,5493
-1630,4175,6379
-1630,4175,6379
-1630,4175,6379
-1630,4175,6379
-1630,4175,6379
-1630,4175,6379
-1630,4175,6379
-1630,4175,6379
-1630,4175,6379
-1514,4200,7009
-1514,4200,7009
-1514,4200,7009
-1514,4200,7009
-1514,4200,7009
-1514,4200,7009
-1514,4200,7009
-1514,4200,7009
-1514,4200,7009
-1365,4146,7504
-1365,4146,7504
-1365,4146,7504
-1365,4146,7504
-1365,4146,7504
-1365,4146,7504
-1365,4146,7504
-1365,4146,7504
-1365,4146,7504
-1102,4114,7989
-1102,4114,7989
-1102,4114,7989
-1102,4114,7989
-1102,4114,7989
-1102,4114,7989
-1102,4114,7989
-1102,4114,7989
-1102,4114,7989
-1102,4114,7989
-638,4076,8521
-638,4076,8521
-638,4076,8521
-638,4076,8521
-638,4076,8521
-638,4076,8521
-638,4076,8521
-638,4076,8521
-638,4076,8521
-58,4087,8938
-58,4087,8938
-58,4087,8938
-58,4087,8938
-58,4087,8938
-58,4087,8938
-58,4087,8938
-58,4087,8938
-58,4087,8938
434,4048,9148
434,4048,9148
434,4048,9148
434,4048,9148
434,4048,9148
434,4048,9148
434,4048,9148
434,4048,9148
434,4048,9148
1033,3917,9410
1033,3917,9410
1033,3917,9410
1033,3917,9410
1033,3917,9410
1033,3917,9410
1033,3917,9410
1033,3917,9410
1033,3917,9410
1694,3847,9501
1694,3847,9501
1694,3847,9501
1694,3847,9501
1694,3847,9501
1694,3847,9501
1694,3847,9501
1694,3847,9501
1694,3847,9501
2103,3944,9471
2103,3944,9471
2103,3944,9471
2103,3944,9471
2103,3944,9471
2103,3944,9471
2103,3944,9471
2103,3944,9471
2103,3944,9471
2356,3989,9380
2356,3989,9380
2356,3989,9380
2356,3989,9380
2356,3989,9380
2356,3989,9380
2356,3989,9380
2356,3989,9380
2356,3989,9380
2640,4025,9348
2640,4025,9348
2640,4025,9348
2640,4025,9348
2640,4025,9348
2640,4025,9348
2640,4025,9348
2640,4025,9348
2640,4025,9348
2640,4025,9348
3113,3859,9212
3113,3859,9212
3113,3859,9212
3113,3859,9212
3113,3859,9212
3113,3859,9212
3113,3859,9212
3113,3859,9212
3113,3859,9212
3746,3611,8938
3746,3611,8938
3746,3611,8938
3746,3611,8938
3746,3611,8938
3746,3611,8938
3746,3611,8938
3746,3611,8938
3746,3611,8938
4356,3436,8429
4356,3436,8429
4356,3436,8429
4356,3436,8429
4356,3436,8429
4356,3436,8429
4356,3436,8429
4356,3436,8429
4356,3436,8429
4725,3458,7861
4725,3458,7861
4725,3458,7861
4725,3458,7861
4725,3458,7861
4725,3458,7861
4725,3458,7861
4725,3458,7861
4725,3458,7861
4889,3616,7369
4889,3616,7369
4889,3616,7369
4889,3616,7369
4889,3616,7369
4889,3616,7369
4889,3616,7369
4889,3616,7369
4889,3616,7369
5004,3823,6789
5004,3823,6789
5004,3823,6789
5004,3823,6789
5004,3823,6789
5004,3823,6789
5004,3823,6789
5004,3823,6789
5004,3823,6789
5004,3823,6789
5039,3890,6392
5039,3890,6392
5039,3890,6392
5039,3890,6392
5039,3890,6392
5039,3890,6392
5039,3890,6392
5040,3817,6357
5040,3817,6357
5040,3817,6357
5040,3817,6357
5040,3817,6357
5040,3817,6357
5065,3502,6955
5065,3502,6955
5065,3502,6955
5065,3502,6955
5065,3502,6955
5065,3502,6955
5065,3502,6955
5065,3502,6955
5065,3502,6955
4612,2795,8299
4612,2795,8299
4612,2795,8299
4612,2795,8299
4612,2795,8299
4612,2795,8299
4612,2795,8299
4612,2795,8299
4612,2795,8299
3558,2001,9065
3558,2001,9065
3558,2001,9065
3558,2001,9065
3558,2001,9065
3558,2001,9065
3558,2001,9065
3558,2001,9065
3558,2001,9065
2961,1301,9047
2961,1301,9047
2961,1301,9047
2961,1301,9047
2961,1301,9047
2961,1301,9047
2961,1301,9047
2961,1301,9047
2961,1301,9047
2961,1301,9047
2544,568,8689
2544,568,8689
2544,568,8689
2544,568,8689
2544,568,8689
2544,568,8689
2544,568,8689
2544,568,8689
2544,568,8689
2222,-22,8026
2222,-22,8026
2222,-22,8026
2222,-22,8026
2222,-22,8026
2222,-22,8026
2222,-22,8026
2222,-22,8026
1993,-352,7278
1993,-352,7278
1993,-352,7278
1993,-352,7278
1993,-352,7278
1993,-352,7278
1993,-352,7278
1993,-352,7278
1993,-352,7278
1993,-352,7278
1782,-504,6396
1782,-504,6396
1782,-504,6396
1782,-504,6396
1782,-504,6396
1782,-504,6396
1782,-504,6396
1782,-504,6396
1782,-504,6396
1782,-504,6396
1598,-412,5469
1598,-412,5469
1598,-412,5469
1598,-412,5469
1598,-412,5469
1598,-412,5469
1598,-412,5469
1598,-412,5469
1412,-68,4651
1412,-68,4651
1412,-68,4651
1412,-68,4651
1412,-68,4651
1412,-68,4651
1412,-68,4651
1412,-68,4651
1412,-68,4651
1186,384,4120
1186,384,4120
1186,384,4120
1186,384,4120
1186,384,4120
1186,384,4120
1186,384,4120
1186,384,4120
1186,384,4120
1186,384,4120
1240,653,3753
1240,653,3753
1240,653,3753
1240,653,3753
1240,653,3753
1240,653,3753
1240,653,3753
1240,653,3753
1240,653,3753
1401,1058,3515
1401,1058,3515
1401,1058,3515
1401,1058,3515
1401,1058,3515
1401,1058,3515
1401,1058,3515
1401,1058,3515
1401,1058,3515
1585,1593,3141
1585,1593,3141
1585,1593,3141
1585,1593,3141
1585,1593,3141
1585,1593,3141
1585,1593,3141
1585,1593,3141
1585,1593,3141
1585,1593,2958
1632,2328,2958
1632,2328,2958
1632,2328,2958
1632,2328,2958
1632,2328,2958
1632,2328,2958
1632,2328,2958
1632,2328,2958
1729,3116,2875
1729,3116,2875
1729,3116,2875
1729,3116,2875
1729,3116,2875
1729,3116,2875
1729,3116,2875
1729,3116,2875
1729,3116,2875
1729,3116,2875
1819,3820,3009
1819,3820,3009
1819,3820,3009
1819,3820,3009
1819,3820,3009
1819,3820,3009
1819,3820,3009
1819,3820,3009
1819,3820,3009
1860,4490,3352
1860,4490,3352
1860,4490,3352
1860,4490,3352
1860,4490,3352
1860,4490,3352
1860,4490,3352
1860,4490,3352
1860,4490,3352
1971,5069,3717
1971,5069,3717
1971,5069,3717
1971,5069,3717
1971,5069,3717
1971,5069,3717
1971,5069,3717
1971,5069,3717
1971,5069,3717
2007,5580,4241
2007,5580,4241
2007,5580,4241
2007,5580,4241
2007,5580,4241
2007,5580,4241
2007,5580,4241
2007,5580,4241
2007,5580,4241
1984,5975,4976
1984,5975,4976
1984,5975,4976
1984,5975,4976
1984,5975,4976
1984,5975,4976
1984,5975,4976
1984,5975,4976
1984,5975,4976
2061,6185,5714
2061,6185,5714
2061,6185,5714
2061,6185,5714
2061,6185,5714
2061,6185,5714
2061,6185,5714
2061,6185,5714
2061,6185,5714
2167,6198,6364
2167,6198,6364
2167,6198,6364
2167,6198,6364
2167,6198,6364
2167,6198,6364
2167,6198,6364
2167,6198,6364
2167,6198,6364
2167,6198,6364
2230,6109,7088
2230,6109,7088
2230,6109,7088
2230,6109,7088
2230,6109,7088
2230,6109,7088
2230,6109,7088
2230,6109,7088
2230,6109,7088
2188,5814,7796
2188,5814,7796
2188,5814,7796
2188,5814,7796
2188,5814,7796
2188,5814,7796
2188,5814,7796
2188,5814,7796
2188,5814,7796
2188,5814,7796
2075,5306,8548
2075,5306,8548
2075,5306,8548
2075,5306,8548
2075,5306,8548
2075,5306,8548
2075,5306,8548
2075,5306,8548
2075,5306,8548
1760,4616,9194
1760,4616,9194
1760,4616,9194
1760,4616,9194
1760,4616,9194
1760,4616,9194
1760,4616,9194
1760,4616,9194
1760,4616,9194
1635,3942,9471
1635,3942,9471
1635,3942,9471
1635,3942,9471
1635,3942,9471
1763,3414,9601
1763,3414,9601
1763,3414,9601
1763,3414,9601
1763,3414,9601
1763,3414,9601
1763,3414,9601
1763,3414,9601
1810,2774,9679
1810,2774,9679
1810,2774,9679
1810,2774,9679
1810,2774,9679
1810,2774,9679
1810,2774,9679
1810,2774,9679
1810,2774,9679
1749,1880,9570
1749,1880,9570
1749,1880,9570
1749,1880,9570
1749,1880,9570
1749,1880,9570
1749,1880,9570
1749,1880,9570
1749,1880,9570
1605,813,9054
1605,813,9054
1605,813,9054
1605,813,9054
1605,813,9054
1605,813,9054
1605,813,9054
1605,813,9054
1605,813,9054
1371,-26,8059
1371,-26,8059
1371,-26,8059
1371,-26,8059
1371,-26,8059
1371,-26,8059
1371,-26,8059
1371,-26,8059
1371,-26,8059
1290,-402,7096
1290,-402,7096
1290,-402,7096
1290,-402,7096
1290,-402,7096
1290,-402,7096
1290,-402,7096
1290,-402,7096
1290,-402,7096
1290,-402,7096
1348,-519,6511
1348,-519,6511
1348,-519,6511
1348,-519,6511
1348,-519,6511
1348,-519,6511
1348,-519,6511
1348,-519,6511
1510,-496,5975
1510,-496,5975
1510,-496,5975
1510,-496,5975
1510,-496,5975
1510,-496,5975
1510,-496,5975
1510,-496,5975
1510,-496,5975
1510,-496,5975
1691,-381,5408
1691,-381,5408
1691,-381,5408
1691,-381,5408
1691,-381,5408
1691,-381,5408
1691,-381,5408
1691,-381,5408
1691,-381,5408
1691,-381,5408
1904,-111,4736
1904,-111,4736
1904,-111,4736
1904,-111,4736
1904,-111,4736
1904,-111,4736
1904,-111,4736
1904,-111,4736
1904,-111,4736
2106,108,4454
2106,108,4454
2106,108,4454
2106,108,4454
2106,108,4454
2106,108,4454
2106,108,4454
2106,108,4454
2106,108,4454
2044,388,4049
2044,388,4049
2044,388,4049
2044,388,4049
2044,388,4049
2044,388,4049
2044,388,4049
2044,388,4049
2044,388,4049
1853,1011,3524
1853,1011,3524
1853,1011,3524
1853,1011,3524
1853,1011,3524
1853,1011,3524
1853,1011,3524
1853,1011,3524
1853,1011,3524
1612,2342,2980
1612,2342,2980
1612,2342,2980
1612,2342,2980
1612,2342,2980
1612,2342,2980
1612,2342,2980
1612,2342,2980
1612,2342,2980
1634,3957,3151
1634,3957,3151
1634,3957,3151
1634,3957,3151
1634,3957,3151
1634,3957,3151
1634,3957,3151
1634,3957,3151
1634,3957,3151
1826,4962,3673
1826,4962,3673
1826,4962,3673
1826,4962,3673
1826,4962,3673
1826,4962,3673
1826,4962,3673
1826,4962,3673
1826,4962,3673
1826,4962,3673
1983,5371,4038
1983,5371,4038
1983,5371,4038
1983,5371,4038
1983,5371,4038
1983,5371,4038
1983,5371,4038
1983,5371,4038
1983,5371,4038
2023,5602,4289
2023,5602,4289
2023,5602,4289
2023,5602,4289
2023,5602,4289
2023,5602,4289
2023,5602,4289
2023,5602,4289
2023,5602,4289
1945,5902,4801
1945,5902,4801
1945,5902,4801
1945,5902,4801
1945,5902,4801
1945,5902,4801
1945,5902,4801
1945,5902,4801
1945,5902,4801
1963,6180,5711
1963,6180,5711
1963,6180,5711
1963,6180,5711
1963,6180,5711
1963,6180,5711
1963,6180,5711
1963,6180,5711
1963,6180,5711
2207,6141,6886
2207,6141,6886
2207,6141,6886
2207,6141,6886
2207,6141,6886
2207,6141,6886
2207,6141,6886
2207,6141,6886
2207,6141,6886
2650,5640,7962
2650,5640,7962
2650,5640,7962
2650,5640,7962
2650,5640,7962
2650,5640,7962
2650,5640,7962
2650,5640,7962
2650,5640,7962
2871,4817,8807
2871,4817,8807
2871,4817,8807
2871,4817,8807
2871,4817,8807
2871,4817,8807
2871,4817,8807
2871,4817,8807
2871,4817,8807
2871,4817,8807
2954,4093,9156
2954,4093,9156
2954,4093,9156
2954,4093,9156
2954,4093,9156
2954,4093,9156
2954,4093,9156
2954,4093,9156
2954,4093,9156
2956,3597,9349
2956,3597,9349
2956,3597,9349
2956,3597,9349
2956,3597,9349
2956,3597,9349
2956,3597,9349
2956,3597,9349
2956,3597,9349
2963,3082,9429
2963,3082,9429
2963,3082,9429
2963,3082,9429
2963,3082,9429
2963,3082,9429
2963,3082,9429
2963,3082,9429
2963,3082,9429
3042,2405,9402
3042,2405,9402
3042,2405,9402
3042,2405,9402
3042,2405,9402
3042,2405,9402
3042,2405,9402
3042,2405,9402
3042,2405,9402
3042,2405,9402
3071,1677,9145
3071,1677,9145
3071,1677,9145
3071,1677,9145
3071,1677,9145
3071,1677,9145
3071,1677,9145
3071,1677,9145
3071,1677,9145
3106,1078,8831
3106,1078,8831
3106,1078,8831
3106,1078,8831
3063,578,8423
3063,578,8423
3063,578,8423
3063,578,8423
3063,578,8423
3063,578,8423
3063,578,8423
3063,578,8423
3063,578,8423
3030,239,8021
3030,239,8021
3030,239,8021
3030,239,8021
3030,239,8021
3030,239,8021
3030,239,8021
3030,239,8021
3030,239,8021
2954,-124,7383
2954,-124,7383
2954,-124,7383
2954,-124,7383
2954,-124,7383
2954,-124,7383
2954,-124,7383
2954,-124,7383
2954,-124,7383
2828,-305,6426
2828,-305,6426
2828,-305,6426
2828,-305,6426
2828,-305,6426
2828,-305,6426
2828,-305,6426
2828,-305,6426
2828,-305,6426
2828,-305,6426
2597,-284,5528
2597,-284,5528
2597,-284,5528
2597,-284,5528
2597,-284,5528
2597,-284,5528
2597,-284,5528
2597,-284,5528
2597,-284,5528
2430,-43,4856
2430,-43,4856
2430,-43,4856
2430,-43,4856
2430,-43,4856
2430,-43,4856
2430,-43,4856
2430,-43,4856
2430,-43,4856
2481,267,4398
2481,267,4398
2481,267,4398
2481,267,4398
2481,267,4398
2481,267,4398
2481,267,4398
2481,267,4398
2481,267,4398
2569,610,4069
2569,610,4069
2569,610,4069
2569,610,4069
2569,610,4069
2569,610,4069
2569,610,4069
2569,610,4069
2569,610,4069
2569,610,4069
2712,1110,3680
2712,1110,3680
2712,1110,3680
2712,1110,3680
2712,1110,3680
2712,1110,3680
2712,1110,3680
2712,1110,3680
2712,1110,3680
2850,1770,3337
2850,1770,3337
2850,1770,3337
2850,1770,3337
2850,1770,3337
2850,1770,3337
2850,1770,3337
2850,1770,3337
2850,1770,3337
3001,2531,3232
3001,2531,3232
3001,2531,3232
3001,2531,3232
3001,2531,3232
3001,2531,3232
3001,2531,3232
3001,2531,3232
3001,2531,3232
3157,3252,3343
3157,3252,3343
3157,3252,3343
3157,3252,3343
3157,3252,3343
3157,3252,3343
3157,3252,3343
3157,3252,3343
3157,3252,3343
3337,3991,3536
3337,3991,3536
3337,3991,3536
3337,3991,3536
3337,3991,3536
3337,3991,3536
3337,3991,3536
3337,3991,3536
3337,3991,3536
3428,4604,3951
3428,4604,3951
3428,4604,3951
3428,4604,3951
3428,4604,3951
3428,4604,3951
3428,4604,3951
3428,4604,3951
3428,4604,3951
3531,5163,4486
3531,5163,4486
3531,5163,4486
3531,5163,4486
3531,5163,4486
3531,5163,4486
3531,5163,4486
3531,5163,4486
3531,5163,4486
3694,5484,5288
3694,5484,5288
3694,5484,5288
3694,5484,5288
3694,5484,5288
3694,5484,5288
3694,5484,5288
3694,5484,5288
3694,5484,5288
3733,5634,6046
3733,5634,6046
3733,5634,6046
3733,5634,6046
3733,5634,6046
3733,5634,6046
3733,5634,6046
3733,5634,6046
3733,5634,6046
3733,5634,6046
3723,5649,6678
3723,5649,6678
3723,5649,6678
3723,5649,6678
3723,5649,6678
3723,5649,6678
3723,5649,6678
3723,5649,6678
3723,5649,6678
3714,5466,7324
3714,5466,7324
3714,5466,7324
3714,5466,7324
3714,5466,7324
3714,5466,7324
3714,5466,7324
3714,5466,7324
3714,5466,7324
3714,5466,7324
3676,5138,7934
3676,5138,7934
3676,5138,7934
3676,5138,7934
3676,5138,7934
3676,5138,7934
3676,5138,7934
3676,5138,7934
3676,5138,7934
3606,4611,8581
3606,4611,8581
3606,4611,8581
3606,4611,8581
3606,4611,8581
3606,4611,8581
3606,4611,8581
3606,4611,8581
3606,4611,8581
3456,3950,9042
3456,3950,9042
3456,3950,9042
3456,3950,9042
3456,3950,9042
3456,3950,9042
3456,3950,9042
3456,3950,9042
3456,3950,9042
3269,3103,9332
3269,3103,9332
3269,3103,9332
3269,3103,9332
3269,3103,9332
3269,3103,9332
3269,3103,9332
3269,3103,9332
3269,3103,9332
3101,2254,9364
3101,2254,9364
3101,2254,9364
3101,2254,9364
3101,2254,9364
3101,2254,9364
3101,2254,9364
3101,2254,9364
3101,2254,9364
2996,1822,9326
2996,1822,9326
2996,1822,9326
2996,1822,9326
2996,1822,9326
2996,1822,9326
2996,1822,9326
2996,1822,9326
2996,1822,9326
2843,1385,9152
2843,1385,9152
2843,1385,9152
2843,1385,9152
2843,1385,9152
2843,1385,9152
2843,1385,9152
2843,1385,9152
2843,1385,9152
2650,872,8883
2650,872,8883
2650,872,8883
2650,872,8883
2650,872,8883
2650,872,8883
2650,872,8883
2650,872,8883
2650,872,8883
2650,872,8883
2496,386,8485
2496,386,8485
2496,386,8485
2496,386,8485
2496,386,8485
2496,386,8485
2496,386,8485
2496,386,8485
2496,386,8485
2505,202,8197
2505,202,8197
2505,202,8197
2505,202,8197
2479,29,7937
2479,29,7937
2479,29,7937
2479,29,7937
2479,29,7937
2479,29,7937
2479,29,7937
2479,29,7937
2479,29,7937
2426,-215,7542
2426,-215,7542
2426,-215,7542
2426,-215,7542
2426,-215,7542
2426,-215,7542
2426,-215,7542
2426,-215,7542
2426,-215,7542
2426,-215,7542
2270,-402,7026
2270,-402,7026
2270,-402,7026
2270,-402,7026
2270,-402,7026
2270,-402,7026
2270,-402,7026
2270,-402,7026
2270,-402,7026
2086,-490,6378
2086,-490,6378
2086,-490,6378
2086,-490,6378
2086,-490,6378
2086,-490,6378
2086,-490,6378
2086,-490,6378
2086,-490,6378
1946,-419,5589
1946,-419,5589
1946,-419,5589
1946,-419,5589
1946,-419,5589
1946,-419,5589
1946,-419,5589
1946,-419,5589
1946,-419,5589
1784,-154,4823
1784,-154,4823
1784,-154,4823
1784,-154,4823
1784,-154,4823
1784,-154,4823
1784,-154,4823
1784,-154,4823
1784,-154,4823
1654,230,4251
1654,230,4251
1654,230,4251
1654,230,4251
1654,230,4251
1654,230,4251
1654,230,4251
1654,230,4251
1654,230,4251
1572,579,3794
1572,579,3794
1572,579,3794
1572,579,3794
1572,579,3794
1572,579,3794
1572,579,3794
1572,579,3794
1572,579,3794
1572,579,3794
1634,1020,3389
1634,1020,3389
1634,1020,3389
1634,1020,3389
1634,1020,3389
1634,1020,3389
1634,1020,3389
1634,1020,3389
1634,1020,3389
1767,1499,3131
1767,1499,3131
1767,1499,3131
1767,1499,3131
1767,1499,3131
1767,1499,3131
1767,1499,3131
1767,1499,3131
1767,1499,3131
2042,2131,3000
2042,2131,3000
2042,2131,3000
2042,2131,3000
2042,2131,3000
2042,2131,3000
2042,2131,3000
2042,2131,3000
2042,2131,3000
2136,2832,2941
2136,2832,2941
2136,2832,2941
2136,2832,2941
2136,2832,2941
2136,2832,2941
2136,2832,2941
2136,2832,2941
2136,2832,2941
2206,3752,3019
2206,3752,3019
2206,3752,3019
2206,3752,3019
2206,3752,3019
2206,3752,3019
2206,3752,3019
2206,3752,3019
2206,3752,3019
2206,3752,3019
2094,4665,3408
2094,4665,3408
2094,4665,3408
2094,4665,3408
2094,4665,3408
2094,4665,3408
2094,4665,3408
2094,4665,3408
1884,5359,3935
1884,5359,3935
1884,5359,3935
1884,5359,3935
1884,5359,3935
1884,5359,3935
1884,5359,3935
1884,5359,3935
1884,5359,3935
1823,5916,4622
1823,5916,4622
1823,5916,4622
1823,5916,4622
1823,5916,4622
1823,5916,4622
1823,5916,4622
1823,5916,4622
1823,5916,4622
1823,5916,4622
1838,6207,5457
1838,6207,5457
1838,6207,5457
1838,6207,5457
1838,6207,5457
1838,6207,5457
1838,6207,5457
1838,6207,5457
1838,6207,5457
1819,6313,6354
1819,6313,6354
1819,6313,6354
1819,6313,6354
1819,6313,6354
1819,6313,6354
1819,6313,6354
1819,6313,6354
1819,6313,6354
1819,6313,6354
1803,6155,7212
1803,6155,7212
1803,6155,7212
1803,6155,7212
1803,6155,7212
1803,6155,7212
1803,6155,7212
1803,6155,7212
1803,6155,7212
1822,5808,7961
1822,5808,7961
1822,5808,7961
1822,5808,7961
1822,5808,7961
1822,5808,7961
1822,5808,7961
1822,5808,7961
1822,5808,7961
1938,5286,8706
1938,5286,8706
1938,5286,8706
1938,5286,8706
1938,5286,8706
1938,5286,8706
1938,5286,8706
1938,5286,8706
1938,5286,8706
1961,4564,9229
1961,4564,9229
1961,4564,9229
1961,4564,9229
1961,4564,9229
1961,4564,9229
1961,4564,9229
1961,4564,9229
1961,4564,9229
1795,3776,9555
1795,3776,9555
1795,3776,9555
1795,3776,9555
1795,3776,9555
1795,3776,9555
1795,3776,9555
1795,3776,9555
1795,3776,9555
1795,3776,9555
1576,3062,9734
1576,3062,9734
1576,3062,9734
1576,3062,9734
1576,3062,9734
1576,3062,9734
1576,3062,9734
1576,3062,9734
1576,3062,9734
1454,2535,9696
1454,2535,9696
1454,2535,9696
1454,2535,9696
1454,2535,9696
1454,2535,9696
1454,2535,9696
1454,2535,9696
1408,2198,9585
1408,2198,9585
1408,2198,9585
1408,2198,9585
1408,2198,9585
1408,2198,9585
1408,2198,9585
1408,2198,9585
1408,2198,9585
1408,2198,9585
1196,1901,9545
1196,1901,9545
1196,1901,9545
1196,1901,9545
1196,1901,9545
1196,1901,9545
1196,1901,9545
1196,1901,9545
1196,1901,9545
1022,1595,9353
1022,1595,9353
1022,1595,9353
1022,1595,9353
1022,1595,9353
1022,1595,9353
1022,1595,9353
924,1348,9235
924,1348,9235
924,1348,9235
924,1348,9235
924,1348,9235
924,1348,9235
924,1348,9235
710,1182,9058
710,1182,9058
710,1182,9058
710,1182,9058
710,1182,9058
710,1182,9058
710,1182,9058
710,1182,9058
710,1182,9058
718,970,8910
718,970,8910
718,970,8910
718,970,8910
718,970,8910
718,970,8910
718,970,8910
718,970,8910
718,970,8910
659,660,8661
659,660,8661
659,660,8661
659,660,8661
659,660,8661
659,660,8661
659,660,8661
659,660,8661
659,660,8661
661,395,8415
661,395,8415
661,395,8415
661,395,8415
661,395,8415
661,395,8415
661,395,8415
661,395,8415
661,395,8415
661,125,8109
802,125,8109
802,125,8109
802,125,8109
802,125,8109
802,125,8109
802,125,8109
802,125,8109
802,125,8109
802,125,8109
926,-128,7758
926,-128,7758
926,-128,7758
926,-128,7758
926,-128,7758
926,-128,7758
926,-128,7758
926,-128,7758
926,-128,7758
914,-312,7235
914,-312,7235
914,-312,7235
914,-312,7235
914,-312,7235
914,-312,7235
914,-312,7235
914,-312,7235
914,-415,6440
802,-415,6440
802,-415,6440
802,-415,6440
802,-415,6440
802,-415,6440
802,-415,6440
802,-415,6440
802,-415,6440
717,-371,5919
717,-371,5919
717,-371,5919
717,-371,5919
717,-371,5919
717,-371,5919
717,-371,5919
717,-371,5919
717,-371,5919
717,-371,5919
770,-293,5474
770,-293,5474
770,-293,5474
770,-293,5474
770,-293,5474
770,-293,5474
770,-293,5474
770,-293,5474
770,-293,5474
770,-293,5474
808,-170,5004
808,-170,5004
808,-170,5004
808,-170,5004
808,-170,5004
808,-170,5004
808,-170,5004
808,-170,5004
808,-170,5004
815,221,4358
815,221,4358
815,221,4358
815,221,4358
815,221,4358
815,221,4358
815,221,4358
815,221,4358
815,221,4358
881,690,3872
881,690,3872
881,690,3872
881,690,3872
881,690,3872
881,690,3872
881,690,3872
881,690,3872
881,690,3872
851,1185,3511
851,1185,3511
851,1185,3511
851,1185,3511
851,1185,3511
851,1185,3511
851,1185,3511
851,1185,3511
851,1185,3511
851,1185,3511
822,1765,3259
822,1765,3259
822,1765,3259
822,1765,3259
822,1765,3259
822,1765,3259
822,1765,3259
822,1765,3259
822,1765,3259
507,2062,3250
507,2062,3250
507,2062,3250
507,2062,3250
507,2062,3250
507,2062,3250
507,2062,3250
507,2062,3250
507,2062,3250
470,2145,3203
470,2145,3203
470,2145,3203
470,2145,3203
470,2145,3203
470,2145,3203
470,2145,3203
470,2145,3203
681,2772,3075
681,2772,3075
681,2772,3075
681,2772,3075
681,2772,3075
681,2772,3075
681,2772,3075
681,2772,3075
681,2772,3075
681,2772,3075
973,3760,3155
973,3760,3155
973,3760,3155
973,3760,3155
973,3760,3155
973,3760,3155
973,3760,3155
973,3760,3155
973,3760,3155
1340,4576,3391
1340,4576,3391
1340,4576,3391
1340,4576,3391
1340,4576,3391
1340,4576,3391
1340,4576,3391
1340,4576,3391
1340,4576,3391
1430,5082,3758
1430,5082,3758
1430,5082,3758
1430,5082,3758
1430,5082,3758
1430,5082,3758
1430,5082,3758
1430,5082,3758
1430,5082,3758
1379,5512,4199
1379,5512,4199
1379,5512,4199
1379,5512,4199
1379,5512,4199
1379,5512,4199
1379,5512,4199
1379,5512,4199
1379,5512,4199
1208,5887,4831
1208,5887,4831
1208,5887,4831
1208,5887,4831
1208,5887,4831
1208,5887,4831
1208,5887,4831
1208,5887,4831
1208,5887,4831
1208,5887,4831
1002,6133,5755
1002,6133,5755
1002,6133,5755
1002,6133,5755
1002,6133,5755
1002,6133,5755
1002,6133,5755
1002,6133,5755
1002,6133,5755
1078,6141,6760
1078,6141,6760
1078,6141,6760
1078,6141,6760
1078,6141,6760
1078,6141,6760
1078,6141,6760
1078,6141,6760
1078,6141,6760
1078,6141,6760
1412,5869,7786
1412,5869,7786
1412,5869,7786
1412,5869,7786
1412,5869,7786
1412,5869,7786
1412,5869,7786
1412,5869,7786
1412,5869,7786
1733,5225,8667
1733,5225,8667
1733,5225,8667
1733,5225,8667
1733,5225,8667
1733,5225,8667
1733,5225,8667
1733,5225,8667
1982,4576,9163
1982,4576,9163
1982,4576,9163
1982,4576,9163
1982,4576,9163
1982,4576,9163
1982,4576,9163
1982,4576,9163
1982,4576,9163
1982,4576,9163
1944,4019,9412
1944,4019,9412
1944,4019,9412
1944,4019,9412
1944,4019,9412
1944,4019,9412
1944,4019,9412
2199,3397,9621
2199,3397,9621
2199,3397,9621
2199,3397,9621
2199,3397,9621
2199,3397,9621
2288,2611,9643
2288,2611,9643
2288,2611,9643
2288,2611,9643
2288,2611,9643
2288,2611,9643
2288,2611,9643
2288,2611,9643
2288,2611,9643
2322,2056,9516
2322,2056,9516
2322,2056,9516
2322,2056,9516
2322,2056,9516
2322,2056,9516
2322,2056,9516
2322,2056,9516
2322,2056,9516
2322,2056,9399
2361,1667,9399
2361,1667,9399
2361,1667,9399
2361,1667,9399
2361,1667,9399
2361,1667,9399
2361,1667,9399
2361,1667,9399
2361,1667,9399
2415,1595,9325
2415,1595,9325
2415,1595,9325
2415,1595,9325
2415,1595,9325
2415,1595,9325
2415,1595,9325
2415,1595,9325
2415,1595,9325
2350,1716,9356
2350,1716,9356
2350,1716,9356
2350,1716,9356
2350,1716,9356
2350,1716,9356
2350,1716,9356
2350,1716,9356
2350,1716,9356
2077,1758,9391
2077,1758,9391
2077,1758,9391
2077,1758,9391
2077,1758,9391
2077,1758,9391
2077,1758,9391
2077,1758,9391
2077,1758,9391
1706,1945,9521
1706,1945,9521
1706,1945,9521
1706,1945,9521
1706,1945,9521
1706,1945,9521
1706,1945,9521
1706,1945,9521
1706,1945,9521
1155,1973,9552
1155,1973,9552
1155,1973,9552
1155,1973,9552
1155,1973,9552
1155,1973,9552
1155,1973,9552
1155,1973,9552
1155,1973,9552
1155,1973,9552
821,1747,9429
821,1747,9429
821,1747,9429
821,1747,9429
821,1747,9429
821,1747,9429
821,1747,9429
821,1747,9429
821,1747,9429
949,1336,9292
949,1336,9292
949,1336,9292
949,1336,9292
949,1336,9292
949,1336,9292
949,1336,9292
949,1336,9292
949,1336,9292
1366,1040,9178
1366,1040,9178
1366,1040,9178
1366,1040,9178
1366,1040,9178
1366,1040,9178
1366,1040,9178
1366,1040,9178
1366,1040,9178
1652,978,9193
1652,978,9193
1652,978,9193
1652,978,9193
1652,978,9193
1652,978,9193
1652,978,9193
1652,978,9193
1652,978,9193
1853,1074,9195
1853,1074,9195
1853,1074,9195
1853,1074,9195
1853,1074,9195
1853,1074,9195
1853,1074,9195
1853,1074,9195
1853,1074,9195
1853,1074,9195
2049,1255,9333
2049,1255,9333
2049,1255,9333
2049,1255,9333
2049,1255,9333
2049,1255,9333
2049,1255,9333
2049,1255,9333
2049,1255,9333
2376,1475,9330
2376,1475,9330
2376,1475,9330
2376,1475,9330
2376,1475,9330
2376,1475,9330
2376,1475,9330
2376,1475,9330
2376,1475,9330
2553,1691,9382
2553,1691,9382
2553,1691,9382
2553,1691,9382
2553,1691,9382
2553,1691,9382
2553,1691,9382
2553,1691,9382
2553,1691,9382
2663,1942,9463
2663,1942,9463
2663,1942,9463
2663,1942,9463
2663,1942,9463
2663,1942,9463
2663,1942,9463
2663,1942,9463
2663,1942,9463
2777,2183,9473
2777,2183,9473
2777,2183,9473
2777,2183,9473
2777,2183,9473
2777,2183,9473
2777,2183,9473
2777,2183,9473
2777,2183,9473
2774,2358,9498
2774,2358,9498
2774,2358,9498
2774,2358,9498
2774,2358,9498
2774,2358,9498
2774,2358,9498
2774,2358,9498
2774,2358,9498
2651,2679,9578
2651,2679,9578
2651,2679,9578
2651,2679,9578
2651,2679,9578
2651,2679,9578
2651,2679,9578
2651,2679,9578
2651,2679,9578
2532,2910,9571
2532,2910,9571
2532,2910,9571
2532,2910,9571
2532,2910,9571
2532,2910,9571
2532,2910,9571
2532,2910,9571
2532,2910,9571
2532,2910,9571
2431,3170,9640
2431,3170,9640
2431,3170,9640
2431,3170,9640
2431,3170,9640
2431,3170,9640
2431,3170,9640
2431,3170,9640
2431,3170,9640
2431,3170,9640
2229,3381,9605
2229,3381,9605
2229,3381,9605
2229,3381,9605
2229,3381,9605
2229,3381,9605
2229,3381,9605
2229,3381,9605
2229,3381,9605
1993,3547,9659
1993,3547,9659
1993,3547,9659
1993,3547,9659
1993,3547,9659
1993,3547,9659
1993,3547,9659
1993,3547,9659
1993,3547,9659
1755,3632,9605
1755,3632,9605
1755,3632,9605
1755,3632,9605
1755,3632,9605
1755,3632,9605
1755,3632,9605
1755,3632,9605
1755,3632,9605
1527,3722,9582
1527,3722,9582
1527,3722,9582
1527,3722,9582
1527,3722,9582
1527,3722,9582
1527,3722,9582
1527,3722,9582
1527,3722,9582
1261,3698,9563
1261,3698,9563
1261,3698,9563
1261,3698,9563
1261,3698,9563
1261,3698,9563
1261,3698,9563
1261,3698,9563
1261,3698,9563
1261,3698,9563
983,3589,9463
983,3589,9463
983,3589,9463
843,3519,9501
843,3519,9501
843,3519,9501
843,3519,9501
843,3519,9501
843,3519,9501
843,3519,9501
843,3519,9501
843,3519,9501
843,3519,9501
726,3344,9477
726,3344,9477
726,3344,9477
726,3344,9477
726,3344,9477
726,3344,9477
726,3344,9477
726,3344,9477
726,3344,9477
505,3137,9408
505,3137,9408
505,3137,9408
505,3137,9408
505,3137,9408
505,3137,9408
505,3137,9408
505,3137,9408
505,3137,9408
398,2923,9376
398,2923,9376
398,2923,9376
398,2923,9376
398,2923,9376
398,2923,9376
398,2923,9376
398,2923,9376
398,2923,9376
398,2923,9376
316,2671,9354
316,2671,9354
316,2671,9354
316,2671,9354
316,2671,9354
316,2671,9354
316,2671,9354
316,2671,9354
316,2671,9354
266,2385,9269
266,2385,9269
266,2385,9269
266,2385,9269
266,2385,9269
266,2385,9269
266,2385,9269
266,2385,9269
266,2385,9269
458,2168,9329
458,2168,9329
458,2168,9329
458,2168,9329
458,2168,9329
458,2168,9329
458,2168,9329
458,2168,9329
458,2168,9329
825,1889,9425
825,1889,9425
825,1889,9425
825,1889,9425
825,1889,9425
825,1889,9425
825,1889,9425
825,1889,9425
825,1889,9425
1364,1738,9480
1364,1738,9480
1364,1738,9480
1364,1738,9480
1364,1738,9480
1364,1738,9480
1364,1738,9480
1364,1738,9480
1364,1738,9480
1951,1581,9483
1951,1581,9483
1951,1581,9483
1951,1581,9483
1951,1581,9483
1951,1581,9483
1951,1581,9483
1951,1581,9483
1951,1581,9483
2408,1509,9297
2408,1509,9297
2408,1509,9297
2408,1509,9297
2408,1509,9297
2408,1509,9297
2408,1509,9297
2408,1509,9297
2408,1509,9297
2703,1417,9248
2703,1417,9248
2703,1417,9248
2703,1417,9248
2703,1417,9248
2703,1417,9248
2703,1417,9248
2703,1417,9248
2703,1417,9248
2933,1384,9114
2933,1384,9114
2933,1384,9114
2933,1384,9114
2933,1384,9114
2933,1384,9114
2933,1384,9114
2933,1384,9114
2933,1384,9114
3252,1371,9026
3252,1371,9026
3252,1371,9026
3252,1371,9026
3252,1371,9026
3252,1371,9026
3252,1371,9026
3252,1371,9026
3252,1371,9026
3252,1371,9026
3466,1445,8910
3466,1445,8910
3466,1445,8910
3466,1445,8910
3466,1445,8910
3466,1445,8910
3466,1445,8910
3466,1445,8910
3466,1445,8910
3773,1495,8774
3773,1495,8774
3773,1495,8774
3773,1495,8774
3773,1495,8774
3773,1495,8774
3773,1495,8774
3773,1495,8774
3773,1495,8774
3926,1612,8726
3926,1612,8726
3926,1612,8726
3926,1612,8726
3926,1612,8726
3926,1612,8726
3926,1612,8726
3926,1612,8726
3926,1612,8726
3926,1612,8726
4054,1768,8700
4054,1768,8700
4054,1768,8700
4054,1768,8700
4054,1768,8700
4054,1768,8700
4054,1768,8700
4054,1768,8700
4054,1768,8700
4186,1933,8634
4186,1933,8634
4186,1933,8634
4186,1933,8634
4186,1933,8634
4186,1933,8634
4186,1933,8634
4186,1933,8634
4186,1933,8634
4224,2102,8575
4224,2102,8575
4224,2102,8575
4224,2102,8575
4224,2102,8575
4224,2102,8575
4224,2102,8575
4224,2102,8575
4224,2102,8575
4298,2362,8587
4298,2362,8587
4298,2362,8587
4298,2362,8587
4298,2362,8587
4298,2362,8587
4298,2362,8587
4298,2362,8587
4298,2362,8587
4334,2637,8621
4334,2637,8621
4334,2637,8621
4334,2637,8621
4334,2637,8621
4334,2637,8621
4334,2637,8621
4334,2637,8621
4334,2637,8621
4332,2915,8663
4332,2915,8663
4332,2915,8663
4332,2915,8663
4332,2915,8663
4332,2915,8663
4332,2915,8663
4332,2915,8663
4332,2915,8663
4235,3163,8720
4235,3163,8720
4235,3163,8720
4235,3163,8720
4235,3163,8720
4235,3163,8720
4235,3163,8720
4235,3163,8720
4235,3163,8720
4235,3163,8720
4113,3314,8805
4113,3314,8805
4113,3314,8805
4113,3314,8805
4113,3314,8805
4113,3314,8805
4113,3314,8805
4113,3314,8805
4113,3314,8805
3997,3444,8870
3997,3444,8870
3997,3444,8870
3997,3444,8870
3997,3444,8870
3997,3444,8870
3997,3444,8870
3997,3444,8870
3997,3444,8870
3812,3531,8973
3812,3531,8973
3812,3531,8973
3812,3531,8973
3812,3531,8973
3812,3531,8973
3812,3531,8973
3812,3531,8973
3812,3531,8973
3660,3596,9085
3660,3596,9085
3660,3596,9085
3660,3596,9085
3660,3596,9085
3660,3596,9085
3660,3596,9085
3660,3596,9085
3660,3596,9085
3660,3596,9085
3399,3684,9137
3399,3684,9137
3399,3684,9137
3399,3684,9137
3130,3733,9288
3130,3733,9288
3130,3733,9288
3130,3733,9288
3130,3733,9288
3130,3733,9288
3130,3733,9288
3130,3733,9288
3130,3733,9288
2910,3719,9364
2910,3719,9364
2910,3719,9364
2910,3719,9364
2910,3719,9364
2910,3719,9364
2910,3719,9364
2910,3719,9364
2910,3719,9364
2744,3601,9478
2744,3601,9478
2744,3601,9478
2744,3601,9478
2744,3601,9478
2744,3601,9478
2744,3601,9478
2744,3601,9478
2744,3601,9478
2516,3396,9512
2516,3396,9512
2516,3396,9512
2516,3396,9512
2516,3396,9512
2516,3396,9512
2516,3396,9512
2516,3396,9512
2516,3396,9512
2516,3396,9544
2307,3243,9544
2307,3243,9544
2307,3243,9544
2307,3243,9544
2307,3243,9544
2307,3243,9544
2307,3243,9544
2307,3243,9544
2307,3243,9544
2167,3040,9568
2167,3040,9568
2167,3040,9568
2167,3040,9568
2167,3040,9568
2167,3040,9568
2167,3040,9568
2167,3040,9568
2167,3040,9568
2072,2859,9553
2072,2859,9553
2072,2859,9553
2072,2859,9553
2072,2859,9553
2072,2859,9553
2072,2859,9553
2072,2859,9553
2072,2859,9553
1936,2666,9576
1936,2666,9576
1936,2666,9576
1936,2666,9576
1936,2666,9576
1936,2666,9576
1936,2666,9576
1936,2666,9576
1936,2666,9576
1923,2410,9568
1923,2410,9568
1923,2410,9568
1923,2410,9568
1923,2410,9568
1923,2410,9568
1923,2410,9568
1923,2410,9568
1923,2410,9568
1923,2410,9568
2158,2120,9516
2158,2120,9516
2158,2120,9516
2158,2120,9516
2158,2120,9516
2158,2120,9516
2158,2120,9516
2158,2120,9516
2158,2120,9516
2448,1878,9426
2448,1878,9426
2448,1878,9426
2448,1878,9426
2448,1878,9426
2448,1878,9426
2448,1878,9426
2448,1878,9426
2448,1878,9426
2736,1695,9285
2736,1695,9285
2736,1695,9285
2736,1695,9285
2736,1695,9285
2736,1695,9285
2736,1695,9285
2736,1695,9285
3041,1579,9127
3041,1579,9127
3041,1579,9127
3041,1579,9127
3041,1579,9127
3041,1579,9127
3041,1579,9127
3041,1579,9127
3041,1579,9127
3041,1579,9127
3301,1418,8957
3301,1418,8957
3301,1418,8957
3301,1418,8957
3301,1418,8957
3301,1418,8957
3301,1418,8957
3301,1418,8957
3301,1418,8957
3301,1418,8957
3477,1367,8787
3477,1367,8787
3477,1367,8787
3477,1367,8787
3477,1367,8787
3477,1367,8787
3477,1367,8787
3477,1367,8787
3477,1367,8787
3648,1325,8665
3648,1325,8665
3648,1325,8665
3648,1325,8665
3648,1325,8665
3648,1325,8665
3648,1325,8665
3648,1325,8665
3648,1325,8665
3887,1389,8553
3887,1389,8553
3887,1389,8553
3887,1389,8553
3887,1389,8553
3887,1389,8553
3887,1389,8553
3887,1389,8553
3887,1389,8553
4088,1317,8340
4088,1317,8340
4088,1317,8340
4088,1317,8340
4088,1317,8340
4088,1317,8340
4088,1317,8340
4088,1317,8340
4088,1317,8340
4209,1372,8200
4209,1372,8200
4209,1372,8200
4209,1372,8200
4209,1372,8200
4209,1372,8200
4209,1372,8200
4209,1372,8200
4209,1372,8200
4209,1372,8200
4365,1393,8055
4365,1393,8055
4365,1393,8055
4365,1393,8055
4365,1393,8055
4365,1393,8055
4365,1393,8055
4365,1393,8055
4365,1393,8055
4417,1445,7991
4417,1445,7991
4417,1445,7991
4417,1445,7991
4417,1445,7991
4417,1445,7991
4417,1445,7991
4417,1445,7991
4417,1445,7991
4556,1572,7859
4556,1572,7859
4556,1572,7859
4556,1572,7859
4556,1572,7859
4556,1572,7859
4556,1572,7859
4556,1572,7859
4701,1771,7749
4701,1771,7749
4701,1771,7749
4701,1771,7749
4701,1771,7749
4701,1771,7749
4701,1771,7749
4701,1771,7749
4701,1771,7749
4701,1771,7749
4821,2016,7647
4821,2016,7647
4821,2016,7647
4821,2016,7647
4821,2016,7647
4821,2016,7647
4821,2016,7647
4821,2016,7647
4821,2016,7647
4903,2139,7580
4903,2139,7580
4903,2139,7580
4903,2139,7580
4903,2139,7580
4903,2139,7580
4903,2139,7580
4903,2139,7580
4903,2139,7580
4929,2368,7565
4929,2368,7565
4929,2368,7565
4929,2368,7565
4929,2368,7565
4929,2368,7565
4929,2368,7565
4929,2368,7565
4929,2368,7565
4969,2582,7646
4969,2582,7646
4969,2582,7646
4969,2582,7646
4969,2582,7646
4969,2582,7646
4969,2582,7646
4969,2582,7646
4969,2582,7646
4969,2582,7646
4900,2732,7768
4900,2732,7768
4900,2732,7768
4900,2732,7768
4900,2732,7768
4900,2732,7768
4900,2732,7768
4893,3037,7824
4893,3037,7824
4893,3037,7824
4893,3037,7824
4893,3037,7824
4893,3037,7824
4768,3229,7958
4768,3229,7958
4768,3229,7958
4768,3229,7958
4768,3229,7958
4768,3229,7958
4768,3229,7958
4768,3229,7958
4768,3229,7958
4740,3313,7971
4740,3313,7971
4740,3313,7971
4740,3313,7971
4740,3313,7971
4740,3313,7971
4740,3313,7971
4740,3313,7971
4740,3313,7971
4740,3313,7971
4660,3418,8102
4660,3418,8102
4660,3418,8102
4660,3418,8102
4660,3418,8102
4660,3418,8102
4660,3418,8102
4660,3418,8102
4502,3555,8286
4502,3555,8286
4502,3555,8286
4502,3555,8286
4502,3555,8286
4502,3555,8286
4502,3555,8286
4502,3555,8286
4502,3555,8286
4502,3587,8419
4405,3587,8419
4405,3587,8419
4405,3587,8419
4405,3587,8419
4405,3587,8419
4405,3587,8419
4405,3587,8419
4405,3587,8419
4405,3587,8419
4225,3690,8454
4225,3690,8454
4225,3690,8454
4225,3690,8454
4225,3690,8454
4225,3690,8454
4225,3690,8454
4225,3690,8454
4225,3690,8454
4047,3700,8664
4047,3700,8664
4047,3700,8664
4047,3700,8664
4047,3700,8664
4047,3700,8664
4047,3700,8664
4047,3700,8664
4047,3700,8664
3943,3640,8745
3943,3640,8745
3943,3640,8745
3943,3640,8745
3943,3640,8745
3943,3640,8745
3943,3640,8745
3943,3640,8745
3943,3640,8745
3876,3489,8860
3876,3489,8860
3876,3489,8860
3876,3489,8860
3876,3489,8860
3876,3489,8860
3876,3489,8860
3876,3489,8860
3876,3489,8860
3876,3489,8860
3791,3390,8966
3791,3390,8966
3791,3390,8966
3791,3390,8966
3791,3390,8966
3791,3390,8966
3791,3390,8966
3791,3390,8966
3791,3390,8966
3791,3286,9016
3663,3286,9016
3663,3286,9016
3663,3286,9016
3663,3286,9016
3663,3286,9016
3663,3286,9016
3663,3286,9016
3663,3286,9016
3663,3286,9016
3495,3195,9123
3495,3195,9123
3495,3195,9123
3495,3195,9123
3495,3195,9123
3495,3195,9123
3495,3195,9123
3495,3195,9123
3495,3195,9123
3372,2998,9184
3372,2998,9184
3372,2998,9184
3372,2998,9184
3372,2998,9184
3372,2998,9184
3372,2998,9184
3372,2998,9184
3372,2819,9239
3268,2819,9239
3268,2819,9239
3268,2819,9239
3268,2819,9239
3268,2819,9239
3268,2819,9239
3268,2819,9239
3268,2819,9239
3268,2819,9239
3268,2571,9258
3268,2571,9258
3268,2571,9258
3268,2571,9258
3268,2571,9258
3268,2571,9258
3268,2571,9258
3268,2571,9258
3268,2571,9258
3310,2235,9181
3310,2235,9181
3310,2235,9181
3310,2235,9181
3310,2235,9181
3310,2235,9181
3310,2235,9181
3310,2235,9181
3310,2235,9181
3366,1967,9080
3366,1967,9080
3366,1967,9080
3366,1967,9080
3366,1967,9080
3366,1967,9080
3366,1967,9080
3366,1967,9080
3366,1967,9080
3430,1823,9009
3430,1823,9009
3430,1823,9009
3430,1823,9009
3430,1823,9009
3430,1823,9009
3430,1823,9009
3430,1823,9009
3430,1823,9009
3421,1634,8931
3421,1634,8931
3421,1634,8931
3421,1634,8931
3421,1634,8931
3421,1634,8931
3421,1634,8931
3421,1634,8931
3421,1634,8931
3421,1405,8790
3526,1405,8790
3526,1405,8790
3526,1405,8790
3526,1405,8790
3526,1405,8790
3526,1405,8790
3526,1405,8790
3526,1405,8790
3526,1405,8790
3777,1318,8570
3777,1318,8570
3777,1318,8570
3777,1318,8570
3777,1318,8570
3777,1318,8570
3777,1318,8570
3777,1318,8570
4076,1303,8263
4076,1303,8263
4076,1303,8263
4076,1303,8263
4076,1303,8263
4076,1303,8263
4076,1303,8263
4076,1303,8263
4076,1303,8263
4076,1303,8263
4406,1295,7838
4406,1295,7838
4406,1295,7838
4406,1295,7838
4406,1295,7838
4406,1295,7838
4406,1295,7838
4406,1295,7838
4406,1295,7838
4669,1381,7461
4669,1381,7461
4669,1381,7461
4669,1381,7461
4669,1381,7461
4669,1381,7461
4669,1381,7461
4669,1381,7461
4669,1381,7461
4778,1499,7307
4778,1499,7307
4778,1499,7307
4778,1499,7307
4778,1499,7307
4778,1499,7307
4778,1499,7307
4778,1499,7307
4778,1499,7307
4778,1633,7151
4864,1633,7151
4864,1633,7151
4864,1633,7151
4864,1633,7151
4864,1633,7151
4864,1633,7151
4864,1633,7151
4864,1633,7151
4864,1633,7151
5006,1716,7009
5006,1716,7009
5006,1716,7009
5006,1716,7009
5006,1716,7009
5006,1716,7009
5006,1716,7009
5006,1716,7009
5006,1716,7009
5115,1943,6898
5115,1943,6898
5115,1943,6898
5115,1943,6898
5145,2207,6858
5145,2207,6858
5145,2207,6858
5145,2207,6858
5145,2207,6858
5145,2207,6858
5145,2207,6858
5145,2207,6858
5145,2207,6858
5211,2468,6752
5211,2468,6752
5211,2468,6752
5211,2468,6752
5211,2468,6752
5211,2468,6752
5211,2468,6752
5211,2468,6752
5211,2468,6752
5236,2627,6770
5236,2627,6770
5236,2627,6770
5236,2627,6770
5236,2627,6770
5236,2627,6770
5236,2627,6770
5236,2627,6770
5236,2627,6770
5236,2627,6770
5247,2832,6888
5247,2832,6888
5247,2832,6888
5247,2832,6888
5247,2832,6888
5247,2832,6888
5247,2832,6888
5247,2832,6888
5247,2832,6888
5221,2994,6971
5221,2994,6971
5221,2994,6971
5221,2994,6971
5221,2994,6971
5221,2994,6971
5221,2994,6971
5221,2994,6971
5221,2994,6971
5122,3096,7101
5122,3096,7101
5122,3096,7101
5122,3096,7101
5122,3096,7101
5122,3096,7101
5122,3096,7101
5122,3096,7101
5122,3096,7101
5065,3273,7288
5065,3273,7288
5065,3273,7288
5065,3273,7288
5065,3273,7288
5065,3273,7288
5065,3273,7288
5065,3273,7288
5065,3273,7288
4960,3478,7437
4960,3478,7437
4960,3478,7437
4960,3478,7437
4960,3478,7437
4960,3478,7437
4960,3478,7437
4960,3478,7437
4960,3478,7437
4960,3478,7437
4904,3625,7420
4904,3625,7420
4904,3625,7420
4904,3625,7420
4904,3625,7420
4904,3625,7420
4904,3625,7420
4904,3625,7420
4904,3625,7420
4860,3648,7480
4860,3648,7480
4860,3648,7480
4860,3648,7480
4860,3648,7480
4860,3648,7480
4860,3648,7480
4860,3648,7480
4860,3648,7480
4869,3616,7545
4869,3616,7545
4869,3616,7545
4869,3616,7545
4869,3616,7545
4869,3616,7545
4869,3616,7545
4869,3616,7545
4869,3616,7545
4820,3609,7687
4820,3609,7687
4820,3609,7687
4820,3609,7687
4820,3609,7687
4820,3609,7687
4820,3609,7687
4820,3609,7687
4820,3609,7687
4777,3591,7700
4777,3591,7700
4777,3591,7700
4777,3591,7700
4777,3591,7700
4777,3591,7700
4777,3591,7700
4777,3591,7700
4777,3591,7700
4765,3494,7757
4765,3494,7757
4765,3494,7757
4765,3494,7757
4765,3494,7757
4765,3494,7757
4765,3494,7757
4765,3494,7757
4765,3494,7757
4765,3494,7757
4728,3368,7851
4728,3368,7851
4728,3368,7851
4728,3368,7851
4728,3368,7851
4728,3368,7851
4728,3368,7851
4728,3368,7851
4681,3213,8021
4681,3213,8021
4681,3213,8021
4681,3213,8021
4681,3213,8021
4681,3213,8021
4681,3213,8021
4681,3213,8021
4681,3213,8021
4575,3010,8076
4575,3010,8076
4575,3010,8076
4575,3010,8076
4575,3010,8076
4575,3010,8076
4575,3010,8076
4575,3010,8076
4575,3010,8076
4575,3010,8076
4522,2799,8195
4522,2799,8195
4522,2799,8195
4522,2799,8195
4522,2799,8195
4522,2799,8195
4522,2799,8195
4522,2799,8195
4522,2799,8195
4460,2689,8235
4460,2689,8235
4460,2689,8235
4460,2689,8235
4460,2689,8235
4460,2689,8235
4460,2689,8235
4460,2689,8235
4460,2689,8235
4460,2689,8235
4441,2473,8280
4441,2473,8280
4441,2473,8280
4441,2473,8280
4441,2473,8280
4441,2473,8280
4441,2473,8280
4441,2473,8280
4441,2473,8280
4417,2271,8221
4417,2271,8221
4417,2271,8221
4417,2271,8221
4417,2271,8221
4417,2271,8221
4417,2271,8221
4417,2271,8221
4417,2271,8221
4492,2055,8062
4492,2055,8062
4492,2055,8062
4492,2055,8062
4492,2055,8062
4492,2055,8062
4492,2055,8062
4492,2055,8062
4492,2055,8062
4612,1932,7797
4612,1932,7797
4612,1932,7797
4612,1932,7797
4612,1932,7797
4612,1932,7797
4612,1932,7797
4612,1932,7797
4612,1932,7797
4711,1774,7475
4711,1774,7475
4711,1774,7475
4711,1774,7475
4711,1774,7475
4711,1774,7475
4711,1774,7475
4711,1774,7475
4711,1774,7475
4711,1774,7475
4784,1682,7239
4784,1682,7239
4784,1682,7239
4784,1682,7239
4784,1682,7239
4784,1682,7239
4784,1682,7239
4784,1682,7239
4784,1682,7239
4801,1645,7084
4801,1645,7084
4801,1645,7084
4801,1645,7084
4801,1645,7084
4801,1645,7084
4801,1645,7084
4801,1645,7084
4802,1517,6921
4802,1517,6921
4802,1517,6921
4802,1517,6921
4802,1517,6921
4802,1517,6921
4802,1517,6921
4802,1517,6921
4802,1517,6921
4802,1517,6921
4829,1454,6754
4829,1454,6754
4829,1454,6754
4829,1454,6754
4829,1454,6754
4829,1454,6754
4882,1450,6577
4882,1450,6577
4882,1450,6577
4882,1450,6577
4882,1450,6577
4882,1450,6577
4882,1450,6577
4882,1450,6577
4964,1623,6325
4964,1623,6325
4964,1623,6325
4964,1623,6325
4964,1623,6325
4964,1623,6325
4964,1623,6325
4964,1623,6325
4964,1623,6325
5017,1678,6031
5017,1678,6031
5017,1678,6031
5017,1678,6031
5017,1678,6031
5017,1678,6031
5017,1678,6031
5017,1678,6031
5017,1678,6031
5092,1839,5959
5092,1839,5959
5092,1839,5959
5092,1839,5959
5092,1839,5959
5092,1839,5959
5092,1839,5959
5092,1839,5959
5092,1839,5959
5081,2026,5830
5081,2026,5830
5081,2026,5830
5081,2026,5830
5081,2026,5830
5081,2026,5830
5081,2026,5830
5081,2026,5830
5081,2026,5830
5081,2026,5830
5134,2181,5751
5134,2181,5751
5134,2181,5751
5134,2181,5751
5134,2181,5751
5134,2181,5751
5134,2181,5751
5134,2181,5751
5134,2181,5751
5193,2396,5637
5193,2396,5637
5193,2396,5637
5193,2396,5637
5193,2396,5637
5193,2396,5637
5193,2396,5637
5193,2396,5637
5193,2396,5637
5164,2688,5587
5164,2688,5587
5164,2688,5587
5164,2688,5587
5164,2688,5587
5164,2688,5587
5164,2688,5587
5164,2688,5587
5166,2921,5592
5166,2921,5592
5166,2921,5592
5166,2921,5592
5166,2921,5592
5166,2921,5592
5166,2921,5592
5166,2921,5592
5166,2921,5592
5166,2921,5592
5260,3089,6022
5260,3089,6022
5260,3089,6022
5260,3089,6022
5260,3089,6022
5260,3089,6022
5260,3089,6022
5260,3089,6022
5260,3089,6022
5202,3173,6304
5202,3173,6304
5202,3173,6304
5202,3173,6304
5202,3173,6304
5202,3173,6304
5202,3173,6304
5202,3173,6304
5202,3173,6304
5204,3316,6534
5204,3316,6534
5204,3316,6534
5204,3316,6534
5204,3316,6534
5204,3316,6534
5204,3316,6534
5204,3316,6534
5204,3316,6534
5204,3316,6534
5133,3407,6771
5133,3407,6771
5133,3407,6771
5133,3407,6771
5133,3407,6771
5133,3407,6771
5133,3407,6771
5133,3407,6771
5133,3407,6771
5033,3527,7149
5033,3527,7149
5033,3527,7149
5033,3527,7149
5033,3527,7149
5033,3527,7149
5033,3527,7149
5033,3527,7149
5033,3527,7149
4957,3669,7323
4957,3669,7323
4957,3669,7323
4957,3669,7323
4957,3669,7323
4957,3669,7323
4957,3669,7323
4957,3669,7323
4957,3669,7323
4957,3669,7323
4856,3748,7594
4856,3748,7594
4856,3748,7594
4856,3748,7594
4856,3748,7594
4856,3748,7594
4856,3748,7594
4856,3748,7594
4856,3748,7594
4646,3702,7976
4646,3702,7976
4646,3702,7976
4646,3702,7976
4646,3702,7976
4646,3702,7976
4646,3702,7976
4646,3702,7976
4646,3702,7976
4392,3733,8282
4392,3733,8282
4392,3733,8282
4392,3733,8282
4392,3733,8282
4392,3733,8282
4392,3733,8282
4392,3733,8282
4392,3733,8282
4007,3723,8650
4007,3723,8650
4007,3723,8650
4007,3723,8650
4007,3723,8650
4007,3723,8650
4007,3723,8650
4007,3723,8650
4007,3723,8650
3756,3742,8906
3756,3742,8906
3756,3742,8906
3756,3742,8906
3756,3742,8906
3756,3742,8906
3756,3742,8906
3756,3742,8906
3756,3742,8906
3369,3773,9094
3369,3773,9094
3369,3773,9094
3369,3773,9094
3369,3773,9094
3369,3773,9094
3369,3773,9094
3369,3773,9094
3369,3773,9094
2911,3742,9336
2911,3742,9336
2911,3742,9336
2911,3742,9336
2911,3742,9336
2911,3742,9336
2911,3742,9336
2911,3742,9336
2911,3742,9336
2495,3623,9440
2495,3623,9440
2495,3623,9440
2495,3623,9440
2495,3623,9440
2495,3623,9440
2495,3623,9440
2495,3623,9440
2495,3623,9440
2030,3515,9541
2030,3515,9541
2030,3515,9541
2030,3515,9541
2030,3515,9541
2030,3515,9541
2030,3515,9541
2030,3515,9541
2030,3515,9541
1576,3378,9498
1576,3378,9498
1576,3378,9498
1576,3378,9498
1576,3378,9498
1576,3378,9498
1576,3378,9498
1576,3378,9498
1576,3378,9498
1576,3378,9498
1276,3118,9546
1276,3118,9546
1276,3118,9546
1276,3118,9546
1276,3118,9546
1276,3118,9546
1276,3118,9546
1276,3118,9546
1276,3118,9546
1276,3118,9546
1060,2826,9499
1060,2826,9499
1060,2826,9499
1060,2826,9499
1060,2826,9499
1060,2826,9499
1060,2826,9499
1060,2826,9499
1060,2826,9499
856,2615,9469
856,2615,9469
856,2615,9469
856,2615,9469
856,2615,9469
856,2615,9469
856,2615,9469
856,2615,9469
697,2444,9391
697,2444,9391
697,2444,9391
697,2444,9391
551,2372,9368
551,2372,9368
551,2372,9368
551,2372,9368
551,2372,9368
551,2372,9368
551,2372,9368
551,2372,9368
551,2372,9368
551,2372,9368
396,2256,9292
396,2256,9292
396,2256,9292
396,2256,9292
396,2256,9292
396,2256,9292
396,2256,9292
396,2256,9292
396,2256,9292
353,2098,9256
353,2098,9256
353,2098,9256
353,2098,9256
353,2098,9256
353,2098,9256
353,2098,9256
353,2098,9256
353,2098,9256
348,1952,9190
348,1952,9190
348,1952,9190
348,1952,9190
348,1952,9190
348,1952,9190
348,1952,9190
348,1952,9190
348,1952,9190
303,1816,9119
303,1816,9119
303,1816,9119
303,1816,9119
303,1816,9119
303,1816,9119
303,1816,9119
303,1816,9119
303,1816,9119
303,1816,9119
260,1735,9119
260,1735,9119
260,1735,9119
260,1735,9119
260,1735,9119
260,1735,9119
260,1735,9119
260,1735,9119
260,1735,9119
298,1637,9094
298,1637,9094
298,1637,9094
298,1637,9094
298,1637,9094
298,1637,9094
298,1637,9094
298,1637,9094
298,1637,9094
296,1500,9097
296,1500,9097
296,1500,9097
296,1500,9097
296,1500,9097
296,1500,9097
296,1500,9097
296,1500,9097
296,1500,9097
267,1513,9080
267,1513,9080
267,1513,9080
267,1513,9080
267,1513,9080
267,1513,9080
267,1513,9080
267,1513,9080
267,1513,9080
281,1454,9052
281,1454,9052
281,1454,9052
281,1454,9052
281,1454,9052
281,1454,9052
281,1454,9052
281,1454,9052
281,1454,9052
241,1457,9018
241,1457,9018
241,1457,9018
241,1457,9018
241,1457,9018
241,1457,9018
241,1457,9018
241,1457,9018
241,1457,9018
388,1503,9196
388,1503,9196
388,1503,9196
388,1503,9196
388,1503,9196
388,1503,9196
388,1503,9196
388,1503,9196
388,1503,9196
388,1551,9261
587,1551,9261
587,1551,9261
587,1551,9261
587,1551,9261
587,1551,9261
587,1551,9261
587,1551,9261
587,1551,9261
587,1551,9261
674,1537,9292
674,1537,9292
674,1537,9292
674,1537,9292
674,1537,9292
674,1537,9292
674,1537,9292
674,1537,9292
674,1537,9292
768,1615,9323
768,1615,9323
768,1615,9323
768,1615,9323
768,1615,9323
768,1615,9323
768,1615,9323
768,1615,9323
768,1615,9323
804,1707,9402
804,1707,9402
804,1707,9402
804,1707,9402
804,1707,9402
804,1707,9402
804,1707,9402
804,1707,9402
804,1707,9402
908,1742,9441
908,1742,9441
908,1742,9441
908,1742,9441
908,1742,9441
908,1742,9441
908,1742,9441
908,1742,9441
908,1742,9441
984,1910,9440
984,1910,9440
984,1910,9440
984,1910,9440
984,1910,9440
984,1910,9440
984,1910,9440
984,1910,9440
984,1910,9440
984,1910,9440
1077,2073,9553
1077,2073,9553
1077,2073,9553
1077,2073,9553
1077,2073,9553
1077,2073,9553
1077,2073,9553
1077,2073,9553
1077,2073,9553
1077,2073,9553
1190,2219,9626
1190,2219,9626
1190,2219,9626
1190,2219,9626
1190,2219,9626
1190,2219,9626
1190,2219,9626
1190,2219,9626
1131,2364,9632
1131,2364,9632
1131,2364,9632
1131,2364,9632
1131,2364,9632
1131,2364,9632
1131,2364,9632
1131,2364,9632
1131,2364,9632
1127,2527,9635
1127,2527,9635
1127,2527,9635
1127,2527,9635
1127,2527,9635
1127,2527,9635
1127,2527,9635
1127,2527,9635
1127,2527,9635
1127,2527,9635
1052,2674,9587
1052,2674,9587
1052,2674,9587
1052,2674,9587
1052,2674,9587
1052,2674,9587
1052,2674,9587
1052,2674,9587
1052,2674,9587
1066,2846,9624
1066,2846,9624
1066,2846,9624
1066,2846,9624
1066,2846,9624
1066,2846,9624
1066,2846,9624
1066,2846,9624
1066,2846,9624
1005,3062,9585
1005,3062,9585
1005,3062,9585
1005,3062,9585
1005,3062,9585
1005,3062,9585
1005,3062,9585
1005,3062,9585
1005,3062,9585
886,3236,9561
886,3236,9561
886,3236,9561
886,3236,9561
886,3236,9561
886,3236,9561
886,3236,9561
886,3236,9561
886,3236,9561
749,3386,9483
749,3386,9483
749,3386,9483
749,3386,9483
749,3386,9483
749,3386,9483
749,3386,9483
749,3386,9483
749,3386,9483
749,3386,9483
621,3461,9441
621,3461,9441
621,3461,9441
621,3461,9441
621,3461,9441
621,3461,9441
621,3461,9441
621,3461,9441
621,3461,9441
475,3575,9338
475,3575,9338
475,3575,9338
475,3575,9338
475,3575,9338
475,3575,9338
475,3575,9338
475,3575,9338
309,3623,9294
309,3623,9294
309,3623,9294
309,3623,9294
-4,3676,9121
-4,3676,9121
-4,3676,9121
-4,3676,9121
-4,3676,9121
-4,3676,9121
-4,3676,9121
-4,3676,9121
-4,3676,9121
-208,3752,8960
-208,3752,8960
-208,3752,8960
-208,3752,8960
-208,3752,8960
-208,3752,8960
-208,3752,8960
-208,3752,8960
-208,3752,8960
-208,3752,8960
-338,3845,8860
-338,3845,8860
-338,3845,8860
-338,3845,8860
-338,3845,8860
-338,3845,8860
-338,3845,8860
-338,3845,8860
-338,3845,8860
-338,3845,8789
-471,3873,8789
-471,3873,8789
-471,3873,8789
-471,3873,8789
-471,3873,8789
-471,3873,8789
-471,3873,8789
-471,3873,8789
-471,3873,8789
-677,3862,8609
-677,3862,8609
-677,3862,8609
-677,3862,8609
-677,3862,8609
-677,3862,8609
-677,3862,8609
-677,3862,8609
-677,3862,8609
-816,3801,8510
-816,3801,8510
-816,3801,8510
-816,3801,8510
-816,3801,8510
-816,3801,8510
-816,3801,8510
-816,3801,8510
-816,3801,8510
-975,3699,8360
-975,3699,8360
-975,3699,8360
-975,3699,8360
-975,3699,8360
-975,3699,8360
-975,3699,8360
-975,3699,8360
-975,3699,8360
-1124,3576,8158
-1124,3576,8158
-1124,3576,8158
-1124,3576,8158
-1124,3576,8158
-1124,3576,8158
-1124,3576,8158
-1124,3576,8158
-1124,3576,8158
-1124,3576,8158
-1290,3368,8002
-1290,3368,8002
-1290,3368,8002
-1290,3368,8002
-1290,3368,8002
-1290,3368,8002
-1290,3368,8002
-1290,3368,8002
-1290,3368,8002
-1297,3144,7995
-1297,3144,7995
-1297,3144,7995
-1297,3144,7995
-1297,3144,7995
-1297,3144,7995
-1297,3144,7995
-1297,3144,7995
-1392,2880,7886
-1392,2880,7886
-1392,2880,7886
-1392,2880,7886
-1392,2880,7886
-1392,2880,7886
-1392,2880,7886
-1392,2880,7886
-1392,2880,7886
-1392,2880,7886
-1409,2647,7812
-1409,2647,7812
-1409,2647,7812
-1409,2647,7812
-1409,2647,7812
-1409,2647,7812
-1409,2647,7812
-1409,2647,7812
-1409,2647,7812
-1320,2461,7839
-1320,2461,7839
-1320,2461,7839
-1320,2461,7839
-1320,2461,7839
-1320,2461,7839
-1320,2461,7839
-1320,2461,7839
-1320,2461,7839
-1292,2224,7865
-1292,2224,7865
-1292,2224,7865
-1292,2224,7865
-1292,2224,7865
-1292,2224,7865
-1292,2224,7865
-1292,2224,7865
-1292,2224,7865
-1250,2088,7982
-1250,2088,7982
-1250,2088,7982
-1250,2088,7982
-1250,2088,7982
-1250,2088,7982
-1250,2088,7982
-1250,2088,7982
-1250,2088,7982
-1214,1886,8008
-1214,1886,8008
-1214,1886,8008
-1214,1886,8008
-1214,1886,8008
-1214,1886,8008
-1214,1886,8008
-1214,1886,8008
-1214,1886,8008
-1214,1886,8008
-976,1666,8202
-976,1666,8202
-976,1666,8202
-976,1666,8202
-976,1666,8202
-976,1666,8202
-976,1666,8202
-976,1666,8202
-976,1666,8202
-842,1584,8309
-842,1584,8309
-842,1584,8309
-842,1584,8309
-842,1584,8309
-842,1584,8309
-842,1584,8309
-842,1584,8309
-842,1584,8309
-842,1584,8309
-659,1485,8464
-659,1485,8464
-659,1485,8464
-659,1485,8464
-659,1485,8464
-659,1485,8464
-659,1485,8464
-659,1485,8464
-659,1485,8464
-498,1430,8573
-498,1430,8573
-498,1430,8573
-498,1430,8573
-498,1430,8573
-498,1430,8573
-498,1430,8573
-498,1430,8573
-416,1359,8591
-416,1359,8591
-416,1359,8591
-416,1359,8591
-416,1359,8591
-416,1359,8591
-416,1359,8591
-416,1359,8591
-416,1359,8591
-338,1425,8723
-338,1425,8723
-338,1425,8723
-338,1425,8723
-338,1425,8723
-338,1425,8723
-338,1425,8723
-338,1425,8723
-338,1425,8723
-338,1425,8723
-160,1484,8863
-160,1484,8863
-160,1484,8863
-160,1484,8863
-160,1484,8863
-160,1484,8863
-160,1484,8863
-160,1484,8863
-160,1484,8863
24,1592,9019
24,1592,9019
24,1592,9019
24,1592,9019
24,1592,9019
24,1592,9019
24,1592,9019
24,1592,9019
24,1592,9019
68,1645,9073
68,1645,9073
68,1645,9073
68,1645,9073
68,1645,9073
68,1645,9073
68,1645,9073
68,1645,9073
68,1645,9073
107,1768,9158
107,1768,9158
107,1768,9158
107,1768,9158
107,1768,9158
107,1768,9158
107,1768,9158
107,1768,9158
107,1768,9158
144,1869,9241
144,1869,9241
144,1869,9241
144,1869,9241
144,1869,9241
144,1869,9241
144,1869,9241
144,1869,9241
144,1869,9241
144,1869,9241
91,1919,9178
91,1919,9178
91,1919,9178
4,2138,9241
4,2138,9241
4,2138,9241
4,2138,9241
4,2138,9241
4,2138,9241
4,2138,9241
4,2138,9241
4,2138,9241
4,2138,9241
44,2423,9282
44,2423,9282
44,2423,9282
44,2423,9282
44,2423,9282
44,2423,9282
44,2423,9282
44,2423,9282
44,2423,9282
44,2423,9282
-127,2618,9249
-127,2618,9249
-127,2618,9249
-127,2618,9249
-127,2618,9249
-127,2618,9249
-127,2618,9249
-127,2618,9249
-182,2831,9158
-182,2831,9158
-182,2831,9158
-182,2831,9158
-182,2831,9158
-182,2831,9158
-182,2831,9158
-182,2831,9158
-182,2831,9158
-191,3013,9147
-191,3013,9147
-191,3013,9147
-191,3013,9147
-191,3013,9147
-191,3013,9147
-191,3013,9147
-191,3013,9147
-191,3013,9147
-253,3116,9158
-253,3116,9158
-253,3116,9158
-253,3116,9158
-253,3116,9158
-253,3116,9158
-253,3116,9158
-253,3116,9158
-253,3116,9158
-349,3276,9006
-349,3276,9006
-349,3276,9006
-349,3276,9006
-349,3276,9006
-349,3276,9006
-349,3276,9006
-349,3276,9006
-349,3276,9006
-430,3446,8986
-430,3446,8986
-430,3446,8986
-430,3446,8986
-430,3446,8986
-430,3446,8986
-430,3446,8986
-430,3446,8986
-430,3446,8986
-430,3446,8986
-531,3589,8846
-531,3589,8846
-531,3589,8846
-531,3589,8846
-531,3589,8846
-531,3589,8846
-531,3589,8846
-531,3589,8846
-531,3589,8846
-544,3720,8796
-544,3720,8796
-544,3720,8796
-544,3720,8796
-544,3720,8796
-544,3720,8796
-544,3720,8796
-544,3720,8796
-544,3720,8796
-622,3790,8663
-622,3790,8663
-622,3790,8663
-622,3790,8663
-622,3790,8663
-622,3790,8663
-622,3790,8663
-622,3790,8663
-622,3790,8663
-727,3808,8552
-727,3808,8552
-727,3808,8552
-727,3808,8552
-727,3808,8552
-727,3808,8552
-727,3808,8552
-727,3808,8552
-727,3808,8552
-727,3808,8552
-865,3829,8384
-865,3829,8384
-865,3829,8384
-865,3829,8384
-865,3829,8384
-865,3829,8384
-865,3829,8384
-865,3829,8384
-1028,3775,8276
-1028,3775,8276
-1028,3775,8276
-1028,3775,8276
-1028,3775,8276
-1028,3775,8276
-1028,3775,8276
-1028,3775,8276
-1028,3775,8276
-1151,3759,8061
-1151,3759,8061
-1151,3759,8061
-1151,3759,8061
-1151,3759,8061
-1151,3759,8061
-1151,3759,8061
-1151,3759,8061
-1151,3759,8061
-1151,3759,8061
-1290,3657,7895
-1290,3657,7895
-1290,3657,7895
-1290,3657,7895
-1290,3657,7895
-1290,3657,7895
-1290,3657,7895
-1290,3657,7895
-1290,3657,7895
-1346,3559,7817
-1346,3559,7817
-1346,3559,7817
-1346,3559,7817
-1346,3559,7817
-1346,3559,7817
-1346,3559,7817
-1346,3559,7817
-1346,3559,7817
-1346,3559,7817
-1469,3391,7649
-1469,3391,7649
-1469,3391,7649
-1469,3391,7649
-1469,3391,7649
-1469,3391,7649
-1469,3391,7649
-1469,3391,7649
-1469,3391,7649
-1551,3242,7520
-1551,3242,7520
-1551,3242,7520
-1551,3242,7520
-1551,3242,7520
-1551,3242,7520
-1551,3242,7520
-1551,3242,7520
-1551,3242,7520
-1598,3048,7399
-1598,3048,7399
-1598,3048,7399
-1598,3048,7399
-1598,3048,7399
-1598,3048,7399
-1598,3048,7399
-1598,3048,7399
-1598,3048,7399
-1654,2805,7294
-1654,2805,7294
-1654,2805,7294
-1654,2805,7294
-1654,2805,7294
-1654,2805,7294
-1654,2805,7294
-1654,2805,7294
-1654,2805,7294
-1683,2637,7126
-1683,2637,7126
-1683,2637,7126
-1683,2637,7126
-1683,2637,7126
-1683,2637,7126
-1683,2637,7126
-1683,2637,7126
-1683,2637,7126
-1656,2464,6983
-1656,2464,6983
-1656,2464,6983
-1656,2464,6983
-1656,2464,6983
-1656,2464,6983
-1656,2464,6983
-1656,2464,6983
-1656,2464,6983
-1657,2269,7069
-1657,2269,7069
-1657,2269,7069
-1657,2269,7069
-1657,2269,7069
-1657,2269,7069
-1657,2269,7069
-1657,2269,7069
-1657,2269,7069
-1570,2094,7124
-1570,2094,7124
-1570,2094,7124
-1570,2094,7124
-1570,2094,7124
-1570,2094,7124
-1570,2094,7124
-1570,2094,7124
-1570,2094,7124
-1562,1916,7114
-1562,1916,7114
-1562,1916,7114
-1562,1916,7114
-1562,1916,7114
-1562,1916,7114
-1562,1916,7114
-1562,1916,7114
-1562,1916,7114
-1559,1798,7192
-1559,1798,7192
-1559,1798,7192
-1559,1798,7192
-1559,1798,7192
-1559,1798,7192
-1559,1798,7192
-1559,1798,7192
-1559,1798,7192
-1528,1668,7202
-1528,1668,7202
-1528,1668,7202
-1528,1668,7202
-1528,1668,7202
-1464,1608,7260
-1464,1608,7260
-1464,1608,7260
-1464,1608,7260
-1464,1608,7260
-1464,1608,7260
-1464,1608,7260
-1464,1608,7260
-1464,1608,7260
-1432,1499,7307
-1432,1499,7307
-1432,1499,7307
-1432,1499,7307
-1432,1499,7307
-1432,1499,7307
-1432,1499,7307
-1432,1499,7307
-1432,1499,7307
-1344,1424,7508
-1344,1424,7508
-1344,1424,7508
-1344,1424,7508
-1344,1424,7508
-1344,1424,7508
-1344,1424,7508
-1344,1424,7508
-1344,1424,7508
-1344,1424,7508
-1295,1402,7498
-1295,1402,7498
-1295,1402,7498
-1295,1402,7498
-1295,1402,7498
-1295,1402,7498
-1295,1402,7498
-1295,1402,7498
-1295,1402,7498
-1272,1368,7562
-1272,1368,7562
-1272,1368,7562
-1272,1368,7562
-1272,1368,7562
-1272,1368,7562
-1272,1368,7562
-1272,1368,7562
-1234,1426,7758
-1234,1426,7758
-1234,1426,7758
-1234,1426,7758
-1234,1426,7758
-1234,1426,7758
-1234,1426,7758
-1234,1426,7758
-1234,1426,7758
-1206,1449,7755
-1206,1449,7755
-1206,1449,7755
-1206,1449,7755
-1206,1449,7755
-1206,1449,7755
-1206,1449,7755
-1206,1449,7755
-1206,1449,7755
-1245,1533,7833
-1245,1533,7833
-1245,1533,7833
-1245,1533,7833
-1245,1533,7833
-1245,1533,7833
-1245,1533,7833
-1245,1533,7833
-1245,1533,7833
-1301,1705,7846
-1301,1705,7846
-1301,1705,7846
-1301,1705,7846
-1301,1705,7846
-1301,1705,7846
-1301,1705,7846
-1301,1705,7846
-1301,1705,7846
-1301,1705,7846
-1302,1995,8026
-1302,1995,8026
-1302,1995,8026
-1302,1995,8026
-1302,1995,8026
-1302,1995,8026
-1302,1995,8026
-1302,1995,8026
-1302,1995,8026
-1335,2147,8025
-1335,2147,8025
-1335,2147,8025
-1335,2147,8025
-1335,2147,8025
-1335,2147,8025
-1335,2147,8025
-1335,2147,8025
-1335,2147,8025
-1327,2291,8033
-1327,2291,8033
-1327,2291,8033
-1327,2291,8033
-1327,2291,8033
-1327,2291,8033
-1327,2291,8033
-1327,2291,8033
-1327,2291,8033
-1387,2441,8021
-1387,2441,8021
-1387,2441,8021
-1387,2441,8021
-1387,2441,8021
-1387,2441,8021
-1387,2441,8021
-1387,2441,8021
-1387,2441,8021
-1387,2441,8021
-1464,2682,7963
-1464,2682,7963
-1464,2682,7963
-1464,2682,7963
-1464,2682,7963
-1464,2682,7963
-1464,2682,7963
-1464,2682,7963
-1464,2682,7963
-1499,2924,7902
-1499,2924,7902
-1499,2924,7902
-1499,2924,7902
-1499,2924,7902
-1499,2924,7902
-1499,2924,7902
-1499,2924,7902
-1499,2924,7902
-1476,3002,7842
-1476,3002,7842
-1476,3002,7842
-1476,3002,7842
-1476,3002,7842
-1476,3002,7842
-1476,3002,7842
-1476,3002,7842
-1476,3002,7842
-1443,2769,7929
-1443,2769,7929
-1443,2769,7929
-1443,2769,7929
-1443,2769,7929
-1443,2769,7929
-1443,2769,7929
-1443,2769,7929
-1443,2769,7929
-1427,2214,7904
-1427,2214,7904
-1427,2214,7904
-1427,2214,7904
-1427,2214,7904
-1427,2214,7904
-1427,2214,7904
-1427,2214,7904
-1427,2214,7904
-1427,2214,7904
-1358,1729,7725
-1358,1729,7725
-1358,1729,7725
-1358,1729,7725
-1358,1729,7725
-1358,1729,7725
-1358,1729,7725
-1358,1729,7725
-1358,1729,7725
-1168,1434,7872
-1168,1434,7872
-1168,1434,7872
-1168,1434,7872
-1168,1434,7872
-1168,1434,7872
-1168,1434,7872
-1168,1434,7872
-1168,1434,7872
-1121,1309,7822
-1121,1309,7822
-1121,1309,7822
-1121,1309,7822
-1121,1309,7822
-1121,1309,7822
-1121,1309,7822
-1121,1309,7822
-1121,1309,7822
-1051,1174,7701
-1051,1174,7701
-1051,1174,7701
-1051,1174,7701
-1051,1174,7701
-1051,1174,7701
-1051,1174,7701
-1051,1174,7701
-1051,1174,7701
-1071,1124,7604
-1071,1124,7604
-1071,1124,7604
-1071,1124,7604
-1071,1124,7604
-1071,1124,7604
-1071,1124,7604
-1071,1124,7604
-1071,1124,7604
-1071,1124,7604
-1025,1115,7654
-1025,1115,7654
-1025,1115,7654
-1025,1115,7654
-1025,1115,7654
-1025,1115,7654
-1025,1115,7654
-1025,1115,7654
-1025,1115,7654
-1064,1124,7660
-1064,1124,7660
-1064,1124,7660
-1064,1124,7660
-1064,1124,7660
-1064,1124,7660
-1064,1124,7660
-1064,1124,7660
-1064,1124,7660
-1076,1094,7542
-1076,1094,7542
-1076,1094,7542
-1076,1094,7542
-1076,1094,7542
-1076,1094,7542
-1076,1094,7542
-1076,1094,7542
-1141,1107,7348
-1141,1107,7348
-1141,1107,7348
-1141,1107,7348
-1141,1107,7348
-1235,1090,7012
-1235,1090,7012
-1235,1090,7012
-1235,1090,7012
-1235,1090,7012
-1235,1090,7012
-1235,1090,7012
-1235,1090,7012
-1235,1090,7012
-1235,1090,7012
-1240,1007,6766
-1240,1007,6766
-1240,1007,6766
-1240,1007,6766
-1240,1007,6766
-1240,1007,6766
-1240,1007,6766
-1240,1007,6766
-1240,1007,6766
-1234,941,6573
-1234,941,6573
-1234,941,6573
-1234,941,6573
-1234,941,6573
-1234,941,6573
-1234,941,6573
-1234,941,6573
-1234,941,6573
-1056,860,6827
-1056,860,6827
-1056,860,6827
-1056,860,6827
-1056,860,6827
-1056,860,6827
-1056,860,6827
-1056,860,6827
-1056,860,6827
-978,767,6813
-978,767,6813
-978,767,6813
-978,767,6813
-978,767,6813
-978,767,6813
-978,767,6813
-978,767,6813
-978,767,6813
-505,519,7340
-505,519,7340
-505,519,7340
-505,519,7340
-505,519,7340
-505,519,7340
-505,519,7340
-505,519,7340
-505,519,7340
-505,519,7340
-74,250,7449
-74,250,7449
-74,250,7449
-74,250,7449
-74,250,7449
-74,250,7449
-74,250,7449
-74,250,7449
-74,250,7449
130,67,7301
130,67,7301
130,67,7301
130,67,7301
130,67,7301
130,67,7301
130,67,7301
130,67,7301
130,67,7301
147,-80,7032
147,-80,7032
147,-80,7032
147,-80,7032
147,-80,7032
147,-80,7032
147,-80,7032
147,-80,7032
147,-80,7032
284,-130,7025
284,-130,7025
284,-130,7025
284,-130,7025
284,-130,7025
284,-130,7025
284,-130,7025
284,-130,7025
284,-130,7025
584,-205,7273
584,-205,7273
584,-205,7273
584,-205,7273
584,-205,7273
584,-205,7273
584,-205,7273
584,-205,7273
584,-205,7273
790,-211,7429
790,-211,7429
790,-211,7429
790,-211,7429
790,-211,7429
790,-211,7429
790,-211,7429
790,-211,7429
790,-211,7429
965,-200,7540
965,-200,7540
965,-200,7540
965,-200,7540
965,-200,7540
965,-200,7540
965,-200,7540
965,-200,7540
965,-200,7540
1138,-205,7538
1138,-205,7538
1138,-205,7538
1138,-205,7538
1138,-205,7538
1138,-205,7538
1138,-205,7538
1138,-205,7538
1138,-205,7538
1138,-205,7538
1267,-222,7584
1267,-222,7584
1267,-222,7584
1267,-222,7584
1267,-222,7584
1267,-222,7584
1267,-222,7584
1267,-222,7584
1267,-222,7584
1482,-208,7631
1482,-208,7631
1482,-208,7631
1482,-208,7631
1482,-208,7631
1482,-208,7631
1482,-208,7631
1482,-208,7631
1482,-208,7631
1482,-228,7631
1709,-228,7631
1709,-228,7631
1709,-228,7631
1709,-228,7631
1709,-228,7631
1709,-228,7631
1709,-228,7631
1709,-228,7631
1709,-228,7631
1931,-219,7651
1931,-219,7651
1931,-219,7651
1931,-219,7651
1931,-219,7651
1931,-219,7651
1931,-219,7651
1931,-219,7651
1931,-219,7651
2093,-260,7650
2093,-260,7650
2093,-260,7650
2093,-260,7650
2093,-260,7650
2093,-260,7650
2093,-260,7650
2093,-260,7650
2093,-260,7650
2287,-200,7613
2287,-200,7613
2287,-200,7613
2287,-200,7613
2287,-200,7613
2287,-200,7613
2287,-200,7613
2287,-200,7613
2287,-200,7613
2467,-181,7548
2467,-181,7548
2467,-181,7548
2467,-181,7548
2467,-181,7548
2467,-181,7548
2467,-181,7548
2467,-181,7548
2467,-181,7548
2661,-142,7481
2661,-142,7481
2661,-142,7481
2661,-142,7481
2661,-142,7481
2661,-142,7481
2661,-142,7481
2661,-142,7481
2661,-142,7481
2805,-110,7408
2805,-110,7408
2805,-110,7408
2805,-110,7408
2805,-110,7408
2805,-110,7408
2805,-110,7408
2805,-110,7408
2805,-110,7408
2771,-185,7361
2771,-185,7361
2771,-185,7361
2771,-185,7361
2771,-185,7361
2771,-185,7361
2771,-185,7361
2771,-185,7361
2771,-185,7361
2820,-206,7281
2820,-206,7281
2820,-206,7281
2820,-206,7281
2820,-206,7281
2820,-206,7281
2820,-206,7281
2820,-206,7281
2820,-206,7281
2820,-206,7281
2836,-216,7148
2836,-216,7148
2836,-216,7148
2836,-216,7148
2836,-216,7148
2836,-216,7148
2836,-216,7148
2836,-216,7148
2836,-216,7148
2871,-275,6835
2871,-275,6835
2871,-275,6835
2871,-275,6835
2871,-275,6835
2871,-275,6835
2871,-275,6835
2871,-275,6835
2871,-275,6835
2957,-225,6625
2957,-225,6625
2957,-225,6625
2957,-225,6625
2957,-225,6625
2957,-225,6625
2957,-225,6625
2957,-225,6625
2957,-225,6625
2957,-225,6625
3042,-218,6364
3042,-218,6364
3042,-218,6364
3042,-218,6364
3076,-160,5986
3076,-160,5986
3076,-160,5986
3076,-160,5986
3076,-160,5986
3076,-160,5986
3076,-160,5986
3076,-160,5986
3076,-160,5986
3052,-150,5841
3052,-150,5841
3052,-150,5841
3052,-150,5841
3052,-150,5841
3052,-150,5841
3052,-150,5841
3052,-150,5841
3052,-150,5841
3015,-191,5709
3015,-191,5709
3015,-191,5709
3015,-191,5709
3015,-191,5709
3015,-191,5709
3015,-191,5709
3015,-191,5709
3015,-191,5709
2941,-253,5682
2941,-253,5682
2941,-253,5682
2941,-253,5682
2941,-253,5682
2941,-253,5682
2941,-253,5682
2941,-253,5682
2941,-253,5682
2732,-269,5570
2732,-269,5570
2732,-269,5570
2732,-269,5570
2732,-269,5570
2732,-269,5570
2732,-269,5570
2732,-269,5570
2732,-269,5570
2732,-269,5570
2462,-278,5345
2462,-278,5345
2462,-278,5345
2462,-278,5345
2462,-278,5345
2462,-278,5345
2462,-278,5345
2462,-278,5345
2462,-278,5345
2165,-271,5189
2165,-271,5189
2165,-271,5189
2165,-271,5189
2165,-271,5189
2165,-271,5189
2165,-271,5189
2165,-271,5189
2165,-271,5189
1887,-233,4993
1887,-233,4993
1887,-233,4993
1887,-233,4993
1887,-233,4993
1887,-233,4993
1887,-233,4993
1887,-233,4993
1887,-233,4993
1887,-233,4911
1812,-190,4911
1812,-190,4911
1812,-190,4911
1812,-190,4911
1812,-190,4911
1812,-190,4911
1812,-190,4911
1812,-190,4911
1812,-190,4911
1605,-214,4937
1605,-214,4937
1605,-214,4937
1605,-214,4937
1605,-214,4937
1605,-214,4937
1605,-214,4937
1605,-214,4937
1294,-165,4935
1294,-165,4935
1294,-165,4935
1294,-165,4935
1294,-165,4935
1294,-165,4935
1294,-165,4935
1294,-165,4935
1294,-165,4935
1294,-165,5138
893,-197,5138
893,-197,5138
893,-197,5138
893,-197,5138
893,-197,5138
893,-197,5138
893,-197,5138
893,-197,5138
735,-165,5186
735,-165,5186
735,-165,5186
735,-165,5186
735,-165,5186
735,-165,5186
735,-165,5186
735,-165,5186
735,-165,5186
735,-165,5186
673,-129,5204
673,-129,5204
673,-129,5204
673,-129,5204
673,-129,5204
673,-129,5204
673,-129,5204
673,-129,5204
673,-129,5204
673,-129,5204
544,-169,5319
544,-169,5319
544,-169,5319
544,-169,5319
544,-169,5319
544,-169,5319
544,-169,5319
544,-169,5319
544,-169,5319
376,-157,5428
376,-157,5428
376,-157,5428
376,-157,5428
376,-157,5428
376,-157,5428
376,-157,5428
376,-157,5428
376,-157,5428
111,-131,5609
111,-131,5609
111,-131,5609
111,-131,5609
111,-131,5609
111,-131,5609
111,-131,5609
111,-131,5609
111,-131,5609
111,-131,6156
26,-116,6156
26,-116,6156
26,-116,6156
26,-116,6156
26,-116,6156
26,-116,6156
26,-116,6156
26,-116,6156
26,-116,6156
124,-117,6863
124,-117,6863
124,-117,6863
124,-117,6863
124,-117,6863
124,-117,6863
124,-117,6863
124,-117,6863
124,-117,6863
380,-131,7385
380,-131,7385
380,-131,7385
380,-131,7385
380,-131,7385
380,-131,7385
380,-131,7385
380,-131,7385
380,-131,7385
717,-140,7636
717,-140,7636
717,-140,7636
717,-140,7636
717,-140,7636
717,-140,7636
717,-140,7636
717,-140,7636
717,-140,7636
897,-123,7694
897,-123,7694
897,-123,7694
897,-123,7694
897,-123,7694
897,-123,7694
897,-123,7694
897,-123,7694
897,-123,7694
1062,-107,7887
1062,-107,7887
1062,-107,7887
1062,-107,7887
1062,-107,7887
1062,-107,7887
1062,-107,7887
1062,-107,7887
1062,-107,7887
1299,-35,7997
1299,-35,7997
1299,-35,7997
1299,-35,7997
1299,-35,7997
1299,-35,7997
1299,-35,7997
1299,-35,7997
1299,-35,7997
1421,-88,8008
1421,-88,8008
1421,-88,8008
1421,-88,8008
1421,-88,8008
1421,-88,8008
1421,-88,8008
1421,-88,8008
1421,-88,8008
1421,-88,8008
1606,-73,7998
1606,-73,7998
1606,-73,7998
1606,-73,7998
1606,-73,7998
1606,-73,7998
1606,-73,7998
1606,-73,7998
1813,-89,7961
1813,-89,7961
1813,-89,7961
1813,-89,7961
1813,-89,7961
1813,-89,7961
1813,-89,7961
1813,-89,7961
1813,-89,7961
1813,-89,7961
2150,-66,8008
2150,-66,8008
2150,-66,8008
2150,-66,8008
2150,-66,8008
2150,-66,8008
2150,-66,8008
2150,-66,8008
2150,-66,8008
2150,-66,8008
2423,6,7975
2423,6,7975
2423,6,7975
2423,6,7975
2423,6,7975
2423,6,7975
2423,6,7975
2723,75,7889
2723,75,7889
2723,75,7889
2723,75,7889
2723,75,7889
2723,75,7889
2848,13,7766
2848,13,7766
2848,13,7766
2848,13,7766
2848,13,7766
2848,13,7766
2848,13,7766
2848,13,7766
2848,13,7766
2872,-44,7595
2872,-44,7595
2872,-44,7595
2872,-44,7595
2872,-44,7595
2872,-44,7595
2872,-44,7595
2872,-44,7595
2872,-44,7595
2839,-123,7414
2839,-123,7414
2839,-123,7414
2839,-123,7414
2839,-123,7414
2839,-123,7414
2839,-123,7414
2839,-123,7414
2839,-123,7414
2916,-199,7120
2916,-199,7120
2916,-199,7120
2916,-199,7120
2916,-199,7120
2916,-199,7120
2916,-199,7120
2916,-199,7120
2916,-199,7120
3021,-225,6823
3021,-225,6823
3021,-225,6823
3021,-225,6823
3021,-225,6823
3021,-225,6823
3021,-225,6823
3021,-225,6823
3021,-225,6823
3021,-225,6823
2904,-299,6573
2904,-299,6573
2904,-299,6573
2904,-299,6573
2904,-299,6573
2904,-299,6573
2904,-299,6573
2904,-299,6573
2821,-346,6325
2821,-346,6325
2821,-346,6325
2821,-346,6325
2821,-346,6325
2821,-346,6325
2821,-346,6325
2821,-346,6325
2821,-346,6325
2821,-346,6325
2839,-323,6051
2839,-323,6051
2839,-323,6051
2839,-323,6051
2839,-323,6051
2839,-323,6051
2839,-323,6051
2839,-323,6051
2839,-323,6051
2839,-323,6051
2900,-276,6015
2900,-276,6015
2900,-276,6015
2900,-276,6015
2900,-276,6015
2900,-276,6015
2900,-276,6015
2900,-276,6015
2900,-276,6015
2906,-292,6056
2906,-292,6056
2906,-292,6056
2906,-292,6056
2906,-292,6056
2906,-292,6056
2906,-292,6056
2906,-292,6056
2906,-292,6056
2896,-308,6065
2896,-308,6065
2896,-308,6065
2896,-308,6065
2896,-308,6065
2896,-308,6065
2896,-308,6065
2896,-308,6065
2896,-308,6065
2877,-265,5987
2877,-265,5987
2877,-265,5987
2877,-265,5987
2877,-265,5987
2877,-265,5987
2877,-265,5987
2877,-265,5987
2877,-265,5987
2850,-296,6046
2850,-296,6046
2850,-296,6046
2850,-296,6046
2850,-296,6046
2850,-296,6046
2850,-296,6046
2850,-296,6046
2850,-296,6046
2921,-284,6389
2921,-284,6389
2921,-284,6389
2921,-284,6389
2921,-284,6389
2921,-284,6389
2921,-284,6389
2921,-284,6389
2921,-284,6389
2990,-225,6759
2990,-225,6759
2990,-225,6759
2990,-225,6759
2990,-225,6759
2990,-225,6759
2990,-225,6759
2990,-225,6759
2990,-225,6759
2984,-168,7188
2984,-168,7188
2984,-168,7188
2984,-168,7188
2984,-168,7188
2984,-168,7188
2984,-168,7188
2984,-168,7188
2984,-168,7188
2984,-168,7188
3109,-121,7182
3109,-121,7182
3109,-121,7182
3109,-121,7182
3109,-121,7182
3109,-121,7182
3109,-121,7182
3109,-121,7182
3109,-121,7182
3267,-135,7005
3267,-135,7005
3267,-135,7005
3267,-135,7005
3267,-135,7005
3267,-135,7005
3267,-135,7005
3267,-135,7005
3267,-135,7005
3421,-78,6685
3421,-78,6685
3421,-78,6685
3421,-78,6685
3421,-78,6685
3421,-78,6685
3421,-78,6685
3421,-78,6685
3421,-78,6685
3516,-38,6337
3516,-38,6337
3516,-38,6337
3516,-38,6337
3516,-38,6337
3516,-38,6337
3516,-38,6337
3516,-38,6337
3516,-38,6337
3557,-7,6173
3557,-7,6173
3557,-7,6173
3557,-7,6173
3557,-7,6173
3557,-7,6173
3557,-7,6173
3557,-7,6173
3557,-7,6173
3575,5,6126
3575,5,6126
3575,5,6126
3575,5,6126
3575,5,6126
3575,5,6126
3575,5,6126
3575,5,6126
3575,5,6126
3575,5,6126
3776,107,6065
3776,107,6065
3776,107,6065
3776,107,6065
3776,107,6065
3776,107,6065
3776,107,6065
3776,107,6065
3776,107,6065
3970,297,5743
3970,297,5743
3970,297,5743
3970,297,5743
3970,297,5743
3970,297,5743
3970,297,5743
3970,297,5743
3970,297,5743
4027,471,5348
4027,471,5348
4027,471,5348
4027,471,5348
4027,471,5348
4027,471,5348
4027,471,5348
4027,471,5348
4027,471,5348
3962,562,5078
3962,562,5078
3962,562,5078
3962,562,5078
3962,562,5078
3962,562,5078
3962,562,5078
3962,562,5078
3962,562,5078
3962,562,5078
3837,618,4847
3837,618,4847
3837,618,4847
3837,618,4847
3837,618,4847
3837,618,4847
3837,618,4847
3837,618,4847
3837,618,4847
3821,528,4940
3821,528,4940
3821,528,4940
3821,528,4940
3821,528,4940
3821,528,4940
3821,528,4940
3821,528,4940
3821,528,4940
3806,525,4897
3806,525,4897
3806,525,4897
3806,525,4897
3467,565,4430
3467,565,4430
3467,565,4430
3467,565,4430
3467,565,4430
3467,565,4430
3467,565,4430
3467,565,4430
3467,565,4430
2813,685,3929
2813,685,3929
2813,685,3929
2813,685,3929
2813,685,3929
2813,685,3929
2813,685,3929
2813,685,3929
2813,685,3929
2127,748,3691
2127,748,3691
2127,748,3691
2127,748,3691
2127,748,3691
2127,748,3691
2127,748,3691
2127,748,3691
2127,748,3691
2127,748,3691
1599,740,3714
1599,740,3714
1599,740,3714
1599,740,3714
1599,740,3714
1599,740,3714
1599,740,3714
1599,740,3714
1599,740,3714
1277,825,3635
1277,825,3635
1277,825,3635
1277,825,3635
1277,825,3635
1277,825,3635
1277,825,3635
1277,825,3635
1277,825,3635
451,920,3841
451,920,3841
451,920,3841
451,920,3841
451,920,3841
451,920,3841
451,920,3841
451,920,3841
451,920,3841
-17,1126,3888
-17,1126,3888
-17,1126,3888
-17,1126,3888
-17,1126,3888
-17,1126,3888
-17,1126,3888
-17,1126,3888
-17,1126,3888
-17,1126,3888
-579,1323,4196
-579,1323,4196
-579,1323,4196
-579,1323,4196
-579,1323,4196
-579,1323,4196
-579,1323,4196
-579,1323,4196
-579,1323,4196
-1202,1583,4675
-1202,1583,4675
-1202,1583,4675
-1202,1583,4675
-1202,1583,4675
-1202,1583,4675
-1202,1583,4675
-1202,1583,4675
-1202,1583,4675
-1591,1854,5282
-1591,1854,5282
-1591,1854,5282
-1591,1854,5282
-1591,1854,5282
-1591,1854,5282
-1591,1854,5282
-1591,1854,5282
-1591,1854,5282
-1770,2030,5899
-1770,2030,5899
-1770,2030,5899
-1770,2030,5899
-1770,2030,5899
-1770,2030,5899
-1770,2030,5899
-1770,2030,5899
-1770,2030,5899
-1770,2030,5899
-1857,2153,6520
-1857,2153,6520
-1857,2153,6520
-1857,2153,6520
-1857,2153,6520
-1857,2153,6520
-1857,2153,6520
-1857,2153,6520
-1857,2153,6520
-1697,2230,7269
-1697,2230,7269
-1697,2230,7269
-1697,2230,7269
-1697,2230,7269
-1697,2230,7269
-1697,2230,7269
-1697,2230,7269
-1277,2285,8115
-1277,2285,8115
-1277,2285,8115
-1277,2285,8115
-1277,2285,8115
-1277,2285,8115
-1277,2285,8115
-1277,2285,8115
-1277,2285,8115
-764,2268,8731
-764,2268,8731
-764,2268,8731
-764,2268,8731
-764,2268,8731
-764,2268,8731
-764,2268,8731
-764,2268,8731
-764,2268,8731
-764,2268,8731
-645,2441,8788
-645,2441,8788
-645,2441,8788
-645,2441,8788
-645,2441,8788
-645,2441,8788
-645,2441,8788
-645,2441,8788
-645,2441,8788
-288,2939,9098
-288,2939,9098
-288,2939,9098
-288,2939,9098
-288,2939,9098
-288,2939,9098
-288,2939,9098
-288,2939,9098
-288,2939,9098
126,3405,9289
126,3405,9289
126,3405,9289
126,3405,9289
126,3405,9289
126,3405,9289
126,3405,9289
126,3405,9289
126,3405,9289
126,3405,9289
545,3478,9409
545,3478,9409
545,3478,9409
545,3478,9409
545,3478,9409
545,3478,9409
545,3478,9409
545,3478,9409
545,3478,9409
814,2985,9538
814,2985,9538
814,2985,9538
814,2985,9538
814,2985,9538
814,2985,9538
814,2985,9538
814,2985,9538
814,2985,9538
223,2092,9245
223,2092,9245
223,2092,9245
223,2092,9245
223,2092,9245
223,2092,9245
223,2092,9245
223,2092,9245
223,2092,9245
-246,1229,8597
-246,1229,8597
-246,1229,8597
-246,1229,8597
-246,1229,8597
-246,1229,8597
-246,1229,8597
-246,1229,8597
-246,1229,8597
-246,1229,8597
-432,610,7787
-432,610,7787
-432,610,7787
-432,610,7787
-432,610,7787
-432,610,7787
-432,610,7787
-432,610,7787
-814,495,6881
-814,495,6881
-814,495,6881
-814,495,6881
-814,495,6881
-814,495,6881
-814,495,6881
-814,495,6881
-814,495,6881
-1466,1239,6334
-1466,1239,6334
-1466,1239,6334
-1466,1239,6334
-1466,1239,6334
-1466,1239,6334
-1466,1239,6334
-1466,1239,6334
-1466,1239,6334
-1867,2534,6786
-1867,2534,6786
-1867,2534,6786
-1867,2534,6786
-1867,2534,6786
-1867,2534,6786
-1867,2534,6786
-1867,2534,6786
-1867,2534,6786
-1327,4008,7685
-1327,4008,7685
-1327,4008,7685
-1327,4008,7685
-1327,4008,7685
-1327,4008,7685
-1327,4008,7685
-1327,4008,7685
-1327,4008,7685
297,5422,8036
297,5422,8036
297,5422,8036
297,5422,8036
297,5422,8036
297,5422,8036
297,5422,8036
297,5422,8036
297,5422,8036
297,5422,8036
2098,6113,7079
2098,6113,7079
2098,6113,7079
2098,6113,7079
2098,6113,7079
3140,5821,5355
3140,5821,5355
3140,5821,5355
3140,5821,5355
3140,5821,5355
3140,5821,5355
3140,5821,5355
3140,5821,5355
3140,5821,5355
3121,4673,3712
3121,4673,3712
3121,4673,3712
3121,4673,3712
3121,4673,3712
3121,4673,3712
3121,4673,3712
3121,4673,3712
3121,4673,3712
2564,2750,3001
2564,2750,3001
2564,2750,3001
2564,2750,3001
2564,2750,3001
2564,2750,3001
2564,2750,3001
2564,2750,3001
2564,2750,3001
2564,2750,3001
1266,1178,3422
1266,1178,3422
1266,1178,3422
1266,1178,3422
1266,1178,3422
1266,1178,3422
1266,1178,3422
1266,1178,3422
553,381,4227
553,381,4227
553,381,4227
553,381,4227
553,381,4227
553,381,4227
553,381,4227
553,381,4227
553,381,4227
484,-135,5177
484,-135,5177
484,-135,5177
484,-135,5177
484,-135,5177
484,-135,5177
484,-135,5177
484,-135,5177
484,-135,5177
484,-135,5177
846,-457,6156
846,-457,6156
846,-457,6156
846,-457,6156
846,-457,6156
846,-457,6156
846,-457,6156
846,-457,6156
846,-457,6156
2169,-476,6542
2169,-476,6542
2169,-476,6542
2169,-476,6542
2169,-476,6542
2169,-476,6542
2169,-476,6542
2169,-476,6542
2169,-476,6542
2628,-344,6026
2628,-344,6026
2628,-344,6026
2628,-344,6026
2628,-344,6026
2628,-344,6026
2628,-344,6026
2628,-344,6026
2628,-344,6026
1983,-447,5794
1983,-447,5794
1983,-447,5794
1983,-447,5794
1983,-447,5794
1983,-447,5794
1983,-447,5794
1983,-447,5794
1983,-447,5794
1190,-410,5736
1190,-410,5736
1190,-410,5736
1190,-410,5736
1190,-410,5736
1190,-410,5736
1190,-410,5736
1190,-410,5736
1190,-410,5736
1190,-410,5736
498,-166,5483
498,-166,5483
498,-166,5483
498,-166,5483
498,-166,5483
498,-166,5483
498,-166,5483
498,-166,5483
-125,227,5163
-125,227,5163
-125,227,5163
-125,227,5163
-125,227,5163
-125,227,5163
-125,227,5163
-125,227,5163
-125,227,5163
-125,227,5163
-490,683,4746
-490,683,4746
-490,683,4746
-490,683,4746
-490,683,4746
-490,683,4746
-490,683,4746
-490,683,4746
-490,683,4746
-811,1271,4410
-811,1271,4410
-811,1271,4410
-811,1271,4410
-811,1271,4410
-811,1271,4410
-811,1271,4410
-811,1271,4410
-811,1271,4410
-1123,2307,4264
-1123,2307,4264
-1123,2307,4264
-1123,2307,4264
-1123,2307,4264
-1123,2307,4264
-1123,2307,4264
-1123,2307,4264
-1123,2307,4264
-1123,3628,4920
-1501,3628,4920
-1501,3628,4920
-1501,3628,4920
-1501,3628,4920
-1501,3628,4920
-1501,3628,4920
-1501,3628,4920
-1501,3628,4920
-1501,3628,4920
-1196,4884,6559
-1196,4884,6559
-1196,4884,6559
-1196,4884,6559
-1196,4884,6559
-1196,4884,6559
-1196,4884,6559
-1196,4884,6559
-1196,4884,6559
287,5695,7561
287,5695,7561
287,5695,7561
287,5695,7561
287,5695,7561
287,5695,7561
287,5695,7561
287,5695,7561
287,5695,7561
1637,5990,7501
1637,5990,7501
1637,5990,7501
1637,5990,7501
1637,5990,7501
1637,5990,7501
1637,5990,7501
1637,5990,7501
1637,5990,7501
2469,6006,7252
2469,6006,7252
2469,6006,7252
2469,6006,7252
2469,6006,7252
2469,6006,7252
2469,6006,7252
2469,6006,7252
2469,6006,7252
2469,6006,7252
3147,5854,6939
3147,5854,6939
3147,5854,6939
3147,5854,6939
3147,5854,6939
3147,5854,6939
3147,5854,6939
3147,5854,6939
3147,5854,6939
3831,5565,6555
3831,5565,6555
3831,5565,6555
3831,5565,6555
3831,5565,6555
3831,5565,6555
3831,5565,6555
3831,5565,6555
3831,5565,6555
4278,5240,6121
4278,5240,6121
4278,5240,6121
4278,5240,6121
4278,5240,6121
4278,5240,6121
4278,5240,6121
4278,5240,6121
4465,4968,6189
4465,4968,6189
4465,4968,6189
4465,4968,6189
4465,4968,6189
4465,4968,6189
4465,4968,6189
4465,4968,6189
4465,4968,6189
4465,4968,6189
4506,4894,6467
4506,4894,6467
4506,4894,6467
4506,4894,6467
4506,4894,6467
4506,4894,6467
4506,4894,6467
4506,4894,6467
4506,4894,6467
4435,4957,6809
4435,4957,6809
4435,4957,6809
4435,4957,6809
4435,4957,6809
4435,4957,6809
4435,4957,6809
4435,4957,6809
4435,4957,6809
4051,5109,7421
4051,5109,7421
4051,5109,7421
4051,5109,7421
4051,5109,7421
4051,5109,7421
4051,5109,7421
4051,5109,7421
4051,5109,7421
3438,5214,8021
3438,5214,8021
3438,5214,8021
3438,5214,8021
3438,5214,8021
2939,4983,8628
2939,4983,8628
2939,4983,8628
2939,4983,8628
2939,4983,8628
2939,4983,8628
2939,4983,8628
2939,4983,8628
2939,4983,8628
2939,4983,8628
2397,4337,9205
2397,4337,9205
2397,4337,9205
2397,4337,9205
2397,4337,9205
2397,4337,9205
2397,4337,9205
2397,4337,9205
2397,4337,9205
1979,3385,9581
1979,3385,9581
1979,3385,9581
1979,3385,9581
1979,3385,9581
1979,3385,9581
1979,3385,9581
1979,3385,9581
1979,3385,9581
1403,2270,9601
1403,2270,9601
1403,2270,9601
1403,2270,9601
1403,2270,9601
1403,2270,9601
1403,2270,9601
1403,2270,9601
1403,2270,9601
962,1154,9135
962,1154,9135
962,1154,9135
962,1154,9135
962,1154,9135
962,1154,9135
962,1154,9135
962,1154,9135
962,1154,9135
962,271,8476
1378,271,8476
1378,271,8476
1378,271,8476
1378,271,8476
1378,271,8476
1378,271,8476
1378,271,8476
2113,-212,7592
2113,-212,7592
2113,-212,7592
2113,-212,7592
2113,-212,7592
2113,-212,7592
2113,-212,7592
2113,-212,7592
2113,-212,7592
2113,-212,7592
1975,-474,6803
1975,-474,6803
1975,-474,6803
1975,-474,6803
1975,-474,6803
1975,-474,6803
1975,-474,6803
1975,-474,6803
1975,-474,6803
1975,-474,6803
1117,-482,6308
1117,-482,6308
1117,-482,6308
1117,-482,6308
1117,-482,6308
1117,-482,6308
1117,-482,6308
1117,-482,6308
1117,-482,6308
-113,-117,6222
-113,-117,6222
-113,-117,6222
-113,-117,6222
-113,-117,6222
-113,-117,6222
-113,-117,6222
-113,-117,6222
-113,-117,6222
-1145,760,6418
-1145,760,6418
-1145,760,6418
-1145,760,6418
-1145,760,6418
-1145,760,6418
-1145,760,6418
-1145,760,6418
-1145,760,6418
-1683,1786,6607
-1683,1786,6607
-1683,1786,6607
-1683,1786,6607
-1683,1786,6607
-1683,1786,6607
-1683,1786,6607
-1683,1786,6607
-1683,1786,6607
-1683,1786,6607
-1854,3071,6987
-1854,3071,6987
-1854,3071,6987
-1854,3071,6987
-1854,3071,6987
-1854,3071,6987
-1854,3071,6987
-1854,3071,6987
-1854,3071,6987
-1311,4540,7052
-1311,4540,7052
-1311,4540,7052
-1311,4540,7052
-1311,4540,7052
-1311,4540,7052
-1311,4540,7052
-1311,4540,7052
-1311,4540,7052
-55,5748,6923
-55,5748,6923
-55,5748,6923
-55,5748,6923
-55,5748,6923
-55,5748,6923
-55,5748,6923
-55,5748,6923
-55,5748,6923
1328,6253,6293
1328,6253,6293
1328,6253,6293
1328,6253,6293
1328,6253,6293
1328,6253,6293
1328,6253,6293
1328,6253,6293
1328,6253,6293
2093,6060,5137
2093,6060,5137
2093,6060,5137
2093,6060,5137
2093,6060,5137
2093,6060,5137
2093,6060,5137
2093,6060,5137
2093,6060,5137
2213,5269,3908
2213,5269,3908
2213,5269,3908
2213,5269,3908
2213,5269,3908
2213,5269,3908
2213,5269,3908
2213,5269,3908
2213,5269,3908
2383,4082,3212
2383,4082,3212
2383,4082,3212
2383,4082,3212
2383,4082,3212
2383,4082,3212
2383,4082,3212
2383,4082,3212
2383,4082,3212
3269,2613,3274
3269,2613,3274
3269,2613,3274
3269,2613,3274
3269,2613,3274
3269,2613,3274
3269,2613,3274
3269,2613,3274
3269,2613,3274
3821,1161,4274
3821,1161,4274
3821,1161,4274
3821,1161,4274
3821,1161,4274
3821,1161,4274
3821,1161,4274
3821,1161,4274
3821,1161,4274
3821,1161,4274
3352,105,5194
3352,105,5194
3352,105,5194
3352,105,5194
3352,105,5194
3352,105,5194
3352,105,5194
3352,105,5194
3352,105,5194
2337,-365,5454
2337,-365,5454
2337,-365,5454
2337,-365,5454
2337,-365,5454
2337,-365,5454
2337,-365,5454
2337,-365,5454
2337,-365,5454
1664,-444,5517
1664,-444,5517
1664,-444,5517
1664,-444,5517
1664,-444,5517
1664,-444,5517
1664,-444,5517
1664,-444,5517
1664,-444,5517
1664,-444,5517
1952,-457,5638
1952,-457,5638
1952,-457,5638
1952,-457,5638
1952,-457,5638
1952,-457,5638
1952,-457,5638
1952,-457,5638
1952,-457,5638
2923,-272,5668
2923,-272,5668
2923,-272,5668
2923,-272,5668
2923,-272,5668
2923,-272,5668
2923,-272,5668
2923,-272,5668
4039,488,5393
4039,488,5393
4039,488,5393
4039,488,5393
4039,488,5393
4039,488,5393
4039,488,5393
4039,488,5393
4039,488,5393
4824,1798,5111
4824,1798,5111
4824,1798,5111
4824,1798,5111
4824,1798,5111
5002,3458,5266
5002,3458,5266
5002,3458,5266
5002,3458,5266
5002,3458,5266
5002,3458,5266
5002,3458,5266
5002,3458,5266
5002,3458,5266
4320,4969,5476
4320,4969,5476
4320,4969,5476
4320,4969,5476
4320,4969,5476
4320,4969,5476
4320,4969,5476
4320,4969,5476
4320,4969,5476
3002,5977,5841
3002,5977,5841
3002,5977,5841
3002,5977,5841
3002,5977,5841
3002,5977,5841
3002,5977,5841
3002,5977,5841
3002,5977,5841
1406,6232,6141
1406,6232,6141
1406,6232,6141
1406,6232,6141
1406,6232,6141
1406,6232,6141
1406,6232,6141
1406,6232,6141
1406,6232,6141
1406,6232,6141
-277,5697,6373
-277,5697,6373
-277,5697,6373
-277,5697,6373
-277,5697,6373
-277,5697,6373
-277,5697,6373
-277,5697,6373
-277,5697,6373
-1448,4519,6500
-1448,4519,6500
-1448,4519,6500
-1448,4519,6500
-1448,4519,6500
-1448,4519,6500
-1448,4519,6500
-1448,4519,6500
-1448,4519,6500
-1893,3041,6462
-1893,3041,6462
-1893,3041,6462
-1893,3041,6462
-1893,3041,6462
-1893,3041,6462
-1893,3041,6462
-1893,3041,6462
-1893,3041,6462
-1770,1845,6378
-1770,1845,6378
-1770,1845,6378
-1770,1845,6378
-1770,1845,6378
-1770,1845,6378
-1770,1845,6378
-1770,1845,6378
-1770,1845,6378
-1381,993,6279
-1381,993,6279
-1381,993,6279
-1381,993,6279
-1381,993,6279
-1381,993,6279
-1381,993,6279
-1381,993,6279
-1381,993,6279
-587,198,6024
-587,198,6024
-587,198,6024
-587,198,6024
-587,198,6024
-587,198,6024
-587,198,6024
-587,198,6024
-587,198,6024
580,-381,5869
580,-381,5869
580,-381,5869
580,-381,5869
580,-381,5869
580,-381,5869
580,-381,5869
580,-381,5869
1986,-499,6024
1986,-499,6024
1986,-499,6024
1986,-499,6024
1986,-499,6024
1986,-499,6024
1986,-499,6024
1986,-499,6024
1986,-499,6024
1986,-499,6024
3214,-244,6246
3214,-244,6246
3214,-244,6246
3214,-244,6246
3214,-244,6246
3214,-244,6246
3214,-244,6246
3214,-244,6246
3214,-244,6246
3214,-244,6246
4027,257,6460
4027,257,6460
4027,257,6460
4027,257,6460
4027,257,6460
4027,257,6460
4027,257,6460
4027,257,6460
4027,257,6460
4337,592,6555
4337,592,6555
4337,592,6555
4337,592,6555
4337,592,6555
4337,592,6555
4337,592,6555
4337,592,6555
4337,592,6555
4697,1192,6852
4697,1192,6852
4697,1192,6852
4697,1192,6852
4697,1192,6852
4697,1192,6852
4697,1192,6852
4697,1192,6852
4697,1192,6852
4976,1902,7068
4976,1902,7068
4976,1902,7068
4976,1902,7068
4976,1902,7068
4976,1902,7068
4976,1902,7068
4976,1902,7068
4976,1902,7068
4976,1902,7068
5130,2893,7226
5130,2893,7226
5130,2893,7226
5130,2893,7226
5130,2893,7226
5130,2893,7226
5130,2893,7226
5130,2893,7226
4922,3830,7160
4922,3830,7160
4922,3830,7160
4922,3830,7160
4922,3830,7160
4922,3830,7160
4922,3830,7160
4922,3830,7160
4922,3830,7160
4575,4650,7009
4575,4650,7009
4575,4650,7009
4575,4650,7009
4575,4650,7009
4575,4650,7009
4575,4650,7009
4575,4650,7009
4575,4650,7009
4122,5279,6940
4122,5279,6940
4122,5279,6940
4122,5279,6940
4122,5279,6940
4122,5279,6940
4122,5279,6940
4122,5279,6940
4122,5279,6940
3431,5745,6972
3431,5745,6972
3431,5745,6972
3431,5745,6972
3431,5745,6972
3431,5745,6972
3431,5745,6972
3431,5745,6972
3431,5745,6972
2229,6141,6983
2229,6141,6983
2229,6141,6983
2229,6141,6983
2229,6141,6983
2229,6141,6983
2229,6141,6983
2229,6141,6983
2229,6141,6983
2229,6141,6983
698,6049,6936
698,6049,6936
698,6049,6936
698,6049,6936
698,6049,6936
698,6049,6936
698,6049,6936
698,6049,6936
698,6049,6732
-487,5552,6732
-487,5552,6732
-487,5552,6732
-487,5552,6732
-487,5552,6732
-487,5552,6732
-487,5552,6732
-487,5552,6732
-487,5552,6732
-995,5140,6672
-995,5140,6672
-995,5140,6672
-995,5140,6672
-995,5140,6672
-995,5140,6672
-995,5140,6672
-995,5140,6672
-995,5140,6672
-995,5140,6672
-1121,4989,6854
-1121,4989,6854
-1121,4989,6854
-1121,4989,6854
-1121,4989,6854
-1121,4989,6854
-1121,4989,6854
-1121,4989,6854
-1121,4989,6854
-1446,4405,6997
-1446,4405,6997
-1446,4405,6997
-1446,4405,6997
-1446,4405,6997
-1446,4405,6997
-1446,4405,6997
-1446,4405,6997
-1446,4405,6997
-1702,3432,7328
-1702,3432,7328
-1702,3432,7328
-1605,2189,7509
-1605,2189,7509
-1605,2189,7509
-1605,2189,7509
-1605,2189,7509
-1605,2189,7509
-1605,2189,7509
-1605,2189,7509
-1605,2189,7509
-1073,1065,7572
-1073,1065,7572
-1073,1065,7572
-1073,1065,7572
-1073,1065,7572
-1073,1065,7572
-1073,1065,7572
-1073,1065,7572
-1073,1065,7572
-1073,1065,7572
-494,338,7264
-494,338,7264
-494,338,7264
-494,338,7264
-494,338,7264
-494,338,7264
-494,338,7264
-494,338,7264
-494,338,7264
148,-187,6866
148,-187,6866
148,-187,6866
148,-187,6866
148,-187,6866
148,-187,6866
148,-187,6866
148,-187,6866
148,-187,6606
1011,-487,6606
1011,-487,6606
1011,-487,6606
1011,-487,6606
1011,-487,6606
1011,-487,6606
1011,-487,6606
1011,-487,6606
1011,-487,6606
2190,-481,6685
2190,-481,6685
2190,-481,6685
2190,-481,6685
2190,-481,6685
2190,-481,6685
2190,-481,6685
2190,-481,6685
2190,-481,6685
2190,-481,6685
3486,10,6992
3486,10,6992
3486,10,6992
3486,10,6992
3486,10,6992
3486,10,6992
3486,10,6992
3486,10,6992
3486,10,6992
4043,626,7388
4043,626,7388
4043,626,7388
4043,626,7388
4043,626,7388
4043,626,7388
4043,626,7388
4043,626,7388
4043,626,7388
4150,888,7731
4150,888,7731
4150,888,7731
4150,888,7731
4150,888,7731
4150,888,7731
4150,888,7731
4150,888,7731
4150,888,7731
4150,888,7731
4187,1140,7942
4187,1140,7942
4187,1140,7942
4187,1140,7942
4187,1140,7942
4187,1140,7942
4187,1140,7942
4187,1140,7942
4366,1514,8072
4366,1514,8072
4366,1514,8072
4366,1514,8072
4366,1514,8072
4366,1514,8072
4366,1514,8072
4366,1514,8072
4366,1514,8072
4576,1994,8094
4576,1994,8094
4576,1994,8094
4576,1994,8094
4576,1994,8094
4576,1994,8094
4576,1994,8094
4576,1994,8094
4576,1994,8094
4689,2699,8054
4689,2699,8054
4689,2699,8054
4689,2699,8054
4689,2699,8054
4689,2699,8054
4689,2699,8054
4689,2699,8054
4689,2699,8054
4703,3451,7983
4703,3451,7983
4703,3451,7983
4703,3451,7983
4703,3451,7983
4703,3451,7983
4703,3451,7983
4703,3451,7983
4703,3451,7983
4703,3451,7983
4402,4218,7946
4402,4218,7946
4402,4218,7946
4402,4218,7946
4402,4218,7946
4402,4218,7946
4402,4218,7946
4402,4218,7946
4402,4218,7946
4035,4815,7836
4035,4815,7836
4035,4815,7836
4035,4815,7836
4035,4815,7836
4035,4815,7836
4035,4815,7836
4035,4815,7836
4035,4815,7836
3404,5375,7834
3404,5375,7834
3404,5375,7834
3404,5375,7834
3404,5375,7834
3404,5375,7834
3404,5375,7834
3404,5375,7834
3404,5375,7834
2348,5865,7772
2348,5865,7772
2348,5865,7772
2348,5865,7772
2348,5865,7772
2348,5865,7772
2348,5865,7772
2348,5865,7772
2348,5865,7772
1032,5884,7635
1032,5884,7635
1032,5884,7635
1032,5884,7635
1032,5884,7635
1032,5884,7635
1032,5884,7635
1032,5884,7635
1032,5884,7635
1032,5884,7635
-112,5466,7598
-112,5466,7598
-112,5466,7598
-112,5466,7598
-112,5466,7598
-112,5466,7598
-112,5466,7598
-112,5466,7598
-112,4921,7750
-705,4921,7750
-705,4921,7750
-705,4921,7750
-705,4921,7750
-705,4921,7750
-705,4921,7750
-705,4921,7750
-705,4921,7750
-705,4921,7750
-1020,4484,7755
-1020,4484,7755
-1020,4484,7755
-1020,4484,7755
-1020,4484,7755
-1020,4484,7755
-1020,4484,7755
-1020,4484,7755
-1020,4484,7755
-1174,3955,8057
-1174,3955,8057
-1174,3955,8057
-1174,3955,8057
-1174,3955,8057
-1174,3955,8057
-1174,3955,8057
-1174,3955,8057
-1174,3955,8057
-1153,3156,8421
-1153,3156,8421
-1153,3156,8421
-1153,3156,8421
-1153,3156,8421
-1153,3156,8421
-1153,3156,8421
-1153,3156,8421
-1153,3156,8421
-684,2421,8882
-684,2421,8882
-684,2421,8882
-684,2421,8882
-684,2421,8882
-684,2421,8882
-684,2421,8882
-684,2421,8882
-684,2421,8882
-684,2421,8882
213,1920,9215
213,1920,9215
213,1920,9215
213,1920,9215
213,1920,9215
213,1920,9215
213,1920,9215
213,1920,9215
213,1920,9215
1159,1592,9436
1159,1592,9436
1159,1592,9436
1159,1592,9436
1159,1592,9436
1159,1592,9436
1159,1592,9436
1159,1592,9436
1159,1592,9436
1665,1328,9359
1665,1328,9359
1665,1328,9359
1665,1328,9359
1665,1328,9359
1665,1328,9359
1900,1227,9254
1900,1227,9254
1900,1227,9254
1900,1227,9254
1900,1227,9254
1900,1227,9254
1900,1227,9254
1900,1227,9254
2049,1244,9268
2049,1244,9268
2049,1244,9268
2049,1244,9268
2049,1244,9268
2049,1244,9268
2049,1244,9268
2049,1244,9268
2049,1244,9268
2283,1366,9271
2283,1366,9271
2283,1366,9271
2283,1366,9271
2283,1366,9271
2283,1366,9271
2283,1366,9271
2283,1366,9271
2283,1366,9271
2619,1549,9357
2619,1549,9357
2619,1549,9357
2619,1549,9357
2619,1549,9357
2619,1549,9357
2619,1549,9357
2619,1549,9357
2619,1549,9357
3017,1707,9201
3017,1707,9201
3017,1707,9201
3017,1707,9201
3017,1707,9201
3017,1707,9201
3017,1707,9201
3017,1707,9201
3017,1707,9201
3447,1837,9112
3447,1837,9112
3447,1837,9112
3447,1837,9112
3447,1837,9112
3447,1837,9112
3447,1837,9112
3447,1837,9112
3447,1837,9112
3671,1859,8958
3671,1859,8958
3671,1859,8958
3671,1859,8958
3671,1859,8958
3671,1859,8958
3671,1859,8958
3671,1859,8958
3671,1859,8958
3713,1827,8913
3713,1827,8913
3713,1827,8913
3713,1827,8913
3713,1827,8913
3713,1827,8913
3713,1827,8913
3713,1827,8913
3713,1827,8913
3713,1827,8913
3741,1764,8803
3741,1764,8803
3741,1764,8803
3741,1764,8803
3741,1764,8803
3741,1764,8803
3741,1764,8803
3741,1764,8803
3741,1764,8803
3865,1728,8753
3865,1728,8753
3865,1728,8753
3865,1728,8753
3865,1728,8753
3865,1728,8753
3865,1728,8753
3865,1728,8753
3865,1728,8753
3921,1790,8778
3921,1790,8778
3921,1790,8778
3921,1790,8778
3921,1790,8778
3921,1790,8778
3921,1790,8778
3921,1790,8778
3921,1790,8778
3988,1928,8745
3988,1928,8745
3988,1928,8745
3988,1928,8745
3988,1928,8745
3988,1928,8745
3988,1928,8745
3988,1928,8745
3988,1928,8745
3988,1928,8745
4132,2051,8629
4132,2051,8629
4132,2051,8629
4132,2051,8629
4132,2051,8629
4132,2051,8629
4132,2051,8629
4132,2051,8629
4132,2051,8629
4302,2278,8550
4302,2278,8550
4302,2278,8550
4302,2278,8550
4302,2278,8550
4302,2278,8550
4302,2278,8550
4302,2278,8550
4302,2278,8550
4123,2573,8744
4123,2573,8744
4123,2573,8744
4123,2573,8744
4123,2573,8744
4123,2573,8744
4123,2573,8744
4123,2573,8744
4123,2573,8744
3567,2845,9196
3567,2845,9196
3567,2845,9196
3567,2845,9196
3567,2845,9196
3567,2845,9196
3567,2845,9196
3567,2845,9196
3567,2845,9196
3069,3147,9399
3069,3147,9399
3069,3147,9399
3069,3147,9399
3069,3147,9399
3069,3147,9399
