X,Y,Z
2097,1587,9336
2097,1587,9336
2097,1587,9336
2097,1587,9336
2097,1587,9336
2097,1587,9336
2097,1587,9336
2150,1588,9327
2150,1588,9327
2150,1588,9327
2150,1588,9327
2150,1588,9327
2150,1588,9327
2150,1588,9327
2150,1588,9327
2150,1578,9347
2145,1578,9347
2145,1578,9347
2145,1578,9347
2145,1578,9347
2145,1578,9347
2145,1578,9347
2145,1578,9347
2145,1578,9347
2145,1578,9347
2150,1564,9358
2150,1564,9358
2150,1564,9358
2150,1564,9358
2150,1564,9358
2150,1564,9358
2150,1564,9358
2150,1564,9358
2150,1564,9358
2156,1570,9359
2156,1570,9359
2156,1570,9359
2156,1570,9359
2156,1570,9359
2156,1570,9359
2156,1570,9359
2156,1570,9359
2156,1570,9359
2127,1568,9338
2127,1568,9338
2127,1568,9338
2127,1568,9338
2127,1568,9338
2127,1568,9338
2127,1568,9338
2127,1568,9338
2161,1603,9356
2161,1603,9356
2161,1603,9356
2161,1603,9356
2161,1603,9356
2161,1603,9356
2161,1603,9356
2161,1603,9356
2161,1603,9356
2168,1564,9386
2168,1564,9386
2168,1564,9386
2168,1564,9386
2168,1564,9386
2168,1564,9386
2168,1564,9386
2168,1564,9386
2168,1564,9386
2114,1590,9360
2114,1590,9360
2114,1590,9360
2114,1590,9360
2114,1590,9360
2114,1590,9360
2114,1590,9360
2114,1590,9360
2114,1590,9360
2114,1590,9360
2124,1591,9333
2124,1591,9333
2124,1591,9333
2124,1591,9333
2124,1591,9333
2124,1591,9333
2124,1591,9333
2124,1591,9333
2124,1591,9333
2139,1560,9340
2139,1560,9340
2139,1560,9340
2139,1560,9340
2139,1560,9340
2139,1560,9340
2139,1560,9340
2139,1560,9340
2139,1560,9340
2133,1570,9327
2133,1570,9327
2133,1570,9327
2133,1570,9327
2133,1570,9327
2133,1570,9327
2133,1570,9327
2133,1570,9327
2133,1570,9327
2133,1584,9315
2133,1584,9315
2133,1584,9315
2133,1584,9315
2133,1584,9315
2133,1584,9315
2133,1584,9315
2133,1584,9315
2133,1584,9315
2117,1536,9309
2117,1536,9309
2117,1536,9309
2117,1536,9309
2117,1536,9309
2117,1536,9309
2117,1536,9309
2117,1536,9309
2117,1536,9309
2136,1580,9308
2136,1580,9308
2136,1580,9308
2136,1580,9308
2136,1580,9308
2136,1580,9308
2136,1580,9308
2136,1580,9308
2136,1580,9308
2159,1580,9345
2159,1580,9345
2159,1580,9345
2159,1580,9345
2159,1580,9345
2159,1580,9345
2159,1580,9345
2159,1580,9345
2159,1580,9345
2139,1581,9352
2139,1581,9352
2139,1581,9352
2139,1581,9352
2139,1581,9352
2139,1581,9352
2139,1581,9352
2139,1581,9352
2139,1581,9352
2163,1551,9351
2163,1551,9351
2163,1551,9351
2163,1551,9351
2163,1551,9351
2163,1551,9351
2163,1551,9351
2163,1551,9351
2163,1551,9351
2294,1569,9336
2294,1569,9336
2294,1569,9336
2294,1569,9336
2294,1569,9336
2294,1569,9336
2294,1569,9336
2294,1569,9336
2294,1569,9336
2382,1617,9256
2382,1617,9256
2382,1617,9256
2382,1617,9256
2382,1617,9256
2382,1617,9256
2382,1617,9256
2382,1617,9256
2382,1617,9256
2377,1634,9294
2377,1634,9294
2377,1634,9294
2377,1634,9294
2377,1634,9294
2377,1634,9294
2377,1634,9294
2377,1634,9294
2377,1634,9294
2377,1634,9294
2354,1673,9286
2354,1673,9286
2354,1673,9286
2354,1673,9286
2354,1673,9286
2354,1673,9286
2354,1673,9286
2354,1673,9286
2354,1673,9286
2517,1721,9304
2517,1721,9304
2517,1721,9304
2517,1721,9304
2517,1721,9304
2517,1721,9304
2517,1721,9304
2517,1721,9304
2517,1721,9304
2554,1879,9299
2554,1879,9299
2554,1879,9299
2554,1879,9299
2554,1879,9299
2554,1879,9299
2554,1879,9299
2554,1879,9299
2554,1879,9299
2634,2009,9361
2634,2009,9361
2634,2009,9361
2634,2009,9361
2634,2009,9361
2634,2009,9361
2634,2009,9361
2634,2009,9361
2634,2009,9361
2642,2122,9391
2642,2122,9391
2642,2122,9391
2642,2122,9391
2642,2122,9391
2642,2122,9391
2642,2122,9391
2642,2122,9391
2725,2159,9366
2725,2159,9366
2725,2159,9366
2725,2159,9366
2725,2159,9366
2725,2159,9366
2725,2159,9366
2725,2159,9366
2725,2159,9366
2725,2159,9366
2748,2186,9370
2748,2186,9370
2748,2186,9370
2748,2186,9370
2748,2186,9370
2748,2186,9370
2748,2186,9370
2748,2186,9370
2748,2186,9370
2694,2234,9397
2694,2234,9397
2694,2234,9397
2694,2234,9397
2694,2234,9397
2776,2285,9411
2776,2285,9411
2776,2285,9411
2776,2285,9411
2776,2285,9411
2776,2285,9411
2776,2285,9411
2776,2285,9411
2842,2377,9398
2842,2377,9398
2842,2377,9398
2842,2377,9398
2842,2377,9398
2842,2377,9398
2842,2377,9398
2842,2377,9398
2842,2377,9398
2867,2488,9380
2867,2488,9380
2867,2488,9380
2867,2488,9380
2867,2488,9380
2867,2488,9380
2867,2488,9380
2867,2488,9380
2867,2488,9380
2902,2563,9378
2902,2563,9378
2902,2563,9378
2902,2563,9378
2902,2563,9378
2902,2563,9378
2902,2563,9378
2902,2563,9378
2902,2563,9378
2946,2619,9388
2946,2619,9388
2946,2619,9388
2946,2619,9388
2946,2619,9388
2946,2619,9388
2946,2619,9388
2946,2619,9388
2946,2619,9388
2927,2681,9356
2927,2681,9356
2927,2681,9356
2927,2681,9356
2927,2681,9356
2927,2681,9356
2927,2681,9356
2927,2681,9356
2927,2681,9356
2949,2771,9372
2949,2771,9372
2949,2771,9372
2949,2771,9372
2949,2771,9372
2949,2771,9372
2949,2771,9372
2949,2771,9372
2949,2771,9372
2866,2851,9385
2866,2851,9385
2866,2851,9385
2866,2851,9385
2866,2851,9385
2866,2851,9385
2866,2851,9385
2866,2851,9385
2870,2899,9440
2870,2899,9440
2870,2899,9440
2870,2899,9440
2870,2899,9440
2870,2899,9440
2870,2899,9440
2870,2899,9440
2870,2899,9440
2773,2994,9439
2773,2994,9439
2773,2994,9439
2773,2994,9439
2773,2994,9439
2773,2994,9439
2773,2994,9439
2773,2994,9439
2773,2994,9439
2773,2994,9439
2791,3095,9424
2791,3095,9424
2791,3095,9424
2791,3095,9424
2791,3095,9424
2791,3095,9424
2791,3095,9424
2791,3095,9424
2791,3095,9424
2738,3118,9389
2738,3118,9389
2738,3118,9389
2738,3118,9389
2738,3118,9389
2738,3118,9389
2738,3118,9389
2738,3118,9389
2738,3118,9389
2705,3146,9441
2705,3146,9441
2705,3146,9441
2705,3146,9441
2705,3146,9441
2705,3146,9441
2705,3146,9441
2705,3146,9441
2705,3146,9441
2607,3184,9486
2607,3184,9486
2607,3184,9486
2607,3184,9486
2607,3184,9486
2607,3184,9486
2607,3184,9486
2607,3184,9486
2607,3184,9486
2607,3184,9479
2517,3257,9479
2517,3257,9479
2517,3257,9479
2517,3257,9479
2517,3257,9479
2517,3257,9479
2517,3257,9479
2517,3257,9479
2517,3257,9479
2459,3334,9485
2459,3334,9485
2459,3334,9485
2459,3334,9485
2459,3334,9485
2459,3334,9485
2459,3334,9485
2459,3334,9485
2459,3334,9485
2320,3430,9484
2320,3430,9484
2320,3430,9484
2320,3430,9484
2320,3430,9484
2320,3430,9484
2320,3430,9484
2320,3430,9484
2320,3430,9484
2210,3412,9537
2210,3412,9537
2210,3412,9537
2210,3412,9537
2210,3412,9537
2210,3412,9537
2210,3412,9537
2210,3412,9537
2204,3375,9532
2204,3375,9532
2204,3375,9532
2204,3375,9532
2204,3375,9532
2204,3375,9532
2204,3375,9532
2204,3375,9532
2204,3375,9532
2225,3362,9523
2225,3362,9523
2225,3362,9523
2225,3362,9523
2225,3362,9523
2225,3362,9523
2225,3362,9523
2225,3362,9523
2225,3362,9523
2198,3355,9503
2198,3355,9503
2198,3355,9503
2198,3355,9503
2198,3355,9503
2198,3355,9503
2198,3355,9503
2198,3355,9503
2198,3355,9503
2133,3516,9503
2133,3516,9503
2133,3516,9503
2133,3516,9503
2133,3516,9503
2133,3516,9503
2133,3516,9503
2133,3516,9503
2133,3516,9503
2133,3516,9503
2126,3610,9465
2126,3610,9465
2126,3610,9465
2126,3610,9465
2126,3610,9465
2126,3610,9465
2126,3610,9465
2126,3610,9465
2126,3610,9465
2047,3653,9512
2047,3653,9512
2047,3653,9512
2047,3653,9512
2047,3653,9512
2047,3653,9512
2047,3653,9512
2047,3653,9512
2047,3653,9512
2055,3684,9469
2055,3684,9469
2055,3684,9469
2055,3684,9469
2055,3684,9469
2055,3684,9469
2055,3684,9469
2055,3684,9469
2055,3684,9469
2064,3744,9484
2064,3744,9484
2064,3744,9484
2064,3744,9484
2064,3744,9484
2064,3744,9484
2064,3744,9484
2064,3744,9484
2064,3744,9484
1987,3776,9468
1987,3776,9468
1987,3776,9468
1987,3776,9468
1987,3776,9468
1987,3776,9468
1987,3776,9468
1987,3776,9468
1987,3776,9468
1870,3812,9462
1870,3812,9462
1870,3812,9462
1870,3812,9462
1870,3812,9462
1870,3812,9462
1870,3812,9462
1870,3812,9462
1870,3812,9462
1772,3904,9446
1772,3904,9446
1772,3904,9446
1772,3904,9446
1673,3982,9409
1673,3982,9409
1673,3982,9409
1673,3982,9409
1673,3982,9409
1581,3968,9405
1581,3968,9405
1581,3968,9405
1581,3968,9405
1581,3968,9405
1581,3968,9405
1581,3968,9405
1581,3968,9405
1581,3968,9405
1634,3707,9491
1634,3707,9491
1634,3707,9491
1634,3707,9491
1634,3707,9491
1634,3707,9491
1634,3707,9491
1634,3707,9491
1634,3707,9491
1372,3530,9466
1372,3530,9466
1372,3530,9466
1372,3530,9466
1372,3530,9466
1372,3530,9466
1372,3530,9466
1372,3530,9466
1372,3530,9466
1255,3484,9499
1255,3484,9499
1255,3484,9499
1255,3484,9499
1255,3484,9499
1255,3484,9499
1255,3484,9499
1255,3484,9499
1255,3484,9499
1255,3484,9499
1026,3462,9430
1026,3462,9430
1026,3462,9430
1026,3462,9430
1026,3462,9430
1026,3462,9430
1026,3462,9430
1026,3462,9430
947,3475,9419
947,3475,9419
947,3475,9419
947,3475,9419
947,3475,9419
947,3475,9419
947,3475,9419
947,3475,9419
947,3475,9419
947,3475,9419
936,3519,9420
936,3519,9420
936,3519,9420
936,3519,9420
936,3519,9420
936,3519,9420
936,3519,9420
936,3519,9420
936,3519,9420
936,3519,9420
944,3532,9435
944,3532,9435
944,3532,9435
944,3532,9435
944,3532,9435
944,3532,9435
944,3532,9435
944,3532,9435
1000,3485,9435
1000,3485,9435
1000,3485,9435
1000,3485,9435
1000,3485,9435
1000,3485,9435
1000,3485,9435
1000,3485,9435
1000,3485,9435
944,3505,9420
944,3505,9420
944,3505,9420
944,3505,9420
944,3505,9420
944,3505,9420
944,3505,9420
944,3505,9420
944,3505,9420
840,3485,9410
840,3485,9410
840,3485,9410
840,3485,9410
840,3485,9410
840,3485,9410
840,3485,9410
840,3485,9410
840,3485,9410
664,3457,9395
664,3457,9395
664,3457,9395
664,3457,9395
664,3457,9395
664,3457,9395
664,3457,9395
664,3457,9395
664,3457,9395
556,3385,9357
556,3385,9357
556,3385,9357
556,3385,9357
556,3385,9357
556,3385,9357
556,3385,9357
556,3385,9357
556,3385,9357
459,3295,9360
459,3295,9360
459,3295,9360
459,3295,9360
459,3295,9360
459,3295,9360
459,3295,9360
459,3295,9360
459,3295,9360
426,3290,9323
426,3290,9323
426,3290,9323
426,3290,9323
426,3290,9323
426,3290,9323
426,3290,9323
426,3290,9323
426,3290,9323
356,3251,9311
356,3251,9311
356,3251,9311
356,3251,9311
356,3251,9311
356,3251,9311
356,3251,9311
356,3251,9311
356,3251,9311
355,3201,9324
355,3201,9324
355,3201,9324
355,3201,9324
355,3201,9324
355,3201,9324
355,3201,9324
355,3201,9324
355,3201,9324
282,3128,9301
282,3128,9301
282,3128,9301
282,3128,9301
282,3128,9301
282,3128,9301
282,3128,9301
282,3128,9301
282,3128,9301
277,3022,9315
277,3022,9315
277,3022,9315
277,3022,9315
277,3022,9315
277,3022,9315
277,3022,9315
277,3022,9315
277,3022,9315
256,2872,9277
256,2872,9277
256,2872,9277
256,2872,9277
256,2872,9277
256,2872,9277
256,2872,9277
256,2872,9277
256,2872,9277
304,2854,9277
304,2854,9277
304,2854,9277
304,2854,9277
304,2854,9277
304,2854,9277
304,2854,9277
304,2854,9277
304,2854,9277
245,2812,9283
245,2812,9283
245,2812,9283
245,2812,9283
245,2812,9283
245,2812,9283
245,2812,9283
245,2812,9283
245,2812,9283
304,2756,9295
304,2756,9295
304,2756,9295
304,2756,9295
304,2756,9295
304,2756,9295
304,2756,9295
304,2756,9295
304,2756,9295
227,2660,9287
227,2660,9287
227,2660,9287
227,2660,9287
227,2660,9287
227,2660,9287
227,2660,9287
227,2660,9287
227,2660,9287
217,2581,9205
217,2581,9205
217,2581,9205
217,2581,9205
217,2581,9205
217,2581,9205
217,2581,9205
217,2581,9205
217,2581,9205
217,2387,9225
124,2387,9225
124,2387,9225
124,2387,9225
124,2387,9225
124,2387,9225
124,2387,9225
124,2387,9225
124,2387,9225
124,2387,9225
243,2396,9261
243,2396,9261
243,2396,9261
243,2396,9261
243,2396,9261
243,2396,9261
243,2396,9261
243,2396,9261
243,2396,9261
316,2505,9283
316,2505,9283
316,2505,9283
316,2505,9283
316,2505,9283
316,2505,9283
316,2505,9283
316,2505,9283
329,2574,9336
329,2574,9336
329,2574,9336
329,2574,9336
329,2574,9336
329,2574,9336
329,2574,9336
329,2574,9336
329,2574,9336
329,2574,9336
320,2482,9299
320,2482,9299
320,2482,9299
320,2482,9299
403,2305,9322
403,2305,9322
403,2305,9322
403,2305,9322
403,2305,9322
403,2305,9322
403,2305,9322
403,2305,9322
403,2305,9322
459,2099,9304
459,2099,9304
459,2099,9304
459,2099,9304
459,2099,9304
459,2099,9304
459,2099,9304
459,2099,9304
459,2099,9304
684,1972,9313
684,1972,9313
684,1972,9313
684,1972,9313
684,1972,9313
684,1972,9313
684,1972,9313
684,1972,9313
684,1972,9313
697,1823,9281
697,1823,9281
697,1823,9281
697,1823,9281
697,1823,9281
697,1823,9281
697,1823,9281
697,1823,9281
697,1823,9281
657,1685,9264
657,1685,9264
657,1685,9264
657,1685,9264
657,1685,9264
657,1685,9264
657,1685,9264
657,1685,9264
657,1685,9264
715,1661,9262
715,1661,9262
715,1661,9262
715,1661,9262
715,1661,9262
715,1661,9262
715,1661,9262
715,1661,9262
715,1661,9262
839,1614,9213
839,1614,9213
839,1614,9213
839,1614,9213
839,1614,9213
839,1614,9213
839,1614,9213
839,1614,9213
839,1614,9213
873,1588,9225
873,1588,9225
873,1588,9225
873,1588,9225
873,1588,9225
873,1588,9225
873,1588,9225
873,1588,9225
931,1586,9282
931,1586,9282
931,1586,9282
931,1586,9282
931,1586,9282
931,1586,9282
931,1586,9282
931,1586,9282
931,1586,9282
943,1552,9213
943,1552,9213
943,1552,9213
943,1552,9213
943,1552,9213
943,1552,9213
943,1552,9213
943,1552,9213
943,1552,9213
1035,1495,9217
1035,1495,9217
1035,1495,9217
1035,1495,9217
1035,1495,9217
1035,1495,9217
1035,1495,9217
1035,1495,9217
1035,1495,9217
1035,1495,9217
1091,1475,9218
1091,1475,9218
1091,1475,9218
1091,1475,9218
1091,1475,9218
1091,1475,9218
1091,1475,9218
1091,1475,9218
1091,1475,9218
1120,1519,9224
1120,1519,9224
1120,1519,9224
1120,1519,9224
1120,1519,9224
1120,1519,9224
1120,1519,9224
1120,1519,9224
1120,1519,9224
1117,1471,9203
1117,1471,9203
1117,1471,9203
1117,1471,9203
1117,1471,9203
1117,1471,9203
1117,1471,9203
1117,1471,9203
1117,1471,9203
1232,1434,9258
1232,1434,9258
1232,1434,9258
1232,1434,9258
1232,1434,9258
1232,1434,9258
1232,1434,9258
1232,1434,9258
1232,1434,9258
1289,1374,9209
1289,1374,9209
1289,1374,9209
1289,1374,9209
1289,1374,9209
1289,1374,9209
1289,1374,9209
1289,1374,9209
1289,1374,9209
1289,1322,9186
1399,1322,9186
1399,1322,9186
1399,1322,9186
1399,1322,9186
1399,1322,9186
1399,1322,9186
1399,1322,9186
1399,1322,9186
1399,1322,9186
1566,1262,9171
1566,1262,9171
1566,1262,9171
1566,1262,9171
1566,1262,9171
1566,1262,9171
1566,1262,9171
1566,1262,9171
1566,1262,9171
1611,1280,9174
1611,1280,9174
1611,1280,9174
1611,1280,9174
1611,1280,9174
1611,1280,9174
1611,1280,9174
1611,1280,9174
1740,1331,9202
1740,1331,9202
1740,1331,9202
1740,1331,9202
1740,1331,9202
1740,1331,9202
1740,1331,9202
1740,1331,9202
1740,1331,9202
1765,1386,9268
1765,1386,9268
1765,1386,9268
1765,1386,9268
1765,1386,9268
1765,1386,9268
1765,1386,9268
1765,1386,9268
1765,1386,9268
1766,1348,9224
1766,1348,9224
1766,1348,9224
1766,1348,9224
1766,1348,9224
1766,1348,9224
1766,1348,9224
1766,1348,9224
1766,1348,9224
1735,1353,9258
1735,1353,9258
1735,1353,9258
1735,1353,9258
1735,1353,9258
1735,1353,9258
1735,1353,9258
1735,1353,9258
1735,1353,9258
1735,1353,9258
1793,1440,9294
1793,1440,9294
1793,1440,9294
1793,1440,9294
1793,1440,9294
1793,1440,9294
1793,1440,9294
1793,1440,9294
1793,1440,9294
1730,1520,9293
1730,1520,9293
1730,1520,9293
1730,1520,9293
1730,1520,9293
1730,1520,9293
1730,1520,9293
1730,1520,9293
1730,1520,9293
1666,1590,9366
1666,1590,9366
1666,1590,9366
1666,1590,9366
1666,1590,9366
1666,1590,9366
1666,1590,9366
1666,1590,9366
1666,1590,9366
1592,1592,9275
1592,1592,9275
1592,1592,9275
1592,1592,9275
1592,1592,9275
1592,1592,9275
1592,1592,9275
1592,1592,9275
1592,1592,9275
1438,1530,9363
1438,1530,9363
1438,1530,9363
1438,1530,9363
1438,1530,9363
1438,1530,9363
1438,1530,9363
1438,1530,9363
1438,1530,9363
1454,1592,9305
1454,1592,9305
1454,1592,9305
1454,1592,9305
1454,1592,9305
1454,1592,9305
1500,1642,9358
1500,1642,9358
1500,1642,9358
1500,1642,9358
1500,1642,9358
1500,1642,9358
1500,1697,9386
1385,1697,9386
1385,1697,9386
1385,1697,9386
1385,1697,9386
1385,1697,9386
1385,1697,9386
1385,1697,9386
1385,1697,9386
1385,1697,9386
1347,1741,9354
1347,1741,9354
1347,1741,9354
1347,1741,9354
1347,1741,9354
1347,1741,9354
1347,1741,9354
1347,1741,9354
1347,1741,9354
1287,1756,9399
1287,1756,9399
1287,1756,9399
1287,1756,9399
1287,1756,9399
1287,1756,9399
1287,1756,9399
1287,1756,9399
1229,1797,9366
1229,1797,9366
1229,1797,9366
1229,1797,9366
1229,1797,9366
1229,1797,9366
1229,1797,9366
1229,1797,9366
1229,1797,9366
1229,1797,9366
1191,1861,9426
1191,1861,9426
1191,1861,9426
1191,1861,9426
1191,1861,9426
1191,1861,9426
1191,1861,9426
1191,1861,9426
1191,1861,9426
1191,1861,9426
1222,1880,9390
1222,1880,9390
1222,1880,9390
1222,1880,9390
1222,1880,9390
1222,1880,9390
1222,1880,9390
1222,1880,9390
1222,1880,9390
1313,1935,9450
1313,1935,9450
1313,1935,9450
1313,1935,9450
1313,1935,9450
1313,1935,9450
1313,1935,9450
1313,1935,9450
1313,1935,9450
1482,2030,9475
1482,2030,9475
1482,2030,9475
1482,2030,9475
1482,2030,9475
1482,2030,9475
1482,2030,9475
1482,2030,9475
1482,2030,9475
1625,2089,9452
1625,2089,9452
1625,2089,9452
1625,2089,9452
1625,2089,9452
1625,2089,9452
1625,2089,9452
1625,2089,9452
1665,2208,9513
1665,2208,9513
1665,2208,9513
1665,2208,9513
1665,2208,9513
1665,2208,9513
1665,2208,9513
1665,2208,9513
1665,2208,9513
1565,2240,9522
1565,2240,9522
1565,2240,9522
1565,2240,9522
1565,2240,9522
1565,2240,9522
1565,2240,9522
1565,2240,9522
1565,2240,9522
1587,2305,9493
1587,2305,9493
1587,2305,9493
1587,2305,9493
1587,2305,9493
1587,2305,9493
1587,2305,9493
1587,2305,9493
1587,2305,9493
1613,2396,9500
1613,2396,9500
1613,2396,9500
1613,2396,9500
1613,2396,9500
1613,2396,9500
1613,2396,9500
1613,2396,9500
1613,2396,9500
1640,2469,9569
1640,2469,9569
1640,2469,9569
1640,2469,9569
1640,2469,9569
1640,2469,9569
1640,2469,9569
1640,2469,9569
1640,2469,9569
1636,2548,9586
1636,2548,9586
1636,2548,9586
1636,2548,9586
1636,2548,9586
1636,2548,9586
1636,2548,9586
1636,2548,9586
1636,2548,9586
1635,2528,9550
1635,2528,9550
1635,2528,9550
1635,2528,9550
1635,2528,9550
1635,2528,9550
1635,2528,9550
1635,2528,9550
1635,2528,9550
1635,2528,9550
1687,2577,9588
1687,2577,9588
1687,2577,9588
1687,2577,9588
1687,2577,9588
1687,2577,9588
1687,2577,9588
1687,2577,9588
1687,2577,9588
1683,2557,9546
1683,2557,9546
1683,2557,9546
1683,2557,9546
1683,2557,9546
1683,2557,9546
1683,2557,9546
1683,2557,9546
1683,2557,9546
1845,2554,9578
1845,2554,9578
1845,2554,9578
1845,2554,9578
1845,2554,9578
1845,2554,9578
1845,2554,9578
1845,2554,9578
1893,2632,9529
1893,2632,9529
1893,2632,9529
1893,2632,9529
1893,2632,9529
1893,2632,9529
1893,2632,9529
1893,2632,9529
1893,2632,9529
1792,2649,9611
1792,2649,9611
1792,2649,9611
1792,2649,9611
1792,2649,9611
1792,2649,9611
1792,2649,9611
1792,2649,9611
1792,2649,9611
1987,2797,9553
1987,2797,9553
1987,2797,9553
1987,2797,9553
1987,2797,9553
1987,2797,9553
1987,2797,9553
1987,2797,9553
1987,2797,9553
1899,2879,9565
1899,2879,9565
1899,2879,9565
1899,2879,9565
1899,2879,9565
1899,2879,9565
1899,2879,9565
1899,2879,9565
1899,2879,9565
1899,2879,9574
1786,2947,9574
1786,2947,9574
1786,2947,9574
1786,2947,9574
1786,2947,9574
1786,2947,9574
1786,2947,9574
1786,2947,9574
1786,2947,9574
1602,3024,9548
1602,3024,9548
1602,3024,9548
1602,3024,9548
1602,3024,9548
1602,3024,9548
1602,3024,9548
1602,3024,9548
1602,3024,9548
1537,3134,9587
1537,3134,9587
1537,3134,9587
1537,3134,9587
1537,3134,9587
1537,3134,9587
1537,3134,9587
1537,3134,9587
1444,3180,9596
1444,3180,9596
1444,3180,9596
1444,3180,9596
1444,3180,9596
1444,3180,9596
1444,3180,9596
1444,3180,9596
1444,3180,9596
1444,3180,9596
1314,3262,9547
1314,3262,9547
1314,3262,9547
1314,3262,9547
1314,3262,9547
1260,3367,9529
1260,3367,9529
1260,3367,9529
1260,3367,9529
1260,3367,9529
1260,3367,9529
1260,3367,9529
1260,3367,9529
1306,3448,9525
1306,3448,9525
1306,3448,9525
1306,3448,9525
1306,3448,9525
1306,3448,9525
1306,3448,9525
1306,3448,9525
1306,3448,9525
1345,3514,9508
1345,3514,9508
1345,3514,9508
1345,3514,9508
1345,3514,9508
1345,3514,9508
1345,3514,9508
1345,3514,9508
1345,3514,9508
1335,3620,9513
1335,3620,9513
1335,3620,9513
1335,3620,9513
1335,3620,9513
1335,3620,9513
1335,3620,9513
1335,3620,9513
1335,3620,9513
1400,3667,9460
1400,3667,9460
1400,3667,9460
1400,3667,9460
1400,3667,9460
1400,3667,9460
1400,3667,9460
1400,3667,9460
1400,3667,9460
1317,3703,9465
1317,3703,9465
1317,3703,9465
1317,3703,9465
1317,3703,9465
1317,3703,9465
1317,3703,9465
1317,3703,9465
1317,3703,9465
1292,3601,9463
1292,3601,9463
1292,3601,9463
1292,3601,9463
1292,3601,9463
1292,3601,9463
1292,3601,9463
1292,3601,9463
1292,3601,9463
1197,3550,9484
1197,3550,9484
1197,3550,9484
1197,3550,9484
1197,3550,9484
1197,3550,9484
1197,3550,9484
1197,3550,9484
1197,3550,9484
1060,3625,9414
1060,3625,9414
1060,3625,9414
1060,3625,9414
1060,3625,9414
1060,3625,9414
1060,3625,9414
1060,3625,9414
1060,3625,9414
905,3796,9304
905,3796,9304
905,3796,9304
905,3796,9304
905,3796,9304
905,3796,9304
905,3796,9304
905,3796,9304
905,3796,9304
923,3909,9383
923,3909,9383
923,3909,9383
923,3909,9383
923,3909,9383
923,3909,9383
923,3909,9383
923,3909,9383
923,3909,9383
792,3908,9354
792,3908,9354
792,3908,9354
792,3908,9354
792,3908,9354
792,3908,9354
792,3908,9354
792,3908,9354
792,3908,9354
792,3908,9223
624,3824,9223
624,3824,9223
624,3824,9223
624,3824,9223
624,3824,9223
624,3824,9223
624,3824,9223
624,3824,9223
624,3824,9223
509,3694,9274
509,3694,9274
509,3694,9274
509,3694,9274
509,3694,9274
509,3694,9274
509,3694,9274
509,3694,9274
509,3694,9274
453,3642,9293
453,3642,9293
453,3642,9293
453,3642,9293
453,3642,9293
453,3642,9293
453,3642,9293
453,3642,9293
453,3642,9293
377,3635,9242
377,3635,9242
377,3635,9242
377,3635,9242
377,3635,9242
377,3635,9242
377,3635,9242
377,3635,9242
377,3635,9242
303,3656,9235
303,3656,9235
303,3656,9235
303,3656,9235
303,3656,9235
303,3656,9235
303,3656,9235
303,3656,9235
303,3656,9235
352,3705,9225
352,3705,9225
352,3705,9225
352,3705,9225
352,3705,9225
352,3705,9225
352,3705,9225
352,3705,9225
352,3705,9225
349,3742,9201
349,3742,9201
349,3742,9201
349,3742,9201
349,3742,9201
349,3742,9201
349,3742,9201
349,3742,9201
349,3742,9201
200,3735,9162
200,3735,9162
200,3735,9162
200,3735,9162
200,3735,9162
200,3735,9162
200,3735,9162
200,3735,9162
200,3735,9162
46,3733,9055
46,3733,9055
46,3733,9055
46,3733,9055
46,3733,9055
46,3733,9055
46,3733,9055
46,3733,9055
46,3733,9055
-40,3729,9027
-40,3729,9027
-40,3729,9027
-40,3729,9027
-40,3729,9027
-40,3729,9027
-40,3729,9027
-40,3729,9027
-124,3682,8988
-124,3682,8988
-124,3682,8988
-124,3682,8988
-124,3682,8988
-124,3682,8988
-124,3682,8988
-124,3682,8988
-124,3682,8988
-124,3682,8988
-153,3712,8945
-153,3712,8945
-153,3712,8945
-153,3712,8945
-153,3712,8945
-153,3712,8945
-153,3712,8945
-153,3712,8945
-153,3712,8945
-130,3745,8995
-130,3745,8995
-130,3745,8995
-130,3745,8995
-130,3745,8995
-130,3745,8995
-130,3745,8995
-130,3745,8995
-130,3745,8995
-125,3686,9015
-125,3686,9015
-125,3686,9015
-125,3686,9015
-125,3686,9015
-125,3686,9015
-125,3686,9015
-125,3686,9015
-125,3686,9015
-76,3604,9110
-76,3604,9110
-76,3604,9110
-76,3604,9110
-76,3604,9110
-76,3604,9110
-76,3604,9110
-76,3604,9110
-76,3604,9110
-15,3522,9122
-15,3522,9122
-15,3522,9122
-15,3522,9122
-15,3522,9122
-15,3522,9122
-15,3522,9122
-15,3522,9122
-15,3522,9122
5,3438,9178
5,3438,9178
5,3438,9178
5,3438,9178
5,3438,9178
5,3438,9178
5,3438,9178
5,3438,9178
5,3438,9178
5,3438,9186
-20,3335,9186
-20,3335,9186
-20,3335,9186
-20,3335,9186
-20,3335,9186
-94,3221,9162
-94,3221,9162
-94,3221,9162
-94,3221,9162
-94,3221,9162
-94,3221,9162
-94,3221,9162
-94,3221,9162
-162,3179,9114
-162,3179,9114
-162,3179,9114
-162,3179,9114
-162,3179,9114
-162,3179,9114
-162,3179,9114
-162,3179,9114
-172,3180,9107
-172,3180,9107
-172,3180,9107
-172,3180,9107
-172,3180,9107
-172,3180,9107
-172,3180,9107
-172,3180,9107
-172,3180,9107
-242,3185,9074
-242,3185,9074
-242,3185,9074
-242,3185,9074
-242,3185,9074
-242,3185,9074
-242,3185,9074
-242,3185,9074
-242,3185,9074
-234,3149,9006
-234,3149,9006
-234,3149,9006
-234,3149,9006
-234,3149,9006
-234,3149,9006
-234,3149,9006
-234,3149,9006
-234,3149,9006
-257,3209,9003
-257,3209,9003
-257,3209,9003
-257,3209,9003
-257,3209,9003
-257,3209,9003
-257,3209,9003
-257,3209,9003
-257,3209,9003
-257,3209,9015
-303,3249,9015
-303,3249,9015
-303,3249,9015
-303,3249,9015
-303,3249,9015
-303,3249,9015
-303,3249,9015
-303,3249,9015
-303,3249,9015
-177,3252,9057
-177,3252,9057
-177,3252,9057
-177,3252,9057
-177,3252,9057
-177,3252,9057
-177,3252,9057
-177,3252,9057
-177,3252,9057
-64,3279,9117
-64,3279,9117
-64,3279,9117
-64,3279,9117
-64,3279,9117
-64,3279,9117
-64,3279,9117
-64,3279,9117
-64,3279,9117
-5,3198,9165
-5,3198,9165
-5,3198,9165
-5,3198,9165
-5,3198,9165
-5,3198,9165
-5,3198,9165
-5,3198,9165
-5,3027,9177
43,3027,9177
43,3027,9177
43,3027,9177
43,3027,9177
43,3027,9177
43,3027,9177
43,3027,9177
43,3027,9177
43,3027,9177
-43,2906,9208
-43,2906,9208
-43,2906,9208
-43,2906,9208
-43,2906,9208
-43,2906,9208
-43,2906,9208
-43,2906,9208
-43,2906,9208
-128,2890,9118
-128,2890,9118
-128,2890,9118
-128,2890,9118
-128,2890,9118
-128,2890,9118
-128,2890,9118
-128,2890,9118
-128,2890,9118
-277,2973,9005
-277,2973,9005
-277,2973,9005
-277,2973,9005
-277,2973,9005
-277,2973,9005
-277,2973,9005
-277,2973,9005
-277,2973,9005
-395,2957,8943
-395,2957,8943
-395,2957,8943
-395,2957,8943
-395,2957,8943
-395,2957,8943
-395,2957,8943
-395,2957,8943
-395,2957,8943
-478,2909,8893
-478,2909,8893
-478,2909,8893
-478,2909,8893
-478,2909,8893
-478,2909,8893
-478,2909,8893
-478,2909,8893
-478,2909,8893
-518,2716,8860
-518,2716,8860
-518,2716,8860
-518,2716,8860
-518,2716,8860
-518,2716,8860
-518,2716,8860
-518,2716,8860
-518,2716,8860
-610,2569,8828
-610,2569,8828
-610,2569,8828
-610,2569,8828
-610,2569,8828
-610,2569,8828
-610,2569,8828
-610,2569,8828
-610,2569,8828
-645,2444,8801
-645,2444,8801
-645,2444,8801
-645,2444,8801
-645,2444,8801
-645,2444,8801
-645,2444,8801
-645,2444,8801
-645,2444,8801
-689,2363,8693
-689,2363,8693
-689,2363,8693
-689,2363,8693
-689,2363,8693
-689,2363,8693
-689,2363,8693
-689,2363,8693
-689,2363,8693
-644,2318,8812
-644,2318,8812
-644,2318,8812
-644,2318,8812
-644,2318,8812
-644,2318,8812
-644,2318,8812
-644,2318,8812
-644,2318,8812
-644,2318,8812
-700,2278,8759
-700,2278,8759
-700,2278,8759
-700,2278,8759
-700,2278,8759
-700,2278,8759
-700,2278,8759
-660,2206,8726
-660,2206,8726
-660,2206,8726
-660,2206,8726
-660,2206,8726
-660,2206,8726
-660,2206,8726
-660,2206,8726
-660,2206,8726
-660,2206,8726
-537,2155,8864
-537,2155,8864
-537,2155,8864
-537,2155,8864
-537,2155,8864
-537,2155,8864
-537,2155,8864
-537,2155,8864
-537,2155,8864
-537,2155,8827
-515,2091,8827
-515,2091,8827
-515,2091,8827
-515,2091,8827
-515,2091,8827
-515,2091,8827
-515,2091,8827
-515,2091,8827
-515,2091,8827
-371,2032,8810
-371,2032,8810
-371,2032,8810
-371,2032,8810
-371,2032,8810
-371,2032,8810
-371,2032,8810
-371,2032,8810
-371,2032,8810
-296,1937,8915
-296,1937,8915
-296,1937,8915
-296,1937,8915
-296,1937,8915
-296,1937,8915
-296,1937,8915
-296,1937,8915
-296,1937,8915
-263,1907,8882
-263,1907,8882
-263,1907,8882
-263,1907,8882
-263,1907,8882
-263,1907,8882
-263,1907,8882
-263,1907,8882
-263,1907,8882
-224,1840,8880
-224,1840,8880
-224,1840,8880
-224,1840,8880
-224,1840,8880
-224,1840,8880
-224,1840,8880
-224,1840,8880
-68,1708,8908
-68,1708,8908
-68,1708,8908
-68,1708,8908
-68,1708,8908
131,1573,8958
131,1573,8958
131,1573,8958
131,1573,8958
131,1573,8958
131,1573,8958
131,1573,8958
131,1573,8958
131,1573,8958
278,1454,8955
278,1454,8955
278,1454,8955
278,1454,8955
278,1454,8955
278,1454,8955
278,1454,8955
278,1454,8955
326,1417,8967
326,1417,8967
326,1417,8967
326,1417,8967
326,1417,8967
326,1417,8967
326,1417,8967
326,1417,8967
326,1417,8967
465,1434,9008
465,1434,9008
465,1434,9008
465,1434,9008
465,1434,9008
465,1434,9008
465,1434,9008
465,1434,9008
465,1434,9008
465,1434,9008
442,1453,9059
442,1453,9059
442,1453,9059
442,1453,9059
442,1453,9059
442,1453,9059
442,1453,9059
442,1453,9059
442,1453,9059
627,1397,9057
627,1397,9057
627,1397,9057
627,1397,9057
627,1397,9057
627,1397,9057
627,1397,9057
627,1397,9057
627,1397,9057
662,1342,9031
662,1342,9031
662,1342,9031
662,1342,9031
662,1342,9031
662,1342,9031
662,1342,9031
662,1342,9031
662,1342,9031
718,1368,9090
718,1368,9090
718,1368,9090
718,1368,9090
718,1368,9090
718,1368,9090
718,1368,9090
718,1368,9090
718,1368,9090
863,1388,9153
863,1388,9153
863,1388,9153
863,1388,9153
863,1388,9153
863,1388,9153
863,1388,9153
863,1388,9153
863,1388,9153
863,1388,9149
884,1423,9149
884,1423,9149
884,1423,9149
884,1423,9149
884,1423,9149
884,1423,9149
884,1423,9149
884,1423,9149
884,1423,9149
737,1421,9136
737,1421,9136
737,1421,9136
737,1421,9136
737,1421,9136
737,1421,9136
737,1421,9136
737,1421,9136
737,1421,9136
786,1338,9086
786,1338,9086
786,1338,9086
786,1338,9086
786,1338,9086
786,1338,9086
786,1338,9086
786,1338,9086
840,1432,9146
840,1432,9146
840,1432,9146
840,1432,9146
840,1432,9146
840,1432,9146
840,1432,9146
840,1432,9146
840,1432,9146
890,1459,9218
890,1459,9218
890,1459,9218
890,1459,9218
890,1459,9218
890,1459,9218
890,1459,9218
890,1459,9218
890,1459,9218
907,1476,9217
907,1476,9217
907,1476,9217
907,1476,9217
907,1476,9217
907,1476,9217
907,1476,9217
907,1476,9217
907,1476,9217
936,1485,9208
936,1485,9208
936,1485,9208
936,1485,9208
936,1485,9208
936,1485,9208
936,1485,9208
936,1485,9208
936,1485,9208
936,1485,9208
930,1530,9267
930,1530,9267
930,1530,9267
930,1530,9267
930,1530,9267
930,1530,9267
930,1530,9267
930,1530,9267
930,1530,9267
1026,1564,9288
1026,1564,9288
1026,1564,9288
1026,1564,9288
1026,1564,9288
1026,1564,9288
1026,1564,9288
1026,1564,9288
1026,1564,9288
893,1618,9291
893,1618,9291
893,1618,9291
893,1618,9291
893,1618,9291
893,1618,9291
893,1618,9291
893,1618,9291
893,1618,9291
786,1669,9253
786,1669,9253
786,1669,9253
786,1669,9253
786,1669,9253
786,1669,9253
786,1669,9253
786,1669,9253
786,1669,9253
853,1707,9289
853,1707,9289
853,1707,9289
853,1707,9289
853,1707,9289
853,1707,9289
853,1707,9289
853,1707,9289
853,1707,9289
827,1654,9261
827,1654,9261
827,1654,9261
827,1654,9261
827,1654,9261
827,1654,9261
827,1654,9261
827,1654,9261
827,1654,9261
725,1475,9187
725,1475,9187
725,1475,9187
725,1475,9187
725,1475,9187
725,1475,9187
725,1475,9187
725,1475,9187
725,1475,9187
861,1503,9201
861,1503,9201
861,1503,9201
861,1503,9201
861,1503,9201
861,1503,9201
861,1503,9201
861,1503,9201
861,1503,9201
907,1674,9322
907,1674,9322
907,1674,9322
907,1674,9322
907,1674,9322
907,1674,9322
907,1674,9322
907,1674,9322
907,1674,9322
1060,1853,9414
1060,1853,9414
1060,1853,9414
1060,1853,9414
1060,1853,9414
1060,1853,9414
1060,1853,9414
1060,1853,9414
1060,1853,9414
1083,1900,9407
1083,1900,9407
1083,1900,9407
1083,1900,9407
1083,1900,9407
1083,1900,9407
1083,1900,9407
1083,1900,9407
1083,1900,9407
1098,1888,9409
1098,1888,9409
1098,1888,9409
1098,1888,9409
1098,1888,9409
1098,1888,9409
1098,1888,9409
1098,1888,9409
1098,1888,9409
1098,1888,9409
1100,1885,9416
1100,1885,9416
1100,1885,9416
1100,1885,9416
1100,1885,9416
1100,1885,9416
1100,1885,9416
1100,1885,9416
1100,1885,9416
1273,2007,9464
1273,2007,9464
1273,2007,9464
1273,2007,9464
1321,2091,9484
1321,2091,9484
1321,2091,9484
1321,2091,9484
1321,2091,9484
1321,2091,9484
1321,2091,9484
1321,2091,9484
1321,2091,9484
1272,2190,9524
1272,2190,9524
1272,2190,9524
1272,2190,9524
1272,2190,9524
1272,2190,9524
1272,2190,9524
1272,2190,9524
1272,2190,9524
1157,2243,9439
1157,2243,9439
1157,2243,9439
1157,2243,9439
1157,2243,9439
1157,2243,9439
1157,2243,9439
1157,2243,9439
1124,2230,9499
1124,2230,9499
1124,2230,9499
1124,2230,9499
1124,2230,9499
1124,2230,9499
1124,2230,9499
1124,2230,9499
1124,2230,9499
1175,2253,9499
1175,2253,9499
1175,2253,9499
1175,2253,9499
1175,2253,9499
1175,2253,9499
1175,2253,9499
1175,2253,9499
1175,2253,9499
1169,2402,9539
1169,2402,9539
1169,2402,9539
1169,2402,9539
1169,2402,9539
1169,2402,9539
1169,2402,9539
1169,2402,9539
1169,2402,9539
1196,2575,9554
1196,2575,9554
1196,2575,9554
1196,2575,9554
1196,2575,9554
1196,2575,9554
1196,2575,9554
1196,2575,9554
1196,2575,9554
1223,2658,9592
1223,2658,9592
1223,2658,9592
1223,2658,9592
1223,2658,9592
1223,2658,9592
1223,2658,9592
1223,2658,9592
1223,2658,9592
1169,2754,9603
1169,2754,9603
1169,2754,9603
1169,2754,9603
1169,2754,9603
1169,2754,9603
1169,2754,9603
1169,2754,9603
1169,2754,9603
1123,2806,9614
1123,2806,9614
1123,2806,9614
1123,2806,9614
1123,2806,9614
1123,2806,9614
1123,2806,9614
1123,2806,9614
1123,2806,9614
1123,2806,9614
1157,2856,9555
1157,2856,9555
1157,2856,9555
1157,2856,9555
1157,2856,9555
1157,2856,9555
1157,2856,9555
1157,2856,9555
1157,2856,9555
1293,2931,9582
1293,2931,9582
1293,2931,9582
1293,2931,9582
1293,2931,9582
1293,2931,9582
1293,2931,9582
1293,2931,9582
1293,2931,9582
1214,3086,9561
1214,3086,9561
1214,3086,9561
1214,3086,9561
1214,3086,9561
1214,3086,9561
1214,3086,9561
1214,3086,9561
1214,3086,9561
1269,3224,9545
1269,3224,9545
1269,3224,9545
1269,3224,9545
1269,3224,9545
1269,3224,9545
1269,3224,9545
1269,3224,9545
1269,3224,9545
1199,3279,9546
1199,3279,9546
1199,3279,9546
1199,3279,9546
1199,3279,9546
1199,3279,9546
1199,3279,9546
1199,3279,9546
1199,3279,9546
1130,3252,9533
1130,3252,9533
1130,3252,9533
1130,3252,9533
1130,3252,9533
1130,3252,9533
1130,3252,9533
1130,3252,9533
1130,3252,9533
1182,3244,9560
1182,3244,9560
1182,3244,9560
1182,3244,9560
1182,3244,9560
1182,3244,9560
1182,3244,9560
1182,3244,9560
1182,3244,9560
1196,3323,9546
1196,3323,9546
1196,3323,9546
1196,3323,9546
1196,3323,9546
1196,3323,9546
1196,3323,9546
1196,3323,9546
1196,3323,9546
1152,3391,9542
1152,3391,9542
1152,3391,9542
1152,3391,9542
1152,3391,9542
1152,3391,9542
1152,3391,9542
1152,3391,9542
1152,3391,9542
1078,3415,9485
1078,3415,9485
1078,3415,9485
1078,3415,9485
1078,3415,9485
1078,3415,9485
1078,3415,9485
1078,3415,9485
1078,3415,9485
1065,3444,9469
1065,3444,9469
1065,3444,9469
1065,3444,9469
1065,3444,9469
1065,3444,9469
1065,3444,9469
1065,3444,9469
1065,3444,9469
1009,3565,9443
1009,3565,9443
1009,3565,9443
1009,3565,9443
1009,3565,9443
1009,3565,9443
1009,3565,9443
1009,3565,9443
1009,3565,9443
1009,3565,9443
969,3650,9425
969,3650,9425
969,3650,9425
969,3650,9425
969,3650,9425
969,3650,9425
969,3650,9425
969,3650,9425
969,3704,9335
829,3704,9335
829,3704,9335
829,3704,9335
829,3704,9335
829,3704,9335
829,3704,9335
829,3704,9335
829,3704,9335
829,3704,9335
620,3773,9358
620,3773,9358
620,3773,9358
620,3773,9358
620,3773,9358
620,3773,9358
620,3773,9358
620,3773,9358
620,3773,9358
516,3750,9243
516,3750,9243
516,3750,9243
516,3750,9243
516,3750,9243
516,3750,9243
516,3750,9243
516,3750,9243
516,3750,9243
391,3767,9230
391,3767,9230
391,3767,9230
391,3767,9230
391,3767,9230
391,3767,9230
391,3767,9230
391,3767,9230
391,3767,9230
289,3782,9208
289,3782,9208
289,3782,9208
289,3782,9208
289,3782,9208
289,3782,9208
289,3782,9208
289,3782,9208
289,3782,9208
166,3774,9115
166,3774,9115
166,3774,9115
166,3774,9115
33,3774,9044
33,3774,9044
33,3774,9044
33,3774,9044
33,3774,9044
33,3774,9044
33,3774,9044
33,3774,9044
33,3774,9044
-44,3820,9046
-44,3820,9046
-44,3820,9046
-44,3820,9046
-44,3820,9046
-44,3820,9046
-44,3820,9046
-44,3820,9046
-44,3820,9046
-93,3884,8984
-93,3884,8984
-93,3884,8984
-93,3884,8984
-93,3884,8984
-93,3884,8984
-93,3884,8984
-93,3884,8984
-93,3884,8984
-104,3911,8952
-104,3911,8952
-104,3911,8952
-104,3911,8952
-104,3911,8952
-104,3911,8952
-104,3911,8952
-104,3911,8952
-211,3910,8909
-211,3910,8909
-211,3910,8909
-211,3910,8909
-211,3910,8909
-211,3910,8909
-211,3910,8909
-211,3910,8909
-211,3910,8909
-211,3908,8855
-281,3908,8855
-281,3908,8855
-281,3908,8855
-281,3908,8855
-281,3908,8855
-281,3908,8855
-281,3908,8855
-281,3908,8855
-281,3908,8855
-254,3951,8827
-254,3951,8827
-254,3951,8827
-254,3951,8827
-254,3951,8827
-254,3951,8827
-254,3951,8827
-254,3951,8827
-254,3951,8827
-198,3927,8863
-198,3927,8863
-198,3927,8863
-198,3927,8863
-198,3927,8863
-198,3927,8863
-198,3927,8863
-198,3927,8863
-198,3927,8863
-226,3867,8868
-226,3867,8868
-226,3867,8868
-226,3867,8868
-226,3867,8868
-226,3867,8868
-226,3867,8868
-226,3867,8868
-226,3867,8868
-336,3774,8883
-336,3774,8883
-336,3774,8883
-336,3774,8883
-336,3774,8883
-336,3774,8883
-336,3774,8883
-336,3774,8883
-393,3655,8842
-393,3655,8842
-393,3655,8842
-393,3655,8842
-393,3655,8842
-393,3655,8842
-393,3655,8842
-393,3655,8842
-393,3655,8842
-393,3655,8842
-464,3520,8811
-464,3520,8811
-464,3520,8811
-464,3520,8811
-464,3520,8811
-464,3520,8811
-464,3520,8811
-464,3520,8811
-464,3520,8811
-464,3520,8811
-552,3454,8782
-552,3454,8782
-552,3454,8782
-552,3454,8782
-552,3454,8782
-552,3454,8782
-552,3454,8782
-552,3454,8782
-552,3454,8782
-640,3514,8701
-640,3514,8701
-640,3514,8701
-640,3514,8701
-640,3514,8701
-640,3514,8701
-640,3514,8701
-640,3514,8701
-660,3554,8651
-660,3554,8651
-660,3554,8651
-660,3554,8651
-660,3554,8651
-660,3554,8651
-660,3554,8651
-660,3554,8651
-660,3554,8651
-724,3516,8649
-724,3516,8649
-724,3516,8649
-724,3516,8649
-724,3516,8649
-724,3516,8649
-724,3516,8649
-724,3516,8649
-724,3516,8649
-803,3436,8641
-803,3436,8641
-803,3436,8641
-803,3436,8641
-803,3436,8641
-803,3436,8641
-803,3436,8641
-803,3436,8641
-803,3436,8641
-795,3372,8629
-795,3372,8629
-795,3372,8629
-795,3372,8629
-795,3372,8629
-795,3372,8629
-795,3372,8629
-795,3372,8629
-795,3372,8629
-769,3276,8675
-769,3276,8675
-769,3276,8675
-769,3276,8675
-769,3276,8675
-769,3276,8675
-769,3276,8675
-769,3276,8675
-769,3276,8675
-734,3292,8700
-734,3292,8700
-734,3292,8700
-734,3292,8700
-734,3292,8700
-734,3292,8700
-734,3292,8700
-734,3292,8700
-734,3292,8700
-797,3289,8623
-797,3289,8623
-797,3289,8623
-797,3289,8623
-797,3289,8623
-797,3289,8623
-797,3289,8623
-797,3289,8623
-797,3289,8623
-842,3255,8614
-842,3255,8614
-842,3255,8614
-842,3255,8614
-842,3255,8614
-842,3255,8614
-842,3255,8614
-842,3255,8614
-842,3255,8614
-860,3181,8572
-860,3181,8572
-860,3181,8572
-860,3181,8572
-860,3181,8572
-860,3181,8572
-860,3181,8572
-860,3181,8572
-860,3181,8572
-860,3181,8572
-902,3141,8549
-902,3141,8549
-902,3141,8549
-902,3141,8549
-902,3141,8549
-902,3141,8549
-902,3141,8549
-902,3141,8549
-902,3141,8549
-938,3177,8557
-938,3177,8557
-938,3177,8557
-938,3177,8557
-938,3177,8557
-938,3177,8557
-938,3177,8557
-938,3177,8557
-973,3189,8470
-973,3189,8470
-973,3189,8470
-973,3189,8470
-973,3189,8470
-973,3189,8470
-973,3189,8470
-973,3189,8470
-973,3189,8470
-967,3144,8516
-967,3144,8516
-967,3144,8516
-967,3144,8516
-967,3144,8516
-967,3144,8516
-967,3144,8516
-967,3144,8516
-967,3144,8516
-948,3143,8499
-948,3143,8499
-948,3143,8499
-948,3143,8499
-948,3143,8499
-948,3143,8499
-948,3143,8499
-948,3143,8499
-948,3143,8499
-1044,3129,8430
-1044,3129,8430
-1044,3129,8430
-1044,3129,8430
-1044,3129,8430
-1044,3129,8430
-1051,3079,8417
-1051,3079,8417
-1051,3079,8417
-1051,3079,8417
-1051,3079,8417
-1051,3079,8417
-1051,3079,8417
-1051,3079,8417
-1117,2971,8378
-1117,2971,8378
-1117,2971,8378
-1117,2971,8378
-1117,2971,8378
-1117,2971,8378
-1117,2971,8378
-1117,2971,8378
-1117,2971,8378
-1117,2971,8378
-1097,2847,8341
-1097,2847,8341
-1097,2847,8341
-1097,2847,8341
-1097,2847,8341
-1097,2847,8341
-1097,2847,8341
-1097,2847,8341
-1097,2847,8341
-1091,2726,8317
-1091,2726,8317
-1091,2726,8317
-1091,2726,8317
-1091,2726,8317
-1091,2726,8317
-1091,2726,8317
-1091,2726,8317
-1091,2726,8317
-1067,2604,8362
-1067,2604,8362
-1067,2604,8362
-1067,2604,8362
-1067,2604,8362
-1067,2604,8362
-1067,2604,8362
-1067,2604,8362
-1067,2604,8362
-1062,2506,8356
-1062,2506,8356
-1062,2506,8356
-1062,2506,8356
-1062,2506,8356
-1062,2506,8356
-1062,2506,8356
-1062,2506,8356
-1012,2403,8349
-1012,2403,8349
-1012,2403,8349
-1012,2403,8349
-1012,2403,8349
-1012,2403,8349
-1012,2403,8349
-1012,2403,8349
-1012,2403,8349
-993,2237,8403
-993,2237,8403
-993,2237,8403
-993,2237,8403
-993,2237,8403
-993,2237,8403
-993,2237,8403
-993,2237,8403
-993,2237,8403
-905,2144,8424
-905,2144,8424
-905,2144,8424
-905,2144,8424
-905,2144,8424
-905,2144,8424
-905,2144,8424
-905,2144,8424
-905,2144,8424
-836,1959,8383
-836,1959,8383
-836,1959,8383
-836,1959,8383
-836,1959,8383
-836,1959,8383
-836,1959,8383
-836,1959,8383
-836,1959,8383
-764,1879,8458
-764,1879,8458
-764,1879,8458
-764,1879,8458
-764,1879,8458
-764,1879,8458
-764,1879,8458
-764,1879,8458
-764,1879,8458
-764,1879,8458
-636,1847,8566
-636,1847,8566
-636,1847,8566
-636,1847,8566
-636,1847,8566
-636,1847,8566
-636,1847,8566
-636,1847,8566
-636,1847,8566
-623,1830,8584
-623,1830,8584
-623,1830,8584
-623,1830,8584
-623,1830,8584
-623,1830,8584
-623,1830,8584
-623,1830,8584
-623,1830,8584
-627,1862,8641
-627,1862,8641
-627,1862,8641
-627,1862,8641
-627,1862,8641
-627,1862,8641
-627,1862,8641
-627,1862,8641
-627,1862,8641
-611,1911,8548
-611,1911,8548
-611,1911,8548
-611,1911,8548
-611,1911,8548
-611,1911,8548
-611,1911,8548
-611,1911,8548
-611,1911,8548
-630,1839,8505
-630,1839,8505
-630,1839,8505
-630,1839,8505
-630,1839,8505
-630,1839,8505
-630,1839,8505
-630,1839,8505
-591,1664,8538
-591,1664,8538
-591,1664,8538
-591,1664,8538
-591,1664,8538
-591,1664,8538
-591,1664,8538
-591,1664,8538
-591,1664,8538
-472,1584,8579
-472,1584,8579
-472,1584,8579
-472,1584,8579
-472,1584,8579
-472,1584,8579
-472,1584,8579
-472,1584,8579
-472,1584,8579
-358,1579,8657
-358,1579,8657
-358,1579,8657
-358,1579,8657
-358,1579,8657
-358,1579,8657
-358,1579,8657
-358,1579,8657
-358,1579,8657
-231,1567,8721
-231,1567,8721
-231,1567,8721
-231,1567,8721
-231,1567,8721
-231,1567,8721
-231,1567,8721
-231,1567,8721
-231,1567,8721
-231,1567,8721
-133,1560,8849
-133,1560,8849
-133,1560,8849
-133,1560,8849
-133,1560,8849
-133,1560,8849
-133,1560,8849
-133,1560,8849
-133,1560,8849
-20,1521,8852
-20,1521,8852
-20,1521,8852
-20,1521,8852
-20,1521,8852
-20,1521,8852
-20,1521,8852
-20,1521,8852
75,1519,8898
75,1519,8898
75,1519,8898
75,1519,8898
75,1519,8898
75,1519,8898
75,1519,8898
75,1519,8898
75,1519,8898
75,1519,8898
133,1465,8857
133,1465,8857
133,1465,8857
133,1465,8857
133,1465,8857
133,1465,8857
133,1465,8857
133,1465,8857
133,1465,8857
133,1465,8857
161,1499,8909
161,1499,8909
161,1499,8909
161,1499,8909
161,1499,8909
161,1499,8909
161,1499,8909
161,1499,8909
161,1499,8909
155,1491,8927
155,1491,8927
155,1491,8927
155,1491,8927
155,1491,8927
155,1491,8927
155,1491,8927
155,1491,8927
204,1506,8963
204,1506,8963
204,1506,8963
204,1506,8963
204,1506,8963
204,1506,8963
204,1506,8963
204,1506,8963
204,1506,8963
280,1535,8988
280,1535,8988
280,1535,8988
280,1535,8988
280,1535,8988
280,1535,8988
280,1535,8988
280,1535,8988
280,1535,8988
421,1519,9054
421,1519,9054
421,1519,9054
421,1519,9054
421,1519,9054
484,1558,9100
484,1558,9100
484,1558,9100
484,1558,9100
484,1558,9100
484,1558,9100
484,1558,9100
484,1558,9100
543,1640,9108
543,1640,9108
543,1640,9108
543,1640,9108
543,1640,9108
543,1640,9108
543,1640,9108
543,1640,9108
543,1640,9108
653,1659,9172
653,1659,9172
653,1659,9172
653,1659,9172
653,1659,9172
653,1659,9172
653,1659,9172
653,1659,9172
653,1659,9172
968,1619,9309
968,1619,9309
968,1619,9309
968,1619,9309
968,1619,9309
968,1619,9309
968,1619,9309
968,1619,9309
968,1619,9309
1425,1624,9352
1425,1624,9352
1425,1624,9352
1425,1624,9352
1425,1624,9352
1425,1624,9352
1425,1624,9352
1425,1624,9352
1425,1624,9352
1993,1628,9319
1993,1628,9319
1993,1628,9319
1993,1628,9319
1993,1628,9319
1993,1628,9319
1993,1628,9319
1993,1628,9319
1993,1628,9319
2284,1628,9303
2284,1628,9303
2284,1628,9303
2284,1628,9303
2284,1628,9303
2284,1628,9303
2284,1628,9303
2284,1628,9303
2284,1628,9303
2440,1644,9249
2440,1644,9249
2440,1644,9249
2440,1644,9249
2440,1644,9249
2440,1644,9249
2440,1644,9249
2440,1644,9249
2440,1644,9249
2591,1682,9213
2591,1682,9213
2591,1682,9213
2591,1682,9213
2591,1682,9213
2591,1682,9213
2591,1682,9213
2591,1682,9213
2591,1682,9213
2753,1643,9232
2753,1643,9232
2753,1643,9232
2753,1643,9232
2753,1643,9232
2753,1643,9232
2753,1643,9232
2753,1643,9232
2753,1643,9232
2975,1621,9074
2975,1621,9074
2975,1621,9074
2975,1621,9074
2975,1621,9074
2975,1621,9074
2975,1621,9074
2975,1621,9074
2975,1621,9074
3060,1636,9067
3060,1636,9067
3060,1636,9067
3060,1636,9067
3060,1636,9067
3060,1636,9067
3060,1636,9067
3060,1636,9067
3060,1636,9067
3120,1748,9084
3120,1748,9084
3120,1748,9084
3120,1748,9084
3120,1748,9084
3120,1748,9084
3120,1748,9084
3120,1748,9084
3120,1748,9084
3142,1925,9100
3142,1925,9100
3142,1925,9100
3142,1925,9100
3142,1925,9100
3142,1925,9100
3142,1925,9100
3142,1925,9100
3142,1925,9100
3142,1925,9100
3168,1990,9170
3168,1990,9170
3168,1990,9170
3168,1990,9170
3168,1990,9170
3168,1990,9170
3168,1990,9170
3168,1990,9170
3168,1990,9170
3176,1894,9140
3176,1894,9140
3176,1894,9140
3176,1894,9140
3176,1894,9140
3176,1894,9140
3176,1894,9140
3176,1894,9140
3176,1894,9140
3169,1784,9104
3169,1784,9104
3169,1784,9104
3169,1784,9104
3169,1784,9104
3169,1784,9104
3169,1784,9104
3169,1784,9104
3104,1693,9099
3104,1693,9099
3104,1693,9099
3104,1693,9099
3104,1693,9099
3104,1693,9099
3104,1693,9099
3104,1693,9099
3104,1693,9099
3104,1693,9099
3037,1706,9152
3037,1706,9152
3037,1706,9152
3037,1706,9152
3037,1706,9152
3037,1706,9152
3037,1706,9152
3037,1706,9152
3037,1706,9152
2900,1721,9217
2900,1721,9217
2900,1721,9217
2900,1721,9217
2900,1721,9217
2900,1721,9217
2900,1721,9217
2900,1721,9217
2900,1721,9217
2781,1737,9159
2781,1737,9159
2781,1737,9159
2781,1737,9159
2781,1737,9159
2781,1737,9159
2781,1737,9159
2781,1737,9159
2781,1737,9159
2749,1735,9197
2749,1735,9197
2749,1735,9197
2749,1735,9197
2749,1735,9197
2749,1735,9197
2749,1735,9197
2749,1735,9197
2749,1735,9197
2909,1724,9166
2909,1724,9166
2909,1724,9166
2909,1724,9166
2909,1724,9166
2909,1724,9166
2909,1724,9166
2909,1724,9166
2909,1724,9166
3059,1763,9149
3059,1763,9149
3059,1763,9149
3059,1763,9149
3059,1763,9149
3059,1763,9149
3059,1763,9149
3059,1763,9149
3059,1763,9149
3228,1852,9087
3228,1852,9087
3228,1852,9087
3228,1852,9087
3228,1852,9087
3228,1852,9087
3228,1852,9087
3228,1852,9087
3228,1852,9087
3095,1763,9085
3095,1763,9085
3095,1763,9085
3095,1763,9085
3095,1763,9085
3095,1763,9085
3095,1763,9085
3095,1763,9085
3095,1763,9085
3010,1642,9101
3010,1642,9101
3010,1642,9101
3010,1642,9101
3010,1642,9101
3010,1642,9101
3010,1642,9101
3010,1642,9101
3010,1642,9101
2936,1584,9107
2936,1584,9107
2936,1584,9107
2936,1584,9107
2936,1584,9107
2936,1584,9107
2936,1584,9107
2936,1584,9107
2852,1647,9172
2852,1647,9172
2852,1647,9172
2852,1647,9172
2852,1647,9172
2852,1647,9172
2852,1647,9172
2852,1647,9172
2864,1750,9157
2864,1750,9157
2864,1750,9157
2864,1750,9157
2864,1750,9157
2864,1750,9157
2961,1761,9166
2961,1761,9166
2961,1761,9166
2961,1761,9166
2961,1761,9166
2961,1761,9166
2961,1761,9166
2961,1761,9166
2961,1761,9166
2961,1761,9166
2967,1768,9170
2967,1768,9170
2967,1768,9170
2967,1768,9170
2967,1768,9170
2967,1768,9170
2967,1768,9170
2967,1768,9170
2967,1768,9170
3118,1872,9139
3118,1872,9139
3118,1872,9139
3118,1872,9139
3118,1872,9139
3118,1872,9139
3118,1872,9139
3118,1872,9139
3118,1872,9139
3219,1947,9157
3219,1947,9157
3219,1947,9157
3219,1947,9157
3219,1947,9157
3219,1947,9157
3219,1947,9157
3219,1947,9157
3219,1947,9157
3332,2066,9124
3332,2066,9124
3332,2066,9124
3332,2066,9124
3332,2066,9124
3332,2066,9124
3332,2066,9124
3332,2066,9124
3332,2066,9124
3421,2263,9129
3421,2263,9129
3421,2263,9129
3421,2263,9129
3421,2263,9129
3421,2263,9129
3421,2263,9129
3421,2263,9129
3540,2515,9117
3540,2515,9117
3540,2515,9117
3540,2515,9117
3540,2515,9117
3540,2515,9117
3540,2515,9117
3540,2515,9117
3540,2515,9117
3540,2515,9117
3504,2628,9122
3504,2628,9122
3504,2628,9122
3504,2628,9122
3504,2628,9122
3504,2628,9122
3504,2628,9122
3504,2628,9122
3504,2628,9122
3520,2582,9086
3520,2582,9086
3520,2582,9086
3520,2582,9086
3520,2582,9086
3520,2582,9086
3520,2582,9086
3520,2582,9086
3520,2582,9086
3643,2794,9064
3643,2794,9064
3643,2794,9064
3643,2794,9064
3643,2794,9064
3643,2794,9064
3643,2794,9064
3643,2794,9064
3643,2794,9064
3698,3006,9029
3698,3006,9029
3698,3006,9029
3698,3006,9029
3698,3006,9029
3698,3006,9029
3698,3006,9029
3698,3006,9029
3698,3006,9029
3721,3136,9006
3721,3136,9006
3721,3136,9006
3721,3136,9006
3721,3136,9006
3721,3136,9006
3721,3136,9006
3721,3136,9006
3721,3136,9006
3609,3202,9067
3609,3202,9067
3609,3202,9067
3609,3202,9067
3609,3202,9067
3609,3202,9067
3609,3202,9067
3609,3202,9067
3609,3202,9067
3537,3222,9103
3537,3222,9103
3537,3222,9103
3537,3222,9103
3537,3222,9103
3537,3222,9103
3537,3222,9103
3537,3222,9103
3537,3222,9103
3383,3276,9147
3383,3276,9147
3383,3276,9147
3383,3276,9147
3383,3276,9147
3383,3276,9147
3383,3276,9147
3383,3276,9147
3383,3276,9147
3333,3287,9159
3333,3287,9159
3333,3287,9159
3333,3287,9159
3333,3287,9159
3333,3287,9159
3333,3287,9159
3333,3287,9159
3333,3287,9159
3424,3390,9116
3424,3390,9116
3424,3390,9116
3424,3390,9116
3424,3390,9116
3424,3390,9116
3424,3390,9116
3424,3390,9116
3424,3390,9116
3424,3530,9101
3442,3530,9101
3442,3530,9101
3442,3530,9101
3442,3530,9101
3442,3530,9101
3442,3530,9101
3442,3530,9101
3429,3684,9086
3429,3684,9086
3429,3684,9086
3429,3684,9086
3429,3684,9086
3429,3684,9086
3429,3684,9086
3429,3684,9086
3429,3684,9086
3429,3684,9086
3331,3809,9069
3331,3809,9069
3331,3809,9069
3331,3809,9069
3331,3809,9069
3331,3809,9069
3331,3809,9069
3331,3809,9069
3331,3809,9069
3331,3809,9069
3161,3818,9181
3161,3818,9181
3161,3818,9181
3161,3818,9181
3161,3818,9181
3161,3818,9181
3161,3818,9181
3161,3818,9181
3161,3818,9181
3000,3809,9224
3000,3809,9224
3000,3809,9224
3000,3809,9224
3000,3809,9224
3000,3809,9224
3000,3809,9224
3000,3809,9224
3000,3809,9224
2883,3894,9232
2883,3894,9232
2883,3894,9232
2883,3894,9232
2883,3894,9232
2883,3894,9232
2883,3894,9232
2883,3894,9232
2883,3894,9232
2712,3919,9285
2712,3919,9285
2712,3919,9285
2712,3919,9285
2712,3919,9285
2712,3919,9285
2712,3919,9285
2712,3919,9285
2712,3919,9285
2643,4008,9301
2643,4008,9301
2643,4008,9301
2643,4008,9301
2643,4008,9301
2643,4008,9301
2643,4008,9301
2643,4008,9301
2643,4008,9301
2537,3972,9322
2537,3972,9322
2537,3972,9322
2537,3972,9322
2537,3972,9322
2537,3972,9322
2537,3972,9322
2537,3972,9322
2537,3972,9322
2519,3901,9319
2519,3901,9319
2519,3901,9319
2519,3901,9319
2519,3901,9319
2519,3901,9319
2519,3901,9319
2519,3901,9319
2519,3901,9319
2458,3947,9288
2458,3947,9288
2458,3947,9288
2458,3947,9288
2458,3947,9288
2343,4006,9351
2343,4006,9351
2343,4006,9351
2343,4006,9351
2343,4006,9351
2343,4006,9351
2343,4006,9351
2343,4006,9351
2141,4002,9364
2141,4002,9364
2141,4002,9364
2141,4002,9364
2141,4002,9364
2141,4002,9364
2141,4002,9364
2141,4002,9364
2141,4002,9364
2119,3937,9381
2119,3937,9381
2119,3937,9381
2119,3937,9381
2119,3937,9381
2119,3937,9381
2119,3937,9381
2119,3937,9381
2119,3937,9381
2076,3867,9437
2076,3867,9437
2076,3867,9437
2076,3867,9437
2076,3867,9437
2076,3867,9437
2076,3867,9437
2076,3867,9437
2076,3867,9437
1952,3867,9373
1952,3867,9373
1952,3867,9373
1952,3867,9373
1952,3867,9373
1952,3867,9373
1952,3867,9373
1952,3867,9373
1952,3867,9373
1898,3843,9389
1898,3843,9389
1898,3843,9389
1898,3843,9389
1898,3843,9389
1898,3843,9389
1898,3843,9389
1898,3843,9389
1898,3843,9389
1837,3840,9369
1837,3840,9369
1837,3840,9369
1837,3840,9369
1837,3840,9369
1837,3840,9369
1837,3840,9369
1837,3840,9369
1837,3840,9369
1931,3873,9404
1931,3873,9404
1931,3873,9404
1931,3873,9404
1931,3873,9404
1931,3873,9404
1931,3873,9404
1931,3873,9404
1931,3873,9404
1929,3859,9454
1929,3859,9454
1929,3859,9454
1929,3859,9454
1929,3859,9454
1929,3859,9454
1929,3859,9454
1929,3859,9454
1929,3859,9454
1953,3758,9451
1953,3758,9451
1953,3758,9451
1953,3758,9451
1953,3758,9451
1953,3758,9451
1953,3758,9451
1953,3758,9451
1953,3758,9451
1923,3666,9490
1923,3666,9490
1923,3666,9490
1923,3666,9490
1923,3666,9490
1923,3666,9490
1923,3666,9490
1923,3666,9490
1923,3666,9490
1883,3607,9485
1883,3607,9485
1883,3607,9485
1883,3607,9485
1883,3607,9485
1883,3607,9485
1883,3607,9485
1883,3607,9485
1883,3607,9485
1890,3554,9488
1890,3554,9488
1890,3554,9488
1890,3554,9488
1890,3554,9488
1890,3554,9488
1890,3554,9488
1890,3554,9488
1890,3554,9488
1925,3483,9535
1925,3483,9535
1925,3483,9535
1925,3483,9535
1925,3483,9535
1925,3483,9535
1925,3483,9535
1925,3483,9535
1925,3483,9535
2007,3364,9555
2007,3364,9555
2007,3364,9555
2007,3364,9555
2007,3364,9555
2007,3364,9555
2007,3364,9555
2007,3364,9555
2007,3364,9555
1945,3256,9551
1945,3256,9551
1945,3256,9551
1945,3256,9551
1945,3256,9551
1945,3256,9551
1945,3256,9551
1945,3256,9551
1945,3256,9551
1790,3180,9522
1790,3180,9522
1790,3180,9522
1790,3180,9522
1790,3180,9522
1790,3180,9522
1790,3180,9522
1790,3180,9522
1790,3180,9522
1790,3180,9586
1696,3118,9586
1696,3118,9586
1696,3118,9586
1696,3118,9586
1696,3118,9586
1696,3118,9586
1696,3118,9586
1696,3118,9586
1696,3118,9586
1692,3063,9579
1692,3063,9579
1692,3063,9579
1692,3063,9579
1692,3063,9579
1692,3063,9579
1692,3063,9579
1692,3063,9579
1692,3063,9579
1758,3088,9569
1758,3088,9569
1758,3088,9569
1758,3088,9569
1758,3088,9569
1758,3088,9569
1758,3088,9569
1758,3088,9569
1594,3047,9563
1594,3047,9563
1594,3047,9563
1594,3047,9563
1594,3047,9563
1594,3047,9563
1594,3047,9563
1594,3047,9563
1594,3047,9563
1594,3047,9563
1794,2986,9557
1794,2986,9557
1794,2986,9557
1794,2986,9557
1794,2986,9557
1794,2986,9557
1794,2986,9557
1794,2986,9557
1794,2986,9557
1814,2889,9565
1814,2889,9565
1814,2889,9565
1814,2889,9565
1814,2889,9565
1814,2889,9565
1814,2889,9565
1814,2889,9565
1814,2889,9565
2128,2813,9511
2128,2813,9511
2128,2813,9511
2128,2813,9511
2128,2813,9511
2128,2813,9511
2128,2813,9511
2128,2813,9511
2128,2813,9511
2255,2692,9554
2255,2692,9554
2255,2692,9554
2255,2692,9554
2255,2692,9554
2255,2692,9554
2255,2692,9554
2255,2692,9554
2255,2692,9554
2047,2582,9578
2047,2582,9578
2047,2582,9578
2047,2582,9578
2047,2582,9578
2047,2582,9578
2047,2582,9578
2047,2582,9578
2047,2582,9578
1991,2486,9550
1991,2486,9550
1991,2486,9550
1991,2486,9550
1991,2486,9550
1991,2486,9550
1991,2486,9550
1991,2486,9550
1991,2486,9550
2087,2324,9468
2087,2324,9468
2087,2324,9468
2087,2324,9468
2087,2324,9468
2087,2324,9468
2087,2324,9468
2087,2324,9468
2087,2324,9468
2211,2216,9488
2211,2216,9488
2211,2216,9488
2211,2216,9488
2241,2153,9432
2241,2153,9432
2241,2153,9432
2241,2153,9432
2241,2153,9432
2241,2153,9432
2241,2153,9432
2241,2153,9432
2241,2153,9432
2340,2049,9372
2340,2049,9372
2340,2049,9372
2340,2049,9372
2340,2049,9372
2340,2049,9372
2340,2049,9372
2340,2049,9372
2340,2049,9372
2467,1934,9404
2467,1934,9404
2467,1934,9404
2467,1934,9404
2467,1934,9404
2467,1934,9404
2467,1934,9404
2467,1934,9404
2467,1934,9404
2467,1934,9404
2426,1879,9391
2426,1879,9391
2426,1879,9391
2426,1879,9391
2426,1879,9391
2426,1879,9391
2426,1879,9391
2426,1879,9391
2426,1879,9391
2612,1799,9307
2612,1799,9307
2612,1799,9307
2612,1799,9307
2612,1799,9307
2612,1799,9307
2612,1799,9307
2612,1799,9307
2612,1799,9307
2674,1763,9269
2674,1763,9269
2674,1763,9269
2674,1763,9269
2674,1763,9269
2674,1763,9269
2674,1763,9269
2674,1763,9269
2674,1763,9269
2713,1739,9281
2713,1739,9281
2713,1739,9281
2713,1739,9281
2713,1739,9281
2713,1739,9281
2713,1739,9281
2713,1739,9281
2713,1739,9281
2789,1667,9198
2789,1667,9198
2789,1667,9198
2789,1667,9198
2789,1667,9198
2789,1667,9198
2789,1667,9198
2789,1667,9198
2789,1667,9198
2782,1647,9171
2782,1647,9171
2782,1647,9171
2782,1647,9171
2782,1647,9171
2782,1647,9171
2782,1647,9171
2782,1647,9171
2782,1647,9171
2948,1533,9129
2948,1533,9129
2948,1533,9129
2948,1533,9129
2948,1533,9129
2948,1533,9129
2948,1533,9129
2948,1533,9129
2948,1533,9129
2871,1518,9077
2871,1518,9077
2871,1518,9077
2871,1518,9077
2871,1518,9077
2871,1518,9077
2871,1518,9077
2871,1518,9077
2871,1518,9077
2826,1522,9120
2826,1522,9120
2826,1522,9120
2826,1522,9120
2826,1522,9120
2826,1522,9120
2826,1522,9120
2826,1522,9120
2826,1522,9120
2852,1615,9211
2852,1615,9211
2852,1615,9211
2852,1615,9211
2852,1615,9211
2852,1615,9211
2852,1615,9211
2852,1615,9211
2852,1615,9211
2947,1773,9175
2947,1773,9175
2947,1773,9175
2947,1773,9175
2947,1773,9175
2947,1773,9175
2947,1773,9175
2947,1773,9175
2947,1773,9175
2949,1824,9212
2949,1824,9212
2949,1824,9212
2949,1824,9212
2949,1824,9212
2949,1824,9212
2949,1824,9212
2949,1824,9212
2949,1824,9212
2958,1678,9156
2958,1678,9156
2958,1678,9156
2958,1678,9156
2958,1678,9156
2958,1678,9156
2958,1678,9156
2958,1678,9156
2958,1678,9156
2874,1508,9096
2874,1508,9096
2874,1508,9096
2874,1508,9096
2874,1508,9096
2874,1508,9096
2874,1508,9096
2874,1508,9096
2874,1508,9096
2836,1477,9084
2836,1477,9084
2836,1477,9084
2836,1477,9084
2836,1477,9084
2836,1477,9084
2836,1477,9084
2836,1477,9084
2836,1477,9084
2909,1505,9069
2909,1505,9069
2909,1505,9069
2909,1505,9069
2909,1505,9069
2909,1505,9069
2909,1505,9069
2909,1505,9069
2909,1505,9069
2989,1608,9069
2989,1608,9069
2989,1608,9069
2989,1608,9069
2989,1608,9069
2989,1608,9069
2989,1608,9069
2989,1608,9069
2989,1608,9069
2989,1608,9124
3077,1707,9124
3077,1707,9124
3077,1707,9124
3077,1707,9124
3077,1707,9124
3077,1707,9124
3077,1707,9124
3077,1707,9124
3077,1707,9124
3090,1729,9088
3090,1729,9088
3090,1729,9088
3090,1729,9088
3090,1729,9088
3090,1729,9088
3090,1729,9088
3090,1729,9088
3136,1677,9078
3136,1677,9078
3136,1677,9078
3136,1677,9078
3136,1677,9078
3136,1677,9078
3136,1677,9078
3136,1677,9078
3136,1677,9078
3075,1612,9073
3075,1612,9073
3075,1612,9073
3075,1612,9073
3075,1612,9073
3075,1612,9073
3075,1612,9073
3075,1612,9073
3075,1612,9073
3075,1612,9073
3062,1572,9055
3062,1572,9055
3062,1572,9055
3062,1572,9055
3062,1572,9055
3062,1572,9055
3062,1572,9055
3062,1572,9055
3062,1572,9055
2935,1566,9150
2935,1566,9150
2935,1566,9150
2935,1566,9150
2935,1566,9150
2935,1566,9150
2935,1566,9150
2935,1566,9150
2935,1566,9150
2648,1538,9143
2648,1538,9143
2648,1538,9143
2648,1538,9143
2648,1538,9143
2648,1538,9143
2648,1538,9143
2648,1538,9143
2648,1538,9143
2406,1524,9191
2406,1524,9191
2406,1524,9191
2406,1524,9191
2406,1524,9191
2406,1524,9191
2406,1524,9191
2406,1524,9191
2406,1524,9191
2271,1559,9228
2271,1559,9228
2271,1559,9228
2271,1559,9228
2449,1661,9267
2449,1661,9267
2449,1661,9267
2449,1661,9267
2449,1661,9267
2449,1661,9267
2449,1661,9267
2449,1661,9267
2449,1661,9267
2677,1798,9238
2677,1798,9238
2677,1798,9238
2677,1798,9238
2677,1798,9238
2677,1798,9238
2677,1798,9238
2677,1798,9238
2677,1798,9238
2839,1865,9262
2839,1865,9262
2839,1865,9262
2839,1865,9262
2839,1865,9262
2839,1865,9262
2839,1865,9262
2839,1865,9262
2839,1865,9262
2858,1758,9139
2858,1758,9139
2858,1758,9139
2858,1758,9139
2858,1758,9139
2858,1758,9139
2858,1758,9139
2858,1758,9139
2858,1758,9139
2810,1657,9135
2810,1657,9135
2810,1657,9135
2810,1657,9135
2810,1657,9135
2810,1657,9135
2810,1657,9135
2810,1657,9135
2810,1657,9135
2694,1638,9234
2694,1638,9234
2694,1638,9234
2694,1638,9234
2694,1638,9234
2694,1638,9234
2694,1638,9234
2694,1638,9234
2694,1638,9234
2605,1648,9249
2605,1648,9249
2605,1648,9249
2605,1648,9249
2605,1648,9249
2605,1648,9249
2605,1648,9249
2605,1648,9249
2605,1648,9249
2618,1607,9213
2618,1607,9213
2618,1607,9213
2618,1607,9213
2618,1607,9213
2618,1607,9213
2618,1607,9213
2618,1607,9213
2618,1607,9213
2689,1560,9177
2689,1560,9177
2689,1560,9177
2689,1560,9177
2689,1560,9177
2689,1560,9177
2689,1560,9177
2689,1560,9177
2689,1560,9177
2685,1488,9156
2685,1488,9156
2685,1488,9156
2685,1488,9156
2685,1488,9156
2685,1488,9156
2685,1488,9156
2685,1488,9156
2685,1488,9156
2685,1488,9214
2581,1436,9214
2581,1436,9214
2581,1436,9214
2581,1436,9214
2581,1436,9214
2581,1436,9214
2581,1436,9214
2581,1436,9214
2581,1436,9214
2441,1414,9217
2441,1414,9217
2441,1414,9217
2441,1414,9217
2441,1414,9217
2441,1414,9217
2441,1414,9217
2441,1414,9217
2441,1414,9217
2314,1470,9244
2314,1470,9244
2314,1470,9244
2314,1470,9244
2314,1470,9244
2314,1470,9244
2314,1470,9244
2314,1470,9244
2259,1533,9314
2259,1533,9314
2259,1533,9314
2259,1533,9314
2259,1533,9314
2259,1533,9314
2259,1533,9314
2259,1533,9314
2259,1533,9314
2281,1642,9335
2281,1642,9335
2281,1642,9335
2281,1642,9335
2281,1642,9335
2281,1642,9335
2281,1642,9335
2281,1642,9335
2281,1642,9335
2281,1642,9335
2267,1666,9346
2267,1666,9346
2267,1666,9346
2267,1666,9346
2267,1666,9346
2267,1666,9346
2267,1666,9346
2267,1666,9346
2267,1666,9346
2218,1657,9348
2218,1657,9348
2218,1657,9348
2218,1657,9348
2218,1657,9348
2218,1657,9348
2218,1657,9348
2218,1657,9348
2218,1657,9348
1886,1739,9438
1886,1739,9438
1886,1739,9438
1886,1739,9438
1886,1739,9438
1886,1739,9438
1886,1739,9438
1886,1739,9438
1886,1739,9438
1809,1836,9470
1809,1836,9470
1809,1836,9470
1809,1836,9470
1809,1836,9470
1809,1836,9470
1809,1836,9470
1809,1836,9470
1809,1836,9470
1879,1943,9504
1879,1943,9504
1879,1943,9504
1879,1943,9504
1879,1943,9504
1879,1943,9504
1879,1943,9504
1879,1943,9504
1879,1943,9504
1989,2058,9494
1989,2058,9494
1989,2058,9494
1989,2058,9494
1989,2058,9494
1989,2058,9494
1989,2058,9494
1989,2058,9494
1989,2058,9494
1914,2258,9505
1914,2258,9505
1914,2258,9505
1914,2258,9505
1914,2258,9505
1914,2258,9505
1914,2258,9505
1914,2258,9505
1914,2258,9505
1784,2568,9545
1784,2568,9545
1784,2568,9545
1784,2568,9545
1784,2568,9545
1784,2568,9545
1784,2568,9545
1784,2568,9545
1791,2811,9534
1791,2811,9534
1791,2811,9534
1791,2811,9534
1791,2811,9534
1791,2811,9534
1791,2811,9534
1791,2811,9534
1791,2811,9534
1908,2992,9555
1908,2992,9555
1908,2992,9555
1908,2992,9555
1908,2992,9555
1908,2992,9555
1908,2992,9555
1908,2992,9555
1908,2992,9555
1945,3007,9543
1945,3007,9543
1945,3007,9543
1945,3007,9543
1945,3007,9543
1945,3007,9543
1945,3007,9543
1945,3007,9543
1945,3007,9543
1945,3007,9543
2192,3005,9494
2192,3005,9494
2192,3005,9494
2192,3005,9494
2192,3005,9494
2192,3005,9494
2192,3005,9494
2192,3005,9494
2192,3005,9494
2364,3040,9526
2364,3040,9526
2364,3040,9526
2364,3040,9526
2364,3040,9526
2364,3040,9526
2364,3040,9526
2364,3040,9526
2364,3040,9526
2423,3097,9478
2423,3097,9478
2423,3097,9478
2423,3097,9478
2468,3207,9458
2468,3207,9458
2468,3207,9458
2468,3207,9458
2468,3207,9458
2468,3207,9458
2468,3207,9458
2468,3207,9458
2468,3207,9458
2525,3339,9420
2525,3339,9420
2525,3339,9420
2525,3339,9420
2525,3339,9420
2525,3339,9420
2525,3339,9420
2525,3339,9420
2525,3339,9420
2525,3339,9420
2430,3438,9438
2430,3438,9438
2430,3438,9438
2430,3438,9438
2430,3438,9438
2430,3438,9438
2430,3438,9438
2430,3438,9438
2355,3514,9443
2355,3514,9443
2355,3514,9443
2355,3514,9443
2355,3514,9443
2355,3514,9443
2355,3514,9443
2355,3514,9443
2355,3514,9443
2160,3606,9428
2160,3606,9428
2160,3606,9428
2160,3606,9428
2160,3606,9428
2160,3606,9428
2160,3606,9428
2160,3606,9428
2160,3606,9428
2160,3606,9428
1809,3644,9431
1809,3644,9431
1809,3644,9431
1809,3644,9431
1809,3644,9431
1809,3644,9431
1809,3644,9431
1809,3644,9431
1809,3644,9431
1564,3656,9513
1564,3656,9513
1564,3656,9513
1564,3656,9513
1564,3656,9513
1564,3656,9513
1564,3656,9513
1564,3656,9513
1564,3656,9513
1548,3534,9480
1548,3534,9480
1548,3534,9480
1548,3534,9480
1548,3534,9480
1548,3534,9480
1548,3534,9480
1548,3534,9480
1548,3534,9480
1629,3398,9492
1629,3398,9492
1629,3398,9492
1629,3398,9492
1629,3398,9492
1629,3398,9492
1629,3398,9492
1629,3398,9492
1629,3398,9492
1633,3212,9565
1633,3212,9565
1633,3212,9565
1633,3212,9565
1633,3212,9565
1633,3212,9565
1633,3212,9565
1633,3212,9565
1633,3212,9565
1579,3103,9519
1579,3103,9519
1579,3103,9519
1579,3103,9519
1579,3103,9519
1579,3103,9519
1579,3103,9519
1579,3103,9519
1579,3103,9519
1437,2985,9528
1437,2985,9528
1437,2985,9528
1437,2985,9528
1437,2985,9528
1437,2985,9528
1437,2985,9528
1437,2985,9528
1437,2985,9528
1354,2973,9538
1354,2973,9538
1354,2973,9538
1354,2973,9538
1354,2973,9538
1354,2973,9538
1354,2973,9538
1354,2973,9538
1354,2973,9538
1491,3135,9525
1491,3135,9525
1491,3135,9525
1491,3135,9525
1491,3135,9525
1491,3135,9525
1491,3135,9525
1491,3135,9525
1491,3135,9525
1477,3382,9506
1477,3382,9506
1477,3382,9506
1477,3382,9506
1477,3382,9506
1477,3382,9506
1477,3382,9506
1477,3382,9506
1477,3382,9506
1424,3523,9500
1424,3523,9500
1424,3523,9500
1424,3523,9500
1424,3523,9500
1424,3523,9500
1424,3523,9500
1424,3523,9500
1424,3523,9500
1424,3523,9500
1437,3453,9483
1437,3453,9483
1437,3453,9483
1437,3453,9483
1437,3453,9483
1437,3453,9483
1437,3453,9483
1437,3453,9483
1437,3453,9483
1579,3384,9544
1579,3384,9544
1579,3384,9544
1579,3384,9544
1579,3384,9544
1579,3384,9544
1579,3384,9544
1579,3384,9544
1579,3384,9544
1760,3490,9496
1760,3490,9496
1760,3490,9496
1760,3490,9496
1760,3490,9496
1760,3490,9496
1760,3490,9496
1760,3490,9496
1760,3490,9496
1653,3687,9435
1653,3687,9435
1653,3687,9435
1653,3687,9435
1653,3687,9435
1653,3687,9435
1653,3687,9435
1653,3687,9435
1653,3687,9435
1830,3791,9396
1830,3791,9396
1830,3791,9396
1830,3791,9396
1830,3791,9396
1830,3791,9396
1830,3791,9396
1830,3791,9396
1830,3791,9396
1897,3741,9418
1897,3741,9418
1897,3741,9418
1897,3741,9418
1897,3741,9418
1897,3741,9418
1897,3741,9418
1897,3741,9418
1897,3741,9418
2021,3626,9463
2021,3626,9463
2021,3626,9463
2021,3626,9463
2021,3626,9463
2021,3626,9463
2021,3626,9463
2021,3626,9463
2021,3626,9463
2318,3582,9453
2318,3582,9453
2318,3582,9453
2318,3582,9453
2318,3582,9453
2318,3582,9453
2318,3582,9453
2318,3582,9453
2318,3582,9453
2488,3589,9419
2488,3589,9419
2488,3589,9419
2488,3589,9419
2488,3589,9419
2488,3589,9419
2488,3589,9419
2488,3589,9419
2488,3589,9419
2691,3578,9359
2691,3578,9359
2691,3578,9359
2691,3578,9359
2691,3578,9359
2691,3578,9359
2691,3578,9359
2691,3578,9359
2886,3513,9298
2886,3513,9298
2886,3513,9298
2886,3513,9298
2886,3513,9298
2886,3513,9298
2886,3513,9298
2886,3513,9298
2886,3513,9298
2886,3513,9298
2866,3398,9303
2866,3398,9303
2866,3398,9303
2866,3398,9303
2866,3398,9303
2866,3398,9303
2866,3398,9303
2866,3398,9303
3014,3321,9266
3014,3321,9266
3014,3321,9266
3014,3321,9266
3014,3321,9266
3014,3321,9266
3186,3241,9173
3186,3241,9173
3186,3241,9173
3186,3241,9173
3186,3241,9173
3186,3241,9173
3186,3241,9173
3186,3241,9173
3186,3241,9173
3180,3103,9216
3180,3103,9216
3180,3103,9216
3180,3103,9216
3180,3103,9216
3180,3103,9216
3180,3103,9216
3180,3103,9216
3180,3103,9216
3282,2919,9209
3282,2919,9209
3282,2919,9209
3282,2919,9209
3282,2919,9209
3282,2919,9209
3282,2919,9209
3282,2919,9209
3282,2919,9209
3380,2656,9143
3380,2656,9143
3380,2656,9143
3380,2656,9143
3380,2656,9143
3380,2656,9143
3380,2656,9143
3380,2656,9143
3380,2656,9143
3566,2462,9039
3566,2462,9039
3566,2462,9039
3566,2462,9039
3566,2462,9039
3566,2462,9039
3566,2462,9039
3566,2462,9039
3566,2321,8972
3586,2321,8972
3586,2321,8972
3586,2321,8972
3586,2321,8972
3586,2321,8972
3586,2321,8972
3586,2321,8972
3586,2321,8972
3601,2289,8997
3601,2289,8997
3601,2289,8997
3601,2289,8997
3601,2289,8997
3601,2289,8997
3601,2289,8997
3601,2289,8997
3601,2289,8997
3601,2289,8997
3527,2311,9021
3527,2311,9021
3527,2311,9021
3527,2311,9021
3527,2311,9021
3527,2311,9021
3527,2311,9021
3527,2311,9021
3527,2311,9021
3396,2171,9055
3396,2171,9055
3396,2171,9055
3396,2171,9055
3396,2171,9055
3396,2171,9055
3396,2171,9055
3396,2171,9055
3396,2171,9055
3315,1814,9055
3315,1814,9055
3315,1814,9055
3315,1814,9055
3315,1814,9055
3315,1814,9055
3315,1814,9055
3315,1814,9055
3315,1814,9055
3074,1521,9021
3074,1521,9021
3074,1521,9021
3074,1521,9021
3074,1521,9021
3074,1521,9021
3074,1521,9021
3074,1521,9021
3074,1521,9021
2729,1385,9044
2729,1385,9044
2729,1385,9044
2729,1385,9044
2729,1385,9044
2729,1385,9044
2729,1385,9044
2729,1385,9044
2729,1385,9044
2766,1519,9119
2766,1519,9119
2766,1519,9119
2766,1519,9119
2766,1519,9119
2766,1519,9119
2766,1519,9119
2766,1519,9119
2766,1519,9119
2842,1671,9152
2842,1671,9152
2842,1671,9152
2842,1671,9152
2842,1671,9152
2842,1671,9152
2842,1671,9152
2842,1671,9152
2842,1671,9152
2926,1780,9124
2926,1780,9124
2926,1780,9124
2926,1780,9124
2926,1780,9124
2926,1780,9124
2926,1780,9124
2926,1780,9124
2926,1780,9124
2925,1673,9170
2925,1673,9170
2925,1673,9170
2925,1673,9170
2925,1673,9170
2925,1673,9170
2925,1673,9170
2925,1673,9170
2925,1673,9170
2890,1592,9061
2890,1592,9061
2890,1592,9061
2890,1592,9061
2890,1592,9061
2890,1592,9061
2890,1592,9061
2890,1592,9061
3042,1468,9035
3042,1468,9035
3042,1468,9035
3042,1468,9035
3042,1468,9035
3042,1468,9035
3042,1468,9035
3042,1468,9035
3042,1468,9035
3042,1468,9035
3246,1630,9001
3246,1630,9001
3246,1630,9001
3246,1630,9001
3246,1630,9001
3246,1630,9001
3246,1630,9001
3246,1630,9001
3246,1630,9001
3246,1630,9001
3401,1704,8933
3401,1704,8933
3401,1704,8933
3401,1704,8933
3401,1704,8933
3401,1704,8933
3401,1704,8933
3401,1704,8933
3401,1704,8933
3446,1745,8913
3446,1745,8913
3446,1745,8913
3446,1745,8913
3446,1745,8913
3446,1745,8913
3446,1745,8913
3446,1745,8913
3446,1745,8913
3510,1757,8875
3510,1757,8875
3510,1757,8875
3510,1757,8875
3510,1757,8875
3510,1757,8875
3510,1757,8875
3510,1757,8875
3510,1757,8875
3619,1769,8813
3619,1769,8813
3619,1769,8813
3619,1769,8813
3619,1769,8813
3619,1769,8813
3619,1769,8813
3619,1769,8813
3619,1769,8813
3829,1745,8677
3829,1745,8677
3829,1745,8677
3829,1745,8677
3829,1745,8677
3829,1745,8677
3829,1745,8677
3829,1745,8677
3829,1745,8677
3843,1759,8640
3843,1759,8640
3843,1759,8640
3843,1759,8640
3843,1759,8640
3843,1759,8640
3843,1759,8640
3843,1759,8640
3843,1759,8640
3915,1807,8611
3915,1807,8611
3915,1807,8611
3915,1807,8611
3915,1807,8611
3915,1807,8611
3915,1807,8611
3915,1807,8611
3917,1862,8616
3917,1862,8616
3917,1862,8616
3917,1862,8616
3917,1862,8616
3917,1862,8616
3917,1862,8616
3917,1862,8616
3917,1862,8616
3916,1889,8593
3916,1889,8593
3916,1889,8593
3916,1889,8593
3916,1889,8593
3916,1889,8593
3916,1889,8593
3953,1900,8628
3953,1900,8628
3953,1900,8628
3953,1900,8628
3953,1900,8628
3953,1900,8628
3953,1900,8628
4048,1936,8560
4048,1936,8560
4048,1936,8560
4048,1936,8560
4048,1936,8560
4048,1936,8560
4048,1936,8560
4048,1936,8560
4048,1936,8560
4056,2074,8568
4056,2074,8568
4056,2074,8568
4056,2074,8568
4056,2074,8568
4056,2074,8568
4056,2074,8568
4056,2074,8568
4056,2074,8568
4085,2146,8622
4085,2146,8622
4085,2146,8622
4085,2146,8622
4085,2146,8622
4085,2146,8622
4085,2146,8622
4085,2146,8622
4085,2146,8622
4111,2239,8577
4111,2239,8577
4111,2239,8577
4111,2239,8577
4111,2239,8577
4111,2239,8577
4111,2239,8577
4111,2239,8577
4111,2239,8577
4101,2364,8602
4101,2364,8602
4101,2364,8602
4101,2364,8602
4101,2364,8602
4101,2364,8602
4101,2364,8602
4101,2364,8602
4101,2364,8602
4100,2446,8549
4100,2446,8549
4100,2446,8549
4100,2446,8549
4100,2446,8549
4100,2446,8549
4100,2446,8549
4100,2446,8549
4100,2446,8549
4160,2599,8554
4160,2599,8554
4160,2599,8554
4160,2599,8554
4160,2599,8554
4160,2599,8554
4160,2599,8554
4160,2599,8554
4160,2599,8554
4222,2741,8510
4222,2741,8510
4222,2741,8510
4222,2741,8510
4222,2741,8510
4222,2741,8510
4222,2741,8510
4222,2741,8510
4222,2741,8510
4209,2866,8543
4209,2866,8543
4209,2866,8543
4209,2866,8543
4209,2866,8543
4209,2866,8543
4209,2866,8543
4209,2866,8543
4209,2866,8543
4163,3018,8579
4163,3018,8579
4163,3018,8579
4163,3018,8579
4163,3018,8579
4163,3018,8579
4163,3018,8579
4163,3018,8579
4163,3018,8579
4108,3153,8634
4108,3153,8634
4108,3153,8634
4108,3153,8634
4108,3153,8634
4108,3153,8634
4108,3153,8634
4108,3153,8634
4108,3153,8634
4108,3153,8634
4051,3300,8626
4051,3300,8626
4051,3300,8626
4051,3300,8626
4051,3300,8626
4051,3300,8626
4051,3300,8626
4051,3300,8626
4051,3300,8626
4042,3446,8675
4042,3446,8675
4042,3446,8675
4042,3446,8675
4042,3446,8675
4042,3446,8675
4042,3446,8675
4042,3446,8675
4042,3446,8675
3933,3481,8679
3933,3481,8679
3933,3481,8679
3933,3481,8679
3933,3481,8679
3933,3481,8679
3933,3481,8679
3933,3481,8679
3933,3481,8679
3837,3602,8767
3837,3602,8767
3837,3602,8767
3837,3602,8767
3837,3602,8767
3837,3602,8767
3837,3602,8767
3837,3602,8767
3837,3602,8767
3725,3676,8837
3725,3676,8837
3725,3676,8837
3725,3676,8837
3725,3676,8837
3725,3676,8837
3725,3676,8837
3725,3676,8837
3725,3676,8837
3576,3790,8856
3576,3790,8856
3576,3790,8856
3576,3790,8856
3576,3790,8856
3576,3790,8856
3576,3790,8856
3576,3790,8856
3576,3790,8856
3415,3872,8963
3415,3872,8963
3415,3872,8963
3415,3872,8963
3415,3872,8963
3415,3872,8963
3415,3872,8963
3415,3872,8963
3333,3839,8970
3333,3839,8970
3333,3839,8970
3333,3839,8970
3333,3839,8970
3333,3839,8970
3333,3839,8970
3333,3839,8970
3333,3839,8970
3333,3839,8970
3162,3837,9094
3162,3837,9094
3162,3837,9094
3162,3837,9094
3162,3837,9094
3162,3837,9094
3162,3837,9094
3162,3837,9094
3162,3837,9094
2977,3839,9146
2977,3839,9146
2977,3839,9146
2977,3839,9146
2977,3839,9146
2977,3839,9146
2977,3839,9146
2977,3839,9146
2977,3839,9146
2848,3836,9196
2848,3836,9196
2848,3836,9196
2848,3836,9196
2848,3836,9196
2848,3836,9196
2848,3836,9196
2848,3836,9196
2848,3836,9196
2727,3838,9243
2727,3838,9243
2727,3838,9243
2727,3838,9243
2727,3838,9243
2727,3838,9243
2727,3838,9243
2727,3838,9243
2727,3838,9243
2727,3838,9243
2566,3835,9295
2566,3835,9295
2566,3835,9295
2566,3835,9295
2566,3835,9295
2566,3835,9295
2566,3835,9295
2566,3835,9295
2566,3754,9332
2493,3754,9332
2493,3754,9332
2493,3754,9332
2493,3754,9332
2493,3754,9332
2493,3754,9332
2493,3754,9332
2493,3754,9332
2493,3754,9332
2367,3699,9421
2367,3699,9421
2367,3699,9421
2367,3699,9421
2367,3699,9421
2367,3699,9421
2367,3699,9421
2367,3699,9421
2367,3699,9421
2211,3587,9425
2211,3587,9425
2211,3587,9425
2211,3587,9425
2211,3587,9425
2211,3587,9425
2211,3587,9425
2211,3587,9425
2211,3587,9425
2156,3483,9438
2156,3483,9438
2156,3483,9438
2156,3483,9438
2049,3310,9452
2049,3310,9452
2049,3310,9452
2049,3310,9452
2049,3310,9452
2049,3310,9452
2049,3310,9452
2049,3310,9452
2049,3310,9452
1940,3167,9501
1940,3167,9501
1940,3167,9501
1940,3167,9501
1940,3167,9501
1940,3167,9501
1940,3167,9501
1940,3167,9501
1940,3167,9501
1905,3097,9544
1905,3097,9544
1905,3097,9544
1905,3097,9544
1905,3097,9544
1905,3097,9544
1905,3097,9544
1905,3097,9544
1905,3097,9544
1859,3012,9560
1859,3012,9560
1859,3012,9560
1859,3012,9560
1859,3012,9560
1859,3012,9560
1859,3012,9560
1859,3012,9560
1859,3012,9560
1818,2828,9567
1818,2828,9567
1818,2828,9567
1818,2828,9567
1818,2828,9567
1818,2828,9567
1818,2828,9567
1818,2828,9567
1818,2828,9567
1829,2714,9559
1829,2714,9559
1829,2714,9559
1829,2714,9559
1829,2714,9559
1829,2714,9559
1829,2714,9559
1829,2714,9559
1829,2714,9559
1845,2550,9538
1845,2550,9538
1845,2550,9538
1845,2550,9538
1845,2550,9538
1845,2550,9538
1845,2550,9538
1845,2550,9538
1845,2550,9538
1832,2415,9489
1832,2415,9489
1832,2415,9489
1832,2415,9489
1832,2415,9489
1832,2415,9489
1832,2415,9489
1832,2415,9489
1832,2415,9489
1964,2201,9491
1964,2201,9491
1964,2201,9491
1964,2201,9491
1964,2201,9491
1964,2201,9491
1964,2201,9491
1964,2201,9491
1964,2201,9491
1964,2201,9491
2102,2025,9398
2102,2025,9398
2102,2025,9398
2102,2025,9398
2102,2025,9398
2102,2025,9398
2102,2025,9398
2165,1911,9401
2165,1911,9401
2165,1911,9401
2165,1911,9401
2165,1911,9401
2165,1911,9401
2165,1911,9401
2165,1911,9401
2165,1911,9401
2165,1911,9401
2236,1756,9390
2236,1756,9390
2236,1756,9390
2236,1756,9390
2236,1756,9390
2236,1756,9390
2236,1756,9390
2236,1756,9390
2236,1756,9390
2236,1756,9390
2319,1704,9336
2319,1704,9336
2319,1704,9336
2319,1704,9336
2319,1704,9336
2319,1704,9336
2319,1704,9336
2319,1704,9336
2319,1704,9336
2441,1637,9350
2441,1637,9350
2441,1637,9350
2441,1637,9350
2441,1637,9350
2441,1637,9350
2441,1637,9350
2441,1637,9350
2441,1637,9350
2550,1634,9218
2550,1634,9218
2550,1634,9218
2550,1634,9218
2550,1634,9218
2550,1634,9218
2550,1634,9218
2550,1634,9218
2550,1634,9218
2676,1583,9146
2676,1583,9146
2676,1583,9146
2676,1583,9146
2676,1583,9146
2676,1583,9146
2676,1583,9146
2676,1583,9146
2676,1583,9146
2811,1582,9161
2811,1582,9161
2811,1582,9161
2811,1582,9161
2811,1582,9161
2811,1582,9161
2811,1582,9161
2811,1582,9161
2811,1582,9161
2999,1589,9091
2999,1589,9091
2999,1589,9091
2999,1589,9091
2999,1589,9091
2999,1589,9091
2999,1589,9091
2999,1589,9091
2999,1589,9091
3179,1613,9005
3179,1613,9005
3179,1613,9005
3179,1613,9005
3179,1613,9005
3179,1613,9005
3179,1613,9005
3179,1613,9005
3179,1613,9005
3353,1592,8908
3353,1592,8908
3353,1592,8908
3353,1592,8908
3353,1592,8908
3353,1592,8908
3353,1592,8908
3353,1592,8908
3523,1633,8821
3523,1633,8821
3523,1633,8821
3523,1633,8821
3523,1633,8821
3523,1633,8821
3523,1633,8821
3523,1633,8821
3523,1633,8821
3731,1734,8710
3731,1734,8710
3731,1734,8710
3731,1734,8710
3731,1734,8710
3731,1734,8710
3731,1734,8710
3731,1734,8710
3731,1734,8710
3856,1745,8604
3856,1745,8604
3856,1745,8604
3856,1745,8604
3856,1745,8604
3856,1745,8604
3856,1745,8604
3856,1745,8604
3856,1745,8604
3856,1745,8604
3985,1808,8506
3985,1808,8506
3985,1808,8506
3985,1808,8506
3985,1808,8506
3985,1808,8506
3985,1808,8506
3985,1808,8506
3985,1808,8506
4041,1859,8441
4041,1859,8441
4041,1859,8441
4041,1859,8441
4041,1859,8441
4041,1859,8441
4041,1859,8441
4041,1859,8441
4041,1859,8441
4077,1872,8432
4077,1872,8432
4077,1872,8432
4077,1872,8432
4077,1872,8432
4077,1872,8432
4077,1872,8432
4077,1872,8432
4077,1872,8432
4178,1972,8388
4178,1972,8388
4178,1972,8388
4178,1972,8388
4178,1972,8388
4178,1972,8388
4178,1972,8388
4178,1972,8388
4178,1972,8388
4225,2058,8391
4225,2058,8391
4225,2058,8391
4225,2058,8391
4225,2058,8391
4225,2058,8391
4225,2058,8391
4225,2058,8391
4225,2058,8391
4337,2132,8348
4337,2132,8348
4337,2132,8348
4337,2132,8348
4337,2132,8348
4354,2179,8316
4354,2179,8316
4354,2179,8316
4354,2179,8316
4354,2179,8316
4354,2179,8316
4354,2179,8316
4434,2343,8316
4434,2343,8316
4434,2343,8316
4434,2343,8316
4434,2343,8316
4434,2343,8316
4434,2343,8316
4434,2343,8316
4434,2343,8316
4434,2343,8316
4460,2508,8263
4460,2508,8263
4460,2508,8263
4460,2508,8263
4460,2508,8263
4460,2508,8263
4460,2508,8263
4460,2508,8263
4460,2508,8263
4460,2508,8263
4410,2642,8347
4410,2642,8347
4410,2642,8347
4410,2642,8347
4410,2642,8347
4410,2642,8347
4410,2642,8347
4410,2642,8347
4410,2642,8347
4382,2758,8354
4382,2758,8354
4382,2758,8354
4382,2758,8354
4382,2758,8354
4382,2758,8354
4382,2758,8354
4382,2758,8354
4382,2758,8354
4391,2919,8384
4391,2919,8384
4391,2919,8384
4391,2919,8384
4391,2919,8384
4391,2919,8384
4391,2919,8384
4391,2919,8384
4391,2919,8384
4359,3086,8390
4359,3086,8390
4359,3086,8390
4359,3086,8390
4359,3086,8390
4359,3086,8390
4359,3086,8390
4359,3086,8390
4359,3086,8390
4370,3188,8401
4370,3188,8401
4370,3188,8401
4370,3188,8401
4370,3188,8401
4370,3188,8401
4370,3188,8401
4370,3188,8401
4370,3188,8401
4333,3332,8449
4333,3332,8449
4333,3332,8449
4333,3332,8449
4333,3332,8449
4333,3332,8449
4333,3332,8449
4333,3332,8449
4333,3332,8449
4239,3424,8450
4239,3424,8450
4239,3424,8450
4239,3424,8450
4239,3424,8450
4239,3424,8450
4239,3424,8450
4239,3424,8450
4239,3424,8450
4135,3556,8496
4135,3556,8496
4135,3556,8496
4135,3556,8496
4135,3556,8496
4135,3556,8496
4135,3556,8496
4135,3556,8496
4046,3664,8559
4046,3664,8559
4046,3664,8559
4046,3664,8559
4046,3664,8559
4046,3664,8559
4046,3664,8559
4046,3664,8559
4046,3664,8559
3980,3745,8632
3980,3745,8632
3980,3745,8632
3980,3745,8632
3980,3745,8632
3980,3745,8632
3980,3745,8632
3980,3745,8632
3980,3745,8632
3873,3783,8693
3873,3783,8693
3873,3783,8693
3873,3783,8693
3873,3783,8693
3873,3783,8693
3873,3783,8693
3873,3783,8693
3873,3783,8693
3873,3783,8693
3783,3823,8750
3783,3823,8750
3783,3823,8750
3783,3823,8750
3783,3823,8750
3783,3823,8750
3783,3823,8750
3783,3823,8750
3783,3823,8750
3642,3867,8883
3642,3867,8883
3642,3867,8883
3642,3867,8883
3642,3867,8883
3642,3867,8883
3642,3867,8883
3642,3867,8883
3642,3867,8883
3514,3866,8922
3514,3866,8922
3514,3866,8922
3514,3866,8922
3514,3866,8922
3514,3866,8922
3514,3866,8922
3514,3866,8922
3514,3866,8922
3419,3883,8933
3419,3883,8933
3419,3883,8933
3419,3883,8933
3419,3883,8933
3419,3883,8933
3419,3883,8933
3419,3883,8933
3419,3883,8933
3311,3806,9040
3311,3806,9040
3311,3806,9040
3311,3806,9040
3311,3806,9040
3311,3806,9040
3311,3806,9040
3311,3806,9040
3311,3806,9040
3157,3799,9110
3157,3799,9110
3157,3799,9110
3157,3799,9110
3157,3799,9110
3157,3799,9110
3157,3799,9110
3157,3799,9110
3157,3799,9110
3004,3771,9177
3004,3771,9177
3004,3771,9177
3004,3771,9177
3004,3771,9177
3004,3771,9177
3004,3771,9177
3004,3771,9177
2887,3736,9207
2887,3736,9207
2887,3736,9207
2887,3736,9207
2887,3736,9207
2887,3736,9207
2887,3736,9207
2887,3736,9207
2887,3736,9207
2887,3736,9207
2743,3685,9273
2743,3685,9273
2743,3685,9273
2743,3685,9273
2743,3685,9273
2743,3685,9273
2743,3685,9273
2743,3685,9273
2743,3685,9273
2704,3612,9345
2704,3612,9345
2704,3612,9345
2704,3612,9345
2704,3612,9345
2704,3612,9345
2704,3612,9345
2704,3612,9345
2704,3612,9345
2587,3496,9369
2587,3496,9369
2587,3496,9369
2587,3496,9369
2587,3496,9369
2587,3496,9369
2587,3496,9369
2587,3496,9369
2587,3496,9369
2552,3366,9419
2552,3366,9419
2552,3366,9419
2552,3366,9419
2552,3366,9419
2552,3366,9419
2552,3366,9419
2552,3366,9419
2552,3366,9419
2552,3366,9419
2504,3241,9439
2504,3241,9439
2504,3241,9439
2504,3241,9439
2504,3241,9439
2504,3241,9439
2504,3241,9439
2504,3241,9439
2504,3241,9439
2475,3074,9468
2475,3074,9468
2475,3074,9468
2475,3074,9468
2475,3074,9468
2475,3074,9468
2475,3074,9468
2475,3074,9468
2475,3074,9468
2365,2860,9456
2365,2860,9456
2365,2860,9456
2365,2860,9456
2360,2728,9491
2360,2728,9491
2360,2728,9491
2360,2728,9491
2360,2728,9491
2360,2728,9491
2360,2728,9491
2360,2728,9491
2360,2728,9491
2356,2563,9495
2356,2563,9495
2356,2563,9495
2356,2563,9495
2356,2563,9495
2356,2563,9495
2356,2563,9495
2356,2563,9495
2356,2563,9495
2341,2414,9428
2341,2414,9428
2341,2414,9428
2341,2414,9428
2341,2414,9428
2341,2414,9428
2341,2414,9428
2341,2414,9428
2386,2244,9375
2386,2244,9375
2386,2244,9375
2386,2244,9375
2386,2244,9375
2386,2244,9375
2386,2244,9375
2386,2244,9375
2386,2244,9375
2386,2244,9375
2455,2109,9429
2455,2109,9429
2455,2109,9429
2455,2109,9429
2455,2109,9429
2455,2109,9429
2455,2109,9429
2455,2109,9429
2455,2109,9429
2544,1973,9309
2544,1973,9309
2544,1973,9309
2544,1973,9309
2544,1973,9309
2544,1973,9309
2544,1973,9309
2544,1973,9309
2544,1973,9309
2706,1845,9236
2706,1845,9236
2706,1845,9236
2706,1845,9236
2706,1845,9236
2706,1845,9236
2706,1845,9236
2706,1845,9236
2706,1845,9236
2833,1700,9118
2833,1700,9118
2833,1700,9118
2833,1700,9118
2833,1700,9118
2833,1700,9118
2833,1700,9118
2833,1700,9118
2833,1700,9118
2995,1626,9073
2995,1626,9073
2995,1626,9073
2995,1626,9073
2995,1626,9073
2995,1626,9073
2995,1626,9073
2995,1626,9073
2995,1626,9073
3130,1574,9029
3130,1574,9029
3130,1574,9029
3130,1574,9029
3130,1574,9029
3130,1574,9029
3130,1574,9029
3130,1574,9029
3130,1574,9029
3194,1523,8971
3194,1523,8971
3194,1523,8971
3194,1523,8971
3194,1523,8971
3194,1523,8971
3194,1523,8971
3194,1523,8971
3194,1523,8971
3297,1536,8910
3297,1536,8910
3297,1536,8910
3297,1536,8910
3297,1536,8910
3297,1536,8910
3297,1536,8910
3297,1536,8910
3297,1536,8910
3413,1551,8878
3413,1551,8878
3413,1551,8878
3413,1551,8878
3413,1551,8878
3413,1551,8878
3413,1551,8878
3413,1551,8878
3413,1551,8878
3415,1548,8806
3415,1548,8806
3415,1548,8806
3415,1548,8806
3415,1548,8806
3415,1548,8806
3415,1548,8806
3415,1548,8806
3415,1548,8806
3459,1477,8782
3459,1477,8782
3459,1477,8782
3459,1477,8782
3459,1477,8782
3459,1477,8782
3459,1477,8782
3459,1477,8782
3529,1462,8698
3529,1462,8698
3529,1462,8698
3529,1462,8698
3529,1462,8698
3529,1462,8698
3529,1462,8698
3529,1462,8698
3529,1462,8698
3529,1462,8698
3595,1537,8651
3595,1537,8651
3595,1537,8651
3595,1537,8651
3595,1537,8651
3595,1537,8651
3595,1537,8651
3595,1537,8651
3595,1537,8651
3595,1660,8650
3687,1660,8650
3687,1660,8650
3687,1660,8650
3687,1660,8650
3687,1660,8650
3687,1660,8650
3687,1660,8650
3687,1660,8650
3720,1650,8671
3720,1650,8671
3720,1650,8671
3720,1650,8671
3720,1650,8671
3720,1650,8671
3720,1650,8671
3720,1650,8671
3720,1650,8671
3720,1650,8671
3767,1636,8615
3767,1636,8615
3767,1636,8615
3767,1636,8615
3767,1636,8615
3767,1636,8615
3767,1636,8615
3767,1636,8615
3767,1636,8615
3811,1608,8624
3811,1608,8624
3811,1608,8624
3811,1608,8624
3811,1608,8624
3811,1608,8624
3811,1608,8624
3811,1608,8624
3811,1608,8624
3550,1601,8799
3550,1601,8799
3550,1601,8799
3550,1601,8799
3550,1601,8799
3550,1601,8799
3550,1601,8799
3550,1601,8799
3550,1601,8799
3296,1588,8946
3296,1588,8946
3296,1588,8946
3296,1588,8946
3296,1588,8946
3296,1588,8946
3296,1588,8946
3296,1588,8946
3089,1587,9053
3089,1587,9053
3089,1587,9053
3089,1587,9053
3089,1587,9053
3089,1587,9053
3089,1587,9053
3089,1587,9053
3089,1587,9053
2833,1575,9112
2833,1575,9112
2833,1575,9112
2833,1575,9112
2833,1575,9112
2833,1575,9112
2833,1575,9112
2833,1575,9112
2833,1575,9112
2557,1594,9261
2557,1594,9261
2557,1594,9261
2557,1594,9261
2557,1594,9261
2557,1594,9261
2557,1594,9261
2557,1594,9261
2557,1594,9261
2308,1579,9295
2308,1579,9295
2308,1579,9295
2308,1579,9295
2308,1579,9295
2308,1579,9295
2308,1579,9295
2308,1579,9295
2308,1579,9295
2034,1543,9306
2034,1543,9306
2034,1543,9306
2034,1543,9306
2034,1543,9306
2034,1543,9306
2034,1543,9306
2034,1543,9306
2034,1543,9306
1705,1500,9266
1705,1500,9266
1705,1500,9266
1705,1500,9266
1421,1468,9256
1421,1468,9256
1421,1468,9256
1421,1468,9256
1421,1468,9256
1421,1468,9256
1421,1468,9256
1421,1468,9256
1421,1468,9256
1421,1468,9256
1057,1539,9260
1057,1539,9260
1057,1539,9260
1057,1539,9260
1057,1539,9260
1057,1539,9260
1057,1539,9260
1057,1539,9260
1057,1539,9260
739,1564,9194
739,1564,9194
739,1564,9194
739,1564,9194
739,1564,9194
739,1564,9194
739,1564,9194
739,1564,9194
739,1564,9194
407,1578,9107
407,1578,9107
407,1578,9107
407,1578,9107
407,1578,9107
407,1578,9107
407,1578,9107
407,1578,9107
124,1525,8969
124,1525,8969
124,1525,8969
124,1525,8969
124,1525,8969
124,1525,8969
124,1525,8969
124,1525,8969
124,1525,8969
-44,1549,8915
-44,1549,8915
-44,1549,8915
-44,1549,8915
-44,1549,8915
-44,1549,8915
-44,1549,8915
-44,1549,8915
-44,1549,8915
67,1583,8946
67,1583,8946
67,1583,8946
67,1583,8946
67,1583,8946
67,1583,8946
67,1583,8946
67,1583,8946
67,1583,8946
228,1552,9044
228,1552,9044
228,1552,9044
228,1552,9044
228,1552,9044
228,1552,9044
228,1552,9044
228,1552,9044
228,1552,9044
228,1566,9128
437,1566,9128
437,1566,9128
437,1566,9128
437,1566,9128
437,1566,9128
437,1566,9128
437,1566,9128
437,1566,9128
437,1566,9128
626,1621,9206
626,1621,9206
626,1621,9206
626,1621,9206
626,1621,9206
626,1621,9206
626,1621,9206
626,1621,9206
626,1621,9206
884,1579,9250
884,1579,9250
884,1579,9250
884,1579,9250
884,1579,9250
884,1579,9250
884,1579,9250
884,1579,9250
1093,1626,9303
1093,1626,9303
1093,1626,9303
1093,1626,9303
1093,1626,9303
1093,1626,9303
1093,1626,9303
1093,1626,9303
1093,1626,9303
1093,1626,9303
1246,1603,9307
1246,1603,9307
1246,1603,9307
1246,1603,9307
1246,1603,9307
1246,1603,9307
1246,1603,9307
1246,1603,9307
1246,1603,9307
1485,1607,9343
1485,1607,9343
1485,1607,9343
1485,1607,9343
1485,1607,9343
1485,1607,9343
1485,1607,9343
1485,1607,9343
1485,1607,9343
1725,1612,9386
1725,1612,9386
1725,1612,9386
1725,1612,9386
1725,1612,9386
1725,1612,9386
1725,1612,9386
1725,1612,9386
1725,1612,9386
2028,1622,9341
2028,1622,9341
2028,1622,9341
2028,1622,9341
2028,1622,9341
2028,1622,9341
2028,1622,9341
2028,1622,9341
2028,1622,9341
2291,1605,9291
2291,1605,9291
2291,1605,9291
2291,1605,9291
2291,1605,9291
2291,1605,9291
2291,1605,9291
2291,1605,9291
2291,1605,9291
2570,1580,9250
2570,1580,9250
2570,1580,9250
2570,1580,9250
2570,1580,9250
2570,1580,9250
2570,1580,9250
2570,1580,9250
2570,1580,9250
2782,1631,9144
2782,1631,9144
2782,1631,9144
2782,1631,9144
2782,1631,9144
2782,1631,9144
2782,1631,9144
2782,1631,9144
2782,1631,9144
2954,1620,9041
2954,1620,9041
2954,1620,9041
2954,1620,9041
2954,1620,9041
2954,1620,9041
2954,1620,9041
2954,1620,9041
2954,1620,9041
3125,1625,9019
3125,1625,9019
3125,1625,9019
3125,1625,9019
3125,1625,9019
3125,1625,9019
3125,1625,9019
3125,1625,9019
3125,1625,9019
3293,1601,8923
3293,1601,8923
3293,1601,8923
3293,1601,8923
3293,1601,8923
3293,1601,8923
3293,1601,8923
3293,1601,8923
3293,1601,8923
3488,1641,8844
3488,1641,8844
3488,1641,8844
3488,1641,8844
3488,1641,8844
3488,1641,8844
3488,1641,8844
3488,1641,8844
3488,1641,8844
3705,1645,8628
3705,1645,8628
3705,1645,8628
3705,1645,8628
3705,1645,8628
3705,1645,8628
3705,1645,8628
3705,1645,8628
3705,1645,8628
3824,1644,8580
3824,1644,8580
3824,1644,8580
3824,1644,8580
3824,1644,8580
3824,1644,8580
3824,1644,8580
3824,1644,8580
3824,1644,8580
3824,1644,8580
3875,1668,8549
3875,1668,8549
3875,1668,8549
3875,1668,8549
3875,1668,8549
3875,1668,8549
3875,1668,8549
3875,1668,8549
3875,1668,8549
3888,1715,8543
3888,1715,8543
3888,1715,8543
3888,1715,8543
3888,1715,8543
3888,1715,8543
3888,1715,8543
3888,1715,8543
3888,1715,8543
3904,1720,8518
3904,1720,8518
3904,1720,8518
3904,1720,8518
3904,1720,8518
3904,1720,8518
3904,1720,8518
3904,1720,8518
3904,1720,8518
3916,1755,8509
3916,1755,8509
3916,1755,8509
3916,1755,8509
3951,1790,8600
3951,1790,8600
3951,1790,8600
3951,1790,8600
3951,1790,8600
3951,1790,8600
3951,1790,8600
3951,1790,8600
3959,1811,8572
3959,1811,8572
3959,1811,8572
3959,1811,8572
3959,1811,8572
3959,1811,8572
3959,1811,8572
3959,1811,8572
3959,1811,8572
3959,1859,8571
3992,1859,8571
3992,1859,8571
3992,1859,8571
3992,1859,8571
3992,1859,8571
3992,1859,8571
3992,1859,8571
3992,1859,8571
3992,1859,8571
3944,1849,8607
3944,1849,8607
3944,1849,8607
3944,1849,8607
3944,1849,8607
3944,1849,8607
3944,1849,8607
3944,1849,8607
3944,1849,8607
3960,1923,8627
3960,1923,8627
3960,1923,8627
3960,1923,8627
3960,1923,8627
3960,1923,8627
3960,1923,8627
3960,1923,8627
3990,1955,8559
3990,1955,8559
3990,1955,8559
3990,1955,8559
3990,1955,8559
3990,1955,8559
3990,1955,8559
3990,1955,8559
3990,1955,8559
3921,1899,8631
3921,1899,8631
3921,1899,8631
3921,1899,8631
3921,1899,8631
3921,1899,8631
3921,1899,8631
3921,1899,8631
3921,1899,8631
3852,1944,8740
3852,1944,8740
3852,1944,8740
3852,1944,8740
3852,1944,8740
3852,1944,8740
3852,1944,8740
3852,1944,8740
3852,1944,8740
3852,1944,8740
3693,1977,8806
3693,1977,8806
3693,1977,8806
3693,1977,8806
3693,1977,8806
3693,1977,8806
3693,1977,8806
3693,1977,8806
3693,1977,8806
3578,1990,8842
3578,1990,8842
3578,1990,8842
3578,1990,8842
3578,1990,8842
3578,1990,8842
3578,1990,8842
3578,1990,8842
3578,1990,8842
3391,1961,8975
3391,1961,8975
3391,1961,8975
3391,1961,8975
3391,1961,8975
3391,1961,8975
3391,1961,8975
3391,1961,8975
3391,1961,8975
3262,1911,9067
3262,1911,9067
3262,1911,9067
3262,1911,9067
3262,1911,9067
3262,1911,9067
3262,1911,9067
3262,1911,9067
3262,1911,9067
3099,1914,9115
3099,1914,9115
3099,1914,9115
3099,1914,9115
3099,1914,9115
3099,1914,9115
3099,1914,9115
3099,1914,9115
3099,1914,9115
2919,1873,9197
2919,1873,9197
2919,1873,9197
2919,1873,9197
2919,1873,9197
2919,1873,9197
2919,1873,9197
2919,1873,9197
2919,1873,9197
2709,1913,9292
2709,1913,9292
2709,1913,9292
2709,1913,9292
2709,1913,9292
2709,1913,9292
2709,1913,9292
2709,1913,9292
2709,1913,9292
2433,1923,9374
2433,1923,9374
2433,1923,9374
2433,1923,9374
2433,1923,9374
2433,1923,9374
2433,1923,9374
2433,1923,9374
2433,1923,9374
2222,1920,9419
2222,1920,9419
2222,1920,9419
2222,1920,9419
2222,1920,9419
2222,1920,9419
2222,1920,9419
2222,1920,9419
2222,1920,9419
2013,1947,9438
2013,1947,9438
2013,1947,9438
2013,1947,9438
2013,1947,9438
2013,1947,9438
2013,1947,9438
2013,1947,9438
1818,1949,9480
1818,1949,9480
1818,1949,9480
1818,1949,9480
1818,1949,9480
1818,1949,9480
1818,1949,9480
1818,1949,9480
1818,1949,9480
1818,1949,9480
1623,1967,9468
1623,1967,9468
1623,1967,9468
1623,1967,9468
1623,1967,9468
1623,1967,9468
1623,1967,9468
1623,1967,9468
1623,1967,9468
1623,1967,9468
1467,1999,9471
1467,1999,9471
1467,1999,9471
1467,1999,9471
1467,1999,9471
1467,1999,9471
1467,1999,9471
1467,1999,9471
1467,1999,9471
1323,2017,9477
1323,2017,9477
1323,2017,9477
1323,2017,9477
1323,2017,9477
1323,2017,9477
1323,2017,9477
1323,2017,9477
1323,2017,9477
1131,2028,9464
1131,2028,9464
1131,2028,9464
1131,2028,9464
1131,2028,9464
1131,2028,9464
1131,2028,9464
1131,2028,9464
1131,2028,9464
966,1988,9420
966,1988,9420
966,1988,9420
966,1988,9420
966,1988,9420
966,1988,9420
966,1988,9420
966,1988,9420
966,1988,9420
756,1955,9403
756,1955,9403
756,1955,9403
756,1955,9403
756,1955,9403
756,1955,9403
756,1955,9403
756,1955,9403
756,1955,9403
630,1887,9341
630,1887,9341
630,1887,9341
630,1887,9341
630,1887,9341
630,1887,9341
630,1887,9341
630,1887,9341
669,1889,9312
669,1889,9312
669,1889,9312
669,1889,9312
669,1889,9312
669,1889,9312
669,1889,9312
669,1889,9312
669,1889,9312
834,1940,9371
834,1940,9371
834,1940,9371
834,1940,9371
834,1940,9371
834,1940,9371
834,1940,9371
834,1940,9371
834,1940,9371
1134,1921,9462
1134,1921,9462
1134,1921,9462
1134,1921,9462
1134,1921,9462
1134,1921,9462
1134,1921,9462
1461,1950,9471
1461,1950,9471
1461,1950,9471
1461,1950,9471
1461,1950,9471
1461,1950,9471
1461,1950,9471
1705,1963,9494
1705,1963,9494
1705,1963,9494
1705,1963,9494
1705,1963,9494
1705,1963,9494
1705,1963,9494
1705,1963,9494
1705,1963,9494
1926,1980,9466
1926,1980,9466
1926,1980,9466
1926,1980,9466
1926,1980,9466
1926,1980,9466
1926,1980,9466
1926,1980,9466
1926,1980,9466
2114,1977,9424
2114,1977,9424
2114,1977,9424
2114,1977,9424
2114,1977,9424
2114,1977,9424
2114,1977,9424
2114,1977,9424
2114,1977,9424
2334,1987,9389
2334,1987,9389
2334,1987,9389
2334,1987,9389
2334,1987,9389
2334,1987,9389
2334,1987,9389
2334,1987,9389
2334,1987,9389
2575,1972,9363
2575,1972,9363
2575,1972,9363
2575,1972,9363
2575,1972,9363
2575,1972,9363
2575,1972,9363
2575,1972,9363
2575,1972,9363
2691,2023,9315
2691,2023,9315
2691,2023,9315
2691,2023,9315
2691,2023,9315
2691,2023,9315
2691,2023,9315
2691,2023,9315
2872,2038,9293
2872,2038,9293
2872,2038,9293
2872,2038,9293
2872,2038,9293
2872,2038,9293
2872,2038,9293
2872,2038,9293
2872,2038,9293
2872,2038,9293
2992,2057,9249
2992,2057,9249
2992,2057,9249
2992,2057,9249
2992,2057,9249
2992,2057,9249
2992,2057,9249
2992,2057,9249
3129,2091,9174
3129,2091,9174
3129,2091,9174
3129,2091,9174
3129,2091,9174
3129,2091,9174
3129,2091,9174
3129,2091,9174
3129,2091,9174
3129,2091,9174
3286,2096,9124
3286,2096,9124
3286,2096,9124
3286,2096,9124
3286,2096,9124
3286,2096,9124
3286,2096,9124
3286,2096,9124
3286,2096,9124
3460,2176,9040
3460,2176,9040
3460,2176,9040
3460,2176,9040
3460,2176,9040
3460,2176,9040
3460,2176,9040
3460,2176,9040
3460,2176,9040
3561,2183,8970
3561,2183,8970
3561,2183,8970
3561,2183,8970
3561,2183,8970
3561,2183,8970
3561,2183,8970
3561,2183,8970
3561,2183,8970
3690,2220,8887
3690,2220,8887
3690,2220,8887
3690,2220,8887
3690,2220,8887
3690,2220,8887
3690,2220,8887
3690,2220,8887
3690,2220,8887
3791,2269,8827
3791,2269,8827
3791,2269,8827
3791,2269,8827
3791,2269,8827
3791,2269,8827
3791,2269,8827
3791,2269,8827
3791,2269,8827
3791,2332,8820
3842,2332,8820
3842,2332,8820
3842,2332,8820
3842,2332,8820
3842,2332,8820
3842,2332,8820
3842,2332,8820
3842,2332,8820
3842,2332,8820
3928,2386,8777
3928,2386,8777
3928,2386,8777
3928,2386,8777
3928,2386,8777
3928,2386,8777
3928,2386,8777
3987,2465,8773
3987,2465,8773
3987,2465,8773
3987,2465,8773
3987,2465,8773
3987,2465,8773
3987,2465,8773
3987,2465,8773
3987,2465,8773
3987,2465,8687
4016,2582,8687
4016,2582,8687
4016,2582,8687
4016,2582,8687
4016,2582,8687
4016,2582,8687
4016,2582,8687
4016,2582,8687
4016,2582,8687
4076,2608,8677
4076,2608,8677
4076,2608,8677
4076,2608,8677
4076,2608,8677
4076,2608,8677
4076,2608,8677
4076,2608,8677
4109,2667,8646
4109,2667,8646
4109,2667,8646
4109,2667,8646
4109,2667,8646
4109,2667,8646
4109,2667,8646
4109,2667,8646
4109,2667,8646
4109,2667,8646
4146,2691,8610
4146,2691,8610
4146,2691,8610
4146,2691,8610
4146,2691,8610
4146,2691,8610
4146,2691,8610
4146,2691,8610
4146,2691,8610
4146,2691,8618
4161,2723,8618
4161,2723,8618
4161,2723,8618
4161,2723,8618
4161,2723,8618
4161,2723,8618
4161,2723,8618
4161,2723,8618
4161,2723,8618
4100,2718,8619
4100,2718,8619
4100,2718,8619
4100,2718,8619
4100,2718,8619
4100,2718,8619
4100,2718,8619
4100,2718,8619
4100,2718,8619
3979,2667,8708
3979,2667,8708
3979,2667,8708
3979,2667,8708
3979,2667,8708
3979,2667,8708
3979,2667,8708
3979,2667,8708
3979,2667,8708
3786,2660,8928
3786,2660,8928
3786,2660,8928
3786,2660,8928
3786,2660,8928
3786,2660,8928
3786,2660,8928
3786,2660,8928
3786,2660,8928
3636,2642,8987
3636,2642,8987
3636,2642,8987
3636,2642,8987
3636,2642,8987
3636,2642,8987
3636,2642,8987
3636,2642,8987
3494,2606,9090
3494,2606,9090
3494,2606,9090
3494,2606,9090
3494,2606,9090
3494,2606,9090
3494,2606,9090
3494,2606,9090
3494,2606,9090
3255,2593,9236
3255,2593,9236
3255,2593,9236
3255,2593,9236
3255,2593,9236
3255,2593,9236
3106,2624,9342
3106,2624,9342
3106,2624,9342
3106,2624,9342
3106,2624,9342
3106,2624,9342
3106,2624,9342
3106,2624,9342
2830,2615,9428
2830,2615,9428
2830,2615,9428
2830,2615,9428
2830,2615,9428
2830,2615,9428
2830,2615,9428
2830,2615,9428
2830,2615,9428
2305,2562,9554
2305,2562,9554
2305,2562,9554
2305,2562,9554
2305,2562,9554
2305,2562,9554
2305,2562,9554
2305,2562,9554
2305,2562,9554
1812,2572,9651
1812,2572,9651
1812,2572,9651
1812,2572,9651
1812,2572,9651
1812,2572,9651
1812,2572,9651
1812,2572,9651
1812,2572,9651
1457,2610,9601
1457,2610,9601
1457,2610,9601
1457,2610,9601
1457,2610,9601
1457,2610,9601
1457,2610,9601
1457,2610,9601
1457,2610,9601
1162,2567,9555
1162,2567,9555
1162,2567,9555
1162,2567,9555
1162,2567,9555
1162,2567,9555
1162,2567,9555
1162,2567,9555
1162,2567,9555
877,2631,9533
877,2631,9533
877,2631,9533
877,2631,9533
877,2631,9533
877,2631,9533
877,2631,9533
877,2631,9533
877,2631,9533
615,2679,9438
615,2679,9438
615,2679,9438
615,2679,9438
615,2679,9438
615,2679,9438
615,2679,9438
615,2679,9438
615,2679,9438
354,2666,9343
354,2666,9343
354,2666,9343
354,2666,9343
354,2666,9343
354,2666,9343
354,2666,9343
354,2666,9343
347,2678,9325
347,2678,9325
347,2678,9325
347,2678,9325
347,2678,9325
347,2678,9325
347,2678,9325
347,2678,9325
347,2678,9325
347,2678,9325
611,2661,9429
611,2661,9429
611,2661,9429
611,2661,9429
611,2661,9429
611,2661,9429
611,2661,9429
611,2661,9429
611,2661,9429
825,2685,9447
825,2685,9447
825,2685,9447
825,2685,9447
825,2685,9447
825,2685,9447
825,2685,9447
825,2685,9447
825,2685,9447
825,2685,9507
1100,2678,9507
1100,2678,9507
1100,2678,9507
1100,2678,9507
1100,2678,9507
1100,2678,9507
1100,2678,9507
1100,2678,9507
1100,2678,9507
1347,2662,9541
1347,2662,9541
1347,2662,9541
1347,2662,9541
1347,2662,9541
1347,2662,9541
1347,2662,9541
1347,2662,9541
1539,2622,9618
1539,2622,9618
1539,2622,9618
1539,2622,9618
1539,2622,9618
1539,2622,9618
1539,2622,9618
1539,2622,9618
1539,2622,9618
1539,2622,9618
1788,2596,9600
1788,2596,9600
1788,2596,9600
1788,2596,9600
1788,2596,9600
1788,2596,9600
1788,2596,9600
1788,2596,9600
1788,2596,9600
2056,2617,9544
2056,2617,9544
2056,2617,9544
2056,2617,9544
2056,2617,9544
2056,2617,9544
2056,2617,9544
2056,2617,9544
2056,2617,9544
2226,2603,9572
2226,2603,9572
2226,2603,9572
2226,2603,9572
2226,2603,9572
2226,2603,9572
2226,2603,9572
2226,2603,9572
2226,2603,9572
2372,2604,9534
2372,2604,9534
2372,2604,9534
2372,2604,9534
2372,2604,9534
2372,2604,9534
2372,2604,9534
2372,2604,9534
2519,2552,9535
2519,2552,9535
2519,2552,9535
2519,2552,9535
2519,2552,9535
2519,2552,9535
2519,2552,9535
2519,2552,9535
2519,2552,9535
2708,2567,9429
2708,2567,9429
2708,2567,9429
2708,2567,9429
2708,2567,9429
2708,2567,9429
2708,2567,9429
2708,2567,9429
2708,2567,9429
2855,2547,9382
2855,2547,9382
2855,2547,9382
2855,2547,9382
2855,2547,9382
2855,2547,9382
2855,2547,9382
2855,2547,9382
2855,2547,9382
2855,2547,9382
2994,2611,9328
2994,2611,9328
2994,2611,9328
2994,2611,9328
2994,2611,9328
2994,2611,9328
2994,2611,9328
2994,2611,9328
2994,2611,9328
3113,2641,9244
3113,2641,9244
3113,2641,9244
3113,2641,9244
3113,2641,9244
3113,2641,9244
3113,2641,9244
3113,2641,9244
3113,2641,9244
3260,2688,9182
3260,2688,9182
3260,2688,9182
3260,2688,9182
3260,2688,9182
3260,2688,9182
3260,2688,9182
3260,2688,9182
3260,2688,9182
3434,2652,9123
3434,2652,9123
3434,2652,9123
3434,2652,9123
3434,2652,9123
3434,2652,9123
3434,2652,9123
3434,2652,9123
3434,2652,9123
3561,2674,9043
3561,2674,9043
3561,2674,9043
3561,2674,9043
3561,2674,9043
3561,2674,9043
3561,2674,9043
3561,2674,9043
3561,2674,9043
3683,2691,8987
3683,2691,8987
3683,2691,8987
3683,2691,8987
3683,2691,8987
3683,2691,8987
3683,2691,8987
3683,2691,8987
3683,2691,8987
3811,2706,8885
3811,2706,8885
3811,2706,8885
3811,2706,8885
3811,2706,8885
3811,2706,8885
3811,2706,8885
3890,2720,8817
3890,2720,8817
3890,2720,8817
3890,2720,8817
3890,2720,8817
3890,2720,8817
3937,2741,8808
3937,2741,8808
3937,2741,8808
3937,2741,8808
3937,2741,8808
3937,2741,8808
3937,2741,8808
3937,2741,8808
3937,2741,8808
3897,2735,8820
3897,2735,8820
3897,2735,8820
3897,2735,8820
3897,2735,8820
3897,2735,8820
3897,2735,8820
3897,2735,8820
3897,2790,8795
3877,2790,8795
3877,2790,8795
3877,2790,8795
3877,2790,8795
3877,2790,8795
3877,2790,8795
3877,2790,8795
3877,2790,8795
3866,2866,8800
3866,2866,8800
3866,2866,8800
3866,2866,8800
3866,2866,8800
3866,2866,8800
3866,2866,8800
3866,2866,8800
3866,2866,8800
3866,2866,8800
3927,2939,8784
3927,2939,8784
3927,2939,8784
3927,2939,8784
3927,2939,8784
3927,2939,8784
3927,2939,8784
3927,2939,8784
3927,2939,8784
3927,2939,8784
3906,2917,8777
3906,2917,8777
3906,2917,8777
3906,2917,8777
3906,2917,8777
3906,2917,8777
3906,2917,8777
3906,2917,8777
3906,2917,8777
3924,2963,8807
3924,2963,8807
3924,2963,8807
3924,2963,8807
3924,2963,8807
3924,2963,8807
3924,2963,8807
3924,2963,8807
3924,2963,8807
3927,2962,8799
3927,2962,8799
3927,2962,8799
3927,2962,8799
3927,2962,8799
3927,2962,8799
3927,2962,8799
3927,2962,8799
3927,2962,8799
3787,2959,8943
3787,2959,8943
3787,2959,8943
3787,2959,8943
3787,2959,8943
3787,2959,8943
3787,2959,8943
3787,2959,8943
3632,2924,9023
3632,2924,9023
3632,2924,9023
3632,2924,9023
3632,2924,9023
3632,2924,9023
3632,2924,9023
3632,2924,9023
3632,2924,9023
3487,2938,9127
3487,2938,9127
3487,2938,9127
3487,2938,9127
3487,2938,9127
3487,2938,9127
3487,2938,9127
3487,2938,9127
3487,2938,9127
3292,2944,9238
3292,2944,9238
3292,2944,9238
3292,2944,9238
3292,2944,9238
3292,2944,9238
3292,2944,9238
3292,2944,9238
3292,2944,9238
3116,2964,9292
3116,2964,9292
3116,2964,9292
3116,2964,9292
3116,2964,9292
3116,2964,9292
3116,2964,9292
3116,2964,9292
3116,2964,9292
2979,2936,9337
2979,2936,9337
2979,2936,9337
2979,2936,9337
2979,2936,9337
2979,2936,9337
2979,2936,9337
2979,2936,9337
2979,2936,9337
2843,2948,9408
2843,2948,9408
2843,2948,9408
2843,2948,9408
2843,2948,9408
2843,2948,9408
2843,2948,9408
2843,2948,9408
2843,2948,9408
2670,2971,9447
2670,2971,9447
2670,2971,9447
2670,2971,9447
2670,2971,9447
2670,2971,9447
2670,2971,9447
2670,2971,9447
2670,2971,9447
2670,2971,9447
2476,2971,9501
2476,2971,9501
2476,2971,9501
2476,2971,9501
2476,2971,9501
2476,2971,9501
2476,2971,9501
2476,2971,9501
2476,2971,9501
2397,2984,9470
2397,2984,9470
2397,2984,9470
2397,2984,9470
2397,2984,9470
2397,2984,9470
2397,2984,9470
2397,2984,9470
2397,2984,9470
2178,2945,9536
2178,2945,9536
2178,2945,9536
2178,2945,9536
2178,2945,9536
2178,2945,9536
2178,2945,9536
2178,2945,9536
2178,2945,9536
1985,2935,9587
1985,2935,9587
1985,2935,9587
1985,2935,9587
1985,2935,9587
1985,2935,9587
1985,2935,9587
1985,2935,9587
1985,2935,9587
1867,2925,9564
1867,2925,9564
1867,2925,9564
1867,2925,9564
1867,2925,9564
1867,2925,9564
1867,2925,9564
1867,2925,9564
1867,2925,9564
1753,2946,9596
1753,2946,9596
1753,2946,9596
1753,2946,9596
1753,2946,9596
1753,2946,9596
1753,2946,9596
1753,2946,9596
1753,2946,9596
1519,2986,9616
1519,2986,9616
1519,2986,9616
1519,2986,9616
1519,2986,9616
1519,2986,9616
1519,2986,9616
1519,2986,9616
1519,2986,9616
1383,3001,9561
1383,3001,9561
1383,3001,9561
1383,3001,9561
1383,3001,9561
1383,3001,9561
1383,3001,9561
1383,3001,9561
1383,3001,9561
1236,2971,9555
1236,2971,9555
1236,2971,9555
1236,2971,9555
1236,2971,9555
1236,2971,9555
1236,2971,9555
1236,2971,9555
1236,2971,9555
1085,2944,9540
1085,2944,9540
1085,2944,9540
1085,2944,9540
1085,2944,9540
1085,2944,9540
1085,2944,9540
1085,2944,9540
1085,2944,9540
912,2973,9475
912,2973,9475
912,2973,9475
912,2973,9475
912,2973,9475
912,2973,9475
912,2973,9475
912,2973,9475
912,2973,9475
874,2987,9415
874,2987,9415
874,2987,9415
874,2987,9415
874,2987,9415
874,2987,9415
874,2987,9415
834,3009,9473
834,3009,9473
834,3009,9473
834,3009,9473
834,3009,9473
834,3009,9473
940,3004,9491
940,3004,9491
940,3004,9491
940,3004,9491
940,3004,9491
940,3004,9491
940,3004,9491
940,3004,9491
940,3004,9491
1059,3023,9535
1059,3023,9535
1059,3023,9535
1059,3023,9535
1059,3023,9535
1059,3023,9535
1059,3023,9535
1059,3023,9535
1059,3023,9535
1250,3027,9556
1250,3027,9556
1250,3027,9556
1250,3027,9556
1250,3027,9556
1250,3027,9556
1250,3027,9556
1250,3027,9556
1250,3027,9556
1535,3024,9582
1535,3024,9582
1535,3024,9582
1535,3024,9582
1535,3024,9582
1535,3024,9582
1535,3024,9582
1535,3024,9582
1535,3024,9582
1768,3056,9619
1768,3056,9619
1768,3056,9619
1768,3056,9619
1768,3056,9619
1768,3056,9619
1768,3056,9619
1768,3056,9619
1768,3056,9619
1903,3084,9617
1903,3084,9617
1903,3084,9617
1903,3084,9617
1903,3084,9617
1903,3084,9617
1903,3084,9617
1903,3084,9617
1903,3084,9617
1903,3084,9617
2186,3067,9546
2186,3067,9546
2186,3067,9546
2186,3067,9546
2186,3067,9546
2186,3067,9546
2186,3067,9546
2186,3067,9546
2361,3030,9539
2361,3030,9539
2361,3030,9539
2361,3030,9539
2361,3030,9539
2361,3030,9539
2361,3030,9539
2361,3030,9539
2361,3030,9539
2361,3030,9539
2489,3059,9479
2489,3059,9479
2489,3059,9479
2489,3059,9479
2489,3059,9479
2489,3059,9479
2489,3059,9479
2489,3059,9479
2489,3059,9479
2713,3087,9460
2713,3087,9460
2713,3087,9460
2713,3087,9460
2713,3087,9460
2713,3087,9460
2713,3087,9460
2713,3087,9460
2713,3087,9460
2839,3094,9400
2839,3094,9400
2839,3094,9400
2839,3094,9400
2839,3094,9400
2839,3094,9400
2839,3094,9400
2839,3094,9400
2839,3094,9400
3054,3111,9315
3054,3111,9315
3054,3111,9315
3054,3111,9315
3054,3111,9315
3054,3111,9315
3054,3111,9315
3054,3111,9315
3054,3111,9315
3177,3099,9261
3177,3099,9261
3177,3099,9261
3177,3099,9261
3177,3099,9261
3177,3099,9261
3177,3099,9261
3177,3099,9261
3177,3099,9261
3275,3133,9249
3275,3133,9249
3275,3133,9249
3275,3133,9249
3275,3133,9249
3275,3133,9249
3275,3133,9249
3275,3133,9249
3275,3133,9249
3433,3121,9103
3433,3121,9103
3433,3121,9103
3433,3121,9103
3433,3121,9103
3433,3121,9103
3433,3121,9103
3433,3121,9103
3433,3121,9103
3591,3163,9051
3591,3163,9051
3591,3163,9051
3591,3163,9051
3591,3163,9051
3591,3163,9051
3591,3163,9051
3591,3163,9051
3591,3163,9051
3687,3122,9005
3687,3122,9005
3687,3122,9005
3687,3122,9005
3687,3122,9005
3687,3122,9005
3687,3122,9005
3687,3122,9005
3687,3122,9005
3729,3116,8935
3729,3116,8935
3729,3116,8935
3729,3116,8935
3729,3116,8935
3729,3116,8935
3729,3116,8935
3729,3116,8935
3729,3116,8935
3811,3177,8847
3811,3177,8847
3811,3177,8847
3811,3177,8847
3811,3177,8847
3811,3177,8847
3811,3177,8847
3811,3177,8847
3811,3177,8847
3815,3188,8852
3815,3188,8852
3815,3188,8852
3815,3188,8852
3815,3188,8852
3815,3188,8852
3815,3188,8852
3815,3188,8852
3815,3188,8852
3815,3188,8852
3790,3269,8933
3790,3269,8933
3790,3269,8933
3790,3269,8933
3790,3269,8933
3790,3269,8933
3790,3269,8933
3790,3269,8933
3790,3269,8933
3755,3387,8919
3755,3387,8919
3755,3387,8919
3755,3387,8919
3755,3387,8919
3755,3387,8919
3755,3387,8919
3755,3387,8919
3755,3387,8919
3693,3483,8917
3693,3483,8917
3693,3483,8917
3693,3483,8917
3693,3483,8917
3693,3483,8917
3693,3483,8917
3693,3483,8917
3693,3483,8917
3735,3517,8900
3735,3517,8900
3735,3517,8900
3735,3517,8900
3735,3517,8900
3735,3517,8900
3735,3517,8900
3735,3517,8900
3735,3517,8900
3782,3527,8875
3782,3527,8875
3782,3527,8875
3782,3527,8875
3782,3527,8875
3782,3527,8875
3782,3527,8875
3782,3527,8875
3782,3527,8875
3764,3530,8840
3764,3530,8840
3764,3530,8840
3764,3530,8840
3764,3530,8840
3764,3530,8840
3764,3530,8840
3764,3530,8840
3764,3530,8840
3725,3564,8873
3725,3564,8873
3725,3564,8873
3725,3564,8873
3725,3564,8873
3725,3564,8873
3725,3564,8873
3725,3564,8873
3725,3564,8873
3485,3512,9057
3485,3512,9057
3485,3512,9057
3485,3512,9057
3485,3512,9057
3485,3512,9057
3233,3481,9220
3233,3481,9220
3233,3481,9220
3233,3481,9220
3233,3481,9220
3233,3481,9220
3233,3481,9220
3233,3481,9220
3020,3464,9270
3020,3464,9270
3020,3464,9270
3020,3464,9270
3020,3464,9270
3020,3464,9270
3020,3464,9270
3020,3464,9270
3020,3464,9270
2849,3485,9258
2849,3485,9258
2849,3485,9258
2849,3485,9258
2849,3485,9258
2849,3485,9258
2849,3485,9258
2849,3485,9258
2679,3511,9390
2679,3511,9390
2679,3511,9390
2679,3511,9390
2679,3511,9390
2679,3511,9390
2679,3511,9390
2679,3511,9390
2679,3511,9390
2476,3536,9422
2476,3536,9422
2476,3536,9422
2476,3536,9422
2476,3536,9422
2476,3536,9422
2476,3536,9422
2476,3536,9422
2476,3536,9422
2364,3562,9467
2364,3562,9467
2364,3562,9467
2364,3562,9467
2364,3562,9467
2364,3562,9467
2364,3562,9467
2364,3562,9467
2364,3562,9467
2147,3562,9473
2147,3562,9473
2147,3562,9473
2147,3562,9473
2147,3562,9473
2147,3562,9473
2147,3562,9473
2147,3562,9473
2147,3562,9473
2055,3574,9450
2055,3574,9450
2055,3574,9450
2055,3574,9450
2055,3574,9450
2055,3574,9450
2055,3574,9450
2055,3574,9450
2055,3574,9450
1882,3582,9499
1882,3582,9499
1882,3582,9499
1882,3582,9499
1882,3582,9499
1882,3582,9499
1882,3582,9499
1882,3582,9499
1882,3582,9499
1714,3557,9453
1714,3557,9453
1714,3557,9453
1714,3557,9453
1714,3557,9453
1714,3557,9453
1714,3557,9453
1714,3557,9453
1714,3557,9453
1714,3557,9453
1540,3599,9500
1540,3599,9500
1540,3599,9500
1540,3599,9500
1540,3599,9500
1540,3599,9500
1540,3599,9500
1540,3599,9500
1540,3599,9500
1393,3591,9472
1393,3591,9472
1393,3591,9472
1393,3591,9472
1393,3591,9472
1393,3591,9472
1393,3591,9472
1393,3591,9472
1393,3591,9472
1170,3651,9432
1170,3651,9432
1170,3651,9432
1170,3651,9432
1170,3651,9432
1170,3651,9432
1170,3651,9432
1170,3651,9432
1170,3637,9400
999,3637,9400
999,3637,9400
999,3637,9400
999,3637,9400
999,3637,9400
999,3637,9400
999,3637,9400
999,3637,9400
999,3637,9400
810,3654,9344
810,3654,9344
810,3654,9344
810,3654,9344
810,3654,9344
810,3654,9344
810,3654,9344
810,3654,9344
810,3654,9344
592,3649,9335
592,3649,9335
592,3649,9335
592,3649,9335
592,3649,9335
592,3649,9335
592,3649,9335
592,3649,9335
592,3649,9335
393,3663,9300
393,3663,9300
393,3663,9300
393,3663,9300
393,3663,9300
393,3663,9300
393,3663,9300
393,3663,9300
393,3663,9300
398,3672,9266
398,3672,9266
398,3672,9266
398,3672,9266
398,3672,9266
398,3672,9266
398,3672,9266
398,3672,9266
398,3672,9266
539,3642,9274
539,3642,9274
539,3642,9274
539,3642,9274
539,3642,9274
539,3642,9274
539,3642,9274
539,3642,9274
539,3642,9274
788,3628,9342
788,3628,9342
788,3628,9342
788,3628,9342
788,3628,9342
788,3628,9342
788,3628,9342
788,3628,9342
788,3628,9342
985,3640,9465
985,3640,9465
985,3640,9465
985,3640,9465
985,3640,9465
985,3640,9465
985,3640,9465
985,3640,9465
985,3640,9465
1212,3618,9456
1212,3618,9456
1212,3618,9456
1212,3618,9456
1212,3618,9456
1212,3618,9456
1212,3618,9456
1212,3618,9456
1212,3618,9456
1212,3618,9456
1403,3516,9492
1403,3516,9492
1403,3516,9492
1403,3516,9492
1403,3516,9492
1403,3516,9492
1403,3516,9492
1403,3516,9492
1611,3560,9481
1611,3560,9481
1611,3560,9481
1611,3560,9481
1611,3560,9481
1611,3560,9481
1611,3560,9481
1611,3560,9481
1611,3560,9481
1833,3604,9478
1833,3604,9478
1833,3604,9478
1833,3604,9478
1833,3604,9478
1833,3604,9478
1833,3604,9478
1833,3604,9478
1833,3604,9478
2088,3580,9457
2088,3580,9457
2088,3580,9457
2088,3580,9457
2088,3580,9457
2088,3580,9457
2088,3580,9457
2088,3580,9457
2088,3580,9457
2277,3565,9454
2277,3565,9454
2277,3565,9454
2277,3565,9454
2277,3565,9454
2277,3565,9454
2277,3565,9454
2277,3565,9454
2277,3565,9454
2373,3614,9390
2373,3614,9390
2373,3614,9390
2373,3614,9390
2373,3614,9390
2373,3614,9390
2373,3614,9390
2373,3614,9390
2373,3614,9390
2618,3635,9367
2618,3635,9367
2618,3635,9367
2618,3635,9367
2618,3635,9367
2618,3635,9367
2618,3635,9367
2618,3635,9367
2618,3635,9367
2863,3657,9283
2863,3657,9283
2863,3657,9283
2863,3657,9283
2863,3657,9283
3028,3677,9213
3028,3677,9213
3028,3677,9213
3028,3677,9213
3028,3677,9213
3028,3677,9213
3028,3677,9213
3028,3677,9213
3028,3677,9213
3181,3660,9131
3181,3660,9131
3181,3660,9131
3181,3660,9131
3181,3660,9131
3181,3660,9131
3181,3660,9131
3181,3660,9131
3181,3660,9131
3367,3704,9047
3367,3704,9047
3367,3704,9047
3367,3704,9047
3367,3704,9047
3367,3704,9047
3367,3704,9047
3367,3704,9047
3521,3713,8960
3521,3713,8960
3521,3713,8960
3521,3713,8960
3521,3713,8960
3521,3713,8960
3521,3713,8960
3521,3713,8960
3521,3713,8960
3521,3713,8960
3574,3700,8935
3574,3700,8935
3574,3700,8935
3574,3700,8935
3574,3700,8935
3574,3700,8935
3574,3700,8935
3574,3700,8935
3574,3700,8935
3646,3710,8862
3646,3710,8862
3646,3710,8862
3646,3710,8862
3646,3710,8862
3646,3710,8862
3646,3710,8862
3646,3710,8862
3646,3710,8862
3720,3760,8813
3720,3760,8813
3720,3760,8813
3720,3760,8813
3720,3760,8813
3720,3760,8813
3720,3760,8813
3720,3760,8813
3720,3760,8813
3735,3773,8780
3735,3773,8780
3735,3773,8780
3735,3773,8780
3735,3773,8780
3735,3773,8780
3735,3773,8780
3735,3773,8780
3735,3773,8780
3753,3816,8737
3753,3816,8737
3753,3816,8737
3753,3816,8737
3753,3816,8737
3753,3816,8737
3753,3816,8737
3753,3816,8737
3753,3816,8737
3753,3816,8765
3745,3788,8765
3745,3788,8765
3745,3788,8765
3745,3788,8765
3745,3788,8765
3745,3788,8765
3745,3788,8765
3745,3788,8765
3745,3788,8765
3735,3800,8812
3735,3800,8812
3735,3800,8812
3735,3800,8812
3735,3800,8812
3735,3800,8812
3735,3800,8812
3735,3800,8812
3735,3800,8812
3689,3797,8795
3689,3797,8795
3689,3797,8795
3689,3797,8795
3689,3797,8795
3689,3797,8795
3689,3797,8795
3689,3797,8795
3689,3797,8795
3557,3771,8909
3557,3771,8909
3557,3771,8909
3557,3771,8909
3557,3771,8909
3557,3771,8909
3557,3771,8909
3557,3771,8909
3542,3743,8903
3542,3743,8903
3542,3743,8903
3542,3743,8903
3542,3743,8903
3542,3743,8903
3542,3743,8903
3542,3743,8903
3542,3743,8903
3372,3728,8992
3372,3728,8992
3372,3728,8992
3372,3728,8992
3372,3728,8992
3372,3728,8992
3372,3728,8992
3372,3728,8992
3372,3728,8992
3196,3741,9078
3196,3741,9078
3196,3741,9078
3196,3741,9078
3196,3741,9078
3196,3741,9078
3196,3741,9078
3196,3741,9078
3196,3741,9078
3196,3741,9078
3023,3786,9143
3023,3786,9143
3023,3786,9143
3023,3786,9143
3023,3786,9143
3023,3786,9143
3023,3786,9143
3023,3786,9143
3023,3786,9143
2816,3802,9170
2816,3802,9170
2816,3802,9170
2816,3802,9170
2816,3802,9170
2816,3802,9170
2816,3802,9170
2816,3802,9170
2816,3802,9170
2653,3756,9290
2653,3756,9290
2653,3756,9290
2653,3756,9290
2653,3756,9290
2653,3756,9290
2653,3756,9290
2653,3756,9290
2653,3756,9290
2447,3748,9337
2447,3748,9337
2447,3748,9337
2447,3748,9337
2447,3748,9337
2447,3748,9337
2447,3748,9337
2447,3748,9337
2447,3748,9337
2264,3766,9366
2264,3766,9366
2264,3766,9366
2264,3766,9366
2264,3766,9366
2264,3766,9366
2264,3766,9366
2264,3766,9366
2264,3766,9366
2160,3706,9397
2160,3706,9397
2160,3706,9397
2160,3706,9397
2160,3706,9397
2160,3706,9397
2160,3706,9397
2160,3706,9397
2160,3706,9397
1953,3707,9390
1953,3707,9390
1953,3707,9390
1953,3707,9390
1953,3707,9390
1953,3707,9390
1953,3707,9390
1953,3707,9390
1953,3707,9390
1730,3750,9443
1730,3750,9443
1730,3750,9443
1730,3750,9443
1730,3750,9443
1730,3750,9443
1730,3750,9443
1730,3750,9443
1730,3750,9443
1550,3748,9464
1550,3748,9464
1550,3748,9464
1550,3748,9464
1550,3748,9464
1550,3748,9464
1550,3748,9464
1550,3748,9464
1550,3748,9464
1377,3800,9395
1377,3800,9395
1377,3800,9395
1377,3800,9395
1377,3800,9395
1377,3800,9395
1377,3800,9395
1377,3800,9395
1222,3777,9402
1222,3777,9402
1222,3777,9402
1222,3777,9402
1222,3777,9402
1222,3777,9402
1222,3777,9402
1222,3777,9402
1222,3777,9402
987,3788,9356
987,3788,9356
987,3788,9356
987,3788,9356
987,3788,9356
987,3788,9356
987,3788,9356
987,3788,9356
987,3788,9356
832,3749,9326
832,3749,9326
832,3749,9326
832,3749,9326
832,3749,9326
731,3782,9266
731,3782,9266
731,3782,9266
731,3782,9266
731,3782,9266
731,3782,9266
731,3782,9266
731,3782,9266
731,3782,9266
559,3811,9244
559,3811,9244
559,3811,9244
559,3811,9244
559,3811,9244
559,3811,9244
559,3811,9244
559,3811,9244
559,3811,9244
559,3811,9244
363,3837,9179
363,3837,9179
363,3837,9179
363,3837,9179
363,3837,9179
363,3837,9179
363,3837,9179
363,3837,9179
363,3837,9084
179,3837,9084
179,3837,9084
179,3837,9084
179,3837,9084
179,3837,9084
179,3837,9084
179,3837,9084
179,3837,9084
179,3837,9084
111,3837,9113
111,3837,9113
111,3837,9113
111,3837,9113
111,3837,9113
111,3837,9113
111,3837,9113
111,3837,9113
8,3812,8986
8,3812,8986
8,3812,8986
8,3812,8986
8,3812,8986
8,3812,8986
8,3812,8986
8,3812,8986
8,3812,8986
70,3836,9018
70,3836,9018
70,3836,9018
70,3836,9018
70,3836,9018
70,3836,9018
70,3836,9018
70,3836,9018
70,3836,9018
70,3836,9018
201,3821,9146
201,3821,9146
201,3821,9146
201,3821,9146
201,3821,9146
201,3821,9146
201,3821,9146
201,3821,9146
201,3821,9146
351,3823,9229
351,3823,9229
351,3823,9229
351,3823,9229
351,3823,9229
351,3823,9229
351,3823,9229
351,3823,9229
351,3823,9229
608,3791,9275
608,3791,9275
608,3791,9275
608,3791,9275
608,3791,9275
608,3791,9275
608,3791,9275
608,3791,9275
608,3791,9275
845,3784,9352
845,3784,9352
845,3784,9352
845,3784,9352
845,3784,9352
845,3784,9352
845,3784,9352
845,3784,9352
845,3784,9352
1148,3803,9399
1148,3803,9399
1148,3803,9399
1148,3803,9399
1148,3803,9399
1148,3803,9399
1148,3803,9399
1148,3803,9399
1148,3803,9399
1341,3831,9454
1341,3831,9454
1341,3831,9454
1341,3831,9454
1341,3831,9454
1341,3831,9454
1341,3831,9454
1341,3831,9454
1341,3831,9454
1569,3836,9410
1569,3836,9410
1569,3836,9410
1569,3836,9410
1569,3836,9410
1569,3836,9410
1569,3836,9410
1569,3836,9410
1569,3836,9410
1877,3822,9378
1877,3822,9378
1877,3822,9378
1877,3822,9378
1877,3822,9378
1877,3822,9378
1877,3822,9378
1877,3822,9378
2124,3832,9395
2124,3832,9395
2124,3832,9395
2124,3832,9395
2124,3832,9395
2124,3832,9395
2124,3832,9395
2124,3832,9395
2124,3832,9395
2124,3832,9395
2314,3820,9362
2314,3820,9362
2314,3820,9362
2314,3820,9362
2314,3820,9362
2314,3820,9362
2314,3820,9362
2314,3820,9362
2435,3837,9267
2435,3837,9267
2435,3837,9267
2435,3837,9267
2435,3837,9267
2435,3837,9267
2435,3837,9267
2435,3837,9267
2435,3837,9267
2435,3837,9267
2567,3826,9277
2567,3826,9277
2567,3826,9277
2567,3826,9277
2567,3826,9277
2567,3826,9277
2567,3826,9277
2567,3826,9277
2567,3826,9277
2789,3836,9201
2789,3836,9201
2789,3836,9201
2789,3836,9201
2789,3836,9201
2789,3836,9201
2789,3836,9201
2789,3836,9201
2789,3836,9201
2980,3753,9163
2980,3753,9163
2980,3753,9163
2980,3753,9163
2980,3753,9163
2980,3753,9163
2980,3753,9163
2980,3753,9163
2980,3753,9163
2980,3753,9163
3041,3762,9131
3041,3762,9131
3041,3762,9131
3041,3762,9131
3041,3762,9131
3041,3762,9131
3041,3762,9131
3041,3762,9131
3041,3762,9131
3236,3774,9073
3236,3774,9073
3236,3774,9073
3236,3774,9073
3236,3774,9073
3236,3774,9073
3236,3774,9073
3236,3774,9073
3236,3774,9073
3319,3799,9029
3319,3799,9029
3319,3799,9029
3319,3799,9029
3319,3799,9029
3319,3799,9029
3319,3799,9029
3319,3799,9029
3319,3799,9029
3449,3789,8984
3449,3789,8984
3449,3789,8984
3449,3789,8984
3449,3789,8984
3449,3789,8984
3449,3789,8984
3449,3789,8984
3575,3780,8902
3575,3780,8902
3575,3780,8902
3575,3780,8902
3575,3780,8902
3575,3780,8902
3575,3780,8902
3575,3780,8902
3575,3780,8902
3487,3779,8901
3487,3779,8901
3487,3779,8901
3487,3779,8901
3487,3779,8901
3487,3779,8901
3487,3779,8901
3487,3779,8901
3487,3779,8901
3471,3817,8928
3471,3817,8928
3471,3817,8928
3471,3817,8928
3471,3817,8928
3471,3817,8928
3471,3817,8928
3471,3817,8928
3382,3810,8903
3382,3810,8903
3382,3810,8903
3382,3810,8903
3382,3810,8903
3382,3810,8903
3382,3810,8903
3382,3810,8903
3366,3811,8956
3366,3811,8956
3366,3811,8956
3366,3811,8956
3366,3811,8956
3366,3811,8956
3303,3794,9020
3303,3794,9020
3303,3794,9020
3303,3794,9020
3303,3794,9020
3303,3794,9020
3303,3794,9020
3303,3794,9020
3303,3794,9020
3285,3771,9055
3285,3771,9055
3285,3771,9055
3285,3771,9055
3285,3771,9055
3285,3771,9055
3285,3771,9055
3285,3771,9055
3285,3771,9055
3135,3772,9105
3135,3772,9105
3135,3772,9105
3135,3772,9105
3135,3772,9105
3135,3772,9105
3135,3772,9105
3135,3772,9105
3135,3772,9105
3135,3757,9201
2982,3757,9201
2982,3757,9201
2982,3757,9201
2982,3757,9201
2982,3757,9201
2982,3757,9201
2982,3757,9201
2982,3757,9201
2982,3757,9201
2854,3759,9260
2854,3759,9260
2854,3759,9260
2854,3759,9260
2854,3759,9260
2854,3759,9260
2854,3759,9260
2610,3748,9306
2610,3748,9306
2610,3748,9306
2610,3748,9306
2610,3748,9306
2610,3748,9306
2610,3748,9306
2610,3748,9306
2610,3748,9306
2487,3721,9334
2487,3721,9334
2487,3721,9334
2487,3721,9334
2487,3721,9334
2487,3721,9334
2487,3721,9334
2487,3721,9334
2487,3721,9334
2487,3721,9334
2409,3727,9354
2409,3727,9354
2409,3727,9354
2409,3727,9354
2409,3727,9354
2409,3727,9354
2409,3727,9354
2409,3727,9354
2409,3727,9354
2208,3748,9385
2208,3748,9385
2208,3748,9385
2208,3748,9385
2208,3748,9385
2208,3748,9385
2208,3748,9385
2208,3748,9385
2208,3748,9385
2208,3748,9385
1966,3757,9411
1966,3757,9411
1966,3757,9411
1966,3757,9411
1966,3757,9411
1966,3757,9411
1966,3757,9411
1966,3757,9411
1966,3757,9411
1788,3766,9454
1788,3766,9454
1788,3766,9454
1788,3766,9454
1788,3766,9454
1788,3766,9454
1788,3766,9454
1788,3766,9454
1788,3766,9454
1649,3752,9418
1649,3752,9418
1649,3752,9418
1649,3752,9418
1649,3752,9418
1649,3752,9418
1649,3752,9418
1649,3752,9418
1649,3752,9418
1493,3800,9394
1493,3800,9394
1493,3800,9394
1493,3800,9394
1493,3800,9394
1493,3800,9394
1493,3800,9394
1493,3800,9394
1493,3800,9394
1329,3782,9419
1329,3782,9419
1329,3782,9419
1329,3782,9419
1329,3782,9419
1329,3782,9419
1329,3782,9419
1329,3782,9419
1329,3782,9419
1255,3761,9410
1255,3761,9410
1255,3761,9410
1255,3761,9410
1255,3761,9410
1255,3761,9410
1255,3761,9410
1255,3761,9410
1148,3776,9421
1148,3776,9421
1148,3776,9421
1148,3776,9421
1148,3776,9421
1148,3776,9421
1148,3776,9421
1148,3776,9421
1148,3776,9421
1045,3821,9367
1045,3821,9367
1045,3821,9367
1045,3821,9367
1045,3821,9367
1045,3821,9367
1045,3821,9367
1045,3821,9367
1045,3821,9367
927,3779,9335
927,3779,9335
927,3779,9335
927,3779,9335
927,3779,9335
927,3779,9335
927,3779,9335
927,3779,9335
927,3779,9335
853,3778,9325
853,3778,9325
853,3778,9325
853,3778,9325
853,3778,9325
853,3778,9325
853,3778,9325
853,3778,9325
853,3778,9325
853,3778,9325
757,3795,9319
757,3795,9319
757,3795,9319
757,3795,9319
757,3795,9319
757,3795,9319
757,3795,9319
757,3795,9319
757,3795,9319
665,3828,9307
665,3828,9307
665,3828,9307
665,3828,9307
665,3828,9307
665,3828,9307
665,3828,9307
665,3828,9307
665,3828,9307
624,3817,9253
624,3817,9253
624,3817,9253
624,3817,9253
624,3817,9253
624,3817,9253
624,3817,9253
624,3817,9253
624,3817,9253
488,3834,9238
488,3834,9238
488,3834,9238
488,3834,9238
488,3834,9238
488,3834,9238
488,3834,9238
488,3834,9238
488,3834,9238
333,3826,9140
333,3826,9140
333,3826,9140
333,3826,9140
333,3826,9140
333,3826,9140
333,3826,9140
333,3826,9140
333,3826,9140
231,3821,9126
231,3821,9126
231,3821,9126
231,3821,9126
231,3821,9126
231,3821,9126
231,3821,9126
231,3821,9126
231,3821,9126
187,3857,9087
187,3857,9087
187,3857,9087
187,3857,9087
187,3857,9087
187,3857,9087
187,3857,9087
187,3857,9087
187,3857,9087
233,3827,9093
233,3827,9093
233,3827,9093
233,3827,9093
233,3827,9093
233,3827,9093
233,3827,9093
233,3827,9093
233,3827,9093
302,3817,9156
302,3817,9156
302,3817,9156
302,3817,9156
302,3817,9156
302,3817,9156
302,3817,9156
302,3817,9156
302,3817,9156
503,3815,9180
503,3815,9180
503,3815,9180
573,3844,9267
573,3844,9267
573,3844,9267
573,3844,9267
573,3844,9267
573,3844,9267
573,3844,9267
573,3844,9267
573,3844,9267
573,3844,9267
758,3811,9300
758,3811,9300
758,3811,9300
758,3811,9300
758,3811,9300
758,3811,9300
758,3811,9300
758,3811,9300
758,3811,9300
932,3850,9285
932,3850,9285
932,3850,9285
932,3850,9285
932,3850,9285
932,3850,9285
932,3850,9285
932,3850,9285
932,3850,9285
1058,3845,9350
1058,3845,9350
1058,3845,9350
1058,3845,9350
1058,3845,9350
1058,3845,9350
1058,3845,9350
1058,3845,9350
1058,3845,9350
1058,3845,9448
1281,3840,9448
1281,3840,9448
1281,3840,9448
1281,3840,9448
1281,3840,9448
1281,3840,9448
1281,3840,9448
1281,3840,9448
1479,3829,9348
1479,3829,9348
1479,3829,9348
1479,3829,9348
1479,3829,9348
1479,3829,9348
1479,3829,9348
1479,3829,9348
1479,3829,9348
1713,3839,9396
1713,3839,9396
1713,3839,9396
1713,3839,9396
1713,3839,9396
1713,3839,9396
1713,3839,9396
1713,3839,9396
1713,3839,9396
1859,3815,9405
1859,3815,9405
1859,3815,9405
1859,3815,9405
1859,3815,9405
1859,3815,9405
1859,3815,9405
1859,3815,9405
1859,3815,9405
2020,3816,9382
2020,3816,9382
2020,3816,9382
2020,3816,9382
2020,3816,9382
2020,3816,9382
2020,3816,9382
2020,3816,9382
2020,3816,9382
2213,3757,9394
2213,3757,9394
2213,3757,9394
2213,3757,9394
2213,3757,9394
2213,3757,9394
2213,3757,9394
2213,3757,9394
2213,3757,9394
2336,3784,9313
2336,3784,9313
2336,3784,9313
2336,3784,9313
2336,3784,9313
2336,3784,9313
2336,3784,9313
2336,3784,9313
2336,3784,9313
2555,3830,9306
2555,3830,9306
2555,3830,9306
2555,3830,9306
2555,3830,9306
2555,3830,9306
2555,3830,9306
2555,3830,9306
2555,3830,9306
2667,3790,9292
2667,3790,9292
2667,3790,9292
2667,3790,9292
2667,3790,9292
2667,3790,9292
2667,3790,9292
2667,3790,9292
2667,3790,9292
2667,3790,9292
2823,3800,9204
2823,3800,9204
2823,3800,9204
2823,3800,9204
2823,3800,9204
2823,3800,9204
2823,3800,9204
2823,3800,9204
2823,3800,9204
2959,3815,9168
2959,3815,9168
2959,3815,9168
2959,3815,9168
2959,3815,9168
2959,3815,9168
2959,3815,9168
2959,3815,9168
2959,3815,9168
3165,3800,9078
3165,3800,9078
3165,3800,9078
3165,3800,9078
3165,3800,9078
3165,3800,9078
3165,3800,9078
3165,3800,9078
3165,3800,9078
3294,3797,9032
3294,3797,9032
3294,3797,9032
3294,3797,9032
3294,3797,9032
3294,3797,9032
3294,3797,9032
3294,3797,9032
3294,3797,9032
3250,3773,9080
3250,3773,9080
3250,3773,9080
3250,3773,9080
3250,3773,9080
3250,3773,9080
3250,3773,9080
3250,3773,9080
3250,3773,9080
3187,3739,9080
3187,3739,9080
3187,3739,9080
3187,3739,9080
3187,3739,9080
3187,3739,9080
3187,3739,9080
3187,3739,9080
3187,3739,9080
3117,3696,9098
3117,3696,9098
3117,3696,9098
3117,3696,9098
3117,3696,9098
3117,3696,9098
3117,3696,9098
3117,3696,9098
3117,3696,9098
3060,3677,9200
3060,3677,9200
3060,3677,9200
3060,3677,9200
3060,3677,9200
3060,3677,9200
3060,3677,9200
3060,3677,9200
3060,3677,9200
3042,3706,9199
3042,3706,9199
3042,3706,9199
3042,3706,9199
3042,3706,9199
3042,3706,9199
3042,3706,9199
3042,3706,9199
3042,3706,9199
2915,3748,9209
2915,3748,9209
2915,3748,9209
2915,3748,9209
2915,3748,9209
2915,3748,9209
2915,3748,9209
2915,3748,9209
2915,3748,9209
2926,3752,9234
2926,3752,9234
2926,3752,9234
2926,3752,9234
2926,3752,9234
2926,3752,9234
2926,3752,9234
2926,3752,9234
2744,3638,9297
2744,3638,9297
2744,3638,9297
2744,3638,9297
2744,3638,9297
2744,3638,9297
2744,3638,9297
2744,3638,9297
2744,3638,9297
2744,3638,9297
2504,3623,9341
2504,3623,9341
2504,3623,9341
2504,3623,9341
2504,3623,9341
2504,3623,9341
2504,3623,9341
2504,3623,9341
2504,3623,9341
2504,3623,9341
2246,3681,9405
2246,3681,9405
2246,3681,9405
2246,3681,9405
2246,3681,9405
2246,3681,9405
2246,3681,9405
2246,3681,9405
2075,3714,9438
2075,3714,9438
2075,3714,9438
2075,3714,9438
2075,3714,9438
2075,3714,9438
2075,3714,9438
2075,3714,9438
2075,3714,9438
1728,3680,9465
1728,3680,9465
1728,3680,9465
1728,3680,9465
1542,3743,9447
1542,3743,9447
1542,3743,9447
1542,3743,9447
1542,3743,9447
1542,3743,9447
1542,3743,9447
1542,3743,9447
1542,3743,9447
1390,3740,9394
1390,3740,9394
1390,3740,9394
1390,3740,9394
1390,3740,9394
1390,3740,9394
1390,3740,9394
1390,3740,9394
1390,3740,9394
1302,3787,9411
1302,3787,9411
1302,3787,9411
1302,3787,9411
1302,3787,9411
1302,3787,9411
1302,3787,9411
1302,3787,9411
1302,3787,9411
1166,3767,9419
1166,3767,9419
1166,3767,9419
1166,3767,9419
1166,3767,9419
1166,3767,9419
1166,3767,9419
1166,3767,9419
1166,3767,9419
1017,3743,9407
1017,3743,9407
1017,3743,9407
1017,3743,9407
1017,3743,9407
1017,3743,9407
1017,3743,9407
1017,3743,9407
1017,3743,9407
881,3795,9386
881,3795,9386
881,3795,9386
881,3795,9386
881,3795,9386
881,3795,9386
881,3795,9386
881,3795,9386
881,3795,9386
881,3795,9386
769,3749,9315
769,3749,9315
769,3749,9315
769,3749,9315
769,3749,9315
769,3749,9315
769,3749,9315
769,3749,9315
593,3717,9288
593,3717,9288
593,3717,9288
593,3717,9288
593,3717,9288
593,3717,9288
593,3717,9288
593,3717,9288
593,3717,9288
434,3726,9226
434,3726,9226
434,3726,9226
434,3726,9226
434,3726,9226
434,3726,9226
434,3726,9226
434,3726,9226
434,3726,9226
434,3726,9226
201,3744,9150
201,3744,9150
201,3744,9150
201,3744,9150
201,3744,9150
201,3744,9150
201,3744,9150
201,3744,9150
201,3744,9150
43,3802,9034
43,3802,9034
43,3802,9034
43,3802,9034
43,3802,9034
43,3802,9034
43,3802,9034
43,3802,9034
43,3802,9034
-152,3821,8941
-152,3821,8941
-152,3821,8941
-152,3821,8941
-152,3821,8941
-152,3821,8941
-152,3821,8941
-152,3821,8941
-152,3821,8941
-264,3803,8918
-264,3803,8918
-264,3803,8918
-264,3803,8918
-264,3803,8918
-264,3803,8918
-264,3803,8918
-264,3803,8918
-264,3803,8918
-313,3854,8860
-313,3854,8860
-313,3854,8860
-313,3854,8860
-313,3854,8860
-313,3854,8860
-313,3854,8860
-313,3854,8860
-313,3854,8860
-284,3823,8836
-284,3823,8836
-284,3823,8836
-284,3823,8836
-284,3823,8836
-284,3823,8836
-284,3823,8836
-284,3823,8836
-284,3823,8836
-142,3791,8966
-142,3791,8966
-142,3791,8966
-142,3791,8966
-142,3791,8966
-142,3791,8966
-142,3791,8966
-142,3791,8966
-142,3791,8966
80,3810,9066
80,3810,9066
80,3810,9066
80,3810,9066
80,3810,9066
80,3810,9066
80,3810,9066
80,3810,9066
80,3810,9066
336,3801,9179
336,3801,9179
336,3801,9179
336,3801,9179
336,3801,9179
336,3801,9179
336,3801,9179
336,3801,9179
336,3801,9179
554,3806,9247
554,3806,9247
554,3806,9247
554,3806,9247
554,3806,9247
554,3806,9247
554,3806,9247
554,3806,9247
953,3745,9361
953,3745,9361
953,3745,9361
953,3745,9361
953,3745,9361
953,3745,9361
953,3745,9361
953,3745,9361
953,3745,9361
953,3745,9361
1098,3734,9351
1098,3734,9351
1098,3734,9351
1098,3734,9351
1098,3734,9351
1098,3734,9351
1098,3734,9351
1098,3734,9351
1098,3734,9351
1098,3734,9351
1227,3742,9375
1227,3742,9375
1227,3742,9375
1227,3742,9375
1227,3742,9375
1227,3742,9375
1227,3742,9375
1227,3742,9375
1227,3742,9375
1476,3728,9432
1476,3728,9432
1476,3728,9432
1476,3728,9432
1476,3728,9432
1476,3728,9432
1476,3728,9432
1476,3728,9432
1476,3728,9432
1710,3771,9435
1710,3771,9435
1710,3771,9435
1710,3771,9435
1710,3771,9435
1710,3771,9435
1710,3771,9435
1710,3771,9435
1710,3771,9435
1935,3738,9389
1935,3738,9389
1935,3738,9389
1935,3738,9389
1935,3738,9389
1935,3738,9389
1935,3738,9389
1935,3738,9389
1935,3738,9389
2166,3714,9398
2166,3714,9398
2166,3714,9398
2166,3714,9398
2166,3714,9398
2166,3714,9398
2166,3714,9398
2166,3714,9398
2166,3714,9398
2444,3730,9320
2444,3730,9320
2444,3730,9320
2444,3730,9320
2444,3730,9320
2444,3730,9320
2444,3730,9320
2444,3730,9320
2444,3730,9320
2731,3729,9252
2731,3729,9252
2731,3729,9252
2731,3729,9252
2731,3729,9252
2731,3729,9252
2731,3729,9252
2731,3729,9252
2731,3729,9252
2859,3764,9208
2859,3764,9208
2859,3764,9208
2859,3764,9208
2859,3764,9208
2859,3764,9208
2859,3764,9208
2859,3764,9208
2817,3732,9238
2817,3732,9238
2817,3732,9238
2817,3732,9238
2773,3717,9253
2773,3717,9253
2773,3717,9253
2773,3717,9253
2773,3717,9253
2773,3717,9253
2773,3717,9253
2773,3717,9253
2773,3717,9253
2632,3677,9278
2632,3677,9278
2632,3677,9278
2632,3677,9278
2632,3677,9278
2632,3677,9278
2632,3677,9278
2632,3677,9278
2632,3677,9278
2632,3677,9278
2543,3610,9379
2543,3610,9379
2543,3610,9379
2543,3610,9379
2543,3610,9379
2543,3610,9379
2543,3610,9379
2543,3610,9379
2543,3610,9379
2442,3534,9389
2442,3534,9389
2442,3534,9389
2442,3534,9389
2442,3534,9389
2442,3534,9389
2442,3534,9389
2442,3534,9389
2442,3534,9389
2328,3514,9400
2328,3514,9400
2328,3514,9400
2328,3514,9400
2328,3514,9400
2328,3514,9400
2328,3514,9400
2328,3514,9400
2328,3514,9400
2311,3543,9411
2311,3543,9411
2311,3543,9411
2311,3543,9411
2311,3543,9411
2311,3543,9411
2311,3543,9411
2311,3543,9411
2311,3543,9411
2266,3520,9474
2266,3520,9474
2266,3520,9474
2266,3520,9474
2266,3520,9474
2266,3520,9474
2266,3520,9474
2266,3520,9474
2266,3520,9474
2234,3518,9451
2234,3518,9451
2234,3518,9451
2234,3518,9451
2234,3518,9451
2234,3518,9451
2234,3518,9451
2234,3518,9451
2234,3518,9451
1912,3385,9456
1912,3385,9456
1912,3385,9456
1912,3385,9456
1912,3385,9456
1912,3385,9456
1912,3385,9456
1912,3385,9456
1912,3385,9456
1611,3398,9484
1611,3398,9484
1611,3398,9484
1611,3398,9484
1611,3398,9484
1611,3398,9484
1611,3398,9484
1611,3398,9484
1611,3398,9484
1392,3392,9463
1392,3392,9463
1392,3392,9463
1392,3392,9463
1392,3392,9463
1392,3392,9463
1392,3392,9463
1392,3392,9463
1392,3392,9463
1206,3401,9463
1206,3401,9463
1206,3401,9463
1206,3401,9463
1206,3401,9463
1206,3401,9463
1206,3401,9463
1206,3401,9463
1206,3423,9419
969,3423,9419
969,3423,9419
969,3423,9419
969,3423,9419
969,3423,9419
969,3423,9419
969,3423,9419
969,3423,9419
969,3423,9419
748,3449,9394
748,3449,9394
748,3449,9394
748,3449,9394
748,3449,9394
748,3449,9394
748,3449,9394
748,3449,9394
748,3449,9394
748,3449,9394
568,3431,9327
568,3431,9327
568,3431,9327
568,3431,9327
568,3431,9327
568,3431,9327
568,3431,9327
568,3431,9327
568,3431,9327
425,3440,9287
425,3440,9287
425,3440,9287
425,3440,9287
425,3440,9287
425,3440,9287
425,3440,9287
425,3440,9287
425,3440,9287
272,3447,9182
272,3447,9182
272,3447,9182
272,3447,9182
272,3447,9182
272,3447,9182
272,3447,9182
272,3447,9182
272,3447,9182
124,3449,9158
124,3449,9158
124,3449,9158
124,3449,9158
124,3449,9158
124,3449,9158
124,3449,9158
124,3449,9158
124,3449,9158
-80,3473,9064
-80,3473,9064
-80,3473,9064
-80,3473,9064
-80,3473,9064
-80,3473,9064
-80,3473,9064
-80,3473,9064
-281,3472,8968
-281,3472,8968
-281,3472,8968
-281,3472,8968
-281,3472,8968
-281,3472,8968
-281,3472,8968
-281,3472,8968
-281,3472,8968
-492,3466,8843
-492,3466,8843
-492,3466,8843
-492,3466,8843
-492,3466,8843
-492,3466,8843
-492,3466,8843
-492,3466,8843
-492,3466,8843
-614,3496,8698
-614,3496,8698
-614,3496,8698
-614,3496,8698
-614,3496,8698
-614,3496,8698
-614,3496,8698
-614,3496,8698
-614,3496,8698
-694,3468,8668
-694,3468,8668
-694,3468,8668
-694,3468,8668
-694,3468,8668
-694,3468,8668
-694,3468,8668
-694,3468,8668
-694,3468,8668
-755,3456,8612
-755,3456,8612
-755,3456,8612
-755,3456,8612
-755,3456,8612
-755,3456,8612
-755,3456,8612
-755,3456,8612
-755,3456,8612
-613,3473,8705
-613,3473,8705
-613,3473,8705
-613,3473,8705
-613,3473,8705
-613,3473,8705
-613,3473,8705
-613,3473,8705
-613,3473,8705
-377,3477,8917
-377,3477,8917
-377,3477,8917
-377,3477,8917
-377,3477,8917
-377,3477,8917
-377,3477,8917
-377,3477,8917
-377,3477,8917
-377,3477,8917
-146,3486,9037
-146,3486,9037
-146,3486,9037
-146,3486,9037
-146,3486,9037
-146,3486,9037
-146,3486,9037
-146,3486,9037
-146,3486,9037
37,3476,9163
37,3476,9163
37,3476,9163
37,3476,9163
37,3476,9163
37,3476,9163
37,3476,9163
37,3476,9163
37,3476,9163
259,3463,9293
259,3463,9293
259,3463,9293
259,3463,9293
539,3411,9344
539,3411,9344
539,3411,9344
539,3411,9344
539,3411,9344
539,3411,9344
539,3411,9344
539,3411,9344
539,3411,9344
734,3440,9397
734,3440,9397
734,3440,9397
734,3440,9397
734,3440,9397
734,3440,9397
734,3440,9397
734,3440,9397
734,3440,9397
963,3448,9412
963,3448,9412
963,3448,9412
963,3448,9412
963,3448,9412
963,3448,9412
963,3448,9412
963,3448,9412
963,3448,9412
1213,3455,9448
1213,3455,9448
1213,3455,9448
1213,3455,9448
1213,3455,9448
1213,3455,9448
1213,3455,9448
1213,3455,9448
1213,3455,9448
1412,3457,9475
1412,3457,9475
1412,3457,9475
1412,3457,9475
1412,3457,9475
1412,3457,9475
1412,3457,9475
1412,3457,9475
1412,3457,9475
1565,3469,9477
1565,3469,9477
1565,3469,9477
1565,3469,9477
1565,3469,9477
1565,3469,9477
1565,3469,9477
1565,3469,9477
1565,3469,9477
1791,3438,9491
1791,3438,9491
1791,3438,9491
1791,3438,9491
1791,3438,9491
1791,3438,9491
1791,3438,9491
1791,3438,9491
1791,3438,9491
1917,3453,9451
1917,3453,9451
1917,3453,9451
1917,3453,9451
1917,3453,9451
1917,3453,9451
1917,3453,9451
1917,3453,9451
1917,3453,9451
2106,3445,9446
2106,3445,9446
2106,3445,9446
2106,3445,9446
2106,3445,9446
2106,3445,9446
2106,3445,9446
2106,3445,9446
2106,3445,9446
2106,3445,9446
2297,3461,9449
2297,3461,9449
2297,3461,9449
2297,3461,9449
2297,3461,9449
2297,3461,9449
2297,3461,9449
2297,3461,9449
2297,3461,9449
2287,3433,9434
2287,3433,9434
2287,3433,9434
2287,3433,9434
2287,3433,9434
2287,3433,9434
2287,3433,9434
2287,3433,9434
2248,3412,9443
2248,3412,9443
2248,3412,9443
2248,3412,9443
2248,3412,9443
2248,3412,9443
2248,3412,9443
2248,3412,9443
2248,3412,9443
2226,3401,9442
2226,3401,9442
2226,3401,9442
2226,3401,9442
2226,3401,9442
2226,3401,9442
2226,3401,9442
2226,3401,9442
2226,3401,9442
2138,3349,9476
2138,3349,9476
2138,3349,9476
2138,3349,9476
2138,3349,9476
2138,3349,9476
2138,3349,9476
2138,3349,9476
2138,3349,9476
2117,3253,9486
2117,3253,9486
2117,3253,9486
2117,3253,9486
2117,3253,9486
2117,3253,9486
2117,3253,9486
2117,3253,9486
2117,3253,9486
2047,3238,9505
2047,3238,9505
2047,3238,9505
2047,3238,9505
2047,3238,9505
2047,3238,9505
2047,3238,9505
2047,3238,9505
2047,3238,9505
2030,3147,9509
2030,3147,9509
2030,3147,9509
2030,3147,9509
2030,3147,9509
2030,3147,9509
2030,3147,9509
2030,3147,9509
2030,3147,9509
1973,3111,9512
1973,3111,9512
1973,3111,9512
1973,3111,9512
1973,3111,9512
1973,3111,9512
1973,3111,9512
1973,3111,9512
1973,3111,9512
1965,3104,9533
1965,3104,9533
1965,3104,9533
1965,3104,9533
1965,3104,9533
1965,3104,9533
1965,3104,9533
1965,3104,9533
1965,3104,9533
1769,2983,9555
1769,2983,9555
1769,2983,9555
1769,2983,9555
1769,2983,9555
1769,2983,9555
1769,2983,9555
1769,2983,9555
1769,2983,9555
1769,2983,9555
1590,2935,9517
1590,2935,9517
1590,2935,9517
1590,2935,9517
1590,2935,9517
1590,2935,9517
1590,2935,9517
1590,2935,9517
1590,2935,9517
1409,2972,9488
1409,2972,9488
1409,2972,9488
1409,2972,9488
1409,2972,9488
1409,2972,9488
1409,2972,9488
1409,2972,9488
1409,2972,9488
1222,3006,9513
1222,3006,9513
1222,3006,9513
1222,3006,9513
1222,3006,9513
1222,3006,9513
1222,3006,9513
1222,3006,9513
1222,3006,9513
934,2965,9478
934,2965,9478
934,2965,9478
934,2965,9478
934,2965,9478
934,2965,9478
934,2965,9478
934,2965,9478
934,2965,9478
823,2965,9437
823,2965,9437
823,2965,9437
823,2965,9437
823,2965,9437
823,2965,9437
823,2965,9437
823,2965,9437
823,2965,9437
686,2991,9430
686,2991,9430
686,2991,9430
686,2991,9430
686,2991,9430
686,2991,9430
686,2991,9430
686,2991,9430
686,2991,9430
382,2980,9297
382,2980,9297
382,2980,9297
382,2980,9297
382,2980,9297
382,2980,9297
382,2980,9297
382,2980,9297
382,2980,9297
226,2949,9225
226,2949,9225
226,2949,9225
226,2949,9225
226,2949,9225
226,2949,9225
226,2949,9225
226,2949,9225
226,2949,9225
79,2955,9184
79,2955,9184
79,2955,9184
79,2955,9184
79,2955,9184
79,2955,9184
79,2955,9184
79,2955,9184
-188,3006,9010
-188,3006,9010
-188,3006,9010
-188,3006,9010
-188,3006,9010
-334,3015,8977
-334,3015,8977
-334,3015,8977
-334,3015,8977
-334,3015,8977
-334,3015,8977
-334,3015,8977
-334,3015,8977
-422,3048,8902
-422,3048,8902
-422,3048,8902
-422,3048,8902
-422,3048,8902
-422,3048,8902
-422,3048,8902
-422,3048,8902
-422,3048,8902
-551,3050,8830
-551,3050,8830
-551,3050,8830
-551,3050,8830
-551,3050,8830
-551,3050,8830
-551,3050,8830
-551,3050,8830
-551,3050,8830
-551,3050,8830
-776,3087,8679
-776,3087,8679
-776,3087,8679
-776,3087,8679
-776,3087,8679
-776,3087,8679
-776,3087,8679
-776,3087,8679
-776,3087,8679
-908,3105,8527
-908,3105,8527
-908,3105,8527
-908,3105,8527
-908,3105,8527
-908,3105,8527
-908,3105,8527
-908,3105,8527
-908,3105,8527
-986,3070,8472
-986,3070,8472
-986,3070,8472
-986,3070,8472
-986,3070,8472
-986,3070,8472
-986,3070,8472
-986,3070,8472
-986,3070,8472
-882,3082,8535
-882,3082,8535
-882,3082,8535
-882,3082,8535
-882,3082,8535
-882,3082,8535
-882,3082,8535
-882,3082,8535
-882,3082,8535
-762,3056,8712
-762,3056,8712
-762,3056,8712
-762,3056,8712
-762,3056,8712
-762,3056,8712
-762,3056,8712
-762,3056,8712
-762,3056,8712
-508,3093,8868
-508,3093,8868
-508,3093,8868
-508,3093,8868
-508,3093,8868
-508,3093,8868
-508,3093,8868
-508,3093,8868
-508,3093,8868
-306,3042,9016
-306,3042,9016
-306,3042,9016
-306,3042,9016
-306,3042,9016
-306,3042,9016
-306,3042,9016
-306,3042,9016
-306,3042,9016
-49,3036,9160
-49,3036,9160
-49,3036,9160
-49,3036,9160
-49,3036,9160
-49,3036,9160
-49,3036,9160
-49,3036,9160
-49,3036,9160
231,3008,9280
231,3008,9280
231,3008,9280
231,3008,9280
231,3008,9280
231,3008,9280
231,3008,9280
231,3008,9280
388,3027,9348
388,3027,9348
388,3027,9348
388,3027,9348
388,3027,9348
388,3027,9348
388,3027,9348
388,3027,9348
388,3027,9348
388,3027,9348
611,3009,9441
611,3009,9441
611,3009,9441
611,3009,9441
611,3009,9441
611,3009,9441
611,3009,9441
611,3009,9441
611,3009,9441
611,3009,9441
775,2996,9428
775,2996,9428
775,2996,9428
775,2996,9428
775,2996,9428
775,2996,9428
775,2996,9428
775,2996,9428
775,2996,9428
866,2988,9452
866,2988,9452
866,2988,9452
866,2988,9452
866,2988,9452
866,2988,9452
866,2988,9452
866,2988,9452
866,2988,9452
1057,2970,9496
1057,2970,9496
1057,2970,9496
1057,2970,9496
1057,2970,9496
1057,2970,9496
1057,2970,9496
1057,2970,9496
1057,2970,9496
1204,3001,9519
1204,3001,9519
1204,3001,9519
1204,3001,9519
1204,3001,9519
1204,3001,9519
1204,3001,9519
1204,3001,9519
1204,3001,9519
1400,2960,9543
1400,2960,9543
1400,2960,9543
1400,2960,9543
1400,2960,9543
1400,2960,9543
1400,2960,9543
1400,2960,9543
1400,2960,9543
1570,2970,9527
1570,2970,9527
1570,2970,9527
1570,2970,9527
1570,2970,9527
1570,2970,9527
1570,2970,9527
1570,2970,9527
1570,2970,9527
1793,2957,9561
1793,2957,9561
1793,2957,9561
1793,2957,9561
1793,2957,9561
1793,2957,9561
1793,2957,9561
1793,2957,9561
1793,2957,9561
1965,2934,9559
1965,2934,9559
1965,2934,9559
1965,2934,9559
1965,2934,9559
1965,2934,9559
1965,2934,9559
1965,2934,9559
1965,2934,9543
2006,2889,9543
2006,2889,9543
2006,2889,9543
2006,2889,9543
2006,2889,9543
2006,2889,9543
2006,2889,9543
2006,2889,9543
2000,2877,9517
2000,2877,9517
2000,2877,9517
2000,2877,9517
2000,2877,9517
2000,2877,9517
2000,2877,9517
2000,2877,9517
2000,2877,9517
1914,2811,9559
1914,2811,9559
1914,2811,9559
1914,2811,9559
1914,2811,9559
1914,2811,9559
1914,2811,9559
1914,2811,9559
1914,2811,9559
1881,2702,9543
1881,2702,9543
1881,2702,9543
1881,2702,9543
1881,2702,9543
1881,2702,9543
1881,2702,9543
1881,2702,9543
1881,2702,9543
1881,2702,9543
1873,2663,9514
1873,2663,9514
1873,2663,9514
1873,2663,9514
1873,2663,9514
1873,2663,9514
1873,2663,9514
1873,2663,9514
1873,2663,9514
1813,2664,9587
1813,2664,9587
1813,2664,9587
1813,2664,9587
1813,2664,9587
1813,2664,9587
1813,2664,9587
1813,2664,9587
1813,2664,9587
1867,2563,9550
1867,2563,9550
1867,2563,9550
1867,2563,9550
1867,2563,9550
1916,2485,9518
1916,2485,9518
1916,2485,9518
1916,2485,9518
1916,2485,9518
1916,2485,9518
1916,2485,9518
1916,2485,9518
1916,2485,9518
1715,2487,9517
1715,2487,9517
1715,2487,9517
1715,2487,9517
1715,2487,9517
1715,2487,9517
1715,2487,9517
1715,2487,9517
1715,2487,9517
1399,2508,9565
1399,2508,9565
1399,2508,9565
1399,2508,9565
1399,2508,9565
1399,2508,9565
1399,2508,9565
1399,2508,9565
1168,2497,9539
1168,2497,9539
1168,2497,9539
1168,2497,9539
1168,2497,9539
1168,2497,9539
1168,2497,9539
1168,2497,9539
1168,2497,9539
1168,2497,9539
817,2543,9428
817,2543,9428
817,2543,9428
817,2543,9428
817,2543,9428
817,2543,9428
817,2543,9428
817,2543,9428
817,2543,9428
578,2484,9419
578,2484,9419
578,2484,9419
578,2484,9419
578,2484,9419
578,2484,9419
578,2484,9419
578,2484,9419
578,2484,9419
404,2531,9316
404,2531,9316
404,2531,9316
404,2531,9316
404,2531,9316
404,2531,9316
404,2531,9316
404,2531,9316
404,2531,9316
144,2545,9235
144,2545,9235
144,2545,9235
144,2545,9235
144,2545,9235
144,2545,9235
144,2545,9235
144,2545,9235
144,2545,9235
-111,2603,9126
-111,2603,9126
-111,2603,9126
-111,2603,9126
-111,2603,9126
-111,2603,9126
-111,2603,9126
-111,2603,9126
-111,2603,9126
-111,2603,9041
-316,2604,9041
-316,2604,9041
-316,2604,9041
-316,2604,9041
-316,2604,9041
-316,2604,9041
-316,2604,9041
-316,2604,9041
-316,2604,9041
-469,2655,8847
-469,2655,8847
-469,2655,8847
-469,2655,8847
-469,2655,8847
-469,2655,8847
-469,2655,8847
-469,2655,8847
-469,2655,8847
-722,2676,8692
-722,2676,8692
-722,2676,8692
-722,2676,8692
-722,2676,8692
-722,2676,8692
-722,2676,8692
-722,2676,8692
-722,2676,8692
-955,2716,8494
-955,2716,8494
-955,2716,8494
-955,2716,8494
-955,2716,8494
-955,2716,8494
-955,2716,8494
-955,2716,8494
-1028,2727,8410
-1028,2727,8410
-1028,2727,8410
-1028,2727,8410
-1028,2727,8410
-1028,2727,8410
-1028,2727,8410
-1028,2727,8410
-1028,2727,8410
-1081,2772,8315
-1081,2772,8315
-1081,2772,8315
-1081,2772,8315
-1081,2772,8315
-1081,2772,8315
-1081,2772,8315
-1081,2772,8315
-1081,2772,8315
-1233,2756,8180
-1233,2756,8180
-1233,2756,8180
-1233,2756,8180
-1233,2756,8180
-1233,2756,8180
-1233,2756,8180
-1233,2756,8180
-1233,2756,8180
-1233,2756,8180
-1378,2751,7976
-1378,2751,7976
-1378,2751,7976
-1378,2751,7976
-1378,2751,7976
-1378,2751,7976
-1378,2751,7976
-1378,2751,7976
-1378,2751,7976
-1390,2738,7911
-1390,2738,7911
-1390,2738,7911
-1390,2738,7911
-1390,2738,7911
-1390,2738,7911
-1390,2738,7911
-1390,2738,7911
-1390,2738,7911
-1431,2713,7888
-1431,2713,7888
-1431,2713,7888
-1431,2713,7888
-1431,2713,7888
-1431,2713,7888
-1431,2713,7888
-1431,2713,7888
-1431,2713,7888
-1379,2736,7943
-1379,2736,7943
-1379,2736,7943
-1379,2736,7943
-1379,2736,7943
-1379,2736,7943
-1379,2736,7943
-1379,2736,7943
-1379,2736,7943
-1159,2690,8231
-1159,2690,8231
-1159,2690,8231
-1159,2690,8231
-1159,2690,8231
-1159,2690,8231
-1159,2690,8231
-1159,2690,8231
-1159,2690,8231
-759,2694,8651
-759,2694,8651
-759,2694,8651
-759,2694,8651
-759,2694,8651
-759,2694,8651
-759,2694,8651
-759,2694,8651
-759,2694,8651
-494,2698,8878
-494,2698,8878
-494,2698,8878
-494,2698,8878
-494,2698,8878
-494,2698,8878
-494,2698,8878
-494,2698,8878
-494,2698,8878
-334,2704,9022
-334,2704,9022
-334,2704,9022
-334,2704,9022
-334,2704,9022
-334,2704,9022
-334,2704,9022
-334,2704,9022
-334,2704,9022
-99,2634,9138
-99,2634,9138
-99,2634,9138
-99,2634,9138
-99,2634,9138
-99,2634,9138
-99,2634,9138
-99,2634,9138
-99,2634,9138
230,2649,9282
230,2649,9282
230,2649,9282
230,2649,9282
230,2649,9282
230,2649,9282
230,2649,9282
230,2649,9282
572,2604,9361
572,2604,9361
572,2604,9361
572,2604,9361
572,2604,9361
572,2604,9361
572,2604,9361
572,2604,9361
572,2604,9361
572,2604,9361
807,2636,9438
807,2636,9438
807,2636,9438
807,2636,9438
807,2636,9438
807,2636,9438
807,2636,9438
807,2636,9438
807,2636,9438
1088,2642,9474
1088,2642,9474
1088,2642,9474
1088,2642,9474
1088,2642,9474
1224,2618,9499
1224,2618,9499
1224,2618,9499
1224,2618,9499
1224,2618,9499
1224,2618,9499
1224,2618,9499
1224,2618,9499
1224,2618,9499
1456,2603,9584
1456,2603,9584
1456,2603,9584
1456,2603,9584
1456,2603,9584
1456,2603,9584
1456,2603,9584
1456,2603,9584
1456,2603,9584
1668,2564,9544
1668,2564,9544
1668,2564,9544
1668,2564,9544
1668,2564,9544
1668,2564,9544
1668,2564,9544
1668,2564,9544
1668,2564,9544
1983,2547,9523
1983,2547,9523
1983,2547,9523
1983,2547,9523
1983,2547,9523
1983,2547,9523
1983,2547,9523
1983,2547,9523
2224,2557,9523
2224,2557,9523
2224,2557,9523
2224,2557,9523
2224,2557,9523
2224,2557,9523
2224,2557,9523
2224,2557,9523
2224,2557,9523
2359,2513,9467
2359,2513,9467
2359,2513,9467
2359,2513,9467
2359,2513,9467
2359,2513,9467
2359,2513,9467
2359,2513,9467
2359,2513,9467
2359,2513,9467
2470,2466,9455
2470,2466,9455
2470,2466,9455
2470,2466,9455
2470,2466,9455
2470,2466,9455
2470,2466,9455
2470,2466,9455
2470,2466,9455
2515,2420,9439
2515,2420,9439
2515,2420,9439
2515,2420,9439
2515,2420,9439
2515,2420,9439
2515,2420,9439
2515,2420,9439
2515,2420,9439
2495,2422,9440
2495,2422,9440
2495,2422,9440
2495,2422,9440
2495,2422,9440
2495,2422,9440
2495,2422,9440
2495,2422,9440
2495,2422,9440
2490,2384,9445
2490,2384,9445
2490,2384,9445
2490,2384,9445
2490,2384,9445
2490,2384,9445
2490,2384,9445
2490,2384,9445
2490,2384,9445
2522,2378,9421
2522,2378,9421
2522,2378,9421
2522,2378,9421
2522,2378,9421
2522,2378,9421
2522,2378,9421
2522,2378,9421
2522,2378,9421
2565,2325,9411
2565,2325,9411
2565,2325,9411
2565,2325,9411
2565,2325,9411
2565,2325,9411
2565,2325,9411
2565,2325,9411
2565,2325,9411
2572,2264,9380
2572,2264,9380
2572,2264,9380
2572,2264,9380
2572,2264,9380
2572,2264,9380
2572,2264,9380
2572,2264,9380
2572,2264,9380
2572,2211,9411
2639,2211,9411
2639,2211,9411
2639,2211,9411
2639,2211,9411
2639,2211,9411
2639,2211,9411
2639,2211,9411
2639,2211,9411
2622,2196,9399
2622,2196,9399
2622,2196,9399
2622,2196,9399
2622,2196,9399
2622,2196,9399
2622,2196,9399
2622,2196,9399
2622,2196,9399
2429,2189,9466
2429,2189,9466
2429,2189,9466
2429,2189,9466
2429,2189,9466
2429,2189,9466
2429,2189,9466
2429,2189,9466
2429,2189,9466
2051,2165,9495
2051,2165,9495
2051,2165,9495
2051,2165,9495
2051,2165,9495
2051,2165,9495
2051,2165,9495
2051,2165,9495
2051,2165,9495
2051,2165,9495
1778,2113,9485
1778,2113,9485
1778,2113,9485
1778,2113,9485
1778,2113,9485
1778,2113,9485
1778,2113,9485
1778,2113,9485
1778,2113,9485
1534,2118,9512
1534,2118,9512
1534,2118,9512
1534,2118,9512
1534,2118,9512
1534,2118,9512
1534,2118,9512
1534,2118,9512
1534,2118,9512
1167,2160,9455
1167,2160,9455
1167,2160,9455
1167,2160,9455
1167,2160,9455
1167,2160,9455
1167,2160,9455
1167,2160,9455
1167,2160,9455
889,2142,9440
889,2142,9440
889,2142,9440
889,2142,9440
889,2142,9440
889,2142,9440
889,2142,9440
889,2142,9440
889,2142,9440
675,2136,9392
675,2136,9392
675,2136,9392
675,2136,9392
675,2136,9392
675,2136,9392
675,2136,9392
675,2136,9392
675,2136,9392
433,2150,9299
433,2150,9299
433,2150,9299
433,2150,9299
433,2150,9299
433,2150,9299
433,2150,9299
433,2150,9299
433,2150,9299
175,2147,9154
175,2147,9154
175,2147,9154
175,2147,9154
175,2147,9154
175,2147,9154
175,2147,9154
175,2147,9154
175,2147,9154
-64,2156,9029
-64,2156,9029
-64,2156,9029
-64,2156,9029
-64,2156,9029
-64,2156,9029
-64,2156,9029
-64,2156,9029
-64,2156,9029
-307,2192,8889
-307,2192,8889
-307,2192,8889
-307,2192,8889
-307,2192,8889
-307,2192,8889
-307,2192,8889
-307,2192,8889
-307,2192,8889
-445,2214,8801
-445,2214,8801
-445,2214,8801
-445,2214,8801
-445,2214,8801
-445,2214,8801
-445,2214,8801
-445,2214,8801
-580,2223,8682
-580,2223,8682
-580,2223,8682
-580,2223,8682
-580,2223,8682
-580,2223,8682
-580,2223,8682
-580,2223,8682
-580,2223,8682
-580,2223,8682
-728,2249,8609
-728,2249,8609
-728,2249,8609
-728,2249,8609
-896,2261,8467
-896,2261,8467
-896,2261,8467
-896,2261,8467
-896,2261,8467
-896,2261,8467
-896,2261,8467
-896,2261,8467
-896,2261,8467
-953,2217,8441
-953,2217,8441
-953,2217,8441
-953,2217,8441
-953,2217,8441
-953,2217,8441
-953,2217,8441
-953,2217,8441
-953,2217,8441
-928,2251,8508
-928,2251,8508
-928,2251,8508
-928,2251,8508
-928,2251,8508
-928,2251,8508
-928,2251,8508
-928,2251,8508
-928,2251,8508
-780,2249,8623
-780,2249,8623
-780,2249,8623
-780,2249,8623
-780,2249,8623
-780,2249,8623
-780,2249,8623
-780,2249,8623
-780,2249,8623
-509,2241,8733
-509,2241,8733
-509,2241,8733
-509,2241,8733
-509,2241,8733
-509,2241,8733
-509,2241,8733
-509,2241,8733
-509,2241,8733
-342,2211,8856
-342,2211,8856
-342,2211,8856
-342,2211,8856
-342,2211,8856
-342,2211,8856
-342,2211,8856
-342,2211,8856
-342,2211,8856
-239,2201,8977
-239,2201,8977
-239,2201,8977
-239,2201,8977
-239,2201,8977
-239,2201,8977
-239,2201,8977
-239,2201,8977
-239,2201,8977
-66,2220,9075
-66,2220,9075
-66,2220,9075
-66,2220,9075
-66,2220,9075
-66,2220,9075
-66,2220,9075
-66,2220,9075
-66,2220,9075
143,2178,9155
143,2178,9155
143,2178,9155
143,2178,9155
143,2178,9155
143,2178,9155
143,2178,9155
143,2178,9155
143,2178,9155
362,2218,9232
362,2218,9232
362,2218,9232
362,2218,9232
362,2218,9232
362,2218,9232
362,2218,9232
362,2218,9232
589,2222,9311
589,2222,9311
589,2222,9311
589,2222,9311
589,2222,9311
589,2222,9311
589,2222,9311
589,2222,9311
589,2222,9311
589,2222,9311
801,2224,9390
801,2224,9390
801,2224,9390
801,2224,9390
801,2224,9390
801,2224,9390
801,2224,9390
801,2224,9390
801,2224,9390
801,2224,9390
920,2223,9417
920,2223,9417
920,2223,9417
920,2223,9417
920,2223,9417
920,2223,9417
920,2223,9417
920,2223,9417
920,2223,9417
1106,2219,9495
1106,2219,9495
1106,2219,9495
1106,2219,9495
1106,2219,9495
1106,2219,9495
1106,2219,9495
1106,2219,9495
1106,2219,9495
1339,2234,9475
1339,2234,9475
1339,2234,9475
1339,2234,9475
1339,2234,9475
1339,2234,9475
1339,2234,9475
1339,2234,9475
1339,2234,9475
1409,2203,9526
1409,2203,9526
1409,2203,9526
1409,2203,9526
1409,2203,9526
1409,2203,9526
1409,2203,9526
1409,2203,9526
1607,2215,9493
1607,2215,9493
1607,2215,9493
1607,2215,9493
1607,2215,9493
1607,2215,9493
1607,2215,9493
1607,2215,9493
1607,2215,9493
1947,2181,9501
1947,2181,9501
1947,2181,9501
1947,2181,9501
1947,2181,9501
1947,2181,9501
1947,2181,9501
1947,2181,9501
1947,2181,9501
2116,2162,9533
2116,2162,9533
2116,2162,9533
2116,2162,9533
2116,2162,9533
2116,2162,9533
2116,2162,9533
2116,2162,9533
2116,2162,9533
2193,2149,9490
2193,2149,9490
2193,2149,9490
2193,2149,9490
2193,2149,9490
2193,2149,9490
2193,2149,9490
2193,2149,9490
2193,2149,9490
2295,2116,9494
2295,2116,9494
2295,2116,9494
2295,2116,9494
2295,2116,9494
2295,2116,9494
2295,2116,9494
2295,2116,9494
2295,2116,9494
2295,2116,9494
2403,2110,9413
2403,2110,9413
2403,2110,9413
2403,2110,9413
2403,2110,9413
2403,2110,9413
2403,2110,9413
2403,2110,9413
2412,2043,9402
2412,2043,9402
2412,2043,9402
2412,2043,9402
2412,2043,9402
2412,2043,9402
2412,2043,9402
2412,2043,9402
2412,2043,9402
2412,2043,9402
2450,1977,9375
2450,1977,9375
2450,1977,9375
2450,1977,9375
2450,1977,9375
2450,1977,9375
2450,1977,9375
2450,1977,9375
2450,1977,9375
2487,1914,9337
2487,1914,9337
2487,1914,9337
2487,1914,9337
2487,1914,9337
2487,1914,9337
2487,1914,9337
2487,1914,9337
2487,1914,9337
2487,1914,9337
2536,1890,9298
2536,1890,9298
2536,1890,9298
2536,1890,9298
2536,1890,9298
2536,1890,9298
2536,1890,9298
2536,1890,9298
2657,1792,9309
2657,1792,9309
2657,1792,9309
2657,1792,9309
2657,1792,9309
2657,1792,9309
2657,1792,9309
2657,1792,9309
2657,1792,9309
2659,1749,9220
2659,1749,9220
2659,1749,9220
2659,1749,9220
2659,1749,9220
2659,1749,9220
2659,1749,9220
2659,1749,9220
2659,1749,9220
2613,1686,9227
2613,1686,9227
2613,1686,9227
2613,1686,9227
2249,1668,9339
2249,1668,9339
2249,1668,9339
2249,1668,9339
2249,1668,9339
2249,1668,9339
2249,1668,9339
2249,1668,9339
2249,1668,9339
2120,1716,9362
2120,1716,9362
2120,1716,9362
2120,1716,9362
2120,1716,9362
2120,1716,9362
2120,1716,9362
2120,1716,9362
2120,1716,9362
2120,1716,9362
1924,1744,9384
1924,1744,9384
1924,1744,9384
1924,1744,9384
1924,1744,9384
1924,1744,9384
1924,1744,9384
1924,1744,9384
1924,1744,9384
1546,1725,9391
1546,1725,9391
1546,1725,9391
1546,1725,9391
1546,1725,9391
1546,1725,9391
1546,1725,9391
1546,1725,9391
1546,1725,9391
1175,1682,9336
1175,1682,9336
1175,1682,9336
1175,1682,9336
1175,1682,9336
1175,1682,9336
1175,1682,9336
1175,1682,9336
1175,1682,9336
1010,1702,9338
1010,1702,9338
1010,1702,9338
1010,1702,9338
1010,1702,9338
1010,1702,9338
1010,1702,9338
1010,1702,9338
1010,1702,9338
805,1697,9301
805,1697,9301
805,1697,9301
805,1697,9301
805,1697,9301
805,1697,9301
805,1697,9301
805,1697,9301
805,1697,9301
518,1713,9206
518,1713,9206
518,1713,9206
518,1713,9206
518,1713,9206
518,1713,9206
518,1713,9206
518,1713,9206
518,1713,9206
388,1744,9157
388,1744,9157
388,1744,9157
388,1744,9157
388,1744,9157
388,1744,9157
388,1744,9157
388,1744,9157
388,1744,9157
194,1687,9066
194,1687,9066
194,1687,9066
194,1687,9066
194,1687,9066
194,1687,9066
194,1687,9066
194,1687,9066
194,1687,9066
-27,1727,8966
-27,1727,8966
-27,1727,8966
-27,1727,8966
-27,1727,8966
-27,1727,8966
-27,1727,8966
-27,1727,8966
-27,1727,8966
-137,1739,8909
-137,1739,8909
-137,1739,8909
-137,1739,8909
-137,1739,8909
-137,1739,8909
-137,1739,8909
-137,1739,8909
-137,1739,8909
-239,1739,8848
-239,1739,8848
-239,1739,8848
-239,1739,8848
-239,1739,8848
-239,1739,8848
-239,1739,8848
-239,1739,8848
-239,1739,8848
-353,1710,8782
-353,1710,8782
-353,1710,8782
-353,1710,8782
-353,1710,8782
-353,1710,8782
-353,1710,8782
-353,1710,8782
-353,1710,8782
-353,1710,8782
-507,1740,8719
-507,1740,8719
-507,1740,8719
-507,1740,8719
-507,1740,8719
-507,1740,8719
-507,1740,8719
-507,1740,8719
-507,1740,8719
-632,1749,8570
-632,1749,8570
-632,1749,8570
-632,1749,8570
-632,1749,8570
-632,1749,8570
-632,1749,8570
-632,1749,8570
-632,1749,8570
-626,1777,8596
-626,1777,8596
-626,1777,8596
-626,1777,8596
-626,1777,8596
-626,1777,8596
-626,1777,8596
-626,1777,8596
-538,1727,8633
-538,1727,8633
-538,1727,8633
-538,1727,8633
-538,1727,8633
-538,1727,8633
-538,1727,8633
-538,1727,8633
-538,1727,8633
-373,1710,8778
-373,1710,8778
-373,1710,8778
-373,1710,8778
-373,1710,8778
-373,1710,8778
-373,1710,8778
-373,1710,8778
-373,1710,8778
-64,1702,9003
-64,1702,9003
-64,1702,9003
-64,1702,9003
-64,1702,9003
-64,1702,9003
-64,1702,9003
-64,1702,9003
-64,1702,9003
359,1663,9062
359,1663,9062
359,1663,9062
359,1663,9062
359,1663,9062
359,1663,9062
359,1663,9062
359,1663,9062
359,1663,9062
677,1622,9197
677,1622,9197
677,1622,9197
677,1622,9197
677,1622,9197
677,1622,9197
677,1622,9197
677,1622,9197
677,1622,9197
818,1615,9218
818,1615,9218
818,1615,9218
818,1615,9218
818,1615,9218
818,1615,9218
818,1615,9218
818,1615,9218
818,1615,9218
818,1615,9218
1004,1641,9287
1004,1641,9287
1004,1641,9287
1004,1641,9287
1004,1641,9287
1004,1641,9287
1004,1641,9287
1004,1641,9287
1262,1673,9305
1262,1673,9305
1262,1673,9305
1262,1673,9305
1262,1673,9305
1262,1673,9305
1262,1673,9305
1262,1673,9305
1262,1673,9305
1262,1673,9305
1637,1654,9382
1637,1654,9382
1637,1654,9382
1637,1654,9382
1637,1654,9382
1637,1654,9382
1637,1654,9382
1637,1654,9382
1637,1654,9382
2003,1652,9338
2003,1652,9338
2003,1652,9338
2003,1652,9338
2003,1652,9338
2003,1652,9338
2003,1652,9338
2003,1652,9338
2541,1651,9268
2541,1651,9268
2541,1651,9268
2541,1651,9268
2541,1651,9268
2541,1651,9268
2541,1651,9268
2541,1651,9268
2541,1651,9268
2541,1651,9268
2834,1648,9102
2834,1648,9102
2834,1648,9102
2834,1648,9102
2834,1648,9102
2834,1648,9102
3019,1613,9082
3019,1613,9082
3019,1613,9082
3019,1613,9082
3019,1613,9082
3019,1613,9082
3171,1623,9044
3171,1623,9044
3171,1623,9044
3171,1623,9044
3171,1623,9044
3171,1623,9044
3171,1623,9044
3171,1623,9044
3171,1623,9044
3171,1604,8950
3200,1604,8950
3200,1604,8950
3200,1604,8950
3200,1604,8950
3200,1604,8950
3200,1604,8950
3200,1604,8950
3200,1604,8950
3200,1604,8950
3267,1544,8945
3267,1544,8945
3267,1544,8945
3267,1544,8945
3267,1544,8945
3267,1544,8945
3267,1544,8945
3267,1544,8945
3267,1544,8945
3308,1590,8932
3308,1590,8932
3308,1590,8932
3308,1590,8932
3308,1590,8932
3308,1590,8932
3308,1590,8932
3308,1590,8932
3308,1590,8932
3332,1622,8905
3332,1622,8905
3332,1622,8905
3332,1622,8905
3332,1622,8905
3332,1622,8905
3332,1622,8905
3332,1622,8905
3332,1622,8905
3322,1555,8901
3322,1555,8901
3322,1555,8901
3322,1555,8901
3322,1555,8901
3322,1555,8901
3322,1555,8901
3322,1555,8901
3322,1555,8901
3334,1547,8901
3334,1547,8901
3334,1547,8901
3334,1547,8901
3334,1547,8901
3334,1547,8901
3334,1547,8901
3334,1547,8901
3334,1547,8901
3381,1541,8851
3381,1541,8851
3381,1541,8851
3381,1541,8851
3381,1541,8851
3381,1541,8851
3381,1541,8851
3381,1541,8851
3381,1541,8851
3335,1450,8803
3335,1450,8803
3335,1450,8803
3335,1450,8803
3335,1450,8803
3335,1450,8803
3335,1450,8803
3335,1450,8803
3335,1450,8803
3011,1406,8992
3011,1406,8992
3011,1406,8992
3011,1406,8992
3011,1406,8992
3011,1406,8992
3011,1406,8992
3011,1406,8992
3011,1406,8992
2679,1440,9073
2679,1440,9073
2679,1440,9073
2679,1440,9073
2679,1440,9073
2679,1440,9073
2679,1440,9073
2679,1440,9073
2679,1440,9073
2455,1452,9199
2455,1452,9199
2455,1452,9199
2455,1452,9199
2455,1452,9199
2455,1452,9199
2455,1452,9199
2455,1452,9199
2455,1452,9199
2170,1415,9240
2170,1415,9240
2170,1415,9240
2170,1415,9240
2170,1415,9240
2170,1415,9240
2170,1415,9240
2170,1415,9240
2170,1415,9240
1893,1440,9267
1893,1440,9267
1893,1440,9267
1893,1440,9267
1893,1440,9267
1893,1440,9267
1893,1440,9267
1893,1440,9267
1893,1440,9267
1893,1440,9267
1699,1418,9297
1699,1418,9297
1699,1418,9297
1699,1418,9297
1699,1418,9297
1699,1418,9297
1699,1418,9297
1699,1418,9297
1699,1418,9297
1434,1418,9214
1434,1418,9214
1434,1418,9214
1434,1418,9214
1434,1418,9214
1434,1418,9214
1434,1418,9214
1434,1418,9214
1434,1418,9214
1194,1400,9187
1194,1400,9187
1194,1400,9187
1194,1400,9187
1194,1400,9187
1194,1400,9187
1194,1400,9187
1194,1400,9187
1194,1400,9187
1002,1416,9156
1002,1416,9156
1002,1416,9156
1002,1416,9156
1002,1416,9156
1002,1416,9156
1002,1416,9156
1002,1416,9156
839,1396,9140
839,1396,9140
839,1396,9140
839,1396,9140
839,1396,9140
839,1396,9140
839,1396,9140
839,1396,9140
839,1396,9140
664,1422,9132
664,1422,9132
664,1422,9132
664,1422,9132
664,1422,9132
664,1422,9132
664,1422,9132
664,1422,9132
664,1422,9132
664,1422,9132
508,1453,9083
508,1453,9083
508,1453,9083
508,1453,9083
508,1453,9083
508,1453,9083
508,1453,9083
508,1453,9083
508,1453,9083
181,1504,8967
181,1504,8967
181,1504,8967
181,1504,8967
181,1504,8967
181,1504,8967
181,1504,8967
181,1504,8967
181,1504,8967
-118,1510,8840
-118,1510,8840
-118,1510,8840
-118,1510,8840
-118,1510,8840
-118,1510,8840
-118,1510,8840
-118,1510,8840
-118,1510,8840
-371,1529,8696
-371,1529,8696
-371,1529,8696
-371,1529,8696
-371,1529,8696
-371,1529,8696
-371,1529,8696
-371,1529,8696
-371,1529,8696
-582,1541,8504
-582,1541,8504
-582,1541,8504
-582,1541,8504
-582,1541,8504
-582,1541,8504
-582,1541,8504
-582,1541,8504
-582,1541,8504
-564,1564,8506
-564,1564,8506
-564,1564,8506
-564,1564,8506
-564,1564,8506
-564,1564,8506
-564,1564,8506
-564,1564,8506
-564,1564,8506
-373,1555,8719
-373,1555,8719
-373,1555,8719
-373,1555,8719
-373,1555,8719
-373,1555,8719
-373,1555,8719
-373,1555,8719
-373,1555,8719
-123,1554,8860
-123,1554,8860
-123,1554,8860
-123,1554,8860
-123,1554,8860
-123,1554,8860
-123,1554,8860
175,1554,9017
175,1554,9017
175,1554,9017
175,1554,9017
175,1554,9017
369,1557,9078
369,1557,9078
369,1557,9078
369,1557,9078
369,1557,9078
369,1557,9078
369,1557,9078
369,1557,9078
369,1557,9078
584,1521,9138
584,1521,9138
584,1521,9138
584,1521,9138
584,1521,9138
584,1521,9138
584,1521,9138
584,1521,9138
584,1521,9138
860,1515,9155
860,1515,9155
860,1515,9155
860,1515,9155
860,1515,9155
860,1515,9155
860,1515,9155
860,1515,9155
860,1515,9155
860,1515,9155
1144,1488,9235
1144,1488,9235
1144,1488,9235
1144,1488,9235
1144,1488,9235
1144,1488,9235
1144,1488,9235
1144,1488,9235
1144,1488,9235
1484,1504,9268
1484,1504,9268
1484,1504,9268
1484,1504,9268
1484,1504,9268
1484,1504,9268
1484,1504,9268
1484,1504,9268
1484,1504,9268
1904,1494,9286
1904,1494,9286
1904,1494,9286
1904,1494,9286
1904,1494,9286
1904,1494,9286
1904,1494,9286
1904,1494,9286
1904,1494,9286
2212,1505,9237
2212,1505,9237
2212,1505,9237
2212,1505,9237
2212,1505,9237
2212,1505,9237
2212,1505,9237
2212,1505,9237
2212,1505,9237
2479,1522,9189
2479,1522,9189
2479,1522,9189
2479,1522,9189
2479,1522,9189
2479,1522,9189
2479,1522,9189
2479,1522,9189
2479,1522,9189
2479,1522,9135
2760,1522,9135
2760,1522,9135
2760,1522,9135
2760,1522,9135
2760,1522,9135
2760,1522,9135
2760,1522,9135
2760,1522,9135
2933,1576,9064
2933,1576,9064
2933,1576,9064
2933,1576,9064
2933,1576,9064
2933,1576,9064
2933,1576,9064
2933,1576,9064
2933,1576,9064
3118,1530,8963
3118,1530,8963
3118,1530,8963
3118,1530,8963
3118,1530,8963
3118,1530,8963
3118,1530,8963
3118,1530,8963
3118,1530,8963
3401,1541,8830
3401,1541,8830
3401,1541,8830
3401,1541,8830
3401,1541,8830
3401,1541,8830
3401,1541,8830
3401,1541,8830
3401,1541,8830
3442,1545,8768
3442,1545,8768
3442,1545,8768
3442,1545,8768
3442,1545,8768
3442,1545,8768
3442,1545,8768
3442,1545,8768
3442,1545,8768
3475,1536,8791
3475,1536,8791
3475,1536,8791
3475,1536,8791
3475,1536,8791
3475,1536,8791
3475,1536,8791
3475,1536,8791
3475,1536,8791
3539,1556,8783
3539,1556,8783
3539,1556,8783
3539,1556,8783
3539,1556,8783
3539,1556,8783
3539,1556,8783
3539,1556,8783
3539,1556,8783
3539,1556,8783
3559,1558,8759
3559,1558,8759
3559,1558,8759
3559,1558,8759
3559,1558,8759
3559,1558,8759
3559,1558,8759
3559,1558,8759
3559,1558,8759
3590,1572,8662
3590,1572,8662
3590,1572,8662
3590,1572,8662
3590,1572,8662
3590,1572,8662
3590,1572,8662
3590,1572,8662
3590,1572,8662
3709,1572,8620
3709,1572,8620
3709,1572,8620
3709,1572,8620
3709,1572,8620
3709,1572,8620
3709,1572,8620
3709,1572,8620
3709,1572,8620
3751,1585,8628
3751,1585,8628
3751,1585,8628
3751,1585,8628
3751,1585,8628
3751,1585,8628
3751,1585,8628
3751,1585,8628
3760,1637,8646
3760,1637,8646
3760,1637,8646
3760,1637,8646
3760,1637,8646
3760,1637,8646
3760,1637,8646
3760,1637,8646
3760,1637,8646
3501,1632,8800
3501,1632,8800
3501,1632,8800
3501,1632,8800
3501,1632,8800
3501,1632,8800
3501,1632,8800
3501,1632,8800
3501,1632,8800
3124,1589,9002
3124,1589,9002
3124,1589,9002
3124,1589,9002
3124,1589,9002
3124,1589,9002
3124,1589,9002
3124,1589,9002
3124,1589,9002
2851,1576,9084
2851,1576,9084
2851,1576,9084
2851,1576,9084
2851,1576,9084
2851,1576,9084
2851,1576,9084
2851,1576,9084
2851,1576,9084
2851,1576,9227
2468,1576,9227
2468,1576,9227
2468,1576,9227
2468,1576,9227
2468,1576,9227
2468,1576,9227
2468,1576,9227
2468,1576,9227
2468,1576,9227
2076,1573,9286
2076,1573,9286
2076,1573,9286
2076,1573,9286
2076,1573,9286
2076,1573,9286
2076,1573,9286
2076,1573,9286
1873,1562,9282
1873,1562,9282
1873,1562,9282
1873,1562,9282
1873,1562,9282
1873,1562,9282
1873,1562,9282
1873,1562,9282
1873,1562,9282
1873,1562,9282
1552,1542,9274
1552,1542,9274
1552,1542,9274
1552,1542,9274
1552,1542,9274
1552,1542,9274
1552,1542,9274
1552,1542,9274
1552,1542,9274
1266,1513,9285
1266,1513,9285
1266,1513,9285
1266,1513,9285
1266,1513,9285
1266,1513,9285
1266,1513,9285
1266,1513,9285
1266,1513,9285
992,1557,9244
992,1557,9244
992,1557,9244
992,1557,9244
823,1553,9229
823,1553,9229
823,1553,9229
823,1553,9229
823,1553,9229
823,1553,9229
823,1553,9229
823,1553,9229
823,1553,9229
546,1575,9217
546,1575,9217
546,1575,9217
546,1575,9217
546,1575,9217
546,1575,9217
546,1575,9217
546,1575,9217
328,1596,9084
328,1596,9084
328,1596,9084
328,1596,9084
328,1596,9084
328,1596,9084
328,1596,9084
328,1596,9084
328,1596,9084
328,1596,9084
221,1577,9021
221,1577,9021
221,1577,9021
221,1577,9021
221,1577,9021
221,1577,9021
221,1577,9021
221,1577,9021
37,1565,8920
37,1565,8920
37,1565,8920
37,1565,8920
37,1565,8920
37,1565,8920
37,1565,8920
37,1565,8920
37,1565,8920
37,1565,8920
-288,1604,8732
-288,1604,8732
-288,1604,8732
-288,1604,8732
-288,1604,8732
-288,1604,8732
-288,1604,8732
-288,1604,8732
-288,1604,8732
-288,1604,8732
-282,1609,8778
-282,1609,8778
-282,1609,8778
-282,1609,8778
-282,1609,8778
-282,1609,8778
-282,1609,8778
-282,1609,8778
-282,1609,8778
-140,1577,8855
-140,1577,8855
-140,1577,8855
-140,1577,8855
-140,1577,8855
-140,1577,8855
-140,1577,8855
-140,1577,8855
-140,1577,8855
129,1545,8968
129,1545,8968
129,1545,8968
129,1545,8968
129,1545,8968
129,1545,8968
129,1545,8968
129,1545,8968
129,1545,8968
523,1567,9145
523,1567,9145
523,1567,9145
523,1567,9145
523,1567,9145
523,1567,9145
523,1567,9145
523,1567,9145
523,1567,9145
950,1555,9293
950,1555,9293
950,1555,9293
950,1555,9293
950,1555,9293
950,1555,9293
950,1555,9293
950,1555,9293
1295,1523,9273
1295,1523,9273
1295,1523,9273
1295,1523,9273
1295,1523,9273
1295,1523,9273
1295,1523,9273
1295,1523,9273
1295,1523,9273
1589,1579,9296
1589,1579,9296
1589,1579,9296
1589,1579,9296
1589,1579,9296
1589,1579,9296
1589,1579,9296
1589,1579,9296
1589,1579,9296
1758,1538,9289
1758,1538,9289
1758,1538,9289
1758,1538,9289
1758,1538,9289
1758,1538,9289
1758,1538,9289
1758,1538,9289
1758,1538,9289
1891,1558,9267
1891,1558,9267
1891,1558,9267
1891,1558,9267
1891,1558,9267
1891,1558,9267
1891,1558,9267
1891,1558,9267
1891,1558,9267
2026,1515,9252
2026,1515,9252
2026,1515,9252
2026,1515,9252
2026,1515,9252
2026,1515,9252
2026,1515,9252
2026,1515,9252
2026,1515,9252
2271,1539,9197
2271,1539,9197
2271,1539,9197
2271,1539,9197
2271,1539,9197
2271,1539,9197
2271,1539,9197
2271,1539,9197
2271,1539,9197
2433,1598,9255
2433,1598,9255
2433,1598,9255
2433,1598,9255
2433,1598,9255
2433,1598,9255
2433,1598,9255
2433,1598,9255
2433,1598,9255
2433,1598,9255
2603,1566,9173
2603,1566,9173
2603,1566,9173
2603,1566,9173
2603,1566,9173
2603,1566,9173
2603,1566,9173
2603,1566,9173
2603,1566,9173
2784,1579,9143
2784,1579,9143
2784,1579,9143
2784,1579,9143
2784,1579,9143
2784,1579,9143
2784,1579,9143
2784,1579,9143
2784,1579,9143
2993,1602,9035
2993,1602,9035
2993,1602,9035
2993,1602,9035
2993,1602,9035
2993,1602,9035
2993,1602,9035
2993,1602,9035
2993,1602,9035
3330,1539,8875
3330,1539,8875
3330,1539,8875
3330,1539,8875
3330,1539,8875
3330,1539,8875
3330,1539,8875
3330,1539,8875
3330,1539,8875
3628,1571,8736
3628,1571,8736
3628,1571,8736
3628,1571,8736
3628,1571,8736
3628,1571,8736
3628,1571,8736
3628,1571,8736
3628,1571,8736
3796,1613,8595
3796,1613,8595
3796,1613,8595
3796,1613,8595
3796,1613,8595
3796,1613,8595
3796,1613,8595
3796,1613,8595
3796,1613,8595
4084,1622,8338
4084,1622,8338
4084,1622,8338
4084,1622,8338
4084,1622,8338
4084,1622,8338
4084,1622,8338
4084,1622,8338
4084,1622,8338
4263,1672,8179
4263,1672,8179
4263,1672,8179
4263,1672,8179
4263,1672,8179
4263,1672,8179
4263,1672,8179
4263,1672,8179
4263,1672,8179
4384,1676,7942
4384,1676,7942
4384,1676,7942
4384,1676,7942
4384,1676,7942
4384,1676,7942
4384,1676,7942
4384,1676,7942
4384,1676,7942
4310,1620,8158
4310,1620,8158
4310,1620,8158
4310,1620,8158
4310,1620,8158
4310,1620,8158
4310,1620,8158
4310,1620,8158
4310,1620,8158
3693,1645,8719
3693,1645,8719
3693,1645,8719
3693,1645,8719
3042,1605,9108
3042,1605,9108
3042,1605,9108
3042,1605,9108
3042,1605,9108
3042,1605,9108
3042,1605,9108
3042,1605,9108
3042,1605,9108
3042,1605,9108
2229,1619,9288
2229,1619,9288
2229,1619,9288
2229,1619,9288
2229,1619,9288
2229,1619,9288
2229,1619,9288
2229,1619,9288
1296,1607,9303
1296,1607,9303
1296,1607,9303
1296,1607,9303
1296,1607,9303
1296,1607,9303
1296,1607,9303
1296,1607,9303
1296,1607,9303
1296,1667,9082
349,1667,9082
349,1667,9082
349,1667,9082
349,1667,9082
349,1667,9082
349,1667,9082
349,1667,9082
349,1667,9082
349,1667,9082
-339,1676,8746
-339,1676,8746
-339,1676,8746
-339,1676,8746
-339,1676,8746
-339,1676,8746
-339,1676,8746
-339,1676,8746
-339,1676,8746
-992,1700,8204
-992,1700,8204
-992,1700,8204
-992,1700,8204
-992,1700,8204
-992,1700,8204
-992,1700,8204
-992,1700,8204
-992,1700,7598
-1434,1758,7598
-1434,1758,7598
-1434,1758,7598
-1434,1758,7598
-1434,1758,7598
-1434,1758,7598
-1434,1758,7598
-1434,1758,7598
-1434,1758,7598
-1631,1795,7114
-1631,1795,7114
-1631,1795,7114
-1631,1795,7114
-1631,1795,7114
-1631,1795,7114
-1631,1795,7114
-1631,1795,7114
-1631,1795,7114
-1765,1863,6705
-1765,1863,6705
-1765,1863,6705
-1765,1863,6705
-1765,1863,6705
-1765,1863,6705
-1765,1863,6705
-1765,1863,6705
-1765,1863,6705
-1812,1897,6578
-1812,1897,6578
-1812,1897,6578
-1812,1897,6578
-1812,1897,6578
-1812,1897,6578
-1812,1897,6578
-1812,1897,6578
-1812,1897,6578
-1752,1829,6800
-1752,1829,6800
-1752,1829,6800
-1752,1829,6800
-1752,1829,6800
-1752,1829,6800
-1752,1829,6800
-1752,1829,6800
-1752,1829,6800
-1572,1803,7363
-1572,1803,7363
-1572,1803,7363
-1572,1803,7363
-1572,1803,7363
-1572,1803,7363
-1572,1803,7363
-1572,1803,7363
-1118,1725,8131
-1118,1725,8131
-1118,1725,8131
-1118,1725,8131
-1118,1725,8131
-1118,1725,8131
-1118,1725,8131
-1118,1725,8131
-1118,1725,8131
-1118,1725,8131
-291,1628,8797
-291,1628,8797
-291,1628,8797
-291,1628,8797
-291,1628,8797
-291,1628,8797
-291,1628,8797
-291,1628,8797
-291,1628,8797
29,1474,8898
29,1474,8898
29,1474,8898
29,1474,8898
29,1474,8898
29,1474,8898
29,1474,8898
29,1474,8898
29,1474,8898
85,1322,8816
85,1322,8816
85,1322,8816
85,1322,8816
85,1322,8816
85,1322,8816
85,1322,8816
85,1322,8816
85,1322,8816
-207,1268,8723
-207,1268,8723
-207,1268,8723
-207,1268,8723
-207,1268,8723
-207,1268,8723
-207,1268,8723
-207,1268,8723
-207,1268,8723
-198,1326,8658
-198,1326,8658
-198,1326,8658
-198,1326,8658
-198,1326,8658
-198,1326,8658
-198,1326,8658
-198,1326,8658
-198,1326,8658
-226,1455,8779
-226,1455,8779
-226,1455,8779
-226,1455,8779
-226,1455,8779
-226,1455,8779
-226,1455,8779
-226,1455,8779
-226,1455,8779
-567,1583,8592
-567,1583,8592
-567,1583,8592
-567,1583,8592
-567,1583,8592
-567,1583,8592
-567,1583,8592
-567,1583,8592
-567,1583,8592
-819,1710,8398
-819,1710,8398
-819,1710,8398
-819,1710,8398
-819,1710,8398
-819,1710,8398
-819,1710,8398
-819,1710,8398
-819,1710,8398
-819,1742,8340
-909,1742,8340
-909,1742,8340
-909,1742,8340
-909,1742,8340
-909,1742,8340
-909,1742,8340
-909,1742,8340
-1030,1755,8187
-1030,1755,8187
-1030,1755,8187
-1030,1755,8187
-1030,1755,8187
-1030,1755,8187
-1030,1755,8187
-1030,1755,8187
-1030,1755,8187
-1259,1792,7917
-1259,1792,7917
-1259,1792,7917
-1259,1792,7917
-1259,1792,7917
-1259,1792,7917
-1259,1792,7917
-1259,1792,7917
-1259,1792,7917
-1259,1792,7917
-1440,1837,7662
-1440,1837,7662
-1440,1837,7662
-1440,1837,7662
-1440,1837,7662
-1440,1837,7662
-1440,1837,7662
-1440,1837,7662
-1440,1837,7662
-1492,1814,7518
-1492,1814,7518
-1492,1814,7518
-1492,1814,7518
-1492,1814,7518
-1492,1814,7518
-1492,1814,7518
-1492,1814,7518
-1492,1814,7518
-1558,1821,7379
-1558,1821,7379
-1558,1821,7379
-1558,1821,7379
-1558,1821,7379
-1558,1821,7379
-1558,1821,7379
-1558,1821,7379
-1558,1821,7379
-1558,1821,7379
-1627,1874,7132
-1627,1874,7132
-1627,1874,7132
-1627,1874,7132
-1627,1874,7132
-1627,1874,7132
-1709,1840,6995
-1709,1840,6995
-1709,1840,6995
-1709,1840,6995
-1709,1840,6995
-1709,1840,6995
-1709,1829,7424
-1607,1829,7424
-1607,1829,7424
-1607,1829,7424
-1607,1829,7424
-1607,1829,7424
-1607,1829,7424
-1607,1829,7424
-1607,1829,7424
-1607,1829,7424
-1129,1739,8150
-1129,1739,8150
-1129,1739,8150
-1129,1739,8150
-1129,1739,8150
-1129,1739,8150
-1129,1739,8150
-1129,1739,8150
-1129,1739,8150
-319,1698,8835
-319,1698,8835
-319,1698,8835
-319,1698,8835
-319,1698,8835
-319,1698,8835
-319,1698,8835
-319,1698,8835
43,1687,8997
43,1687,8997
43,1687,8997
43,1687,8997
43,1687,8997
43,1687,8997
43,1687,8997
43,1687,8997
43,1687,8997
691,1629,9237
691,1629,9237
691,1629,9237
691,1629,9237
691,1629,9237
691,1629,9237
691,1629,9237
691,1629,9237
691,1629,9237
2017,1515,9293
2017,1515,9293
2017,1515,9293
2017,1515,9293
2017,1515,9293
2017,1515,9293
2017,1515,9293
2017,1515,9293
2017,1515,9293
3490,1494,8750
3490,1494,8750
3490,1494,8750
3490,1494,8750
3490,1494,8750
3490,1494,8750
3490,1494,8750
3490,1494,8750
3490,1494,8750
4181,1555,8144
4181,1555,8144
4181,1555,8144
4181,1555,8144
4181,1555,8144
4181,1555,8144
4181,1555,8144
4181,1555,8144
4181,1555,8144
4181,1555,8144
4549,1595,7699
4549,1595,7699
4549,1595,7699
4549,1595,7699
4549,1595,7699
4549,1595,7699
4549,1595,7699
4549,1595,7699
4549,1595,7699
4780,1616,7095
4780,1616,7095
4780,1616,7095
4780,1616,7095
4780,1616,7095
4780,1616,7095
4780,1616,7095
4780,1616,7095
4780,1616,7095
4946,1711,6513
4946,1711,6513
4946,1711,6513
4946,1711,6513
4946,1711,6513
4946,1711,6513
4946,1711,6513
4946,1711,6513
4946,1711,6513
4969,1745,6134
4969,1745,6134
4969,1745,6134
4969,1745,6134
4969,1745,6134
4969,1745,6134
4969,1745,6134
4969,1745,6134
4969,1745,6134
4982,1753,6110
4982,1753,6110
4982,1753,6110
4982,1753,6110
4982,1753,6110
4982,1753,6110
4982,1753,6110
4982,1753,6110
4982,1753,6110
4994,1750,6500
4994,1750,6500
4994,1750,6500
4994,1750,6500
4994,1750,6500
4994,1750,6500
4994,1750,6500
4994,1750,6500
4994,1750,6500
4842,1715,7157
4842,1715,7157
4842,1715,7157
4842,1715,7157
4842,1715,7157
4842,1715,7157
4842,1715,7157
4842,1715,7157
4842,1720,7768
4546,1720,7768
4546,1720,7768
4546,1720,7768
4546,1720,7768
4546,1720,7768
4546,1720,7768
4546,1720,7768
4546,1720,7768
4546,1720,7768
4063,1682,8420
4063,1682,8420
4063,1682,8420
4063,1682,8420
4063,1682,8420
4063,1682,8420
4063,1682,8420
4063,1682,8420
4063,1682,8420
3212,1652,8986
3212,1652,8986
3212,1652,8986
3212,1652,8986
3212,1652,8986
3212,1652,8986
3212,1652,8986
3212,1652,8986
2403,1641,9279
2403,1641,9279
2403,1641,9279
2403,1641,9279
2403,1641,9279
2403,1641,9279
2403,1641,9279
2403,1641,9279
2403,1641,9279
2403,1641,9279
1467,1599,9311
1467,1599,9311
1467,1599,9311
1467,1599,9311
1467,1599,9311
1467,1599,9311
1467,1599,9311
1467,1599,9311
1467,1599,9311
429,1708,9175
429,1708,9175
429,1708,9175
429,1708,9175
429,1708,9175
429,1708,9175
429,1708,9175
429,1708,9175
429,1708,9175
429,1708,9175
-366,1780,8820
-366,1780,8820
-366,1780,8820
-366,1780,8820
-366,1780,8820
-366,1780,8820
-366,1780,8820
-366,1780,8820
-366,1780,8820
-1178,1914,8091
-1178,1914,8091
-1178,1914,8091
-1178,1914,8091
-1178,1914,8091
-1178,1914,8091
-1178,1914,8091
-1178,1914,8091
-1178,1914,8091
-1597,2098,7455
-1597,2098,7455
-1597,2098,7455
-1597,2098,7455
-1597,2098,7455
-1597,2098,7455
-1597,2098,7455
-1597,2098,7455
-1828,2160,6954
-1828,2160,6954
-1828,2160,6954
-1828,2160,6954
-1828,2160,6954
-1828,2160,6954
-1828,2160,6954
-1828,2160,6954
-1828,2160,6954
-1898,2248,6620
-1898,2248,6620
-1898,2248,6620
-1898,2248,6620
-1898,2248,6620
-1898,2248,6620
-1898,2248,6620
-1898,2248,6620
-1898,2248,6620
-1897,2266,6695
-1897,2266,6695
-1897,2266,6695
-1897,2266,6695
-1897,2266,6695
-1897,2266,6695
-1897,2266,6695
-1897,2266,6695
-1897,2266,6695
-1741,2326,7210
-1741,2326,7210
-1741,2326,7210
-1741,2326,7210
-1294,2361,8074
-1294,2361,8074
-1294,2361,8074
-1294,2361,8074
-1294,2361,8074
-1294,2361,8074
-1294,2361,8074
-1294,2361,8074
-1294,2361,8074
-1294,2361,8074
-392,2440,8920
-392,2440,8920
-392,2440,8920
-392,2440,8920
-392,2440,8920
-392,2440,8920
-392,2440,8920
-392,2440,8920
-392,2440,8920
346,2540,9301
346,2540,9301
346,2540,9301
346,2540,9301
346,2540,9301
346,2540,9301
346,2540,9301
346,2540,9301
346,2540,9301
1006,2618,9502
1006,2618,9502
1006,2618,9502
1006,2618,9502
1006,2618,9502
1006,2618,9502
1006,2618,9502
1006,2618,9502
1006,2618,9502
1832,2750,9545
1832,2750,9545
1832,2750,9545
1832,2750,9545
1832,2750,9545
1832,2750,9545
1832,2750,9545
1832,2750,9545
1832,2750,9545
1832,2750,9413
2664,2834,9413
2664,2834,9413
2664,2834,9413
2664,2834,9413
2664,2834,9413
2664,2834,9413
2664,2834,9413
2664,2834,9413
3307,2925,9165
3307,2925,9165
3307,2925,9165
3307,2925,9165
3307,2925,9165
3307,2925,9165
3307,2925,9165
3307,2925,9165
3307,2925,9165
4212,2972,8500
4212,2972,8500
4212,2972,8500
4212,2972,8500
4212,2972,8500
4212,2972,8500
4212,2972,8500
4212,2972,8500
4212,2972,8500
4758,3003,7834
4758,3003,7834
4758,3003,7834
4758,3003,7834
4758,3003,7834
4758,3003,7834
4758,3003,7834
4758,3003,7834
4758,3003,7834
5001,3045,7362
5001,3045,7362
5001,3045,7362
5001,3045,7362
5001,3045,7362
5001,3045,7362
5001,3045,7362
5001,3045,7362
5001,3045,7362
5181,3147,6797
5181,3147,6797
5181,3147,6797
5181,3147,6797
5181,3147,6797
5181,3147,6797
5181,3147,6797
5181,3147,6797
5181,3147,6797
5186,3266,6336
5186,3266,6336
5186,3266,6336
5186,3266,6336
5186,3266,6336
5186,3266,6336
5186,3266,6336
5186,3266,6336
5186,3266,6336
5195,3352,6117
5195,3352,6117
5195,3352,6117
5195,3352,6117
5195,3352,6117
5195,3352,6117
5195,3352,6117
5195,3352,6117
5195,3352,6117
5195,3352,6117
5158,3393,5989
5158,3393,5989
5158,3393,5989
5158,3393,5989
5158,3393,5989
5158,3393,5989
5158,3393,5989
5158,3393,5989
5158,3393,5989
5161,3402,6241
5161,3402,6241
5161,3402,6241
5161,3402,6241
5161,3402,6241
5161,3402,6241
5161,3402,6241
5161,3402,6241
5161,3402,6241
5161,3402,6241
5004,3346,7169
5004,3346,7169
5004,3346,7169
5004,3346,7169
5004,3346,7169
5004,3346,7169
5004,3346,7169
5004,3346,7169
4658,3256,7973
4658,3256,7973
4658,3256,7973
4658,3256,7973
4658,3256,7973
4658,3256,7973
4658,3256,7973
4658,3256,7973
4658,3256,7973
3903,3232,8769
3903,3232,8769
3903,3232,8769
3903,3232,8769
3903,3232,8769
3903,3232,8769
3903,3232,8769
3903,3232,8769
3903,3232,8769
2959,3227,9323
2959,3227,9323
2959,3227,9323
2959,3227,9323
2959,3227,9323
2959,3227,9323
2959,3227,9323
2959,3227,9323
2959,3227,9323
1802,3214,9586
1802,3214,9586
1802,3214,9586
1802,3214,9586
1802,3214,9586
1802,3214,9586
1802,3214,9586
1802,3214,9586
1802,3214,9586
557,3158,9379
557,3158,9379
557,3158,9379
557,3158,9379
557,3158,9379
557,3158,9379
557,3158,9379
557,3158,9379
557,3158,9379
-722,3215,8632
-722,3215,8632
-722,3215,8632
-722,3215,8632
-722,3215,8632
-722,3215,8632
-722,3215,8632
-722,3215,8632
-722,3215,8632
-1387,3268,7880
-1387,3268,7880
-1387,3268,7880
-1387,3268,7880
-1387,3268,7880
-1387,3268,7880
-1387,3268,7880
-1387,3268,7880
-1387,3268,7880
-1744,3362,7247
-1744,3362,7247
-1744,3362,7247
-1744,3362,7247
-1744,3362,7247
-1744,3362,7247
-1744,3362,7247
-1744,3362,7247
-1744,3362,7247
-1786,3387,7017
-1786,3387,7017
-1786,3387,7017
-1786,3387,7017
-1786,3387,7017
-1786,3387,7017
-1786,3387,7017
-1786,3387,7017
-1786,3387,7017
-1786,3387,7017
-1771,3409,7164
-1771,3409,7164
-1771,3409,7164
-1771,3409,7164
-1771,3409,7164
-1771,3409,7164
-1771,3409,7164
-1771,3409,7164
-1636,3415,7457
-1636,3415,7457
-1636,3415,7457
-1636,3415,7457
-1636,3415,7457
-1636,3415,7457
-1636,3415,7457
-1636,3415,7457
-1636,3415,7457
-1636,3415,7457
-1228,3420,8105
-1228,3420,8105
-1228,3420,8105
-1228,3420,8105
-1228,3420,8105
-1228,3420,8105
-1228,3420,8105
-456,3464,8907
-456,3464,8907
-456,3464,8907
-456,3464,8907
-456,3464,8907
-456,3464,8907
394,3440,9280
394,3440,9280
394,3440,9280
394,3440,9280
394,3440,9280
394,3440,9280
394,3440,9280
394,3440,9280
394,3440,9280
1108,3515,9489
1108,3515,9489
1108,3515,9489
1108,3515,9489
1108,3515,9489
1108,3515,9489
1108,3515,9489
1108,3515,9489
1108,3515,9489
1674,3542,9529
1674,3542,9529
1674,3542,9529
1674,3542,9529
1674,3542,9529
1674,3542,9529
1674,3542,9529
1674,3542,9529
1674,3542,9529
2476,3603,9382
2476,3603,9382
2476,3603,9382
2476,3603,9382
2476,3603,9382
2476,3603,9382
2476,3603,9382
2476,3603,9382
2476,3603,9382
3055,3605,9227
3055,3605,9227
3055,3605,9227
3055,3605,9227
3055,3605,9227
3055,3605,9227
3055,3605,9227
3055,3605,9227
3055,3605,9227
3766,3644,8836
3766,3644,8836
3766,3644,8836
3766,3644,8836
3766,3644,8836
3766,3644,8836
3766,3644,8836
3766,3644,8836
3766,3644,8836
4429,3688,8112
4429,3688,8112
4429,3688,8112
4429,3688,8112
4429,3688,8112
4429,3688,8112
4429,3688,8112
4429,3688,8112
4429,3688,8112
4429,3688,8112
4761,3767,7638
4761,3767,7638
4761,3767,7638
4761,3767,7638
4761,3767,7638
4761,3767,7638
4761,3767,7638
4761,3767,7638
4970,3775,7092
4970,3775,7092
4970,3775,7092
4970,3775,7092
4970,3775,7092
4970,3775,7092
4970,3775,7092
4970,3775,7092
4970,3775,7092
5047,3820,6626
5047,3820,6626
5047,3820,6626
5047,3820,6626
5047,3820,6626
5047,3820,6626
5047,3820,6626
5047,3820,6626
5047,3820,6626
5067,3880,6211
5067,3880,6211
5067,3880,6211
5067,3880,6211
5067,3880,6211
5067,3880,6211
5067,3880,6211
5067,3880,6211
5067,3880,6211
5049,3891,6075
5049,3891,6075
5049,3891,6075
5049,3891,6075
5049,3891,6075
5049,3891,6075
5049,3891,6075
5049,3891,6075
5049,3891,6075
5030,3822,6656
5030,3822,6656
5030,3822,6656
5030,3822,6656
5030,3822,6656
5030,3822,6656
5030,3822,6656
5030,3822,6656
5030,3822,6656
4823,3737,7515
4823,3737,7515
4823,3737,7515
4823,3737,7515
4823,3737,7515
4823,3737,7515
4823,3737,7515
4823,3737,7515
4823,3737,7515
4240,3720,8385
4240,3720,8385
4240,3720,8385
4240,3720,8385
4240,3720,8385
4240,3720,8385
4240,3720,8385
4240,3720,8385
4240,3720,8385
3483,3713,8986
3483,3713,8986
3483,3713,8986
3483,3713,8986
3483,3713,8986
3483,3713,8986
3483,3713,8986
3483,3713,8986
3483,3713,8986
2613,3727,9356
2613,3727,9356
2613,3727,9356
2613,3727,9356
2613,3727,9356
2613,3727,9356
2613,3727,9356
2613,3727,9356
2613,3727,9356
1755,3738,9453
1755,3738,9453
1755,3738,9453
1755,3738,9453
1755,3738,9453
1755,3738,9453
1755,3738,9453
1755,3738,9453
1755,3738,9453
752,3757,9337
752,3757,9337
752,3757,9337
752,3757,9337
752,3757,9337
752,3757,9337
752,3757,9337
752,3757,9337
752,3757,9337
-106,3768,8990
-106,3768,8990
-106,3768,8990
-106,3768,8990
-106,3768,8990
-106,3768,8990
-106,3768,8990
-106,3768,8990
-106,3768,8990
-802,3834,8399
-802,3834,8399
-802,3834,8399
-802,3834,8399
-802,3834,8399
-802,3834,8399
-802,3834,8399
-802,3834,8399
-802,3834,8399
-802,4008,7637
-1342,4008,7637
-1342,4008,7637
-1342,4008,7637
-1342,4008,7637
-1342,4008,7637
-1342,4008,7637
-1342,4008,7637
-1342,4008,7637
-1342,4008,7637
-1556,4169,6895
-1556,4169,6895
-1556,4169,6895
-1556,4169,6895
-1556,4169,6895
-1556,4169,6895
-1556,4169,6895
-1556,4169,6895
-1556,4169,6895
-1613,4357,6119
-1613,4357,6119
-1613,4357,6119
-1613,4357,6119
-1613,4357,6119
-1613,4357,6119
-1613,4357,6119
-1613,4357,6119
-1613,4357,6119
-1591,4348,6170
-1591,4348,6170
-1591,4348,6170
-1591,4348,6170
-1591,4348,6170
-1591,4348,6170
-1591,4348,6170
-1591,4348,6170
-1591,4348,6170
-1626,4316,6440
-1626,4316,6440
-1626,4316,6440
-1626,4316,6440
-1626,4316,6440
-1626,4316,6440
-1626,4316,6440
-1626,4316,6440
-1626,4316,6440
-1542,4127,7165
-1542,4127,7165
-1542,4127,7165
-1542,4127,7165
-1542,4127,7165
-1542,4127,7165
-1542,4127,7165
-1542,4127,7165
-1542,4127,7165
-918,3978,8293
-918,3978,8293
-918,3978,8293
-918,3978,8293
154,3923,9061
154,3923,9061
154,3923,9061
154,3923,9061
154,3923,9061
154,3923,9061
154,3923,9061
154,3923,9061
154,3923,9061
965,3928,9253
965,3928,9253
965,3928,9253
965,3928,9253
965,3928,9253
965,3928,9253
965,3928,9253
965,3928,9253
965,3928,9253
1651,3952,9387
1651,3952,9387
1651,3952,9387
1651,3952,9387
1651,3952,9387
1651,3952,9387
1651,3952,9387
1651,3952,9387
1651,3952,9387
2449,3878,9289
2449,3878,9289
2449,3878,9289
2449,3878,9289
2449,3878,9289
2449,3878,9289
2449,3878,9289
2449,3878,9289
2449,3878,9289
3478,3895,8893
3478,3895,8893
3478,3895,8893
3478,3895,8893
3478,3895,8893
3478,3895,8893
3478,3895,8893
3478,3895,8893
3478,3895,8893
4162,3902,8354
4162,3902,8354
4162,3902,8354
4162,3902,8354
4162,3902,8354
4162,3902,8354
4162,3902,8354
4162,3902,8354
4162,3902,8354
4511,3887,7902
4511,3887,7902
4511,3887,7902
4511,3887,7902
4511,3887,7902
4511,3887,7902
4511,3887,7902
4511,3887,7902
4511,3887,7902
4819,3946,7435
4819,3946,7435
4819,3946,7435
4819,3946,7435
4819,3946,7435
4819,3946,7435
4819,3946,7435
4819,3946,7435
4819,3946,7435
4937,3932,7055
4937,3932,7055
4937,3932,7055
4937,3932,7055
4937,3932,7055
4937,3932,7055
4937,3932,7055
4937,3932,7055
4937,3932,7055
4985,3943,6682
4985,3943,6682
4985,3943,6682
4985,3943,6682
4985,3943,6682
4985,3943,6682
4985,3943,6682
4985,3943,6682
5013,3923,6610
5013,3923,6610
5013,3923,6610
5013,3923,6610
5013,3923,6610
5013,3923,6610
5013,3923,6610
5013,3923,6610
5013,3923,6610
4961,3913,7030
4961,3913,7030
4961,3913,7030
4961,3913,7030
4961,3913,7030
4961,3913,7030
4961,3913,7030
4961,3913,7030
4961,3913,7030
4961,3913,7030
4526,3840,7984
4526,3840,7984
4526,3840,7984
4526,3840,7984
4526,3840,7984
4526,3840,7984
4526,3840,7984
4526,3840,7984
4526,3840,7984
3753,3771,8852
3753,3771,8852
3753,3771,8852
3753,3771,8852
3753,3771,8852
3753,3771,8852
3753,3771,8852
3753,3771,8852
3753,3771,8852
2411,3808,9379
2411,3808,9379
2411,3808,9379
2411,3808,9379
2411,3808,9379
2411,3808,9379
2411,3808,9379
2411,3808,9379
2411,3808,9379
1093,3880,9361
1093,3880,9361
1093,3880,9361
1093,3880,9361
1093,3880,9361
1093,3880,9361
1093,3880,9361
1093,3880,9361
1093,3880,9361
15,3930,8915
15,3930,8915
15,3930,8915
15,3930,8915
15,3930,8915
15,3930,8915
15,3930,8915
15,3930,8915
15,3930,8915
-787,3979,8358
-787,3979,8358
-787,3979,8358
-787,3979,8358
-787,3979,8358
-787,3979,8358
-787,3979,8358
-787,3979,8358
-787,3979,8358
-1343,4026,7671
-1343,4026,7671
-1343,4026,7671
-1343,4026,7671
-1343,4026,7671
-1343,4026,7671
-1343,4026,7671
-1343,4026,7671
-1343,4026,7671
-1534,4113,7035
-1534,4113,7035
-1534,4113,7035
-1534,4113,7035
-1534,4113,7035
-1534,4113,7035
-1534,4113,7035
-1534,4113,7035
-1636,4283,6059
-1636,4283,6059
-1636,4283,6059
-1636,4283,6059
-1636,4283,6059
-1636,4283,6059
-1636,4283,6059
-1636,4283,6059
-1636,4283,6059
-1455,4364,5367
-1455,4364,5367
-1455,4364,5367
-1455,4364,5367
-1455,4364,5367
-1455,4364,5367
-1455,4364,5367
-1455,4364,5367
-1455,4364,5367
-1378,4331,4965
-1378,4331,4965
-1378,4331,4965
-1378,4331,4965
-1378,4331,4965
-1378,4331,4965
-1378,4331,4965
-1378,4331,4965
-1378,4331,4965
-1378,4331,4965
-1598,4194,5445
-1598,4194,5445
-1598,4194,5445
-1598,4194,5445
-1598,4194,5445
-1598,4194,5445
-1598,4194,5445
-1598,4194,5445
-1598,4194,5445
-1649,4044,6677
-1649,4044,6677
-1649,4044,6677
-1649,4044,6677
-1649,4044,6677
-1649,4044,6677
-1649,4044,6677
-1649,4044,6677
-1649,4044,6677
-1183,3916,7968
-1183,3916,7968
-1183,3916,7968
-1183,3916,7968
-1183,3916,7968
-1183,3916,7968
-1183,3916,7968
-1183,3916,7968
-1183,3916,7968
-1183,3916,8780
-402,3836,8780
-402,3836,8780
-402,3836,8780
-402,3836,8780
-402,3836,8780
-402,3836,8780
-402,3836,8780
-402,3836,8780
-402,3836,8780
707,3727,9315
707,3727,9315
707,3727,9315
707,3727,9315
707,3727,9315
707,3727,9315
707,3727,9315
707,3727,9315
707,3727,9315
1773,3684,9522
1773,3684,9522
1773,3684,9522
1773,3684,9522
2434,3714,9415
2434,3714,9415
2434,3714,9415
2434,3714,9415
2434,3714,9415
2434,3714,9415
2434,3714,9415
2434,3714,9415
3152,3668,9177
3152,3668,9177
3152,3668,9177
3152,3668,9177
3152,3668,9177
3152,3668,9177
3152,3668,9177
3152,3668,9177
3152,3668,9177
3788,3722,8776
3788,3722,8776
3788,3722,8776
3788,3722,8776
3788,3722,8776
3788,3722,8776
3788,3722,8776
3788,3722,8776
3788,3722,8776
4428,3792,8134
4428,3792,8134
4428,3792,8134
4428,3792,8134
4428,3792,8134
4428,3792,8134
4428,3792,8134
4428,3792,8134
4428,3792,8134
4428,3792,8134
4650,3827,7689
4650,3827,7689
4650,3827,7689
4650,3827,7689
4650,3827,7689
4650,3827,7689
4650,3827,7689
4650,3827,7689
4650,3827,7689
4862,3929,7201
4862,3929,7201
4862,3929,7201
4862,3929,7201
4862,3929,7201
4862,3929,7201
4862,3929,7201
4862,3929,7201
4862,3929,7201
4969,3901,6934
4969,3901,6934
4969,3901,6934
4969,3901,6934
4969,3901,6934
4969,3901,6934
4969,3901,6934
4969,3901,6934
4969,3901,6934
4937,3895,6996
4937,3895,6996
4937,3895,6996
4937,3895,6996
4937,3895,6996
4937,3895,6996
4937,3895,6996
4937,3895,6996
4937,3895,6996
4803,3879,7452
4803,3879,7452
4803,3879,7452
4803,3879,7452
4803,3879,7452
4803,3879,7452
4803,3879,7452
4803,3879,7452
4803,3879,7452
4325,3830,8228
4325,3830,8228
4325,3830,8228
4325,3830,8228
4325,3830,8228
4325,3830,8228
4325,3830,8228
4325,3830,8228
4325,3830,8228
3474,3840,9000
3474,3840,9000
3474,3840,9000
3474,3840,9000
3474,3840,9000
3474,3840,9000
3474,3840,9000
3474,3840,9000
3474,3840,9000
2427,3807,9358
2427,3807,9358
2427,3807,9358
2427,3807,9358
2427,3807,9358
2427,3807,9358
2427,3807,9358
2427,3807,9358
2427,3807,9358
1159,3803,9343
1159,3803,9343
1159,3803,9343
1159,3803,9343
1159,3803,9343
1159,3803,9343
1159,3803,9343
1159,3803,9343
1159,3803,9343
96,3798,9051
96,3798,9051
96,3798,9051
96,3798,9051
96,3798,9051
96,3798,9051
96,3798,9051
96,3798,9051
96,3798,9051
-739,3899,8419
-739,3899,8419
-739,3899,8419
-739,3899,8419
-739,3899,8419
-739,3899,8419
-739,3899,8419
-739,3899,8419
-739,3899,8419
-1435,3953,7513
-1435,3953,7513
-1435,3953,7513
-1435,3953,7513
-1435,3953,7513
-1435,3953,7513
-1435,3953,7513
-1435,3953,7513
-1435,3953,7513
-1435,3953,7513
-1700,4016,6760
-1700,4016,6760
-1700,4016,6760
-1700,4016,6760
-1700,4016,6760
-1700,4016,6760
-1700,4016,6760
-1700,4016,6760
-1700,4016,6760
-1735,4065,5989
-1735,4065,5989
-1735,4065,5989
-1735,4065,5989
-1735,4065,5989
-1735,4065,5989
-1735,4065,5989
-1735,4065,5989
-1735,4065,5989
-1595,4079,5251
-1595,4079,5251
-1595,4079,5251
-1595,4079,5251
-1595,4079,5251
-1595,4079,5251
-1595,4079,5251
-1595,4079,5251
-1595,4079,5251
-1517,4072,5003
-1517,4072,5003
-1517,4072,5003
-1517,4072,5003
-1517,4072,5003
-1517,4072,5003
-1517,4072,5003
-1517,4072,5003
-1517,4072,5003
-1631,4042,5304
-1631,4042,5304
-1631,4042,5304
-1631,4042,5304
-1631,4042,5304
-1631,4042,5304
-1631,4042,5304
-1631,4042,5304
-1631,4042,5304
-1761,3904,6124
-1761,3904,6124
-1761,3904,6124
-1761,3904,6124
-1761,3904,6124
-1761,3904,6124
-1761,3904,6124
-1761,3904,6124
-1590,3719,7286
-1590,3719,7286
-1590,3719,7286
-1590,3719,7286
-1590,3719,7286
-1590,3719,7286
-1590,3719,7286
-1590,3719,7286
-1590,3719,7286
-1068,3554,8244
-1068,3554,8244
-1068,3554,8244
-1068,3554,8244
-1068,3554,8244
-1068,3554,8244
-1068,3554,8244
-1068,3554,8244
-1068,3554,8244
-1068,3355,8732
-511,3355,8732
-511,3355,8732
-511,3355,8732
-511,3355,8732
-511,3355,8732
-511,3355,8732
-511,3355,8732
-511,3355,8732
-511,3355,8732
-91,3260,9087
-91,3260,9087
-91,3260,9087
-91,3260,9087
-91,3260,9087
-91,3260,9087
-91,3260,9087
-91,3260,9087
739,3161,9434
739,3161,9434
739,3161,9434
739,3161,9434
739,3161,9434
739,3161,9434
739,3161,9434
739,3161,9434
739,3161,9434
739,3161,9434
1747,3079,9530
1747,3079,9530
1747,3079,9530
1747,3079,9530
1747,3079,9530
1747,3079,9530
2238,3088,9491
2238,3088,9491
2238,3088,9491
2238,3088,9491
2238,3088,9491
2238,3088,9491
2238,3088,9491
2238,3088,9491
2931,3088,9297
2931,3088,9297
2931,3088,9297
2931,3088,9297
2931,3088,9297
2931,3088,9297
2931,3088,9297
2931,3088,9297
2931,3088,9297
3578,3030,8981
3578,3030,8981
3578,3030,8981
3578,3030,8981
3578,3030,8981
3578,3030,8981
3578,3030,8981
3578,3030,8981
3578,3030,8981
3974,2960,8728
3974,2960,8728
3974,2960,8728
3974,2960,8728
3974,2960,8728
3974,2960,8728
3974,2960,8728
3974,2960,8728
4410,2984,8313
4410,2984,8313
4410,2984,8313
4410,2984,8313
4410,2984,8313
4410,2984,8313
4410,2984,8313
4410,2984,8313
4410,2984,8313
4647,2955,7935
4647,2955,7935
4647,2955,7935
4647,2955,7935
4647,2955,7935
4647,2955,7935
4647,2955,7935
4647,2955,7935
4647,2955,7935
4838,2988,7636
4838,2988,7636
4838,2988,7636
4838,2988,7636
4838,2988,7636
4838,2988,7636
4838,2988,7636
4838,2988,7636
4838,2988,7636
4838,2988,7636
4872,2977,7552
4872,2977,7552
4872,2977,7552
4872,2977,7552
4872,2977,7552
4872,2977,7552
4872,2977,7552
4872,2977,7552
4570,2956,8173
4570,2956,8173
4570,2956,8173
4570,2956,8173
4570,2956,8173
4570,2956,8173
4570,2956,8173
4570,2956,8173
4570,2956,8173
4570,2956,8173
3956,2926,8814
3956,2926,8814
3956,2926,8814
3956,2926,8814
3956,2926,8814
3956,2926,8814
3956,2926,8814
3956,2926,8814
3956,2926,8814
3072,2970,9314
3072,2970,9314
3072,2970,9314
3072,2970,9314
3072,2970,9314
3072,2970,9314
3072,2970,9314
3072,2970,9314
3072,2970,9314
3072,2970,9314
2140,2996,9528
2140,2996,9528
2140,2996,9528
2140,2996,9528
2140,2996,9528
2140,2996,9528
2140,2996,9528
2140,2996,9528
2140,2996,9528
1212,3081,9497
1212,3081,9497
1212,3081,9497
1212,3081,9497
1212,3081,9497
1212,3081,9497
1212,3081,9497
1212,3081,9497
1212,3081,9497
107,3112,9147
107,3112,9147
107,3112,9147
107,3112,9147
107,3112,9147
107,3112,9147
107,3112,9147
107,3112,9147
-805,3145,8504
-805,3145,8504
-805,3145,8504
-805,3145,8504
-805,3145,8504
-805,3145,8504
-805,3145,8504
-805,3145,8504
-805,3145,8504
-1396,3145,7779
-1396,3145,7779
-1396,3145,7779
-1396,3145,7779
-1396,3145,7779
-1396,3145,7779
-1396,3145,7779
-1396,3145,7779
-1396,3145,7779
-1783,3193,6939
-1783,3193,6939
-1783,3193,6939
-1783,3193,6939
-1783,3193,6939
-1783,3193,6939
-1783,3193,6939
-1783,3193,6939
-1783,3193,6939
-1945,3192,6062
-1945,3192,6062
-1945,3192,6062
-1945,3192,6062
-1945,3192,6062
-1945,3192,6062
-1945,3192,6062
-1945,3192,6062
-1945,3192,6062
-1827,3223,5400
-1827,3223,5400
-1827,3223,5400
-1827,3223,5400
-1827,3223,5400
-1827,3223,5400
-1827,3223,5400
-1827,3223,5400
-1827,3223,5400
-1724,3142,5073
-1724,3142,5073
-1724,3142,5073
-1724,3142,5073
-1724,3142,5073
-1724,3142,5073
-1724,3142,5073
-1724,3142,5073
-1724,3142,5073
-1762,3078,5043
-1762,3078,5043
-1762,3078,5043
-1762,3078,5043
-1762,3078,5043
-1762,3078,5043
-1762,3078,5043
-1762,3078,5043
-1762,3078,5043
-1762,3078,5043
-1862,3038,5344
-1862,3038,5344
-1862,3038,5344
-1862,3038,5344
-1862,3038,5344
-1862,3038,5344
-1862,3038,5344
-1862,3038,5344
-1862,3038,5344
-1953,2975,6241
-1953,2975,6241
-1953,2975,6241
-1953,2975,6241
-1953,2975,6241
-1953,2975,6241
-1953,2975,6241
-1953,2975,6241
-1953,2975,6241
-1834,2907,7071
-1834,2907,7071
-1834,2907,7071
-1834,2907,7071
-1834,2907,7071
-1834,2907,7071
-1834,2907,7071
-1834,2907,7071
-1632,2870,7577
-1632,2870,7577
-1632,2870,7577
-1632,2870,7577
-1632,2870,7577
-1632,2870,7577
-1632,2870,7577
-1632,2870,7577
-1632,2870,7577
-1632,2870,7577
-1328,2797,8090
-1328,2797,8090
-1328,2797,8090
-1328,2797,8090
-1328,2797,8090
-1328,2797,8090
-1328,2797,8090
-1328,2797,8090
-1328,2797,8090
-949,2760,8497
-949,2760,8497
-949,2760,8497
-949,2760,8497
-949,2760,8497
-949,2760,8497
-949,2760,8497
-949,2760,8497
-949,2760,8497
-422,2691,8921
-422,2691,8921
-422,2691,8921
-422,2691,8921
-422,2691,8921
-422,2691,8921
-422,2691,8921
-422,2691,8921
150,2547,9213
150,2547,9213
150,2547,9213
150,2547,9213
150,2547,9213
686,2495,9411
686,2495,9411
686,2495,9411
686,2495,9411
686,2495,9411
686,2495,9411
686,2495,9411
686,2495,9411
686,2495,9411
1751,2383,9530
1751,2383,9530
1751,2383,9530
1751,2383,9530
1751,2383,9530
1751,2383,9530
1751,2383,9530
1751,2383,9530
1751,2383,9530
2575,2299,9334
2575,2299,9334
2575,2299,9334
2575,2299,9334
2575,2299,9334
2575,2299,9334
2575,2299,9334
2575,2299,9334
2575,2299,9334
3526,2239,8957
3526,2239,8957
3526,2239,8957
3526,2239,8957
3526,2239,8957
3526,2239,8957
3526,2239,8957
3526,2239,8957
3526,2239,8957
3526,2239,8957
4117,2243,8525
4117,2243,8525
4117,2243,8525
4117,2243,8525
4117,2243,8525
4117,2243,8525
4117,2243,8525
4117,2243,8525
4469,2270,8170
4469,2270,8170
4469,2270,8170
4469,2270,8170
4469,2270,8170
4469,2270,8170
4469,2270,8170
4469,2270,8170
4469,2270,8170
4701,2243,7701
4701,2243,7701
4701,2243,7701
4701,2243,7701
4701,2243,7701
4701,2243,7701
4701,2243,7701
4701,2243,7701
4701,2243,7701
4821,2122,7470
4821,2122,7470
4821,2122,7470
4821,2122,7470
4821,2122,7470
4821,2122,7470
4821,2122,7470
4821,2122,7470
4821,2122,7470
4798,2151,7593
4798,2151,7593
4798,2151,7593
4798,2151,7593
4798,2151,7593
4798,2151,7593
4798,2151,7593
4798,2151,7593
4798,2151,7593
4564,2203,8054
4564,2203,8054
4564,2203,8054
4564,2203,8054
4564,2203,8054
4564,2203,8054
4564,2203,8054
4564,2203,8054
4564,2203,8054
3895,2190,8769
3895,2190,8769
3895,2190,8769
3895,2190,8769
3895,2190,8769
3895,2190,8769
3895,2190,8769
3895,2190,8769
3895,2190,8769
3895,2190,8769
2891,2164,9257
2891,2164,9257
2891,2164,9257
2891,2164,9257
2891,2164,9257
2891,2164,9257
2891,2164,9257
2891,2164,9257
2891,2164,9257
1346,2163,9447
1346,2163,9447
1346,2163,9447
1346,2163,9447
1346,2163,9447
1346,2163,9447
1346,2163,9447
1346,2163,9447
1346,2163,9447
-137,2259,8975
-137,2259,8975
-137,2259,8975
-137,2259,8975
-137,2259,8975
-137,2259,8975
-137,2259,8975
-137,2259,8975
-1117,2365,8194
-1117,2365,8194
-1117,2365,8194
-1117,2365,8194
-1117,2365,8194
-1117,2365,8194
-1117,2365,8194
-1117,2365,8194
-1117,2365,8194
-1117,2365,8194
-1653,2438,7408
-1653,2438,7408
-1653,2438,7408
-1653,2438,7408
-1653,2438,7408
-1653,2438,7408
-1653,2438,7408
-1653,2438,7408
-1653,2438,7408
-1924,2555,6362
-1924,2555,6362
-1924,2555,6362
-1924,2555,6362
-1924,2555,6362
-1924,2555,6362
-1924,2555,6362
-1924,2555,6362
-1924,2555,6362
-1846,2626,5378
-1846,2626,5378
-1846,2626,5378
-1846,2626,5378
-1846,2626,5378
-1846,2626,5378
-1846,2626,5378
-1846,2626,5378
-1846,2626,5378
-1630,2553,4778
-1630,2553,4778
-1630,2553,4778
-1630,2553,4778
-1630,2553,4778
-1630,2553,4778
-1630,2553,4778
-1630,2553,4778
-1630,2553,4778
-1462,2521,4494
-1462,2521,4494
-1462,2521,4494
-1462,2521,4494
-1462,2521,4494
-1462,2521,4494
-1462,2521,4494
-1462,2521,4494
-1462,2521,4494
-1653,2362,4898
-1653,2362,4898
-1653,2362,4898
-1653,2362,4898
-1653,2362,4898
-1653,2362,4898
-1653,2362,4898
-1653,2362,4898
-1653,2362,4898
-1839,2206,6154
-1839,2206,6154
-1839,2206,6154
-1839,2206,6154
-1839,2206,6154
-1839,2206,6154
-1839,2206,6154
-1839,2206,6154
-1839,2206,6154
-1537,2076,7527
-1537,2076,7527
-1537,2076,7527
-1537,2076,7527
-1537,2076,7527
-1537,2076,7527
-1537,2076,7527
-1537,2076,7527
-1537,2076,7527
-760,1966,8569
-760,1966,8569
-760,1966,8569
-760,1966,8569
-760,1966,8569
-760,1966,8569
-760,1966,8569
-760,1966,8569
-760,1966,8569
400,1880,9184
400,1880,9184
400,1880,9184
400,1880,9184
400,1880,9184
400,1880,9184
400,1880,9184
400,1880,9184
400,1880,9184
2176,1876,9444
2176,1876,9444
2176,1876,9444
2176,1876,9444
2176,1876,9444
2176,1876,9444
2176,1876,9444
2176,1876,9444
3218,1914,9090
3218,1914,9090
3218,1914,9090
3218,1914,9090
3218,1914,9090
3218,1914,9090
3218,1914,9090
3218,1914,9090
3218,1914,9090
3218,1914,9090
4270,1924,8358
4270,1924,8358
4270,1924,8358
4270,1924,8358
4724,2029,7746
4724,2029,7746
4724,2029,7746
4724,2029,7746
4724,2029,7746
4724,2029,7746
4724,2029,7746
4724,2029,7746
4724,2029,7746
4913,2037,7253
4913,2037,7253
4913,2037,7253
4913,2037,7253
4913,2037,7253
4913,2037,7253
4913,2037,7253
4913,2037,7253
4913,2037,7253
4995,1917,6874
4995,1917,6874
4995,1917,6874
4995,1917,6874
4995,1917,6874
4995,1917,6874
4995,1917,6874
4995,1917,6874
4995,1917,6874
5008,1856,6841
5008,1856,6841
5008,1856,6841
5008,1856,6841
5008,1856,6841
5008,1856,6841
5008,1856,6841
5008,1856,6841
5008,1856,6841
4759,1840,7537
4759,1840,7537
4759,1840,7537
4759,1840,7537
4759,1840,7537
4759,1840,7537
4759,1840,7537
4759,1840,7537
4759,1840,7537
4109,1820,8430
4109,1820,8430
4109,1820,8430
4109,1820,8430
4109,1820,8430
4109,1820,8430
4109,1820,8430
4109,1820,8430
4109,1820,8430
4109,1820,9118
3229,1809,9118
3229,1809,9118
3229,1809,9118
3229,1809,9118
3229,1809,9118
3229,1809,9118
3229,1809,9118
3229,1809,9118
3229,1809,9118
2227,1819,9368
2227,1819,9368
2227,1819,9368
2227,1819,9368
2227,1819,9368
2227,1819,9368
2227,1819,9368
2227,1819,9368
1051,1704,9327
1051,1704,9327
1051,1704,9327
1051,1704,9327
1051,1704,9327
1051,1704,9327
1051,1704,9327
1051,1704,9327
1051,1704,9327
159,1699,8975
159,1699,8975
159,1699,8975
159,1699,8975
159,1699,8975
159,1699,8975
159,1699,8975
159,1699,8975
159,1699,8975
-855,1738,8189
-855,1738,8189
-855,1738,8189
-855,1738,8189
-855,1738,8189
-855,1738,8189
-855,1738,8189
-855,1738,8189
-855,1738,8189
-855,1738,8189
-1548,1823,7180
-1548,1823,7180
-1548,1823,7180
-1548,1823,7180
-1548,1823,7180
-1548,1823,7180
-1548,1823,7180
-1548,1823,7180
-1548,1823,7180
-1812,1981,5937
-1812,1981,5937
-1812,1981,5937
-1812,1981,5937
-1812,1981,5937
-1812,1981,5937
-1812,1981,5937
-1812,1981,5937
-1812,1981,5937
-1666,2059,5152
-1666,2059,5152
-1666,2059,5152
-1666,2059,5152
-1666,2059,5152
-1666,2059,5152
-1666,2059,5152
-1666,2059,5152
-1666,2059,5152
-1597,2100,4938
-1597,2100,4938
-1597,2100,4938
-1597,2100,4938
-1597,2100,4938
-1597,2100,4938
-1597,2100,4938
-1597,2100,4938
-1597,2100,4938
-1705,2020,5139
-1705,2020,5139
-1705,2020,5139
-1705,2020,5139
-1705,2020,5139
-1705,2020,5139
-1705,2020,5139
-1705,2020,5139
-1705,2020,5139
-1804,1897,6173
-1804,1897,6173
-1804,1897,6173
-1804,1897,6173
-1804,1897,6173
-1804,1897,6173
-1804,1897,6173
-1804,1897,6173
-1804,1897,6173
-1473,1773,7471
-1473,1773,7471
-1473,1773,7471
-1473,1773,7471
-1473,1773,7471
-1473,1773,7471
-1473,1773,7471
-1473,1773,7471
-687,1649,8488
-687,1649,8488
-687,1649,8488
-687,1649,8488
-687,1649,8488
-687,1649,8488
-687,1649,8488
-687,1649,8488
-687,1649,8488
333,1535,9046
333,1535,9046
333,1535,9046
333,1535,9046
333,1535,9046
333,1535,9046
333,1535,9046
333,1535,9046
333,1535,9046
1125,1457,9240
1125,1457,9240
1125,1457,9240
1125,1457,9240
1125,1457,9240
1125,1457,9240
1125,1457,9240
1125,1457,9240
1125,1457,9240
1874,1357,9223
1874,1357,9223
1874,1357,9223
1874,1357,9223
1874,1357,9223
1874,1357,9223
1874,1357,9223
1874,1357,9223
1874,1357,9223
1874,1357,9223
2578,1364,9116
2578,1364,9116
2578,1364,9116
2578,1364,9116
2578,1364,9116
2578,1364,9116
2578,1364,9116
2578,1364,9116
2578,1364,9116
3079,1452,8926
3079,1452,8926
3079,1452,8926
3079,1452,8926
3079,1452,8926
3079,1452,8926
3079,1452,8926
3079,1452,8926
3079,1452,8926
3475,1510,8731
3475,1510,8731
3475,1510,8731
3475,1510,8731
3475,1510,8731
3475,1510,8731
3475,1510,8731
3475,1510,8731
3475,1510,8731
4125,1591,8275
4125,1591,8275
4125,1591,8275
4125,1591,8275
4125,1591,8275
4125,1591,8275
4125,1591,8275
4125,1591,8275
4125,1591,8275
4822,1632,7145
4822,1632,7145
4822,1632,7145
4822,1632,7145
4822,1632,7145
4822,1632,7145
4822,1632,7145
4822,1632,7145
4822,1632,7145
4998,1652,6632
4998,1652,6632
4998,1652,6632
4998,1652,6632
4998,1652,6632
4998,1652,6632
4998,1652,6632
4998,1652,6632
5007,1681,6446
5007,1681,6446
5007,1681,6446
5007,1681,6446
5007,1681,6446
5017,1687,6407
5017,1687,6407
5017,1687,6407
5017,1687,6407
5017,1687,6407
5017,1687,6407
5017,1687,6407
5017,1687,6407
5017,1687,6407
4893,1673,6994
4893,1673,6994
4893,1673,6994
4893,1673,6994
4893,1673,6994
4893,1673,6994
4893,1673,6994
4893,1673,6994
4893,1673,6994
4352,1575,8033
4352,1575,8033
4352,1575,8033
4352,1575,8033
4352,1575,8033
4352,1575,8033
4352,1575,8033
4352,1575,8033
4352,1575,8033
3646,1506,8742
3646,1506,8742
3646,1506,8742
3646,1506,8742
3646,1506,8742
3646,1506,8742
3646,1506,8742
3646,1506,8742
3646,1506,8742
2355,1437,9252
2355,1437,9252
2355,1437,9252
2355,1437,9252
2355,1437,9252
2355,1437,9252
2355,1437,9252
2355,1437,9252
2355,1437,9252
2355,1437,9252
1095,1538,9245
1095,1538,9245
1095,1538,9245
1095,1538,9245
1095,1538,9245
1095,1538,9245
1095,1538,9245
1095,1538,9245
1095,1538,9245
196,1616,8952
196,1616,8952
196,1616,8952
196,1616,8952
196,1616,8952
196,1616,8952
196,1616,8952
196,1616,8952
196,1616,8952
-563,1608,8528
-563,1608,8528
-563,1608,8528
-563,1608,8528
-563,1608,8528
-563,1608,8528
-563,1608,8528
-563,1608,8528
-563,1608,8528
-1224,1750,7729
-1224,1750,7729
-1224,1750,7729
-1224,1750,7729
-1224,1750,7729
-1224,1750,7729
-1224,1750,7729
-1224,1750,7729
-1643,1808,6809
-1643,1808,6809
-1643,1808,6809
-1643,1808,6809
-1643,1808,6809
-1643,1808,6809
-1643,1808,6809
-1643,1808,6809
-1643,1808,6809
-1811,1950,6094
-1811,1950,6094
-1811,1950,6094
-1811,1950,6094
-1811,1950,6094
-1811,1950,6094
-1811,1950,6094
-1811,1950,6094
-1811,1950,6094
-1801,2004,5748
-1801,2004,5748
-1801,2004,5748
-1801,2004,5748
-1801,2004,5748
-1801,2004,5748
-1801,2004,5748
-1801,2004,5748
-1801,2004,5748
-1801,2004,5748
-1820,1932,6126
-1820,1932,6126
-1820,1932,6126
-1820,1932,6126
-1820,1932,6126
-1820,1932,6126
-1820,1932,6126
-1820,1932,6126
-1820,1932,6126
-1461,1812,7572
-1461,1812,7572
-1461,1812,7572
-1461,1812,7572
-1461,1812,7572
-1461,1812,7572
-1461,1812,7572
-1461,1812,7572
-1461,1812,7572
-20,1729,8966
-20,1729,8966
-20,1729,8966
-20,1729,8966
-20,1729,8966
-20,1729,8966
-20,1729,8966
-20,1729,8966
1003,1749,9371
1003,1749,9371
1003,1749,9371
1003,1749,9371
1003,1749,9371
1003,1749,9371
1003,1749,9371
1003,1749,9371
1003,1749,9371
1003,1749,9371
1664,1699,9378
1664,1699,9378
1664,1699,9378
1664,1699,9378
1664,1699,9378
1664,1699,9378
1664,1699,9378
1664,1699,9378
1664,1699,9378
1664,1699,9323
2433,1629,9323
2433,1629,9323
2433,1629,9323
2433,1629,9323
2433,1629,9323
2433,1629,9323
2433,1629,9323
2433,1629,9323
2433,1629,9323
3196,1681,9035
3196,1681,9035
3196,1681,9035
3196,1681,9035
3196,1681,9035
3196,1681,9035
3196,1681,9035
3196,1681,9035
3962,1681,8471
3962,1681,8471
3962,1681,8471
3962,1681,8471
3962,1681,8471
3962,1681,8471
3962,1681,8471
3962,1681,8471
3962,1681,8471
4618,1730,7717
4618,1730,7717
4618,1730,7717
4618,1730,7717
4618,1730,7717
4618,1730,7717
4618,1730,7717
4618,1730,7717
4618,1730,7717
4904,1762,7101
4904,1762,7101
4904,1762,7101
4904,1762,7101
4904,1762,7101
4904,1762,7101
4904,1762,7101
4904,1762,7101
4904,1762,7101
5077,1813,6487
5077,1813,6487
5077,1813,6487
5077,1813,6487
5077,1813,6487
5077,1813,6487
5077,1813,6487
5077,1813,6487
5077,1813,6487
5075,1757,6100
5075,1757,6100
5075,1757,6100
5075,1757,6100
5075,1757,6100
5075,1757,6100
5075,1757,6100
5075,1757,6100
5075,1757,6100
5052,1757,6376
5052,1757,6376
5052,1757,6376
5052,1757,6376
5052,1757,6376
5052,1757,6376
5052,1757,6376
5052,1757,6376
5052,1757,6376
4914,1762,7118
4914,1762,7118
4914,1762,7118
4914,1762,7118
4914,1762,7118
4914,1762,7118
4914,1762,7118
4914,1762,7118
4914,1762,7118
4429,1714,8107
4429,1714,8107
4429,1714,8107
4429,1714,8107
4429,1714,8107
4429,1714,8107
4429,1714,8107
4429,1714,8107
4429,1714,8107
3649,1712,8841
3649,1712,8841
3649,1712,8841
3649,1712,8841
3649,1712,8841
2636,1757,9276
2636,1757,9276
2636,1757,9276
2636,1757,9276
2636,1757,9276
2636,1757,9276
2636,1757,9276
2636,1757,9276
2636,1757,9276
1567,1834,9471
1567,1834,9471
1567,1834,9471
1567,1834,9471
1567,1834,9471
1567,1834,9471
1567,1834,9471
1567,1834,9471
627,1932,9329
627,1932,9329
627,1932,9329
627,1932,9329
627,1932,9329
627,1932,9329
627,1932,9329
627,1932,9329
627,1932,9329
-298,2026,8899
-298,2026,8899
-298,2026,8899
-298,2026,8899
-298,2026,8899
-298,2026,8899
-298,2026,8899
-298,2026,8899
-298,2026,8899
-1082,2086,8162
-1082,2086,8162
-1082,2086,8162
-1082,2086,8162
-1082,2086,8162
-1082,2086,8162
-1082,2086,8162
-1082,2086,8162
-1082,2086,8162
-1568,2220,7409
-1568,2220,7409
-1568,2220,7409
-1568,2220,7409
-1568,2220,7409
-1568,2220,7409
-1568,2220,7409
-1568,2220,7409
-1568,2220,7409
-1835,2349,6662
-1835,2349,6662
-1835,2349,6662
-1835,2349,6662
-1835,2349,6662
-1835,2349,6662
-1835,2349,6662
-1835,2349,6662
-1835,2349,6662
-1929,2440,6124
-1929,2440,6124
-1929,2440,6124
-1929,2440,6124
-1929,2440,6124
-1929,2440,6124
-1929,2440,6124
-1929,2440,6124
-1929,2440,6124
-1958,2545,6194
-1958,2545,6194
-1958,2545,6194
-1958,2545,6194
-1958,2545,6194
-1958,2545,6194
-1958,2545,6194
-1958,2545,6194
-1958,2545,6194
-1807,2507,7093
-1807,2507,7093
-1807,2507,7093
-1807,2507,7093
-1807,2507,7093
-1807,2507,7093
-1807,2507,7093
-1807,2507,7093
-1807,2507,7093
-1027,2459,8402
-1027,2459,8402
-1027,2459,8402
-1027,2459,8402
-1027,2459,8402
-1027,2459,8402
-1027,2459,8402
-1027,2459,8402
-1027,2459,8402
-164,2505,9098
-164,2505,9098
-164,2505,9098
-164,2505,9098
-164,2505,9098
-164,2505,9098
-164,2505,9098
-164,2505,9098
-164,2505,9098
978,2516,9538
978,2516,9538
978,2516,9538
978,2516,9538
978,2516,9538
978,2516,9538
978,2516,9538
978,2516,9538
978,2516,9538
1838,2426,9589
1838,2426,9589
1838,2426,9589
1838,2426,9589
1838,2426,9589
1838,2426,9589
1838,2426,9589
1838,2426,9589
1838,2426,9589
2689,2397,9398
2689,2397,9398
2689,2397,9398
2689,2397,9398
2689,2397,9398
2689,2397,9398
2689,2397,9398
2689,2397,9398
2689,2397,9398
3376,2472,9220
3376,2472,9220
3376,2472,9220
3376,2472,9220
3376,2472,9220
3376,2472,9220
3376,2472,9220
3376,2472,9220
3376,2472,9220
4056,2537,8735
4056,2537,8735
4056,2537,8735
4056,2537,8735
4056,2537,8735
4056,2537,8735
4056,2537,8735
4056,2537,8735
4056,2537,8735
4564,2620,8185
4564,2620,8185
4564,2620,8185
4564,2620,8185
4564,2620,8185
4564,2620,8185
4564,2620,8185
4564,2620,8185
4564,2620,8185
5183,2711,6746
5183,2711,6746
5183,2711,6746
5183,2711,6746
5183,2711,6746
5183,2711,6746
5183,2711,6746
5183,2711,6746
5183,2711,6746
5183,2784,6008
5238,2784,6008
5238,2784,6008
5238,2784,6008
5238,2784,6008
5238,2784,6008
5238,2784,6008
5238,2784,6008
5238,2784,6008
5238,2784,6008
5146,2867,5401
5146,2867,5401
5146,2867,5401
5146,2867,5401
5146,2867,5401
5146,2867,5401
5146,2867,5401
5146,2867,5401
5146,2867,5401
4994,2907,4984
4994,2907,4984
4994,2907,4984
4994,2907,4984
4994,2907,4984
4994,2907,4984
4994,2907,4984
4994,2907,4984
5072,2914,5009
5072,2914,5009
5072,2914,5009
5072,2914,5009
5072,2914,5009
5072,2914,5009
5072,2914,5009
5072,2914,5009
5072,2914,5009
5191,2963,5813
5191,2963,5813
5191,2963,5813
5191,2963,5813
5191,2963,5813
5191,2963,5813
5191,2963,5813
5191,2963,5813
5191,2963,5813
5191,2963,5813
5147,2921,6927
5147,2921,6927
5147,2921,6927
5147,2921,6927
5147,2921,6927
5147,2921,6927
5147,2921,6927
5147,2921,6927
5147,2921,6927
4821,2895,7689
4821,2895,7689
4821,2895,7689
4821,2895,7689
4821,2895,7689
4821,2895,7689
4821,2895,7689
4821,2895,7689
4821,2895,7689
4434,2883,8361
4434,2883,8361
4434,2883,8361
4434,2883,8361
4434,2883,8361
4434,2883,8361
4434,2883,8361
4434,2883,8361
4434,2883,8361
3981,2864,8832
3981,2864,8832
3981,2864,8832
3981,2864,8832
3981,2864,8832
3981,2864,8832
3981,2864,8832
3981,2864,8832
3981,2864,8832
3395,2796,9164
3395,2796,9164
3395,2796,9164
3395,2796,9164
2421,2795,9492
2421,2795,9492
2421,2795,9492
2421,2795,9492
2421,2795,9492
2421,2795,9492
2421,2795,9492
2421,2795,9492
2421,2795,9492
1473,2884,9582
1473,2884,9582
1473,2884,9582
1473,2884,9582
1473,2884,9582
1473,2884,9582
1473,2884,9582
1473,2884,9582
1473,2884,9582
464,2932,9357
464,2932,9357
464,2932,9357
464,2932,9357
464,2932,9357
464,2932,9357
464,2932,9357
464,2932,9357
-306,2997,8976
-306,2997,8976
-306,2997,8976
-306,2997,8976
-306,2997,8976
-306,2997,8976
-306,2997,8976
-306,2997,8976
-306,2997,8976
-306,2997,8976
-989,3049,8398
-989,3049,8398
-989,3049,8398
-989,3049,8398
-989,3049,8398
-989,3049,8398
-989,3049,8398
-989,3049,8398
-989,3049,8398
-989,3173,7797
-1487,3173,7797
-1487,3173,7797
-1487,3173,7797
-1487,3173,7797
-1487,3173,7797
-1487,3173,7797
-1487,3173,7797
-1487,3173,7797
-1487,3173,7797
-1659,3213,7373
-1659,3213,7373
-1659,3213,7373
-1659,3213,7373
-1659,3213,7373
-1659,3213,7373
-1659,3213,7373
-1659,3213,7373
-1659,3213,7373
-1805,3263,7036
-1805,3263,7036
-1805,3263,7036
-1805,3263,7036
-1805,3263,7036
-1805,3263,7036
-1805,3263,7036
-1805,3263,7036
-1805,3263,7036
-1542,3243,7698
-1542,3243,7698
-1542,3243,7698
-1542,3243,7698
-1542,3243,7698
-1542,3243,7698
-1542,3243,7698
-1542,3243,7698
-1542,3243,7698
-658,3177,8794
-658,3177,8794
-658,3177,8794
-658,3177,8794
-658,3177,8794
-658,3177,8794
-658,3177,8794
-658,3177,8794
-658,3177,8794
136,3145,9199
136,3145,9199
136,3145,9199
136,3145,9199
136,3145,9199
136,3145,9199
136,3145,9199
136,3145,9199
136,3145,9199
1070,3183,9503
1070,3183,9503
1070,3183,9503
1070,3183,9503
1070,3183,9503
1070,3183,9503
1070,3183,9503
1070,3183,9503
1070,3183,9503
1990,3184,9548
1990,3184,9548
1990,3184,9548
1990,3184,9548
1990,3184,9548
1990,3184,9548
1990,3184,9548
1990,3184,9548
2881,3190,9304
2881,3190,9304
2881,3190,9304
2881,3190,9304
2881,3190,9304
2881,3190,9304
2881,3190,9304
2881,3190,9304
2881,3190,9304
3551,3241,9068
3551,3241,9068
3551,3241,9068
3551,3241,9068
3551,3241,9068
3551,3241,9068
3551,3241,9068
3551,3241,9068
3551,3241,9068
4125,3221,8563
4125,3221,8563
4125,3221,8563
4125,3221,8563
4125,3221,8563
4125,3221,8563
4125,3221,8563
4125,3221,8563
4125,3221,8563
4125,3221,8563
4588,3243,8103
4588,3243,8103
4588,3243,8103
4588,3243,8103
4588,3243,8103
4588,3243,8103
4588,3243,8103
4588,3243,8103
4588,3243,8103
4906,3296,7514
4906,3296,7514
4906,3296,7514
4906,3296,7514
4906,3296,7514
4906,3296,7514
4906,3296,7514
4906,3296,7514
4906,3296,7514
5100,3396,6982
5100,3396,6982
5100,3396,6982
5100,3396,6982
5100,3396,6982
5100,3396,6982
5100,3396,6982
5100,3396,6982
5100,3396,6982
5166,3526,6427
5166,3526,6427
5166,3526,6427
5166,3526,6427
5166,3526,6427
5166,3526,6427
5166,3526,6427
5166,3526,6427
5166,3526,6427
5177,3574,6171
5177,3574,6171
5177,3574,6171
5177,3574,6171
5177,3574,6171
5177,3574,6171
5177,3574,6171
5177,3574,6171
5177,3574,6171
5164,3531,5994
5164,3531,5994
5164,3531,5994
5164,3531,5994
5164,3531,5994
5164,3531,5994
5164,3531,5994
5164,3531,5994
5164,3531,5994
5184,3475,6318
5184,3475,6318
5184,3475,6318
5184,3475,6318
5184,3475,6318
5184,3475,6318
5184,3475,6318
5184,3475,6318
5056,3500,7078
5056,3500,7078
5056,3500,7078
5056,3500,7078
5056,3500,7078
5056,3500,7078
5056,3500,7078
5056,3500,7078
5056,3500,7078
5056,3500,7078
4553,3559,8033
4553,3559,8033
4553,3559,8033
4553,3559,8033
4553,3559,8033
4553,3559,8033
4553,3559,8033
4553,3559,8033
4553,3559,8033
3813,3599,8823
3813,3599,8823
3813,3599,8823
3813,3599,8823
3813,3599,8823
3813,3599,8823
3813,3599,8823
3813,3599,8823
2728,3627,9342
2728,3627,9342
2728,3627,9342
2728,3627,9342
2728,3627,9342
2728,3627,9342
2728,3627,9342
2728,3627,9342
2728,3627,9342
2728,3627,9342
1428,3599,9435
1428,3599,9435
1428,3599,9435
1428,3599,9435
1428,3599,9435
1428,3599,9435
1428,3599,9435
1428,3599,9435
334,3633,9179
334,3633,9179
334,3633,9179
334,3633,9179
334,3633,9179
334,3633,9179
-538,3682,8685
-538,3682,8685
-538,3682,8685
-538,3682,8685
-538,3682,8685
-538,3682,8685
-538,3682,8685
-538,3682,8685
-538,3682,8685
-1142,3779,8056
-1142,3779,8056
-1142,3779,8056
-1142,3779,8056
-1142,3779,8056
-1142,3779,8056
-1142,3779,8056
-1142,3779,8056
-1142,3779,8056
-1523,3934,7366
-1523,3934,7366
-1523,3934,7366
-1523,3934,7366
-1523,3934,7366
-1523,3934,7366
-1523,3934,7366
-1523,3934,7366
-1523,3934,7366
-1689,3998,6742
-1689,3998,6742
-1689,3998,6742
-1689,3998,6742
-1689,3998,6742
-1689,3998,6742
-1689,3998,6742
-1689,3998,6742
-1689,3998,6742
-1750,4047,6432
-1750,4047,6432
-1750,4047,6432
-1750,4047,6432
-1750,4047,6432
-1750,4047,6432
-1750,4047,6432
-1750,4047,6432
-1728,4035,6571
-1728,4035,6571
-1728,4035,6571
-1728,4035,6571
-1728,4035,6571
-1728,4035,6571
-1728,4035,6571
-1728,4035,6571
-1728,4035,6571
-1563,3940,7426
-1563,3940,7426
-1563,3940,7426
-1563,3940,7426
-1563,3940,7426
-1563,3940,7426
-1563,3940,7426
-1563,3940,7426
-1563,3940,7426
-1563,3940,7426
-730,3797,8575
-730,3797,8575
-730,3797,8575
-730,3797,8575
-730,3797,8575
-730,3797,8575
-730,3797,8575
-730,3797,8575
-730,3797,8575
668,3731,9330
668,3731,9330
668,3731,9330
668,3731,9330
668,3731,9330
668,3731,9330
668,3731,9330
668,3731,9330
668,3731,9330
1813,3722,9410
1813,3722,9410
1813,3722,9410
1813,3722,9410
1813,3722,9410
1813,3722,9410
1813,3722,9410
1813,3722,9410
1813,3722,9410
2554,3799,9300
2554,3799,9300
2554,3799,9300
2554,3799,9300
2554,3799,9300
2554,3799,9300
2554,3799,9300
2554,3799,9300
2554,3799,9300
3318,3837,9038
3318,3837,9038
3318,3837,9038
3318,3837,9038
3318,3837,9038
3318,3837,9038
3318,3837,9038
3318,3837,9038
3318,3837,9038
3929,3813,8576
3929,3813,8576
3929,3813,8576
3929,3813,8576
3929,3813,8576
3929,3813,8576
3929,3813,8576
3929,3813,8576
3929,3813,8576
3929,3813,8071
4385,3881,8071
4385,3881,8071
4385,3881,8071
4385,3881,8071
4385,3881,8071
4385,3881,8071
4385,3881,8071
4385,3881,8071
4385,3881,8071
4799,3916,7429
4799,3916,7429
4799,3916,7429
4799,3916,7429
4799,3916,7429
4799,3916,7429
4799,3916,7429
4799,3916,7429
4964,3943,6861
4964,3943,6861
4964,3943,6861
4964,3943,6861
4964,3943,6861
4964,3943,6861
4964,3943,6861
4964,3943,6861
4964,3943,6861
4990,3964,6666
4990,3964,6666
4990,3964,6666
4990,3964,6666
4990,3964,6666
4990,3964,6666
4990,3964,6666
4990,3964,6666
4990,3964,6666
4918,3963,7058
4918,3963,7058
4918,3963,7058
4918,3963,7058
4918,3963,7058
4918,3963,7058
4918,3963,7058
4918,3963,7058
4918,3963,7058
4626,3950,7765
4626,3950,7765
4626,3950,7765
4626,3950,7765
4626,3950,7765
4626,3950,7765
4626,3950,7765
4626,3950,7765
4626,3950,7765
4626,3950,7765
3996,3910,8593
3996,3910,8593
3996,3910,8593
3996,3910,8593
3996,3910,8593
3996,3910,8593
3996,3910,8593
3996,3910,8593
3996,3910,8593
2850,3900,9177
2850,3900,9177
2850,3900,9177
2850,3900,9177
2850,3900,9177
2850,3900,9177
2850,3900,9177
2850,3900,9177
2850,3900,9177
1502,3912,9357
1502,3912,9357
1502,3912,9357
1502,3912,9357
1502,3912,9357
1502,3912,9357
1502,3912,9357
1502,3912,9357
1502,3912,9357
480,3890,9163
480,3890,9163
480,3890,9163
480,3890,9163
480,3890,9163
480,3890,9163
480,3890,9163
480,3890,9163
480,3890,9163
-264,3955,8734
-264,3955,8734
-264,3955,8734
-264,3955,8734
-264,3955,8734
-264,3955,8734
-264,3955,8734
-264,3955,8734
-264,3955,8734
-798,4001,8289
-798,4001,8289
-798,4001,8289
-798,4001,8289
-798,4001,8289
-798,4001,8289
-798,4001,8289
-798,4001,8289
-1336,4096,7559
-1336,4096,7559
-1336,4096,7559
-1336,4096,7559
-1336,4096,7559
-1336,4096,7559
-1336,4096,7559
-1336,4096,7559
-1336,4096,7559
-1604,4196,6643
-1604,4196,6643
-1604,4196,6643
-1604,4196,6643
-1604,4196,6643
-1604,4196,6643
-1604,4196,6643
-1604,4196,6643
-1604,4196,6643
-1530,4340,5291
-1530,4340,5291
-1530,4340,5291
-1530,4340,5291
-1414,4315,4956
-1414,4315,4956
-1414,4315,4956
-1414,4315,4956
-1414,4315,4956
-1414,4315,4956
-1414,4315,4956
-1414,4315,4956
-1414,4315,4956
-1414,4315,4956
-1438,4263,4989
-1438,4263,4989
-1438,4263,4989
-1438,4263,4989
-1438,4263,4989
-1438,4263,4989
-1438,4263,4989
-1438,4263,4989
-1438,4263,4989
-1650,4131,5647
-1650,4131,5647
-1650,4131,5647
-1650,4131,5647
-1650,4131,5647
-1650,4131,5647
-1650,4131,5647
-1650,4131,5647
-1650,4131,5647
-1715,3970,6764
-1715,3970,6764
-1715,3970,6764
-1715,3970,6764
-1715,3970,6764
-1715,3970,6764
-1715,3970,6764
-1715,3970,6764
-1715,3970,6764
-1715,3970,6764
-1128,3866,8060
-1128,3866,8060
-1128,3866,8060
-1128,3866,8060
-1128,3866,8060
-1128,3866,8060
-1128,3866,8060
-1128,3866,8060
-1128,3866,8060
-180,3744,8934
-180,3744,8934
-180,3744,8934
-180,3744,8934
-180,3744,8934
-180,3744,8934
-180,3744,8934
-180,3744,8934
-180,3744,8934
779,3702,9342
779,3702,9342
779,3702,9342
779,3702,9342
779,3702,9342
779,3702,9342
779,3702,9342
779,3702,9342
1802,3595,9448
1802,3595,9448
1802,3595,9448
1802,3595,9448
1802,3595,9448
1802,3595,9448
1802,3595,9448
1802,3595,9448
1802,3595,9448
2510,3552,9396
2510,3552,9396
2510,3552,9396
2510,3552,9396
2510,3552,9396
2510,3552,9396
2510,3552,9396
2510,3552,9396
2510,3552,9396
3258,3581,9143
3258,3581,9143
3258,3581,9143
3258,3581,9143
3258,3581,9143
3258,3581,9143
3258,3581,9143
3258,3581,9143
3258,3581,9143
3815,3622,8750
3815,3622,8750
3815,3622,8750
3815,3622,8750
3815,3622,8750
3815,3622,8750
3815,3622,8750
3815,3622,8750
3815,3622,8750
4182,3566,8487
4182,3566,8487
4182,3566,8487
4182,3566,8487
4182,3566,8487
4182,3566,8487
4182,3566,8487
4182,3566,8487
4182,3566,8487
4275,3552,8367
4275,3552,8367
4275,3552,8367
4275,3552,8367
4275,3552,8367
4275,3552,8367
4275,3552,8367
4275,3552,8367
4275,3552,8367
4275,3552,8367
4259,3501,8478
4259,3501,8478
4259,3501,8478
4259,3501,8478
4259,3501,8478
4259,3501,8478
4259,3501,8478
4259,3501,8478
4259,3501,8478
4027,3484,8737
4027,3484,8737
4027,3484,8737
4027,3484,8737
4027,3484,8737
4027,3484,8737
4027,3484,8737
4027,3484,8737
4027,3484,8737
3226,3440,9184
3226,3440,9184
3226,3440,9184
3226,3440,9184
3226,3440,9184
3226,3440,9184
3226,3440,9184
3226,3440,9184
3226,3440,9184
2018,3385,9492
2018,3385,9492
2018,3385,9492
2018,3385,9492
2018,3385,9492
2018,3385,9492
2018,3385,9492
2018,3385,9492
934,3308,9442
934,3308,9442
934,3308,9442
934,3308,9442
934,3308,9442
934,3308,9442
934,3308,9442
934,3308,9442
934,3308,9442
-240,3226,9012
-240,3226,9012
-240,3226,9012
-240,3226,9012
-240,3226,9012
-240,3226,9012
-240,3226,9012
-240,3226,9012
-240,3226,9012
-1148,3196,8234
-1148,3196,8234
-1148,3196,8234
-1148,3196,8234
-1148,3196,8234
-1148,3196,8234
-1148,3196,8234
-1148,3196,8234
-1148,3196,8234
-1148,3196,7312
-1701,3246,7312
-1701,3246,7312
-1701,3246,7312
-1701,3246,7312
-1701,3246,7312
-1701,3246,7312
-1701,3246,7312
-1701,3246,7312
-1701,3246,7312
-1886,3292,6622
-1886,3292,6622
-1886,3292,6622
-1886,3292,6622
-1886,3292,6622
-1886,3292,6622
-1886,3292,6622
-1886,3292,6622
-1886,3292,6622
-1916,3356,6006
-1916,3356,6006
-1916,3356,6006
-1916,3356,6006
-1916,3356,6006
-1916,3356,6006
-1916,3356,6006
-1916,3356,6006
-1925,3382,5770
-1925,3382,5770
-1925,3382,5770
-1925,3382,5770
-1925,3382,5770
-1925,3382,5770
-1925,3382,5770
-1925,3382,5770
-1925,3382,5770
-1925,3382,5770
-1852,3360,5483
-1852,3360,5483
-1852,3360,5483
-1852,3360,5483
-1852,3360,5483
-1852,3360,5483
-1852,3360,5483
-1852,3360,5483
-1852,3360,5483
-1852,3360,5483
-1814,3298,5334
-1814,3298,5334
-1814,3298,5334
-1814,3298,5334
-1814,3298,5334
-1814,3298,5334
-1814,3298,5334
-1814,3298,5334
-1814,3298,5334
-1901,3153,5702
-1901,3153,5702
-1901,3153,5702
-1901,3153,5702
-1901,3153,5702
-1901,3153,5702
-1901,3153,5702
-1901,3153,5702
-1832,2886,7014
-1832,2886,7014
-1832,2886,7014
-1832,2886,7014
-1066,2551,8387
-1066,2551,8387
-1066,2551,8387
-1066,2551,8387
-1066,2551,8387
-1066,2551,8387
-1066,2551,8387
-1066,2551,8387
-1066,2551,8387
-154,2365,9079
-154,2365,9079
-154,2365,9079
-154,2365,9079
-154,2365,9079
-154,2365,9079
-154,2365,9079
-154,2365,9079
-154,2365,9079
923,2280,9478
923,2280,9478
923,2280,9478
923,2280,9478
923,2280,9478
923,2280,9478
923,2280,9478
923,2280,9478
923,2280,9478
1844,2232,9524
1844,2232,9524
1844,2232,9524
1844,2232,9524
1844,2232,9524
1844,2232,9524
1844,2232,9524
1844,2232,9524
1844,2232,9524
2667,2189,9389
2667,2189,9389
2667,2189,9389
2667,2189,9389
2667,2189,9389
2667,2189,9389
2667,2189,9389
2667,2189,9389
2667,2189,9389
3342,2179,9104
3342,2179,9104
3342,2179,9104
3342,2179,9104
3342,2179,9104
3342,2179,9104
3342,2179,9104
3342,2179,9104
3342,2179,9104
3872,2264,8765
3872,2264,8765
3872,2264,8765
3872,2264,8765
3872,2264,8765
3872,2264,8765
3872,2264,8765
3872,2264,8765
3872,2264,8765
4221,2345,8476
4221,2345,8476
4221,2345,8476
4221,2345,8476
4221,2345,8476
4221,2345,8476
4221,2345,8476
4221,2345,8476
4221,2345,8476
4397,2350,8292
4397,2350,8292
4397,2350,8292
4397,2350,8292
4397,2350,8292
4397,2350,8292
4397,2350,8292
4397,2350,8292
4397,2350,8292
4403,2342,8229
4403,2342,8229
4403,2342,8229
4403,2342,8229
4403,2342,8229
4403,2342,8229
4403,2342,8229
4403,2342,8229
4403,2342,8229
3990,2289,8713
3990,2289,8713
3990,2289,8713
3990,2289,8713
3990,2289,8713
3990,2289,8713
3990,2289,8713
3990,2289,8713
3990,2289,8713
3990,2289,9271
3211,2244,9271
3211,2244,9271
3211,2244,9271
3211,2244,9271
3211,2244,9271
3211,2244,9271
3211,2244,9271
3211,2244,9271
3211,2244,9271
2054,2185,9541
2054,2185,9541
2054,2185,9541
2054,2185,9541
2054,2185,9541
2054,2185,9541
2054,2185,9541
2054,2185,9541
2054,2185,9541
889,2112,9429
889,2112,9429
889,2112,9429
889,2112,9429
889,2112,9429
889,2112,9429
889,2112,9429
889,2112,9429
889,2112,9429
-39,2091,9041
-39,2091,9041
-39,2091,9041
-39,2091,9041
-39,2091,9041
-39,2091,9041
-39,2091,9041
-39,2091,9041
-39,2091,9041
-859,2084,8440
-859,2084,8440
-859,2084,8440
-859,2084,8440
-859,2084,8440
-859,2084,8440
-859,2084,8440
-859,2084,8440
-859,2084,8440
-1400,2108,7862
-1400,2108,7862
-1400,2108,7862
-1400,2108,7862
-1400,2108,7862
-1400,2108,7862
-1400,2108,7862
-1400,2108,7862
-1400,2108,7862
-1697,2128,7160
-1697,2128,7160
-1697,2128,7160
-1697,2128,7160
-1697,2128,7160
-1697,2128,7160
-1697,2128,7160
-1697,2128,7160
-1697,2128,7160
-1818,2132,6587
-1818,2132,6587
-1818,2132,6587
-1818,2132,6587
-1818,2132,6587
-1818,2132,6587
-1818,2132,6587
-1818,2132,6587
-1818,2132,6587
-1861,2128,6045
-1861,2128,6045
-1861,2128,6045
-1861,2128,6045
-1861,2128,6045
-1861,2128,6045
-1861,2128,6045
-1861,2128,6045
-1861,2128,6045
-1868,2157,5623
-1868,2157,5623
-1868,2157,5623
-1868,2157,5623
-1868,2157,5623
-1868,2157,5623
-1868,2157,5623
-1868,2157,5623
-1868,2157,5623
-1821,2173,5433
-1821,2173,5433
-1821,2173,5433
-1821,2173,5433
-1821,2173,5433
-1821,2173,5433
-1821,2173,5433
-1821,2173,5433
-1821,2173,5433
-1845,2039,5875
-1845,2039,5875
-1845,2039,5875
-1845,2039,5875
-1845,2039,5875
-1845,2039,5875
-1845,2039,5875
-1845,2039,5875
-1845,2039,5875
-1670,1787,6930
-1670,1787,6930
-1670,1787,6930
-1670,1787,6930
-1670,1787,6930
-1670,1787,6930
-1670,1787,6930
-1670,1787,6930
-1670,1787,6930
-817,1504,8258
-817,1504,8258
-817,1504,8258
-817,1504,8258
-817,1504,8258
-817,1504,8258
-817,1504,8258
-817,1504,8258
-817,1504,8258
457,1280,9021
457,1280,9021
457,1280,9021
457,1280,9021
457,1280,9021
457,1280,9021
457,1280,9021
457,1280,9021
457,1280,9021
457,1261,9192
1499,1261,9192
1499,1261,9192
1499,1261,9192
1499,1261,9192
1499,1261,9192
1499,1261,9192
1499,1261,9192
1499,1261,9192
1499,1261,9192
2166,1313,9220
2166,1313,9220
2166,1313,9220
2166,1313,9220
2166,1313,9220
2166,1313,9220
2166,1313,9220
2166,1313,9220
2813,1342,9055
2813,1342,9055
2813,1342,9055
2813,1342,9055
2813,1342,9055
3551,1438,8777
3551,1438,8777
3551,1438,8777
3551,1438,8777
3551,1438,8777
3551,1438,8777
3551,1438,8777
3551,1438,8777
4111,1521,8246
4111,1521,8246
4111,1521,8246
4111,1521,8246
4111,1521,8246
4111,1521,8246
4111,1521,8246
4111,1521,8246
4111,1521,8246
4393,1541,7839
4393,1541,7839
4393,1541,7839
4393,1541,7839
4393,1541,7839
4393,1541,7839
4393,1541,7839
4393,1541,7839
4393,1541,7839
4393,1541,7839
4619,1517,7441
4619,1517,7441
4619,1517,7441
4619,1517,7441
4619,1517,7441
4619,1517,7441
4619,1517,7441
4619,1517,7441
4619,1517,7441
4729,1553,7220
4729,1553,7220
4729,1553,7220
4729,1553,7220
4729,1553,7220
4729,1553,7220
4729,1553,7220
4729,1553,7220
4729,1553,7220
4630,1566,7634
4630,1566,7634
4630,1566,7634
4630,1566,7634
4630,1566,7634
4630,1566,7634
4630,1566,7634
4630,1566,7634
4630,1566,7634
4240,1614,8213
4240,1614,8213
4240,1614,8213
4240,1614,8213
4240,1614,8213
4240,1614,8213
4240,1614,8213
4240,1614,8213
4240,1614,8213
3531,1576,8856
3531,1576,8856
3531,1576,8856
3531,1576,8856
3531,1576,8856
3531,1576,8856
3531,1576,8856
3531,1576,8856
3531,1576,8856
2486,1610,9324
2486,1610,9324
2486,1610,9324
2486,1610,9324
2486,1610,9324
2486,1610,9324
2486,1610,9324
2486,1610,9324
2486,1610,9324
1427,1621,9328
1427,1621,9328
1427,1621,9328
1427,1621,9328
1427,1621,9328
1427,1621,9328
1427,1621,9328
1427,1621,9328
1427,1621,9328
528,1663,9151
528,1663,9151
528,1663,9151
528,1663,9151
528,1663,9151
528,1663,9151
528,1663,9151
528,1663,9151
-356,1778,8783
-356,1778,8783
-356,1778,8783
-356,1778,8783
-356,1778,8783
-356,1778,8783
-356,1778,8783
-356,1778,8783
-356,1778,8783
-1059,1823,8229
-1059,1823,8229
-1059,1823,8229
-1059,1823,8229
-1059,1823,8229
-1059,1823,8229
-1059,1823,8229
-1059,1823,8229
-1059,1823,8229
-1284,1870,7863
-1284,1870,7863
-1284,1870,7863
-1284,1870,7863
-1284,1870,7863
-1284,1870,7863
-1284,1870,7863
-1284,1870,7863
-1284,1870,7863
-1284,1870,7863
-1395,1778,7744
-1395,1778,7744
-1395,1778,7744
-1395,1778,7744
-1395,1778,7744
-1395,1778,7744
-1395,1778,7744
-1395,1778,7744
-1395,1778,7744
-995,1720,8203
-995,1720,8203
-995,1720,8203
-995,1720,8203
-995,1720,8203
-995,1720,8203
-995,1720,8203
-995,1720,8203
-995,1720,8203
-519,1656,8667
-519,1656,8667
-519,1656,8667
-519,1656,8667
-519,1656,8667
-519,1656,8667
-519,1656,8667
-519,1656,8667
-519,1656,8667
-519,1656,8667
17,1634,8993
17,1634,8993
17,1634,8993
17,1634,8993
17,1634,8993
17,1634,8993
17,1634,8993
17,1634,8993
17,1634,8993
412,1593,9166
412,1593,9166
412,1593,9166
412,1593,9166
412,1593,9166
412,1593,9166
412,1593,9166
412,1593,9166
412,1593,9166
693,1598,9235
693,1598,9235
693,1598,9235
693,1598,9235
693,1598,9235
693,1598,9235
693,1598,9235
693,1598,9235
693,1598,9235
1084,1589,9379
1084,1589,9379
1084,1589,9379
1084,1589,9379
1084,1589,9379
1084,1589,9379
1084,1589,9379
1084,1589,9379
1462,1638,9382
1462,1638,9382
1462,1638,9382
1462,1638,9382
1462,1638,9382
1462,1638,9382
1462,1638,9382
1462,1638,9382
1462,1638,9382
1649,1689,9436
1649,1689,9436
1649,1689,9436
1649,1689,9436
1649,1689,9436
1649,1689,9436
1649,1689,9436
1649,1689,9436
1649,1689,9436
1741,1794,9429
1741,1794,9429
1741,1794,9429
1741,1794,9429
1741,1794,9429
1741,1794,9429
1741,1794,9429
1741,1794,9429
1741,1794,9429
2033,1918,9466
2033,1918,9466
2033,1918,9466
2033,1918,9466
2033,1918,9466
2033,1918,9466
2033,1918,9466
2033,1918,9466
2033,1918,9466
2335,2050,9433
2335,2050,9433
2335,2050,9433
2335,2050,9433
2335,2050,9433
2335,2050,9433
2335,2050,9433
2335,2050,9433
2335,2050,9433
2335,2050,9433
2646,2191,9456
2646,2191,9456
2646,2191,9456
2646,2191,9456
2646,2191,9456
2646,2191,9456
2646,2191,9456
2646,2191,9456
2646,2191,9456
2723,2234,9399
2723,2234,9399
2723,2234,9399
2723,2234,9399
2723,2234,9399
2723,2234,9399
2723,2234,9399
2723,2234,9399
2706,2288,9442
2706,2288,9442
2706,2288,9442
2706,2288,9442
2706,2288,9442
2781,2470,9465
2781,2470,9465
2781,2470,9465
2781,2470,9465
2781,2470,9465
2781,2470,9465
2781,2470,9465
2781,2470,9465
2781,2470,9465
2678,2615,9500
2678,2615,9500
2678,2615,9500
2678,2615,9500
2678,2615,9500
2678,2615,9500
2678,2615,9500
2678,2615,9500
2688,2732,9482
2688,2732,9482
2688,2732,9482
2688,2732,9482
2688,2732,9482
2688,2732,9482
2688,2732,9482
2688,2732,9482
2688,2732,9482
2645,2876,9491
2645,2876,9491
2645,2876,9491
2645,2876,9491
2645,2876,9491
2645,2876,9491
2645,2876,9491
2645,2876,9491
2645,2876,9491
2645,2876,9491
2617,3001,9488
2617,3001,9488
2617,3001,9488
2617,3001,9488
2617,3001,9488
2617,3001,9488
2617,3001,9488
2617,3001,9488
2619,3139,9483
2619,3139,9483
2619,3139,9483
2619,3139,9483
2619,3139,9483
2619,3139,9483
2619,3139,9483
2619,3139,9483
2619,3139,9483
2619,3139,9483
2534,3255,9478
2534,3255,9478
2534,3255,9478
2534,3255,9478
2534,3255,9478
2534,3255,9478
2534,3255,9478
2534,3255,9478
2534,3255,9478
2455,3396,9443
2455,3396,9443
2455,3396,9443
2455,3396,9443
2455,3396,9443
2455,3396,9443
2455,3396,9443
2455,3396,9443
2455,3396,9443
2455,3396,9443
2383,3531,9453
2383,3531,9453
2383,3531,9453
2383,3531,9453
2383,3531,9453
2383,3531,9453
2383,3531,9453
2383,3531,9453
2383,3531,9453
2355,3602,9484
2355,3602,9484
2355,3602,9484
2355,3602,9484
2355,3602,9484
2355,3602,9484
2355,3602,9484
2355,3602,9484
2355,3602,9484
2240,3700,9442
2240,3700,9442
2240,3700,9442
2240,3700,9442
2240,3700,9442
2240,3700,9442
2240,3700,9442
2240,3700,9442
2240,3700,9442
2109,3717,9469
2109,3717,9469
2109,3717,9469
2109,3717,9469
2109,3717,9469
2109,3717,9469
2109,3717,9469
2109,3717,9469
1975,3738,9497
1975,3738,9497
1975,3738,9497
1975,3738,9497
1975,3738,9497
1975,3738,9497
1975,3738,9497
1975,3738,9497
1975,3738,9497
1864,3782,9458
1864,3782,9458
1864,3782,9458
1864,3782,9458
1864,3782,9458
1864,3782,9458
1864,3782,9458
1864,3782,9458
1864,3782,9458
1795,3824,9429
1795,3824,9429
1795,3824,9429
1795,3824,9429
1795,3824,9429
1795,3824,9429
1795,3824,9429
1795,3824,9429
1795,3824,9429
1639,3844,9420
1639,3844,9420
1639,3844,9420
1639,3844,9420
1639,3844,9420
1639,3844,9420
1639,3844,9420
1639,3844,9420
1639,3844,9420
1479,3804,9409
1479,3804,9409
1479,3804,9409
1479,3804,9409
1479,3804,9409
1479,3804,9409
1479,3804,9409
1479,3804,9409
1479,3804,9409
1308,3812,9446
1308,3812,9446
1308,3812,9446
1308,3812,9446
1308,3812,9446
1308,3812,9446
1308,3812,9446
1308,3812,9446
1308,3812,9446
1308,3812,9446
1163,3813,9401
1163,3813,9401
1163,3813,9401
1163,3813,9401
1163,3813,9401
1163,3813,9401
1163,3813,9401
1163,3813,9401
1163,3813,9401
1027,3724,9410
1027,3724,9410
1027,3724,9410
1027,3724,9410
1027,3724,9410
1027,3724,9410
1027,3724,9410
1027,3724,9410
1027,3724,9410
890,3670,9371
890,3670,9371
890,3670,9371
890,3670,9371
890,3670,9371
890,3670,9371
890,3670,9371
890,3670,9371
890,3670,9371
768,3688,9376
768,3688,9376
768,3688,9376
768,3688,9376
768,3688,9376
768,3688,9376
768,3688,9376
768,3688,9376
768,3688,9376
697,3621,9313
697,3621,9313
697,3621,9313
697,3621,9313
697,3621,9313
697,3621,9313
697,3621,9313
697,3621,9313
577,3509,9328
577,3509,9328
577,3509,9328
577,3509,9328
577,3509,9328
577,3509,9328
577,3509,9328
577,3509,9328
577,3509,9328
577,3509,9328
494,3307,9371
494,3307,9371
494,3307,9371
494,3307,9371
494,3307,9371
494,3307,9371
494,3307,9371
494,3307,9371
494,3307,9371
410,3186,9341
410,3186,9341
410,3186,9341
410,3186,9341
410,3186,9341
410,3186,9341
410,3186,9341
410,3186,9341
410,3186,9341
361,3044,9345
361,3044,9345
361,3044,9345
361,3044,9345
361,3044,9345
361,3044,9345
361,3044,9345
361,3044,9345
361,3044,9345
348,2907,9292
348,2907,9292
348,2907,9292
348,2907,9292
348,2907,9292
348,2907,9292
348,2907,9292
348,2907,9292
348,2907,9368
333,2793,9368
333,2793,9368
333,2793,9368
333,2793,9368
300,2628,9332
300,2628,9332
300,2628,9332
300,2628,9332
300,2628,9332
300,2628,9332
300,2628,9332
300,2628,9332
300,2628,9332
300,2628,9332
307,2479,9340
307,2479,9340
307,2479,9340
307,2479,9340
307,2479,9340
307,2479,9340
307,2479,9340
307,2479,9340
307,2479,9340
397,2353,9302
397,2353,9302
397,2353,9302
397,2353,9302
397,2353,9302
397,2353,9302
397,2353,9302
397,2353,9302
397,2353,9302
416,2265,9286
416,2265,9286
416,2265,9286
416,2265,9286
416,2265,9286
416,2265,9286
416,2265,9286
416,2265,9286
440,2131,9326
440,2131,9326
440,2131,9326
440,2131,9326
440,2131,9326
440,2131,9326
440,2131,9326
440,2131,9326
440,2131,9326
551,2016,9323
551,2016,9323
551,2016,9323
551,2016,9323
551,2016,9323
551,2016,9323
551,2016,9323
551,2016,9323
551,2016,9323
674,1949,9286
674,1949,9286
674,1949,9286
674,1949,9286
674,1949,9286
674,1949,9286
674,1949,9286
674,1949,9286
674,1949,9286
674,1949,9351
779,1786,9351
779,1786,9351
779,1786,9351
779,1786,9351
779,1786,9351
779,1786,9351
779,1786,9351
779,1786,9351
779,1786,9351
949,1678,9332
949,1678,9332
949,1678,9332
949,1678,9332
949,1678,9332
949,1678,9332
949,1678,9332
949,1678,9332
949,1678,9332
1136,1639,9331
1136,1639,9331
1136,1639,9331
1136,1639,9331
1136,1639,9331
1136,1639,9331
1136,1639,9331
1136,1639,9331
1136,1639,9331
1231,1572,9340
1231,1572,9340
1231,1572,9340
1231,1572,9340
1231,1572,9340
1231,1572,9340
1231,1572,9340
1231,1572,9340
1231,1572,9344
1428,1533,9344
1428,1533,9344
1428,1533,9344
1428,1533,9344
1428,1533,9344
1428,1533,9344
1428,1533,9344
1428,1533,9344
1428,1533,9344
1661,1544,9357
1661,1544,9357
1661,1544,9357
1661,1544,9357
1661,1544,9357
1661,1544,9357
1661,1544,9357
1661,1544,9357
1661,1544,9357
1661,1544,9357
1811,1575,9376
1811,1575,9376
1811,1575,9376
1811,1575,9376
1811,1575,9376
1811,1575,9376
1811,1575,9376
1811,1575,9376
1975,1617,9404
1975,1617,9404
1975,1617,9404
1975,1617,9404
1975,1617,9404
1975,1617,9404
1975,1617,9404
1975,1617,9404
1975,1617,9404
2101,1634,9366
2101,1634,9366
2101,1634,9366
2101,1634,9366
2101,1634,9366
2101,1634,9366
2101,1634,9366
2101,1634,9366
2101,1634,9366
2157,1687,9425
2157,1687,9425
2157,1687,9425
2157,1687,9425
2157,1687,9425
2157,1687,9425
2157,1687,9425
2157,1687,9425
2157,1687,9425
2341,1751,9352
2341,1751,9352
2341,1751,9352
2341,1751,9352
2341,1751,9352
2341,1751,9352
2341,1751,9352
2341,1751,9352
2341,1751,9352
2450,1860,9395
2450,1860,9395
2450,1860,9395
2450,1860,9395
2450,1860,9395
2450,1860,9395
2450,1860,9395
2450,1860,9395
2450,1860,9395
2488,1876,9438
2488,1876,9438
2488,1876,9438
2488,1876,9438
2488,1876,9438
2488,1876,9438
2488,1876,9438
2488,1876,9438
2488,1876,9438
2450,1905,9416
2450,1905,9416
2450,1905,9416
2450,1905,9416
2450,1905,9416
2450,1905,9416
2450,1905,9416
2450,1905,9416
2450,1905,9416
2373,1864,9380
2373,1864,9380
2373,1864,9380
2373,1864,9380
2373,1864,9380
2373,1864,9380
2373,1864,9380
2373,1864,9380
2373,1864,9380
2373,1864,9380
2267,1774,9392
2267,1774,9392
2267,1774,9392
2267,1774,9392
2267,1774,9392
2267,1774,9392
2267,1774,9392
2267,1774,9392
2209,1759,9378
2209,1759,9378
2209,1759,9378
2209,1759,9378
2209,1759,9378
2209,1759,9378
2209,1759,9378
2209,1759,9378
2209,1759,9378
1984,1739,9397
1984,1739,9397
1984,1739,9397
1984,1739,9397
1984,1739,9397
1984,1739,9397
1984,1739,9397
1984,1739,9397
1984,1739,9397
1756,1743,9428
1756,1743,9428
1756,1743,9428
1756,1743,9428
1756,1743,9428
1756,1743,9428
1756,1743,9428
1756,1743,9428
1756,1743,9428
1756,1743,9428
1432,1724,9440
1432,1724,9440
1432,1724,9440
1432,1724,9440
1432,1724,9440
1432,1724,9440
1432,1724,9440
1432,1724,9440
1432,1724,9440
1078,1783,9397
1078,1783,9397
1078,1783,9397
1078,1783,9397
1078,1783,9397
1078,1783,9397
1078,1783,9397
1078,1783,9397
1078,1783,9397
787,1858,9339
787,1858,9339
787,1858,9339
787,1858,9339
787,1858,9339
787,1858,9339
787,1858,9339
560,1948,9292
560,1948,9292
560,1948,9292
560,1948,9292
560,1948,9292
560,1948,9292
426,2104,9321
426,2104,9321
426,2104,9321
426,2104,9321
426,2104,9321
426,2104,9321
426,2104,9321
426,2104,9321
426,2104,9321
335,2282,9324
335,2282,9324
335,2282,9324
335,2282,9324
335,2282,9324
335,2282,9324
335,2282,9324
335,2282,9324
335,2282,9324
290,2477,9277
290,2477,9277
290,2477,9277
290,2477,9277
290,2477,9277
290,2477,9277
290,2477,9277
290,2477,9277
290,2477,9277
335,2725,9294
335,2725,9294
335,2725,9294
335,2725,9294
335,2725,9294
335,2725,9294
335,2725,9294
335,2725,9294
375,2895,9346
375,2895,9346
375,2895,9346
375,2895,9346
375,2895,9346
375,2895,9346
375,2895,9346
375,2895,9346
375,2895,9346
448,3104,9368
448,3104,9368
448,3104,9368
448,3104,9368
448,3104,9368
448,3104,9368
448,3104,9368
448,3104,9368
448,3104,9368
448,3104,9368
560,3259,9361
560,3259,9361
560,3259,9361
560,3259,9361
560,3259,9361
560,3259,9361
560,3259,9361
560,3259,9361
560,3259,9361
565,3366,9371
565,3366,9371
565,3366,9371
565,3366,9371
565,3366,9371
565,3366,9371
565,3366,9371
565,3366,9371
565,3366,9371
527,3435,9370
527,3435,9370
527,3435,9370
527,3435,9370
527,3435,9370
527,3435,9370
527,3435,9370
527,3435,9370
527,3435,9370
445,3457,9297
445,3457,9297
445,3457,9297
445,3457,9297
445,3457,9297
445,3457,9297
445,3457,9297
445,3457,9297
445,3457,9297
455,3423,9370
455,3423,9370
455,3423,9370
455,3423,9370
455,3423,9370
455,3423,9370
455,3423,9370
455,3423,9370
455,3423,9370
564,3325,9418
564,3325,9418
564,3325,9418
564,3325,9418
564,3325,9418
564,3325,9418
564,3325,9418
564,3325,9418
564,3325,9418
758,3188,9501
758,3188,9501
758,3188,9501
758,3188,9501
758,3188,9501
758,3188,9501
758,3188,9501
758,3188,9501
758,3188,9501
812,2831,9491
812,2831,9491
812,2831,9491
812,2831,9491
812,2831,9491
812,2831,9491
812,2831,9491
812,2831,9491
812,2831,9491
813,2483,9497
813,2483,9497
813,2483,9497
813,2483,9497
813,2483,9497
813,2483,9497
813,2483,9497
813,2483,9497
725,2171,9380
725,2171,9380
725,2171,9380
725,2171,9380
725,2171,9380
725,2171,9380
725,2171,9380
725,2171,9380
725,2171,9380
658,2042,9378
658,2042,9378
658,2042,9378
658,2042,9378
658,2042,9378
658,2042,9378
658,2042,9378
658,2042,9378
658,2042,9378
658,2042,9378
625,2124,9347
625,2124,9347
625,2124,9347
625,2124,9347
625,2124,9347
625,2124,9347
625,2124,9347
625,2124,9347
625,2124,9347
583,2320,9383
583,2320,9383
583,2320,9383
583,2320,9383
583,2320,9383
583,2320,9383
583,2320,9383
583,2320,9383
583,2320,9383
666,2666,9477
666,2666,9477
666,2666,9477
666,2666,9477
666,2666,9477
666,2666,9477
666,2666,9477
666,2666,9477
666,2666,9477
747,3095,9435
747,3095,9435
747,3095,9435
747,3095,9435
747,3095,9435
747,3095,9435
747,3095,9435
747,3095,9435
747,3095,9435
940,3389,9441
940,3389,9441
940,3389,9441
940,3389,9441
940,3389,9441
940,3389,9441
940,3389,9441
940,3389,9441
940,3389,9441
940,3389,9441
