X,Y,Z
-1360,4224,9992
-1360,4224,9992
-1360,4224,9992
-1371,4252,10011
-1371,4252,10011
-1371,4252,10011
-1371,4252,10011
-1371,4252,10011
-1371,4252,10011
-1371,4252,10011
-1371,4252,10011
-1371,4252,10011
-1383,4238,10018
-1383,4238,10018
-1383,4238,10018
-1383,4238,10018
-1383,4238,10018
-1383,4238,10018
-1383,4238,10018
-1383,4238,10018
-1383,4238,10018
-1389,4260,10034
-1389,4260,10034
-1389,4260,10034
-1389,4260,10034
-1389,4260,10034
-1389,4260,10034
-1389,4260,10034
-1389,4260,10034
-1389,4260,10034
-1370,4241,10048
-1370,4241,10048
-1370,4241,10048
-1370,4241,10048
-1370,4241,10048
-1370,4241,10048
-1370,4241,10048
-1370,4241,10048
-1370,4241,10048
-1414,4247,10044
-1414,4247,10044
-1414,4247,10044
-1414,4247,10044
-1414,4247,10044
-1414,4247,10044
-1414,4247,10044
-1414,4247,10044
-1414,4247,10044
-1368,4218,10041
-1368,4218,10041
-1368,4218,10041
-1368,4218,10041
-1368,4218,10041
-1368,4218,10041
-1368,4218,10041
-1368,4218,10041
-1368,4218,10041
-1368,4218,10041
-1363,4228,10044
-1363,4228,10044
-1363,4228,10044
-1363,4228,10044
-1363,4228,10044
-1363,4228,10044
-1363,4228,10044
-1363,4228,10044
-1363,4228,10044
-1427,4346,10014
-1427,4346,10014
-1427,4346,10014
-1427,4346,10014
-1427,4346,10014
-1427,4346,10014
-1427,4346,10014
-1427,4346,10014
-1427,4346,10014
-1427,4346,10014
-1488,4311,10030
-1488,4311,10030
-1488,4311,10030
-1488,4311,10030
-1488,4311,10030
-1488,4311,10030
-1488,4311,10030
-1488,4311,10030
-1488,4311,10030
-1245,3986,9982
-1245,3986,9982
-1245,3986,9982
-1245,3986,9982
-1245,3986,9982
-1245,3986,9982
-1245,3986,9982
-769,3725,9830
-769,3725,9830
-769,3725,9830
-769,3725,9830
-769,3725,9830
-769,3725,9830
-769,3725,9830
-769,3725,9830
-769,3725,9830
-418,3614,9645
-418,3614,9645
-418,3614,9645
-418,3614,9645
-418,3614,9645
-418,3614,9645
-418,3614,9645
-418,3614,9645
-418,3614,9645
-264,3522,9538
-264,3522,9538
-264,3522,9538
-264,3522,9538
-264,3522,9538
-264,3522,9538
-264,3522,9538
-264,3522,9538
-264,3522,9538
-264,3415,9542
-269,3415,9542
-269,3415,9542
-269,3415,9542
-269,3415,9542
-269,3415,9542
-269,3415,9542
-269,3415,9542
-269,3415,9542
-269,3415,9542
-459,3742,9501
-459,3742,9501
-459,3742,9501
-459,3742,9501
-459,3742,9501
-459,3742,9501
-459,3742,9501
-459,3742,9501
-459,3742,9501
-866,3934,9614
-866,3934,9614
-866,3934,9614
-866,3934,9614
-866,3934,9614
-866,3934,9614
-866,3934,9614
-866,3934,9614
-866,3934,9614
-1013,4138,9698
-1013,4138,9698
-1013,4138,9698
-1013,4138,9698
-1013,4138,9698
-1013,4138,9698
-1013,4138,9698
-1013,4138,9698
-1013,4138,9698
-1164,4187,9744
-1164,4187,9744
-1164,4187,9744
-1164,4187,9744
-1164,4187,9744
-1164,4187,9744
-1164,4187,9744
-1164,4187,9744
-1164,4187,9744
-1642,4219,9763
-1642,4219,9763
-1642,4219,9763
-1642,4219,9763
-1642,4219,9763
-1642,4219,9763
-1642,4219,9763
-1642,4219,9763
-1642,4219,9763
-1642,4219,9763
-1832,4540,9675
-1832,4540,9675
-1832,4540,9675
-1832,4540,9675
-1832,4540,9675
-1832,4540,9675
-1832,4540,9675
-1832,4540,9675
-1751,4647,9657
-1751,4647,9657
-1751,4647,9657
-1751,4647,9657
-1751,4647,9657
-1751,4647,9657
-1751,4647,9657
-2129,4988,9478
-2129,4988,9478
-2129,4988,9478
-2129,4988,9478
-2129,4988,9478
-2129,4988,9478
-2129,4988,9478
-2129,4988,9478
-2129,4988,9478
-2129,4988,9478
-2405,4902,9506
-2405,4902,9506
-2405,4902,9506
-2405,4902,9506
-2405,4902,9506
-2405,4902,9506
-2405,4902,9506
-2405,4902,9506
-2405,4902,9506
-2854,4426,9696
-2854,4426,9696
-2854,4426,9696
-2854,4426,9696
-2854,4426,9696
-2854,4426,9696
-2854,4426,9696
-2854,4426,9696
-2854,4426,9696
-2771,4122,9822
-2771,4122,9822
-2771,4122,9822
-2771,4122,9822
-2771,4122,9822
-2771,4122,9822
-2771,4122,9822
-2771,4122,9822
-2771,4122,9822
-2738,3827,9915
-2738,3827,9915
-2738,3827,9915
-2738,3827,9915
-2738,3827,9915
-2738,3827,9915
-2738,3827,9915
-2738,3827,9915
-2738,3827,9915
-3103,3278,9873
-3103,3278,9873
-3221,2996,9795
-3221,2996,9795
-3221,2996,9795
-3221,2996,9795
-3221,2996,9795
-3221,2996,9795
-3221,2996,9795
-3221,2996,9795
-3221,2996,9795
-3221,2996,9795
-3455,2675,9664
-3455,2675,9664
-3455,2675,9664
-3455,2675,9664
-3455,2675,9664
-3455,2675,9664
-3455,2675,9664
-3455,2675,9664
-3455,2675,9664
-3491,2446,9640
-3491,2446,9640
-3491,2446,9640
-3491,2446,9640
-3491,2446,9640
-3491,2446,9640
-3491,2446,9640
-3491,2446,9640
-3491,2446,9640
-3470,2261,9603
-3470,2261,9603
-3470,2261,9603
-3470,2261,9603
-3470,2261,9603
-3470,2261,9603
-3470,2261,9603
-3297,2190,9653
-3297,2190,9653
-3297,2190,9653
-3297,2190,9653
-3297,2190,9653
-3297,2190,9653
-3297,2190,9653
-3297,2190,9653
-3297,2190,9653
-3291,1955,9600
-3291,1955,9600
-3291,1955,9600
-3291,1955,9600
-3291,1955,9600
-3291,1955,9600
-3291,1955,9600
-3291,1955,9600
-3291,1955,9600
-2998,1742,9559
-2998,1742,9559
-2998,1742,9559
-2998,1742,9559
-2998,1742,9559
-2998,1742,9559
-2998,1742,9559
-2998,1742,9559
-2998,1742,9559
-2467,1642,9605
-2467,1642,9605
-2467,1642,9605
-2467,1642,9605
-2467,1642,9605
-2467,1642,9605
-2467,1642,9605
-2467,1642,9605
-2467,1642,9605
-2014,1752,9691
-2014,1752,9691
-2014,1752,9691
-2014,1752,9691
-2014,1752,9691
-2014,1752,9691
-2014,1752,9691
-2014,1752,9691
-2014,1752,9691
-1221,1703,9586
-1221,1703,9586
-1221,1703,9586
-1221,1703,9586
-1221,1703,9586
-1221,1703,9586
-1221,1703,9586
-1221,1703,9586
-1221,1703,9586
-1221,1703,9586
-964,1955,9591
-964,1955,9591
-964,1955,9591
-964,1955,9591
-964,1955,9591
-964,1955,9591
-964,1955,9591
-964,1955,9591
-964,1955,9591
-791,2021,9500
-791,2021,9500
-791,2021,9500
-791,2021,9500
-791,2021,9500
-791,2021,9500
-791,2021,9500
-791,2021,9500
-791,2021,9500
-638,2093,9534
-638,2093,9534
-638,2093,9534
-638,2093,9534
-638,2093,9534
-638,2093,9534
-638,2093,9534
-638,2093,9534
-638,2093,9534
-638,2093,9534
-675,2229,9611
-675,2229,9611
-675,2229,9611
-675,2229,9611
-675,2229,9611
-675,2097,9510
-443,2097,9510
-443,2097,9510
-443,2097,9510
-443,2097,9510
-443,2097,9510
-443,2097,9510
-443,2097,9510
-443,2097,9510
-443,2097,9510
-336,2076,9459
-336,2076,9459
-336,2076,9459
-336,2076,9459
-336,2076,9459
-336,2076,9459
-336,2076,9459
-336,2076,9459
-336,2076,9459
-252,2106,9405
-252,2106,9405
-252,2106,9405
-252,2106,9405
-252,2106,9405
-252,2106,9405
-252,2106,9405
-252,2106,9405
-252,2106,9405
70,2673,9306
70,2673,9306
70,2673,9306
70,2673,9306
70,2673,9306
70,2673,9306
70,2673,9306
70,2673,9306
70,2673,9306
-157,2712,9404
-157,2712,9404
-157,2712,9404
-157,2712,9404
-157,2712,9404
-157,2712,9404
-157,2712,9404
-157,2712,9404
-157,2712,9404
327,3001,9104
327,3001,9104
327,3001,9104
327,3001,9104
327,3001,9104
327,3001,9104
327,3001,9104
327,3001,9104
327,3001,9104
396,3167,9099
396,3167,9099
396,3167,9099
396,3167,9099
396,3167,9099
396,3167,9099
396,3167,9099
396,3167,9099
396,3167,9099
412,3341,9060
412,3341,9060
412,3341,9060
412,3341,9060
412,3341,9060
412,3341,9060
412,3341,9060
412,3341,9060
412,3341,9060
184,3580,9190
184,3580,9190
184,3580,9190
184,3580,9190
184,3580,9190
184,3580,9190
184,3580,9190
184,3580,9190
184,3580,9190
184,3580,9190
-442,4316,9268
-442,4316,9268
-442,4316,9268
-442,4316,9268
-442,4316,9268
-442,4316,9268
-442,4316,9268
-1039,4534,9451
-1039,4534,9451
-1039,4534,9451
-1039,4534,9451
-1039,4534,9451
-1039,4534,9451
-1039,4534,9451
-1039,4534,9451
-1039,4534,9451
-1139,4538,9433
-1139,4538,9433
-1139,4538,9433
-1139,4538,9433
-1139,4538,9433
-1139,4538,9433
-1139,4538,9433
-1139,4538,9433
-1139,4538,9433
-1280,4575,9496
-1280,4575,9496
-1280,4575,9496
-1280,4575,9496
-1280,4575,9496
-1280,4575,9496
-1280,4575,9496
-1280,4575,9496
-1280,4575,9496
-1180,4542,9533
-1180,4542,9533
-1180,4542,9533
-1180,4542,9533
-1180,4542,9533
-1180,4542,9533
-1180,4542,9533
-1180,4542,9533
-1180,4542,9533
-1086,4482,9515
-1086,4482,9515
-1086,4482,9515
-1047,4496,9511
-1047,4496,9511
-1047,4496,9511
-1047,4496,9511
-1047,4496,9511
-1047,4496,9511
-1047,4496,9511
-1559,4512,9594
-1559,4512,9594
-1559,4512,9594
-1559,4512,9594
-1559,4512,9594
-1559,4512,9594
-1559,4512,9594
-1559,4512,9594
-1559,4512,9594
-1963,4593,9603
-1963,4593,9603
-1963,4593,9603
-1963,4593,9603
-1963,4593,9603
-1963,4593,9603
-1963,4593,9603
-1963,4593,9603
-1963,4593,9603
-2718,4595,9494
-2718,4595,9494
-2718,4595,9494
-2718,4595,9494
-2718,4595,9494
-2718,4595,9494
-2718,4595,9494
-2718,4595,9494
-2718,4595,9494
-3259,4499,9430
-3259,4499,9430
-3259,4499,9430
-3259,4499,9430
-3259,4499,9430
-3259,4499,9430
-2815,4565,9548
-2815,4565,9548
-2815,4565,9548
-2815,4565,9548
-2815,4565,9548
-2815,4565,9548
-2815,4565,9548
-2815,4565,9548
-2815,4565,9548
-2815,4565,9548
-3106,4761,9407
-3106,4761,9407
-3106,4761,9407
-3106,4761,9407
-3106,4761,9407
-3106,4761,9407
-3106,4761,9407
-3106,4761,9407
-3106,4761,9407
-3972,4248,9235
-3972,4248,9235
-3972,4248,9235
-3972,4248,9235
-3972,4248,9235
-3972,4248,9235
-3972,4248,9235
-3972,4248,9235
-3972,4248,9235
-4331,4194,9023
-4331,4194,9023
-4331,4194,9023
-4331,4194,9023
-4331,4194,9023
-4331,4194,9023
-4331,4194,9023
-4331,4194,9023
-4331,4194,9023
-4331,3774,9098
-4510,3774,9098
-4510,3774,9098
-4510,3774,9098
-4510,3774,9098
-4510,3774,9098
-4510,3774,9098
-4510,3774,9098
-4510,3774,9098
-4201,3913,9295
-4201,3913,9295
-4201,3913,9295
-4201,3913,9295
-4201,3913,9295
-4201,3913,9295
-4201,3913,9295
-4201,3913,9295
-4201,3913,9295
-4201,3913,9295
-4137,4064,9245
-4137,4064,9245
-4137,4064,9245
-4137,4064,9245
-4137,4064,9245
-4137,4064,9245
-4137,4064,9245
-4137,4064,9245
-4137,4064,9245
-4137,4064,9238
-4287,3882,9238
-4287,3882,9238
-4287,3882,9238
-4287,3882,9238
-4287,3882,9238
-4287,3882,9238
-4287,3882,9238
-4287,3882,9238
-4287,3882,9238
-4498,3478,9119
-4498,3478,9119
-4498,3478,9119
-4498,3478,9119
-4498,3478,9119
-4498,3478,9119
-4498,3478,9119
-4498,3478,9119
-4498,3478,9119
-4392,3116,9245
-4392,3116,9245
-4392,3116,9245
-4392,3116,9245
-4392,3116,9245
-4392,3116,9245
-4392,3116,9245
-4398,2907,9255
-4398,2907,9255
-4398,2907,9255
-4398,2907,9255
-4398,2907,9255
-4398,2907,9255
-4398,2907,9255
-4398,2907,9255
-4428,3158,9233
-4428,3158,9233
-4428,3158,9233
-4428,3158,9233
-4428,3158,9233
-4428,3158,9233
-4428,3158,9233
-4428,3158,9233
-4428,3158,9233
-4587,2998,9019
-4587,2998,9019
-4587,2998,9019
-4587,2998,9019
-4587,2998,9019
-4587,2998,9019
-4587,2998,9019
-4587,2998,9019
-4587,2998,9019
-4587,2998,9207
-4440,2694,9207
-4440,2694,9207
-4440,2694,9207
-4440,2694,9207
-4440,2694,9207
-4440,2694,9207
-4440,2694,9207
-4440,2694,9207
-4440,2694,9207
-4473,2430,9078
-4473,2430,9078
-4473,2430,9078
-4473,2430,9078
-4473,2430,9078
-4473,2430,9078
-4473,2430,9078
-4473,2430,9078
-4473,2430,9078
-4011,2178,9361
-4011,2178,9361
-4011,2178,9361
-4011,2178,9361
-4011,2178,9361
-4011,2178,9361
-4011,2178,9361
-4011,2178,9361
-4011,2178,9361
-4271,1901,9061
-4271,1901,9061
-4271,1901,9061
-4271,1901,9061
-4271,1901,9061
-4271,1901,9061
-4271,1901,9061
-4271,1901,9061
-4271,1901,9061
-3909,1909,9330
-3909,1909,9330
-3909,1909,9330
-3909,1909,9330
-3909,1909,9330
-3909,1909,9330
-3909,1909,9330
-3909,1909,9330
-3909,1909,9330
-3660,1814,9451
-3660,1814,9451
-3660,1814,9451
-3660,1814,9451
-3660,1814,9451
-3660,1814,9451
-3660,1814,9451
-3660,1814,9451
-3660,1814,9451
-3660,1814,9451
-3098,1207,9348
-3098,1207,9348
-3098,1207,9348
-3098,1207,9348
-3098,1207,9348
-3098,1207,9348
-3098,1207,9348
-3098,1207,9348
-3098,1207,9348
-2819,884,9278
-2819,884,9278
-2819,884,9278
-2819,884,9278
-2819,884,9278
-2819,884,9278
-2819,884,9278
-2610,1344,9575
-2610,1344,9575
-2610,1344,9575
-2610,1344,9575
-2610,1344,9575
-2610,1344,9575
-2610,1344,9575
-2610,1344,9575
-2610,1344,9575
-2051,1532,9655
-2051,1532,9655
-2051,1532,9655
-2051,1532,9655
-1254,1835,9707
-1254,1835,9707
-1254,1835,9707
-1254,1835,9707
-1254,1835,9707
-1254,1835,9707
-1254,1835,9707
-1254,1835,9707
-1254,1835,9707
-1047,1910,9690
-1047,1910,9690
-1047,1910,9690
-1047,1910,9690
-1047,1910,9690
-1047,1910,9690
-1047,1910,9690
-1047,1910,9690
-1047,1910,9690
-1047,1910,9690
-883,1826,9616
-883,1826,9616
-883,1826,9616
-883,1826,9616
-883,1826,9616
-883,1826,9616
-883,1826,9616
-883,1826,9616
-883,1826,9616
-1493,1318,9531
-1493,1318,9531
-1493,1318,9531
-1493,1318,9531
-1493,1318,9531
-1493,1318,9531
-1493,1318,9531
-1493,1318,9531
-1493,1318,9531
-817,1750,9586
-817,1750,9586
-817,1750,9586
-817,1750,9586
-817,1750,9586
-817,1750,9586
-817,1750,9586
-817,1750,9586
-817,1750,9586
-685,2030,9586
-685,2030,9586
-685,2030,9586
-685,2030,9586
-685,2030,9586
-685,2030,9586
-685,2030,9586
-685,2030,9586
-685,2030,9586
-685,2322,9693
-715,2322,9693
-715,2322,9693
-715,2322,9693
-715,2322,9693
-715,2322,9693
-715,2322,9693
-715,2322,9693
-715,2322,9693
-715,2322,9693
-1134,3212,9856
-1134,3212,9856
-1134,3212,9856
-1134,3212,9856
-1134,3212,9856
-1134,3212,9856
-1264,3682,9845
-1264,3682,9845
-1264,3682,9845
-1264,3682,9845
-1264,3682,9845
-1264,3682,9845
-1264,3682,9845
-1264,3682,9845
-1264,3682,9845
-1477,3854,9855
-1477,3854,9855
-1477,3854,9855
-1477,3854,9855
-1477,3854,9855
-1477,3854,9855
-1477,3854,9855
-1477,3854,9855
-1477,3854,9855
-1568,4083,9837
-1568,4083,9837
-1568,4083,9837
-1568,4083,9837
-1568,4083,9837
-1568,4083,9837
-1568,4083,9837
-1568,4083,9837
-1568,4083,9837
-1568,4083,9837
-1528,4205,9708
-1528,4205,9708
-1528,4205,9708
-1528,4205,9708
-1528,4205,9708
-1528,4205,9708
-1528,4205,9708
-1528,4205,9708
-1536,4154,9781
-1536,4154,9781
-1536,4154,9781
-1536,4154,9781
-1536,4154,9781
-1536,4154,9781
-1536,4154,9781
-1536,4154,9781
-1536,4154,9781
-1536,4154,9781
-1968,4235,9782
-1968,4235,9782
-1968,4235,9782
-1968,4235,9782
-1968,4235,9782
-1968,4235,9782
-1968,4235,9782
-1968,4235,9782
-1968,4235,9782
-1968,4235,9782
-2299,4235,9862
-2299,4235,9862
-2299,4235,9862
-2299,4235,9862
-2299,4235,9862
-2299,4235,9862
-2299,4235,9862
-2299,4235,9862
-2299,4128,9847
-2772,4128,9847
-2772,4128,9847
-2772,4128,9847
-2772,4128,9847
-2772,4128,9847
-2772,4128,9847
-2772,4128,9847
-2772,4128,9847
-2772,4128,9847
-2615,4595,9748
-2615,4595,9748
-2615,4595,9748
-2615,4595,9748
-2615,4595,9748
-2615,4595,9748
-2615,4595,9748
-2615,4595,9748
-2615,4595,9748
-2801,4550,9727
-2801,4550,9727
-2801,4550,9727
-2801,4550,9727
-2801,4550,9727
-2801,4550,9727
-3626,4243,9544
-3626,4243,9544
-3626,4243,9544
-3626,4243,9544
-3626,4243,9544
-3626,4243,9544
-3626,4243,9544
-3626,4243,9544
-3626,4243,9544
-4072,4088,9393
-4072,4088,9393
-4072,4088,9393
-4072,4088,9393
-4072,4088,9393
-4072,4088,9393
-4072,4088,9393
-4072,4088,9393
-4072,4088,9393
-4308,3773,9287
-4308,3773,9287
-4308,3773,9287
-4308,3773,9287
-4308,3773,9287
-4308,3773,9287
-4308,3773,9287
-4308,3773,9287
-4308,3773,9287
-4653,3605,9095
-4653,3605,9095
-4653,3605,9095
-4653,3605,9095
-4653,3605,9095
-4653,3605,9095
-4653,3605,9095
-4653,3605,9095
-4653,3605,9095
-4476,3454,9307
-4476,3454,9307
-4476,3454,9307
-4476,3454,9307
-4476,3454,9307
-4476,3454,9307
-4476,3454,9307
-4476,3454,9307
-4476,3454,9307
-4476,3454,9307
-4383,3488,9336
-4383,3488,9336
-4383,3488,9336
-4383,3488,9336
-4383,3488,9336
-4383,3488,9336
-4383,3488,9336
-4383,3488,9336
-4383,3488,9336
-4362,3542,9321
-4362,3542,9321
-4362,3542,9321
-4362,3542,9321
-4362,3542,9321
-4362,3542,9321
-4362,3542,9321
-4362,3542,9321
-4415,3518,9284
-4415,3518,9284
-4415,3518,9284
-4415,3518,9284
-4415,3518,9284
-4415,3518,9284
-4415,3518,9284
-4415,3518,9284
-4415,3518,9284
-4415,3518,9284
-4477,3550,9242
-4477,3550,9242
-4477,3550,9242
-4477,3550,9242
-4477,3550,9242
-4477,3550,9242
-4477,3550,9242
-4477,3550,9242
-4477,3550,9242
-4513,3583,9193
-4513,3583,9193
-4843,3435,8870
-4843,3435,8870
-4843,3435,8870
-4843,3435,8870
-4843,3435,8870
-4843,3435,8870
-4843,3435,8870
-4843,3435,8870
-4843,3435,8870
-5228,3324,8494
-5228,3324,8494
-5228,3324,8494
-5228,3324,8494
-5228,3324,8494
-5228,3324,8494
-5228,3324,8494
-5228,3324,8494
-5228,3324,8494
-5249,3404,8479
-5249,3404,8479
-5249,3404,8479
-5249,3404,8479
-5249,3404,8479
-5249,3404,8479
-5249,3404,8479
-5249,3404,8479
-5249,3404,8479
-5249,3513,8565
-5170,3513,8565
-5170,3513,8565
-5170,3513,8565
-5170,3513,8565
-5170,3513,8565
-5170,3513,8565
-5170,3513,8565
-5170,3513,8565
-5170,3513,8565
-5077,3629,8664
-5077,3629,8664
-5077,3629,8664
-5077,3629,8664
-5077,3629,8664
-5077,3629,8664
-5077,3629,8664
-5077,3629,8664
-5077,3629,8664
-4930,3870,8711
-4930,3870,8711
-4930,3870,8711
-4930,3870,8711
-4930,3870,8711
-4930,3870,8711
-4930,3870,8711
-4930,3870,8711
-4930,3870,8711
-4722,4083,8805
-4722,4083,8805
-4722,4083,8805
-4722,4083,8805
-4722,4083,8805
-4722,4083,8805
-4722,4083,8805
-4722,4083,8805
-4722,4083,8805
-4722,4083,8805
-4350,4205,9144
-4350,4205,9144
-4350,4205,9144
-4350,4205,9144
-4350,4205,9144
-4350,4205,9144
-4350,4205,9144
-4350,4205,9144
-4350,4205,9144
-3891,4335,9324
-3891,4335,9324
-3891,4335,9324
-3891,4335,9324
-3891,4335,9324
-3891,4335,9324
-3891,4335,9324
-3891,4335,9324
-3891,4335,9324
-3770,4436,9274
-3770,4436,9274
-3770,4436,9274
-3770,4436,9274
-3770,4436,9274
-3770,4436,9274
-3770,4436,9274
-3635,4518,9331
-3635,4518,9331
-3635,4518,9331
-3635,4518,9331
-3635,4518,9331
-3635,4518,9331
-3635,4518,9331
-3635,4518,9331
-3156,4423,9519
-3156,4423,9519
-3156,4423,9519
-3156,4423,9519
-3156,4423,9519
-3156,4423,9519
-3156,4423,9519
-3156,4423,9519
-3156,4423,9519
-3156,4423,9519
-2859,4554,9540
-2859,4554,9540
-2859,4554,9540
-2859,4554,9540
-2859,4554,9540
-2859,4554,9540
-2859,4554,9540
-2859,4554,9540
-2859,4554,9540
-2487,4448,9605
-2487,4448,9605
-2487,4448,9605
-2487,4448,9605
-2487,4448,9605
-2487,4448,9605
-2487,4448,9605
-2487,4448,9605
-2487,4448,9605
-2293,4071,9774
-2293,4071,9774
-2293,4071,9774
-2293,4071,9774
-2293,4071,9774
-2293,4071,9774
-2293,4071,9774
-2293,4071,9774
-2293,4071,9774
-1869,4005,9806
-1869,4005,9806
-1869,4005,9806
-1869,4005,9806
-1869,4005,9806
-1869,4005,9806
-1869,4005,9806
-1869,4005,9806
-1869,4005,9806
-1514,3839,9780
-1514,3839,9780
-1514,3839,9780
-1514,3839,9780
-1514,3839,9780
-1514,3839,9780
-1514,3839,9780
-1514,3839,9780
-1514,3839,9780
-1455,3413,9883
-1455,3413,9883
-1455,3413,9883
-1455,3413,9883
-1455,3413,9883
-1455,3413,9883
-1455,3413,9883
-1455,3413,9883
-1455,3413,9883
-1463,3445,9880
-1463,3445,9880
-1463,3445,9880
-1463,3445,9880
-1463,3445,9880
-1463,3445,9880
-1463,3445,9880
-1463,3445,9880
-1463,3445,9880
-1463,3445,9880
-1605,3148,9918
-1605,3148,9918
-1605,3148,9918
-1605,3148,9918
-1605,3148,9918
-1605,3148,9918
-1605,3148,9918
-1605,3148,9918
-1605,3148,9918
-1764,2801,9979
-1764,2801,9979
-1764,2801,9979
-1764,2801,9979
-1764,2801,9979
-1764,2801,9979
-1764,2801,9979
-1953,2692,9915
-1953,2692,9915
-1953,2692,9915
-1953,2692,9915
-1953,2692,9915
-1953,2692,9915
-1953,2692,9915
-1953,2692,9915
-1953,2692,9915
-2006,2210,9869
-2006,2210,9869
-2006,2210,9869
-2006,2210,9869
-2006,2210,9869
-2006,2210,9869
-2006,2210,9869
-2006,2210,9869
-2006,2210,9869
-1774,2042,9843
-1774,2042,9843
-1774,2042,9843
-1774,2042,9843
-1774,2042,9843
-1774,2042,9843
-1774,2042,9843
-1774,2042,9843
-1774,2042,9843
-1702,1680,9749
-1702,1680,9749
-1702,1680,9749
-1702,1680,9749
-1702,1680,9749
-1702,1680,9749
-1702,1680,9749
-1702,1680,9749
-1702,1680,9749
-2252,1525,9662
-2252,1525,9662
-2252,1525,9662
-2252,1525,9662
-2252,1525,9662
-2252,1525,9662
-2252,1525,9662
-2252,1525,9662
-2252,1525,9662
-2252,1525,9662
-2337,1435,9582
-2337,1435,9582
-2337,1435,9582
-2337,1435,9582
-2337,1435,9582
-2701,1415,9509
-2701,1415,9509
-2701,1415,9509
-2701,1415,9509
-2701,1415,9509
-2701,1415,9509
-2701,1415,9509
-2701,1415,9509
-2701,1415,9509
-3045,1272,9350
-3045,1272,9350
-3045,1272,9350
-3045,1272,9350
-3045,1272,9350
-3045,1272,9350
-3045,1272,9350
-3045,1272,9350
-3045,1272,9350
-3153,1175,9278
-3153,1175,9278
-3153,1175,9278
-3153,1175,9278
-3153,1175,9278
-3153,1175,9278
-3153,1175,9278
-3153,1175,9278
-3153,1175,9278
-3623,1241,9104
-3623,1241,9104
-3623,1241,9104
-3623,1241,9104
-3623,1241,9104
-3623,1241,9104
-4002,1360,9003
-4002,1360,9003
-4002,1360,9003
-4002,1360,9003
-4002,1360,9003
-4002,1360,9003
-4002,1360,9003
-4002,1360,9003
-4002,1360,9003
-4491,1418,8644
-4491,1418,8644
-4491,1418,8644
-4491,1418,8644
-4491,1418,8644
-4491,1418,8644
-4491,1418,8644
-4491,1418,8644
-4491,1418,8644
-4966,1736,8332
-4966,1736,8332
-4966,1736,8332
-4966,1736,8332
-4966,1736,8332
-4966,1736,8332
-4966,1736,8332
-4966,1736,8332
-4966,1736,8332
-5105,2133,8393
-5105,2133,8393
-5105,2133,8393
-5105,2133,8393
-5105,2133,8393
-5105,2133,8393
-5105,2133,8393
-5105,2133,8393
-5105,2133,8393
-5006,2631,8617
-5006,2631,8617
-5006,2631,8617
-5006,2631,8617
-5006,2631,8617
-5006,2631,8617
-5006,2631,8617
-5006,2631,8617
-5006,2631,8617
-4894,2944,8868
-4894,2944,8868
-4894,2944,8868
-4894,2944,8868
-4894,2944,8868
-4894,2944,8868
-4894,2944,8868
-4894,2944,8868
-4894,2944,8868
-4894,2944,8868
-4866,2983,8930
-4866,2983,8930
-4866,2983,8930
-4866,2983,8930
-4866,2983,8930
-4866,2983,8930
-4866,2983,8930
-4866,2983,8930
-4866,2983,8930
-4866,2983,8930
-4851,3057,8998
-4851,3057,8998
-4851,3057,8998
-4851,3057,8998
-4851,3057,8998
-4851,3057,8998
-4851,3057,8998
-4851,3057,8998
-4851,3057,8998
-4942,3344,8883
-4942,3344,8883
-4942,3344,8883
-4942,3344,8883
-4942,3344,8883
-4942,3344,8883
-4942,3344,8883
-4942,3344,8883
-4942,3344,8883
-4450,3668,9286
-4450,3668,9286
-4450,3668,9286
-4450,3668,9286
-4450,3668,9286
-4450,3668,9286
-4526,3656,9170
-4526,3656,9170
-4526,3656,9170
-4526,3656,9170
-4526,3656,9170
-4526,3656,9170
-4526,3656,9170
-4526,3656,9170
-4526,3656,9170
-4419,3545,9349
-4419,3545,9349
-4419,3545,9349
-4419,3545,9349
-4419,3545,9349
-4419,3545,9349
-4419,3545,9349
-4419,3545,9349
-4419,3545,9349
-4409,3575,9236
-4409,3575,9236
-4409,3575,9236
-4409,3575,9236
-4409,3575,9236
-4409,3575,9236
-4409,3575,9236
-4409,3575,9236
-4409,3575,9236
-4409,3575,9236
-4490,3659,9182
-4490,3659,9182
-4490,3659,9182
-4490,3659,9182
-4490,3659,9182
-4490,3659,9182
-4490,3659,9182
-4490,3659,9182
-4490,3659,9182
-4469,3828,9208
-4469,3828,9208
-4469,3828,9208
-4469,3828,9208
-4469,3828,9208
-4469,3828,9208
-4469,3828,9208
-4469,3828,9208
-4469,3828,9208
-4498,3760,9142
-4498,3760,9142
-4498,3760,9142
-4498,3760,9142
-4498,3760,9142
-4498,3760,9142
-4498,3760,9142
-4498,3760,9142
-4498,3760,9142
-4508,3792,9183
-4508,3792,9183
-4508,3792,9183
-4508,3792,9183
-4508,3792,9183
-4508,3792,9183
-4508,3792,9183
-4508,3792,9183
-4508,3792,9183
-4447,3811,9224
-4447,3811,9224
-4447,3811,9224
-4447,3811,9224
-4447,3811,9224
-4447,3811,9224
-4447,3811,9224
-4447,3811,9224
-4447,3811,9224
-4357,3893,9277
-4357,3893,9277
-4357,3893,9277
-4357,3893,9277
-4357,3893,9277
-4357,3893,9277
-4357,3893,9277
-4357,3893,9277
-4357,3893,9277
-4357,3893,9277
-3811,4356,9457
-3811,4356,9457
-3811,4356,9457
-3811,4356,9457
-3811,4356,9457
-3811,4356,9457
-3811,4356,9457
-3235,4670,9473
-3235,4670,9473
-3235,4670,9473
-3235,4670,9473
-3235,4670,9473
-3235,4670,9473
-3235,4670,9473
-3235,4670,9473
-3235,4670,9473
-2916,4929,9406
-2916,4929,9406
-2916,4929,9406
-2916,4929,9406
-2916,4929,9406
-2916,4929,9406
-2916,4929,9406
-2916,4929,9406
-2916,4929,9406
-3008,4927,9398
-3008,4927,9398
-3008,4927,9398
-3008,4927,9398
-3008,4927,9398
-3008,4927,9398
-3008,4927,9398
-3008,4927,9398
-3008,4927,9398
-2926,4783,9457
-2926,4783,9457
-2926,4783,9457
-2926,4783,9457
-2774,4715,9559
-2774,4715,9559
-2774,4715,9559
-2774,4715,9559
-2774,4715,9559
-2774,4715,9559
-2774,4715,9559
-2774,4715,9559
-2774,4715,9559
-2639,4642,9628
-2639,4642,9628
-2639,4642,9628
-2639,4642,9628
-2639,4642,9628
-2639,4642,9628
-2639,4642,9628
-2639,4642,9628
-2639,4642,9628
-2684,4606,9599
-2684,4606,9599
-2684,4606,9599
-2684,4606,9599
-2684,4606,9599
-2684,4606,9599
-2684,4606,9599
-2684,4606,9599
-2684,4606,9599
-2684,4606,9599
-2929,4451,9665
-2929,4451,9665
-2929,4451,9665
-2929,4451,9665
-2929,4451,9665
-2929,4451,9665
-2929,4451,9665
-2929,4451,9665
-2929,4451,9665
-2929,4451,9479
-3420,4386,9479
-3420,4386,9479
-3420,4386,9479
-3420,4386,9479
-3420,4386,9479
-3420,4386,9479
-3420,4386,9479
-3420,4386,9479
-3420,4386,9479
-3780,4490,9255
-3780,4490,9255
-3780,4490,9255
-3780,4490,9255
-3780,4490,9255
-3780,4490,9255
-3695,4437,9314
-3695,4437,9314
-3695,4437,9314
-3695,4437,9314
-3695,4437,9314
-3695,4437,9314
-3695,4437,9314
-3695,4437,9314
-3695,4437,9314
-3649,4533,9362
-3649,4533,9362
-3649,4533,9362
-3649,4533,9362
-3649,4533,9362
-3649,4533,9362
-3649,4533,9362
-3649,4533,9362
-3649,4533,9362
-3525,4439,9444
-3525,4439,9444
-3525,4439,9444
-3525,4439,9444
-3525,4439,9444
-3525,4439,9444
-3525,4439,9444
-3525,4439,9444
-3525,4439,9444
-3360,4181,9630
-3360,4181,9630
-3360,4181,9630
-3360,4181,9630
-3360,4181,9630
-3360,4181,9630
-3360,4181,9630
-3360,4181,9630
-3360,4181,9630
-3360,4181,9630
-3101,4023,9696
-3101,4023,9696
-3101,4023,9696
-3101,4023,9696
-3101,4023,9696
-3101,4023,9696
-3101,4023,9696
-3101,4023,9696
-3101,4023,9696
-2873,3912,9779
-2873,3912,9779
-2873,3912,9779
-2873,3912,9779
-2873,3912,9779
-2873,3912,9779
-2873,3912,9779
-2873,3912,9779
-2873,3912,9779
-2597,3840,9886
-2597,3840,9886
-2597,3840,9886
-2597,3840,9886
-2597,3840,9886
-2597,3840,9886
-2597,3840,9886
-2597,3840,9886
-2597,3840,9886
-2624,3702,9916
-2624,3702,9916
-2624,3702,9916
-2624,3702,9916
-2624,3702,9916
-2624,3702,9916
-2624,3702,9916
-2624,3702,9916
-2624,3702,9916
-2593,3662,9904
-2593,3662,9904
-2593,3662,9904
-2593,3662,9904
-2593,3662,9904
-2593,3662,9904
-2593,3662,9904
-2593,3662,9904
-2593,3662,9904
-2568,3556,9912
-2568,3556,9912
-2568,3556,9912
-2568,3556,9912
-2568,3556,9912
-2568,3556,9912
-2568,3556,9912
-2568,3556,9912
-2568,3556,9912
-2462,3208,9996
-2462,3208,9996
-2462,3208,9996
-2462,3208,9996
-2462,3208,9996
-2462,3208,9996
-2462,3208,9996
-2462,3208,9996
-2205,2902,10033
-2205,2902,10033
-2205,2902,10033
-2205,2902,10033
-2205,2902,10033
-2205,2902,10033
-2205,2902,10033
-2205,2902,10033
-2205,2902,10033
-2339,2782,9988
-2339,2782,9988
-2339,2782,9988
-2339,2782,9988
-2339,2782,9988
-2339,2782,9988
-2339,2782,9988
-2339,2782,9988
-2339,2782,9988
-2380,2431,9887
-2380,2431,9887
-2380,2431,9887
-2380,2431,9887
-2380,2431,9887
-2380,2431,9887
-2380,2431,9887
-2380,2431,9887
-2380,2431,9887
-2240,2100,9871
-2240,2100,9871
-2240,2100,9871
-2240,2100,9871
-2240,2100,9871
-2240,2100,9871
-2240,2100,9871
-2240,2100,9871
-2240,2100,9871
-3066,1772,9609
-3066,1772,9609
-3066,1772,9609
-3066,1772,9609
-3066,1772,9609
-3066,1772,9609
-3066,1772,9609
-3066,1772,9609
-3066,1772,9609
-2813,1640,9633
-2813,1640,9633
-2813,1640,9633
-2813,1640,9633
-2813,1640,9633
-2813,1640,9633
-2813,1640,9633
-2813,1640,9633
-2813,1640,9633
-2813,1640,9582
-2841,1505,9582
-2841,1505,9582
-2841,1505,9582
-2841,1505,9582
-2841,1505,9582
-2841,1505,9582
-2841,1505,9582
-2841,1505,9582
-2731,1357,9517
-2731,1357,9517
-2731,1357,9517
-2731,1357,9517
-2731,1357,9517
-2731,1357,9517
-2731,1357,9517
-2731,1357,9517
-2731,1357,9517
-2731,1357,9517
-3264,1310,9320
-3264,1310,9320
-3264,1310,9320
-3264,1310,9320
-3264,1310,9320
-3264,1310,9320
-3264,1310,9320
-3264,1310,9320
-3264,1310,9320
-3264,1310,9259
-3552,1453,9259
-3552,1453,9259
-3552,1453,9259
-3552,1453,9259
-3901,1594,9151
-3901,1594,9151
-3901,1594,9151
-3901,1594,9151
-3901,1594,9151
-4219,1831,9028
-4219,1831,9028
-4219,1831,9028
-4219,1831,9028
-4219,1831,9028
-4219,1831,9028
-4219,1831,9028
-4219,1831,9028
-4219,1831,9028
-4219,1831,8919
-4486,1956,8919
-4486,1956,8919
-4486,1956,8919
-4486,1956,8919
-4486,1956,8919
-4486,1956,8919
-4486,1956,8919
-4486,1956,8919
-4486,1956,8919
-4655,1743,8641
-4655,1743,8641
-4655,1743,8641
-4655,1743,8641
-4655,1743,8641
-4655,1743,8641
-4655,1743,8641
-4655,1743,8641
-4655,1743,8641
-4800,1485,8347
-4800,1485,8347
-4800,1485,8347
-4800,1485,8347
-4800,1485,8347
-4800,1485,8347
-4800,1485,8347
-4800,1485,8347
-4800,1485,8347
-4951,1688,8302
-4951,1688,8302
-4951,1688,8302
-4951,1688,8302
-4951,1688,8302
-4951,1688,8302
-4951,1688,8302
-4951,1688,8302
-5190,2145,8139
-5190,2145,8139
-5190,2145,8139
-5190,2145,8139
-5190,2145,8139
-5190,2145,8139
-5190,2145,8139
-5190,2145,8139
-5190,2145,8139
-5190,2145,8139
-5263,2239,8084
-5263,2239,8084
-5263,2239,8084
-5263,2239,8084
-5263,2239,8084
-5263,2239,8084
-5263,2239,8084
-5263,2239,8084
-5263,2239,8084
-5263,2239,8084
-5341,2391,8152
-5341,2391,8152
-5341,2391,8152
-5341,2391,8152
-5341,2391,8152
-5341,2391,8152
-5341,2391,8152
-5341,2391,8152
-5341,2391,8152
-5344,2555,8186
-5344,2555,8186
-5344,2555,8186
-5344,2555,8186
-5344,2555,8186
-5344,2555,8186
-5217,3061,8561
-5217,3061,8561
-5217,3061,8561
-5217,3061,8561
-5217,3061,8561
-5217,3061,8561
-5217,3061,8561
-5217,3061,8561
-5217,3061,8561
-5217,3061,8561
-5533,3588,8032
-5533,3588,8032
-5533,3588,8032
-5533,3588,8032
-5533,3588,8032
-5533,3588,8032
-5533,3588,8032
-5533,3588,8032
-5533,3588,8032
-5506,3743,8096
-5506,3743,8096
-5506,3743,8096
-5506,3743,8096
-5506,3743,8096
-5506,3743,8096
-5506,3743,8096
-5506,3743,8096
-5506,3743,8096
-5427,3936,8220
-5427,3936,8220
-5427,3936,8220
-5427,3936,8220
-5427,3936,8220
-5427,3936,8220
-5427,3936,8220
-5427,3936,8220
-5427,3936,8220
-5011,3973,8807
-5011,3973,8807
-5011,3973,8807
-5011,3973,8807
-5011,3973,8807
-5011,3973,8807
-5011,3973,8807
-5011,3973,8807
-5011,3973,8807
-4276,3747,9508
-4276,3747,9508
-4276,3747,9508
-4276,3747,9508
-4276,3747,9508
-4276,3747,9508
-4276,3747,9508
-4276,3747,9508
-4276,3747,9508
-4372,3607,9442
-4372,3607,9442
-4372,3607,9442
-4372,3607,9442
-4372,3607,9442
-4372,3607,9442
-4372,3607,9442
-4372,3607,9442
-4372,3607,9442
-4749,3546,9137
-4749,3546,9137
-4749,3546,9137
-4749,3546,9137
-4749,3546,9137
-4749,3546,9137
-4749,3546,9137
-4749,3546,9137
-4749,3546,9137
-4825,3184,9153
-4825,3184,9153
-4825,3184,9153
-4825,3184,9153
-4825,3184,9153
-4825,3184,9153
-4825,3184,9153
-4825,3184,9153
-4825,3184,9153
-4820,2990,9055
-4820,2990,9055
-4820,2990,9055
-4820,2990,9055
-4820,2990,9055
-4820,2990,9055
-4820,2990,9055
-4853,2864,8972
-4853,2864,8972
-4853,2864,8972
-4853,2864,8972
-4853,2864,8972
-4853,2864,8972
-4853,2864,8972
-4853,2864,8972
-4853,2864,8972
-4853,2864,8972
-4770,3290,9092
-4770,3290,9092
-4770,3290,9092
-4770,3290,9092
-4770,3290,9092
-4770,3290,9092
-4770,3290,9092
-4770,3290,9092
-4770,3290,9092
-4652,3924,9001
-4652,3924,9001
-4652,3924,9001
-4652,3924,9001
-4652,3924,9001
-4652,3924,9001
-4652,3924,9001
-4652,3924,9001
-4652,3924,9001
-4500,3998,9159
-4500,3998,9159
-4500,3998,9159
-4500,3998,9159
-4500,3998,9159
-4500,3998,9159
-4500,3998,9159
-4500,3998,9159
-4500,3998,9159
-4384,4195,9193
-4384,4195,9193
-4384,4195,9193
-4384,4195,9193
-4384,4195,9193
-4384,4195,9193
-4384,4195,9193
-4384,4195,9193
-4384,4195,9193
-4053,4359,9274
-4053,4359,9274
-4053,4359,9274
-4053,4359,9274
-4053,4359,9274
-4053,4359,9274
-4053,4359,9274
-4053,4359,9274
-4053,4359,9274
-3770,4354,9452
-3770,4354,9452
-3770,4354,9452
-3770,4354,9452
-3770,4354,9452
-3770,4354,9452
-3770,4354,9452
-3770,4354,9452
-3770,4354,9452
-3726,4356,9438
-3726,4356,9438
-3726,4356,9438
-3726,4356,9438
-3705,4416,9404
-3705,4416,9404
-3705,4416,9404
-3705,4416,9404
-3705,4416,9404
-3705,4416,9404
-3705,4416,9404
-3705,4416,9404
-3705,4416,9404
-3705,4416,9404
-3490,4458,9529
-3490,4458,9529
-3490,4458,9529
-3490,4458,9529
-3490,4458,9529
-3490,4458,9529
-3097,4471,9588
-3097,4471,9588
-3097,4471,9588
-3097,4471,9588
-3097,4471,9588
-3097,4471,9588
-3097,4471,9588
-3097,4471,9588
-3097,4471,9588
-3097,4471,9588
-2889,4424,9661
-2889,4424,9661
-2889,4424,9661
-2889,4424,9661
-2889,4424,9661
-2889,4424,9661
-2889,4424,9661
-2889,4424,9661
-2889,4424,9661
-2971,4405,9658
-2971,4405,9658
-2971,4405,9658
-2971,4405,9658
-2971,4405,9658
-2971,4405,9658
-2971,4405,9658
-2971,4405,9658
-2971,4405,9658
-2707,4414,9692
-2707,4414,9692
-2707,4414,9692
-2707,4414,9692
-2707,4414,9692
-2707,4414,9692
-2707,4414,9692
-2707,4414,9692
-2707,4414,9692
-2937,4237,9671
-2937,4237,9671
-2937,4237,9671
-2937,4237,9671
-2937,4237,9671
-2937,4237,9671
-2937,4237,9671
-2937,4237,9671
-2937,4237,9671
-3322,4181,9613
-3322,4181,9613
-3322,4181,9613
-3322,4181,9613
-3322,4181,9613
-3322,4181,9613
-3322,4181,9613
-3322,4181,9613
-3322,4181,9613
-3984,4321,9217
-3984,4321,9217
-3984,4321,9217
-3984,4321,9217
-3984,4321,9217
-3984,4321,9217
-3984,4321,9217
-3984,4321,9217
-3984,4321,9217
-3984,4321,9217
-4108,4427,9052
-4108,4427,9052
-4108,4427,9052
-4108,4427,9052
-4108,4427,9052
-4108,4427,9052
-4108,4427,9052
-4108,4427,9052
-4108,4427,9052
-3951,4473,9185
-3951,4473,9185
-3951,4473,9185
-3951,4473,9185
-3951,4473,9185
-3951,4473,9185
-3951,4473,9185
-3951,4473,9185
-3951,4473,9185
-3917,4328,9303
-3917,4328,9303
-3917,4328,9303
-3917,4328,9303
-3917,4328,9303
-3917,4328,9303
-3917,4328,9303
-3917,4328,9303
-3693,4242,9523
-3693,4242,9523
-3693,4242,9523
-3693,4242,9523
-3693,4242,9523
-3693,4242,9523
-3693,4242,9523
-3498,3951,9657
-3498,3951,9657
-3498,3951,9657
-3498,3951,9657
-3498,3951,9657
-3498,3951,9657
-3498,3951,9657
-3498,3951,9657
-3498,3951,9657
-3409,3844,9744
-3409,3844,9744
-3409,3844,9744
-3409,3844,9744
-3409,3844,9744
-3409,3844,9744
-3409,3844,9744
-3409,3844,9744
-3409,3844,9744
-3409,3844,9744
-3155,3407,9877
-3155,3407,9877
-3155,3407,9877
-3155,3407,9877
-3155,3407,9877
-3155,3407,9877
-3155,3407,9877
-3155,3407,9877
-3155,3407,9877
-2808,3144,9951
-2808,3144,9951
-2808,3144,9951
-2808,3144,9951
-2808,3144,9951
-2808,3144,9951
-2808,3144,9951
-2808,3144,9951
-2808,3144,9951
-2596,2807,9988
-2596,2807,9988
-2596,2807,9988
-2596,2807,9988
-2596,2807,9988
-2596,2807,9988
-2596,2807,9988
-2596,2807,9988
-2596,2807,9988
-2682,2577,9951
-2682,2577,9951
-2682,2577,9951
-2682,2577,9951
-2682,2577,9951
-2682,2577,9951
-2682,2577,9951
-2682,2577,9951
-2682,2577,9951
-2611,2546,9914
-2611,2546,9914
-2611,2546,9914
-2611,2546,9914
-2611,2546,9914
-2611,2546,9914
-2611,2546,9914
-2611,2546,9914
-2611,2546,9914
-2611,2546,9914
-2571,2679,9962
-2571,2679,9962
-2571,2679,9962
-2571,2679,9962
-2571,2679,9962
-2571,2679,9962
-2571,2679,9962
-2571,2679,9962
-2571,2679,9962
-2998,2558,9826
-2998,2558,9826
-2998,2558,9826
-2998,2558,9826
-2998,2558,9826
-2998,2558,9826
-2998,2558,9826
-2998,2558,9826
-2998,2558,9826
-3327,2093,9610
-3327,2093,9610
-3327,2093,9610
-3327,2093,9610
-3327,2093,9610
-3327,2093,9610
-3122,1494,9491
-3122,1494,9491
-3122,1494,9491
-3122,1494,9491
-3122,1494,9491
-3122,1494,9491
-3122,1494,9491
-3122,1494,9491
-3122,1494,9491
-3302,1325,9319
-3302,1325,9319
-3302,1325,9319
-3302,1325,9319
-3302,1325,9319
-3302,1325,9319
-3302,1325,9319
-3302,1325,9319
-3302,1325,9319
-3302,1325,9319
-3681,1362,9155
-3681,1362,9155
-3681,1362,9155
-3681,1362,9155
-3681,1362,9155
-3681,1362,9155
-3681,1362,9155
-3681,1362,9155
-3938,1324,8915
-3938,1324,8915
-3938,1324,8915
-3938,1324,8915
-3938,1324,8915
-3938,1324,8915
-3938,1324,8915
-3938,1324,8915
-3938,1324,8915
-4511,1184,8195
-4511,1184,8195
-4511,1184,8195
-4511,1184,8195
-4511,1184,8195
-5052,1028,6890
-5052,1028,6890
-5052,1028,6890
-5052,1028,6890
-5052,1028,6890
-5052,1028,6890
-5052,1028,6890
-5052,1028,6890
-5052,1028,6890
-5052,1028,7096
-5386,1669,7096
-5386,1669,7096
-5386,1669,7096
-5386,1669,7096
-5386,1669,7096
-5386,1669,7096
-5386,1669,7096
-5386,1669,7096
-5386,1669,7096
-5555,1977,6874
-5555,1977,6874
-5555,1977,6874
-5555,1977,6874
-5555,1977,6874
-5555,1977,6874
-5555,1977,6874
-5555,1977,6874
-5555,1977,6874
-5643,2237,6367
-5643,2237,6367
-5643,2237,6367
-5643,2237,6367
-5643,2237,6367
-5643,2237,6367
-5643,2237,6367
-5643,2237,6367
-5643,2237,6367
-5738,2482,6517
-5738,2482,6517
-5738,2482,6517
-5738,2482,6517
-5738,2482,6517
-5738,2482,6517
-5782,2961,6721
-5782,2961,6721
-5782,2961,6721
-5782,2961,6721
-5782,2961,6721
-5782,2961,6721
-5782,2961,6721
-5782,2961,6721
-5782,2961,6721
-5775,3627,6863
-5775,3627,6863
-5775,3627,6863
-5775,3627,6863
-5775,3627,6863
-5775,3627,6863
-5775,3627,6863
-5775,3627,6863
-5775,3627,6863
-5775,3627,6863
-5638,4016,7111
-5638,4016,7111
-5638,4016,7111
-5638,4016,7111
-5638,4016,7111
-5638,4016,7111
-5638,4016,7111
-5638,4016,7111
-5638,4016,7111
-5638,4335,7881
-5306,4335,7881
-5306,4335,7881
-5306,4335,7881
-5306,4335,7881
-5306,4335,7881
-5306,4335,7881
-5306,4335,7881
-5306,4335,7881
-5306,4335,7881
-4965,4387,8321
-4965,4387,8321
-4965,4387,8321
-4965,4387,8321
-4965,4387,8321
-4965,4387,8321
-4965,4387,8321
-4965,4387,8321
-4466,4448,8860
-4466,4448,8860
-4466,4448,8860
-4466,4448,8860
-4466,4448,8860
-4466,4448,8860
-4466,4448,8860
-4466,4448,8860
-4466,4448,8860
-4466,4448,8860
-4121,4487,9044
-4121,4487,9044
-4121,4487,9044
-4121,4487,9044
-4121,4487,9044
-4121,4487,9044
-4121,4487,9044
-4121,4487,9044
-4121,4487,9044
-4006,4321,9239
-4006,4321,9239
-4006,4321,9239
-4006,4321,9239
-4006,4321,9239
-4006,4321,9239
-4006,4321,9239
-4006,4321,9239
-4006,4321,9239
-4194,4149,9102
-4194,4149,9102
-4194,4149,9102
-4194,4149,9102
-4194,4149,9102
-4194,4149,9102
-4194,4149,9102
-4194,4149,9102
-4194,4149,9102
-4827,4126,8507
-4827,4126,8507
-4827,4126,8507
-4827,4126,8507
-4827,4126,8507
-4827,4126,8507
-4827,4126,8507
-4890,3806,8528
-4890,3806,8528
-4890,3806,8528
-4890,3806,8528
-4890,3806,8528
-4890,3806,8528
-4890,3806,8528
-4890,3806,8528
-5100,3615,8341
-5100,3615,8341
-5100,3615,8341
-5100,3615,8341
-5100,3615,8341
-5100,3615,8341
-5100,3615,8341
-5100,3615,8341
-5100,3615,8341
-5100,3615,8341
-4949,3334,8546
-4949,3334,8546
-4949,3334,8546
-4949,3334,8546
-4949,3334,8546
-4949,3334,8546
-4949,3334,8546
-4949,3334,8546
-4949,3334,8546
-4949,3334,8546
-4868,2776,8672
-4868,2776,8672
-4868,2776,8672
-4868,2776,8672
-4868,2776,8672
-4868,2776,8672
-4868,2776,8672
-4868,2776,8672
-4868,2776,8672
-4838,2471,8646
-4838,2471,8646
-4838,2471,8646
-4838,2471,8646
-4838,2471,8646
-4838,2471,8646
-4838,2471,8646
-4838,2471,8646
-4838,2471,8646
-5008,2250,8326
-5008,2250,8326
-5008,2250,8326
-5008,2250,8326
-5008,2250,8326
-5008,2250,8326
-5008,2250,8326
-5008,2250,8326
-5008,2250,8326
-4731,2010,8673
-4731,2010,8673
-4731,2010,8673
-4731,2010,8673
-4731,2010,8673
-4731,2010,8673
-4731,2010,8673
-4731,2010,8673
-4731,2010,8673
-4282,1517,8828
-4282,1517,8828
-4282,1517,8828
-4282,1517,8828
-4282,1517,8828
-4282,1517,8828
-4282,1517,8828
-4282,1517,8828
-4282,1517,8828
-4075,605,8127
-4075,605,8127
-4075,605,8127
-4075,605,8127
-4075,605,8127
-4075,605,8127
-4075,605,8127
-4075,605,8127
-4075,605,8127
-4083,397,7722
-4083,397,7722
-4083,397,7722
-4083,397,7722
-4083,397,7722
-4083,397,7722
-4123,280,7269
-4123,280,7269
-4123,280,7269
-4123,280,7269
-4123,280,7269
-4123,280,7269
-4123,280,7269
-4123,280,7269
-4123,280,7269
-4123,280,7269
-4437,409,6481
-4437,409,6481
-4437,409,6481
-4437,409,6481
-4437,409,6481
-4437,409,6481
-4437,409,6481
-4758,824,5603
-4758,824,5603
-4758,824,5603
-4758,824,5603
-4758,824,5603
-4758,824,5603
-4791,1366,4861
-4791,1366,4861
-4791,1366,4861
-4791,1366,4861
-4791,1366,4861
-4791,1366,4861
-4791,1366,4861
-4791,1366,4861
-4791,1366,4861
-5076,1989,4771
-5076,1989,4771
-5076,1989,4771
-5076,1989,4771
-5076,1989,4771
-5076,1989,4771
-5076,1989,4771
-5076,1989,4771
-5076,1989,4771
-5238,2202,4909
-5238,2202,4909
-5238,2202,4909
-5238,2202,4909
-5238,2202,4909
-5238,2202,4909
-5238,2202,4909
-5238,2202,4909
-5238,2275,5055
-5326,2275,5055
-5326,2275,5055
-5326,2275,5055
-5326,2275,5055
-5326,2275,5055
-5326,2275,5055
-5326,2275,5055
-5326,2275,5055
-5326,2275,5055
-5175,2485,4635
-5175,2485,4635
-5175,2485,4635
-5175,2485,4635
-5175,2485,4635
-5175,2485,4635
-5175,2485,4635
-5175,2485,4635
-5175,2485,4635
-5175,2485,4635
-5099,2770,4530
-5099,2770,4530
-5099,2770,4530
-5099,2770,4530
-5099,2770,4530
-5099,2770,4530
-5099,2770,4530
-5099,2770,4530
-5099,2770,4530
-5320,3258,4776
-5320,3258,4776
-5320,3258,4776
-5320,3258,4776
-5320,3258,4776
-5320,3258,4776
-5320,3258,4776
-5316,3606,4880
-5316,3606,4880
-5316,3606,4880
-5316,3606,4880
-5316,3606,4880
-5316,3606,4880
-5316,3606,4880
-5316,3606,4880
-5316,3606,4880
-5295,3989,4966
-5295,3989,4966
-5295,3989,4966
-5295,3989,4966
-5295,3989,4966
-5295,3989,4966
-5295,3989,4966
-5295,3989,4966
-5295,3989,4966
-5453,4400,6245
-5453,4400,6245
-5453,4400,6245
-5453,4400,6245
-5453,4400,6245
-5453,4400,6245
-5453,4400,6245
-5453,4400,6245
-5453,4400,6245
-5420,4493,6459
-5420,4493,6459
-5420,4493,6459
-5420,4493,6459
-5420,4493,6459
-5420,4493,6459
-5420,4493,6459
-5420,4493,6459
-5420,4493,6459
-5341,4628,6639
-5341,4628,6639
-5341,4628,6639
-5341,4628,6639
-5341,4628,6639
-5341,4628,6639
-5341,4628,6639
-5341,4628,6639
-5341,4628,6639
-5331,4635,6820
-5331,4635,6820
-5331,4635,6820
-5331,4635,6820
-5331,4635,6820
-5331,4635,6820
-5331,4635,6820
-5331,4635,6820
-5331,4635,6820
-5248,4571,7373
-5248,4571,7373
-5248,4571,7373
-5248,4571,7373
-5248,4571,7373
-5248,4571,7373
-5248,4571,7373
-5248,4571,7373
-5248,4571,7373
-5222,4656,7225
-5222,4656,7225
-5222,4656,7225
-5222,4656,7225
-5222,4656,7225
-5222,4656,7225
-5222,4656,7225
-5222,4656,7225
-5222,4656,7225
-5222,4656,7225
-5267,4432,7348
-5267,4432,7348
-5267,4432,7348
-5267,4432,7348
-5267,4432,7348
-5267,4432,7348
-5267,4432,7348
-5267,4432,7348
-5251,4206,7614
-5251,4206,7614
-5251,4206,7614
-5251,4206,7614
-5251,4206,7614
-5251,4206,7614
-5251,4206,7614
-5251,4206,7614
-5251,4206,7614
-5251,4206,7614
-5226,4081,7894
-5226,4081,7894
-5226,4081,7894
-5226,4081,7894
-5226,4081,7894
-5226,4081,7894
-5140,4033,7994
-5140,4033,7994
-5140,4033,7994
-5140,4033,7994
-5140,4033,7994
-5140,4033,7994
-5140,4033,7994
-5140,4033,7994
-5140,4033,7994
-5140,4033,7994
-5150,4082,7984
-5150,4082,7984
-5150,4082,7984
-5150,4082,7984
-5150,4082,7984
-5150,4082,7984
-5150,4082,7984
-5150,4082,7984
-5150,4082,7984
-5124,4004,8052
-5124,4004,8052
-5124,4004,8052
-5124,4004,8052
-5124,4004,8052
-5124,4004,8052
-5124,4004,8052
-5124,4004,8052
-5124,4004,8052
-5128,3995,8113
-5128,3995,8113
-5128,3995,8113
-5128,3995,8113
-5128,3995,8113
-5128,3995,8113
-5128,3995,8113
-5128,3995,8113
-5128,3995,8113
-5067,3916,8283
-5067,3916,8283
-5067,3916,8283
-5067,3916,8283
-5067,3916,8283
-5067,3916,8283
-5067,3916,8283
-5067,3916,8283
-5067,3916,8283
-5073,3868,8221
-5073,3868,8221
-5073,3868,8221
-5073,3868,8221
-5073,3868,8221
-5073,3868,8221
-5073,3868,8221
-5073,3868,8221
-5073,3868,8221
-5098,4095,8018
-5098,4095,8018
-5098,4095,8018
-5098,4095,8018
-5098,4095,8018
-5098,4095,8018
-5098,4095,8018
-5098,4095,8018
-5098,4095,8018
-5098,4095,8018
-4830,4293,8417
-4830,4293,8417
-4830,4293,8417
-4830,4293,8417
-4830,4293,8417
-4830,4293,8417
-4830,4293,8417
-4830,4293,8417
-4830,4293,8417
-4136,4196,9094
-4136,4196,9094
-4136,4196,9094
-4136,4196,9094
-3239,4268,9531
-3239,4268,9531
-3239,4268,9531
-3239,4268,9531
-3239,4268,9531
-3239,4268,9531
-2497,4158,9744
-2497,4158,9744
-2497,4158,9744
-2497,4158,9744
-2497,4158,9744
-2497,4158,9744
-2497,4158,9744
-2497,4158,9744
-2497,4158,9744
-2497,4158,9744
-1614,4126,9739
-1614,4126,9739
-1614,4126,9739
-1614,4126,9739
-1614,4126,9739
-1614,4126,9739
-1614,4126,9739
-1614,4126,9739
-1614,4126,9739
-1403,4159,9723
-1403,4159,9723
-1403,4159,9723
-1403,4159,9723
-1403,4159,9723
-1403,4159,9723
-1403,4159,9723
-1403,4159,9723
-1403,4159,9723
-1362,4123,9712
-1362,4123,9712
-1362,4123,9712
-1362,4123,9712
-1362,4123,9712
-1362,4123,9712
-1362,4123,9712
-1362,4123,9712
-1362,4123,9712
-1214,4213,9680
-1214,4213,9680
-1214,4213,9680
-1214,4213,9680
-1214,4213,9680
-1214,4213,9680
-1214,4213,9680
-1214,4213,9680
-1214,4213,9680
-1288,4427,9578
-1288,4427,9578
-1288,4427,9578
-1288,4427,9578
-1288,4427,9578
-1288,4427,9578
-1288,4427,9578
-1288,4427,9578
-1288,4427,9578
-1288,4427,9578
-1458,4215,9789
-1458,4215,9789
-1458,4215,9789
-1458,4215,9789
-1458,4215,9789
-1458,4215,9789
-1458,4215,9789
-1458,4215,9789
-1458,4215,9789
-795,4054,9620
-795,4054,9620
-795,4054,9620
-795,4054,9620
-795,4054,9620
-795,4054,9620
-795,4054,9620
-795,4054,9620
-795,4054,9620
-473,4241,9489
-473,4241,9489
-473,4241,9489
-473,4241,9489
-473,4241,9489
-473,4241,9489
-473,4241,9489
-473,4241,9489
-473,4241,9489
-145,4630,9070
-145,4630,9070
-145,4630,9070
-145,4630,9070
-145,4630,9070
-145,4630,9070
18,4613,9035
18,4613,9035
18,4613,9035
18,4613,9035
18,4613,9035
18,4613,9035
18,4613,9035
18,4613,9035
18,4613,9035
18,4613,9035
-48,4583,9084
-48,4583,9084
-48,4583,9084
-48,4583,9084
-48,4583,9084
-48,4583,9084
-48,4583,9084
-48,4583,9084
-180,4701,9104
-180,4701,9104
-180,4701,9104
-180,4701,9104
-180,4701,9104
-180,4701,9104
-180,4701,9104
-180,4701,9104
-180,4701,9104
-180,4701,9104
-542,4885,9178
-542,4885,9178
-542,4885,9178
-542,4885,9178
-542,4885,9178
-542,4885,9178
-542,4885,9178
-542,4885,9178
-542,4885,9178
-542,4885,9178
-754,4613,9433
-754,4613,9433
-754,4613,9433
-754,4613,9433
-754,4613,9433
-754,4613,9433
-754,4613,9433
-754,4613,9433
-754,4613,9433
-1099,4289,9730
-1099,4289,9730
-1099,4289,9730
-1099,4289,9730
-1099,4289,9730
-1099,4289,9730
-1099,4289,9730
-1099,4289,9730
-1099,4289,9730
-1244,4160,9763
-1244,4160,9763
-1244,4160,9763
-1244,4160,9763
-1244,4160,9763
-1244,4160,9763
-1244,4160,9763
-1244,4160,9763
-1244,4160,9763
-1680,3694,10001
-1680,3694,10001
-1680,3694,10001
-1680,3694,10001
-1680,3694,10001
-1680,3694,10001
-1680,3694,10001
-1680,3694,10001
-1680,3694,10001
-1811,3379,10051
-1811,3379,10051
-1811,3379,10051
-1811,3379,10051
-1811,3379,10051
-1811,3379,10051
-1811,3379,10051
-1811,3379,10051
-1811,3379,10051
-1943,3279,10072
-1943,3279,10072
-1943,3279,10072
-1943,3279,10072
-1943,3279,10072
-1943,3279,10072
-1943,3279,10072
-2008,2991,10069
-2008,2991,10069
-2008,2991,10069
-2008,2991,10069
-2008,2991,10069
-2008,2991,10069
-2008,2991,10069
-2008,2991,10069
-2008,2991,10069
-2216,2443,9990
-2216,2443,9990
-2216,2443,9990
-2216,2443,9990
-2216,2443,9990
-2216,2443,9990
-2216,2443,9990
-2216,2443,9990
-2216,2443,9990
-2072,2156,9925
-2072,2156,9925
-2072,2156,9925
-2072,2156,9925
-2072,2156,9925
-2072,2156,9925
-2072,2156,9925
-2072,2156,9925
-2072,2156,9925
-1718,2039,9857
-1718,2039,9857
-1718,2039,9857
-1718,2039,9857
-1718,2039,9857
-1718,2039,9857
-1718,2039,9857
-1718,2039,9857
-1718,2039,9857
-1561,1875,9794
-1561,1875,9794
-1561,1875,9794
-1561,1875,9794
-1561,1875,9794
-1561,1875,9794
-1561,1875,9794
-1561,1875,9794
-1561,1875,9794
-1561,1875,9794
-1696,1336,9554
-1696,1336,9554
-1696,1336,9554
-1696,1336,9554
-1696,1336,9554
-1696,1336,9554
-1696,1336,9554
-1696,1336,9554
-1410,1509,9630
-1410,1509,9630
-1410,1509,9630
-1410,1509,9630
-1410,1509,9630
-1032,1699,9608
-1032,1699,9608
-1032,1699,9608
-1032,1699,9608
-1032,1699,9608
-1032,1699,9608
-1032,1699,9608
-1032,1699,9608
-1032,1699,9608
-1032,1699,9608
-477,1811,9432
-477,1811,9432
-477,1811,9432
-477,1811,9432
-477,1811,9432
-477,1811,9432
-477,1811,9432
-477,1811,9432
-477,1811,9432
-266,1860,9375
-266,1860,9375
-266,1860,9375
-266,1860,9375
-266,1860,9375
-266,1860,9375
40,2032,9241
40,2032,9241
40,2032,9241
40,2032,9241
40,2032,9241
40,2032,9241
40,2032,9241
40,2032,9241
40,2032,9241
428,1909,8949
428,1909,8949
428,1909,8949
428,1909,8949
428,1909,8949
428,1909,8949
428,1909,8949
428,1909,8949
428,1909,8949
541,2064,8905
541,2064,8905
541,2064,8905
541,2064,8905
541,2064,8905
541,2064,8905
541,2064,8905
541,2064,8905
541,2064,8905
541,2294,8919
546,2294,8919
546,2294,8919
546,2294,8919
546,2294,8919
546,2294,8919
546,2294,8919
546,2294,8919
546,2294,8919
546,2294,8919
434,2152,9028
434,2152,9028
434,2152,9028
434,2152,9028
434,2152,9028
434,2152,9028
434,2152,9028
434,2152,9028
434,2152,9028
476,2491,8986
476,2491,8986
476,2491,8986
476,2491,8986
476,2491,8986
476,2491,8986
476,2491,8986
476,2491,8986
476,2491,8986
656,2466,8886
656,2466,8886
656,2466,8886
656,2466,8886
656,2466,8886
656,2466,8886
656,2466,8886
656,2466,8886
656,2466,8886
795,2394,8753
795,2394,8753
795,2394,8753
795,2394,8753
795,2394,8753
795,2394,8753
795,2394,8753
795,2394,8753
795,2394,8753
918,2400,8585
918,2400,8585
918,2400,8585
918,2400,8585
918,2400,8585
918,2400,8585
918,2400,8585
918,2400,8585
918,2400,8585
855,2647,8724
855,2647,8724
855,2647,8724
855,2647,8724
855,2647,8724
855,2647,8724
855,2647,8724
855,2647,8724
855,2647,8724
834,2841,8797
834,2841,8797
834,2841,8797
834,2841,8797
834,2841,8797
834,2841,8797
834,2841,8797
834,2841,8797
834,3260,8751
834,3260,8751
834,3260,8751
834,3260,8751
834,3260,8751
834,3260,8751
834,3260,8751
834,3260,8751
834,3260,8751
558,3856,8969
558,3856,8969
558,3856,8969
558,3856,8969
558,3856,8969
558,3856,8969
558,3856,8969
558,3856,8969
558,3856,8969
-27,4070,9256
-27,4070,9256
-27,4070,9256
-27,4070,9256
-27,4070,9256
-27,4070,9256
-27,4070,9256
-27,4070,9256
-27,4070,9256
-187,4526,9225
-187,4526,9225
-187,4526,9225
-187,4526,9225
-187,4526,9225
-187,4526,9225
-187,4526,9225
-187,4526,9225
-187,4526,9225
-651,5005,9151
-651,5005,9151
-651,5005,9151
-651,5005,9151
-651,5005,9151
-651,5005,9151
-651,5005,9151
-651,5005,9151
-651,5005,9151
-746,4958,9245
-746,4958,9245
-746,4958,9245
-746,4958,9245
-746,4958,9245
-746,4958,9245
-746,4958,9245
-746,4958,9245
-746,4958,9245
-746,4958,9245
-461,4679,9281
-461,4679,9281
-461,4679,9281
-461,4679,9281
-461,4679,9281
-461,4679,9281
-461,4679,9281
-461,4679,9281
-302,4540,9307
-302,4540,9307
-302,4540,9307
-302,4540,9307
-302,4540,9307
-302,4540,9307
-302,4540,9307
-302,4540,9307
-302,4540,9307
-302,4540,9307
-325,4439,9329
-325,4439,9329
-325,4439,9329
-325,4439,9329
-325,4439,9329
-325,4439,9329
-325,4439,9329
-325,4439,9329
-325,4439,9329
-325,4439,9329
-310,4568,9286
-310,4568,9286
-310,4568,9286
-310,4568,9286
-310,4568,9286
-310,4568,9286
-498,4652,9315
-498,4652,9315
-498,4652,9315
-498,4652,9315
-498,4652,9315
-498,4652,9315
-498,4652,9315
-498,4652,9315
-498,4652,9315
-24,4530,9108
-24,4530,9108
-24,4530,9108
-24,4530,9108
-24,4530,9108
-24,4530,9108
-24,4530,9108
-24,4530,9108
-24,4530,9108
657,4493,8570
657,4493,8570
657,4493,8570
657,4493,8570
657,4493,8570
657,4493,8570
657,4493,8570
657,4493,8570
657,4493,8570
891,4490,8275
891,4490,8275
891,4490,8275
891,4490,8275
891,4490,8275
891,4490,8275
891,4490,8275
891,4490,8275
891,4490,8275
805,4654,8241
805,4654,8241
805,4654,8241
805,4654,8241
805,4654,8241
805,4654,8241
805,4654,8241
805,4654,8241
805,4654,8241
727,4611,8436
727,4611,8436
727,4611,8436
727,4611,8436
727,4611,8436
727,4611,8436
727,4611,8436
727,4611,8436
398,4540,8827
398,4540,8827
398,4540,8827
398,4540,8827
398,4540,8827
398,4540,8827
55,4506,9195
55,4506,9195
55,4506,9195
55,4506,9195
55,4506,9195
55,4506,9195
55,4506,9195
55,4506,9195
55,4506,9195
73,4536,9128
73,4536,9128
73,4536,9128
73,4536,9128
73,4536,9128
73,4536,9128
73,4536,9128
73,4536,9128
73,4536,9128
41,4641,9101
41,4641,9101
41,4641,9101
41,4641,9101
41,4641,9101
41,4641,9101
-391,4730,9220
-391,4730,9220
-391,4730,9220
-391,4730,9220
-391,4730,9220
-391,4730,9220
-391,4730,9220
-391,4730,9220
-391,4730,9220
-706,4583,9443
-706,4583,9443
-706,4583,9443
-706,4583,9443
-706,4583,9443
-706,4583,9443
-706,4583,9443
-706,4583,9443
-706,4583,9443
-706,4583,9443
-690,4396,9504
-690,4396,9504
-690,4396,9504
-690,4396,9504
-690,4396,9504
-690,4396,9504
-690,4396,9504
-690,4396,9504
-690,4396,9504
-1717,3888,9924
-1717,3888,9924
-1717,3888,9924
-1717,3888,9924
-1717,3888,9924
-1717,3888,9924
-1717,3888,9924
-1717,3888,9924
-1717,3888,9924
-1704,3399,10016
-1704,3399,10016
-1704,3399,10016
-1704,3399,10016
-1704,3399,10016
-1704,3399,10016
-1704,3399,10016
-1704,3399,10016
-1704,3399,10016
-2074,3099,10042
-2074,3099,10042
-2074,3099,10042
-2074,3099,10042
-2074,3099,10042
-2074,3099,10042
-2074,3099,10042
-2074,3099,10042
-2074,3099,10042
-2074,3099,10042
-2077,2919,10010
-2077,2919,10010
-2077,2919,10010
-2077,2919,10010
-2077,2919,10010
-2077,2919,10010
-2077,2919,10010
-2077,2919,10010
-2077,2919,10010
-1819,2337,9950
-1819,2337,9950
-1819,2337,9950
-1819,2337,9950
-1819,2337,9950
-1819,2337,9950
-1819,2337,9950
-1819,2337,9950
-1819,2337,9950
-1938,2332,9984
-1938,2332,9984
-1938,2332,9984
-1938,2332,9984
-1938,2332,9984
-1938,2332,9984
-1938,2332,9984
-1938,2332,9984
-1938,2332,9984
-1885,2226,9899
-1885,2226,9899
-1885,2226,9899
-1885,2226,9899
-1885,2226,9899
-1885,2226,9899
-1885,2226,9901
-1629,2230,9901
-1629,2230,9901
-1629,2230,9901
-1629,2230,9901
-1629,2230,9901
-1629,2230,9901
-1629,2230,9901
-1629,2230,9901
-1818,1832,9817
-1818,1832,9817
-1818,1832,9817
-1818,1832,9817
-1818,1832,9817
-1818,1832,9817
-1818,1832,9817
-1818,1832,9817
-1818,1832,9817
-1818,1832,9817
-1304,1938,9818
-1304,1938,9818
-1304,1938,9818
-1304,1938,9818
-1304,1938,9818
-1304,1938,9818
-1304,1938,9818
-1304,1938,9818
-1304,1938,9818
-1304,1938,9818
-1205,1836,9727
-1205,1836,9727
-1205,1836,9727
-1205,1836,9727
-1205,1836,9727
-1205,1836,9727
-1205,1836,9727
-1205,1836,9727
-1205,1836,9727
-725,1804,9555
-725,1804,9555
-725,1804,9555
-725,1804,9555
-725,1804,9555
-725,1804,9555
-725,1804,9555
-725,1804,9555
-725,1804,9555
-265,1880,9402
-265,1880,9402
-265,1880,9402
-265,1880,9402
-265,1880,9402
-265,1880,9402
-265,1880,9402
-265,1880,9402
-265,1880,9402
138,1850,9142
138,1850,9142
138,1850,9142
138,1850,9142
138,1850,9142
138,1850,9142
138,1850,9142
138,1850,9142
138,1850,9142
806,1975,8644
806,1975,8644
806,1975,8644
806,1975,8644
806,1975,8644
806,1975,8644
806,1975,8644
806,1975,8644
806,1975,8644
1081,2105,8349
1081,2105,8349
1081,2105,8349
1081,2105,8349
1081,2105,8349
1081,2105,8349
1081,2105,8349
1081,2105,8349
1081,2105,8349
1081,2105,8349
1302,2535,8213
1302,2535,8213
1302,2535,8213
1302,2535,8213
1302,2535,8213
1321,2991,8241
1321,2991,8241
1321,2991,8241
1321,2991,8241
1321,2991,8241
1321,2991,8241
1321,2991,8241
1321,2991,8241
1321,2991,8241
1321,3589,8458
1067,3589,8458
1067,3589,8458
1067,3589,8458
1067,3589,8458
1067,3589,8458
1067,3589,8458
1067,3589,8458
1067,3589,8458
1067,3589,8458
811,4116,8578
811,4116,8578
811,4116,8578
811,4116,8578
811,4116,8578
811,4116,8578
811,4116,8578
811,4116,8578
811,4116,8578
230,4290,9059
230,4290,9059
230,4290,9059
230,4290,9059
230,4290,9059
230,4290,9059
230,4290,9059
230,4290,9059
230,4290,9059
-82,4127,9294
-82,4127,9294
-82,4127,9294
-82,4127,9294
-82,4127,9294
-82,4127,9294
-82,4127,9294
-82,4127,9294
-82,4127,9294
-112,4355,9261
-112,4355,9261
-112,4355,9261
-112,4355,9261
-112,4355,9261
98,4546,9028
98,4546,9028
98,4546,9028
98,4546,9028
98,4546,9028
98,4546,9028
98,4546,9028
98,4546,9028
98,4546,9028
224,4580,8875
224,4580,8875
224,4580,8875
224,4580,8875
224,4580,8875
224,4580,8875
224,4580,8875
224,4580,8875
224,4580,8875
316,4613,8807
316,4613,8807
316,4613,8807
316,4613,8807
316,4613,8807
316,4613,8807
316,4613,8807
316,4613,8807
316,4613,8807
655,4593,8505
655,4593,8505
655,4593,8505
655,4593,8505
655,4593,8505
655,4593,8505
655,4593,8505
655,4593,8505
286,4724,8776
286,4724,8776
286,4724,8776
286,4724,8776
286,4724,8776
286,4724,8776
286,4724,8776
286,4829,8856
91,4829,8856
91,4829,8856
91,4829,8856
91,4829,8856
91,4829,8856
91,4829,8856
91,4829,8856
91,4829,8856
355,4765,8668
355,4765,8668
355,4765,8668
355,4765,8668
355,4765,8668
355,4765,8668
355,4765,8668
355,4765,8668
355,4765,8668
355,4765,8668
293,4737,8799
293,4737,8799
293,4737,8799
293,4737,8799
293,4737,8799
293,4737,8799
293,4737,8799
293,4737,8799
293,4737,8799
293,4737,8799
181,4629,8914
181,4629,8914
181,4629,8914
181,4629,8914
181,4629,8914
181,4629,8914
181,4629,8914
181,4629,8914
181,4629,8914
78,4602,9015
78,4602,9015
78,4602,9015
78,4602,9015
78,4602,9015
78,4602,9015
78,4602,9015
78,4602,9015
78,4602,9015
-371,4401,9381
-371,4401,9381
-371,4401,9381
-371,4401,9381
-371,4401,9381
-371,4401,9381
-371,4401,9381
-371,4401,9381
-371,4401,9381
-620,3961,9684
-620,3961,9684
-620,3961,9684
-620,3961,9684
-620,3961,9684
-620,3961,9684
-620,3961,9684
-620,3961,9684
-620,3961,9684
-617,3886,9700
-617,3886,9700
-617,3886,9700
-617,3886,9700
-617,3886,9700
-617,3886,9700
-617,3886,9700
-617,3886,9700
-617,3886,9700
-1238,3733,9859
-1238,3733,9859
-1238,3733,9859
-1238,3733,9859
-1238,3733,9859
-1238,3733,9859
-1238,3733,9859
-1238,3733,9859
-1238,3733,9859
-1716,3340,10022
-1716,3340,10022
-1716,3340,10022
-1716,3340,10022
-1716,3340,10022
-1716,3340,10022
-1716,3340,10022
-1901,2700,9999
-1901,2700,9999
-1901,2700,9999
-1901,2700,9999
-1901,2700,9999
-1901,2700,9999
-1901,2700,9999
-1901,2700,9999
-1901,2700,9999
-1970,1998,9887
-1970,1998,9887
-1970,1998,9887
-1970,1998,9887
-1970,1998,9887
-1970,1998,9887
-1970,1998,9887
-1970,1998,9887
-1970,1998,9887
-1482,1516,9601
-1482,1516,9601
-1482,1516,9601
-1482,1516,9601
-1482,1516,9601
-1482,1516,9601
-1482,1516,9601
-1482,1516,9601
-1482,1516,9601
-1290,1314,9484
-1290,1314,9484
-1290,1314,9484
-1290,1314,9484
-1290,1314,9484
-1290,1314,9484
-1290,1314,9484
-1290,1314,9484
-1290,1314,9484
-1131,1197,9358
-1131,1197,9358
-1131,1197,9358
-1131,1197,9358
-1131,1197,9358
-1131,1197,9358
-1131,1197,9358
-1131,1197,9358
-1131,1197,9358
-1131,1197,9358
-1090,1191,9324
-1090,1191,9324
-1090,1191,9324
-1090,1191,9324
-1090,1191,9324
-1090,1191,9324
-1090,1191,9324
-1090,1191,9324
-1090,1191,9324
-705,1143,9135
-705,1143,9135
-705,1143,9135
-705,1143,9135
-705,1143,9135
-705,1143,9135
-705,1143,9135
-705,1143,9135
-705,1143,9135
-705,1143,9135
23,1303,8837
23,1303,8837
23,1303,8837
23,1303,8837
23,1303,8837
23,1303,8837
23,1303,8837
23,1303,8837
23,1303,8837
461,1404,8631
461,1404,8631
461,1404,8631
461,1404,8631
461,1404,8631
461,1404,8631
461,1404,8631
461,1404,8631
461,1404,8631
750,1528,8312
750,1528,8312
750,1528,8312
750,1528,8312
750,1528,8312
750,1528,8312
1104,1851,8154
1104,1851,8154
1104,1851,8154
1104,1851,8154
1104,1851,8154
1104,1851,8154
1104,1851,8154
1104,1851,8154
1104,1851,8154
1437,2346,7777
1437,2346,7777
1437,2346,7777
1437,2346,7777
1437,2346,7777
1437,2346,7777
1437,2346,7777
1437,2346,7777
1437,2346,7777
1437,2346,7777
1523,2861,7752
1523,2861,7752
1523,2861,7752
1523,2861,7752
1523,2861,7752
1523,2861,7752
1523,2861,7752
1523,2861,7752
1523,2861,7752
1274,3615,8082
1274,3615,8082
1274,3615,8082
1274,3615,8082
1274,3615,8082
1274,3615,8082
1297,3998,7838
1297,3998,7838
1297,3998,7838
1297,3998,7838
1297,3998,7838
1297,3998,7838
1297,3998,7838
1297,3998,7838
1096,4158,8192
1096,4158,8192
1096,4158,8192
1096,4158,8192
1096,4158,8192
1096,4158,8192
1096,4158,8192
1096,4158,8192
1096,4158,8192
947,4502,8133
947,4502,8133
947,4502,8133
947,4502,8133
947,4502,8133
947,4502,8133
947,4502,8133
947,4502,8133
947,4502,8133
833,4593,8205
833,4593,8205
833,4593,8205
833,4593,8205
833,4593,8205
833,4593,8205
833,4593,8205
833,4593,8205
833,4593,8205
482,4743,8505
482,4743,8505
482,4743,8505
482,4743,8505
482,4743,8505
482,4743,8505
482,4743,8505
482,4743,8505
482,4743,8505
342,4725,8650
342,4725,8650
342,4725,8650
342,4725,8650
342,4725,8650
342,4725,8650
342,4725,8650
-298,4866,9052
-298,4866,9052
-298,4866,9052
-298,4866,9052
-298,4866,9052
-298,4866,9052
-298,4866,9052
-298,4866,9052
-298,4866,9052
-542,4849,9203
-542,4849,9203
-542,4849,9203
-542,4849,9203
-542,4849,9203
-542,4849,9203
-542,4849,9203
-542,4849,9203
-542,4849,9203
28,4860,8819
28,4860,8819
28,4860,8819
28,4860,8819
28,4860,8819
28,4860,8819
28,4860,8819
28,4860,8819
28,4860,8819
65,4520,9093
65,4520,9093
65,4520,9093
65,4520,9093
65,4520,9093
65,4520,9093
65,4520,9093
65,4520,9093
65,4520,9093
65,4520,9093
-377,4232,9491
-377,4232,9491
-377,4232,9491
-377,4232,9491
-377,4232,9491
-377,4232,9491
-377,4232,9491
-377,4232,9491
-377,4232,9491
-323,3816,9553
-323,3816,9553
-323,3816,9553
-323,3816,9553
-323,3816,9553
-323,3816,9553
-323,3816,9553
-323,3816,9553
-323,3816,9553
-176,3644,9520
-176,3644,9520
-176,3644,9520
-176,3644,9520
-176,3644,9520
-176,3644,9520
-176,3644,9520
-176,3644,9520
-176,3644,9520
-93,3274,9538
-93,3274,9538
-93,3274,9538
-93,3274,9538
-93,3274,9538
-93,3274,9538
-93,3274,9538
-93,3274,9538
-93,3274,9538
-93,3274,9538
-184,2938,9566
-184,2938,9566
-184,2938,9566
-184,2938,9566
-184,2938,9566
-184,2938,9566
-184,2938,9566
-184,2938,9566
-184,2938,9566
-335,2078,9461
-335,2078,9461
-335,2078,9461
-335,2078,9461
-335,2078,9461
-335,2078,9461
-40,1757,9196
-40,1757,9196
-40,1757,9196
-40,1757,9196
-40,1757,9196
-40,1757,9196
-40,1757,9196
-40,1757,9196
-40,1757,9196
-118,1499,9087
-118,1499,9087
-118,1499,9087
-118,1499,9087
-118,1499,9087
-118,1499,9087
-118,1499,9087
-118,1499,9087
-118,1499,9087
240,1299,8743
240,1299,8743
240,1299,8743
240,1299,8743
240,1299,8743
240,1299,8743
240,1299,8743
240,1299,8743
240,1299,8743
302,1293,8714
302,1293,8714
302,1293,8714
302,1293,8714
302,1293,8714
302,1293,8714
302,1293,8714
302,1293,8714
302,1293,8714
390,1188,8589
390,1188,8589
390,1188,8589
390,1188,8589
390,1188,8589
390,1188,8589
390,1188,8589
390,1188,8589
390,1188,8589
559,1152,8274
559,1152,8274
559,1152,8274
559,1152,8274
559,1152,8274
559,1152,8274
559,1152,8274
559,1152,8274
559,1152,8274
809,1034,7767
809,1034,7767
809,1034,7767
809,1034,7767
809,1034,7767
809,1034,7767
809,1034,7767
809,1034,7767
809,1034,7767
1260,1154,6985
1260,1154,6985
1260,1154,6985
1260,1154,6985
1260,1154,6985
1260,1154,6985
1260,1154,6985
1260,1154,6985
1260,1154,6985
1260,1154,6985
1349,1167,6524
1349,1167,6524
1349,1167,6524
1349,1167,6524
1349,1167,6524
1349,1167,6524
1349,1167,6524
1349,1167,6524
1349,1167,6524
1349,991,5872
1228,991,5872
1228,991,5872
1228,991,5872
1228,991,5872
1228,991,5872
1133,1213,5021
1133,1213,5021
1133,1213,5021
1133,1213,5021
1133,1213,5021
1133,1213,5021
1133,1213,5021
1133,1213,5021
1133,1213,5021
1133,1213,5021
885,1725,4204
885,1725,4204
885,1725,4204
885,1725,4204
885,1725,4204
885,1725,4204
885,1725,4204
885,1725,4204
885,1725,4204
959,2088,4065
959,2088,4065
959,2088,4065
959,2088,4065
959,2088,4065
959,2088,4065
959,2088,4065
959,2088,4065
959,2088,4065
851,2785,3865
851,2785,3865
851,2785,3865
851,2785,3865
851,2785,3865
851,2785,3865
851,2785,3865
851,2785,3865
851,2785,3865
1336,3189,4383
1336,3189,4383
1336,3189,4383
1336,3189,4383
1344,3858,4599
1344,3858,4599
1344,3858,4599
1344,3858,4599
1344,3858,4599
1344,3858,4599
1344,3858,4599
1344,3858,4599
1344,3858,4599
1573,4341,5571
1573,4341,5571
1573,4341,5571
1573,4341,5571
1573,4341,5571
1573,4341,5571
1573,4341,5571
1573,4341,5571
1573,4341,5571
1490,4672,6628
1490,4672,6628
1490,4672,6628
1490,4672,6628
1490,4672,6628
1490,4672,6628
1490,4672,6628
1490,4672,6628
1490,4672,6628
1490,4672,6628
1243,4835,7242
1243,4835,7242
1243,4835,7242
1243,4835,7242
1243,4835,7242
1243,4835,7242
1243,4835,7242
1243,4835,7242
1243,4835,7242
1243,4835,7242
948,4774,7781
948,4774,7781
948,4774,7781
948,4774,7781
948,4774,7781
948,4774,7781
948,4774,7781
1077,4595,7896
1077,4595,7896
1077,4595,7896
1077,4595,7896
1077,4595,7896
1077,4595,7896
1077,4595,7896
1077,4595,7896
1248,3920,8088
1248,3920,8088
1248,3920,8088
1248,3920,8088
1248,3920,8088
1248,3920,8088
1248,3920,8088
1248,3920,8088
1248,3920,8088
1436,3586,7920
1436,3586,7920
1436,3586,7920
1436,3586,7920
1436,3586,7920
1436,3586,7920
1436,3586,7920
1436,3586,7920
1436,3586,7920
1472,4025,7453
1472,4025,7453
1472,4025,7453
1472,4025,7453
1472,4025,7453
1472,4025,7453
1472,4025,7453
1472,4025,7453
1472,4025,7453
1472,4025,7453
1571,3635,7386
1571,3635,7386
1571,3635,7386
1571,3635,7386
1571,3635,7386
1571,3635,7386
1571,3635,7386
1571,3635,7386
1571,3635,7386
1679,2292,7178
1679,2292,7178
1679,2292,7178
1679,2292,7178
1679,2292,7178
1679,2292,7178
1679,2292,7178
1679,2292,7178
1679,2292,7178
1577,1738,6994
1577,1738,6994
1577,1738,6994
1577,1738,6994
1577,1738,6994
1577,1738,6994
1577,1738,6994
1577,1738,6994
1577,1738,6994
1647,1676,6401
1647,1676,6401
1647,1676,6401
1647,1676,6401
1647,1676,6401
1647,1676,6401
1647,1676,6401
1647,1676,6401
1647,1676,6401
1576,1843,5358
1576,1843,5358
1576,1843,5358
1576,1843,5358
1576,1843,5358
1576,1843,5358
1576,1843,5358
1576,1843,5358
1576,1843,5358
1842,2608,5880
1842,2608,5880
1842,2608,5880
1842,2608,5880
1842,2608,5880
1842,2608,5880
1842,2608,5880
1842,2608,5880
1842,2608,5880
1842,2608,5880
1849,3369,6571
1849,3369,6571
1849,3369,6571
1849,3369,6571
1849,3369,6571
1849,3369,6571
1472,4200,7488
1472,4200,7488
1472,4200,7488
1472,4200,7488
1472,4200,7488
1472,4200,7488
1472,4200,7488
1472,4200,7488
1472,4200,7488
1092,4439,7976
1092,4439,7976
1092,4439,7976
1092,4439,7976
1092,4439,7976
1092,4439,7976
1092,4439,7976
1092,4439,7976
1092,4439,7976
1092,4439,7976
698,4460,8513
698,4460,8513
698,4460,8513
698,4460,8513
698,4460,8513
698,4460,8513
698,4460,8513
698,4460,8513
698,4460,8513
872,4242,8407
872,4242,8407
872,4242,8407
872,4242,8407
872,4242,8407
872,4242,8407
872,4242,8407
872,4242,8407
872,4242,8407
1241,3998,8003
1241,3998,8003
1241,3998,8003
1241,3998,8003
1241,3998,8003
1241,3998,8003
1241,3998,8003
1241,3998,8003
1241,3998,8003
1465,3789,7701
1465,3789,7701
1465,3789,7701
1465,3789,7701
1465,3789,7701
1465,3789,7701
1465,3789,7701
1465,3789,7701
1465,3789,7701
1649,3822,7178
1649,3822,7178
1649,3822,7178
1649,3822,7178
1649,3822,7178
1649,3822,7178
1649,3822,7178
1649,3822,7178
1649,3822,7178
1577,4082,7082
1577,4082,7082
1577,4082,7082
1577,4082,7082
1577,4082,7082
1577,4082,7082
1577,4082,7082
1577,4082,7082
1577,4082,7082
1441,4124,7416
1441,4124,7416
1441,4124,7416
1441,4124,7416
1441,4124,7416
1441,4124,7416
1441,4124,7416
1441,4124,7416
1441,4124,7416
1368,4346,7374
1368,4346,7374
1368,4346,7374
1368,4346,7374
1368,4346,7374
1368,4346,7374
1368,4346,7374
1207,4572,7634
1207,4572,7634
1207,4572,7634
1207,4572,7634
1207,4572,7634
1207,4572,7634
1207,4572,7634
1207,4572,7634
1207,4572,7634
990,4799,7715
990,4799,7715
990,4799,7715
990,4799,7715
990,4799,7715
990,4799,7715
990,4799,7715
990,4799,7715
990,4799,7715
983,4996,7360
983,4996,7360
983,4996,7360
983,4996,7360
983,4996,7360
983,4996,7360
983,4996,7360
983,4996,7360
849,5122,7491
849,5122,7491
849,5122,7491
849,5122,7491
849,5122,7491
849,5122,7491
849,5160,7512
849,5160,7512
849,5160,7512
849,5160,7512
849,5160,7512
849,5160,7512
849,5160,7512
849,5160,7512
849,5160,7512
915,5204,7195
915,5204,7195
915,5204,7195
915,5204,7195
915,5204,7195
915,5204,7195
915,5204,7195
915,5204,7195
915,5204,7195
973,5266,6722
973,5266,6722
973,5266,6722
973,5266,6722
973,5266,6722
973,5266,6722
973,5266,6722
973,5266,6722
973,5266,6722
973,5266,6722
1166,5147,6021
1166,5147,6021
1166,5147,6021
1166,5147,6021
1166,5147,6021
1166,5147,6021
1166,5147,6021
1166,5147,6021
1166,5147,6021
1463,4708,6004
1463,4708,6004
1463,4708,6004
1463,4708,6004
1463,4708,6004
1463,4708,6004
1463,4708,6004
1463,4708,6004
1463,4708,6004
1499,4487,5890
1499,4487,5890
1499,4487,5890
1499,4487,5890
1499,4487,5890
1499,4487,5890
1435,4469,5526
1435,4469,5526
1435,4469,5526
1435,4469,5526
1435,4469,5526
1435,4469,5526
1435,4469,5526
1435,4469,5526
1435,4469,5526
1487,4319,5372
1487,4319,5372
1487,4319,5372
1487,4319,5372
1487,4319,5372
1487,4319,5372
1487,4319,5372
1487,4319,5372
1487,4319,5372
1487,4319,5372
1463,3860,4827
1463,3860,4827
1463,3860,4827
1463,3860,4827
1463,3860,4827
1463,3860,4827
1463,3860,4827
1463,3860,4827
1463,3860,4827
1339,3234,4490
1339,3234,4490
1339,3234,4490
1339,3234,4490
1339,3234,4490
1339,3234,4490
1339,3234,4490
1339,3234,4490
1339,3234,4490
1125,2839,4211
1125,2839,4211
1125,2839,4211
1125,2839,4211
1125,2839,4211
1125,2839,4211
1125,2839,4211
1125,2839,4211
1125,2839,4211
1125,2839,4211
1084,2284,4330
1084,2284,4330
1084,2284,4330
1084,2284,4330
1084,2284,4330
1084,2284,4330
1084,2284,4330
1084,2284,4330
1084,2284,4330
1145,1905,4562
1145,1905,4562
1145,1905,4562
1145,1905,4562
1145,1905,4562
1145,1905,4562
1145,1905,4562
1145,1905,4562
1145,1905,4562
1230,1625,4877
1230,1625,4877
1230,1625,4877
1230,1625,4877
1230,1625,4877
1230,1625,4877
1230,1625,4877
1230,1625,4877
1230,1625,4877
1252,1543,5060
1252,1543,5060
1252,1543,5060
1252,1543,5060
1252,1543,5060
1252,1543,5060
1252,1543,5060
1252,1543,5060
1252,1543,5060
1378,1599,5307
1378,1599,5307
1378,1599,5307
1378,1599,5307
1378,1599,5307
1378,1599,5307
1378,1599,5307
1255,1263,5506
1255,1263,5506
1255,1263,5506
1255,1263,5506
1255,1263,5506
1255,1263,5506
1255,1263,5506
1255,1263,5506
1255,1263,5506
1201,1066,5943
1201,1066,5943
1201,1066,5943
1201,1066,5943
1201,1066,5943
1201,1066,5943
1201,1066,5943
1201,1066,5943
1201,1066,5943
1201,1066,5943
1239,1034,6517
1239,1034,6517
1239,1034,6517
1239,1034,6517
1239,1034,6517
1239,1034,6517
1239,1034,6517
1239,1034,6517
1239,1034,6517
1261,1280,7126
1261,1280,7126
1261,1280,7126
1261,1280,7126
1261,1280,7126
1261,1280,7126
1261,1280,7126
1261,1280,7126
1261,1280,7126
1261,1280,7126
1229,1611,7605
1229,1611,7605
1229,1611,7605
1229,1611,7605
1229,1611,7605
1229,1611,7605
1229,1611,7605
1229,1611,7605
1229,1611,7605
1163,2165,8218
1163,2165,8218
1163,2165,8218
1163,2165,8218
1163,2165,8218
1163,2165,8218
1163,2165,8218
1163,2165,8218
1163,2165,8218
1251,2644,8224
1251,2644,8224
1251,2644,8224
1251,2644,8224
1251,2644,8224
1251,2644,8224
1251,2644,8224
1251,2644,8224
1251,2644,8224
1165,3260,8337
1165,3260,8337
1165,3260,8337
1165,3260,8337
1165,3260,8337
1165,3260,8337
1165,3260,8337
1165,3260,8337
1165,3260,8337
1131,3720,8246
1131,3720,8246
1131,3720,8246
1131,3720,8246
1131,3720,8246
1131,3720,8246
1131,3720,8246
1131,3720,8246
1131,3720,8246
1131,3720,7944
1206,4111,7944
1206,4111,7944
1206,4111,7944
1206,4111,7944
1206,4111,7944
1206,4111,7944
1416,4261,7369
1416,4261,7369
1416,4261,7369
1416,4261,7369
1416,4261,7369
1416,4261,7369
1416,4261,7369
1416,4261,7369
1416,4261,7369
1416,4261,7369
1430,4397,7008
1430,4397,7008
1430,4397,7008
1430,4397,7008
1430,4397,7008
1430,4397,7008
1430,4397,7008
1430,4397,7008
1430,4397,7008
1450,4499,6919
1450,4499,6919
1450,4499,6919
1450,4499,6919
1542,4404,6475
1542,4404,6475
1542,4404,6475
1542,4404,6475
1542,4404,6475
1542,4404,6475
1542,4404,6475
1542,4404,6475
1542,4404,6475
1563,4435,6014
1563,4435,6014
1563,4435,6014
1563,4435,6014
1563,4435,6014
1563,4435,6014
1563,4435,6014
1563,4435,6014
1563,4435,6014
1563,4435,6014
1570,4420,5963
1570,4420,5963
1570,4420,5963
1570,4420,5963
1570,4420,5963
1570,4420,5963
1570,4420,5963
1570,4420,5963
1570,4420,5963
1523,4410,5793
1523,4410,5793
1523,4410,5793
1523,4410,5793
1523,4410,5793
1523,4410,5793
1523,4410,5793
1523,4410,5793
1523,4410,5793
1467,4402,5512
1467,4402,5512
1467,4402,5512
1467,4402,5512
1467,4402,5512
1467,4402,5512
1467,4402,5512
1467,4402,5512
1467,4402,5512
1467,4402,5512
1390,4490,5294
1390,4490,5294
1390,4490,5294
1390,4490,5294
1390,4490,5294
1390,4490,5294
1390,4490,5294
1390,4490,5294
1390,4490,5294
1301,4573,5221
1301,4573,5221
1301,4573,5221
1301,4573,5221
1301,4573,5221
1301,4573,5221
1301,4573,5221
1301,4573,5221
1269,4571,5114
1269,4571,5114
1269,4571,5114
1269,4571,5114
1269,4571,5114
1269,4571,5114
1269,4571,5114
1323,4445,5170
1323,4445,5170
1323,4445,5170
1323,4445,5170
1323,4445,5170
1323,4445,5170
1323,4445,5170
1323,4445,5170
1323,4445,5170
1393,4480,5450
1393,4480,5450
1393,4480,5450
1393,4480,5450
1393,4480,5450
1393,4480,5450
1393,4480,5450
1393,4480,5450
1393,4480,5450
1420,4354,5270
1420,4354,5270
1420,4354,5270
1420,4354,5270
1420,4354,5270
1420,4354,5270
1420,4354,5270
1420,4354,5270
1420,4354,5270
1607,4203,5669
1607,4203,5669
1607,4203,5669
1607,4203,5669
1607,4203,5669
1607,4203,5669
1607,4203,5669
1607,4203,5669
1607,4203,5669
1607,4203,5669
1639,4130,5623
1639,4130,5623
1639,4130,5623
1639,4130,5623
1639,4130,5623
1639,4130,5623
1639,4130,5623
1639,4130,5623
1566,4207,5494
1566,4207,5494
1566,4207,5494
1566,4207,5494
1566,4207,5494
1566,4207,5494
1566,4207,5494
1566,4207,5494
1566,4207,5494
1566,4207,5494
1646,4035,5719
1646,4035,5719
1646,4035,5719
1646,4035,5719
1646,4035,5719
1646,4035,5719
1646,4035,5719
1646,4035,5719
1646,4035,5719
1646,4035,5719
1681,3942,6402
1681,3942,6402
1681,3942,6402
1681,3942,6402
1681,3942,6402
1681,3942,6402
1681,3942,6402
1681,3942,6402
1681,3942,6402
1540,4203,6945
1540,4203,6945
1540,4203,6945
1540,4203,6945
1540,4203,6945
1540,4203,6945
1540,4203,6945
1540,4203,6945
1540,4203,6945
1460,4428,6999
1460,4428,6999
1460,4428,6999
1460,4428,6999
1460,4428,6999
1460,4428,6999
1070,4742,7520
1070,4742,7520
1070,4742,7520
1070,4742,7520
1070,4742,7520
1070,4742,7520
1070,4742,7520
1070,4742,7520
1070,4742,7520
634,5110,7771
634,5110,7771
634,5110,7771
634,5110,7771
634,5110,7771
634,5110,7771
634,5110,7771
634,5110,7771
634,5110,7771
282,5210,8074
282,5210,8074
282,5210,8074
282,5210,8074
282,5210,8074
282,5210,8074
282,5210,8074
282,5210,8074
282,5210,8074
282,5210,8074
-129,5233,8521
-129,5233,8521
-129,5233,8521
-129,5233,8521
-129,5233,8521
-129,5233,8521
-129,5233,8521
-129,5233,8521
-533,4846,9032
-533,4846,9032
-533,4846,9032
-533,4846,9032
-533,4846,9032
-533,4846,9032
-533,4846,9032
-533,4846,9032
-533,4846,9032
-533,4846,9032
-1082,4720,9336
-1082,4720,9336
-1082,4720,9336
-1082,4720,9336
-1082,4720,9336
-1082,4720,9336
-1082,4720,9336
-1082,4720,9336
-1082,4720,9336
-1082,4720,9336
-1656,4593,9484
-1656,4593,9484
-1656,4593,9484
-1656,4593,9484
-1656,4593,9484
-1656,4593,9484
-1656,4593,9484
-1656,4593,9484
-1656,4593,9484
-1665,4530,9511
-1665,4530,9511
-1665,4530,9511
-1665,4530,9511
-1665,4530,9511
-1665,4530,9511
-1665,4530,9511
-1665,4530,9511
-1665,4530,9511
-1700,4423,9584
-1700,4423,9584
-1700,4423,9584
-1700,4423,9584
-1700,4423,9584
-1700,4423,9584
-1700,4423,9584
-1700,4423,9584
-1700,4423,9584
-1840,4358,9667
-1840,4358,9667
-1840,4358,9667
-1840,4358,9667
-1840,4358,9667
-1840,4358,9667
-1583,4398,9547
-1583,4398,9547
-1583,4398,9547
-1583,4398,9547
-1468,4215,9672
-1468,4215,9672
-1468,4215,9672
-1468,4215,9672
-1468,4215,9672
-1468,4215,9672
-1468,4215,9672
-1468,4215,9672
-1468,4215,9672
-1402,4226,9654
-1402,4226,9654
-1402,4226,9654
-1402,4226,9654
-1402,4226,9654
-1402,4226,9654
-1402,4226,9654
-1402,4226,9654
-1402,4226,9654
-1505,4198,9660
-1505,4198,9660
-1505,4198,9660
-1505,4198,9660
-1505,4198,9660
-1505,4198,9660
-1505,4198,9660
-1505,4198,9660
-1505,4198,9660
-1505,4198,9660
-1460,4296,9630
-1460,4296,9630
-1460,4296,9630
-1460,4296,9630
-1460,4296,9630
-1460,4296,9630
-1460,4296,9630
-1460,4296,9630
-1460,4296,9630
-1412,4248,9659
-1412,4248,9659
-1412,4248,9659
-1412,4248,9659
-1412,4248,9659
-1412,4248,9659
-1412,4248,9659
-1412,4248,9659
-1412,4248,9659
-1412,4248,9659
-1462,4273,9593
-1462,4273,9593
-1462,4273,9593
-1462,4273,9593
-1462,4273,9593
-1462,4273,9593
-1462,4273,9593
-1462,4273,9593
-1462,4273,9593
-1529,4520,9538
-1529,4520,9538
-1529,4520,9538
-1529,4520,9538
-1529,4520,9538
-1529,4520,9538
-1529,4520,9538
-1529,4520,9538
-1529,4520,9538
-1527,4728,9437
-1527,4728,9437
-1527,4728,9437
-1527,4728,9437
-1527,4728,9437
-1527,4728,9437
-1527,4728,9437
-1527,4728,9437
-1527,4728,9437
-1298,4736,9455
-1298,4736,9455
-1298,4736,9455
-1298,4736,9455
-1298,4736,9455
-1298,4736,9455
-1298,4736,9455
-1534,4805,9446
-1534,4805,9446
-1534,4805,9446
-1534,4805,9446
-1534,4805,9446
-1534,4805,9446
-1534,4805,9446
-1534,4805,9446
-1534,4805,9446
-1355,4577,9544
-1355,4577,9544
-1355,4577,9544
-1355,4577,9544
-1355,4577,9544
-1355,4577,9544
-1355,4577,9544
-1355,4577,9544
-1355,4577,9544
-1414,4600,9470
-1414,4600,9470
-1414,4600,9470
-1414,4600,9470
-1414,4600,9470
-1414,4600,9470
-1414,4600,9470
-1414,4600,9470
-1414,4600,9470
-1414,4600,9470
-1510,4666,9504
-1510,4666,9504
-1510,4666,9504
-1510,4666,9504
-1510,4666,9504
-1510,4666,9504
-1510,4666,9504
-1510,4666,9504
-1510,4666,9504
-1336,4396,9629
-1336,4396,9629
-1336,4396,9629
-1336,4396,9629
-1336,4396,9629
-1336,4396,9629
-1336,4396,9629
-1336,4396,9629
-1336,4396,9629
-1004,4074,9646
-1004,4074,9646
-1004,4074,9646
-1004,4074,9646
-1004,4074,9646
-1004,4074,9646
-1004,4074,9646
-1004,4074,9646
-1004,4074,9646
-801,3075,9800
-801,3075,9800
-801,3075,9800
-801,3075,9800
-801,3075,9800
-801,3075,9800
-801,3075,9800
-801,3075,9800
-801,3075,9800
-801,3075,9800
-800,1793,9583
-800,1793,9583
-800,1793,9583
-800,1793,9583
-800,1793,9583
-800,1793,9583
-800,1793,9583
-800,1793,9583
-800,1793,9583
-774,658,8880
-774,658,8880
-774,658,8880
-774,658,8880
-774,658,8880
-774,658,8880
-774,658,8880
-774,658,8880
-774,658,8880
-805,52,8134
-805,52,8134
-805,52,8134
-805,52,8134
-805,52,8134
-805,52,8134
-805,52,8134
-851,-378,7159
-851,-378,7159
-851,-378,7159
-851,-378,7159
-851,-378,7159
-851,-378,7159
-851,-378,7159
-851,-378,7159
-851,-378,7159
-966,-462,5712
-966,-462,5712
-966,-462,5712
-966,-462,5712
-966,-462,5712
-966,-462,5712
-966,-462,5712
-966,-462,5712
-966,-462,5712
-1225,-165,4790
-1225,-165,4790
-1225,-165,4790
-1225,-165,4790
-1225,-165,4790
-1225,-165,4790
-1225,-165,4790
-1225,-165,4790
-1225,-165,4790
-1288,185,4186
-1288,185,4186
-1288,185,4186
-1288,185,4186
-1288,185,4186
-1288,185,4186
-1288,185,4186
-1288,185,4186
-1288,185,4186
-1295,665,3696
-1295,665,3696
-1295,665,3696
-1295,665,3696
-1295,665,3696
-1295,665,3696
-1295,665,3696
-1295,665,3696
-1295,665,3696
-1219,1358,3213
-1219,1358,3213
-1219,1358,3213
-1219,1358,3213
-1219,1358,3213
-1219,1358,3213
-1219,1358,3213
-1219,1358,3213
-1219,1358,3213
-1172,2394,2897
-1172,2394,2897
-1172,2394,2897
-1172,2394,2897
-1172,2394,2897
-1172,2394,2897
-1172,2394,2897
-1172,2394,2897
-1172,2394,2897
-1172,2394,2897
-1058,3172,2853
-1058,3172,2853
-1058,3172,2853
-1058,3172,2853
-1058,3172,2853
-1058,3172,2853
-1058,3172,2853
-1058,3172,2853
-827,3908,3064
-827,3908,3064
-827,3908,3064
-827,3908,3064
-827,3908,3064
-638,4463,3319
-638,4463,3319
-638,4463,3319
-638,4463,3319
-638,4463,3319
-638,4463,3319
-638,4463,3319
-638,4463,3319
-638,4463,3319
-847,4797,3496
-847,4797,3496
-847,4797,3496
-847,4797,3496
-847,4797,3496
-847,4797,3496
-847,4797,3496
-847,4797,3496
-740,5240,3822
-740,5240,3822
-740,5240,3822
-740,5240,3822
-740,5240,3822
-740,5240,3822
-740,5240,3822
-740,5240,3822
-740,5240,3822
-935,6107,4924
-935,6107,4924
-935,6107,4924
-935,6107,4924
-935,6107,4924
-935,6107,4924
-935,6107,4924
-935,6107,4924
-935,6107,4924
-1408,6522,6457
-1408,6522,6457
-1408,6522,6457
-1408,6522,6457
-1408,6522,6457
-1408,6522,6457
-1408,6522,6457
-1408,6522,6457
-1408,6522,6457
-1565,6289,7699
-1565,6289,7699
-1565,6289,7699
-1565,6289,7699
-1565,6289,7699
-1565,6289,7699
-1565,6289,7699
-1565,6289,7699
-1565,6289,7699
-1419,5729,8575
-1419,5729,8575
-1419,5729,8575
-1419,5729,8575
-1419,5729,8575
-1419,5729,8575
-1419,5729,8575
-1419,5729,8575
-1419,5729,8575
-1166,5100,9048
-1166,5100,9048
-1166,5100,9048
-1166,5100,9048
-1166,5100,9048
-1166,5100,9048
-1166,5100,9048
-1166,5100,9048
-1166,5100,9048
-1037,4470,9467
-1037,4470,9467
-1037,4470,9467
-1037,4470,9467
-1037,4470,9467
-1037,4470,9467
-1037,4470,9467
-1037,4470,9467
-1037,4470,9467
-1037,4470,9467
-1196,4282,9539
-1196,4282,9539
-1196,4282,9539
-1196,4282,9539
-1196,4282,9539
-1196,4282,9539
-1196,4282,9539
-1196,4282,9539
-1196,4282,9568
-1461,4364,9568
-1461,4364,9568
-1461,4364,9568
-1461,4364,9568
-1461,4364,9568
-1461,4364,9568
-1461,4364,9568
-1461,4364,9568
-1461,4364,9568
-1147,4237,9533
-1147,4237,9533
-1147,4237,9533
-1147,4237,9533
-1147,4237,9533
-1147,4237,9533
-1147,4237,9533
-1111,4340,9497
-1111,4340,9497
-1111,4340,9497
-1111,4340,9497
-1111,4340,9497
-1111,4340,9497
-1111,4340,9497
-1111,4340,9497
-1111,4340,9497
-1182,4488,9508
-1182,4488,9508
-1182,4488,9508
-1182,4488,9508
-1182,4488,9508
-1182,4488,9508
-1182,4488,9508
-1182,4488,9508
-1182,4488,9508
-1186,4466,9524
-1186,4466,9524
-1186,4466,9524
-1186,4466,9524
-1186,4466,9524
-1186,4466,9524
-1186,4466,9524
-1186,4466,9524
-1186,4466,9524
-996,4423,9489
-996,4423,9489
-996,4423,9489
-996,4423,9489
-996,4423,9489
-996,4423,9489
-996,4423,9489
-996,4423,9489
-996,4423,9489
-804,4247,9473
-804,4247,9473
-804,4247,9473
-804,4247,9473
-804,4247,9473
-804,4247,9473
-804,4247,9473
-804,4247,9473
-804,4247,9473
-649,3674,9604
-649,3674,9604
-649,3674,9604
-649,3674,9604
-649,3674,9604
-649,3674,9604
-649,3674,9604
-649,3674,9604
-649,3674,9604
-649,3674,9604
-440,3378,9529
-440,3378,9529
-440,3378,9529
-440,3378,9529
-440,3378,9529
-440,3378,9529
-440,3378,9529
-440,3378,9529
-440,3378,9529
-122,3241,9435
-122,3241,9435
-122,3241,9435
-122,3241,9435
-122,3241,9435
-122,3241,9435
-122,3241,9435
-122,3241,9435
-122,3241,9435
-15,2863,9365
-15,2863,9365
-15,2863,9365
-15,2863,9365
-15,2863,9365
-15,2863,9365
-15,2863,9365
-15,2863,9365
-15,2863,9365
-125,2416,9432
-125,2416,9432
-125,2416,9432
-125,2416,9432
-125,2416,9432
-125,2416,9432
-307,1788,9342
-307,1788,9342
-307,1788,9342
-307,1788,9342
-307,1788,9342
-307,1788,9342
-307,1788,9342
-307,1788,9342
-307,1788,9342
-494,964,8990
-494,964,8990
-494,964,8990
-494,964,8990
-494,964,8990
-494,964,8990
-494,964,8990
-494,964,8990
-494,964,8990
-494,964,8990
-541,359,8421
-541,359,8421
-541,359,8421
-541,359,8421
-541,359,8421
-541,359,8421
-541,359,8421
-541,359,8421
-541,359,8421
-341,-131,7269
-341,-131,7269
-341,-131,7269
-341,-131,7269
-341,-131,7269
-341,-131,7269
-341,-131,7269
-341,-131,7269
-341,-131,7269
-314,-270,6536
-314,-270,6536
-314,-270,6536
-314,-270,6536
-314,-270,6536
-314,-270,6536
-314,-270,6536
-314,-270,6536
-314,-270,6536
-314,-270,6536
-201,-232,6185
-201,-232,6185
-201,-232,6185
-201,-232,6185
-201,-232,6185
-201,-232,6185
-201,-232,6185
-404,-203,5535
-404,-203,5535
-404,-203,5535
-404,-203,5535
-404,-203,5535
-404,-203,5535
-710,57,4604
-710,57,4604
-710,57,4604
-710,57,4604
-710,57,4604
-710,57,4604
-710,57,4604
-710,57,4604
-710,57,4604
-447,436,4245
-447,436,4245
-447,436,4245
-447,436,4245
-447,436,4245
-447,436,4245
-447,436,4245
-447,436,4245
-447,436,4245
-450,889,3812
-450,889,3812
-450,889,3812
-450,889,3812
-450,889,3812
-450,889,3812
-831,1169,3451
-831,1169,3451
-831,1169,3451
-831,1169,3451
-831,1169,3451
-831,1169,3451
-831,1169,3451
-831,1169,3451
-831,1169,3451
-831,1169,3451
-728,1442,3324
-728,1442,3324
-728,1442,3324
-728,1442,3324
-728,1442,3324
-728,1442,3324
-728,1442,3324
-728,1442,3324
-728,1442,3324
-728,1442,3324
-457,1793,3272
-457,1793,3272
-457,1793,3272
-457,1793,3272
-457,1793,3272
-457,1793,3272
-457,1793,3272
-457,1793,3272
-457,1793,3272
-446,1948,3241
-446,1948,3241
-446,1948,3241
-446,1948,3241
-446,1948,3241
-446,1948,3241
-446,1948,3241
-446,1948,3241
-446,1948,3241
-620,2290,3068
-620,2290,3068
-620,2290,3068
-620,2290,3068
-620,2290,3068
-620,2290,3068
-620,2290,3068
-620,2290,3068
-620,2290,3068
-1113,3326,2845
-1113,3326,2845
-1113,3326,2845
-1113,3326,2845
-1113,3326,2845
-1113,3326,2845
-1113,3326,2845
-1113,3326,2845
-1113,3326,2845
-1045,4797,3413
-1045,4797,3413
-1045,4797,3413
-1045,4797,3413
-1045,4797,3413
-1045,4797,3413
-1045,4797,3413
-1045,4797,3413
-1045,4797,3413
-1781,5921,4443
-1781,5921,4443
-1781,5921,4443
-1781,5921,4443
-1781,5921,4443
-1781,5921,4443
-1781,5921,4443
-1781,5921,4443
-1781,5921,4443
-1735,6449,5495
-1735,6449,5495
-1735,6449,5495
-1735,6449,5495
-1735,6449,5495
-1735,6449,5495
-1735,6449,5495
-1735,6449,5495
-1735,6449,5495
-1735,6449,5495
-793,6310,5610
-793,6310,5610
-793,6310,5610
-793,6310,5610
-793,6310,5610
-793,6310,5610
-1234,6250,5002
-1234,6250,5002
-1234,6250,5002
-1234,6250,5002
-1234,6250,5002
-1234,6250,5002
-1234,6250,5002
-1234,6250,5002
-1234,6250,5002
-1113,6040,4567
-1113,6040,4567
-1113,6040,4567
-1113,6040,4567
-1113,6040,4567
-1113,6040,4567
-1113,6040,4567
-1113,6040,4567
-1113,6040,4567
-1019,6198,4916
-1019,6198,4916
-1019,6198,4916
-1019,6198,4916
-1019,6198,4916
-1019,6198,4916
-1019,6198,4916
-1019,6198,4916
-1019,6198,4916
-1124,6450,5546
-1124,6450,5546
-1124,6450,5546
-1124,6450,5546
-1124,6450,5546
-1124,6450,5546
-1124,6450,5546
-1124,6450,5546
-1124,6450,5546
-1000,6510,6239
-1000,6510,6239
-1000,6510,6239
-1000,6510,6239
-1000,6510,6239
-1000,6510,6239
-1000,6510,6239
-1000,6510,6239
-1000,6510,6239
-1000,6510,6239
-1592,6574,6080
-1592,6574,6080
-1592,6574,6080
-1592,6574,6080
-1592,6574,6080
-1592,6574,6080
-1592,6574,6080
-1592,6574,6080
-1592,6574,6080
-1407,6549,6098
-1407,6549,6098
-1407,6549,6098
-1407,6549,6098
-1407,6549,6098
-1407,6549,6098
-1407,6549,6098
-1407,6549,6098
-1407,6549,6098
-1924,6618,6125
-1924,6618,6125
-1924,6618,6125
-1924,6618,6125
-1924,6618,6125
-1924,6618,6125
-1924,6618,6125
-1924,6618,6125
-1924,6618,6125
-2404,6546,6345
-2404,6546,6345
-2404,6546,6345
-2404,6546,6345
-2404,6546,6345
-2404,6546,6345
-2404,6546,6345
-2404,6546,6345
-2404,6546,6345
-2278,6564,6287
-2278,6564,6287
-2278,6564,6287
-2278,6564,6287
-2278,6564,6287
-2278,6564,6287
-2278,6564,6287
-2278,6564,6287
-2423,6551,6195
-2423,6551,6195
-2423,6551,6195
-2423,6551,6195
-2423,6551,6195
-2423,6551,6195
-2423,6551,6195
-2423,6551,6195
-1807,6538,5737
-1807,6538,5737
-1807,6538,5737
-1807,6538,5737
-1807,6538,5737
-1807,6538,5737
-1807,6538,5737
-1807,6538,5737
-1807,6538,5737
-435,6096,5324
-435,6096,5324
-435,6096,5324
-435,6096,5324
-435,6096,5324
-435,6096,5324
-435,6096,5324
-435,6096,5324
-435,6096,5324
644,5528,6243
644,5528,6243
644,5528,6243
644,5528,6243
644,5528,6243
644,5528,6243
644,5528,6243
644,5528,6243
644,5528,6243
932,4911,7534
932,4911,7534
932,4911,7534
932,4911,7534
932,4911,7534
667,4385,8414
667,4385,8414
667,4385,8414
667,4385,8414
667,4385,8414
667,4385,8414
667,4385,8414
667,4385,8414
667,4385,8414
473,3895,8857
473,3895,8857
473,3895,8857
473,3895,8857
473,3895,8857
473,3895,8857
473,3895,8857
473,3895,8857
473,3895,8857
336,3680,9051
336,3680,9051
336,3680,9051
336,3680,9051
336,3680,9051
336,3680,9051
336,3680,9051
336,3680,9051
336,3680,9051
336,3680,9051
235,3653,9169
235,3653,9169
235,3653,9169
235,3653,9169
235,3653,9169
235,3653,9169
235,3653,9169
235,3653,9169
235,3653,9169
135,3554,9256
135,3554,9256
135,3554,9256
135,3554,9256
135,3554,9256
135,3554,9256
135,3554,9256
135,3554,9256
135,3554,9256
135,3600,9277
135,3600,9277
135,3600,9277
135,3600,9277
135,3600,9277
135,3600,9277
120,3603,9247
120,3603,9247
120,3603,9247
120,3603,9247
120,3603,9247
120,3603,9247
120,3603,9247
120,3603,9247
120,3603,9247
33,3695,9296
33,3695,9296
33,3695,9296
33,3695,9296
33,3695,9296
33,3695,9296
33,3695,9296
33,3695,9296
33,3695,9296
33,3695,9296
-127,3650,9386
-127,3650,9386
-127,3650,9386
-127,3650,9386
-127,3650,9386
-127,3650,9386
-127,3650,9386
-127,3650,9386
-127,3650,9386
-172,3538,9433
-172,3538,9433
-172,3538,9433
-172,3538,9433
-172,3538,9433
-172,3538,9433
-172,3538,9433
-172,3538,9433
-172,3538,9433
-208,3279,9471
-208,3279,9471
-208,3279,9471
-208,3279,9471
-208,3279,9471
-208,3279,9471
-208,3279,9471
-208,3279,9471
-208,3279,9471
-99,3166,9466
-99,3166,9466
-99,3166,9466
-99,3166,9466
-99,3166,9466
-99,3166,9466
-99,3166,9466
-99,3166,9466
-99,3166,9466
73,2832,9318
73,2832,9318
73,2832,9318
73,2832,9318
73,2832,9318
73,2832,9318
73,2832,9318
73,2832,9318
73,2832,9318
73,2832,9318
81,2516,9284
81,2516,9284
81,2516,9284
81,2516,9284
81,2516,9284
81,2516,9284
81,2516,9284
81,2516,9284
81,2516,9284
112,2539,9287
112,2539,9287
112,2539,9287
112,2539,9287
112,2539,9287
112,2539,9287
112,2539,9287
112,2539,9287
112,2539,9287
96,2456,9239
96,2456,9239
96,2456,9239
96,2456,9239
96,2456,9239
96,2456,9239
96,2456,9239
-23,2628,9379
-23,2628,9379
-23,2628,9379
-23,2628,9379
-23,2628,9379
-23,2628,9379
-23,2628,9379
-23,2628,9379
-23,2628,9379
-201,2339,9478
-201,2339,9478
-201,2339,9478
-201,2339,9478
-201,2339,9478
-201,2339,9478
-201,2339,9478
-201,2339,9478
-201,2339,9478
-133,2654,9388
-133,2654,9388
-133,2654,9388
-133,2654,9388
-133,2654,9388
-133,2654,9388
-133,2654,9388
-133,2654,9388
-133,2654,9388
-133,2654,9388
133,3787,9132
133,3787,9132
133,3787,9132
133,3787,9132
133,3787,9132
133,3787,9132
133,3787,9132
133,3787,9132
133,3787,9132
259,4804,8450
259,4804,8450
259,4804,8450
259,4804,8450
259,4804,8450
259,4804,8450
259,4804,8450
259,4804,8450
259,4804,8450
170,5474,7773
170,5474,7773
170,5474,7773
170,5474,7773
170,5474,7773
170,5474,7773
170,5474,7773
170,5474,7773
170,5474,7773
77,5834,7119
77,5834,7119
77,5834,7119
77,5834,7119
77,5834,7119
77,5834,7119
77,5834,7119
77,5834,7119
77,5834,7119
-125,6046,6569
-125,6046,6569
-125,6046,6569
-125,6046,6569
-125,6046,6569
-125,6046,6569
-125,6046,6569
-125,6046,6569
-125,6046,6569
-227,6178,6326
-227,6178,6326
-227,6178,6326
-227,6178,6326
-227,6178,6326
-227,6178,6326
-227,6178,6326
-227,6178,6326
-227,6178,6326
-227,6178,6326
-172,6135,6269
-172,6135,6269
-172,6135,6269
-172,6135,6269
-172,6135,6269
-172,6135,6269
-112,6024,5647
-112,6024,5647
-112,6024,5647
-112,6024,5647
-112,6024,5647
-112,6024,5647
-112,6024,5647
-112,6024,5647
-112,6024,5647
14,5624,4785
14,5624,4785
14,5624,4785
14,5624,4785
14,5624,4785
14,5624,4785
14,5624,4785
14,5624,4785
14,5624,4785
123,4791,3906
123,4791,3906
123,4791,3906
123,4791,3906
123,4791,3906
123,4791,3906
123,4791,3906
123,4791,3906
123,4791,3906
123,4791,3906
173,3602,3369
173,3602,3369
173,3602,3369
173,3602,3369
173,3602,3369
173,3602,3369
173,3602,3369
173,3602,3369
173,3602,3369
200,2337,3438
200,2337,3438
200,2337,3438
200,2337,3438
151,1367,3839
151,1367,3839
151,1367,3839
151,1367,3839
151,1367,3839
151,1367,3839
151,1367,3839
151,1367,3839
151,1367,3839
151,1367,3839
-73,1120,3811
-73,1120,3811
-73,1120,3811
-73,1120,3811
-73,1120,3811
-73,1120,3811
-73,1120,3811
-73,1120,3811
-73,1120,3811
-359,653,4108
-359,653,4108
-359,653,4108
-359,653,4108
-359,653,4108
-359,653,4108
-359,653,4108
-359,653,4108
-359,653,4108
-484,295,4440
-484,295,4440
-484,295,4440
-484,295,4440
-484,295,4440
-484,295,4440
-484,295,4440
-484,295,4440
-484,295,4440
-839,-132,4914
-839,-132,4914
-839,-132,4914
-839,-132,4914
-839,-132,4914
-839,-132,4914
-839,-132,4914
-1179,-324,5237
-1179,-324,5237
-1179,-324,5237
-1179,-324,5237
-1179,-324,5237
-1179,-324,5237
-1179,-324,5237
-1179,-324,5237
-1179,-324,5237
-638,-254,5453
-638,-254,5453
-638,-254,5453
-638,-254,5453
-638,-254,5453
-638,-254,5453
-638,-254,5453
-638,-254,5453
-638,-254,5453
-513,-348,6342
-513,-348,6342
-513,-348,6342
-513,-348,6342
-513,-348,6342
-513,-348,6342
-513,-348,6342
-513,-348,6342
-513,-348,6342
73,-11,6597
73,-11,6597
73,-11,6597
73,-11,6597
73,-11,6597
73,-11,6597
73,-11,6597
73,-11,6597
73,-11,6597
682,527,7081
682,527,7081
682,527,7081
682,527,7081
682,527,7081
682,527,7081
682,527,7081
682,527,7081
682,527,7081
287,481,7665
287,481,7665
287,481,7665
287,481,7665
287,481,7665
287,481,7665
287,481,7665
287,481,7665
287,481,7665
302,791,8142
302,791,8142
302,791,8142
302,791,8142
302,791,8142
302,791,8142
302,791,8142
302,791,8142
302,791,8142
5,1186,8769
5,1186,8769
5,1186,8769
5,1186,8769
5,1186,8769
5,1186,8769
5,1186,8769
5,1186,8769
5,1186,8769
-94,2001,9283
-94,2001,9283
-94,2001,9283
-94,2001,9283
-94,2001,9283
-94,2001,9283
-94,2001,9283
-94,2001,9283
-94,2001,9283
-94,2001,9283
-15,3077,9323
-15,3077,9323
-15,3077,9323
-15,3077,9323
-15,3077,9323
-15,3077,9323
-15,3077,9323
88,3646,9177
88,3646,9177
88,3646,9177
88,3646,9177
88,3646,9177
88,3646,9177
88,3646,9177
88,3646,9177
88,3646,9177
-55,4098,9126
-55,4098,9126
-55,4098,9126
-55,4098,9126
-55,4098,9126
-55,4098,9126
-55,4098,9126
-55,4098,9126
-55,4098,9126
-158,4429,9005
-158,4429,9005
-158,4429,9005
-158,4429,9005
-158,4429,9005
-158,4429,9005
-158,4429,9005
-158,4429,9005
-158,4429,9005
-543,4985,8795
-543,4985,8795
-543,4985,8795
-543,4985,8795
-543,4985,8795
-543,4985,8795
-543,4985,8795
-543,4985,8795
-543,4985,8795
-354,5825,7636
-354,5825,7636
-354,5825,7636
-354,5825,7636
-354,5825,7636
-354,5825,7636
-354,5825,7636
-354,5825,7636
-354,5825,7636
-354,5825,7636
-174,5810,7503
-174,5810,7503
-174,5810,7503
-174,5810,7503
-174,5810,7503
-174,5810,7503
-174,5810,7503
-174,5810,7503
-174,5810,7503
-611,5923,7661
-611,5923,7661
-611,5923,7661
-611,5923,7661
-611,5923,7661
-611,5923,7661
-611,5923,7661
-611,5923,7661
-611,5923,7661
-583,6257,6290
-583,6257,6290
-583,6257,6290
-583,6257,6290
-583,6257,6290
-583,6257,6290
-583,6257,6290
-583,6257,6290
-583,6257,6290
-686,6135,5208
-686,6135,5208
-686,6135,5208
-686,6135,5208
-686,6135,5208
-686,6135,5208
-686,6135,5208
-686,6135,5208
-686,6135,5208
-989,5922,4492
-989,5922,4492
-989,5922,4492
-989,5922,4492
-989,5922,4492
-989,5922,4492
-989,5922,4492
-989,5922,4492
-989,5922,4492
-782,5655,4217
-782,5655,4217
-782,5655,4217
-782,5655,4217
-782,5655,4217
-782,5655,4217
-443,4956,3727
-443,4956,3727
-443,4956,3727
-443,4956,3727
-443,4956,3727
-443,4956,3727
-443,4956,3727
-443,4956,3727
-443,4956,3727
-443,4956,3727
137,4050,3577
137,4050,3577
137,4050,3577
137,4050,3577
137,4050,3577
137,4050,3577
137,4050,3577
137,4050,3577
137,4050,3577
107,2873,3423
107,2873,3423
107,2873,3423
107,2873,3423
107,2873,3423
107,2873,3423
107,2873,3423
107,2873,3423
107,2873,3423
184,1955,3654
184,1955,3654
184,1955,3654
184,1955,3654
184,1955,3654
184,1955,3654
184,1955,3654
184,1955,3654
184,1955,3654
-210,788,4134
-210,788,4134
-210,788,4134
-210,788,4134
-210,-173,5278
-608,-173,5278
-608,-173,5278
-608,-173,5278
-608,-173,5278
-608,-173,5278
-608,-173,5278
-608,-173,5278
-608,-173,5278
-608,-173,5278
-795,-370,6993
-795,-370,6993
-795,-370,6993
-795,-370,6993
-795,-370,6993
-795,-370,6993
-795,-370,6993
-795,-370,6993
-993,137,8354
-993,137,8354
-993,137,8354
-993,137,8354
-993,137,8354
-993,137,8354
-993,137,8354
-993,137,8354
-993,137,8354
-993,137,8354
-1005,1015,9189
-1005,1015,9189
-1005,1015,9189
-1005,1015,9189
-1005,1015,9189
-1005,1015,9189
-1005,1015,9189
-1005,1015,9189
-1005,1015,9189
-1005,1015,9189
-708,1685,9488
-708,1685,9488
-708,1685,9488
-708,1685,9488
-708,1685,9488
-708,1685,9488
-467,2294,9512
-467,2294,9512
-467,2294,9512
-467,2294,9512
-467,2294,9512
-467,2294,9512
-467,2294,9512
-467,2294,9512
-467,2294,9512
-238,2706,9483
-238,2706,9483
-238,2706,9483
-238,2706,9483
-238,2706,9483
-238,2706,9483
-238,2706,9483
-238,2706,9483
-238,2706,9483
-806,2168,9619
-806,2168,9619
-806,2168,9619
-806,2168,9619
-806,2168,9619
-806,2168,9619
-806,2168,9619
-806,2168,9619
-806,2168,9619
-806,2168,9619
-947,1665,9530
-947,1665,9530
-947,1665,9530
-947,1665,9530
-947,1665,9530
-947,1665,9530
-947,1665,9530
-947,1665,9530
-947,1665,9530
-1094,703,8955
-1094,703,8955
-1094,703,8955
-1094,703,8955
-1094,703,8955
-1094,703,8955
-1094,703,8955
-1094,703,8955
-1094,703,8955
-1524,-405,7351
-1524,-405,7351
-1524,-405,7351
-1524,-405,7351
-1524,-405,7351
-1524,-405,7351
-1524,-405,7351
-1524,-405,7351
-1524,-405,7351
-1095,-444,5723
-1095,-444,5723
-1095,-444,5723
-1095,-444,5723
-1095,-444,5723
-1095,-444,5723
-1095,-444,5723
-1095,-444,5723
-1095,-444,5723
-784,51,4680
-784,51,4680
-784,51,4680
-784,51,4680
-784,51,4680
-784,51,4680
-784,51,4680
-784,51,4680
-784,51,4680
-645,840,3784
-645,840,3784
-645,840,3784
-645,840,3784
-645,840,3784
-645,840,3784
-645,840,3784
-645,840,3784
-645,840,3784
-633,2073,3144
-633,2073,3144
-633,2073,3144
-633,2073,3144
-633,2073,3144
-633,2073,3144
-782,3232,2961
-782,3232,2961
-782,3232,2961
-782,3232,2961
-782,3232,2961
-782,3232,2961
-782,3232,2961
-782,3232,2961
-782,3232,2961
-782,3232,2961
-568,4528,3468
-568,4528,3468
-568,4528,3468
-568,4528,3468
-568,4528,3468
-568,4528,3468
-568,4528,3468
-568,4528,3468
-568,4528,3468
-1001,5827,4485
-1001,5827,4485
-1001,5827,4485
-1001,5827,4485
-1001,5827,4485
-1001,5827,4485
-1001,5827,4485
-1001,5827,4485
-1001,5827,4485
-1001,5827,4485
-1305,6396,5598
-1305,6396,5598
-1305,6396,5598
-1305,6396,5598
-1305,6396,5598
-1305,6396,5598
-1305,6396,5598
-1305,6396,5598
-1305,6396,5598
-896,6357,6377
-896,6357,6377
-896,6357,6377
-896,6357,6377
-896,6357,6377
-896,6357,6377
-896,6357,6377
-896,6357,6377
-896,6357,6377
-419,6098,6933
-419,6098,6933
-419,6098,6933
-419,6098,6933
-419,6098,6933
-419,6098,6933
-419,6098,6933
-419,6098,6933
-419,6098,6933
-533,6207,6697
-533,6207,6697
-533,6207,6697
-533,6207,6697
-533,6207,6697
-533,6207,6697
-533,6207,6697
-533,6207,6697
-533,6207,6697
-485,6102,7131
-485,6102,7131
-485,6102,7131
-485,6102,7131
-485,6102,7131
-485,6102,7131
-485,6102,7131
-485,6102,7131
-485,6102,7131
-505,5877,7758
-505,5877,7758
-505,5877,7758
-505,5877,7758
-505,5877,7758
-505,5877,7758
-505,5877,7758
-505,5877,7758
-505,5877,7758
-168,5438,8121
-168,5438,8121
-168,5438,8121
-168,5438,8121
-168,5438,8121
-168,5438,8121
-168,5438,8121
-121,4339,9036
-121,4339,9036
-121,4339,9036
-121,4339,9036
-121,4339,9036
-121,4339,9036
-121,4339,9036
-121,4339,9036
-121,4339,9036
-121,4339,9036
-398,2788,9564
-398,2788,9564
-398,2788,9564
-398,2788,9564
-398,2788,9564
-398,2788,9564
-398,2788,9564
-398,2788,9564
-398,2788,9564
-1138,1553,9533
-1138,1553,9533
-1138,1553,9533
-1138,1553,9533
-1138,1553,9533
-1138,1553,9533
-1138,1553,9533
-1138,1553,9533
-1138,1553,9533
-1424,898,9202
-1424,898,9202
-1424,898,9202
-1424,898,9202
-1731,427,8900
-1731,427,8900
-1731,427,8900
-1731,427,8900
-1731,427,8900
-1731,427,8900
-1731,427,8900
-1731,427,8900
-1731,427,8900
-1498,398,8773
-1498,398,8773
-1498,398,8773
-1498,398,8773
-1498,398,8773
-1498,398,8773
-1498,398,8773
-1498,398,8773
-1498,398,8773
-1235,862,9150
-1235,862,9150
-1235,862,9150
-1235,862,9150
-1235,862,9150
-1235,862,9150
-1235,862,9150
-1235,862,9150
-1235,862,9150
-1228,1822,9625
-1228,1822,9625
-1228,1822,9625
-1228,1822,9625
-1228,1822,9625
-1228,1822,9625
-1228,1822,9625
-1228,1822,9625
-1228,1822,9625
-1365,2601,9847
-1365,2601,9847
-1365,2601,9847
-1365,2601,9847
-1365,2601,9847
-1365,2601,9847
-1365,2601,9847
-1365,2601,9847
-1365,2601,9847
-1393,3621,9754
-1393,3621,9754
-1393,3621,9754
-1393,3621,9754
-1393,3621,9754
-1393,3621,9754
-1393,3621,9754
-1393,3621,9754
-1116,4634,9326
-1116,4634,9326
-1116,4634,9326
-1116,4634,9326
-1116,4634,9326
-1116,4634,9326
-1116,4634,9326
-1116,4634,9326
-894,5602,8412
-894,5602,8412
-894,5602,8412
-894,5602,8412
-894,5602,8412
-894,5602,8412
-894,5602,8412
-894,5602,8412
-894,5602,8412
-466,5851,7712
-466,5851,7712
-466,5851,7712
-466,5851,7712
-466,5851,7712
-466,5851,7712
-466,5851,7712
-466,5851,7712
-466,5851,7712
89,5930,6720
89,5930,6720
89,5930,6720
89,5930,6720
89,5930,6720
89,5930,6720
89,5930,6720
89,5930,6720
89,5930,6720
89,5930,6720
384,5787,6106
384,5787,6106
384,5787,6106
384,5787,6106
384,5787,6106
384,5787,6106
384,5787,6106
384,5787,6106
384,5787,6106
553,5580,5888
553,5580,5888
553,5580,5888
553,5580,5888
553,5580,5888
553,5580,5888
553,5580,5888
553,5580,5888
553,5580,5888
553,5580,5888
569,5448,5365
569,5448,5365
569,5448,5365
569,5448,5365
569,5448,5365
569,5448,5365
569,5448,5365
569,5448,5365
569,5448,4795
529,5232,4795
529,5232,4795
529,5232,4795
529,5232,4795
529,5232,4795
529,5232,4795
529,5232,4795
529,5232,4795
529,5232,4795
56,5181,4172
56,5181,4172
56,5181,4172
56,5181,4172
56,5181,4172
56,5181,4172
56,5181,4172
56,5181,4172
56,5181,4172
-337,5066,3819
-337,5066,3819
-337,5066,3819
-337,5066,3819
-337,5066,3819
-337,5066,3819
-337,5066,3819
-337,5066,3819
-337,5066,3819
-914,4232,3077
-914,4232,3077
-914,4232,3077
-914,4232,3077
-914,4232,3077
-914,4232,3077
-1531,3297,2827
-1531,3297,2827
-1531,3297,2827
-1531,3297,2827
-1531,3297,2827
-1531,3297,2827
-1531,3297,2827
-1531,3297,2827
-1531,3297,2827
-2342,1692,3101
-2342,1692,3101
-2342,1692,3101
-2342,1692,3101
-2342,1692,3101
-2342,1692,3101
-2342,1692,3101
-2342,1692,3101
-2342,1692,3101
-2342,1692,3101
-2394,169,4238
-2394,169,4238
-2394,169,4238
-2394,169,4238
-2394,169,4238
-2394,169,4238
-2394,169,4238
-2394,169,4238
-2394,169,4238
-2242,-520,5794
-2242,-520,5794
-2242,-520,5794
-2242,-520,5794
-2242,-520,5794
-2242,-520,5794
-2242,-520,5794
-2242,-520,5794
-2242,-520,5794
-2121,-548,6909
-2121,-548,6909
-2121,-548,6909
-2121,-548,6909
-2121,-548,6909
-2121,-548,6909
-2121,-548,6909
-2121,-548,6909
-2121,-548,6909
-2457,-408,7309
-2457,-408,7309
-2457,-408,7309
-2457,-408,7309
-2457,-408,7309
-2457,-408,7309
-2457,-408,7309
-2457,-408,7309
-2457,-408,7309
-2457,-408,7309
-2691,-87,8110
-2691,-87,8110
-2691,-87,8110
-2691,-87,8110
-2691,-87,8110
-2691,-87,8110
-2691,-87,8110
-2691,-87,8110
-2691,-87,8110
-2591,467,8822
-2591,467,8822
-2591,467,8822
-2591,467,8822
-2591,467,8822
-2591,467,8822
-2591,467,8822
-2591,467,8822
-2591,467,8822
-2718,1121,9414
-2718,1121,9414
-2718,1121,9414
-2718,1121,9414
-2718,1121,9414
-2718,1121,9414
-2718,1121,9414
-2718,1121,9414
-2718,1121,9414
-2554,1909,9763
-2554,1909,9763
-2554,1909,9763
-2554,1909,9763
-2554,1909,9763
-2554,1909,9763
-2554,1909,9763
-2239,2281,9867
-2239,2281,9867
-2239,2281,9867
-2239,2281,9867
-2239,2281,9867
-2239,2281,9867
-2239,2281,9867
-2239,2281,9867
-2239,2281,9867
-1940,1503,9633
-1940,1503,9633
-1940,1503,9633
-1940,1503,9633
-1796,59,8462
-1796,59,8462
-1796,59,8462
-1796,59,8462
-1796,59,8462
-1796,59,8462
-1796,59,8462
-1796,59,8462
-1796,59,8462
-1772,-581,6329
-1772,-581,6329
-1772,-581,6329
-1772,-581,6329
-1772,-581,6329
-1772,-581,6329
-1772,-581,6329
-1772,-581,6329
-1772,-581,6329
-1772,-581,6329
-1962,-119,4596
-1962,-119,4596
-1962,-119,4596
-1962,-119,4596
-1962,-119,4596
-1962,-119,4596
-1962,-119,4596
-1962,-119,4596
-1962,-119,4596
-1504,1218,3296
-1504,1218,3296
-1504,1218,3296
-1504,1218,3296
-1504,1218,3296
-1504,1218,3296
-1504,1218,3296
-1504,1218,3296
-1504,1218,3296
-1504,1218,3296
-587,3326,3044
-587,3326,3044
-587,3326,3044
-587,3326,3044
-587,3326,3044
-587,3326,3044
-587,3326,3044
-587,3326,3044
-587,3326,3044
-504,4938,3672
-504,4938,3672
-504,4938,3672
-504,4938,3672
-504,4938,3672
-504,4938,3672
-504,4938,3672
-504,4938,3672
-504,4938,3672
-968,5864,4485
-968,5864,4485
-968,5864,4485
-968,5864,4485
-968,5864,4485
-968,5864,4485
-968,5864,4485
-968,5864,4485
-968,5864,4485
-956,6405,6054
-956,6405,6054
-956,6405,6054
-956,6405,6054
-956,6405,6054
-956,6405,6054
-1280,6372,7201
-1280,6372,7201
-1280,6372,7201
-1280,6372,7201
-1280,6372,7201
-1280,6372,7201
-1280,6372,7201
-1280,6372,7201
-1280,6372,7201
-1280,6372,7201
-1244,5794,8394
-1244,5794,8394
-1244,5794,8394
-1244,5794,8394
-1244,5794,8394
-1244,5794,8394
-1244,5794,8394
-1244,5794,8394
-1187,5593,8585
-1187,5593,8585
-1187,5593,8585
-1187,5593,8585
-1187,5593,8585
-1187,5593,8585
-1187,5593,8585
-1187,5593,8585
-1187,5593,8585
-1187,5593,8585
-1200,4893,9217
-1200,4893,9217
-1200,4893,9217
-1200,4893,9217
-1200,4893,9217
-1200,4893,9217
-1200,4893,9217
-1200,4893,9217
-1200,4893,9217
-1200,4893,9217
-780,4109,9485
-780,4109,9485
-780,4109,9485
-780,4109,9485
-780,4109,9485
-780,4109,9485
-780,4109,9485
-780,4109,9485
-780,4109,9485
-1134,2910,9804
-1134,2910,9804
-1134,2910,9804
-1134,2910,9804
-1134,2910,9804
-1134,2910,9804
-1134,2910,9804
-1134,2910,9804
-1134,2910,9804
-1135,2172,9747
-1135,2172,9747
-1135,2172,9747
-1135,2172,9747
-1135,2172,9747
-1135,2172,9747
-1135,2172,9747
-1135,2172,9747
-1135,2172,9747
-1584,1253,9410
-1584,1253,9410
-1584,1253,9410
-1584,1253,9410
-1584,1253,9410
-1584,1253,9410
-1584,1253,9410
-1584,1253,9410
-1584,1253,9410
-1724,477,8866
-1724,477,8866
-1724,477,8866
-1724,477,8866
-1724,477,8866
-1724,477,8866
-1724,477,8866
-1724,477,8866
-1724,477,8866
-1669,149,8526
-1669,149,8526
-1669,149,8526
-1669,149,8526
-1669,149,8526
-1669,149,8526
-1759,604,9017
-1759,604,9017
-1759,604,9017
-1759,604,9017
-1759,604,9017
-1759,604,9017
-1759,604,9017
-1759,604,9017
-1759,604,9017
-2109,1777,9696
-2109,1777,9696
-2109,1777,9696
-2109,1777,9696
-2109,1777,9696
-2109,1777,9696
-2109,1777,9696
-2109,1777,9696
-2109,1777,9696
-2109,1777,9696
-2213,3313,9847
-2213,3313,9847
-2213,3313,9847
-2213,3313,9847
-2213,3313,9847
-2213,3313,9847
-2213,3313,9847
-2213,3313,9847
-2213,3313,9847
-1886,5016,9181
-1886,5016,9181
-1886,5016,9181
-1886,5016,9181
-1886,5016,9181
-1886,5016,9181
-1886,5016,9181
-1886,5016,9181
-1886,5016,9181
-1606,5900,8244
-1606,5900,8244
-1606,5900,8244
-1606,5900,8244
-1606,5900,8244
-1606,5900,8244
-1606,5900,8244
-1606,5900,8244
-1606,5900,8244
-603,6071,7434
-603,6071,7434
-603,6071,7434
-603,6071,7434
-603,6071,7434
-603,6071,7434
-603,6071,7434
-603,6071,7434
-603,6071,7434
291,5709,7020
291,5709,7020
291,5709,7020
291,5709,7020
291,5709,7020
291,5709,7020
291,5709,7020
291,5709,7020
291,5709,7020
291,5709,7020
379,5777,6591
379,5777,6591
379,5777,6591
379,5777,6591
379,5777,6591
379,5777,6591
379,5777,6591
379,5777,6591
379,5777,6591
-56,5971,6881
-56,5971,6881
-56,5971,6881
-56,5971,6881
-56,5971,6881
-56,5971,6881
-56,5971,6881
-56,5971,6881
-56,5971,6881
-286,6106,5735
-286,6106,5735
-286,6106,5735
-286,6106,5735
-286,6106,5735
-286,6106,5735
-11,4724,3771
-11,4724,3771
-11,4724,3771
-11,4724,3771
-443,2745,3089
-443,2745,3089
-443,2745,3089
-443,2745,3089
-443,2745,3089
-443,2745,3089
-443,2745,3089
-443,2745,3089
-443,2745,3089
-666,1194,3559
-666,1194,3559
-666,1194,3559
-666,1194,3559
-666,1194,3559
-666,1194,3559
-666,1194,3559
-666,1194,3559
-666,1194,3559
-666,1194,3559
-2228,-241,4909
-2228,-241,4909
-2228,-241,4909
-2228,-241,4909
-2228,-241,4909
-2228,-241,4909
-2228,-241,4909
-2228,-241,4909
-2507,-496,6540
-2507,-496,6540
-2507,-496,6540
-2507,-496,6540
-2507,-496,6540
-2507,-496,6540
-2507,-496,6540
-2507,-496,6540
-2507,-496,6540
-2507,-496,6540
-2538,-490,6988
-2538,-490,6988
-2538,-490,6988
-2538,-490,6988
-2538,-490,6988
-2538,-490,6988
-2538,-490,6988
-2538,-490,6988
-2538,-490,6988
-2538,-490,6988
-2656,-35,8135
-2656,-35,8135
-2656,-35,8135
-2656,-35,8135
-2656,-35,8135
-2656,-35,8135
-2656,-35,8135
-2656,-35,8135
-2656,-35,8135
-2694,909,9231
-2694,909,9231
-2694,909,9231
-2694,909,9231
-2694,909,9231
-2694,909,9231
-2694,909,9231
-2694,909,9231
-2694,909,9231
-2935,1762,9613
-2935,1762,9613
-2935,1762,9613
-2935,1762,9613
-2935,1762,9613
-2935,1762,9613
-2935,1762,9613
-2935,1762,9613
-2935,1762,9613
-3239,2424,9645
-3239,2424,9645
-3239,2424,9645
-3239,2424,9645
-3239,2424,9645
-3239,2424,9645
-3239,2424,9645
-3239,2424,9645
-3280,3021,9701
-3280,3021,9701
-3280,3021,9701
-3280,3021,9701
-3280,3021,9701
-3280,3021,9701
-3280,3021,9701
-3280,2971,9654
-3417,2971,9654
-3417,2971,9654
-3417,2971,9654
-3417,2971,9654
-3417,2971,9654
-3417,2971,9654
-3417,2971,9654
-3417,2971,9654
-3417,2971,9654
-3897,1847,9229
-3897,1847,9229
-3897,1847,9229
-3897,1847,9229
-3897,1847,9229
-3897,1847,9229
-3897,1847,9229
-3897,1847,9229
-3897,1847,9229
-4209,583,7909
-4209,583,7909
-4209,583,7909
-4209,583,7909
-4209,583,7909
-4209,583,7909
-4209,583,7909
-4209,583,7909
-4209,583,7909
-3684,-79,5750
-3684,-79,5750
-3684,-79,5750
-3684,-79,5750
-3684,-79,5750
-3684,-79,5750
-3684,-79,5750
-3684,-79,5750
-3684,-79,5750
-2848,500,3962
-2848,500,3962
-2848,500,3962
-2848,500,3962
-2848,500,3962
-2848,500,3962
-2848,500,3962
-2848,500,3962
-2848,500,3962
-2152,1827,3009
-2152,1827,3009
-2152,1827,3009
-2152,1827,3009
-2152,1827,3009
-2152,1827,3009
-2152,1827,3009
-2152,1827,3009
-2152,1827,3009
-1464,3587,2942
-1464,3587,2942
-1464,3587,2942
-1464,3587,2942
-1464,3587,2942
-1464,3587,2942
-1464,3587,2942
-1464,3587,2942
-1464,3587,2942
-1000,4825,3417
-1000,4825,3417
-1000,4825,3417
-1000,4825,3417
-1000,4825,3417
-1000,4825,3417
-1000,4825,3417
-1000,4825,3417
-1000,4825,3417
-1000,4825,3417
-1071,5658,4230
-1071,5658,4230
-1071,5658,4230
-1071,5658,4230
-1071,5658,4230
-1071,5658,4230
-1071,5658,4230
-1071,5658,4230
-1071,5658,4230
-1416,6309,5285
-1416,6309,5285
-1416,6309,5285
-1416,6309,5285
-1416,6309,5285
-1416,6309,5285
-1643,6495,6722
-1643,6495,6722
-1643,6495,6722
-1643,6495,6722
-1643,6495,6722
-1643,6495,6722
-1643,6495,6722
-1643,6495,6722
-1643,6495,6722
-2119,6173,7855
-2119,6173,7855
-2119,6173,7855
-2119,6173,7855
-2119,6173,7855
-2119,6173,7855
-2119,6173,7855
-2119,6173,7855
-2119,6173,7855
-2119,6173,7855
-1339,5644,8555
-1339,5644,8555
-1339,5644,8555
-1339,5644,8555
-1339,5644,8555
-1339,5644,8555
-1339,5644,8555
-1339,5644,8555
-1339,5644,8555
-1134,5383,8775
-1134,5383,8775
-1134,5383,8775
-1134,5383,8775
-1134,5383,8775
-1134,5383,8775
-1134,5383,8775
-1134,5383,8775
-1134,5383,8775
-1188,4807,9352
-1188,4807,9352
-1188,4807,9352
-1188,4807,9352
-1188,4807,9352
-1188,4807,9352
-1188,4807,9352
-1188,4807,9352
-1188,4807,9352
-1731,4254,9609
-1731,4254,9609
-1731,4254,9609
-1731,4254,9609
-1731,4254,9609
-1731,4254,9609
-1731,4254,9609
-1731,4254,9609
-1731,4254,9609
-1900,3676,9809
-1900,3676,9809
-1900,3676,9809
-1900,3676,9809
-1900,3676,9809
-1900,3676,9809
-1900,3676,9809
-1900,3676,9809
-1900,3676,9809
-2387,2969,9864
-2387,2969,9864
-2387,2969,9864
-2387,2969,9864
-2625,2491,9804
-2625,2491,9804
-2625,2491,9804
-2625,2491,9804
-2625,2491,9804
-2625,2491,9804
-2625,2491,9804
-2625,2491,9804
-2625,2491,9804
-2565,2528,9845
-2565,2528,9845
-2565,2528,9845
-2565,2528,9845
-2565,2528,9845
-2565,2528,9845
-2565,2528,9845
-1856,3418,9835
-1856,3418,9835
-1856,3418,9835
-1856,3418,9835
-1856,3418,9835
-1856,3418,9835
-1856,3418,9835
-1856,3418,9835
-1856,3418,9835
-1135,5008,9048
-1135,5008,9048
-1135,5008,9048
-1135,5008,9048
-1135,5008,9048
-1135,5008,9048
-1135,5008,9048
-1135,5008,9048
-1135,5008,9048
-1432,6323,7302
-1432,6323,7302
-1432,6323,7302
-1432,6323,7302
-1432,6323,7302
-1432,6323,7302
-1432,6323,7302
-1432,6323,7302
-1432,6323,7302
-1432,6323,7302
-1723,6498,6380
-1723,6498,6380
-1723,6498,6380
-1723,6498,6380
-1723,6498,6380
-1723,6498,6380
-1723,6498,6380
-1723,6498,6380
-1723,6498,6380
-1530,6431,5736
-1530,6431,5736
-1530,6431,5736
-1530,6431,5736
-1530,6431,5736
-1530,6431,5736
-1530,6431,5736
-1530,6431,5736
-1530,6431,5736
-2002,6201,4943
-2002,6201,4943
-2002,6201,4943
-2002,6201,4943
-2002,6201,4943
-2002,6201,4943
-2002,6201,4943
-2002,6201,4943
-2002,6201,4943
-2776,5766,4351
-2776,5766,4351
-2776,5766,4351
-2776,5766,4351
-2776,5766,4351
-2776,5766,4351
-2776,5766,4351
-2776,5766,4351
-2776,5766,4351
-2880,6021,4817
-2880,6021,4817
-2880,6021,4817
-2880,6021,4817
-2880,6021,4817
-2880,6021,4817
-2880,6021,4817
-2880,6021,4817
-2880,6021,4817
-2880,6021,5355
-2978,6223,5355
-2978,6223,5355
-2978,6223,5355
-2978,6223,5355
-2978,6223,5355
-2978,6223,5355
-2978,6223,5355
-2978,6223,5355
-2978,6223,5355
-2220,6429,5610
-2220,6429,5610
-2220,6429,5610
-2220,6429,5610
-2220,6429,5610
-2220,6429,5610
-1140,6202,5161
-1140,6202,5161
-1140,6202,5161
-1140,6202,5161
-1140,6202,5161
-1140,6202,5161
-1140,6202,5161
-1140,6202,5161
-1140,6202,5161
-1008,6339,6116
-1008,6339,6116
-1008,6339,6116
-1008,6339,6116
-1008,6339,6116
-1008,6339,6116
-1008,6339,6116
-1008,6339,6116
-1008,6339,6116
-1008,6339,6116
-1959,6435,5891
-1959,6435,5891
-1959,6435,5891
-1959,6435,5891
-1959,6435,5891
-1959,6435,5891
-1959,6435,5891
-1959,6435,5891
-1959,6435,5891
-3394,5810,4889
-3394,5810,4889
-3394,5810,4889
-3394,5810,4889
-3394,5810,4889
-3394,5810,4889
-3394,5810,4889
-3394,5810,4889
-3394,5810,4889
-4447,4662,4374
-4447,4662,4374
-4447,4662,4374
-4447,4662,4374
-4447,4662,4374
-4447,4662,4374
-4447,4662,4374
-4447,4662,4374
-4447,4662,4374
-4447,2702,4203
-4816,2702,4203
-4816,2702,4203
-4816,2702,4203
-4816,2702,4203
-4816,2702,4203
-4816,2702,4203
-4816,2702,4203
-4816,2702,4203
-4816,2702,4203
-4299,640,4981
-4299,640,4981
-4299,640,4981
-4299,640,4981
-4299,640,4981
-4299,640,4981
-4299,640,4981
-4299,640,4981
-4299,640,4981
-3095,-336,7034
-3095,-336,7034
-3095,-336,7034
-3095,-336,7034
-3095,-336,7034
-3095,-336,7034
-3095,-336,7034
-3095,-336,7034
-3095,-336,7034
-2477,710,9103
-2477,710,9103
-2477,710,9103
-2477,710,9103
-2477,710,9103
-2477,710,9103
-2477,710,9103
-2477,710,9103
-2477,710,9103
-3238,2240,9684
-3238,2240,9684
-3238,2240,9684
-3238,2240,9684
-3238,2240,9684
-3238,2240,9684
-3664,3473,9485
-3664,3473,9485
-3664,3473,9485
-3664,3473,9485
-3664,3473,9485
-3664,3473,9485
-3664,3473,9485
-3664,3473,9485
-3664,3473,9485
-3723,4363,9147
-3723,4363,9147
-3723,4363,9147
-3723,4363,9147
-3723,4363,9147
-3723,4363,9147
-3723,4363,9147
-3723,4363,9147
-3723,4363,9147
-3747,4579,9004
-3747,4579,9004
-3747,4579,9004
-3747,4579,9004
-3747,4579,9004
-3747,4579,9004
-3747,4579,9004
-3747,4579,9004
-3747,4579,9004
-3747,4579,9004
-3380,4085,9376
-3380,4085,9376
-3380,4085,9376
-3380,4085,9376
-3380,4085,9376
-3380,4085,9376
-3380,4085,9376
-3380,4085,9376
-3283,2610,9671
-3283,2610,9671
-3283,2610,9671
-3283,2610,9671
-3283,2610,9671
-3283,2610,9671
-3283,2610,9671
-3283,2610,9671
-3316,639,8761
-3316,639,8761
-3316,639,8761
-3316,639,8761
-3316,639,8761
-3316,639,8761
-3316,639,8761
-3186,-294,7029
-3186,-294,7029
-3186,-294,7029
-3186,-294,7029
-3186,-294,7029
-3186,-294,7029
-3186,-294,7029
-3186,-294,7029
-3186,-294,7029
-3370,-233,5636
-3370,-233,5636
-3370,-233,5636
-3370,-233,5636
-3370,-233,5636
-3370,-233,5636
-3370,-233,5636
-3370,-233,5636
-3370,-233,5636
-3828,554,4610
-3828,554,4610
-3828,554,4610
-3828,554,4610
-3828,554,4610
-3828,554,4610
-3828,554,4610
-3828,554,4610
-3828,554,4610
-4324,1748,4049
-4324,1748,4049
-4324,1748,4049
-4324,1748,4049
-4324,1748,4049
-4324,1748,4049
-4324,1748,4049
-4726,3413,4230
-4726,3413,4230
-4726,3413,4230
-4726,3413,4230
-4726,3413,4230
-4726,3413,4230
-4726,3413,4230
-4726,3413,4230
-4726,3413,4230
-4582,5078,5195
-4582,5078,5195
-4582,5078,5195
-4582,5078,5195
-4582,5078,5195
-4582,5078,5195
-4582,5078,5195
-4582,5078,5195
-4582,5078,5195
-4092,5777,6829
-4092,5777,6829
-4092,5777,6829
-4092,5777,6829
-4092,5777,6829
-4092,5777,6829
-4092,5777,6829
-4092,5777,6829
-4092,5777,6829
-3615,5428,8293
-3615,5428,8293
-3615,5428,8293
-3615,5428,8293
-3615,5428,8293
-3615,5428,8293
-3615,5428,8293
-3615,5428,8293
-3615,5428,8293
-3114,4872,9079
-3114,4872,9079
-3114,4872,9079
-3114,4872,9079
-3114,4872,9079
-3114,4872,9079
-3114,4872,9079
-3114,4872,9079
-3114,4872,9079
-3114,4872,9079
-2815,4534,9375
-2815,4534,9375
-2815,4534,9375
-2815,4534,9375
-2815,4534,9375
-2815,4534,9375
-2815,4534,9375
-2815,4534,9375
-2815,4534,9375
-2493,4068,9620
-2493,4068,9620
-2493,4068,9620
-2493,4068,9620
-2493,4068,9620
-2493,4068,9620
-2493,4068,9620
-2493,4068,9620
-2493,4068,9620
-2345,3754,9777
-2345,3754,9777
-2345,3754,9777
-2345,3754,9777
-2345,3754,9777
-2345,3754,9777
-2345,3754,9777
-2345,3754,9777
-2345,3754,9777
-2501,3739,9774
-2501,3739,9774
-2501,3739,9774
-2501,3739,9774
-2501,3739,9774
-2501,3739,9774
-2501,3739,9774
-2501,3739,9774
-2501,3739,9774
-2501,3739,9774
-3612,4457,9061
-3612,4457,9061
-3612,4457,9061
-3612,4457,9061
-3612,4457,9061
-3612,4457,9061
-3612,4457,9061
-3612,4457,9061
-4521,5118,7478
-4521,5118,7478
-4521,5118,7478
-4521,5118,7478
-4521,5118,7478
-4521,5118,7478
-4521,5118,7478
-4859,4805,5266
-4859,4805,5266
-4859,4805,5266
-4859,4805,5266
-4859,4805,5266
-4859,4805,5266
-4859,4805,5266
-4859,4805,5266
-4859,4805,5266
-4510,3051,3818
-4510,3051,3818
-4510,3051,3818
-4510,3051,3818
-4510,3051,3818
-4510,3051,3818
-4510,3051,3818
-4510,3051,3818
-4510,3051,3818
-3715,974,4032
-3715,974,4032
-3715,974,4032
-3715,974,4032
-3715,974,4032
-3715,974,4032
-3715,974,4032
-3715,974,4032
-3715,974,4032
-3526,-147,5524
-3526,-147,5524
-3526,-147,5524
-3526,-147,5524
-3526,-147,5524
-3526,-147,5524
-3526,-147,5524
-3526,-147,5524
-3526,-147,5524
-3526,-147,5524
-3553,-166,7229
-3553,-166,7229
-3553,-166,7229
-3553,-166,7229
-3553,-166,7229
-3553,-166,7229
-3553,-166,7229
-3553,-166,7229
-3808,806,8645
-3808,806,8645
-3808,806,8645
-3808,806,8645
-3808,806,8645
-3808,806,8645
-3808,806,8645
-3808,806,8645
-3808,806,8645
-3808,806,8645
-3886,1922,9253
-3886,1922,9253
-3886,1922,9253
-3886,1922,9253
-3886,1922,9253
-3886,1922,9253
-3886,1922,9253
-3886,1922,9253
-3886,1922,9253
-3886,1922,9253
-3848,3436,9410
-3848,3436,9410
-3848,3436,9410
-3848,3436,9410
-3848,3436,9410
-3848,3436,9410
-3848,3436,9410
-3848,3436,9410
-3848,3436,9410
-3585,4702,8991
-3585,4702,8991
-3585,4702,8991
-3585,4702,8991
-3585,4702,8991
-3585,4702,8991
-3585,4702,8991
-3585,4702,8991
-3585,4702,8991
-3277,5433,8498
-3277,5433,8498
-3277,5433,8498
-3277,5433,8498
-3277,5433,8498
-3277,5433,8498
-3085,5664,8330
-3085,5664,8330
-3085,5664,8330
-3085,5664,8330
-3085,5664,8330
-3085,5664,8330
-3085,5664,8330
-3085,5664,8330
-3085,5664,8330
-3085,5664,8330
-2825,4795,9302
-2825,4795,9302
-2825,4795,9302
-2825,4795,9302
-2825,4795,9302
-3080,2139,9648
-3080,2139,9648
-3080,2139,9648
-3080,2139,9648
-3080,2139,9648
-3080,2139,9648
-3080,2139,9648
-3080,2139,9648
-3080,2139,7791
-3962,390,7791
-3962,390,7791
-3962,390,7791
-3962,390,7791
-3962,390,7791
-3962,390,7791
-3962,390,7791
-3962,390,7791
-3962,390,7791
-4409,573,5221
-4409,573,5221
-4409,573,5221
-4409,573,5221
-4409,573,5221
-4409,573,5221
-4409,573,5221
-4409,573,5221
-4409,573,5221
-4963,2103,4539
-4963,2103,4539
-4963,2103,4539
-4963,2103,4539
-4963,2103,4539
-4963,2103,4539
-4963,2103,4539
-4963,2103,4539
-4963,2103,4539
-5201,4391,5579
-5201,4391,5579
-5201,4391,5579
-5201,4391,5579
-5201,4391,5579
-5201,4391,5579
-5201,4391,5579
-5201,4391,5579
-5201,4391,5579
-3889,5867,7152
-3889,5867,7152
-3889,5867,7152
-3889,5867,7152
-3889,5867,7152
-3889,5867,7152
-3889,5867,7152
-3889,5867,7152
-3889,5867,7152
-2568,5763,8350
-2568,5763,8350
-2568,5763,8350
-2568,5763,8350
-2568,5763,8350
-2568,5763,8350
-2568,5763,8350
-2568,5763,8350
-2568,5763,8350
-2246,5691,8495
-2246,5691,8495
-2246,5691,8495
-2246,5691,8495
-2246,5691,8495
-2246,5691,8495
-2246,5691,8495
-1809,5712,8547
-1809,5712,8547
-1809,5712,8547
-1809,5712,8547
-1809,5712,8547
-1809,5712,8547
-1809,5712,8547
-1809,5712,8547
-1809,5712,8547
-1256,5801,8316
-1256,5801,8316
-1256,5801,8316
-1256,5801,8316
-1256,5801,8316
-1256,5801,8316
-1256,5801,8316
-1256,5801,8316
-1256,5801,8316
-787,5687,8330
-787,5687,8330
-787,5687,8330
-787,5687,8330
-787,5687,8330
-787,5687,8330
-787,5687,8330
-787,5687,8330
-787,5687,8330
-288,5370,8364
-288,5370,8364
-288,5370,8364
-288,5370,8364
-288,5370,8364
-288,5370,8364
-288,5370,8364
-288,5370,8364
-288,5370,8364
328,4918,8284
328,4918,8284
328,4918,8284
328,4918,8284
328,4918,8284
328,4918,8284
328,4918,8284
328,4918,8284
328,4918,8284
328,4918,8284
955,4462,7897
955,4462,7897
955,4462,7897
955,4462,7897
955,4462,7897
955,4462,7897
955,4462,7897
955,4462,7897
955,4462,7897
1493,3944,7322
1493,3944,7322
1493,3944,7322
1493,3944,7322
1493,3944,7322
1493,3944,7322
1493,3944,7322
1493,3944,7322
1493,3944,7322
1426,4556,6429
1426,4556,6429
1426,4556,6429
1426,4556,6429
1426,4556,6429
1426,4556,6429
1426,4556,6429
1426,4556,6429
1426,4556,6429
266,5668,7071
266,5668,7071
266,5668,7071
266,5668,7071
266,5668,7071
266,5668,7071
266,5668,7071
266,5668,7071
266,5668,7071
-1960,6413,6977
-1960,6413,6977
-1960,6413,6977
-1960,6413,6977
-1960,6413,6977
-1960,6413,6977
-1960,6413,6977
-3881,5884,5680
-3881,5884,5680
-3881,5884,5680
-3881,5884,5680
-3881,5884,5680
-3881,5884,5680
-3881,5884,5680
-3881,5884,5680
-3881,5884,5680
-5109,3745,4738
-5109,3745,4738
-5109,3745,4738
-5109,3745,4738
-5109,3745,4738
-5109,3745,4738
-5109,3745,4738
-5109,3745,4738
-5109,3745,4738
-5099,1649,5099
-5099,1649,5099
-5099,1649,5099
-5099,1649,5099
-5099,1649,5099
-5099,1649,5099
-5099,1649,5099
-5099,1649,5099
-5099,1649,5099
-4486,404,6871
-4486,404,6871
-4486,404,6871
-4486,404,6871
-4486,404,6871
-4486,404,6871
-4486,404,6871
-4486,404,6871
-4486,404,6871
-3691,672,8660
-3691,672,8660
-3691,672,8660
-3691,672,8660
-3691,672,8660
-3691,672,8660
-3691,672,8660
-3691,672,8660
-3691,672,8660
-3487,1769,9470
-3487,1769,9470
-3487,1769,9470
-3487,1769,9470
-3487,1769,9470
-3487,1769,9470
-3487,1769,9470
-3487,1769,9470
-3487,1769,9470
-3487,1769,9470
-2892,3043,9830
-2892,3043,9830
-2892,3043,9830
-2892,3043,9830
-2892,3043,9830
-2892,3043,9830
-2892,3043,9830
-2892,3043,9830
-2334,4017,9751
-2334,4017,9751
-2334,4017,9751
-2334,4017,9751
-2334,4017,9751
-2334,4017,9751
-2334,4017,9751
-2334,4017,9751
-2334,4017,9751
-2334,4017,9751
-2257,4898,9301
-2257,4898,9301
-2257,4898,9301
-2257,4898,9301
-2257,4898,9301
-2257,4898,9301
-2257,4898,9301
-2257,4898,9301
-2257,4898,9301
-2257,4898,9301
-2465,5539,8803
-2465,5539,8803
-2465,5539,8803
-2465,5539,8803
-2465,5539,8803
-2465,5539,8803
-2550,5855,8430
-2550,5855,8430
-2550,5855,8430
-2550,5855,8430
-2908,5766,8515
-2908,5766,8515
-2908,5766,8515
-2908,5766,8515
-2908,5766,8515
-2908,5766,8515
-2908,5766,8515
-2908,5766,8515
-2908,5766,8515
-3193,5273,8863
-3193,5273,8863
-3193,5273,8863
-3193,5273,8863
-3193,5273,8863
-3193,5273,8863
-3193,5273,8863
-3193,5273,8863
-3193,5273,8863
-3004,4025,9712
-3004,4025,9712
-3004,4025,9712
-3004,4025,9712
-3004,4025,9712
-3004,4025,9712
-3004,4025,9712
-3004,4025,9712
-3004,4025,9712
-2451,1942,9775
-2451,1942,9775
-2451,1942,9775
-2451,1942,9775
-2451,1942,9775
-2451,1942,9775
-2451,1942,9775
-2451,1942,9775
-2451,1942,9775
-2162,-53,8155
-2162,-53,8155
-2162,-53,8155
-2162,-53,8155
-2162,-53,8155
-2162,-53,8155
-2162,-53,8155
-2162,-53,8155
-2162,-53,8155
-2707,-481,6062
-2707,-481,6062
-2707,-481,6062
-2707,-481,6062
-2707,-481,6062
-2707,-481,6062
-2707,-481,6062
-2707,-481,6062
-2707,-481,6062
-2707,-481,6062
-2905,195,4369
-2905,195,4369
-2905,195,4369
-2905,195,4369
-2905,195,4369
-2905,195,4369
-2905,195,4369
-2905,195,4369
-2905,195,4369
-4107,1569,3883
-4107,1569,3883
-4107,1569,3883
-4107,1569,3883
-4107,1569,3883
-4107,1569,3883
-4107,1569,3883
-4107,1569,3883
-4107,1569,3883
-5590,2796,5771
-5590,2796,5771
-5590,2796,5771
-5590,2796,5771
-5590,2796,5771
-5590,2796,5771
-5590,2796,5771
-5590,2796,5771
-5590,2796,5771
-4731,5254,5858
-4731,5254,5858
-4731,5254,5858
-4731,5254,5858
-4731,5254,5858
-4731,5254,5858
-4731,5254,5858
-1515,6554,6358
-1515,6554,6358
-1515,6554,6358
-1515,6554,6358
-1515,6554,6358
-1515,6554,6358
-1515,6554,6358
-1515,6554,6358
-1515,6554,6358
-1804,6365,7741
-1804,6365,7741
-1804,6365,7741
-1804,6365,7741
-1804,6365,7741
-1804,6365,7741
-1804,6365,7741
-1804,6365,7741
-1804,6365,7741
-3585,5978,7715
-3585,5978,7715
-3585,5978,7715
-3585,5978,7715
-3585,5978,7715
-3585,5978,7715
-3585,5978,7715
-3585,5978,7715
-3585,5978,7715
-3737,5698,8134
-3737,5698,8134
-3737,5698,8134
-3737,5698,8134
-3737,5698,8134
-3737,5698,8134
-3737,5698,8134
-3737,5698,8134
-3737,5698,8134
-3737,5698,8134
-3748,5510,8168
-3748,5510,8168
-3748,5510,8168
-3748,5510,8168
-3748,5510,8168
-3748,5510,8168
-3748,5510,8168
-3748,5510,8168
-3748,5510,8168
-4025,5115,8429
-4025,5115,8429
-4025,5115,8429
-4025,5115,8429
-4025,5115,8429
-4025,5115,8429
-4025,5115,8429
-4025,5115,8429
-4025,5115,8429
-4364,4945,8274
-4364,4945,8274
-4364,4945,8274
-4364,4945,8274
-4364,4945,8274
-4364,4945,8274
-4364,4945,8274
-4364,4945,8274
-4364,4945,8274
-3748,4716,9055
-3748,4716,9055
-3748,4716,9055
-3748,4716,9055
-3748,4716,9055
-3748,4716,9055
-3748,4716,9055
-3748,4716,9055
-3748,4716,9055
-1832,4453,9562
-1832,4453,9562
-1832,4453,9562
-1832,4453,9562
-1832,4453,9562
-1832,4453,9562
-1832,4453,9562
-1832,4453,9562
-1832,4453,9562
-1431,4035,9760
-1431,4035,9760
-1431,4035,9760
-1431,4035,9760
-1431,4035,9760
-1431,4035,9760
-1431,4035,9760
-1737,3474,9924
-1737,3474,9924
-1737,3474,9924
-1737,3474,9924
-1737,3474,9924
-1737,3474,9924
-1737,3474,9924
-1737,3474,9924
-1737,3474,9924
-2657,3442,9866
-2657,3442,9866
-2657,3442,9866
-2657,3442,9866
-2657,3442,9866
-2657,3442,9866
-2657,3442,9866
-2657,3442,9866
-2657,3442,9866
-2657,3955,9565
-3409,3955,9565
-3409,3955,9565
-3409,3955,9565
-3409,3955,9565
-3409,3955,9565
-3409,3955,9565
-3409,3955,9565
-3409,3955,9565
-3409,3955,9565
-3154,4848,9217
-3154,4848,9217
-3154,4848,9217
-3154,4848,9217
-3154,4848,9217
-3154,4848,9217
-3154,4848,9217
-3154,4848,9217
-3154,4848,9217
-3439,5534,8420
-3439,5534,8420
-3439,5534,8420
-3439,5534,8420
-3439,5534,8420
-3439,5534,8420
-3439,5534,8420
-3439,5534,8420
-3439,5534,8420
-3091,6179,7635
-3091,6179,7635
-3091,6179,7635
-3091,6179,7635
-3091,6179,7635
-3091,6179,7635
-3091,6179,7635
-3091,6179,7635
-3091,6179,7635
-2615,6495,6713
-2615,6495,6713
-2615,6495,6713
-2615,6495,6713
-2615,6495,6713
-2230,6486,6261
-2230,6486,6261
-2230,6486,6261
-2230,6486,6261
-2230,6486,6261
-2230,6486,6261
-2230,6486,6261
-2230,6486,6261
-2230,6486,6261
-2387,6448,5691
-2387,6448,5691
-2387,6448,5691
-2387,6448,5691
-2387,6448,5691
-2387,6448,5691
-2387,6448,5691
-2387,6448,5691
-2387,6448,5691
-2435,6404,5368
-2435,6404,5368
-2435,6404,5368
-2435,6404,5368
-2435,6404,5368
-2435,6404,5368
-2435,6404,5368
-2857,6301,5272
-2857,6301,5272
-2857,6301,5272
-2857,6301,5272
-2857,6301,5272
-2857,6301,5272
-2857,6301,5272
-2857,6301,5272
-2857,6301,5272
-2666,5878,4382
-2666,5878,4382
-2666,5878,4382
-2666,5878,4382
-2666,5878,4382
-2666,5878,4382
-2666,5878,4382
-2666,5878,4382
-2666,5878,4382
-2271,4579,3172
-2271,4579,3172
-2271,4579,3172
-2271,4579,3172
-2271,4579,3172
-2271,4579,3172
-2271,4579,3172
-2271,4579,3172
-2271,4579,3172
-1692,2348,2951
-1692,2348,2951
-1692,2348,2951
-1692,2348,2951
-1692,2348,2951
-1692,2348,2951
-1692,2348,2951
-1692,2348,2951
-1692,2348,2951
-1359,676,3854
-1359,676,3854
-1359,676,3854
-1359,676,3854
-1359,676,3854
-1359,676,3854
-1359,676,3854
-1359,676,3854
-1359,676,3854
-900,-255,5616
-900,-255,5616
-900,-255,5616
-900,-255,5616
-900,-255,5616
-900,-255,5616
-900,-255,5616
-900,-255,5616
-900,-255,5616
-884,-63,7383
-884,-63,7383
-884,-63,7383
-884,-63,7383
-884,-63,7383
-884,-63,7383
-884,-63,7383
-884,-63,7383
-884,-63,7383
-879,870,8988
-879,870,8988
-879,870,8988
-879,870,8988
-879,870,8988
-879,870,8988
-879,870,8988
-879,870,8988
-879,870,8988
-1487,2339,9873
-1487,2339,9873
-1487,2339,9873
-1487,2339,9873
-1487,2339,9873
-1487,2339,9873
-1487,2339,9873
-1487,2339,9873
-1487,2339,9873
-1487,2339,9873
-2130,3581,9905
-2130,3581,9905
-2130,3581,9905
-2130,3581,9905
-2130,3581,9905
-2130,3581,9905
-2130,3581,9905
-2130,3581,9905
-2130,3581,9905
-2438,4316,9729
-2438,4316,9729
-2438,4316,9729
-2438,4316,9729
-2438,4316,9729
-2438,4316,9729
-2438,4316,9729
-2405,4485,9666
-2405,4485,9666
-2405,4485,9666
-2405,4485,9666
-2405,4485,9666
-2405,4485,9666
-2405,4485,9666
-2405,4485,9666
-2405,4485,9666
-2096,3690,9964
-2096,3690,9964
-2096,3690,9964
-2096,3690,9964
-2096,3690,9964
-2096,3690,9964
-2096,3690,9964
-2096,3690,9964
-2096,3690,9964
-1655,2119,9987
-1655,2119,9987
-1655,2119,9987
-1655,2119,9987
-1655,2119,9987
-1655,2119,9987
-1655,2119,9987
-1655,2119,9987
-1655,2119,9987
-1748,369,9015
-1748,369,9015
-1748,369,9015
-1748,369,9015
-1748,369,9015
-1748,369,9015
-1748,369,9015
-1748,369,9015
-1748,369,9015
-1748,369,9015
-1390,-636,7040
-1390,-636,7040
-1390,-636,7040
-1390,-636,7040
-1390,-636,7040
-1390,-636,7040
-1390,-636,7040
-1390,-636,7040
-577,-173,5127
-577,-173,5127
-577,-173,5127
-577,-173,5127
-577,-173,5127
-577,-173,5127
-577,-173,5127
-577,-173,5127
-577,-173,5127
-577,-173,5127
979,1728,4411
979,1728,4411
979,1728,4411
979,1728,4411
979,1728,4411
979,1728,4411
979,1728,4411
979,1728,4411
1709,3666,5873
1709,3666,5873
1709,3666,5873
1709,3666,5873
1709,3666,5873
1709,3666,5873
1709,3666,5873
1709,3666,5873
1709,3666,5873
1709,3666,5873
1432,4564,6590
1432,4564,6590
1432,4564,6590
1432,4564,6590
1432,4564,6590
1432,4564,6590
1432,4564,6590
1432,4564,6590
1432,4564,6590
1432,4564,6590
970,4837,7483
970,4837,7483
970,4837,7483
970,4837,7483
970,4837,7483
970,4837,7483
1037,4625,7641
1037,4625,7641
1037,4625,7641
1037,4625,7641
1037,4625,7641
1037,4625,7641
1037,4625,7641
1037,4625,7641
1037,4625,7641
813,5002,7576
813,5002,7576
813,5002,7576
813,5002,7576
813,5002,7576
813,5002,7576
813,5002,7576
813,5002,7576
813,5002,7576
768,5245,7210
768,5245,7210
768,5245,7210
768,5245,7210
768,5245,7210
768,5245,7210
768,5245,7210
768,5245,7210
768,5245,7210
768,5245,7210
805,5379,6551
805,5379,6551
805,5379,6551
805,5379,6551
805,5379,6551
805,5379,6551
805,5379,6551
805,5379,6551
805,5379,6551
870,5385,6446
870,5385,6446
870,5385,6446
870,5385,6446
870,5385,6446
870,5385,6446
697,5526,6282
697,5526,6282
697,5526,6282
697,5526,6282
697,5526,6282
697,5526,6282
697,5526,6282
697,5526,6282
697,5526,6282
78,6001,6422
78,6001,6422
78,6001,6422
78,6001,6422
78,6001,6422
78,6001,6422
78,6001,6422
78,6001,6422
78,6001,6422
-682,6247,7253
-682,6247,7253
-682,6247,7253
-682,6247,7253
-682,6247,7253
-682,6247,7253
-682,6247,7253
-682,6247,7253
-682,6247,7253
-1045,6236,7670
-1045,6236,7670
-1045,6236,7670
-1045,6236,7670
-1045,6236,7670
-1045,6236,7670
-1045,6236,7670
-1045,6236,7670
-1045,6236,7670
-1045,6236,7670
-1916,5943,8511
-1916,5943,8511
-1916,5943,8511
-1916,5943,8511
-1916,5943,8511
-1916,5943,8511
-2756,5059,9291
-2756,5059,9291
-2756,5059,9291
-2756,5059,9291
-2756,5059,9291
-2756,5059,9291
-2756,5059,9291
-2756,5059,9291
-2756,5059,9291
-2756,4288,9628
-2923,4288,9628
-2923,4288,9628
-2923,4288,9628
-2923,4288,9628
-2923,4288,9628
-2923,4288,9628
-2923,4288,9628
-2923,4288,9628
-2923,4288,9628
-3192,3825,9796
-3192,3825,9796
-3192,3825,9796
-3192,3825,9796
-3192,3825,9796
-3192,3825,9796
-3192,3825,9796
-3192,3825,9796
-3192,3825,9796
-3143,4125,9668
-3143,4125,9668
-3143,4125,9668
-3143,4125,9668
-3143,4125,9668
-3143,4125,9668
-3143,4125,9668
-3143,4125,9668
-3143,4125,9668
-3008,5508,8804
-3008,5508,8804
-3008,5508,8804
-3008,5508,8804
-3008,5508,8804
-3008,5508,8804
-3008,5508,8804
-3008,5508,8804
-3008,5508,8804
-2291,6598,7056
-2291,6598,7056
-2291,6598,7056
-2291,6598,7056
-2291,6598,7056
-2291,6598,7056
-2291,6598,7056
-2291,6598,7056
-2291,6598,7056
-1167,6508,5724
-1167,6508,5724
-1167,6508,5724
-1167,6508,5724
-1167,6508,5724
-1167,6508,5724
-1167,6508,5724
-1167,6508,5724
-1167,6508,5724
110,5606,4802
110,5606,4802
110,5606,4802
110,5606,4802
110,5606,4802
110,5606,4802
110,5606,4802
110,5606,4802
110,5606,4802
858,4371,4289
858,4371,4289
858,4371,4289
858,4371,4289
858,4371,4289
858,4371,4289
858,4371,4289
858,4371,4289
858,4371,4289
858,4371,4289
837,3391,3879
837,3391,3879
837,3391,3879
837,3391,3879
837,3391,3879
837,3391,3879
599,2306,3720
599,2306,3720
599,2306,3720
599,2306,3720
599,2306,3720
599,2306,3720
599,2306,3720
599,2306,3720
599,2306,3720
599,2306,3720
410,1069,4275
410,1069,4275
410,1069,4275
410,1069,4275
410,1069,4275
410,1069,4275
410,1069,4275
410,1069,4275
410,1069,4275
171,300,5082
171,300,5082
171,300,5082
171,300,5082
171,300,5082
171,300,5082
171,300,5082
171,300,5082
171,300,5082
60,-10,5649
60,-10,5649
60,-10,5649
60,-10,5649
60,-10,5649
60,-10,5649
60,-10,5649
60,-10,5649
60,-10,5649
-37,-114,6479
-37,-114,6479
-37,-114,6479
-37,-114,6479
-37,-114,6479
-37,-114,6479
-37,-114,6479
-37,-114,6479
-37,-114,6479
-112,61,7428
-112,61,7428
-112,61,7428
-112,61,7428
-112,61,7428
-112,61,7428
-112,61,7428
-112,61,7428
-112,61,7428
3,274,7850
3,274,7850
3,274,7850
3,274,7850
3,274,7850
3,274,7850
3,274,7850
3,274,7850
3,274,7850
3,274,7850
-23,524,8285
-23,524,8285
-23,524,8285
-23,524,8285
-23,524,8285
-23,524,8285
-23,524,8285
-23,524,8285
-23,524,8285
-25,890,8688
-25,890,8688
-25,890,8688
-25,890,8688
-25,890,8688
-25,890,8688
-25,890,8688
-25,890,8688
-25,890,8688
49,1305,9001
49,1305,9001
49,1305,9001
49,1305,9001
49,1305,9001
49,1305,9001
49,1305,9001
139,1787,9132
139,1787,9132
139,1787,9132
139,1787,9132
139,1787,9132
139,1787,9132
139,1787,9132
139,1787,9132
277,2389,9199
277,2389,9199
277,2389,9199
277,2389,9199
277,2389,9199
277,2389,9199
277,2389,9199
277,2389,9199
277,2389,9199
134,2785,9360
134,2785,9360
134,2785,9360
134,2785,9360
134,2785,9360
134,2785,9360
134,2785,9360
134,2785,9360
134,2785,9360
-295,2827,9583
-295,2827,9583
-295,2827,9583
-295,2827,9583
-295,2827,9583
-295,2827,9583
-295,2827,9583
-295,2827,9583
-295,2827,9583
-295,2827,9583
-634,2970,9744
-634,2970,9744
-634,2970,9744
-634,2970,9744
-634,2970,9744
-634,2970,9744
-634,2970,9744
-1249,3275,9901
-1249,3275,9901
-1249,3275,9901
-1249,3275,9901
-1249,3275,9901
-1249,3275,9901
-1249,3275,9901
-1249,3275,9901
-2098,3079,10043
-2098,3079,10043
-2098,3079,10043
-2098,3079,10043
-2098,3079,10043
-2098,3079,10043
-2098,3079,10043
-2098,3079,10043
-2098,3079,10043
-2098,3079,10043
-2406,2865,9984
-2406,2865,9984
-2406,2865,9984
-2406,2865,9984
-2406,2865,9984
-2406,2865,9984
-2406,2865,9984
-2406,2865,9984
-2406,2865,9984
-1705,3623,9912
-1705,3623,9912
-1705,3623,9912
-1705,3623,9912
-1705,3623,9912
-1705,3623,9912
-1705,3623,9912
-1705,3623,9912
-1705,3623,9912
-1202,3685,9849
-1202,3685,9849
-1202,3685,9849
-1202,3685,9849
-1202,3685,9849
-1202,3685,9849
-1202,3685,9849
-1202,3685,9849
-1046,3818,9742
-1046,3818,9742
-1046,3818,9742
-1046,3818,9742
-1046,3818,9742
-1046,3818,9742
-1046,3818,9742
-1401,4657,9518
-1401,4657,9518
-1401,4657,9518
-1401,4657,9518
-1401,4657,9518
-1401,4657,9518
-1401,4657,9518
-1401,4657,9518
-1401,4657,9518
-2883,5381,8938
-2883,5381,8938
-2883,5381,8938
-2883,5381,8938
-2883,5381,8938
-2883,5381,8938
-2883,5381,8938
-2883,5381,8938
-2883,5381,8938
-2883,5381,8938
-3684,6170,7208
-3684,6170,7208
-3684,6170,7208
-3684,6170,7208
-3684,6170,7208
-3684,6170,7208
-3684,6170,7208
-3684,6170,7208
-3684,6170,7208
-3140,6501,6227
-3140,6501,6227
-3140,6501,6227
-3140,6501,6227
-3140,6501,6227
-3140,6501,6227
-3140,6501,6227
-3140,6501,6227
-2103,6581,6483
-2103,6581,6483
-2103,6581,6483
-2103,6581,6483
-2103,6581,6483
-2103,6581,6483
-2103,6581,6483
-2103,6581,6483
-2103,6581,6483
-252,6150,6903
-252,6150,6903
-252,6150,6903
-252,6150,6903
-252,6150,6903
-252,6150,6903
-252,6150,6903
-252,6150,6903
-252,6150,6903
-252,6150,6903
1309,4791,6539
1309,4791,6539
1309,4791,6539
1309,4791,6539
1309,4791,6539
1309,4791,6539
1309,4791,6539
1309,4791,6539
1309,4791,6539
1309,4791,6539
1830,3332,6288
1830,3332,6288
1830,3332,6288
1830,3332,6288
1830,3332,6288
1830,3332,6288
1830,3332,6288
1830,3332,6288
1830,3332,6288
1724,2060,6454
1724,2060,6454
1724,2060,6454
1724,2060,6454
1724,2060,6454
1724,2060,6454
1724,2060,6454
1724,2060,6454
1724,2060,6454
1291,1127,6718
1291,1127,6718
1291,1127,6718
1291,1127,6718
1291,1127,6718
1291,1127,6718
951,609,5991
951,609,5991
951,609,5991
951,609,5991
951,609,5991
951,609,5991
951,609,5991
951,609,5991
951,609,5991
951,609,5991
845,673,5418
845,673,5418
845,673,5418
845,673,5418
845,673,5418
845,673,5418
845,673,5418
845,673,5418
845,673,5418
1004,1435,4531
1004,1435,4531
1004,1435,4531
1004,1435,4531
1004,1435,4531
1004,1435,4531
1004,1435,4531
1004,1435,4531
1004,1435,4531
1180,2420,4284
1180,2420,4284
1180,2420,4284
1180,2420,4284
1180,2420,4284
1180,2420,4284
1180,2420,4284
1180,2420,4284
1180,2420,4284
1902,3297,6045
1902,3297,6045
1902,3297,6045
1902,3297,6045
1902,3297,6045
1902,3297,6045
1902,3297,6045
1902,3297,6045
1902,3297,6045
363,4285,9059
363,4285,9059
363,4285,9059
363,4285,9059
363,4285,9059
363,4285,9059
363,4285,9059
363,4285,9059
363,4285,9059
-3333,5301,8862
-3333,5301,8862
-3333,5301,8862
-3333,5301,8862
-3333,5301,8862
-3333,5301,8862
-3333,5301,8862
-3333,5301,8862
-3333,5301,8862
-3333,5301,8862
-4645,5511,7122
-4645,5511,7122
-4645,5511,7122
-4645,5511,7122
-4645,5511,7122
-4645,5511,7122
-4645,5511,7122
-4645,5511,7122
-4645,5511,7122
-4579,5619,5895
-4579,5619,5895
-4579,5619,5895
-4579,5619,5895
-4579,5619,5895
-4579,5619,5895
-4579,5619,5895
-4579,5619,5895
-4579,5619,5895
-4101,5820,5258
-4101,5820,5258
-4101,5820,5258
-4101,5820,5258
-4101,5820,5258
-4101,5820,5258
-4101,5820,5258
-3703,5955,5181
-3703,5955,5181
-3703,5955,5181
-3703,5955,5181
-3703,5955,5181
-3703,5955,5181
-3703,5955,5181
-3703,5955,5181
-3703,5955,5181
-3234,6386,6293
-3234,6386,6293
-3234,6386,6293
-3234,6386,6293
-3234,6386,6293
-3234,6386,6293
-3234,6386,6293
-3234,6386,6293
-3234,6386,6293
-2100,6506,7021
-2100,6506,7021
-2100,6506,7021
-2100,6506,7021
-2100,6506,7021
-2100,6506,7021
-661,6290,7030
-661,6290,7030
-661,6290,7030
-661,6290,7030
-661,6290,7030
-661,6290,7030
-661,6290,7030
-661,6290,7030
-661,6290,7030
766,5542,6473
766,5542,6473
766,5542,6473
766,5542,6473
766,5542,6473
766,5542,6473
766,5542,6473
766,5542,6473
766,5542,6473
1368,4662,5644
1368,4662,5644
1368,4662,5644
1368,4662,5644
1368,4662,5644
1368,4662,5644
1368,4662,5644
1368,4662,5644
1368,4662,5644
1588,3852,5282
1588,3852,5282
1588,3852,5282
1588,3852,5282
1588,3852,5282
1588,3852,5282
1588,3852,5282
1588,3852,5282
1588,3852,5282
1685,2822,5197
1685,2822,5197
1685,2822,5197
1685,2822,5197
1685,2822,5197
1685,2822,5197
1685,2822,5197
1685,2822,5197
1685,2822,5197
1685,2822,5197
1590,1852,5457
1590,1852,5457
1590,1852,5457
1590,1852,5457
1590,1852,5457
1590,1852,5457
1590,1852,5457
1590,1852,5457
1339,1067,6472
1339,1067,6472
1339,1067,6472
1339,1067,6472
1339,1067,6472
1339,1067,6472
1339,1067,6472
858,855,7642
858,855,7642
858,855,7642
858,855,7642
858,855,7642
858,855,7642
858,855,7642
858,855,7642
858,855,7642
858,855,7642
507,1026,8397
507,1026,8397
507,1026,8397
507,1026,8397
507,1026,8397
507,1026,8397
507,1026,8397
507,1026,8397
507,1026,8397
-321,1289,9225
-321,1289,9225
-321,1289,9225
-321,1289,9225
-321,1289,9225
-321,1289,9225
-321,1289,9225
-321,1289,9225
-321,1289,9225
-2251,1882,9797
-2251,1882,9797
-2251,1882,9797
-2251,1882,9797
-2251,1882,9797
-2251,1882,9797
-2251,1882,9797
-2251,1882,9797
-2251,1882,9797
-2251,1882,9797
-4640,2747,8912
-4640,2747,8912
-4640,2747,8912
-4640,2747,8912
-4640,2747,8912
-4640,2747,8912
-4640,2747,8912
-4640,2747,8912
-4640,3817,7422
-5510,3817,7422
-5510,3817,7422
-5510,3817,7422
-5510,3817,7422
-5510,3817,7422
-5510,3817,7422
-5510,3817,7422
-5510,3817,7422
-5371,4589,6719
-5371,4589,6719
-5371,4589,6719
-5371,4589,6719
-5371,4589,6719
-5371,4589,6719
-5371,4589,6719
-5371,4589,6719
-5371,4589,6719
-5371,4589,6719
-4887,5330,6288
-4887,5330,6288
-4887,5330,6288
-4887,5330,6288
-4887,5330,6288
-4887,5330,6288
-4887,5330,6288
-4887,5330,6288
-4887,5330,6288
-4290,5910,6243
-4290,5910,6243
-4290,5910,6243
-4290,5910,6243
-4290,5910,6243
-4290,5910,6243
-4290,5910,6243
-4290,5910,6243
-4290,5910,6243
-3473,6358,6289
-3473,6358,6289
-3473,6358,6289
-3473,6358,6289
-3473,6358,6289
-3473,6358,6289
-3473,6358,6289
-2525,6576,6906
-2525,6576,6906
-2525,6576,6906
-2525,6576,6906
-2525,6576,6906
-2525,6576,6906
-2525,6576,6906
-2525,6576,6906
-2525,6576,7709
-1158,6253,7709
-1158,6253,7709
-1158,6253,7709
-1158,6253,7709
-1158,6253,7709
-1158,6253,7709
-1158,6253,7709
-1158,6253,7709
-1158,6253,7709
528,5321,7715
528,5321,7715
528,5321,7715
528,5321,7715
528,5321,7715
528,5321,7715
528,5321,7715
528,5321,7715
528,5321,7715
1274,4550,7468
1274,4550,7468
1274,4550,7468
1274,4550,7468
1274,4550,7468
1274,4550,7468
1274,4550,7468
1274,4550,7468
1274,4550,7468
1675,3580,7227
1675,3580,7227
1675,3580,7227
1675,3580,7227
1675,3580,7227
1675,3580,7227
1675,3580,7227
1675,3580,7227
1675,3580,7227
1675,3580,7227
1881,2748,6063
1881,2748,6063
1881,2748,6063
1881,2748,6063
1881,2748,6063
1881,2748,6063
1881,2748,6063
1881,2748,6063
1881,2748,6063
1483,1505,5885
1483,1505,5885
1483,1505,5885
1483,1505,5885
1483,1505,5885
1483,1505,5885
1483,1505,5885
1483,1505,5885
1483,1505,5885
713,541,5376
713,541,5376
713,541,5376
713,541,5376
713,541,5376
713,541,5376
713,541,5376
713,541,5376
713,541,5376
366,213,5628
366,213,5628
366,213,5628
366,213,5628
366,213,5628
366,213,5628
366,213,5628
366,213,5628
366,213,5628
208,126,5541
208,126,5541
208,126,5541
208,126,5541
208,126,5541
208,126,5541
208,126,5541
208,126,5541
208,126,5541
119,191,5237
119,191,5237
119,191,5237
119,191,5237
119,191,5237
119,191,5237
119,191,5237
131,340,4946
131,340,4946
131,340,4946
131,340,4946
131,340,4946
131,340,4946
611,865,4666
611,865,4666
611,865,4666
611,865,4666
611,865,4666
611,865,4666
611,865,4666
611,865,4666
611,865,4666
743,1961,3985
743,1961,3985
743,1961,3985
743,1961,3985
743,1961,3985
743,1961,3985
743,1961,3985
743,1961,3985
743,1961,3985
1063,2935,4126
1063,2935,4126
1063,2935,4126
1063,2935,4126
1063,2935,4126
1063,2935,4126
1063,2935,4126
1063,2935,4126
1063,2935,4126
1063,2935,4126
1214,3408,4393
1214,3408,4393
1214,3408,4393
1214,3408,4393
1214,3408,4393
1214,3408,4393
1214,3408,4393
1214,3408,4393
1214,3408,4393
1379,3400,4693
1379,3400,4693
1379,3400,4693
1379,3400,4693
1379,3400,4693
1379,3400,4693
1379,3400,4693
1379,3400,4693
1379,3400,4693
1409,3693,4818
1409,3693,4818
1409,3693,4818
1409,3693,4818
1409,3693,4818
1409,3693,4818
1409,3693,4818
1409,3693,4818
1409,3693,4818
1409,3670,5168
1505,3670,5168
1505,3670,5168
1505,3670,5168
1505,3670,5168
1505,3670,5168
1505,3670,5168
1505,3670,5168
1505,3670,5168
1505,3670,5168
1510,4196,5803
1510,4196,5803
1510,4196,5803
1510,4196,5803
1510,4196,5803
1510,4196,5803
1510,4196,5803
1510,4196,5803
1510,4196,5803
1122,4946,6643
1122,4946,6643
1122,4946,6643
1122,4946,6643
1122,4946,6643
1122,4946,6643
-197,5609,7951
-197,5609,7951
-197,5609,7951
-197,5609,7951
-197,5609,7951
-197,5609,7951
-197,5609,7951
-197,5609,7951
-197,5609,7951
-2601,5822,8329
-2601,5822,8329
-2601,5822,8329
-2601,5822,8329
-2601,5822,8329
-2601,5822,8329
-2601,5822,8329
-2601,5822,8329
-2601,5822,8329
-3276,5356,8645
-3276,5356,8645
-3276,5356,8645
-3276,5356,8645
-3276,5356,8645
-3276,5356,8645
-3276,5356,8645
-3276,5356,8645
-3276,5356,8645
-3276,5356,8645
-3619,4515,9127
-3619,4515,9127
-3619,4515,9127
-3619,4515,9127
-3619,4515,9127
-3619,4515,9127
-3619,4515,9127
-3619,4515,9127
-4343,3216,9099
-4343,3216,9099
-4343,3216,9099
-4343,3216,9099
-4343,3216,9099
-4343,3216,9099
-4343,3216,9099
-4343,3216,9099
-4343,3216,9099
-4343,3216,9099
-3759,1501,9108
-3759,1501,9108
-3759,1501,9108
-3759,1501,9108
-3759,1501,9108
-3759,1501,9108
-3759,1501,9108
-3759,1501,9108
-3759,1501,9108
-3759,1501,7860
-3965,445,7860
-3965,445,7860
-3965,445,7860
-3965,445,7860
-3965,445,7860
-3965,445,7860
-3965,445,7860
-3965,445,7860
-3965,445,7860
-3680,-171,6283
-3680,-171,6283
-3680,-171,6283
-3680,-171,6283
-3680,-171,6283
-3680,-171,6283
-3680,-171,6283
-3680,-171,6283
-3680,-171,6283
-2451,-22,4530
-2451,-22,4530
-2451,-22,4530
-2451,-22,4530
-2451,-22,4530
-2451,-22,4530
-2451,-22,4530
-2451,-22,4530
-2451,-22,4530
-2375,1321,3257
-2375,1321,3257
-2375,1321,3257
-2375,1321,3257
-2375,1321,3257
-2375,1321,3257
-3336,2634,3107
-3336,2634,3107
-3336,2634,3107
-3336,2634,3107
-3336,2634,3107
-3336,2634,3107
-3336,2634,3107
-3336,2634,3107
-3336,2634,3107
-4357,3577,3693
-4357,3577,3693
-4357,3577,3693
-4357,3577,3693
-4357,3577,3693
-4357,3577,3693
-4357,3577,3693
-4357,3577,3693
-4357,3577,3693
-4836,4260,4405
-4836,4260,4405
-4836,4260,4405
-4836,4260,4405
-4836,4260,4405
-4836,4260,4405
-4836,4260,4405
-4836,4260,4405
-4836,4260,4405
-5184,3599,4680
-5184,3599,4680
-5184,3599,4680
-5184,3599,4680
-5184,3599,4680
-5184,3599,4680
-5184,3599,4680
-5184,3599,4680
-5184,3599,4680
-5336,1680,5530
-5336,1680,5530
-5336,1680,5530
-5336,1680,5530
-5336,1680,5530
-5336,1680,5530
-5336,1680,5530
-5336,1680,5530
-5336,1680,5530
-5336,1680,5530
-3966,-12,6906
-3966,-12,6906
-3966,-12,6906
-3966,-12,6906
-3966,-12,6906
-3966,-12,6906
-3966,-12,6906
-3966,-12,6906
-3966,-12,6906
-2106,-522,7015
-2106,-522,7015
-2106,-522,7015
-2106,-522,7015
-2106,-522,7015
-2106,-522,7015
-2106,-522,7015
-2106,-522,7015
-1903,-508,5782
-1903,-508,5782
-1903,-508,5782
-1903,-508,5782
-1903,-508,5782
-1903,-508,5782
-1903,-508,5782
-1903,-508,5782
-1903,-508,5782
-1903,-508,5782
-1952,-443,5467
-1952,-443,5467
-1952,-443,5467
-1952,-443,5467
-1952,-443,5467
-1952,-443,5467
-1952,-443,5467
-1638,-486,5928
-1638,-486,5928
-1638,-486,5928
-1638,-486,5928
-1638,-486,5928
-1638,-486,5928
-1153,-457,5915
-1153,-457,5915
-1153,-457,5915
-1153,-457,5915
-1153,-457,5915
-1153,-457,5915
-1153,-457,5915
-1153,-457,5915
-1153,-457,5915
-980,-187,5064
-980,-187,5064
-980,-187,5064
-980,-187,5064
-980,-187,5064
-980,-187,5064
-980,-187,5064
-980,-187,5064
-980,-187,5064
-1625,628,3716
-1625,628,3716
-1625,628,3716
-1625,628,3716
-1625,628,3716
-1625,628,3716
-1625,628,3716
-1625,628,3716
-1625,628,3716
-1625,628,3716
-1678,2243,2900
-1678,2243,2900
-1678,2243,2900
-1678,2243,2900
-1678,2243,2900
-1678,2243,2900
-1678,2243,2900
-1678,2243,2900
-1678,2243,2900
-2905,3610,3007
-2905,3610,3007
-2905,3610,3007
-2905,3610,3007
-2905,3610,3007
-2905,3610,3007
-2905,3610,3007
-2905,3610,3007
-2905,3610,3486
-3050,4735,3486
-3050,4735,3486
-3050,4735,3486
-3050,4735,3486
-3050,4735,3486
-3050,4735,3486
-3050,4735,3486
-3050,4735,3486
-3050,4735,3486
-2794,5608,4167
-2794,5608,4167
-2794,5608,4167
-2794,5608,4167
-2794,5608,4167
-2794,5608,4167
-2794,5608,4167
-2794,5608,4167
-2794,5608,4167
-2646,6347,5395
-2646,6347,5395
-2646,6347,5395
-2646,6347,5395
-2646,6347,5395
-2646,6347,5395
-2646,6347,5395
-2646,6347,5395
-2646,6347,5395
-2711,6477,6449
-2711,6477,6449
-2711,6477,6449
-2711,6477,6449
-2711,6477,6449
-2711,6477,6449
-2711,6477,6449
-2711,6477,6449
-2711,6477,6449
-2880,6262,7608
-2880,6262,7608
-2880,6262,7608
-2880,6262,7608
-2880,6262,7608
-2880,6262,7608
-2880,6262,7608
-3010,5011,9203
-3010,5011,9203
-3010,5011,9203
-3010,5011,9203
-3010,5011,9203
-3010,5011,9203
-3010,5011,9203
-3010,5011,9203
-3010,5011,9203
-3371,4074,9542
-3371,4074,9542
-3371,4074,9542
-3371,4074,9542
-3371,4074,9542
-3371,4074,9542
-3371,4074,9542
-3371,4074,9542
-3371,4074,9542
-3371,4074,9542
-3377,3750,9667
-3377,3750,9667
-3377,3750,9667
-3377,3750,9667
-3377,3750,9667
-3377,3750,9667
-3377,3750,9667
-3377,3750,9667
-3377,3750,9667
-2625,3174,9923
-2625,3174,9923
-2625,3174,9923
-2625,3174,9923
-2625,3174,9923
-2625,3174,9923
-2625,3174,9923
-2625,3174,9923
-2625,3174,9923
-2289,3194,9933
-2289,3194,9933
-2289,3194,9933
-2289,3194,9933
-2289,3194,9933
-2289,3194,9933
-2289,3194,9933
-2289,3194,9933
-2289,3194,9933
-1803,3325,9912
-1803,3325,9912
-1803,3325,9912
-1803,3325,9912
-1803,3325,9912
-1803,3325,9912
-1803,3325,9912
-1803,3325,9912
-1803,3325,9912
-872,3225,9765
-872,3225,9765
-872,3225,9765
-872,3225,9765
-872,3225,9765
-872,3225,9765
-872,3225,9765
-872,3225,9765
-872,3225,9765
-100,3044,9434
-100,3044,9434
-100,3044,9434
-100,3044,9434
-100,3044,9434
-100,3044,9434
-100,3044,9434
-100,3044,9434
-100,3044,9434
-100,3044,9434
230,2786,9252
230,2786,9252
230,2786,9252
230,2786,9252
230,2786,9252
230,2786,9252
230,2786,9252
230,2786,9252
230,2786,9252
207,1825,9011
207,1825,9011
207,1825,9011
207,1825,9011
207,1825,9011
207,1825,9011
207,1825,9011
207,1825,9011
406,730,7928
406,730,7928
406,730,7928
406,730,7928
406,730,7928
406,730,7928
140,369,7647
140,369,7647
140,369,7647
140,369,7647
140,369,7647
140,369,7647
140,369,7647
140,369,7647
140,369,7647
140,369,7647
-8,48,7143
-8,48,7143
-8,48,7143
-8,48,7143
-8,48,7143
-8,48,7143
-8,48,7143
-8,48,7143
-8,48,7143
-8,48,7143
-198,-63,7002
-198,-63,7002
-198,-63,7002
-198,-63,7002
-198,-63,7002
-198,-63,7002
-198,-63,7002
-198,-63,7002
-198,-63,7002
-380,-181,6760
-380,-181,6760
-380,-181,6760
-380,-181,6760
-380,-181,6760
-380,-181,6760
-380,-181,6760
-380,-181,6760
-380,-181,6760
-581,-296,6623
-581,-296,6623
-581,-296,6623
-581,-296,6623
-581,-296,6623
-581,-296,6623
-581,-296,6623
-581,-296,6623
-581,-296,6623
-1208,-474,6768
-1208,-474,6768
-1208,-474,6768
-1208,-474,6768
-1208,-474,6768
-1208,-474,6768
-1208,-474,6768
-1208,-474,6768
-1208,-474,6768
-1574,-497,6566
-1574,-497,6566
-1574,-497,6566
-1574,-497,6566
-1574,-497,6566
-1574,-497,6566
-1574,-497,6566
-2830,-356,7035
-2830,-356,7035
-2830,-356,7035
-2830,-356,7035
-2830,-356,7035
-2830,-356,7035
-2830,-356,7035
-2830,-356,7035
-2830,-356,7035
-3175,-287,6837
-3175,-287,6837
-3175,-287,6837
-3175,-287,6837
-3175,-287,6837
-3175,-287,6837
-3175,-287,6837
-3175,-287,6837
-3175,-287,6837
-3264,-284,6721
-3264,-284,6721
-3264,-284,6721
-3264,-284,6721
-3264,-284,6721
-3264,-284,6721
-3360,-270,6543
-3360,-270,6543
-3360,-270,6543
-3360,-270,6543
-3360,-270,6543
-3360,-270,6543
-3360,-270,6543
-3360,-270,6543
-3360,-270,6543
-3360,-270,6543
-3264,-295,6165
-3264,-295,6165
-3264,-295,6165
-3264,-295,6165
-3264,-295,6165
-3264,-295,6165
-3264,-295,6165
-3264,-295,6165
-3264,-295,6165
-2948,-330,5710
-2948,-330,5710
-2948,-330,5710
-2948,-330,5710
-2948,-330,5710
-2948,-330,5710
-2948,-330,5710
-2948,-330,5710
-2948,-330,5710
-2443,-336,5324
-2443,-336,5324
-2443,-336,5324
-2443,-336,5324
-2443,-336,5324
-2443,-336,5324
-2443,-336,5324
-2443,-336,5324
-2443,-336,5324
-2443,-336,5324
-1724,-395,5547
-1724,-395,5547
-1724,-395,5547
-1724,-395,5547
-1724,-395,5547
-1724,-395,5547
-1724,-395,5547
-1724,-395,5547
-1724,-395,5547
-938,-251,5496
-938,-251,5496
-938,-251,5496
-938,-251,5496
-938,-251,5496
-938,-251,5496
-938,-251,5496
-938,-251,5496
-938,-251,5496
-677,-248,7290
-677,-248,7290
-677,-248,7290
-677,-248,7290
-677,-248,7290
-677,-248,7290
-677,-248,7290
-677,-248,7290
-677,-248,7290
-3035,233,8406
-3035,233,8406
-3035,233,8406
-3035,233,8406
-3035,233,8406
-3035,233,8406
-3035,233,8406
-3035,233,8406
-3035,233,8406
-4929,850,6736
-4929,850,6736
-4929,850,6736
-4929,850,6736
-4929,850,6736
-4929,850,6736
-4929,850,6736
-4929,850,6736
-4929,850,6736
-4893,1076,5382
-4893,1076,5382
-4893,1076,5382
-4893,1076,5382
-4893,1076,5382
-4893,1076,5382
-4893,1076,5382
-4691,1305,4676
-4691,1305,4676
-4691,1305,4676
-4691,1305,4676
-4691,1305,4676
-4691,1305,4676
-4691,1305,4676
-4691,1305,4676
-4691,1305,4676
-4453,1956,4018
-4453,1956,4018
-4453,1956,4018
-4453,1956,4018
-4453,1956,4018
-4453,1956,4018
-4453,1956,4018
-4453,1956,4018
-4453,1956,4018
-4759,3418,4154
-4759,3418,4154
-4759,3418,4154
-4759,3418,4154
-4759,3418,4154
-4759,3418,4154
-4759,3418,4154
-4759,3418,4154
-4759,3418,4154
-4728,4332,4447
-4728,4332,4447
-4728,4332,4447
-4728,4332,4447
-4728,4332,4447
-4728,4332,4447
-4728,4332,4447
-4728,4332,4447
-4728,4332,4447
-4728,4332,4447
-4120,4828,4209
-4120,4828,4209
-4120,4828,4209
-4120,4828,4209
-4120,4828,4209
-4120,4828,4209
-4120,4828,4209
-4120,4828,4209
-4120,4828,4209
-3381,5060,3872
-3381,5060,3872
-3381,5060,3872
-3381,5060,3872
-3381,5060,3872
-3381,5060,3872
-3381,5060,3872
-3381,5060,3872
-3381,5060,3872
-2456,4904,3433
-2456,4904,3433
-2456,4904,3433
-2456,4904,3433
-2456,4904,3433
-2456,4904,3433
-2456,4904,3433
-2456,4904,3433
-2456,4904,3433
-410,3892,3237
-410,3892,3237
-410,3892,3237
-410,3892,3237
-410,3892,3237
-410,3892,3237
-410,3892,3237
-410,3892,3237
-410,3892,3237
-188,2143,3382
-188,2143,3382
-188,2143,3382
-188,2143,3382
-188,2143,3382
-188,2143,3382
-188,2143,3382
-188,2143,3382
-188,2143,3382
-121,875,4098
-121,875,4098
-121,875,4098
-121,875,4098
-121,875,4098
-121,875,4098
-121,875,4098
-1275,-59,4763
-1275,-59,4763
-1275,-59,4763
-1275,-59,4763
-1275,-59,4763
-1275,-59,4763
-1275,-59,4763
-1275,-59,4763
-1275,-59,4763
-2299,-28,4557
-2299,-28,4557
-2299,-28,4557
-2299,-28,4557
-2299,-28,4557
-2299,-28,4557
-2299,-28,4557
-2299,-28,4557
-2299,-28,4557
-2447,418,3955
-2447,418,3955
-2447,418,3955
-2447,418,3955
-2447,418,3955
-2447,418,3955
-2447,418,3955
-2447,418,3955
-2447,418,3955
-2447,418,3955
-2950,344,4278
-2950,344,4278
-2950,344,4278
-2950,344,4278
-2950,344,4278
-2950,344,4278
-2950,344,4278
-2950,344,4278
-2950,344,4278
-3129,1038,3591
-3129,1038,3591
-3129,1038,3591
-3129,1038,3591
-3129,1038,3591
-3129,1038,3591
-3658,1971,3341
-3658,1971,3341
-3658,1971,3341
-3658,1971,3341
-3658,1971,3341
-3658,1971,3341
-3658,1971,3341
-3658,1971,3341
-3658,1971,3341
-3873,2906,3326
-3873,2906,3326
-3873,2906,3326
-3873,2906,3326
-3873,2906,3326
-3873,2906,3326
-3873,2906,3326
-3873,2906,3326
-3873,2906,3326
-3321,3463,3053
-3321,3463,3053
-3321,3463,3053
-3321,3463,3053
-3321,3463,3053
-3321,3463,3053
-3321,3463,3053
-3321,3463,3053
-3321,3463,3053
-3321,3463,3053
-3191,4007,3134
-3191,4007,3134
-3191,4007,3134
-3191,4007,3134
-3191,4007,3134
-3191,4007,3134
-3191,4007,3134
-3191,4007,3134
-3191,4007,3134
-3143,5069,3739
-3143,5069,3739
-3143,5069,3739
-3143,5069,3739
-3143,5069,3739
-2792,6077,4764
-2792,6077,4764
-2792,6077,4764
-2792,6077,4764
-2792,6077,4764
-2792,6077,4764
-2792,6077,4764
-2792,6077,4764
-2792,6077,4764
-2792,6077,4764
-1154,6221,5159
-1154,6221,5159
-1154,6221,5159
-1154,6221,5159
-1154,6221,5159
-1154,6221,5159
-1154,6221,5159
-1154,6221,5159
-1154,6221,5159
-1090,5988,4695
-1090,5988,4695
-1090,5988,4695
-1090,5988,4695
-1090,5988,4695
-1090,5988,4695
-1090,5988,4695
-1090,5988,4695
-1090,5988,4695
-360,5373,4276
-360,5373,4276
-360,5373,4276
-360,5373,4276
-360,5373,4276
-360,5373,4276
-360,5373,4276
-360,5373,4276
-360,5373,4276
708,4649,4554
708,4649,4554
708,4649,4554
708,4649,4554
708,4649,4554
708,4649,4554
708,4649,4554
708,4649,4554
708,4649,4554
-792,4729,3439
-792,4729,3439
-792,4729,3439
-792,4729,3439
-792,4729,3439
-792,4729,3439
-792,4729,3439
-792,4729,3439
-792,4729,3439
-792,4729,3439
-1908,5385,3756
-1908,5385,3756
-1908,5385,3756
-1908,5385,3756
-1908,5385,3756
-1908,5385,3756
-1908,5385,3756
-1908,5385,3756
-1908,5385,3756
-1432,6250,5103
-1432,6250,5103
-1432,6250,5103
-1432,6250,5103
-1432,6250,5103
-1432,6250,5103
-1432,6250,5103
-1432,6250,5103
-1432,6250,5103
-1479,6179,4830
-1479,6179,4830
-1479,6179,4830
-1479,6179,4830
-1479,6179,4830
-1479,6179,4830
-1479,6179,4830
-1479,6179,4830
-1479,6179,4830
-1479,6179,4830
-2823,6082,4842
-2823,6082,4842
-2823,6082,4842
-2823,6082,4842
-2823,6082,4842
-2823,6082,4842
-2979,6398,5960
-2979,6398,5960
-2979,6398,5960
-2979,6398,5960
-2979,6398,5960
-2979,6398,5960
-2979,6398,5960
-2979,6398,5960
-2979,6398,5960
-3327,6032,7652
-3327,6032,7652
-3327,6032,7652
-3327,6032,7652
-3327,6032,7652
-3327,6032,7652
-3327,6032,7652
-3327,6032,7652
-3327,6032,7652
-2786,5256,8883
-2786,5256,8883
-2786,5256,8883
-2786,5256,8883
-2786,5256,8883
-2786,5256,8883
-2786,5256,8883
-2786,5256,8883
-2786,5256,8883
-3876,5366,8164
-3876,5366,8164
-3876,5366,8164
-3876,5366,8164
-3876,5366,8164
-3876,5366,8164
-3876,5366,8164
-3876,5366,8164
-3876,5366,8164
-4349,4941,8141
-4349,4941,8141
-4349,4941,8141
-4349,4941,8141
-4349,4941,8141
-4349,4941,8141
-4349,4941,8141
-4349,4941,8141
-4349,4941,8141
-5250,4567,6024
-5250,4567,6024
-5250,4567,6024
-5250,4567,6024
-5250,4567,6024
-5250,4567,6024
-5250,4567,6024
-5250,4567,6024
-5250,4567,6024
-5580,3433,5646
-5580,3433,5646
-5580,3433,5646
-5580,3433,5646
-5580,3433,5646
-5580,3433,5646
-5580,3433,5646
-5580,3433,5646
-5580,3433,5646
-4891,2191,4387
-4891,2191,4387
-4891,2191,4387
-4891,2191,4387
-4891,2191,4387
-4891,2191,4387
-4891,2191,4387
-4891,2191,4387
-4891,2191,4387
-4891,2191,4387
-4508,1081,4670
-4508,1081,4670
-4508,1081,4670
-4508,1081,4670
-4508,1081,4670
-4508,1081,4670
-4508,1081,4670
-4508,1081,4670
-4508,1081,4670
-4508,1081,4670
-3888,697,4443
-3888,697,4443
-3888,697,4443
-3888,697,4443
-3888,697,4443
-3888,697,4443
-3888,697,4443
-3888,697,4443
-4040,715,4549
-4040,715,4549
-4040,715,4549
-4040,715,4549
-4040,715,4549
-4040,715,4549
-4040,715,4549
-4093,420,5142
-4093,420,5142
-4093,420,5142
-4093,420,5142
-4093,420,5142
-4093,420,5142
-4093,420,5142
-4093,420,5142
-4093,420,5142
-3826,-41,5828
-3826,-41,5828
-3826,-41,5828
-3826,-41,5828
-3793,-138,6546
-3793,-138,6546
-3793,-138,6546
-3793,-138,6546
-3793,-138,6546
-3793,-138,6546
-3793,-138,6546
-3793,-138,6546
-3793,-138,6546
-3793,-138,6546
-3617,41,7747
-3617,41,7747
-3617,41,7747
-3617,41,7747
-3617,41,7747
-3617,41,7747
-3617,41,7747
-3617,41,7747
-3617,41,7747
-3532,1021,9147
-3532,1021,9147
-3532,1021,9147
-3532,1021,9147
-3532,1021,9147
-3532,1021,9147
-3532,1021,9147
-3532,1021,9147
-3532,1021,9147
-3767,1633,9385
-3767,1633,9385
-3767,1633,9385
-3767,1633,9385
-3767,1633,9385
-3767,1633,9385
-3767,1633,9385
-3767,1633,9385
-3767,1633,9385
-3767,1633,9385
-3667,2690,9745
-3667,2690,9745
-3667,2690,9745
-3667,2690,9745
-3667,2690,9745
-3667,2690,9745
-3667,2690,9745
-3667,2690,9745
-3667,2690,9745
-2912,4397,9633
-2912,4397,9633
-2912,4397,9633
-2912,4397,9633
-2912,4397,9633
-2912,4397,9633
-2912,4397,9633
-2912,4397,9633
-2912,4397,9633
-2938,6253,7396
-2938,6253,7396
-2938,6253,7396
-2938,6253,7396
-2938,6253,7396
-2938,6253,7396
-2938,6253,7396
-2938,6253,7396
-2938,6253,7396
-1719,6415,5781
-1719,6415,5781
-1719,6415,5781
-1719,6415,5781
-1719,6415,5781
-1719,6415,5781
99,5759,5613
99,5759,5613
99,5759,5613
99,5759,5613
99,5759,5613
99,5759,5613
99,5759,5613
99,5759,5613
99,5759,5613
99,5759,5613
756,5268,6221
756,5268,6221
756,5268,6221
756,5268,6221
756,5268,6221
756,5268,6221
756,5268,6221
756,5268,6221
756,5268,6221
519,5015,7793
519,5015,7793
519,5015,7793
519,5015,7793
519,5015,7793
519,5015,7793
519,5015,7793
519,5015,7793
519,5015,7793
-361,4390,9153
-361,4390,9153
-361,4390,9153
-361,4390,9153
-361,4390,9153
-361,4390,9153
-361,4390,9153
-361,4390,9153
-361,4390,9153
-1252,3394,9812
-1252,3394,9812
-1252,3394,9812
-1252,3394,9812
-1252,3394,9812
-1252,3394,9812
-1252,3394,9812
-1252,3394,9812
-1252,3394,9812
-2345,2321,9864
-2345,2321,9864
-2345,2321,9864
-2345,2321,9864
-2345,2321,9864
-2345,2321,9864
-2345,2321,9864
-2345,2321,9864
-2345,2321,9864
-2660,46,8302
-2660,46,8302
-2660,46,8302
-2660,46,8302
-2660,46,8302
-2660,46,8302
-2660,46,8302
-2660,46,8302
-2660,46,8302
-2194,-563,6572
-2194,-563,6572
-2194,-563,6572
-2194,-563,6572
-2194,-563,6572
-2194,-563,6572
-2194,-563,6572
-2194,-563,6572
-2194,-563,6572
-2194,-563,6572
-2133,-393,7716
-2133,-393,7716
-2133,-393,7716
-2133,-393,7716
-2133,-393,7716
-2133,-393,7716
-2133,-393,7716
-2133,-393,7716
-2133,-393,7716
-2258,623,9220
-2258,623,9220
-2258,623,9220
-2258,623,9220
-2258,623,9220
-2258,623,9220
-2989,3615,9931
-2989,3615,9931
-2989,3615,9931
-2989,3615,9931
-2989,3615,9931
-2989,3615,9931
-2989,3615,9931
-2989,3615,9931
-2989,3615,9931
-2989,3615,9931
-2300,5696,8786
-2300,5696,8786
-2300,5696,8786
-2300,5696,8786
-2300,5696,8786
-2300,5696,8786
-2300,5696,8786
-2300,5696,8786
-2300,5696,8786
-1020,6331,7251
-1020,6331,7251
-1020,6331,7251
-1020,6331,7251
-1020,6331,7251
-1020,6331,7251
-1020,6331,7251
-1020,6331,7251
-1020,6331,7251
274,5824,6117
274,5824,6117
274,5824,6117
274,5824,6117
274,5824,6117
274,5824,6117
274,5824,6117
274,5824,6117
274,5824,6117
464,5579,6965
464,5579,6965
464,5579,6965
464,5579,6965
464,5579,6965
464,5579,6965
464,5579,6965
464,5579,6965
464,5579,6965
-458,5204,8799
-458,5204,8799
-458,5204,8799
-458,5204,8799
-458,5204,8799
-458,5204,8799
-458,5204,8799
-458,5204,8799
-458,5204,8799
-1567,4196,9794
-1567,4196,9794
-1567,4196,9794
-1567,4196,9794
-1567,4196,9794
-1567,4196,9794
-1567,4196,9794
-1567,4196,9794
-1567,4196,9794
-1891,3191,10092
-1891,3191,10092
-1891,3191,10092
-1891,3191,10092
-1891,3191,10092
-1891,3191,10092
-1891,3191,10092
-1891,3191,10092
-1891,3191,10092
-1891,3191,10092
-2074,2858,10147
-2074,2858,10147
-2074,2858,10147
-2074,2858,10147
-2074,2858,10147
-2074,2858,10147
-2074,2858,10147
-2074,2858,10147
-2504,3150,10150
-2504,3150,10150
-2504,3150,10150
-2504,3150,10150
-2504,3150,10150
-2504,3150,10150
-2504,3150,10150
-2662,3445,10171
-2662,3445,10171
-2662,3445,10171
-2662,3445,10171
-2662,3445,10171
-2320,3731,10222
-2320,3731,10222
-2320,3731,10222
-2320,3731,10222
-2320,3731,10222
-2320,3731,10222
-2320,3731,10222
-2320,3731,10222
-2320,3731,10222
-1755,3937,10188
-1755,3937,10188
-1755,3937,10188
-1755,3937,10188
-1755,3937,10188
-1755,3937,10188
-1755,3937,10188
-1755,3937,10188
-1755,3937,10188
-1813,4098,10091
-1813,4098,10091
-1813,4098,10091
-1813,4098,10091
-1813,4098,10091
-1813,4098,10091
-1813,4098,10091
-1813,4098,10091
-1813,4098,10091
-1608,4585,9929
-1608,4585,9929
-1608,4585,9929
-1608,4585,9929
-1608,4585,9929
-1608,4585,9929
-1608,4585,9929
-1608,4585,9929
-1608,4585,9929
-2074,4100,10150
-2074,4100,10150
-2074,4100,10150
-2074,4100,10150
-2074,4100,10150
-2074,4100,10150
-2074,4100,10150
-2074,4100,10150
-2074,4100,10150
-464,3919,9850
-464,3919,9850
-464,3919,9850
-464,3919,9850
-464,3919,9850
-464,3919,9850
-464,3919,9850
-464,3919,9850
-464,3919,9850
-464,3919,9850
-478,3669,9906
-478,3669,9906
-478,3669,9906
-478,3669,9906
-478,3669,9906
-478,3669,9906
-478,3669,9906
-478,3669,9906
-478,3669,9906
-406,3575,9921
-406,3575,9921
-406,3575,9921
-406,3575,9921
-406,3575,9921
-406,3575,9921
-406,3575,9921
-406,3575,9921
-406,3575,9921
-406,3575,9921
-355,3526,9911
-355,3526,9911
-355,3526,9911
-355,3526,9911
-355,3526,9911
-355,3526,9911
-356,3568,9915
-356,3568,9915
-356,3568,9915
-356,3568,9915
-356,3568,9915
-356,3568,9915
-356,3568,9915
-356,3568,9915
-356,3568,9915
-388,3554,9907
-388,3554,9907
-388,3554,9907
-388,3554,9907
-388,3554,9907
-388,3554,9907
-388,3554,9907
-388,3554,9907
-388,3554,9907
-364,3574,9906
-364,3574,9906
-364,3574,9906
-364,3574,9906
-364,3574,9906
-364,3574,9906
-364,3574,9906
-364,3574,9906
-364,3574,9906
-353,3536,9929
-353,3536,9929
-353,3536,9929
-353,3536,9929
-353,3536,9929
-353,3536,9929
-353,3536,9929
-353,3536,9929
-353,3536,9929
-366,3552,9926
-366,3552,9926
-366,3552,9926
-366,3552,9926
-366,3552,9926
-366,3552,9926
-366,3552,9926
-366,3552,9926
-366,3552,9926
-366,3525,9921
-383,3525,9921
-383,3525,9921
-383,3525,9921
-383,3525,9921
-383,3525,9921
-383,3525,9921
-383,3525,9921
-383,3525,9921
-383,3525,9921
-342,3552,9902
-342,3552,9902
-342,3552,9902
-342,3552,9902
-342,3552,9902
-342,3552,9902
-342,3552,9902
-342,3552,9902
-342,3552,9902
-382,3521,9920
-382,3521,9920
-382,3521,9920
-382,3521,9920
-382,3521,9920
-382,3521,9920
-382,3521,9920
-382,3521,9920
-382,3521,9920
-345,3523,9906
-345,3523,9906
-345,3523,9906
-345,3523,9906
-345,3523,9906
-345,3523,9906
-345,3523,9906
-345,3523,9906
-345,3523,9906
-348,3504,9929
-348,3504,9929
-348,3504,9929
-348,3504,9929
-348,3504,9929
-348,3504,9929
-348,3504,9929
-348,3504,9929
-347,3511,9903
-347,3511,9903
-347,3511,9903
-347,3511,9903
-347,3511,9903
-347,3511,9903
-347,3511,9903
-347,3511,9903
-347,3511,9903
-339,3536,9877
-339,3536,9877
-339,3536,9877
-339,3536,9877
-339,3536,9877
-339,3536,9877
-339,3536,9877
-339,3536,9877
-339,3536,9877
-342,3515,9890
-342,3515,9890
-342,3515,9890
-342,3515,9890
-342,3515,9890
-342,3515,9890
-342,3515,9890
-342,3515,9890
-342,3515,9890
-342,3515,9890
-341,3520,9877
-341,3520,9877
-341,3520,9877
-341,3520,9877
-341,3520,9877
-341,3520,9877
-341,3520,9877
-341,3520,9877
-341,3520,9877
-349,3521,9864
-349,3521,9864
-349,3521,9864
-349,3521,9864
-349,3521,9864
-349,3521,9864
-349,3521,9864
-349,3521,9864
-349,3542,9870
-340,3542,9870
-340,3542,9870
-340,3542,9870
-340,3542,9870
-340,3542,9870
-340,3542,9870
-340,3542,9870
-340,3542,9870
-340,3542,9870
-362,3522,9889
-362,3522,9889
-362,3522,9889
-362,3522,9889
-362,3522,9889
-362,3522,9889
-362,3522,9889
-362,3522,9889
-362,3522,9889
-365,3514,9935
-365,3514,9935
-365,3514,9935
-365,3514,9935
-365,3514,9935
-365,3514,9935
-365,3514,9935
-365,3514,9935
-365,3514,9935
-376,3517,9952
-376,3517,9952
-376,3517,9952
-376,3517,9952
-362,3532,9877
-362,3532,9877
-362,3532,9877
-362,3532,9877
-362,3532,9877
-362,3532,9877
-362,3532,9877
-362,3532,9877
-362,3532,9877
-366,3543,9905
-366,3543,9905
-366,3543,9905
-366,3543,9905
-366,3543,9905
-366,3543,9905
-366,3543,9905
-366,3543,9905
-390,3512,9849
-390,3512,9849
-390,3512,9849
-390,3512,9849
-390,3512,9849
-390,3512,9849
-390,3512,9849
-390,3512,9849
-390,3512,9849
-368,3488,9904
-368,3488,9904
-368,3488,9904
-368,3488,9904
-368,3488,9904
-368,3488,9904
-368,3488,9904
-368,3488,9904
-368,3488,9904
-368,3488,9904
-391,3504,9875
-391,3504,9875
-391,3504,9875
-391,3504,9875
-391,3504,9875
-391,3504,9875
-391,3504,9875
-391,3504,9875
-391,3504,9875
-377,3509,9876
-377,3509,9876
-377,3509,9876
-377,3509,9876
-377,3509,9876
-377,3509,9876
-377,3509,9876
-377,3509,9876
-377,3509,9876
-393,3528,9871
-393,3528,9871
-393,3528,9871
-393,3528,9871
-393,3528,9871
-393,3528,9871
-393,3528,9871
-393,3528,9871
-393,3528,9871
-364,3565,9943
-364,3565,9943
-364,3565,9943
-364,3565,9943
-364,3565,9943
-364,3565,9943
-364,3565,9943
-364,3565,9943
-364,3565,9943
-422,3542,9902
-422,3542,9902
-422,3542,9902
-422,3542,9902
-422,3542,9902
-422,3542,9902
-422,3542,9902
-422,3542,9902
-422,3542,9902
-371,3537,9927
-371,3537,9927
-371,3537,9927
-371,3537,9927
-371,3537,9927
-371,3537,9927
-371,3537,9927
-371,3537,9927
-371,3537,9927
-364,3553,9937
-364,3553,9937
-364,3553,9937
-364,3553,9937
-364,3553,9937
-364,3553,9937
-364,3553,9937
-364,3553,9937
-364,3553,9937
-364,3553,9937
-388,3527,9905
-388,3527,9905
-388,3527,9905
-388,3527,9905
-388,3527,9905
-388,3527,9905
-388,3527,9905
-363,3562,9912
-363,3562,9912
-363,3562,9912
-363,3562,9912
-363,3562,9912
-363,3562,9912
-363,3562,9912
-363,3562,9912
-363,3562,9912
-336,3539,9931
-336,3539,9931
-336,3539,9931
-336,3539,9931
-336,3539,9931
-336,3539,9931
-336,3539,9931
-336,3539,9931
-336,3539,9931
