X,Y,Z
2384,1721,9321
2384,1721,9321
2384,1721,9321
2384,1721,9321
2384,1721,9321
2384,1721,9321
2384,1721,9321
2384,1721,9321
2395,1712,9336
2395,1712,9336
2395,1712,9336
2395,1712,9336
2395,1712,9336
2395,1712,9336
2395,1712,9336
2395,1712,9336
2395,1712,9336
2355,1686,9290
2355,1686,9290
2355,1686,9290
2355,1686,9290
2355,1686,9290
2355,1686,9290
2355,1686,9290
2355,1686,9290
2355,1686,9290
2369,1702,9318
2369,1702,9318
2369,1702,9318
2369,1702,9318
2369,1702,9318
2369,1702,9318
2369,1702,9318
2369,1702,9318
2369,1702,9318
2324,1667,9293
2324,1667,9293
2324,1667,9293
2324,1667,9293
2324,1667,9293
2324,1667,9293
2324,1667,9293
2324,1667,9293
2324,1667,9293
2319,1623,9356
2319,1623,9356
2319,1623,9356
2319,1623,9356
2319,1623,9356
2319,1623,9356
2319,1623,9356
2319,1623,9356
2319,1623,9356
2277,1552,9294
2277,1552,9294
2277,1552,9294
2277,1552,9294
2277,1552,9294
2277,1552,9294
2277,1552,9294
2277,1552,9294
2277,1552,9294
2228,1493,9259
2228,1493,9259
2228,1493,9259
2228,1493,9259
2228,1493,9259
2228,1493,9259
2228,1493,9259
2228,1493,9259
2228,1493,9259
2136,1436,9278
2136,1436,9278
2136,1436,9278
2136,1436,9278
2136,1436,9278
2136,1436,9278
2136,1436,9278
2136,1436,9278
2112,1476,9290
2112,1476,9290
2112,1476,9290
2112,1476,9290
2112,1476,9290
2112,1476,9290
2112,1476,9290
2112,1476,9290
2112,1476,9290
2112,1476,9290
2095,1444,9215
2095,1444,9215
2095,1444,9215
2095,1444,9215
2095,1444,9215
2095,1444,9215
2095,1444,9215
2095,1444,9215
2095,1444,9215
2095,1444,9215
2037,1441,9297
2037,1441,9297
2037,1441,9297
2037,1441,9297
2037,1441,9297
2037,1441,9297
2037,1441,9297
2037,1441,9297
2037,1441,9297
2011,1460,9283
2011,1460,9283
2011,1460,9283
2011,1460,9283
2011,1460,9283
2011,1460,9283
2011,1460,9283
2011,1460,9283
2011,1460,9283
2028,1459,9295
2028,1459,9295
2028,1459,9295
2028,1459,9295
2028,1459,9295
2028,1459,9295
2028,1459,9295
2028,1459,9295
2028,1459,9295
1998,1481,9305
1998,1481,9305
1998,1481,9305
1998,1481,9305
1998,1481,9305
1998,1481,9305
1998,1481,9305
1998,1481,9305
1998,1481,9305
1887,1439,9308
1887,1439,9308
1887,1439,9308
1887,1439,9308
1887,1439,9308
1887,1439,9308
1887,1439,9308
1887,1439,9308
1887,1439,9308
1942,1479,9376
1942,1479,9376
1942,1479,9376
1942,1479,9376
1942,1479,9376
1942,1479,9376
1942,1479,9376
1942,1479,9376
1942,1479,9376
2006,1539,9336
2006,1539,9336
2006,1539,9336
2006,1539,9336
2006,1539,9336
2006,1539,9336
2006,1539,9336
2006,1539,9336
2006,1539,9336
2282,1550,9288
2282,1550,9288
2282,1550,9288
2282,1550,9288
2282,1550,9288
2282,1550,9288
2282,1550,9288
2282,1550,9288
2282,1550,9288
2384,1572,9269
2384,1572,9269
2384,1572,9269
2384,1572,9269
2384,1572,9269
2384,1572,9269
2384,1572,9269
2384,1572,9269
2384,1572,9269
2360,1553,9287
2360,1553,9287
2360,1553,9287
2360,1553,9287
2360,1553,9287
2360,1553,9287
2360,1553,9287
2360,1553,9287
2360,1553,9287
2338,1565,9296
2338,1565,9296
2338,1565,9296
2338,1565,9296
2338,1565,9296
2338,1565,9296
2338,1565,9296
2338,1565,9296
2338,1565,9296
2338,1565,9296
2044,1537,9296
2044,1537,9296
2044,1537,9296
2044,1537,9296
2044,1537,9296
2044,1537,9296
2044,1537,9296
2044,1537,9296
2044,1537,9296
1779,1512,9319
1779,1512,9319
1779,1512,9319
1779,1512,9319
1779,1512,9319
1779,1512,9319
1779,1512,9319
1779,1512,9319
1779,1512,9319
1890,1504,9356
1890,1504,9356
1890,1504,9356
1890,1504,9356
1890,1504,9356
1890,1504,9356
1890,1504,9356
1890,1504,9356
1890,1504,9356
2301,1587,9289
2301,1587,9289
2301,1587,9289
2301,1587,9289
2301,1587,9289
2301,1587,9289
2301,1587,9289
2301,1587,9289
2301,1587,9289
2921,1681,9126
2921,1681,9126
2921,1681,9126
2921,1681,9126
2921,1681,9126
2921,1681,9126
2921,1681,9126
2921,1681,9126
2921,1681,9126
3223,1709,9026
3223,1709,9026
3223,1709,9026
3223,1709,9026
3223,1709,9026
3223,1709,9026
3223,1709,9026
3223,1709,9026
3223,1709,9026
3477,1671,8873
3477,1671,8873
3477,1671,8873
3732,1699,8731
3732,1699,8731
3732,1699,8731
3732,1699,8731
3732,1699,8731
3732,1699,8731
3732,1699,8731
3732,1699,8731
3732,1699,8731
3732,1699,8731
3965,1719,8523
3965,1719,8523
3965,1719,8523
3965,1719,8523
3965,1719,8523
3965,1719,8523
3965,1719,8523
3965,1719,8523
3965,1719,8523
3965,1719,8523
4090,1732,8426
4090,1732,8426
4090,1732,8426
4090,1732,8426
4090,1732,8426
4090,1732,8426
4090,1732,8426
4090,1732,8426
4090,1732,8426
4335,1737,8126
4335,1737,8126
4335,1737,8126
4335,1737,8126
4335,1737,8126
4335,1737,8126
4335,1737,8126
4335,1737,8126
4335,1737,8126
4525,1697,7854
4525,1697,7854
4525,1697,7854
4525,1697,7854
4525,1697,7854
4525,1697,7854
4525,1697,7854
4525,1697,7854
4525,1697,7854
4696,1737,7542
4696,1737,7542
4696,1737,7542
4696,1737,7542
4696,1737,7542
4696,1737,7542
4696,1737,7542
4696,1737,7542
4696,1737,7542
4835,1779,7172
4835,1779,7172
4835,1779,7172
4835,1779,7172
4835,1779,7172
4835,1779,7172
4835,1779,7172
4835,1779,7172
4835,1779,7172
4923,1789,6866
4923,1789,6866
4923,1789,6866
4923,1789,6866
4923,1789,6866
4923,1789,6866
4923,1789,6866
4923,1789,6866
4923,1789,6866
4948,1779,6754
4948,1779,6754
4948,1779,6754
4948,1779,6754
4948,1779,6754
4948,1779,6754
4948,1779,6754
4948,1779,6754
5042,1802,6529
5042,1802,6529
5042,1802,6529
5042,1802,6529
5042,1802,6529
5042,1802,6529
5042,1802,6529
5042,1802,6529
5042,1802,6529
5042,1802,6529
5021,1794,6249
5021,1794,6249
5021,1794,6249
5021,1794,6249
5021,1794,6249
5021,1794,6249
5021,1794,6249
5021,1794,6249
5021,1794,6249
5064,1842,6020
5064,1842,6020
5064,1842,6020
5064,1842,6020
5064,1842,6020
5064,1842,6020
5064,1842,6020
5064,1842,6020
5064,1842,6020
5029,1858,5931
5029,1858,5931
5029,1858,5931
5029,1858,5931
5029,1858,5931
5029,1858,5931
5029,1858,5931
5029,1858,5931
5029,1858,5931
5035,1830,5994
5035,1830,5994
5035,1830,5994
5035,1830,5994
5035,1830,5994
5035,1830,5994
5035,1830,5994
5035,1830,5994
5035,1830,5994
5035,1830,5994
5014,1853,6009
5014,1853,6009
5014,1853,6009
5014,1853,6009
5014,1853,6009
5014,1853,6009
5014,1853,6009
5014,1853,6009
5014,1853,6009
5052,1846,6032
5052,1846,6032
5052,1846,6032
5052,1846,6032
5052,1846,6032
5052,1846,6032
5052,1846,6032
5052,1846,6032
5052,1846,6032
5014,1863,6115
5014,1863,6115
5014,1863,6115
5014,1863,6115
5014,1863,6115
5014,1863,6115
5014,1863,6115
5014,1863,6115
5014,1863,6115
5014,1863,6115
5038,1817,6177
5038,1817,6177
5038,1817,6177
5038,1817,6177
5038,1817,6177
5038,1817,6177
5038,1817,6177
5038,1817,6177
5038,1817,6177
5053,1771,6346
5053,1771,6346
5053,1771,6346
5053,1771,6346
5053,1771,6346
5053,1771,6346
5053,1771,6346
5053,1771,6346
5053,1771,6346
5020,1746,6519
5020,1746,6519
5020,1746,6519
5020,1746,6519
5020,1746,6519
5020,1746,6519
5020,1746,6519
5020,1746,6519
4971,1749,6758
4971,1749,6758
4971,1749,6758
4971,1749,6758
4971,1749,6758
4971,1749,6758
4971,1749,6758
4971,1749,6758
4971,1749,6758
4906,1709,7008
4906,1709,7008
4906,1709,7008
4906,1709,7008
4906,1709,7008
4906,1709,7008
4906,1709,7008
4906,1709,7008
4906,1709,7008
4906,1653,7330
4837,1653,7330
4837,1653,7330
4837,1653,7330
4837,1653,7330
4837,1653,7330
4837,1653,7330
4837,1653,7330
4837,1653,7330
4837,1653,7330
4645,1621,7635
4645,1621,7635
4645,1621,7635
4645,1621,7635
4645,1621,7635
4645,1621,7635
4645,1621,7635
4645,1621,7635
4645,1621,7635
4469,1636,7873
4469,1636,7873
4469,1636,7873
4469,1636,7873
4469,1636,7873
4469,1636,7873
4469,1636,7873
4469,1636,7873
4469,1595,8081
4315,1595,8081
4315,1595,8081
4315,1595,8081
4315,1595,8081
4315,1595,8081
4315,1595,8081
4315,1595,8081
4315,1595,8081
4315,1595,8081
4135,1635,8327
4135,1635,8327
4135,1635,8327
4135,1635,8327
4135,1635,8327
4135,1635,8327
4135,1635,8327
4135,1635,8327
4135,1635,8327
4135,1635,8327
3834,1587,8630
3834,1587,8630
3834,1587,8630
3834,1587,8630
3834,1587,8630
3834,1587,8630
3834,1587,8630
3834,1587,8630
3459,1606,8852
3134,1566,9062
3134,1566,9062
3134,1566,9062
3134,1566,9062
3134,1566,9062
3134,1566,9062
3134,1566,9062
3134,1566,9062
2810,1601,9140
2810,1601,9140
2810,1601,9140
2810,1601,9140
2810,1601,9140
2810,1601,9140
2810,1601,9140
2810,1601,9140
2810,1601,9140
2810,1601,9140
2553,1627,9313
2553,1627,9313
2553,1627,9313
2553,1627,9313
2553,1627,9313
2553,1627,9313
2553,1627,9313
2553,1627,9313
2553,1627,9313
2553,1627,9307
2293,1594,9307
2293,1594,9307
2293,1594,9307
2293,1594,9307
2293,1594,9307
2293,1594,9307
2293,1594,9307
2293,1594,9307
2293,1594,9307
1999,1566,9278
1999,1566,9278
1999,1566,9278
1999,1566,9278
1999,1566,9278
1999,1566,9278
1999,1566,9278
1999,1566,9278
1999,1566,9278
1720,1560,9332
1720,1560,9332
1720,1560,9332
1720,1560,9332
1720,1560,9332
1720,1560,9332
1720,1560,9332
1720,1560,9332
1720,1560,9332
1540,1565,9360
1540,1565,9360
1540,1565,9360
1540,1565,9360
1540,1565,9360
1540,1565,9360
1540,1565,9360
1540,1565,9360
1540,1565,9360
1483,1548,9356
1483,1548,9356
1483,1548,9356
1483,1548,9356
1483,1548,9356
1483,1548,9356
1483,1548,9356
1483,1548,9356
1483,1548,9356
1468,1587,9302
1468,1587,9302
1468,1587,9302
1468,1587,9302
1468,1587,9302
1468,1587,9302
1468,1587,9302
1468,1587,9302
1468,1587,9302
1508,1575,9326
1508,1575,9326
1508,1575,9326
1508,1575,9326
1508,1575,9326
1508,1575,9326
1508,1575,9326
1508,1575,9326
1508,1575,9326
1586,1573,9292
1586,1573,9292
1586,1573,9292
1586,1573,9292
1586,1573,9292
1586,1573,9292
1586,1573,9292
1586,1573,9292
1558,1630,9345
1558,1630,9345
1558,1630,9345
1558,1630,9345
1558,1630,9345
1558,1630,9345
1558,1630,9345
1558,1630,9345
1558,1630,9345
1558,1630,9345
1562,1638,9335
1562,1638,9335
1562,1638,9335
1562,1638,9335
1562,1638,9335
1562,1638,9335
1562,1638,9335
1562,1638,9335
1562,1638,9309
1599,1628,9309
1599,1628,9309
1599,1628,9309
1599,1628,9309
1599,1628,9309
1599,1628,9309
1599,1628,9309
1599,1628,9309
1599,1628,9309
1673,1676,9366
1673,1676,9366
1673,1676,9366
1673,1676,9366
1673,1676,9366
1673,1676,9366
1673,1676,9366
1673,1676,9366
1673,1676,9366
1673,1676,9366
1692,1735,9392
1692,1735,9392
1692,1735,9392
1692,1735,9392
1692,1735,9392
1692,1735,9392
1692,1735,9392
1692,1735,9392
1692,1735,9392
1696,1728,9390
1696,1728,9390
1696,1728,9390
1696,1728,9390
1696,1728,9390
1696,1728,9390
1696,1728,9390
1696,1728,9390
1696,1728,9390
1771,1705,9338
1771,1705,9338
1771,1705,9338
1771,1705,9338
1771,1705,9338
1771,1705,9338
1771,1705,9338
1771,1705,9338
1771,1705,9338
1881,1758,9337
1881,1758,9337
1881,1758,9337
1881,1758,9337
1881,1758,9337
1881,1758,9337
1881,1758,9337
1881,1758,9337
1881,1758,9337
2043,1734,9364
2043,1734,9364
2043,1734,9364
2043,1734,9364
2043,1734,9364
2043,1734,9364
2043,1734,9364
2043,1734,9364
2043,1734,9364
2215,1755,9334
2215,1755,9334
2215,1755,9334
2215,1755,9334
2215,1755,9334
2215,1755,9334
2215,1755,9334
2215,1755,9334
2215,1755,9334
2281,1764,9353
2281,1764,9353
2281,1764,9353
2281,1764,9353
2281,1764,9353
2281,1764,9353
2281,1764,9353
2281,1764,9353
2281,1764,9353
2382,1765,9309
2382,1765,9309
2382,1765,9309
2382,1765,9309
2382,1765,9309
2382,1765,9309
2382,1765,9309
2382,1765,9309
2382,1765,9309
2498,1785,9333
2498,1785,9333
2498,1785,9333
2498,1785,9333
2498,1785,9333
2498,1785,9333
2498,1785,9333
2498,1785,9333
2498,1785,9333
2568,1786,9284
2568,1786,9284
2568,1786,9284
2568,1786,9284
2568,1786,9284
2568,1786,9284
2568,1786,9284
2568,1786,9284
2568,1786,9284
2588,1762,9289
2588,1762,9289
2588,1762,9289
2588,1762,9289
2588,1762,9289
2588,1762,9289
2588,1762,9289
2588,1762,9289
2588,1762,9289
2647,1742,9242
2647,1742,9242
2647,1742,9242
2647,1742,9242
2647,1742,9242
2647,1742,9242
2647,1742,9242
2647,1742,9242
2647,1742,9242
2647,1742,9242
2799,1756,9212
2799,1756,9212
2799,1756,9212
2799,1756,9212
2799,1756,9212
2799,1756,9212
2799,1756,9212
2799,1756,9212
2799,1756,9212
2892,1788,9218
2892,1788,9218
2892,1788,9218
2892,1788,9218
2936,1757,9168
2936,1757,9168
2936,1757,9168
2936,1757,9168
2936,1757,9168
2936,1757,9168
2936,1757,9168
2936,1757,9168
2936,1757,9168
2936,1757,9168
3075,1793,9110
3075,1793,9110
3075,1793,9110
3075,1793,9110
3075,1793,9110
3075,1793,9110
3075,1793,9110
3075,1793,9110
3139,1795,9103
3139,1795,9103
3139,1795,9103
3139,1795,9103
3139,1795,9103
3139,1795,9103
3139,1795,9103
3139,1795,9103
3139,1795,9103
3226,1759,9068
3226,1759,9068
3226,1759,9068
3226,1759,9068
3226,1759,9068
3226,1759,9068
3226,1759,9068
3226,1759,9068
3226,1759,9068
3354,1793,8983
3354,1793,8983
3354,1793,8983
3354,1793,8983
3354,1793,8983
3354,1793,8983
3354,1793,8983
3354,1793,8983
3354,1793,8983
3481,1779,8936
3481,1779,8936
3481,1779,8936
3481,1779,8936
3481,1779,8936
3481,1779,8936
3481,1779,8936
3481,1779,8936
3481,1779,8936
3481,1779,8936
3607,1767,8837
3607,1767,8837
3607,1767,8837
3607,1767,8837
3607,1767,8837
3607,1767,8837
3607,1767,8837
3607,1767,8837
3607,1767,8837
3701,1746,8706
3701,1746,8706
3701,1746,8706
3701,1746,8706
3701,1746,8706
3701,1746,8706
3701,1746,8706
3701,1746,8706
3701,1746,8706
3854,1721,8661
3854,1721,8661
3854,1721,8661
3854,1721,8661
3854,1721,8661
3854,1721,8661
3854,1721,8661
3854,1721,8661
3854,1721,8661
3969,1709,8539
3969,1709,8539
3969,1709,8539
3969,1709,8539
3969,1709,8539
3969,1709,8539
3969,1709,8539
3969,1709,8539
3969,1709,8539
4056,1755,8440
4056,1755,8440
4056,1755,8440
4056,1755,8440
4056,1755,8440
4056,1755,8440
4056,1755,8440
4056,1755,8440
4056,1755,8440
4056,1755,8440
4148,1733,8357
4148,1733,8357
4148,1733,8357
4148,1733,8357
4148,1733,8357
4148,1733,8357
4148,1733,8357
4148,1733,8357
4148,1733,8357
4251,1703,8287
4251,1703,8287
4251,1703,8287
4251,1703,8287
4251,1703,8287
4251,1703,8287
4251,1703,8287
4251,1703,8287
4284,1728,8129
4284,1728,8129
4284,1728,8129
4284,1728,8129
4284,1728,8129
4284,1728,8129
4284,1728,8129
4284,1728,8129
4284,1728,8129
4372,1757,8009
4372,1757,8009
4372,1757,8009
4372,1757,8009
4372,1757,8009
4372,1757,8009
4372,1757,8009
4372,1757,8009
4372,1757,8009
4481,1758,7884
4481,1758,7884
4481,1758,7884
4481,1758,7884
4481,1758,7884
4481,1758,7884
4481,1758,7884
4481,1758,7884
4481,1758,7884
4481,1767,7748
4567,1767,7748
4567,1767,7748
4567,1767,7748
4567,1767,7748
4567,1767,7748
4567,1767,7748
4567,1767,7748
4567,1767,7748
4681,1783,7641
4681,1783,7641
4681,1783,7641
4681,1783,7641
4681,1783,7641
4681,1783,7641
4681,1783,7641
4681,1783,7641
4681,1783,7641
4748,1799,7516
4748,1799,7516
4748,1799,7516
4748,1799,7516
4748,1799,7516
4748,1799,7516
4748,1799,7516
4748,1799,7516
4748,1799,7516
4748,1799,7516
4850,1813,7287
4850,1813,7287
4850,1813,7287
4850,1813,7287
4850,1813,7287
4850,1813,7287
4850,1813,7287
4850,1813,7287
4850,1813,7287
4850,1813,7287
4928,1822,7011
4928,1822,7011
4928,1822,7011
4928,1822,7011
4928,1822,7011
4928,1822,7011
4928,1822,7011
4928,1822,7011
4928,1822,7011
5004,1858,6649
5004,1858,6649
5004,1858,6649
5004,1858,6649
5004,1858,6649
5004,1858,6649
5004,1858,6649
5004,1858,6649
5004,1858,6649
5050,1934,6533
5050,1934,6533
5050,1934,6533
5050,1934,6533
5050,1934,6533
5050,1934,6533
5050,1934,6533
5050,1934,6533
5043,1938,6357
5043,1938,6357
5043,1938,6357
5043,1938,6357
5043,1938,6357
5043,1938,6357
5043,1938,6357
5043,1938,6357
5043,1938,6357
5074,1954,6178
5074,1954,6178
5074,1954,6178
5074,1954,6178
5074,1954,6178
5074,1954,6178
5074,1954,6178
5074,1954,6178
5074,1954,6178
5088,1921,6026
5088,1921,6026
5088,1921,6026
5088,1921,6026
5088,1921,6026
5088,1921,6026
5088,1921,6026
5088,1921,6026
5088,1921,6026
5092,1987,5916
5092,1987,5916
5092,1987,5916
5092,1987,5916
5092,1987,5916
5092,1987,5916
5092,1987,5916
5092,1987,5916
5092,1987,5916
5092,1987,5916
5070,1978,5924
5070,1978,5924
5070,1978,5924
5070,1978,5924
5070,1978,5924
5070,1978,5924
5073,1995,6073
5073,1995,6073
5073,1995,6073
5073,1995,6073
5073,1995,6073
5073,1995,6073
5073,1995,6073
5073,1995,6073
5025,1868,6498
5025,1868,6498
5025,1868,6498
5025,1868,6498
5025,1868,6498
5025,1868,6498
5025,1868,6498
5025,1868,6498
5025,1868,6498
4946,1817,6948
4946,1817,6948
4946,1817,6948
4946,1817,6948
4946,1817,6948
4946,1817,6948
4946,1817,6948
4946,1817,6948
4946,1817,6948
4772,1731,7469
4772,1731,7469
4772,1731,7469
4772,1731,7469
4772,1731,7469
4772,1731,7469
4772,1731,7469
4772,1731,7469
4772,1731,7469
4506,1703,7887
4506,1703,7887
4506,1703,7887
4506,1703,7887
4506,1703,7887
4506,1703,7887
4506,1703,7887
4506,1703,7887
4169,1686,8274
4169,1686,8274
4169,1686,8274
4169,1686,8274
4169,1686,8274
4169,1686,8274
4169,1686,8274
4169,1686,8274
4169,1686,8274
3896,1715,8618
3896,1715,8618
3896,1715,8618
3896,1715,8618
3896,1715,8618
3896,1715,8618
3896,1715,8618
3896,1715,8618
3896,1715,8618
3896,1715,8618
3697,1798,8809
3697,1798,8809
3697,1798,8809
3697,1798,8809
3697,1798,8809
3697,1798,8809
3697,1798,8809
3697,1798,8809
3464,1748,8950
3464,1748,8950
3464,1748,8950
3464,1748,8950
3464,1748,8950
3464,1748,8950
3464,1748,8950
3464,1748,8950
3464,1748,8950
3464,1748,8950
3254,1729,9094
3254,1729,9094
3254,1729,9094
3254,1729,9094
3254,1729,9094
3254,1729,9094
3254,1729,9094
3254,1729,9094
3254,1729,9094
3254,1729,9094
3117,1745,9130
3117,1745,9130
3117,1745,9130
3117,1745,9130
3117,1745,9130
3117,1745,9130
3117,1745,9130
3117,1745,9130
3117,1745,9130
2848,1766,9242
2848,1766,9242
2848,1766,9242
2848,1766,9242
2848,1766,9242
2848,1766,9242
2848,1766,9242
2848,1766,9242
2848,1766,9242
2595,1764,9315
2595,1764,9315
2595,1764,9315
2595,1764,9315
2595,1764,9315
2595,1764,9315
2595,1764,9315
2595,1764,9315
2595,1764,9315
2364,1794,9340
2364,1794,9340
2364,1794,9340
2364,1794,9340
2364,1794,9340
2364,1794,9340
2364,1794,9340
2364,1794,9340
2364,1794,9340
2348,1770,9333
2348,1770,9333
2348,1770,9333
2348,1770,9333
2348,1770,9333
2348,1770,9333
2348,1770,9333
2348,1770,9333
2386,1763,9277
2386,1763,9277
2386,1763,9277
2386,1763,9277
2386,1763,9277
2386,1763,9277
2386,1763,9277
2386,1763,9277
2386,1763,9277
2386,1763,9303
2490,1780,9303
2490,1780,9303
2490,1780,9303
2490,1780,9303
2490,1780,9303
2490,1780,9303
2490,1780,9303
2490,1780,9303
2490,1780,9303
2540,1773,9341
2540,1773,9341
2540,1773,9341
2540,1773,9341
2540,1773,9341
2540,1773,9341
2540,1773,9341
2540,1773,9341
2540,1773,9341
2482,1743,9321
2482,1743,9321
2482,1743,9321
2482,1743,9321
2482,1743,9321
2482,1743,9321
2482,1743,9321
2482,1743,9321
2482,1743,9321
2504,1791,9330
2504,1791,9330
2504,1791,9330
2504,1791,9330
2504,1791,9330
2504,1791,9330
2504,1791,9330
2504,1791,9330
2504,1791,9330
2651,1855,9289
2651,1855,9289
2651,1855,9289
2651,1855,9289
2651,1855,9289
2651,1855,9289
2651,1855,9289
2651,1855,9289
2651,1855,9289
2687,1909,9313
2687,1909,9313
2687,1909,9313
2687,1909,9313
2687,1909,9313
2687,1909,9313
2687,1909,9313
2687,1909,9313
2687,1909,9313
2687,1909,9313
2695,1952,9342
2695,1952,9342
2695,1952,9342
2695,1952,9342
2695,1952,9342
2695,1952,9342
2695,1952,9342
2695,1952,9342
2695,1952,9342
2662,1911,9335
2662,1911,9335
2662,1911,9335
2662,1911,9335
2662,1911,9335
2662,1911,9335
2662,1911,9335
2662,1911,9335
2662,1911,9335
2638,1933,9340
2638,1933,9340
2638,1933,9340
2638,1933,9340
2638,1933,9340
2638,1933,9340
2638,1933,9340
2638,1933,9340
2638,1933,9340
2652,1983,9382
2652,1983,9382
2652,1983,9382
2652,1983,9382
2652,1983,9382
2652,1983,9382
2652,1983,9382
2652,1983,9382
2652,1983,9382
2667,1975,9317
2667,1975,9317
2667,1975,9317
2667,1975,9317
2667,1975,9317
2667,1975,9317
2667,1975,9317
2667,1975,9317
2667,1975,9317
2696,1980,9339
2696,1980,9339
2696,1980,9339
2696,1980,9339
2696,1980,9339
2696,1980,9339
2696,1980,9339
2696,1980,9339
2696,1980,9339
2727,1995,9330
2727,1995,9330
2727,1995,9330
2727,1995,9330
2729,2049,9355
2729,2049,9355
2729,2049,9355
2729,2049,9355
2729,2049,9355
2729,2049,9355
2729,2049,9355
2729,2049,9355
2729,2049,9355
2791,2043,9283
2791,2043,9283
2791,2043,9283
2791,2043,9283
2791,2043,9283
2791,2043,9283
2791,2043,9283
2791,2043,9283
2791,2043,9283
2791,2043,9283
2904,2047,9333
2904,2047,9333
2904,2047,9333
2904,2047,9333
2904,2047,9333
2904,2047,9333
2904,2047,9333
2904,2047,9333
2904,2047,9333
2996,2029,9248
2996,2029,9248
2996,2029,9248
2996,2029,9248
2996,2029,9248
2996,2029,9248
2996,2029,9248
2996,2029,9248
2996,2029,9248
3173,2060,9147
3173,2060,9147
3173,2060,9147
3173,2060,9147
3173,2060,9147
3173,2060,9147
3173,2060,9147
3173,2060,9147
3173,2060,9147
3401,2011,9061
3401,2011,9061
3401,2011,9061
3401,2011,9061
3401,2011,9061
3401,2011,9061
3401,2011,9061
3401,2011,9061
3401,2011,9061
3588,1996,8929
3588,1996,8929
3588,1996,8929
3588,1996,8929
3588,1996,8929
3588,1996,8929
3588,1996,8929
3588,1996,8929
3770,1965,8807
3770,1965,8807
3770,1965,8807
3770,1965,8807
3770,1965,8807
3770,1965,8807
3770,1965,8807
3770,1965,8807
3770,1965,8807
3770,1965,8807
4000,1974,8668
4000,1974,8668
4000,1974,8668
4000,1974,8668
4000,1974,8668
4000,1974,8668
4000,1974,8668
4000,1974,8668
4000,1974,8668
4064,1998,8535
4064,1998,8535
4064,1998,8535
4064,1998,8535
4064,1998,8535
4064,1998,8535
4064,1998,8535
4064,1998,8535
4064,1998,8535
4162,1988,8371
4162,1988,8371
4162,1988,8371
4162,1988,8371
4162,1988,8371
4162,1988,8371
4162,1988,8371
4162,1988,8371
4162,1988,8371
4423,2027,8168
4423,2027,8168
4423,2027,8168
4423,2027,8168
4423,2027,8168
4423,2027,8168
4423,2027,8168
4423,2027,8168
4423,2027,8168
4528,2037,7990
4528,2037,7990
4528,2037,7990
4528,2037,7990
4528,2037,7990
4528,2037,7990
4528,2037,7990
4528,2037,7990
4528,2037,7990
4592,2010,7892
4592,2010,7892
4592,2010,7892
4592,2010,7892
4592,2010,7892
4592,2010,7892
4592,2010,7892
4592,2010,7892
4592,2010,7892
4592,2010,7892
4686,2020,7738
4686,2020,7738
4686,2020,7738
4686,2020,7738
4686,2020,7738
4686,2020,7738
4686,2020,7738
4686,2020,7738
4686,2020,7738
4810,2049,7592
4810,2049,7592
4810,2049,7592
4810,2049,7592
4810,2049,7592
4810,2049,7592
4810,2049,7592
4810,2049,7592
4810,2049,7592
4865,2046,7402
4865,2046,7402
4865,2046,7402
4865,2046,7402
4865,2046,7402
4865,2046,7402
4865,2046,7402
4865,2046,7402
4977,2105,7233
4977,2105,7233
4977,2105,7233
4977,2105,7233
4977,2105,7233
4977,2105,7233
4977,2105,7233
4977,2105,7233
4977,2105,7233
5020,2083,7009
5020,2083,7009
5020,2083,7009
5020,2083,7009
5020,2083,7009
5020,2083,7009
5020,2083,7009
5020,2083,7009
5020,2083,7009
5020,2083,7009
5083,2120,6746
5083,2120,6746
5083,2120,6746
5083,2120,6746
5083,2120,6746
5083,2120,6746
5083,2120,6746
5083,2120,6746
5083,2120,6746
5137,2125,6507
5137,2125,6507
5137,2125,6507
5137,2125,6507
5137,2125,6507
5137,2125,6507
5137,2125,6507
5137,2125,6507
5137,2125,6507
5099,2147,6239
5099,2147,6239
5099,2147,6239
5099,2147,6239
5099,2147,6239
5099,2147,6239
5099,2147,6239
5099,2147,6239
5099,2147,6239
5146,2144,5997
5146,2144,5997
5146,2144,5997
5146,2144,5997
5146,2144,5997
5146,2144,5997
5146,2144,5997
5146,2144,5997
5146,2144,5997
5118,2218,5817
5118,2218,5817
5118,2218,5817
5118,2218,5817
5118,2218,5817
5118,2218,5817
5118,2218,5817
5118,2218,5817
5118,2218,5817
5085,2249,5611
5085,2249,5611
5085,2249,5611
5085,2249,5611
5085,2249,5611
5085,2249,5611
5085,2249,5611
5085,2249,5611
5085,2249,5611
5043,2337,5336
5043,2337,5336
5043,2337,5336
5043,2337,5336
5043,2337,5336
5043,2337,5336
5043,2337,5336
5043,2337,5336
5043,2337,5336
5043,2337,5336
4997,2368,5220
4997,2368,5220
4997,2368,5220
4997,2368,5220
4997,2368,5220
4997,2368,5220
4997,2368,5220
4997,2368,5220
4988,2359,5238
4988,2359,5238
4988,2359,5238
4988,2359,5238
4988,2359,5238
4988,2359,5238
4988,2359,5238
4988,2359,5238
4988,2359,5238
4996,2307,5291
4996,2307,5291
4996,2307,5291
4996,2307,5291
5045,2356,5363
5045,2356,5363
5045,2356,5363
5045,2356,5363
5045,2356,5363
5045,2356,5363
5045,2356,5363
5045,2356,5363
5045,2356,5363
5045,2356,5363
5058,2301,5444
5058,2301,5444
5058,2301,5444
5058,2301,5444
5058,2301,5444
5058,2301,5444
5058,2301,5444
5058,2301,5444
5058,2301,5444
5143,2315,5676
5143,2315,5676
5143,2315,5676
5143,2315,5676
5143,2315,5676
5143,2315,5676
5143,2315,5676
5143,2315,5676
5143,2315,5676
5160,2283,5967
5160,2283,5967
5160,2283,5967
5160,2283,5967
5160,2283,5967
5160,2283,5967
5160,2283,5967
5160,2283,5967
5160,2283,5967
5186,2262,6192
5186,2262,6192
5186,2262,6192
5186,2262,6192
5186,2262,6192
5186,2262,6192
5186,2262,6192
5186,2262,6192
5186,2262,6192
5186,2262,6192
5157,2269,6585
5157,2269,6585
5157,2269,6585
5157,2269,6585
5157,2269,6585
5157,2269,6585
5157,2269,6585
5157,2269,6585
5157,2269,6585
5081,2254,6977
5081,2254,6977
5081,2254,6977
5081,2254,6977
5081,2254,6977
5081,2254,6977
5081,2254,6977
5081,2254,6977
5081,2254,6977
5059,2202,7165
5059,2202,7165
5059,2202,7165
5059,2202,7165
5059,2202,7165
5059,2202,7165
5059,2202,7165
5059,2202,7165
4989,2228,7292
4989,2228,7292
4989,2228,7292
4989,2228,7292
4989,2228,7292
4989,2228,7292
4989,2228,7292
4989,2228,7292
4989,2228,7292
4989,2202,7534
4918,2202,7534
4918,2202,7534
4918,2202,7534
4918,2202,7534
4918,2202,7534
4918,2202,7534
4918,2202,7534
4918,2202,7534
4918,2202,7534
4749,2129,7727
4749,2129,7727
4749,2129,7727
4749,2129,7727
4749,2129,7727
4749,2129,7727
4749,2129,7727
4749,2129,7727
4749,2129,7727
4665,2133,7915
4665,2133,7915
4665,2133,7915
4665,2133,7915
4665,2133,7915
4665,2133,7915
4665,2133,7915
4665,2133,7915
4665,2133,7915
4567,2113,8047
4567,2113,8047
4567,2113,8047
4567,2113,8047
4567,2113,8047
4567,2113,8047
4567,2113,8047
4567,2113,8047
4567,2113,8047
4490,2105,8129
4490,2105,8129
4490,2105,8129
4490,2105,8129
4490,2105,8129
4490,2105,8129
4490,2105,8129
4490,2105,8129
4490,2105,8129
4375,2077,8311
4375,2077,8311
4375,2077,8311
4375,2077,8311
4375,2077,8311
4375,2077,8311
4375,2077,8311
4375,2077,8311
4375,2077,8311
4255,2108,8494
4255,2108,8494
4255,2108,8494
4255,2108,8494
4255,2108,8494
4255,2108,8494
4255,2108,8494
4255,2108,8494
4255,2108,8494
4068,2049,8624
4068,2049,8624
4068,2049,8624
4068,2049,8624
4068,2049,8624
4068,2049,8624
4068,2049,8624
4068,2049,8624
4068,2049,8624
4068,2049,8624
3874,1950,8729
3874,1950,8729
3874,1950,8729
3874,1950,8729
3874,1950,8729
3874,1950,8729
3874,1950,8729
3874,1950,8729
3874,1950,8729
3622,1943,8916
3622,1943,8916
3622,1943,8916
3622,1943,8916
3622,1943,8916
3622,1943,8916
3622,1943,8916
3622,1943,8916
3622,1948,9098
3342,1948,9098
3342,1948,9098
3342,1948,9098
3342,1948,9098
3342,1948,9098
3342,1948,9098
3342,1948,9098
3342,1948,9098
3342,1948,9098
3066,1973,9185
3066,1973,9185
3066,1973,9185
3066,1973,9185
3066,1973,9185
3066,1973,9185
3066,1973,9185
3066,1973,9185
3066,1973,9185
2795,1978,9293
2795,1978,9293
2795,1978,9293
2795,1978,9293
2795,1978,9293
2795,1978,9293
2795,1978,9293
2795,1978,9293
2795,1978,9293
2604,1982,9350
2604,1982,9350
2604,1982,9350
2604,1982,9350
2604,1982,9350
2604,1982,9350
2604,1982,9350
2604,1982,9350
2604,1982,9350
2531,1981,9368
2531,1981,9368
2531,1981,9368
2531,1981,9368
2531,1981,9368
2531,1981,9368
2531,1981,9368
2531,1981,9368
2531,1981,9368
2540,2068,9388
2540,2068,9388
2540,2068,9388
2540,2068,9388
2540,2068,9388
2540,2068,9388
2540,2068,9388
2540,2068,9388
2540,2068,9388
2594,2152,9384
2594,2152,9384
2594,2152,9384
2594,2152,9384
2594,2152,9384
2594,2152,9384
2594,2152,9384
2594,2152,9384
2594,2152,9384
2629,2181,9416
2629,2181,9416
2629,2181,9416
2629,2181,9416
2629,2181,9416
2629,2181,9416
2629,2181,9416
2629,2181,9416
2629,2181,9416
2661,2217,9430
2661,2217,9430
2661,2217,9430
2661,2217,9430
2661,2217,9430
2661,2217,9430
2661,2217,9430
2673,2246,9383
2673,2246,9383
2673,2246,9383
2673,2246,9383
2673,2246,9383
2673,2246,9383
2681,2237,9412
2681,2237,9412
2681,2237,9412
2681,2237,9412
2681,2237,9412
2681,2237,9412
2681,2237,9412
2681,2237,9412
2681,2237,9412
2804,2287,9369
2804,2287,9369
2804,2287,9369
2804,2287,9369
2804,2287,9369
2804,2287,9369
2804,2287,9369
2804,2287,9369
2804,2287,9369
2904,2291,9343
2904,2291,9343
2904,2291,9343
2904,2291,9343
2904,2291,9343
2904,2291,9343
2904,2291,9343
2904,2291,9343
2904,2291,9343
3057,2312,9311
3057,2312,9311
3057,2312,9311
3057,2312,9311
3057,2312,9311
3057,2312,9311
3057,2312,9311
3057,2312,9311
3057,2312,9311
3057,2312,9212
3270,2334,9212
3270,2334,9212
3270,2334,9212
3270,2334,9212
3270,2334,9212
3270,2334,9212
3270,2334,9212
3270,2334,9212
3270,2334,9212
3346,2349,9151
3346,2349,9151
3346,2349,9151
3346,2349,9151
3346,2349,9151
3346,2349,9151
3346,2349,9151
3346,2349,9151
3346,2349,9151
3412,2296,9069
3412,2296,9069
3412,2296,9069
3412,2296,9069
3412,2296,9069
3412,2296,9069
3412,2296,9069
3412,2296,9069
3412,2296,9014
3597,2324,9014
3597,2324,9014
3597,2324,9014
3597,2324,9014
3597,2324,9014
3597,2324,9014
3597,2324,9014
3597,2324,9014
3597,2324,9014
3701,2326,8910
3701,2326,8910
3701,2326,8910
3701,2326,8910
3701,2326,8910
3701,2326,8910
3701,2326,8910
3701,2326,8910
3701,2326,8910
3701,2326,8910
3816,2401,8843
3816,2401,8843
3816,2401,8843
3816,2401,8843
3816,2401,8843
3816,2401,8843
3816,2401,8843
3816,2401,8843
3958,2447,8745
3958,2447,8745
3958,2447,8745
3958,2447,8745
3958,2447,8745
3958,2447,8745
3958,2447,8745
3958,2447,8745
3958,2447,8745
4025,2422,8745
4025,2422,8745
4025,2422,8745
4025,2422,8745
4025,2422,8745
4025,2422,8745
4025,2422,8745
4025,2422,8745
4025,2422,8745
4231,2472,8566
4231,2472,8566
4231,2472,8566
4231,2472,8566
4231,2472,8566
4231,2472,8566
4231,2472,8566
4231,2472,8566
4231,2472,8566
4231,2472,8566
4280,2484,8468
4280,2484,8468
4280,2484,8468
4280,2484,8468
4280,2484,8468
4280,2484,8468
4280,2484,8468
4280,2484,8468
4280,2484,8468
4354,2481,8433
4354,2481,8433
4354,2481,8433
4354,2481,8433
4354,2481,8433
4354,2481,8433
4354,2481,8433
4354,2481,8433
4354,2481,8433
4421,2491,8304
4421,2491,8304
4421,2491,8304
4421,2491,8304
4421,2491,8304
4421,2491,8304
4421,2491,8304
4421,2491,8304
4421,2491,8304
4532,2503,8204
4532,2503,8204
4532,2503,8204
4532,2503,8204
4532,2503,8204
4532,2503,8204
4532,2503,8204
4532,2503,8204
4532,2503,8204
4634,2525,7986
4634,2525,7986
4634,2525,7986
4634,2525,7986
4634,2525,7986
4634,2525,7986
4634,2525,7986
4634,2525,7986
4634,2525,7986
4725,2492,7819
4725,2492,7819
4725,2492,7819
4725,2492,7819
4725,2492,7819
4725,2492,7819
4725,2492,7819
4725,2492,7819
4725,2492,7819
4820,2495,7738
4820,2495,7738
4820,2495,7738
4820,2495,7738
4820,2495,7738
4820,2495,7738
4820,2495,7738
4820,2495,7738
4858,2511,7602
4858,2511,7602
4858,2511,7602
4858,2511,7602
4858,2511,7602
4858,2511,7602
4858,2511,7602
4858,2511,7602
4858,2511,7602
4858,2511,7602
4980,2518,7410
4980,2518,7410
4980,2518,7410
4980,2518,7410
4980,2518,7410
4980,2518,7410
4980,2518,7410
4980,2518,7410
4980,2518,7410
4980,2549,7170
5092,2549,7170
5092,2549,7170
5092,2549,7170
5092,2549,7170
5092,2549,7170
5092,2549,7170
5092,2549,7170
5092,2549,7170
5092,2549,7170
5131,2563,7006
5131,2563,7006
5131,2563,7006
5131,2563,7006
5131,2563,7006
5131,2563,7006
5131,2563,7006
5131,2563,7006
5131,2563,7006
5115,2572,6829
5115,2572,6829
5115,2572,6829
5115,2572,6829
5115,2572,6829
5115,2572,6829
5115,2572,6829
5115,2572,6829
5115,2572,6829
5178,2588,6745
5178,2588,6745
5178,2588,6745
5178,2588,6745
5178,2588,6745
5178,2588,6745
5178,2588,6745
5178,2588,6745
5178,2588,6745
5207,2577,6521
5207,2577,6521
5207,2577,6521
5207,2577,6521
5207,2577,6521
5207,2577,6521
5207,2577,6521
5207,2577,6521
5207,2577,6521
5201,2625,6377
5201,2625,6377
5201,2625,6377
5201,2625,6377
5235,2640,6185
5235,2640,6185
5235,2640,6185
5235,2640,6185
5235,2640,6185
5235,2640,6185
5235,2640,6185
5235,2640,6185
5235,2640,6185
5235,2640,6185
5185,2674,5989
5185,2674,5989
5185,2674,5989
5185,2674,5989
5185,2674,5989
5185,2674,5989
5185,2674,5989
5185,2674,5989
5185,2674,5989
5227,2691,5859
5227,2691,5859
5227,2691,5859
5227,2691,5859
5227,2691,5859
5227,2691,5859
5227,2691,5859
5227,2691,5859
5227,2691,5859
5164,2702,5669
5164,2702,5669
5164,2702,5669
5164,2702,5669
5164,2702,5669
5164,2702,5669
5164,2702,5669
5164,2702,5669
5164,2702,5669
5115,2728,5468
5115,2728,5468
5115,2728,5468
5115,2728,5468
5115,2728,5468
5115,2728,5468
5115,2728,5468
5115,2728,5468
5115,2728,5468
5072,2774,5301
5072,2774,5301
5072,2774,5301
5072,2774,5301
5072,2774,5301
5072,2774,5301
5072,2774,5301
5072,2774,5301
5072,2774,5301
5060,2761,5278
5060,2761,5278
5060,2761,5278
5060,2761,5278
5060,2761,5278
5060,2761,5278
5060,2761,5278
5060,2761,5278
5060,2761,5278
5006,2740,5239
5006,2740,5239
5006,2740,5239
5006,2740,5239
5006,2740,5239
5006,2740,5239
5006,2740,5239
5006,2740,5239
5006,2740,5239
5024,2799,5256
5024,2799,5256
5024,2799,5256
5024,2799,5256
5024,2799,5256
5024,2799,5256
5024,2799,5256
5024,2799,5256
5024,2799,5256
5057,2752,5229
5057,2752,5229
5057,2752,5229
5057,2752,5229
5057,2752,5229
5057,2752,5229
5057,2752,5229
5057,2752,5229
5057,2752,5229
5057,2752,5229
5088,2749,5313
5088,2749,5313
5088,2749,5313
5088,2749,5313
5088,2749,5313
5088,2749,5313
5088,2749,5313
5088,2749,5313
5088,2749,5313
5140,2731,5411
5140,2731,5411
5140,2731,5411
5140,2731,5411
5140,2731,5411
5140,2731,5411
5140,2731,5411
5140,2731,5411
5140,2754,5538
5151,2754,5538
5151,2754,5538
5151,2754,5538
5151,2754,5538
5151,2754,5538
5151,2754,5538
5151,2754,5538
5151,2754,5538
5197,2738,5616
5197,2738,5616
5197,2738,5616
5197,2738,5616
5197,2738,5616
5197,2738,5616
5197,2738,5616
5197,2738,5616
5197,2738,5616
5197,2738,5616
5193,2722,5788
5193,2722,5788
5193,2722,5788
5193,2722,5788
5193,2722,5788
5193,2722,5788
5193,2722,5788
5193,2722,5788
5193,2722,5788
5195,2706,5983
5195,2706,5983
5195,2706,5983
5195,2706,5983
5195,2706,5983
5195,2706,5983
5195,2706,5983
5195,2706,5983
5195,2706,5983
5205,2672,6178
5205,2672,6178
5205,2672,6178
5205,2672,6178
5205,2672,6178
5205,2672,6178
5205,2672,6178
5205,2672,6178
5205,2672,6178
5203,2669,6311
5203,2669,6311
5203,2669,6311
5203,2669,6311
5203,2669,6311
5203,2669,6311
5203,2669,6311
5203,2669,6311
5203,2669,6311
5203,2669,6311
5194,2657,6447
5194,2657,6447
5194,2657,6447
5194,2657,6447
5194,2657,6447
5194,2657,6447
5194,2657,6447
5194,2657,6447
5194,2657,6447
5216,2639,6566
5216,2639,6566
5216,2639,6566
5216,2639,6566
5216,2639,6566
5216,2639,6566
5216,2639,6566
5216,2639,6566
5216,2639,6566
5165,2634,6678
5165,2634,6678
5165,2634,6678
5165,2634,6678
5165,2634,6678
5165,2634,6678
5165,2634,6678
5165,2634,6678
5165,2634,6678
5168,2666,6770
5168,2666,6770
5168,2666,6770
5168,2666,6770
5168,2666,6770
5168,2666,6770
5168,2666,6770
5168,2666,6770
5168,2666,6770
5146,2637,6821
5146,2637,6821
5146,2637,6821
5146,2637,6821
5146,2637,6821
5146,2637,6821
5146,2637,6821
5146,2637,6821
5093,2640,6874
5093,2640,6874
5093,2640,6874
5093,2640,6874
5093,2640,6874
5093,2640,6874
5093,2640,6874
5093,2640,6874
5093,2640,6874
5093,2640,6874
5089,2629,7038
5089,2629,7038
5089,2629,7038
5089,2629,7038
5089,2629,7038
5089,2629,7038
5089,2629,7038
5089,2629,7038
5102,2602,7060
5102,2602,7060
5102,2602,7060
5102,2602,7060
5102,2602,7060
5102,2602,7060
5102,2602,7060
5102,2602,7060
5102,2602,7060
5102,2602,7060
5092,2612,7155
5092,2612,7155
5092,2612,7155
5092,2612,7155
5092,2612,7155
5092,2612,7155
5092,2612,7155
5092,2612,7155
5092,2612,7155
5092,2612,7155
5015,2602,7231
5015,2602,7231
5015,2602,7231
5015,2602,7231
5015,2602,7231
5015,2602,7231
5015,2602,7231
5015,2602,7231
5015,2602,7231
4986,2573,7391
4986,2573,7391
4986,2573,7391
4986,2573,7391
4909,2535,7548
4909,2535,7548
4909,2535,7548
4909,2535,7548
4909,2535,7548
4909,2535,7548
4909,2535,7548
4909,2535,7548
4909,2535,7548
4819,2535,7748
4819,2535,7748
4819,2535,7748
4819,2535,7748
4819,2535,7748
4819,2535,7748
4819,2535,7748
4819,2535,7748
4819,2535,7748
4717,2492,7846
4717,2492,7846
4717,2492,7846
4717,2492,7846
4717,2492,7846
4717,2492,7846
4717,2492,7846
4717,2492,7846
4717,2492,7846
4676,2486,7980
4676,2486,7980
4676,2486,7980
4676,2486,7980
4676,2486,7980
4676,2486,7980
4676,2486,7980
4676,2486,7980
4636,2522,8041
4636,2522,8041
4636,2522,8041
4636,2522,8041
4636,2522,8041
4636,2522,8041
4636,2522,8041
4636,2522,8041
4636,2522,8041
4636,2522,8041
4571,2511,8119
4571,2511,8119
4571,2511,8119
4571,2511,8119
4571,2511,8119
4571,2511,8119
4571,2511,8119
4571,2511,8119
4571,2511,8119
4571,2511,8119
4534,2460,8218
4534,2460,8218
4534,2460,8218
4534,2460,8218
4534,2460,8218
4534,2460,8218
4534,2460,8218
4534,2460,8218
4534,2460,8218
4421,2469,8325
4421,2469,8325
4421,2469,8325
4421,2469,8325
4421,2469,8325
4421,2469,8325
4421,2469,8325
4421,2469,8325
4421,2469,8325
4291,2397,8446
4291,2397,8446
4291,2397,8446
4291,2397,8446
4291,2397,8446
4291,2397,8446
4291,2397,8446
4291,2397,8446
4291,2397,8446
4161,2361,8523
4161,2361,8523
4161,2361,8523
4161,2361,8523
4161,2361,8523
4161,2361,8523
4161,2361,8523
4161,2361,8523
4161,2361,8523
4050,2324,8661
4050,2324,8661
4050,2324,8661
4050,2324,8661
4050,2324,8661
4050,2324,8661
4050,2324,8661
4050,2324,8661
4050,2324,8661
3886,2335,8861
3886,2335,8861
3886,2335,8861
3886,2335,8861
3886,2335,8861
3886,2335,8861
3886,2335,8861
3886,2335,8861
3886,2335,8861
3743,2328,8904
3743,2328,8904
3743,2328,8904
3743,2328,8904
3743,2328,8904
3743,2328,8904
3743,2328,8904
3743,2328,8904
3743,2328,8904
3589,2340,9010
3589,2340,9010
3589,2340,9010
3589,2340,9010
3589,2340,9010
3589,2340,9010
3589,2340,9010
3589,2340,9010
3589,2340,9010
3523,2358,9060
3523,2358,9060
3523,2358,9060
3523,2358,9060
3523,2358,9060
3523,2358,9060
3523,2358,9060
3523,2358,9060
3523,2358,9060
3383,2379,9111
3383,2379,9111
3383,2379,9111
3383,2379,9111
3383,2379,9111
3383,2379,9111
3383,2379,9111
3383,2379,9111
3383,2379,9111
3221,2409,9254
3221,2409,9254
3221,2409,9254
3221,2409,9254
3221,2409,9254
3221,2409,9254
3221,2409,9254
3221,2409,9254
3221,2409,9254
3221,2409,9254
2993,2438,9300
2993,2438,9300
2993,2438,9300
2993,2438,9300
2993,2438,9300
2993,2438,9300
2993,2438,9300
2993,2438,9300
2993,2438,9300
2740,2401,9403
2740,2401,9403
2740,2401,9403
2740,2401,9403
2740,2401,9403
2740,2401,9403
2740,2401,9403
2740,2401,9403
2740,2401,9403
2674,2444,9444
2674,2444,9444
2674,2444,9444
2674,2444,9444
2674,2444,9444
2674,2444,9444
2674,2444,9444
2674,2444,9444
2674,2444,9444
2702,2510,9441
2702,2510,9441
2702,2510,9441
2702,2510,9441
2702,2510,9441
2702,2510,9441
2702,2510,9441
2702,2510,9441
2702,2510,9441
2696,2594,9450
2696,2594,9450
2696,2594,9450
2696,2594,9450
2696,2594,9450
2696,2594,9450
2696,2594,9450
2696,2594,9450
2696,2594,9450
2696,2594,9450
2736,2694,9428
2736,2694,9428
2736,2694,9428
2736,2694,9428
2736,2694,9428
2736,2694,9428
2736,2694,9428
2736,2694,9428
2736,2694,9428
2655,2730,9433
2655,2730,9433
2655,2730,9433
2655,2730,9433
2655,2730,9433
2655,2730,9433
2655,2730,9433
2655,2730,9433
2668,2813,9455
2668,2813,9455
2668,2813,9455
2668,2813,9455
2668,2813,9455
2668,2813,9455
2668,2813,9455
2668,2813,9455
2668,2813,9455
2651,2879,9427
2651,2879,9427
2651,2879,9427
2651,2879,9427
2651,2879,9427
2651,2879,9427
2651,2879,9427
2651,2879,9427
2651,2879,9427
2651,2879,9460
2656,2872,9460
2656,2872,9460
2656,2872,9460
2656,2872,9460
2656,2872,9460
2656,2872,9460
2656,2872,9460
2656,2872,9460
2656,2872,9460
2816,2905,9410
2816,2905,9410
2816,2905,9410
2816,2905,9410
2816,2905,9410
2816,2905,9410
3038,2927,9327
3038,2927,9327
3038,2927,9327
3038,2927,9327
3038,2927,9327
3038,2927,9327
3038,2927,9327
3246,2899,9198
3246,2899,9198
3246,2899,9198
3246,2899,9198
3246,2899,9198
3246,2899,9198
3246,2899,9198
3246,2899,9198
3246,2899,9198
3390,2921,9164
3390,2921,9164
3390,2921,9164
3390,2921,9164
3390,2921,9164
3390,2921,9164
3390,2921,9164
3390,2921,9164
3390,2921,9164
3576,2884,9084
3576,2884,9084
3576,2884,9084
3576,2884,9084
3576,2884,9084
3576,2884,9084
3576,2884,9084
3576,2884,9084
3576,2884,9084
3688,2923,9009
3688,2923,9009
3688,2923,9009
3688,2923,9009
3688,2923,9009
3688,2923,9009
3688,2923,9009
3688,2923,9009
3688,2923,9009
3858,2911,8890
3858,2911,8890
3858,2911,8890
3858,2911,8890
3858,2911,8890
3858,2911,8890
3858,2911,8890
3858,2911,8890
3880,2929,8892
3880,2929,8892
3880,2929,8892
3880,2929,8892
3880,2929,8892
3880,2929,8892
3880,2929,8892
3880,2929,8892
3880,2929,8892
3880,2929,8892
3918,2917,8836
3918,2917,8836
3918,2917,8836
3918,2917,8836
3918,2917,8836
3918,2917,8836
3918,2917,8836
3918,2917,8836
3918,2917,8836
3935,2909,8845
3935,2909,8845
3935,2909,8845
3935,2909,8845
3935,2909,8845
3935,2909,8845
3935,2909,8845
3935,2909,8845
3935,2909,8845
4052,2936,8750
4052,2936,8750
4052,2936,8750
4052,2936,8750
4052,2936,8750
4052,2936,8750
4052,2936,8750
4052,2936,8750
4052,2936,8750
4174,3014,8617
4174,3014,8617
4174,3014,8617
4174,3014,8617
4174,3014,8617
4174,3014,8617
4174,3014,8617
4174,3014,8617
4174,3014,8617
4321,3035,8481
4321,3035,8481
4321,3035,8481
4321,3035,8481
4321,3035,8481
4321,3035,8481
4321,3035,8481
4321,3035,8481
4321,3035,8481
4321,3035,8481
4386,3019,8380
4386,3019,8380
4386,3019,8380
4386,3019,8380
4386,3019,8380
4386,3019,8380
4386,3019,8380
4386,3019,8380
4386,3019,8380
4424,3002,8358
4424,3002,8358
4424,3002,8358
4424,3002,8358
4424,3002,8358
4424,3002,8358
4424,3002,8358
4424,3002,8358
4424,3002,8358
4449,2923,8290
4449,2923,8290
4449,2923,8290
4449,2923,8290
4449,2923,8290
4449,2923,8290
4449,2923,8290
4449,2923,8290
4449,2923,8290
4625,2929,8146
4625,2929,8146
4625,2929,8146
4625,2929,8146
4625,2929,8146
4625,2929,8146
4625,2929,8146
4625,2929,8146
4625,2929,8146
4625,2929,8146
4752,2959,7922
4752,2959,7922
4752,2959,7922
4752,2959,7922
4752,2959,7922
4752,2959,7922
4752,2959,7922
4752,2959,7922
4818,2982,7775
4818,2982,7775
4818,2982,7775
4818,2982,7775
4818,2982,7775
4818,2982,7775
4818,2982,7775
4818,2982,7775
4818,2982,7775
4906,3028,7633
4906,3028,7633
4906,3028,7633
4906,3028,7633
4906,3028,7633
4906,3028,7633
4906,3028,7633
4906,3028,7633
4906,3028,7633
4963,2989,7478
4963,2989,7478
4963,2989,7478
4963,2989,7478
4963,2989,7478
4963,2989,7478
4963,2989,7478
4963,2989,7478
4963,2989,7478
5043,3042,7352
5043,3042,7352
5043,3042,7352
5043,3042,7352
5043,3042,7352
5043,3042,7352
5043,3042,7352
5043,3042,7352
5043,3042,7352
5094,3062,7217
5094,3062,7217
5094,3062,7217
5094,3062,7217
5094,3062,7217
5094,3062,7217
5094,3062,7217
5094,3062,7217
5094,3062,7217
5101,3081,7159
5101,3081,7159
5101,3081,7159
5101,3081,7159
5101,3081,7159
5101,3081,7159
5101,3081,7159
5101,3081,7159
5101,3081,7159
5120,3086,7029
5120,3086,7029
5120,3086,7029
5120,3086,7029
5120,3086,7029
5120,3086,7029
5120,3086,7029
5120,3086,7029
5120,3086,7029
5120,3086,7029
5199,3111,6775
5199,3111,6775
5199,3111,6775
5199,3111,6775
5199,3111,6775
5199,3111,6775
5199,3111,6775
5199,3111,6775
5199,3111,6775
5208,3132,6536
5208,3132,6536
5208,3132,6536
5208,3132,6536
5208,3132,6536
5208,3132,6536
5208,3132,6536
5208,3132,6536
5208,3132,6536
5224,3185,6382
5224,3185,6382
5224,3185,6382
5224,3185,6382
5224,3185,6382
5224,3185,6382
5224,3185,6382
5224,3185,6382
5224,3185,6382
5220,3145,6205
5220,3145,6205
5220,3145,6205
5220,3145,6205
5220,3145,6205
5220,3145,6205
5220,3145,6205
5220,3145,6205
5220,3145,6205
5179,3187,5905
5179,3187,5905
5179,3187,5905
5179,3187,5905
5177,3220,5712
5177,3220,5712
5177,3220,5712
5177,3220,5712
5177,3220,5712
5177,3220,5712
5177,3220,5712
5177,3220,5712
5177,3220,5712
5129,3192,5521
5129,3192,5521
5129,3192,5521
5129,3192,5521
5129,3192,5521
5129,3192,5521
5129,3192,5521
5129,3192,5521
5129,3192,5521
5115,3223,5423
5115,3223,5423
5115,3223,5423
5115,3223,5423
5115,3223,5423
5115,3223,5423
5115,3223,5423
5115,3223,5423
5115,3223,5423
5133,3226,5407
5133,3226,5407
5133,3226,5407
5133,3226,5407
5133,3226,5407
5133,3226,5407
5133,3226,5407
5133,3226,5407
5133,3226,5407
5130,3269,5350
5130,3269,5350
5130,3269,5350
5130,3269,5350
5130,3269,5350
5130,3269,5350
5130,3269,5350
5130,3269,5350
5130,3269,5350
5130,3271,5305
5090,3271,5305
5090,3271,5305
5090,3271,5305
5090,3271,5305
5090,3271,5305
5090,3271,5305
5090,3271,5305
5090,3271,5305
5090,3271,5305
5041,3304,5321
5041,3304,5321
5041,3304,5321
5041,3304,5321
5041,3304,5321
5041,3304,5321
5041,3304,5321
5041,3304,5321
5025,3252,5259
5025,3252,5259
5025,3252,5259
5025,3252,5259
5025,3252,5259
5025,3252,5259
5025,3252,5259
5025,3252,5259
5025,3252,5259
5045,3232,5277
5045,3232,5277
5045,3232,5277
5045,3232,5277
5045,3232,5277
5045,3232,5277
5045,3232,5277
5045,3232,5277
5045,3232,5277
5045,3232,5277
5122,3213,5336
5122,3213,5336
5122,3213,5336
5122,3213,5336
5122,3213,5336
5122,3213,5336
5122,3213,5336
5122,3213,5336
5122,3213,5336
5106,3205,5427
5106,3205,5427
5106,3205,5427
5106,3205,5427
5106,3205,5427
5106,3205,5427
5106,3205,5427
5106,3205,5427
5106,3205,5427
5122,3198,5453
5122,3198,5453
5122,3198,5453
5122,3198,5453
5122,3198,5453
5122,3198,5453
5122,3198,5453
5122,3198,5453
5122,3198,5453
5180,3222,5646
5180,3222,5646
5180,3222,5646
5180,3222,5646
5180,3222,5646
5180,3222,5646
5180,3222,5646
5180,3222,5646
5180,3222,5646
5180,3222,5646
5223,3206,5867
5223,3206,5867
5223,3206,5867
5223,3206,5867
5223,3206,5867
5223,3206,5867
5223,3206,5867
5223,3206,5867
5223,3206,5867
5209,3140,6083
5209,3140,6083
5209,3140,6083
5209,3140,6083
5209,3140,6083
5209,3140,6083
5209,3140,6083
5209,3140,6083
5209,3140,6083
5179,3121,6433
5179,3121,6433
5179,3121,6433
5179,3121,6433
5179,3121,6433
5179,3121,6433
5179,3121,6433
5179,3121,6433
5179,3121,6433
5157,3076,6804
5157,3076,6804
5157,3076,6804
5157,3076,6804
5157,3076,6804
5157,3076,6804
5157,3076,6804
5157,3076,6804
5157,3076,6804
5071,3069,7207
5071,3069,7207
5071,3069,7207
5071,3069,7207
5071,3069,7207
5071,3069,7207
5071,3069,7207
5071,3069,7207
4953,3026,7446
4953,3026,7446
4953,3026,7446
4953,3026,7446
4953,3026,7446
4953,3026,7446
4953,3026,7446
4953,3026,7446
4953,3026,7446
4827,2964,7669
4827,2964,7669
4827,2964,7669
4827,2964,7669
4827,2964,7669
4827,2964,7669
4827,2964,7669
4827,2964,7669
4827,2964,7669
4748,2976,7829
4748,2976,7829
4748,2976,7829
4748,2976,7829
4748,2976,7829
4748,2976,7829
4748,2976,7829
4748,2976,7829
4748,2976,7829
4748,2976,7829
4701,2953,7939
4701,2953,7939
4701,2953,7939
4701,2953,7939
4701,2953,7939
4701,2953,7939
4701,2953,7939
4701,2953,7939
4701,2953,7939
4647,2918,8049
4647,2918,8049
4647,2918,8049
4647,2918,8049
4647,2918,8049
4647,2918,8049
4647,2918,8049
4647,2918,8049
4647,2918,8049
4571,2927,8162
4571,2927,8162
4571,2927,8162
4571,2927,8162
4571,2927,8162
4571,2927,8162
4571,2927,8162
4571,2927,8162
4571,2927,8162
4512,2915,8225
4512,2915,8225
4512,2915,8225
4512,2915,8225
4512,2915,8225
4512,2915,8225
4512,2915,8225
4512,2915,8225
4512,2915,8225
4512,2915,8225
4457,2890,8332
4457,2890,8332
4457,2890,8332
4457,2890,8332
4457,2890,8332
4457,2890,8332
4457,2890,8332
4457,2890,8332
4457,2890,8332
4277,2895,8467
4277,2895,8467
4277,2895,8467
4277,2895,8467
4277,2895,8467
4277,2895,8467
4277,2895,8467
4277,2895,8467
4277,2895,8467
4175,2863,8620
4175,2863,8620
4175,2863,8620
4175,2863,8620
4175,2863,8620
4175,2863,8620
4175,2863,8620
4175,2863,8620
4012,2854,8781
4012,2854,8781
4012,2854,8781
4012,2854,8781
3879,2814,8937
3879,2814,8937
3879,2814,8937
3879,2814,8937
3879,2814,8937
3879,2814,8937
3879,2814,8937
3879,2814,8937
3879,2814,8937
3750,2829,8959
3750,2829,8959
3750,2829,8959
3750,2829,8959
3750,2829,8959
3750,2829,8959
3750,2829,8959
3750,2829,8959
3750,2829,8959
3569,2803,9079
3569,2803,9079
3569,2803,9079
3569,2803,9079
3569,2803,9079
3569,2803,9079
3569,2803,9079
3569,2803,9079
3569,2803,9079
3569,2803,9079
3360,2780,9215
3360,2780,9215
3360,2780,9215
3360,2780,9215
3360,2780,9215
3360,2780,9215
3360,2780,9215
3360,2780,9215
3360,2780,9215
3160,2731,9259
3160,2731,9259
3160,2731,9259
3160,2731,9259
3160,2731,9259
3160,2731,9259
3160,2731,9259
3160,2731,9259
3160,2731,9259
2960,2767,9332
2960,2767,9332
2960,2767,9332
2960,2767,9332
2960,2767,9332
2960,2767,9332
2960,2767,9332
2960,2767,9332
2960,2767,9332
2799,2770,9375
2799,2770,9375
2799,2770,9375
2799,2770,9375
2799,2770,9375
2799,2770,9375
2799,2770,9375
2799,2770,9375
2799,2770,9375
2569,2774,9496
2569,2774,9496
2569,2774,9496
2569,2774,9496
2569,2774,9496
2569,2774,9496
2569,2774,9496
2569,2774,9496
2569,2774,9496
2302,2757,9558
2302,2757,9558
2302,2757,9558
2302,2757,9558
2302,2757,9558
2302,2757,9558
2302,2757,9558
2302,2757,9558
2302,2757,9558
2302,2757,9558
2003,2777,9532
2003,2777,9532
2003,2777,9532
2003,2777,9532
2003,2777,9532
2003,2777,9532
2003,2777,9532
2003,2777,9532
1836,2779,9572
1836,2779,9572
1836,2779,9572
1836,2779,9572
1836,2779,9572
1836,2779,9572
1836,2779,9572
1836,2779,9572
1836,2779,9572
1758,2826,9607
1758,2826,9607
1758,2826,9607
1758,2826,9607
1758,2826,9607
1758,2826,9607
1758,2826,9607
1758,2826,9607
1758,2826,9607
1795,2781,9602
1795,2781,9602
1795,2781,9602
1795,2781,9602
1795,2781,9602
1795,2781,9602
1795,2781,9602
1795,2781,9602
1795,2781,9602
1795,2781,9602
1801,2848,9553
1801,2848,9553
1801,2848,9553
1801,2848,9553
1801,2848,9553
1801,2848,9553
1801,2848,9553
1801,2848,9553
1808,2883,9556
1808,2883,9556
1808,2883,9556
1808,2883,9556
1808,2883,9556
1808,2883,9556
1808,2883,9556
1808,2883,9556
1808,2883,9556
1808,2883,9556
1796,2935,9571
1796,2935,9571
1796,2935,9571
1796,2935,9571
1796,2935,9571
1796,2935,9571
1796,2935,9571
1796,2935,9571
1796,2935,9571
1831,2940,9608
1831,2940,9608
1831,2940,9608
1831,2940,9608
1831,2940,9608
1831,2940,9608
1831,2940,9608
1831,2940,9608
1831,2940,9608
1831,2940,9608
1809,2988,9578
1809,2988,9578
1809,2988,9578
1809,2988,9578
1809,2988,9578
1809,2988,9578
1809,2988,9578
1809,2988,9578
1809,2988,9611
1839,3030,9611
1839,3030,9611
1839,3030,9611
1839,3030,9611
1839,3030,9611
1839,3030,9611
1839,3030,9611
1839,3030,9611
1839,3030,9611
1827,3094,9575
1827,3094,9575
1827,3094,9575
1827,3094,9575
1827,3094,9575
1827,3094,9575
1827,3094,9575
1827,3094,9575
1832,3091,9608
1832,3091,9608
1832,3091,9608
1832,3091,9608
1832,3091,9608
1832,3091,9608
1832,3091,9608
1832,3091,9608
1832,3091,9608
1840,3168,9571
1840,3168,9571
1840,3168,9571
1840,3168,9571
1840,3168,9571
1840,3168,9571
1840,3168,9571
1840,3168,9571
1840,3168,9571
1893,3167,9569
1893,3167,9569
1893,3167,9569
1893,3167,9569
1893,3167,9569
1893,3167,9569
1893,3167,9569
1893,3167,9569
1893,3167,9569
1864,3099,9573
1864,3099,9573
1864,3099,9573
1864,3099,9573
1864,3099,9573
1864,3099,9573
1864,3099,9573
1864,3099,9573
1864,3099,9573
1864,3099,9573
2139,3199,9583
2139,3199,9583
2139,3199,9583
2139,3199,9583
2139,3199,9583
2139,3199,9583
2139,3199,9583
2139,3199,9583
2228,3218,9524
2228,3218,9524
2228,3218,9524
2228,3218,9524
2228,3218,9524
2228,3218,9524
2228,3218,9524
2228,3218,9524
2228,3218,9524
2228,3218,9524
2420,3199,9473
2420,3199,9473
2420,3199,9473
2420,3199,9473
2420,3199,9473
2420,3199,9473
2420,3199,9473
2420,3199,9473
2420,3199,9473
2648,3222,9421
2648,3222,9421
2648,3222,9421
2648,3222,9421
2648,3222,9421
2648,3222,9421
2648,3222,9421
2648,3222,9421
2837,3222,9382
2837,3222,9382
2837,3222,9382
2837,3222,9382
2837,3222,9382
2837,3222,9382
3128,3271,9287
3128,3271,9287
3128,3271,9287
3128,3271,9287
3128,3271,9287
3128,3271,9287
3128,3271,9287
3128,3271,9287
3258,3297,9276
3258,3297,9276
3258,3297,9276
3258,3297,9276
3258,3297,9276
3258,3297,9276
3258,3297,9276
3258,3297,9276
3258,3297,9276
3261,3261,9234
3261,3261,9234
3261,3261,9234
3261,3261,9234
3261,3261,9234
3261,3261,9234
3261,3261,9234
3261,3261,9234
3261,3261,9234
3290,3232,9239
3290,3232,9239
3290,3232,9239
3290,3232,9239
3290,3232,9239
3290,3232,9239
3290,3232,9239
3290,3232,9239
3290,3232,9239
3458,3214,9108
3458,3214,9108
3458,3214,9108
3458,3214,9108
3458,3214,9108
3458,3214,9108
3458,3214,9108
3458,3214,9108
3458,3214,9108
3538,3211,9041
3538,3211,9041
3538,3211,9041
3538,3211,9041
3538,3211,9041
3538,3211,9041
3538,3211,9041
3538,3211,9041
3538,3211,9041
3624,3188,9024
3624,3188,9024
3624,3188,9024
3624,3188,9024
3624,3188,9024
3624,3188,9024
3624,3188,9024
3624,3188,9024
3624,3188,9024
3624,3188,9024
3742,3260,8955
3742,3260,8955
3742,3260,8955
3742,3260,8955
3742,3260,8955
3742,3260,8955
3742,3260,8955
3742,3260,8955
3742,3260,8955
3812,3246,8855
3812,3246,8855
3812,3246,8855
3812,3246,8855
3812,3246,8855
3812,3246,8855
3812,3246,8855
3812,3246,8855
3812,3246,8855
3936,3282,8785
3936,3282,8785
3936,3282,8785
3936,3282,8785
3936,3282,8785
3936,3282,8785
3936,3282,8785
3936,3282,8785
3936,3282,8785
4036,3281,8698
4036,3281,8698
4036,3281,8698
4036,3281,8698
4036,3281,8698
4036,3281,8698
4036,3281,8698
4036,3281,8698
4036,3281,8698
4133,3309,8557
4133,3309,8557
4133,3309,8557
4133,3309,8557
4133,3309,8557
4133,3309,8557
4133,3309,8557
4133,3309,8557
4133,3309,8557
4311,3355,8436
4311,3355,8436
4311,3355,8436
4311,3355,8436
4311,3355,8436
4311,3355,8436
4311,3355,8436
4311,3355,8436
4311,3355,8436
4397,3356,8318
4397,3356,8318
4397,3356,8318
4397,3356,8318
4397,3356,8318
4397,3356,8318
4397,3356,8318
4397,3356,8318
4397,3356,8318
4476,3428,8239
4476,3428,8239
4476,3428,8239
4476,3428,8239
4476,3428,8239
4476,3428,8239
4476,3428,8239
4476,3428,8239
4476,3428,8239
4570,3391,8055
4570,3391,8055
4570,3391,8055
4570,3391,8055
4570,3391,8055
4570,3391,8055
4570,3391,8055
4570,3391,8055
4570,3391,8055
4676,3421,7894
4676,3421,7894
4676,3421,7894
4676,3421,7894
4676,3421,7894
4676,3421,7894
4676,3421,7894
4676,3421,7894
4676,3421,7894
4743,3411,7782
4743,3411,7782
4743,3411,7782
4743,3411,7782
4743,3411,7782
4743,3411,7782
4743,3411,7782
4743,3411,7782
4743,3411,7782
4813,3430,7625
4813,3430,7625
4813,3430,7625
4813,3430,7625
4813,3430,7625
4813,3430,7625
4813,3430,7625
4813,3430,7625
4813,3430,7625
4813,3430,7625
4897,3438,7422
4897,3438,7422
4897,3438,7422
4897,3438,7422
4897,3438,7422
4897,3438,7422
4897,3438,7422
4897,3438,7422
4897,3438,7422
4989,3459,7158
4989,3459,7158
4989,3459,7158
4989,3459,7158
4989,3459,7158
4989,3459,7158
4989,3459,7158
4989,3459,7158
5066,3519,6864
5066,3519,6864
5066,3519,6864
5066,3519,6864
5066,3519,6864
5066,3519,6864
5066,3519,6864
5066,3519,6864
5066,3519,6864
5066,3519,6864
5116,3572,6613
5116,3572,6613
5116,3572,6613
5116,3572,6613
5116,3572,6613
5116,3572,6613
5116,3572,6613
5116,3572,6613
5116,3572,6613
5126,3637,6387
5126,3637,6387
5126,3637,6387
5126,3637,6387
5126,3637,6387
5126,3637,6387
5126,3637,6387
5126,3637,6387
5126,3637,6387
5136,3626,6306
5136,3626,6306
5136,3626,6306
5136,3626,6306
5136,3626,6306
5136,3626,6306
5136,3626,6306
5136,3626,6306
5136,3626,6306
5093,3625,6004
5093,3625,6004
5093,3625,6004
5093,3625,6004
5093,3625,6004
5093,3625,6004
5093,3625,6004
5093,3625,6004
5093,3625,6004
5085,3647,5667
5085,3647,5667
5085,3647,5667
5085,3647,5667
5085,3647,5667
5085,3647,5667
5085,3647,5667
5085,3647,5667
5085,3647,5667
5053,3668,5517
5053,3668,5517
5053,3668,5517
5053,3668,5517
5053,3668,5517
5053,3668,5517
5009,3663,5399
5009,3663,5399
5009,3663,5399
5009,3663,5399
5009,3663,5399
5009,3663,5399
5009,3663,5399
5009,3663,5399
4985,3709,5378
4985,3709,5378
4985,3709,5378
4985,3709,5378
4985,3709,5378
4985,3709,5378
4985,3709,5378
4985,3709,5378
4985,3709,5378
4985,3709,5378
4999,3686,5392
4999,3686,5392
4999,3686,5392
4999,3686,5392
4999,3686,5392
4999,3686,5392
4999,3686,5392
4999,3686,5392
4999,3686,5392
5003,3669,5334
5003,3669,5334
5003,3669,5334
5003,3669,5334
5003,3669,5334
5003,3669,5334
5003,3669,5334
5003,3669,5334
5016,3687,5369
5016,3687,5369
5016,3687,5369
5016,3687,5369
5016,3687,5369
5016,3687,5369
5016,3687,5369
5016,3687,5369
5016,3687,5369
5040,3668,5474
5040,3668,5474
5040,3668,5474
5040,3668,5474
5040,3668,5474
5040,3668,5474
5040,3668,5474
5040,3668,5474
5040,3668,5474
5067,3647,5751
5067,3647,5751
5067,3647,5751
5067,3647,5751
5067,3647,5751
5067,3647,5751
5067,3647,5751
5067,3647,5751
5067,3647,5751
5067,3647,5967
5105,3679,5967
5105,3679,5967
5105,3679,5967
5105,3679,5967
5105,3679,5967
5105,3679,5967
5105,3679,5967
5105,3679,5967
5105,3679,5967
5136,3629,6191
5136,3629,6191
5136,3629,6191
5136,3629,6191
5136,3629,6191
5136,3629,6191
5136,3629,6191
5136,3629,6191
5136,3629,6191
5113,3578,6414
5113,3578,6414
5113,3578,6414
5113,3578,6414
5113,3578,6414
5113,3578,6414
5113,3578,6414
5113,3578,6414
5113,3578,6414
5124,3514,6806
5124,3514,6806
5124,3514,6806
5124,3514,6806
5124,3514,6806
5124,3514,6806
5124,3514,6806
5124,3514,6806
5124,3514,6806
5017,3525,7047
5017,3525,7047
5017,3525,7047
5017,3525,7047
5017,3525,7047
5017,3525,7047
5017,3525,7047
5017,3525,7047
5017,3525,7047
5017,3525,7047
4937,3507,7308
4937,3507,7308
4937,3507,7308
4937,3507,7308
4937,3507,7308
4937,3507,7308
4937,3507,7308
4937,3507,7308
4937,3507,7308
4821,3476,7603
4821,3476,7603
4821,3476,7603
4821,3476,7603
4821,3476,7603
4821,3476,7603
4821,3476,7603
4821,3476,7603
4821,3476,7603
4668,3448,7931
4668,3448,7931
4668,3448,7931
4668,3448,7931
4668,3448,7931
4668,3448,7931
4668,3448,7931
4668,3448,7931
4668,3448,7931
4543,3442,8101
4543,3442,8101
4543,3442,8101
4543,3442,8101
4543,3442,8101
4543,3442,8101
4543,3442,8101
4543,3442,8101
4543,3442,8101
4355,3443,8285
4355,3443,8285
4355,3443,8285
4355,3443,8285
4355,3443,8285
4355,3443,8285
4355,3443,8285
4355,3443,8285
4355,3443,8285
4185,3377,8498
4185,3377,8498
4185,3377,8498
4185,3377,8498
4185,3377,8498
4185,3377,8498
4185,3377,8498
4185,3377,8498
4185,3377,8498
4054,3389,8650
4054,3389,8650
4054,3389,8650
4054,3389,8650
4054,3389,8650
4054,3389,8650
4054,3389,8650
4054,3389,8650
4054,3389,8650
3774,3407,8851
3774,3407,8851
3774,3407,8851
3774,3407,8851
3774,3407,8851
3774,3407,8851
3774,3407,8851
3774,3407,8851
3774,3407,8851
3552,3403,9054
3552,3403,9054
3552,3403,9054
3552,3403,9054
3552,3403,9054
3552,3403,9054
3552,3403,9054
3552,3403,9054
3552,3403,9054
3299,3441,9138
3299,3441,9138
3299,3441,9138
3299,3441,9138
3299,3441,9138
3299,3441,9138
3299,3441,9138
3299,3441,9138
3299,3441,9138
3299,3441,9138
3108,3426,9259
3108,3426,9259
3108,3426,9259
3108,3426,9259
3108,3426,9259
3108,3426,9259
3108,3426,9259
3108,3426,9259
2912,3437,9302
2912,3437,9302
2912,3437,9302
2912,3437,9302
2912,3437,9302
2912,3437,9302
2912,3437,9302
2912,3437,9302
2912,3437,9302
2806,3424,9346
2806,3424,9346
2806,3424,9346
2806,3424,9346
2806,3424,9346
2806,3424,9346
2806,3424,9346
2806,3424,9346
2806,3424,9346
2806,3424,9346
2610,3413,9414
2610,3413,9414
2610,3413,9414
2610,3413,9414
2610,3413,9414
2610,3413,9414
2610,3413,9414
2610,3413,9414
2610,3413,9414
2544,3399,9396
2544,3399,9396
2544,3399,9396
2544,3399,9396
2544,3399,9396
2544,3399,9396
2544,3399,9396
2544,3399,9396
2544,3399,9396
2553,3444,9424
2553,3444,9424
2553,3444,9424
2553,3444,9424
2553,3444,9424
2553,3444,9424
2553,3444,9424
2553,3444,9424
2553,3444,9424
2497,3475,9446
2497,3475,9446
2497,3475,9446
2497,3475,9446
2497,3481,9441
2392,3481,9441
2392,3481,9441
2392,3481,9441
2392,3481,9441
2392,3481,9441
2392,3481,9441
2392,3481,9441
2392,3481,9441
2392,3481,9441
2357,3501,9446
2357,3501,9446
2357,3501,9446
2357,3501,9446
2357,3501,9446
2357,3501,9446
2357,3501,9446
2357,3501,9446
2357,3501,9446
2345,3560,9434
2345,3560,9434
2345,3560,9434
2345,3560,9434
2345,3560,9434
2345,3560,9434
2345,3560,9434
2345,3560,9434
2345,3560,9434
2353,3601,9421
2353,3601,9421
2353,3601,9421
2353,3601,9421
2353,3601,9421
2353,3601,9421
2353,3601,9421
2353,3601,9421
2353,3601,9421
2353,3601,9421
2432,3619,9424
2432,3619,9424
2432,3619,9424
2432,3619,9424
2432,3619,9424
2432,3619,9424
2432,3619,9424
2432,3619,9424
2600,3648,9351
2600,3648,9351
2600,3648,9351
2600,3648,9351
2600,3648,9351
2600,3648,9351
2600,3648,9351
2600,3648,9351
2600,3648,9351
2749,3615,9309
2749,3615,9309
2749,3615,9309
2749,3615,9309
2749,3615,9309
2749,3615,9309
2749,3615,9309
2749,3615,9309
2749,3615,9309
2867,3582,9302
2867,3582,9302
2867,3582,9302
2867,3582,9302
2867,3582,9302
2867,3582,9302
2867,3582,9302
2867,3582,9302
2867,3582,9302
3011,3651,9290
3011,3651,9290
3011,3651,9290
3011,3651,9290
3011,3651,9290
3011,3651,9290
3011,3651,9290
3011,3651,9290
3011,3651,9290
3011,3651,9290
3045,3629,9243
3045,3629,9243
3045,3629,9243
3045,3629,9243
3045,3629,9243
3045,3629,9243
3045,3629,9243
3045,3629,9243
3045,3629,9243
3143,3631,9133
3143,3631,9133
3143,3631,9133
3143,3631,9133
3143,3631,9133
3143,3631,9133
3143,3631,9133
3143,3631,9133
3143,3631,9133
3267,3650,9123
3267,3650,9123
3267,3650,9123
3267,3650,9123
3267,3650,9123
3267,3650,9123
3267,3650,9123
3267,3650,9123
3267,3650,9123
3461,3665,9050
3461,3665,9050
3461,3665,9050
3461,3665,9050
3461,3665,9050
3461,3665,9050
3461,3665,9050
3461,3665,9050
3461,3665,9050
3580,3682,8947
3580,3682,8947
3580,3682,8947
3580,3682,8947
3580,3682,8947
3580,3682,8947
3580,3682,8947
3580,3682,8947
3580,3682,8947
3580,3682,8947
3718,3667,8874
3718,3667,8874
3718,3667,8874
3718,3667,8874
3718,3667,8874
3718,3667,8874
3718,3667,8874
3718,3667,8874
3860,3678,8753
3860,3678,8753
3860,3678,8753
3860,3678,8753
3860,3678,8753
3860,3678,8753
3860,3678,8753
3860,3678,8753
3860,3678,8753
3860,3678,8753
3988,3687,8649
3988,3687,8649
3988,3687,8649
3988,3687,8649
3988,3687,8649
3988,3687,8649
3988,3687,8649
3988,3687,8649
3988,3687,8649
4059,3648,8618
4059,3648,8618
4059,3648,8618
4059,3648,8618
4059,3648,8618
4059,3648,8618
4059,3648,8618
4059,3648,8618
4059,3648,8618
4145,3670,8475
4145,3670,8475
4145,3670,8475
4145,3670,8475
4145,3670,8475
4145,3670,8475
4145,3670,8475
4145,3670,8475
4145,3670,8475
4249,3661,8424
4249,3661,8424
4249,3661,8424
4249,3661,8424
4249,3661,8424
4249,3661,8424
4249,3661,8424
4249,3661,8424
4249,3661,8424
4351,3699,8271
4351,3699,8271
4351,3699,8271
4351,3699,8271
4351,3699,8271
4351,3699,8271
4351,3699,8271
4351,3699,8271
4351,3699,8271
4428,3696,8173
4428,3696,8173
4428,3696,8173
4428,3696,8173
4428,3696,8173
4428,3696,8173
4428,3696,8173
4428,3696,8173
4428,3696,8173
4543,3786,8051
4543,3786,8051
4543,3786,8051
4543,3786,8051
4543,3786,8051
4543,3786,8051
4543,3786,8051
4543,3786,8051
4543,3786,8051
4543,3786,8051
4616,3767,7896
4616,3767,7896
4616,3767,7896
4616,3767,7896
4616,3767,7896
4616,3767,7896
4616,3767,7896
4616,3767,7896
4616,3767,7896
4644,3807,7772
4644,3807,7772
4644,3807,7772
4644,3807,7772
4644,3807,7772
4644,3807,7772
4644,3807,7772
4644,3807,7772
4799,3770,7640
4799,3770,7640
4799,3770,7640
4799,3770,7640
4799,3770,7640
4799,3770,7640
4799,3770,7640
4799,3770,7640
4799,3770,7640
4828,3785,7509
4828,3785,7509
4828,3785,7509
4828,3785,7509
4828,3785,7509
4828,3785,7509
4828,3785,7509
4828,3785,7509
4828,3785,7509
4880,3807,7289
4880,3807,7289
4880,3807,7289
4880,3807,7289
4880,3807,7289
4880,3807,7289
4880,3807,7289
4880,3807,7289
4911,3805,7147
4911,3805,7147
4911,3805,7147
4911,3805,7147
4911,3805,7147
4911,3805,7147
4977,3855,7086
4977,3855,7086
4977,3855,7086
4977,3855,7086
4977,3855,7086
4977,3855,7086
4977,3855,7086
4977,3855,7086
4977,3855,7086
5006,3858,7010
5006,3858,7010
5006,3858,7010
5006,3858,7010
5006,3858,7010
5006,3858,7010
5006,3858,7010
5006,3858,7010
5006,3858,7010
4980,3844,6864
4980,3844,6864
4980,3844,6864
4980,3844,6864
4980,3844,6864
4980,3844,6864
4980,3844,6864
4980,3844,6864
4980,3844,6864
5012,3866,6719
5012,3866,6719
5012,3866,6719
5012,3866,6719
5012,3866,6719
5012,3866,6719
5012,3866,6719
5012,3866,6719
5012,3866,6719
5012,3866,6719
5010,3883,6624
5010,3883,6624
5010,3883,6624
5010,3883,6624
5010,3883,6624
5010,3883,6624
5010,3883,6624
5010,3883,6624
5010,3883,6624
5035,3925,6404
5035,3925,6404
5035,3925,6404
5035,3925,6404
5035,3925,6404
5035,3925,6404
5035,3925,6404
5035,3925,6404
5035,3925,6404
5060,3954,6306
5060,3954,6306
5060,3954,6306
5060,3954,6306
5060,3954,6306
5060,3954,6306
5060,3954,6306
5060,3954,6306
5079,3927,6210
5079,3927,6210
5079,3927,6210
5079,3927,6210
5079,3927,6210
5079,3927,6210
5079,3927,6210
5079,3927,6210
5079,3927,6210
5079,3927,6210
5057,3957,6200
5057,3957,6200
5057,3957,6200
5057,3957,6200
5057,3957,6200
5057,3957,6200
5057,3957,6200
5057,3957,6200
5057,3957,6200
5064,3956,6111
5064,3956,6111
5064,3956,6111
5064,3956,6111
5064,3956,6111
5064,3956,6111
5064,3956,6111
5064,3956,6111
5064,3956,6111
5038,3940,6140
5038,3940,6140
5038,3940,6140
5038,3940,6140
5038,3940,6140
5038,3940,6140
5038,3940,6140
5038,3940,6140
5038,3940,6140
5033,3948,6141
5033,3948,6141
5033,3948,6141
5033,3948,6141
5033,3948,6141
5033,3948,6141
5033,3948,6141
5033,3948,6141
5033,3948,6141
5033,3948,6078
5022,3978,6078
5022,3978,6078
5022,3978,6078
5022,3978,6078
5022,3978,6078
5022,3978,6078
5022,3978,6078
5022,3978,6078
5022,3978,6078
5018,3948,6089
5018,3948,6089
5018,3948,6089
5018,3948,6089
5018,3948,6089
5018,3948,6089
5018,3948,6089
5018,3948,6089
5018,3948,6089
5026,3942,6245
5026,3942,6245
5026,3942,6245
5026,3942,6245
5026,3942,6245
5026,3942,6245
5026,3942,6245
5026,3942,6245
5026,3942,6245
5018,3935,6461
5018,3935,6461
5018,3935,6461
5018,3935,6461
5018,3935,6461
5018,3935,6461
5018,3935,6461
5018,3935,6461
5018,3935,6461
5014,3906,6708
5014,3906,6708
5014,3906,6708
5014,3906,6708
5014,3906,6708
5014,3906,6708
5014,3906,6708
5014,3906,6708
4961,3917,6997
4961,3917,6997
4961,3917,6997
4961,3917,6997
4961,3917,6997
4961,3917,6997
4961,3917,6997
4961,3917,6997
4961,3917,6997
4961,3917,6997
4856,3895,7280
4856,3895,7280
4856,3895,7280
4856,3895,7280
4856,3895,7280
4856,3895,7280
4856,3895,7280
4856,3895,7280
4775,3827,7542
4775,3827,7542
4775,3827,7542
4775,3827,7542
4775,3827,7542
4775,3827,7542
4775,3827,7542
4775,3827,7542
4775,3827,7542
4775,3827,7542
4653,3804,7792
4653,3804,7792
4653,3804,7792
4653,3804,7792
4653,3804,7792
4653,3804,7792
4653,3804,7792
4653,3804,7792
4653,3804,7792
4563,3768,7942
4563,3768,7942
4563,3768,7942
4563,3768,7942
4563,3768,7942
4563,3768,7942
4563,3768,7942
4563,3768,7942
4563,3768,7942
4407,3753,8192
4407,3753,8192
4407,3753,8192
4407,3753,8192
4407,3753,8192
4407,3753,8192
4407,3753,8192
4407,3753,8192
4407,3753,8192
4264,3760,8380
4264,3760,8380
4264,3760,8380
4264,3760,8380
4264,3760,8380
4264,3760,8380
4264,3760,8380
4264,3760,8380
4264,3760,8380
4121,3723,8553
4121,3723,8553
4121,3723,8553
4121,3723,8553
4121,3723,8553
4121,3723,8553
4121,3723,8553
4121,3723,8553
4121,3723,8553
4121,3723,8553
3945,3736,8709
3945,3736,8709
3945,3736,8709
3945,3736,8709
3945,3736,8709
3945,3736,8709
3945,3736,8709
3945,3736,8709
3945,3736,8709
3792,3718,8865
3792,3718,8865
3792,3718,8865
3792,3718,8865
3792,3718,8865
3792,3718,8865
3792,3718,8865
3792,3718,8865
3627,3726,8907
3627,3726,8907
3627,3726,8907
3627,3726,8907
3627,3726,8907
3470,3760,9014
3470,3760,9014
3470,3760,9014
3470,3760,9014
3470,3760,9014
3470,3760,9014
3470,3760,9014
3470,3760,9014
3470,3760,9014
3320,3795,9081
3320,3795,9081
3320,3795,9081
3320,3795,9081
3320,3795,9081
3320,3795,9081
3320,3795,9081
3320,3795,9081
3320,3795,9081
3108,3833,9162
3108,3833,9162
3108,3833,9162
3108,3833,9162
3108,3833,9162
3108,3833,9162
3108,3833,9162
3108,3833,9162
3108,3833,9162
2940,3824,9245
2940,3824,9245
2940,3824,9245
2940,3824,9245
2940,3824,9245
2940,3824,9245
2940,3824,9245
2940,3824,9245
2940,3824,9245
2716,3778,9359
2716,3778,9359
2716,3778,9359
2716,3778,9359
2716,3778,9359
2716,3778,9359
2716,3778,9359
2716,3778,9359
2716,3778,9359
2613,3801,9338
2613,3801,9338
2613,3801,9338
2613,3801,9338
2613,3801,9338
2613,3801,9338
2613,3801,9338
2613,3801,9338
2613,3801,9338
2440,3836,9366
2440,3836,9366
2440,3836,9366
2440,3836,9366
2440,3836,9366
2440,3836,9366
2440,3836,9366
2440,3836,9366
2440,3836,9366
2259,3817,9381
2259,3817,9381
2259,3817,9381
2259,3817,9381
2259,3817,9381
2259,3817,9381
2259,3817,9381
2259,3817,9381
2259,3817,9381
2192,3790,9404
2192,3790,9404
2192,3790,9404
2192,3790,9404
2192,3790,9404
2192,3790,9404
2192,3790,9404
2192,3790,9404
2192,3790,9404
2113,3794,9458
2113,3794,9458
2113,3794,9458
2113,3794,9458
2113,3794,9458
2113,3794,9458
2113,3794,9458
2113,3794,9458
2113,3794,9458
2023,3798,9438
2023,3798,9438
2023,3798,9438
2023,3798,9438
2023,3798,9438
2023,3798,9438
2023,3798,9438
2023,3798,9438
2023,3798,9438
1900,3795,9445
1900,3795,9445
1900,3795,9445
1900,3795,9445
1900,3795,9445
1900,3795,9445
1900,3795,9445
1900,3795,9445
1900,3795,9445
1900,3795,9445
1813,3833,9458
1813,3833,9458
1813,3833,9458
1813,3833,9458
1813,3833,9458
1813,3833,9458
1813,3833,9458
1813,3833,9458
1813,3833,9458
1736,3781,9477
1736,3781,9477
1736,3781,9477
1736,3781,9477
1736,3781,9477
1736,3781,9477
1736,3781,9477
1736,3781,9477
1736,3781,9477
1587,3760,9413
1587,3760,9413
1587,3760,9413
1587,3760,9413
1587,3760,9413
1587,3760,9413
1587,3760,9413
1587,3760,9413
1587,3760,9413
1504,3734,9409
1504,3734,9409
1504,3734,9409
1504,3734,9409
1504,3734,9409
1504,3734,9409
1504,3734,9409
1504,3734,9409
1504,3734,9409
1504,3756,9449
1456,3756,9449
1456,3756,9449
1456,3756,9449
1456,3756,9449
1456,3756,9449
1456,3756,9449
1456,3756,9449
1456,3756,9449
1456,3756,9449
1320,3758,9443
1320,3758,9443
1320,3758,9443
1320,3758,9443
1320,3758,9443
1320,3758,9443
1320,3758,9443
1320,3758,9443
1320,3758,9443
1234,3749,9409
1234,3749,9409
1234,3749,9409
1234,3749,9409
1234,3749,9409
1234,3749,9409
1234,3749,9409
1234,3749,9409
1096,3702,9386
1096,3702,9386
1096,3702,9386
1096,3702,9386
1096,3702,9386
1096,3702,9386
1096,3702,9386
1096,3702,9386
1096,3702,9386
1240,3765,9463
1240,3765,9463
1240,3765,9463
1240,3765,9463
1240,3765,9463
1240,3765,9463
1240,3765,9463
1240,3765,9463
1240,3765,9463
1467,3745,9454
1467,3745,9454
1467,3745,9454
1467,3745,9454
1467,3745,9454
1467,3745,9454
1467,3745,9454
1467,3745,9454
1467,3745,9454
1552,3756,9413
1552,3756,9413
1552,3756,9413
1552,3756,9413
1552,3756,9413
1552,3756,9413
1552,3756,9413
1552,3756,9413
1552,3756,9413
1754,3742,9438
1754,3742,9438
1754,3742,9438
1754,3742,9438
1754,3742,9438
1754,3742,9438
1754,3742,9438
1754,3742,9438
1754,3742,9438
1754,3742,9438
1945,3727,9452
1945,3727,9452
1945,3727,9452
1945,3727,9452
1945,3727,9452
1945,3727,9452
1945,3727,9452
1945,3727,9452
1945,3727,9452
2081,3711,9405
2081,3711,9405
2081,3711,9405
2081,3711,9405
2081,3711,9405
2081,3711,9405
2081,3711,9405
2081,3711,9405
2081,3711,9405
2081,3711,9468
2297,3741,9468
2297,3741,9468
2297,3741,9468
2297,3741,9468
2297,3741,9468
2297,3741,9468
2297,3741,9468
2297,3741,9468
2297,3741,9468
2410,3767,9422
2410,3767,9422
2410,3767,9422
2410,3767,9422
2410,3767,9422
2410,3767,9422
2410,3767,9422
2410,3767,9422
2410,3767,9422
2508,3760,9381
2508,3760,9381
2508,3760,9381
2508,3760,9381
2722,3731,9315
2722,3731,9315
2722,3731,9315
2722,3731,9315
2722,3731,9315
2722,3731,9315
2722,3731,9315
2722,3731,9315
2916,3760,9296
2916,3760,9296
2916,3760,9296
2916,3760,9296
2916,3760,9296
2916,3760,9296
2916,3760,9296
2916,3760,9296
2916,3760,9296
3022,3748,9135
3022,3748,9135
3022,3748,9135
3022,3748,9135
3022,3748,9135
3022,3748,9135
3022,3748,9135
3022,3748,9135
3022,3748,9135
3121,3752,9118
3121,3752,9118
3121,3752,9118
3121,3752,9118
3121,3752,9118
3121,3752,9118
3121,3752,9118
3121,3752,9118
3121,3752,9118
3121,3752,9118
3292,3751,9067
3292,3751,9067
3292,3751,9067
3292,3751,9067
3292,3751,9067
3292,3751,9067
3292,3751,9067
3292,3751,9067
3292,3751,9067
3495,3762,8977
3495,3762,8977
3495,3762,8977
3495,3762,8977
3495,3762,8977
3495,3762,8977
3495,3762,8977
3495,3762,8977
3495,3762,8977
3495,3762,8977
3600,3789,8926
3600,3789,8926
3600,3789,8926
3600,3789,8926
3600,3789,8926
3600,3789,8926
3600,3789,8926
3600,3789,8926
3600,3789,8926
3749,3769,8765
3749,3769,8765
3749,3769,8765
3749,3769,8765
3749,3769,8765
3749,3769,8765
3749,3769,8765
3749,3769,8765
3749,3769,8765
3911,3792,8665
3911,3792,8665
3911,3792,8665
3911,3792,8665
3911,3792,8665
3911,3792,8665
3911,3792,8665
3911,3792,8665
3911,3792,8665
4079,3852,8484
4079,3852,8484
4079,3852,8484
4079,3852,8484
4079,3852,8484
4079,3852,8484
4079,3852,8484
4079,3852,8484
4079,3852,8484
4200,3897,8328
4200,3897,8328
4200,3897,8328
4200,3897,8328
4200,3897,8328
4200,3897,8328
4200,3897,8328
4200,3897,8328
4200,3897,8099
4359,3906,8099
4359,3906,8099
4359,3906,8099
4359,3906,8099
4359,3906,8099
4359,3906,8099
4359,3906,8099
4359,3906,8099
4359,3906,8099
4575,3903,7827
4575,3903,7827
4575,3903,7827
4575,3903,7827
4575,3903,7827
4575,3903,7827
4575,3903,7827
4575,3903,7827
4575,3903,7827
4665,3924,7690
4665,3924,7690
4665,3924,7690
4665,3924,7690
4665,3924,7690
4665,3924,7690
4665,3924,7690
4665,3924,7690
4665,3924,7690
4743,3965,7478
4743,3965,7478
4743,3965,7478
4743,3965,7478
4743,3965,7478
4743,3965,7478
4743,3965,7478
4743,3965,7478
4743,3965,7478
4825,3935,7404
4825,3935,7404
4825,3935,7404
4825,3935,7404
4825,3935,7404
4825,3935,7404
4825,3935,7404
4825,3935,7404
4825,3935,7404
4903,3963,7084
4903,3963,7084
4903,3963,7084
4903,3963,7084
4903,3963,7084
4903,3963,7084
4903,3963,7084
4903,3963,7084
4903,3963,7084
4903,3963,7084
4951,3962,6811
4951,3962,6811
4951,3962,6811
4951,3962,6811
4951,3962,6811
4951,3962,6811
4951,3962,6811
4951,3962,6811
4951,3962,6811
4973,3985,6569
4973,3985,6569
4973,3985,6569
4973,3985,6569
4973,3985,6569
4973,3985,6569
4973,3985,6569
4973,3985,6569
4973,3985,6569
5044,3975,6282
5044,3975,6282
5044,3975,6282
5044,3975,6282
5044,3975,6282
5044,3975,6282
5044,3975,6282
5044,3975,6282
5044,3975,6282
5044,3975,6282
5044,4018,6013
5044,4018,6013
5044,4018,6013
5044,4018,6013
5044,4018,6013
5044,4018,6013
5044,4018,6013
5044,4018,6013
4972,4046,5873
4972,4046,5873
4972,4046,5873
4972,4046,5873
4972,4046,5873
4972,4046,5873
4972,4046,5873
4972,4046,5873
4972,4046,5873
4960,4105,5721
4960,4105,5721
4960,4105,5721
4960,4105,5721
4960,4105,5721
4960,4105,5721
4960,4105,5721
4960,4105,5721
4960,4105,5721
4975,4064,5809
4975,4064,5809
4975,4064,5809
4975,4064,5809
4975,4064,5809
4975,4064,5809
4975,4064,5809
4975,4064,5809
4975,4064,5809
4976,4066,5895
4976,4066,5895
4976,4066,5895
4976,4066,5895
4976,4066,5895
4976,4066,5895
4976,4066,5895
4976,4066,5895
4976,4066,5895
5038,4087,6086
5038,4087,6086
5038,4087,6086
5038,4087,6086
5038,4087,6086
5038,4087,6086
5038,4087,6086
5038,4087,6086
5038,4087,6086
5038,4087,6086
5026,4072,6226
5026,4072,6226
5026,4072,6226
5026,4072,6226
5026,4072,6226
5026,4072,6226
5026,4072,6226
5026,4072,6226
5026,4072,6226
5025,4063,6555
5025,4063,6555
5025,4063,6555
5025,4063,6555
5025,4063,6555
5025,4063,6555
5025,4063,6555
4969,4034,6768
4969,4034,6768
4969,4034,6768
4969,4034,6768
4969,4034,6768
4969,4034,6768
4969,4034,6768
4912,4014,7063
4912,4014,7063
4912,4014,7063
4912,4014,7063
4912,4014,7063
4912,4014,7063
4912,4014,7063
4912,4014,7063
4912,4014,7063
4811,3989,7303
4811,3989,7303
4811,3989,7303
4811,3989,7303
4811,3989,7303
4811,3989,7303
4811,3989,7303
4811,3989,7303
4811,3989,7303
4675,4021,7650
4675,4021,7650
4675,4021,7650
4675,4021,7650
4675,4021,7650
4675,4021,7650
4675,4021,7650
4675,4021,7650
4675,4021,7650
4539,4018,7856
4539,4018,7856
4539,4018,7856
4539,4018,7856
4539,4018,7856
4539,4018,7856
4539,4018,7856
4539,4018,7856
4324,4011,8151
4324,4011,8151
4324,4011,8151
4324,4011,8151
4324,4011,8151
4324,4011,8151
4324,4011,8151
4324,4011,8151
4324,4011,8151
4078,3984,8478
4078,3984,8478
4078,3984,8478
4078,3984,8478
4078,3984,8478
4078,3984,8478
4078,3984,8478
4078,3984,8478
4078,3984,8478
4078,3984,8478
3725,3942,8735
3725,3942,8735
3725,3942,8735
3725,3942,8735
3725,3942,8735
3725,3942,8735
3725,3942,8735
3725,3942,8735
3725,3942,8735
3398,3906,8959
3398,3906,8959
3398,3906,8959
3398,3906,8959
3398,3906,8959
3398,3906,8959
3398,3906,8959
3398,3906,8959
3398,3906,8959
3112,3922,9150
3112,3922,9150
3112,3922,9150
3112,3922,9150
3112,3922,9150
3112,3922,9150
3112,3922,9150
3112,3922,9150
3112,3922,9150
2767,3902,9205
2767,3902,9205
2767,3902,9205
2767,3902,9205
2767,3902,9205
2767,3902,9205
2767,3902,9205
2767,3902,9205
2767,3902,9205
2341,3852,9351
2341,3852,9351
2341,3852,9351
2341,3852,9351
2341,3852,9351
2341,3852,9351
2341,3852,9351
2341,3852,9351
2341,3852,9351
2341,3852,9351
1928,3839,9424
1928,3839,9424
1928,3839,9424
1928,3839,9424
1928,3839,9424
1928,3839,9424
1928,3839,9424
1928,3839,9424
1928,3839,9424
1598,3801,9483
1598,3801,9483
1598,3801,9483
1598,3801,9483
1598,3801,9483
1598,3801,9483
1598,3801,9483
1598,3801,9483
1334,3746,9445
1334,3746,9445
1334,3746,9445
1334,3746,9445
1334,3746,9445
1334,3746,9445
1334,3746,9445
1334,3746,9445
1334,3746,9445
1023,3760,9337
1023,3760,9337
1023,3760,9337
1023,3760,9337
1023,3760,9337
1023,3760,9337
1023,3760,9337
1023,3760,9337
1023,3760,9337
1023,3760,9337
728,3767,9254
728,3767,9254
728,3767,9254
728,3767,9254
728,3767,9254
728,3767,9254
728,3767,9254
728,3767,9254
728,3767,9254
423,3842,9190
423,3842,9190
423,3842,9190
423,3842,9190
423,3842,9190
423,3842,9190
423,3842,9190
423,3842,9190
423,3842,9190
358,3859,9140
358,3859,9140
358,3859,9140
358,3859,9140
358,3859,9140
358,3859,9140
358,3859,9140
358,3859,9140
358,3859,9140
351,3863,9112
351,3863,9112
351,3863,9112
351,3863,9112
351,3863,9112
351,3863,9112
351,3863,9112
351,3863,9112
351,3863,9112
476,3840,9236
476,3840,9236
476,3840,9236
476,3840,9236
476,3840,9236
476,3840,9236
476,3840,9236
476,3840,9236
476,3840,9236
728,3822,9298
728,3822,9298
728,3822,9298
728,3822,9298
728,3822,9298
728,3822,9298
728,3822,9298
728,3822,9298
728,3822,9298
728,3822,9298
903,3777,9397
903,3777,9397
903,3777,9397
903,3777,9397
903,3777,9397
903,3777,9397
903,3777,9397
903,3777,9397
1137,3755,9411
1137,3755,9411
1137,3755,9411
1137,3755,9411
1137,3755,9411
1137,3755,9411
1137,3755,9411
1137,3755,9411
1137,3755,9411
1472,3772,9429
1472,3772,9429
1472,3772,9429
1472,3772,9429
1472,3772,9429
1472,3772,9429
1472,3772,9429
1472,3772,9429
1472,3772,9429
1472,3772,9429
1759,3721,9416
1759,3721,9416
1759,3721,9416
1759,3721,9416
1759,3721,9416
1759,3721,9416
1759,3721,9416
1759,3721,9416
1759,3721,9416
1939,3695,9464
1939,3695,9464
1939,3695,9464
1939,3695,9464
1939,3695,9464
1939,3695,9464
1939,3695,9464
1939,3695,9464
1939,3695,9464
2110,3653,9471
2110,3653,9471
2110,3653,9471
2110,3653,9471
2110,3653,9471
2110,3653,9471
2110,3653,9471
2110,3653,9471
2110,3653,9471
2143,3652,9445
2143,3652,9445
2143,3652,9445
2143,3652,9445
2143,3652,9445
2143,3652,9445
2143,3652,9445
2143,3652,9445
2268,3649,9344
2268,3649,9344
2268,3649,9344
2268,3649,9344
2268,3649,9344
2268,3649,9344
2476,3708,9386
2476,3708,9386
2476,3708,9386
2476,3708,9386
2476,3708,9386
2476,3708,9386
2476,3708,9386
2476,3708,9386
2476,3708,9386
2570,3725,9391
2570,3725,9391
2570,3725,9391
2570,3725,9391
2570,3725,9391
2570,3725,9391
2570,3725,9391
2570,3725,9391
2570,3725,9391
2656,3707,9318
2656,3707,9318
2656,3707,9318
2656,3707,9318
2656,3707,9318
2656,3707,9318
2656,3707,9318
2656,3707,9318
2656,3707,9318
2835,3740,9280
2835,3740,9280
2835,3740,9280
2835,3740,9280
2835,3740,9280
2835,3740,9280
2835,3740,9280
2835,3740,9280
3104,3790,9193
3104,3790,9193
3104,3790,9193
3104,3790,9193
3104,3790,9193
3104,3790,9193
3104,3790,9193
3104,3790,9193
3104,3790,9193
3288,3788,9078
3288,3788,9078
3288,3788,9078
3288,3788,9078
3288,3788,9078
3288,3788,9078
3288,3788,9078
3288,3788,9078
3288,3788,9078
3410,3798,9003
3410,3798,9003
3410,3798,9003
3410,3798,9003
3410,3798,9003
3410,3798,9003
3410,3798,9003
3410,3798,9003
3410,3798,9003
3410,3798,9003
3475,3801,9013
3475,3801,9013
3475,3801,9013
3475,3801,9013
3475,3801,9013
3475,3801,9013
3475,3801,9013
3475,3801,9013
3475,3801,9013
3475,3801,9013
3657,3804,8849
3657,3804,8849
3657,3804,8849
3657,3804,8849
3657,3804,8849
3657,3804,8849
3657,3804,8849
3657,3804,8849
3657,3804,8849
3769,3825,8786
3769,3825,8786
3769,3825,8786
3769,3825,8786
3769,3825,8786
3769,3825,8786
3769,3825,8786
3769,3825,8786
3769,3825,8786
3891,3838,8596
3891,3838,8596
3891,3838,8596
3891,3838,8596
3891,3838,8596
3891,3838,8596
3891,3838,8596
3891,3838,8596
3891,3838,8596
4049,3870,8475
4049,3870,8475
4049,3870,8475
4049,3870,8475
4049,3870,8475
4049,3870,8475
4049,3870,8475
4049,3870,8475
4049,3870,8475
4209,3924,8334
4209,3924,8334
4209,3924,8334
4209,3924,8334
4209,3924,8334
4209,3924,8334
4209,3924,8334
4209,3924,8334
4209,3924,8334
4209,3990,8018
4402,3990,8018
4402,3990,8018
4402,3990,8018
4402,3990,8018
4402,3990,8018
4402,3990,8018
4402,3990,8018
4402,3990,8018
4528,3993,7811
4528,3993,7811
4528,3993,7811
4528,3993,7811
4528,3993,7811
4528,3993,7811
4528,3993,7811
4528,3993,7811
4528,3993,7811
4663,4015,7621
4663,4015,7621
4663,4015,7621
4663,4015,7621
4663,4015,7621
4663,4015,7621
4663,4015,7621
4663,4015,7621
4663,4015,7621
4764,3983,7362
4764,3983,7362
4764,3983,7362
4764,3983,7362
4764,3983,7362
4764,3983,7362
4764,3983,7362
4764,3983,7362
4764,3983,7362
4877,4010,7129
4877,4010,7129
4877,4010,7129
4877,4010,7129
4877,4010,7129
4877,4010,7129
4877,4010,7129
4877,4010,7129
4877,4010,7129
4930,4020,6773
4930,4020,6773
4930,4020,6773
4930,4020,6773
4930,4020,6773
4930,4020,6773
4930,4020,6773
4930,4020,6773
4930,4020,6773
4930,4020,6773
4987,3985,6692
4987,3985,6692
4987,3985,6692
4987,3985,6692
4987,3985,6692
4987,3985,6692
4987,3985,6692
4987,3985,6692
4987,3985,6692
4958,3994,6616
4958,3994,6616
4958,3994,6616
4958,3994,6616
4958,3994,6616
4958,3994,6616
4958,3994,6616
4958,3994,6616
4958,3994,6616
4968,4000,6680
4968,4000,6680
4968,4000,6680
4968,4000,6680
4968,4000,6680
4968,4000,6680
4968,4000,6680
4968,4000,6680
4968,4000,6680
4968,4000,6680
4987,4000,6765
4987,4000,6765
4987,4000,6765
4987,4000,6765
4987,4000,6765
4987,4000,6765
4987,4000,6765
4987,4000,6765
4987,4000,6765
4909,4033,6966
4909,4033,6966
4909,4033,6966
4909,4033,6966
4909,4033,6966
4909,4033,6966
4909,4033,6966
4909,4033,6966
4859,4019,7207
4859,4019,7207
4859,4019,7207
4859,4019,7207
4859,4019,7207
4859,4019,7207
4859,4019,7207
4859,4019,7207
4859,4019,7207
4773,3979,7440
4773,3979,7440
4773,3979,7440
4773,3979,7440
4773,3979,7440
4773,3979,7440
4773,3979,7440
4773,3979,7440
4773,3979,7440
4677,3938,7614
4677,3938,7614
4677,3938,7614
4677,3938,7614
4677,3938,7614
4677,3938,7614
4677,3938,7614
4677,3938,7614
4677,3938,7614
4540,3909,7866
4540,3909,7866
4540,3909,7866
4540,3909,7866
4540,3909,7866
4322,3884,8129
4322,3884,8129
4322,3884,8129
4322,3884,8129
4322,3884,8129
4322,3884,8129
4322,3884,8129
4322,3884,8129
4322,3884,8129
4216,3878,8350
4216,3878,8350
4216,3878,8350
4216,3878,8350
4216,3878,8350
4216,3878,8350
4216,3878,8350
4216,3878,8350
4216,3878,8350
4216,3878,8350
4091,3856,8473
4091,3856,8473
4091,3856,8473
4091,3856,8473
4091,3856,8473
4091,3856,8473
4091,3856,8473
4091,3856,8473
4091,3856,8473
3906,3839,8653
3906,3839,8653
3906,3839,8653
3906,3839,8653
3906,3839,8653
3906,3839,8653
3906,3839,8653
3906,3839,8653
3906,3839,8653
3708,3811,8773
3708,3811,8773
3708,3811,8773
3708,3811,8773
3708,3811,8773
3708,3811,8773
3708,3811,8773
3708,3811,8773
3708,3811,8773
3498,3778,8942
3498,3778,8942
3498,3778,8942
3498,3778,8942
3498,3778,8942
3498,3778,8942
3498,3778,8942
3498,3778,8942
3498,3777,9053
3320,3777,9053
3320,3777,9053
3320,3777,9053
3320,3777,9053
3320,3777,9053
3320,3777,9053
3320,3777,9053
3320,3777,9053
3320,3777,9053
3045,3740,9152
3045,3740,9152
3045,3740,9152
3045,3740,9152
3045,3740,9152
3045,3740,9152
3045,3740,9152
3045,3740,9152
3045,3740,9152
2896,3715,9177
2896,3715,9177
2896,3715,9177
2896,3715,9177
2896,3715,9177
2896,3715,9177
2896,3715,9177
2896,3715,9177
2896,3715,9177
2667,3677,9329
2667,3677,9329
2667,3677,9329
2667,3677,9329
2667,3677,9329
2667,3677,9329
2667,3677,9329
2667,3677,9329
2667,3677,9329
2382,3661,9357
2382,3661,9357
2382,3661,9357
2382,3661,9357
2382,3661,9357
2382,3661,9357
2382,3661,9357
2382,3661,9357
2382,3661,9357
2141,3689,9419
2141,3689,9419
2141,3689,9419
2141,3689,9419
2141,3689,9419
2141,3689,9419
2141,3689,9419
2141,3689,9419
2141,3689,9419
1858,3693,9457
1858,3693,9457
1858,3693,9457
1858,3693,9457
1858,3693,9457
1858,3693,9457
1858,3693,9457
1858,3693,9457
1858,3693,9457
1858,3693,9457
1603,3649,9491
1603,3649,9491
1603,3649,9491
1603,3649,9491
1603,3649,9491
1603,3649,9491
1603,3649,9491
1603,3649,9491
1603,3649,9491
1318,3657,9415
1318,3657,9415
1318,3657,9415
1318,3657,9415
1318,3657,9415
1318,3657,9415
1318,3657,9415
1318,3657,9415
1318,3657,9415
1318,3657,9415
1095,3710,9431
1095,3710,9431
1095,3710,9431
1095,3710,9431
1095,3710,9431
1095,3710,9431
1095,3710,9431
1095,3710,9431
827,3711,9328
827,3711,9328
827,3711,9328
827,3711,9328
827,3711,9328
827,3711,9328
827,3711,9328
827,3711,9328
827,3711,9328
742,3708,9347
742,3708,9347
742,3708,9347
742,3708,9347
742,3708,9347
742,3708,9347
742,3708,9347
742,3708,9347
742,3708,9347
590,3689,9268
590,3689,9268
590,3689,9268
590,3689,9268
590,3689,9268
590,3689,9268
590,3689,9268
590,3689,9268
590,3689,9268
185,3661,9128
185,3661,9128
185,3661,9128
185,3661,9128
185,3661,9128
185,3661,9128
185,3661,9128
185,3661,9128
185,3661,9128
-25,3678,9041
-25,3678,9041
-25,3678,9041
-25,3678,9041
-25,3678,9041
-25,3678,9041
-25,3678,9041
-25,3678,9041
-25,3678,9041
-25,3678,9041
11,3718,9035
11,3718,9035
11,3718,9035
11,3718,9035
11,3718,9035
11,3718,9035
11,3718,9035
11,3718,9035
11,3718,9035
137,3718,9142
137,3718,9142
137,3718,9142
137,3718,9142
137,3718,9142
137,3718,9142
137,3718,9142
137,3718,9142
137,3718,9142
291,3676,9207
291,3676,9207
291,3676,9207
291,3676,9207
291,3676,9207
291,3676,9207
291,3676,9207
291,3676,9207
291,3676,9207
524,3666,9290
524,3666,9290
524,3666,9290
524,3666,9290
524,3666,9290
524,3666,9290
524,3666,9290
524,3666,9290
524,3666,9290
858,3675,9382
858,3675,9382
858,3675,9382
858,3675,9382
858,3675,9382
858,3675,9382
858,3675,9382
858,3675,9382
858,3675,9382
858,3675,9382
971,3623,9376
971,3623,9376
971,3623,9376
971,3623,9376
971,3623,9376
971,3623,9376
971,3623,9376
971,3623,9376
1168,3615,9430
1168,3615,9430
1168,3615,9430
1168,3615,9430
1168,3615,9430
1168,3615,9430
1168,3615,9430
1168,3615,9430
1168,3615,9430
1329,3624,9450
1329,3624,9450
1329,3624,9450
1329,3624,9450
1329,3624,9450
1329,3624,9450
1329,3624,9450
1329,3624,9450
1631,3603,9511
1631,3603,9511
1631,3603,9511
1631,3603,9511
1631,3603,9511
1811,3617,9472
1811,3617,9472
1811,3617,9472
1811,3617,9472
1811,3617,9472
1811,3617,9472
1811,3617,9472
1811,3617,9472
1811,3617,9472
1901,3578,9472
1901,3578,9472
1901,3578,9472
1901,3578,9472
1901,3578,9472
1901,3578,9472
1901,3578,9472
1901,3578,9472
1901,3578,9472
2037,3575,9459
2037,3575,9459
2037,3575,9459
2037,3575,9459
2037,3575,9459
2037,3575,9459
2037,3575,9459
2037,3575,9459
2037,3575,9459
2037,3575,9459
2207,3624,9445
2207,3624,9445
2207,3624,9445
2207,3624,9445
2207,3624,9445
2207,3624,9445
2207,3624,9445
2207,3624,9445
2207,3624,9445
2368,3651,9401
2368,3651,9401
2368,3651,9401
2368,3651,9401
2368,3651,9401
2368,3651,9401
2368,3651,9401
2368,3651,9401
2368,3651,9401
2525,3602,9385
2525,3602,9385
2525,3602,9385
2525,3602,9385
2525,3602,9385
2525,3602,9385
2525,3602,9385
2525,3602,9385
2525,3602,9385
2697,3576,9332
2697,3576,9332
2697,3576,9332
2697,3576,9332
2697,3576,9332
2697,3576,9332
2697,3576,9332
2697,3576,9332
2697,3576,9332
2903,3578,9282
2903,3578,9282
2903,3578,9282
2903,3578,9282
2903,3578,9282
2903,3578,9282
2903,3578,9282
2903,3578,9282
2903,3578,9282
3103,3572,9236
3103,3572,9236
3103,3572,9236
3103,3572,9236
3103,3572,9236
3103,3572,9236
3103,3572,9236
3103,3572,9236
3103,3572,9236
3376,3596,9043
3376,3596,9043
3376,3596,9043
3376,3596,9043
3376,3596,9043
3376,3596,9043
3376,3596,9043
3376,3596,9043
3376,3596,9043
3656,3573,8885
3656,3573,8885
3656,3573,8885
3656,3573,8885
3656,3573,8885
3656,3573,8885
3656,3573,8885
3656,3573,8885
3656,3573,8885
3656,3573,8885
3881,3600,8709
3881,3600,8709
3881,3600,8709
3881,3600,8709
3881,3600,8709
3881,3600,8709
3881,3600,8709
3881,3600,8709
3881,3600,8709
4011,3660,8618
4011,3660,8618
4011,3660,8618
4011,3660,8618
4011,3660,8618
4011,3660,8618
4011,3660,8618
4011,3660,8618
4011,3660,8618
4214,3718,8360
4214,3718,8360
4214,3718,8360
4214,3718,8360
4214,3718,8360
4214,3718,8360
4214,3718,8360
4214,3718,8360
4214,3718,8360
4364,3709,8269
4364,3709,8269
4364,3709,8269
4364,3709,8269
4364,3709,8269
4364,3709,8269
4364,3709,8269
4364,3709,8269
4364,3709,8269
4483,3731,8130
4483,3731,8130
4483,3731,8130
4483,3731,8130
4483,3731,8130
4483,3731,8130
4483,3731,8130
4483,3731,8130
4483,3731,8130
4560,3703,7987
4560,3703,7987
4560,3703,7987
4560,3703,7987
4560,3703,7987
4560,3703,7987
4560,3703,7987
4560,3703,7987
4560,3703,7987
4682,3720,7753
4682,3720,7753
4682,3720,7753
4682,3720,7753
4682,3720,7753
4682,3720,7753
4682,3720,7753
4682,3720,7753
4773,3713,7623
4773,3713,7623
4773,3713,7623
4773,3713,7623
4773,3713,7623
4773,3713,7623
4773,3713,7623
4773,3713,7623
4773,3713,7623
4773,3713,7623
4873,3755,7390
4873,3755,7390
4873,3755,7390
4873,3755,7390
4873,3755,7390
4873,3755,7390
4873,3755,7390
4873,3755,7390
4873,3755,7390
4873,3755,7390
4992,3792,6977
4992,3792,6977
4992,3792,6977
4992,3792,6977
4992,3792,6977
4992,3792,6977
4992,3792,6977
4992,3792,6977
4992,3792,6977
5025,3863,6699
5025,3863,6699
5025,3863,6699
5025,3863,6699
5025,3863,6699
5025,3863,6699
5025,3863,6699
5025,3863,6699
5025,3863,6699
5033,3862,6587
5033,3862,6587
5033,3862,6587
5033,3862,6587
5033,3862,6587
5033,3862,6587
5033,3862,6587
5033,3862,6587
5033,3862,6587
5055,3835,6454
5055,3835,6454
5055,3835,6454
5055,3835,6454
5055,3835,6454
5055,3835,6454
5055,3835,6454
5055,3835,6454
5055,3835,6454
5092,3811,6461
5092,3811,6461
5092,3811,6461
5092,3811,6461
5092,3811,6461
5092,3811,6461
5092,3811,6461
5092,3811,6461
5092,3811,6461
5039,3831,6575
5039,3831,6575
5039,3831,6575
5039,3831,6575
5039,3831,6575
5039,3831,6575
5039,3831,6575
5039,3831,6575
5039,3831,6575
5039,3834,6754
5030,3834,6754
5030,3834,6754
5030,3834,6754
5030,3834,6754
5030,3834,6754
5030,3834,6754
5030,3834,6754
5030,3834,6754
5039,3835,6893
5039,3835,6893
5039,3835,6893
5039,3835,6893
5039,3835,6893
4880,3832,7296
4880,3832,7296
4880,3832,7296
4880,3832,7296
4880,3832,7296
4880,3832,7296
4880,3832,7296
4880,3832,7296
4670,3754,7732
4670,3754,7732
4670,3754,7732
4670,3754,7732
4670,3754,7732
4670,3754,7732
4670,3754,7732
4670,3754,7732
4670,3754,7732
4480,3752,8063
4480,3752,8063
4480,3752,8063
4480,3752,8063
4480,3752,8063
4480,3752,8063
4480,3752,8063
4480,3752,8063
4480,3752,8063
4214,3713,8401
4214,3713,8401
4214,3713,8401
4214,3713,8401
4214,3713,8401
4214,3713,8401
4214,3713,8401
4214,3713,8401
4214,3713,8401
4214,3713,8401
3855,3715,8769
3855,3715,8769
3855,3715,8769
3855,3715,8769
3855,3715,8769
3855,3715,8769
3855,3715,8769
3855,3715,8769
3855,3715,8769
3493,3710,9013
3493,3710,9013
3493,3710,9013
3493,3710,9013
3493,3710,9013
3493,3710,9013
3493,3710,9013
3493,3710,9013
3493,3710,9013
3173,3633,9187
3173,3633,9187
3173,3633,9187
3173,3633,9187
3173,3633,9187
3173,3633,9187
3173,3633,9187
3173,3633,9187
3173,3633,9187
2836,3596,9315
2836,3596,9315
2836,3596,9315
2836,3596,9315
2836,3596,9315
2836,3596,9315
2836,3596,9315
2836,3596,9315
2836,3596,9315
2554,3547,9387
2554,3547,9387
2554,3547,9387
2554,3547,9387
2554,3547,9387
2554,3547,9387
2554,3547,9387
2554,3547,9387
2223,3520,9489
2223,3520,9489
2223,3520,9489
2223,3520,9489
2223,3520,9489
2223,3520,9489
2223,3520,9489
2223,3520,9489
2223,3520,9489
2223,3520,9489
1944,3577,9466
1944,3577,9466
1944,3577,9466
1944,3577,9466
1944,3577,9466
1944,3577,9466
1944,3577,9466
1944,3577,9466
1944,3577,9466
1944,3577,9466
1567,3561,9492
1567,3561,9492
1567,3561,9492
1567,3561,9492
1567,3561,9492
1567,3561,9492
1567,3561,9492
1567,3561,9492
1567,3561,9492
1278,3537,9428
1278,3537,9428
1278,3537,9428
1278,3537,9428
1278,3537,9428
1278,3537,9428
1278,3537,9428
1278,3537,9428
1278,3537,9428
1039,3472,9476
1039,3472,9476
1039,3472,9476
1039,3472,9476
1039,3472,9476
1039,3472,9476
1039,3472,9476
1039,3472,9476
1039,3472,9476
843,3475,9443
843,3475,9443
843,3475,9443
843,3475,9443
843,3475,9443
843,3475,9443
843,3475,9443
843,3475,9443
843,3475,9443
685,3474,9363
685,3474,9363
685,3474,9363
685,3474,9363
685,3474,9363
685,3474,9363
685,3474,9363
685,3474,9363
685,3474,9363
505,3507,9326
505,3507,9326
505,3507,9326
505,3507,9326
505,3507,9326
505,3507,9326
505,3507,9326
505,3507,9326
505,3507,9326
483,3474,9314
483,3474,9314
483,3474,9314
483,3474,9314
483,3474,9314
483,3474,9314
483,3474,9314
483,3474,9314
483,3474,9314
483,3474,9314
453,3512,9272
453,3512,9272
453,3512,9272
453,3512,9272
453,3512,9272
453,3512,9272
453,3512,9272
453,3512,9272
393,3469,9329
393,3469,9329
393,3469,9329
393,3469,9329
393,3469,9329
393,3469,9329
393,3469,9329
393,3469,9329
393,3469,9329
376,3457,9309
376,3457,9309
376,3457,9309
376,3457,9309
376,3457,9309
376,3457,9309
376,3457,9309
376,3457,9309
376,3457,9309
371,3377,9297
371,3377,9297
371,3377,9297
371,3377,9297
371,3377,9297
371,3377,9297
371,3377,9297
371,3377,9297
371,3377,9297
369,3339,9273
369,3339,9273
369,3339,9273
369,3339,9273
369,3339,9273
369,3339,9273
369,3339,9273
369,3339,9273
369,3339,9273
369,3339,9273
474,3275,9349
474,3275,9349
474,3275,9349
474,3275,9349
474,3275,9349
474,3275,9349
474,3275,9349
474,3275,9349
474,3275,9349
635,3167,9365
635,3167,9365
635,3167,9365
635,3167,9365
635,3167,9365
635,3167,9365
635,3167,9365
635,3167,9365
635,3167,9365
836,3128,9470
836,3128,9470
836,3128,9470
836,3128,9470
836,3128,9470
836,3128,9470
836,3128,9470
836,3128,9470
836,3128,9470
836,3128,9470
932,3084,9452
932,3084,9452
932,3084,9452
932,3084,9452
932,3084,9452
932,3084,9452
932,3084,9452
932,3084,9452
932,3084,9452
1086,3043,9426
1086,3043,9426
1086,3043,9426
1086,3043,9426
1086,3043,9426
1086,3043,9426
1086,3043,9426
1086,3043,9426
1086,3043,9426
1280,3045,9520
1280,3045,9520
1280,3045,9520
1280,3045,9520
1280,3045,9520
1280,3045,9520
1280,3045,9520
1280,3045,9520
1473,3084,9507
1473,3084,9507
1473,3084,9507
1473,3084,9507
1570,3044,9541
1570,3044,9541
1570,3044,9541
1570,3044,9541
1570,3044,9541
1570,3044,9541
1570,3044,9541
1570,3044,9541
1570,3044,9541
1797,3052,9535
1797,3052,9535
1797,3052,9535
1797,3052,9535
1797,3052,9535
1797,3052,9535
1797,3052,9535
1797,3052,9535
1797,3052,9535
1797,3052,9535
2069,3096,9478
2069,3096,9478
2069,3096,9478
2069,3096,9478
2069,3096,9478
2069,3096,9478
2069,3096,9478
2069,3096,9478
2459,3149,9450
2459,3149,9450
2459,3149,9450
2459,3149,9450
2459,3149,9450
2459,3149,9450
2459,3149,9450
2459,3149,9450
2459,3149,9450
2459,3149,9450
2634,3184,9404
2634,3184,9404
2634,3184,9404
2634,3184,9404
2634,3184,9404
2634,3184,9404
2634,3184,9404
2634,3184,9404
2634,3184,9404
2634,3184,9404
2853,3163,9344
2853,3163,9344
2853,3163,9344
2853,3163,9344
2853,3163,9344
2853,3163,9344
2853,3163,9344
2853,3163,9344
2853,3163,9344
3166,3236,9260
3166,3236,9260
3166,3236,9260
3166,3236,9260
3166,3236,9260
3166,3236,9260
3166,3236,9260
3166,3236,9260
3166,3236,9260
3370,3245,9132
3370,3245,9132
3370,3245,9132
3370,3245,9132
3370,3245,9132
3370,3245,9132
3370,3245,9132
3370,3245,9132
3370,3245,9132
3593,3236,8936
3593,3236,8936
3593,3236,8936
3593,3236,8936
3593,3236,8936
3593,3236,8936
3593,3236,8936
3593,3236,8936
3593,3236,8936
3969,3296,8696
3969,3296,8696
3969,3296,8696
3969,3296,8696
3969,3296,8696
3969,3296,8696
3969,3296,8696
3969,3296,8696
3969,3296,8696
4198,3309,8465
4198,3309,8465
4198,3309,8465
4198,3309,8465
4198,3309,8465
4198,3309,8465
4198,3309,8465
4198,3309,8465
4198,3309,8465
4360,3321,8337
4360,3321,8337
4360,3321,8337
4360,3321,8337
4360,3321,8337
4360,3321,8337
4360,3321,8337
4360,3321,8337
4360,3321,8337
4489,3318,8171
4489,3318,8171
4489,3318,8171
4489,3318,8171
4489,3318,8171
4489,3318,8171
4489,3318,8171
4489,3318,8171
4489,3318,8171
4577,3305,8013
4577,3305,8013
4577,3305,8013
4577,3305,8013
4577,3305,8013
4577,3305,8013
4577,3305,8013
4577,3305,8013
4577,3305,8013
4708,3350,7838
4708,3350,7838
4708,3350,7838
4708,3350,7838
4708,3350,7838
4708,3350,7838
4708,3350,7838
4708,3350,7838
4708,3350,7838
4826,3376,7617
4826,3376,7617
4826,3376,7617
4826,3376,7617
4826,3376,7617
4826,3376,7617
4826,3376,7617
4826,3376,7617
4826,3376,7617
4986,3344,7247
4986,3344,7247
4986,3344,7247
4986,3344,7247
4986,3344,7247
4986,3344,7247
4986,3344,7247
4986,3344,7247
4986,3344,7247
4986,3344,7247
5051,3397,6944
5051,3397,6944
5051,3397,6944
5051,3397,6944
5051,3397,6944
5051,3397,6944
5051,3397,6944
5051,3397,6944
5051,3397,6944
5051,3397,6944
5093,3482,6759
5093,3482,6759
5093,3482,6759
5093,3482,6759
5093,3482,6759
5093,3482,6759
5093,3482,6759
5093,3482,6759
5093,3482,6759
5126,3484,6743
5126,3484,6743
5126,3484,6743
5126,3484,6743
5126,3484,6743
5126,3484,6743
5126,3484,6743
5126,3484,6743
5098,3469,6831
5098,3469,6831
5098,3469,6831
5098,3469,6831
5098,3469,6831
5098,3469,6831
5098,3469,6831
5098,3469,6831
5098,3469,6831
5075,3413,6961
5075,3413,6961
5075,3413,6961
5075,3413,6961
5075,3413,6961
5075,3413,6961
5075,3413,6961
5075,3413,6961
5075,3413,6961
5054,3407,7004
5054,3407,7004
5054,3407,7004
5054,3407,7004
5054,3407,7004
5054,3407,7004
5054,3407,7004
5054,3407,7004
5054,3407,7004
5012,3427,7225
5012,3427,7225
5012,3427,7225
5012,3427,7225
5012,3427,7225
5012,3427,7225
5012,3427,7225
5012,3427,7225
5012,3427,7225
5012,3427,7480
4894,3395,7480
4894,3395,7480
4894,3395,7480
4894,3395,7480
4894,3395,7480
4894,3395,7480
4894,3395,7480
4894,3395,7480
4894,3395,7480
4746,3395,7774
4746,3395,7774
4746,3395,7774
4746,3395,7774
4746,3395,7774
4746,3395,7774
4746,3395,7774
4746,3395,7774
4746,3395,7774
4614,3350,8083
4614,3350,8083
4614,3350,8083
4614,3350,8083
4614,3350,8083
4614,3350,8083
4614,3350,8083
4614,3350,8083
4614,3350,8083
4381,3316,8312
4381,3316,8312
4381,3316,8312
4381,3316,8312
4381,3316,8312
4113,3306,8569
4113,3306,8569
4113,3306,8569
4113,3306,8569
4113,3306,8569
4113,3306,8569
4113,3306,8569
4113,3306,8569
4113,3306,8569
3916,3301,8809
3916,3301,8809
3916,3301,8809
3916,3301,8809
3916,3301,8809
3916,3301,8809
3916,3301,8809
3916,3301,8809
3916,3301,8809
3645,3279,8947
3645,3279,8947
3645,3279,8947
3645,3279,8947
3645,3279,8947
3645,3279,8947
3645,3279,8947
3645,3279,8947
3566,3279,9052
3566,3279,9052
3566,3279,9052
3566,3279,9052
3566,3279,9052
3566,3279,9052
3566,3279,9052
3566,3279,9052
3566,3279,9052
3386,3223,9130
3386,3223,9130
3386,3223,9130
3386,3223,9130
3386,3223,9130
3386,3223,9130
3386,3223,9130
3386,3223,9130
3386,3223,9130
3386,3223,9130
3126,3150,9279
3126,3150,9279
3126,3150,9279
3126,3150,9279
3126,3150,9279
3126,3150,9279
3126,3150,9279
3126,3150,9279
3126,3150,9279
2755,3069,9376
2755,3069,9376
2755,3069,9376
2755,3069,9376
2755,3069,9376
2755,3069,9376
2755,3069,9376
2755,3069,9376
2755,3069,9376
2482,3038,9445
2482,3038,9445
2482,3038,9445
2482,3038,9445
2482,3038,9445
2482,3038,9445
2482,3038,9445
2482,3038,9445
2482,3038,9445
2312,3024,9504
2312,3024,9504
2312,3024,9504
2312,3024,9504
2312,3024,9504
2312,3024,9504
2312,3024,9504
2312,3024,9504
2312,3024,9504
2029,3086,9515
2029,3086,9515
2029,3086,9515
2029,3086,9515
2029,3086,9515
2029,3086,9515
2029,3086,9515
2029,3086,9515
2029,3086,9515
2029,3086,9570
1730,3076,9570
1730,3076,9570
1730,3076,9570
1730,3076,9570
1730,3076,9570
1730,3076,9570
1730,3076,9570
1730,3076,9570
1420,3040,9543
1420,3040,9543
1420,3040,9543
1420,3040,9543
1420,3040,9543
1420,3040,9543
1420,3040,9543
1420,3040,9543
1420,3040,9543
1420,3040,9543
1135,3021,9524
1135,3021,9524
1135,3021,9524
1135,3021,9524
1135,3021,9524
1135,3021,9524
1135,3021,9524
1135,3021,9524
1135,3021,9524
880,3003,9439
880,3003,9439
880,3003,9439
880,3003,9439
880,3003,9439
880,3003,9439
880,3003,9439
880,3003,9439
880,3003,9439
681,2988,9396
681,2988,9396
681,2988,9396
681,2988,9396
681,2988,9396
681,2988,9396
681,2988,9396
681,2988,9396
681,2988,9396
475,3037,9389
475,3037,9389
475,3037,9389
475,3037,9389
475,3037,9389
475,3037,9389
475,3037,9389
475,3037,9389
475,3037,9389
194,3038,9238
194,3038,9238
194,3038,9238
194,3038,9238
194,3038,9238
194,3038,9238
194,3038,9238
194,3038,9238
194,3038,9238
-23,3008,9149
-23,3008,9149
-23,3008,9149
-23,3008,9149
-23,3008,9149
-23,3008,9149
-23,3008,9149
-23,3008,9149
-23,3008,9149
-23,3008,9149
-124,3062,9108
-124,3062,9108
-124,3062,9108
-124,3062,9108
-124,3062,9108
-124,3062,9108
-124,3062,9108
-124,3062,9108
-124,3062,9108
-70,3052,9129
-70,3052,9129
-70,3052,9129
-70,3052,9129
-70,3052,9129
-70,3052,9129
-70,3052,9129
-70,3052,9129
-70,3052,9129
-31,3022,9203
-31,3022,9203
-31,3022,9203
-31,3022,9203
-31,3022,9203
-31,3022,9203
-31,3022,9203
-31,3022,9203
-31,3022,9203
255,3013,9277
255,3013,9277
255,3013,9277
255,3013,9277
255,3013,9277
255,3013,9277
255,3013,9277
255,3013,9277
255,3013,9277
627,2980,9414
627,2980,9414
627,2980,9414
627,2980,9414
627,2980,9414
627,2980,9414
627,2980,9414
627,2980,9414
1239,2932,9599
1239,2932,9599
1239,2932,9599
1239,2932,9599
1239,2932,9599
1239,2932,9599
1239,2932,9599
1239,2932,9599
1239,2932,9599
1624,2902,9592
1624,2902,9592
1624,2902,9592
1624,2902,9592
1624,2902,9592
1624,2902,9592
1624,2902,9592
1624,2902,9592
1624,2902,9592
1624,2902,9592
1836,2817,9575
1836,2817,9575
1836,2817,9575
1836,2817,9575
1836,2817,9575
1836,2817,9575
1836,2817,9575
1836,2817,9575
1836,2817,9575
1885,2792,9544
1885,2792,9544
1885,2792,9544
1885,2792,9544
1885,2792,9544
1885,2792,9544
1885,2792,9544
1885,2792,9544
1885,2792,9544
1885,2792,9562
1891,2796,9562
1891,2796,9562
1891,2796,9562
1891,2796,9562
1891,2796,9562
1891,2796,9562
1891,2796,9562
1891,2796,9562
1891,2796,9562
2221,2856,9551
2221,2856,9551
2221,2856,9551
2221,2856,9551
2221,2856,9551
2221,2856,9551
2580,2911,9483
2580,2911,9483
2580,2911,9483
2580,2911,9483
2580,2911,9483
2580,2911,9483
2580,2911,9483
2987,2943,9387
2987,2943,9387
2987,2943,9387
2987,2943,9387
2987,2943,9387
2987,2943,9387
2987,2943,9387
2987,2943,9387
2987,2943,9387
3354,2931,9136
3354,2931,9136
3354,2931,9136
3354,2931,9136
3354,2931,9136
3354,2931,9136
3354,2931,9136
3354,2931,9136
3354,2931,9136
3729,2914,8931
3729,2914,8931
3729,2914,8931
3729,2914,8931
3729,2914,8931
3729,2914,8931
3729,2914,8931
3729,2914,8931
3729,2914,8931
4010,2880,8731
4010,2880,8731
4010,2880,8731
4010,2880,8731
4010,2880,8731
4010,2880,8731
4010,2880,8731
4010,2880,8731
4010,2880,8731
4214,2893,8521
4214,2893,8521
4214,2893,8521
4214,2893,8521
4214,2893,8521
4214,2893,8521
4214,2893,8521
4214,2893,8521
4463,2919,8207
4463,2919,8207
4463,2919,8207
4463,2919,8207
4463,2919,8207
4463,2919,8207
4463,2919,8207
4463,2919,8207
4463,2919,8207
4463,2919,8207
4668,2925,7930
4668,2925,7930
4668,2925,7930
4668,2925,7930
4668,2925,7930
4668,2925,7930
4668,2925,7930
4668,2925,7930
4668,2925,7930
4668,2925,7930
4814,3005,7673
4814,3005,7673
4814,3005,7673
4814,3005,7673
4814,3005,7673
4814,3005,7673
4814,3005,7673
4814,3005,7673
4814,3005,7673
4959,3050,7399
4959,3050,7399
4959,3050,7399
4959,3050,7399
4959,3050,7399
4959,3050,7399
4959,3050,7399
4959,3050,7399
4959,3050,7399
5013,3082,7138
5013,3082,7138
5013,3082,7138
5013,3082,7138
5013,3082,7138
5013,3082,7138
5013,3082,7138
5013,3082,7138
5013,3082,7138
5083,3084,6957
5083,3084,6957
5083,3084,6957
5083,3084,6957
5083,3084,6957
5083,3084,6957
5083,3084,6957
5083,3084,6957
5083,3084,6957
5092,3072,6823
5092,3072,6823
5092,3072,6823
5092,3072,6823
5092,3072,6823
5092,3072,6823
5092,3072,6823
5092,3072,6823
5092,3072,6823
5092,3072,6823
5119,3113,6732
5119,3113,6732
5119,3113,6732
5119,3113,6732
5119,3113,6732
5119,3113,6732
5119,3113,6732
5119,3113,6732
5101,3086,6824
5101,3086,6824
5101,3086,6824
5101,3086,6824
5101,3086,6824
5101,3086,6824
5101,3086,6824
5101,3086,6824
5101,3086,6824
5118,3057,6900
5118,3057,6900
5118,3057,6900
5118,3057,6900
5118,3057,6900
5118,3057,6900
5118,3057,6900
5118,3057,6900
5118,3057,6900
5046,3047,7030
5046,3047,7030
5046,3047,7030
5046,3047,7030
5046,3047,7030
5046,3047,7030
5046,3047,7030
5046,3047,7030
5046,3047,7030
5063,3049,7160
5063,3049,7160
5063,3049,7160
5063,3049,7160
5063,3049,7160
5063,3049,7160
5063,3049,7160
5063,3049,7160
5063,3049,7160
4997,3019,7358
4997,3019,7358
4997,3019,7358
4997,3019,7358
4997,3019,7358
4997,3019,7358
4997,3019,7358
4997,3019,7358
4997,3019,7358
4868,3011,7649
4868,3011,7649
4868,3011,7649
4868,3011,7649
4868,3011,7649
4868,3011,7649
4868,3011,7649
4868,3011,7649
4868,3011,7649
4868,3011,7649
4720,3001,7889
4720,3001,7889
4720,3001,7889
4720,3001,7889
4720,3001,7889
4720,3001,7889
4720,3001,7889
4720,3001,7889
4720,3001,7889
4593,2968,8136
4593,2968,8136
4593,2968,8136
4593,2968,8136
4593,2968,8136
4593,2968,8136
4593,2968,8136
4593,2968,8136
4593,2968,8136
4593,2968,8136
4425,2973,8319
4425,2973,8319
4425,2973,8319
4425,2973,8319
4425,2973,8319
4425,2973,8319
4425,2973,8319
4425,2973,8319
4425,2973,8319
4215,2976,8573
4215,2976,8573
4215,2976,8573
4215,2976,8573
4215,2976,8573
4215,2976,8573
4215,2976,8573
4215,2976,8573
4052,2923,8721
4052,2923,8721
4052,2923,8721
4052,2923,8721
4052,2923,8721
4052,2923,8721
4052,2923,8721
4052,2923,8721
4052,2923,8721
3877,2926,8849
3877,2926,8849
3877,2926,8849
3877,2926,8849
3877,2926,8849
3877,2926,8849
3877,2926,8849
3877,2926,8849
3877,2926,8849
3693,2938,8984
3693,2938,8984
3693,2938,8984
3693,2938,8984
3693,2938,8984
3693,2938,8984
3693,2938,8984
3693,2938,8984
3693,2938,8984
3470,2916,9118
3470,2916,9118
3470,2916,9118
3470,2916,9118
3470,2916,9118
3470,2916,9118
3470,2916,9118
3470,2916,9118
3470,2916,9118
3470,2916,9118
3220,2861,9262
3220,2861,9262
3220,2861,9262
3220,2861,9386
2879,2791,9386
2879,2791,9386
2879,2791,9386
2879,2791,9386
2879,2791,9386
2879,2791,9386
2879,2791,9386
2879,2791,9386
2879,2791,9386
2570,2712,9443
2570,2712,9443
2570,2712,9443
2570,2712,9443
2570,2712,9443
2570,2712,9443
2570,2712,9443
2570,2712,9443
2570,2712,9443
2570,2712,9443
2338,2725,9478
2338,2725,9478
2338,2725,9478
2338,2725,9478
2338,2725,9478
2338,2725,9478
2338,2725,9478
2338,2725,9478
2338,2725,9478
2023,2714,9535
2023,2714,9535
2023,2714,9535
2023,2714,9535
2023,2714,9535
2023,2714,9535
2023,2714,9535
2023,2714,9535
2023,2714,9535
1756,2731,9548
1756,2731,9548
1756,2731,9548
1756,2731,9548
1756,2731,9548
1756,2731,9548
1756,2731,9548
1756,2731,9548
1756,2731,9548
1514,2648,9531
1514,2648,9531
1514,2648,9531
1514,2648,9531
1514,2648,9531
1514,2648,9531
1514,2648,9531
1514,2648,9531
1331,2593,9549
1331,2593,9549
1331,2593,9549
1331,2593,9549
1331,2593,9549
1331,2593,9549
1331,2593,9549
1331,2593,9549
1331,2593,9549
1331,2593,9549
1150,2611,9500
1150,2611,9500
1150,2611,9500
1150,2611,9500
1150,2611,9500
1150,2611,9500
1150,2611,9500
1150,2611,9500
1150,2611,9500
871,2595,9489
871,2595,9489
871,2595,9489
871,2595,9489
871,2595,9489
871,2595,9489
871,2595,9489
871,2595,9489
871,2595,9489
643,2602,9399
643,2602,9399
643,2602,9399
643,2602,9399
643,2602,9399
643,2602,9399
643,2602,9399
643,2602,9399
643,2602,9399
347,2636,9303
347,2636,9303
347,2636,9303
347,2636,9303
347,2636,9303
347,2636,9303
347,2636,9303
347,2636,9303
347,2636,9303
103,2653,9226
103,2653,9226
103,2653,9226
103,2653,9226
103,2653,9226
103,2653,9226
103,2653,9226
103,2653,9226
103,2653,9226
8,2645,9161
8,2645,9161
8,2645,9161
8,2645,9161
8,2645,9161
8,2645,9161
8,2645,9161
8,2645,9161
8,2645,9161
-80,2618,9108
-80,2618,9108
-80,2618,9108
-80,2618,9108
-80,2618,9108
-80,2618,9108
-80,2618,9108
-80,2618,9108
-80,2618,9108
-80,2618,9108
-127,2620,9105
-127,2620,9105
-127,2620,9105
-127,2620,9105
-127,2620,9105
-127,2620,9105
-127,2620,9105
-127,2620,9105
-127,2620,9105
-43,2608,9130
-43,2608,9130
-43,2608,9130
-43,2608,9130
-43,2608,9130
-43,2608,9130
-43,2608,9130
-43,2608,9130
-43,2608,9130
42,2611,9193
42,2611,9193
42,2611,9193
42,2611,9193
42,2611,9193
42,2611,9193
42,2611,9193
42,2611,9193
42,2611,9193
152,2584,9202
152,2584,9202
152,2584,9202
152,2584,9202
152,2584,9202
152,2584,9202
152,2584,9202
152,2584,9202
152,2584,9202
285,2552,9268
285,2552,9268
285,2552,9268
285,2552,9268
285,2552,9268
285,2552,9268
285,2552,9268
285,2552,9268
285,2552,9268
498,2525,9349
498,2525,9349
498,2525,9349
498,2525,9349
498,2525,9349
498,2525,9349
498,2525,9349
498,2525,9349
498,2525,9349
805,2537,9401
805,2537,9401
805,2537,9401
805,2537,9401
805,2537,9401
805,2537,9401
805,2537,9401
805,2537,9401
805,2537,9401
1020,2492,9445
1020,2492,9445
1020,2492,9445
1020,2492,9445
1020,2492,9445
1020,2492,9445
1020,2492,9445
1020,2492,9445
1020,2492,9445
1201,2450,9565
1201,2450,9565
1201,2450,9565
1201,2450,9565
1201,2450,9565
1201,2450,9565
1201,2450,9565
1201,2450,9565
1201,2450,9565
1459,2414,9497
1459,2414,9497
1459,2414,9497
1459,2414,9497
1459,2414,9497
1459,2414,9497
1459,2414,9497
1459,2414,9497
1459,2414,9497
1459,2414,9497
1714,2392,9534
1714,2392,9534
1714,2392,9534
1714,2392,9534
1714,2392,9534
1714,2392,9534
1714,2392,9534
1714,2392,9534
1714,2361,9505
1918,2361,9505
1918,2361,9505
1918,2361,9505
1918,2361,9505
1918,2361,9505
1918,2361,9505
1918,2361,9505
1918,2361,9505
2273,2313,9483
2273,2313,9483
2273,2313,9483
2273,2313,9483
2273,2313,9483
2273,2313,9483
2273,2313,9483
2273,2313,9483
2273,2313,9483
2273,2313,9483
2494,2316,9388
2494,2316,9388
2494,2316,9388
2494,2316,9388
2494,2316,9388
2494,2316,9388
2494,2316,9388
2494,2316,9388
2494,2316,9388
2836,2370,9304
2836,2370,9304
2836,2370,9304
2836,2370,9304
2836,2370,9304
2836,2370,9304
2836,2370,9304
2836,2370,9304
2836,2370,9304
3091,2393,9215
3091,2393,9215
3091,2393,9215
3091,2393,9215
3395,2410,9106
3395,2410,9106
3395,2410,9106
3395,2410,9106
3395,2410,9106
3395,2410,9106
3395,2410,9106
3395,2410,9106
3395,2410,9106
3722,2444,8921
3722,2444,8921
3722,2444,8921
3722,2444,8921
3722,2444,8921
3722,2444,8921
3722,2444,8921
3722,2444,8921
3722,2444,8921
4027,2430,8649
4027,2430,8649
4027,2430,8649
4027,2430,8649
4027,2430,8649
4027,2430,8649
4027,2430,8649
4027,2430,8649
4027,2430,8649
4287,2418,8388
4287,2418,8388
4287,2418,8388
4287,2418,8388
4287,2418,8388
4287,2418,8388
4287,2418,8388
4287,2418,8388
4287,2418,8388
4498,2467,8131
4498,2467,8131
4498,2467,8131
4498,2467,8131
4498,2467,8131
4498,2467,8131
4498,2467,8131
4498,2467,8131
4498,2467,8131
4498,2467,8131
4729,2451,7905
4729,2451,7905
4729,2451,7905
4729,2451,7905
4729,2451,7905
4729,2451,7905
4729,2451,7905
4729,2451,7905
4729,2451,7905
4871,2475,7532
4871,2475,7532
4871,2475,7532
4871,2475,7532
4871,2475,7532
4871,2475,7532
4871,2475,7532
4871,2475,7532
4871,2475,7532
4970,2537,7293
4970,2537,7293
4970,2537,7293
4970,2537,7293
4970,2537,7293
4970,2537,7293
4970,2537,7293
4970,2537,7293
4970,2537,7293
5095,2539,7108
5095,2539,7108
5095,2539,7108
5095,2539,7108
5095,2539,7108
5095,2539,7108
5095,2539,7108
5095,2539,7108
5095,2539,7108
5101,2575,6909
5101,2575,6909
5101,2575,6909
5101,2575,6909
5101,2575,6909
5101,2575,6909
5101,2575,6909
5101,2575,6909
5101,2575,6909
5133,2584,6820
5133,2584,6820
5133,2584,6820
5133,2584,6820
5133,2584,6820
5133,2584,6820
5133,2584,6820
5133,2584,6820
5133,2584,6820
5158,2622,6703
5158,2622,6703
5158,2622,6703
5158,2622,6703
5158,2622,6703
5158,2622,6703
5158,2622,6703
5158,2622,6703
5158,2622,6703
5162,2625,6679
5162,2625,6679
5162,2625,6679
5162,2625,6679
5162,2625,6679
5162,2625,6679
5162,2625,6679
5162,2625,6679
5162,2625,6679
5162,2620,6677
5167,2620,6677
5167,2620,6677
5167,2620,6677
5167,2620,6677
5167,2620,6677
5167,2620,6677
5167,2620,6677
5167,2620,6677
5167,2620,6677
5147,2633,6850
5147,2633,6850
5147,2633,6850
5147,2633,6850
5147,2633,6850
5147,2633,6850
5147,2633,6850
5147,2633,6850
5147,2633,6850
5073,2608,7004
5073,2608,7004
5073,2608,7004
5073,2608,7004
5073,2608,7004
5073,2608,7004
5073,2608,7004
5073,2608,7004
5035,2573,7188
5035,2573,7188
5035,2573,7188
5035,2573,7188
5035,2573,7188
5035,2573,7188
5035,2573,7188
5035,2573,7188
5035,2573,7188
5008,2511,7255
5008,2511,7255
5008,2511,7255
5008,2511,7255
5008,2511,7255
5008,2511,7255
5008,2511,7255
5008,2511,7255
5008,2511,7255
5008,2511,7255
4963,2548,7459
4963,2548,7459
4963,2548,7459
4963,2548,7459
4963,2548,7459
4963,2548,7459
4963,2548,7459
4963,2548,7459
4963,2548,7459
4884,2496,7629
4884,2496,7629
4884,2496,7629
4884,2496,7629
4884,2496,7629
4884,2496,7629
4884,2496,7629
4884,2496,7629
4884,2496,7629
4724,2477,7907
4724,2477,7907
4724,2477,7907
4724,2477,7907
4724,2477,7907
4724,2477,7907
4724,2477,7907
4724,2477,7907
4724,2477,7907
4503,2408,8210
4503,2408,8210
4503,2408,8210
4503,2408,8210
4503,2408,8210
4503,2408,8210
4503,2408,8210
4503,2408,8210
4503,2408,8210
4280,2410,8387
4280,2410,8387
4280,2410,8387
4280,2410,8387
4280,2410,8387
4280,2410,8387
4280,2410,8387
4280,2410,8387
4280,2410,8387
4106,2396,8602
4106,2396,8602
4106,2396,8602
4106,2396,8602
4106,2396,8602
4106,2396,8602
4106,2396,8602
4106,2396,8602
4106,2396,8602
4106,2396,8602
3918,2390,8818
3918,2390,8818
3918,2390,8818
3918,2390,8818
3918,2390,8818
3918,2390,8818
3918,2390,8818
3918,2390,8818
3918,2390,8818
3693,2344,8947
3693,2344,8947
3693,2344,8947
3693,2344,8947
3693,2344,8947
3693,2344,8947
3693,2344,8947
3693,2344,8947
3693,2344,8947
3395,2328,9096
3395,2328,9096
3395,2328,9096
3395,2328,9096
3395,2328,9096
3395,2328,9096
3395,2328,9096
3395,2328,9096
3123,2259,9224
3123,2259,9224
3123,2259,9224
3123,2259,9224
3123,2259,9224
3123,2259,9224
3123,2259,9224
2766,2237,9343
2766,2237,9343
2766,2237,9343
2766,2237,9343
2766,2237,9343
2766,2237,9343
2766,2237,9343
2461,2197,9446
2461,2197,9446
2461,2197,9446
2461,2197,9446
2461,2197,9446
2461,2197,9446
2461,2197,9446
2461,2197,9446
2461,2197,9446
2035,2185,9462
2035,2185,9462
2035,2185,9462
2035,2185,9462
2035,2185,9462
2035,2185,9462
2035,2185,9462
2035,2185,9462
2035,2185,9462
1717,2143,9517
1717,2143,9517
1717,2143,9517
1717,2143,9517
1717,2143,9517
1717,2143,9517
1717,2143,9517
1717,2143,9517
1717,2143,9517
1717,2143,9517
1320,2145,9481
1320,2145,9481
1320,2145,9481
1320,2145,9481
1320,2145,9481
1320,2145,9481
1320,2145,9481
1320,2145,9481
1320,2145,9481
928,2188,9444
928,2188,9444
928,2188,9444
928,2188,9444
928,2188,9444
928,2188,9444
928,2188,9444
928,2188,9444
928,2188,9444
648,2172,9399
648,2172,9399
648,2172,9399
648,2172,9399
648,2172,9399
648,2172,9399
648,2172,9399
648,2172,9399
648,2172,9399
435,2184,9278
435,2184,9278
435,2184,9278
435,2184,9278
435,2184,9278
435,2184,9278
435,2184,9278
435,2184,9278
435,2184,9278
321,2210,9272
321,2210,9272
321,2210,9272
321,2210,9272
321,2210,9272
321,2210,9272
321,2210,9272
321,2210,9272
214,2171,9179
214,2171,9179
214,2171,9179
214,2171,9179
214,2171,9179
214,2171,9179
214,2171,9179
214,2171,9179
214,2171,9179
214,2171,9179
108,2184,9207
108,2184,9207
108,2184,9207
108,2184,9207
108,2184,9207
108,2184,9207
108,2184,9207
108,2184,9207
108,2184,9207
-47,2134,9051
-47,2134,9051
-47,2134,9051
-47,2134,9051
-47,2134,9051
-47,2134,9051
-47,2134,9051
-47,2134,9051
-47,2134,9051
-47,2134,9051
-164,2122,9018
-164,2122,9018
-164,2122,9018
-164,2122,9018
-164,2122,9018
-164,2122,9018
-164,2122,9018
-164,2122,9018
-164,2122,9018
-202,2086,8961
-202,2086,8961
-202,2086,8961
-202,2086,8961
-202,2086,8961
-202,2086,8961
-202,2086,8961
-202,2086,8961
-202,2086,8961
-205,2017,8966
-205,2017,8966
-205,2017,8966
-205,2017,8966
-205,2017,8966
-205,2017,8966
-205,2017,8966
-205,2017,8966
-205,2017,8966
-57,2008,9036
-57,2008,9036
-57,2008,9036
-57,2008,9036
-57,2008,9036
-57,2008,9036
-57,2008,9036
-57,2008,9036
-57,2008,9036
206,1925,9138
206,1925,9138
206,1925,9138
206,1925,9138
206,1925,9138
206,1925,9138
206,1925,9138
206,1925,9138
206,1925,9138
502,1893,9249
502,1893,9249
502,1893,9249
502,1893,9249
502,1893,9249
502,1893,9249
502,1893,9249
502,1893,9249
502,1893,9249
788,1853,9322
788,1853,9322
788,1853,9322
788,1853,9322
788,1853,9322
788,1853,9322
788,1853,9322
788,1853,9322
1172,1816,9426
1172,1816,9426
1172,1816,9426
1172,1816,9426
1172,1816,9426
1172,1816,9426
1172,1816,9426
1172,1816,9426
1172,1816,9426
1172,1816,9426
1515,1746,9431
1515,1746,9431
1515,1746,9431
1515,1746,9431
1515,1746,9431
1515,1746,9431
1515,1746,9431
1515,1746,9431
1841,1686,9390
1841,1686,9390
1841,1686,9390
1841,1686,9390
1841,1686,9390
1841,1686,9390
1841,1686,9390
1841,1686,9390
1841,1686,9390
1841,1686,9390
2130,1699,9293
2130,1699,9293
2130,1699,9293
2130,1699,9293
2130,1699,9293
2130,1699,9293
2130,1699,9293
2130,1699,9293
2130,1699,9293
2130,1699,9293
2344,1720,9326
2344,1720,9326
2344,1720,9326
2344,1720,9326
2344,1720,9326
2344,1720,9326
2344,1720,9326
2344,1720,9326
2344,1720,9326
2586,1714,9262
2586,1714,9262
2586,1714,9262
2586,1714,9262
2586,1714,9262
2586,1714,9262
2586,1714,9262
2586,1714,9262
2586,1714,9262
2858,1781,9229
2858,1781,9229
2858,1781,9229
2858,1781,9229
2858,1781,9229
2858,1781,9229
2858,1781,9229
2858,1781,9229
2858,1781,9229
3079,1800,9156
3079,1800,9156
3079,1800,9156
3079,1800,9156
3079,1800,9156
3079,1800,9156
3079,1800,9156
3079,1800,9156
3079,1800,9156
3395,1815,9030
3395,1815,9030
3395,1815,9030
3395,1815,9030
3395,1815,9030
3395,1815,9030
3395,1815,9030
3395,1815,9030
3395,1815,9030
3395,1815,9030
3724,1862,8814
3724,1862,8814
3724,1862,8814
3724,1862,8814
3724,1862,8814
3724,1862,8814
3724,1862,8814
3724,1862,8814
4056,1845,8562
4056,1845,8562
4056,1845,8562
4056,1845,8562
4235,1931,8335
4235,1931,8335
4235,1931,8335
4235,1931,8335
4235,1931,8335
4235,1931,8335
4235,1931,8335
4235,1931,8335
4235,1931,8335
4411,1894,8093
4411,1894,8093
4411,1894,8093
4411,1894,8093
4411,1894,8093
4411,1894,8093
4411,1894,8093
4411,1894,8093
4411,1894,8093
4648,1938,7780
4648,1938,7780
4648,1938,7780
4648,1938,7780
4648,1938,7780
4648,1938,7780
4648,1938,7780
4648,1938,7780
4648,1938,7780
4648,1938,7547
4799,1933,7547
4799,1933,7547
4799,1933,7547
4799,1933,7547
4799,1933,7547
4799,1933,7547
4799,1933,7547
4799,1933,7547
4847,1931,7296
4847,1931,7296
4847,1931,7296
4847,1931,7296
4847,1931,7296
4847,1931,7296
4847,1931,7296
4847,1931,7296
4847,1931,7296
4847,1931,7296
4895,1942,7133
4895,1942,7133
4895,1942,7133
4895,1942,7133
4895,1942,7133
4895,1942,7133
4895,1942,7133
4895,1942,7133
4895,1942,7133
4895,1942,7133
4967,1999,7057
4967,1999,7057
4967,1999,7057
4967,1999,7057
4967,1999,7057
4967,1999,7057
4967,1999,7057
4967,1999,7057
4967,1999,7057
5022,2027,6816
5022,2027,6816
5022,2027,6816
5022,2027,6816
5022,2027,6816
5022,2027,6816
5022,2027,6816
5022,2027,6816
5022,2027,6816
5053,2020,6638
5053,2020,6638
5053,2020,6638
5053,2020,6638
5053,2020,6638
5053,2020,6638
5053,2020,6638
5053,2020,6638
5052,2007,6525
5052,2007,6525
5052,2007,6525
5052,2007,6525
5052,2007,6525
5052,2007,6525
5052,2007,6525
5052,2007,6525
5052,2007,6525
5046,1967,6570
5046,1967,6570
5046,1967,6570
5046,1967,6570
5046,1967,6570
5046,1967,6570
5046,1967,6570
5046,1967,6570
5046,1967,6570
5020,1972,6694
5020,1972,6694
5020,1972,6694
5020,1972,6694
5020,1972,6694
5020,1972,6694
5020,1972,6694
5020,1972,6694
5020,1972,6694
4960,1960,6946
4960,1960,6946
4960,1960,6946
4960,1960,6946
4960,1960,6946
4960,1960,6946
4960,1960,6946
4960,1960,6946
4960,1960,6946
4960,1960,6946
4878,1969,7356
4878,1969,7356
4878,1969,7356
4878,1969,7356
4878,1969,7356
4878,1969,7356
4878,1969,7356
4878,1969,7356
4878,1969,7356
4616,1974,7845
4616,1974,7845
4616,1974,7845
4616,1974,7845
4616,1974,7845
4616,1974,7845
4616,1974,7845
4616,1974,7845
4616,1974,7845
4323,1946,8315
4323,1946,8315
4323,1946,8315
4323,1946,8315
4323,1946,8315
4323,1946,8315
4323,1946,8315
4323,1946,8315
4323,1946,8315
3930,1916,8682
3930,1916,8682
3930,1916,8682
3930,1916,8682
3930,1916,8682
3930,1916,8682
3930,1916,8682
3930,1916,8682
3930,1916,8682
3540,1863,8975
3540,1863,8975
3540,1863,8975
3540,1863,8975
3540,1863,8975
3540,1863,8975
3540,1863,8975
3540,1863,8975
3540,1863,8975
3540,1863,8975
3182,1875,9098
3182,1875,9098
3182,1875,9098
3182,1875,9098
3182,1875,9098
3182,1875,9098
3182,1875,9098
3182,1875,9098
3182,1875,9098
2894,1812,9228
2894,1812,9228
2894,1812,9228
2894,1812,9228
2894,1812,9228
2894,1812,9228
2894,1812,9228
2894,1812,9228
2563,1795,9275
2563,1795,9275
2563,1795,9275
2563,1795,9275
2563,1795,9275
2563,1795,9275
2563,1795,9275
2563,1795,9275
2563,1795,9275
2174,1752,9341
2174,1752,9341
2174,1752,9341
2174,1752,9341
2174,1752,9341
2174,1752,9341
2174,1752,9341
2174,1752,9341
2174,1752,9341
1914,1732,9393
1914,1732,9393
1914,1732,9393
1914,1732,9393
1914,1732,9393
1914,1732,9393
1914,1732,9393
1914,1732,9393
1914,1732,9393
1517,1709,9401
1517,1709,9401
1517,1709,9401
1517,1709,9401
1517,1709,9401
1517,1709,9401
1517,1709,9401
1517,1709,9401
1517,1709,9401
1517,1709,9359
1232,1757,9359
1232,1757,9359
1232,1757,9359
1232,1757,9359
1232,1757,9359
1232,1757,9359
1232,1757,9359
1232,1757,9359
1232,1757,9359
926,1770,9347
926,1770,9347
926,1770,9347
926,1770,9347
926,1770,9347
926,1770,9347
926,1770,9347
926,1770,9347
926,1770,9347
767,1781,9303
767,1781,9303
767,1781,9303
767,1781,9303
767,1781,9303
767,1781,9303
767,1781,9303
767,1781,9303
767,1781,9303
733,1746,9296
733,1746,9296
733,1746,9296
733,1746,9296
733,1746,9296
733,1746,9296
733,1746,9296
733,1746,9296
749,1760,9264
749,1760,9264
749,1760,9264
749,1760,9264
749,1760,9264
860,1750,9271
860,1750,9271
860,1750,9271
860,1750,9271
860,1750,9271
860,1750,9271
860,1750,9271
860,1750,9271
891,1679,9269
891,1679,9269
891,1679,9269
891,1679,9269
891,1679,9269
891,1679,9269
891,1679,9269
891,1679,9269
891,1679,9269
1021,1645,9281
1021,1645,9281
1021,1645,9281
1021,1645,9281
1021,1645,9281
1021,1645,9281
1021,1645,9281
1021,1645,9281
1021,1645,9281
1021,1645,9281
1266,1703,9332
1266,1703,9332
1266,1703,9332
1266,1703,9332
1266,1703,9332
1266,1703,9332
1266,1703,9332
1266,1703,9332
1266,1703,9332
1443,1643,9414
1443,1643,9414
1443,1643,9414
1443,1643,9414
1443,1643,9414
1443,1643,9414
1443,1643,9414
1443,1643,9414
1443,1643,9414
1597,1554,9375
1597,1554,9375
1597,1554,9375
1597,1554,9375
1597,1554,9375
1597,1554,9375
1597,1554,9375
1597,1554,9375
1597,1554,9375
1597,1554,9375
1801,1571,9418
1801,1571,9418
1801,1571,9418
1801,1571,9418
1801,1571,9418
1801,1571,9418
1801,1571,9418
1801,1571,9418
1801,1571,9418
2176,1590,9332
2176,1590,9332
2176,1590,9332
2176,1590,9332
2176,1590,9332
2176,1590,9332
2176,1590,9332
2176,1590,9332
2176,1590,9332
2610,1624,9224
2610,1624,9224
2610,1624,9224
2610,1624,9224
2610,1624,9224
2610,1624,9224
2610,1624,9224
2610,1624,9224
2610,1624,9224
2922,1631,9122
2922,1631,9122
2922,1631,9122
2922,1631,9122
2922,1631,9122
2922,1631,9122
2922,1631,9122
2922,1631,9122
2922,1631,9122
3219,1618,9069
3219,1618,9069
3219,1618,9069
3219,1618,9069
3219,1618,9069
3219,1618,9069
3219,1618,9069
3219,1618,9069
3318,1588,8931
3318,1588,8931
3318,1588,8931
3318,1588,8931
3318,1588,8931
3318,1588,8931
3318,1588,8931
3318,1588,8931
3318,1588,8931
3481,1602,8818
3481,1602,8818
3481,1602,8818
3481,1602,8818
3481,1602,8818
3481,1602,8818
3481,1602,8818
3481,1602,8818
3481,1602,8818
3481,1602,8818
3747,1576,8613
3747,1576,8613
3747,1576,8613
3747,1576,8613
3747,1576,8613
3747,1576,8613
3747,1576,8613
3747,1576,8613
4063,1641,8421
4063,1641,8421
4063,1641,8421
4063,1641,8421
4063,1641,8421
4063,1641,8421
4063,1641,8421
4063,1641,8421
4063,1641,8421
4063,1641,8421
4267,1665,8195
4267,1665,8195
4267,1665,8195
4267,1665,8195
4267,1665,8195
4267,1665,8195
4267,1665,8195
4267,1665,8195
4267,1665,8195
4267,1665,8195
4427,1686,7938
4427,1686,7938
4427,1686,7938
4427,1686,7938
4427,1686,7938
4427,1686,7938
4427,1686,7938
4427,1686,7938
4427,1686,7938
4583,1690,7744
4583,1690,7744
4583,1690,7744
4583,1690,7744
4583,1690,7744
4583,1690,7744
4583,1690,7744
4583,1690,7744
4583,1690,7744
4766,1735,7289
4766,1735,7289
4766,1735,7289
4766,1735,7289
4766,1735,7289
4766,1735,7289
4766,1735,7289
4766,1735,7289
4766,1735,7289
4897,1817,7083
4897,1817,7083
4897,1817,7083
4897,1817,7083
4897,1817,7083
4897,1817,7083
4897,1817,7083
4897,1817,7083
4897,1817,7083
4924,1818,6893
4924,1818,6893
4924,1818,6893
4924,1818,6893
4924,1818,6893
4924,1818,6893
4924,1818,6893
4924,1818,6893
4924,1818,6893
4938,1794,6800
4938,1794,6800
4938,1794,6800
4938,1794,6800
4938,1794,6800
4938,1794,6800
4938,1794,6800
4938,1794,6800
4938,1794,6800
4980,1803,6647
4980,1803,6647
4980,1803,6647
4980,1803,6647
4980,1803,6647
4980,1803,6647
4980,1803,6647
4980,1803,6647
4980,1803,6647
5003,1827,6435
5003,1827,6435
5003,1827,6435
5003,1827,6435
5003,1827,6435
5003,1827,6435
5003,1827,6435
5003,1827,6435
5003,1827,6435
5032,1835,6234
5032,1835,6234
5032,1835,6234
5032,1835,6234
5032,1835,6234
5032,1835,6234
5032,1835,6234
5032,1835,6234
5032,1835,6234
5018,1855,6086
5018,1855,6086
5018,1855,6086
5018,1855,6086
5018,1855,6086
5018,1855,6086
5018,1855,6086
5018,1855,6086
5018,1855,6086
5057,1874,6096
5057,1874,6096
5057,1874,6096
5057,1874,6096
5057,1874,6096
5057,1874,6096
5057,1874,6096
5057,1874,6096
5057,1874,6096
5071,1804,6195
5071,1804,6195
5071,1804,6195
5071,1804,6195
5071,1804,6195
5071,1804,6195
5071,1804,6195
5017,1821,6306
5017,1821,6306
5017,1821,6306
5017,1821,6306
5017,1821,6306
5017,1821,6306
5017,1821,6306
5008,1796,6412
5008,1796,6412
5008,1796,6412
5008,1796,6412
5008,1796,6412
5008,1796,6412
5008,1796,6412
5008,1796,6412
5008,1796,6412
4965,1775,6662
4965,1775,6662
4965,1775,6662
4965,1775,6662
4965,1775,6662
4965,1775,6662
4965,1775,6662
4965,1775,6662
4934,1801,6875
4934,1801,6875
4934,1801,6875
4934,1801,6875
4934,1801,6875
4934,1801,6875
4934,1801,6875
4934,1801,6875
4934,1801,6875
4848,1814,7096
4848,1814,7096
4848,1814,7096
4848,1814,7096
4848,1814,7096
4848,1814,7096
4848,1814,7096
4848,1814,7096
4848,1814,7096
4848,1814,7096
4819,1765,7309
4819,1765,7309
4819,1765,7309
4819,1765,7309
4819,1765,7309
4819,1765,7309
4819,1765,7309
4819,1765,7309
4819,1765,7309
4721,1756,7500
4721,1756,7500
4721,1756,7500
4721,1756,7500
4721,1756,7500
4721,1756,7500
4721,1756,7500
4721,1756,7500
4721,1756,7500
4612,1764,7673
4612,1764,7673
4612,1764,7673
4612,1764,7673
4612,1764,7673
4612,1764,7673
4612,1764,7673
4612,1764,7673
4612,1764,7673
4525,1766,7817
4525,1766,7817
4525,1766,7817
4525,1766,7817
4525,1766,7817
4525,1766,7817
4525,1766,7817
4525,1766,7817
4525,1766,7817
4422,1776,8007
4422,1776,8007
4422,1776,8007
4422,1776,8007
4422,1776,8007
4422,1776,8007
4422,1776,8007
4422,1776,8007
4422,1776,8007
4422,1776,8007
4322,1772,8187
4322,1772,8187
4322,1772,8187
4322,1772,8187
4322,1772,8187
4322,1772,8187
4322,1772,8187
4322,1772,8187
4322,1772,8187
4187,1729,8365
4187,1729,8365
4187,1729,8365
4187,1729,8365
4187,1729,8365
4187,1729,8365
4187,1729,8365
4187,1729,8365
4187,1729,8365
4034,1715,8465
4034,1715,8465
4034,1715,8465
4034,1715,8465
4034,1715,8465
4034,1715,8465
4034,1715,8465
4034,1715,8465
3847,1729,8685
3847,1729,8685
3847,1729,8685
3847,1729,8685
3847,1729,8685
3847,1729,8685
3847,1729,8685
3847,1729,8685
3847,1729,8685
3847,1729,8685
3655,1718,8846
3655,1718,8846
3655,1718,8846
3655,1718,8846
3655,1718,8846
3655,1718,8846
3655,1718,8846
3655,1718,8846
3655,1718,8846
3365,1673,8988
3365,1673,8988
3365,1673,8988
3365,1673,8988
3365,1673,8988
3365,1673,8988
3365,1673,8988
3365,1673,8988
3365,1673,8988
3098,1634,9064
3098,1634,9064
3098,1634,9064
3098,1634,9064
3098,1634,9064
3098,1634,9064
3098,1634,9064
3098,1634,9064
3098,1634,9064
2852,1651,9189
2852,1651,9189
2852,1651,9189
2852,1651,9189
2852,1651,9189
2852,1651,9189
2852,1651,9189
2852,1651,9189
2852,1651,9189
2592,1656,9315
2592,1656,9315
2592,1656,9315
2592,1656,9315
2592,1656,9315
2592,1656,9315
2592,1656,9315
2592,1656,9315
2592,1656,9315
2324,1605,9326
2324,1605,9326
2324,1605,9326
2324,1605,9326
2324,1605,9326
2324,1605,9326
2324,1605,9326
2324,1605,9326
2324,1605,9326
2046,1552,9353
2046,1552,9353
2046,1552,9353
2046,1552,9353
2046,1552,9353
2046,1552,9353
2046,1552,9353
2046,1552,9353
2046,1552,9353
1709,1566,9342
1709,1566,9342
1709,1566,9342
1709,1566,9342
1709,1566,9342
1709,1566,9342
1709,1566,9342
1709,1566,9342
1709,1566,9342
1709,1566,9342
1501,1590,9347
1501,1590,9347
1501,1590,9347
1501,1590,9347
1501,1590,9347
1501,1590,9347
1501,1590,9347
1501,1590,9347
1501,1590,9347
1395,1557,9353
1395,1557,9353
1395,1557,9353
1395,1557,9353
1395,1557,9353
1395,1557,9353
1395,1557,9353
1395,1557,9353
1255,1584,9363
1255,1584,9363
1255,1584,9363
1255,1584,9363
1255,1584,9363
1255,1584,9363
1255,1584,9363
1255,1584,9363
1255,1584,9363
1069,1555,9313
1069,1555,9313
1069,1555,9313
1069,1555,9313
1069,1555,9313
1069,1555,9313
1069,1555,9313
1069,1555,9313
1069,1555,9313
1069,1560,9235
794,1560,9235
794,1560,9235
794,1560,9235
794,1560,9235
794,1560,9235
794,1560,9235
794,1560,9235
794,1560,9235
794,1560,9235
638,1506,9163
638,1506,9163
638,1506,9163
638,1506,9163
638,1506,9163
638,1506,9163
638,1506,9163
638,1506,9163
638,1506,9163
490,1473,9149
490,1473,9149
490,1473,9149
490,1473,9149
490,1473,9149
386,1479,9035
386,1479,9035
386,1479,9035
386,1479,9035
386,1479,9035
386,1479,9035
386,1479,9035
386,1479,9035
386,1479,9035
252,1459,9015
252,1459,9015
252,1459,9015
252,1459,9015
252,1459,9015
252,1459,9015
252,1459,9015
252,1459,9015
252,1459,9015
324,1469,9023
324,1469,9023
324,1469,9023
324,1469,9023
324,1469,9023
324,1469,9023
324,1469,9023
324,1469,9023
324,1469,9023
524,1488,9095
524,1488,9095
524,1488,9095
524,1488,9095
524,1488,9095
524,1488,9095
524,1488,9095
524,1488,9095
524,1488,9095
842,1459,9192
842,1459,9192
842,1459,9192
842,1459,9192
842,1459,9192
842,1459,9192
842,1459,9192
842,1459,9192
1193,1442,9310
1193,1442,9310
1193,1442,9310
1193,1442,9310
1193,1442,9310
1193,1442,9310
1193,1442,9310
1193,1442,9310
1193,1442,9310
1569,1381,9285
1569,1381,9285
1569,1381,9285
1569,1381,9285
1569,1381,9285
1569,1381,9285
1569,1381,9285
1569,1381,9285
1569,1381,9285
1569,1374,9263
1797,1374,9263
1797,1374,9263
1797,1374,9263
1797,1374,9263
1797,1374,9263
1797,1374,9263
1797,1374,9263
1797,1374,9263
1797,1374,9263
2049,1407,9237
2049,1407,9237
2049,1407,9237
2049,1407,9237
2049,1407,9237
2049,1407,9237
2049,1407,9237
2049,1407,9237
2049,1407,9237
2329,1441,9206
2329,1441,9206
2329,1441,9206
2329,1441,9206
2329,1441,9206
2329,1441,9206
2329,1441,9206
2329,1441,9206
2329,1441,9206
2669,1437,9145
2669,1437,9145
2669,1437,9145
2669,1437,9145
2669,1437,9145
2669,1437,9145
2669,1437,9145
2669,1437,9145
2669,1437,9145
2887,1476,9089
2887,1476,9089
2887,1476,9089
2887,1476,9089
2887,1476,9089
2887,1476,9089
2887,1476,9089
2887,1476,9089
2887,1476,9089
2887,1476,9089
3206,1518,8987
3206,1518,8987
3206,1518,8987
3206,1518,8987
3206,1518,8987
3206,1518,8987
3206,1518,8987
3206,1518,8987
3206,1518,8987
3352,1539,8941
3352,1539,8941
3352,1539,8941
3352,1539,8941
3352,1539,8941
3352,1539,8941
3352,1539,8941
3352,1539,8941
3352,1539,8941
3640,1539,8730
3640,1539,8730
3640,1539,8730
3640,1539,8730
3640,1539,8730
3640,1539,8730
3640,1539,8730
3640,1539,8730
3640,1539,8730
3889,1563,8573
3889,1563,8573
3889,1563,8573
3889,1563,8573
3889,1563,8573
3889,1563,8573
3889,1563,8573
3889,1563,8573
3889,1563,8573
4131,1628,8314
4131,1628,8314
4131,1628,8314
4131,1628,8314
4131,1628,8314
4131,1628,8314
4131,1628,8314
4131,1628,8314
4131,1628,8088
4345,1640,8088
4345,1640,8088
4345,1640,8088
4345,1640,8088
4345,1640,8088
4345,1640,8088
4345,1640,8088
4345,1640,8088
4447,1626,7855
4447,1626,7855
4447,1626,7855
4447,1626,7855
4447,1626,7855
4447,1626,7855
4447,1626,7855
4447,1626,7855
4447,1626,7855
4447,1626,7855
4577,1595,7647
4577,1595,7647
4577,1595,7647
4577,1595,7647
4577,1595,7647
4577,1595,7647
4577,1595,7647
4577,1595,7647
4577,1595,7647
4771,1696,7289
4771,1696,7289
4771,1696,7289
4771,1696,7289
4771,1696,7289
4771,1696,7289
4771,1696,7289
4771,1696,7289
4771,1696,7289
4907,1741,6929
4907,1741,6929
4907,1741,6929
4907,1741,6929
4907,1741,6929
4907,1741,6929
4907,1741,6929
4907,1741,6929
4907,1741,6929
4923,1759,6760
4923,1759,6760
4923,1759,6760
4923,1759,6760
4923,1759,6760
4923,1759,6760
4923,1759,6760
4923,1759,6760
4923,1759,6760
5023,1761,6476
5023,1761,6476
5023,1761,6476
5023,1761,6476
5023,1761,6476
5023,1761,6476
5023,1761,6476
5023,1761,6476
5023,1761,6476
4996,1757,6314
4996,1757,6314
4996,1757,6314
4996,1757,6314
4996,1757,6314
4996,1757,6314
4996,1757,6314
4996,1757,6314
4996,1757,6314
4993,1766,6189
4993,1766,6189
4993,1766,6189
4993,1766,6189
4993,1766,6189
4993,1766,6189
4993,1766,6189
4993,1766,6189
4993,1766,6189
4993,1791,6112
4993,1791,6112
4993,1791,6112
4993,1791,6112
4993,1791,6112
4993,1791,6112
4993,1791,6112
4993,1791,6112
4993,1791,6112
4962,1756,6012
4962,1756,6012
4962,1756,6012
4962,1756,6012
4962,1756,6012
4962,1756,6012
4962,1756,6012
4962,1756,6012
4962,1756,6012
4962,1763,5957
4997,1763,5957
4997,1763,5957
4997,1763,5957
4997,1763,5957
4997,1763,5957
5012,1782,6033
5012,1782,6033
5012,1782,6033
5012,1782,6033
5012,1782,6033
5012,1782,6033
5012,1782,6033
5012,1782,6033
4955,1755,6140
4955,1755,6140
4955,1755,6140
4955,1755,6140
4955,1755,6140
4955,1755,6140
4955,1755,6140
4955,1755,6140
4955,1755,6140
5006,1785,6309
5006,1785,6309
5006,1785,6309
5006,1785,6309
5006,1785,6309
5006,1785,6309
5006,1785,6309
5006,1785,6309
5006,1785,6309
4960,1755,6544
4960,1755,6544
4960,1755,6544
4960,1755,6544
4960,1755,6544
4960,1755,6544
4960,1755,6544
4960,1755,6544
4960,1755,6544
4925,1752,6849
4925,1752,6849
4925,1752,6849
4925,1752,6849
4925,1752,6849
4925,1752,6849
4925,1752,6849
4925,1752,6849
4925,1752,6849
4816,1722,7238
4816,1722,7238
4816,1722,7238
4816,1722,7238
4816,1722,7238
4816,1722,7238
4816,1722,7238
4816,1722,7238
4664,1704,7641
4664,1704,7641
4664,1704,7641
4664,1704,7641
4664,1704,7641
4664,1704,7641
4664,1704,7641
4664,1704,7641
4664,1704,7641
4664,1704,7641
4458,1721,7966
4458,1721,7966
4458,1721,7966
4458,1721,7966
4458,1721,7966
4458,1721,7966
4458,1721,7966
4458,1721,7966
4458,1721,7966
4262,1727,8230
4262,1727,8230
4262,1727,8230
4262,1727,8230
4262,1727,8230
4262,1727,8230
4262,1727,8230
4262,1727,8230
4262,1727,8230
4039,1655,8493
4039,1655,8493
4039,1655,8493
4039,1655,8493
4039,1655,8493
4039,1655,8493
4039,1655,8493
4039,1655,8493
4039,1655,8493
3712,1632,8732
3712,1632,8732
3712,1632,8732
3712,1632,8732
3712,1632,8732
3712,1632,8732
3712,1632,8732
3712,1632,8732
3712,1632,8732
3712,1632,8732
3437,1582,8904
3437,1582,8904
3437,1582,8904
3437,1582,8904
3437,1582,8904
3437,1582,8904
3437,1582,8904
3437,1582,8904
3437,1582,8904
3161,1600,9068
3161,1600,9068
3161,1600,9068
3161,1600,9068
3161,1600,9068
3161,1600,9068
3161,1600,9068
3161,1600,9068
3161,1600,9068
2925,1596,9127
2925,1596,9127
2925,1596,9127
2925,1596,9127
2925,1596,9127
2925,1596,9127
2925,1596,9127
2925,1596,9127
2925,1596,9127
2728,1580,9232
2728,1580,9232
2728,1580,9232
2728,1580,9232
2728,1580,9232
2728,1580,9232
2728,1580,9232
2728,1580,9232
2728,1580,9232
2472,1593,9265
2472,1593,9265
2472,1593,9265
2472,1593,9265
2472,1593,9265
2472,1593,9265
2472,1593,9265
2472,1593,9265
2369,1581,9307
2369,1581,9307
2369,1581,9307
2369,1581,9307
2369,1581,9307
2369,1581,9307
2369,1581,9307
2369,1581,9307
2369,1581,9307
2369,1581,9307
2165,1576,9323
2165,1576,9323
2165,1576,9323
2165,1576,9323
2165,1576,9323
2165,1576,9323
2165,1576,9323
2165,1576,9323
2165,1576,9323
1979,1553,9329
1979,1553,9329
1979,1553,9329
1979,1553,9329
1979,1553,9329
1979,1553,9329
1979,1553,9329
1979,1553,9329
1979,1553,9329
1829,1546,9324
1829,1546,9324
1829,1546,9324
1829,1546,9324
1829,1546,9324
1829,1546,9324
1829,1546,9324
1829,1546,9324
1829,1546,9324
1829,1546,9324
1661,1529,9300
1661,1529,9300
1661,1529,9300
1661,1529,9300
1661,1529,9300
1661,1529,9300
1661,1529,9300
1661,1529,9300
1661,1529,9300
1455,1427,9275
1455,1427,9275
1455,1427,9275
1455,1427,9275
1455,1427,9275
1455,1427,9275
1455,1427,9275
1455,1427,9275
1455,1427,9275
1318,1422,9229
1318,1422,9229
1318,1422,9229
1318,1422,9229
1318,1422,9229
1318,1422,9229
1318,1422,9229
1318,1422,9229
1318,1422,9229
1161,1435,9234
1161,1435,9234
1161,1435,9234
1161,1435,9234
1161,1435,9234
1161,1435,9234
1161,1435,9234
1161,1435,9234
1161,1435,9234
1043,1459,9232
1043,1459,9232
1043,1459,9232
1043,1459,9232
1043,1459,9232
1043,1459,9232
1043,1459,9232
1043,1459,9232
1043,1459,9232
1066,1470,9261
1066,1470,9261
1066,1470,9261
1066,1470,9261
1066,1470,9261
1066,1470,9261
1066,1470,9261
1066,1470,9261
1066,1470,9261
1345,1449,9296
1345,1449,9296
1345,1449,9296
1345,1449,9296
1345,1449,9296
1345,1449,9296
1345,1449,9296
1345,1449,9296
1345,1449,9296
1623,1519,9304
1623,1519,9304
1623,1519,9304
1623,1519,9304
1623,1519,9304
1623,1519,9304
1623,1519,9304
1623,1519,9304
1623,1519,9304
2143,1523,9293
2143,1523,9293
2143,1523,9293
2143,1533,9244
2469,1533,9244
2469,1533,9244
2469,1533,9244
2469,1533,9244
2469,1533,9244
2469,1533,9244
2469,1533,9244
2469,1533,9244
2469,1533,9244
2701,1513,9172
2701,1513,9172
2701,1513,9172
2701,1513,9172
2701,1513,9172
2701,1513,9172
2701,1513,9172
2701,1513,9172
2701,1513,9172
2701,1513,9172
2954,1558,9103
2954,1558,9103
2954,1558,9103
2954,1558,9103
2954,1558,9103
2954,1558,9103
2954,1558,9103
2954,1558,9103
2954,1558,9103
3283,1633,9009
3283,1633,9009
3283,1633,9009
3283,1633,9009
3283,1633,9009
3283,1633,9009
3283,1633,9009
3283,1633,9009
3283,1633,9009
3557,1665,8845
3557,1665,8845
3557,1665,8845
3557,1665,8845
3557,1665,8845
3557,1665,8845
3557,1665,8845
3557,1665,8845
3557,1665,8845
3828,1659,8634
3828,1659,8634
3828,1659,8634
3828,1659,8634
3828,1659,8634
3828,1659,8634
3828,1659,8634
3828,1659,8634
3828,1659,8634
4090,1680,8402
4090,1680,8402
4090,1680,8402
4090,1680,8402
4090,1680,8402
4090,1680,8402
4090,1680,8402
4090,1680,8402
4090,1680,8402
4255,1649,8214
4255,1649,8214
4255,1649,8214
4255,1649,8214
4255,1649,8214
4255,1649,8214
4255,1649,8214
4255,1649,8214
4255,1649,8214
4404,1700,7978
4404,1700,7978
4404,1700,7978
4404,1700,7978
4404,1700,7978
4404,1700,7978
4404,1700,7978
4404,1700,7978
4404,1700,7978
4514,1720,7835
4514,1720,7835
4514,1720,7835
4514,1720,7835
4514,1720,7835
4514,1720,7835
4514,1720,7835
4514,1720,7835
4514,1720,7835
4704,1797,7510
4704,1797,7510
4704,1797,7510
4704,1797,7510
4704,1797,7510
4704,1797,7510
4704,1797,7510
4704,1797,7510
4704,1797,7510
4809,1801,7249
4809,1801,7249
4809,1801,7249
4809,1801,7249
4809,1801,7249
4809,1801,7249
4809,1801,7249
4809,1801,7249
4809,1801,7249
4948,1854,6948
4948,1854,6948
4948,1854,6948
4948,1854,6948
4948,1854,6948
4948,1854,6948
4948,1854,6948
4948,1854,6948
4948,1854,6948
5020,1912,6475
5020,1912,6475
5020,1912,6475
5020,1912,6475
5020,1912,6475
5020,1912,6475
5020,1912,6475
5020,1912,6475
5020,1912,6475
5020,1912,6475
5053,1925,6146
5053,1925,6146
5053,1925,6146
5053,1925,6146
5053,1925,6146
5053,1925,6146
5053,1925,6146
5053,1925,6146
5053,1925,6146
5027,1929,5690
5027,1929,5690
5027,1929,5690
5027,1929,5690
5027,1929,5690
5027,1929,5690
5027,1929,5690
5027,1929,5690
5027,1929,5690
5027,1929,5690
4957,1922,5446
4957,1922,5446
4957,1922,5446
4957,1922,5446
4957,1922,5446
4957,1922,5446
4957,1922,5446
4957,1922,5446
4957,1922,5446
4904,1883,5276
4904,1883,5276
4904,1883,5276
4904,1883,5276
4904,1883,5276
4904,1883,5276
4904,1883,5276
4904,1883,5276
4858,1967,5241
4858,1967,5241
4858,1967,5241
4858,1967,5241
4858,1967,5241
4858,1967,5241
4858,1967,5241
4858,1967,5241
4858,1967,5241
4913,1970,5186
4913,1970,5186
4913,1970,5186
4913,1970,5186
4913,1970,5186
4913,1970,5186
4913,1970,5186
4913,1970,5186
4913,1970,5186
4852,1969,5154
4852,1969,5154
4852,1969,5154
4852,1969,5154
4852,1969,5154
4852,1969,5154
4852,1969,5154
4852,1969,5154
4852,1969,5154
4910,1930,5332
4910,1930,5332
4910,1930,5332
4910,1930,5332
4910,1930,5332
4910,1930,5332
4910,1930,5332
4910,1930,5332
4910,1930,5332
4953,1930,5553
4953,1930,5553
4953,1930,5553
4953,1930,5553
4953,1930,5553
4953,1930,5553
4953,1930,5553
4953,1930,5553
4953,1930,5553
5015,1929,5772
5015,1929,5772
5015,1929,5772
5015,1929,5772
5015,1929,5772
5015,1929,5772
5015,1929,5772
5015,1929,5772
5015,1929,5772
5015,1929,5772
5083,1930,6068
5083,1930,6068
5083,1930,6068
5083,1930,6068
5083,1930,6068
5083,1930,6068
5083,1930,6068
5083,1930,6068
5083,1930,6068
5077,1879,6441
5077,1879,6441
5077,1879,6441
5077,1879,6441
5077,1879,6441
5077,1879,6441
5077,1879,6441
5077,1879,6441
5077,1879,6786
5023,1893,6786
5023,1893,6786
5023,1893,6786
5023,1893,6786
5023,1893,6786
5023,1893,6786
5023,1893,6786
5023,1893,6786
5023,1893,6786
4915,1892,7193
4915,1892,7193
4915,1892,7193
4915,1892,7193
4915,1892,7193
4915,1892,7193
4915,1892,7193
4915,1892,7193
4915,1892,7193
4745,1886,7593
4745,1886,7593
4745,1886,7593
4745,1886,7593
4551,1899,7980
4551,1899,7980
4551,1899,7980
4551,1899,7980
4551,1899,7980
4551,1899,7980
4551,1899,7980
4551,1899,7980
4551,1899,7980
4231,1766,8332
4231,1766,8332
4231,1766,8332
4231,1766,8332
4231,1766,8332
4231,1766,8332
4231,1766,8332
4231,1766,8332
4231,1766,8332
3967,1704,8635
3967,1704,8635
3967,1704,8635
3967,1704,8635
3967,1704,8635
3967,1704,8635
3967,1704,8635
3967,1704,8635
3967,1704,8635
3694,1708,8818
3694,1708,8818
3694,1708,8818
3694,1708,8818
3694,1708,8818
3694,1708,8818
3694,1708,8818
3694,1708,8818
3694,1708,8818
3430,1676,8996
3430,1676,8996
3430,1676,8996
3430,1676,8996
3430,1676,8996
3430,1676,8996
3430,1676,8996
3430,1676,8996
3430,1676,8996
3430,1676,8996
3109,1688,9140
3109,1688,9140
3109,1688,9140
3109,1688,9140
3109,1688,9140
3109,1688,9140
3109,1688,9140
3109,1688,9140
3109,1688,9140
2912,1699,9231
2912,1699,9231
2912,1699,9231
2912,1699,9231
2912,1699,9231
2912,1699,9231
2912,1699,9231
2912,1699,9231
2912,1699,9231
2912,1699,9279
2581,1640,9279
2581,1640,9279
2581,1640,9279
2581,1640,9279
2581,1640,9279
2581,1640,9279
2581,1640,9279
2581,1640,9279
2581,1640,9279
2291,1614,9355
2291,1614,9355
2291,1614,9355
2291,1614,9355
2291,1614,9355
2291,1614,9355
2291,1614,9355
2291,1614,9355
2014,1587,9321
2014,1587,9321
2014,1587,9321
2014,1587,9321
2014,1587,9321
2014,1587,9321
2014,1587,9321
2014,1587,9321
2014,1587,9321
1886,1603,9349
1886,1603,9349
1886,1603,9349
1886,1603,9349
1886,1603,9349
1886,1603,9349
1886,1603,9349
1886,1603,9349
1886,1603,9349
1889,1620,9344
1889,1620,9344
1889,1620,9344
1889,1620,9344
1889,1620,9344
1889,1620,9344
1889,1620,9344
1889,1620,9344
1889,1620,9344
1873,1659,9371
1873,1659,9371
1873,1659,9371
1873,1659,9371
1873,1659,9371
1873,1659,9371
1873,1659,9371
1873,1659,9371
1873,1659,9371
1873,1659,9371
1837,1685,9426
1837,1685,9426
1837,1685,9426
1837,1685,9426
1837,1685,9426
1837,1685,9426
1837,1685,9426
1837,1685,9426
1837,1685,9426
1848,1646,9400
1848,1646,9400
1848,1646,9400
1848,1646,9400
1848,1646,9400
1848,1646,9400
1848,1646,9400
1848,1646,9400
1848,1646,9400
2037,1678,9360
2037,1678,9360
2037,1678,9360
2037,1678,9360
2037,1678,9360
2037,1678,9360
2037,1678,9360
2037,1678,9360
2037,1678,9360
1962,1644,9388
1962,1644,9388
1962,1644,9388
1962,1644,9388
1962,1644,9388
1962,1644,9388
1962,1644,9388
1962,1644,9388
1962,1644,9388
1838,1578,9350
1838,1578,9350
1838,1578,9350
1838,1578,9350
1838,1578,9350
1838,1578,9350
1838,1578,9350
1838,1578,9350
1838,1578,9350
1838,1578,9350
1827,1520,9372
1827,1520,9372
1827,1520,9372
1827,1520,9372
1827,1520,9372
1827,1520,9372
1827,1520,9372
1827,1520,9372
1827,1520,9372
1824,1492,9372
1824,1492,9372
1824,1492,9372
1824,1492,9372
1824,1492,9372
1824,1492,9372
1824,1492,9372
1824,1492,9372
1824,1492,9372
1854,1550,9351
1854,1550,9351
1854,1550,9351
1854,1550,9351
1854,1550,9351
1854,1550,9351
1854,1550,9351
1854,1550,9351
1854,1539,9391
1972,1539,9391
1972,1539,9391
1972,1539,9391
1972,1539,9391
1972,1539,9391
1972,1539,9391
1972,1539,9391
1972,1539,9391
1972,1539,9391
1950,1534,9356
1950,1534,9356
1950,1534,9356
1950,1534,9356
1950,1534,9356
1950,1534,9356
1950,1534,9356
1950,1534,9356
1950,1534,9356
2042,1600,9350
2042,1600,9350
2042,1600,9350
2042,1600,9350
2042,1600,9350
2042,1600,9350
2042,1600,9350
2042,1600,9350
2042,1600,9350
2114,1681,9391
2114,1681,9391
2114,1681,9391
2114,1681,9391
2114,1681,9391
2114,1681,9391
2114,1681,9391
2114,1681,9391
2114,1681,9391
2309,1759,9372
2309,1759,9372
2309,1759,9372
2309,1759,9372
2309,1759,9372
2309,1759,9372
2309,1759,9372
2309,1759,9372
2309,1759,9372
2461,1843,9389
2461,1843,9389
2461,1843,9389
2461,1843,9389
2461,1843,9389
2461,1843,9389
2461,1843,9389
2461,1843,9389
2461,1843,9389
2461,1843,9389
2404,1886,9424
2404,1886,9424
2404,1886,9424
2404,1886,9424
2404,1886,9424
2669,2067,9392
2669,2067,9392
2669,2067,9392
2669,2067,9392
2669,2067,9392
2669,2067,9392
2669,2067,9392
2669,2067,9392
2748,2323,9413
2748,2323,9413
2748,2323,9413
2748,2323,9413
2748,2323,9413
2748,2323,9413
2748,2323,9413
2748,2323,9413
2806,2585,9475
2806,2585,9475
2806,2585,9475
2806,2585,9475
2806,2585,9475
2806,2585,9475
2806,2585,9475
2806,2585,9475
2806,2585,9475
2837,2663,9407
2837,2663,9407
2837,2663,9407
2837,2663,9407
2837,2663,9407
2837,2663,9407
2837,2663,9407
2837,2663,9407
2837,2663,9407
2816,2684,9485
2816,2684,9485
2816,2684,9485
2816,2684,9485
2816,2684,9485
2816,2684,9485
2816,2684,9485
2816,2684,9485
2816,2684,9485
2973,2739,9418
2973,2739,9418
2973,2739,9418
2973,2739,9418
2973,2739,9418
2973,2739,9418
2973,2739,9418
2973,2739,9418
2973,2739,9418
2973,2739,9418
3007,2788,9448
3007,2788,9448
3007,2788,9448
3007,2788,9448
3007,2788,9448
3007,2788,9448
3007,2788,9448
3007,2788,9448
3007,2788,9448
3036,2902,9364
3036,2902,9364
3036,2902,9364
3036,2902,9364
3036,2902,9364
3036,2902,9364
3036,2902,9364
3036,2902,9364
3036,2902,9364
3044,3005,9386
3044,3005,9386
3044,3005,9386
3044,3005,9386
3044,3005,9386
3044,3005,9386
3044,3005,9386
3044,3005,9386
3044,3005,9386
3005,3233,9402
3005,3233,9402
3005,3233,9402
3005,3233,9402
3005,3233,9402
3005,3233,9402
3005,3233,9402
3005,3233,9402
3005,3233,9402
3012,3372,9339
3012,3372,9339
3012,3372,9339
3012,3372,9339
3012,3372,9339
3012,3372,9339
3012,3372,9339
3012,3372,9339
3012,3372,9339
3012,3372,9339
3009,3523,9299
3009,3523,9299
3009,3523,9299
3009,3523,9299
3009,3523,9299
3009,3523,9299
3009,3523,9299
3009,3523,9299
2871,3627,9350
2871,3627,9350
2871,3627,9350
2871,3627,9350
2871,3627,9350
2871,3627,9350
2871,3627,9350
2871,3627,9350
2871,3627,9350
2732,3772,9384
2732,3772,9384
2732,3772,9384
2732,3772,9384
2732,3772,9384
2732,3772,9384
2732,3772,9384
2732,3772,9384
2732,3772,9384
2605,3834,9363
2605,3834,9363
2605,3834,9363
2605,3834,9363
2605,3834,9363
2605,3834,9363
2605,3834,9363
2605,3834,9363
2605,3834,9363
2456,3990,9350
2456,3990,9350
2456,3990,9350
2456,3990,9350
2456,3990,9350
2456,3990,9350
2456,3990,9350
2456,3990,9350
2456,3990,9350
2456,3990,9350
2383,4023,9379
2383,4023,9379
2383,4023,9379
2383,4023,9379
2383,4023,9379
2383,4023,9379
2383,4023,9379
2383,4023,9379
2383,4023,9379
2279,3948,9418
2279,3948,9418
2279,3948,9418
2279,3948,9418
2279,3948,9418
2279,3948,9418
2279,3948,9418
2279,3948,9418
2279,3948,9418
2369,3786,9460
2369,3786,9460
2369,3786,9460
2369,3786,9460
2369,3786,9460
2369,3786,9460
2369,3786,9460
2369,3786,9460
2369,3786,9460
2197,3748,9468
2197,3748,9468
2197,3748,9468
2197,3748,9468
2197,3748,9468
2197,3748,9468
2197,3748,9468
2197,3748,9468
2197,3748,9468
2400,3891,9437
2400,3891,9437
2400,3891,9437
2400,3891,9437
2400,3891,9437
2400,3891,9437
2400,3891,9437
2400,3891,9437
2400,3891,9437
2168,3789,9478
2168,3789,9478
2168,3789,9478
2168,3789,9478
2168,3789,9478
2168,3789,9478
2168,3789,9478
2168,3789,9478
1929,3727,9528
1929,3727,9528
1929,3727,9528
1929,3727,9528
1929,3727,9528
1929,3727,9528
1929,3727,9528
1929,3727,9528
1929,3727,9528
1929,3727,9528
1873,3869,9516
1873,3869,9516
1873,3869,9516
1873,3869,9516
1873,3869,9516
1873,3869,9516
1873,3869,9516
1873,3869,9516
1873,3869,9516
1873,3904,9466
1874,3904,9466
1874,3904,9466
1874,3904,9466
1874,3904,9466
1874,3904,9466
1874,3904,9466
1874,3904,9466
1874,3904,9466
1874,3904,9466
1865,3957,9435
1865,3957,9435
1865,3957,9435
1865,3957,9435
1865,3957,9435
1865,3957,9435
1865,3957,9435
1865,3957,9435
1865,3957,9435
1819,3974,9422
1819,3974,9422
1819,3974,9422
1819,3974,9422
1819,3974,9422
1819,3974,9422
1819,3974,9422
1819,3974,9422
1819,3974,9422
1709,4002,9460
1709,4002,9460
1709,4002,9460
1709,4002,9460
1709,4002,9460
1709,4002,9460
1709,4002,9460
1709,4002,9460
1709,4002,9460
1631,4025,9433
1631,4025,9433
1631,4025,9433
1631,4025,9433
1462,3951,9417
1462,3951,9417
1462,3951,9417
1462,3951,9417
1462,3951,9417
1462,3951,9417
1462,3951,9417
1462,3951,9417
1462,3951,9417
1271,3910,9448
1271,3910,9448
1271,3910,9448
1271,3910,9448
1271,3910,9448
1271,3910,9448
1271,3910,9448
1271,3910,9448
1271,3910,9448
1271,3910,9448
1131,3855,9444
1131,3855,9444
1131,3855,9444
1131,3855,9444
1131,3855,9444
1131,3855,9444
1131,3855,9444
1131,3855,9444
957,3813,9393
957,3813,9393
957,3813,9393
957,3813,9393
957,3813,9393
957,3813,9393
957,3813,9393
957,3813,9393
957,3813,9393
879,3740,9381
879,3740,9381
879,3740,9381
879,3740,9381
879,3740,9381
879,3740,9381
879,3740,9381
879,3740,9381
879,3740,9381
788,3724,9408
788,3724,9408
788,3724,9408
788,3724,9408
788,3724,9408
788,3724,9408
788,3724,9408
788,3724,9408
788,3724,9408
788,3724,9408
656,3627,9335
656,3627,9335
656,3627,9335
656,3627,9335
656,3627,9335
656,3627,9335
656,3627,9335
656,3627,9335
656,3627,9335
525,3577,9343
525,3577,9343
525,3577,9343
525,3577,9343
525,3577,9343
525,3577,9343
525,3577,9343
525,3577,9343
525,3577,9343
482,3612,9326
482,3612,9326
482,3612,9326
482,3612,9326
482,3612,9326
482,3612,9326
482,3612,9326
482,3612,9326
482,3612,9326
448,3545,9334
448,3545,9334
448,3545,9334
448,3545,9334
448,3545,9334
448,3545,9334
448,3545,9334
448,3545,9334
448,3545,9334
364,3338,9367
364,3338,9367
364,3338,9367
364,3338,9367
364,3338,9367
364,3338,9367
364,3338,9367
364,3338,9367
364,3338,9367
331,3173,9333
331,3173,9333
331,3173,9333
331,3173,9333
331,3173,9333
331,3173,9333
331,3173,9333
331,3173,9333
331,3173,9333
331,2975,9344
329,2975,9344
329,2975,9344
329,2975,9344
329,2975,9344
329,2975,9344
329,2975,9344
329,2975,9344
329,2975,9344
273,2825,9405
273,2825,9405
273,2825,9405
273,2825,9405
273,2825,9405
273,2825,9405
273,2825,9405
273,2825,9405
273,2825,9405
221,2588,9293
221,2588,9293
221,2588,9293
221,2588,9293
221,2588,9293
221,2588,9293
221,2588,9293
221,2588,9293
221,2588,9293
221,2588,9293
2,2315,9132
2,2315,9132
2,2315,9132
2,2315,9132
2,2315,9132
2,2315,9132
2,2315,9132
2,2315,9132
2,2315,9132
103,2214,9166
103,2214,9166
103,2214,9166
103,2214,9166
103,2214,9166
103,2214,9166
103,2214,9166
103,2214,9166
103,2214,9166
212,2212,9269
212,2212,9269
212,2212,9269
212,2212,9269
212,2212,9269
212,2212,9269
212,2212,9269
212,2212,9269
212,2212,9269
246,2187,9229
246,2187,9229
246,2187,9229
246,2187,9229
246,2187,9229
246,2187,9229
246,2187,9229
246,2187,9229
246,2187,9229
391,1956,9256
391,1956,9256
391,1956,9256
391,1956,9256
391,1956,9256
391,1956,9256
391,1956,9256
391,1956,9256
391,1956,9256
569,1729,9270
569,1729,9270
569,1729,9270
569,1729,9270
569,1729,9270
569,1729,9270
569,1729,9270
569,1729,9270
569,1729,9270
625,1615,9233
625,1615,9233
625,1615,9233
625,1615,9233
625,1615,9233
625,1615,9233
625,1615,9233
625,1615,9233
625,1615,9233
625,1615,9222
740,1559,9222
740,1559,9222
740,1559,9222
740,1559,9222
740,1559,9222
740,1559,9222
740,1559,9222
740,1559,9222
740,1559,9222
832,1555,9221
832,1555,9221
832,1555,9221
832,1555,9221
832,1555,9221
832,1555,9221
832,1555,9221
832,1555,9221
925,1550,9232
925,1550,9232
925,1550,9232
925,1550,9232
925,1550,9232
925,1550,9232
925,1550,9232
925,1550,9232
925,1550,9232
929,1542,9267
929,1542,9267
929,1542,9267
929,1542,9267
929,1542,9267
929,1542,9267
929,1542,9267
929,1542,9267
929,1542,9267
952,1501,9245
952,1501,9245
952,1501,9245
952,1501,9245
952,1501,9245
952,1501,9245
952,1501,9245
952,1501,9245
952,1501,9245
952,1501,9245
997,1461,9274
997,1461,9274
997,1461,9274
997,1461,9274
997,1461,9274
997,1461,9274
997,1461,9274
997,1461,9274
997,1461,9274
1082,1384,9263
1082,1384,9263
1082,1384,9263
1082,1384,9263
1082,1384,9263
1082,1384,9263
1082,1384,9263
1082,1384,9263
1082,1384,9263
1091,1304,9191
1091,1304,9191
1091,1304,9191
1091,1304,9191
1091,1304,9191
1091,1304,9191
1091,1304,9191
1276,1378,9276
1276,1378,9276
1276,1378,9276
1276,1378,9276
1276,1378,9276
1276,1378,9276
1321,1344,9232
1321,1344,9232
1321,1344,9232
1321,1344,9232
1321,1344,9232
1321,1344,9232
1321,1344,9232
1321,1344,9232
1321,1344,9232
1321,1344,9232
1469,1272,9171
1469,1272,9171
1469,1272,9171
1469,1272,9171
1469,1272,9171
1469,1272,9171
1469,1272,9171
1469,1272,9171
1469,1272,9171
1555,1251,9177
1555,1251,9177
1555,1251,9177
1555,1251,9177
1555,1251,9177
1555,1251,9177
1555,1251,9177
1555,1251,9177
1875,1305,9257
1875,1305,9257
1875,1305,9257
1875,1305,9257
1875,1305,9257
1875,1305,9257
1875,1305,9257
1875,1305,9257
1875,1305,9257
2033,1387,9228
2033,1387,9228
2033,1387,9228
2033,1387,9228
2033,1387,9228
2033,1387,9228
2033,1387,9228
2033,1387,9228
2033,1387,9228
2057,1421,9269
2057,1421,9269
2057,1421,9269
2057,1421,9269
2057,1421,9269
2057,1421,9269
2057,1421,9269
2057,1421,9269
2057,1421,9269
2211,1481,9255
2211,1481,9255
2211,1481,9255
2211,1481,9255
2211,1481,9255
2211,1481,9255
2211,1481,9255
2211,1481,9255
2211,1481,9255
2211,1481,9255
2297,1533,9230
2297,1533,9230
2297,1533,9230
2297,1533,9230
2297,1533,9230
2297,1533,9230
2297,1533,9230
2297,1533,9230
2297,1533,9230
2297,1533,9186
2558,1510,9186
2558,1510,9186
2558,1510,9186
2558,1510,9186
2558,1510,9186
2558,1510,9186
2558,1510,9186
2558,1510,9186
2558,1510,9186
3006,1436,9016
3006,1436,9016
3006,1436,9016
3006,1436,9016
3006,1436,9016
3006,1436,9016
3006,1436,9016
3006,1436,9016
3006,1436,9016
3444,1496,8871
3444,1496,8871
3444,1496,8871
3444,1496,8871
3444,1496,8871
3444,1496,8871
3444,1496,8871
3444,1496,8871
3444,1496,8871
3690,1687,8766
3690,1687,8766
3690,1687,8766
3690,1687,8766
3690,1687,8766
3690,1687,8766
3690,1687,8766
3690,1687,8766
3690,1687,8766
3980,1917,8694
3980,1917,8694
3980,1917,8694
3980,1917,8694
3980,1917,8694
3980,1917,8694
3980,1917,8694
3980,1917,8694
4076,2027,8608
4076,2027,8608
4076,2027,8608
4076,2027,8608
4076,2027,8608
4076,2027,8608
4076,2027,8608
4076,2027,8608
4076,2027,8608
4104,2073,8626
4104,2073,8626
4104,2073,8626
4104,2073,8626
4104,2073,8626
4104,2073,8626
4104,2073,8626
4104,2073,8626
4104,2073,8626
4104,2073,8695
4106,2096,8695
4106,2096,8695
4106,2096,8695
4106,2096,8695
4106,2096,8695
4106,2096,8695
4106,2096,8695
4106,2096,8695
4106,2096,8695
4051,2121,8654
4051,2121,8654
4051,2121,8654
4051,2121,8654
4051,2121,8654
4051,2121,8654
4051,2121,8654
4051,2121,8654
4051,2121,8654
4064,2110,8701
4064,2110,8701
4064,2110,8701
4064,2110,8701
4064,2110,8701
4064,2110,8701
4064,2110,8701
4064,2110,8701
4064,2110,8728
4062,2183,8728
4062,2183,8728
4062,2183,8728
4062,2183,8728
4062,2183,8728
4062,2183,8728
4062,2183,8728
4062,2183,8728
4062,2183,8728
4017,2288,8764
4017,2288,8764
4017,2288,8764
4017,2288,8764
4017,2288,8764
4017,2288,8764
4017,2288,8764
4017,2288,8764
4017,2288,8764
4017,2288,8764
4041,2426,8819
4041,2426,8819
4041,2426,8819
4041,2426,8819
4041,2426,8819
4041,2426,8819
4041,2426,8819
4041,2426,8819
4041,2426,8819
4016,2534,8814
4016,2534,8814
4016,2534,8814
4016,2534,8814
4016,2534,8814
4016,2534,8814
4016,2534,8814
4016,2534,8814
4016,2534,8814
3946,2817,8871
3946,2817,8871
3946,2817,8871
3946,2817,8871
3946,2817,8871
3946,2817,8871
3946,2817,8871
3946,2817,8871
4005,2995,8836
4005,2995,8836
4005,2995,8836
4005,2995,8836
4005,2995,8836
4005,2995,8836
4005,2995,8836
4005,2995,8836
4005,2995,8836
4005,2995,8836
3906,3066,8854
3906,3066,8854
3906,3066,8854
3906,3066,8854
3906,3066,8854
3906,3066,8854
3906,3066,8854
3906,3066,8854
3906,3066,8854
3952,3042,8837
3952,3042,8837
3952,3042,8837
3952,3042,8837
3952,3042,8837
3952,3042,8837
3952,3042,8837
3952,3042,8837
3952,3042,8837
3944,3029,8897
3944,3029,8897
3944,3029,8897
3944,3029,8897
3944,3029,8897
3944,3029,8897
3944,3029,8897
3944,3029,8897
3944,3029,8897
3804,3169,8933
3804,3169,8933
3804,3169,8933
3804,3169,8933
3619,3405,9005
3619,3405,9005
3619,3405,9005
3619,3405,9005
3619,3405,9005
3619,3405,9005
3619,3405,9005
3619,3405,9005
3619,3405,9005
3619,3405,9005
3671,3568,8963
3671,3568,8963
3671,3568,8963
3671,3568,8963
3671,3568,8963
3671,3568,8963
3671,3568,8963
3671,3568,8963
3671,3568,8963
3466,3640,9024
3466,3640,9024
3466,3640,9024
3466,3640,9024
3466,3640,9024
3466,3640,9024
3466,3640,9024
3466,3640,9024
3466,3640,9024
3380,3679,9110
3380,3679,9110
3380,3679,9110
3380,3679,9110
3380,3679,9110
3380,3679,9110
3380,3679,9110
3380,3679,9110
3380,3679,9110
3101,3649,9230
3101,3649,9230
3101,3649,9230
3101,3649,9230
3101,3649,9230
3101,3649,9230
3101,3649,9230
3101,3649,9230
3101,3649,9230
3050,3714,9225
3050,3714,9225
3050,3714,9225
3050,3714,9225
3050,3714,9225
3050,3714,9225
3050,3714,9225
3050,3714,9225
3057,3810,9225
3057,3810,9225
3057,3810,9225
3057,3810,9225
3057,3810,9225
3057,3810,9225
3057,3810,9225
3057,3810,9225
3057,3810,9225
3057,3810,9225
2928,3893,9210
2928,3893,9210
2928,3893,9210
2928,3893,9210
2928,3893,9210
2928,3893,9210
2928,3893,9210
2928,3893,9210
2928,3893,9210
2897,4011,9177
2897,4011,9177
2897,4011,9177
2897,4011,9177
2897,4011,9177
2897,4011,9177
2897,4011,9177
2897,4011,9177
2897,4011,9177
2852,4095,9180
2852,4095,9180
2852,4095,9180
2852,4095,9180
2852,4095,9180
2852,4095,9180
2852,4095,9180
2852,4095,9180
2852,4095,9180
2823,4177,9128
2823,4177,9128
2823,4177,9128
2823,4177,9128
2823,4177,9128
2823,4177,9128
2823,4177,9128
2823,4177,9128
2823,4177,9128
2848,4177,9113
2848,4177,9113
2848,4177,9113
2848,4177,9113
2848,4177,9113
2848,4177,9113
2848,4177,9113
2848,4177,9113
2848,4177,9113
2934,4099,9126
2934,4099,9126
2934,4099,9126
2934,4099,9126
2934,4099,9126
2934,4099,9126
2934,4099,9126
2934,4099,9126
2934,4099,9126
2934,4099,9126
3006,3979,9179
3006,3979,9179
3006,3979,9179
3006,3979,9179
3006,3979,9179
3006,3979,9179
3006,3979,9179
3006,3979,9179
3006,3979,9179
3006,3979,9179
2684,3813,9325
2684,3813,9325
2684,3813,9325
2684,3813,9325
2684,3813,9325
2684,3813,9325
2684,3813,9325
2684,3813,9325
2684,3813,9325
2562,3804,9365
2562,3804,9365
2562,3804,9365
2562,3804,9365
2562,3804,9365
2562,3804,9365
2562,3804,9365
2562,3804,9365
2391,3847,9385
2391,3847,9385
2391,3847,9385
2391,3847,9385
2391,3847,9385
2391,3847,9385
2391,3847,9385
2391,3847,9385
2391,3847,9385
2256,3669,9442
2256,3669,9442
2256,3669,9442
2256,3669,9442
2256,3669,9442
2256,3669,9442
2256,3669,9442
2256,3669,9442
2256,3669,9442
2284,3515,9476
2284,3515,9476
2284,3515,9476
2284,3515,9476
2284,3515,9476
2284,3515,9476
2284,3515,9476
2284,3515,9476
2284,3515,9476
2371,3586,9453
2371,3586,9453
2371,3586,9453
2371,3586,9453
2371,3586,9453
2371,3586,9453
2371,3586,9453
2371,3586,9453
2371,3586,9453
2339,3626,9450
2339,3626,9450
2339,3626,9450
2339,3626,9450
2339,3626,9450
2339,3626,9450
2339,3626,9450
2339,3626,9450
2339,3626,9450
2227,3666,9444
2227,3666,9444
2227,3666,9444
2227,3666,9444
2227,3666,9444
2227,3666,9444
2227,3666,9444
2227,3666,9444
2227,3666,9444
2227,3666,9444
2112,3649,9508
2112,3649,9508
2112,3649,9508
2112,3649,9508
2112,3649,9508
2112,3649,9508
2112,3649,9508
2112,3649,9508
2112,3649,9508
1971,3565,9494
1971,3565,9494
1971,3565,9494
1971,3565,9494
1971,3565,9494
1971,3565,9494
1971,3565,9494
1971,3565,9494
1971,3565,9494
1955,3563,9548
1955,3563,9548
1955,3563,9548
1955,3563,9548
1955,3563,9548
1955,3563,9548
1955,3563,9548
1955,3563,9548
1955,3563,9548
1844,3473,9524
1844,3473,9524
1844,3473,9524
1844,3473,9524
1844,3473,9524
1844,3473,9524
1844,3473,9524
1844,3473,9524
1844,3473,9524
1741,3344,9540
1741,3344,9540
1741,3344,9540
1741,3344,9540
1741,3344,9540
1741,3344,9540
1741,3344,9540
1741,3344,9540
1741,3344,9540
1726,3213,9561
1726,3213,9561
1726,3213,9561
1726,3213,9561
1726,3213,9561
1726,3213,9561
1726,3213,9561
1726,3213,9561
1726,3213,9561
1602,3077,9579
1602,3077,9579
1602,3077,9579
1602,3077,9579
1418,2997,9551
1418,2997,9551
1418,2997,9551
1418,2997,9551
1418,2997,9551
1418,2997,9551
1418,2997,9551
1418,2997,9551
1418,2997,9551
1466,2933,9612
1466,2933,9612
1466,2933,9612
1466,2933,9612
1466,2933,9612
1466,2933,9612
1466,2933,9612
1466,2933,9612
1466,2933,9612
1466,2933,9612
1483,2710,9576
1483,2710,9576
1483,2710,9576
1483,2710,9576
1483,2710,9576
1483,2710,9576
1483,2710,9576
1483,2710,9576
1493,2433,9567
1493,2433,9567
1493,2433,9567
1493,2433,9567
1493,2433,9567
1493,2433,9567
1493,2433,9567
1493,2433,9567
1493,2433,9567
1493,2433,9567
1526,2363,9548
1526,2363,9548
1526,2363,9548
1526,2363,9548
1526,2363,9548
1526,2363,9548
1526,2363,9548
1526,2363,9548
1526,2363,9548
1526,2363,9548
1426,2422,9553
1426,2422,9553
1426,2422,9553
1426,2422,9553
1426,2422,9553
1426,2422,9553
1426,2422,9553
1426,2422,9553
1426,2422,9553
1380,2369,9542
1380,2369,9542
1380,2369,9542
1380,2369,9542
1380,2369,9542
1380,2369,9542
1380,2369,9542
1380,2369,9542
1400,2273,9510
1400,2273,9510
1400,2273,9510
1400,2273,9510
1400,2273,9510
1400,2273,9510
1400,2273,9510
1400,2273,9510
1400,2273,9510
1357,2128,9490
1357,2128,9490
1357,2128,9490
1357,2128,9490
1357,2128,9490
1357,2128,9490
1357,2128,9490
1357,2128,9490
1357,2128,9490
1385,1958,9462
1385,1958,9462
1385,1958,9462
1385,1958,9462
1385,1958,9462
1385,1958,9462
1385,1958,9462
1385,1958,9462
1385,1958,9462
1463,1844,9430
1463,1844,9430
1463,1844,9430
1463,1844,9430
1463,1844,9430
1463,1844,9430
1463,1844,9430
1463,1844,9430
1463,1844,9430
1430,1738,9383
1430,1738,9383
1430,1738,9383
1430,1738,9383
1430,1738,9383
1430,1738,9383
1430,1738,9383
1430,1738,9383
1430,1738,9383
1430,1738,9383
1499,1672,9379
1499,1672,9379
1499,1672,9379
1499,1672,9379
1499,1672,9379
1499,1672,9379
1499,1672,9379
1499,1672,9379
1499,1672,9379
1568,1595,9324
1568,1595,9324
1568,1595,9324
1568,1595,9324
1568,1595,9324
1568,1595,9324
1568,1595,9324
1568,1595,9324
1568,1595,9324
1746,1545,9351
1746,1545,9351
1746,1545,9351
1746,1545,9351
1746,1545,9351
1746,1545,9351
1746,1545,9351
1746,1545,9351
1746,1545,9351
1738,1475,9278
1738,1475,9278
1738,1475,9278
1738,1475,9278
1738,1475,9278
1738,1475,9278
1738,1475,9278
1738,1475,9278
1738,1475,9278
1778,1496,9286
1778,1496,9286
1778,1496,9286
1778,1496,9286
1778,1496,9286
1778,1496,9286
1778,1496,9286
1778,1496,9286
1778,1496,9286
1765,1529,9297
1765,1529,9297
1765,1529,9297
1765,1529,9297
1765,1529,9297
1765,1529,9297
1765,1529,9297
1765,1529,9297
1765,1529,9297
1888,1639,9343
1888,1639,9343
1888,1639,9343
1888,1639,9343
1888,1639,9343
1888,1639,9343
1888,1639,9343
1888,1639,9343
1888,1639,9343
2007,1525,9298
2007,1525,9298
2007,1525,9298
2007,1525,9298
2007,1525,9298
2007,1525,9298
2007,1525,9298
2007,1525,9298
2007,1525,9298
2005,1363,9215
2005,1363,9215
2005,1363,9215
2005,1363,9215
2005,1363,9215
2005,1363,9215
2005,1363,9215
2005,1363,9215
2005,1363,9215
2047,1206,9147
2047,1206,9147
2047,1206,9147
2047,1206,9147
2047,1206,9147
2047,1206,9147
2047,1206,9147
2047,1206,9147
2047,1206,9147
2096,1236,9143
2096,1236,9143
2096,1236,9143
2096,1236,9143
2096,1236,9143
2096,1236,9143
2096,1236,9143
2096,1236,9143
2096,1236,9143
2096,1236,9143
2199,1271,9156
2199,1271,9156
2199,1271,9156
2199,1271,9156
2199,1271,9156
2199,1271,9156
2199,1271,9156
2199,1271,9156
2199,1271,9156
2321,1303,9152
2321,1303,9152
2321,1303,9152
2321,1303,9152
2321,1303,9152
2321,1303,9152
2321,1303,9152
2321,1303,9152
2321,1303,9152
2420,1363,9218
2420,1363,9218
2420,1363,9218
2420,1363,9218
2420,1363,9218
2420,1363,9218
2420,1363,9218
2420,1363,9218
2420,1363,9218
2661,1413,9170
2661,1413,9170
2661,1413,9170
2661,1413,9170
2661,1413,9170
2661,1413,9170
2661,1413,9170
2661,1413,9170
2661,1413,9150
2692,1394,9150
2692,1394,9150
2692,1394,9150
2692,1394,9150
2692,1394,9150
2692,1394,9150
2692,1394,9150
2809,1395,9072
2809,1395,9072
2809,1395,9072
2809,1395,9072
2809,1395,9072
2809,1395,9072
3054,1489,8998
3054,1489,8998
3054,1489,8998
3054,1489,8998
3054,1489,8998
3054,1489,8998
3054,1489,8998
3054,1489,8998
3054,1489,8998
3172,1500,8992
3172,1500,8992
3172,1500,8992
3172,1500,8992
3172,1500,8992
3172,1500,8992
3172,1500,8992
3172,1500,8992
3172,1500,8992
3172,1500,8973
3172,1500,8973
3172,1500,8973
3172,1500,8973
3172,1500,8973
3172,1500,8973
3172,1500,8973
3172,1500,8973
3172,1500,8973
3419,1542,8951
3419,1542,8951
3419,1542,8951
3419,1542,8951
3419,1542,8951
3419,1542,8951
3419,1542,8951
3419,1542,8951
3419,1542,8951
3419,1542,8951
3500,1744,8933
3500,1744,8933
3500,1744,8933
3500,1744,8933
3500,1744,8933
3500,1744,8933
3500,1744,8933
3500,1744,8933
3500,1744,8933
3669,1859,8905
3669,1859,8905
3669,1859,8905
3669,1859,8905
3669,1859,8905
3669,1859,8905
3669,1859,8905
3669,1859,8905
3669,1951,8799
3815,1951,8799
3815,1951,8799
3815,1951,8799
3815,1951,8799
3815,1951,8799
3815,1951,8799
3815,1951,8799
3815,1951,8799
3815,1951,8799
3845,1880,8710
3845,1880,8710
3845,1880,8710
3845,1880,8710
3845,1880,8710
3845,1880,8710
3845,1880,8710
3845,1880,8710
3845,1880,8710
3845,1880,8710
3885,1830,8684
3885,1830,8684
3885,1830,8684
3885,1830,8684
3885,1830,8684
3885,1830,8684
3885,1830,8684
3885,1830,8684
4004,1803,8577
4004,1803,8577
4004,1803,8577
4004,1803,8577
4004,1803,8577
4004,1803,8577
4004,1803,8577
4004,1803,8577
4004,1803,8577
4074,1897,8516
4074,1897,8516
4074,1897,8516
4074,1897,8516
4074,1897,8516
4074,1897,8516
4074,1897,8516
4074,1897,8516
4074,1897,8516
4120,1936,8507
4120,1936,8507
4120,1936,8507
4120,1936,8507
4120,1936,8507
4120,1936,8507
4120,1936,8507
4120,1936,8507
4120,1936,8507
4120,1936,8482
4226,2040,8482
4226,2040,8482
4226,2040,8482
4226,2040,8482
4226,2040,8482
4226,2040,8482
4226,2040,8482
4226,2040,8482
4226,2040,8482
4275,2156,8485
4275,2156,8485
4275,2156,8485
4275,2156,8485
4275,2156,8485
4275,2156,8485
4275,2156,8485
4275,2156,8485
4275,2156,8485
4401,2412,8320
4401,2412,8320
4401,2412,8320
4401,2412,8320
4401,2412,8320
4401,2412,8320
4401,2412,8320
4401,2412,8320
4401,2412,8320
4378,2548,8436
4378,2548,8436
4378,2548,8436
4378,2548,8436
4378,2548,8436
4378,2548,8436
4378,2548,8436
4378,2548,8436
4378,2548,8436
4446,2691,8391
4446,2691,8391
4446,2691,8391
4446,2691,8391
4446,2691,8391
4446,2691,8391
4446,2691,8391
4446,2691,8391
4446,2691,8391
4416,2743,8368
4416,2743,8368
4416,2743,8368
4416,2743,8368
4416,2743,8368
4416,2743,8368
4416,2743,8368
4416,2743,8368
4416,2743,8368
4407,2832,8404
4407,2832,8404
4407,2832,8404
4407,2832,8404
4407,2832,8404
4407,2832,8404
4407,2832,8404
4407,2832,8404
4422,2915,8404
4422,2915,8404
4422,2915,8404
4422,2915,8404
4422,2915,8404
4422,2915,8404
4422,2915,8404
4422,2915,8404
4422,2915,8404
4422,2915,8404
4366,3081,8488
4366,3081,8488
4366,3081,8488
4366,3081,8488
4366,3081,8488
4366,3081,8488
4366,3081,8488
4366,3081,8488
4366,3081,8488
4366,3081,8488
4256,3164,8566
4256,3164,8566
4256,3164,8566
4256,3164,8566
4256,3164,8566
4256,3164,8566
4256,3164,8566
4256,3164,8566
4256,3164,8566
4175,3241,8571
4175,3241,8571
4175,3241,8571
4175,3241,8571
4175,3241,8571
4175,3241,8571
4175,3241,8571
4175,3241,8571
4175,3241,8571
4235,3306,8597
4235,3306,8597
4235,3306,8597
4235,3306,8597
4235,3306,8597
4235,3306,8597
4235,3306,8597
4235,3306,8597
4235,3306,8597
4319,3373,8481
4319,3373,8481
4319,3373,8481
4319,3373,8481
4319,3373,8481
4319,3373,8481
4319,3373,8481
4319,3373,8481
4319,3373,8481
4217,3522,8562
4217,3522,8562
4217,3522,8562
4217,3522,8562
4217,3522,8562
4217,3522,8562
4217,3522,8562
4217,3522,8562
4217,3522,8562
4104,3726,8623
4104,3726,8623
4104,3726,8623
4104,3726,8623
4104,3726,8623
4104,3726,8623
4104,3726,8623
4104,3726,8623
4104,3726,8623
3874,3857,8734
3874,3857,8734
3874,3857,8734
3874,3857,8734
3895,3824,8759
3895,3824,8759
3895,3824,8759
3895,3824,8759
3895,3824,8759
3895,3824,8759
3895,3824,8759
3895,3824,8759
3895,3824,8759
3888,3807,8706
3888,3807,8706
3888,3807,8706
3888,3807,8706
3888,3807,8706
3888,3807,8706
3888,3807,8706
3888,3807,8706
3888,3807,8706
3792,3826,8837
3792,3826,8837
3792,3826,8837
3792,3826,8837
3792,3826,8837
3792,3826,8837
3792,3826,8837
3792,3826,8837
3792,3826,8837
3711,3843,8886
3711,3843,8886
3711,3843,8886
3711,3843,8886
3711,3843,8886
3711,3843,8886
3711,3843,8886
3711,3843,8886
3711,3843,8886
3711,3843,8886
3513,3897,8982
3513,3897,8982
3513,3897,8982
3513,3897,8982
3513,3897,8982
3513,3897,8982
3513,3897,8982
3513,3897,8982
3513,3897,8982
3498,3926,8971
3498,3926,8971
3498,3926,8971
3498,3926,8971
3498,3926,8971
3498,3926,8971
3498,3926,8971
3498,3926,8971
3498,3926,8971
3504,3909,9020
3504,3909,9020
3504,3909,9020
3504,3909,9020
3504,3909,9020
3504,3909,9020
3504,3909,9020
3504,3909,9020
3504,3909,9020
3422,3790,9068
3422,3790,9068
3422,3790,9068
3422,3790,9068
3422,3790,9068
3422,3790,9068
3422,3790,9068
3422,3790,9068
3422,3790,9068
3297,3606,9148
3297,3606,9148
3297,3606,9148
3297,3606,9148
3297,3606,9148
3297,3606,9148
3297,3606,9148
3297,3606,9148
3297,3606,9148
3026,3502,9272
3026,3502,9272
3026,3502,9272
3026,3502,9272
3026,3502,9272
3026,3502,9272
3026,3502,9272
3026,3502,9272
3026,3502,9272
2924,3524,9336
2924,3524,9336
2924,3524,9336
2924,3524,9336
2924,3524,9336
2924,3524,9336
2924,3524,9336
2924,3524,9336
2881,3472,9370
2881,3472,9370
2881,3472,9370
2881,3472,9370
2881,3472,9370
2881,3472,9370
2881,3472,9370
2881,3472,9370
2881,3472,9370
2722,3340,9387
2722,3340,9387
2722,3340,9387
2722,3340,9387
2722,3340,9387
2722,3340,9387
2722,3340,9387
2722,3340,9387
2722,3340,9387
2722,3340,9387
2661,3289,9420
2661,3289,9420
2661,3289,9420
2661,3289,9420
2661,3289,9420
2661,3289,9420
2661,3289,9420
2661,3289,9420
2661,3289,9420
2524,3257,9446
2524,3257,9446
2524,3257,9446
2524,3257,9446
2524,3257,9446
2524,3257,9446
2524,3257,9446
2524,3257,9446
2524,3257,9446
2524,3257,9446
2439,3243,9497
2439,3243,9497
2439,3243,9497
2439,3243,9497
2439,3243,9497
2439,3243,9497
2439,3243,9497
2439,3243,9497
2439,3243,9497
2345,3154,9513
2345,3154,9513
2345,3154,9513
2345,3154,9513
2345,3154,9513
2345,3154,9513
2345,3154,9513
2345,3154,9513
2345,3154,9513
2358,3137,9524
2358,3137,9524
2358,3137,9524
2358,3137,9524
2358,3137,9524
2358,3137,9524
2358,3137,9524
2358,3137,9524
2358,3137,9524
2396,3109,9539
2396,3109,9539
2396,3109,9539
2396,3109,9539
2396,3109,9539
2396,3109,9539
2396,3109,9539
2396,3109,9539
2396,3109,9539
2384,3069,9535
2384,3069,9535
2384,3069,9535
2384,3069,9535
2384,3069,9535
2384,3069,9535
2384,3069,9535
2384,3069,9535
2384,3069,9535
2346,2986,9530
2346,2986,9530
2346,2986,9530
2346,2986,9530
2346,2986,9530
2346,2986,9530
2346,2986,9530
2346,2986,9530
2346,2986,9530
2276,2923,9583
2276,2923,9583
2276,2923,9583
2276,2923,9583
2276,2923,9583
2276,2923,9583
2276,2923,9583
2276,2923,9583
2276,2871,9555
2268,2871,9555
2268,2871,9555
2268,2871,9555
2268,2871,9555
2268,2871,9555
2268,2871,9555
2268,2871,9555
2268,2871,9555
2268,2871,9555
2260,2856,9522
2260,2856,9522
2260,2856,9522
2260,2856,9522
2260,2856,9522
2260,2856,9522
2260,2856,9522
2260,2856,9522
2260,2856,9522
2192,2845,9561
2192,2845,9561
2192,2845,9561
2192,2845,9561
2192,2845,9561
2192,2845,9561
2192,2845,9561
2192,2845,9561
2192,2845,9561
2249,2844,9518
2249,2844,9518
2249,2844,9518
2249,2844,9518
2249,2844,9518
2249,2844,9518
2249,2844,9518
2249,2844,9518
2249,2844,9518
2249,2844,9518
2185,2792,9535
2185,2792,9535
2185,2792,9535
2185,2792,9535
2185,2792,9535
2185,2792,9535
2185,2792,9535
2185,2792,9535
2185,2792,9535
2098,2628,9592
2098,2628,9592
2098,2628,9592
2098,2628,9592
2098,2628,9592
2098,2628,9592
2098,2628,9592
2098,2628,9592
2098,2628,9592
2123,2507,9518
2123,2507,9518
2123,2507,9518
2123,2507,9518
2123,2356,9508
2123,2356,9508
2123,2356,9508
2123,2356,9508
2123,2356,9508
2123,2356,9508
2123,2356,9508
2123,2356,9508
2123,2356,9508
2163,2280,9504
2163,2280,9504
2163,2280,9504
2163,2280,9504
2163,2280,9504
2163,2280,9504
2163,2280,9504
2163,2280,9504
2163,2280,9504
2147,2156,9494
2147,2156,9494
2147,2156,9494
2147,2156,9494
2147,2156,9494
2147,2156,9494
2147,2156,9494
2147,2156,9494
2150,2064,9469
2150,2064,9469
2150,2064,9469
2150,2064,9469
2150,2064,9469
2150,2064,9469
2150,2064,9469
2150,2064,9469
2150,2064,9469
2150,2064,9469
2232,2001,9434
2232,2001,9434
2232,2001,9434
2232,2001,9434
2232,2001,9434
2232,2001,9434
2232,2001,9434
2232,2001,9434
2232,2001,9434
2276,1873,9412
2276,1873,9412
2276,1873,9412
2276,1873,9412
2276,1873,9412
2276,1873,9412
2276,1873,9412
2276,1873,9412
2276,1873,9412
2276,1873,9412
2387,1815,9377
2387,1815,9377
2387,1815,9377
2387,1815,9377
2387,1815,9377
2387,1815,9377
2387,1815,9377
2387,1815,9377
2387,1815,9377
2430,1814,9335
2430,1814,9335
2430,1814,9335
2430,1814,9335
2430,1814,9335
2430,1814,9335
2430,1814,9335
2430,1814,9335
2430,1814,9335
2347,1778,9328
2347,1778,9328
2347,1778,9328
2347,1778,9328
2347,1778,9328
2347,1778,9328
2347,1778,9328
2347,1778,9328
2347,1778,9328
2320,1676,9289
2320,1676,9289
2320,1676,9289
2320,1676,9289
2320,1676,9289
2320,1676,9289
2320,1676,9289
2320,1676,9289
2320,1676,9289
2427,1583,9263
2427,1583,9263
2427,1583,9263
2427,1583,9263
2427,1583,9263
2427,1583,9263
2427,1583,9263
2427,1583,9263
2427,1583,9263
2457,1559,9255
2457,1559,9255
2457,1559,9255
2457,1559,9255
2457,1559,9255
2457,1559,9255
2457,1559,9255
2457,1559,9255
2457,1559,9255
2561,1518,9129
2561,1518,9129
2561,1518,9129
2561,1518,9129
2561,1518,9129
2561,1518,9129
2561,1518,9129
2561,1518,9129
2561,1518,9129
2777,1505,9106
2777,1505,9106
2777,1505,9106
2777,1505,9106
2777,1505,9106
2777,1505,9106
2777,1505,9106
2777,1505,9106
2777,1505,9106
2904,1485,9095
2904,1485,9095
2904,1485,9095
2904,1485,9095
2904,1485,9095
2904,1485,9095
2904,1485,9095
2904,1485,9095
2904,1485,9095
3023,1404,9001
3023,1404,9001
3023,1404,9001
3023,1404,9001
3023,1404,9001
3023,1404,9001
3023,1404,9001
3023,1404,9001
3023,1404,9001
3058,1365,8959
3058,1365,8959
3058,1365,8959
3058,1365,8959
3058,1365,8959
3058,1365,8959
3058,1365,8959
3058,1365,8959
3058,1365,8959
3058,1365,8959
3148,1360,8879
3148,1360,8879
3148,1360,8879
3148,1360,8879
3148,1360,8879
3148,1360,8879
3148,1360,8879
3148,1360,8879
3148,1360,8879
3260,1377,8861
3260,1377,8861
3260,1377,8861
3260,1377,8861
3260,1377,8861
3260,1377,8861
3260,1377,8861
3260,1377,8861
3260,1377,8861
3377,1405,8821
3377,1405,8821
3377,1405,8821
3377,1405,8821
3377,1405,8821
3377,1405,8821
3377,1405,8821
3377,1405,8821
3377,1405,8821
3377,1405,8821
3482,1440,8762
3482,1440,8762
3482,1440,8762
3482,1440,8762
3482,1440,8762
3482,1440,8762
3482,1440,8762
3482,1440,8762
3482,1440,8762
3583,1487,8702
3583,1487,8702
3583,1487,8702
3583,1487,8702
3583,1487,8702
3583,1487,8702
3583,1487,8702
3583,1487,8702
3583,1487,8702
3715,1541,8618
3715,1541,8618
3715,1541,8618
3715,1541,8618
3715,1541,8618
3715,1541,8618
3715,1541,8618
3715,1541,8618
3804,1580,8648
3804,1580,8648
3804,1580,8648
3804,1580,8648
3804,1580,8648
3804,1580,8648
3804,1580,8648
3804,1580,8648
3804,1580,8648
4009,1684,8503
4009,1684,8503
4009,1684,8503
4009,1684,8503
4009,1684,8503
4009,1684,8503
4009,1684,8503
4009,1684,8503
4009,1684,8503
4141,1681,8358
4141,1681,8358
4141,1681,8358
4141,1681,8358
4141,1681,8358
4141,1681,8358
4141,1681,8358
4141,1681,8358
4141,1681,8358
4339,1712,8084
4339,1712,8084
4339,1712,8084
4339,1712,8084
4339,1712,8084
4339,1712,8084
4339,1712,8084
4339,1712,8084
4339,1712,8084
4339,1712,8084
4602,1891,7797
4602,1891,7797
4602,1891,7797
4602,1891,7797
4602,1891,7797
4602,1891,7797
4602,1891,7797
4820,2006,7591
4820,2006,7591
4820,2006,7591
4820,2006,7591
4820,2006,7591
4820,2006,7591
4820,2154,7325
4970,2154,7325
4970,2154,7325
4970,2154,7325
4970,2154,7325
4970,2154,7325
4970,2154,7325
4970,2154,7325
4970,2154,7325
4970,2154,7325
5039,2339,7165
5039,2339,7165
5039,2339,7165
5039,2339,7165
5039,2339,7165
5039,2339,7165
5039,2339,7165
5039,2339,7165
5039,2339,7165
5115,2532,7034
5115,2532,7034
5115,2532,7034
5115,2532,7034
5115,2532,7034
5115,2532,7034
5115,2532,7034
5115,2532,7034
5115,2532,7034
5135,2647,6962
5135,2647,6962
5135,2647,6962
5135,2647,6962
5135,2647,6962
5135,2647,6962
5135,2647,6962
5135,2647,6962
5181,2777,6898
5181,2777,6898
5181,2777,6898
5181,2777,6898
5181,2777,6898
5181,2777,6898
5181,2777,6898
5181,2777,6898
5181,2777,6898
5203,2901,6698
5203,2901,6698
5203,2901,6698
5203,2901,6698
5203,2901,6698
5203,2901,6698
5203,2901,6698
5203,2901,6698
5203,2901,6698
5203,2901,6698
5203,3043,6595
5203,3043,6595
5203,3043,6595
5203,3043,6595
5203,3043,6595
5203,3043,6595
5203,3043,6595
5203,3043,6595
5236,3158,6542
5236,3158,6542
5236,3158,6542
5236,3158,6542
5236,3158,6542
5236,3158,6542
5236,3158,6542
5236,3158,6542
5236,3158,6542
5236,3158,6542
5226,3342,6508
5226,3342,6508
5226,3342,6508
5226,3342,6508
5226,3342,6508
5226,3342,6508
5226,3342,6508
5226,3342,6508
5226,3342,6508
5226,3342,6508
5194,3434,6568
5194,3434,6568
5194,3434,6568
5194,3434,6568
5194,3434,6568
5194,3434,6568
5194,3434,6568
5194,3434,6568
5194,3434,6568
5166,3432,6706
5166,3432,6706
5166,3432,6706
5166,3432,6706
5166,3432,6706
5166,3432,6706
5166,3432,6706
5166,3432,6706
5166,3432,6706
5171,3497,6748
5171,3497,6748
5171,3497,6748
5171,3497,6748
5171,3497,6748
5171,3497,6748
5171,3497,6748
5171,3497,6748
5171,3497,6748
5145,3576,6836
5145,3576,6836
5145,3576,6836
5145,3576,6836
5145,3576,6836
5145,3576,6836
5145,3576,6836
5145,3576,6836
5145,3576,6836
5081,3634,6846
5081,3634,6846
5081,3634,6846
5081,3634,6846
5081,3634,6846
5081,3634,6846
5081,3634,6846
5081,3634,6846
5081,3634,6846
5098,3713,6845
5098,3713,6845
5098,3713,6845
5098,3713,6845
5098,3713,6845
5098,3713,6845
5098,3713,6845
5098,3713,6845
5098,3713,6845
5092,3736,6866
5092,3736,6866
5092,3736,6866
5092,3736,6866
5092,3736,6866
5092,3736,6866
5092,3736,6866
5092,3736,6866
5092,3736,6866
5015,3747,7086
5015,3747,7086
5015,3747,7086
5015,3747,7086
5015,3747,7086
5015,3747,7086
5015,3747,7086
5015,3747,7086
5015,3747,7086
4962,3811,7179
4962,3811,7179
4962,3811,7179
4962,3811,7179
4962,3811,7179
4962,3811,7179
4962,3811,7179
4962,3811,7179
4962,3811,7179
4944,3935,7301
4944,3935,7301
4944,3935,7301
4944,3935,7301
4944,3935,7301
4944,3935,7301
4944,3935,7301
4944,3935,7301
4944,3935,7301
4873,3898,7413
4873,3898,7413
4873,3898,7413
4873,3898,7413
4873,3898,7413
4873,3898,7413
4873,3898,7413
4873,3898,7413
4873,3898,7413
4843,3947,7512
4843,3947,7512
4843,3947,7512
4843,3947,7512
4843,3947,7512
4843,3947,7512
4843,3947,7512
4843,3947,7512
4843,3947,7512
4843,3947,7512
4753,3946,7643
4753,3946,7643
4753,3946,7643
4753,3946,7643
4753,3946,7643
4753,3946,7643
4753,3946,7643
4753,3946,7643
4753,3946,7643
4699,3926,7736
4699,3926,7736
4699,3926,7736
4699,3926,7736
4699,3926,7736
4699,3926,7736
4699,3926,7736
4699,3926,7736
4699,3926,7736
4615,4017,7857
4615,4017,7857
4615,4017,7857
4615,4017,7857
4615,4017,7857
4615,4017,7857
4615,4017,7857
4615,4017,7857
4615,4017,7857
4519,4026,7984
4519,4026,7984
4519,4026,7984
4519,4026,7984
4519,4026,7984
4519,4026,7984
4519,4026,7984
4519,4026,7984
4410,3987,8106
4410,3987,8106
4410,3987,8106
4410,3987,8106
4410,3987,8106
4410,3987,8106
4410,3987,8106
4410,3987,8106
4410,3987,8106
4297,3926,8349
4297,3926,8349
4297,3926,8349
4297,3926,8349
4297,3926,8349
4297,3926,8349
4297,3926,8349
4297,3926,8349
4297,3926,8349
4193,3895,8446
4193,3895,8446
4193,3895,8446
4193,3895,8446
4193,3895,8446
4135,3835,8479
4135,3835,8479
4135,3835,8479
4135,3835,8479
4135,3835,8479
4135,3835,8479
4135,3835,8479
4135,3835,8479
4115,3629,8553
4115,3629,8553
4115,3629,8553
4115,3629,8553
4115,3629,8553
4115,3629,8553
4115,3629,8553
4115,3629,8553
4115,3629,8553
4133,3342,8596
4133,3342,8596
4133,3342,8596
4133,3342,8596
4133,3342,8596
4133,3342,8596
4133,3342,8596
4133,3342,8596
4133,3342,8596
4164,3207,8613
4164,3207,8613
4164,3207,8613
4164,3207,8613
4164,3207,8613
4164,3207,8613
4164,3207,8613
4164,3207,8613
4164,3207,8613
4092,3255,8701
4092,3255,8701
4092,3255,8701
4092,3255,8701
4092,3255,8701
4092,3255,8701
4092,3255,8701
4092,3255,8701
4092,3255,8701
4092,3255,8701
4049,3358,8669
4049,3358,8669
4049,3358,8669
4049,3358,8669
4049,3358,8669
4049,3358,8669
4049,3358,8669
4049,3358,8669
4055,3407,8689
4055,3407,8689
4055,3407,8689
4055,3407,8689
4055,3407,8689
4055,3407,8689
4055,3407,8689
4055,3407,8689
4055,3407,8689
4110,3387,8670
4110,3387,8670
4110,3387,8670
4110,3387,8670
4110,3387,8670
4110,3387,8670
4110,3387,8670
4110,3387,8670
4110,3387,8670
4110,3387,8670
4114,3304,8671
4114,3304,8671
4114,3304,8671
4114,3304,8671
4114,3304,8671
4114,3304,8671
4114,3304,8671
4114,3304,8671
4114,3304,8671
4116,3222,8663
4116,3222,8663
4116,3222,8663
4116,3222,8663
4116,3222,8663
4116,3222,8663
4116,3222,8663
4116,3222,8663
4116,3222,8663
4139,3166,8671
4139,3166,8671
4139,3166,8671
4139,3166,8671
4139,3166,8671
4139,3166,8671
4139,3166,8671
4139,3166,8671
4139,3166,8671
4127,3143,8686
4127,3143,8686
4127,3143,8686
4127,3143,8686
4127,3143,8686
4127,3143,8686
4127,3143,8686
4127,3143,8686
4127,3143,8686
4066,3144,8791
4066,3144,8791
4066,3144,8791
4066,3144,8791
4066,3144,8791
4066,3144,8791
4066,3144,8791
4066,3144,8791
4066,3144,8791
4022,2991,8802
4022,2991,8802
4022,2991,8802
4022,2991,8802
4022,2991,8802
4022,2991,8802
4022,2991,8802
4022,2991,8802
4022,2991,8802
4022,2991,8802
4006,2826,8768
4006,2826,8768
4006,2826,8768
4006,2826,8768
4006,2826,8768
4006,2826,8768
4006,2826,8768
4006,2826,8768
4006,2826,8768
4008,2715,8788
4008,2715,8788
4008,2715,8788
4008,2715,8788
4008,2715,8788
4008,2715,8788
4008,2715,8788
4008,2715,8788
4008,2715,8788
4026,2623,8833
4026,2623,8833
4026,2623,8833
4026,2623,8833
4026,2623,8833
4026,2623,8833
4026,2623,8833
4026,2623,8833
4069,2520,8739
4069,2520,8739
4069,2520,8739
4069,2520,8739
4069,2520,8739
4069,2520,8739
4069,2520,8739
4069,2520,8739
4069,2520,8739
4056,2413,8718
4056,2413,8718
4056,2413,8718
4056,2413,8718
4056,2413,8718
4056,2413,8718
4056,2413,8718
4056,2413,8718
4056,2413,8718
4073,2324,8680
4073,2324,8680
4073,2324,8680
4073,2324,8680
4073,2324,8680
4073,2324,8680
4073,2324,8680
4073,2324,8680
4073,2324,8680
4073,2324,8680
4065,2247,8691
4065,2247,8691
4065,2247,8691
4065,2247,8691
4065,2247,8691
4065,2247,8691
4065,2247,8691
4065,2247,8691
4065,2247,8691
4052,2224,8669
4052,2224,8669
4052,2224,8669
4052,2224,8669
4052,2224,8669
4052,2224,8669
4052,2224,8669
4052,2224,8669
4052,2224,8669
4052,2224,8669
4022,2217,8624
4022,2217,8624
4022,2217,8624
4022,2217,8624
4022,2217,8624
4022,2217,8624
4022,2217,8624
4022,2217,8624
4022,2217,8624
4032,2120,8696
4032,2120,8696
4032,2120,8696
4032,2120,8696
4032,2120,8696
4032,2120,8696
4032,2120,8696
4032,2120,8696
4032,2120,8696
4048,2060,8702
4048,2060,8702
4048,2060,8702
4048,2060,8702
4048,2060,8702
4048,2060,8702
4048,2060,8702
4048,2060,8702
4048,2060,8702
4068,1990,8649
4068,1990,8649
4068,1990,8649
4068,1990,8649
4068,1990,8649
4068,1990,8649
4068,1990,8649
4068,1990,8649
4068,1990,8649
3997,1913,8562
3997,1913,8562
3997,1913,8562
3997,1913,8562
3997,1913,8562
3997,1913,8562
3997,1913,8562
3997,1913,8562
4028,1796,8549
4028,1796,8549
4028,1796,8549
4028,1796,8549
4028,1796,8549
4028,1796,8549
4028,1796,8549
4028,1796,8549
4028,1796,8549
4028,1696,8483
4020,1696,8483
4020,1696,8483
4020,1696,8483
4020,1696,8483
4023,1543,8465
4023,1543,8465
4023,1543,8465
4023,1543,8465
4023,1543,8465
4023,1543,8465
4023,1543,8465
4023,1543,8465
3993,1431,8356
3993,1431,8356
3993,1431,8356
3993,1431,8356
3993,1431,8356
3993,1431,8356
3993,1431,8356
3993,1431,8356
3993,1431,8356
3993,1431,8356
4067,1325,8159
4067,1325,8159
4067,1325,8159
4067,1325,8159
4067,1325,8159
4067,1325,8159
4067,1325,8159
4067,1325,8159
4067,1325,8159
4067,1325,8159
4003,1317,8242
4003,1317,8242
4003,1317,8242
4003,1317,8242
4003,1317,8242
4003,1317,8242
4003,1317,8242
4003,1317,8242
4003,1317,8242
4107,1413,8138
4107,1413,8138
4107,1413,8138
4107,1413,8138
4107,1413,8138
4107,1413,8138
4107,1413,8138
4107,1413,8138
4107,1413,8138
4310,1349,7839
4310,1349,7839
4310,1349,7839
4310,1349,7839
4310,1349,7839
4310,1349,7839
4310,1349,7839
4310,1349,7839
4310,1349,7839
4328,1298,7753
4328,1298,7753
4328,1298,7753
4328,1298,7753
4328,1298,7753
4328,1298,7753
4328,1298,7753
4328,1298,7753
4328,1298,7753
4403,1310,7670
4403,1310,7670
4403,1310,7670
4403,1310,7670
4403,1310,7670
4403,1310,7670
4403,1310,7670
4403,1310,7670
4611,1430,7465
4611,1430,7465
4611,1430,7465
4611,1430,7465
4611,1430,7465
4611,1430,7465
4611,1430,7465
4611,1430,7465
4611,1430,7465
4611,1430,7465
4754,1638,7293
4754,1638,7293
4754,1638,7293
4754,1638,7293
4754,1638,7293
4754,1638,7293
4754,1638,7293
4754,1638,7293
4754,1638,7293
4884,1699,7169
4884,1699,7169
4884,1699,7169
4884,1699,7169
4884,1699,7169
4884,1699,7169
4884,1699,7169
4884,1699,7169
4884,1699,7169
4835,1730,7117
4835,1730,7117
4835,1730,7117
4835,1730,7117
4835,1730,7117
4835,1730,7117
4835,1730,7117
4835,1730,7117
4835,1730,7117
4887,1693,6918
4887,1693,6918
4887,1693,6918
4887,1693,6918
4887,1693,6918
4887,1693,6918
4887,1693,6918
4887,1693,6918
4887,1693,6918
4937,1712,6820
4937,1712,6820
4937,1712,6820
4937,1712,6820
4937,1712,6820
4937,1712,6820
4937,1712,6820
4937,1712,6820
4937,1712,6820
4970,1713,6734
4970,1713,6734
4970,1713,6734
4970,1713,6734
4970,1713,6734
4970,1713,6734
4970,1713,6734
4970,1713,6734
4970,1713,6734
4970,1713,6734
4949,1800,6717
4949,1800,6717
4949,1800,6717
4949,1800,6717
4949,1800,6717
4949,1800,6717
4949,1800,6717
4949,1800,6717
4949,1800,6717
4949,1800,6607
4979,1846,6607
4979,1846,6607
4979,1846,6607
4979,1846,6607
4979,1846,6607
4979,1846,6607
4979,1846,6607
4979,1846,6607
4979,1846,6607
5071,1915,6403
5071,1915,6403
5071,1915,6403
5071,1915,6403
5071,1915,6403
5071,1915,6403
5071,1915,6403
5071,1915,6403
5071,1915,6403
5141,2044,6369
5141,2044,6369
5141,2044,6369
5141,2044,6369
5141,2044,6369
5141,2044,6369
5141,2044,6369
5141,2044,6369
5151,2225,6421
5151,2225,6421
5151,2225,6421
5151,2225,6421
5151,2225,6421
5151,2225,6421
5151,2225,6421
5151,2225,6421
5151,2225,6421
5162,2275,6363
5162,2275,6363
5162,2275,6363
5162,2275,6363
5162,2275,6363
5162,2275,6363
5162,2275,6363
5162,2275,6363
5162,2275,6363
5195,2318,6259
5195,2318,6259
5195,2318,6259
5195,2318,6259
5195,2318,6259
5195,2318,6259
5195,2318,6259
5195,2318,6259
5195,2318,6259
5195,2318,6259
5203,2342,6297
5203,2342,6297
5203,2342,6297
5203,2342,6297
5203,2342,6297
5203,2342,6297
5203,2342,6297
5203,2342,6297
5203,2342,6297
5212,2380,6161
5212,2380,6161
5212,2380,6161
5212,2380,6161
5212,2380,6161
5212,2380,6161
5212,2380,6161
5212,2380,6161
5212,2380,6161
5192,2407,6241
5192,2407,6241
5192,2407,6241
5192,2407,6241
5192,2407,6241
5192,2407,6241
5192,2407,6241
5192,2407,6241
5192,2407,6241
5215,2549,6221
5215,2549,6221
5215,2549,6221
5215,2549,6221
5215,2549,6221
5215,2549,6221
5215,2549,6221
5215,2549,6221
5215,2549,6221
5257,2694,6173
5257,2694,6173
5257,2694,6173
5257,2694,6173
5257,2694,6173
5257,2694,6173
5257,2694,6173
5257,2694,6173
5257,2694,6173
5264,2805,6102
5264,2805,6102
5264,2805,6102
5264,2805,6102
5264,2805,6102
5264,2805,6102
5264,2805,6102
5264,2805,6102
5220,2801,5987
5220,2801,5987
5220,2801,5987
5220,2801,5987
5220,2801,5987
5231,2816,5928
5231,2816,5928
5231,2816,5928
5231,2816,5928
5231,2816,5928
5231,2816,5928
5231,2816,5928
5231,2816,5928
5231,2816,5928
5238,2867,5945
5238,2867,5945
5238,2867,5945
5238,2867,5945
5238,2867,5945
5238,2867,5945
5238,2867,5945
5238,2867,5945
5238,2867,5945
5228,3042,5928
5228,3042,5928
5228,3042,5928
5228,3042,5928
5228,3042,5928
5228,3042,5928
5228,3042,5928
5228,3042,5928
5228,3042,5928
5237,3148,5914
5237,3148,5914
5237,3148,5914
5237,3148,5914
5237,3148,5914
5237,3148,5914
5237,3148,5914
5237,3148,5914
5237,3148,5914
5218,3251,5950
5218,3251,5950
5218,3251,5950
5218,3251,5950
5218,3251,5950
5218,3251,5950
5218,3251,5950
5218,3251,5950
5218,3251,5950
5243,3374,5982
5243,3374,5982
5243,3374,5982
5243,3374,5982
5243,3374,5982
5243,3374,5982
5243,3374,5982
5243,3374,5982
5243,3374,5982
5243,3490,6010
5180,3490,6010
5180,3490,6010
5180,3490,6010
5180,3490,6010
5180,3490,6010
5180,3490,6010
5180,3490,6010
5180,3490,6010
5182,3506,5994
5182,3506,5994
5182,3506,5994
5182,3506,5994
5182,3506,5994
5182,3506,5994
5182,3506,5994
5182,3506,5994
5182,3506,5994
5182,3506,5994
5160,3465,6007
5160,3465,6007
5160,3465,6007
5160,3465,6007
5160,3465,6007
5160,3465,6007
5160,3465,6007
5160,3465,6007
5160,3465,6007
5160,3465,6007
5155,3515,6029
5155,3515,6029
5155,3515,6029
5155,3515,6029
5155,3515,6029
5155,3515,6029
5155,3515,6029
5155,3515,6029
5170,3672,6019
5170,3672,6019
5170,3672,6019
5170,3672,6019
5170,3672,6019
5170,3672,6019
5170,3672,6019
5170,3672,6019
5170,3672,6019
5161,3786,6133
5161,3786,6133
5161,3786,6133
5161,3786,6133
5161,3786,6133
5161,3786,6133
5161,3786,6133
5161,3786,6133
5161,3786,6133
5093,3898,6090
5093,3898,6090
5093,3898,6090
5093,3898,6090
5093,3898,6090
5093,3898,6090
5093,3898,6090
5093,3898,6090
5093,3898,6090
5074,3931,6058
5074,3931,6058
5074,3931,6058
5074,3931,6058
5074,3931,6058
5074,3931,6058
5074,3931,6058
5074,3931,6058
5074,3931,6058
5050,3915,6140
5050,3915,6140
5050,3915,6140
5050,3915,6140
5050,3915,6140
5050,3915,6140
5050,3915,6140
5050,3915,6140
5050,3915,6140
5050,3915,6140
5055,3991,6217
5055,3991,6217
5055,3991,6217
5055,3991,6217
5055,3991,6217
5055,3991,6217
5055,3991,6217
5055,3991,6217
5055,3991,6217
5009,4137,6338
5009,4137,6338
5009,4137,6338
5009,4137,6338
5009,4137,6338
5009,4137,6338
5009,4137,6338
5009,4137,6338
5009,4137,6338
4964,4193,6236
4964,4193,6236
4964,4193,6236
4964,4193,6236
4964,4193,6236
4964,4193,6236
4964,4193,6236
4964,4193,6236
4964,4193,6236
4967,4215,6395
4967,4215,6395
4967,4215,6395
4967,4215,6395
4967,4215,6395
4967,4215,6395
4967,4215,6395
4967,4215,6395
4967,4215,6395
4995,4124,6420
4995,4124,6420
4995,4124,6420
4995,4124,6420
4995,4124,6420
4995,4124,6420
4995,4124,6420
4995,4124,6420
5071,3996,6494
5071,3996,6494
5071,3996,6494
5071,3996,6494
5071,3996,6494
5071,3996,6494
5071,3996,6494
5071,3996,6494
5071,3996,6494
5071,3996,6494
5056,3993,6490
5056,3993,6490
5056,3993,6490
5056,3993,6490
5056,3993,6490
5056,3993,6490
5056,3993,6490
5056,3993,6490
5056,3993,6490
5056,3993,6490
5034,4063,6517
5034,4063,6517
5034,4063,6517
5034,4063,6517
5034,4063,6517
5034,4063,6517
5034,4063,6517
5034,4063,6517
5034,4063,6517
5013,4140,6455
5013,4140,6455
5013,4140,6455
5013,4140,6455
5013,4140,6455
5013,4140,6455
5013,4140,6455
5013,4140,6455
5013,4140,6455
5035,4105,6479
5035,4105,6479
5035,4105,6479
5035,4105,6479
5035,4105,6479
5035,4105,6479
5035,4105,6479
5035,4105,6479
5035,4105,6479
5012,4092,6528
5012,4092,6528
5012,4092,6528
5012,4092,6528
5012,4092,6528
5012,4092,6528
5012,4092,6528
5012,4092,6528
5012,4092,6528
5009,4101,6747
5009,4101,6747
5009,4101,6747
5009,4101,6747
5009,4101,6747
5009,4101,6747
5009,4101,6747
5009,4101,6747
5009,4101,6747
4968,4113,6982
4968,4113,6982
4968,4113,6982
4968,4113,6982
4968,4113,6982
4873,4098,7129
4873,4098,7129
4873,4098,7129
4873,4098,7129
4873,4098,7129
4873,4098,7129
4873,4098,7129
4873,4098,7129
4873,4098,7129
4901,4086,7158
4901,4086,7158
4901,4086,7158
4901,4086,7158
4901,4086,7158
4901,4086,7158
4901,4086,7158
4901,4086,7158
4848,4055,7247
4848,4055,7247
4848,4055,7247
4848,4055,7247
4848,4055,7247
4848,4055,7247
4848,4055,7247
4848,4055,7247
4848,4055,7247
4848,4055,7247
4836,4049,7388
4836,4049,7388
4836,4049,7388
4836,4049,7388
4836,4049,7388
4836,4049,7388
4836,4049,7388
4836,4049,7388
4836,4049,7388
4710,4055,7601
4710,4055,7601
4710,4055,7601
4710,4055,7601
4710,4055,7601
4710,4055,7601
4710,4055,7601
4710,4055,7601
4710,4055,7601
4617,4001,7822
4617,4001,7822
4617,4001,7822
4617,4001,7822
4617,4001,7822
4617,4001,7822
4617,4001,7822
4617,4001,7822
4617,4001,7822
4630,3960,7920
4630,3960,7920
4630,3960,7920
4630,3960,7920
4630,3960,7920
4630,3960,7920
4630,3960,7920
4630,3960,7920
4630,3960,7920
4580,3797,8012
4580,3797,8012
4580,3797,8012
4580,3797,8012
4580,3797,8012
4580,3797,8012
4580,3797,8012
4580,3797,8012
4580,3797,8012
4630,3629,7990
4630,3629,7990
4630,3629,7990
4630,3629,7990
4630,3629,7990
4630,3629,7990
4630,3629,7990
4630,3629,7990
4630,3629,7990
4630,3629,7990
4664,3510,8002
4664,3510,8002
4664,3510,8002
4664,3510,8002
4664,3510,8002
4664,3510,8002
4664,3510,8002
4664,3510,8002
4664,3510,8002
4704,3401,7989
4704,3401,7989
4704,3401,7989
4704,3401,7989
4704,3401,7989
4704,3401,7989
4704,3401,7989
4704,3401,7989
4704,3401,7989
4675,3253,8016
4675,3253,8016
4675,3253,8016
4675,3253,8016
4675,3253,8016
4675,3253,8016
4675,3253,8016
4675,3253,8016
4709,3114,8002
4709,3114,8002
4709,3114,8002
4709,3114,8002
4709,3114,8002
4709,3114,8002
4709,3114,8002
4709,3114,8002
4709,3114,8002
4692,2959,8000
4692,2959,8000
4692,2959,8000
4692,2959,8000
4692,2959,8000
4692,2959,8000
4692,2959,8000
4692,2959,8000
4692,2959,8000
4692,2959,8000
4652,2815,8085
4652,2815,8085
4652,2815,8085
4652,2815,8085
4652,2815,8085
4652,2815,8085
4652,2815,8085
4652,2815,8085
4652,2815,8085
4727,2655,7991
4727,2655,7991
4727,2655,7991
4727,2655,7991
4727,2655,7991
4727,2655,7991
4727,2655,7991
4727,2655,7991
4727,2655,7991
4713,2562,7951
4713,2562,7951
4713,2562,7951
4713,2562,7951
4713,2562,7951
4713,2562,7951
4713,2562,7951
4713,2562,7951
4713,2562,7951
4773,2507,7919
4773,2507,7919
4773,2507,7919
4773,2507,7919
4773,2507,7919
4773,2507,7919
4773,2507,7919
4773,2507,7919
4773,2507,7919
4773,2507,7919
4738,2499,7932
4738,2499,7932
4738,2499,7932
4738,2499,7932
4738,2499,7932
4738,2499,7932
4738,2499,7932
4738,2499,7932
4738,2499,7932
4789,2432,7824
4789,2432,7824
4789,2432,7824
4789,2432,7824
4789,2432,7824
4789,2432,7824
4789,2432,7824
4789,2432,7824
4789,2432,7824
4748,2297,7796
4748,2297,7796
4748,2297,7796
4748,2297,7796
4748,2297,7796
4748,2297,7796
4748,2297,7796
4748,2297,7796
4748,2297,7796
4876,2255,7605
4876,2255,7605
4876,2255,7605
4876,2255,7605
4876,2255,7605
4876,2255,7605
4876,2255,7605
4876,2255,7605
4876,2255,7605
4959,2199,7436
4959,2199,7436
4959,2199,7436
4959,2199,7436
4959,2199,7436
4959,2199,7436
4959,2199,7436
4959,2199,7436
4967,2079,7208
4967,2079,7208
4967,2079,7208
4967,2079,7208
4967,2079,7208
4967,2079,7208
4967,2079,7208
4967,2079,7208
4967,2079,7208
4967,2079,7208
4956,1923,7163
4956,1923,7163
4956,1923,7163
4956,1923,7163
4956,1923,7163
4956,1923,7163
4956,1923,7163
4956,1923,7163
4911,1901,7412
4911,1901,7412
4911,1901,7412
4911,1901,7412
4911,1901,7412
4911,1901,7412
4911,1901,7412
4911,1901,7412
4911,1901,7412
4911,1901,7412
4810,1972,7592
4810,1972,7592
4810,1972,7592
4810,1972,7592
4810,1972,7592
4810,1972,7592
4810,1972,7592
4810,1972,7592
4810,1972,7592
4810,1972,7592
4899,2096,7519
4899,2096,7519
4899,2096,7519
4899,2096,7519
4899,2096,7519
4899,2096,7519
4899,2096,7519
4899,2096,7519
4899,2096,7519
4817,2087,7568
4817,2087,7568
4817,2087,7568
4817,2010,7736
4706,2010,7736
4706,2010,7736
4706,2010,7736
4706,2010,7736
4706,2010,7736
4706,2010,7736
4706,2010,7736
4706,2010,7736
4706,2010,7736
4644,1879,7780
4644,1879,7780
4644,1879,7780
4644,1879,7780
4644,1879,7780
4644,1879,7780
4644,1879,7780
4644,1879,7780
4681,1791,7623
4681,1791,7623
4681,1791,7623
4681,1791,7623
4681,1791,7623
4681,1791,7623
4681,1791,7623
4681,1791,7623
4681,1791,7623
4681,1791,7623
4556,1594,7659
4556,1594,7659
4556,1594,7659
4556,1594,7659
4556,1594,7659
4556,1594,7659
4556,1594,7659
4556,1594,7659
4529,1578,7684
4529,1578,7684
4529,1578,7684
4529,1578,7684
4529,1578,7684
4529,1578,7684
4529,1578,7684
4529,1578,7684
4529,1578,7684
4529,1578,7684
4557,1659,7754
4557,1659,7754
4557,1659,7754
4557,1659,7754
4557,1659,7754
4557,1659,7754
4557,1659,7754
4557,1659,7754
4557,1659,7754
4600,1656,7614
4600,1656,7614
4600,1656,7614
4600,1656,7614
4600,1656,7614
4600,1656,7614
4600,1656,7614
4600,1656,7614
4600,1656,7614
4683,1561,7380
4683,1561,7380
4683,1561,7380
4683,1561,7380
4683,1561,7380
4683,1561,7380
4683,1561,7380
4683,1561,7380
4683,1561,7380
4814,1539,7075
4814,1539,7075
4814,1539,7075
4814,1539,7075
4814,1539,7075
4814,1539,7075
4814,1539,7075
4814,1539,7075
4814,1539,7075
4879,1603,6887
4879,1603,6887
4879,1603,6887
4879,1603,6887
4879,1603,6887
4879,1603,6887
4879,1603,6887
4879,1603,6887
4879,1603,6887
4938,1728,6737
4938,1728,6737
4938,1728,6737
4938,1728,6737
4938,1728,6737
4938,1728,6737
4938,1728,6737
4938,1728,6737
4938,1728,6737
4938,1728,6737
5025,1806,6630
5025,1806,6630
5025,1806,6630
5025,1806,6630
5025,1806,6630
5025,1806,6630
5025,1806,6630
5025,1806,6630
5025,1806,6630
5062,1902,6419
5062,1902,6419
5062,1902,6419
5062,1902,6419
5062,1902,6419
5062,1902,6419
5062,1902,6419
5062,1902,6419
5062,1902,6419
5098,1943,6174
5098,1943,6174
5098,1943,6174
5098,1943,6174
5098,1943,6174
5098,1943,6174
5098,1943,6174
5098,1943,6174
5083,1921,5975
5083,1921,5975
5083,1921,5975
5083,1921,5975
5083,1921,5975
5083,1921,5975
5083,1921,5975
5083,1921,5975
5083,1921,5975
5079,1997,5755
5079,1997,5755
5079,1997,5755
5079,1997,5755
5079,1997,5755
5079,1997,5755
5079,1997,5755
5079,1997,5755
5079,1997,5755
5079,1997,5755
5062,2148,5634
5062,2148,5634
5062,2148,5634
5062,2148,5634
5062,2148,5634
5062,2148,5634
5062,2148,5634
5062,2148,5634
5062,2148,5634
5132,2306,5658
5132,2306,5658
5132,2306,5658
5132,2306,5658
5132,2306,5658
5132,2306,5658
5132,2306,5658
5132,2306,5658
5132,2306,5658
5111,2427,5526
5111,2427,5526
5111,2427,5526
5111,2427,5526
5111,2427,5526
5111,2427,5526
5111,2427,5526
5111,2427,5526
5111,2427,5526
5132,2472,5438
5132,2472,5438
5132,2472,5438
5132,2472,5438
5132,2472,5438
5132,2472,5438
5132,2472,5438
5132,2472,5438
5132,2472,5438
5132,2472,5438
5087,2545,5386
5087,2545,5386
5087,2545,5386
5087,2545,5386
5087,2545,5386
5087,2545,5386
5087,2545,5386
5087,2545,5386
5087,2545,5386
5079,2607,5279
5079,2607,5279
5079,2607,5279
5079,2607,5279
5079,2607,5279
5079,2607,5279
5079,2607,5279
5079,2607,5279
5079,2607,5279
5047,2705,5118
5047,2705,5118
5047,2705,5118
5047,2705,5118
5047,2705,5118
5047,2705,5118
5047,2705,5118
5047,2705,5118
5047,2705,5118
5033,2896,5047
5033,2896,5047
5033,2896,5047
5033,2896,5047
5033,2896,5047
5033,2896,5047
5033,2896,5047
5033,2896,5047
4998,3072,5022
4998,3072,5022
4998,3072,5022
4998,3072,5022
4998,3072,5022
4998,3072,5022
4998,3072,5022
4998,3072,5022
4998,3072,5022
4970,3274,4997
4970,3274,4997
4970,3274,4997
4970,3274,4997
4970,3274,4997
4970,3274,4997
4970,3274,4997
4970,3274,4997
4970,3274,4997
4970,3274,4997
4926,3447,5001
4926,3447,5001
4926,3447,5001
4926,3447,5001
4926,3447,5001
4926,3447,5001
4926,3447,5001
4926,3447,5001
4951,3663,5087
4951,3663,5087
4951,3663,5087
4951,3663,5087
4951,3663,5087
4951,3663,5087
4951,3663,5087
4951,3663,5087
4951,3663,5087
4929,3732,5169
4929,3732,5169
4929,3732,5169
4929,3732,5169
4929,3732,5169
4929,3732,5169
4974,3791,5289
4974,3791,5289
4974,3791,5289
4974,3791,5289
4974,3791,5289
4974,3791,5289
4974,3791,5289
4974,3791,5289
4974,3791,5289
5014,3766,5299
5014,3766,5299
5014,3766,5299
5014,3766,5299
5014,3766,5299
5014,3766,5299
5014,3766,5299
5014,3766,5299
5014,3766,5299
5012,3790,5278
5012,3790,5278
5012,3790,5278
5012,3790,5278
5012,3790,5278
5012,3790,5278
5012,3790,5278
5012,3790,5278
5012,3790,5278
5004,3793,5336
5004,3793,5336
5004,3793,5336
5004,3793,5336
5004,3793,5336
5004,3793,5336
5004,3793,5336
5004,3793,5336
5004,3793,5336
5058,3968,5656
5058,3968,5656
5058,3968,5656
5058,3968,5656
5058,3968,5656
5058,3968,5656
5058,3968,5656
5058,3968,5656
5058,3968,5656
4972,4243,5961
4972,4243,5961
4972,4243,5961
4972,4243,5961
4972,4243,5961
4972,4243,5961
4972,4243,5961
4972,4243,5961
4923,4368,6180
4923,4368,6180
4923,4368,6180
4923,4368,6180
4923,4368,6180
4923,4368,6180
4923,4368,6180
4923,4368,6180
4923,4368,6180
4923,4368,6180
4844,4474,6243
4844,4474,6243
4844,4474,6243
4844,4474,6243
4844,4474,6243
4844,4474,6243
4844,4474,6243
4844,4474,6243
4844,4474,6243
4811,4508,6536
4811,4508,6536
4811,4508,6536
4811,4508,6536
4811,4508,6536
4811,4508,6536
4811,4508,6536
4811,4508,6536
4811,4508,6536
4811,4417,6793
4809,4417,6793
4809,4417,6793
4809,4417,6793
4809,4417,6793
4809,4417,6793
4809,4417,6793
4809,4417,6793
4809,4417,6793
4809,4417,6793
4917,4139,7013
4917,4139,7013
4917,4139,7013
4917,4139,7013
4917,4139,7013
4917,4139,7013
4917,4139,7013
4917,4139,7013
4917,4139,7013
4958,3899,7060
4958,3899,7060
4958,3899,7060
4958,3899,7060
4958,3899,7060
4958,3899,7060
4958,3899,7060
4958,3899,7060
4958,3899,7060
4997,3767,7090
4997,3767,7090
4997,3767,7090
4997,3767,7090
4997,3767,7090
4997,3767,7090
4997,3767,7090
4997,3767,7090
4997,3767,7090
4981,3871,7058
4981,3871,7058
4981,3871,7058
4981,3871,7058
4981,3871,7058
4981,3871,7058
4981,3871,7058
4981,3871,7058
4981,3871,7058
4953,3914,7127
4953,3914,7127
4953,3914,7127
4953,3914,7127
4953,3914,7127
4953,3914,7127
4953,3914,7127
4953,3914,7127
4953,3914,7127
4902,3906,7185
4902,3906,7185
4902,3906,7185
4902,3906,7185
4902,3906,7185
4902,3906,7185
4902,3906,7185
4902,3906,7185
4881,3803,7289
4881,3803,7289
4881,3803,7289
4881,3803,7289
4881,3803,7289
4881,3803,7289
4881,3803,7289
4881,3803,7289
4881,3803,7289
4881,3803,7289
4961,3634,7222
4961,3634,7222
4961,3634,7222
4961,3634,7222
4961,3634,7222
4961,3634,7222
4961,3634,7222
4961,3634,7222
4961,3634,7222
4993,3382,7335
4993,3382,7335
4993,3382,7335
4993,3382,7335
4993,3382,7335
4993,3382,7335
4993,3382,7335
4993,3382,7335
4993,3136,7450
4999,3136,7450
4999,3136,7450
4999,3136,7450
4999,3136,7450
4999,3136,7450
4999,3136,7450
4999,3136,7450
4999,3136,7450
4999,3136,7450
4988,2954,7474
4988,2954,7474
4988,2954,7474
4988,2954,7474
4988,2954,7474
4988,2954,7474
4988,2954,7474
4988,2954,7474
4988,2954,7474
4988,2954,7474
4947,2700,7534
4947,2700,7534
4947,2700,7534
4947,2700,7534
4947,2700,7534
4947,2700,7534
4947,2700,7534
4947,2700,7534
4947,2700,7534
4918,2517,7598
4918,2517,7598
4918,2517,7598
4918,2517,7598
4918,2517,7598
4918,2517,7598
4918,2517,7598
4918,2517,7598
4918,2517,7598
4790,2417,7819
4790,2417,7819
4790,2417,7819
4790,2417,7819
4790,2417,7819
4790,2417,7819
4790,2417,7819
4790,2417,7819
4790,2417,7819
4728,2360,7865
4728,2360,7865
4728,2360,7865
4728,2360,7865
4728,2360,7865
4728,2360,7865
4728,2360,7865
4728,2360,7865
4728,2360,7865
4726,2324,7853
4726,2324,7853
4726,2324,7853
4726,2324,7853
4726,2324,7853
4726,2324,7853
4726,2324,7853
4726,2324,7853
4730,2241,7843
4730,2241,7843
4730,2241,7843
4730,2241,7843
4730,2241,7843
4730,2241,7843
4730,2241,7843
4730,2241,7843
4730,2241,7843
4568,2126,8014
4568,2126,8014
4568,2126,8014
4568,2126,8014
4568,2126,8014
4568,2126,8014
4265,2017,8406
4265,2017,8406
4265,2017,8406
4265,2017,8406
4265,2017,8406
4265,2017,8406
4265,2017,8406
4265,2017,8406
3658,1995,8899
3658,1995,8899
3658,1995,8899
3658,1995,8899
3658,1995,8899
3658,1995,8899
3658,1995,8899
3658,1995,8899
3658,1995,8899
3658,1995,8899
3374,1997,9025
3374,1997,9025
3374,1997,9025
3374,1997,9025
3374,1997,9025
3374,1997,9025
3374,1997,9025
3374,1997,9025
3374,1997,9025
2962,2004,9268
2962,2004,9268
2962,2004,9268
2962,2004,9268
2962,2004,9268
2962,2004,9268
2962,2004,9268
2962,2004,9268
2962,2004,9268
2653,1977,9356
2653,1977,9356
2653,1977,9356
2653,1977,9356
2653,1977,9356
2653,1977,9356
2653,1977,9356
2653,1977,9356
2653,1977,9356
2689,1940,9377
2689,1940,9377
2689,1940,9377
2689,1940,9377
2689,1940,9377
2689,1940,9377
2689,1940,9377
2689,1940,9377
2689,1940,9377
2776,1851,9272
2776,1851,9272
2776,1851,9272
2776,1851,9272
2776,1851,9272
2776,1851,9272
2776,1851,9272
2776,1851,9272
2776,1851,9272
2696,1836,9343
2696,1836,9343
2696,1836,9343
2696,1836,9343
2696,1836,9343
2696,1836,9343
2696,1836,9343
2696,1836,9343
2696,1836,9343
2457,1791,9300
2457,1791,9300
2457,1791,9300
2457,1791,9300
2457,1791,9300
2457,1791,9300
2457,1791,9300
2457,1791,9300
2440,1724,9369
2440,1724,9369
2440,1724,9369
2440,1724,9369
2440,1724,9369
2440,1724,9369
2440,1724,9369
2440,1724,9369
2440,1724,9369
2440,1724,9369
2634,1629,9223
2634,1629,9223
2634,1629,9223
2634,1629,9223
2634,1629,9223
2634,1629,9223
2634,1629,9223
2634,1629,9223
2634,1629,9223
2634,1629,9223
2718,1620,9204
2718,1620,9204
2718,1620,9204
2718,1620,9204
2718,1620,9204
2718,1620,9204
2718,1620,9204
2718,1620,9204
2718,1620,9204
2661,1673,9264
2661,1673,9264
2661,1673,9264
2661,1673,9264
2661,1673,9264
2661,1673,9264
2661,1673,9264
2661,1673,9264
2661,1673,9264
2493,1722,9336
2493,1722,9336
2493,1722,9336
2493,1722,9336
2493,1722,9336
2493,1722,9336
2493,1722,9336
2493,1722,9336
2493,1722,9336
2293,1726,9332
2293,1726,9332
2293,1726,9332
2293,1726,9332
2293,1726,9332
2293,1726,9332
2293,1726,9332
2293,1726,9332
2293,1726,9332
2025,1680,9382
2025,1680,9382
2025,1680,9382
2025,1680,9382
2025,1680,9382
2025,1680,9382
2025,1680,9382
2025,1680,9382
2025,1680,9382
1447,1603,9318
1447,1603,9318
1447,1603,9318
1447,1603,9318
1447,1603,9318
1447,1603,9318
1447,1603,9318
1447,1603,9318
1447,1603,9318
1447,1603,9318
626,1582,9181
626,1582,9181
626,1582,9181
626,1582,9181
626,1582,9181
626,1582,9181
626,1582,9181
626,1582,9181
127,1681,9078
127,1681,9078
127,1681,9078
127,1681,9078
127,1681,9078
127,1681,9078
127,1681,9078
127,1681,9078
127,1681,9078
150,1709,9080
150,1709,9080
150,1709,9080
150,1709,9080
150,1709,9080
150,1709,9080
150,1709,9080
150,1709,9080
150,1709,9080
269,1706,9075
269,1706,9075
269,1706,9075
269,1706,9075
269,1706,9075
269,1706,9075
269,1706,9075
269,1706,9075
269,1706,9075
663,1649,9227
663,1649,9227
663,1649,9227
663,1649,9227
663,1649,9227
663,1649,9227
663,1649,9227
663,1649,9227
663,1649,9227
1199,1682,9346
1199,1682,9346
1199,1682,9346
1199,1682,9346
1199,1682,9346
1199,1682,9346
1199,1682,9346
1199,1682,9346
1199,1682,9346
1199,1682,9346
1492,1616,9391
1492,1616,9391
1492,1616,9391
1492,1616,9391
1492,1616,9391
1492,1616,9391
1492,1616,9391
1492,1616,9391
1492,1616,9391
1748,1632,9375
1748,1632,9375
1748,1632,9375
1748,1632,9375
1748,1632,9375
1748,1632,9375
1748,1632,9375
1748,1632,9375
1748,1632,9375
1815,1659,9388
1815,1659,9388
1815,1659,9388
1815,1659,9388
1815,1659,9388
1815,1659,9388
1815,1659,9388
1815,1659,9388
1815,1659,9388
1937,1671,9362
1937,1671,9362
1937,1671,9362
1937,1671,9362
1937,1671,9362
1937,1671,9362
1937,1671,9362
1937,1671,9362
1937,1671,9362
1967,1672,9358
1967,1672,9358
1967,1672,9358
1967,1672,9358
1967,1672,9358
1967,1672,9358
1967,1672,9358
1967,1672,9358
1967,1672,9358
2088,1709,9330
2088,1709,9330
2088,1709,9330
2088,1709,9330
2172,1803,9400
2172,1803,9400
2172,1803,9400
2172,1803,9400
2172,1803,9400
2172,1803,9400
2172,1803,9400
2172,1803,9400
2172,1803,9400
2172,1803,9400
2332,1667,9277
2332,1667,9277
2332,1667,9277
2332,1667,9277
2332,1667,9277
2332,1667,9277
2332,1667,9277
2332,1667,9277
2332,1667,9277
2335,1212,9049
2335,1212,9049
2335,1212,9049
2335,1212,9049
2335,1212,9049
2335,1212,9049
2335,1212,9049
2335,1212,9049
2335,1212,9049
2229,817,8784
2229,817,8784
2229,817,8784
2229,817,8784
2229,817,8784
2229,817,8784
2229,817,8784
2229,817,8784
2229,817,8784
2216,430,8426
2216,430,8426
2216,430,8426
2216,430,8426
2216,430,8426
2216,430,8426
2216,430,8426
2216,430,8426
2216,430,8426
2216,430,7832
2276,23,7832
2276,23,7832
2276,23,7832
2276,23,7832
2276,23,7832
2276,23,7832
2276,23,7832
2276,23,7832
2403,-232,7192
2403,-232,7192
2403,-232,7192
2403,-232,7192
2403,-232,7192
2403,-232,7192
2403,-232,7192
2403,-232,7192
2403,-232,7192
2403,-232,7192
2440,-290,6829
2440,-290,6829
2440,-290,6829
2440,-290,6829
2440,-290,6829
2440,-290,6829
2440,-290,6829
2440,-290,6829
2440,-290,6829
2568,-335,6675
2568,-335,6675
2568,-335,6675
2568,-335,6675
2568,-335,6675
2568,-335,6675
2568,-335,6675
2568,-335,6675
2568,-335,6675
2758,-255,6821
2758,-255,6821
2758,-255,6821
2758,-255,6821
2758,-255,6821
2758,-255,6821
2758,-255,6821
2758,-255,6821
2958,-68,7241
2958,-68,7241
2958,-68,7241
2958,-68,7241
2958,-68,7241
2958,-68,7241
2958,-68,7241
2958,-68,7241
2958,-68,7241
2984,193,7850
2984,193,7850
2984,193,7850
2984,193,7850
2984,193,7850
2984,193,7850
2984,193,7850
2984,193,7850
2984,193,7850
2701,472,8371
2701,472,8371
2701,472,8371
2701,472,8371
2701,472,8371
2701,472,8371
2701,472,8371
2701,472,8371
2701,472,8371
2701,472,8371
2695,670,8538
2695,670,8538
2695,670,8538
2695,670,8538
2695,670,8538
2695,670,8538
2695,670,8538
2695,670,8538
2695,670,8538
2695,670,8538
2713,562,8453
2713,562,8453
2713,562,8453
2713,562,8453
2713,562,8453
2713,562,8453
2713,562,8453
2713,562,8453
2713,562,8453
3006,342,8052
3006,342,8052
3006,342,8052
3006,342,8052
3006,342,8052
3006,342,8052
3006,342,8052
3006,342,8052
3006,342,8052
3112,79,7480
3112,79,7480
3112,79,7480
3112,79,7480
3112,79,7480
3112,79,7480
3112,79,7480
3112,79,7480
3112,79,7480
3203,-99,6659
3203,-99,6659
3203,-99,6659
3203,-99,6659
3203,-99,6659
3203,-99,6659
3203,-99,6659
3203,-99,6659
3203,-99,6659
3280,-43,5839
3280,-43,5839
3280,-43,5839
3280,-43,5839
3280,-43,5839
3280,-43,5839
3280,-43,5839
3280,-43,5839
3280,-43,5839
3217,139,4968
3217,139,4968
3217,139,4968
3217,139,4968
3217,139,4968
3217,139,4968
3217,139,4968
3217,139,4968
3217,139,4968
2992,589,4145
2992,589,4145
2992,589,4145
2992,589,4145
2992,589,4145
2992,589,4145
2992,589,4145
2992,589,4145
2992,589,4145
2705,1289,3439
2705,1289,3439
2705,1289,3439
2705,1289,3439
2705,1289,3439
2705,1289,3439
2705,1289,3439
2705,1289,3439
2705,1289,3439
2432,2195,2931
2432,2195,2931
2432,2195,2931
2432,2195,2931
2432,2195,2931
2432,2195,2931
2432,2195,2931
2432,2195,2931
2432,2195,2931
2175,3032,2806
2175,3032,2806
2175,3032,2806
2175,3032,2806
2175,3032,2806
2175,3032,2806
2175,3032,2806
2175,3032,2806
2175,3032,2806
2125,3757,2923
2125,3757,2923
2125,3757,2923
2125,3757,2923
2125,3757,2923
2125,3757,2923
2125,3757,2923
2125,3757,2923
2125,3757,2923
2251,4330,3130
2251,4330,3130
2251,4330,3130
2251,4330,3130
2251,4330,3130
2251,4330,3130
2251,4330,3130
2251,4330,3130
2251,4330,3130
2251,4330,3130
2285,4950,3495
2285,4950,3495
2285,4950,3495
2285,4950,3495
2285,4950,3495
2285,4950,3495
2285,4950,3495
2285,4950,3495
2285,4950,3495
2510,5521,4115
2510,5521,4115
2510,5521,4115
2510,5521,4115
2510,5521,4115
2510,5521,4115
2510,5521,4115
2510,5521,4115
2510,5521,4115
2839,5926,4935
2839,5926,4935
2839,5926,4935
2839,5926,4935
2839,5926,4935
2839,5926,4935
2839,5926,4935
2839,5926,4935
2839,5926,4935
3023,6036,5633
3023,6036,5633
3023,6036,5633
3114,6042,6185
3114,6042,6185
3114,6042,6185
3114,6042,6185
3114,6042,6185
3114,6042,6185
3114,6042,6185
3114,6042,6185
3114,6042,6185
3049,5983,6877
3049,5983,6877
3049,5983,6877
3049,5983,6877
3049,5983,6877
3049,5983,6877
3049,5983,6877
3049,5983,6877
3049,5983,6877
3003,5733,7538
3003,5733,7538
3003,5733,7538
3003,5733,7538
3003,5733,7538
3003,5733,7538
3003,5733,7538
3003,5733,7538
3003,5733,7538
3003,5733,7538
2922,5378,8238
2922,5378,8238
2922,5378,8238
2922,5378,8238
2922,5378,8238
2922,5378,8238
2922,5378,8238
2922,5378,8238
2798,4905,8738
2798,4905,8738
2798,4905,8738
2798,4905,8738
2798,4905,8738
2798,4905,8738
2798,4905,8738
2798,4905,8738
2798,4905,8738
2798,4905,8738
2629,4400,9118
2629,4400,9118
2629,4400,9118
2629,4400,9118
2629,4400,9118
2629,4400,9118
2629,4400,9118
2629,4400,9118
2629,4400,9118
2629,4400,9118
2500,3784,9408
2500,3784,9408
2500,3784,9408
2500,3784,9408
2500,3784,9408
2500,3784,9408
2500,3784,9408
2500,3784,9408
2500,3784,9408
2369,3120,9508
2369,3120,9508
2369,3120,9508
2369,3120,9508
2369,3120,9508
2369,3120,9508
2369,3120,9508
2369,3120,9508
2369,3120,9508
2286,2583,9553
2286,2583,9553
2286,2583,9553
2286,2583,9553
2286,2583,9553
2286,2583,9553
2286,2583,9553
2286,2583,9553
2286,2583,9553
2255,2215,9488
2255,2215,9488
2255,2215,9488
2255,2215,9488
2255,2215,9488
2255,2215,9488
2255,2215,9488
2255,2215,9488
2244,1938,9442
2244,1938,9442
2244,1938,9442
2244,1938,9442
2244,1938,9442
2244,1938,9442
2244,1938,9442
2244,1938,9442
2244,1938,9442
2220,1797,9379
2220,1797,9379
2220,1797,9379
2220,1797,9379
2220,1797,9379
2220,1797,9379
2220,1797,9379
2220,1797,9379
2220,1797,9379
2220,1797,9393
2225,1747,9393
2225,1747,9393
2225,1747,9393
2225,1747,9393
2225,1747,9393
2225,1747,9393
2225,1747,9393
2225,1747,9393
2225,1747,9393
2278,1638,9345
2278,1638,9345
2278,1638,9345
2278,1638,9345
2278,1638,9345
2278,1638,9345
2278,1638,9345
2278,1638,9345
2278,1638,9345
2322,1557,9258
2322,1557,9258
2322,1557,9258
2322,1557,9258
2322,1557,9258
2322,1557,9258
2322,1557,9258
2322,1557,9258
2322,1557,9258
2288,1566,9251
2288,1566,9251
2288,1566,9251
2288,1566,9251
2288,1566,9251
2288,1566,9251
2288,1566,9251
2288,1566,9251
2288,1566,9251
2304,1551,9229
2304,1551,9229
2304,1551,9229
2304,1551,9229
2304,1551,9229
2304,1551,9229
2304,1551,9229
2304,1551,9229
2304,1551,9229
2305,1653,9320
2305,1653,9320
2305,1653,9320
2305,1653,9320
2305,1653,9320
2305,1653,9320
2305,1653,9320
2305,1653,9320
2305,1653,9320
2305,1653,9320
2383,1786,9366
2383,1786,9366
2383,1786,9366
2383,1786,9366
2383,1786,9366
2383,1786,9366
2383,1786,9366
2383,1786,9366
2383,1786,9366
2548,1970,9326
2548,1970,9326
2548,1970,9326
2548,1970,9326
2548,1970,9326
2548,1970,9326
2548,1970,9326
2548,1970,9326
2680,2091,9353
2680,2091,9353
2680,2091,9353
2680,2091,9353
2680,2091,9353
2680,2091,9353
2680,2091,9353
2680,2091,9353
2680,2091,9353
2816,2302,9345
2816,2302,9345
2816,2302,9345
2816,2302,9345
2816,2302,9345
2816,2302,9345
2816,2302,9345
2816,2302,9345
2816,2302,9345
2816,2302,9345
2855,2491,9369
2855,2491,9369
2855,2491,9369
2855,2491,9369
2855,2491,9369
2855,2491,9369
2855,2491,9369
2855,2491,9369
2855,2491,9369
2950,2733,9395
2950,2733,9395
2950,2733,9395
2950,2733,9395
2950,2733,9395
2950,2733,9395
2950,2733,9395
2950,2733,9395
2950,2733,9395
2971,2748,9380
2971,2748,9380
2971,2748,9380
2971,2748,9380
2971,2748,9380
2971,2748,9380
2971,2748,9380
2971,2748,9380
2971,2748,9380
3046,2417,9312
3046,2417,9312
3046,2417,9312
3046,2417,9312
3046,2417,9312
3046,2417,9312
3046,2417,9312
3046,2417,9312
3046,2417,9312
2997,2137,9239
2997,2137,9239
2997,2137,9239
2997,2137,9239
2997,2137,9239
2997,2137,9239
2997,2137,9239
2997,2137,9239
2997,2137,9239
2952,1916,9231
2952,1916,9231
2952,1916,9231
2952,1916,9231
2952,1916,9231
2952,1916,9231
2952,1916,9231
3097,1863,9114
3097,1863,9114
3097,1863,9114
3097,1863,9114
3097,1863,9114
3097,1863,9114
3097,1863,9114
2994,1711,9077
2994,1711,9077
2994,1711,9077
2994,1711,9077
2994,1711,9077
2994,1711,9077
2994,1711,9077
2994,1711,9077
2994,1711,9077
3042,1369,8914
3042,1369,8914
3042,1369,8914
3042,1369,8914
3042,1369,8914
3042,1369,8914
3042,1369,8914
3042,1369,8914
3066,825,8489
3066,825,8489
3066,825,8489
3066,825,8489
3066,825,8489
3066,825,8489
3066,825,8489
3066,825,8489
3066,825,8489
3096,351,7835
3096,351,7835
3096,351,7835
3096,351,7835
3096,351,7835
3096,351,7835
3096,351,7835
3096,351,7835
3096,351,7835
3096,351,6793
3170,-46,6793
3170,-46,6793
3170,-46,6793
3170,-46,6793
3170,-46,6793
3170,-46,6793
3170,-46,6793
3170,-46,6793
3170,-46,6793
3259,-11,5590
3259,-11,5590
3259,-11,5590
3259,-11,5590
3259,-11,5590
3259,-11,5590
3259,-11,5590
3259,-11,5590
3259,-11,5590
3241,484,4453
3241,484,4453
3241,484,4453
3241,484,4453
3241,484,4453
3241,484,4453
3241,484,4453
3241,484,4453
3241,484,4453
3151,1106,3743
3151,1106,3743
3151,1106,3743
3151,1106,3743
3151,1106,3743
3151,1106,3743
3151,1106,3743
3151,1106,3743
3151,1106,3743
3006,1658,3358
3006,1658,3358
3006,1658,3358
3006,1658,3358
3006,1658,3358
3006,1658,3358
3006,1658,3358
3006,1658,3358
3006,1658,3358
3006,1658,3358
3107,2436,3145
3107,2436,3145
3107,2436,3145
3107,2436,3145
3107,2436,3145
3107,2436,3145
3107,2436,3145
3107,2436,3145
3107,2436,3145
3184,3404,3104
3184,3404,3104
3184,3404,3104
3184,3404,3104
3184,3404,3104
3184,3404,3104
3184,3404,3104
3184,3404,3104
3184,3404,3104
3233,4196,3441
3233,4196,3441
3233,4196,3441
3233,4196,3441
3233,4196,3441
3233,4196,3441
3233,4196,3441
3233,4196,3441
3233,4196,3441
3413,4816,3909
3413,4816,3909
3413,4816,3909
3413,4816,3909
3413,4816,3909
3413,4816,3909
3413,4816,3909
3413,4816,3909
3413,4816,3909
3563,5294,4557
3563,5294,4557
3563,5294,4557
3563,5294,4557
3563,5294,4557
3563,5294,4557
3563,5294,4557
3563,5294,4557
3563,5294,4557
3527,5675,5301
3527,5675,5301
3527,5675,5301
3527,5675,5301
3527,5675,5301
3527,5675,5301
3527,5675,5301
3527,5675,5301
3527,5675,5301
3422,5878,5875
3422,5878,5875
3422,5878,5875
3422,5878,5875
3422,5878,5875
3422,5878,5875
3422,5878,5875
3422,5878,5875
3422,5878,5875
3238,5947,6368
3238,5947,6368
3238,5947,6368
3238,5947,6368
3238,5947,6368
3238,5947,6368
3238,5947,6368
3238,5947,6368
3238,5947,6368
3163,5861,7097
3163,5861,7097
3163,5861,7097
3163,5861,7097
3163,5861,7097
3163,5861,7097
3163,5861,7097
3163,5861,7097
3163,5861,7097
3052,5674,7662
3052,5674,7662
3052,5674,7662
3052,5674,7662
3052,5674,7662
3052,5674,7662
3052,5674,7662
3052,5674,7662
3052,5674,7662
3052,5459,7953
3075,5459,7953
3075,5459,7953
3075,5459,7953
3075,5459,7953
3075,5459,7953
3075,5459,7953
3075,5459,7953
3075,5459,7953
3139,5117,8327
3139,5117,8327
3139,5117,8327
3139,5117,8327
3139,5117,8327
3139,5117,8327
3139,5117,8327
3139,5117,8327
3139,5117,8327
3139,5117,8327
3294,4721,8594
3294,4721,8594
3294,4721,8594
3294,4721,8594
3294,4721,8594
3294,4721,8594
3294,4721,8594
3294,4721,8594
3294,4721,8594
3321,4206,8895
3321,4206,8895
3321,4206,8895
3321,4206,8895
3321,4206,8895
3321,4206,8895
3321,4206,8895
3321,4206,8895
3321,4206,8895
3167,3765,9129
3167,3765,9129
3167,3765,9129
3167,3765,9129
3167,3765,9129
3167,3765,9129
3167,3765,9129
3167,3765,9129
3167,3765,9129
3067,3363,9278
3067,3363,9278
3067,3363,9278
3067,3363,9278
3067,3363,9278
3067,3363,9278
3067,3363,9278
3067,3363,9278
3067,3363,9278
2916,3181,9369
2916,3181,9369
2916,3181,9369
2916,3181,9369
2916,3181,9369
2916,3181,9369
2916,3181,9369
2916,3181,9369
2916,3181,9369
2858,3009,9393
2858,3009,9393
2858,3009,9393
2858,3009,9393
2858,3009,9393
2858,3009,9393
2858,3009,9393
2858,3009,9393
2858,3009,9393
2859,2825,9344
2859,2825,9344
2859,2825,9344
2859,2825,9344
2859,2825,9344
2859,2825,9344
2859,2825,9344
2760,2684,9397
2760,2684,9397
2760,2684,9397
2760,2684,9397
2760,2684,9397
2760,2684,9397
2760,2684,9397
2714,2682,9425
2714,2682,9425
2714,2682,9425
2714,2682,9425
2714,2682,9425
2714,2682,9425
2714,2682,9425
2714,2682,9425
2714,2682,9425
2674,2748,9403
2674,2748,9403
2674,2748,9403
2674,2748,9403
2674,2748,9403
2674,2748,9403
2674,2748,9403
2674,2748,9403
2674,2748,9403
2746,2966,9428
2746,2966,9428
2746,2966,9428
2746,2966,9428
2746,2966,9428
2746,2966,9428
2746,2966,9428
2746,2966,9428
2670,3149,9434
2670,3149,9434
2670,3149,9434
2670,3149,9434
2670,3149,9434
2670,3149,9434
2670,3149,9434
2670,3149,9434
2670,3149,9434
2670,3149,9434
2683,3251,9445
2683,3251,9445
2683,3251,9445
2683,3251,9445
2683,3251,9445
2683,3251,9445
2683,3251,9445
2683,3251,9445
2683,3251,9445
2721,3318,9400
2721,3318,9400
2721,3318,9400
2721,3318,9400
2721,3318,9400
2721,3318,9400
2721,3318,9400
2721,3318,9400
2721,3318,9400
2735,3286,9420
2735,3286,9420
2735,3286,9420
2735,3286,9420
2735,3286,9420
2735,3286,9420
2735,3286,9420
2735,3286,9420
2735,3286,9420
2792,3194,9366
2792,3194,9366
2792,3194,9366
2792,3194,9366
2792,3194,9366
2792,3194,9366
2792,3194,9366
2792,3194,9366
2792,3194,9366
2792,3194,9366
2918,2634,9403
2918,2634,9403
2918,2634,9403
2918,2634,9403
2918,2634,9403
2918,2634,9403
2918,2634,9403
2918,2634,9403
2918,2634,9403
2762,1677,9237
2762,1677,9237
2762,1677,9237
2762,1677,9237
2762,1677,9237
2762,1677,9237
2762,1677,9237
2762,1677,9237
2762,1677,9237
2743,733,8602
2743,733,8602
2743,733,8602
2743,733,8602
2743,733,8602
2743,733,8602
2743,733,8602
2743,733,8602
2743,733,8602
2834,60,7518
2834,60,7518
2834,60,7518
2834,60,7518
2834,60,7518
2834,60,7518
2834,60,7518
2834,60,7518
2834,60,7518
3101,-125,6355
3101,-125,6355
3101,-125,6355
3101,-125,6355
3101,-125,6355
3101,-125,6355
3101,-125,6355
3101,-125,6355
3432,222,5066
3432,222,5066
3432,222,5066
3432,222,5066
3432,222,5066
3432,222,5066
3432,222,5066
3432,222,5066
3432,222,5066
3432,222,5066
3489,998,4010
3489,998,4010
3489,998,4010
3489,998,4010
3489,998,4010
3489,998,4010
3489,998,4010
3489,998,4010
3489,1984,3447
3463,1984,3447
3463,1984,3447
3463,1984,3447
3463,1984,3447
3463,1984,3447
3463,1984,3447
3463,1984,3447
3463,1984,3447
3463,1984,3447
3660,2765,3448
3660,2765,3448
3660,2765,3448
3660,2765,3448
3660,2765,3448
3660,2765,3448
3660,2765,3448
3660,2765,3448
3660,2765,3448
3660,2765,3448
3889,3017,3598
3889,3017,3598
3889,3017,3598
3889,3017,3598
3889,3017,3598
3889,3017,3598
3889,3017,3598
3889,3017,3598
3889,3017,3598
4008,2865,3679
4008,2865,3679
4008,2865,3679
4008,2865,3679
4008,2865,3679
4008,2865,3679
4008,2865,3679
4008,2865,3679
4008,2865,3679
4058,2541,3739
4058,2541,3739
4058,2541,3739
4058,2541,3739
4058,2541,3739
4058,2541,3739
4058,2541,3739
4058,2541,3739
4058,2541,3739
3911,2545,3619
3911,2545,3619
3911,2545,3619
3911,2545,3619
3911,2545,3619
3911,2545,3619
3911,2545,3619
3911,2545,3619
3911,2545,3619
3777,3310,3458
3777,3310,3458
3777,3310,3458
3777,3310,3458
3777,3310,3458
3777,3310,3458
3777,3310,3458
3777,3310,3458
3777,3310,3458
3495,4419,3708
3495,4419,3708
3495,4419,3708
3495,4419,3708
3495,4419,3708
3495,4419,3708
3495,4419,3708
3495,4419,3708
3495,4419,3708
3258,5415,4439
3258,5415,4439
3258,5415,4439
3258,5415,4439
3258,5415,4439
3258,5415,4439
3258,5415,4439
3258,5415,4439
3258,5415,4439
2990,5967,5388
2990,5967,5388
2990,5967,5388
2990,5967,5388
2990,5967,5388
2990,5967,5388
2990,5967,5388
2990,5967,5388
2990,5967,5388
2731,6175,6488
2731,6175,6488
2731,6175,6488
2731,6175,6488
2731,6175,6488
2731,6175,6488
2731,6175,6488
2731,6175,6488
2731,6175,6488
2494,5919,7582
2494,5919,7582
2494,5919,7582
2494,5919,7582
2494,5919,7582
2494,5919,7582
2494,5919,7582
2494,5919,7582
2494,5919,7582
2350,5452,8384
2350,5452,8384
2350,5452,8384
2350,5452,8384
2350,5452,8384
2350,5452,8384
2350,5452,8384
1978,4984,8799
1978,4984,8799
1978,4984,8799
1978,4984,8799
1978,4984,8799
1978,4984,8799
1978,4984,8799
1620,4691,9077
1620,4691,9077
1620,4691,9077
1620,4691,9077
1620,4691,9077
1620,4691,9077
1620,4691,9077
1620,4691,9077
1620,4691,9077
1528,4395,9206
1528,4395,9206
1528,4395,9206
1528,4395,9206
1528,4395,9206
1528,4395,9206
1528,4395,9206
1528,4395,9206
1528,4395,9206
1467,4066,9369
1467,4066,9369
1467,4066,9369
1467,4066,9369
1467,4066,9369
1467,4066,9369
1467,4066,9369
1467,4066,9369
1467,4066,9369
1515,3682,9504
1515,3682,9504
1515,3682,9504
1515,3682,9504
1515,3682,9504
1515,3682,9504
1515,3682,9504
1515,3682,9504
1515,3682,9504
1515,3250,9531
1382,3250,9531
1382,3250,9531
1382,3250,9531
1382,3250,9531
1382,3250,9531
1382,3250,9531
1382,3250,9531
1382,3250,9531
1341,2577,9555
1341,2577,9555
1341,2577,9555
1341,2577,9555
1341,2577,9555
1341,2577,9555
1341,2577,9555
1341,2577,9555
1341,2577,9555
1600,1638,9327
1600,1638,9327
1600,1638,9327
1600,1638,9327
1600,1638,9327
1600,1638,9327
1600,1638,9327
1600,1638,9327
1600,1638,9327
1836,631,8687
1836,631,8687
1836,631,8687
1836,631,8687
1836,631,8687
1836,631,8687
1836,631,8687
1836,631,8687
1836,631,8687
1900,-254,7340
1900,-254,7340
1900,-254,7340
1900,-254,7340
1900,-254,7340
1900,-254,7340
1900,-254,7340
1900,-254,7340
1900,-254,7340
1900,-254,7340
1949,-391,5607
1949,-391,5607
1949,-391,5607
1949,-391,5607
1949,-391,5607
1949,-391,5607
1949,-391,5607
1949,-391,5607
1949,-391,5607
2371,206,4319
2371,206,4319
2371,206,4319
2371,206,4319
2371,206,4319
2371,206,4319
2371,206,4319
2371,206,4319
2371,206,4319
2630,947,3594
2630,947,3594
2630,947,3594
2630,947,3594
2630,947,3594
2630,947,3594
2630,947,3594
2630,947,3594
2630,947,3594
2634,1461,3377
2634,1461,3377
2634,1461,3377
2634,1461,3377
2634,1461,3377
2634,1461,3377
2634,1461,3377
2634,1461,3377
2634,1461,3377
2634,1461,3377
2546,1634,3222
2546,1634,3222
2546,1634,3222
2546,1634,3222
2546,1634,3222
2546,1634,3222
2546,1634,3222
2546,1634,3222
2546,1634,3222
2166,2198,2992
2166,2198,2992
2166,2198,2992
2166,2198,2992
2166,2198,2992
2166,2198,2992
2166,2198,2992
2166,2198,2992
1886,3270,2895
1886,3270,2895
1886,3270,2895
1886,3270,2895
1886,3270,2895
1886,3270,2895
1886,3270,2895
1886,3270,2895
1886,3270,2895
1566,4631,3287
1566,4631,3287
1566,4631,3287
1566,4631,3287
1566,4631,3287
1566,4631,3287
1566,4631,3287
1566,4631,3287
1566,4631,3287
1399,5752,4363
1399,5752,4363
1399,5752,4363
1399,5752,4363
1399,5752,4363
1399,5752,4363
1399,5752,4363
1399,5752,4363
1399,5752,4363
1477,6320,5842
1477,6320,5842
1477,6320,5842
1477,6320,5842
1477,6320,5842
1477,6320,5842
1477,6320,5842
1477,6320,5842
1477,6320,5842
1410,6209,7170
1410,6209,7170
1410,6209,7170
1410,6209,7170
1410,6209,7170
1410,6209,7170
1410,6209,7170
1410,6209,7170
1410,6209,7170
1373,5721,7993
1373,5721,7993
1373,5721,7993
1373,5721,7993
1373,5721,7993
1373,5721,7993
1373,5721,7993
1373,5721,7993
1373,5721,7993
1373,5721,7993
1193,5306,8519
1193,5306,8519
1193,5306,8519
1193,5306,8519
1193,5306,8519
1193,5306,8519
1193,5306,8519
1193,5306,8519
1193,5306,8519
1105,4978,8793
1105,4978,8793
1105,4978,8793
1105,4978,8793
1105,4978,8793
1105,4978,8793
1105,4978,8793
1105,4978,8793
1105,4978,8793
1119,4666,9018
1119,4666,9018
1119,4666,9018
1119,4666,9018
1119,4666,9018
1119,4666,9018
1119,4666,9018
1119,4666,9018
1119,4666,9018
1119,4323,9210
1063,4323,9210
1063,4323,9210
1063,4323,9210
1063,4323,9210
1063,4323,9210
1063,4323,9210
1063,4323,9210
1063,4323,9210
1070,4023,9314
1070,4023,9314
1070,4023,9314
1070,4023,9314
1070,4023,9314
1070,4023,9314
1070,4023,9314
1070,4023,9314
1070,4023,9314
1077,3874,9377
1077,3874,9377
1077,3874,9377
1077,3874,9377
1077,3874,9377
1077,3874,9377
1077,3874,9377
1077,3874,9377
1077,3874,9377
1158,3803,9451
1158,3803,9451
1158,3803,9451
1158,3803,9451
1158,3803,9451
1158,3803,9451
1103,3680,9427
1103,3680,9427
1103,3680,9427
1103,3680,9427
1103,3680,9427
1103,3680,9427
1103,3680,9427
1101,3399,9510
1101,3399,9510
1101,3399,9510
1101,3399,9510
1101,3399,9510
1101,3399,9510
1101,3399,9510
1101,3399,9510
1101,3399,9510
778,2731,9437
778,2731,9437
778,2731,9437
778,2731,9437
778,2731,9437
778,2731,9437
778,2731,9437
778,2731,9437
778,2731,9437
269,2063,9189
269,2063,9189
269,2063,9189
269,2063,9189
269,2063,9189
269,2063,9189
269,2063,9189
269,2063,9189
269,2063,9189
113,1554,8898
113,1554,8898
113,1554,8898
113,1554,8898
113,1554,8898
113,1554,8898
113,1554,8898
113,1554,8898
113,1554,8898
172,1088,8698
172,1088,8698
172,1088,8698
172,1088,8698
172,1088,8698
172,1088,8698
172,1088,8698
172,1088,8698
172,1088,8698
172,1088,8698
379,624,8332
379,624,8332
379,624,8332
379,624,8332
379,624,8332
379,624,8332
379,624,8332
379,624,8332
379,624,8332
412,174,7757
412,174,7757
412,174,7757
412,174,7757
412,174,7757
412,174,7757
412,174,7757
412,174,7757
412,174,7757
489,-193,6907
489,-193,6907
489,-193,6907
489,-193,6907
489,-193,6907
489,-193,6907
489,-193,6907
489,-193,6907
489,-193,6907
572,-290,5750
572,-290,5750
572,-290,5750
572,-290,5750
572,-290,5750
572,-290,5750
572,-290,5750
572,-290,5750
572,-290,5750
822,-35,4769
822,-35,4769
822,-35,4769
822,-35,4769
822,-35,4769
822,-35,4769
822,-35,4769
822,-35,4769
822,-35,4769
1291,368,4039
1291,368,4039
1291,368,4039
1291,368,4039
1291,368,4039
1291,368,4039
1291,368,4039
1291,368,4039
1291,368,4039
1708,842,3529
1708,842,3529
1708,842,3529
1708,842,3529
1708,842,3529
1708,842,3529
1708,842,3529
1708,842,3529
1708,842,3529
2047,1435,3178
2047,1435,3178
2047,1435,3178
2047,1435,3178
2047,1435,3178
2047,1435,3178
2047,1435,3178
2047,1435,3178
2047,1435,3178
2397,2089,2940
2397,2089,2940
2397,2089,2940
2397,2089,2940
2397,2089,2940
2397,2089,2940
2397,2089,2940
2397,2089,2940
2397,2089,2940
2725,2856,2978
2725,2856,2978
2725,2856,2978
2725,2856,2978
2725,2856,2978
2725,2856,2978
2725,2856,2978
2725,2856,2978
2725,2856,2978
2725,2856,2978
2776,3661,3098
2776,3661,3098
2776,3661,3098
2776,3661,3098
2776,3661,3098
2776,3661,3098
2776,3661,3098
2776,3661,3098
2373,4498,3289
2373,4498,3289
2373,4498,3289
2373,4498,3289
2373,4498,3289
2373,4498,3289
2373,4498,3289
2373,4498,3289
2373,4498,3289
1907,5209,3717
1907,5209,3717
1907,5209,3717
1907,5209,3717
1907,5209,3717
1907,5209,3717
1907,5209,3717
1907,5209,3717
1907,5209,3717
1907,5209,3717
1679,5779,4357
1679,5779,4357
1679,5779,4357
1679,5779,4357
1679,5779,4357
1679,5779,4357
1679,5779,4357
1679,5779,4357
1679,5779,4357
1431,6102,5030
1431,6102,5030
1431,6102,5030
1431,6102,5030
1431,6102,5030
1431,6102,5030
1431,6102,5030
1431,6102,5030
1431,6102,5030
1243,6307,5850
1243,6307,5850
1243,6307,5850
1243,6307,5850
1243,6307,5850
1243,6307,5850
1243,6307,5850
1243,6307,5850
1243,6307,5850
1124,6272,6546
1124,6272,6546
1124,6272,6546
1124,6272,6546
1124,6272,6546
1124,6272,6546
1124,6272,6546
1124,6272,6546
1124,6272,6546
934,6074,7178
934,6074,7178
934,6074,7178
934,6074,7178
934,6074,7178
934,6074,7178
934,6074,7178
934,6074,7178
934,6074,7178
934,6074,7178
730,5801,7772
730,5801,7772
730,5801,7772
730,5801,7772
730,5801,7772
730,5801,7772
730,5801,7772
730,5801,7772
730,5801,7772
611,5317,8368
611,5317,8368
611,5317,8368
611,5317,8368
611,5317,8368
611,5317,8368
611,5317,8368
611,5317,8368
611,5317,8368
467,4766,8775
467,4766,8775
467,4766,8775
467,4766,8775
467,4766,8775
467,4766,8775
467,4766,8775
467,4766,8775
467,4766,8775
141,4135,9024
141,4135,9024
141,4135,9024
141,4135,9024
141,4135,9024
141,4135,9024
141,4135,9024
141,4135,9024
-136,3519,9089
-136,3519,9089
-136,3519,9089
-136,3519,9089
-136,3519,9089
-136,3519,9089
-136,3519,9089
-136,3519,9089
-136,3519,9089
-136,3519,9089
-55,3110,9160
-55,3110,9160
-55,3110,9160
-55,3110,9160
-55,3110,9160
-17,2906,9181
-17,2906,9181
-17,2906,9181
-17,2906,9181
-17,2906,9181
-17,2906,9181
-17,2906,9181
-17,2906,9181
-17,2906,9181
-275,2653,8972
-275,2653,8972
-275,2653,8972
-275,2653,8972
-275,2653,8972
-275,2653,8972
-275,2653,8972
-275,2653,8972
-275,2653,8972
-139,2441,9088
-139,2441,9088
-139,2441,9088
-139,2441,9088
-139,2441,9088
-139,2441,9088
-139,2441,9088
-139,2441,9088
-139,2441,9088
-120,2242,9032
-120,2242,9032
-120,2242,9032
-120,2242,9032
-120,2242,9032
-120,2242,9032
-120,2242,9032
-120,2242,9032
-120,2242,9032
-131,2215,9051
-131,2215,9051
-131,2215,9051
-131,2215,9051
-131,2215,9051
-131,2215,9051
-131,2215,9051
-131,2215,9051
-131,2215,9051
-262,2182,8962
-262,2182,8962
-262,2182,8962
-262,2182,8962
-262,2182,8962
-262,2182,8962
-262,2182,8962
-262,2182,8962
-262,2182,8962
-533,2186,8776
-533,2186,8776
-533,2186,8776
-533,2186,8776
-533,2186,8776
-533,2186,8776
-533,2186,8776
-533,2186,8776
-533,2186,8776
-645,2123,8758
-645,2123,8758
-645,2123,8758
-645,2123,8758
-645,2123,8758
-645,2123,8758
-645,2123,8758
-645,2123,8758
-795,2116,8532
-795,2116,8532
-795,2116,8532
-795,2116,8532
-795,2116,8532
-795,2116,8532
-795,2116,8532
-795,2116,8532
-795,2116,8532
-795,2116,8532
-1297,2117,7983
-1297,2117,7983
-1297,2117,7983
-1297,2117,7983
-1297,2117,7983
-1297,2117,7983
-1297,2117,7983
-1297,2117,7983
-1624,2075,7246
-1624,2075,7246
-1624,2075,7246
-1624,2075,7246
-1624,2075,7246
-1624,2075,7246
-1624,2075,7246
-1624,2075,7246
-1624,2075,7246
-1624,2075,7246
-1775,2057,6930
-1775,2057,6930
-1775,2057,6930
-1775,2057,6930
-1775,2057,6930
-1775,2057,6930
-1775,2057,6930
-1775,2057,6930
-1775,2057,6930
-1775,2057,6930
-1648,1932,7201
-1648,1932,7201
-1648,1932,7201
-1648,1932,7201
-1648,1932,7201
-1648,1932,7201
-1648,1932,7201
-1648,1932,7201
-1648,1932,7201
-1093,1721,8082
-1093,1721,8082
-1093,1721,8082
-1093,1721,8082
-1093,1721,8082
-1093,1721,8082
-1093,1721,8082
-1093,1721,8082
-1093,1721,8082
30,1538,8892
30,1538,8892
30,1538,8892
30,1538,8892
30,1538,8892
30,1538,8892
30,1538,8892
30,1538,8892
30,1538,8892
1072,1473,9276
1072,1473,9276
1072,1473,9276
1072,1473,9276
1072,1473,9276
1072,1473,9276
1072,1473,9276
1072,1473,9276
1072,1473,9276
1577,1483,9294
1577,1483,9294
1577,1483,9294
1577,1483,9294
1577,1483,9294
1577,1483,9294
1577,1483,9294
1577,1483,9294
1577,1483,9294
2230,1545,9291
2230,1545,9291
2230,1545,9291
2230,1545,9291
2230,1545,9291
2230,1545,9291
2230,1545,9291
2230,1545,9291
2230,1545,9291
2660,1617,9180
2660,1617,9180
2660,1617,9180
2660,1617,9180
2660,1617,9180
2660,1617,9180
2660,1617,9180
2660,1617,9180
2660,1617,9180
2782,1640,9183
2782,1640,9183
2782,1640,9183
2782,1640,9183
2782,1640,9183
2782,1640,9183
2782,1640,9183
2782,1640,9183
2782,1640,9183
2379,1554,9274
2379,1554,9274
2379,1554,9274
2379,1554,9274
2379,1554,9274
2379,1554,9274
2379,1554,9274
2379,1554,9274
2379,1554,9274
1888,1463,9345
1888,1463,9345
1888,1463,9345
1888,1463,9345
1888,1463,9345
1888,1463,9345
1888,1463,9345
1888,1463,9345
1888,1463,9345
1846,1480,9338
1846,1480,9338
1846,1480,9338
1846,1480,9338
1846,1480,9338
1846,1480,9338
1846,1480,9338
1846,1480,9338
1846,1480,9338
1344,1483,9294
1344,1483,9294
1344,1483,9294
1344,1483,9294
1344,1483,9294
1344,1483,9294
1344,1483,9294
1344,1483,9294
1344,1483,9294
1344,1483,9294
1237,1503,9318
1237,1503,9318
1237,1503,9318
1237,1503,9318
1237,1503,9318
1237,1503,9318
1237,1503,9318
1237,1503,9318
1237,1503,9318
932,1497,9216
932,1497,9216
932,1497,9216
932,1497,9216
932,1497,9216
932,1497,9216
932,1497,9216
932,1497,9216
932,1497,9216
616,1519,9163
616,1519,9163
616,1519,9163
616,1519,9163
616,1519,9163
616,1519,9163
616,1519,9163
616,1519,9163
616,1519,9163
-53,1498,8869
-53,1498,8869
-53,1498,8869
-53,1498,8869
-53,1498,8869
-53,1498,8869
-53,1498,8869
-53,1498,8869
-891,1551,8134
-891,1551,8134
-891,1551,8134
-891,1551,8134
-891,1551,8134
-1443,1539,7283
-1443,1539,7283
-1443,1539,7283
-1443,1539,7283
-1443,1539,7283
-1443,1539,7283
-1443,1539,7283
-1443,1539,7283
-1027,1439,7999
-1027,1439,7999
-1027,1439,7999
-1027,1439,7999
-1027,1439,7999
-1027,1439,7999
-1027,1439,7999
-1027,1439,7999
-1027,1439,7999
-1027,1439,7999
790,1325,9138
790,1325,9138
790,1325,9138
790,1325,9138
790,1325,9138
790,1325,9138
790,1325,9138
790,1325,9138
790,1325,9138
790,1325,9138
2662,1403,9114
2662,1403,9114
2662,1403,9114
2662,1403,9114
2662,1403,9114
2662,1403,9114
2662,1403,9114
2662,1403,9114
2662,1403,9114
3680,1487,8640
3680,1487,8640
3680,1487,8640
3680,1487,8640
3680,1487,8640
3680,1487,8640
3680,1487,8640
3680,1487,8640
3680,1487,8640
3855,1473,8539
3855,1473,8539
3855,1473,8539
3855,1473,8539
3855,1473,8539
3855,1473,8539
3855,1473,8539
3855,1473,8539
3855,1473,8539
3015,1337,9000
3015,1337,9000
3015,1337,9000
3015,1337,9000
3015,1337,9000
3015,1337,9000
3015,1337,9000
3015,1337,9000
3015,1337,9000
1136,1242,9182
1136,1242,9182
1136,1242,9182
1136,1242,9182
1136,1242,9182
1136,1242,9182
1136,1242,9182
1136,1242,9182
1136,1242,9182
-300,1291,8575
-300,1291,8575
-300,1291,8575
-300,1291,8575
-300,1291,8575
-300,1291,8575
-300,1291,8575
-300,1291,8575
-300,1291,8575
-729,1414,8341
-729,1414,8341
-729,1414,8341
-729,1414,8341
-729,1414,8341
-729,1414,8341
-729,1414,8341
-729,1414,8341
270,1481,9108
270,1481,9108
270,1481,9108
270,1481,9108
270,1481,9108
270,1481,9108
270,1481,9108
270,1481,9108
270,1481,9108
270,1481,9108
1836,1728,9458
1836,1728,9458
1836,1728,9458
1836,1728,9458
1836,1728,9458
1836,1728,9458
1836,1728,9458
1836,1728,9458
1836,1728,9458
3388,2034,9082
3388,2034,9082
3388,2034,9082
3388,2034,9082
3388,2034,9082
3388,2034,9082
3388,2034,9082
3388,2034,9082
3388,2034,9082
4171,2219,8586
4171,2219,8586
4171,2219,8586
4171,2219,8586
4171,2219,8586
4171,2219,8586
4171,2219,8586
4171,2219,8586
4171,2237,8821
3956,2237,8821
3956,2237,8821
3956,2237,8821
3956,2237,8821
3956,2237,8821
3956,2237,8821
3956,2237,8821
3956,2237,8821
3956,2237,8821
2286,2045,9480
2286,2045,9480
2286,2045,9480
2286,2045,9480
2286,2045,9480
2286,2045,9480
2286,2045,9480
2286,2045,9480
2286,2045,9480
2286,2045,9480
618,2013,9338
618,2013,9338
618,2013,9338
618,2013,9338
618,2013,9338
618,2013,9338
618,2013,9338
618,2013,9338
618,2013,9338
-671,2148,8656
-671,2148,8656
-671,2148,8656
-671,2148,8656
-671,2148,8656
-671,2148,8656
-671,2148,8656
-671,2148,8656
-671,2148,8656
-1361,2369,8027
-1361,2369,8027
-1361,2369,8027
-1361,2369,8027
-1361,2369,8027
-1361,2369,8027
-1361,2369,8027
-1361,2369,8027
-1361,2369,8027
-1044,2532,8479
-1044,2532,8479
-1044,2532,8479
-1044,2532,8479
-1044,2532,8479
-1044,2532,8479
-1044,2532,8479
-1044,2532,8479
-1044,2532,9516
711,2595,9516
711,2595,9516
711,2595,9516
711,2595,9516
711,2595,9516
711,2595,9516
711,2595,9516
711,2595,9516
711,2595,9516
2617,2887,9508
2617,2887,9508
2617,2887,9508
2617,2887,9508
2617,2887,9508
2617,2887,9508
2617,2887,9508
2617,2887,9508
2617,2887,9508
4156,3283,8574
4156,3283,8574
4156,3283,8574
4156,3283,8574
4156,3283,8574
4156,3283,8574
4156,3283,8574
4156,3283,8574
4156,3283,8574
4572,3514,8092
4572,3514,8092
4572,3514,8092
4572,3514,8092
4572,3514,8092
4572,3514,8092
4572,3514,8092
4572,3514,8092
4572,3514,8092
4332,3526,8454
4332,3526,8454
4332,3526,8454
4332,3526,8454
4332,3526,8454
4332,3526,8454
4332,3526,8454
4332,3526,8454
2784,3354,9444
2784,3354,9444
2784,3354,9444
2784,3354,9444
2784,3354,9444
2784,3354,9444
2784,3354,9444
2784,3354,9444
2784,3354,9444
2784,3354,9444
671,3209,9469
671,3209,9469
671,3209,9469
671,3209,9469
671,3209,9469
671,3209,9469
671,3209,9469
671,3209,9469
671,3209,9469
671,3209,9469
-706,3256,8727
-706,3256,8727
-706,3256,8727
-706,3256,8727
-706,3256,8727
-706,3256,8727
-706,3256,8727
-706,3256,8727
-706,3256,8727
-1037,3348,8349
-1037,3348,8349
-1037,3348,8349
-1037,3348,8349
-665,3390,8787
-665,3390,8787
-665,3390,8787
-665,3390,8787
-665,3390,8787
-665,3390,8787
-665,3390,8787
-665,3390,8787
569,3497,9409
569,3497,9409
569,3497,9409
569,3497,9409
569,3497,9409
569,3497,9409
569,3497,9409
569,3497,9409
569,3497,9409
569,3651,9447
2434,3651,9447
2434,3651,9447
2434,3651,9447
2434,3651,9447
2434,3651,9447
2434,3651,9447
2434,3651,9447
2434,3651,9447
2434,3651,9447
3652,3803,8865
3652,3803,8865
3652,3803,8865
3652,3803,8865
3652,3803,8865
3652,3803,8865
3652,3803,8865
3652,3803,8865
3652,3803,8865
4158,3824,8417
4158,3824,8417
4158,3824,8417
4158,3824,8417
4158,3824,8417
4158,3824,8417
4158,3824,8417
4158,3824,8417
4158,3824,8417
4359,3903,8254
4359,3903,8254
4359,3903,8254
4359,3903,8254
4359,3903,8254
4359,3903,8254
4359,3903,8254
4359,3903,8254
4359,3903,8254
4359,3903,8254
3971,3906,8660
3971,3906,8660
3971,3906,8660
3971,3906,8660
3971,3906,8660
3971,3906,8660
3971,3906,8660
3971,3906,8660
3971,3906,8660
2307,3785,9439
2307,3785,9439
2307,3785,9439
2307,3785,9439
2307,3785,9439
2307,3785,9439
2307,3785,9439
2307,3785,9439
2307,3785,9439
296,3769,9142
296,3769,9142
296,3769,9142
296,3769,9142
296,3769,9142
296,3769,9142
296,3769,9142
296,3769,9142
296,3769,9142
-1064,3815,8099
-1064,3815,8099
-1064,3815,8099
-1064,3815,8099
-1064,3815,8099
-1064,3815,8099
-1064,3815,8099
-1064,3815,8099
-1064,3815,8099
-1479,3969,7339
-1479,3969,7339
-1479,3969,7339
-1479,3969,7339
-1479,3969,7339
-1479,3969,7339
-1479,3969,7339
-1479,3969,7339
-1479,3969,7339
-1495,4062,7338
-1495,4062,7338
-1495,4062,7338
-1495,4062,7338
-1495,4062,7338
-1495,4062,7338
-1495,4062,7338
-1495,4062,7338
-1495,4062,7338
-1207,3970,7979
-1207,3970,7979
-1207,3970,7979
-1207,3970,7979
-1207,3970,7979
-1207,3970,7979
-1207,3970,7979
-1207,3970,7979
-1207,3970,7979
-286,3844,8914
-286,3844,8914
-286,3844,8914
-286,3844,8914
-286,3844,8914
-286,3844,8914
-286,3844,8914
-286,3844,8914
-286,3844,8914
650,3822,9265
650,3822,9265
650,3822,9265
650,3822,9265
650,3822,9265
650,3822,9265
650,3822,9265
650,3822,9265
650,3822,9265
1429,3877,9385
1429,3877,9385
1429,3877,9385
1429,3877,9385
1429,3877,9385
1429,3877,9385
1429,3877,9385
1429,3877,9385
1429,3877,9385
2720,3936,9280
2720,3936,9280
2720,3936,9280
2720,3936,9280
2720,3936,9280
2720,3936,9280
2720,3936,9280
2720,3936,9280
2720,3936,9280
3235,3867,9129
3235,3867,9129
3235,3867,9129
3235,3867,9129
3235,3867,9129
3235,3867,9129
3235,3867,9129
3235,3867,9129
3235,3867,9129
3235,3867,9129
3204,3770,9136
3204,3770,9136
3204,3770,9136
3204,3770,9136
3204,3770,9136
3204,3770,9136
3204,3770,9136
3204,3770,9136
3204,3770,9136
2654,3638,9393
2654,3638,9393
2654,3638,9393
2654,3638,9393
2654,3638,9393
2654,3638,9393
2654,3638,9393
2654,3638,9393
2654,3638,9393
1408,3511,9491
1408,3511,9491
1408,3511,9491
1408,3511,9491
1408,3511,9491
1408,3511,9491
1408,3511,9491
1408,3511,9491
1408,3511,9491
463,3414,9323
463,3414,9323
463,3414,9323
463,3414,9323
463,3414,9323
463,3414,9323
463,3414,9323
463,3414,9323
463,3414,9323
-106,3437,9070
-106,3437,9070
-106,3437,9070
-106,3437,9070
-106,3437,9070
-106,3437,9070
-106,3437,9070
-106,3437,9070
-106,3437,9070
-664,3507,8644
-664,3507,8644
-664,3507,8644
-664,3507,8644
-664,3507,8644
-664,3507,8644
-664,3507,8644
-664,3507,8644
-664,3507,8644
-1222,3575,8072
-1222,3575,8072
-1222,3575,8072
-1222,3575,8072
-1222,3575,8072
-1222,3575,8072
-1222,3575,8072
-1222,3575,8072
-1222,3575,8072
-1421,3618,7766
-1421,3618,7766
-1421,3618,7766
-1421,3618,7766
-1421,3618,7766
-1421,3618,7766
-1421,3618,7766
-1421,3618,7766
-1421,3618,7766
-1440,3589,7686
-1440,3589,7686
-1440,3589,7686
-1440,3589,7686
-1440,3589,7686
-1440,3589,7686
-1440,3589,7686
-1440,3589,7686
-1440,3589,7686
-1383,3468,7897
-1383,3468,7897
-1383,3468,7897
-1383,3468,7897
-1383,3468,7897
-1097,3282,8326
-1097,3282,8326
-1097,3282,8326
-1097,3282,8326
-1097,3282,8326
-1097,3282,8326
-1097,3282,8326
-1097,3282,8326
-1097,3282,8326
-1034,3144,8487
-1034,3144,8487
-1034,3144,8487
-1034,3144,8487
-1034,3144,8487
-1034,3144,8487
-1034,3144,8487
-1034,3144,8487
-1034,3144,8487
-889,3049,8604
-889,3049,8604
-889,3049,8604
-889,3049,8604
-889,3049,8604
-889,3049,8604
-889,3049,8604
-889,3049,8604
-889,3049,8604
-684,3001,8752
-684,3001,8752
-684,3001,8752
-684,3001,8752
-684,3001,8752
-684,3001,8752
-684,3001,8752
-684,3001,8752
-684,3001,8752
-496,3077,8880
-496,3077,8880
-496,3077,8880
-496,3077,8880
-496,3077,8880
-496,3077,8880
-496,3077,8880
-496,3077,8880
-496,3077,8880
-9,3210,9169
-9,3210,9169
-9,3210,9169
-9,3210,9169
-9,3210,9169
-9,3210,9169
-9,3210,9169
-9,3210,9169
-9,3210,9169
364,3322,9299
364,3322,9299
364,3322,9299
364,3322,9299
364,3322,9299
364,3322,9299
364,3322,9299
364,3322,9299
364,3322,9299
547,3410,9355
547,3410,9355
547,3410,9355
547,3410,9355
547,3410,9355
547,3410,9355
547,3410,9355
547,3410,9355
547,3410,9355
619,3351,9374
619,3351,9374
619,3351,9374
619,3351,9374
619,3351,9374
619,3351,9374
619,3351,9374
619,3351,9374
619,3351,9374
591,3249,9342
591,3249,9342
591,3249,9342
591,3249,9342
591,3249,9342
591,3249,9342
591,3249,9342
591,3249,9342
591,3249,9342
591,3249,9342
673,3236,9385
673,3236,9385
673,3236,9385
673,3236,9385
673,3236,9385
673,3236,9385
673,3236,9385
673,3236,9385
856,3257,9482
856,3257,9482
856,3257,9482
856,3257,9482
856,3257,9482
856,3257,9482
856,3257,9482
856,3257,9482
856,3257,9482
856,3257,9482
1152,3366,9499
1152,3366,9499
1152,3366,9499
1152,3366,9499
1152,3366,9499
1152,3366,9499
1152,3366,9499
1152,3366,9499
1152,3366,9499
1152,3366,9499
1410,3475,9503
1410,3475,9503
1410,3475,9503
1410,3475,9503
1410,3475,9503
1410,3475,9503
1410,3475,9503
1410,3475,9503
1394,3478,9478
1394,3478,9478
1394,3478,9478
1394,3478,9478
1394,3478,9478
1394,3478,9478
1394,3478,9478
1394,3478,9478
1394,3478,9478
1419,3440,9512
1419,3440,9512
1419,3440,9512
1419,3440,9512
1419,3440,9512
1419,3440,9512
1419,3440,9512
1419,3440,9512
1419,3440,9512
1478,3449,9571
1478,3449,9571
1478,3449,9571
1478,3449,9571
1478,3449,9571
1478,3449,9571
1478,3449,9571
1478,3449,9571
1478,3449,9571
1478,3449,9542
1669,3503,9542
1669,3503,9542
1669,3503,9542
1669,3503,9542
1669,3503,9542
1669,3503,9542
1669,3503,9542
1669,3503,9542
1669,3503,9542
1727,3515,9536
1727,3515,9536
1727,3515,9536
1727,3515,9536
1727,3515,9536
1727,3515,9536
1727,3515,9536
1727,3515,9536
1727,3515,9536
1786,3498,9504
1786,3498,9504
1786,3498,9504
1786,3498,9504
1786,3498,9504
1786,3498,9504
1786,3498,9504
1786,3498,9504
1786,3498,9504
1644,3425,9559
1644,3425,9559
1644,3425,9559
1644,3425,9559
1644,3425,9559
1644,3425,9559
1644,3425,9559
1644,3425,9559
1644,3425,9559
1489,3404,9530
1489,3404,9530
1489,3404,9530
1489,3404,9530
1489,3404,9530
1489,3404,9530
1489,3404,9530
1489,3404,9530
1489,3404,9530
1396,3344,9550
1396,3344,9550
1396,3344,9550
1396,3344,9550
1396,3344,9550
1396,3344,9550
1396,3344,9550
1396,3344,9550
1396,3344,9550
1465,3393,9545
1465,3393,9545
1465,3393,9545
1465,3393,9545
1465,3393,9545
1465,3393,9545
1465,3393,9545
1465,3393,9545
1430,3397,9528
1430,3397,9528
1430,3397,9528
1430,3397,9528
1430,3397,9528
1430,3397,9528
1430,3397,9528
1430,3397,9528
1430,3397,9528
1430,3397,9528
1371,3477,9504
1371,3477,9504
1371,3477,9504
1371,3477,9504
1371,3477,9504
1371,3477,9504
1371,3477,9504
1371,3477,9504
1371,3477,9504
1371,3477,9504
1346,3529,9500
1346,3529,9500
1346,3529,9500
1346,3529,9500
1346,3529,9500
1346,3529,9500
1346,3529,9500
1346,3529,9500
1346,3529,9500
1274,3504,9543
1274,3504,9543
1274,3504,9543
1274,3504,9543
1274,3504,9543
1274,3504,9543
1274,3504,9543
1274,3504,9543
1274,3504,9543
1295,3519,9512
1295,3519,9512
1295,3519,9512
1295,3519,9512
1325,3514,9566
1325,3514,9566
1325,3514,9566
1325,3514,9566
1325,3514,9566
1325,3514,9566
1325,3514,9566
1325,3514,9566
1325,3514,9566
1425,3490,9569
1425,3490,9569
1425,3490,9569
1425,3490,9569
1425,3490,9569
1425,3490,9569
1425,3490,9569
1425,3490,9569
1425,3490,9569
1446,3423,9504
1446,3423,9504
1446,3423,9504
1446,3423,9504
1446,3423,9504
1446,3423,9504
1446,3423,9504
1446,3423,9504
1446,3423,9504
1435,3424,9559
1435,3424,9559
1435,3424,9559
1435,3424,9559
1435,3424,9559
1435,3424,9559
1435,3424,9559
1435,3424,9559
1435,3424,9559
1421,3424,9532
1421,3424,9532
1421,3424,9532
1421,3424,9532
1421,3424,9532
1421,3424,9532
1421,3424,9532
1421,3424,9532
1421,3431,9515
1421,3431,9515
1421,3431,9515
1421,3431,9515
1421,3431,9515
1421,3431,9515
1421,3431,9515
1421,3431,9515
1421,3431,9515
1433,3488,9501
1433,3488,9501
1433,3488,9501
