X,Y,Z
2024,1235,9302
2024,1235,9302
2024,1235,9302
2024,1235,9302
2024,1235,9302
2024,1235,9302
2024,1235,9302
2024,1235,9302
2001,1231,9300
2001,1231,9300
2001,1231,9300
2001,1231,9300
2001,1231,9300
2001,1231,9300
2001,1231,9300
2001,1231,9300
2001,1231,9300
1998,1226,9291
1998,1226,9291
1998,1226,9291
1998,1226,9291
1998,1226,9291
1998,1226,9291
1998,1226,9291
1998,1226,9291
1998,1226,9291
2068,1230,9291
2068,1230,9291
2068,1230,9291
2068,1230,9291
2068,1230,9291
2068,1230,9291
2068,1230,9291
2068,1230,9291
2068,1230,9291
2086,1307,9370
2086,1307,9370
2086,1307,9370
2086,1307,9370
2086,1307,9370
2086,1307,9370
2086,1307,9370
2086,1307,9370
2086,1307,9370
2084,1296,9283
2084,1296,9283
2084,1296,9283
2084,1296,9283
2084,1296,9283
2084,1296,9283
2084,1296,9283
2084,1296,9283
2084,1296,9283
2091,1289,9346
2091,1289,9346
2091,1289,9346
2091,1289,9346
2091,1289,9346
2091,1289,9346
2091,1289,9346
2091,1289,9346
2091,1289,9346
2091,1289,9346
1977,1334,9388
1977,1334,9388
1977,1334,9388
1977,1334,9388
1977,1334,9388
1977,1334,9388
1977,1334,9388
1977,1334,9388
1811,1339,9412
1811,1339,9412
1811,1339,9412
1811,1339,9412
1811,1339,9412
1811,1339,9412
1811,1339,9412
1811,1339,9412
1811,1339,9412
1811,1339,9412
1595,1325,9381
1595,1325,9381
1595,1325,9381
1595,1325,9381
1595,1325,9381
1595,1325,9381
1595,1325,9381
1595,1325,9381
1595,1325,9381
1595,1325,9381
1599,1325,9382
1599,1325,9382
1599,1325,9382
1599,1325,9382
1599,1325,9382
1599,1325,9382
1599,1325,9382
1599,1325,9382
1599,1325,9382
1656,1343,9406
1656,1343,9406
1656,1343,9406
1656,1343,9406
1656,1343,9406
1656,1343,9406
1656,1343,9406
1656,1343,9406
1749,1382,9449
1749,1382,9449
1749,1382,9449
1749,1382,9449
1749,1382,9449
1749,1382,9449
1749,1382,9449
1749,1382,9449
1749,1382,9449
1795,1398,9397
1795,1398,9397
1795,1398,9397
1795,1398,9397
1795,1398,9397
1795,1398,9397
1795,1398,9397
1795,1398,9397
1795,1398,9397
1840,1372,9427
1840,1372,9427
1840,1372,9427
1840,1372,9427
1840,1372,9427
1840,1372,9427
1840,1372,9427
1840,1372,9427
1840,1372,9427
1862,1399,9385
1862,1399,9385
1862,1399,9385
1862,1399,9385
1862,1399,9385
1862,1399,9385
1862,1399,9385
1862,1399,9385
1862,1399,9385
1844,1381,9361
1844,1381,9361
1844,1381,9361
1844,1381,9361
1844,1381,9361
1844,1381,9361
1844,1381,9361
1844,1381,9361
1844,1381,9361
1739,1331,9369
1739,1331,9369
1739,1331,9369
1739,1331,9369
1739,1331,9369
1739,1331,9369
1739,1331,9369
1739,1331,9369
1739,1331,9369
1739,1331,9369
1547,1245,9357
1547,1245,9357
1547,1245,9357
1547,1245,9357
1547,1245,9357
1547,1245,9357
1547,1245,9357
1547,1245,9357
1547,1245,9357
1330,1256,9291
1330,1256,9291
1330,1256,9291
1330,1256,9291
1330,1256,9291
1330,1256,9291
1330,1256,9291
1330,1256,9291
1156,1280,9312
1156,1280,9312
1156,1280,9312
1156,1280,9312
1156,1280,9312
1156,1280,9312
1156,1280,9312
1156,1280,9312
1156,1280,9312
1156,1280,9312
1044,1311,9325
1044,1311,9325
1044,1311,9325
1044,1311,9325
1044,1311,9325
1044,1311,9325
1044,1311,9325
1044,1311,9325
1044,1311,9325
818,1348,9272
818,1348,9272
818,1348,9272
818,1348,9272
818,1348,9272
818,1348,9272
818,1348,9272
818,1348,9272
818,1348,9272
691,1407,9297
691,1407,9297
691,1407,9297
691,1407,9297
691,1407,9297
691,1407,9297
691,1407,9297
691,1407,9297
691,1407,9297
512,1479,9303
512,1479,9303
512,1479,9303
512,1479,9303
512,1479,9303
512,1479,9303
512,1479,9303
512,1479,9303
512,1479,9303
407,1629,9303
407,1629,9303
407,1629,9303
407,1629,9303
407,1629,9303
407,1629,9303
407,1629,9303
407,1629,9303
407,1629,9303
407,1629,9376
285,1755,9376
285,1755,9376
285,1755,9376
285,1755,9376
285,1755,9376
285,1755,9376
285,1755,9376
285,1755,9376
285,1755,9376
237,1913,9373
237,1913,9373
237,1913,9373
237,1913,9373
237,1913,9373
237,1913,9373
237,1913,9373
237,1913,9373
237,1913,9373
111,2007,9335
111,2007,9335
111,2007,9335
111,2007,9335
111,2007,9335
111,2007,9335
73,2121,9326
73,2121,9326
73,2121,9326
73,2121,9326
73,2121,9326
73,2121,9326
97,2204,9327
97,2204,9327
97,2204,9327
97,2204,9327
97,2204,9327
97,2204,9327
97,2204,9327
97,2204,9327
97,2204,9327
49,2160,9316
49,2160,9316
49,2160,9316
49,2160,9316
49,2160,9316
49,2160,9316
49,2160,9316
49,2160,9316
49,2160,9316
-2,2116,9265
-2,2116,9265
-2,2116,9265
-2,2116,9265
-2,2116,9265
-2,2116,9265
-2,2116,9265
-2,2116,9265
-2,2116,9265
-75,2111,9285
-75,2111,9285
-75,2111,9285
-75,2111,9285
-75,2111,9285
-75,2111,9285
-75,2111,9285
-75,2111,9285
-75,2111,9285
-104,2146,9243
-104,2146,9243
-104,2146,9243
-104,2146,9243
-104,2146,9243
-104,2146,9243
-104,2146,9243
-104,2146,9243
-104,2146,9243
-104,2146,9243
-96,2130,9278
-96,2130,9278
-96,2130,9278
-96,2130,9278
-96,2130,9278
-96,2130,9278
-96,2130,9278
-96,2130,9278
-96,2130,9278
-44,2109,9277
-44,2109,9277
-44,2109,9277
-44,2109,9277
-44,2109,9277
-44,2109,9277
-44,2109,9277
-44,2109,9277
-44,2109,9277
21,2040,9254
21,2040,9254
21,2040,9254
21,2040,9254
21,2040,9254
21,2040,9254
21,2040,9254
21,2040,9254
21,2040,9254
-42,2030,9268
-42,2030,9268
-42,2030,9268
-42,2030,9268
-42,2030,9268
-42,2030,9268
-42,2030,9268
-42,2030,9268
-42,2030,9268
-42,2030,9268
-113,2070,9276
-113,2070,9276
-113,2070,9276
-113,2070,9276
-113,2070,9276
-113,2070,9276
-113,2070,9276
-113,2070,9276
-113,2070,9276
-80,2150,9290
-80,2150,9290
-80,2150,9290
-80,2150,9290
-80,2150,9290
-80,2150,9290
-80,2150,9290
-80,2150,9290
-80,2150,9192
-120,2151,9192
-120,2151,9192
-120,2151,9192
-120,2151,9192
-120,2151,9192
-120,2151,9192
-120,2151,9192
-120,2151,9192
-386,2144,9011
-386,2144,9011
-386,2144,9011
-386,2144,9011
-386,2144,9011
-386,2144,9011
-386,2144,9011
-386,2144,9011
-386,2144,9011
-590,2102,8936
-590,2102,8936
-590,2102,8936
-590,2102,8936
-590,2102,8936
-590,2102,8936
-590,2102,8936
-590,2102,8936
-590,2102,8936
-576,2050,8908
-576,2050,8908
-576,2050,8908
-576,2050,8908
-576,2050,8908
-576,2050,8908
-576,2050,8908
-576,2050,8908
-576,2050,8908
-576,2050,9029
-442,2091,9029
-442,2091,9029
-442,2091,9029
-442,2091,9029
-442,2091,9029
-442,2091,9029
-442,2091,9029
-442,2091,9029
-222,2116,9122
-222,2116,9122
-222,2116,9122
-222,2116,9122
-222,2116,9122
-222,2116,9122
-222,2116,9122
-222,2116,9122
-222,2116,9122
-222,2116,9122
119,2178,9376
119,2178,9376
119,2178,9376
119,2178,9376
119,2178,9376
119,2178,9376
119,2178,9376
119,2178,9376
119,2178,9376
119,2178,9376
445,2196,9463
445,2196,9463
445,2196,9463
445,2196,9463
445,2196,9463
445,2196,9463
445,2196,9463
445,2196,9463
445,2196,9463
824,2170,9581
824,2170,9581
824,2170,9581
824,2170,9581
824,2170,9581
824,2170,9581
824,2170,9581
824,2170,9581
824,2170,9581
1085,2141,9636
1085,2141,9636
1085,2141,9636
1085,2141,9636
1085,2141,9636
1085,2141,9636
1085,2141,9636
1085,2141,9636
1085,2141,9636
1319,2096,9672
1319,2096,9672
1319,2096,9672
1319,2096,9672
1319,2096,9672
1319,2096,9672
1319,2096,9672
1319,2096,9672
1571,2111,9633
1571,2111,9633
1571,2111,9633
1571,2111,9633
1571,2111,9633
1571,2111,9633
1571,2111,9633
1571,2111,9633
1571,2111,9633
1792,2085,9630
1792,2085,9630
1792,2085,9630
1792,2085,9630
1792,2085,9630
1792,2085,9630
1792,2085,9630
1792,2085,9630
1792,2085,9630
2045,2105,9700
2045,2105,9700
2045,2105,9700
2045,2105,9700
2045,2105,9700
2045,2105,9700
2045,2105,9700
2045,2105,9700
2045,2105,9700
2302,2097,9632
2302,2097,9632
2302,2097,9632
2302,2097,9632
2302,2097,9632
2302,2097,9632
2302,2097,9632
2302,2097,9632
2302,2097,9632
2302,2097,9619
2518,2092,9619
2518,2092,9619
2518,2092,9619
2518,2092,9619
2518,2092,9619
2518,2092,9619
2518,2092,9619
2518,2092,9619
2518,2092,9619
2823,2096,9498
2823,2096,9498
2823,2096,9498
2823,2096,9498
2823,2096,9498
2823,2096,9498
2823,2096,9498
2823,2096,9498
2823,2096,9498
3113,2140,9408
3113,2140,9408
3113,2140,9408
3113,2140,9408
3113,2140,9408
3420,2138,9251
3420,2138,9251
3420,2138,9251
3420,2138,9251
3771,2150,9075
3771,2150,9075
3771,2150,9075
3771,2150,9075
3771,2150,9075
3771,2150,9075
3771,2150,9075
3771,2150,9075
3771,2150,9075
4128,2157,8779
4128,2157,8779
4128,2157,8779
4128,2157,8779
4128,2157,8779
4128,2157,8779
4128,2157,8779
4128,2157,8779
4128,2157,8779
4365,2173,8568
4365,2173,8568
4365,2173,8568
4365,2173,8568
4365,2173,8568
4365,2173,8568
4365,2173,8568
4365,2173,8568
4365,2173,8568
4496,2190,8381
4496,2190,8381
4496,2190,8381
4496,2190,8381
4496,2190,8381
4496,2190,8381
4496,2190,8381
4496,2190,8381
4635,2193,8173
4635,2193,8173
4635,2193,8173
4635,2193,8173
4635,2193,8173
4635,2193,8173
4635,2193,8173
4635,2193,8173
4635,2193,8173
4635,2193,8173
4735,2235,7955
4735,2235,7955
4735,2235,7955
4735,2235,7955
4735,2235,7955
4735,2235,7955
4735,2235,7955
4735,2235,7955
4735,2235,7955
4735,2235,7955
4722,2243,8023
4722,2243,8023
4722,2243,8023
4722,2243,8023
4722,2243,8023
4722,2243,8023
4722,2243,8023
4722,2243,8023
4722,2243,8023
4544,2193,8321
4544,2193,8321
4544,2193,8321
4544,2193,8321
4544,2193,8321
4544,2193,8321
4544,2193,8321
4544,2193,8321
4544,2193,8321
4332,2144,8595
4332,2144,8595
4332,2144,8595
4332,2144,8595
4332,2144,8595
4332,2144,8595
4332,2144,8595
4332,2144,8595
4332,2144,8595
4054,2138,8926
4054,2138,8926
4054,2138,8926
4054,2138,8926
4054,2138,8926
4054,2138,8926
4054,2138,8926
4054,2138,8926
4054,2138,8926
3712,2144,9129
3712,2144,9129
3712,2144,9129
3712,2144,9129
3712,2144,9129
3712,2144,9129
3712,2144,9129
3712,2144,9129
3712,2144,9129
3295,2133,9383
3295,2133,9383
3295,2133,9383
3295,2133,9383
3295,2133,9383
3295,2133,9383
3295,2133,9383
3295,2133,9383
3295,2133,9383
3295,2133,9383
2876,2078,9595
2876,2078,9595
2876,2078,9595
2876,2078,9595
2876,2078,9595
2876,2078,9595
2876,2078,9595
2876,2078,9595
2414,2120,9657
2414,2120,9657
2414,2120,9657
2414,2120,9657
2414,2120,9657
2414,2120,9657
2414,2120,9657
2414,2120,9657
2414,2120,9657
1945,2107,9705
1945,2107,9705
1945,2107,9705
1945,2107,9705
1945,2107,9705
1945,2107,9705
1945,2107,9705
1945,2107,9705
1945,2107,9705
1484,2113,9682
1484,2113,9682
1484,2113,9682
1484,2113,9682
1484,2113,9682
1484,2113,9682
1484,2113,9682
1484,2113,9682
1484,2113,9682
1050,2142,9649
1050,2142,9649
1050,2142,9649
1050,2142,9649
1050,2142,9649
1050,2142,9649
1050,2142,9649
1050,2142,9649
1050,2142,9649
632,2179,9513
632,2179,9513
632,2179,9513
632,2179,9513
632,2179,9513
632,2179,9513
632,2179,9513
632,2179,9513
632,2179,9513
632,2179,9513
172,2179,9355
172,2179,9355
172,2179,9355
172,2179,9355
172,2179,9355
172,2179,9355
172,2179,9355
172,2179,9355
172,2179,9355
172,2179,9355
-247,2250,9170
-247,2250,9170
-247,2250,9170
-247,2250,9170
-247,2250,9170
-247,2250,9170
-247,2250,9170
-247,2250,9170
-247,2250,9170
-572,2267,8973
-572,2267,8973
-572,2267,8973
-572,2267,8973
-572,2267,8973
-572,2267,8973
-572,2267,8973
-572,2267,8973
-572,2267,8973
-807,2255,8782
-807,2255,8782
-807,2255,8782
-807,2255,8782
-807,2255,8782
-807,2255,8782
-807,2255,8782
-807,2255,8782
-807,2255,8782
-1048,2235,8533
-1048,2235,8533
-1048,2235,8533
-1048,2235,8533
-1048,2235,8533
-1048,2235,8533
-1048,2235,8533
-1048,2235,8533
-1301,2267,8227
-1301,2267,8227
-1301,2267,8227
-1301,2267,8227
-1301,2267,8227
-1301,2267,8227
-1301,2267,8227
-1301,2267,8227
-1301,2267,8227
-1301,2267,7916
-1493,2278,7916
-1493,2278,7916
-1493,2278,7916
-1493,2278,7916
-1493,2278,7916
-1493,2278,7916
-1493,2278,7916
-1493,2278,7916
-1493,2278,7916
-1633,2301,7680
-1633,2301,7680
-1633,2301,7680
-1633,2301,7680
-1633,2301,7680
-1633,2301,7680
-1633,2301,7680
-1633,2301,7680
-1633,2301,7680
-1737,2352,7491
-1737,2352,7491
-1737,2352,7491
-1737,2352,7491
-1737,2352,7491
-1737,2352,7491
-1737,2352,7491
-1737,2352,7491
-1737,2352,7491
-1834,2359,7259
-1834,2359,7259
-1834,2359,7259
-1834,2359,7259
-1940,2414,6936
-1940,2414,6936
-1940,2414,6936
-1940,2414,6936
-1940,2414,6936
-1940,2414,6936
-1940,2414,6936
-1940,2414,6936
-1940,2414,6936
-1940,2414,6936
-1971,2402,6624
-1971,2402,6624
-1971,2402,6624
-1971,2402,6624
-1971,2402,6624
-1971,2402,6624
-1971,2402,6624
-1971,2402,6624
-1971,2402,6624
-2022,2399,6423
-2022,2399,6423
-2022,2399,6423
-2022,2399,6423
-2022,2399,6423
-2022,2399,6423
-2022,2399,6423
-2022,2399,6423
-2022,2399,6423
-2026,2417,6183
-2026,2417,6183
-2026,2417,6183
-2026,2417,6183
-2026,2417,6183
-2026,2417,6183
-2026,2417,6183
-2026,2417,6183
-2026,2417,6183
-1986,2468,6003
-1986,2468,6003
-1986,2468,6003
-1986,2468,6003
-1986,2468,6003
-1986,2468,6003
-1986,2468,6003
-1986,2468,6003
-1947,2502,5691
-1947,2502,5691
-1947,2502,5691
-1947,2502,5691
-1947,2502,5691
-1947,2502,5691
-1947,2502,5691
-1947,2502,5691
-1947,2502,5691
-1947,2502,5691
-1926,2509,5418
-1926,2509,5418
-1926,2509,5418
-1926,2509,5418
-1926,2509,5418
-1926,2509,5418
-1926,2509,5418
-1926,2509,5418
-1926,2509,5418
-1911,2553,5404
-1911,2553,5404
-1911,2553,5404
-1911,2553,5404
-1911,2553,5404
-1911,2553,5404
-1911,2553,5404
-1911,2553,5404
-1911,2553,5404
-1901,2538,5420
-1901,2538,5420
-1901,2538,5420
-1901,2538,5420
-1901,2538,5420
-1901,2538,5420
-1901,2538,5420
-1901,2538,5420
-1901,2538,5420
-1937,2520,5393
-1937,2520,5393
-1937,2520,5393
-1937,2520,5393
-1937,2520,5393
-1937,2520,5393
-1937,2520,5393
-1937,2520,5393
-1937,2520,5393
-1910,2467,5500
-1910,2467,5500
-1910,2467,5500
-1910,2467,5500
-1910,2467,5500
-1910,2467,5500
-1910,2467,5500
-1910,2467,5500
-1910,2467,5500
-1915,2443,5506
-1915,2443,5506
-1915,2443,5506
-1915,2443,5506
-1915,2443,5506
-1915,2443,5506
-1915,2443,5506
-1915,2443,5506
-1915,2443,5506
-1902,2384,5538
-1902,2384,5538
-1902,2384,5538
-1902,2384,5538
-1902,2384,5538
-1902,2384,5538
-1902,2384,5538
-1902,2384,5538
-1902,2384,5538
-1902,2384,5538
-1904,2318,5523
-1904,2318,5523
-1904,2318,5523
-1904,2318,5523
-1904,2318,5523
-1904,2318,5523
-1904,2318,5523
-1904,2318,5523
-1904,2318,5523
-1894,2280,5483
-1894,2280,5483
-1894,2280,5483
-1894,2280,5483
-1894,2280,5483
-1894,2280,5483
-1894,2280,5483
-1894,2280,5483
-1881,2209,5519
-1881,2209,5519
-1881,2209,5519
-1881,2209,5519
-1881,2209,5519
-1881,2209,5519
-1881,2209,5519
-1881,2209,5519
-1881,2209,5519
-1899,2172,5575
-1899,2172,5575
-1899,2172,5575
-1899,2172,5575
-1899,2172,5575
-1899,2172,5575
-1899,2172,5575
-1899,2172,5575
-1899,2172,5575
-1909,2183,5688
-1909,2183,5688
-1909,2183,5688
-1909,2183,5688
-1909,2183,5688
-1909,2183,5688
-1909,2183,5688
-1909,2183,5688
-1909,2183,5688
-1909,2183,5688
-1927,2163,5861
-1927,2163,5861
-1927,2163,5861
-1927,2163,5861
-1927,2163,5861
-1927,2163,5861
-1927,2163,5861
-1927,2163,5861
-1927,2163,5861
-1935,2134,6118
-1935,2134,6118
-1935,2134,6118
-1935,2134,6118
-1935,2134,6118
-1935,2134,6118
-1935,2134,6118
-1935,2134,6118
-1935,2134,6118
-1940,2089,6451
-1940,2089,6451
-1940,2089,6451
-1940,2089,6451
-1940,2089,6451
-1940,2089,6451
-1940,2089,6451
-1940,2089,6451
-1940,2089,6451
-1874,1971,6874
-1874,1971,6874
-1874,1971,6874
-1874,1971,6874
-1874,1971,6874
-1874,1971,6874
-1874,1971,6874
-1874,1971,6874
-1874,1971,6874
-1751,1877,7206
-1751,1877,7206
-1751,1877,7206
-1751,1877,7206
-1751,1877,7206
-1751,1877,7206
-1751,1877,7206
-1751,1877,7206
-1751,1877,7206
-1609,1839,7536
-1609,1839,7536
-1609,1839,7536
-1609,1839,7536
-1609,1839,7536
-1609,1839,7536
-1609,1839,7536
-1609,1839,7536
-1609,1839,7536
-1372,1727,7962
-1372,1727,7962
-1372,1727,7962
-1372,1727,7962
-1372,1727,7962
-1372,1727,7962
-1372,1727,7962
-1372,1727,7962
-1372,1727,7962
-1372,1727,7962
-1073,1774,8347
-1073,1774,8347
-1073,1774,8347
-1073,1774,8347
-1073,1774,8347
-1073,1774,8347
-1073,1774,8347
-1073,1774,8347
-763,1707,8616
-763,1707,8616
-763,1707,8616
-763,1707,8616
-763,1707,8616
-440,1676,8849
-440,1676,8849
-440,1676,8849
-440,1676,8849
-440,1676,8849
-440,1676,8849
-440,1676,8849
-440,1676,8849
-145,1602,9096
-145,1602,9096
-145,1602,9096
-145,1602,9096
-145,1602,9096
-145,1602,9096
-145,1602,9096
-145,1602,9096
-145,1602,9096
158,1598,9183
158,1598,9183
158,1598,9183
158,1598,9183
158,1598,9183
158,1598,9183
158,1598,9183
158,1598,9183
158,1598,9183
541,1557,9318
541,1557,9318
541,1557,9318
541,1557,9318
541,1557,9318
541,1557,9318
541,1557,9318
541,1557,9318
541,1557,9318
541,1557,9318
907,1611,9462
907,1611,9462
907,1611,9462
907,1611,9462
907,1611,9462
907,1611,9462
907,1611,9462
907,1611,9462
907,1611,9462
1344,1615,9509
1344,1615,9509
1344,1615,9509
1344,1615,9509
1344,1615,9509
1344,1615,9509
1344,1615,9509
1344,1615,9509
1344,1615,9509
1797,1573,9513
1797,1573,9513
1797,1573,9513
1797,1573,9513
1797,1573,9513
1797,1573,9513
1797,1573,9513
1797,1573,9513
1797,1573,9513
2248,1570,9490
2248,1570,9490
2248,1570,9490
2248,1570,9490
2248,1570,9490
2248,1570,9490
2248,1570,9490
2248,1570,9490
2248,1570,9490
2647,1559,9371
2647,1559,9371
2647,1559,9371
2647,1559,9371
2647,1559,9371
2647,1559,9371
2647,1559,9371
2647,1559,9371
3018,1541,9248
3018,1541,9248
3018,1541,9248
3018,1541,9248
3018,1541,9248
3018,1541,9248
3018,1541,9248
3018,1541,9248
3018,1541,9248
3489,1519,9043
3489,1519,9043
3489,1519,9043
3489,1519,9043
3489,1519,9043
3489,1519,9043
3489,1519,9043
3489,1519,9043
3489,1519,9043
3489,1519,9043
3874,1585,8814
3874,1585,8814
3874,1585,8814
3874,1585,8814
3874,1585,8814
3874,1585,8814
3874,1585,8814
3874,1585,8814
3874,1585,8814
4140,1573,8492
4140,1573,8492
4140,1573,8492
4140,1573,8492
4140,1573,8492
4140,1573,8492
4140,1573,8492
4140,1573,8492
4140,1573,8492
4140,1573,8492
4434,1584,8242
4434,1584,8242
4434,1584,8242
4434,1584,8242
4434,1584,8242
4434,1584,8242
4434,1584,8242
4434,1584,8242
4434,1584,8242
4627,1609,7899
4627,1609,7899
4627,1609,7899
4627,1609,7899
4627,1609,7899
4627,1609,7899
4627,1609,7899
4627,1609,7899
4627,1609,7899
4739,1611,7615
4739,1611,7615
4739,1611,7615
4739,1611,7615
4739,1611,7615
4739,1611,7615
4739,1611,7615
4739,1611,7615
4739,1611,7615
4733,1623,7613
4733,1623,7613
4733,1623,7613
4733,1623,7613
4733,1623,7613
4733,1623,7613
4733,1623,7613
4733,1623,7613
4733,1623,7613
4701,1570,7739
4701,1570,7739
4701,1570,7739
4701,1570,7739
4701,1570,7739
4701,1570,7739
4701,1570,7739
4701,1570,7739
4701,1570,7739
4595,1580,7925
4595,1580,7925
4595,1580,7925
4595,1580,7925
4595,1580,7925
4595,1580,7925
4595,1580,7925
4595,1580,7925
4595,1580,7925
4311,1543,8320
4311,1543,8320
4311,1543,8320
4311,1543,8320
4311,1543,8320
4311,1543,8320
4311,1543,8320
4311,1543,8320
4311,1543,8320
3864,1517,8715
3864,1517,8715
3864,1517,8715
3864,1517,8715
3864,1517,8715
3864,1517,8715
3864,1517,8715
3864,1517,8715
3864,1517,8715
3372,1517,9057
3372,1517,9057
3372,1517,9057
3372,1517,9057
3372,1517,9057
3372,1517,9057
3372,1517,9057
3372,1517,9057
3372,1517,9057
2831,1461,9260
2831,1461,9260
2831,1461,9260
2831,1461,9260
2831,1461,9260
2831,1461,9260
2831,1461,9260
2831,1461,9260
2831,1461,9260
2343,1468,9436
2343,1468,9436
2343,1468,9436
2343,1468,9436
2343,1468,9436
2343,1468,9436
2343,1468,9436
2343,1468,9436
2343,1468,9436
2343,1468,9436
1832,1487,9502
1832,1487,9502
1832,1487,9502
1832,1487,9502
1832,1487,9502
1832,1487,9502
1832,1487,9502
1832,1487,9502
1832,1487,9502
1347,1517,9436
1347,1517,9436
1347,1517,9436
1347,1517,9436
1347,1517,9436
1347,1517,9436
1347,1517,9436
1347,1517,9436
1347,1517,9436
975,1514,9441
975,1514,9441
975,1514,9441
975,1514,9441
975,1514,9441
975,1514,9441
975,1514,9441
975,1514,9441
975,1514,9441
975,1479,9300
540,1479,9300
540,1479,9300
540,1479,9300
540,1479,9300
540,1479,9300
540,1479,9300
540,1479,9300
540,1479,9300
540,1479,9300
217,1479,9168
217,1479,9168
217,1479,9168
217,1479,9168
-81,1470,9020
-81,1470,9020
-81,1470,9020
-81,1470,9020
-81,1470,9020
-81,1470,9020
-81,1470,9020
-81,1470,9020
-367,1491,8797
-367,1491,8797
-367,1491,8797
-367,1491,8797
-367,1491,8797
-367,1491,8797
-367,1491,8797
-367,1491,8797
-367,1491,8797
-624,1514,8667
-624,1514,8667
-624,1514,8667
-624,1514,8667
-624,1514,8667
-624,1514,8667
-624,1514,8667
-624,1514,8667
-624,1514,8667
-784,1494,8512
-784,1494,8512
-784,1494,8512
-784,1494,8512
-784,1494,8512
-784,1494,8512
-784,1494,8512
-784,1494,8512
-784,1494,8512
-951,1522,8354
-951,1522,8354
-951,1522,8354
-951,1522,8354
-951,1522,8354
-951,1522,8354
-951,1522,8354
-951,1522,8354
-951,1522,8354
-951,1490,8184
-1030,1490,8184
-1030,1490,8184
-1030,1490,8184
-1030,1490,8184
-1030,1490,8184
-1030,1490,8184
-1030,1490,8184
-1030,1490,8184
-1169,1471,8028
-1169,1471,8028
-1169,1471,8028
-1169,1471,8028
-1169,1471,8028
-1169,1471,8028
-1169,1471,8028
-1169,1471,8028
-1169,1471,8028
-1169,1471,8028
-1221,1427,7826
-1221,1427,7826
-1221,1427,7826
-1221,1427,7826
-1221,1427,7826
-1221,1427,7826
-1221,1427,7826
-1221,1427,7826
-1221,1427,7826
-1221,1427,7735
-1301,1405,7735
-1301,1405,7735
-1301,1405,7735
-1301,1405,7735
-1301,1405,7735
-1301,1405,7735
-1301,1405,7735
-1301,1405,7735
-1301,1405,7735
-1385,1446,7559
-1385,1446,7559
-1385,1446,7559
-1385,1446,7559
-1385,1446,7559
-1385,1446,7559
-1385,1446,7559
-1385,1446,7559
-1385,1446,7559
-1506,1472,7445
-1506,1472,7445
-1506,1472,7445
-1506,1472,7445
-1506,1472,7445
-1506,1472,7445
-1506,1472,7445
-1506,1472,7445
-1553,1469,7263
-1553,1469,7263
-1553,1469,7263
-1553,1469,7263
-1553,1469,7263
-1553,1469,7263
-1553,1469,7263
-1553,1469,7263
-1553,1469,7263
-1615,1491,6961
-1615,1491,6961
-1615,1491,6961
-1615,1491,6961
-1615,1491,6961
-1615,1491,6961
-1615,1491,6961
-1615,1491,6961
-1615,1491,6961
-1706,1560,6695
-1706,1560,6695
-1706,1560,6695
-1706,1560,6695
-1706,1560,6695
-1706,1560,6695
-1706,1560,6695
-1706,1560,6695
-1706,1560,6695
-1760,1591,6495
-1760,1591,6495
-1760,1591,6495
-1760,1591,6495
-1760,1591,6495
-1760,1591,6495
-1760,1591,6495
-1760,1591,6495
-1760,1591,6495
-1763,1663,6418
-1763,1663,6418
-1763,1663,6418
-1763,1663,6418
-1763,1663,6418
-1763,1663,6418
-1763,1663,6418
-1763,1663,6418
-1763,1663,6418
-1763,1663,6418
-1777,1620,6251
-1777,1620,6251
-1777,1620,6251
-1777,1620,6251
-1777,1620,6251
-1777,1620,6251
-1777,1620,6251
-1777,1620,6251
-1777,1620,6251
-1762,1672,6070
-1762,1672,6070
-1762,1672,6070
-1762,1672,6070
-1762,1672,6070
-1762,1672,6070
-1762,1672,6070
-1762,1672,6070
-1759,1722,5764
-1759,1722,5764
-1759,1722,5764
-1759,1722,5764
-1759,1722,5764
-1759,1722,5764
-1759,1722,5764
-1759,1722,5764
-1759,1722,5764
-1759,1722,5764
-1744,1723,5644
-1744,1723,5644
-1744,1723,5644
-1744,1723,5644
-1744,1723,5644
-1744,1723,5644
-1744,1723,5644
-1744,1723,5644
-1744,1723,5644
-1744,1723,5644
-1725,1713,5601
-1725,1713,5601
-1725,1713,5601
-1725,1713,5601
-1725,1713,5601
-1725,1713,5601
-1725,1713,5601
-1725,1713,5601
-1726,1760,5558
-1726,1760,5558
-1726,1760,5558
-1726,1760,5558
-1726,1760,5558
-1726,1760,5558
-1726,1760,5558
-1726,1760,5558
-1726,1760,5558
-1734,1752,5583
-1734,1752,5583
-1734,1752,5583
-1734,1752,5583
-1734,1752,5583
-1734,1752,5583
-1734,1752,5583
-1734,1752,5583
-1734,1752,5583
-1773,1767,5592
-1773,1767,5592
-1773,1767,5592
-1773,1767,5592
-1773,1767,5592
-1773,1767,5592
-1773,1767,5592
-1773,1767,5592
-1773,1767,5592
-1768,1686,5730
-1768,1686,5730
-1768,1686,5730
-1768,1686,5730
-1768,1686,5730
-1768,1686,5730
-1768,1686,5730
-1768,1686,5730
-1768,1686,5730
-1768,1686,5730
-1768,1654,5815
-1768,1654,5815
-1768,1654,5815
-1768,1654,5815
-1768,1654,5815
-1768,1654,5815
-1768,1654,5815
-1768,1654,5815
-1768,1654,5815
-1742,1628,5841
-1742,1628,5841
-1742,1628,5841
-1742,1628,5841
-1742,1628,5841
-1742,1628,5841
-1742,1628,5841
-1742,1628,5841
-1705,1595,5832
-1705,1595,5832
-1705,1595,5832
-1705,1595,5832
-1705,1595,5832
-1719,1604,5925
-1719,1604,5925
-1719,1604,5925
-1719,1604,5925
-1719,1604,5925
-1719,1604,5925
-1719,1604,5925
-1719,1604,5925
-1719,1604,5925
-1739,1569,6149
-1739,1569,6149
-1739,1569,6149
-1739,1569,6149
-1739,1569,6149
-1739,1569,6149
-1739,1569,6149
-1739,1569,6149
-1739,1569,6149
-1705,1492,6443
-1705,1492,6443
-1705,1492,6443
-1705,1492,6443
-1705,1492,6443
-1705,1492,6443
-1705,1492,6443
-1705,1492,6443
-1663,1441,6820
-1663,1441,6820
-1663,1441,6820
-1663,1441,6820
-1663,1441,6820
-1663,1441,6820
-1663,1441,6820
-1663,1441,6820
-1663,1441,6820
-1663,1441,6820
-1493,1395,7278
-1493,1395,7278
-1493,1395,7278
-1493,1395,7278
-1493,1395,7278
-1493,1395,7278
-1493,1395,7278
-1493,1395,7278
-1493,1395,7278
-1493,1395,7278
-1239,1392,7757
-1239,1392,7757
-1239,1392,7757
-1239,1392,7757
-1239,1392,7757
-1239,1392,7757
-1239,1392,7757
-1239,1392,7757
-1239,1392,7757
-926,1313,8166
-926,1313,8166
-926,1313,8166
-926,1313,8166
-926,1313,8166
-926,1313,8166
-926,1313,8166
-926,1313,8166
-926,1313,8166
-578,1326,8559
-578,1326,8559
-578,1326,8559
-578,1326,8559
-578,1326,8559
-578,1326,8559
-578,1326,8559
-578,1326,8559
-578,1326,8559
-159,1337,8779
-159,1337,8779
-159,1337,8779
-159,1337,8779
-159,1337,8779
-159,1337,8779
-159,1337,8779
-159,1337,8779
-159,1337,8779
257,1331,9106
257,1331,9106
257,1331,9106
257,1331,9106
257,1331,9106
257,1331,9106
257,1331,9106
257,1331,9106
257,1331,9106
736,1278,9169
736,1278,9169
736,1278,9169
736,1278,9169
736,1278,9169
736,1278,9169
736,1278,9169
736,1278,9169
736,1278,9169
1169,1241,9312
1169,1241,9312
1169,1241,9312
1169,1241,9312
1169,1241,9312
1169,1241,9312
1169,1241,9312
1169,1241,9312
1169,1241,9312
1644,1199,9294
1644,1199,9294
1644,1199,9294
1644,1199,9294
1644,1199,9294
1644,1199,9294
1644,1199,9294
1644,1199,9294
1644,1199,9294
2066,1173,9298
2066,1173,9298
2066,1173,9298
2066,1173,9298
2066,1173,9298
2066,1173,9298
2066,1173,9298
2066,1173,9298
2066,1173,9298
2576,1197,9148
2576,1197,9148
2576,1197,9148
2576,1197,9148
2576,1197,9148
2576,1197,9148
2576,1197,9148
2576,1197,9148
2576,1197,9148
2980,1198,9051
2980,1198,9051
2980,1198,9051
2980,1198,9051
2980,1198,9051
2980,1198,9051
2980,1198,9051
2980,1198,9051
2980,1198,9051
3301,1210,8899
3301,1210,8899
3301,1210,8899
3301,1210,8899
3301,1210,8899
3301,1210,8899
3301,1210,8899
3301,1210,8899
3301,1210,8899
3301,1210,8899
3619,1249,8724
3619,1249,8724
3619,1249,8724
3619,1249,8724
3619,1249,8724
3619,1249,8724
3619,1249,8724
3619,1249,8724
3619,1249,8724
3886,1338,8530
3886,1338,8530
3886,1338,8530
3886,1338,8530
3886,1338,8530
3886,1338,8530
3886,1338,8530
3886,1338,8530
3886,1338,8530
3886,1338,8530
4162,1307,8333
4162,1307,8333
4162,1307,8333
4162,1307,8333
4162,1307,8333
4162,1307,8333
4162,1307,8333
4162,1307,8333
4382,1350,8002
4382,1350,8002
4382,1350,8002
4382,1350,8002
4382,1350,8002
4382,1350,8002
4382,1350,8002
4382,1350,8002
4382,1350,8002
4382,1350,7654
4677,1411,7654
4677,1411,7654
4677,1411,7654
4677,1411,7654
4677,1411,7654
4677,1411,7654
4677,1411,7654
4677,1411,7654
4677,1411,7654
4832,1493,7312
4832,1493,7312
4832,1493,7312
4832,1493,7312
4832,1493,7312
4832,1493,7312
4832,1493,7312
4832,1493,7312
4832,1493,7312
4921,1511,7041
4921,1511,7041
4921,1511,7041
4921,1511,7041
4921,1511,7041
4921,1511,7041
4921,1511,7041
4921,1511,7041
4953,1516,6905
4953,1516,6905
4953,1516,6905
4953,1516,6905
4953,1516,6905
4953,1516,6905
4953,1516,6905
4953,1516,6905
4953,1516,6905
4977,1526,6882
4977,1526,6882
4977,1526,6882
4977,1526,6882
4977,1526,6882
4977,1526,6882
4977,1526,6882
4977,1526,6882
4977,1526,6882
4928,1550,6959
4928,1550,6959
4928,1550,6959
4928,1550,6959
4928,1550,6959
4928,1550,6959
4928,1550,6959
4928,1550,6959
4928,1550,6959
4928,1550,6959
4774,1561,7328
4774,1561,7328
4774,1561,7328
4669,1521,7653
4669,1521,7653
4669,1521,7653
4669,1521,7653
4669,1521,7653
4669,1521,7653
4669,1521,7653
4669,1521,7653
4669,1521,7653
4669,1521,7653
4500,1476,7875
4500,1476,7875
4500,1476,7875
4500,1476,7875
4500,1476,7875
4500,1476,7875
4500,1476,7875
4500,1476,7875
4500,1476,7875
4217,1471,8384
4217,1471,8384
4217,1471,8384
4217,1471,8384
4217,1471,8384
4217,1471,8384
4217,1471,8384
4217,1471,8384
4217,1471,8384
4217,1471,8384
3783,1429,8741
3783,1429,8741
3783,1429,8741
3783,1429,8741
3783,1429,8741
3783,1429,8741
3783,1429,8741
3783,1429,8741
3783,1429,8741
3351,1419,8975
3351,1419,8975
3351,1419,8975
3351,1419,8975
3351,1419,8975
3351,1419,8975
3351,1419,8975
3351,1419,8975
3351,1419,8975
2827,1400,9197
2827,1400,9197
2827,1400,9197
2827,1400,9197
2827,1400,9197
2827,1400,9197
2827,1400,9197
2827,1400,9197
2389,1340,9337
2389,1340,9337
2389,1340,9337
2389,1340,9337
2389,1340,9337
2389,1340,9337
2389,1340,9337
2389,1340,9337
2389,1340,9337
1898,1338,9371
1898,1338,9371
1898,1338,9371
1898,1338,9371
1898,1338,9371
1898,1338,9371
1898,1338,9371
1898,1338,9371
1898,1338,9371
1898,1338,9371
1394,1331,9371
1394,1331,9371
1394,1331,9371
1394,1331,9371
1394,1331,9371
1394,1331,9371
1394,1331,9371
1394,1331,9371
1394,1331,9371
850,1270,9294
850,1270,9294
850,1270,9294
850,1270,9294
850,1270,9294
850,1270,9294
850,1270,9294
850,1270,9294
850,1270,9294
421,1235,9104
421,1235,9104
421,1235,9104
421,1235,9104
421,1235,9104
421,1235,9104
421,1235,9104
421,1235,9104
421,1235,9104
-39,1267,8846
-39,1267,8846
-39,1267,8846
-39,1267,8846
-39,1267,8846
-39,1267,8846
-39,1267,8846
-39,1267,8846
-39,1267,8846
-385,1301,8650
-385,1301,8650
-385,1301,8650
-385,1301,8650
-385,1301,8650
-385,1301,8650
-385,1301,8650
-385,1301,8650
-385,1301,8650
-385,1301,8650
-555,1275,8443
-555,1275,8443
-555,1275,8443
-555,1275,8443
-555,1275,8443
-555,1275,8443
-555,1275,8443
-555,1275,8443
-555,1275,8443
-789,1283,8221
-789,1283,8221
-789,1283,8221
-789,1283,8221
-789,1283,8221
-789,1283,8221
-789,1283,8221
-789,1283,8221
-789,1283,8221
-1002,1334,7926
-1002,1334,7926
-1002,1334,7926
-1002,1334,7926
-1002,1334,7926
-1002,1334,7926
-1002,1334,7926
-1002,1334,7926
-1002,1334,7926
-1283,1391,7619
-1283,1391,7619
-1283,1391,7619
-1283,1391,7619
-1283,1391,7619
-1283,1391,7619
-1283,1391,7619
-1283,1391,7619
-1283,1391,7619
-1381,1391,7467
-1381,1391,7467
-1381,1391,7467
-1381,1391,7467
-1381,1391,7467
-1381,1391,7467
-1381,1391,7467
-1381,1391,7467
-1381,1391,7467
-1457,1419,7264
-1457,1419,7264
-1457,1419,7264
-1457,1419,7264
-1457,1419,7264
-1457,1419,7264
-1457,1419,7264
-1457,1419,7264
-1457,1419,7264
-1588,1448,7068
-1588,1448,7068
-1588,1448,7068
-1588,1448,7068
-1588,1448,7068
-1588,1448,7068
-1588,1448,7068
-1588,1448,7068
-1588,1448,7068
-1649,1482,6757
-1649,1482,6757
-1649,1482,6757
-1649,1482,6757
-1649,1482,6757
-1649,1482,6757
-1649,1482,6757
-1649,1482,6757
-1649,1482,6757
-1739,1536,6579
-1739,1536,6579
-1739,1536,6579
-1739,1536,6579
-1739,1536,6579
-1739,1536,6579
-1739,1536,6579
-1739,1536,6579
-1739,1536,6579
-1755,1579,6493
-1755,1579,6493
-1755,1579,6493
-1755,1579,6493
-1755,1579,6493
-1755,1579,6493
-1755,1579,6493
-1755,1579,6493
-1755,1579,6493
-1755,1579,6436
-1768,1617,6436
-1768,1617,6436
-1768,1617,6436
-1768,1617,6436
-1768,1617,6436
-1768,1617,6436
-1768,1617,6436
-1768,1617,6436
-1735,1563,6499
-1735,1563,6499
-1735,1563,6499
-1735,1563,6499
-1735,1563,6499
-1735,1563,6499
-1735,1563,6499
-1735,1563,6499
-1735,1563,6499
-1735,1563,6499
-1738,1576,6589
-1738,1576,6589
-1738,1576,6589
-1738,1576,6589
-1738,1576,6589
-1738,1576,6589
-1738,1576,6589
-1738,1576,6589
-1738,1576,6589
-1709,1592,6584
-1709,1592,6584
-1709,1592,6584
-1709,1592,6584
-1709,1592,6584
-1709,1592,6584
-1709,1592,6584
-1709,1592,6584
-1709,1592,6584
-1709,1588,6576
-1709,1588,6576
-1709,1588,6576
-1709,1588,6576
-1750,1612,6544
-1750,1612,6544
-1750,1612,6544
-1750,1612,6544
-1750,1612,6544
-1750,1612,6544
-1750,1612,6544
-1750,1612,6544
-1750,1612,6544
-1732,1619,6512
-1732,1619,6512
-1732,1619,6512
-1732,1619,6512
-1732,1619,6512
-1732,1619,6512
-1732,1619,6512
-1732,1619,6512
-1732,1619,6512
-1745,1621,6575
-1745,1621,6575
-1745,1621,6575
-1745,1621,6575
-1745,1621,6575
-1745,1621,6575
-1745,1621,6575
-1745,1621,6575
-1745,1621,6575
-1757,1658,6570
-1757,1658,6570
-1757,1658,6570
-1757,1658,6570
-1757,1658,6570
-1757,1658,6570
-1757,1658,6570
-1757,1658,6570
-1757,1658,6570
-1752,1645,6569
-1752,1645,6569
-1752,1645,6569
-1752,1645,6569
-1752,1645,6569
-1752,1645,6569
-1752,1645,6569
-1752,1645,6569
-1752,1645,6569
-1752,1645,6569
-1690,1574,6796
-1690,1574,6796
-1690,1574,6796
-1690,1574,6796
-1690,1574,6796
-1690,1574,6796
-1690,1574,6796
-1690,1574,6796
-1690,1574,6796
-1603,1492,7073
-1603,1492,7073
-1603,1492,7073
-1603,1492,7073
-1603,1492,7073
-1603,1492,7073
-1603,1492,7073
-1603,1492,7073
-1603,1492,7073
-1506,1492,7430
-1506,1492,7430
-1506,1492,7430
-1506,1492,7430
-1506,1492,7430
-1506,1492,7430
-1506,1492,7430
-1506,1492,7430
-1298,1470,7808
-1298,1470,7808
-1298,1470,7808
-1298,1470,7808
-1298,1470,7808
-1298,1470,7808
-1298,1470,7808
-1298,1470,7808
-1298,1470,7808
-1011,1477,8201
-1011,1477,8201
-1011,1477,8201
-1011,1477,8201
-1011,1477,8201
-1011,1477,8201
-1011,1477,8201
-1011,1477,8201
-1011,1477,8201
-1011,1477,8201
-587,1434,8559
-587,1434,8559
-587,1434,8559
-587,1434,8559
-587,1434,8559
-587,1434,8559
-587,1434,8559
-587,1434,8559
-587,1434,8559
-188,1409,8862
-188,1409,8862
-188,1409,8862
-188,1409,8862
-188,1409,8862
-188,1409,8862
-188,1409,8862
-188,1409,8862
-188,1409,8862
283,1351,9098
283,1351,9098
283,1351,9098
283,1351,9098
283,1351,9098
283,1351,9098
283,1351,9098
283,1351,9098
283,1351,9098
737,1360,9236
737,1360,9236
737,1360,9236
737,1360,9236
737,1360,9236
737,1360,9236
737,1360,9236
737,1360,9236
737,1360,9236
737,1360,9236
1118,1376,9306
1118,1376,9306
1118,1376,9306
1118,1376,9306
1118,1376,9306
1118,1376,9306
1118,1376,9306
1118,1376,9306
1118,1376,9306
1580,1422,9341
1580,1422,9341
1580,1422,9341
1580,1422,9341
1580,1422,9341
1580,1422,9341
1580,1422,9341
1580,1422,9341
1580,1422,9341
1993,1369,9282
1993,1369,9282
1993,1369,9282
1993,1369,9282
1993,1369,9282
1993,1369,9282
1993,1369,9282
1993,1369,9282
1993,1369,9282
2343,1343,9293
2343,1343,9293
2343,1343,9293
2343,1343,9293
2343,1343,9293
2343,1343,9293
2343,1343,9293
2343,1343,9293
2343,1343,9293
2695,1370,9157
2695,1370,9157
2695,1370,9157
2695,1370,9157
2695,1370,9157
2695,1370,9157
2695,1370,9157
2695,1370,9157
3028,1387,9050
3028,1387,9050
3028,1387,9050
3028,1387,9050
3028,1387,9050
3028,1387,9050
3028,1387,9050
3028,1387,9050
3028,1387,9050
3028,1387,9050
3561,1396,8793
3561,1396,8793
3561,1396,8793
3561,1396,8793
3561,1396,8793
3561,1396,8793
3561,1396,8793
3561,1396,8793
4026,1458,8485
4026,1458,8485
4026,1458,8485
4026,1458,8485
4026,1458,8485
4026,1458,8485
4026,1458,8485
4026,1458,8485
4026,1458,8485
4026,1458,8485
4363,1480,8097
4363,1480,8097
4363,1480,8097
4363,1480,8097
4363,1480,8097
4363,1480,8097
4363,1480,8097
4363,1480,8097
4363,1480,8097
4363,1480,8097
4563,1502,7806
4563,1502,7806
4563,1502,7806
4563,1502,7806
4563,1502,7806
4563,1502,7806
4563,1502,7806
4563,1502,7806
4563,1502,7806
4778,1518,7441
4778,1518,7441
4778,1518,7441
4778,1518,7441
4778,1518,7441
4778,1518,7441
4778,1518,7441
4778,1518,7441
4778,1518,7441
4899,1561,7004
4899,1561,7004
4899,1561,7004
4899,1561,7004
4899,1561,7004
4899,1561,7004
4899,1561,7004
4899,1561,7004
4899,1561,7004
4993,1606,6673
4993,1606,6673
4993,1606,6673
4993,1606,6673
4993,1606,6673
4993,1606,6673
4993,1606,6673
4993,1606,6673
4993,1606,6673
5009,1594,6344
5009,1594,6344
5009,1594,6344
5009,1594,6344
5009,1594,6344
5064,1645,6097
5064,1645,6097
5064,1645,6097
5064,1645,6097
5064,1645,6097
5064,1645,6097
5064,1645,6097
5050,1707,5900
5050,1707,5900
5050,1707,5900
5050,1707,5900
5050,1707,5900
5050,1707,5900
5050,1707,5900
5050,1707,5900
5050,1707,5900
5074,1693,5901
5074,1693,5901
5074,1693,5901
5074,1693,5901
5074,1693,5901
5074,1693,5901
5074,1693,5901
5074,1693,5901
5074,1693,5901
5074,1693,5901
5063,1672,6041
5063,1672,6041
5063,1672,6041
5063,1672,6041
5063,1672,6041
5063,1672,6041
5063,1672,6041
5063,1672,6041
5063,1672,6041
5054,1696,6292
5054,1696,6292
5054,1696,6292
5054,1696,6292
5054,1696,6292
5054,1696,6292
5054,1696,6292
5054,1696,6292
5054,1696,6292
5006,1678,6739
5006,1678,6739
5006,1678,6739
5006,1678,6739
5006,1678,6739
5006,1678,6739
5006,1678,6739
5006,1678,6739
5006,1678,6739
4899,1708,7282
4899,1708,7282
4899,1708,7282
4899,1708,7282
4899,1708,7282
4899,1708,7282
4899,1708,7282
4899,1708,7282
4899,1708,7282
4899,1708,7282
4666,1722,7811
4666,1722,7811
4666,1722,7811
4666,1722,7811
4666,1722,7811
4666,1722,7811
4666,1722,7811
4666,1722,7811
4666,1722,7811
4353,1724,8249
4353,1724,8249
4353,1724,8249
4353,1724,8249
4353,1724,8249
4353,1724,8249
4353,1724,8249
4353,1724,8249
4353,1724,8249
3920,1704,8708
3920,1704,8708
3920,1704,8708
3920,1704,8708
3920,1704,8708
3920,1704,8708
3920,1704,8708
3920,1704,8708
3920,1704,8708
3493,1658,8919
3493,1658,8919
3493,1658,8919
3493,1658,8919
3493,1658,8919
3493,1658,8919
3493,1658,8919
3493,1658,8919
3493,1658,8919
2967,1654,9232
2967,1654,9232
2967,1654,9232
2967,1654,9232
2967,1654,9232
2967,1654,9232
2967,1654,9232
2967,1654,9232
2967,1654,9405
2264,1654,9405
2264,1654,9405
2264,1654,9405
2264,1654,9405
2264,1654,9405
2264,1654,9405
2264,1654,9405
2264,1654,9405
2264,1654,9405
1606,1657,9500
1606,1657,9500
1606,1657,9500
1606,1657,9500
1606,1657,9500
1606,1657,9500
1606,1657,9500
1606,1657,9500
1606,1657,9500
1224,1677,9463
1224,1677,9463
1224,1677,9463
1224,1677,9463
1224,1677,9463
1224,1677,9463
1224,1677,9463
1224,1677,9463
1224,1677,9463
834,1671,9351
834,1671,9351
834,1671,9351
834,1671,9351
834,1671,9351
834,1671,9351
834,1671,9351
834,1671,9351
834,1671,9351
572,1643,9318
572,1643,9318
572,1643,9318
572,1643,9318
572,1643,9318
572,1643,9318
572,1643,9318
572,1643,9318
572,1643,9318
278,1583,9182
278,1583,9182
278,1583,9182
278,1583,9182
278,1583,9182
278,1583,9182
278,1583,9182
278,1583,9182
278,1583,9182
-86,1541,9003
-86,1541,9003
-86,1541,9003
-86,1541,9003
-86,1541,9003
-86,1541,9003
-86,1541,9003
-86,1541,9003
-86,1541,9003
-86,1541,9003
-504,1503,8686
-504,1503,8686
-504,1503,8686
-504,1503,8686
-504,1503,8686
-504,1503,8686
-504,1503,8686
-504,1503,8686
-504,1503,8686
-854,1490,8409
-854,1490,8409
-854,1490,8409
-854,1490,8409
-854,1490,8409
-854,1490,8409
-854,1490,8409
-854,1490,8409
-854,1490,8409
-1109,1525,8074
-1109,1525,8074
-1109,1525,8074
-1109,1525,8074
-1109,1525,8074
-1109,1525,8074
-1109,1525,8074
-1109,1525,8074
-1109,1525,8074
-1293,1522,7782
-1293,1522,7782
-1293,1522,7782
-1293,1522,7782
-1293,1522,7782
-1293,1522,7782
-1293,1522,7782
-1293,1522,7782
-1293,1522,7782
-1425,1506,7487
-1425,1506,7487
-1425,1506,7487
-1425,1506,7487
-1425,1506,7487
-1425,1506,7487
-1425,1506,7487
-1425,1506,7487
-1425,1506,7487
-1630,1526,7028
-1630,1526,7028
-1630,1526,7028
-1630,1526,7028
-1630,1526,7028
-1630,1526,7028
-1630,1526,7028
-1630,1526,7028
-1630,1526,7028
-1708,1608,6812
-1708,1608,6812
-1708,1608,6812
-1708,1608,6812
-1708,1608,6812
-1708,1608,6812
-1708,1608,6812
-1708,1608,6812
-1708,1608,6812
-1710,1560,6745
-1710,1560,6745
-1710,1560,6745
-1710,1560,6745
-1710,1560,6745
-1710,1560,6745
-1710,1560,6745
-1710,1560,6745
-1710,1560,6745
-1679,1576,6804
-1679,1576,6804
-1679,1576,6804
-1679,1576,6804
-1679,1576,6804
-1679,1576,6804
-1679,1576,6804
-1679,1576,6804
-1679,1576,6804
-1727,1576,6877
-1727,1576,6877
-1727,1576,6877
-1727,1576,6877
-1690,1580,6909
-1690,1580,6909
-1690,1580,6909
-1690,1580,6909
-1690,1580,6909
-1690,1580,6909
-1690,1580,6909
-1690,1580,6909
-1690,1580,6909
-1719,1614,6964
-1719,1614,6964
-1719,1614,6964
-1719,1614,6964
-1719,1614,6964
-1719,1614,6964
-1719,1614,6964
-1719,1614,6964
-1719,1614,6964
-1722,1656,6992
-1722,1656,6992
-1722,1656,6992
-1722,1656,6992
-1722,1656,6992
-1722,1656,6992
-1722,1656,6992
-1722,1656,6992
-1722,1656,6992
-1722,1656,6992
-1729,1740,7089
-1729,1740,7089
-1729,1740,7089
-1729,1740,7089
-1729,1740,7089
-1729,1740,7089
-1729,1740,7089
-1729,1740,7089
-1729,1740,7089
-1741,1795,7103
-1741,1795,7103
-1741,1795,7103
-1741,1795,7103
-1741,1795,7103
-1741,1795,7103
-1741,1795,7103
-1741,1795,7103
-1741,1795,7103
-1736,1822,7076
-1736,1822,7076
-1736,1822,7076
-1736,1822,7076
-1736,1822,7076
-1736,1822,7076
-1736,1822,7076
-1736,1822,7076
-1736,1822,7076
-1730,1826,7068
-1730,1826,7068
-1730,1826,7068
-1730,1826,7068
-1730,1826,7068
-1730,1826,7068
-1730,1826,7068
-1730,1826,7068
-1730,1826,7068
-1705,1797,7105
-1705,1797,7105
-1705,1797,7105
-1705,1797,7105
-1705,1797,7105
-1705,1797,7105
-1705,1797,7105
-1705,1797,7105
-1705,1797,7105
-1646,1777,7275
-1646,1777,7275
-1646,1777,7275
-1646,1777,7275
-1646,1777,7275
-1646,1777,7275
-1646,1777,7275
-1646,1777,7275
-1646,1777,7275
-1646,1777,7580
-1545,1767,7580
-1545,1767,7580
-1545,1767,7580
-1545,1767,7580
-1545,1767,7580
-1545,1767,7580
-1545,1767,7580
-1545,1767,7580
-1545,1767,7580
-1319,1739,7952
-1319,1739,7952
-1319,1739,7952
-1319,1739,7952
-1319,1739,7952
-1319,1739,7952
-1319,1739,7952
-1319,1739,7952
-1319,1739,7952
-938,1654,8362
-938,1654,8362
-938,1654,8362
-938,1654,8362
-938,1654,8362
-938,1654,8362
-938,1654,8362
-938,1654,8362
-938,1654,8362
-460,1573,8771
-460,1573,8771
-460,1573,8771
-460,1573,8771
-460,1573,8771
-460,1573,8771
-460,1573,8771
-460,1573,8771
10,1510,9008
10,1510,9008
10,1510,9008
10,1510,9008
10,1510,9008
10,1510,9008
10,1510,9008
10,1510,9008
10,1510,9008
10,1510,9008
425,1483,9164
425,1483,9164
425,1483,9164
425,1483,9164
425,1483,9164
425,1483,9164
425,1483,9164
425,1483,9164
425,1483,9164
833,1498,9312
833,1498,9312
833,1498,9312
833,1498,9312
833,1498,9312
833,1498,9312
833,1498,9312
833,1498,9312
833,1498,9312
833,1498,9389
1312,1593,9389
1312,1593,9389
1312,1593,9389
1312,1593,9389
1312,1593,9389
1312,1593,9389
1312,1593,9389
1312,1593,9389
1312,1593,9389
1716,1578,9450
1716,1578,9450
1716,1578,9450
1716,1578,9450
1716,1578,9450
1716,1578,9450
1716,1578,9450
1716,1578,9450
1716,1578,9450
2080,1609,9459
2080,1609,9459
2080,1609,9459
2080,1609,9459
2080,1609,9459
2080,1609,9459
2080,1609,9459
2080,1609,9459
2080,1609,9459
2416,1581,9362
2416,1581,9362
2416,1581,9362
2416,1581,9362
2416,1581,9362
2416,1581,9362
2416,1581,9362
2416,1581,9362
2416,1581,9362
2865,1610,9255
2865,1610,9255
2865,1610,9255
2865,1610,9255
2865,1610,9255
2865,1610,9255
2865,1610,9255
2865,1610,9255
2865,1610,9255
3239,1618,9140
3239,1618,9140
3239,1618,9140
3239,1618,9140
3239,1618,9140
3239,1618,9140
3239,1618,9140
3239,1618,9140
3239,1618,9140
3507,1637,8934
3507,1637,8934
3507,1637,8934
3507,1637,8934
3507,1637,8934
3507,1637,8934
3507,1637,8934
3507,1637,8934
3834,1661,8738
3834,1661,8738
3834,1661,8738
3834,1661,8738
3834,1661,8738
3834,1661,8738
3834,1661,8738
3834,1661,8738
3834,1661,8738
3834,1661,8738
4115,1668,8508
4115,1668,8508
4115,1668,8508
4115,1668,8508
4115,1668,8508
4115,1668,8508
4115,1668,8508
4115,1668,8508
4294,1703,8244
4294,1703,8244
4294,1703,8244
4294,1703,8244
4294,1703,8244
4294,1703,8244
4294,1703,8244
4294,1703,8244
4294,1703,8244
4294,1703,8244
4581,1751,7925
4581,1751,7925
4581,1751,7925
4581,1751,7925
4581,1751,7925
4581,1751,7925
4581,1751,7925
4581,1751,7925
4581,1751,7925
4581,1751,7925
4789,1768,7532
4789,1768,7532
4789,1768,7532
4789,1768,7532
4882,1816,7281
4882,1816,7281
4882,1816,7281
4882,1816,7281
4882,1816,7281
4882,1816,7281
4882,1816,7281
4882,1816,7281
4882,1816,7281
5009,1855,7071
5009,1855,7071
5009,1855,7071
5009,1855,7071
5009,1855,7071
5009,1855,7071
5009,1855,7071
5009,1855,7071
5009,1855,7071
5094,1893,6752
5094,1893,6752
5094,1893,6752
5094,1893,6752
5094,1893,6752
5094,1893,6752
5094,1893,6752
5094,1893,6752
5094,1893,6752
5137,1897,6381
5137,1897,6381
5137,1897,6381
5137,1897,6381
5137,1897,6381
5137,1897,6381
5137,1897,6381
5137,1897,6381
5137,1897,6381
5137,1897,6381
5149,1890,6275
5149,1890,6275
5149,1890,6275
5149,1890,6275
5149,1890,6275
5149,1890,6275
5149,1890,6275
5149,1890,6275
5138,1888,6426
5138,1888,6426
5138,1888,6426
5138,1888,6426
5138,1888,6426
5138,1888,6426
5138,1888,6426
5138,1888,6426
5138,1888,6426
5103,1822,6705
5103,1822,6705
5103,1822,6705
5103,1822,6705
5103,1822,6705
5103,1822,6705
5103,1822,6705
5103,1822,6705
5103,1822,6705
4964,1852,6999
4964,1852,6999
4964,1852,6999
4964,1852,6999
4964,1852,6999
4964,1852,6999
4964,1852,6999
4964,1852,6999
4964,1852,6999
4888,1830,7448
4888,1830,7448
4888,1830,7448
4888,1830,7448
4888,1830,7448
4888,1830,7448
4888,1830,7448
4888,1830,7448
4888,1830,7448
4698,1894,7814
4698,1894,7814
4698,1894,7814
4698,1894,7814
4698,1894,7814
4698,1894,7814
4698,1894,7814
4698,1894,7814
4698,1894,7814
4424,1881,8215
4424,1881,8215
4424,1881,8215
4424,1881,8215
4424,1881,8215
4424,1881,8215
4424,1881,8215
4424,1881,8215
4424,1881,8215
4424,1881,8215
4106,1920,8621
4106,1920,8621
4106,1920,8621
4106,1920,8621
4106,1920,8621
4106,1920,8621
4106,1920,8621
4106,1920,8621
4106,1920,8621
3729,1887,8883
3729,1887,8883
3729,1887,8883
3729,1887,8883
3729,1887,8883
3729,1887,8883
3729,1887,8883
3729,1887,8883
3729,1887,8883
3368,1883,9096
3368,1883,9096
3368,1883,9096
3368,1883,9096
3368,1883,9096
3368,1883,9096
3368,1883,9096
3368,1883,9096
3368,1883,9096
3368,1895,9260
3015,1895,9260
3015,1895,9260
3015,1895,9260
3015,1895,9260
3015,1895,9260
3015,1895,9260
3015,1895,9260
3015,1895,9260
2714,1890,9421
2714,1890,9421
2714,1890,9421
2714,1890,9421
2714,1890,9421
2714,1890,9421
2714,1890,9421
2714,1890,9421
2714,1890,9421
2410,1950,9538
2410,1950,9538
2410,1950,9538
2410,1950,9538
2410,1950,9538
2410,1950,9538
2410,1950,9538
2410,1950,9538
2410,1950,9538
2044,1988,9597
2044,1988,9597
2044,1988,9597
2044,1988,9597
2044,1988,9597
2044,1988,9597
2044,1988,9597
2044,1988,9597
2044,1988,9597
1749,2042,9641
1749,2042,9641
1749,2042,9641
1749,2042,9641
1749,2042,9641
1749,2042,9641
1749,2042,9641
1749,2042,9641
1749,2042,9641
1460,2127,9617
1460,2127,9617
1460,2127,9617
1460,2127,9617
1460,2127,9617
1460,2127,9617
1460,2127,9617
1460,2127,9617
1460,2127,9617
1259,2163,9637
1259,2163,9637
1259,2163,9637
1259,2163,9637
1259,2163,9637
1259,2163,9637
1259,2163,9637
1259,2163,9637
1259,2163,9637
1000,2289,9636
1000,2289,9636
1000,2289,9636
1000,2289,9636
1000,2289,9636
1000,2289,9636
1000,2289,9636
1000,2289,9636
1000,2289,9636
811,2375,9577
811,2375,9577
811,2375,9577
811,2375,9577
811,2375,9577
811,2375,9577
811,2375,9577
811,2375,9577
811,2375,9577
811,2375,9577
550,2407,9484
550,2407,9484
550,2407,9484
550,2407,9484
550,2407,9484
550,2407,9484
550,2407,9484
550,2407,9484
550,2407,9484
388,2450,9429
388,2450,9429
388,2450,9429
388,2450,9429
388,2450,9429
388,2450,9429
388,2450,9429
388,2450,9429
388,2488,9411
293,2488,9411
293,2488,9411
293,2488,9411
293,2488,9411
293,2488,9411
293,2488,9411
293,2488,9411
293,2488,9411
293,2488,9411
311,2505,9441
311,2505,9441
311,2505,9441
311,2505,9441
311,2505,9441
311,2505,9441
311,2505,9441
311,2505,9441
311,2505,9441
236,2493,9381
236,2493,9381
236,2493,9381
236,2493,9381
236,2493,9381
236,2493,9381
236,2493,9381
236,2493,9381
236,2493,9381
69,2500,9274
69,2500,9274
69,2500,9274
69,2500,9274
-157,2438,9209
-157,2438,9209
-157,2438,9209
-157,2438,9209
-157,2438,9209
-157,2438,9209
-157,2438,9209
-157,2438,9209
-157,2438,9209
-157,2438,9209
-401,2358,9039
-401,2358,9039
-401,2358,9039
-401,2358,9039
-401,2358,9039
-401,2358,9039
-401,2358,9039
-401,2358,9039
-401,2358,9039
-767,2340,8792
-767,2340,8792
-767,2340,8792
-767,2340,8792
-767,2340,8792
-767,2340,8792
-767,2340,8792
-767,2340,8792
-767,2340,8792
-1004,2339,8568
-1004,2339,8568
-1004,2339,8568
-1004,2339,8568
-1004,2339,8568
-1004,2339,8568
-1004,2339,8568
-1004,2339,8568
-1004,2339,8568
-1171,2402,8394
-1171,2402,8394
-1171,2402,8394
-1171,2402,8394
-1171,2402,8394
-1171,2402,8394
-1171,2402,8394
-1171,2402,8394
-1171,2402,8394
-1401,2412,8090
-1401,2412,8090
-1401,2412,8090
-1401,2412,8090
-1401,2412,8090
-1401,2412,8090
-1401,2412,8090
-1401,2412,8090
-1401,2412,8090
-1553,2448,7862
-1553,2448,7862
-1553,2448,7862
-1553,2448,7862
-1553,2448,7862
-1553,2448,7862
-1553,2448,7862
-1553,2448,7862
-1553,2448,7862
-1583,2444,7751
-1583,2444,7751
-1583,2444,7751
-1583,2444,7751
-1583,2444,7751
-1583,2444,7751
-1583,2444,7751
-1583,2444,7751
-1583,2444,7751
-1620,2363,7689
-1620,2363,7689
-1620,2363,7689
-1620,2363,7689
-1620,2363,7689
-1620,2363,7689
-1620,2363,7689
-1620,2363,7689
-1620,2363,7689
-1640,2349,7678
-1640,2349,7678
-1640,2349,7678
-1640,2349,7678
-1640,2349,7678
-1640,2349,7678
-1640,2349,7678
-1640,2349,7678
-1640,2349,7678
-1572,2267,7759
-1572,2267,7759
-1572,2267,7759
-1572,2267,7759
-1572,2267,7759
-1572,2267,7759
-1572,2267,7759
-1572,2267,7759
-1572,2267,7759
-1515,2207,7816
-1515,2207,7816
-1515,2207,7816
-1515,2207,7816
-1515,2207,7816
-1515,2207,7816
-1515,2207,7816
-1515,2207,7816
-1515,2207,7816
-1493,2096,7800
-1493,2096,7800
-1493,2096,7800
-1493,2096,7800
-1493,2096,7800
-1493,2096,7800
-1493,2096,7800
-1493,2096,7800
-1493,2096,7800
-1493,2096,7800
-1495,2023,7703
-1495,2023,7703
-1495,2023,7703
-1495,2023,7703
-1495,2023,7703
-1495,2023,7703
-1495,2023,7703
-1495,2023,7703
-1495,2023,7703
-1561,2065,7675
-1561,2065,7675
-1561,2065,7675
-1561,2065,7675
-1561,2065,7675
-1561,2065,7675
-1561,2065,7675
-1561,2065,7675
-1561,2065,7675
-1494,2140,7757
-1494,2140,7757
-1494,2140,7757
-1494,2140,7757
-1494,2140,7757
-1494,2140,7757
-1494,2140,7757
-1494,2140,7757
-1494,2140,7757
-1521,2226,7788
-1521,2226,7788
-1521,2226,7788
-1521,2226,7788
-1521,2226,7788
-1521,2226,7788
-1521,2226,7788
-1521,2226,7788
-1555,2379,7733
-1555,2379,7733
-1555,2379,7733
-1555,2379,7733
-1555,2379,7733
-1555,2379,7733
-1555,2379,7733
-1555,2379,7733
-1555,2379,7733
-1605,2453,7642
-1605,2453,7642
-1605,2453,7642
-1605,2453,7642
-1605,2453,7642
-1605,2453,7642
-1605,2453,7642
-1605,2453,7642
-1605,2453,7642
-1615,2435,7666
-1615,2435,7666
-1615,2435,7666
-1615,2435,7666
-1615,2435,7666
-1615,2435,7666
-1615,2435,7666
-1615,2435,7666
-1615,2435,7666
-1615,2435,7666
-1460,2373,7889
-1460,2373,7889
-1460,2373,7889
-1460,2373,7889
-1460,2373,7889
-1460,2373,7889
-1460,2373,7889
-1460,2373,7889
-1460,2373,7889
-1250,2368,8191
-1250,2368,8191
-1250,2368,8191
-1250,2368,8191
-1250,2368,8191
-1250,2368,8191
-1250,2368,8191
-1250,2368,8191
-1250,2368,8191
-968,2326,8586
-968,2326,8586
-968,2326,8586
-968,2326,8586
-968,2326,8586
-968,2326,8586
-968,2326,8586
-968,2326,8586
-968,2326,8586
-558,2310,8870
-558,2310,8870
-558,2310,8870
-558,2310,8870
-558,2310,8870
-558,2310,8870
-558,2310,8870
-558,2310,8870
-558,2310,8870
-103,2237,9127
-103,2237,9127
-103,2237,9127
-103,2237,9127
-103,2237,9127
-103,2237,9127
-103,2237,9127
-103,2237,9127
-103,2237,9127
-103,2237,9127
360,2218,9381
360,2218,9381
360,2218,9381
360,2218,9381
360,2218,9381
360,2218,9381
360,2218,9381
360,2218,9381
360,2218,9381
921,2244,9531
921,2244,9531
921,2244,9531
921,2244,9531
921,2244,9531
921,2244,9531
921,2244,9531
921,2244,9531
921,2244,9531
1475,2308,9625
1475,2308,9625
1475,2308,9625
1475,2308,9625
1878,2307,9627
1878,2307,9627
1878,2307,9627
1878,2307,9627
1878,2307,9627
1878,2307,9627
1878,2307,9627
1878,2307,9627
1878,2307,9627
2456,2350,9548
2456,2350,9548
2456,2350,9548
2456,2350,9548
2456,2350,9548
2456,2350,9548
2456,2350,9548
2456,2350,9548
2456,2350,9548
2903,2370,9406
2903,2370,9406
2903,2370,9406
2903,2370,9406
2903,2370,9406
2903,2370,9406
2903,2370,9406
2903,2370,9406
2903,2370,9406
3323,2389,9258
3323,2389,9258
3323,2389,9258
3323,2389,9258
3323,2389,9258
3323,2389,9258
3323,2389,9258
3323,2389,9258
3323,2389,9258
3708,2416,9007
3708,2416,9007
3708,2416,9007
3708,2416,9007
3708,2416,9007
3708,2416,9007
3708,2416,9007
3708,2416,9007
3708,2416,9007
3708,2416,9007
4162,2468,8641
4162,2468,8641
4162,2468,8641
4162,2468,8641
4162,2468,8641
4162,2468,8641
4162,2468,8641
4162,2468,8641
4162,2468,8641
4569,2488,8257
4569,2488,8257
4569,2488,8257
4569,2488,8257
4569,2488,8257
4569,2488,8257
4569,2488,8257
4569,2488,8257
4569,2488,8257
4763,2497,7803
4763,2497,7803
4763,2497,7803
4763,2497,7803
4763,2497,7803
4763,2497,7803
4763,2497,7803
4763,2497,7803
4763,2497,7803
5011,2531,7384
5011,2531,7384
5011,2531,7384
5011,2531,7384
5011,2531,7384
5011,2531,7384
5011,2531,7384
5011,2531,7384
5011,2531,7384
5108,2581,6961
5108,2581,6961
5108,2581,6961
5108,2581,6961
5108,2581,6961
5108,2581,6961
5108,2581,6961
5108,2581,6961
5108,2581,6961
5163,2607,6699
5163,2607,6699
5163,2607,6699
5163,2607,6699
5163,2607,6699
5163,2607,6699
5163,2607,6699
5163,2607,6699
5163,2607,6699
5159,2613,6192
5159,2613,6192
5159,2613,6192
5159,2613,6192
5159,2613,6192
5159,2613,6192
5159,2613,6192
5159,2613,6192
5159,2613,6192
5181,2635,5887
5181,2635,5887
5181,2635,5887
5181,2635,5887
5181,2635,5887
5181,2635,5887
5181,2635,5887
5181,2635,5887
5181,2635,5887
5133,2675,5582
5133,2675,5582
5133,2675,5582
5133,2675,5582
5133,2675,5582
5133,2675,5582
5133,2675,5582
5133,2675,5582
5133,2675,5582
5063,2643,5358
5063,2643,5358
5063,2643,5358
5063,2643,5358
5063,2643,5358
5063,2643,5358
5063,2643,5358
5063,2643,5358
5063,2643,5358
5063,2643,5358
5027,2638,5275
5027,2638,5275
5027,2638,5275
5027,2638,5275
5027,2638,5275
5027,2638,5275
5027,2638,5275
5027,2638,5275
5066,2654,5315
5066,2654,5315
5066,2654,5315
5066,2654,5315
5066,2654,5315
5066,2654,5315
5066,2654,5315
5066,2654,5315
5066,2654,5315
5066,2654,5315
5091,2604,5514
5091,2604,5514
5091,2604,5514
5091,2604,5514
5091,2604,5514
5091,2604,5514
5091,2604,5514
5091,2604,5514
5091,2604,5514
5091,2604,5514
5152,2568,5824
5152,2568,5824
5152,2568,5824
5152,2568,5824
5152,2568,5824
5152,2568,5824
5152,2568,5824
5152,2568,5824
5235,2535,6320
5235,2535,6320
5235,2535,6320
5235,2535,6320
5235,2535,6320
5235,2535,6320
5235,2535,6320
5235,2535,6320
5235,2535,6320
5152,2550,6962
5152,2550,6962
5152,2550,6962
5152,2550,6962
5152,2550,6962
5152,2550,6962
5152,2550,6962
5152,2550,6962
5152,2550,6962
5020,2515,7363
5020,2515,7363
5020,2515,7363
5020,2515,7363
5020,2515,7363
5020,2515,7363
5020,2515,7363
5020,2515,7363
5020,2515,7363
4845,2493,7727
4845,2493,7727
4845,2493,7727
4845,2493,7727
4845,2493,7727
4845,2493,7727
4845,2493,7727
4845,2493,7727
4845,2493,7727
4845,2493,7727
4521,2384,8252
4521,2384,8252
4521,2384,8252
4521,2384,8252
4521,2384,8252
4521,2384,8252
4521,2384,8252
4521,2384,8252
4521,2384,8252
4014,2322,8832
4014,2322,8832
4014,2322,8832
4014,2322,8832
4014,2322,8832
4014,2322,8832
4014,2322,8832
4014,2322,8832
4014,2322,8832
3444,2246,9222
3444,2246,9222
3444,2246,9222
3444,2246,9222
3444,2246,9222
3444,2246,9222
3444,2246,9222
3444,2246,9222
3444,2246,9222
2915,2294,9376
2915,2294,9376
2915,2294,9376
2915,2294,9376
2915,2294,9376
2915,2294,9376
2915,2294,9376
2915,2294,9376
2915,2294,9376
2440,2309,9542
2440,2309,9542
2440,2309,9542
2440,2309,9542
2440,2309,9542
2440,2309,9542
1986,2324,9640
1986,2324,9640
1986,2324,9640
1986,2324,9640
1986,2324,9640
1986,2324,9640
1986,2324,9640
1986,2324,9640
1688,2248,9592
1688,2248,9592
1688,2248,9592
1688,2248,9592
1688,2248,9592
1688,2248,9592
1688,2248,9592
1688,2248,9592
1412,2273,9588
1412,2273,9588
1412,2273,9588
1412,2273,9588
1412,2273,9588
1412,2273,9588
1412,2273,9588
1412,2273,9588
1412,2273,9588
1169,2279,9638
1169,2279,9638
1169,2279,9638
1169,2279,9638
1169,2279,9638
1169,2279,9638
1169,2279,9638
1169,2279,9638
1169,2279,9638
830,2279,9548
830,2279,9548
830,2279,9548
830,2279,9548
830,2279,9548
830,2279,9548
830,2279,9548
830,2279,9548
830,2279,9548
830,2279,9548
559,2279,9455
559,2279,9455
559,2279,9455
559,2279,9455
559,2279,9455
559,2279,9455
559,2279,9455
559,2279,9455
559,2279,9455
306,2301,9373
306,2301,9373
306,2301,9373
306,2301,9373
306,2301,9373
306,2301,9373
306,2301,9373
306,2301,9373
306,2301,9373
-11,2310,9275
-11,2310,9275
-11,2310,9275
-11,2310,9275
-11,2310,9275
-11,2310,9275
-11,2310,9275
-11,2310,9275
-11,2310,9275
-290,2350,9084
-290,2350,9084
-290,2350,9084
-290,2350,9084
-290,2350,9084
-290,2350,9084
-290,2350,9084
-290,2350,9084
-290,2350,9084
-541,2380,8986
-541,2380,8986
-541,2380,8986
-541,2380,8986
-541,2380,8986
-541,2380,8986
-541,2380,8986
-541,2380,8986
-541,2380,8986
-813,2468,8764
-813,2468,8764
-813,2468,8764
-813,2468,8764
-813,2468,8764
-813,2468,8764
-813,2468,8764
-813,2468,8764
-813,2468,8764
-813,2468,8764
-1047,2499,8547
-1047,2499,8547
-1047,2499,8547
-1047,2499,8547
-1047,2499,8547
-1047,2499,8547
-1047,2499,8547
-1047,2499,8547
-1188,2592,8349
-1188,2592,8349
-1188,2592,8349
-1188,2592,8349
-1188,2592,8349
-1188,2592,8349
-1188,2592,8349
-1188,2592,8349
-1188,2592,8349
-1305,2610,8276
-1305,2610,8276
-1305,2610,8276
-1305,2610,8276
-1305,2610,8276
-1305,2610,8276
-1305,2610,8276
-1305,2610,8276
-1305,2610,8276
-1385,2703,8145
-1385,2703,8145
-1385,2703,8145
-1385,2703,8145
-1385,2703,8145
-1385,2703,8145
-1385,2703,8145
-1385,2703,8145
-1385,2703,8145
-1385,2703,8145
-1458,2822,7970
-1458,2822,7970
-1458,2822,7970
-1458,2822,7970
-1458,2822,7970
-1458,2822,7970
-1458,2822,7970
-1458,2822,7970
-1458,2822,7970
-1560,2949,7863
-1560,2949,7863
-1560,2949,7863
-1560,2949,7863
-1560,2949,7863
-1560,2949,7863
-1560,2949,7863
-1560,2949,7863
-1560,2949,7863
-1622,3042,7680
-1622,3042,7680
-1622,3042,7680
-1622,3042,7680
-1622,3042,7680
-1622,3042,7680
-1622,3042,7680
-1622,3042,7680
-1622,3042,7680
-1677,3082,7554
-1677,3082,7554
-1677,3082,7554
-1677,3082,7554
-1677,3082,7554
-1677,3082,7554
-1677,3082,7554
-1677,3082,7554
-1677,3082,7554
-1736,3163,7453
-1736,3163,7453
-1736,3163,7453
-1736,3163,7453
-1736,3163,7453
-1736,3163,7453
-1736,3163,7453
-1736,3163,7453
-1736,3163,7453
-1735,3187,7411
-1735,3187,7411
-1735,3187,7411
-1735,3187,7411
-1735,3187,7411
-1735,3187,7411
-1735,3187,7411
-1735,3187,7411
-1735,3187,7411
-1735,3187,7411
-1698,3228,7390
-1698,3228,7390
-1698,3228,7390
-1698,3228,7390
-1698,3228,7390
-1698,3228,7390
-1698,3228,7390
-1698,3228,7390
-1696,3271,7471
-1696,3271,7471
-1696,3271,7471
-1696,3271,7471
-1696,3271,7471
-1696,3271,7471
-1696,3271,7471
-1696,3271,7471
-1696,3271,7471
-1647,3261,7549
-1647,3261,7549
-1647,3261,7549
-1647,3261,7549
-1647,3261,7549
-1647,3261,7549
-1647,3261,7549
-1647,3261,7549
-1647,3261,7549
-1659,3275,7535
-1659,3275,7535
-1659,3275,7535
-1659,3275,7535
-1659,3275,7535
-1659,3275,7535
-1659,3275,7535
-1659,3275,7535
-1659,3275,7535
-1659,3275,7535
-1558,3332,7705
-1558,3332,7705
-1558,3332,7705
-1558,3332,7705
-1558,3332,7705
-1558,3332,7705
-1558,3332,7705
-1558,3332,7705
-1558,3332,7705
-1373,3301,8019
-1373,3301,8019
-1373,3301,8019
-1373,3301,8019
-1373,3301,8019
-1373,3301,8019
-1373,3301,8019
-1373,3301,8019
-1373,3301,8019
-1214,3267,8342
-1214,3267,8342
-1214,3267,8342
-1214,3267,8342
-1214,3267,8342
-1020,3185,8527
-1020,3185,8527
-1020,3185,8527
-1020,3185,8527
-1020,3185,8527
-1020,3185,8527
-1020,3185,8527
-1020,3185,8527
-806,3146,8763
-806,3146,8763
-806,3146,8763
-806,3146,8763
-806,3146,8763
-806,3146,8763
-806,3146,8763
-806,3146,8763
-806,3146,8763
-496,3097,9049
-496,3097,9049
-496,3097,9049
-496,3097,9049
-496,3097,9049
-496,3097,9049
-496,3097,9049
-496,3097,9049
-496,3097,9049
-100,3029,9263
-100,3029,9263
-100,3029,9263
-100,3029,9263
-100,3029,9263
-100,3029,9263
-100,3029,9263
-100,3029,9263
-100,3029,9263
314,3020,9450
314,3020,9450
314,3020,9450
314,3020,9450
314,3020,9450
314,3020,9450
314,3020,9450
314,3020,9450
314,3020,9450
891,2997,9606
891,2997,9606
891,2997,9606
891,2997,9606
891,2997,9606
891,2997,9606
891,2997,9606
891,2997,9606
891,2997,9606
1356,2963,9648
1356,2963,9648
1356,2963,9648
1356,2963,9648
1356,2963,9648
1356,2963,9648
1356,2963,9648
1356,2963,9648
1356,2963,9648
1957,2876,9663
1957,2876,9663
1957,2876,9663
1957,2876,9663
1957,2876,9663
1957,2876,9663
1957,2876,9663
1957,2876,9663
1957,2876,9663
2454,2928,9601
2454,2928,9601
2454,2928,9601
2454,2928,9601
2454,2928,9601
2454,2928,9601
2454,2928,9601
2454,2928,9601
2454,2928,9601
2910,2969,9484
2910,2969,9484
2910,2969,9484
2910,2969,9484
2910,2969,9484
2910,2969,9484
2910,2969,9484
2910,2969,9484
2910,2969,9484
2910,2969,9484
3261,3031,9339
3261,3031,9339
3261,3031,9339
3261,3031,9339
3261,3031,9339
3261,3031,9339
3261,3031,9339
3261,3031,9339
3261,3031,9339
3582,3064,9166
3582,3064,9166
3582,3064,9166
3582,3064,9166
3582,3064,9166
3582,3064,9166
3582,3064,9166
3582,3064,9166
3582,3064,9166
4022,3112,8837
4022,3112,8837
4022,3112,8837
4022,3112,8837
4022,3112,8837
4022,3112,8837
4022,3112,8837
4022,3112,8837
4022,3112,8837
4435,3116,8424
4435,3116,8424
4435,3116,8424
4435,3116,8424
4435,3116,8424
4435,3116,8424
4435,3116,8424
4435,3116,8424
4435,3116,7976
4674,3178,7976
4674,3178,7976
4674,3178,7976
4674,3178,7976
4674,3178,7976
4674,3178,7976
4674,3178,7976
4674,3178,7976
4674,3178,7976
4935,3238,7507
4935,3238,7507
4935,3238,7507
4935,3238,7507
4935,3238,7507
4935,3238,7507
4935,3238,7507
4935,3238,7507
4935,3238,7507
5126,3346,6905
5126,3346,6905
5126,3346,6905
5126,3346,6905
5126,3346,6905
5126,3346,6905
5126,3346,6905
5126,3346,6905
5126,3346,6905
5177,3321,6402
5177,3321,6402
5177,3321,6402
5177,3321,6402
5177,3321,6402
5177,3321,6402
5177,3321,6402
5177,3321,6402
5177,3321,6402
5148,3375,5953
5148,3375,5953
5148,3375,5953
5148,3375,5953
5148,3375,5953
5148,3375,5953
5148,3375,5953
5148,3375,5953
5148,3375,5953
5045,3425,5434
5045,3425,5434
5045,3425,5434
5045,3425,5434
5045,3425,5434
5045,3425,5434
5045,3425,5434
5045,3425,5434
5045,3425,5434
4918,3431,5043
4918,3431,5043
4918,3431,5043
4918,3431,5043
4918,3431,5043
4918,3431,5043
4918,3431,5043
4918,3431,5043
4918,3431,5043
4895,3467,4970
4895,3467,4970
4895,3467,4970
4895,3467,4970
4895,3467,4970
4895,3467,4970
4895,3467,4970
4895,3467,4970
4895,3467,4970
4895,3467,4970
4973,3493,5141
4973,3493,5141
4973,3493,5141
4973,3493,5141
4973,3493,5141
4973,3493,5141
4973,3493,5141
4973,3493,5141
4973,3493,5141
4973,3493,5141
5042,3492,5409
5042,3492,5409
5042,3492,5409
5042,3492,5409
5042,3492,5409
5042,3492,5409
5042,3492,5409
5042,3492,5409
5042,3492,5409
5137,3512,5815
5137,3512,5815
5137,3512,5815
5137,3512,5815
5137,3512,5815
5137,3512,5815
5137,3512,5815
5137,3512,5815
5170,3448,6559
5170,3448,6559
5170,3448,6559
5170,3448,6559
5170,3448,6559
5170,3448,6559
5170,3448,6559
5170,3448,6559
5170,3448,6559
5056,3432,7168
5056,3432,7168
5056,3432,7168
5056,3432,7168
5056,3432,7168
5056,3432,7168
5056,3432,7168
5056,3432,7168
5056,3432,7168
4901,3423,7553
4901,3423,7553
4901,3423,7553
4901,3423,7553
4901,3423,7553
4901,3423,7553
4901,3423,7553
4901,3423,7553
4901,3423,7553
4901,3423,7553
4544,3388,8215
4544,3388,8215
4544,3388,8215
4059,3367,8785
4059,3367,8785
4059,3367,8785
4059,3367,8785
4059,3367,8785
4059,3367,8785
4059,3367,8785
4059,3367,8785
4059,3367,8785
4059,3367,8785
3755,3310,9020
3755,3310,9020
3755,3310,9020
3755,3310,9020
3755,3310,9020
3755,3310,9020
3755,3310,9020
3755,3310,9020
3755,3310,9020
3302,3287,9309
3302,3287,9309
3302,3287,9309
3302,3287,9309
3302,3287,9309
3302,3287,9309
3302,3287,9309
3302,3287,9309
3302,3287,9309
2630,3217,9555
2630,3217,9555
2630,3217,9555
2630,3217,9555
2630,3217,9555
2630,3217,9555
2630,3217,9555
2630,3217,9555
2630,3217,9555
2128,3194,9614
2128,3194,9614
2128,3194,9614
2128,3194,9614
2128,3194,9614
2128,3194,9614
2128,3194,9614
2128,3194,9614
2128,3194,9614
2128,3194,9614
1782,3205,9645
1782,3205,9645
1782,3205,9645
1782,3205,9645
1782,3205,9645
1782,3205,9645
1782,3205,9645
1782,3205,9645
1338,3187,9657
1338,3187,9657
1338,3187,9657
1338,3187,9657
1338,3187,9657
1338,3187,9657
1338,3187,9657
1338,3187,9657
1338,3187,9657
792,3232,9564
792,3232,9564
792,3232,9564
792,3232,9564
792,3232,9564
792,3232,9564
792,3232,9564
792,3232,9564
792,3232,9564
294,3187,9387
294,3187,9387
294,3187,9387
294,3187,9387
294,3187,9387
294,3187,9387
294,3187,9387
294,3187,9387
294,3187,9387
-123,3150,9225
-123,3150,9225
-123,3150,9225
-123,3150,9225
-123,3150,9225
-123,3150,9225
-123,3150,9225
-123,3150,9225
-123,3150,9225
-468,3108,9004
-468,3108,9004
-468,3108,9004
-468,3108,9004
-468,3108,9004
-468,3108,9004
-468,3108,9004
-468,3108,9004
-468,3108,9004
-765,3147,8734
-765,3147,8734
-765,3147,8734
-765,3147,8734
-765,3147,8734
-765,3147,8734
-765,3147,8734
-765,3147,8734
-765,3147,8734
-765,3147,8734
-940,3170,8640
-940,3170,8640
-940,3170,8640
-940,3170,8640
-940,3170,8640
-940,3170,8640
-940,3170,8640
-940,3170,8640
-940,3170,8640
-1055,3192,8517
-1055,3192,8517
-1055,3192,8517
-1055,3192,8517
-1055,3192,8517
-1055,3192,8517
-1055,3192,8517
-1055,3192,8517
-1055,3192,8517
-1055,3192,8517
-1220,3218,8287
-1220,3218,8287
-1220,3218,8287
-1220,3218,8287
-1220,3218,8287
-1220,3218,8287
-1220,3218,8287
-1220,3218,8287
-1220,3218,8287
-1386,3257,8060
-1386,3257,8060
-1386,3257,8060
-1386,3257,8060
-1386,3257,8060
-1386,3257,8060
-1386,3257,8060
-1386,3257,8060
-1543,3314,7744
-1543,3314,7744
-1543,3314,7744
-1543,3314,7744
-1543,3314,7744
-1543,3314,7744
-1543,3314,7744
-1543,3314,7744
-1543,3314,7744
-1716,3411,7502
-1716,3411,7502
-1716,3411,7502
-1716,3411,7502
-1716,3411,7502
-1716,3411,7502
-1716,3411,7502
-1716,3411,7502
-1716,3411,7502
-1717,3440,7411
-1717,3440,7411
-1717,3440,7411
-1717,3440,7411
-1717,3440,7411
-1717,3440,7411
-1717,3440,7411
-1717,3440,7411
-1717,3440,7411
-1717,3440,7411
-1715,3452,7452
-1715,3452,7452
-1715,3452,7452
-1715,3452,7452
-1715,3452,7452
-1715,3452,7452
-1715,3452,7452
-1715,3452,7452
-1715,3452,7452
-1687,3476,7420
-1687,3476,7420
-1687,3476,7420
-1687,3476,7420
-1687,3476,7420
-1687,3476,7420
-1687,3476,7420
-1687,3476,7420
-1687,3476,7420
-1755,3491,7404
-1755,3491,7404
-1755,3491,7404
-1755,3491,7404
-1755,3491,7404
-1755,3491,7404
-1755,3491,7404
-1755,3491,7404
-1755,3491,7404
-1721,3574,7412
-1721,3574,7412
-1721,3574,7412
-1721,3574,7412
-1721,3574,7412
-1721,3574,7412
-1721,3574,7412
-1721,3574,7412
-1721,3574,7412
-1713,3598,7346
-1713,3598,7346
-1713,3598,7346
-1713,3598,7346
-1713,3598,7346
-1713,3598,7346
-1713,3598,7346
-1713,3598,7346
-1713,3598,7346
-1726,3633,7367
-1726,3633,7367
-1726,3633,7367
-1726,3633,7367
-1726,3633,7367
-1726,3633,7367
-1726,3633,7367
-1726,3633,7367
-1726,3633,7367
-1726,3633,7367
-1681,3651,7406
-1681,3651,7406
-1681,3651,7406
-1681,3651,7406
-1681,3651,7406
-1681,3651,7406
-1681,3651,7406
-1681,3651,7406
-1681,3651,7370
-1667,3645,7370
-1667,3645,7370
-1667,3645,7370
-1667,3645,7370
-1667,3645,7370
-1667,3645,7370
-1667,3645,7370
-1667,3645,7370
-1667,3645,7370
-1714,3692,7317
-1714,3692,7317
-1714,3692,7317
-1609,3657,7378
-1609,3657,7378
-1609,3657,7378
-1609,3657,7378
-1609,3657,7378
-1609,3657,7378
-1609,3657,7378
-1609,3657,7378
-1609,3657,7378
-1590,3638,7595
-1590,3638,7595
-1590,3638,7595
-1590,3638,7595
-1590,3638,7595
-1590,3638,7595
-1590,3638,7595
-1590,3638,7595
-1590,3638,7595
-1590,3581,7760
-1450,3581,7760
-1450,3581,7760
-1450,3581,7760
-1450,3581,7760
-1450,3581,7760
-1450,3581,7760
-1450,3581,7760
-1450,3581,7760
-1450,3581,7760
-1344,3602,8003
-1344,3602,8003
-1344,3602,8003
-1344,3602,8003
-1344,3602,8003
-1344,3602,8003
-1344,3602,8003
-1344,3602,8003
-1344,3602,8003
-1109,3564,8371
-1109,3564,8371
-1109,3564,8371
-1109,3564,8371
-1109,3564,8371
-1109,3564,8371
-1109,3564,8371
-1109,3564,8371
-1109,3564,8371
-718,3539,8729
-718,3539,8729
-718,3539,8729
-718,3539,8729
-718,3539,8729
-718,3539,8729
-718,3539,8729
-718,3539,8729
-718,3539,8729
-169,3521,9149
-169,3521,9149
-169,3521,9149
-169,3521,9149
-169,3521,9149
-169,3521,9149
-169,3521,9149
-169,3521,9149
-169,3521,9149
422,3516,9438
422,3516,9438
422,3516,9438
422,3516,9438
422,3516,9438
422,3516,9438
422,3516,9438
422,3516,9438
1151,3497,9653
1151,3497,9653
1151,3497,9653
1151,3497,9653
1151,3497,9653
1151,3497,9653
1151,3497,9653
1151,3497,9653
1151,3497,9653
1704,3540,9649
1704,3540,9649
1704,3540,9649
1704,3540,9649
1704,3540,9649
1704,3540,9649
1704,3540,9649
1704,3540,9649
1704,3540,9649
1704,3540,9649
2324,3576,9563
2324,3576,9563
2324,3576,9563
2324,3576,9563
2324,3576,9563
2324,3576,9563
2324,3576,9563
2324,3576,9563
2324,3576,9563
2926,3556,9386
2926,3556,9386
2926,3556,9386
2926,3556,9386
2926,3556,9386
2926,3556,9386
2926,3556,9386
2926,3556,9386
2926,3556,9386
2926,3556,9386
3534,3586,9064
3534,3586,9064
3534,3586,9064
3534,3586,9064
3534,3586,9064
3534,3586,9064
3534,3586,9064
3534,3586,9064
3534,3586,9064
3965,3626,8746
3965,3626,8746
3965,3626,8746
3965,3626,8746
3965,3626,8746
3965,3626,8746
3965,3626,8746
3965,3626,8746
3965,3626,8746
4210,3682,8536
4210,3682,8536
4210,3682,8536
4210,3682,8536
4210,3682,8536
4210,3682,8536
4210,3682,8536
4210,3682,8536
4210,3682,8536
4431,3760,8262
4431,3760,8262
4431,3760,8262
4431,3760,8262
4431,3760,8262
4431,3760,8262
4431,3760,8262
4431,3760,8262
4431,3760,8262
4666,3819,7797
4666,3819,7797
4666,3819,7797
4666,3819,7797
4666,3819,7797
4666,3819,7797
4666,3819,7797
4666,3819,7797
4666,3819,7797
4878,3894,7358
4878,3894,7358
4878,3894,7358
4878,3894,7358
4878,3894,7358
4878,3894,7358
4878,3894,7358
4878,3894,7358
4878,3894,7358
4936,3896,7064
4936,3896,7064
4936,3896,7064
4936,3896,7064
4936,3896,7064
4936,3896,7064
4936,3896,7064
4936,3896,7064
4936,3896,7064
5017,3905,6765
5017,3905,6765
5017,3905,6765
5017,3905,6765
5017,3905,6765
5017,3905,6765
5017,3905,6765
5017,3905,6765
5017,3905,6765
5057,3911,6555
5057,3911,6555
5057,3911,6555
5057,3911,6555
5057,3911,6555
5057,3911,6555
5057,3911,6555
5057,3911,6555
5057,3911,6555
5035,3872,6280
5035,3872,6280
5035,3872,6280
5035,3872,6280
5035,3872,6280
5035,3872,6280
5035,3872,6280
5035,3872,6280
5035,3872,6280
5052,3908,6112
5052,3908,6112
5052,3908,6112
5052,3908,6112
5052,3908,6112
5052,3908,6112
5052,3908,6112
5052,3908,6112
5052,3908,6112
5052,3908,6112
5007,3937,5899
5007,3937,5899
5007,3937,5899
5007,3937,5899
5007,3937,5899
5007,3937,5899
5007,3937,5899
5007,3937,5899
5007,3937,5899
5002,4001,5929
5002,4001,5929
5002,4001,5929
5002,4001,5929
5002,4001,5929
5002,4001,5929
5002,4001,5929
5002,4001,5929
5002,4001,5929
5046,3957,6197
5046,3957,6197
5046,3957,6197
5046,3957,6197
5046,3957,6197
5046,3957,6197
5046,3957,6197
5046,3957,6197
5046,3957,6197
5000,3955,6674
5000,3955,6674
5000,3955,6674
5000,3955,6674
5000,3955,6674
5000,3955,6674
5000,3955,6674
5000,3955,6674
5000,3955,6674
4933,3930,7193
4933,3930,7193
4933,3930,7193
4933,3930,7193
4933,3930,7193
4933,3930,7193
4933,3930,7193
4776,3935,7670
4776,3935,7670
4776,3935,7670
4776,3935,7670
4776,3935,7670
4776,3935,7670
4503,3890,8154
4503,3890,8154
4503,3890,8154
4503,3890,8154
4503,3890,8154
4503,3890,8154
4503,3890,8154
4503,3890,8154
4503,3890,8154
4118,3817,8662
4118,3817,8662
4118,3817,8662
4118,3817,8662
4118,3817,8662
4118,3817,8662
4118,3817,8662
4118,3817,8662
4118,3817,8662
3754,3861,8875
3754,3861,8875
3754,3861,8875
3754,3861,8875
3754,3861,8875
3754,3861,8875
3754,3861,8875
3754,3861,8875
3754,3861,8875
3257,3855,9235
3257,3855,9235
3257,3855,9235
3257,3855,9235
3257,3855,9235
3257,3855,9235
3257,3855,9235
3257,3855,9235
3257,3855,9235
2688,3825,9463
2688,3825,9463
2688,3825,9463
2688,3825,9463
2688,3825,9463
2688,3825,9463
2688,3825,9463
2688,3825,9463
2688,3825,9463
2182,3785,9539
2182,3785,9539
2182,3785,9539
2182,3785,9539
2182,3785,9539
2182,3785,9539
2182,3785,9539
2182,3785,9539
2182,3785,9539
1627,3713,9589
1627,3713,9589
1627,3713,9589
1627,3713,9589
1627,3713,9589
1627,3713,9589
1627,3713,9589
1627,3713,9589
1627,3713,9589
1627,3713,9589
1199,3693,9554
1199,3693,9554
1199,3693,9554
1199,3693,9554
1199,3693,9554
1199,3693,9554
1199,3693,9554
1199,3693,9554
1199,3693,9554
895,3633,9510
895,3633,9510
895,3633,9510
895,3633,9510
895,3633,9510
895,3633,9510
895,3633,9510
895,3633,9510
895,3633,9510
397,3657,9401
397,3657,9401
397,3657,9401
397,3657,9401
397,3657,9401
397,3657,9401
397,3657,9401
397,3657,9401
397,3657,9401
40,3708,9186
40,3708,9186
40,3708,9186
40,3708,9186
40,3708,9186
40,3708,9186
40,3708,9186
40,3708,9186
40,3708,9186
-342,3679,9024
-342,3679,9024
-342,3679,9024
-342,3679,9024
-342,3679,9024
-342,3679,9024
-342,3679,9024
-342,3679,9024
-342,3679,9024
-629,3696,8771
-629,3696,8771
-629,3696,8771
-629,3696,8771
-629,3696,8771
-629,3696,8771
-629,3696,8771
-629,3696,8771
-629,3696,8771
-769,3719,8649
-769,3719,8649
-769,3719,8649
-769,3719,8649
-769,3719,8649
-769,3719,8649
-769,3719,8649
-769,3719,8649
-769,3719,8649
-994,3775,8428
-994,3775,8428
-994,3775,8428
-994,3775,8428
-994,3775,8428
-994,3775,8428
-994,3775,8428
-994,3775,8428
-994,3775,8428
-1222,3792,8045
-1222,3792,8045
-1222,3792,8045
-1222,3792,8045
-1222,3792,8045
-1222,3792,8045
-1222,3792,8045
-1222,3792,8045
-1222,3792,8045
-1447,3797,7713
-1447,3797,7713
-1447,3797,7713
-1447,3797,7713
-1447,3797,7713
-1447,3797,7713
-1447,3797,7713
-1447,3797,7713
-1447,3797,7713
-1447,3797,7713
-1580,3891,7469
-1580,3891,7469
-1580,3891,7469
-1580,3891,7469
-1580,3891,7469
-1580,3891,7469
-1580,3891,7469
-1580,3891,7469
-1573,3941,7390
-1573,3941,7390
-1573,3941,7390
-1573,3941,7390
-1573,3941,7390
-1573,3941,7390
-1573,3941,7390
-1573,3941,7390
-1573,3941,7390
-1573,3941,7390
-1613,4034,7291
-1613,4034,7291
-1613,4034,7291
-1613,4034,7291
-1613,4034,7291
-1613,4034,7291
-1613,4034,7291
-1613,4034,7291
-1613,4034,7291
-1556,4084,7282
-1556,4084,7282
-1556,4084,7282
-1556,4084,7282
-1556,4084,7282
-1556,4084,7282
-1556,4084,7282
-1556,4084,7282
-1556,4084,7282
-1570,4135,7181
-1570,4135,7181
-1570,4135,7181
-1570,4135,7181
-1570,4135,7181
-1570,4135,7181
-1570,4135,7181
-1570,4135,7181
-1570,4135,7181
-1637,4196,7028
-1637,4196,7028
-1637,4196,7028
-1637,4196,7028
-1637,4196,7028
-1637,4196,7028
-1637,4196,7028
-1637,4196,7028
-1637,4196,7028
-1661,4123,7000
-1661,4123,7000
-1661,4123,7000
-1661,4123,7000
-1661,4123,7000
-1661,4123,7000
-1661,4123,7000
-1661,4123,7000
-1661,4123,7000
-1673,4113,7046
-1673,4113,7046
-1673,4113,7046
-1673,4113,7046
-1673,4113,7046
-1673,4113,7046
-1673,4113,7046
-1673,4113,7046
-1673,4113,7046
-1673,4113,7046
-1604,4076,7328
-1604,4076,7328
-1604,4076,7328
-1604,4076,7328
-1604,4076,7328
-1604,4076,7328
-1604,4076,7328
-1604,4076,7328
-1604,4076,7328
-1469,4029,7642
-1469,4029,7642
-1469,4029,7642
-1469,4029,7642
-1469,4029,7642
-1469,4029,7642
-1469,4029,7642
-1469,4029,7642
-1287,3977,8024
-1287,3977,8024
-1287,3977,8024
-1287,3977,8024
-1287,3977,8024
-952,3912,8541
-952,3912,8541
-952,3912,8541
-952,3912,8541
-952,3912,8541
-952,3912,8541
-952,3912,8541
-952,3912,8541
-952,3912,8541
-429,3901,8929
-429,3901,8929
-429,3901,8929
-429,3901,8929
-429,3901,8929
-429,3901,8929
-429,3901,8929
-429,3901,8929
59,3889,9193
59,3889,9193
59,3889,9193
59,3889,9193
59,3889,9193
59,3889,9193
59,3889,9193
59,3889,9193
59,3889,9193
406,3905,9391
406,3905,9391
406,3905,9391
406,3905,9391
406,3905,9391
406,3905,9391
406,3905,9391
406,3905,9391
406,3905,9391
406,3905,9391
1006,3897,9478
1006,3897,9478
1006,3897,9478
1006,3897,9478
1006,3897,9478
1006,3897,9478
1006,3897,9478
1006,3897,9478
1006,3897,9478
1533,3930,9562
1533,3930,9562
1533,3930,9562
1533,3930,9562
1533,3930,9562
1533,3930,9562
1533,3930,9562
1533,3930,9562
1533,3930,9562
1976,3902,9548
1976,3902,9548
1976,3902,9548
1976,3902,9548
1976,3902,9548
1976,3902,9548
1976,3902,9548
1976,3902,9548
1976,3902,9548
2447,3899,9511
2447,3899,9511
2447,3899,9511
2447,3899,9511
2447,3899,9511
2447,3899,9511
2447,3899,9511
2447,3899,9511
2447,3899,9511
2844,3934,9387
2844,3934,9387
2844,3934,9387
2844,3934,9387
2844,3934,9387
2844,3934,9387
2844,3934,9387
2844,3934,9387
2844,3934,9387
3268,3988,9208
3268,3988,9208
3268,3988,9208
3268,3988,9208
3268,3988,9208
3268,3988,9208
3268,3988,9208
3268,3988,9208
3268,3988,9208
3614,4071,8924
3614,4071,8924
3614,4071,8924
3614,4071,8924
3614,4071,8924
3614,4071,8924
3614,4071,8924
3614,4071,8924
3614,4071,8924
3614,4071,8924
3977,4139,8634
3977,4139,8634
3977,4139,8634
3977,4139,8634
3977,4139,8634
3977,4139,8634
3977,4139,8634
3977,4139,8634
3977,4139,8634
4260,4187,8291
4260,4187,8291
4260,4187,8291
4260,4187,8291
4260,4187,8291
4260,4187,8291
4260,4187,8291
4260,4187,8291
4599,4225,7852
4599,4225,7852
4599,4225,7852
4599,4225,7852
4599,4225,7852
4599,4225,7852
4599,4225,7852
4599,4225,7852
4599,4225,7852
4759,4236,7426
4759,4236,7426
4759,4236,7426
4759,4236,7426
4759,4236,7426
4759,4236,7426
4759,4236,7426
4759,4236,7426
4759,4236,7426
4863,4231,7184
4863,4231,7184
4863,4231,7184
4863,4231,7184
4863,4231,7184
4863,4231,7184
4863,4231,7184
4863,4231,7184
4863,4231,7184
4904,4233,6985
4904,4233,6985
4904,4233,6985
4904,4233,6985
4904,4233,6985
4904,4233,6985
4904,4233,6985
4904,4233,6985
4904,4233,6985
4904,4233,6985
4934,4264,6811
4934,4264,6811
4934,4264,6811
4934,4264,6811
4934,4264,6811
4934,4264,6811
4934,4264,6811
4934,4264,6811
4934,4264,6811
4922,4246,6735
4922,4246,6735
4922,4246,6735
4922,4246,6735
4922,4246,6735
4922,4246,6735
4922,4246,6735
4922,4246,6735
4922,4246,6735
4898,4235,6817
4898,4235,6817
4898,4235,6817
4898,4235,6817
4898,4235,6817
4898,4235,6817
4898,4235,6817
4898,4235,6817
4898,4235,6817
4898,4235,6817
4896,4209,7085
4896,4209,7085
4896,4209,7085
4896,4209,7085
4896,4209,7085
4896,4209,7085
4896,4209,7085
4896,4209,7085
4896,4209,7085
4779,4164,7532
4779,4164,7532
4779,4164,7532
4779,4164,7532
4779,4164,7532
4779,4164,7532
4779,4164,7532
4779,4164,7532
4779,4164,7532
4454,4092,8116
4454,4092,8116
4454,4092,8116
4454,4092,8116
4454,4092,8116
4454,4092,8116
4454,4092,8116
4454,4092,8116
4040,4081,8691
4040,4081,8691
4040,4081,8691
4040,4081,8691
4040,4081,8691
4040,4081,8691
4040,4081,8691
4040,4081,8691
4040,4081,8691
4040,4081,8945
3663,4086,8945
3663,4086,8945
3663,4086,8945
3663,4086,8945
3663,4086,8945
3663,4086,8945
3663,4086,8945
3663,4086,8945
3663,4086,8945
3201,4105,9223
3201,4105,9223
3201,4105,9223
3201,4105,9223
3201,4105,9223
3201,4105,9223
3201,4105,9223
3201,4105,9223
3201,4105,9223
2669,4091,9353
2669,4091,9353
2669,4091,9353
2669,4091,9353
2669,4091,9353
2669,4091,9353
2669,4091,9353
2669,4091,9353
2669,4091,9353
2136,4124,9513
2136,4124,9513
2136,4124,9513
2136,4124,9513
2136,4124,9513
2136,4124,9513
2136,4124,9513
1636,4094,9522
1636,4094,9522
1636,4094,9522
1636,4094,9522
1636,4094,9522
1636,4094,9522
1636,4094,9522
1142,4073,9452
1142,4073,9452
1142,4073,9452
1142,4073,9452
1142,4073,9452
1142,4073,9452
1142,4073,9452
1142,4073,9452
1142,4073,9452
667,4054,9415
667,4054,9415
667,4054,9415
667,4054,9415
667,4054,9415
667,4054,9415
667,4054,9415
667,4054,9415
667,4054,9415
298,4014,9259
298,4014,9259
298,4014,9259
298,4014,9259
298,4014,9259
298,4014,9259
298,4014,9259
298,4014,9259
298,4014,9259
-140,4055,9092
-140,4055,9092
-140,4055,9092
-140,4055,9092
-140,4055,9092
-140,4055,9092
-140,4055,9092
-140,4055,9092
-140,4055,9092
-500,4046,8814
-500,4046,8814
-500,4046,8814
-500,4046,8814
-500,4046,8814
-500,4046,8814
-500,4046,8814
-500,4046,8814
-500,4046,8814
-780,4051,8649
-780,4051,8649
-780,4051,8649
-780,4051,8649
-780,4051,8649
-780,4051,8649
-780,4051,8649
-780,4051,8649
-780,4051,8649
-952,4077,8429
-952,4077,8429
-952,4077,8429
-952,4077,8429
-952,4077,8429
-952,4077,8429
-952,4077,8429
-952,4077,8429
-952,4077,8429
-1159,4082,8110
-1159,4082,8110
-1159,4082,8110
-1159,4082,8110
-1159,4082,8110
-1159,4082,8110
-1159,4082,8110
-1159,4082,8110
-1159,4082,8110
-1434,4086,7672
-1434,4086,7672
-1434,4086,7672
-1434,4086,7672
-1434,4086,7672
-1434,4086,7672
-1434,4086,7672
-1434,4086,7672
-1434,4086,7672
-1434,4086,7672
-1596,4151,7206
-1596,4151,7206
-1596,4151,7206
-1596,4151,7206
-1596,4151,7206
-1596,4151,7206
-1596,4151,7206
-1596,4151,7206
-1596,4151,7206
-1670,4153,6995
-1670,4153,6995
-1670,4153,6995
-1670,4153,6995
-1670,4153,6995
-1670,4153,6995
-1670,4153,6995
-1670,4153,6995
-1670,4153,6995
-1681,4132,6875
-1681,4132,6875
-1681,4132,6875
-1681,4132,6875
-1681,4132,6875
-1681,4132,6875
-1681,4132,6875
-1681,4132,6875
-1681,4132,6875
-1719,4164,6788
-1719,4164,6788
-1719,4164,6788
-1719,4164,6788
-1719,4164,6788
-1719,4164,6788
-1719,4164,6788
-1719,4164,6788
-1719,4164,6788
-1719,4164,6788
-1710,4204,6708
-1710,4204,6708
-1710,4204,6708
-1710,4204,6708
-1710,4204,6708
-1710,4204,6708
-1710,4204,6708
-1710,4204,6708
-1754,4227,6512
-1754,4227,6512
-1754,4227,6512
-1754,4227,6512
-1754,4227,6512
-1754,4227,6512
-1754,4227,6512
-1754,4227,6512
-1754,4227,6512
-1737,4201,6495
-1737,4201,6495
-1737,4201,6495
-1737,4201,6495
-1737,4201,6495
-1737,4201,6495
-1737,4201,6495
-1737,4201,6495
-1737,4201,6495
-1772,4263,6350
-1772,4263,6350
-1772,4263,6350
-1772,4263,6350
-1772,4263,6350
-1772,4263,6350
-1772,4263,6350
-1772,4263,6350
-1772,4263,6350
-1788,4296,6190
-1788,4296,6190
-1788,4296,6190
-1788,4296,6190
-1788,4296,6190
-1788,4296,6190
-1788,4296,6190
-1788,4296,6190
-1788,4296,6190
-1755,4270,6115
-1755,4270,6115
-1755,4270,6115
-1755,4270,6115
-1755,4270,6115
-1755,4270,6115
-1755,4270,6115
-1755,4270,6115
-1755,4270,6115
-1757,4267,6109
-1757,4267,6109
-1757,4267,6109
-1757,4267,6109
-1757,4267,6109
-1757,4267,6109
-1757,4267,6109
-1757,4267,6109
-1757,4267,6109
-1650,4334,5978
-1650,4334,5978
-1650,4334,5978
-1650,4334,5978
-1650,4334,5978
-1650,4334,5978
-1650,4334,5978
-1650,4334,5978
-1650,4334,5978
-1650,4334,5978
-1712,4310,5974
-1712,4310,5974
-1712,4310,5974
-1712,4310,5974
-1712,4310,5974
-1712,4310,5974
-1712,4310,5974
-1712,4310,5974
-1712,4310,5974
-1751,4296,6090
-1751,4296,6090
-1751,4296,6090
-1751,4296,6090
-1751,4296,6090
-1751,4296,6090
-1751,4296,6090
-1751,4296,6090
-1751,4296,6090
-1778,4231,6435
-1778,4231,6435
-1778,4231,6435
-1778,4231,6435
-1778,4231,6435
-1778,4231,6435
-1778,4231,6435
-1778,4231,6435
-1778,4231,6435
-1724,4166,6882
-1724,4166,6882
-1724,4166,6882
-1724,4166,6882
-1724,4166,6882
-1724,4166,6882
-1724,4166,6882
-1724,4166,6882
-1724,4166,6882
-1518,4130,7498
-1518,4130,7498
-1518,4130,7498
-1518,4130,7498
-1518,4130,7498
-1518,4130,7498
-1518,4130,7498
-1518,4130,7498
-1518,4130,7498
-1248,4055,8123
-1248,4055,8123
-1248,4055,8123
-1248,4055,8123
-733,3922,8674
-733,3922,8674
-733,3922,8674
-733,3922,8674
-733,3922,8674
-733,3922,8674
-733,3922,8674
-733,3922,8674
-733,3922,8674
-301,3869,9041
-301,3869,9041
-301,3869,9041
-301,3869,9041
-301,3869,9041
-301,3869,9041
-301,3869,9041
-301,3869,9041
-301,3869,9041
237,3787,9311
237,3787,9311
237,3787,9311
237,3787,9311
237,3787,9311
237,3787,9311
237,3787,9311
237,3787,9311
237,3787,9311
237,3787,9311
703,3768,9451
703,3768,9451
703,3768,9451
703,3768,9451
703,3768,9451
703,3768,9451
703,3768,9451
703,3768,9451
703,3768,9451
1281,3801,9594
1281,3801,9594
1281,3801,9594
1281,3801,9594
1281,3801,9594
1281,3801,9594
1281,3801,9594
1281,3801,9594
1281,3801,9594
1832,3821,9609
1832,3821,9609
1832,3821,9609
1832,3821,9609
1832,3821,9609
1832,3821,9609
1832,3821,9609
1832,3821,9609
1832,3821,9609
2451,3862,9492
2451,3862,9492
2451,3862,9492
2451,3862,9492
2451,3862,9492
2451,3862,9492
2451,3862,9492
2451,3862,9492
2854,3884,9383
2854,3884,9383
2854,3884,9383
2854,3884,9383
2854,3884,9383
2854,3884,9383
2854,3884,9383
2854,3884,9383
2854,3884,9383
2854,3884,9383
3302,3929,9158
3302,3929,9158
3302,3929,9158
3302,3929,9158
3302,3929,9158
3302,3929,9158
3302,3929,9158
3302,3929,9158
3302,3929,9158
3774,3970,8891
3774,3970,8891
3774,3970,8891
3774,3970,8891
3774,3970,8891
3774,3970,8891
3774,3970,8891
3774,3970,8891
3774,3970,8891
4163,4018,8472
4163,4018,8472
4163,4018,8472
4163,4018,8472
4163,4018,8472
4163,4018,8472
4163,4018,8472
4163,4018,8472
4163,4018,8472
4549,4084,7987
4549,4084,7987
4549,4084,7987
4549,4084,7987
4549,4084,7987
4549,4084,7987
4549,4084,7987
4549,4084,7987
4549,4084,7987
4826,4089,7444
4826,4089,7444
4826,4089,7444
4826,4089,7444
4826,4089,7444
4826,4089,7444
4826,4089,7444
4826,4089,7444
4826,4089,7444
4882,4190,7141
4882,4190,7141
4882,4190,7141
4882,4190,7141
4882,4190,7141
4882,4190,7141
4882,4190,7141
4882,4190,7141
4882,4190,7141
4906,4285,6951
4906,4285,6951
4906,4285,6951
4906,4285,6951
4906,4285,6951
4906,4285,6951
4906,4285,6951
4906,4285,6951
4906,4285,6951
4906,4285,6951
4909,4293,6849
4909,4293,6849
4909,4293,6849
4909,4293,6849
4909,4293,6849
4909,4293,6849
4909,4293,6849
4909,4293,6849
4909,4293,6849
4867,4291,7004
4867,4291,7004
4867,4291,7004
4867,4291,7004
4867,4291,7004
4867,4291,7004
4867,4291,7004
4867,4291,7004
4867,4291,7004
4815,4241,7301
4815,4241,7301
4815,4241,7301
4815,4241,7301
4815,4241,7301
4815,4241,7301
4815,4241,7301
4815,4241,7301
4815,4241,7301
4629,4187,7743
4629,4187,7743
4629,4187,7743
4629,4187,7743
4629,4187,7743
4629,4187,7743
4629,4187,7743
4629,4187,7743
4629,4187,7743
4351,4135,8244
4351,4135,8244
4351,4135,8244
4351,4135,8244
4351,4135,8244
4351,4135,8244
4351,4135,8244
4351,4135,8244
4351,4135,8244
3841,4016,8898
3841,4016,8898
3841,4016,8898
3841,4016,8898
3841,4016,8898
3841,4016,8898
3841,4016,8898
3841,4016,8898
3841,4016,8898
2994,3942,9338
2994,3942,9338
2994,3942,9338
2994,3942,9338
2994,3942,9338
2994,3942,9338
2994,3942,9338
2994,3942,9338
2994,3942,9338
2105,3869,9568
2105,3869,9568
2105,3869,9568
2105,3869,9568
2105,3869,9568
2105,3869,9568
2105,3869,9568
2105,3869,9568
2105,3869,9568
1327,3872,9565
1327,3872,9565
1327,3872,9565
1327,3872,9565
1327,3872,9565
1327,3872,9565
1327,3872,9565
1327,3872,9565
1327,3872,9565
1327,3872,9565
721,3869,9470
721,3869,9470
721,3869,9470
721,3869,9470
721,3869,9470
721,3869,9470
721,3869,9470
721,3869,9470
172,3866,9242
172,3866,9242
172,3866,9242
172,3866,9242
172,3866,9242
172,3866,9242
172,3866,9242
172,3866,9242
172,3866,9242
172,3866,9242
-387,3887,8987
-387,3887,8987
-387,3887,8987
-387,3887,8987
-387,3887,8987
-387,3887,8987
-387,3887,8987
-387,3887,8987
-387,3887,8987
-387,3887,8987
-925,3911,8448
-925,3911,8448
-925,3911,8448
-925,3911,8448
-925,3911,8448
-925,3911,8448
-925,3911,8448
-925,3911,8448
-1238,3978,8063
-1238,3978,8063
-1238,3978,8063
-1238,3978,8063
-1397,3959,7796
-1397,3959,7796
-1397,3959,7796
-1397,3959,7796
-1397,3959,7796
-1397,3959,7796
-1397,3959,7796
-1397,3959,7796
-1397,3959,7796
-1541,3988,7526
-1541,3988,7526
-1541,3988,7526
-1541,3988,7526
-1541,3988,7526
-1541,3988,7526
-1541,3988,7526
-1541,3988,7526
-1541,3988,7526
-1541,3994,7309
-1641,3994,7309
-1641,3994,7309
-1641,3994,7309
-1641,3994,7309
-1641,3994,7309
-1641,3994,7309
-1641,3994,7309
-1641,3994,7309
-1753,4073,6988
-1753,4073,6988
-1753,4073,6988
-1753,4073,6988
-1753,4073,6988
-1753,4073,6988
-1753,4073,6988
-1753,4073,6988
-1753,4073,6988
-1753,4073,6988
-1740,4110,6604
-1740,4110,6604
-1740,4110,6604
-1740,4110,6604
-1740,4110,6604
-1740,4110,6604
-1740,4110,6604
-1740,4110,6604
-1740,4110,6604
-1756,4188,6459
-1756,4188,6459
-1756,4188,6459
-1756,4188,6459
-1756,4188,6459
-1756,4188,6459
-1756,4188,6459
-1756,4188,6459
-1756,4188,6459
-1768,4158,6424
-1768,4158,6424
-1768,4158,6424
-1768,4158,6424
-1768,4158,6424
-1768,4158,6424
-1768,4158,6424
-1768,4158,6424
-1768,4158,6424
-1766,4175,6428
-1766,4175,6428
-1766,4175,6428
-1766,4175,6428
-1766,4175,6428
-1766,4175,6428
-1766,4175,6428
-1766,4175,6428
-1766,4175,6428
-1775,4165,6309
-1775,4165,6309
-1775,4165,6309
-1775,4165,6309
-1775,4165,6309
-1775,4165,6309
-1775,4165,6309
-1775,4165,6309
-1759,4149,6197
-1759,4149,6197
-1759,4149,6197
-1759,4149,6197
-1759,4149,6197
-1759,4149,6197
-1759,4149,6197
-1759,4149,6197
-1759,4149,6197
-1759,4149,6197
-1797,4114,6083
-1797,4114,6083
-1797,4114,6083
-1797,4114,6083
-1797,4114,6083
-1797,4114,6083
-1797,4114,6083
-1797,4114,6083
-1797,4114,6083
-1778,4087,5978
-1778,4087,5978
-1778,4087,5978
-1778,4087,5978
-1778,4087,5978
-1778,4087,5978
-1778,4087,5978
-1778,4087,5978
-1778,4087,5978
-1778,4087,5978
-1828,4088,5877
-1828,4088,5877
-1828,4088,5877
-1828,4088,5877
-1828,4088,5877
-1828,4088,5877
-1828,4088,5877
-1828,4088,5877
-1828,4088,5877
-1843,4007,5866
-1843,4007,5866
-1843,4007,5866
-1843,4007,5866
-1843,4007,5866
-1843,4007,5866
-1843,4007,5866
-1843,4007,5866
-1843,4007,5866
-1857,4015,6080
-1857,4015,6080
-1857,4015,6080
-1857,4015,6080
-1857,4015,6080
-1857,4015,6080
-1857,4015,6080
-1857,4015,6080
-1857,4015,6080
-1879,3944,6397
-1879,3944,6397
-1879,3944,6397
-1879,3944,6397
-1879,3944,6397
-1879,3944,6397
-1879,3944,6397
-1879,3944,6397
-1879,3944,6397
-1824,3883,6745
-1824,3883,6745
-1824,3883,6745
-1824,3883,6745
-1824,3883,6745
-1824,3883,6745
-1824,3883,6745
-1824,3883,6745
-1824,3883,6745
-1761,3839,7170
-1761,3839,7170
-1761,3839,7170
-1761,3839,7170
-1761,3839,7170
-1761,3839,7170
-1761,3839,7170
-1761,3839,7170
-1761,3839,7170
-1620,3815,7531
-1620,3815,7531
-1620,3815,7531
-1620,3815,7531
-1620,3815,7531
-1620,3815,7531
-1620,3815,7531
-1620,3815,7531
-1476,3742,7890
-1476,3742,7890
-1476,3742,7890
-1476,3742,7890
-1476,3742,7890
-1476,3742,7890
-1476,3742,7890
-1476,3742,7890
-1476,3742,7890
-1319,3635,8186
-1319,3635,8186
-1319,3635,8186
-1319,3635,8186
-1319,3635,8186
-1319,3635,8186
-1319,3635,8186
-1319,3635,8186
-1319,3635,8186
-1094,3616,8471
-1094,3616,8471
-1094,3616,8471
-1094,3616,8471
-1094,3616,8471
-1094,3616,8471
-1094,3616,8471
-1094,3616,8471
-1094,3616,8471
-818,3557,8719
-818,3557,8719
-818,3557,8719
-818,3557,8719
-818,3557,8719
-818,3557,8719
-818,3557,8719
-818,3557,8719
-818,3557,8719
-818,3557,8719
-567,3569,8904
-567,3569,8904
-567,3569,8904
-567,3569,8904
-567,3569,8904
-567,3569,8904
-567,3569,8904
-567,3569,8904
-567,3569,8904
-250,3531,9154
-250,3531,9154
-250,3531,9154
-250,3531,9154
-250,3531,9154
-250,3531,9154
-250,3531,9154
-250,3531,9154
-250,3531,9154
175,3502,9355
175,3502,9355
175,3502,9355
175,3502,9355
175,3502,9355
175,3502,9355
175,3502,9355
175,3502,9355
175,3502,9355
175,3502,9355
689,3512,9524
689,3512,9524
689,3512,9524
689,3512,9524
689,3512,9524
689,3512,9524
1268,3549,9606
1268,3549,9606
1268,3549,9606
1268,3549,9606
1268,3549,9606
1268,3549,9606
1268,3549,9606
1816,3609,9628
1816,3609,9628
1816,3609,9628
1816,3609,9628
1816,3609,9628
1816,3609,9628
1816,3609,9628
1816,3609,9628
2380,3630,9551
2380,3630,9551
2380,3630,9551
2380,3630,9551
2380,3630,9551
2380,3630,9551
2380,3630,9551
2380,3630,9551
2380,3630,9551
2826,3677,9480
2826,3677,9480
2826,3677,9480
2826,3677,9480
2826,3677,9480
2826,3677,9480
2826,3677,9480
2826,3677,9480
2826,3677,9480
3375,3689,9213
3375,3689,9213
3375,3689,9213
3375,3689,9213
3375,3689,9213
3375,3689,9213
3375,3689,9213
3375,3689,9213
3375,3689,9213
3813,3699,8862
3813,3699,8862
3813,3699,8862
3813,3699,8862
3813,3699,8862
3813,3699,8862
3813,3699,8862
3813,3699,8862
3813,3699,8862
3813,3699,8862
4165,3775,8627
4165,3775,8627
4165,3775,8627
4165,3775,8627
4165,3775,8627
4165,3775,8627
4165,3775,8627
4165,3775,8627
4487,3839,8167
4487,3839,8167
4487,3839,8167
4487,3839,8167
4487,3839,8167
4487,3839,8167
4487,3839,8167
4487,3839,8167
4487,3839,8167
4487,3839,8167
4706,3902,7800
4706,3902,7800
4706,3902,7800
4706,3902,7800
4706,3902,7800
4706,3902,7800
4706,3902,7800
4706,3902,7800
4706,3902,7800
4706,3902,7800
4831,3972,7556
4831,3972,7556
4831,3972,7556
4831,3972,7556
4831,3972,7556
4831,3972,7556
4831,3972,7556
4831,3972,7556
4831,3972,7556
4816,3965,7574
4816,3965,7574
4816,3965,7574
4816,3965,7574
4816,3965,7574
4816,3965,7574
4816,3965,7574
4816,3965,7574
4816,3965,7574
4691,3903,7916
4691,3903,7916
4691,3903,7916
4691,3903,7916
4691,3903,7916
4691,3903,7916
4691,3903,7916
4691,3903,7916
4691,3903,7916
4434,3826,8329
4434,3826,8329
4434,3826,8329
4434,3826,8329
4434,3826,8329
4434,3826,8329
4434,3826,8329
4434,3826,8329
4434,3826,8329
3980,3777,8851
3980,3777,8851
3980,3777,8851
3980,3777,8851
3980,3777,8851
3980,3777,8851
3980,3777,8851
3980,3777,8851
3980,3777,8851
3404,3718,9204
3404,3718,9204
3404,3718,9204
3404,3718,9204
3404,3718,9204
3404,3718,9204
3404,3718,9204
3404,3718,9204
3404,3718,9204
2797,3664,9482
2797,3664,9482
2797,3664,9482
2797,3664,9482
2797,3664,9482
2797,3664,9482
2797,3664,9482
2797,3664,9482
2797,3664,9482
2155,3682,9620
2155,3682,9620
2155,3682,9620
2155,3682,9620
2155,3682,9620
2155,3682,9620
2155,3682,9620
2155,3682,9620
2155,3682,9620
1497,3715,9654
1497,3715,9654
1497,3715,9654
1497,3715,9654
1497,3715,9654
1497,3715,9654
1497,3715,9654
1497,3715,9654
1497,3715,9654
831,3705,9525
831,3705,9525
831,3705,9525
831,3705,9525
831,3705,9525
831,3705,9525
831,3705,9525
831,3705,9525
831,3705,9525
831,3674,9378
339,3674,9378
339,3674,9378
339,3674,9378
339,3674,9378
339,3674,9378
339,3674,9378
339,3674,9378
339,3674,9378
-176,3674,9137
-176,3674,9137
-176,3674,9137
-176,3674,9137
-176,3674,9137
-176,3674,9137
-176,3674,9137
-176,3674,9137
-176,3674,9137
-176,3674,9137
-578,3692,8914
-578,3692,8914
-578,3692,8914
-578,3692,8914
-578,3692,8914
-578,3692,8914
-578,3692,8914
-578,3692,8914
-578,3692,8914
-578,3692,8914
-943,3710,8593
-943,3710,8593
-943,3710,8593
-943,3710,8593
-943,3710,8593
-943,3710,8593
-943,3710,8593
-943,3710,8593
-1164,3689,8277
-1164,3689,8277
-1164,3689,8277
-1164,3689,8277
-1164,3689,8277
-1164,3689,8277
-1164,3689,8277
-1164,3689,8277
-1164,3689,8277
-1435,3701,7902
-1435,3701,7902
-1435,3701,7902
-1435,3701,7902
-1435,3701,7902
-1435,3701,7902
-1435,3701,7902
-1435,3701,7902
-1435,3701,7902
-1601,3714,7586
-1601,3714,7586
-1601,3714,7586
-1601,3714,7586
-1601,3714,7586
-1601,3714,7586
-1601,3714,7586
-1601,3714,7586
-1601,3714,7586
-1710,3707,7372
-1710,3707,7372
-1710,3707,7372
-1710,3707,7372
-1710,3707,7372
-1710,3707,7372
-1710,3707,7372
-1710,3707,7372
-1710,3707,7372
-1710,3807,7017
-1812,3807,7017
-1812,3807,7017
-1812,3807,7017
-1812,3807,7017
-1812,3807,7017
-1812,3807,7017
-1812,3807,7017
-1812,3807,7017
-1812,3807,7017
-1875,3882,6545
-1875,3882,6545
-1875,3882,6545
-1875,3882,6545
-1857,3906,6134
-1857,3906,6134
-1857,3906,6134
-1857,3906,6134
-1857,3906,6134
-1857,3906,6134
-1857,3906,6134
-1857,3906,6134
-1857,3906,6134
-1832,3997,5755
-1832,3997,5755
-1832,3997,5755
-1832,3997,5755
-1832,3997,5755
-1832,3997,5755
-1832,3997,5755
-1832,3997,5755
-1832,3997,5755
-1802,4022,5591
-1802,4022,5591
-1802,4022,5591
-1802,4022,5591
-1802,4022,5591
-1802,4022,5591
-1802,4022,5591
-1802,4022,5591
-1802,4022,5591
-1784,3982,5570
-1784,3982,5570
-1784,3982,5570
-1784,3982,5570
-1784,3982,5570
-1784,3982,5570
-1784,3982,5570
-1784,3982,5570
-1784,3982,5570
-1792,3978,5560
-1792,3978,5560
-1792,3978,5560
-1792,3978,5560
-1792,3978,5560
-1792,3978,5560
-1792,3978,5560
-1792,3978,5560
-1792,3978,5560
-1786,3957,5429
-1786,3957,5429
-1786,3957,5429
-1786,3957,5429
-1786,3957,5429
-1786,3957,5429
-1786,3957,5429
-1786,3957,5429
-1786,3957,5429
-1787,3851,5368
-1787,3851,5368
-1787,3851,5368
-1787,3851,5368
-1787,3851,5368
-1787,3851,5368
-1787,3851,5368
-1787,3851,5368
-1787,3851,5368
-1825,3716,5339
-1825,3716,5339
-1825,3716,5339
-1825,3716,5339
-1825,3716,5339
-1825,3716,5339
-1825,3716,5339
-1825,3716,5339
-1825,3716,5339
-1837,3626,5371
-1837,3626,5371
-1837,3626,5371
-1837,3626,5371
-1837,3626,5371
-1837,3626,5371
-1837,3626,5371
-1837,3626,5371
-1837,3626,5371
-1837,3626,5371
-1839,3563,5424
-1839,3563,5424
-1839,3563,5424
-1839,3563,5424
-1839,3563,5424
-1839,3563,5424
-1839,3563,5424
-1839,3563,5424
-1839,3563,5424
-1892,3544,5450
-1892,3544,5450
-1892,3544,5450
-1892,3544,5450
-1892,3544,5450
-1892,3544,5450
-1892,3544,5450
-1892,3544,5450
-1892,3544,5450
-1907,3557,5575
-1907,3557,5575
-1907,3557,5575
-1907,3557,5575
-1907,3557,5575
-1907,3557,5575
-1907,3557,5575
-1907,3557,5575
-1907,3557,5575
-1963,3502,5954
-1963,3502,5954
-1963,3502,5954
-1963,3502,5954
-1963,3502,5954
-1963,3502,5954
-1963,3502,5954
-1963,3502,5954
-1963,3502,5954
-1979,3456,6410
-1979,3456,6410
-1979,3456,6410
-1979,3456,6410
-1979,3456,6410
-1979,3456,6410
-1979,3456,6410
-1979,3456,6410
-1979,3456,6410
-1917,3409,6948
-1917,3409,6948
-1917,3409,6948
-1917,3409,6948
-1917,3409,6948
-1917,3409,6948
-1917,3409,6948
-1917,3409,6948
-1746,3369,7554
-1746,3369,7554
-1746,3369,7554
-1746,3369,7554
-1746,3369,7554
-1746,3369,7554
-1746,3369,7554
-1746,3369,7554
-1746,3369,7554
-1746,3369,7554
-1406,3282,8168
-1406,3282,8168
-1406,3282,8168
-1406,3282,8168
-1406,3282,8168
-1406,3282,8168
-1406,3282,8168
-1406,3282,8168
-1406,3282,8168
-1406,3282,8168
-1050,3185,8573
-1050,3185,8573
-1050,3185,8573
-1050,3185,8573
-1050,3185,8573
-1050,3185,8573
-1050,3185,8573
-1050,3185,8573
-1050,3185,8573
-593,3116,9022
-593,3116,9022
-593,3116,9022
-593,3116,9022
-593,3116,9022
-593,3116,9022
-593,3116,9022
-593,3116,9022
-593,3116,9022
-180,3068,9309
-180,3068,9309
-180,3068,9309
-180,3068,9309
-180,3068,9309
-180,3068,9309
-180,3068,9309
-180,3068,9309
-180,3068,9309
361,3028,9537
361,3028,9537
361,3028,9537
361,3028,9537
361,3028,9537
361,3028,9537
361,3028,9537
361,3028,9537
361,3028,9537
833,3078,9690
833,3078,9690
833,3078,9690
833,3078,9690
833,3078,9690
833,3078,9690
833,3078,9690
833,3078,9690
833,3078,9690
1377,3052,9741
1377,3052,9741
1377,3052,9741
1377,3052,9741
1377,3052,9741
1377,3052,9741
1377,3052,9741
1377,3052,9741
1377,3052,9741
1377,3052,9686
1995,3048,9686
1995,3048,9686
1995,3048,9686
1995,3048,9686
1995,3048,9686
1995,3048,9686
1995,3048,9686
1995,3048,9686
2545,3040,9668
2545,3040,9668
2545,3040,9668
2545,3040,9668
2545,3040,9668
2545,3040,9668
2545,3040,9668
2545,3040,9668
2545,3040,9668
3043,3048,9529
3043,3048,9529
3043,3048,9529
3043,3048,9529
3043,3048,9529
3043,3048,9529
3043,3048,9529
3043,3048,9529
3043,3048,9529
3559,3116,9252
3559,3116,9252
3559,3116,9252
3559,3116,9252
3559,3116,9252
3559,3116,9252
3559,3116,9252
3559,3116,9252
4056,3129,8923
4056,3129,8923
4056,3129,8923
4056,3129,8923
4056,3129,8923
4056,3129,8923
4441,3172,8464
4441,3172,8464
4441,3172,8464
4441,3172,8464
4441,3172,8464
4441,3172,8464
4441,3172,8464
4441,3172,8464
4441,3172,8464
4795,3233,8016
4795,3233,8016
4795,3233,8016
4795,3233,8016
4795,3233,8016
4795,3233,8016
4795,3233,8016
4795,3233,8016
4795,3233,8016
4943,3373,7681
4943,3373,7681
4943,3373,7681
4943,3373,7681
4943,3373,7681
4943,3373,7681
4943,3373,7681
4943,3373,7681
4943,3373,7681
5026,3487,7416
5026,3487,7416
5026,3487,7416
5026,3487,7416
5026,3487,7416
5026,3487,7416
5026,3487,7416
5026,3487,7416
5026,3487,7416
5036,3539,7373
5036,3539,7373
5036,3539,7373
5036,3539,7373
5036,3539,7373
5036,3539,7373
5036,3539,7373
5036,3539,7373
5036,3539,7373
5036,3539,7373
4962,3462,7581
4962,3462,7581
4962,3462,7581
4962,3462,7581
4962,3462,7581
4962,3462,7581
4962,3462,7581
4962,3462,7581
4802,3406,7926
4802,3406,7926
4802,3406,7926
4802,3406,7926
4802,3406,7926
4802,3406,7926
4802,3406,7926
4802,3406,7926
4802,3406,7926
4442,3348,8521
4442,3348,8521
4442,3348,8521
4442,3348,8521
4442,3348,8521
4442,3348,8521
4442,3348,8521
4442,3348,8521
4442,3348,8521
4442,3348,8521
3939,3338,8986
3939,3338,8986
3939,3338,8986
3939,3338,8986
3939,3338,8986
3939,3338,8986
3939,3338,8986
3939,3338,8986
3939,3338,8986
3402,3365,9342
3402,3365,9342
3402,3365,9342
3402,3365,9342
3402,3365,9342
3402,3365,9342
3402,3365,9342
3402,3365,9342
3402,3365,9342
2674,3439,9559
2674,3439,9559
2674,3439,9559
2674,3439,9559
2674,3439,9559
2674,3439,9559
2674,3439,9559
2674,3439,9559
2674,3439,9559
1691,3391,9686
1691,3391,9686
1691,3391,9686
1691,3391,9686
1691,3391,9686
1691,3391,9686
1691,3391,9686
1691,3391,9686
1691,3391,9686
942,3324,9645
942,3324,9645
942,3324,9645
942,3324,9645
942,3324,9645
942,3324,9645
942,3324,9645
942,3324,9645
942,3324,9645
348,3197,9503
348,3197,9503
348,3197,9503
348,3197,9503
348,3197,9503
348,3197,9503
348,3197,9503
348,3197,9503
348,3197,9503
-213,3140,9196
-213,3140,9196
-213,3140,9196
-213,3140,9196
-213,3140,9196
-213,3140,9196
-213,3140,9196
-213,3140,9196
-213,3140,9196
-213,3140,9196
-728,3100,8837
-728,3100,8837
-728,3100,8837
-728,3100,8837
-728,3100,8837
-728,3100,8837
-728,3100,8837
-728,3100,8837
-728,3100,8837
-1079,3117,8497
-1079,3117,8497
-1079,3117,8497
-1079,3117,8497
-1079,3117,8497
-1079,3117,8497
-1079,3117,8497
-1079,3117,8497
-1350,3112,8176
-1350,3112,8176
-1350,3112,8176
-1350,3112,8176
-1350,3112,8176
-1350,3112,8176
-1350,3112,8176
-1350,3112,8176
-1350,3112,8176
-1598,3159,7737
-1598,3159,7737
-1598,3159,7737
-1598,3159,7737
-1598,3159,7737
-1598,3159,7737
-1598,3159,7737
-1598,3159,7737
-1598,3159,7737
-1817,3126,7322
-1817,3126,7322
-1817,3126,7322
-1817,3126,7322
-1817,3126,7322
-1817,3126,7322
-1817,3126,7322
-1817,3126,7322
-1817,3126,7322
-1817,3126,7322
-1905,3152,6886
-1905,3152,6886
-1905,3152,6886
-1905,3152,6886
-1905,3152,6886
-1905,3152,6886
-1905,3152,6886
-1905,3152,6886
-1905,3152,6886
-1969,3190,6425
-1969,3190,6425
-1969,3190,6425
-1969,3190,6425
-1969,3190,6425
-1969,3190,6425
-1969,3190,6425
-1969,3190,6425
-1969,3190,6425
-1939,3278,5974
-1939,3278,5974
-1939,3278,5974
-1939,3278,5974
-1939,3278,5974
-1939,3278,5974
-1939,3278,5974
-1939,3278,5974
-1939,3278,5974
-1919,3327,5507
-1919,3327,5507
-1919,3327,5507
-1919,3327,5507
-1919,3327,5507
-1919,3327,5507
-1919,3327,5507
-1919,3327,5507
-1919,3327,5507
-1919,3327,5507
-1856,3368,5383
-1856,3368,5383
-1856,3368,5383
-1856,3368,5383
-1856,3368,5383
-1856,3368,5383
-1856,3368,5383
-1856,3368,5383
-1856,3368,5383
-1884,3369,5290
-1884,3369,5290
-1884,3369,5290
-1884,3369,5290
-1884,3369,5290
-1884,3369,5290
-1884,3369,5290
-1884,3369,5290
-1884,3369,5290
-1787,3354,5049
-1787,3354,5049
-1787,3354,5049
-1787,3354,5049
-1787,3354,5049
-1787,3354,5049
-1787,3354,5049
-1787,3354,5049
-1720,3307,4949
-1720,3307,4949
-1720,3307,4949
-1720,3307,4949
-1678,3296,4779
-1678,3296,4779
-1678,3296,4779
-1678,3296,4779
-1678,3296,4779
-1678,3296,4779
-1678,3296,4779
-1678,3296,4779
-1678,3296,4779
-1672,3268,4766
-1672,3268,4766
-1672,3268,4766
-1672,3268,4766
-1672,3268,4766
-1672,3268,4766
-1672,3268,4766
-1672,3268,4766
-1672,3268,4766
-1620,3333,4755
-1620,3333,4755
-1620,3333,4755
-1620,3333,4755
-1620,3333,4755
-1620,3333,4755
-1620,3333,4755
-1620,3333,4755
-1620,3333,4755
-1632,3313,4658
-1632,3313,4658
-1632,3313,4658
-1632,3313,4658
-1632,3313,4658
-1632,3313,4658
-1632,3313,4658
-1632,3313,4658
-1632,3313,4658
-1632,3313,4658
-1611,3282,4617
-1611,3282,4617
-1611,3282,4617
-1611,3282,4617
-1611,3282,4617
-1611,3282,4617
-1611,3282,4617
-1611,3282,4617
-1611,3282,4617
-1652,3124,4659
-1652,3124,4659
-1652,3124,4659
-1652,3124,4659
-1652,3124,4659
-1652,3124,4659
-1652,3124,4659
-1652,3124,4659
-1652,3124,4659
-1652,3124,4659
-1653,3068,4713
-1653,3068,4713
-1653,3068,4713
-1653,3068,4713
-1653,3068,4713
-1653,3068,4713
-1653,3068,4713
-1653,3068,4713
-1653,3068,4713
-1684,3017,4741
-1684,3017,4741
-1684,3017,4741
-1684,3017,4741
-1684,3017,4741
-1684,3017,4741
-1684,3017,4741
-1684,3017,4741
-1684,3017,4741
-1782,2979,4961
-1782,2979,4961
-1782,2979,4961
-1782,2979,4961
-1782,2979,4961
-1782,2979,4961
-1782,2979,4961
-1782,2979,4961
-1904,3015,5324
-1904,3015,5324
-1904,3015,5324
-1904,3015,5324
-1904,3015,5324
-1904,3015,5324
-1904,3015,5324
-1904,3015,5324
-1904,3015,5324
-1963,3022,5827
-1963,3022,5827
-1963,3022,5827
-1963,3022,5827
-1963,3022,5827
-1963,3022,5827
-1963,3022,5827
-1963,3022,5827
-1963,3022,5827
-1963,3022,5827
-1969,2964,6453
-1969,2964,6453
-1969,2964,6453
-1969,2964,6453
-1969,2964,6453
-1969,2964,6453
-1969,2964,6453
-1969,2964,6453
-1969,2964,6453
-1863,2863,7119
-1863,2863,7119
-1863,2863,7119
-1863,2863,7119
-1863,2863,7119
-1863,2863,7119
-1863,2863,7119
-1863,2863,7119
-1863,2863,7119
-1537,2793,7823
-1537,2793,7823
-1537,2793,7823
-1537,2793,7823
-1537,2793,7823
-1537,2793,7823
-1537,2793,7823
-1537,2793,7823
-1537,2793,7823
-1131,2790,8474
-1131,2790,8474
-1131,2790,8474
-1131,2790,8474
-1131,2790,8474
-1131,2790,8474
-1131,2790,8474
-1131,2790,8474
-1131,2790,8474
-724,2799,8889
-724,2799,8889
-724,2799,8889
-724,2799,8889
-724,2799,8889
-724,2799,8889
-724,2799,8889
-724,2799,8889
-724,2799,8889
-371,2791,9148
-371,2791,9148
-371,2791,9148
-371,2791,9148
-371,2791,9148
-371,2791,9148
-371,2791,9148
-371,2791,9148
-371,2791,9148
-371,2791,9148
67,2776,9338
67,2776,9338
67,2776,9338
67,2776,9338
67,2776,9338
67,2776,9338
67,2776,9338
67,2776,9338
67,2776,9338
477,2835,9531
477,2835,9531
477,2835,9531
477,2835,9531
477,2835,9531
477,2835,9531
477,2835,9531
477,2835,9531
477,2835,9531
798,2856,9584
798,2856,9584
798,2856,9584
798,2856,9584
798,2856,9584
798,2856,9584
798,2856,9584
798,2856,9584
798,2856,9584
1125,2852,9724
1125,2852,9724
1125,2852,9724
1125,2852,9724
1125,2852,9724
1125,2852,9724
1125,2852,9724
1125,2852,9724
1125,2852,9724
1430,2827,9676
1430,2827,9676
1430,2827,9676
1430,2827,9676
1430,2827,9676
1430,2827,9676
1430,2827,9676
1430,2827,9676
1430,2827,9676
1844,2823,9686
1844,2823,9686
1844,2823,9686
1844,2823,9686
1844,2823,9686
1844,2823,9686
1844,2823,9686
1844,2823,9686
1844,2823,9686
2324,2871,9638
2324,2871,9638
2324,2871,9638
2324,2871,9638
2324,2871,9638
2324,2871,9638
2324,2871,9638
2324,2871,9638
2324,2871,9638
2758,2945,9527
2758,2945,9527
2758,2945,9527
2758,2945,9527
2758,2945,9527
2758,2945,9527
2758,2945,9527
2758,2945,9527
2758,2945,9527
3208,3029,9408
3208,3029,9408
3208,3029,9408
3208,3029,9408
3208,3029,9408
3208,3029,9408
3208,3029,9408
3208,3029,9408
3208,3029,9408
3208,3029,9408
3649,3123,9093
3649,3123,9093
3649,3123,9093
3649,3123,9093
3649,3123,9093
3649,3123,9093
3649,3123,9093
3995,3185,8867
3995,3185,8867
3995,3185,8867
3995,3185,8867
3995,3185,8867
3995,3185,8867
3995,3185,8867
4395,3262,8407
4395,3262,8407
4395,3262,8407
4395,3262,8407
4395,3262,8407
4395,3262,8407
4395,3262,8407
4395,3262,8407
4616,3256,8190
4616,3256,8190
4616,3256,8190
4616,3256,8190
4616,3256,8190
4616,3256,8190
4616,3256,8190
4616,3256,8190
4616,3256,8190
4557,3210,8393
4557,3210,8393
4557,3210,8393
4557,3210,8393
4557,3210,8393
4557,3210,8393
4557,3210,8393
4557,3210,8393
4557,3210,8393
4128,3121,8815
4128,3121,8815
4128,3121,8815
4128,3121,8815
4128,3121,8815
4128,3121,8815
4128,3121,8815
4128,3121,8815
4128,3121,8815
3492,3003,9331
3492,3003,9331
3492,3003,9331
3492,3003,9331
3492,3003,9331
3492,3003,9331
3492,3003,9331
3492,3003,9331
3492,3003,9331
2608,2913,9640
2608,2913,9640
2608,2913,9640
2608,2913,9640
2608,2913,9640
2608,2913,9640
2608,2913,9640
2608,2913,9640
2608,2913,9640
2608,2913,9640
1823,2879,9777
1823,2879,9777
1823,2879,9777
1823,2879,9777
1823,2879,9777
1823,2879,9777
1823,2879,9777
1823,2879,9777
1021,2844,9682
1021,2844,9682
1021,2844,9682
1021,2844,9682
1021,2844,9682
1021,2844,9682
1021,2844,9682
1021,2844,9682
1021,2844,9682
1021,2844,9682
303,2798,9496
303,2798,9496
303,2798,9496
303,2798,9496
303,2798,9496
303,2798,9496
303,2798,9496
303,2798,9496
303,2798,9496
303,2798,9496
-332,2799,9129
-332,2799,9129
-332,2799,9129
-332,2799,9129
-332,2799,9129
-332,2799,9129
-332,2799,9129
-332,2799,9129
-332,2799,9129
-933,2839,8648
-933,2839,8648
-933,2839,8648
-933,2839,8648
-933,2839,8648
-933,2839,8648
-933,2839,8648
-933,2839,8648
-933,2839,8648
-1297,2860,8255
-1297,2860,8255
-1297,2860,8255
-1297,2860,8255
-1297,2860,8255
-1297,2860,8255
-1297,2860,8255
-1297,2860,8255
-1297,2860,8255
-1552,2862,7782
-1552,2862,7782
-1552,2862,7782
-1552,2862,7782
-1552,2862,7782
-1552,2862,7782
-1552,2862,7782
-1552,2862,7782
-1552,2862,7782
-1853,2885,7285
-1853,2885,7285
-1853,2885,7285
-1853,2885,7285
-1853,2885,7285
-1853,2885,7285
-1853,2885,7285
-1853,2885,7285
-1853,2885,7285
-1904,2905,6886
-1904,2905,6886
-1904,2905,6886
-1904,2905,6886
-1904,2905,6886
-1904,2905,6886
-1904,2905,6886
-1904,2905,6886
-1904,2905,6886
-1998,2930,6596
-1998,2930,6596
-1998,2930,6596
-1998,2930,6596
-1998,2930,6596
-1998,2930,6596
-1998,2930,6596
-1998,2930,6596
-1998,2930,6596
-2016,2980,6276
-2016,2980,6276
-2016,2980,6276
-2016,2980,6276
-2016,2980,6276
-2016,2980,6276
-2016,2980,6276
-2016,2980,6276
-2016,2980,6276
-1993,3045,5928
-1993,3045,5928
-1993,3045,5928
-1993,3045,5928
-1993,3045,5928
-1993,3045,5928
-1993,3045,5928
-1993,3045,5928
-1993,3045,5928
-1948,3117,5556
-1948,3117,5556
-1948,3117,5556
-1948,3117,5556
-1948,3117,5556
-1948,3117,5556
-1948,3117,5556
-1948,3117,5556
-1948,3117,5556
-1948,3117,5556
-1892,3114,5327
-1892,3114,5327
-1892,3114,5327
-1892,3114,5327
-1892,3114,5327
-1892,3114,5327
-1892,3114,5327
-1892,3114,5327
-1846,3094,5272
-1846,3094,5272
-1846,3094,5272
-1846,3094,5272
-1846,3094,5272
-1846,3094,5272
-1846,3094,5272
-1846,3094,5272
-1846,3094,5272
-1846,3094,5272
-1895,3125,5180
-1895,3125,5180
-1895,3125,5180
-1895,3125,5180
-1895,3125,5180
-1895,3125,5180
-1895,3125,5180
-1895,3125,5180
-1895,3125,5180
-1827,3071,5095
-1827,3071,5095
-1827,3071,5095
-1827,3071,5095
-1827,3071,5095
-1827,3071,5095
-1827,3071,5095
-1827,3071,5095
-1827,3071,5095
-1818,2949,5084
-1818,2949,5084
-1818,2949,5084
-1818,2949,5084
-1818,2949,5084
-1818,2949,5084
-1818,2949,5084
-1818,2949,5084
-1818,2949,5084
-1813,2872,5105
-1813,2872,5105
-1813,2872,5105
-1813,2872,5105
-1813,2872,5105
-1813,2872,5105
-1813,2872,5105
-1813,2872,5105
-1813,2872,5105
-1838,2780,5083
-1838,2780,5083
-1838,2780,5083
-1838,2780,5083
-1838,2780,5083
-1838,2780,5083
-1838,2780,5083
-1838,2780,5083
-1838,2780,5083
-1829,2689,4987
-1829,2689,4987
-1829,2689,4987
-1829,2689,4987
-1829,2689,4987
-1812,2588,5080
-1812,2588,5080
-1812,2588,5080
-1812,2588,5080
-1812,2588,5080
-1812,2588,5080
-1812,2588,5080
-1812,2588,5080
-1821,2542,5146
-1821,2542,5146
-1821,2542,5146
-1821,2542,5146
-1821,2542,5146
-1821,2542,5146
-1821,2542,5146
-1821,2542,5146
-1821,2542,5146
-1869,2483,5422
-1869,2483,5422
-1869,2483,5422
-1869,2483,5422
-1869,2483,5422
-1869,2483,5422
-1869,2483,5422
-1869,2483,5422
-1869,2483,5422
-1932,2412,5793
-1932,2412,5793
-1932,2412,5793
-1932,2412,5793
-1932,2412,5793
-1932,2412,5793
-1932,2412,5793
-1932,2412,5793
-1932,2412,5793
-1932,2412,5793
-1955,2349,6268
-1955,2349,6268
-1955,2349,6268
-1955,2349,6268
-1955,2349,6268
-1955,2349,6268
-1955,2349,6268
-1955,2349,6268
-1940,2342,6712
-1940,2342,6712
-1940,2342,6712
-1940,2342,6712
-1940,2342,6712
-1940,2342,6712
-1940,2342,6712
-1940,2342,6712
-1940,2342,6712
-1789,2315,7242
-1789,2315,7242
-1789,2315,7242
-1789,2315,7242
-1789,2315,7242
-1789,2315,7242
-1789,2315,7242
-1789,2315,7242
-1789,2315,7242
-1584,2259,7675
-1584,2259,7675
-1584,2259,7675
-1584,2259,7675
-1584,2259,7675
-1584,2259,7675
-1584,2259,7675
-1584,2259,7675
-1584,2259,7675
-1584,2259,7675
-1344,2230,8088
-1344,2230,8088
-1344,2230,8088
-1344,2230,8088
-1344,2230,8088
-1344,2230,8088
-1344,2230,8088
-1344,2230,8088
-1344,2230,8088
-1038,2165,8459
-1038,2165,8459
-1038,2165,8459
-1038,2165,8459
-1038,2165,8459
-1038,2165,8459
-1038,2165,8459
-1038,2165,8459
-1038,2165,8459
-732,2088,8788
-732,2088,8788
-732,2088,8788
-732,2088,8788
-732,2088,8788
-732,2088,8788
-732,2088,8788
-732,2088,8788
-732,2088,8788
-374,2073,9023
-374,2073,9023
-374,2073,9023
-374,2073,9023
-374,2073,9023
-374,2073,9023
-374,2073,9023
-374,2073,9023
-374,2073,9023
88,2111,9260
88,2111,9260
88,2111,9260
88,2111,9260
88,2111,9260
88,2111,9260
88,2111,9260
88,2111,9260
88,2111,9260
88,2111,9260
607,2067,9476
607,2067,9476
607,2067,9476
607,2067,9476
607,2067,9476
607,2067,9476
607,2067,9476
607,2067,9476
607,2067,9476
1209,2100,9608
1209,2100,9608
1209,2100,9608
1209,2100,9608
1209,2100,9608
1209,2100,9608
1209,2100,9608
1209,2100,9608
1732,2134,9667
1732,2134,9667
1732,2134,9667
1732,2134,9667
1732,2134,9667
1732,2134,9667
1732,2134,9667
1732,2134,9667
1732,2134,9667
2255,2184,9573
2255,2184,9573
2255,2184,9573
2255,2184,9573
2255,2184,9573
2255,2184,9573
2255,2184,9573
2255,2184,9573
2255,2184,9573
2952,2252,9484
2952,2252,9484
2952,2252,9484
2952,2252,9484
2952,2252,9484
2952,2252,9484
2952,2252,9484
2952,2252,9484
2952,2252,9484
3508,2343,9222
3508,2343,9222
3508,2343,9222
3508,2343,9222
3508,2343,9222
3508,2343,9222
3508,2343,9222
3508,2343,9222
3508,2343,9222
3508,2343,9222
3937,2326,9009
3937,2326,9009
3937,2326,9009
3937,2326,9009
3937,2326,9009
3937,2326,9009
3937,2326,9009
3937,2326,9009
3937,2326,9009
4171,2365,8798
4171,2365,8798
4171,2365,8798
4171,2365,8798
4171,2365,8798
4171,2365,8798
4171,2365,8798
4171,2365,8798
4171,2365,8798
4171,2365,8798
4487,2409,8421
4487,2409,8421
4487,2409,8421
4487,2409,8421
4487,2409,8421
4487,2409,8421
4487,2409,8421
4487,2409,8421
4487,2409,8421
4856,2562,7887
4856,2562,7887
4856,2562,7887
4856,2562,7887
4856,2562,7887
4856,2562,7887
4856,2562,7887
4856,2562,7887
4856,2562,7887
5009,2519,7622
5009,2519,7622
5009,2519,7622
5009,2519,7622
5009,2519,7622
5009,2519,7622
5009,2519,7622
5009,2519,7622
5009,2519,7622
4901,2390,7789
4901,2390,7789
4901,2390,7789
4901,2390,7789
4901,2390,7789
4901,2390,7789
4901,2390,7789
4901,2390,7789
4901,2390,7789
4674,2244,8146
4674,2244,8146
4674,2244,8146
4674,2244,8146
4674,2244,8146
4674,2244,8146
4674,2244,8146
4674,2244,8146
4674,2244,8146
4170,2095,8640
4170,2095,8640
4170,2095,8640
4170,2095,8640
4170,2095,8640
4170,2095,8640
4170,2095,8640
4170,2095,8640
4170,2095,8640
3722,2020,8990
3722,2020,8990
3722,2020,8990
3722,2020,8990
3722,2020,8990
3722,2020,8990
3722,2020,8990
3220,2023,9307
3220,2023,9307
3220,2023,9307
3220,2023,9307
3220,2023,9307
2620,2013,9537
2620,2013,9537
2620,2013,9537
2620,2013,9537
2620,2013,9537
2620,2013,9537
2620,2013,9537
2620,2013,9537
2620,2013,9537
2620,2013,9537
1949,1953,9558
1949,1953,9558
1949,1953,9558
1949,1953,9558
1949,1953,9558
1949,1953,9558
1949,1953,9558
1949,1953,9558
1378,1938,9581
1378,1938,9581
1378,1938,9581
1378,1938,9581
1378,1938,9581
1378,1938,9581
1378,1938,9581
1378,1938,9581
1378,1938,9581
1378,1938,9581
707,1989,9470
707,1989,9470
707,1989,9470
707,1989,9470
707,1989,9470
707,1989,9470
707,1989,9470
707,1989,9470
707,1989,9470
707,1989,9470
324,2039,9317
324,2039,9317
324,2039,9317
324,2039,9317
324,2039,9317
324,2039,9317
324,2039,9317
324,2039,9317
324,2039,9317
242,2074,9314
242,2074,9314
242,2074,9314
242,2074,9314
242,2074,9314
242,2074,9314
242,2074,9314
242,2074,9314
78,2090,9216
78,2090,9216
78,2090,9216
78,2090,9216
78,2090,9216
78,2090,9216
78,2090,9216
78,2090,9216
78,2090,9216
28,2040,9221
28,2040,9221
28,2040,9221
28,2040,9221
28,2040,9221
28,2040,9221
28,2040,9221
28,2040,9221
28,2040,9221
32,1945,9238
32,1945,9238
32,1945,9238
32,1945,9238
32,1945,9238
32,1945,9238
32,1945,9238
32,1945,9238
32,1945,9238
81,1852,9211
81,1852,9211
81,1852,9211
81,1852,9211
81,1852,9211
81,1852,9211
81,1852,9211
81,1852,9211
81,1852,9211
201,1718,9189
201,1718,9189
201,1718,9189
201,1718,9189
201,1718,9189
201,1718,9189
201,1718,9189
201,1718,9189
201,1718,9189
201,1718,9189
294,1666,9277
294,1666,9277
294,1666,9277
294,1666,9277
294,1666,9277
294,1666,9277
294,1666,9277
294,1666,9277
294,1666,9277
474,1548,9270
474,1548,9270
474,1548,9270
474,1548,9270
474,1548,9270
474,1548,9270
474,1548,9270
474,1548,9270
474,1548,9270
609,1478,9302
609,1478,9302
609,1478,9302
609,1478,9302
609,1478,9302
609,1478,9302
609,1478,9302
609,1478,9302
609,1478,9302
814,1407,9259
814,1407,9259
814,1407,9259
814,1407,9259
814,1407,9259
814,1407,9259
814,1407,9259
814,1407,9259
814,1407,9259
991,1348,9283
991,1348,9283
991,1348,9283
991,1348,9283
991,1348,9283
991,1348,9283
991,1348,9283
991,1348,9283
991,1348,9283
1164,1328,9315
1164,1328,9315
1164,1328,9315
1164,1328,9315
1164,1328,9315
1164,1328,9315
1164,1328,9315
1164,1328,9315
1164,1328,9315
1164,1322,9336
1323,1322,9336
1323,1322,9336
1323,1322,9336
1323,1322,9336
1323,1322,9336
1323,1322,9336
1323,1322,9336
1323,1322,9336
1323,1322,9336
1587,1402,9353
1587,1402,9353
1587,1402,9353
1587,1402,9353
1587,1402,9353
1587,1402,9353
1587,1402,9353
1587,1402,9353
1587,1402,9353
1731,1428,9364
1731,1428,9364
1731,1428,9364
1731,1428,9364
1731,1428,9364
1731,1428,9364
1731,1428,9364
1731,1428,9364
1731,1428,9364
1858,1475,9401
1858,1475,9401
1858,1475,9401
1858,1475,9401
1858,1475,9401
1858,1475,9401
1858,1475,9401
1858,1475,9401
1858,1475,9401
1970,1593,9433
1970,1593,9433
1970,1593,9433
1970,1593,9433
1970,1593,9433
1970,1593,9433
1970,1593,9433
1970,1593,9433
1970,1593,9433
2083,1667,9424
2083,1667,9424
2083,1667,9424
2083,1667,9424
2083,1667,9424
2083,1667,9424
2083,1667,9424
2083,1667,9424
2083,1667,9424
2159,1768,9451
2159,1768,9451
2159,1768,9451
2159,1768,9451
2159,1768,9451
2159,1768,9451
2159,1768,9451
2159,1768,9451
2159,1768,9451
2263,1920,9467
2263,1920,9467
2263,1920,9467
2263,1920,9467
2263,1920,9467
2263,1920,9467
2263,1920,9467
2263,1920,9467
2263,1920,9467
2263,1920,9467
2352,2029,9492
2352,2029,9492
2352,2029,9492
2352,2029,9492
2352,2029,9492
2352,2029,9492
2352,2029,9492
2352,2029,9492
2457,2185,9502
2457,2185,9502
2457,2185,9502
2457,2185,9502
2457,2185,9502
2457,2185,9502
2457,2185,9502
2457,2185,9502
2457,2185,9502
2517,2293,9498
2517,2293,9498
2517,2293,9498
2517,2293,9498
2517,2293,9498
2517,2293,9498
2517,2293,9498
2517,2293,9498
2517,2293,9498
2517,2293,9498
2565,2471,9579
2565,2471,9579
2565,2471,9579
2565,2471,9579
2565,2471,9579
2569,2569,9577
2569,2569,9577
2569,2569,9577
2569,2569,9577
2569,2569,9577
2569,2569,9577
2569,2569,9577
2569,2569,9577
2569,2684,9526
2569,2684,9526
2569,2684,9526
2569,2684,9526
2569,2684,9526
2569,2684,9526
2569,2684,9526
2569,2684,9526
2569,2684,9526
2518,2845,9577
2518,2845,9577
2518,2845,9577
2518,2845,9577
2518,2845,9577
2518,2845,9577
2518,2845,9577
2518,2845,9577
2518,2845,9577
2457,2966,9543
2457,2966,9543
2457,2966,9543
2457,2966,9543
2457,2966,9543
2457,2966,9543
2457,2966,9543
2457,2966,9543
2457,2966,9543
2441,3097,9599
2441,3097,9599
2441,3097,9599
2441,3097,9599
2441,3097,9599
2441,3097,9599
2441,3097,9599
2441,3097,9599
2441,3097,9599
2441,3097,9599
2403,3206,9596
2403,3206,9596
2403,3206,9596
2403,3206,9596
2403,3206,9596
2403,3206,9596
2403,3206,9596
2403,3206,9596
2403,3206,9596
2355,3316,9564
2355,3316,9564
2355,3316,9564
2355,3316,9564
2355,3316,9564
2355,3316,9564
2355,3316,9564
2355,3316,9564
2355,3316,9564
2294,3417,9630
2294,3417,9630
2294,3417,9630
2294,3417,9630
2294,3417,9630
2294,3417,9630
2294,3417,9630
2294,3417,9630
2197,3554,9581
2197,3554,9581
2197,3554,9581
2197,3554,9581
2197,3554,9581
2197,3554,9581
2197,3554,9581
2197,3554,9581
2197,3554,9581
2119,3644,9587
2119,3644,9587
2119,3644,9587
2119,3644,9587
2119,3644,9587
2119,3644,9587
2119,3644,9587
2119,3644,9587
2119,3644,9587
2022,3702,9579
2022,3702,9579
2022,3702,9579
2022,3702,9579
2022,3702,9579
2022,3702,9579
2022,3702,9579
2022,3702,9579
2022,3702,9579
2022,3702,9579
1876,3788,9618
1876,3788,9618
1876,3788,9618
1876,3788,9618
1876,3788,9618
1876,3788,9618
1876,3788,9618
1876,3788,9618
1876,3788,9618
1724,3882,9613
1724,3882,9613
1724,3882,9613
1724,3882,9613
1724,3882,9613
1724,3882,9613
1724,3882,9613
1724,3882,9613
1724,3882,9613
1724,3882,9635
1589,3894,9635
1589,3894,9635
1589,3894,9635
1589,3894,9635
1589,3894,9635
1589,3894,9635
1589,3894,9635
1589,3894,9635
1589,3894,9635
1468,3953,9542
1468,3953,9542
1468,3953,9542
1468,3953,9542
1468,3953,9542
1468,3953,9542
1468,3953,9542
1468,3953,9542
1468,3953,9542
1295,4014,9495
1295,4014,9495
1295,4014,9495
1295,4014,9495
1295,4014,9495
1295,4014,9495
1295,4014,9495
1295,4014,9495
1295,4014,9495
1146,4046,9507
1146,4046,9507
1146,4046,9507
1146,4046,9507
1146,4046,9507
1146,4046,9507
1146,4046,9507
1146,4046,9507
1146,4046,9507
944,4017,9512
944,4017,9512
944,4017,9512
944,4017,9512
944,4017,9512
944,4017,9512
944,4017,9512
944,4017,9512
944,4017,9512
780,4054,9451
780,4054,9451
780,4054,9451
780,4054,9451
780,4054,9451
780,4054,9451
780,4054,9451
780,4054,9451
780,4054,9451
632,4019,9355
632,4019,9355
632,4019,9355
632,4019,9355
632,4019,9355
632,4019,9355
632,4019,9355
632,4019,9355
632,4019,9355
484,3937,9396
484,3937,9396
484,3937,9396
484,3937,9396
484,3937,9396
484,3937,9396
484,3937,9396
484,3937,9396
484,3839,9381
327,3839,9381
327,3839,9381
327,3839,9381
327,3839,9381
327,3839,9381
327,3839,9381
327,3839,9381
327,3839,9381
327,3839,9381
259,3710,9374
259,3710,9374
259,3710,9374
259,3710,9374
259,3710,9374
259,3710,9374
259,3710,9374
259,3710,9374
259,3710,9374
259,3710,9374
204,3560,9339
204,3560,9339
204,3560,9339
204,3560,9339
204,3560,9339
204,3560,9339
204,3560,9339
204,3560,9339
204,3560,9339
124,3412,9355
124,3412,9355
124,3412,9355
124,3412,9355
124,3412,9355
124,3412,9355
124,3412,9355
124,3412,9355
124,3412,9355
-1,3326,9320
-1,3326,9320
-1,3326,9320
-1,3326,9320
-1,3326,9320
-1,3326,9320
-1,3326,9320
-1,3326,9320
-1,3326,9320
-96,3177,9264
-96,3177,9264
-96,3177,9264
-96,3177,9264
-96,3177,9264
-96,3177,9264
-96,3177,9264
-96,3177,9264
-96,3177,9264
-192,3023,9285
-192,3023,9285
-192,3023,9285
-192,3023,9285
-192,3023,9285
-192,3023,9285
-192,3023,9285
-192,3023,9285
-192,3023,9285
-237,2879,9244
-237,2879,9244
-237,2879,9244
-237,2879,9244
-237,2879,9244
-237,2879,9244
-237,2879,9244
-237,2879,9244
-283,2721,9194
-283,2721,9194
-283,2721,9194
-283,2721,9194
-283,2721,9194
-275,2484,9196
-275,2484,9196
-275,2484,9196
-275,2484,9196
-275,2484,9196
-275,2484,9196
-275,2484,9196
-275,2484,9196
-275,2484,9196
-204,2291,9218
-204,2291,9218
-204,2291,9218
-204,2291,9218
-204,2291,9218
-204,2291,9218
-204,2291,9218
-204,2291,9218
-204,2291,9218
-210,2116,9186
-210,2116,9186
-210,2116,9186
-210,2116,9186
-210,2116,9186
-210,2116,9186
-210,2116,9186
-210,2116,9186
-210,2116,9186
-71,1949,9176
-71,1949,9176
-71,1949,9176
-71,1949,9176
-71,1949,9176
-71,1949,9176
-71,1949,9176
-71,1949,9176
-71,1949,9176
-51,1818,9168
-51,1818,9168
-51,1818,9168
-51,1818,9168
-51,1818,9168
-51,1818,9168
-51,1818,9168
-51,1818,9168
-51,1818,9168
-51,1818,9168
114,1728,9236
114,1728,9236
114,1728,9236
114,1728,9236
114,1728,9236
114,1728,9236
114,1728,9236
114,1728,9236
114,1728,9236
167,1728,9266
167,1728,9266
167,1728,9266
167,1728,9266
167,1728,9266
167,1728,9266
167,1728,9266
167,1728,9266
167,1728,9266
167,1728,9266
107,1775,9268
107,1775,9268
107,1775,9268
107,1775,9268
107,1775,9268
107,1775,9268
107,1775,9268
107,1775,9268
108,1846,9267
108,1846,9267
108,1846,9267
108,1846,9267
108,1846,9267
108,1846,9267
108,1846,9267
108,1846,9267
108,1846,9267
-74,1897,9193
-74,1897,9193
-74,1897,9193
-74,1897,9193
-74,1897,9193
-74,1897,9193
-74,1897,9193
-74,1897,9193
-74,1897,9193
-302,1985,9109
-302,1985,9109
-302,1985,9109
-302,1985,9109
-302,1985,9109
-302,1985,9109
-302,1985,9109
-302,1985,9109
-302,1985,9109
-550,1963,8864
-550,1963,8864
-550,1963,8864
-550,1963,8864
-550,1963,8864
-550,1963,8864
-550,1963,8864
-550,1963,8864
-550,1963,8864
-688,1957,8743
-688,1957,8743
-688,1957,8743
-688,1957,8743
-688,1957,8743
-688,1957,8743
-688,1957,8743
-688,1957,8743
-688,1957,8743
-688,1942,8750
-707,1942,8750
-707,1942,8750
-707,1942,8750
-707,1942,8750
-707,1942,8750
-707,1942,8750
-707,1942,8750
-707,1942,8750
-707,1942,8750
-766,1974,8735
-766,1974,8735
-766,1974,8735
-766,1974,8735
-766,1974,8735
-766,1974,8735
-766,1974,8735
-766,1974,8735
-766,1974,8735
-693,1974,8715
-693,1974,8715
-693,1974,8715
-693,1974,8715
-693,1974,8715
-693,1974,8715
-693,1974,8715
-693,1974,8715
-693,1974,8715
-675,1892,8802
-675,1892,8802
-675,1892,8802
-675,1892,8802
-675,1892,8802
-675,1892,8802
-675,1892,8802
-675,1892,8802
-675,1892,8802
-611,1858,8813
-611,1858,8813
-611,1858,8813
-611,1858,8813
-611,1858,8813
-611,1858,8813
-611,1858,8813
-611,1858,8813
-611,1858,8813
-591,1709,8790
-591,1709,8790
-591,1709,8790
-591,1709,8790
-591,1709,8790
-591,1709,8790
-591,1709,8790
-591,1709,8790
-591,1709,8790
-440,1602,8844
-440,1602,8844
-440,1602,8844
-440,1602,8844
-440,1602,8844
-440,1602,8844
-440,1602,8844
-440,1602,8844
-440,1602,8844
-440,1541,8891
-309,1541,8891
-309,1541,8891
-309,1541,8891
-309,1541,8891
-309,1541,8891
-309,1541,8891
-309,1541,8891
-309,1541,8891
-149,1496,8887
-149,1496,8887
-149,1496,8887
-149,1496,8887
-149,1496,8887
-149,1496,8887
-149,1496,8887
-149,1496,8887
-149,1496,8887
29,1392,8898
29,1392,8898
29,1392,8898
29,1392,8898
29,1392,8898
29,1392,8898
29,1392,8898
29,1392,8898
29,1392,8898
156,1364,8991
156,1364,8991
156,1364,8991
156,1364,8991
156,1364,8991
156,1364,8991
156,1364,8991
156,1364,8991
156,1364,8991
156,1364,8991
343,1290,9022
343,1290,9022
343,1290,9022
343,1290,9022
343,1290,9022
343,1290,9022
343,1290,9022
343,1290,9022
343,1290,9022
502,1284,9056
502,1284,9056
502,1284,9056
502,1284,9056
502,1284,9056
502,1284,9056
502,1284,9056
502,1284,9056
502,1284,9056
712,1305,9123
712,1305,9123
712,1305,9123
712,1305,9123
712,1305,9123
712,1305,9123
712,1305,9123
712,1305,9123
712,1305,9123
961,1386,9233
961,1386,9233
961,1386,9233
961,1386,9233
961,1386,9233
961,1386,9233
961,1386,9233
961,1386,9233
961,1386,9233
1146,1437,9245
1146,1437,9245
1146,1437,9245
1146,1437,9245
1310,1561,9400
1310,1561,9400
1310,1561,9400
1310,1561,9400
1310,1561,9400
1310,1561,9400
1310,1561,9400
1310,1561,9400
1310,1561,9400
1437,1698,9429
1437,1698,9429
1437,1698,9429
1437,1698,9429
1437,1698,9429
1437,1698,9429
1437,1698,9429
1437,1698,9429
1437,1698,9429
1473,1781,9463
1473,1781,9463
1473,1781,9463
1473,1781,9463
1473,1781,9463
1473,1781,9463
1473,1781,9463
1473,1781,9463
1473,1781,9463
1503,1877,9515
1503,1877,9515
1503,1877,9515
1503,1877,9515
1503,1877,9515
1503,1877,9515
1503,1877,9515
1503,1877,9515
1503,1877,9515
1503,1877,9515
1579,1949,9519
1579,1949,9519
1579,1949,9519
1579,1949,9519
1579,1949,9519
1579,1949,9519
1579,1949,9519
1579,1949,9519
1579,1949,9519
1562,2093,9571
1562,2093,9571
1562,2093,9571
1562,2093,9571
1562,2093,9571
1562,2093,9571
1562,2093,9571
1562,2093,9571
1562,2093,9571
1566,2207,9561
1566,2207,9561
1566,2207,9561
1566,2207,9561
1566,2207,9561
1566,2207,9561
1566,2207,9561
1566,2207,9561
1566,2207,9561
1647,2320,9609
1647,2320,9609
1647,2320,9609
1647,2320,9609
1647,2320,9609
1647,2320,9609
1647,2320,9609
1647,2320,9609
1647,2320,9609
1658,2394,9656
1658,2394,9656
1658,2394,9656
1658,2394,9656
1658,2394,9656
1658,2394,9656
1658,2394,9656
1658,2394,9656
1658,2394,9656
1651,2504,9636
1651,2504,9636
1651,2504,9636
1651,2504,9636
1651,2504,9636
1651,2504,9636
1651,2504,9636
1651,2504,9636
1651,2504,9636
1691,2679,9604
1691,2679,9604
1691,2679,9604
1691,2679,9604
1691,2679,9604
1691,2679,9604
1691,2679,9604
1691,2679,9604
1691,2679,9604
1721,2813,9668
1721,2813,9668
1721,2813,9668
1721,2813,9668
1721,2813,9668
1721,2813,9668
1721,2813,9668
1721,2813,9668
1721,2813,9668
1710,2956,9693
1710,2956,9693
1710,2956,9693
1710,2956,9693
1710,2956,9693
1710,2956,9693
1710,2956,9693
1710,2956,9693
1710,2956,9693
1711,3088,9674
1711,3088,9674
1711,3088,9674
1711,3088,9674
1711,3088,9674
1711,3088,9674
1711,3088,9674
1711,3088,9674
1711,3088,9674
1711,3088,9674
1641,3264,9657
1641,3264,9657
1641,3264,9657
1641,3264,9657
1641,3264,9657
1641,3264,9657
1641,3264,9657
1641,3264,9657
1641,3264,9657
1550,3420,9653
1550,3420,9653
1550,3420,9653
1550,3420,9653
1550,3420,9653
1550,3420,9653
1550,3420,9653
1550,3420,9653
1550,3420,9653
1437,3544,9691
1437,3544,9691
1437,3544,9691
1437,3544,9691
1437,3544,9691
1437,3544,9691
1437,3544,9691
1437,3544,9691
1437,3544,9691
1314,3670,9619
1314,3670,9619
1314,3670,9619
1314,3670,9619
1314,3670,9619
1314,3670,9619
1314,3670,9619
1314,3670,9619
1314,3670,9619
1167,3770,9593
1167,3770,9593
1167,3770,9593
1167,3770,9593
1167,3770,9593
1167,3770,9593
1167,3770,9593
1167,3770,9593
1167,3770,9593
1167,3770,9593
1066,3860,9559
1066,3860,9559
1066,3860,9559
1066,3860,9559
1066,3860,9559
1066,3860,9559
1066,3860,9559
1066,3860,9559
886,3961,9499
886,3961,9499
886,3961,9499
886,3961,9499
886,3961,9499
886,3961,9499
886,3961,9499
886,3961,9499
886,3961,9499
677,3999,9428
677,3999,9428
677,3999,9428
677,3999,9428
677,3999,9428
677,3999,9428
677,3999,9428
677,3999,9428
677,3999,9428
494,4040,9361
494,4040,9361
494,4040,9361
494,4040,9361
494,4040,9361
494,4040,9361
494,4040,9361
494,4040,9361
494,4040,9361
248,3992,9342
248,3992,9342
248,3992,9342
248,3992,9342
248,3992,9342
248,3992,9342
248,3992,9342
248,3992,9342
248,3992,9342
102,3942,9293
102,3942,9293
102,3942,9293
102,3942,9293
102,3942,9293
102,3942,9293
102,3942,9293
102,3942,9293
102,3942,9293
-83,3865,9232
-83,3865,9232
-83,3865,9232
-83,3865,9232
-83,3865,9232
-83,3865,9232
-83,3865,9232
-83,3865,9232
-83,3865,9232
-230,3783,9085
-230,3783,9085
-230,3783,9085
-230,3783,9085
-230,3783,9085
-230,3783,9085
-230,3783,9085
-230,3783,9085
-230,3783,9085
-230,3783,9085
-439,3645,9009
-439,3645,9009
-439,3645,9009
-439,3645,9009
-439,3645,9009
-439,3645,9009
-439,3645,9009
-439,3645,9009
-439,3645,9009
-564,3505,8905
-564,3505,8905
-564,3505,8905
-564,3505,8905
-564,3505,8905
-670,3370,8916
-670,3370,8916
-670,3370,8916
-670,3370,8916
-670,3370,8916
-670,3370,8916
-670,3370,8916
-766,3246,8841
-766,3246,8841
-766,3246,8841
-766,3246,8841
-766,3246,8841
-766,3246,8841
-766,3246,8841
-766,3246,8841
-766,3246,8841
-873,3104,8773
-873,3104,8773
-873,3104,8773
-873,3104,8773
-873,3104,8773
-873,3104,8773
-873,3104,8773
-873,3104,8773
-873,3104,8773
-889,2988,8673
-889,2988,8673
-889,2988,8673
-889,2988,8673
-889,2988,8673
-889,2988,8673
-889,2988,8673
-889,2988,8673
-889,2988,8673
-974,2845,8647
-974,2845,8647
-974,2845,8647
-974,2845,8647
-974,2845,8647
-974,2845,8647
-974,2845,8647
-974,2845,8647
-974,2845,8647
-998,2675,8658
-998,2675,8658
-998,2675,8658
-998,2675,8658
-998,2675,8658
-998,2675,8658
-998,2675,8658
-998,2675,8658
-998,2675,8658
-1029,2509,8581
-1029,2509,8581
-1029,2509,8581
-1029,2509,8581
-1029,2509,8581
-1029,2509,8581
-1029,2509,8581
-1029,2509,8581
-1029,2509,8581
-1029,2509,8581
-1035,2415,8537
-1035,2415,8537
-1035,2415,8537
-1035,2415,8537
-1035,2415,8537
-1035,2415,8537
-1035,2415,8537
-1035,2415,8537
-1095,2362,8458
-1095,2362,8458
-1095,2362,8458
-1095,2362,8458
-1095,2362,8458
-1095,2362,8458
-1095,2362,8458
-1095,2362,8458
-1095,2362,8458
-1095,2362,8458
-1178,2297,8313
-1178,2297,8313
-1178,2297,8313
-1178,2297,8313
-1178,2297,8313
-1178,2297,8313
-1178,2297,8313
-1178,2297,8313
-1178,2297,8313
-1178,2297,8313
-1305,2282,8137
-1305,2282,8137
-1305,2282,8137
-1305,2282,8137
-1305,2282,8137
-1305,2282,8137
-1305,2282,8137
-1305,2282,8137
-1329,2220,8133
-1329,2220,8133
-1329,2220,8133
-1329,2220,8133
-1329,2220,8133
-1329,2220,8133
-1329,2220,8133
-1329,2220,8133
-1329,2220,8133
-1339,2162,8076
-1339,2162,8076
-1339,2162,8076
-1339,2162,8076
-1339,2162,8076
-1339,2162,8076
-1339,2162,8076
-1339,2162,8076
-1339,2162,8076
-1298,2114,8103
-1298,2114,8103
-1298,2114,8103
-1298,2114,8103
-1298,2114,8103
-1298,2114,8103
-1298,2114,8103
-1298,2114,8103
-1298,2114,8103
-1289,2041,8113
-1289,2041,8113
-1289,2041,8113
-1289,2041,8113
-1289,2041,8113
-1289,2041,8113
-1289,2041,8113
-1289,2041,8113
-1289,2041,8113
-1289,2041,8181
-1240,1953,8181
-1240,1953,8181
-1240,1953,8181
-1240,1953,8181
-1240,1953,8181
-1240,1953,8181
-1240,1953,8181
-1240,1953,8181
-1240,1953,8181
-1168,1811,8173
-1168,1811,8173
-1168,1811,8173
-1168,1811,8173
-1168,1811,8173
-1168,1811,8173
-1168,1811,8173
-1168,1811,8173
-1168,1811,8173
-1121,1703,8174
-1121,1703,8174
-1121,1703,8174
-1121,1703,8174
-1121,1703,8174
-1121,1703,8174
-1121,1703,8174
-1121,1703,8174
-1121,1703,8174
-930,1543,8289
-930,1543,8289
-930,1543,8289
-930,1543,8289
-930,1543,8289
-930,1543,8289
-930,1543,8289
-930,1543,8289
-930,1543,8289
-756,1420,8259
-756,1420,8259
-756,1420,8259
-756,1420,8259
-756,1420,8259
-756,1420,8259
-756,1420,8259
-756,1420,8259
-756,1420,8259
-596,1344,8411
-596,1344,8411
-596,1344,8411
-596,1344,8411
-596,1344,8411
-596,1344,8411
-596,1344,8411
-596,1344,8411
-596,1344,8411
-418,1263,8507
-418,1263,8507
-418,1263,8507
-418,1263,8507
-418,1263,8507
-418,1263,8507
-418,1263,8507
-418,1263,8507
-418,1263,8507
-271,1286,8658
-271,1286,8658
-271,1286,8658
-271,1286,8658
-271,1286,8658
-271,1286,8658
-271,1286,8658
-271,1286,8658
-271,1286,8658
-271,1286,8658
-148,1287,8755
-148,1287,8755
-148,1287,8755
-148,1287,8755
-148,1287,8755
-148,1287,8755
-148,1287,8755
-148,1287,8755
-148,1287,8755
-1,1315,8860
-1,1315,8860
-1,1315,8860
-1,1315,8860
-1,1315,8860
-1,1315,8860
-1,1315,8860
-1,1315,8860
-1,1315,8860
180,1335,8956
180,1335,8956
180,1335,8956
180,1335,8956
180,1335,8956
180,1335,8956
180,1335,8956
180,1335,8956
180,1335,8956
310,1400,9006
310,1400,9006
310,1400,9006
310,1400,9006
310,1400,9006
310,1400,9006
310,1400,9006
310,1400,9006
310,1400,9006
440,1448,9151
440,1448,9151
440,1448,9151
440,1448,9151
440,1448,9151
440,1448,9151
440,1448,9151
606,1552,9230
606,1552,9230
606,1552,9230
606,1552,9230
606,1552,9230
606,1552,9230
768,1700,9351
768,1700,9351
768,1700,9351
768,1700,9351
768,1700,9351
768,1700,9351
768,1700,9351
768,1700,9351
768,1700,9351
768,1700,9351
935,1891,9421
935,1891,9421
935,1891,9421
935,1891,9421
935,1891,9421
935,1891,9421
935,1891,9421
935,1891,9421
935,1891,9421
1041,2065,9473
1041,2065,9473
1041,2065,9473
1041,2065,9473
1041,2065,9473
1041,2065,9473
1041,2065,9473
1041,2065,9473
1100,2259,9575
1100,2259,9575
1100,2259,9575
1100,2259,9575
1100,2259,9575
1100,2259,9575
1100,2259,9575
1100,2259,9575
1100,2259,9575
1117,2454,9557
1117,2454,9557
1117,2454,9557
1117,2454,9557
1117,2454,9557
1117,2454,9557
1117,2454,9557
1117,2454,9557
1117,2454,9557
1151,2618,9604
1151,2618,9604
1151,2618,9604
1151,2618,9604
1151,2618,9604
1151,2618,9604
1151,2618,9604
1151,2618,9604
1151,2618,9604
1151,2618,9604
1088,2757,9604
1088,2757,9604
1088,2757,9604
1088,2757,9604
1088,2757,9604
1088,2757,9604
1088,2757,9604
1088,2757,9604
1088,2757,9604
1078,2924,9634
1078,2924,9634
1078,2924,9634
1078,2924,9634
1078,2924,9634
1078,2924,9634
1078,2924,9634
1078,2924,9634
1078,2924,9634
996,3059,9592
996,3059,9592
996,3059,9592
996,3059,9592
996,3059,9592
996,3059,9592
996,3059,9592
996,3059,9592
996,3059,9592
939,3183,9570
939,3183,9570
939,3183,9570
939,3183,9570
939,3183,9570
939,3183,9570
939,3183,9570
939,3183,9570
939,3183,9570
939,3304,9585
886,3304,9585
886,3304,9585
886,3304,9585
886,3304,9585
886,3304,9585
886,3304,9585
886,3304,9585
886,3304,9585
886,3304,9585
779,3411,9536
779,3411,9536
779,3411,9536
779,3411,9536
779,3411,9536
779,3411,9536
779,3411,9536
779,3411,9536
779,3411,9536
694,3565,9497
694,3565,9497
694,3565,9497
694,3565,9497
694,3565,9497
694,3565,9497
694,3565,9497
694,3565,9497
632,3682,9453
632,3682,9453
632,3682,9453
632,3682,9453
632,3682,9453
632,3682,9453
632,3682,9453
632,3682,9453
632,3682,9453
492,3754,9410
492,3754,9410
492,3754,9410
492,3754,9410
492,3754,9410
492,3754,9410
492,3754,9410
492,3754,9410
492,3754,9410
377,3886,9325
377,3886,9325
377,3886,9325
377,3886,9325
377,3886,9325
377,3886,9325
377,3886,9325
377,3886,9325
377,3886,9325
219,3970,9268
219,3970,9268
219,3970,9268
219,3970,9268
219,3970,9268
219,3970,9268
219,3970,9268
219,3970,9268
219,3970,9268
68,4006,9174
68,4006,9174
68,4006,9174
68,4006,9174
68,4006,9174
68,4006,9174
68,4006,9174
68,4006,9174
68,4006,9174
68,4006,9174
-97,4010,9095
-97,4010,9095
-97,4010,9095
-97,4010,9095
-97,4010,9095
-97,4010,9095
-97,4010,9095
-97,4010,9095
-97,4010,9095
-97,4010,9095
-244,4041,9022
-244,4041,9022
-244,4041,9022
-244,4041,9022
-244,4041,9022
-244,4041,9022
-244,4041,9022
-244,4041,9022
-244,4041,9022
-397,4029,8918
-397,4029,8918
-397,4029,8918
-397,4029,8918
-397,4029,8918
-397,4029,8918
-397,4029,8918
-397,4029,8918
-397,4029,8918
-567,3982,8817
-567,3982,8817
-567,3982,8817
-567,3982,8817
-567,3982,8817
-567,3982,8817
-567,3982,8817
-567,3982,8817
-567,3982,8817
-674,3909,8716
-674,3909,8716
-674,3909,8716
-674,3909,8716
-674,3909,8716
-674,3909,8716
-674,3909,8716
-674,3909,8716
-898,3802,8590
-898,3802,8590
-898,3802,8590
-898,3802,8590
-898,3802,8590
-898,3802,8590
-898,3802,8590
-898,3802,8590
-898,3802,8590
-898,3802,8590
-984,3586,8582
-984,3586,8582
-984,3586,8582
-984,3586,8582
-984,3586,8582
-984,3586,8582
-984,3586,8582
-984,3586,8582
-984,3586,8582
-1092,3402,8480
-1092,3402,8480
-1092,3402,8480
-1092,3402,8480
-1092,3402,8480
-1092,3402,8480
-1092,3402,8480
-1092,3402,8480
-1092,3402,8480
-1167,3218,8500
-1167,3218,8500
-1167,3218,8500
-1167,3218,8500
-1167,3218,8500
-1167,3218,8500
-1167,3218,8500
-1167,3218,8500
-1167,3218,8500
-1228,3022,8461
-1228,3022,8461
-1228,3022,8461
-1228,3022,8461
-1228,3022,8461
-1228,3022,8461
-1228,3022,8461
-1228,3022,8461
-1228,3022,8461
-1279,2878,8387
-1279,2878,8387
-1279,2878,8387
-1279,2878,8387
-1277,2763,8364
-1277,2763,8364
-1277,2763,8364
-1277,2763,8364
-1277,2763,8364
-1277,2763,8364
-1277,2763,8364
-1277,2763,8364
-1277,2763,8364
-1277,2579,8326
-1277,2579,8326
-1277,2579,8326
-1277,2579,8326
-1277,2579,8326
-1277,2579,8326
-1277,2579,8326
-1277,2579,8326
-1277,2579,8326
-1277,2579,8326
-1298,2444,8270
-1298,2444,8270
-1298,2444,8270
-1298,2444,8270
-1298,2444,8270
-1298,2444,8270
-1298,2444,8270
-1298,2444,8270
-1298,2444,8270
-1234,2336,8320
-1234,2336,8320
-1234,2336,8320
-1234,2336,8320
-1234,2336,8320
-1234,2336,8320
-1234,2336,8320
-1234,2336,8320
-1234,2253,8315
-1212,2253,8315
-1212,2253,8315
-1212,2253,8315
-1212,2253,8315
-1212,2253,8315
-1212,2253,8315
-1212,2253,8315
-1212,2253,8315
-1282,2187,8157
-1282,2187,8157
-1282,2187,8157
-1282,2187,8157
-1282,2187,8157
-1282,2187,8157
-1282,2187,8157
-1282,2187,8157
-1282,2187,8157
-1355,2038,7963
-1355,2038,7963
-1355,2038,7963
-1355,2038,7963
-1355,2038,7963
-1355,2038,7963
-1355,2038,7963
-1355,2038,7963
-1355,2038,7963
-1555,1988,7790
-1555,1988,7790
-1555,1988,7790
-1555,1988,7790
-1555,1988,7790
-1555,1988,7790
-1555,1988,7790
-1555,1988,7790
-1555,1988,7790
-1586,2051,7586
-1586,2051,7586
-1586,2051,7586
-1586,2051,7586
-1586,2051,7586
-1586,2051,7586
-1586,2051,7586
-1586,2051,7586
-1586,2051,7586
-1586,2051,7586
-1714,2077,7275
-1714,2077,7275
-1714,2077,7275
-1714,2077,7275
-1714,2077,7275
-1714,2077,7275
-1714,2077,7275
-1714,2077,7275
-1714,2077,7275
-1826,2141,6966
-1826,2141,6966
-1826,2141,6966
-1826,2141,6966
-1826,2141,6966
-1826,2141,6966
-1826,2141,6966
-1826,2141,6966
-1826,2141,6966
-1879,2152,6878
-1879,2152,6878
-1879,2152,6878
-1879,2152,6878
-1879,2152,6878
-1879,2152,6878
-1879,2152,6878
-1879,2152,6878
-1879,2152,6878
-1814,2114,6937
-1814,2114,6937
-1814,2114,6937
-1814,2114,6937
-1814,2114,6937
-1814,2114,6937
-1814,2114,6937
-1814,2114,6937
-1814,2114,6937
-1768,1997,6995
-1768,1997,6995
-1768,1997,6995
-1768,1997,6995
-1768,1997,6995
-1768,1997,6995
-1768,1997,6995
-1768,1997,6995
-1768,1997,6995
-1710,1883,7104
-1710,1883,7104
-1710,1883,7104
-1710,1883,7104
-1710,1883,7104
-1710,1883,7104
-1710,1883,7104
-1710,1883,7104
-1710,1883,7104
-1617,1778,7215
-1617,1778,7215
-1617,1778,7215
-1617,1778,7215
-1617,1778,7215
-1617,1778,7215
-1617,1778,7215
-1617,1778,7215
-1617,1778,7215
-1617,1778,7215
-1510,1692,7329
-1510,1692,7329
-1510,1692,7329
-1510,1692,7329
-1510,1692,7329
-1510,1692,7329
-1510,1692,7329
-1510,1692,7329
-1510,1692,7329
-1427,1589,7437
-1427,1589,7437
-1427,1589,7437
-1427,1589,7437
-1427,1589,7437
-1427,1589,7437
-1427,1589,7437
-1427,1589,7437
-1427,1589,7437
-1318,1494,7607
-1318,1494,7607
-1318,1494,7607
-1318,1494,7607
-1318,1494,7607
-1318,1494,7607
-1318,1494,7607
-1318,1494,7607
-1318,1494,7607
-1147,1392,7764
-1147,1392,7764
-1147,1392,7764
-1147,1392,7764
-1147,1392,7764
-1147,1392,7764
-1147,1392,7764
-1147,1392,7764
-1147,1392,7764
-971,1357,8040
-971,1357,8040
-971,1357,8040
-971,1357,8040
-971,1357,8040
-971,1357,8040
-971,1357,8040
-971,1357,8040
-971,1357,8040
-821,1363,8244
-821,1363,8244
-821,1363,8244
-821,1363,8244
-821,1363,8244
-821,1363,8244
-821,1363,8244
-821,1363,8244
-821,1363,8244
-821,1363,8244
-590,1372,8468
-590,1372,8468
-590,1372,8468
-590,1372,8468
-590,1372,8468
-590,1372,8468
-590,1372,8468
-590,1372,8468
-590,1372,8468
-427,1446,8575
-427,1446,8575
-427,1446,8575
-427,1446,8575
-427,1446,8575
-427,1446,8575
-427,1446,8575
-427,1446,8575
-427,1446,8575
-360,1596,8746
-360,1596,8746
-360,1596,8746
-360,1596,8746
-360,1596,8746
-360,1596,8746
-360,1596,8746
-360,1596,8746
-269,1698,8823
-269,1698,8823
-269,1698,8823
-269,1698,8823
-269,1698,8823
-269,1698,8823
-269,1698,8823
-269,1698,8823
-269,1698,8823
-187,1842,8847
-187,1842,8847
-187,1842,8847
-187,1842,8847
-187,1842,8847
-187,1842,8847
-187,1842,8847
-204,1957,8951
-204,1957,8951
-204,1957,8951
-204,1957,8951
-204,1957,8951
-204,1957,8951
-204,1957,8951
-178,2102,8955
-178,2102,8955
-178,2102,8955
-178,2102,8955
-178,2102,8955
-178,2102,8955
-178,2102,8955
-178,2102,8955
-178,2102,8955
-121,2231,9072
-121,2231,9072
-121,2231,9072
-121,2231,9072
-121,2231,9072
-121,2231,9072
-121,2231,9072
-121,2231,9072
-121,2231,9072
-20,2331,9130
-20,2331,9130
-20,2331,9130
-20,2331,9130
-20,2331,9130
-20,2331,9130
-20,2331,9130
-20,2331,9130
-20,2331,9130
-54,2510,9179
-54,2510,9179
-54,2510,9179
-54,2510,9179
-54,2510,9179
-54,2510,9179
-54,2510,9179
-54,2510,9179
-54,2510,9179
29,2618,9242
29,2618,9242
29,2618,9242
29,2618,9242
29,2618,9242
29,2618,9242
29,2618,9242
29,2618,9242
29,2618,9242
29,2618,9242
62,2766,9242
62,2766,9242
62,2766,9242
62,2766,9242
62,2766,9242
62,2766,9242
62,2766,9242
62,2766,9242
62,2766,9242
66,2891,9255
66,2891,9255
66,2891,9255
66,2891,9255
66,2891,9255
66,2891,9255
66,2891,9255
66,2891,9255
1,3012,9220
1,3012,9220
1,3012,9220
1,3012,9220
1,3012,9220
1,3012,9220
1,3012,9220
1,3012,9220
1,3012,9220
-36,3072,9240
-36,3072,9240
-36,3072,9240
-36,3072,9240
-36,3072,9240
-36,3072,9240
-36,3072,9240
-36,3072,9240
-36,3072,9240
-36,3072,9240
-7,3143,9223
-7,3143,9223
-7,3143,9223
-7,3143,9223
-7,3143,9223
-7,3143,9223
-7,3143,9223
-7,3143,9223
-7,3143,9223
209,3235,9366
209,3235,9366
209,3235,9366
209,3235,9366
209,3235,9366
209,3235,9366
209,3235,9366
209,3235,9366
209,3235,9366
587,3245,9497
587,3245,9497
587,3245,9497
587,3245,9497
587,3245,9497
587,3245,9497
587,3245,9497
587,3245,9497
587,3245,9497
1337,3229,9616
1337,3229,9616
1337,3229,9616
1337,3229,9616
1337,3229,9616
1337,3229,9616
1337,3229,9616
1337,3229,9616
1337,3229,9616
1924,3289,9694
1924,3289,9694
1924,3289,9694
1924,3289,9694
1924,3289,9694
1924,3289,9694
1924,3289,9694
1924,3289,9694
1924,3289,9694
1924,3289,9511
2661,3372,9511
2661,3372,9511
2661,3372,9511
2661,3372,9511
2661,3372,9511
2661,3372,9511
2661,3372,9511
2661,3372,9511
2661,3372,9511
3153,3366,9303
3153,3366,9303
3153,3366,9303
3153,3366,9303
3153,3366,9303
3153,3366,9303
3153,3366,9303
3153,3366,9303
3153,3366,9303
3586,3448,9091
3586,3448,9091
3586,3448,9091
3586,3448,9091
3586,3448,9091
3586,3448,9091
3586,3448,9091
3586,3448,9091
3913,3421,8911
3913,3421,8911
3913,3421,8911
3913,3421,8911
3913,3421,8911
3913,3421,8911
3913,3421,8911
3913,3421,8911
3913,3421,8911
4215,3405,8653
4215,3405,8653
4215,3405,8653
4215,3405,8653
4215,3405,8653
4215,3405,8653
4215,3405,8653
4215,3405,8653
4215,3405,8653
4332,3456,8490
4332,3456,8490
4332,3456,8490
4332,3456,8490
4332,3456,8490
4332,3456,8490
4332,3456,8490
4332,3456,8490
4332,3456,8490
4406,3458,8418
4406,3458,8418
4406,3458,8418
4406,3458,8418
4406,3458,8418
4406,3458,8418
4406,3458,8418
4406,3458,8418
4406,3458,8418
4406,3458,8418
4440,3491,8387
4440,3491,8387
4440,3491,8387
4440,3491,8387
4440,3491,8387
4440,3491,8387
4440,3491,8387
4440,3491,8387
4440,3491,8387
4440,3516,8423
4440,3516,8423
4440,3516,8423
4440,3516,8423
4440,3516,8423
4440,3516,8423
4440,3516,8423
4440,3516,8423
4440,3516,8423
4357,3627,8400
4357,3627,8400
4357,3627,8400
4357,3627,8400
4357,3627,8400
4357,3627,8400
4357,3627,8400
4357,3627,8400
4357,3627,8400
4267,3786,8514
4267,3786,8514
4267,3786,8514
4267,3786,8514
4267,3786,8514
4267,3786,8514
4267,3786,8514
4267,3786,8514
4267,3786,8514
4267,3786,8514
4145,3910,8609
4145,3910,8609
4145,3910,8609
4145,3910,8609
4145,3910,8609
4145,3910,8609
4145,3910,8609
4145,3910,8609
4145,3910,8609
3985,4009,8676
3985,4009,8676
3985,4009,8676
3985,4009,8676
3985,4009,8676
3985,4009,8676
3985,4009,8676
3985,4009,8676
3843,4083,8757
3843,4083,8757
3843,4083,8757
3843,4083,8757
3843,4083,8757
3843,4083,8757
3843,4083,8757
3843,4083,8757
3843,4083,8757
3677,4162,8889
3677,4162,8889
3677,4162,8889
3677,4162,8889
3459,4144,8989
3459,4144,8989
3459,4144,8989
3459,4144,8989
3459,4144,8989
3459,4144,8989
3459,4144,8989
3459,4144,8989
3459,4144,8989
3459,4144,8989
3193,4171,9132
3193,4171,9132
3193,4171,9132
3193,4171,9132
3193,4171,9132
3193,4171,9132
3193,4171,9132
3193,4171,9132
3193,4171,9132
3058,4088,9253
3058,4088,9253
3058,4088,9253
3058,4088,9253
3058,4088,9253
3058,4088,9253
3058,4088,9253
3058,4088,9253
3058,4088,9253
2811,3959,9337
2811,3959,9337
2811,3959,9337
2811,3959,9337
2811,3959,9337
2811,3959,9337
2811,3959,9337
2811,3959,9337
2811,3959,9337
2670,3789,9454
2670,3789,9454
2670,3789,9454
2670,3789,9454
2670,3789,9454
2670,3789,9454
2670,3789,9454
2670,3789,9454
2670,3789,9454
2537,3573,9538
2537,3573,9538
2537,3573,9538
2537,3573,9538
2537,3573,9538
2537,3573,9538
2537,3573,9538
2537,3573,9538
2537,3573,9538
2537,3573,9538
2429,3434,9573
2429,3434,9573
2429,3434,9573
2429,3434,9573
2429,3434,9573
2429,3434,9573
2429,3434,9573
2429,3434,9573
2429,3434,9573
2313,3260,9647
2313,3260,9647
2313,3260,9647
2313,3260,9647
2313,3260,9647
2313,3260,9647
2313,3260,9647
2313,3260,9647
2313,3260,9647
2297,3056,9662
2297,3056,9662
2297,3056,9662
2297,3056,9662
2297,3056,9662
2297,3056,9662
2297,3056,9662
2297,3056,9662
2272,2849,9646
2272,2849,9646
2272,2849,9646
2272,2849,9646
2272,2849,9646
2272,2849,9646
2272,2849,9646
2272,2849,9646
2272,2849,9646
2273,2628,9719
2273,2628,9719
2273,2628,9719
2273,2628,9719
2273,2628,9719
2273,2628,9719
2273,2628,9719
2273,2628,9719
2273,2628,9719
2278,2510,9688
2278,2510,9688
2278,2510,9688
2278,2510,9688
2278,2510,9688
2278,2510,9688
2278,2510,9688
2278,2510,9688
2278,2510,9688
2323,2316,9628
2323,2316,9628
2323,2316,9628
2323,2316,9628
2323,2316,9628
2323,2316,9628
2323,2316,9628
2323,2316,9628
2323,2316,9628
2323,2316,9628
2386,2209,9583
2386,2209,9583
2386,2209,9583
2386,2209,9583
2386,2209,9583
2386,2209,9583
2386,2209,9583
2386,2209,9583
2386,2209,9583
2364,2117,9547
2364,2117,9547
2364,2117,9547
2364,2117,9547
2364,2117,9547
2364,2117,9547
2364,2117,9547
2364,2117,9547
2364,2117,9547
2442,1981,9539
2442,1981,9539
2442,1981,9539
2442,1981,9539
2442,1981,9539
2442,1981,9539
2442,1981,9539
2442,1981,9539
2442,1981,9539
2442,1981,9539
2465,1907,9457
2465,1907,9457
2465,1907,9457
2465,1907,9457
2465,1907,9457
2465,1907,9457
2465,1907,9457
2465,1907,9457
2465,1907,9457
2462,1861,9454
2462,1861,9454
2462,1861,9454
2462,1861,9454
2462,1861,9454
2462,1861,9454
2462,1861,9454
2462,1861,9454
2462,1861,9454
2533,1800,9449
2533,1800,9449
2533,1800,9449
2533,1800,9449
2533,1800,9449
2533,1800,9449
2533,1800,9449
2533,1800,9449
2565,1757,9405
2565,1757,9405
2565,1757,9405
2565,1757,9405
2565,1757,9405
2565,1757,9405
2565,1757,9405
2565,1757,9405
2565,1757,9405
2631,1674,9393
2631,1674,9393
2631,1674,9393
2631,1674,9393
2631,1674,9393
2631,1674,9393
2631,1674,9393
2631,1674,9393
2631,1674,9393
2720,1609,9323
2720,1609,9323
2720,1609,9323
2720,1609,9323
2720,1609,9323
2720,1609,9323
2720,1609,9323
2720,1609,9323
2720,1609,9323
2725,1569,9315
2725,1569,9315
2725,1569,9315
2725,1569,9315
2725,1569,9315
2725,1569,9315
2725,1569,9315
2725,1569,9315
2725,1569,9315
2725,1569,9315
2468,1440,9305
2468,1440,9305
2468,1440,9305
2468,1440,9305
2468,1440,9305
2468,1440,9305
2468,1440,9305
2468,1440,9305
2468,1417,9075
3067,1417,9075
3067,1417,9075
3067,1417,9075
3067,1417,9075
3067,1417,9075
3067,1417,9075
3067,1417,9075
3067,1417,9075
3067,1417,9075
3478,1515,8838
3478,1515,8838
3478,1515,8838
3478,1515,8838
3478,1515,8838
3478,1515,8838
3478,1515,8838
3478,1515,8838
3478,1515,8838
3478,1515,8838
3769,1559,8679
3769,1559,8679
3769,1559,8679
3769,1559,8679
3769,1559,8679
3769,1559,8679
3769,1559,8679
3769,1559,8679
3769,1559,8679
3922,1540,8652
3922,1540,8652
3922,1540,8652
3922,1540,8652
3922,1540,8652
3922,1540,8652
3922,1540,8652
3922,1540,8652
3922,1540,8652
4014,1496,8501
4014,1496,8501
4014,1496,8501
4119,1474,8425
4119,1474,8425
4119,1474,8425
4119,1474,8425
4119,1474,8425
4119,1474,8425
4119,1474,8425
4119,1474,8425
4119,1474,8425
4214,1494,8315
4214,1494,8315
4214,1494,8315
4214,1494,8315
4214,1494,8315
4214,1494,8315
4214,1494,8315
4214,1494,8315
4214,1494,8315
4234,1474,8308
4234,1474,8308
4234,1474,8308
4234,1474,8308
4234,1474,8308
4234,1474,8308
4234,1474,8308
4234,1474,8308
4234,1474,8308
4310,1466,8139
4310,1466,8139
4310,1466,8139
4310,1466,8139
4310,1466,8139
4310,1466,8139
4310,1466,8139
4310,1466,8139
4310,1466,8139
4377,1397,7950
4377,1397,7950
4377,1397,7950
4377,1397,7950
4377,1397,7950
4377,1397,7950
4377,1397,7950
4377,1397,7950
4377,1397,7950
4377,1397,7950
4458,1422,7830
4458,1422,7830
4458,1422,7830
4458,1422,7830
4458,1422,7830
4458,1422,7830
4458,1422,7830
4458,1422,7830
4458,1422,7830
4458,1422,7675
4529,1448,7675
4529,1448,7675
4529,1448,7675
4529,1448,7675
4529,1448,7675
4529,1448,7675
4529,1448,7675
4529,1448,7675
4529,1448,7675
4670,1599,7551
4670,1599,7551
4670,1599,7551
4670,1599,7551
4670,1599,7551
4670,1599,7551
4670,1599,7551
4670,1599,7551
4670,1599,7551
4685,1727,7344
4685,1727,7344
4685,1727,7344
4685,1727,7344
4685,1727,7344
4685,1727,7344
4685,1727,7344
4685,1727,7344
4685,1727,7344
4787,1843,7247
4787,1843,7247
4787,1843,7247
4787,1843,7247
4787,1843,7247
4787,1843,7247
4787,1843,7247
4787,1843,7247
4847,1990,7065
4847,1990,7065
4847,1990,7065
4847,1990,7065
4847,1990,7065
4847,1990,7065
4847,1990,7065
4847,1990,7065
4847,1990,7065
4847,2179,6938
4957,2179,6938
4957,2179,6938
4957,2179,6938
4957,2179,6938
4957,2179,6938
4957,2179,6938
4957,2179,6938
4957,2179,6938
4957,2179,6938
4986,2413,6915
4986,2413,6915
4986,2413,6915
4986,2413,6915
4986,2413,6915
4986,2413,6915
4986,2413,6915
4986,2413,6915
4986,2413,6915
5084,2554,6822
5084,2554,6822
5084,2554,6822
5084,2554,6822
5084,2554,6822
5084,2554,6822
5084,2554,6822
5084,2554,6822
5084,2554,6822
5097,2760,6834
5097,2760,6834
5097,2760,6834
5097,2760,6834
5097,2760,6834
5097,2760,6834
5097,2760,6834
5097,2760,6834
5097,2760,6834
5132,2981,6853
5132,2981,6853
5132,2981,6853
5132,2981,6853
5132,2981,6853
5132,2981,6853
5132,2981,6853
5132,2981,6853
5132,2981,6853
5133,3138,6950
5133,3138,6950
5133,3138,6950
5133,3138,6950
5133,3138,6950
5133,3138,6950
5133,3138,6950
5133,3138,6950
5133,3138,6950
5045,3353,7041
5045,3353,7041
5045,3353,7041
5045,3353,7041
5045,3353,7041
5045,3353,7041
5045,3353,7041
5045,3353,7041
5045,3353,7041
5045,3353,7041
4982,3434,7303
4982,3434,7303
4982,3434,7303
4982,3434,7303
4982,3434,7303
4982,3434,7303
4982,3434,7303
4982,3434,7303
4982,3434,7303
4783,3531,7702
4783,3531,7702
4783,3531,7702
4783,3531,7702
4783,3531,7702
4783,3531,7702
4783,3531,7702
4783,3531,7702
4422,3468,8324
4422,3468,8324
4422,3468,8324
4422,3468,8324
4422,3468,8324
4422,3468,8324
4422,3468,8324
4422,3468,8324
4422,3468,8324
4422,3468,8324
3826,3265,8978
3826,3265,8978
3826,3265,8978
3826,3265,8978
3826,3265,8978
3826,3265,8978
3826,3265,8978
3826,3265,8978
3826,3265,8978
3257,3068,9296
3257,3068,9296
3257,3068,9296
3257,3068,9296
3257,3068,9296
3257,3068,9296
3257,3068,9296
3257,3068,9296
3257,3068,9296
2839,2965,9488
2839,2965,9488
2839,2965,9488
2839,2965,9488
2839,2965,9488
2839,2965,9488
2839,2965,9488
2839,2965,9488
2839,2965,9488
2771,3053,9472
2771,3053,9472
2771,3053,9472
2771,3053,9472
2771,3053,9472
2771,3053,9472
2771,3053,9472
2771,3053,9472
2771,3053,9472
2809,2999,9457
2809,2999,9457
2809,2999,9457
2809,2999,9457
2809,2999,9457
2809,2999,9457
2809,2999,9457
2809,2999,9457
2809,2999,9457
2737,2783,9540
2737,2783,9540
2737,2783,9540
2737,2783,9540
2737,2783,9540
2737,2783,9540
2737,2783,9540
2737,2783,9540
2737,2783,9540
2686,2482,9516
2686,2482,9516
2686,2482,9516
2686,2482,9516
2686,2482,9516
2686,2482,9516
2686,2482,9516
2635,2151,9508
2635,2151,9508
2635,2151,9508
2635,2151,9508
2635,2151,9508
2635,2151,9508
2635,2151,9508
2584,1953,9462
2584,1953,9462
2584,1953,9462
2584,1953,9462
2584,1953,9462
2584,1953,9462
2584,1953,9462
2584,1953,9462
2584,1953,9462
2584,1953,9462
2568,1914,9448
2568,1914,9448
2568,1914,9448
2568,1914,9448
2568,1914,9448
2568,1914,9448
2568,1914,9448
2568,1914,9448
2582,1942,9445
2582,1942,9445
2582,1942,9445
2582,1942,9445
2582,1942,9445
2582,1942,9445
2582,1942,9445
2582,1942,9445
2582,1942,9445
2514,2007,9489
2514,2007,9489
2514,2007,9489
2514,2007,9489
2514,2007,9489
2514,2007,9489
2514,2007,9489
2514,2007,9489
2514,2007,9489
2510,2109,9524
2510,2109,9524
2510,2109,9524
2510,2109,9524
2510,2109,9524
2510,2109,9524
2510,2109,9524
2510,2109,9524
2510,2109,9524
2389,2218,9573
2389,2218,9573
2389,2218,9573
2389,2218,9573
2389,2218,9573
2389,2218,9573
2389,2218,9573
2389,2218,9573
2389,2218,9573
2266,2367,9639
2266,2367,9639
2266,2367,9639
2266,2367,9639
2266,2367,9639
2266,2367,9639
2266,2367,9639
2266,2367,9639
2266,2367,9639
2100,2497,9678
2100,2497,9678
2100,2497,9678
2100,2497,9678
2100,2497,9678
2100,2497,9678
2100,2497,9678
2100,2497,9678
2100,2497,9678
1953,2616,9689
1953,2616,9689
1953,2616,9689
1953,2616,9689
1953,2616,9689
1953,2616,9689
1953,2616,9689
1953,2616,9689
1953,2616,9689
1953,2616,9689
1811,2676,9728
1811,2676,9728
1811,2676,9728
1811,2676,9728
1811,2676,9728
1811,2676,9728
1811,2676,9728
1811,2676,9728
1811,2676,9728
1589,2720,9719
1589,2720,9719
1589,2720,9719
1589,2720,9719
1589,2720,9719
1589,2720,9719
1589,2720,9719
1589,2720,9719
1589,2720,9719
1589,2720,9719
1298,2782,9708
1298,2782,9708
1298,2782,9708
1298,2782,9708
1298,2782,9708
1298,2782,9708
1298,2782,9708
1298,2782,9708
1049,2732,9700
1049,2732,9700
1049,2732,9700
1049,2732,9700
1049,2732,9700
1049,2732,9700
1049,2732,9700
1049,2732,9700
1049,2732,9700
785,2713,9659
785,2713,9659
785,2713,9659
785,2713,9659
785,2713,9659
785,2713,9659
785,2713,9659
785,2713,9659
785,2713,9659
630,2631,9612
630,2631,9612
630,2631,9612
630,2631,9612
630,2631,9612
630,2631,9612
630,2631,9612
630,2631,9612
630,2631,9612
630,2631,9612
484,2582,9595
484,2582,9595
484,2582,9595
484,2582,9595
484,2582,9595
484,2582,9595
484,2582,9595
484,2582,9595
484,2582,9595
319,2499,9494
319,2499,9494
319,2499,9494
319,2499,9494
319,2499,9494
319,2499,9494
319,2499,9494
319,2499,9494
319,2499,9494
144,2415,9469
144,2415,9469
144,2415,9469
144,2415,9469
144,2415,9469
144,2415,9469
144,2415,9469
144,2415,9469
144,2415,9469
32,2284,9338
32,2284,9338
32,2284,9338
32,2284,9338
32,2284,9338
32,2284,9338
32,2284,9338
32,2284,9338
32,2284,9338
-101,2169,9315
-101,2169,9315
-101,2169,9315
-101,2169,9315
-101,2169,9315
-101,2169,9315
-101,2169,9315
-101,2169,9315
-101,2169,9315
-151,1976,9173
-151,1976,9173
-151,1976,9173
-151,1976,9173
-151,1976,9173
-151,1976,9173
-151,1976,9173
-151,1976,9173
-151,1976,9173
-230,1714,9059
-230,1714,9059
-230,1714,9059
-230,1714,9059
-230,1714,9059
-230,1714,9059
-230,1714,9059
-230,1714,9059
-230,1714,9059
-289,1483,8885
-289,1483,8885
-289,1483,8885
-289,1483,8885
-289,1483,8885
-289,1483,8885
-289,1483,8885
-289,1483,8885
-289,1483,8885
-289,1483,8842
-160,1219,8842
-160,1219,8842
-160,1219,8842
-160,1219,8842
-160,1219,8842
-160,1219,8842
-160,1219,8842
-160,1219,8842
-160,1219,8842
-63,1017,8699
-63,1017,8699
-63,1017,8699
-63,1017,8699
-63,1017,8699
-63,1017,8699
-63,1017,8699
-63,1017,8699
-63,1017,8699
56,820,8582
56,820,8582
56,820,8582
56,820,8582
56,820,8582
56,820,8582
56,820,8582
56,820,8582
56,820,8582
212,669,8530
212,669,8530
212,669,8530
212,669,8530
212,669,8530
212,669,8530
212,669,8530
212,669,8530
212,669,8530
355,544,8468
355,544,8468
355,544,8468
355,544,8468
355,544,8468
355,544,8468
355,544,8468
355,544,8468
355,544,8468
516,422,8491
516,422,8491
516,422,8491
516,422,8491
788,314,8429
788,314,8429
788,314,8429
788,314,8429
788,314,8429
788,314,8429
788,314,8429
788,314,8429
788,314,8429
788,314,8429
1116,238,8443
1116,238,8443
1116,238,8443
1116,238,8443
1116,238,8443
1116,238,8443
1116,238,8443
1116,238,8443
1428,195,8435
1428,195,8435
1428,195,8435
1428,195,8435
1428,195,8435
1428,195,8435
1428,195,8435
1428,195,8435
1428,195,8435
1742,191,8425
1742,191,8425
1742,191,8425
1742,191,8425
1742,191,8425
1742,191,8425
1742,191,8425
1742,191,8425
1742,191,8425
2071,152,8305
2071,152,8305
2071,152,8305
2071,152,8305
2071,152,8305
2071,152,8305
2071,152,8305
2071,152,8305
2071,152,8305
2071,152,8305
2216,57,8088
2216,57,8088
2216,57,8088
2216,57,8088
2216,57,8088
2216,57,8088
2216,57,8088
2216,57,8088
2216,57,8088
2362,-34,7964
2362,-34,7964
2362,-34,7964
2362,-34,7964
2362,-34,7964
2362,-34,7964
2362,-34,7964
2362,-34,7964
2362,-34,7964
2366,-21,7892
2366,-21,7892
2366,-21,7892
2366,-21,7892
2366,-21,7892
2366,-21,7892
2366,-21,7892
2366,-21,7892
2366,-21,7892
2477,7,7887
2477,7,7887
2477,7,7887
2477,7,7887
2477,7,7887
2477,7,7887
2477,7,7887
2477,7,7887
2477,7,7887
2535,118,8015
2535,118,8015
2535,118,8015
2535,118,8015
2535,118,8015
2535,118,8015
2535,118,8015
2535,118,8015
2535,118,8015
2535,118,8171
2586,194,8171
2586,194,8171
2586,194,8171
2586,194,8171
2586,194,8171
2586,194,8171
2586,194,8171
2586,194,8171
2586,194,8171
2598,330,8311
2598,330,8311
2598,330,8311
2598,330,8311
2598,330,8311
2598,330,8311
2598,330,8311
2598,330,8311
2598,330,8311
2634,421,8450
2634,421,8450
2634,421,8450
2634,421,8450
2634,421,8450
2634,421,8450
2634,421,8450
2634,421,8450
2613,547,8619
2613,547,8619
2613,547,8619
2613,547,8619
2613,547,8619
2613,547,8619
2613,547,8619
2613,547,8619
2613,547,8619
2630,614,8682
2630,614,8682
2630,614,8682
2630,614,8682
2630,614,8682
2630,614,8682
2630,614,8682
2630,614,8682
2630,614,8682
2548,704,8776
2548,704,8776
2548,704,8776
2548,704,8776
2548,704,8776
2548,704,8776
2548,704,8776
2548,704,8776
2548,704,8776
2454,742,8874
2454,742,8874
2454,742,8874
2454,742,8874
2454,742,8874
2454,742,8874
2454,742,8874
2454,742,8874
2454,742,8874
2454,742,8874
2338,820,9013
2338,820,9013
2338,820,9013
2338,820,9013
2338,820,9013
2338,820,9013
2338,820,9013
2338,820,9013
2338,820,9013
2338,820,9013
2150,884,9076
2150,884,9076
2150,884,9076
2150,884,9076
2150,884,9076
2150,884,9076
2150,884,9076
2150,884,9076
2150,884,9076
1949,966,9179
1949,966,9179
1949,966,9179
1949,966,9179
1949,966,9179
1949,966,9179
1949,966,9179
1949,966,9179
1949,966,9179
1764,1064,9232
1764,1064,9232
1764,1064,9232
1764,1064,9232
1764,1064,9232
1764,1064,9232
1764,1064,9232
1764,1064,9232
1764,1064,9232
1464,1072,9261
1464,1072,9261
1464,1072,9261
1464,1072,9261
1464,1072,9261
1464,1072,9261
1464,1072,9261
1464,1072,9261
1464,1072,9261
1186,1028,9199
1186,1028,9199
1186,1028,9199
1186,1028,9199
1186,1028,9199
1186,1028,9199
1186,1028,9199
1186,1028,9199
1186,1028,9199
958,1007,9140
958,1007,9140
958,1007,9140
958,1007,9140
958,1007,9140
958,1007,9140
958,1007,9140
958,1007,9140
958,1007,9140
814,911,9047
814,911,9047
814,911,9047
814,911,9047
814,911,9047
814,911,9047
814,911,9047
814,911,9047
814,911,9047
645,876,8986
645,876,8986
645,876,8986
645,876,8986
645,876,8986
645,876,8986
645,876,8986
645,876,8986
645,876,8986
473,852,8873
473,852,8873
473,852,8873
473,852,8873
473,852,8873
473,852,8873
473,852,8873
473,852,8873
473,852,8873
304,815,8764
304,815,8764
304,815,8764
304,815,8764
304,815,8764
304,815,8764
304,815,8764
304,815,8764
304,815,8764
130,787,8660
130,787,8660
130,787,8660
130,787,8660
130,787,8660
130,787,8660
130,787,8660
130,787,8660
130,787,8660
-25,675,8514
-25,675,8514
-25,675,8514
-25,675,8514
-25,675,8514
-25,675,8514
-25,675,8514
-25,675,8514
-25,675,8514
-25,675,8514
-86,540,8238
-86,540,8238
-86,540,8238
-86,540,8238
-86,540,8238
-146,387,7976
-146,387,7976
-146,387,7976
-146,387,7976
-146,387,7976
-146,387,7976
-146,387,7976
-146,387,7976
-146,387,7976
-133,245,7689
-133,245,7689
-133,245,7689
-133,245,7689
-133,245,7689
-133,245,7689
-133,245,7689
-133,245,7689
-133,245,7689
-124,84,7382
-124,84,7382
-124,84,7382
-124,84,7382
-124,84,7382
-124,84,7382
-124,84,7382
-124,84,7382
-50,-56,7116
-50,-56,7116
-50,-56,7116
-50,-56,7116
-50,-56,7116
-50,-56,7116
-50,-56,7116
-50,-56,7116
-50,-56,7116
83,-138,7000
83,-138,7000
83,-138,7000
83,-138,7000
83,-138,7000
83,-138,7000
83,-138,7000
83,-138,7000
83,-138,7000
225,-206,6964
225,-206,6964
225,-206,6964
225,-206,6964
225,-206,6964
225,-206,6964
225,-206,6964
225,-206,6964
225,-206,6964
225,-206,6964
412,-313,6848
412,-313,6848
412,-313,6848
412,-313,6848
412,-313,6848
412,-313,6848
412,-313,6848
412,-313,6848
412,-313,6848
573,-367,6783
573,-367,6783
573,-367,6783
573,-367,6783
573,-367,6783
573,-367,6783
573,-367,6783
573,-367,6783
573,-367,6783
767,-415,6743
767,-415,6743
767,-415,6743
767,-415,6743
767,-415,6743
767,-415,6743
767,-415,6743
767,-415,6743
767,-415,6743
1099,-501,6647
1099,-501,6647
1099,-501,6647
1099,-501,6647
1099,-501,6647
1099,-501,6647
1099,-501,6647
1099,-501,6647
1099,-501,6647
1444,-542,6608
1444,-542,6608
1444,-542,6608
1444,-542,6608
1444,-542,6608
1444,-542,6608
1444,-542,6608
1444,-542,6608
1444,-542,6608
1444,-542,6608
1737,-526,6688
1737,-526,6688
1737,-526,6688
1737,-526,6688
1737,-526,6688
1737,-526,6688
1737,-526,6688
1737,-526,6688
1737,-526,6688
2005,-455,6863
2005,-455,6863
2005,-455,6863
2005,-455,6863
2005,-455,6863
2005,-455,6863
2005,-455,6863
2005,-455,6863
2005,-455,6863
2224,-413,7025
2224,-413,7025
2224,-413,7025
2224,-413,7025
2224,-413,7025
2224,-413,7025
2224,-413,7025
2224,-413,7025
2224,-413,7025
2348,-321,7158
2348,-321,7158
2348,-321,7158
2348,-321,7158
2348,-321,7158
2348,-321,7158
2348,-321,7158
2348,-321,7158
2348,-321,7158
2492,-265,7334
2492,-265,7334
2492,-265,7334
2492,-265,7334
2492,-265,7334
2492,-265,7334
2492,-265,7334
2492,-265,7334
2492,-265,7334
2533,-173,7489
2533,-173,7489
2533,-173,7489
2533,-173,7489
2533,-173,7489
2533,-173,7489
2533,-173,7489
2533,-173,7489
2533,-173,7489
2585,-153,7612
2585,-153,7612
2585,-153,7612
2585,-153,7612
2585,-153,7612
2585,-153,7612
2585,-153,7612
2585,-153,7612
2585,-153,7612
2611,-35,7745
2611,-35,7745
2611,-35,7745
2611,-35,7745
2611,-35,7745
2611,-35,7745
2611,-35,7745
2611,-35,7745
2611,-35,7745
2642,31,7856
2642,31,7856
2642,31,7856
2642,31,7856
2642,31,7856
2642,31,7856
2642,31,7856
2642,31,7856
2642,31,7856
2615,-24,7771
2615,-24,7771
2615,-24,7771
2615,-24,7771
2615,-24,7771
2615,-24,7771
2615,-24,7771
2615,-24,7771
2615,-24,7771
2615,-24,7771
2659,-73,7690
2659,-73,7690
2659,-73,7690
2659,-73,7690
2659,-73,7690
2659,-73,7690
2659,-73,7690
2659,-73,7690
2661,-87,7737
2661,-87,7737
2661,-87,7737
2661,-87,7737
2661,-87,7737
2661,-87,7737
2661,-87,7737
2661,-87,7737
2661,-87,7737
2641,-66,7686
2641,-66,7686
2641,-66,7686
2641,-66,7686
2641,-66,7686
2641,-66,7686
2641,-66,7686
2641,-66,7686
2641,-66,7686
2641,-66,7686
2560,-138,7754
2560,-138,7754
2560,-138,7754
2560,-138,7754
2560,-138,7754
2560,-138,7754
2560,-138,7754
2560,-138,7754
2560,-138,7754
2489,-139,7775
2489,-139,7775
2489,-139,7775
2489,-139,7775
2489,-139,7775
2489,-139,7775
2489,-139,7775
2489,-139,7775
2489,-139,7775
2267,-156,7867
2267,-156,7867
2267,-156,7867
2267,-156,7867
2267,-156,7867
2267,-156,7867
2267,-156,7867
2267,-156,7867
2267,-156,7867
2047,-134,7952
2047,-134,7952
2047,-134,7952
2047,-134,7952
2047,-134,7952
2047,-134,7952
2047,-134,7952
2047,-134,7952
2047,-134,7952
1929,-156,7939
1929,-156,7939
1929,-156,7939
1929,-156,7939
1929,-156,7939
1929,-156,7939
1929,-156,7939
1929,-156,7939
1929,-156,7939
1746,-188,7878
1746,-188,7878
1746,-188,7878
1746,-188,7878
1746,-188,7869
1571,-221,7869
1571,-221,7869
1571,-221,7869
1571,-221,7869
1571,-221,7869
1571,-221,7869
1571,-221,7869
1571,-221,7869
1571,-221,7869
1365,-188,7916
1365,-188,7916
1365,-188,7916
1365,-188,7916
1365,-188,7916
1365,-188,7916
1365,-188,7916
1365,-188,7916
1365,-188,7916
1138,-189,7847
1138,-189,7847
1138,-189,7847
1138,-189,7847
1138,-189,7847
1138,-189,7847
1138,-189,7847
1138,-189,7847
956,-178,7794
956,-178,7794
956,-178,7794
956,-178,7794
956,-178,7794
956,-178,7794
956,-178,7794
956,-178,7794
956,-178,7794
878,-213,7715
878,-213,7715
878,-213,7715
878,-213,7715
878,-213,7715
878,-213,7715
878,-213,7715
878,-213,7715
878,-213,7715
878,-213,7715
751,-137,7837
751,-137,7837
751,-137,7837
751,-137,7837
751,-137,7837
751,-137,7837
751,-137,7837
751,-137,7837
751,-137,7837
459,151,8169
459,151,8169
459,151,8169
459,151,8169
459,151,8169
459,151,8169
459,151,8169
459,151,8169
459,151,8169
356,827,8828
356,827,8828
356,827,8828
356,827,8828
356,827,8828
356,827,8828
356,827,8828
356,827,8828
356,827,8828
356,827,8828
623,1703,9382
623,1703,9382
623,1703,9382
623,1703,9382
623,1703,9382
623,1703,9382
623,1703,9382
623,1703,9382
623,1703,9382
999,2589,9635
999,2589,9635
999,2589,9635
999,2589,9635
999,2589,9635
999,2589,9635
999,2589,9635
999,2589,9635
999,2589,9635
1163,3361,9696
1163,3361,9696
1163,3361,9696
1163,3361,9696
1163,3361,9696
1163,3361,9696
1163,3361,9696
1163,3361,9696
1163,3361,9696
1561,3795,9587
1561,3795,9587
1561,3795,9587
1561,3795,9587
1561,3795,9587
1561,3795,9587
1561,3795,9587
1561,3795,9587
1561,3795,9587
1983,4062,9523
1983,4062,9523
1983,4062,9523
1983,4062,9523
1983,4062,9523
1983,4062,9523
1983,4062,9523
1983,4062,9523
1983,4062,9523
1952,4078,9495
1952,4078,9495
1952,4078,9495
1952,4078,9495
1952,4078,9495
1952,4078,9495
1952,4078,9495
1952,4078,9495
1952,4078,9495
1925,4038,9549
1098,3988,9480
1098,3988,9480
1098,3988,9480
1098,3988,9480
1098,3988,9480
1098,3988,9480
1098,3988,9480
1098,3978,9526
1144,3978,9526
1144,3978,9526
1144,3978,9526
1144,3978,9526
1144,3978,9526
1144,3978,9526
1144,3978,9526
1144,3978,9526
1135,3983,9490
1135,3983,9490
1135,3983,9490
1135,3983,9490
1135,3983,9490
1135,3983,9490
1135,3983,9490
1135,3983,9490
1135,3983,9490
1113,3964,9555
1113,3964,9555
1113,3964,9555
1113,3964,9555
1113,3964,9555
1113,3964,9555
1113,3964,9555
1113,3964,9555
1113,3964,9555
1081,3944,9494
1081,3944,9494
1081,3944,9494
1081,3944,9494
1081,3944,9494
1081,3944,9494
1081,3944,9494
1081,3944,9494
1081,3944,9494
1048,3942,9535
1048,3942,9535
1048,3942,9535
1048,3942,9535
1048,3942,9535
1048,3942,9535
1048,3942,9535
1048,3942,9535
1048,3942,9535
1056,3978,9486
1056,3978,9486
1056,3978,9486
1056,3978,9486
1056,3978,9486
1056,3978,9486
1056,3978,9486
1056,3978,9486
1056,3978,9486
1078,3963,9520
1078,3963,9520
1078,3963,9520
1078,3963,9520
1078,3963,9520
1078,3963,9520
1078,3963,9520
1078,3963,9520
1078,3963,9520
1078,3963,9520
1101,3963,9502
1101,3963,9502
1101,3963,9502
1101,3963,9502
1101,3963,9502
1101,3963,9502
1101,3963,9502
1101,3963,9502
1101,3963,9502
1063,3913,9497
1063,3913,9497
1063,3913,9497
1063,3913,9497
1063,3913,9497
1063,3913,9497
1063,3913,9497
1063,3913,9497
1063,3913,9497
1063,3913,9497
1017,3852,9555
1017,3852,9555
1017,3852,9555
1017,3852,9555
1017,3852,9555
1017,3852,9555
1017,3852,9555
1017,3852,9555
1017,3852,9555
1072,3818,9559
1072,3818,9559
1072,3818,9559
1072,3818,9559
1072,3818,9559
1072,3818,9559
1072,3818,9559
1072,3818,9559
1118,3871,9552
1118,3871,9552
1118,3871,9552
1118,3871,9552
1118,3871,9552
1118,3871,9552
1118,3871,9552
1118,3871,9552
1118,3871,9552
1118,3875,9549
1118,3875,9549
1118,3875,9549
1118,3875,9549
1118,3875,9549
1118,3875,9549
1118,3875,9549
1118,3875,9549
1118,3875,9549
1142,3902,9551
1142,3902,9551
1142,3902,9551
1142,3902,9551
1142,3902,9551
1142,3902,9551
1142,3902,9551
1142,3902,9551
1142,3902,9551
1069,3950,9547
1069,3950,9547
1069,3950,9547
1069,3950,9547
1069,3950,9547
1069,3950,9547
1069,3950,9547
1069,3950,9547
1069,3950,9547
1069,3950,9547
1165,3985,9523
1165,3985,9523
1165,3985,9523
1165,3985,9523
1165,3985,9523
1165,3985,9523
1165,3985,9523
1165,3985,9523
1165,3985,9523
1096,3957,9514
1096,3957,9514
1096,3957,9514
1096,3957,9514
1096,3957,9514
1096,3957,9514
1096,3957,9514
1096,3957,9514
1096,3957,9514
959,3980,9513
959,3980,9513
959,3980,9513
959,3980,9513
959,3980,9513
959,3980,9513
959,3980,9513
959,3980,9513
959,3980,9513
867,3971,9483
867,3971,9483
867,3971,9483
867,3971,9483
867,3971,9483
867,3971,9483
867,3971,9483
867,3971,9483
867,3971,9483
905,3946,9502
905,3946,9502
905,3946,9502
905,3946,9502
905,3946,9502
905,3946,9502
905,3946,9502
905,3946,9502
905,3946,9502
905,3946,9502
874,3887,9525
874,3887,9525
874,3887,9525
874,3887,9525
874,3887,9525
874,3887,9525
874,3887,9525
874,3887,9525
874,3887,9525
952,3958,9514
952,3958,9514
952,3958,9514
952,3958,9514
952,3958,9514
952,3958,9514
952,3958,9514
952,3958,9514
952,3958,9514
1044,4029,9459
1044,4029,9459
1044,4029,9459
1044,4029,9459
1044,4029,9459
1044,4029,9459
1044,4029,9459
1044,4029,9459
1044,4029,9459
1050,4003,9531
1050,4003,9531
1050,4003,9531
1050,4003,9531
1050,4003,9531
1050,4003,9531
1050,4003,9531
1050,4003,9531
1050,4003,9531
1022,3904,9483
1022,3904,9483
1022,3904,9483
1022,3904,9483
1022,3904,9483
1022,3904,9483
1022,3904,9483
1022,3904,9483
1022,3904,9483
987,3921,9521
987,3921,9521
987,3921,9521
987,3921,9521
987,3921,9521
987,3921,9521
987,3921,9521
987,3921,9521
987,3921,9521
935,3958,9480
935,3958,9480
935,3958,9480
935,3958,9480
935,3958,9480
935,3958,9480
935,3958,9480
935,3958,9480
935,3958,9480
854,3954,9469
854,3954,9469
854,3954,9469
854,3954,9469
854,3954,9469
854,3954,9469
854,3954,9469
749,3930,9487
749,3930,9487
749,3930,9487
749,3930,9487
739,3916,9511
739,3916,9511
739,3916,9511
739,3916,9511
739,3916,9511
739,3916,9511
739,3916,9511
739,3916,9511
739,3916,9511
570,3853,9516
570,3853,9516
570,3853,9516
570,3853,9516
570,3853,9516
570,3853,9516
570,3853,9516
570,3853,9516
570,3853,9516
490,3768,9462
490,3768,9462
490,3768,9462
490,3768,9462
490,3768,9462
490,3768,9462
490,3768,9462
490,3768,9462
490,3768,9462
384,3658,9466
384,3658,9466
384,3658,9466
384,3658,9466
384,3658,9466
384,3658,9466
384,3658,9466
384,3658,9466
278,3598,9414
278,3598,9414
278,3598,9414
278,3598,9414
278,3598,9414
278,3598,9414
278,3598,9414
278,3598,9414
278,3598,9414
278,3598,9414
215,3519,9410
215,3519,9410
215,3519,9410
215,3519,9410
215,3519,9410
215,3519,9410
215,3519,9410
215,3519,9410
215,3519,9410
215,3519,9410
159,3426,9419
159,3426,9419
159,3426,9419
159,3426,9419
159,3426,9419
159,3426,9419
159,3426,9419
159,3426,9419
159,3426,9419
163,3339,9382
163,3339,9382
163,3339,9382
163,3339,9382
163,3339,9382
163,3339,9382
163,3339,9382
163,3339,9382
163,3339,9382
83,3246,9396
83,3246,9396
83,3246,9396
83,3246,9396
83,3246,9396
83,3246,9396
83,3246,9396
83,3246,9396
83,3246,9396
31,3152,9423
31,3152,9423
31,3152,9423
31,3152,9423
31,3152,9423
31,3152,9423
31,3152,9423
31,3152,9423
31,3152,9423
6,3082,9391
6,3082,9391
6,3082,9391
6,3082,9391
6,3082,9391
6,3082,9391
6,3082,9391
6,3082,9391
6,3082,9391
-12,2961,9369
-12,2961,9369
-12,2961,9369
-12,2961,9369
-12,2961,9369
-12,2961,9369
-12,2961,9369
-12,2961,9369
-12,2961,9369
-21,2824,9375
-21,2824,9375
-21,2824,9375
-21,2824,9375
-21,2824,9375
-21,2824,9375
-21,2824,9375
-21,2824,9375
-21,2824,9375
-55,2732,9384
-55,2732,9384
-55,2732,9384
-55,2732,9384
-55,2732,9384
-55,2732,9384
-55,2732,9384
-55,2732,9384
-55,2732,9384
-38,2613,9310
-38,2613,9310
-38,2613,9310
-38,2613,9310
-38,2613,9310
-38,2613,9310
-38,2613,9310
-38,2613,9310
-38,2613,9310
4,2492,9343
4,2492,9343
4,2492,9343
4,2492,9343
4,2492,9343
4,2492,9343
4,2492,9343
4,2492,9343
4,2492,9343
6,2391,9329
6,2391,9329
6,2391,9329
6,2391,9329
6,2391,9329
6,2391,9329
6,2391,9329
6,2391,9329
6,2391,9329
2,2347,9327
2,2347,9327
2,2347,9327
2,2347,9327
2,2347,9327
2,2347,9327
2,2347,9327
2,2347,9327
2,2347,9327
2,2347,9327
-18,2282,9277
-18,2282,9277
-18,2282,9277
-18,2282,9277
-18,2282,9277
-18,2282,9277
-18,2282,9277
-18,2282,9277
-18,2282,9277
-1,2288,9240
-1,2288,9240
-1,2288,9240
-1,2288,9240
-1,2288,9240
-1,2288,9240
-1,2288,9240
-1,2288,9240
-1,2288,9240
-1,2245,9310
84,2245,9310
84,2245,9310
84,2245,9310
84,2245,9310
84,2245,9310
84,2245,9310
84,2245,9310
84,2245,9310
84,2245,9310
96,2149,9266
96,2149,9266
96,2149,9266
96,2149,9266
96,2149,9266
96,2149,9266
96,2149,9266
96,2149,9266
96,2149,9266
117,1993,9226
117,1993,9226
117,1993,9226
117,1993,9226
117,1993,9226
117,1993,9226
117,1993,9226
117,1993,9226
166,1977,9268
166,1977,9268
166,1977,9268
166,1977,9268
166,1977,9268
166,1977,9268
166,1977,9268
166,1977,9268
166,1977,9268
205,1918,9248
205,1918,9248
205,1918,9248
205,1918,9248
205,1918,9248
205,1918,9248
205,1918,9248
205,1918,9248
205,1918,9248
223,1923,9265
223,1923,9265
223,1923,9265
223,1923,9265
223,1923,9265
223,1923,9265
223,1923,9265
223,1923,9265
223,1923,9265
223,1923,9265
234,1898,9291
234,1898,9291
234,1898,9291
234,1898,9291
234,1898,9291
234,1898,9291
234,1898,9291
234,1898,9291
234,1898,9291
191,1867,9274
191,1867,9274
191,1867,9274
191,1867,9274
191,1867,9274
191,1867,9274
191,1867,9274
191,1867,9274
191,1867,9274
208,1895,9233
208,1895,9233
208,1895,9233
208,1895,9233
208,1895,9233
208,1895,9233
208,1895,9233
208,1895,9233
208,1895,9233
288,1854,9248
288,1854,9248
288,1854,9248
288,1854,9248
288,1854,9248
288,1854,9248
288,1854,9248
288,1854,9248
288,1854,9248
428,1868,9313
428,1868,9313
428,1868,9313
428,1868,9313
428,1868,9313
586,1890,9408
586,1890,9408
586,1890,9408
586,1890,9408
586,1890,9408
804,1904,9450
804,1904,9450
804,1904,9450
804,1904,9450
804,1904,9450
804,1904,9450
804,1904,9450
804,1904,9450
804,1904,9450
958,1894,9492
958,1894,9492
958,1894,9492
958,1894,9492
958,1894,9492
958,1894,9492
958,1894,9492
958,1894,9492
958,1894,9492
1180,1909,9502
1180,1909,9502
1180,1909,9502
1180,1909,9502
1180,1909,9502
1180,1909,9502
1180,1909,9502
1180,1909,9502
1180,1909,9502
1185,1928,9547
1185,1928,9547
1185,1928,9547
1185,1928,9547
1185,1928,9547
1185,1928,9547
1185,1928,9547
1185,1928,9547
1185,1928,9547
1143,1991,9559
1143,1991,9559
1143,1991,9559
1143,1991,9559
1143,1991,9559
1143,1991,9559
1143,1991,9559
1143,1991,9559
1143,1991,9559
1139,2019,9522
1139,2019,9522
1139,2019,9522
1139,2019,9522
1139,2019,9522
1139,2019,9522
1139,2019,9522
1139,2019,9522
1139,2019,9522
1038,2092,9596
1038,2092,9596
1038,2092,9596
1038,2092,9596
1038,2092,9596
1038,2092,9596
1038,2092,9596
1038,2092,9596
1038,2092,9596
1038,2092,9596
1013,2082,9567
1013,2082,9567
1013,2082,9567
1013,2082,9567
1013,2082,9567
1013,2082,9567
1013,2082,9567
1013,2082,9567
1013,2082,9567
996,2137,9578
996,2137,9578
996,2137,9578
996,2137,9578
996,2137,9578
996,2137,9578
996,2137,9578
996,2137,9578
996,2137,9578
996,2137,9578
960,2133,9541
960,2133,9541
960,2133,9541
960,2133,9541
960,2133,9541
960,2133,9541
960,2133,9541
960,2133,9541
960,2133,9541
936,2169,9603
936,2169,9603
936,2169,9603
936,2169,9603
936,2169,9603
936,2169,9603
936,2169,9603
936,2169,9603
869,2224,9574
869,2224,9574
869,2224,9574
869,2224,9574
869,2224,9574
869,2224,9574
869,2224,9574
869,2224,9574
869,2224,9574
832,2284,9552
832,2284,9552
832,2284,9552
832,2284,9552
832,2284,9552
832,2284,9552
832,2284,9552
832,2284,9552
832,2284,9552
815,2384,9621
815,2384,9621
815,2384,9621
815,2384,9621
815,2384,9621
815,2384,9621
815,2384,9621
815,2384,9621
815,2384,9621
865,2450,9594
865,2450,9594
865,2450,9594
865,2450,9594
865,2450,9594
865,2450,9594
865,2450,9594
865,2450,9594
865,2450,9594
865,2515,9615
812,2515,9615
812,2515,9615
812,2515,9615
812,2515,9615
812,2515,9615
812,2515,9615
812,2515,9615
812,2515,9615
812,2515,9615
782,2591,9610
782,2591,9610
782,2591,9610
782,2591,9610
782,2591,9610
782,2591,9610
782,2591,9610
782,2591,9610
782,2591,9610
773,2694,9616
773,2694,9616
773,2694,9616
773,2694,9616
773,2694,9616
773,2694,9616
773,2694,9616
773,2694,9616
773,2694,9616
780,2720,9613
780,2720,9613
780,2720,9613
780,2720,9613
780,2720,9613
780,2720,9613
780,2720,9613
780,2720,9613
780,2720,9613
845,2784,9676
845,2784,9676
845,2784,9676
845,2784,9676
845,2784,9676
845,2784,9676
845,2784,9676
845,2784,9676
845,2784,9676
845,2784,9676
906,2858,9599
906,2858,9599
906,2858,9599
906,2858,9599
906,2858,9599
906,2858,9599
906,2858,9599
906,2858,9599
906,2858,9599
890,2918,9602
890,2918,9602
890,2918,9602
890,2918,9602
890,2918,9602
890,2918,9602
890,2918,9602
890,2918,9602
903,2993,9639
903,2993,9639
903,2993,9639
903,2993,9639
903,2993,9639
903,2993,9639
903,2993,9639
903,2993,9639
903,2993,9639
1022,3067,9654
1022,3067,9654
1022,3067,9654
1022,3067,9654
1022,3067,9654
1022,3067,9654
1022,3067,9654
1022,3067,9654
1022,3067,9654
1022,3067,9654
1008,3100,9682
1008,3100,9682
1008,3100,9682
1008,3100,9682
1008,3100,9682
1008,3100,9682
1008,3100,9682
1008,3100,9682
1008,3100,9682
1015,3176,9627
1015,3176,9627
1015,3176,9627
1015,3176,9627
1015,3176,9627
1015,3176,9627
1015,3176,9627
1015,3176,9627
1015,3176,9627
1074,3262,9652
1074,3262,9652
1074,3262,9652
1074,3262,9652
1074,3262,9652
1074,3262,9652
1074,3262,9652
1074,3262,9652
1074,3262,9652
1055,3282,9655
1055,3282,9655
1055,3282,9655
1055,3282,9655
1055,3282,9655
1055,3282,9655
1055,3282,9655
1055,3282,9655
1055,3282,9655
1095,3400,9639
1095,3400,9639
1095,3400,9639
1095,3400,9639
1095,3400,9639
1095,3400,9639
1113,3498,9617
1113,3498,9617
1113,3498,9617
1113,3498,9617
1113,3498,9617
1113,3498,9617
1113,3498,9617
1113,3498,9617
1107,3517,9638
1107,3517,9638
1107,3517,9638
1107,3517,9638
1107,3517,9638
1107,3517,9638
1107,3517,9638
1107,3517,9638
1107,3517,9638
1180,3594,9672
1180,3594,9672
1180,3594,9672
1180,3594,9672
1180,3594,9672
1180,3594,9672
1180,3594,9672
1180,3594,9672
1180,3594,9672
1239,3662,9651
1239,3662,9651
1239,3662,9651
1239,3662,9651
1239,3662,9651
1239,3662,9651
1239,3662,9651
1239,3662,9651
1239,3662,9651
1342,3713,9616
1342,3713,9616
1342,3713,9616
1342,3713,9616
1342,3713,9616
1342,3713,9616
1342,3713,9616
1342,3713,9616
1342,3713,9616
1437,3830,9627
1437,3830,9627
1437,3830,9627
1437,3830,9627
1437,3830,9627
1437,3830,9627
1437,3830,9627
1437,3830,9627
1437,3830,9627
1526,3907,9576
1526,3907,9576
1526,3907,9576
1526,3907,9576
1526,3907,9576
1526,3907,9576
1526,3907,9576
1526,3907,9576
1526,3907,9576
1603,3923,9609
1603,3923,9609
1603,3923,9609
1603,3923,9609
1603,3923,9609
1603,3923,9609
1603,3923,9609
1603,3923,9609
1603,3923,9609
1669,3918,9554
1669,3918,9554
1669,3918,9554
1669,3918,9554
1669,3918,9554
1669,3918,9554
1669,3918,9554
1669,3918,9554
1669,3918,9554
1751,3986,9568
1751,3986,9568
1751,3986,9568
1751,3986,9568
1751,3986,9568
1751,3986,9568
1751,3986,9568
1751,3986,9568
1751,3986,9568
1751,3986,9568
1835,3998,9502
1835,3998,9502
1835,3998,9502
1835,3998,9502
1835,3998,9502
1835,3998,9502
1835,3998,9502
1835,3998,9502
1835,3998,9502
1835,3998,9502
1968,4024,9509
1968,4024,9509
1968,4024,9509
1968,4024,9509
1968,4024,9509
1968,4024,9509
1968,4024,9509
1968,4024,9509
1968,4024,9509
2041,4028,9498
2041,4028,9498
2041,4028,9498
2041,4028,9498
2041,4028,9498
2041,4028,9498
2041,4028,9498
2041,4028,9498
2101,4028,9515
2101,4028,9515
2101,4028,9515
2101,4028,9515
2101,4028,9515
2101,4028,9515
2101,4028,9515
2101,4028,9515
2101,4028,9515
2222,4011,9460
2222,4011,9460
2222,4011,9460
2222,4011,9460
2222,4011,9460
2222,4011,9460
2222,4011,9460
2222,4011,9460
2222,4011,9460
2370,4021,9459
2370,4021,9459
2370,4021,9459
2370,4021,9459
2370,4021,9459
2370,4021,9459
2370,4021,9459
2370,4021,9459
2370,4021,9459
2437,4003,9424
2437,4003,9424
2437,4003,9424
2437,4003,9424
2437,4003,9424
2437,4003,9424
2437,4003,9424
2437,4003,9424
2437,4003,9424
2437,4003,9395
2460,4026,9395
2460,4026,9395
2460,4026,9395
2460,4026,9395
2460,4026,9395
2460,4026,9395
2460,4026,9395
2460,4026,9395
2460,4026,9395
2518,4023,9369
2518,4023,9369
2518,4023,9369
2518,4023,9369
2518,4023,9369
2518,4023,9369
2518,4023,9369
2518,4023,9369
2518,4023,9369
2669,4024,9353
2669,4024,9353
2669,4024,9353
2669,4024,9353
2669,4024,9353
2669,4024,9353
2669,4024,9353
2669,4024,9353
2669,4024,9353
2771,4015,9311
2771,4015,9311
2771,4015,9311
2771,4015,9311
2771,4015,9311
2771,4015,9311
2771,4015,9311
2771,4015,9311
2771,4015,9311
2858,4010,9303
2858,4010,9303
2858,4010,9303
2858,4010,9303
2858,4010,9303
2858,4010,9303
2858,4010,9303
2858,4010,9303
2858,4010,9303
2865,3986,9365
2865,3986,9365
2865,3986,9365
2865,3986,9365
2865,3986,9365
2865,3986,9365
2865,3986,9365
2865,3986,9365
2865,3986,9365
2833,4008,9349
2833,4008,9349
2833,4008,9349
2833,4008,9349
2833,4008,9349
2833,4008,9349
2833,4008,9349
2833,4008,9349
2833,4008,9349
2819,4012,9394
2819,4012,9394
2819,4012,9394
2819,4012,9394
2819,4012,9394
2819,4012,9394
2819,4012,9394
2819,4012,9394
2819,4012,9394
2819,4012,9359
2723,4006,9359
2723,4006,9359
2723,4006,9359
2723,4006,9359
2723,4006,9359
2723,4006,9359
2723,4006,9359
2723,4006,9359
2723,4006,9359
2664,4028,9368
2664,4028,9368
2664,4028,9368
2664,4028,9368
2664,4028,9368
2664,4028,9368
2664,4028,9368
2664,4028,9368
2664,4028,9368
2561,4002,9435
2561,4002,9435
2561,4002,9435
2561,4002,9435
2561,4002,9435
2561,4002,9435
2561,4002,9435
2561,4002,9435
2561,4002,9435
2415,4020,9423
2415,4020,9423
2415,4020,9423
2415,4020,9423
2312,4015,9478
2312,4015,9478
2312,4015,9478
2312,4015,9478
2312,4015,9478
2312,4015,9478
2312,4015,9478
2312,4015,9478
2312,4015,9478
2131,3949,9532
2131,3949,9532
2131,3949,9532
2131,3949,9532
2131,3949,9532
2131,3949,9532
2131,3949,9532
2131,3949,9532
2131,3949,9532
2021,3913,9584
2021,3913,9584
2021,3913,9584
2021,3913,9584
2021,3913,9584
2021,3913,9584
2021,3913,9584
2021,3913,9584
2021,3913,9584
2021,3913,9584
1932,3879,9596
1932,3879,9596
1932,3879,9596
1932,3879,9596
1932,3879,9596
1932,3879,9596
1932,3879,9596
1932,3879,9596
1932,3879,9596
1841,3813,9650
1841,3813,9650
1841,3813,9650
1841,3813,9650
1841,3813,9650
1841,3813,9650
1841,3813,9650
1841,3813,9650
1841,3813,9650
1720,3758,9601
1720,3758,9601
1720,3758,9601
1720,3758,9601
1720,3758,9601
1720,3758,9601
1720,3758,9601
1720,3758,9601
1720,3758,9601
1681,3663,9698
1681,3663,9698
1681,3663,9698
1681,3663,9698
1681,3663,9698
1681,3663,9698
1681,3663,9698
1681,3663,9698
1681,3663,9698
1618,3561,9654
1618,3561,9654
1618,3561,9654
1618,3561,9654
1618,3561,9654
1618,3561,9654
1618,3561,9654
1618,3561,9654
1618,3561,9654
1540,3495,9712
1540,3495,9712
1540,3495,9712
1540,3495,9712
1540,3495,9712
1540,3495,9712
1540,3495,9712
1540,3495,9712
1540,3495,9712
1494,3385,9675
1494,3385,9675
1494,3385,9675
1494,3385,9675
1494,3385,9675
1494,3385,9675
1494,3385,9675
1494,3385,9675
1494,3385,9675
1494,3385,9675
1426,3336,9713
1426,3336,9713
1426,3336,9713
1426,3336,9713
1426,3336,9713
1426,3336,9713
1426,3336,9713
1426,3336,9713
1426,3336,9713
1360,3249,9727
1360,3249,9727
1360,3249,9727
1360,3249,9727
1360,3249,9727
1360,3249,9727
1360,3249,9727
1360,3249,9727
1360,3249,9727
1350,3130,9736
1350,3130,9736
1350,3130,9736
1350,3130,9736
1350,3130,9736
1350,3130,9736
1350,3130,9736
1350,3130,9736
1350,3130,9736
1263,2980,9699
1263,2980,9699
1263,2980,9699
1263,2980,9699
1263,2980,9699
1263,2980,9699
1263,2980,9699
1263,2980,9699
1207,2871,9672
1207,2871,9672
1207,2871,9672
1207,2871,9672
1207,2871,9672
1207,2871,9672
1207,2871,9672
1207,2871,9672
1207,2871,9672
1160,2782,9701
1160,2782,9701
1160,2782,9701
1160,2782,9701
1160,2782,9701
1160,2782,9701
1160,2782,9701
1160,2782,9701
1160,2782,9701
1160,2782,9701
1177,2672,9690
1177,2672,9690
1177,2672,9690
1177,2672,9690
1177,2672,9690
1177,2672,9690
1177,2672,9690
1177,2672,9690
1177,2672,9690
1225,2541,9710
1225,2541,9710
1225,2541,9710
1225,2541,9710
1225,2541,9710
1225,2541,9710
1225,2541,9710
1225,2541,9710
1225,2541,9710
1212,2529,9658
1212,2529,9658
1212,2529,9658
1212,2529,9658
1212,2529,9658
1212,2529,9658
1212,2529,9658
1212,2529,9658
1212,2529,9658
1275,2412,9671
1275,2412,9671
1275,2412,9671
1275,2412,9671
1275,2412,9671
1275,2412,9671
1275,2412,9671
1275,2412,9671
1275,2412,9671
1303,2389,9677
1303,2389,9677
1303,2389,9677
1303,2389,9677
1303,2389,9677
1303,2389,9677
1303,2389,9677
1303,2389,9677
1303,2389,9677
1356,2245,9642
1356,2245,9642
1356,2245,9642
1356,2245,9642
1356,2245,9642
1356,2245,9642
1356,2245,9642
1356,2245,9642
1356,2245,9642
1356,2245,9642
1286,2193,9691
1286,2193,9691
1286,2193,9691
1286,2193,9691
1286,2193,9691
1286,2193,9691
1286,2193,9691
1286,2193,9691
1286,2193,9691
1258,2107,9638
1258,2107,9638
1258,2107,9638
1258,2107,9638
1258,2107,9638
1258,2107,9638
1258,2107,9638
1258,2107,9638
1258,2107,9638
1336,2050,9666
1336,2050,9666
1336,2050,9666
1336,2050,9666
1336,2050,9666
1336,2050,9666
1336,2050,9666
1336,2050,9666
1380,1997,9630
1380,1997,9630
1380,1997,9630
1380,1997,9630
1380,1997,9630
1380,1997,9630
1380,1997,9630
1380,1997,9630
1380,1997,9630
1407,1926,9616
1407,1926,9616
1407,1926,9616
1407,1926,9616
1407,1926,9616
1407,1926,9616
1407,1926,9616
1407,1926,9616
1407,1926,9616
1418,1877,9580
1418,1877,9580
1418,1877,9580
1418,1877,9580
1418,1877,9580
1418,1877,9580
1418,1877,9580
1418,1877,9580
1418,1877,9580
1455,1816,9564
1455,1816,9564
1455,1816,9564
1455,1816,9564
1455,1816,9564
1450,1793,9613
1450,1793,9613
1450,1793,9613
1450,1793,9613
1450,1793,9613
1450,1793,9613
1450,1793,9613
1450,1793,9613
1450,1793,9613
1516,1770,9578
1516,1770,9578
1516,1770,9578
1516,1770,9578
1516,1770,9578
1516,1770,9578
1516,1770,9578
1516,1770,9578
1516,1770,9578
1516,1817,9567
1656,1817,9567
1656,1817,9567
1656,1817,9567
1656,1817,9567
1656,1817,9567
1656,1817,9567
1656,1817,9567
1656,1817,9567
1656,1817,9567
1814,1816,9578
1814,1816,9578
1814,1816,9578
1814,1816,9578
1814,1816,9578
1814,1816,9578
1814,1816,9578
1814,1816,9578
1814,1816,9578
1859,1818,9595
1859,1818,9595
1859,1818,9595
1859,1818,9595
1859,1818,9595
1859,1818,9595
1859,1818,9595
1859,1818,9595
1859,1818,9595
1890,1833,9603
1890,1833,9603
1890,1833,9603
1890,1833,9603
1890,1833,9603
1890,1833,9603
1890,1833,9603
1890,1833,9603
1962,1846,9607
1962,1846,9607
1962,1846,9607
1962,1846,9607
1962,1846,9607
1962,1846,9607
1962,1846,9607
1962,1846,9607
1962,1846,9607
1962,1846,9607
2053,1873,9673
2053,1873,9673
2053,1873,9673
2053,1873,9673
2053,1873,9673
2053,1873,9673
2053,1873,9673
2053,1873,9673
2053,1873,9673
2119,1884,9643
2119,1884,9643
2119,1884,9643
2119,1884,9643
2119,1884,9643
2119,1884,9643
2119,1884,9643
2119,1884,9643
2119,1884,9643
2170,1915,9592
2170,1915,9592
2170,1915,9592
2170,1915,9592
2170,1915,9592
2170,1915,9592
2170,1915,9592
2170,1915,9592
2170,1915,9592
2170,1915,9592
2121,1884,9611
2121,1884,9611
2121,1884,9611
2121,1884,9611
2121,1884,9611
2121,1884,9611
2121,1884,9611
2121,1884,9611
2121,1884,9611
2024,1971,9624
2024,1971,9624
2024,1971,9624
2024,1971,9624
2024,1971,9624
2024,1971,9624
2024,1971,9624
2024,1971,9624
2024,1971,9624
1957,1980,9643
1957,1980,9643
1957,1980,9643
1957,1980,9643
1957,1980,9643
1957,1980,9643
1957,1980,9643
1957,1980,9643
1957,1980,9643
1887,2069,9667
1887,2069,9667
1887,2069,9667
1887,2069,9667
1887,2069,9667
1887,2069,9667
1887,2069,9667
1887,2069,9667
1887,2069,9667
1773,2154,9688
1773,2154,9688
1773,2154,9688
1773,2154,9688
1773,2154,9688
1773,2154,9688
1773,2154,9688
1773,2154,9688
1773,2154,9688
1792,2226,9694
1792,2226,9694
1792,2226,9694
1792,2226,9694
1792,2226,9694
1792,2226,9694
1792,2226,9694
1792,2226,9694
1792,2226,9694
1794,2289,9713
1794,2289,9713
1794,2289,9713
1794,2289,9713
1794,2289,9713
1794,2289,9713
1794,2289,9713
1794,2289,9713
1794,2289,9713
1703,2386,9717
1703,2386,9717
1703,2386,9717
1703,2386,9717
1703,2386,9717
1703,2386,9717
1703,2386,9717
1703,2386,9717
1703,2386,9717
1646,2450,9757
1646,2450,9757
1646,2450,9757
1646,2450,9757
1646,2450,9757
1646,2450,9757
1646,2450,9757
1646,2450,9757
1646,2450,9757
1628,2495,9685
1628,2495,9685
1628,2495,9685
1628,2495,9685
1628,2495,9685
1628,2495,9685
1628,2495,9685
1628,2495,9685
1628,2495,9685
1628,2495,9685
1631,2534,9771
1631,2534,9771
1631,2534,9771
1631,2534,9771
1631,2534,9771
1631,2534,9771
1631,2534,9771
1631,2534,9771
1631,2534,9771
1564,2610,9765
1564,2610,9765
1564,2610,9765
1564,2610,9765
1564,2610,9765
1564,2610,9765
1564,2610,9765
1564,2610,9765
1564,2610,9765
1538,2684,9738
1538,2684,9738
1538,2684,9738
1538,2684,9738
1538,2684,9738
1538,2684,9738
1538,2684,9738
1538,2684,9738
1538,2684,9738
1554,2720,9774
1554,2720,9774
1554,2720,9774
1554,2720,9774
1554,2720,9774
1554,2720,9774
1554,2720,9774
1554,2720,9774
1554,2720,9774
1538,2830,9720
1538,2830,9720
1538,2830,9720
1538,2830,9720
1538,2830,9720
1538,2830,9720
1538,2830,9720
1538,2830,9720
1538,2830,9720
1538,2830,9720
1566,2960,9792
1566,2960,9792
1566,2960,9792
1566,2960,9792
1566,2960,9792
1566,2960,9792
1566,2960,9792
1566,2960,9792
1595,3074,9741
1595,3074,9741
1595,3074,9741
1595,3074,9741
1595,3074,9741
1595,3074,9741
1595,3074,9741
1595,3074,9741
1595,3074,9741
1670,3224,9768
1670,3224,9768
1670,3224,9768
1670,3224,9768
1670,3224,9768
1679,3344,9734
1679,3344,9734
1679,3344,9734
1679,3344,9734
1679,3344,9734
1679,3344,9734
1679,3344,9734
1679,3344,9734
1679,3344,9734
1768,3442,9703
1768,3442,9703
1768,3442,9703
1768,3442,9703
1768,3442,9703
1768,3442,9703
1768,3442,9703
1768,3442,9703
1768,3442,9703
1811,3494,9688
1811,3494,9688
1811,3494,9688
1811,3494,9688
1811,3494,9688
1811,3494,9688
1811,3494,9688
1811,3494,9688
1811,3494,9688
1903,3551,9704
1903,3551,9704
1903,3551,9704
1903,3551,9704
1903,3551,9704
1903,3551,9704
1903,3551,9704
1903,3551,9704
1903,3551,9704
1987,3635,9645
1987,3635,9645
1987,3635,9645
1987,3635,9645
1987,3635,9645
1987,3635,9645
1987,3635,9645
1987,3635,9645
1987,3635,9645
2080,3629,9661
2080,3629,9661
2080,3629,9661
2080,3629,9661
2080,3629,9661
2080,3629,9661
2080,3629,9661
2080,3629,9661
2080,3629,9661
2164,3701,9631
2164,3701,9631
2164,3701,9631
2164,3701,9631
2164,3701,9631
2164,3701,9631
2164,3701,9631
2164,3701,9631
2164,3701,9631
2164,3701,9631
2176,3758,9635
2176,3758,9635
2176,3758,9635
2176,3758,9635
2176,3758,9635
2176,3758,9635
2176,3758,9635
2176,3807,9561
2286,3807,9561
2286,3807,9561
2286,3807,9561
2286,3807,9561
2286,3807,9561
2286,3807,9561
2286,3807,9561
2286,3807,9561
2286,3807,9561
2333,3831,9545
2333,3831,9545
2333,3831,9545
2333,3831,9545
2333,3831,9545
2333,3831,9545
2333,3831,9545
2333,3831,9545
2333,3831,9545
2431,3885,9530
2431,3885,9530
2431,3885,9530
2431,3885,9530
2431,3885,9530
2431,3885,9530
2431,3885,9530
2431,3885,9530
2431,3885,9530
2489,3919,9482
2489,3919,9482
2489,3919,9482
2489,3919,9482
2489,3919,9482
2489,3919,9482
2489,3919,9482
2489,3919,9482
2489,3919,9482
2489,3919,9482
2602,3952,9491
2602,3952,9491
2602,3952,9491
2602,3952,9491
2602,3952,9491
2602,3952,9491
2602,3952,9491
2602,3952,9491
2602,3952,9491
2645,3938,9446
2645,3938,9446
2645,3938,9446
2645,3938,9446
2645,3938,9446
2645,3938,9446
2645,3938,9446
2645,3938,9446
2645,3938,9446
2733,3924,9411
2733,3924,9411
2733,3924,9411
2733,3924,9411
2733,3924,9411
2733,3924,9411
2733,3924,9411
2733,3924,9411
2733,3924,9411
2861,3936,9427
2861,3936,9427
2861,3936,9427
2861,3936,9427
2861,3936,9427
2861,3936,9427
2861,3936,9427
2861,3936,9427
2861,3936,9427
2861,3936,9427
2949,3927,9390
2949,3927,9390
2949,3927,9390
2949,3927,9390
2949,3927,9390
2949,3927,9390
2949,3927,9390
2949,3927,9390
2949,3927,9390
3071,3941,9259
3071,3941,9259
3071,3941,9259
3071,3941,9259
3071,3941,9259
3071,3941,9259
3071,3941,9259
3071,3941,9259
3071,3941,9259
3130,3926,9285
3130,3926,9285
3130,3926,9285
3130,3926,9285
3130,3926,9285
3130,3926,9285
3130,3926,9285
3130,3926,9285
3189,3914,9209
3189,3914,9209
3189,3914,9209
3189,3914,9209
3189,3914,9209
3189,3914,9209
3189,3914,9209
3189,3914,9209
3189,3914,9209
3196,3951,9219
3196,3951,9219
3196,3951,9219
3196,3951,9219
3196,3951,9219
3196,3951,9219
3196,3951,9219
3196,3951,9219
3196,3951,9219
3190,3980,9199
3190,3980,9199
3190,3980,9199
3190,3980,9199
3190,3980,9199
3190,3980,9199
3190,3980,9199
3190,3980,9199
3190,3980,9199
3190,3980,9199
3167,4025,9245
3167,4025,9245
3167,4025,9245
3167,4025,9245
3167,4025,9245
3167,4025,9245
3167,4025,9245
3167,4025,9245
3198,4029,9222
3198,4029,9222
3198,4029,9222
3198,4029,9222
3198,4029,9222
3198,4029,9222
3198,4029,9222
3198,4029,9222
3198,4029,9222
3198,4029,9222
3178,3966,9237
3178,3966,9237
3178,3966,9237
3178,3966,9237
3178,3966,9237
3178,3966,9237
3178,3966,9237
3178,3966,9237
3178,3966,9237
3178,3966,9237
3138,3992,9265
3138,3992,9265
3138,3992,9265
3138,3992,9265
3138,3992,9265
3138,3992,9265
3138,3992,9265
3138,3992,9265
3138,3992,9265
3137,3970,9282
3137,3970,9282
3137,3970,9282
3137,3970,9282
3137,3970,9282
3137,3970,9282
3137,3970,9282
3137,3970,9282
3137,3970,9282
3153,3976,9215
3153,3976,9215
3153,3976,9215
3153,3976,9215
3153,3976,9215
3153,3976,9215
3153,3976,9215
3153,3976,9215
3153,3976,9215
3174,4001,9236
3174,4001,9236
3174,4001,9236
3138,4048,9241
3138,4048,9241
3138,4048,9241
3138,4048,9241
3138,4048,9241
3138,4048,9241
3138,4048,9241
3138,4048,9241
3138,4048,9241
3107,4068,9241
3107,4068,9241
3107,4068,9241
3107,4068,9241
3107,4068,9241
3107,4068,9241
3107,4068,9241
3107,4068,9241
3107,4068,9241
3085,4041,9266
3085,4041,9266
3085,4041,9266
3085,4041,9266
3085,4041,9266
3085,4041,9266
3085,4041,9266
3085,4041,9266
3085,4041,9266
3040,4057,9259
3040,4057,9259
3040,4057,9259
3040,4057,9259
3040,4057,9259
3040,4057,9259
3040,4057,9259
3040,4057,9259
3040,4057,9259
3040,4057,9259
3036,4026,9278
3036,4026,9278
3036,4026,9278
3036,4026,9278
3036,4026,9278
3036,4026,9278
3036,4026,9278
3036,4026,9278
3036,4026,9278
2987,4059,9291
2987,4059,9291
2987,4059,9291
2987,4059,9291
2987,4059,9291
2987,4059,9291
2987,4059,9291
2987,4059,9291
2987,4059,9291
2987,4058,9356
2923,4058,9356
2923,4058,9356
2923,4058,9356
2923,4058,9356
2923,4058,9356
2923,4058,9356
2923,4058,9356
2923,4058,9356
2923,4058,9356
2835,4036,9358
2835,4036,9358
2835,4036,9358
2835,4036,9358
2835,4036,9358
2835,4036,9358
2835,4036,9358
2835,4036,9358
2835,4036,9358
2755,3955,9376
2755,3955,9376
2755,3955,9376
2755,3955,9376
2755,3955,9376
2755,3955,9376
2755,3955,9376
2755,3955,9376
2755,3955,9376
2684,3942,9413
2684,3942,9413
2684,3942,9413
2684,3942,9413
2684,3942,9413
2684,3942,9413
2684,3942,9413
2684,3942,9413
2650,3901,9422
2650,3901,9422
2650,3901,9422
2650,3901,9422
2650,3901,9422
2650,3901,9422
2650,3901,9422
2650,3901,9422
2650,3901,9422
2523,3856,9502
2523,3856,9502
2523,3856,9502
2523,3856,9502
2523,3856,9502
2523,3856,9502
2523,3856,9502
2523,3856,9502
2523,3856,9502
2470,3774,9524
2470,3774,9524
2470,3774,9524
2470,3774,9524
2470,3774,9524
2470,3774,9524
2470,3774,9524
2470,3774,9524
2470,3774,9524
2400,3753,9550
2400,3753,9550
2400,3753,9550
2400,3753,9550
2400,3753,9550
2400,3753,9550
2400,3753,9550
2400,3753,9550
2400,3753,9550
2400,3753,9550
2294,3744,9571
2294,3744,9571
2294,3744,9571
2294,3744,9571
2294,3744,9571
2294,3744,9571
2294,3744,9571
2294,3744,9571
2263,3673,9574
2263,3673,9574
2263,3673,9574
2263,3673,9574
2263,3673,9574
2263,3673,9574
2263,3673,9574
2263,3673,9574
2263,3673,9574
2263,3673,9574
2216,3589,9616
2216,3589,9616
2216,3589,9616
2216,3589,9616
2216,3589,9616
2216,3589,9616
2216,3589,9616
2216,3589,9616
2216,3589,9616
2216,3589,9616
2113,3529,9648
2113,3529,9648
2113,3529,9648
2113,3529,9648
2113,3529,9648
2113,3529,9648
2113,3529,9648
2113,3529,9648
2113,3529,9648
2119,3458,9692
2119,3458,9692
2119,3458,9692
2119,3458,9692
2119,3458,9692
2119,3458,9692
2119,3458,9692
2119,3458,9692
2119,3458,9692
2071,3311,9652
2071,3311,9652
2071,3311,9652
2071,3311,9652
2071,3311,9652
2071,3311,9652
2071,3311,9652
2071,3311,9652
2071,3311,9652
2060,3145,9672
2060,3145,9672
2060,3145,9672
2060,3145,9672
2060,3145,9672
2060,3145,9672
2060,3145,9672
2060,3145,9672
2024,3028,9736
2024,3028,9736
2024,3028,9736
2024,3028,9736
2024,3028,9736
2024,3028,9736
2024,3028,9736
2024,3028,9736
2024,3028,9736
1988,2976,9714
1988,2976,9714
1988,2976,9714
1988,2976,9714
1988,2976,9714
1988,2976,9714
1988,2976,9714
1988,2976,9714
1988,2976,9714
1965,2852,9780
1965,2852,9780
1965,2852,9780
1965,2852,9780
1965,2852,9780
1965,2852,9780
1965,2852,9780
1965,2852,9780
1965,2852,9780
1965,2852,9780
1963,2776,9714
1963,2776,9714
1963,2776,9714
1963,2776,9714
1963,2776,9714
1963,2776,9714
1963,2776,9714
1963,2776,9714
1963,2776,9714
1910,2708,9735
1910,2708,9735
1910,2708,9735
1910,2708,9735
1910,2708,9735
1910,2708,9735
1910,2708,9735
1910,2708,9735
1910,2708,9735
1941,2685,9741
1941,2685,9741
1941,2685,9741
1941,2685,9741
1941,2685,9741
1941,2685,9741
1941,2685,9741
1941,2685,9741
1941,2685,9741
1974,2550,9730
1974,2550,9730
1974,2550,9730
1974,2550,9730
1974,2550,9730
1974,2550,9730
1974,2550,9730
1974,2550,9730
2001,2475,9738
2001,2475,9738
2001,2475,9738
2001,2475,9738
2001,2475,9738
2001,2475,9738
2062,2425,9717
2062,2425,9717
2062,2425,9717
2062,2425,9717
2062,2425,9717
2062,2425,9717
2062,2425,9717
2062,2425,9717
2062,2425,9717
2118,2393,9664
2118,2393,9664
2118,2393,9664
2118,2393,9664
2118,2393,9664
2118,2393,9664
2118,2393,9664
2118,2393,9664
2177,2356,9636
2177,2356,9636
2177,2356,9636
2177,2356,9636
2177,2356,9636
2177,2356,9636
2177,2356,9636
2177,2356,9636
2177,2356,9636
2286,2298,9603
2286,2298,9603
2286,2298,9603
2286,2298,9603
2286,2298,9603
2286,2298,9603
2286,2298,9603
2286,2298,9603
2286,2298,9603
2286,2298,9603
2345,2198,9634
2345,2198,9634
2345,2198,9634
2345,2198,9634
2345,2198,9634
2345,2198,9634
2345,2198,9634
2345,2198,9634
2345,2198,9634
2342,2135,9623
2342,2135,9623
2342,2135,9623
2342,2135,9623
2342,2135,9623
2342,2135,9623
2342,2135,9623
2342,2135,9623
2342,2135,9623
2346,2127,9591
2346,2127,9591
2346,2127,9591
2346,2127,9591
2346,2127,9591
2346,2127,9591
2346,2127,9591
2346,2127,9591
2346,2127,9591
2381,2099,9558
2381,2099,9558
2381,2099,9558
2381,2099,9558
2381,2099,9558
2381,2099,9558
2381,2099,9558
2381,2099,9558
2381,2099,9558
2381,2099,9558
2403,2092,9556
2403,2092,9556
2403,2092,9556
2403,2092,9556
2403,2092,9556
2403,2092,9556
2403,2092,9556
2403,2092,9556
2403,2092,9556
2557,2033,9478
2557,2033,9478
2557,2033,9478
2557,2033,9478
2557,2033,9478
2557,2033,9478
2557,2033,9478
2557,2033,9478
2557,2033,9478
2776,1984,9432
2776,1984,9432
2776,1984,9432
2776,1984,9432
2776,1984,9432
2776,1984,9432
2776,1984,9432
2776,1984,9432
2776,1984,9432
2875,1993,9414
2875,1993,9414
2875,1993,9414
2875,1993,9414
2875,1993,9414
2875,1993,9414
2875,1993,9414
2875,1993,9414
2875,1993,9414
2951,2067,9418
2951,2067,9418
2951,2067,9418
2951,2067,9418
2951,2067,9418
2951,2067,9418
2951,2067,9418
2951,2067,9418
2951,2067,9418
3048,2064,9311
3048,2064,9311
3048,2064,9311
3048,2064,9311
3048,2064,9311
3048,2064,9311
3048,2064,9311
3048,2064,9311
3048,2064,9311
3089,2109,9334
3089,2109,9334
3089,2109,9334
3089,2109,9334
3089,2109,9334
3089,2109,9334
3089,2109,9334
3089,2109,9334
3089,2109,9334
3289,2082,9269
3289,2082,9269
3289,2082,9269
3289,2082,9269
3289,2082,9269
3289,2082,9269
3289,2082,9269
3289,2082,9269
3289,2082,9269
3329,2054,9266
3329,2054,9266
3329,2054,9266
3329,2054,9266
3329,2054,9266
3329,2054,9266
3329,2054,9266
3329,2054,9266
3329,2054,9266
3310,2109,9297
3310,2109,9297
3310,2109,9297
3310,2109,9297
3310,2109,9297
3310,2109,9297
3310,2109,9297
3310,2109,9297
3310,2109,9297
3310,2109,9297
3297,2132,9258
3297,2132,9258
3297,2132,9258
3297,2132,9258
3297,2132,9258
3297,2132,9258
3297,2132,9258
3297,2132,9258
3272,2141,9291
3272,2141,9291
3272,2141,9291
3272,2141,9291
3272,2141,9291
3272,2141,9291
3272,2141,9291
3272,2141,9291
3272,2141,9291
3272,2141,9291
3279,2164,9322
3279,2164,9322
3279,2164,9322
3279,2164,9322
3279,2164,9322
3279,2164,9322
3279,2164,9322
3279,2164,9322
3279,2164,9322
3279,2164,9322
3232,2211,9335
3232,2211,9335
3232,2211,9335
3232,2211,9335
3232,2211,9335
3232,2211,9335
3232,2211,9335
3232,2211,9335
3189,2258,9353
3189,2258,9353
3189,2258,9353
3189,2258,9353
3189,2258,9353
3189,2258,9353
3189,2258,9353
3189,2258,9353
3189,2258,9353
3212,2319,9382
3212,2319,9382
3212,2319,9382
3212,2319,9382
3212,2319,9382
3212,2319,9382
3212,2319,9382
3212,2319,9382
3212,2319,9382
3153,2402,9388
3153,2402,9388
3153,2402,9388
3153,2402,9388
3153,2402,9388
3153,2402,9388
3153,2402,9388
3153,2402,9388
3153,2402,9388
3096,2507,9431
3096,2507,9431
3096,2507,9431
3096,2507,9431
3096,2507,9431
3096,2507,9431
3096,2507,9431
3096,2507,9431
3096,2507,9431
3090,2570,9449
3090,2570,9449
3090,2570,9449
3090,2570,9449
3090,2570,9449
3090,2570,9449
3090,2570,9449
3090,2570,9449
3090,2570,9449
3090,2692,9491
3078,2692,9491
3078,2692,9491
3078,2692,9491
3078,2692,9491
3084,2795,9477
3084,2795,9477
3084,2795,9477
3084,2795,9477
3084,2795,9477
3084,2795,9477
3084,2795,9477
3084,2795,9477
3084,2795,9477
3084,2795,9477
3118,2866,9467
3118,2866,9467
3118,2866,9467
3118,2866,9467
3118,2866,9467
3118,2866,9467
3118,2866,9467
3118,2866,9467
3118,2866,9467
3091,3002,9477
3091,3002,9477
3091,3002,9477
3091,3002,9477
3091,3002,9477
3091,3002,9477
3091,3002,9477
3091,3002,9477
3091,3002,9477
3100,3101,9475
3100,3101,9475
3100,3101,9475
3100,3101,9475
3100,3101,9475
3100,3101,9475
3100,3101,9475
3100,3101,9475
3143,3180,9451
3143,3180,9451
3143,3180,9451
3143,3180,9451
3143,3180,9451
3143,3180,9451
3143,3180,9451
3143,3180,9451
3143,3180,9451
3177,3278,9437
3177,3278,9437
3177,3278,9437
3177,3278,9437
3177,3278,9437
3177,3278,9437
3177,3278,9437
3177,3278,9437
3177,3278,9437
3198,3364,9357
3198,3364,9357
3198,3364,9357
3198,3364,9357
3198,3364,9357
3198,3364,9357
3198,3364,9357
3198,3364,9357
3198,3364,9357
3212,3485,9330
3212,3485,9330
3212,3485,9330
3212,3485,9330
3212,3485,9330
3212,3485,9330
3212,3485,9330
3212,3485,9330
3212,3485,9330
3320,3514,9287
3320,3514,9287
3320,3514,9287
3320,3514,9287
3320,3514,9287
3320,3514,9287
3320,3514,9287
3320,3514,9287
3320,3514,9287
3320,3514,9248
3375,3577,9248
3375,3577,9248
3375,3577,9248
3375,3577,9248
3375,3577,9248
3375,3577,9248
3375,3577,9248
3375,3577,9248
3375,3577,9248
3454,3674,9194
3454,3674,9194
3454,3674,9194
3454,3674,9194
3454,3674,9194
3454,3674,9194
3454,3674,9194
3454,3674,9194
3521,3727,9137
3521,3727,9137
3521,3727,9137
3521,3727,9137
3521,3727,9137
3521,3727,9137
3521,3727,9137
3521,3727,9137
3521,3727,9137
3521,3727,9137
3514,3793,9059
3514,3793,9059
3514,3793,9059
3514,3793,9059
3514,3793,9059
3514,3793,9059
3514,3793,9059
3514,3793,9059
3514,3793,9059
3514,3793,9059
3611,3884,9063
3611,3884,9063
3611,3884,9063
3611,3884,9063
3611,3884,9063
3611,3884,9063
3611,3884,9063
3611,3884,9063
3611,3884,9063
3637,3928,9021
3637,3928,9021
3637,3928,9021
3637,3928,9021
3637,3928,9021
3637,3928,9021
3637,3928,9021
3637,3928,9021
3646,3942,8975
3646,3942,8975
3646,3942,8975
3646,3942,8975
3646,3942,8975
3646,3942,8975
3646,3942,8975
3646,3942,8975
3646,3942,8975
3721,4003,8922
3721,4003,8922
3721,4003,8922
3721,4003,8922
3721,4003,8922
3721,4003,8922
3721,4003,8922
3721,4003,8922
3721,4003,8922
3721,4003,8922
3787,4017,8927
3787,4017,8927
3787,4017,8927
3787,4017,8927
3787,4017,8927
3787,4017,8927
3787,4017,8927
3787,4017,8927
3787,4017,8927
3831,4005,8916
3831,4005,8916
3831,4005,8916
3831,4005,8916
3831,4005,8916
3831,4005,8916
3831,4005,8916
3831,4005,8916
3831,4005,8916
3812,4026,8860
3812,4026,8860
3812,4026,8860
3812,4026,8860
3812,4026,8860
3812,4026,8860
3812,4026,8860
3812,4026,8860
3812,4026,8860
3802,4060,8820
3802,4060,8820
3802,4060,8820
3802,4060,8820
3802,4060,8820
3802,4060,8820
3802,4060,8820
3802,4060,8820
3802,4060,8820
3863,4030,8751
3863,4030,8751
3863,4030,8751
3863,4030,8751
3863,4030,8751
3863,4030,8751
3863,4030,8751
3863,4030,8751
3863,4030,8751
3909,4068,8699
3909,4068,8699
3909,4068,8699
3909,4068,8699
3909,4068,8699
3909,4068,8699
3909,4068,8699
3909,4068,8699
3909,4068,8699
3983,4037,8685
3983,4037,8685
3983,4037,8685
3983,4037,8685
3983,4037,8685
3983,4037,8685
3983,4037,8685
3983,4037,8685
3983,4037,8685
3983,4037,8685
4053,4040,8605
4053,4040,8605
4053,4040,8605
4053,4040,8605
4053,4040,8605
4053,4040,8605
4053,4040,8605
4053,4040,8605
4053,4083,8546
4140,4083,8546
4140,4083,8546
4140,4083,8546
4140,4083,8546
4140,4083,8546
4140,4083,8546
4140,4083,8546
4140,4083,8546
4140,4083,8546
4145,4069,8538
4145,4069,8538
4145,4069,8538
4145,4069,8538
4145,4069,8538
4145,4069,8538
4145,4069,8538
4145,4069,8538
4145,4069,8538
4174,4088,8495
4174,4088,8495
4174,4088,8495
4174,4088,8495
4174,4088,8495
4174,4088,8495
4174,4088,8495
4174,4088,8495
4174,4088,8495
4238,4055,8393
4238,4055,8393
4238,4055,8393
4238,4055,8393
4275,4078,8375
4275,4078,8375
4275,4078,8375
4275,4078,8375
4275,4078,8375
4275,4078,8375
4275,4078,8375
4275,4078,8375
4275,4078,8375
4274,4085,8310
4274,4085,8310
4274,4085,8310
4274,4085,8310
4274,4085,8310
4274,4085,8310
4274,4085,8310
4274,4085,8310
4274,4085,8310
4302,4100,8273
4302,4100,8273
4302,4100,8273
4302,4100,8273
4302,4100,8273
4302,4100,8273
4302,4100,8273
4302,4100,8273
4302,4100,8273
4296,4107,8317
4296,4107,8317
4296,4107,8317
4296,4107,8317
4296,4107,8317
4296,4107,8317
4296,4107,8317
4296,4107,8317
4296,4107,8317
4296,4107,8317
4248,4133,8319
4248,4133,8319
4248,4133,8319
4248,4133,8319
4248,4133,8319
4248,4133,8319
4248,4133,8319
4248,4133,8319
4248,4133,8319
4269,4135,8372
4269,4135,8372
4269,4135,8372
4269,4135,8372
4269,4135,8372
4269,4135,8372
4269,4135,8372
4269,4135,8372
4269,4135,8372
4220,4102,8471
4220,4102,8471
4220,4102,8471
4220,4102,8471
4220,4102,8471
4220,4102,8471
4220,4102,8471
4220,4102,8471
4220,4102,8471
4193,4095,8507
4193,4095,8507
4193,4095,8507
4193,4095,8507
4193,4095,8507
4193,4095,8507
4193,4095,8507
4193,4095,8507
4193,4095,8507
4143,4137,8510
4143,4137,8510
4143,4137,8510
4143,4137,8510
4143,4137,8510
4143,4137,8510
4143,4137,8510
4143,4137,8510
4143,4137,8510
4100,4103,8533
4100,4103,8533
4100,4103,8533
4100,4103,8533
4100,4103,8533
4100,4103,8533
4100,4103,8533
4100,4103,8533
4100,4103,8533
3987,4100,8613
3987,4100,8613
3987,4100,8613
3987,4100,8613
3987,4100,8613
3987,4100,8613
3987,4100,8613
3987,4100,8613
3987,4100,8613
3948,4069,8738
3948,4069,8738
3948,4069,8738
3948,4069,8738
3948,4069,8738
3948,4069,8738
3948,4069,8738
3948,4069,8738
3948,4069,8738
3864,4017,8807
3864,4017,8807
3864,4017,8807
3864,4017,8807
3864,4017,8807
3864,4017,8807
3864,4017,8807
3864,4017,8807
3864,4017,8807
3864,4017,8807
3816,3996,8826
3816,3996,8826
3816,3996,8826
3816,3996,8826
3816,3996,8826
3816,3996,8826
3816,3996,8826
3816,3996,8826
3816,3996,8826
3729,3880,8958
3729,3880,8958
3729,3880,8958
3729,3880,8958
3729,3880,8958
3729,3880,8958
3729,3880,8958
3729,3880,8958
3729,3797,9043
3682,3797,9043
3682,3797,9043
3682,3797,9043
3682,3797,9043
3682,3797,9043
3682,3797,9043
3682,3797,9043
3682,3797,9043
3638,3677,9044
3638,3677,9044
3638,3677,9044
3638,3677,9044
3638,3677,9044
3638,3677,9044
3638,3677,9044
3638,3677,9044
3638,3677,9044
3638,3677,9044
3595,3590,9120
3595,3590,9120
3595,3590,9120
3595,3590,9120
3595,3590,9120
3595,3590,9120
3595,3590,9120
3595,3590,9120
3595,3590,9120
3549,3518,9139
3549,3518,9139
3549,3518,9139
3549,3518,9139
3549,3518,9139
3549,3518,9139
3549,3518,9139
3549,3518,9139
3549,3518,9139
3530,3467,9194
3530,3467,9194
3530,3467,9194
3530,3467,9194
3530,3467,9194
3530,3467,9194
3530,3467,9194
3530,3467,9194
3530,3467,9194
3514,3362,9155
3514,3362,9155
3514,3362,9155
3514,3362,9155
3514,3362,9155
3514,3362,9155
3514,3362,9155
3514,3362,9155
3514,3362,9155
3514,3362,9155
3479,3250,9231
3479,3250,9231
3479,3250,9231
3479,3250,9231
3479,3250,9231
3479,3250,9231
3479,3250,9231
3479,3250,9231
3479,3250,9231
3538,3122,9242
3538,3122,9242
3538,3122,9242
3538,3122,9242
3538,3122,9242
3538,3122,9242
3538,3122,9242
3538,3122,9242
3538,3122,9242
3528,3047,9232
3528,3047,9232
3528,3047,9232
3528,3047,9232
3528,3047,9232
3528,3047,9232
3528,3047,9232
3528,3047,9232
3528,3047,9232
3517,2964,9270
3517,2964,9270
3517,2964,9270
3517,2964,9270
3517,2964,9270
3517,2964,9270
3517,2964,9270
3517,2964,9270
3517,2964,9270
3513,2836,9239
3513,2836,9239
3513,2836,9239
3513,2836,9239
3513,2836,9239
3513,2836,9239
3513,2836,9239
3513,2836,9239
3528,2774,9251
3528,2774,9251
3528,2774,9251
3528,2774,9251
3528,2774,9251
3528,2774,9251
3528,2774,9251
3528,2774,9251
3528,2774,9251
3587,2754,9198
3587,2754,9198
3587,2754,9198
3587,2754,9198
3587,2754,9198
3587,2754,9198
3587,2754,9198
3587,2754,9198
3590,2638,9209
3590,2638,9209
3590,2638,9209
3590,2638,9209
3590,2638,9209
3590,2638,9209
3622,2541,9166
3622,2541,9166
3622,2541,9166
3622,2541,9166
3622,2541,9166
3622,2541,9166
3622,2541,9166
3622,2541,9166
3622,2541,9166
3669,2412,9054
3669,2412,9054
3669,2412,9054
3669,2412,9054
3669,2412,9054
3669,2412,9054
3669,2412,9054
3669,2412,9054
3669,2412,9054
3669,2412,9054
3745,2297,9054
3745,2297,9054
3745,2297,9054
3745,2297,9054
3745,2297,9054
3745,2297,9054
3745,2297,9054
3745,2297,9054
3745,2297,9054
3805,2263,8973
3805,2263,8973
3805,2263,8973
3805,2263,8973
3805,2263,8973
3805,2263,8973
3805,2263,8973
3805,2263,8973
3805,2263,8973
3878,2245,8965
3878,2245,8965
3878,2245,8965
3878,2245,8965
3878,2245,8965
3878,2245,8965
3878,2245,8965
3878,2245,8965
3878,2245,8965
3892,2191,8887
3892,2191,8887
3892,2191,8887
3892,2191,8887
3892,2191,8887
3892,2191,8887
3892,2191,8887
3892,2191,8887
3892,2191,8887
3931,2211,8880
3931,2211,8880
3931,2211,8880
3931,2211,8880
3931,2211,8880
3931,2211,8880
3931,2211,8880
3931,2211,8880
3931,2211,8880
3993,2248,8841
3993,2248,8841
3993,2248,8841
3993,2248,8841
3993,2248,8841
3993,2248,8841
3993,2248,8841
3993,2248,8841
3993,2248,8841
4178,2245,8656
4178,2245,8656
4178,2245,8656
4178,2245,8656
4178,2245,8656
4178,2245,8656
4178,2245,8656
4178,2245,8656
4178,2245,8656
4397,2184,8466
4397,2184,8466
4397,2184,8466
4397,2184,8466
4397,2184,8466
4397,2184,8466
4397,2184,8466
4397,2184,8466
4397,2184,8466
4491,2179,8360
4491,2179,8360
4491,2179,8360
4491,2179,8360
4491,2179,8360
4491,2179,8360
4491,2179,8360
4491,2179,8360
4491,2179,8360
4577,2271,8276
4577,2271,8276
4577,2271,8276
4577,2271,8276
4577,2271,8276
4577,2271,8276
4577,2271,8276
4577,2271,8276
4577,2271,8276
4576,2366,8223
4576,2366,8223
4576,2366,8223
4576,2366,8223
4576,2366,8223
4576,2366,8223
4576,2366,8223
4576,2366,8223
4576,2366,8223
4576,2366,8223
4510,2441,8351
4510,2441,8351
4510,2441,8351
4510,2441,8351
4510,2441,8351
4510,2441,8351
4510,2441,8351
4510,2441,8351
4510,2441,8351
4428,2527,8500
4428,2527,8500
4428,2527,8500
4428,2527,8500
4428,2527,8500
4428,2527,8500
4428,2527,8500
4428,2527,8500
4428,2527,8500
4399,2562,8448
4399,2562,8448
4399,2562,8448
4399,2562,8448
4399,2562,8448
4399,2562,8448
4399,2562,8448
4399,2562,8448
4399,2562,8448
4445,2605,8503
4445,2605,8503
4445,2605,8503
4445,2605,8503
4445,2605,8503
4445,2605,8503
4445,2605,8503
4445,2605,8503
4445,2605,8503
4397,2743,8531
4397,2743,8531
4397,2743,8531
4397,2743,8531
4397,2743,8531
4397,2743,8531
4397,2743,8531
4397,2743,8531
4380,2867,8579
4380,2867,8579
4380,2867,8579
4380,2867,8579
4380,2867,8579
4380,2867,8579
4380,2867,8579
4380,2867,8579
4380,2867,8579
4315,3049,8603
4315,3049,8603
4315,3049,8603
4315,3049,8603
4315,3049,8603
4315,3049,8603
4315,3049,8603
4315,3049,8603
4315,3049,8603
4315,3049,8603
4242,3135,8718
4242,3135,8718
4242,3135,8718
4242,3135,8718
4242,3135,8718
4242,3135,8718
4242,3135,8718
4242,3135,8718
4242,3135,8718
4238,3281,8676
4238,3281,8676
4238,3281,8676
4238,3281,8676
4238,3281,8676
4238,3281,8676
4238,3281,8676
4238,3281,8676
4238,3281,8676
4238,3281,8676
4259,3413,8579
4259,3413,8579
4259,3413,8579
4259,3413,8579
4259,3413,8579
4259,3413,8579
4259,3413,8579
4259,3413,8579
4259,3413,8579
4328,3477,8517
4328,3477,8517
4328,3477,8517
4328,3477,8517
4328,3477,8517
4328,3477,8517
4328,3477,8517
4328,3477,8517
4328,3477,8517
4346,3607,8464
4346,3607,8464
4346,3607,8464
4346,3607,8464
4346,3607,8464
4346,3607,8464
4346,3607,8464
4346,3607,8464
4346,3607,8464
4397,3708,8419
4397,3708,8419
4397,3708,8419
4397,3708,8419
4397,3708,8419
4397,3708,8419
4397,3708,8419
4397,3708,8419
4397,3708,8419
4396,3815,8347
4396,3815,8347
4396,3815,8347
4396,3815,8347
4396,3815,8347
4396,3815,8347
4396,3815,8347
4396,3815,8347
4396,3815,8347
4441,3888,8275
4441,3888,8275
4441,3888,8275
4441,3888,8275
4435,3991,8168
4435,3991,8168
4435,3991,8168
4435,3991,8168
4435,3991,8168
4435,3991,8168
4435,3991,8168
4435,3991,8168
4435,3991,8168
4491,4054,8060
4491,4054,8060
4491,4054,8060
4491,4054,8060
4491,4054,8060
4491,4054,8060
4491,4054,8060
4491,4054,8060
4491,4054,8060
4511,4134,7978
4511,4134,7978
4511,4134,7978
4511,4134,7978
4511,4134,7978
4511,4134,7978
4511,4134,7978
4511,4134,7978
4511,4134,7978
4511,4134,7978
4577,4227,7820
4577,4227,7820
4577,4227,7820
4577,4227,7820
4577,4227,7820
4577,4227,7820
4577,4227,7820
4577,4227,7820
4577,4227,7820
4573,4281,7710
4573,4281,7710
4573,4281,7710
4573,4281,7710
4573,4281,7710
4573,4281,7710
4573,4281,7710
4573,4281,7710
4573,4281,7710
4630,4416,7594
4630,4416,7594
4630,4416,7594
4630,4416,7594
4630,4416,7594
4630,4416,7594
4630,4416,7594
4630,4416,7594
4630,4416,7594
4653,4461,7485
4653,4461,7485
4653,4461,7485
4653,4461,7485
4653,4461,7485
4653,4461,7485
4653,4461,7485
4653,4461,7485
4653,4461,7485
4617,4515,7390
4617,4515,7390
4617,4515,7390
4617,4515,7390
4617,4515,7390
4617,4515,7390
4617,4515,7390
4617,4515,7390
4617,4515,7390
4679,4516,7267
4679,4516,7267
4679,4516,7267
4679,4516,7267
4679,4516,7267
4679,4516,7267
4679,4516,7267
4679,4516,7267
4679,4516,7267
4729,4458,7147
4729,4458,7147
4729,4458,7147
4729,4458,7147
4729,4458,7147
4729,4458,7147
4729,4458,7147
4729,4458,7147
4729,4458,7147
4775,4445,6963
4775,4445,6963
4775,4445,6963
4775,4445,6963
4775,4445,6963
4775,4445,6963
4775,4445,6963
4775,4445,6963
4775,4445,6963
4842,4380,6909
4842,4380,6909
4842,4380,6909
4842,4380,6909
4842,4380,6909
4842,4380,6909
4842,4380,6909
4842,4380,6909
4842,4380,6909
4899,4334,6750
4899,4334,6750
4899,4334,6750
4899,4334,6750
4899,4334,6750
4899,4334,6750
4899,4334,6750
4899,4334,6750
4899,4334,6750
4899,4334,6750
4949,4224,6686
4949,4224,6686
4949,4224,6686
4949,4224,6686
4949,4224,6686
4949,4224,6686
4949,4224,6686
4949,4224,6686
4949,4224,6686
5001,4101,6554
5001,4101,6554
5001,4101,6554
5001,4101,6554
5001,4101,6554
5001,4101,6554
5001,4101,6554
5001,4101,6554
5001,4101,6554
5066,4028,6453
5066,4028,6453
5066,4028,6453
5066,4028,6453
5066,4028,6453
5066,4028,6453
5066,4028,6453
5066,4028,6453
5066,4028,6453
5120,3926,6355
5120,3926,6355
5120,3926,6355
5120,3926,6355
5120,3926,6355
5120,3926,6355
5120,3926,6355
5120,3926,6355
5120,3926,6355
5120,3926,6355
5121,3778,6285
5121,3778,6285
5121,3778,6285
5121,3778,6285
5121,3778,6285
5121,3778,6285
5121,3778,6285
5121,3778,6285
5121,3778,6285
5145,3717,6278
5145,3717,6278
5145,3717,6278
5145,3717,6278
5145,3717,6278
5145,3717,6278
5145,3717,6278
5145,3717,6278
5145,3717,6278
5130,3638,6278
5130,3638,6278
5130,3638,6278
5130,3638,6278
5130,3638,6278
5130,3638,6278
5130,3638,6278
5130,3638,6278
5188,3550,6195
5188,3550,6195
5188,3550,6195
5188,3550,6195
5188,3550,6195
5188,3550,6195
5188,3550,6195
5188,3550,6195
5188,3550,6195
5186,3480,6232
5186,3480,6232
5186,3480,6232
5186,3480,6232
5186,3480,6232
5186,3480,6232
5186,3480,6232
5186,3480,6232
5186,3480,6232
5182,3359,6205
5182,3359,6205
5182,3359,6205
5182,3359,6205
5182,3359,6205
5182,3359,6205
5182,3359,6205
5182,3359,6205
5182,3359,6205
5182,3359,6205
5206,3191,6215
5206,3191,6215
5206,3191,6215
5206,3191,6215
5206,3191,6215
5206,3191,6215
5206,3191,6215
5206,3191,6215
5212,3082,6203
5212,3082,6203
5212,3082,6203
5212,3082,6203
5212,3082,6203
5212,3082,6203
5212,3082,6203
5212,3082,6203
5212,3082,6203
5212,3082,6203
5211,2940,6262
5211,2940,6262
5211,2940,6262
5211,2940,6262
5211,2940,6262
5211,2940,6262
5211,2940,6262
5211,2940,6262
5211,2940,6262
5211,2940,6262
5215,2765,6292
5215,2765,6292
5215,2765,6292
5215,2765,6292
5215,2765,6292
5215,2765,6292
5215,2765,6292
5215,2765,6292
5215,2765,6292
5210,2573,6251
5210,2573,6251
5210,2573,6251
5210,2573,6251
5210,2573,6251
5210,2573,6251
5210,2573,6251
5210,2573,6251
5210,2573,6251
5144,2417,6345
5144,2417,6345
5144,2417,6345
5144,2417,6345
5135,2258,6402
5135,2258,6402
5135,2258,6402
5135,2258,6402
5135,2258,6402
5135,2258,6402
5135,2258,6402
5135,2258,6402
5064,2136,6463
5064,2136,6463
5064,2136,6463
5064,2136,6463
5064,2136,6463
5064,2136,6463
5064,2136,6463
5064,2136,6463
5064,2136,6463
5066,1998,6537
5066,1998,6537
5066,1998,6537
5066,1998,6537
5066,1998,6537
5066,1998,6537
5066,1998,6537
5066,1998,6537
5066,1998,6537
5031,1930,6629
5031,1930,6629
5031,1930,6629
5031,1930,6629
5031,1930,6629
5031,1930,6629
5031,1930,6629
5031,1930,6629
5031,1930,6629
4988,1893,6771
4988,1893,6771
4988,1893,6771
4988,1893,6771
4988,1893,6771
4988,1893,6771
4988,1893,6771
4988,1893,6771
4988,1893,6771
4988,1893,6771
4956,1868,6810
4956,1868,6810
4956,1868,6810
4956,1868,6810
4956,1868,6810
4956,1868,6810
4956,1868,6810
4956,1868,6810
4956,1868,6810
4926,1860,6985
4926,1860,6985
4926,1860,6985
4926,1860,6985
4926,1860,6985
4926,1860,6985
4926,1860,6985
4926,1860,6985
4926,1860,6985
4947,1845,7022
4947,1845,7022
4947,1845,7022
4947,1845,7022
4947,1845,7022
4947,1845,7022
4947,1845,7022
4947,1845,7022
4947,1845,7022
4947,1845,7022
4900,1791,7117
4900,1791,7117
4900,1791,7117
4900,1791,7117
4900,1791,7117
4900,1791,7117
4900,1791,7117
4900,1791,7117
4900,1791,7117
4868,1787,7246
4868,1787,7246
4868,1787,7246
4868,1787,7246
4868,1787,7246
4868,1787,7246
4868,1787,7246
4868,1787,7246
4868,1787,7246
4829,1750,7367
4829,1750,7367
4829,1750,7367
4829,1750,7367
4829,1750,7367
4829,1750,7367
4829,1750,7367
4829,1750,7367
4829,1750,7367
4750,1692,7482
4750,1692,7482
4750,1692,7482
4750,1692,7482
4750,1692,7482
4750,1692,7482
4750,1692,7482
4750,1692,7482
4726,1706,7595
4726,1706,7595
4726,1706,7595
4726,1706,7595
4726,1706,7595
4726,1706,7595
4726,1706,7595
4726,1706,7595
4726,1706,7595
4616,1713,7702
4616,1713,7702
4616,1713,7702
4616,1713,7702
4616,1713,7702
4616,1713,7702
4616,1713,7702
4616,1713,7702
4616,1713,7702
4616,1713,7883
4606,1704,7883
4606,1704,7883
4606,1704,7883
4606,1704,7883
4606,1704,7883
4606,1704,7883
4606,1704,7883
4606,1704,7883
4606,1704,7883
4561,1748,7958
4561,1748,7958
4561,1748,7958
4561,1748,7958
4561,1748,7958
4561,1748,7958
4561,1748,7958
4561,1748,7958
4561,1748,7958
4523,1857,8082
4523,1857,8082
4523,1857,8082
4523,1857,8082
4523,1857,8082
4523,1857,8082
4523,1857,8082
4523,1857,8082
4523,1857,8082
4497,1957,8257
4497,1957,8257
4497,1957,8257
4497,1957,8257
4497,1957,8257
4497,1957,8257
4497,1957,8257
4497,1957,8257
4497,1957,8257
4497,1957,8257
4448,2123,8315
4448,2123,8315
4448,2123,8315
4448,2123,8315
4448,2123,8315
4448,2123,8315
4448,2123,8315
4448,2123,8315
4448,2123,8315
4404,2302,8423
4404,2302,8423
4404,2302,8423
4404,2302,8423
4404,2302,8423
4404,2302,8423
4404,2302,8423
4404,2302,8423
4404,2302,8423
4395,2432,8511
4395,2432,8511
4395,2432,8511
4395,2432,8511
4395,2432,8511
4395,2432,8511
4395,2432,8511
4395,2432,8511
4395,2432,8511
4376,2548,8503
4376,2548,8503
4376,2548,8503
4376,2548,8503
4376,2548,8503
4376,2548,8503
4376,2548,8503
4376,2548,8503
4355,2707,8572
4355,2707,8572
4355,2707,8572
4355,2707,8572
4355,2707,8572
4355,2707,8572
4355,2707,8572
4355,2707,8572
4355,2707,8572
4346,2864,8588
4346,2864,8588
4346,2864,8588
4346,2864,8588
4346,2864,8588
4346,2864,8588
4346,2864,8588
4346,2864,8588
4346,2864,8588
4346,2864,8548
4304,3014,8548
4304,3014,8548
4304,3014,8548
4304,3014,8548
4304,3014,8548
4304,3014,8548
4304,3014,8548
4304,3014,8548
4304,3014,8548
4289,3184,8572
4289,3184,8572
4289,3184,8572
4289,3184,8572
4289,3184,8572
4289,3184,8572
4289,3184,8572
4289,3184,8572
4289,3184,8572
4342,3388,8523
4342,3388,8523
4342,3388,8523
4342,3388,8523
4342,3388,8523
4342,3388,8523
4342,3388,8523
4342,3388,8523
4342,3388,8523
4403,3611,8431
4403,3611,8431
4403,3611,8431
4403,3611,8431
4403,3611,8431
4403,3611,8431
4403,3611,8431
4427,3773,8327
4427,3773,8327
4427,3773,8327
4427,3773,8327
4427,3773,8327
4427,3773,8327
4427,3773,8327
4461,3850,8256
4461,3850,8256
4461,3850,8256
4461,3850,8256
4461,3850,8256
4461,3850,8256
4461,3850,8256
4461,3850,8256
4461,3850,8256
4440,3950,8191
4440,3950,8191
4440,3950,8191
4440,3950,8191
4440,3950,8191
4440,3950,8191
4440,3950,8191
4440,3950,8191
4440,3950,8191
4424,4032,8156
4424,4032,8156
4424,4032,8156
4424,4032,8156
4424,4032,8156
4424,4032,8156
4424,4032,8156
4424,4032,8156
4475,4196,8027
4475,4196,8027
4475,4196,8027
4475,4196,8027
4475,4196,8027
4475,4196,8027
4475,4196,8027
4475,4196,8027
4475,4196,8027
4463,4228,7948
4463,4228,7948
4463,4228,7948
4463,4228,7948
4463,4228,7948
4463,4228,7948
4463,4228,7948
4463,4228,7948
4463,4228,7948
4497,4296,7883
4497,4296,7883
4497,4296,7883
4497,4296,7883
4497,4296,7883
4497,4296,7883
4497,4296,7883
4497,4296,7883
4497,4296,7883
4497,4296,7883
4530,4315,7741
4530,4315,7741
4530,4315,7741
4530,4315,7741
4530,4315,7741
4530,4315,7741
4530,4315,7741
4530,4315,7741
4556,4276,7682
4556,4276,7682
4556,4276,7682
4556,4276,7682
4556,4276,7682
4556,4276,7682
4556,4276,7682
4556,4276,7682
4556,4276,7682
4556,4276,7682
4599,4314,7685
4599,4314,7685
4599,4314,7685
4599,4314,7685
4599,4314,7685
4599,4314,7685
4599,4314,7685
4599,4314,7685
4599,4314,7685
4599,4314,7685
4607,4293,7683
4607,4293,7683
4607,4293,7683
4607,4293,7683
4607,4293,7683
4607,4293,7683
4607,4293,7683
4607,4293,7683
4607,4293,7683
4576,4258,7765
4576,4258,7765
4576,4258,7765
4576,4258,7765
4576,4258,7765
4576,4258,7765
4576,4258,7765
4576,4258,7765
4576,4258,7765
4535,4268,7860
4535,4268,7860
4535,4268,7860
4535,4268,7860
4535,4268,7860
4535,4268,7860
4535,4268,7860
4535,4268,7860
4535,4268,7860
4451,4223,7996
4451,4223,7996
4451,4223,7996
4451,4223,7996
4451,4223,7996
4451,4223,7996
4451,4223,7996
4451,4223,7996
4438,4238,8029
4438,4238,8029
4438,4238,8029
4438,4238,8029
4438,4238,8029
4438,4238,8029
4438,4238,8029
4438,4238,8029
4438,4238,8029
4321,4218,8225
4321,4218,8225
4321,4218,8225
4321,4218,8225
4321,4218,8225
4321,4218,8225
4321,4218,8225
4321,4218,8225
4321,4218,8225
4208,4196,8359
4208,4196,8359
4208,4196,8359
4208,4196,8359
4208,4196,8359
4208,4196,8359
4208,4196,8359
4208,4196,8359
4208,4196,8359
4208,4196,8359
4149,4154,8487
4149,4154,8487
4149,4154,8487
4149,4154,8487
4149,4154,8487
4149,4154,8487
4149,4154,8487
4149,4154,8487
4149,4154,8487
4094,4174,8482
4094,4174,8482
4094,4174,8482
4094,4174,8482
4094,4174,8482
4094,4174,8482
4094,4174,8482
4094,4174,8482
4094,4174,8482
4072,4149,8490
4072,4149,8490
4072,4149,8490
4072,4149,8490
4072,4149,8490
4072,4149,8490
4072,4149,8490
4072,4149,8490
4072,4149,8490
4033,4108,8557
4033,4108,8557
4033,4108,8557
4033,4108,8557
4033,4108,8557
4033,4108,8557
4033,4108,8557
4033,4108,8557
4033,4108,8557
4024,4050,8590
4024,4050,8590
4024,4050,8590
4024,4050,8590
4024,4050,8590
4024,4050,8590
4024,4050,8590
4024,4050,8590
4024,4050,8590
4043,4009,8640
4043,4009,8640
4043,4009,8640
4043,4009,8640
4043,4009,8640
4043,4009,8640
4043,4009,8640
4043,4009,8640
4043,4009,8640
4043,4009,8640
3981,3955,8711
3981,3955,8711
3981,3955,8711
3981,3955,8711
3981,3955,8711
3981,3955,8711
3981,3955,8711
3981,3955,8711
3945,3881,8806
3945,3881,8806
3945,3881,8806
3945,3881,8806
3945,3881,8806
3945,3881,8806
3945,3881,8806
3945,3881,8806
3945,3881,8806
3945,3881,8806
3881,3780,8902
3881,3780,8902
3881,3780,8902
3881,3780,8902
3881,3780,8902
3881,3780,8902
3881,3780,8902
3881,3780,8902
3881,3780,8902
3804,3620,8959
3804,3620,8959
3804,3620,8959
3804,3620,8959
3804,3620,8959
3804,3620,8959
3804,3620,8959
3804,3620,8959
3804,3620,8959
3714,3472,9068
3714,3472,9068
3714,3472,9068
3714,3472,9068
3714,3472,9068
3714,3472,9068
3714,3472,9068
3714,3472,9068
3714,3472,9068
3663,3242,9145
3663,3242,9145
3663,3242,9145
3663,3242,9145
3595,3095,9151
3595,3095,9151
3595,3095,9151
3595,3095,9151
3595,3095,9151
3595,3095,9151
3595,3095,9151
3595,3095,9151
3595,3095,9151
3595,3095,9151
3610,2810,9193
3610,2810,9193
3610,2810,9193
3610,2810,9193
3610,2810,9193
3610,2810,9193
3610,2810,9193
3610,2810,9193
3610,2810,9193
3622,2601,9222
3622,2601,9222
3622,2601,9222
3622,2601,9222
3622,2601,9222
3622,2601,9222
3622,2601,9222
3622,2601,9222
3622,2601,9222
3575,2468,9137
3575,2468,9137
3575,2468,9137
3575,2468,9137
3575,2468,9137
3575,2468,9137
3575,2468,9137
3575,2468,9137
3575,2468,9137
3639,2291,9103
3639,2291,9103
3639,2291,9103
3639,2291,9103
3639,2291,9103
3639,2291,9103
3639,2291,9103
3639,2291,9103
3639,2291,9103
3683,2189,9019
3683,2189,9019
3683,2189,9019
3683,2189,9019
3683,2189,9019
3683,2189,9019
3683,2189,9019
3683,2189,9019
3683,2189,9019
3722,2044,8989
3722,2044,8989
3722,2044,8989
3722,2044,8989
3722,2044,8989
3722,2044,8989
3722,2044,8989
3722,2044,8989
3722,2044,8989
3798,1919,8910
3798,1919,8910
3798,1919,8910
3798,1919,8910
3798,1919,8910
3798,1919,8910
3798,1919,8910
3798,1919,8910
3798,1919,8910
3845,1802,8812
3845,1802,8812
3845,1802,8812
3845,1802,8812
3845,1802,8812
3845,1802,8812
3845,1802,8812
3845,1802,8812
3845,1802,8812
3894,1737,8688
3894,1737,8688
3894,1737,8688
3894,1737,8688
3894,1737,8688
3894,1737,8688
3894,1737,8688
3894,1737,8688
3894,1737,8688
4024,1705,8564
4024,1705,8564
4024,1705,8564
4024,1705,8564
4024,1705,8564
4024,1705,8564
4024,1705,8564
4024,1705,8564
4024,1705,8564
4096,1590,8412
4096,1590,8412
4096,1590,8412
4096,1590,8412
4096,1590,8412
4096,1590,8412
4096,1590,8412
4096,1590,8412
4096,1590,8412
4096,1590,8412
4180,1507,8229
4180,1507,8229
4180,1507,8229
4180,1507,8229
4180,1507,8229
4180,1507,8229
4180,1507,8229
4180,1507,8229
4243,1571,8096
4243,1571,8096
4243,1571,8096
4243,1571,8096
4243,1571,8096
4243,1571,8096
4243,1571,8096
4243,1571,8096
4243,1571,8096
4243,1571,8096
4357,1604,7999
4357,1604,7999
4357,1604,7999
4357,1604,7999
4357,1604,7999
4357,1604,7999
4357,1604,7999
4357,1604,7999
4357,1604,7999
4416,1661,7903
4416,1661,7903
4416,1661,7903
4416,1661,7903
4416,1661,7903
4416,1661,7903
4416,1661,7903
4416,1661,7903
4416,1661,7903
4476,1684,7774
4476,1684,7774
4476,1684,7774
4476,1684,7774
4476,1684,7774
4476,1684,7774
4476,1684,7774
4476,1684,7774
4476,1684,7774
4545,1725,7730
4545,1725,7730
4545,1725,7730
4545,1725,7730
4545,1725,7730
4545,1725,7730
4545,1725,7730
4545,1725,7730
4545,1725,7730
4606,1821,7664
4606,1821,7664
4606,1821,7664
4606,1821,7664
4606,1821,7664
4606,1821,7664
4606,1821,7664
4606,1821,7664
4606,1821,7664
4637,1840,7577
4637,1840,7577
4637,1840,7577
4637,1840,7577
4637,1840,7577
4637,1840,7577
4637,1840,7577
4637,1840,7577
4637,1840,7577
4637,1840,7577
4645,1924,7498
4645,1924,7498
4645,1924,7498
4645,1924,7498
4645,1924,7498
4645,1924,7498
4645,1924,7498
4645,1924,7498
4645,1924,7498
4738,1989,7471
4738,1989,7471
4738,1989,7471
4738,1989,7471
4738,1989,7471
4738,1989,7471
4738,1989,7471
4738,1989,7471
4738,1989,7471
4814,2050,7468
4814,2050,7468
4814,2050,7468
4814,2050,7468
4814,2050,7468
4814,2050,7468
4814,2050,7468
4814,2050,7468
4814,2050,7468
4852,2173,7326
4852,2173,7326
4852,2173,7326
4852,2173,7326
4852,2173,7326
4852,2173,7326
4852,2173,7326
4852,2173,7326
4852,2173,7326
4901,2338,7297
4901,2338,7297
4901,2338,7297
4901,2338,7297
4901,2338,7297
4901,2338,7297
4901,2338,7297
4901,2338,7297
4901,2338,7297
4920,2480,7275
4920,2480,7275
4920,2480,7275
4920,2480,7275
4920,2480,7275
4920,2480,7275
4920,2480,7275
4920,2480,7275
4952,2607,7251
4952,2607,7251
4952,2607,7251
4952,2607,7251
4952,2607,7251
4952,2607,7251
4952,2607,7251
4952,2607,7251
4952,2607,7251
4952,2607,7251
4976,2766,7240
4976,2766,7240
4976,2766,7240
4976,2766,7240
4976,2766,7240
4976,2766,7240
4976,2766,7240
4976,2766,7240
4976,2766,7240
5009,2870,7229
5009,2870,7229
5009,2870,7229
5009,2870,7229
5021,2939,7201
5021,2939,7201
5021,2939,7201
5021,2939,7201
5021,2939,7201
5021,2939,7201
5021,2939,7201
5021,2939,7201
5021,2939,7201
5056,3016,7251
5056,3016,7251
5056,3016,7251
5056,3016,7251
5056,3016,7251
5056,3016,7251
5056,3016,7251
5056,3016,7251
5056,3016,7251
5056,3016,7251
4986,3122,7268
4986,3122,7268
4986,3122,7268
4986,3122,7268
4986,3122,7268
4986,3122,7268
4986,3122,7268
4986,3122,7268
4986,3255,7319
4986,3255,7319
4986,3255,7319
4986,3255,7319
4986,3255,7319
4986,3255,7319
4986,3255,7319
4986,3255,7319
4986,3255,7319
4986,3255,7319
4985,3315,7376
4985,3315,7376
4985,3315,7376
4985,3315,7376
4985,3315,7376
4985,3315,7376
4985,3315,7376
4985,3315,7376
4985,3315,7376
4979,3412,7415
4979,3412,7415
4979,3412,7415
4979,3412,7415
4979,3412,7415
4979,3412,7415
4979,3412,7415
4979,3412,7415
4979,3412,7415
4979,3412,7414
4943,3533,7414
4943,3533,7414
4943,3533,7414
4943,3533,7414
4943,3533,7414
4943,3533,7414
4943,3533,7414
4943,3533,7414
4861,3599,7412
4861,3599,7412
4861,3599,7412
4861,3599,7412
4861,3599,7412
4861,3599,7412
4861,3599,7412
4861,3599,7412
4861,3599,7412
4848,3714,7458
4848,3714,7458
4848,3714,7458
4848,3714,7458
4848,3714,7458
4848,3714,7458
4848,3714,7458
4848,3714,7458
4848,3714,7458
4824,3825,7504
4824,3825,7504
4824,3825,7504
4824,3825,7504
4824,3825,7504
4824,3825,7504
4824,3825,7504
4824,3825,7504
4824,3825,7504
4801,3967,7565
4801,3967,7565
4801,3967,7565
4801,3967,7565
4801,3967,7565
4801,3967,7565
4801,3967,7565
4801,3967,7565
4801,3967,7565
4677,4096,7691
4677,4096,7691
4677,4096,7691
4677,4096,7691
4677,4096,7691
4677,4096,7691
4677,4096,7691
4677,4096,7691
4677,4096,7691
4677,4096,7691
4607,4151,7817
4607,4151,7817
4607,4151,7817
4607,4151,7817
4607,4151,7817
4607,4151,7817
4607,4151,7817
4607,4151,7817
4607,4151,7817
4597,4153,7879
4597,4153,7879
4597,4153,7879
4597,4153,7879
4597,4153,7879
4597,4153,7879
4597,4153,7879
4597,4153,7879
4597,4153,7879
4527,4218,7956
4527,4218,7956
4527,4218,7956
4527,4218,7956
4527,4218,7956
4527,4218,7956
4527,4218,7956
4527,4218,7956
4527,4218,7956
4401,4251,8068
4401,4251,8068
4401,4251,8068
4401,4251,8068
4401,4251,8068
4401,4251,8068
4401,4251,8068
4401,4251,8068
4401,4251,8068
4318,4242,8171
4318,4242,8171
4318,4242,8171
4318,4242,8171
4318,4242,8171
4318,4242,8171
4318,4242,8171
4318,4242,8171
4318,4242,8171
4223,4270,8215
4223,4270,8215
4223,4270,8215
4223,4270,8215
4223,4270,8215
4223,4270,8215
4223,4270,8215
4223,4270,8215
4223,4270,8215
4174,4313,8304
4174,4313,8304
4174,4313,8304
4174,4313,8304
4174,4313,8304
4174,4313,8304
4174,4313,8304
4174,4313,8304
4174,4313,8304
4065,4228,8462
4065,4228,8462
4065,4228,8462
4065,4228,8462
4065,4228,8462
4065,4228,8462
4065,4228,8462
4065,4228,8462
4065,4228,8462
4029,4204,8609
4029,4204,8609
4029,4204,8609
4029,4204,8609
4029,4204,8609
4029,4204,8609
4029,4204,8609
4029,4204,8609
4029,4204,8609
4029,4204,8597
3967,4156,8597
3967,4156,8597
3967,4156,8597
3967,4156,8597
3967,4156,8597
3967,4156,8597
3967,4156,8597
3967,4156,8597
3967,4156,8597
3849,4227,8686
3849,4227,8686
3849,4227,8686
3849,4227,8686
3849,4227,8686
3849,4227,8686
3849,4227,8686
3849,4227,8686
3849,4227,8686
3539,4175,8938
3539,4175,8938
3539,4175,8938
3539,4175,8938
3539,4175,8938
3539,4175,8938
3539,4175,8938
3539,4175,8938
3539,4175,8938
2834,4023,9342
2834,4023,9342
2834,4023,9342
2834,4023,9342
2834,4023,9342
2834,4023,9342
2834,4023,9342
2834,4023,9342
2834,4023,9342
2044,3916,9567
2044,3916,9567
2044,3916,9567
2044,3916,9567
2044,3916,9567
2044,3916,9567
2044,3916,9567
2044,3916,9567
2044,3916,9567
1227,3897,9529
1227,3897,9529
1227,3897,9529
1227,3897,9529
1227,3897,9529
1227,3897,9529
1227,3897,9529
1227,3897,9529
1227,3897,9529
391,3944,9327
391,3944,9327
391,3944,9327
391,3944,9327
391,3944,9327
391,3944,9327
391,3944,9327
-285,3984,8999
-285,3984,8999
-285,3984,8999
-285,3984,8999
-285,3984,8999
-285,3984,8999
-849,3999,8539
-849,3999,8539
-849,3999,8539
-849,3999,8539
-849,3999,8539
-849,3999,8539
-849,3999,8539
-849,3999,8539
-849,3999,8539
-1228,4042,8031
-1228,4042,8031
-1228,4042,8031
-1228,4042,8031
-1228,4042,8031
-1228,4042,8031
-1228,4042,8031
-1228,4042,8031
-1228,4042,8031
-1517,4031,7567
-1517,4031,7567
-1517,4031,7567
-1517,4031,7567
-1517,4031,7567
-1517,4031,7567
-1517,4031,7567
-1517,4031,7567
-1517,4031,7567
-1727,4068,7171
-1727,4068,7171
-1727,4068,7171
-1727,4068,7171
-1727,4068,7171
-1727,4068,7171
-1727,4068,7171
-1727,4068,7171
-1727,4068,7171
-1727,4068,7171
-1760,4051,6856
-1760,4051,6856
-1760,4051,6856
-1760,4051,6856
-1760,4051,6856
-1760,4051,6856
-1760,4051,6856
-1760,4051,6856
-1760,4051,6856
-1791,4104,6701
-1791,4104,6701
-1791,4104,6701
-1791,4104,6701
-1791,4104,6701
-1791,4104,6701
-1791,4104,6701
-1791,4104,6701
-1791,4104,6586
-1816,4193,6586
-1816,4193,6586
-1816,4193,6586
-1816,4193,6586
-1816,4193,6586
-1816,4193,6586
-1816,4193,6586
-1816,4193,6586
-1816,4193,6586
-1812,4210,6579
-1812,4210,6579
-1812,4210,6579
-1812,4210,6579
-1812,4210,6579
-1812,4210,6579
-1812,4210,6579
-1812,4210,6579
-1812,4210,6579
-1812,4210,6579
-1779,4210,6510
-1779,4210,6510
-1779,4210,6510
-1779,4210,6510
-1779,4210,6510
-1779,4210,6510
-1779,4210,6510
-1779,4210,6510
-1807,4199,6535
-1807,4199,6535
-1807,4199,6535
-1807,4199,6535
-1807,4199,6535
-1807,4199,6535
-1807,4199,6535
-1807,4199,6535
-1807,4199,6535
-1774,4127,6504
-1774,4127,6504
-1774,4127,6504
-1774,4127,6504
-1774,4127,6504
-1774,4127,6504
-1774,4127,6504
-1774,4127,6504
-1774,4127,6504
-1837,4077,6591
-1837,4077,6591
-1837,4077,6591
-1837,4077,6591
-1837,4077,6591
-1837,4077,6591
-1837,4077,6591
-1837,4077,6591
-1837,4077,6591
-1837,4077,6591
-1859,4042,6557
-1859,4042,6557
-1859,4042,6557
-1859,4042,6557
-1859,4042,6557
-1859,4042,6557
-1859,4042,6557
-1859,4042,6557
-1859,4042,6557
-1863,3924,6528
-1863,3924,6528
-1863,3924,6528
-1863,3924,6528
-1863,3924,6528
-1863,3924,6528
-1863,3924,6528
-1863,3924,6528
-1863,3924,6528
-1899,3851,6475
-1899,3851,6475
-1899,3851,6475
-1899,3851,6475
-1899,3851,6475
-1899,3851,6475
-1899,3851,6475
-1899,3851,6475
-1899,3851,6475
-1902,3776,6451
-1902,3776,6451
-1902,3776,6451
-1902,3776,6451
-1902,3776,6451
-1902,3776,6451
-1902,3776,6451
-1902,3776,6451
-1902,3776,6451
-1966,3750,6381
-1966,3750,6381
-1966,3750,6381
-1966,3750,6381
-1966,3750,6381
-1966,3750,6381
-1966,3750,6381
-1966,3750,6381
-1966,3750,6381
-2000,3701,6291
-2000,3701,6291
-2000,3701,6291
-2000,3701,6291
-2000,3701,6291
-2000,3701,6291
-2000,3701,6291
-2000,3701,6291
-2000,3701,6291
-2010,3633,6187
-2010,3633,6187
-2010,3633,6187
-2010,3633,6187
-2010,3633,6187
-2010,3633,6187
-2010,3633,6187
-2010,3633,6187
-2010,3553,6126
-2010,3553,6126
-2010,3553,6126
-2010,3553,6126
-2010,3553,6126
-2010,3553,6126
-2010,3553,6126
-2010,3553,6126
-2010,3553,6126
-2010,3553,6126
-1988,3444,6087
-1988,3444,6087
-1988,3444,6087
-1988,3444,6087
-1988,3444,6087
-1988,3444,6087
-1988,3444,6087
-1988,3444,6087
-1988,3444,6087
-1988,3444,6087
-2046,3313,6004
-2046,3313,6004
-2046,3313,6004
-2046,3313,6004
-2046,3313,6004
-2046,3313,6004
-2046,3313,6004
-2046,3313,6004
-2046,3313,6004
-2054,3200,5954
-2054,3200,5954
-2054,3200,5954
-2054,3200,5954
-2054,3200,5954
-2054,3200,5954
-2054,3200,5954
-2054,3200,5954
-2054,3200,5954
-2031,3000,5921
-2031,3000,5921
-2031,3000,5921
-2031,3000,5921
-2031,3000,5921
-2031,3000,5921
-2031,3000,5921
-2031,3000,5921
-2031,3000,5921
-2012,2854,5894
-2012,2854,5894
-2012,2854,5894
-2012,2854,5894
-2012,2854,5894
-2012,2854,5894
-2012,2854,5894
-2012,2854,5894
-2012,2854,5894
-2049,2724,5869
-2049,2724,5869
-2049,2724,5869
-2049,2724,5869
-2049,2724,5869
-2049,2724,5869
-2049,2724,5869
-2049,2724,5869
-2050,2592,5942
-2050,2592,5942
-2050,2592,5942
-2050,2592,5942
-2050,2592,5942
-2031,2449,6034
-2031,2449,6034
-2031,2449,6034
-2031,2449,6034
-2031,2449,6034
-2031,2449,6034
-2031,2449,6034
-2031,2449,6034
-2031,2449,6034
-2019,2358,6066
-2019,2358,6066
-2019,2358,6066
-2019,2358,6066
-2019,2358,6066
-2019,2358,6066
-2019,2358,6066
-2019,2358,6066
-1975,2230,6084
-1975,2230,6084
-1975,2230,6084
-1975,2230,6084
-1975,2230,6084
-1975,2230,6084
-1975,2230,6084
-1975,2230,6084
-1975,2230,6084
-1975,2230,6084
-1955,2183,6043
-1955,2183,6043
-1955,2183,6043
-1955,2183,6043
-1955,2183,6043
-1955,2183,6043
-1955,2183,6043
-1955,2183,6043
-1948,2089,6110
-1948,2089,6110
-1948,2089,6110
-1948,2089,6110
-1948,2089,6110
-1948,2089,6110
-1948,2089,6110
-1948,2089,6110
-1948,2089,6110
-1948,2089,6110
-1940,1985,6243
-1940,1985,6243
-1940,1985,6243
-1940,1985,6243
-1940,1985,6243
-1940,1985,6243
-1940,1985,6243
-1940,1985,6243
-1940,1985,6243
-1940,1985,6243
-1865,1889,6247
-1865,1889,6247
-1865,1889,6247
-1865,1889,6247
-1865,1889,6247
-1865,1889,6247
-1865,1889,6247
-1865,1889,6247
-1865,1889,6247
-1854,1815,6339
-1854,1815,6339
-1854,1815,6339
-1854,1815,6339
-1854,1815,6339
-1854,1815,6339
-1854,1815,6339
-1854,1815,6339
-1854,1815,6339
-1837,1721,6422
-1837,1721,6422
-1837,1721,6422
-1837,1721,6422
-1837,1721,6422
-1837,1721,6422
-1837,1721,6422
-1837,1721,6422
-1837,1721,6422
-1781,1651,6522
-1781,1651,6522
-1781,1651,6522
-1781,1651,6522
-1781,1651,6522
-1781,1651,6522
-1781,1651,6522
-1781,1651,6522
-1781,1651,6522
-1728,1558,6686
-1728,1558,6686
-1728,1558,6686
-1728,1558,6686
-1728,1558,6686
-1728,1558,6686
-1728,1558,6686
-1728,1558,6686
-1728,1558,6686
-1658,1493,6899
-1658,1493,6899
-1658,1493,6899
-1658,1493,6899
-1658,1493,6899
-1658,1493,6899
-1658,1493,6899
-1658,1493,6899
-1658,1493,6899
-1601,1491,7027
-1601,1491,7027
-1601,1491,7027
-1601,1491,7027
-1601,1491,7027
-1601,1491,7027
-1601,1491,7027
-1601,1491,7027
-1601,1491,7027
-1560,1521,7246
-1560,1521,7246
-1560,1521,7246
-1560,1521,7246
-1560,1521,7246
-1560,1521,7246
-1560,1521,7246
-1560,1521,7246
-1560,1521,7246
-1480,1550,7337
-1480,1550,7337
-1480,1550,7337
-1480,1550,7337
-1480,1550,7337
-1480,1550,7337
-1480,1550,7337
-1480,1550,7337
-1480,1550,7337
-1496,1597,7434
-1496,1597,7434
-1496,1597,7434
-1496,1597,7434
-1496,1597,7434
-1496,1597,7434
-1496,1597,7434
-1496,1597,7434
-1496,1597,7434
-1496,1656,7453
-1496,1656,7453
-1496,1656,7453
-1496,1656,7453
-1496,1656,7453
-1496,1656,7453
-1496,1656,7453
-1496,1656,7453
-1496,1656,7453
-1498,1704,7564
-1498,1704,7564
-1498,1704,7564
-1498,1704,7564
-1498,1704,7564
-1498,1704,7564
-1498,1704,7564
-1498,1704,7564
-1498,1704,7564
-1498,1704,7564
-1439,1764,7634
-1439,1764,7634
-1439,1764,7634
-1439,1764,7634
-1439,1764,7634
-1439,1764,7634
-1439,1764,7634
-1439,1764,7634
-1439,1764,7634
-1470,1878,7676
-1470,1878,7676
-1470,1878,7676
-1470,1878,7676
-1470,1878,7676
-1470,1878,7676
-1470,1878,7676
-1470,1878,7676
-1470,1878,7676
-1431,1946,7746
-1431,1946,7746
-1431,1946,7746
-1431,1946,7746
-1431,1946,7746
-1431,1946,7746
-1431,1946,7746
-1431,1946,7746
-1431,1946,7746
-1450,2018,7839
-1450,2018,7839
-1450,2018,7839
-1450,2018,7839
-1450,2018,7839
-1450,2018,7839
-1450,2018,7839
-1450,2018,7839
-1385,2113,7899
-1385,2113,7899
-1385,2113,7899
-1385,2113,7899
-1385,2113,7899
-1385,2113,7899
-1385,2113,7899
-1385,2113,7899
-1385,2113,7899
-1385,2113,7899
-1397,2208,7902
-1397,2208,7902
-1397,2208,7902
-1397,2208,7902
-1397,2208,7902
-1397,2208,7902
-1397,2208,7902
-1397,2208,7902
-1397,2208,7902
-1392,2255,8000
-1392,2255,8000
-1392,2255,8000
-1392,2255,8000
-1392,2255,8000
-1392,2255,8000
-1392,2255,8000
-1392,2255,8000
-1392,2255,8000
-1393,2397,8055
-1393,2397,8055
-1393,2397,8055
-1393,2397,8055
-1393,2397,8055
-1393,2397,8055
-1393,2397,8055
-1393,2397,8055
-1393,2397,8055
-1363,2482,8099
-1363,2482,8099
-1363,2482,8099
-1363,2482,8099
-1260,2575,8258
-1260,2575,8258
-1260,2575,8258
-1260,2575,8258
-1260,2575,8258
-1260,2575,8258
-1260,2575,8258
-1260,2575,8258
-1260,2575,8258
-1201,2623,8373
-1201,2623,8373
-1201,2623,8373
-1201,2623,8373
-1201,2623,8373
-1201,2623,8373
-1201,2623,8373
-1201,2623,8373
-1201,2623,8373
-1203,2750,8384
-1203,2750,8384
-1203,2750,8384
-1203,2750,8384
-1203,2750,8384
-1203,2750,8384
-1203,2750,8384
-1203,2750,8384
-1203,2750,8384
-1203,2750,8384
-1160,2869,8398
-1160,2869,8398
-1160,2869,8398
-1160,2869,8398
-1160,2869,8398
-1160,2869,8398
-1160,2869,8398
-1160,2869,8398
-1160,2869,8398
-1146,3050,8367
-1146,3050,8367
-1146,3050,8367
-1146,3050,8367
-1146,3050,8367
-1146,3050,8367
-1146,3050,8367
-1146,3050,8367
-1146,3050,8367
-1207,3142,8320
-1207,3142,8320
-1207,3142,8320
-1207,3142,8320
-1207,3142,8320
-1207,3142,8320
-1207,3142,8320
-1207,3142,8320
-1207,3213,8248
-1232,3213,8248
-1232,3213,8248
-1232,3213,8248
-1232,3213,8248
-1232,3213,8248
-1232,3213,8248
-1232,3213,8248
-1232,3213,8248
-1232,3213,8248
-1255,3370,8265
-1255,3370,8265
-1255,3370,8265
-1255,3370,8265
-1255,3370,8265
-1255,3370,8265
-1255,3370,8265
-1255,3370,8265
-1255,3370,8265
-1290,3486,8194
-1290,3486,8194
-1290,3486,8194
-1290,3486,8194
-1290,3486,8194
-1290,3486,8194
-1290,3486,8194
-1290,3486,8194
-1290,3486,8194
-1296,3625,8182
-1296,3625,8182
-1296,3625,8182
-1296,3625,8182
-1296,3625,8182
-1296,3625,8182
-1296,3625,8182
-1296,3625,8182
-1296,3625,8182
-1348,3703,8062
-1348,3703,8062
-1348,3703,8062
-1348,3703,8062
-1348,3703,8062
-1348,3703,8062
-1348,3703,8062
-1348,3703,8062
-1348,3703,8062
-1342,3773,8014
-1342,3773,8014
-1342,3773,8014
-1342,3773,8014
-1342,3773,8014
-1342,3773,8014
-1342,3773,8014
-1342,3773,8014
-1342,3773,8014
-1342,3773,7915
-1402,3807,7915
-1402,3807,7915
-1402,3807,7915
-1402,3807,7915
-1402,3807,7915
-1402,3807,7915
-1402,3807,7915
-1402,3807,7915
-1402,3807,7915
-1461,3879,7838
-1461,3879,7838
-1461,3879,7838
-1461,3879,7838
-1461,3879,7838
-1461,3879,7838
-1461,3879,7838
-1461,3879,7838
-1508,3973,7670
-1508,3973,7670
-1508,3973,7670
-1508,3973,7670
-1508,3973,7670
-1508,3973,7670
-1508,3973,7670
-1508,3973,7670
-1508,3973,7670
-1508,3973,7670
-1565,4034,7594
-1565,4034,7594
-1565,4034,7594
-1565,4034,7594
-1565,4034,7594
-1565,4034,7594
-1565,4034,7594
-1565,4034,7594
-1565,4034,7594
-1590,4109,7488
-1590,4109,7488
-1590,4109,7488
-1590,4109,7488
-1590,4109,7488
-1590,4109,7488
-1590,4109,7488
-1590,4109,7488
-1590,4109,7488
-1595,4140,7356
-1595,4140,7356
-1595,4140,7356
-1595,4140,7356
-1595,4140,7356
-1595,4140,7356
-1595,4140,7356
-1595,4140,7356
-1595,4140,7356
-1638,4185,7276
-1638,4185,7276
-1638,4185,7276
-1638,4185,7276
-1638,4185,7276
-1638,4185,7276
-1638,4185,7276
-1638,4185,7276
-1638,4185,7276
-1646,4263,7148
-1646,4263,7148
-1646,4263,7148
-1646,4263,7148
-1646,4263,7148
-1646,4263,7148
-1646,4263,7148
-1646,4263,7148
-1646,4263,7148
-1646,4246,6975
-1690,4246,6975
-1690,4246,6975
-1690,4246,6975
-1690,4246,6975
-1690,4246,6975
-1690,4246,6975
-1690,4246,6975
-1690,4246,6975
-1690,4246,6975
-1751,4250,6768
-1751,4250,6768
-1751,4250,6768
-1751,4250,6768
-1751,4250,6768
-1751,4250,6768
-1751,4250,6768
-1751,4250,6768
-1751,4250,6768
-1739,4302,6512
-1739,4302,6512
-1739,4302,6512
-1739,4302,6512
-1739,4302,6512
-1739,4302,6512
-1739,4302,6512
-1739,4302,6512
-1739,4302,6512
-1727,4396,6207
-1727,4396,6207
-1727,4396,6207
-1727,4396,6207
-1727,4396,6207
-1727,4396,6207
-1727,4396,6207
-1727,4396,6207
-1727,4396,6207
-1696,4389,5952
-1696,4389,5952
-1696,4389,5952
-1696,4389,5952
-1696,4389,5952
-1696,4389,5952
-1696,4389,5952
-1696,4389,5952
-1696,4389,5952
-1666,4360,5819
-1666,4360,5819
-1666,4360,5819
-1666,4360,5819
-1666,4360,5819
-1666,4360,5819
-1666,4360,5819
-1666,4360,5819
-1748,4274,5676
-1748,4274,5676
-1748,4274,5676
-1748,4274,5676
-1730,4153,5590
-1730,4153,5590
-1730,4153,5590
-1730,4153,5590
-1730,4153,5590
-1730,4153,5590
-1730,4153,5590
-1730,4153,5590
-1730,4153,5590
-1730,4153,5590
-1711,4109,5380
-1711,4109,5380
-1711,4109,5380
-1711,4109,5380
-1711,4109,5380
-1711,4109,5380
-1711,4109,5380
-1711,4109,5380
-1711,4109,5380
-1711,4109,5380
-1749,3991,5311
-1749,3991,5311
-1749,3991,5311
-1749,3991,5311
-1749,3991,5311
-1749,3991,5311
-1749,3991,5311
-1749,3991,5311
-1749,3991,5311
-1756,3937,5180
-1756,3937,5180
-1756,3937,5180
-1756,3937,5180
-1756,3937,5180
-1756,3937,5180
-1756,3937,5180
-1756,3937,5180
-1756,3937,5180
-1758,3790,5091
-1758,3790,5091
-1758,3790,5091
-1758,3790,5091
-1758,3790,5091
-1758,3790,5091
-1758,3790,5091
-1758,3790,5091
-1758,3790,5091
-1777,3712,5048
-1777,3712,5048
-1777,3712,5048
-1777,3712,5048
-1777,3712,5048
-1777,3712,5048
-1777,3712,5048
-1777,3712,5048
-1777,3712,5048
-1765,3542,4965
-1765,3542,4965
-1765,3542,4965
-1765,3542,4965
-1765,3542,4965
-1765,3542,4965
-1765,3542,4965
-1765,3542,4965
-1765,3542,4965
-1721,3444,4897
-1721,3444,4897
-1721,3444,4897
-1721,3444,4897
-1721,3444,4897
-1721,3444,4897
-1721,3444,4897
-1721,3444,4897
-1721,3444,4897
-1703,3327,4827
-1703,3327,4827
-1703,3327,4827
-1703,3327,4827
-1703,3327,4827
-1703,3327,4827
-1703,3327,4827
-1703,3327,4827
-1717,3206,4781
-1717,3206,4781
-1717,3206,4781
-1717,3206,4781
-1717,3206,4781
-1717,3206,4781
-1717,3206,4781
-1717,3206,4781
-1717,3206,4781
-1717,3206,4779
-1704,3072,4779
-1704,3072,4779
-1704,3072,4779
-1704,3072,4779
-1704,3072,4779
-1704,3072,4779
-1704,3072,4779
-1704,3072,4779
-1704,3072,4779
-1711,2936,4746
-1711,2936,4746
-1711,2936,4746
-1711,2936,4746
-1711,2936,4746
-1711,2936,4746
-1711,2936,4746
-1711,2936,4746
-1711,2936,4746
-1765,2782,4775
-1765,2782,4775
-1765,2782,4775
-1765,2782,4775
-1765,2782,4775
-1765,2782,4775
-1765,2782,4775
-1765,2782,4775
-1765,2782,4775
-1715,2618,4789
-1715,2618,4789
-1715,2618,4789
-1715,2618,4789
-1715,2618,4789
-1715,2618,4789
-1715,2618,4789
-1715,2618,4789
-1715,2618,4789
-1715,2618,4789
-1748,2400,4884
-1748,2400,4884
-1748,2400,4884
-1748,2400,4884
-1748,2400,4884
-1748,2400,4884
-1748,2400,4884
-1748,2400,4884
-1748,2400,4884
-1761,2233,5042
-1761,2233,5042
-1761,2233,5042
-1761,2233,5042
-1761,2233,5042
-1761,2233,5042
-1761,2233,5042
-1761,2233,5042
-1761,2233,5042
-1769,2149,5127
-1769,2149,5127
-1769,2149,5127
-1769,2149,5127
-1769,2149,5127
-1769,2149,5127
-1769,2149,5127
-1769,2149,5127
-1769,2149,5127
-1781,1981,5286
-1781,1981,5286
-1781,1981,5286
-1781,1981,5286
-1781,1981,5286
-1781,1981,5286
-1781,1981,5286
-1781,1981,5286
-1781,1981,5286
-1775,1937,5459
-1775,1937,5459
-1775,1937,5459
-1775,1937,5459
-1775,1937,5459
-1775,1937,5459
-1775,1937,5459
-1775,1937,5459
-1775,1937,5459
-1766,1855,5530
-1766,1855,5530
-1766,1855,5530
-1766,1855,5530
-1766,1855,5530
-1766,1855,5530
-1766,1855,5530
-1766,1855,5530
-1766,1855,5636
-1784,1774,5636
-1784,1774,5636
-1784,1774,5636
-1784,1774,5636
-1784,1774,5636
-1784,1774,5636
-1784,1774,5636
-1784,1774,5636
-1784,1774,5636
-1823,1728,5716
-1823,1728,5716
-1823,1728,5716
-1823,1728,5716
-1823,1728,5716
-1823,1728,5716
-1823,1728,5716
-1823,1728,5716
-1823,1728,5716
-1762,1707,5873
-1762,1707,5873
-1762,1707,5873
-1762,1707,5873
-1762,1707,5873
-1762,1707,5873
-1762,1707,5873
-1762,1707,5873
-1762,1707,5873
-1809,1718,6013
-1809,1718,6013
-1809,1718,6013
-1809,1718,6013
-1809,1718,6013
-1809,1718,6013
-1809,1718,6013
-1809,1718,6013
-1809,1718,6013
-1811,1715,6156
-1811,1715,6156
-1811,1715,6156
-1811,1715,6156
-1811,1715,6156
-1811,1715,6156
-1811,1715,6156
-1811,1715,6156
-1811,1715,6156
-1816,1774,6291
-1816,1774,6291
-1816,1774,6291
-1816,1774,6291
-1816,1774,6291
-1816,1774,6291
-1816,1774,6291
-1816,1774,6291
-1816,1774,6291
-1831,1774,6518
-1831,1774,6518
-1831,1774,6518
-1831,1774,6518
-1808,1765,6644
-1808,1765,6644
-1808,1765,6644
-1808,1765,6644
-1808,1765,6644
-1808,1765,6644
-1808,1765,6644
-1808,1765,6644
-1808,1765,6644
-1808,1765,6644
-1789,1826,6863
-1789,1826,6863
-1789,1826,6863
-1789,1826,6863
-1789,1826,6863
-1789,1826,6863
-1789,1826,6863
-1789,1826,6863
-1789,1826,6863
-1781,1956,7104
-1781,1956,7104
-1781,1956,7104
-1781,1956,7104
-1781,1956,7104
-1781,1956,7104
-1781,1956,7104
-1781,1956,7104
-1781,1956,7104
-1696,2025,7245
-1696,2025,7245
-1696,2025,7245
-1696,2025,7245
-1696,2025,7245
-1696,2025,7245
-1696,2025,7245
-1696,2025,7245
-1696,2025,7245
-1718,2110,7388
-1718,2110,7388
-1718,2110,7388
-1718,2110,7388
-1718,2110,7388
-1718,2110,7388
-1718,2110,7388
-1718,2110,7388
-1718,2110,7388
-1694,2309,7419
-1694,2309,7419
-1694,2309,7419
-1694,2309,7419
-1694,2309,7419
-1694,2309,7419
-1694,2309,7419
-1694,2309,7419
-1694,2309,7419
-1744,2455,7433
-1744,2455,7433
-1744,2455,7433
-1744,2455,7433
-1744,2455,7433
-1744,2455,7433
-1744,2455,7433
-1744,2455,7433
-1744,2455,7433
-1751,2528,7422
-1751,2528,7422
-1751,2528,7422
-1751,2528,7422
-1751,2528,7422
-1751,2528,7422
-1751,2528,7422
-1751,2528,7422
-1751,2528,7422
-1774,2639,7493
-1774,2639,7493
-1774,2639,7493
-1774,2639,7493
-1774,2639,7493
-1774,2639,7493
-1774,2639,7493
-1774,2639,7493
-1774,2639,7493
-1741,2802,7523
-1741,2802,7523
-1741,2802,7523
-1741,2802,7523
-1741,2802,7523
-1741,2802,7523
-1741,2802,7523
-1741,2802,7523
-1741,2802,7523
-1734,2925,7508
-1734,2925,7508
-1734,2925,7508
-1734,2925,7508
-1734,2925,7508
-1734,2925,7508
-1734,2925,7508
-1734,2925,7508
-1734,2925,7508
-1755,3061,7520
-1755,3061,7520
-1755,3061,7520
-1755,3061,7520
-1755,3061,7520
-1755,3061,7520
-1755,3061,7520
-1755,3061,7520
-1755,3061,7520
-1755,3061,7520
-1735,3162,7496
-1735,3162,7496
-1735,3162,7496
-1735,3162,7496
-1735,3162,7496
-1735,3162,7496
-1735,3162,7496
-1735,3162,7496
-1735,3162,7496
-1768,3276,7494
-1768,3276,7494
-1768,3276,7494
-1768,3276,7494
-1768,3276,7494
-1768,3276,7494
-1768,3276,7494
-1768,3276,7494
-1768,3276,7494
-1742,3329,7377
-1742,3329,7377
-1742,3329,7377
-1742,3329,7377
-1742,3329,7377
-1742,3329,7377
-1742,3329,7377
-1742,3329,7377
-1742,3329,7377
-1739,3450,7410
-1739,3450,7410
-1739,3450,7410
-1739,3450,7410
-1739,3450,7410
-1739,3450,7410
-1739,3450,7410
-1739,3450,7410
-1739,3450,7410
-1647,3468,7522
-1647,3468,7522
-1647,3468,7522
-1647,3468,7522
-1647,3468,7522
-1647,3468,7522
-1647,3468,7522
-1647,3468,7522
-1647,3468,7522
-1604,3514,7636
-1604,3514,7636
-1604,3514,7636
-1604,3514,7636
-1604,3514,7636
-1604,3514,7636
-1604,3514,7636
-1604,3514,7636
-1604,3514,7636
-1604,3514,7636
-1526,3515,7826
-1526,3515,7826
-1526,3515,7826
-1526,3515,7826
-1526,3515,7826
-1526,3515,7826
-1526,3515,7826
-1526,3515,7826
-1526,3515,7826
-1307,3531,8083
-1307,3531,8083
-1307,3531,8083
-1307,3531,8083
-1307,3531,8083
-1307,3531,8083
-1307,3531,8083
-1307,3531,8083
-1307,3531,8083
-1095,3494,8410
-1095,3494,8410
-1095,3494,8410
-1095,3494,8410
-1095,3494,8410
-1095,3494,8410
-1095,3494,8410
-1095,3494,8410
-1095,3494,8410
-1056,3485,8452
-1056,3485,8452
-1056,3485,8452
-1056,3485,8452
-1056,3485,8452
-1056,3485,8452
-1056,3485,8452
-1056,3485,8452
-1056,3485,8452
-1052,3510,8512
-1052,3510,8512
-1052,3510,8512
-1052,3510,8512
-1052,3510,8512
-1052,3510,8512
-1052,3510,8512
-1052,3510,8512
-965,3473,8567
-965,3473,8567
-965,3473,8567
-965,3473,8567
-965,3473,8567
-965,3473,8567
-965,3473,8567
-965,3473,8567
-965,3473,8567
-947,3517,8551
-947,3517,8551
-947,3517,8551
-947,3517,8551
-947,3517,8551
-947,3517,8551
-947,3517,8551
-947,3517,8551
-947,3517,8551
-947,3517,8551
-861,3501,8622
-861,3501,8622
-861,3501,8622
-861,3501,8622
-861,3501,8622
-861,3501,8622
-861,3501,8622
-861,3501,8622
-861,3501,8622
-861,3501,8622
-894,3467,8627
-894,3467,8627
-894,3467,8627
-838,3332,8667
-838,3332,8667
-838,3332,8667
-838,3332,8667
-838,3332,8667
-838,3332,8667
-838,3332,8667
-838,3332,8667
-838,3332,8667
-838,3273,8644
-820,3273,8644
-820,3273,8644
-820,3273,8644
-820,3273,8644
-820,3273,8644
-820,3273,8644
-820,3273,8644
-820,3273,8644
-820,3273,8644
-853,3096,8706
-853,3096,8706
-853,3096,8706
-853,3096,8706
-853,3096,8706
-853,3096,8706
-853,3096,8706
-853,3096,8706
-853,3096,8706
-849,2914,8662
-849,2914,8662
-849,2914,8662
-849,2914,8662
-849,2914,8662
-849,2914,8662
-849,2914,8662
-849,2914,8662
-849,2914,8662
-838,2802,8623
-838,2802,8623
-838,2802,8623
-838,2802,8623
-838,2802,8623
-838,2802,8623
-838,2802,8623
-838,2802,8623
-838,2802,8623
-874,2635,8618
-874,2635,8618
-874,2635,8618
-874,2635,8618
-874,2635,8618
-874,2635,8618
-874,2635,8618
-874,2635,8618
-888,2495,8614
-888,2495,8614
-888,2495,8614
-888,2495,8614
-888,2495,8614
-888,2495,8614
-888,2495,8614
-888,2495,8614
-888,2495,8614
-931,2409,8522
-931,2409,8522
-931,2409,8522
-931,2409,8522
-931,2409,8522
-931,2409,8522
-931,2409,8522
-931,2409,8522
-931,2409,8522
-978,2281,8514
-978,2281,8514
-978,2281,8514
-978,2281,8514
-978,2281,8514
-978,2281,8514
-978,2281,8514
-978,2281,8514
-978,2281,8514
-1017,2164,8373
-1017,2164,8373
-1017,2164,8373
-1017,2164,8373
-1017,2164,8373
-1017,2164,8373
-1017,2164,8373
-1017,2164,8373
-1017,2164,8373
-1078,1954,8265
-1078,1954,8265
-1078,1954,8265
-1078,1954,8265
-1078,1954,8265
-1078,1954,8265
-1078,1954,8265
-1078,1954,8265
-1078,1954,8265
-1078,1954,8265
-1134,1826,8195
-1134,1826,8195
-1134,1826,8195
-1134,1826,8195
-1134,1826,8195
-1134,1826,8195
-1134,1826,8195
-1134,1826,8195
-1134,1826,8195
-1179,1765,8079
-1179,1765,8079
-1179,1765,8079
-1179,1765,8079
-1179,1765,8079
-1179,1765,8079
-1179,1765,8079
-1179,1765,8079
-1179,1765,8079
-1250,1757,7953
-1250,1757,7953
-1250,1757,7953
-1250,1757,7953
-1250,1757,7953
-1250,1757,7953
-1250,1757,7953
-1250,1757,7953
-1250,1757,7953
-1250,1757,7809
-1306,1653,7809
-1306,1653,7809
-1306,1653,7809
-1306,1653,7809
-1306,1653,7809
-1306,1653,7809
-1306,1653,7809
-1306,1653,7809
-1306,1653,7809
-1372,1557,7662
-1372,1557,7662
-1372,1557,7662
-1372,1557,7662
-1372,1557,7662
-1372,1557,7662
-1372,1557,7662
-1372,1557,7662
-1426,1518,7491
-1426,1518,7491
-1426,1518,7491
-1426,1518,7491
-1426,1518,7491
-1426,1518,7491
-1426,1518,7491
-1426,1518,7491
-1426,1518,7491
-1527,1520,7320
-1527,1520,7320
-1527,1520,7320
-1527,1520,7320
-1527,1520,7320
-1527,1520,7320
-1527,1520,7320
-1527,1520,7320
-1527,1520,7320
-1641,1559,7028
-1641,1559,7028
-1641,1559,7028
-1641,1559,7028
-1641,1559,7028
-1641,1559,7028
-1641,1559,7028
-1641,1559,7028
-1641,1559,7028
-1731,1630,6894
-1731,1630,6894
-1731,1630,6894
-1731,1630,6894
-1731,1630,6894
-1731,1630,6894
-1731,1630,6894
-1731,1630,6894
-1731,1630,6894
-1731,1630,6894
-1814,1831,6772
-1814,1831,6772
-1814,1831,6772
-1814,1831,6772
-1814,1831,6772
-1814,1831,6772
-1814,1831,6772
-1814,1831,6772
-1814,1831,6772
-1940,2014,6649
-1940,2014,6649
-1940,2014,6649
-1940,2014,6649
-1940,2014,6649
-1940,2014,6649
-1940,2014,6649
-1940,2014,6649
-1963,2206,6543
-1963,2206,6543
-1963,2206,6543
-1963,2206,6543
-1963,2206,6543
-1963,2206,6543
-1963,2206,6543
-1963,2206,6543
-1963,2206,6543
-1963,2206,6543
-2027,2387,6528
-2027,2387,6528
-2027,2387,6528
-2027,2387,6528
-2027,2387,6528
-2027,2387,6528
-2027,2387,6528
-2027,2387,6528
-2027,2387,6528
-2027,2387,6528
-2023,2582,6445
-2023,2582,6445
-2023,2582,6445
-2023,2582,6445
-2023,2582,6445
-2023,2582,6445
-2023,2582,6445
-2023,2582,6445
-2023,2582,6445
-2062,2730,6434
-2062,2730,6434
-2062,2730,6434
-2062,2730,6434
-2062,2730,6434
-2062,2730,6434
-2062,2730,6434
-2062,2730,6434
-2061,2929,6393
-2061,2929,6393
-2061,2929,6393
-2061,2929,6393
-2061,2929,6393
-2061,2929,6393
-2061,2929,6393
-2061,2929,6393
-2015,3073,6370
-2015,3073,6370
-2015,3073,6370
-2015,3073,6370
-2015,3073,6370
-2010,3251,6488
-2010,3251,6488
-2010,3251,6488
-2010,3251,6488
-2010,3251,6488
-2010,3251,6488
-2010,3251,6488
-2010,3251,6488
-2010,3251,6488
-2010,3251,6488
-1984,3397,6663
-1984,3397,6663
-1984,3397,6663
-1984,3397,6663
-1984,3397,6663
-1984,3397,6663
-1984,3397,6663
-1984,3397,6663
-1984,3397,6663
-1956,3554,6730
-1956,3554,6730
-1956,3554,6730
-1956,3554,6730
-1956,3554,6730
-1956,3554,6730
-1956,3554,6730
-1956,3554,6730
-1956,3554,6730
-1938,3655,6789
-1938,3655,6789
-1938,3655,6789
-1938,3655,6789
-1938,3655,6789
-1938,3655,6789
-1938,3655,6789
-1938,3655,6789
-1938,3655,6789
-1893,3849,6841
-1893,3849,6841
-1893,3849,6841
-1893,3849,6841
-1893,3849,6841
-1893,3849,6841
-1893,3849,6841
-1893,3849,6841
-1893,3849,6841
-1850,3924,6917
-1850,3924,6917
-1850,3924,6917
-1850,3924,6917
-1850,3924,6917
-1850,3924,6917
-1850,3924,6917
-1850,3924,6917
-1850,3924,6917
-1820,4040,6956
-1820,4040,6956
-1820,4040,6956
-1820,4040,6956
-1820,4040,6956
-1820,4040,6956
-1820,4040,6956
-1820,4040,6956
-1820,4040,6956
-1820,4040,6956
-1751,4092,7044
-1751,4092,7044
-1751,4092,7044
-1751,4092,7044
-1751,4092,7044
-1751,4092,7044
-1751,4092,7044
-1751,4092,7044
-1751,4092,7044
-1713,4162,7150
-1713,4162,7150
-1713,4162,7150
-1713,4162,7150
-1713,4162,7150
-1713,4162,7150
-1713,4162,7150
-1713,4162,7150
-1652,4187,7184
-1652,4187,7184
-1652,4187,7184
-1652,4187,7184
-1652,4187,7184
-1652,4187,7184
-1652,4187,7184
-1652,4187,7184
-1652,4187,7184
-1583,4318,7196
-1583,4318,7196
-1583,4318,7196
-1583,4318,7196
-1583,4318,7196
-1583,4318,7196
-1583,4318,7196
-1583,4318,7196
-1583,4318,7196
-1583,4318,7196
-1534,4370,7317
-1534,4370,7317
-1534,4370,7317
-1534,4370,7317
-1534,4370,7317
-1534,4370,7317
-1534,4370,7317
-1534,4370,7317
-1534,4370,7317
-1406,4375,7565
-1406,4375,7565
-1406,4375,7565
-1406,4375,7565
-1406,4375,7565
-1406,4375,7565
-1406,4375,7565
-1406,4375,7565
-1406,4375,7565
-1251,4314,7867
-1251,4314,7867
-1251,4314,7867
-1251,4314,7867
-1251,4314,7867
-1251,4314,7867
-1251,4314,7867
-1251,4314,7867
-1251,4314,7867
-1030,4294,8217
-1030,4294,8217
-1030,4294,8217
-1030,4294,8217
-1030,4294,8217
-1030,4294,8217
-1030,4294,8217
-1030,4294,8217
-1030,4294,8217
-872,4200,8448
-872,4200,8448
-872,4200,8448
-872,4200,8448
-872,4200,8448
-872,4200,8448
-872,4200,8448
-872,4200,8448
-872,4200,8448
-724,4119,8601
-724,4119,8601
-724,4119,8601
-724,4119,8601
-724,4119,8601
-724,4119,8601
-724,4119,8601
-724,4119,8601
-724,4119,8601
-590,4041,8771
-590,4041,8771
-590,4041,8771
-590,4041,8771
-590,4041,8771
-590,4041,8771
-590,4041,8771
-590,4041,8771
-590,4041,8771
-525,3948,8889
-525,3948,8889
-525,3948,8889
-525,3948,8889
-525,3948,8889
-525,3948,8889
-525,3948,8889
-525,3948,8889
-525,3948,8889
-409,3926,8975
-409,3926,8975
-409,3926,8975
-409,3926,8975
-409,3926,8975
-409,3926,8975
-409,3926,8975
-409,3926,8975
-409,3926,8975
-409,3926,8975
-207,3889,9075
-207,3889,9075
-207,3889,9075
-207,3889,9075
-207,3889,9075
-207,3889,9075
-207,3889,9075
-207,3889,9075
-207,3889,9075
22,3838,9198
22,3838,9198
22,3838,9198
22,3838,9198
22,3838,9198
22,3838,9198
22,3838,9198
22,3838,9198
22,3838,9198
228,3777,9356
228,3777,9356
228,3777,9356
228,3777,9356
228,3777,9356
228,3777,9356
228,3777,9356
228,3777,9356
228,3777,9356
420,3779,9420
420,3779,9420
420,3779,9420
420,3779,9420
420,3779,9420
420,3779,9420
420,3779,9420
420,3779,9420
420,3779,9420
526,3805,9432
526,3805,9432
526,3805,9432
526,3805,9432
526,3805,9432
526,3805,9432
526,3805,9432
526,3805,9432
526,3805,9432
673,3902,9418
673,3902,9418
673,3902,9418
673,3902,9418
673,3902,9418
673,3902,9418
673,3902,9418
673,3902,9418
673,3902,9418
588,4004,9359
588,4004,9359
588,4004,9359
588,4004,9359
588,4004,9359
588,4004,9359
588,4004,9359
588,4004,9359
588,4004,9359
617,4136,9336
617,4136,9336
617,4136,9336
617,4136,9336
685,4179,9362
685,4179,9362
685,4179,9362
685,4179,9362
685,4179,9362
685,4179,9362
685,4179,9362
685,4179,9362
685,4179,9362
767,4177,9375
767,4177,9375
767,4177,9375
767,4177,9375
767,4177,9375
767,4177,9375
767,4177,9375
767,4177,9375
767,4177,9375
871,4118,9391
871,4118,9391
871,4118,9391
871,4118,9391
871,4118,9391
871,4118,9391
871,4118,9391
871,4118,9391
871,4118,9391
905,4096,9462
905,4096,9462
905,4096,9462
905,4096,9462
905,4096,9462
905,4096,9462
905,4096,9462
905,4096,9462
905,4096,9462
905,4096,9462
686,4008,9422
686,4008,9422
686,4008,9422
686,4008,9422
686,4008,9422
686,4008,9422
686,4008,9422
686,4008,9422
686,4008,9422
768,3943,9482
768,3943,9482
768,3943,9482
768,3943,9482
768,3943,9482
768,3943,9482
768,3943,9482
768,3943,9482
768,3943,9482
1032,3968,9541
1032,3968,9541
1032,3968,9541
1032,3968,9541
1032,3968,9541
1032,3968,9541
1032,3968,9541
1032,3968,9541
1032,3968,9541
1032,3959,9563
1303,3959,9563
1303,3959,9563
1303,3959,9563
1303,3959,9563
1303,3959,9563
1303,3959,9563
1303,3959,9563
1303,3959,9563
1303,3959,9563
1381,3988,9549
1381,3988,9549
1381,3988,9549
1381,3988,9549
1381,3988,9549
1381,3988,9549
1381,3988,9549
1381,3988,9549
1381,3988,9549
1494,4054,9545
1494,4054,9545
1494,4054,9545
1494,4054,9545
1494,4054,9545
1494,4054,9545
1494,4054,9545
1494,4054,9545
1494,4054,9545
1434,4062,9551
1434,4062,9551
1434,4062,9551
1434,4062,9551
1434,4062,9551
1434,4062,9551
1434,4062,9551
1434,4062,9551
1553,3962,9554
1553,3962,9554
1553,3962,9554
1553,3962,9554
1553,3962,9554
1553,3962,9554
1553,3962,9554
1553,3962,9554
1553,3962,9554
1763,3889,9563
1763,3889,9563
1763,3889,9563
1763,3889,9563
1763,3889,9563
1763,3889,9563
1763,3889,9563
1763,3889,9563
1763,3889,9563
1763,3889,9563
1878,3938,9563
1878,3938,9563
1878,3938,9563
1878,3938,9563
1878,3938,9563
1878,3938,9563
1878,3938,9563
1878,3938,9563
1878,3938,9563
1968,3880,9546
1968,3880,9546
1968,3880,9546
1968,3880,9546
1968,3880,9546
1968,3880,9546
1968,3880,9546
1968,3880,9546
2132,3847,9563
2132,3847,9563
2132,3847,9563
2132,3847,9563
2132,3847,9563
2132,3847,9563
2132,3847,9563
2132,3847,9563
2132,3847,9563
2132,3847,9563
2698,3807,9470
2698,3807,9470
2698,3807,9470
2698,3807,9470
2698,3807,9470
2698,3807,9470
2698,3807,9470
2698,3807,9470
2698,3807,9470
2698,3807,9470
3357,3764,9220
3357,3764,9220
3357,3764,9220
3357,3764,9220
3357,3764,9220
3357,3764,9220
3357,3764,9220
3357,3764,9220
3357,3764,9220
3957,3765,8839
3957,3765,8839
3957,3765,8839
3957,3765,8839
3957,3765,8839
3957,3765,8839
3957,3765,8839
3957,3765,8839
3957,3765,8839
4098,3854,8640
4098,3854,8640
4098,3854,8640
4098,3854,8640
4098,3854,8640
4098,3854,8640
4098,3854,8640
4098,3854,8640
4098,3854,8640
4170,3882,8579
4170,3882,8579
4170,3882,8579
4170,3882,8579
4170,3882,8579
4170,3882,8579
4170,3882,8579
4170,3882,8579
4246,3837,8483
4246,3837,8483
4246,3837,8483
4246,3837,8483
4246,3837,8483
4246,3837,8483
4246,3837,8483
4246,3837,8483
4246,3837,8483
4246,3837,8483
4394,3734,8361
4394,3734,8361
4394,3734,8361
4394,3734,8361
4394,3734,8361
4394,3734,8361
4394,3734,8361
4394,3734,8361
4394,3734,8361
4494,3614,8260
4494,3614,8260
4494,3614,8260
4494,3614,8260
4494,3614,8260
4494,3614,8260
4494,3614,8260
4494,3614,8260
4494,3614,8260
4578,3470,8197
4578,3470,8197
4578,3470,8197
4578,3470,8197
4578,3470,8197
4578,3470,8197
4578,3470,8197
4578,3470,8197
4578,3470,8197
4604,3334,8221
4604,3334,8221
4604,3334,8221
4604,3334,8221
4604,3334,8221
4604,3334,8221
4604,3334,8221
4604,3334,8221
4604,3334,8221
4643,3203,8124
4643,3203,8124
4643,3203,8124
4643,3203,8124
4643,3203,8124
4643,3203,8124
4643,3203,8124
4643,3203,8124
4643,3203,8124
4633,3086,8095
4633,3086,8095
4633,3086,8095
4633,3086,8095
4633,3086,8095
4633,3086,8095
4633,3086,8095
4633,3086,8095
4633,3086,8095
4642,2984,8110
4642,2984,8110
4642,2984,8110
4642,2984,8110
4630,2968,8132
4630,2968,8132
4630,2968,8132
4630,2968,8132
4630,2968,8132
4630,2968,8132
4630,2968,8132
4630,2968,8132
4630,2968,8132
4630,2968,8132
4546,3025,8274
4546,3025,8274
4546,3025,8274
4546,3025,8274
4546,3025,8274
4546,3025,8274
4546,3025,8274
4546,3025,8274
4546,3025,8274
4292,3108,8576
4292,3108,8576
4292,3108,8576
4292,3108,8576
4292,3108,8576
4292,3108,8576
4292,3108,8576
4292,3108,8576
3736,3164,9061
3736,3164,9061
3736,3164,9061
3736,3164,9061
3736,3164,9061
3736,3164,9061
3736,3164,9061
3736,3164,9061
3736,3164,9061
3199,3181,9346
3199,3181,9346
3199,3181,9346
3199,3181,9346
3199,3181,9346
3199,3181,9346
3199,3181,9346
3199,3181,9346
3199,3181,9346
3199,3137,9539
2763,3137,9539
2763,3137,9539
2763,3137,9539
2763,3137,9539
2763,3137,9539
2763,3137,9539
2763,3137,9539
2763,3137,9539
2763,3137,9539
2541,3125,9537
2541,3125,9537
2541,3125,9537
2541,3125,9537
2541,3125,9537
2541,3125,9537
2541,3125,9537
2541,3125,9537
2541,3125,9537
2712,3125,9557
2712,3125,9557
2712,3125,9557
2712,3125,9557
2712,3125,9557
2712,3125,9557
2712,3125,9557
2712,3125,9557
2712,3125,9557
2991,3210,9457
2991,3210,9457
2991,3210,9457
2991,3210,9457
2991,3210,9457
2991,3210,9457
2991,3210,9457
2991,3210,9457
2991,3210,9457
3272,3224,9283
3272,3224,9283
3272,3224,9283
3272,3224,9283
3272,3224,9283
3272,3224,9283
3272,3224,9283
3272,3224,9283
3272,3224,9283
3616,3274,9148
3616,3274,9148
3616,3274,9148
3616,3274,9148
3616,3274,9148
3616,3274,9148
3616,3274,9148
3616,3274,9148
3616,3274,9148
3829,3302,8962
3829,3302,8962
3829,3302,8962
3829,3302,8962
3829,3302,8962
3829,3302,8962
3829,3302,8962
3829,3302,8962
3829,3302,8962
3829,3302,8962
4070,3312,8769
4070,3312,8769
4070,3312,8769
4070,3312,8769
4070,3312,8769
4070,3312,8769
4070,3312,8769
4070,3312,8769
4070,3312,8769
4201,3315,8645
4201,3315,8645
4201,3315,8645
4201,3315,8645
4201,3315,8645
4201,3315,8645
4201,3315,8645
4201,3315,8645
4201,3315,8645
4390,3348,8430
4390,3348,8430
4390,3348,8430
4390,3348,8430
4390,3348,8430
4390,3348,8430
4390,3348,8430
4390,3348,8430
4390,3348,8430
4590,3343,8165
4590,3343,8165
4590,3343,8165
4590,3343,8165
4590,3343,8165
4590,3343,8165
4590,3343,8165
4590,3343,8165
4590,3343,8165
4732,3363,7908
4732,3363,7908
4732,3363,7908
4732,3363,7908
4732,3363,7908
4732,3363,7908
4732,3363,7908
4732,3363,7908
4732,3363,7908
4881,3310,7631
4881,3310,7631
4881,3310,7631
4881,3310,7631
4881,3310,7631
4881,3310,7631
4881,3310,7631
4881,3310,7631
4881,3310,7631
4980,3389,7415
4980,3389,7415
4980,3389,7415
4980,3389,7415
4980,3389,7415
4980,3389,7415
4980,3389,7415
4980,3389,7415
4980,3389,7415
5096,3403,7105
5096,3403,7105
5096,3403,7105
5096,3403,7105
5096,3403,7105
5096,3403,7105
5096,3403,7105
5096,3403,7105
5096,3403,7105
5096,3403,7105
5121,3452,6917
5121,3452,6917
5121,3452,6917
5121,3452,6917
5121,3452,6917
5121,3452,6917
5121,3452,6917
5121,3452,6917
5121,3452,6917
5067,3500,7104
5067,3500,7104
5067,3500,7104
5067,3500,7104
5067,3500,7104
5067,3500,7104
5067,3500,7104
5067,3500,7104
5067,3500,7104
5031,3488,7325
5031,3488,7325
5031,3488,7325
5031,3488,7325
5031,3488,7325
5031,3488,7325
5031,3488,7325
5031,3488,7325
4917,3527,7589
4917,3527,7589
4917,3527,7589
4917,3527,7589
4917,3527,7589
4917,3527,7589
4917,3527,7589
4917,3527,7589
4917,3527,7589
4765,3567,7895
4765,3567,7895
4765,3567,7895
4765,3567,7895
4765,3567,7895
4765,3567,7895
4765,3567,7895
4765,3567,7895
4765,3567,7895
4765,3567,7895
4591,3566,8108
4591,3566,8108
4591,3566,8108
4591,3566,8108
4591,3566,8108
4591,3566,8108
4591,3566,8108
4591,3566,8108
4591,3566,8108
4467,3601,8345
4467,3601,8345
4467,3601,8345
4467,3601,8345
4467,3601,8345
4467,3601,8345
4467,3601,8345
4467,3601,8345
4467,3601,8345
4210,3581,8550
4210,3581,8550
4210,3581,8550
4210,3581,8550
4210,3581,8550
4210,3581,8550
4210,3581,8550
4014,3561,8779
4014,3561,8779
4014,3561,8779
4014,3561,8779
4014,3561,8779
4014,3561,8779
4014,3561,8779
3868,3584,8914
3868,3584,8914
3868,3584,8914
3868,3584,8914
3868,3584,8914
3868,3584,8914
3868,3584,8914
3868,3584,8914
3868,3584,8914
3680,3631,8999
3680,3631,8999
3680,3631,8999
3680,3631,8999
3680,3631,8999
3680,3631,8999
3680,3631,8999
3680,3631,8999
3680,3631,8999
3485,3718,9156
3485,3718,9156
3485,3718,9156
3485,3718,9156
3485,3718,9156
3485,3718,9156
3485,3718,9156
3485,3718,9156
3485,3718,9156
3196,3769,9251
3196,3769,9251
3196,3769,9251
3196,3769,9251
3196,3769,9251
3196,3769,9251
3196,3769,9251
3196,3769,9251
3196,3769,9251
2951,3740,9366
2951,3740,9366
2951,3740,9366
2951,3740,9366
2951,3740,9366
2951,3740,9366
2951,3740,9366
2951,3740,9366
2951,3740,9366
2671,3764,9422
2671,3764,9422
2671,3764,9422
2671,3764,9422
2671,3764,9422
2671,3764,9422
2671,3764,9422
2671,3764,9422
2344,3785,9567
2344,3785,9567
2344,3785,9567
2344,3785,9567
2344,3785,9567
2344,3785,9567
2344,3785,9567
2344,3785,9567
2344,3785,9567
2344,3785,9567
2172,3750,9579
2172,3750,9579
2172,3750,9579
2172,3750,9579
2172,3750,9579
2172,3750,9579
2172,3750,9579
2172,3750,9579
2172,3750,9579
2172,3750,9579
2352,3767,9491
2352,3767,9491
2352,3767,9491
2352,3767,9491
2352,3767,9491
2352,3767,9491
2352,3767,9491
2352,3767,9491
2352,3767,9491
2569,3753,9533
2569,3753,9533
2569,3753,9533
2569,3753,9533
2569,3753,9533
2569,3753,9533
2569,3753,9533
2569,3753,9533
2569,3753,9533
2809,3750,9391
2809,3750,9391
2809,3750,9391
2809,3750,9391
2809,3750,9391
2809,3750,9391
2809,3750,9391
2809,3750,9391
2809,3750,9391
3125,3749,9305
3125,3749,9305
3125,3749,9305
3125,3749,9305
3125,3749,9305
3125,3749,9305
3125,3749,9305
3125,3749,9305
3125,3749,9305
3356,3775,9182
3356,3775,9182
3356,3775,9182
3356,3775,9182
3356,3775,9182
3356,3775,9182
3356,3775,9182
3356,3775,9182
3356,3775,9182
3576,3782,9077
3576,3782,9077
3576,3782,9077
3576,3782,9077
3576,3782,9077
3576,3782,9077
3576,3782,9077
3576,3782,9077
3576,3782,9077
3756,3804,8950
3756,3804,8950
3756,3804,8950
3756,3804,8950
3756,3804,8950
3756,3804,8950
3756,3804,8950
3756,3804,8950
3756,3804,8950
3970,3852,8750
3970,3852,8750
3970,3852,8750
3970,3852,8750
3970,3852,8750
3970,3852,8750
3970,3852,8750
3970,3852,8750
3970,3852,8750
4135,3856,8580
4135,3856,8580
4135,3856,8580
4135,3856,8580
4135,3856,8580
4135,3856,8580
4135,3856,8580
4135,3856,8580
4135,3856,8580
4279,3868,8437
4279,3868,8437
4279,3868,8437
4279,3868,8437
4279,3868,8437
4279,3868,8437
4279,3868,8437
4279,3868,8437
4279,3868,8437
4279,3868,8174
4455,3907,8174
4455,3907,8174
4455,3907,8174
4455,3907,8174
4455,3907,8174
4455,3907,8174
4455,3907,8174
4455,3907,8174
4621,3884,7880
4621,3884,7880
4621,3884,7880
4621,3884,7880
4621,3884,7880
4621,3884,7880
4621,3884,7880
4621,3884,7880
4621,3884,7880
4621,3884,7880
4811,3909,7537
4811,3909,7537
4811,3909,7537
4811,3909,7537
4811,3909,7537
4811,3909,7537
4811,3909,7537
4811,3909,7537
4811,3909,7537
4930,3956,7143
4930,3956,7143
4930,3956,7143
4930,3956,7143
4930,3956,7143
4930,3956,7143
4930,3956,7143
4930,3956,7143
4930,3956,7143
4930,3956,7143
4984,3988,6850
4984,3988,6850
4984,3988,6850
4984,3988,6850
4984,3988,6850
4984,3988,6850
4984,3988,6850
4984,3988,6850
4984,3988,6850
4955,4070,6667
4955,4070,6667
4955,4070,6667
4955,4070,6667
4955,4070,6667
4955,4070,6667
4955,4070,6667
4955,4070,6667
4976,4134,6596
4976,4134,6596
4976,4134,6596
4976,4134,6596
4976,4134,6596
4976,4134,6596
4976,4134,6596
4976,4134,6596
4976,4134,6596
4896,4170,6913
4896,4170,6913
4896,4170,6913
4896,4170,6913
4896,4170,6913
4896,4170,6913
4896,4170,6913
4896,4170,6913
4896,4170,6913
4791,4184,7363
4791,4184,7363
4791,4184,7363
4791,4184,7363
4791,4184,7363
4791,4184,7363
4791,4184,7363
4791,4184,7363
4791,4184,7363
4627,4107,7810
4627,4107,7810
4627,4107,7810
4627,4107,7810
4336,4038,8364
4336,4038,8364
4336,4038,8364
4336,4038,8364
4336,4038,8364
4336,4038,8364
4336,4038,8364
4336,4038,8364
4336,4038,8364
4336,4038,8364
4051,3999,8710
4051,3999,8710
4051,3999,8710
4051,3999,8710
4051,3999,8710
4051,3999,8710
4051,3999,8710
4051,3999,8710
4051,3999,8710
3572,4042,8963
3572,4042,8963
3572,4042,8963
3572,4042,8963
3572,4042,8963
3572,4042,8963
3572,4042,8963
3572,4042,8963
3572,4042,8963
3186,4060,9208
3186,4060,9208
3186,4060,9208
3186,4060,9208
3186,4060,9208
3186,4060,9208
3186,4060,9208
3186,4060,9208
3186,4060,9208
2830,4079,9368
2830,4079,9368
2830,4079,9368
2830,4079,9368
2830,4079,9368
2830,4079,9368
2830,4079,9368
2830,4079,9368
2830,4079,9368
2459,4048,9456
2459,4048,9456
2459,4048,9456
2459,4048,9456
2459,4048,9456
2459,4048,9456
2459,4048,9456
2459,4048,9456
2459,4048,9456
2459,4048,9456
2108,4068,9495
2108,4068,9495
2108,4068,9495
2108,4068,9495
2108,4068,9495
2108,4068,9495
2108,4068,9495
2108,4068,9495
1746,4076,9510
1746,4076,9510
1746,4076,9510
1746,4076,9510
1746,4076,9510
1746,4076,9510
1746,4076,9510
1746,4076,9510
1746,4076,9510
1303,4074,9501
1303,4074,9501
1303,4074,9501
1303,4074,9501
1303,4074,9501
1303,4074,9501
1303,4074,9501
1303,4074,9501
1303,4074,9501
821,4076,9435
821,4076,9435
821,4076,9435
821,4076,9435
821,4076,9435
821,4076,9435
821,4076,9435
821,4076,9435
821,4076,9435
493,4007,9347
493,4007,9347
493,4007,9347
493,4007,9347
493,4007,9347
493,4007,9347
493,4007,9347
493,4007,9347
493,4007,9347
493,4007,9347
570,4004,9379
570,4004,9379
570,4004,9379
570,4004,9379
570,4004,9379
570,4004,9379
570,4004,9379
570,4004,9379
977,4009,9474
977,4009,9474
977,4009,9474
977,4009,9474
977,4009,9474
977,4009,9474
977,4009,9474
977,4009,9474
977,4009,9474
977,4009,9474
1332,4008,9582
1332,4008,9582
1332,4008,9582
1332,4008,9582
1332,4008,9582
1332,4008,9582
1332,4008,9582
1332,4008,9582
1332,4008,9582
1712,4007,9570
1712,4007,9570
1712,4007,9570
1712,4007,9570
1712,4007,9570
1712,4007,9570
1712,4007,9570
1712,4007,9570
1712,4007,9570
1712,4007,9570
2056,4034,9558
2056,4034,9558
2056,4034,9558
2056,4034,9558
2056,4034,9558
2056,4034,9558
2056,4034,9558
2056,4034,9558
2056,4034,9558
2306,4028,9519
2306,4028,9519
2306,4028,9519
2306,4028,9519
2306,4028,9519
2306,4028,9519
2306,4028,9519
2306,4028,9519
2516,4011,9454
2516,4011,9454
2516,4011,9454
2516,4011,9454
2516,4011,9454
2516,4011,9454
2516,4011,9454
2516,4011,9454
2516,4011,9454
2662,4007,9447
2662,4007,9447
2662,4007,9447
2662,4007,9447
2662,4007,9447
2662,4007,9447
2662,4007,9447
2662,4007,9447
2662,4007,9447
2821,4014,9334
2821,4014,9334
2821,4014,9334
2821,4014,9334
2821,4014,9334
2821,4014,9334
2821,4014,9334
2821,4014,9334
2821,4014,9334
3005,4036,9285
3005,4036,9285
3005,4036,9285
3005,4036,9285
3005,4036,9285
3005,4036,9285
3005,4036,9285
3005,4036,9285
3005,4036,9285
3228,4070,9154
3228,4070,9154
3228,4070,9154
3228,4070,9154
3228,4070,9154
3228,4070,9154
3228,4070,9154
3228,4070,9154
3228,4070,9154
3421,4148,9050
3421,4148,9050
3421,4148,9050
3421,4148,9050
3421,4148,9050
3421,4148,9050
3421,4148,9050
3421,4148,9050
3421,4148,9050
3421,4148,9050
3694,4118,8845
3694,4118,8845
3694,4118,8845
3694,4118,8845
3694,4118,8845
3694,4118,8845
3694,4118,8845
3694,4118,8845
4012,4174,8518
4012,4174,8518
4012,4174,8518
4012,4174,8518
4012,4174,8518
4012,4174,8518
4012,4174,8518
4012,4174,8518
4012,4174,8518
4012,4174,8518
4263,4215,8235
4263,4215,8235
4263,4215,8235
4263,4215,8235
4263,4215,8235
4263,4215,8235
4263,4215,8235
4263,4215,8235
4263,4215,8235
4263,4215,8235
4517,4233,7861
4517,4233,7861
4517,4233,7861
4517,4233,7861
4517,4233,7861
4517,4233,7861
4517,4233,7861
4517,4233,7861
4610,4290,7602
4610,4290,7602
4610,4290,7602
4610,4290,7602
4610,4290,7602
4610,4290,7602
4610,4290,7602
4610,4290,7602
4610,4290,7602
4712,4297,7418
4712,4297,7418
4712,4297,7418
4712,4297,7418
4643,4239,7658
4643,4239,7658
4643,4239,7658
4643,4239,7658
4643,4239,7658
4643,4239,7658
4643,4239,7658
4643,4239,7658
4643,4239,7658
4281,4180,8261
4281,4180,8261
4281,4180,8261
4281,4180,8261
4281,4180,8261
4281,4180,8261
4281,4180,8261
4281,4180,8261
4281,4180,8261
3863,4152,8785
3863,4152,8785
3863,4152,8785
3863,4152,8785
3863,4152,8785
3863,4152,8785
3863,4152,8785
3863,4152,8785
3863,4152,8785
3291,4161,9101
3291,4161,9101
3291,4161,9101
3291,4161,9101
3291,4161,9101
3291,4161,9101
3291,4161,9101
3291,4161,9101
3291,4161,9101
2714,4078,9340
2714,4078,9340
2714,4078,9340
2714,4078,9340
2714,4078,9340
2714,4078,9340
2714,4078,9340
2714,4078,9340
2714,4078,9340
2283,4023,9522
2283,4023,9522
2283,4023,9522
2283,4023,9522
2283,4023,9522
2283,4023,9522
2283,4023,9522
2283,4023,9522
2283,4023,9522
1846,4028,9594
1846,4028,9594
1846,4028,9594
1846,4028,9594
1846,4028,9594
1846,4028,9594
1846,4028,9594
1846,4028,9594
1846,4028,9594
1846,4028,9594
1364,4070,9510
1364,4070,9510
1364,4070,9510
1364,4070,9510
1364,4070,9510
1364,4070,9510
1364,4070,9510
953,4114,9478
953,4114,9478
953,4114,9478
953,4114,9478
953,4114,9478
953,4114,9478
953,4114,9478
953,4114,9478
953,4114,9478
953,4114,9478
474,4127,9311
474,4127,9311
474,4127,9311
474,4127,9311
474,4127,9311
474,4127,9311
474,4127,9311
474,4127,9311
474,4127,9311
474,4127,9311
45,4089,9118
45,4089,9118
45,4089,9118
45,4089,9118
45,4089,9118
45,4089,9118
45,4089,9118
45,4089,9118
45,4089,9118
-308,4089,8903
-308,4089,8903
-308,4089,8903
-308,4089,8903
-308,4089,8903
-308,4089,8903
-308,4089,8903
-308,4089,8903
-308,4089,8903
-286,4087,8928
-286,4087,8928
-286,4087,8928
-286,4087,8928
-286,4087,8928
-286,4087,8928
-286,4087,8928
-286,4087,8928
-286,4087,8928
26,4067,9141
26,4067,9141
26,4067,9141
26,4067,9141
26,4067,9141
26,4067,9141
26,4067,9141
26,4067,9141
26,4067,9141
603,3998,9379
603,3998,9379
603,3998,9379
603,3998,9379
603,3998,9379
603,3998,9379
603,3998,9379
603,3998,9379
603,3998,9379
1099,3931,9499
1099,3931,9499
1099,3931,9499
1099,3931,9499
1099,3931,9499
1099,3931,9499
1099,3931,9499
1099,3931,9499
1099,3931,9499
1504,3956,9594
1504,3956,9594
1504,3956,9594
1504,3956,9594
1504,3956,9594
1504,3956,9594
1504,3956,9594
1504,3956,9594
1504,3956,9594
1504,3956,9594
1929,3993,9534
1929,3993,9534
1929,3993,9534
1929,3993,9534
1929,3993,9534
1929,3993,9534
1929,3993,9534
1929,3993,9534
2342,4030,9483
2342,4030,9483
2342,4030,9483
2342,4030,9483
2342,4030,9483
2342,4030,9483
2342,4030,9483
2342,4030,9483
2342,4030,9483
2807,4078,9356
2807,4078,9356
2807,4078,9356
2807,4078,9356
2807,4078,9356
2807,4078,9356
2807,4078,9356
2807,4078,9356
2807,4078,9356
3223,4129,9145
3223,4129,9145
3223,4129,9145
3223,4129,9145
3223,4129,9145
3223,4129,9145
3223,4129,9145
3223,4129,9145
3223,4129,9145
3512,4161,9003
3512,4161,9003
3512,4161,9003
3512,4161,9003
3512,4161,9003
3512,4161,9003
3512,4161,9003
3512,4161,9003
3512,4161,9003
3512,4161,9003
3842,4169,8754
3842,4169,8754
3842,4169,8754
3842,4169,8754
3842,4169,8754
3842,4169,8754
3842,4169,8754
3842,4169,8754
3842,4169,8754
4172,4106,8407
4172,4106,8407
4172,4106,8407
4172,4106,8407
4172,4106,8407
4172,4106,8407
4172,4106,8407
4172,4106,8407
4172,4106,8407
4172,4106,8407
4526,4048,7951
4526,4048,7951
4526,4048,7951
4526,4048,7951
4526,4048,7951
4526,4048,7951
4526,4048,7951
4526,4048,7951
4526,4048,7951
4620,4096,7790
4620,4096,7790
4620,4096,7790
4620,4096,7790
4620,4096,7790
4620,4096,7790
4620,4096,7790
4620,4096,7790
4620,4096,7790
4581,4081,7872
4581,4081,7872
4581,4081,7872
4581,4081,7872
4581,4081,7872
4581,4081,7872
4581,4081,7872
4581,4081,7872
4581,4081,7872
4365,4083,8230
4365,4083,8230
4365,4083,8230
4365,4083,8230
4365,4083,8230
4365,4083,8230
4365,4083,8230
4365,4083,8230
4365,4083,8230
4022,4047,8615
4022,4047,8615
4022,4047,8615
4022,4047,8615
3570,4052,9015
3570,4052,9015
3570,4052,9015
3570,4052,9015
3570,4052,9015
3570,4052,9015
3570,4052,9015
3570,4052,9015
3570,4052,9015
3057,4024,9240
3057,4024,9240
3057,4024,9240
3057,4024,9240
3057,4024,9240
3057,4024,9240
3057,4024,9240
3057,4024,9240
3057,4024,9240
2465,3991,9440
2465,3991,9440
2465,3991,9440
2465,3991,9440
2465,3991,9440
2465,3991,9440
2465,3991,9440
2465,3991,9440
2465,3991,9440
2465,3991,9440
1791,3944,9558
1791,3944,9558
1791,3944,9558
1791,3944,9558
1791,3944,9558
1791,3944,9558
1791,3944,9558
1791,3944,9558
1791,3944,9558
1168,3890,9506
1168,3890,9506
1168,3890,9506
1168,3890,9506
1168,3890,9506
1168,3890,9506
1168,3890,9506
1168,3890,9506
1168,3890,9506
466,3859,9370
466,3859,9370
466,3859,9370
466,3859,9370
466,3859,9370
466,3859,9370
466,3859,9370
466,3859,9370
466,3859,9370
-258,3856,9077
-258,3856,9077
-258,3856,9077
-258,3856,9077
-258,3856,9077
-258,3856,9077
-258,3856,9077
-258,3856,9077
-258,3856,9077
-590,3886,8828
-590,3886,8828
-590,3886,8828
-590,3886,8828
-590,3886,8828
-590,3886,8828
-590,3886,8828
-590,3886,8828
-590,3886,8828
-550,3893,8908
-550,3893,8908
-550,3893,8908
-550,3893,8908
-550,3893,8908
-550,3893,8908
-550,3893,8908
-550,3893,8908
-550,3893,8908
-158,3944,9090
-158,3944,9090
-158,3944,9090
-158,3944,9090
-158,3944,9090
-158,3944,9090
-158,3944,9090
-158,3944,9090
-158,3944,9090
325,3986,9303
325,3986,9303
325,3986,9303
325,3986,9303
325,3986,9303
325,3986,9303
325,3986,9303
325,3986,9303
325,4024,9420
822,4024,9420
822,4024,9420
822,4024,9420
822,4024,9420
822,4024,9420
822,4024,9420
822,4024,9420
822,4024,9420
822,4024,9420
1258,3989,9495
1258,3989,9495
1258,3989,9495
1258,3989,9495
1258,3989,9495
1258,3989,9495
1258,3989,9495
1258,3989,9495
1258,3989,9495
1258,3989,9495
1719,4091,9540
1719,4091,9540
1719,4091,9540
1719,4091,9540
1719,4091,9540
1719,4091,9540
1719,4091,9540
1719,4091,9540
1719,4091,9540
2158,4099,9425
2158,4099,9425
2158,4099,9425
2158,4099,9425
2158,4099,9425
2158,4099,9425
2158,4099,9425
2158,4099,9425
2158,4099,9425
2623,4088,9376
2623,4088,9376
2623,4088,9376
2623,4088,9376
2623,4088,9376
2623,4088,9376
2623,4088,9376
2623,4088,9376
2623,4088,9376
2961,4118,9263
2961,4118,9263
2961,4118,9263
2961,4118,9263
2961,4118,9263
2961,4118,9263
2961,4118,9263
2961,4118,9263
2961,4118,9263
3277,4176,9064
3277,4176,9064
3277,4176,9064
3277,4176,9064
3277,4176,9064
3277,4176,9064
3277,4176,9064
3277,4176,9064
3277,4176,9064
3595,4153,8857
3595,4153,8857
3595,4153,8857
3595,4153,8857
3595,4153,8857
3595,4153,8857
3595,4153,8857
3595,4153,8857
3595,4153,8857
3959,4110,8616
3959,4110,8616
3959,4110,8616
3959,4110,8616
3959,4110,8616
3959,4110,8616
3959,4110,8616
3959,4110,8616
3959,4110,8616
4196,4162,8306
4196,4162,8306
4196,4162,8306
4196,4162,8306
4196,4162,8306
4196,4162,8306
4196,4162,8306
4196,4162,8306
4196,4162,8306
4428,4154,8005
4428,4154,8005
4428,4154,8005
4428,4154,8005
4428,4154,8005
4428,4154,8005
4428,4154,8005
4428,4154,8005
4428,4154,8005
4597,4198,7621
4597,4198,7621
4597,4198,7621
4597,4198,7621
4597,4198,7621
4597,4198,7621
4597,4198,7621
4597,4198,7621
4597,4198,7621
4795,4220,7345
4795,4220,7345
4795,4220,7345
4795,4220,7345
4795,4220,7345
4795,4220,7345
4795,4220,7345
4795,4220,7345
4795,4220,7345
4912,4186,6954
4912,4186,6954
4912,4186,6954
4912,4186,6954
4912,4186,6954
4912,4186,6954
4912,4186,6954
4912,4186,6954
4912,4186,6954
4912,4186,6954
4953,4224,6804
4953,4224,6804
4953,4224,6804
4953,4224,6804
4953,4224,6804
4953,4224,6804
4953,4224,6804
4953,4224,6804
4953,4224,6804
4910,4215,7094
4910,4215,7094
4910,4215,7094
4910,4215,7094
4910,4215,7094
4910,4215,7094
4910,4215,7094
4910,4215,7094
4910,4215,7094
4723,4205,7504
4723,4205,7504
4723,4205,7504
4723,4205,7504
4723,4205,7504
4723,4205,7504
4723,4205,7504
4723,4205,7504
4723,4205,7504
4569,4182,7869
4569,4182,7869
4569,4182,7869
4569,4182,7869
4569,4182,7869
4381,4156,8169
4381,4156,8169
4381,4156,8169
4381,4156,8169
4381,4156,8169
4381,4156,8169
4381,4156,8169
4098,4117,8616
4098,4117,8616
4098,4117,8616
4098,4117,8616
4098,4117,8616
4098,4117,8616
4098,4117,8616
4098,4117,8616
4098,4117,8616
4098,4117,8616
3713,4099,8938
3713,4099,8938
3713,4099,8938
3713,4099,8938
3713,4099,8938
3713,4099,8938
3713,4099,8938
3713,4099,8938
3713,4099,8938
3713,4099,8938
3274,4038,9181
3274,4038,9181
3274,4038,9181
3274,4038,9181
3274,4038,9181
3274,4038,9181
3274,4038,9181
3274,4038,9181
3274,4038,9181
2830,3985,9372
2830,3985,9372
2830,3985,9372
2830,3985,9372
2830,3985,9372
2830,3985,9372
2830,3985,9372
2830,3985,9372
2830,3985,9372
2384,3964,9472
2384,3964,9472
2384,3964,9472
2384,3964,9472
2384,3964,9472
2384,3964,9472
2384,3964,9472
2384,3964,9472
2384,3964,9472
1947,3990,9588
1947,3990,9588
1947,3990,9588
1947,3990,9588
1947,3990,9588
1947,3990,9588
1947,3990,9588
1947,3990,9588
1947,3990,9588
1559,3981,9547
1559,3981,9547
1559,3981,9547
1559,3981,9547
1559,3981,9547
1559,3981,9547
1559,3981,9547
1559,3981,9547
1559,3981,9547
1259,3884,9575
1259,3884,9575
1259,3884,9575
1259,3884,9575
1259,3884,9575
1259,3884,9575
1259,3884,9575
1259,3884,9575
1259,3884,9575
978,3845,9584
978,3845,9584
978,3845,9584
978,3845,9584
978,3845,9584
978,3845,9584
978,3845,9584
978,3845,9584
978,3845,9584
832,3854,9510
832,3854,9510
832,3854,9510
832,3854,9510
832,3854,9510
832,3854,9510
832,3854,9510
832,3854,9510
832,3854,9510
1027,3855,9535
1027,3855,9535
1027,3855,9535
1027,3855,9535
1027,3855,9535
1027,3855,9535
1027,3855,9535
1027,3855,9535
1027,3855,9535
1315,3859,9598
1315,3859,9598
1315,3859,9598
1315,3859,9598
1315,3859,9598
1315,3859,9598
1315,3859,9598
1315,3859,9598
1315,3859,9598
1680,3841,9614
1680,3841,9614
1680,3841,9614
1680,3841,9614
1680,3841,9614
1680,3841,9614
1680,3841,9614
1680,3841,9614
1680,3841,9614
2141,3878,9587
2141,3878,9587
2141,3878,9587
2141,3878,9587
2141,3878,9587
2141,3878,9587
2141,3878,9587
2141,3878,9587
2141,3878,9587
2141,3878,9587
2570,3891,9495
2570,3891,9495
2570,3891,9495
2570,3891,9495
2570,3891,9495
2570,3891,9495
2570,3891,9495
2570,3891,9495
2570,3891,9495
2948,3857,9387
2948,3857,9387
2948,3857,9387
2948,3857,9387
2948,3857,9387
2948,3857,9387
2948,3857,9387
2948,3857,9387
2948,3857,9387
3250,3877,9250
3250,3877,9250
3250,3877,9250
3250,3877,9250
3250,3877,9250
3250,3877,9250
3250,3877,9250
3250,3877,9250
3250,3877,9250
3250,3842,9066
3609,3842,9066
3609,3842,9066
3609,3842,9066
3609,3842,9066
3609,3842,9066
3609,3842,9066
3609,3842,9066
3609,3842,9066
3609,3842,9066
3875,3850,8808
3875,3850,8808
3875,3850,8808
3875,3850,8808
3875,3850,8808
3875,3850,8808
3875,3850,8808
3875,3850,8808
3875,3850,8808
4118,3850,8598
4118,3850,8598
4118,3850,8598
4118,3850,8598
4118,3850,8598
4118,3850,8598
4118,3850,8598
4118,3850,8598
4118,3850,8598
4338,3874,8396
4338,3874,8396
4338,3874,8396
4338,3874,8396
4338,3874,8396
4338,3874,8396
4338,3874,8396
4338,3874,8396
4579,3841,8018
4579,3841,8018
4579,3841,8018
4579,3841,8018
4579,3841,8018
4579,3841,8018
4579,3841,8018
4579,3841,8018
4579,3841,8018
4816,3909,7638
4816,3909,7638
4816,3909,7638
4816,3909,7638
4816,3909,7638
4816,3909,7638
4816,3909,7638
4816,3909,7638
4816,3909,7638
4816,3909,7638
4953,3875,7167
4953,3875,7167
4953,3875,7167
4953,3875,7167
4953,3875,7167
4953,3875,7167
4953,3875,7167
4953,3875,7167
4953,3875,7167
5061,3930,6790
5061,3930,6790
5061,3930,6790
5061,3930,6790
5061,3930,6790
5061,3930,6790
5061,3930,6790
5061,3930,6790
5061,3930,6790
5074,3892,6498
5074,3892,6498
5074,3892,6498
5074,3892,6498
5074,3892,6498
5074,3892,6498
5074,3892,6498
5074,3892,6498
5074,3892,6498
5051,3929,6204
5051,3929,6204
5051,3929,6204
5051,3929,6204
5051,3929,6204
5051,3929,6204
5051,3929,6204
5051,3929,6204
5051,3929,6204
5051,3929,6204
5049,3937,6219
5049,3937,6219
5049,3937,6219
5049,3937,6219
5055,3934,6578
5055,3934,6578
5055,3934,6578
5055,3934,6578
5055,3934,6578
5055,3934,6578
5055,3934,6578
5055,3934,6578
5055,3934,6578
4942,3971,7174
4942,3971,7174
4942,3971,7174
4942,3971,7174
4942,3971,7174
4942,3971,7174
4942,3971,7174
4942,3971,7174
4942,3971,7174
4732,3935,7716
4732,3935,7716
4732,3935,7716
4732,3935,7716
4732,3935,7716
4732,3935,7716
4732,3935,7716
4732,3935,7716
4447,3865,8286
4447,3865,8286
4447,3865,8286
4447,3865,8286
4447,3865,8286
4447,3865,8286
4447,3865,8286
4447,3865,8286
4447,3865,8286
4065,3775,8715
4065,3775,8715
4065,3775,8715
4065,3775,8715
4065,3775,8715
4065,3775,8715
4065,3775,8715
4065,3775,8715
4065,3775,8715
4065,3775,8715
3684,3735,9057
3684,3735,9057
3684,3735,9057
3684,3735,9057
3684,3735,9057
3684,3735,9057
3684,3735,9057
3684,3735,9057
3684,3735,9057
3252,3694,9276
3252,3694,9276
3252,3694,9276
3252,3694,9276
3252,3694,9276
3252,3694,9276
3252,3694,9276
3252,3694,9276
3252,3694,9276
3252,3694,9276
2753,3625,9471
2753,3625,9471
2753,3625,9471
2753,3625,9471
2753,3625,9471
2753,3625,9471
2753,3625,9471
2753,3625,9471
2753,3625,9471
2396,3539,9592
2396,3539,9592
2396,3539,9592
2396,3539,9592
2396,3539,9592
2396,3539,9592
2396,3539,9592
2396,3539,9592
2396,3539,9592
1788,3524,9604
1788,3524,9604
1788,3524,9604
1788,3524,9604
1788,3524,9604
1788,3524,9604
1788,3524,9604
1788,3524,9604
1788,3524,9604
1337,3495,9626
1337,3495,9626
1337,3495,9626
1337,3495,9626
1337,3495,9626
1337,3495,9626
1337,3495,9626
1337,3495,9626
1337,3495,9626
952,3452,9515
952,3452,9515
952,3452,9515
952,3452,9515
952,3452,9515
952,3452,9515
952,3452,9515
952,3452,9515
952,3452,9515
689,3463,9498
689,3463,9498
689,3463,9498
689,3463,9498
689,3463,9498
689,3463,9498
689,3463,9498
689,3463,9498
877,3464,9533
877,3464,9533
877,3464,9533
877,3464,9533
877,3464,9533
877,3464,9533
877,3464,9533
877,3464,9533
877,3464,9533
877,3464,9533
1215,3461,9598
1215,3461,9598
1215,3461,9598
1215,3461,9598
1215,3461,9598
1215,3461,9598
1215,3461,9598
1215,3461,9598
1215,3461,9598
1685,3421,9601
1685,3421,9601
1685,3421,9601
1685,3421,9601
1685,3421,9601
1685,3421,9601
1685,3421,9601
1685,3421,9601
1685,3421,9601
2198,3404,9585
2198,3404,9585
2198,3404,9585
2198,3404,9585
2198,3404,9585
2198,3404,9585
2198,3404,9585
2198,3404,9585
2198,3404,9585
2571,3415,9502
2571,3415,9502
2571,3415,9502
2571,3415,9502
2571,3415,9502
2571,3415,9502
2571,3415,9502
2571,3415,9502
2571,3415,9502
2571,3415,9502
2996,3455,9397
2996,3455,9397
2996,3455,9397
2996,3455,9397
2996,3455,9397
2996,3455,9397
2996,3455,9397
2996,3455,9397
2996,3455,9397
3388,3392,9212
3388,3392,9212
3388,3392,9212
3388,3392,9212
3388,3392,9212
3388,3392,9212
3388,3392,9212
3388,3392,9212
3388,3392,9212
3765,3313,9041
3765,3313,9041
3765,3313,9041
3765,3313,9041
3765,3313,9041
3765,3313,9041
3765,3313,9041
3765,3313,9041
3765,3313,9041
4067,3239,8774
4067,3239,8774
4067,3239,8774
4067,3239,8774
4067,3239,8774
4067,3239,8774
4067,3239,8774
4067,3239,8774
4067,3239,8774
4307,3224,8515
4307,3224,8515
4307,3224,8515
4307,3224,8515
4307,3224,8515
4307,3224,8515
4307,3224,8515
4307,3224,8515
4307,3224,8515
4694,3212,8090
4694,3212,8090
4694,3212,8090
4694,3212,8090
4694,3212,8090
4694,3212,8090
4694,3212,8090
4694,3212,8090
4694,3212,8090
4863,3307,7690
4863,3307,7690
4863,3307,7690
4863,3307,7690
4863,3307,7690
4863,3307,7690
4863,3307,7690
4863,3307,7690
4863,3307,7690
5004,3311,7244
5004,3311,7244
5004,3311,7244
5004,3311,7244
5004,3311,7244
5004,3311,7244
5004,3311,7244
5004,3311,7244
5004,3311,7244
5149,3329,6654
5149,3329,6654
5149,3329,6654
5149,3329,6654
5149,3329,6654
5149,3329,6654
5149,3329,6654
5149,3329,6654
5149,3329,6654
5178,3372,6154
5178,3372,6154
5178,3372,6154
5178,3372,6154
5178,3372,6154
5178,3372,6154
5178,3372,6154
5178,3372,6154
5178,3372,6154
5149,3389,5974
5149,3389,5974
5149,3389,5974
5149,3389,5974
5216,3338,6152
5216,3338,6152
5216,3338,6152
5216,3338,6152
5216,3338,6152
5216,3338,6152
5216,3338,6152
5216,3338,6152
5216,3338,6152
5165,3288,6613
5165,3288,6613
5165,3288,6613
5165,3288,6613
5165,3288,6613
5165,3288,6613
5165,3288,6613
5165,3288,6613
5165,3288,6613
5165,3288,6613
5081,3199,7092
5081,3199,7092
5081,3199,7092
5081,3199,7092
5081,3199,7092
5081,3199,7092
5081,3199,7092
5081,3199,7092
5081,3199,7092
4863,3104,7774
4863,3104,7774
4863,3104,7774
4863,3104,7774
4863,3104,7774
4863,3104,7774
4863,3104,7774
4863,3104,7774
4499,3006,8366
4499,3006,8366
4499,3006,8366
4499,3006,8366
4499,3006,8366
4499,3006,8366
4499,3006,8366
4499,3006,8366
4499,3006,8366
4111,2913,8787
4111,2913,8787
4111,2913,8787
4111,2913,8787
4111,2913,8787
4111,2913,8787
4111,2913,8787
4111,2913,8787
4111,2913,8787
4111,2913,8787
3700,2831,9079
3700,2831,9079
3700,2831,9079
3700,2831,9079
3700,2831,9079
3700,2831,9079
3700,2831,9079
3700,2831,9079
3700,2831,9079
3235,2785,9346
3235,2785,9346
3235,2785,9346
3235,2785,9346
3235,2785,9346
3235,2785,9346
3235,2785,9346
3235,2785,9346
3235,2785,9346
2822,2714,9532
2822,2714,9532
2822,2714,9532
2822,2714,9532
2822,2714,9532
2822,2714,9532
2822,2714,9532
2822,2714,9532
2822,2714,9532
2353,2635,9567
2353,2635,9567
2353,2635,9567
2353,2635,9567
2353,2635,9567
2353,2635,9567
2353,2635,9567
2353,2635,9567
2353,2635,9567
1897,2598,9629
1897,2598,9629
1897,2598,9629
1897,2598,9629
1897,2598,9629
1897,2598,9629
1897,2598,9629
1897,2598,9629
1897,2598,9629
1507,2526,9632
1507,2526,9632
1507,2526,9632
1507,2526,9632
1507,2526,9632
1507,2526,9632
1507,2526,9632
1507,2526,9632
1507,2526,9632
1147,2554,9578
1147,2554,9578
1147,2554,9578
1147,2554,9578
1147,2554,9578
1147,2554,9578
1147,2554,9578
1147,2554,9578
1147,2554,9578
1102,2568,9641
1102,2568,9641
1102,2568,9641
1102,2568,9641
1102,2568,9641
1102,2568,9641
1102,2568,9641
1102,2568,9641
1102,2568,9641
1102,2568,9641
1559,2493,9637
1559,2493,9637
1559,2493,9637
1559,2493,9637
1559,2493,9637
1559,2493,9637
1559,2493,9637
1559,2493,9637
2108,2513,9603
2108,2513,9603
2108,2513,9603
2108,2513,9603
2108,2513,9603
2108,2513,9603
2108,2513,9603
2108,2513,9603
2108,2513,9603
2636,2458,9484
2636,2458,9484
2636,2458,9484
2636,2458,9484
2636,2458,9484
2636,2458,9484
2636,2458,9484
2636,2458,9484
2636,2458,9484
2636,2458,9484
3081,2428,9336
3081,2428,9336
3081,2428,9336
3081,2428,9336
3081,2428,9336
3081,2428,9336
3081,2428,9336
3081,2428,9336
3081,2428,9336
3458,2391,9144
3458,2391,9144
3458,2391,9144
3458,2391,9144
3458,2391,9144
3458,2391,9144
3458,2391,9144
3458,2391,9144
3458,2391,9144
3837,2395,8917
3837,2395,8917
3837,2395,8917
3837,2395,8917
3837,2395,8917
3837,2395,8917
3837,2395,8917
3837,2395,8917
3837,2395,8917
4123,2437,8682
4123,2437,8682
4123,2437,8682
4123,2437,8682
4123,2437,8682
4123,2437,8682
4123,2437,8682
4123,2437,8682
4123,2437,8682
4397,2440,8331
4397,2440,8331
4397,2440,8331
4397,2440,8331
4397,2440,8331
4397,2440,8331
4397,2440,8331
4397,2440,8331
4397,2440,8331
4728,2445,7976
4728,2445,7976
4728,2445,7976
4728,2445,7976
4728,2445,7976
4728,2445,7976
4728,2445,7976
4728,2445,7976
4728,2445,7976
4979,2432,7381
4979,2432,7381
4979,2432,7381
4979,2432,7381
4979,2432,7381
4979,2432,7381
4979,2432,7381
4979,2432,7381
4979,2432,7381
4979,2432,7381
5114,2482,6872
5114,2482,6872
5114,2482,6872
5114,2482,6872
5114,2482,6872
5114,2482,6872
5114,2482,6872
5114,2482,6872
5183,2515,6534
5183,2515,6534
5183,2515,6534
5183,2515,6534
5183,2515,6534
5183,2515,6534
5183,2515,6534
5183,2515,6534
5183,2515,6534
5183,2527,6458
5183,2527,6458
5183,2527,6458
5183,2527,6458
5183,2527,6458
5183,2527,6458
5183,2527,6458
5183,2527,6458
5183,2527,6458
5183,2527,6458
5145,2670,6758
5145,2670,6758
5145,2670,6758
5145,2670,6758
5145,2670,6758
5145,2670,6758
5026,2583,7238
5026,2583,7238
5026,2583,7238
5026,2583,7238
5026,2583,7238
5026,2583,7238
5026,2583,7238
4734,2547,7953
4734,2547,7953
4734,2547,7953
4734,2547,7953
4734,2547,7953
4734,2547,7953
4734,2547,7953
4734,2547,7953
4734,2547,7953
4332,2518,8514
4332,2518,8514
4332,2518,8514
4332,2518,8514
4332,2518,8514
4332,2518,8514
4332,2518,8514
4332,2518,8514
4332,2518,8514
3796,2541,9012
3796,2541,9012
3796,2541,9012
3796,2541,9012
3796,2541,9012
3796,2541,9012
3796,2541,9012
3796,2541,9012
3796,2541,9012
3215,2575,9260
3215,2575,9260
3215,2575,9260
3215,2575,9260
3215,2575,9260
3215,2575,9260
3215,2575,9260
3215,2575,9260
3215,2575,9260
3215,2575,9260
2640,2568,9518
2640,2568,9518
2640,2568,9518
2640,2568,9518
2640,2568,9518
2640,2568,9518
2640,2568,9518
2640,2568,9518
2640,2568,9518
2272,2598,9608
2272,2598,9608
2272,2598,9608
2272,2598,9608
2272,2598,9608
2272,2598,9608
2272,2598,9608
2272,2598,9608
1854,2635,9602
1854,2635,9602
1854,2635,9602
1854,2635,9602
1854,2635,9602
1854,2635,9602
1854,2635,9602
1854,2635,9602
1854,2635,9602
1245,2664,9612
1245,2664,9612
1245,2664,9612
1245,2664,9612
1245,2664,9612
1245,2664,9612
1245,2664,9612
1245,2664,9612
1245,2664,9612
820,2727,9545
820,2727,9545
820,2727,9545
820,2727,9545
820,2727,9545
820,2727,9545
820,2727,9545
820,2727,9545
820,2727,9545
820,2727,9545
699,2793,9540
699,2793,9540
699,2793,9540
699,2793,9540
699,2793,9540
699,2793,9540
699,2793,9540
699,2793,9540
699,2793,9540
1167,2886,9621
1167,2886,9621
1167,2886,9621
1167,2886,9621
1167,2886,9621
1167,2886,9621
1167,2886,9621
1167,2886,9621
1167,2886,9621
1670,2916,9661
1670,2916,9661
1670,2916,9661
1670,2916,9661
1670,2916,9661
1670,2916,9661
1670,2916,9661
1670,2916,9661
1670,2916,9661
2184,3006,9591
2184,3006,9591
2184,3006,9591
2184,3006,9591
2184,3006,9591
2184,3006,9591
2184,3006,9591
2184,3006,9591
2184,3006,9591
2184,3006,9591
2627,3113,9495
2627,3113,9495
2627,3113,9495
2627,3113,9495
2627,3113,9495
2627,3113,9495
2627,3113,9495
2627,3113,9495
2627,3113,9495
3078,3146,9370
3078,3146,9370
3078,3146,9370
3078,3146,9370
3078,3146,9370
3078,3146,9370
3078,3146,9370
3078,3146,9370
3078,3146,9370
3541,3190,9156
3541,3190,9156
3541,3190,9156
3541,3190,9156
3541,3190,9156
3541,3190,9156
3541,3190,9156
3541,3190,9156
3947,3222,8842
3947,3222,8842
3947,3222,8842
3947,3222,8842
3947,3222,8842
3947,3222,8842
3947,3222,8842
3947,3222,8842
3947,3222,8842
4339,3216,8469
4339,3216,8469
4339,3216,8469
4339,3216,8469
4339,3216,8469
4339,3216,8469
4339,3216,8469
4339,3216,8469
4339,3216,8469
4585,3290,8154
4585,3290,8154
4585,3290,8154
4585,3290,8154
4585,3290,8154
4585,3290,8154
4585,3290,8154
4585,3290,8154
4585,3290,8154
4585,3290,8154
4744,3325,7853
4744,3325,7853
4744,3325,7853
4744,3325,7853
4744,3325,7853
4744,3325,7853
4744,3325,7853
4744,3325,7853
4887,3363,7562
4887,3363,7562
4887,3363,7562
4887,3363,7562
4887,3363,7562
4887,3363,7562
4887,3363,7562
4887,3363,7562
4887,3363,7562
4887,3363,7562
5026,3381,7155
5026,3381,7155
5026,3381,7155
5026,3381,7155
5026,3381,7155
5026,3381,7155
5026,3381,7155
5026,3381,7155
5026,3381,7155
5026,3381,7155
5066,3459,6865
5066,3459,6865
5066,3459,6865
5066,3459,6865
5066,3459,6865
5066,3459,6865
5066,3459,6865
5066,3459,6865
5066,3459,6865
5059,3514,6895
5059,3514,6895
5059,3514,6895
5059,3514,6895
5059,3514,6895
5059,3514,6895
5059,3514,6895
5059,3514,6895
5059,3514,6895
4991,3567,7245
4991,3567,7245
4991,3567,7245
4991,3567,7245
4991,3567,7245
4991,3567,7245
4991,3567,7245
4991,3567,7245
4991,3567,7245
4813,3660,7639
4813,3660,7639
4813,3660,7639
4813,3660,7639
4813,3660,7639
4813,3660,7639
4813,3660,7639
4813,3660,7639
4813,3757,8142
4541,3757,8142
4541,3757,8142
4541,3757,8142
4541,3757,8142
4541,3757,8142
4541,3757,8142
4541,3757,8142
4541,3757,8142
4541,3757,8142
4092,3823,8639
4092,3823,8639
4092,3823,8639
4092,3823,8639
3569,3885,9021
3569,3885,9021
3569,3885,9021
3569,3885,9021
3569,3885,9021
3569,3885,9021
3569,3885,9021
3569,3885,9021
3569,3885,9021
3569,3885,9278
3009,3925,9278
3009,3925,9278
3009,3925,9278
3009,3925,9278
3009,3925,9278
3009,3925,9278
3009,3925,9278
3009,3925,9278
3009,3925,9278
2529,3944,9486
2529,3944,9486
2529,3944,9486
2529,3944,9486
2529,3944,9486
2529,3944,9486
2529,3944,9486
2529,3944,9486
2529,3944,9486
2067,3927,9545
2067,3927,9545
2067,3927,9545
2067,3927,9545
2067,3927,9545
2067,3927,9545
2067,3927,9545
2067,3927,9545
2067,3927,9545
1613,4005,9550
1613,4005,9550
1613,4005,9550
1613,4005,9550
1613,4005,9550
1613,4005,9550
1613,4005,9550
1613,4005,9550
1613,4005,9550
1118,3977,9502
1118,3977,9502
1118,3977,9502
1118,3977,9502
1118,3977,9502
1118,3977,9502
1118,3977,9502
1118,3977,9502
1118,3977,9502
699,3965,9455
699,3965,9455
699,3965,9455
699,3965,9455
699,3965,9455
699,3965,9455
699,3965,9455
699,3965,9455
699,3965,9455
267,3988,9339
267,3988,9339
267,3988,9339
267,3988,9339
267,3988,9339
267,3988,9339
267,3988,9339
267,3988,9339
38,3936,9243
38,3936,9243
38,3936,9243
38,3936,9243
38,3936,9243
38,3936,9243
38,3936,9243
38,3936,9243
38,3936,9243
38,3936,9243
-381,3812,9025
-381,3812,9025
-381,3812,9025
-381,3812,9025
-381,3812,9025
-381,3812,9025
-381,3812,9025
-381,3812,9025
-381,3812,9025
-819,3723,8794
-819,3723,8794
-819,3723,8794
-819,3723,8794
-819,3723,8794
-819,3723,8794
-819,3723,8794
-819,3723,8794
-819,3723,8794
-946,3589,8615
-946,3589,8615
-946,3589,8615
-946,3589,8615
-946,3589,8615
-946,3589,8615
-946,3589,8615
-946,3589,8615
-946,3589,8615
-988,3518,8628
-988,3518,8628
-988,3518,8628
-988,3518,8628
-988,3518,8628
-988,3518,8628
-988,3518,8628
-988,3518,8628
-988,3518,8628
-988,3518,8628
-811,3443,8842
-811,3443,8842
-811,3443,8842
-811,3443,8842
-811,3443,8842
-811,3443,8842
-811,3443,8842
-811,3443,8842
-811,3443,8842
-432,3461,9059
-432,3461,9059
-432,3461,9059
-432,3461,9059
-432,3461,9059
-432,3461,9059
-432,3461,9059
-432,3461,9059
-432,3461,9059
53,3427,9322
53,3427,9322
53,3427,9322
53,3427,9322
53,3427,9322
53,3427,9322
53,3427,9322
53,3427,9322
53,3427,9322
549,3298,9600
549,3298,9600
549,3298,9600
549,3298,9600
549,3298,9600
549,3298,9600
549,3298,9600
549,3298,9600
549,3298,9600
1124,3288,9721
1124,3288,9721
1124,3288,9721
1124,3288,9721
1124,3288,9721
1124,3288,9721
1124,3288,9721
1124,3288,9721
1124,3288,9721
1124,3288,9721
1716,3304,9699
1716,3304,9699
1716,3304,9699
1716,3304,9699
1716,3304,9699
1716,3304,9699
1716,3304,9699
1716,3304,9699
2206,3501,9648
2206,3501,9648
2206,3501,9648
2206,3501,9648
2206,3501,9648
2206,3501,9648
2206,3501,9648
2206,3501,9648
2206,3501,9648
2871,3693,9448
2871,3693,9448
2871,3693,9448
2871,3693,9448
2871,3693,9448
2871,3693,9448
2871,3693,9448
2871,3693,9448
2871,3693,9448
3151,3825,9325
3151,3825,9325
3151,3825,9325
3151,3825,9325
3151,3825,9325
3151,3825,9325
3151,3825,9325
3151,3825,9325
3151,3825,9325
2934,3697,9458
2934,3697,9458
2934,3697,9458
2934,3697,9458
2934,3697,9458
2934,3697,9458
2934,3697,9458
2934,3697,9458
2934,3697,9458
2934,3482,9674
2307,3482,9674
2307,3482,9674
2307,3482,9674
2307,3482,9674
2307,3482,9674
2307,3482,9674
2307,3482,9674
2307,3482,9674
1517,3318,9741
1517,3318,9741
1517,3318,9741
1517,3318,9741
1517,3318,9741
1517,3318,9741
1517,3318,9741
1517,3318,9741
1517,3318,9741
727,3317,9616
727,3317,9616
727,3317,9616
727,3317,9616
727,3317,9616
727,3317,9616
727,3317,9616
727,3317,9616
727,3317,9616
727,3317,9616
101,3266,9387
101,3266,9387
101,3266,9387
101,3266,9387
101,3266,9387
101,3266,9387
101,3266,9387
101,3266,9387
101,3266,9387
-409,3234,9114
-409,3234,9114
-409,3234,9114
-409,3234,9114
-409,3234,9114
-409,3234,9114
-409,3234,9114
-409,3234,9114
-409,3234,9114
-409,3234,9114
-960,3158,8742
-960,3158,8742
-960,3158,8742
-960,3158,8742
-960,3158,8742
-1301,3069,8307
-1301,3069,8307
-1301,3069,8307
-1301,3069,8307
-1301,3069,8307
-1301,3069,8307
-1301,3069,8307
-1469,3022,8108
-1469,3022,8108
-1469,3022,8108
-1469,3022,8108
-1469,3022,8108
-1469,3022,8108
-1469,3022,8108
-1469,3022,8108
-1469,3022,8108
-1499,2957,8088
-1499,2957,8088
-1499,2957,8088
-1499,2957,8088
-1499,2957,8088
-1499,2957,8088
-1499,2957,8088
-1499,2957,8088
-1499,2957,8088
-1286,2854,8347
-1286,2854,8347
-1286,2854,8347
-1286,2854,8347
-1286,2854,8347
-1286,2854,8347
-1286,2854,8347
-1286,2854,8347
-1286,2854,8347
-965,2694,8669
-965,2694,8669
-965,2694,8669
-965,2694,8669
-965,2694,8669
-965,2694,8669
-965,2694,8669
-965,2694,8669
-965,2694,8669
-965,2533,8952
-605,2533,8952
-605,2533,8952
-605,2533,8952
-605,2533,8952
-605,2533,8952
-605,2533,8952
-605,2533,8952
-605,2533,8952
-605,2533,8952
-193,2427,9260
-193,2427,9260
-193,2427,9260
-193,2427,9260
-193,2427,9260
-193,2427,9260
-193,2427,9260
-193,2427,9260
-193,2427,9260
460,2369,9501
460,2369,9501
460,2369,9501
460,2369,9501
460,2369,9501
460,2369,9501
460,2369,9501
460,2369,9501
460,2369,9501
1038,2451,9633
1038,2451,9633
1038,2451,9633
1038,2451,9633
1038,2451,9633
1038,2451,9633
1038,2451,9633
1038,2451,9633
1038,2451,9633
1585,2505,9688
1585,2505,9688
1585,2505,9688
1585,2505,9688
1585,2505,9688
1585,2505,9688
1585,2505,9688
1585,2505,9688
1585,2505,9688
1884,2411,9685
1884,2411,9685
1884,2411,9685
1884,2411,9685
1884,2411,9685
1884,2411,9685
1884,2411,9685
1884,2411,9685
1884,2411,9685
1768,2324,9659
1768,2324,9659
1768,2324,9659
1768,2324,9659
1768,2324,9659
1768,2324,9659
1768,2324,9659
1768,2324,9659
1768,2324,9659
1768,2216,9624
1284,2216,9624
1284,2216,9624
1284,2216,9624
1284,2216,9624
1284,2216,9624
1284,2216,9624
1284,2216,9624
1284,2216,9624
1284,2216,9624
589,2155,9460
589,2155,9460
589,2155,9460
589,2155,9460
589,2155,9460
589,2155,9460
589,2155,9460
589,2155,9460
589,2155,9460
-131,2165,9146
-131,2165,9146
-131,2165,9146
-131,2165,9146
-131,2165,9146
-131,2165,9146
-131,2165,9146
-131,2165,9146
-131,2165,9146
-857,2175,8732
-857,2175,8732
-857,2175,8732
-857,2175,8732
-857,2175,8732
-857,2175,8732
-857,2175,8732
-857,2175,8732
-857,2175,8732
-1348,2247,8177
-1348,2247,8177
-1348,2247,8177
-1348,2247,8177
-1348,2247,8177
-1348,2247,8177
-1348,2247,8177
-1348,2247,8177
-1348,2247,8177
-1607,2357,7800
-1607,2357,7800
-1607,2357,7800
-1607,2357,7800
-1607,2357,7800
-1607,2357,7800
-1607,2357,7800
-1607,2357,7800
-1607,2357,7800
-1610,2369,7733
-1610,2369,7733
-1610,2369,7733
-1610,2369,7733
-1610,2369,7733
-1610,2369,7733
-1610,2369,7733
-1610,2369,7733
-1610,2369,7733
-1610,2369,7733
-1439,2354,8049
-1439,2354,8049
-1439,2354,8049
-1439,2354,8049
-1439,2354,8049
-1439,2354,8049
-1439,2354,8049
-1439,2354,8049
-1070,2362,8540
-1070,2362,8540
-1070,2362,8540
-1070,2362,8540
-1070,2362,8540
-1070,2362,8540
-1070,2362,8540
-1070,2362,8540
-1070,2362,8540
-368,2377,9088
-368,2377,9088
-368,2377,9088
-368,2377,9088
-368,2377,9088
-368,2377,9088
-368,2377,9088
-368,2377,9088
-368,2377,9088
-368,2377,9088
365,2384,9458
365,2384,9458
365,2384,9458
365,2384,9458
365,2384,9458
365,2384,9458
365,2384,9458
365,2384,9458
365,2384,9458
1041,2396,9653
1041,2396,9653
1041,2396,9653
1041,2396,9653
1041,2396,9653
1041,2396,9653
1041,2396,9653
1041,2396,9653
1041,2396,9653
1863,2419,9653
1863,2419,9653
1863,2419,9653
1863,2419,9653
1863,2419,9653
1863,2419,9653
1863,2419,9653
1863,2419,9653
1863,2419,9653
2349,2497,9583
2349,2497,9583
2349,2497,9583
2349,2497,9583
2349,2497,9583
2349,2497,9583
2349,2497,9583
2349,2497,9583
2349,2497,9583
2339,2432,9664
2339,2432,9664
2339,2432,9664
2339,2432,9664
2339,2432,9664
2339,2432,9664
2339,2432,9664
2339,2432,9664
2339,2432,9664
2339,2432,9664
1829,2309,9690
1829,2309,9690
1829,2309,9690
1829,2309,9690
1829,2309,9690
1829,2309,9690
1829,2309,9690
1829,2309,9690
928,2179,9555
928,2179,9555
928,2179,9555
928,2179,9555
928,2179,9555
-111,2129,9227
-111,2129,9227
-111,2129,9227
-111,2129,9227
-111,2129,9227
-111,2129,9227
-111,2129,9227
-111,2129,9227
-822,2151,8760
-822,2151,8760
-822,2151,8760
-822,2151,8760
-822,2151,8760
-822,2151,8760
-822,2151,8760
-822,2151,8760
-822,2151,8760
-1209,2273,8303
-1209,2273,8303
-1209,2273,8303
-1209,2273,8303
-1209,2273,8303
-1209,2273,8303
-1209,2273,8303
-1209,2273,8303
-1209,2273,8303
-1209,2282,8374
-1209,2282,8374
-1209,2282,8374
-1209,2282,8374
-1209,2282,8374
-1209,2282,8374
-1209,2282,8374
-1209,2282,8374
-1209,2282,8374
-770,2275,8741
-770,2275,8741
-770,2275,8741
-770,2275,8741
-770,2275,8741
-770,2275,8741
-770,2275,8741
-770,2275,8741
-770,2275,8741
-770,2275,8741
-159,2280,9211
-159,2280,9211
-159,2280,9211
-159,2280,9211
-159,2280,9211
-159,2280,9211
-159,2280,9211
-159,2280,9211
-159,2280,9211
560,2422,9526
560,2422,9526
560,2422,9526
560,2422,9526
560,2422,9526
560,2422,9526
560,2422,9526
560,2422,9526
560,2422,9526
1441,2592,9666
1441,2592,9666
1441,2592,9666
1441,2592,9666
1441,2592,9666
1441,2592,9666
1441,2592,9666
1441,2592,9666
1441,2592,9666
1441,2592,9666
1788,2796,9716
1788,2796,9716
1788,2796,9716
1788,2796,9716
1788,2796,9716
1788,2796,9716
1788,2796,9716
1788,2796,9716
1788,2796,9716
1806,2911,9698
1806,2911,9698
1806,2911,9698
1806,2911,9698
1806,2911,9698
1806,2911,9698
1806,2911,9698
1806,2911,9698
1806,2911,9698
1510,2950,9705
1510,2950,9705
1510,2950,9705
1510,2950,9705
1510,2950,9705
1510,2950,9705
1510,2950,9705
1510,2950,9705
1510,2950,9705
1308,3095,9685
1308,3095,9685
1308,3095,9685
1308,3095,9685
1308,3095,9685
1308,3095,9685
1308,3095,9685
1308,3095,9685
1238,3209,9674
1238,3209,9674
1238,3209,9674
1238,3209,9674
1238,3209,9674
1238,3209,9674
1238,3209,9674
1238,3209,9674
1238,3209,9674
1238,3209,9674
1358,3383,9658
1358,3383,9658
1358,3383,9658
1358,3383,9658
1358,3383,9658
1358,3383,9658
1358,3383,9658
1358,3383,9658
1358,3383,9658
1443,3568,9645
1443,3568,9645
1443,3568,9645
1443,3568,9645
1443,3568,9645
1443,3568,9645
1443,3568,9645
1443,3568,9645
1443,3568,9645
1599,3746,9628
1599,3746,9628
1599,3746,9628
1599,3746,9628
1599,3746,9628
1599,3746,9628
1599,3746,9628
1599,3746,9628
1599,3746,9628
1872,3824,9579
1872,3824,9579
1872,3824,9579
1872,3824,9579
1872,3824,9579
1872,3824,9579
1872,3824,9579
1872,3824,9579
1872,3824,9579
1957,3923,9500
1957,3923,9500
1957,3923,9500
1957,3923,9500
1957,3923,9500
1957,3923,9500
1957,3923,9500
1957,3923,9500
1957,3923,9500
1957,3923,9500
2200,3973,9533
2200,3973,9533
2200,3973,9533
2200,3973,9533
2200,3973,9533
2200,3973,9533
2200,3973,9533
2200,3973,9533
2200,3973,9533
2378,3955,9482
2378,3955,9482
2378,3955,9482
2378,3955,9482
2378,3955,9482
2378,3955,9482
2378,3955,9482
2378,3955,9482
2378,3955,9482
2532,3955,9438
2532,3955,9438
2532,3955,9438
2532,3955,9438
2532,3955,9438
2532,3955,9438
2532,3955,9438
2532,3955,9438
2532,3955,9438
2625,3861,9444
2625,3861,9444
2625,3861,9444
2625,3861,9444
2625,3861,9444
2625,3861,9444
2625,3861,9444
2625,3861,9444
2625,3861,9444
2647,3789,9467
2647,3789,9467
2647,3789,9467
2647,3789,9467
2647,3789,9467
2647,3789,9467
2647,3789,9467
2647,3789,9467
2647,3789,9467
2538,3704,9476
2538,3704,9476
2538,3704,9476
2538,3704,9476
2538,3704,9476
2538,3704,9476
2538,3704,9476
2538,3704,9476
2538,3704,9476
2157,3728,9541
2157,3728,9541
2157,3728,9541
2157,3728,9541
2157,3728,9541
2157,3728,9541
2157,3728,9541
2157,3728,9541
2157,3728,9541
1906,3754,9623
1906,3754,9623
1906,3754,9623
1906,3754,9623
1906,3754,9623
1906,3754,9623
1906,3754,9623
1906,3754,9623
1906,3754,9623
1680,3811,9577
1680,3811,9577
1680,3811,9577
1680,3811,9577
1680,3811,9577
1680,3811,9577
1680,3811,9577
1680,3811,9577
1680,3811,9577
1196,3847,9535
1196,3847,9535
1196,3847,9535
1196,3847,9535
1196,3847,9535
1196,3847,9535
743,3862,9471
743,3862,9471
743,3862,9471
743,3862,9471
743,3862,9471
743,3862,9471
743,3862,9471
743,3862,9471
294,3852,9354
294,3852,9354
294,3852,9354
294,3852,9354
294,3852,9354
294,3852,9354
294,3852,9354
294,3852,9354
294,3852,9354
294,3806,9138
-65,3806,9138
-65,3806,9138
-65,3806,9138
-65,3806,9138
-65,3806,9138
-65,3806,9138
-65,3806,9138
-65,3806,9138
-65,3806,9138
-306,3847,9003
-306,3847,9003
-306,3847,9003
-306,3847,9003
-306,3847,9003
-306,3847,9003
-306,3847,9003
-306,3847,9003
-370,3840,9042
-370,3840,9042
-370,3840,9042
-370,3840,9042
-370,3840,9042
-370,3840,9042
-370,3840,9042
-370,3840,9042
-370,3840,9042
-191,3866,9107
-191,3866,9107
-191,3866,9107
-191,3866,9107
-191,3866,9107
-191,3866,9107
-191,3866,9107
-191,3866,9107
-191,3866,9107
205,3802,9381
205,3802,9381
205,3802,9381
205,3802,9381
205,3802,9381
205,3802,9381
205,3802,9381
205,3802,9381
205,3802,9381
673,3782,9526
673,3782,9526
673,3782,9526
673,3782,9526
673,3782,9526
673,3782,9526
673,3782,9526
673,3782,9526
673,3782,9526
1263,3775,9601
1263,3775,9601
1263,3775,9601
1263,3775,9601
1263,3775,9601
1263,3775,9601
1263,3775,9601
1263,3775,9601
1263,3775,9601
1788,3772,9597
1788,3772,9597
1788,3772,9597
1788,3772,9597
1788,3772,9597
1788,3772,9597
1788,3772,9597
1788,3772,9597
1788,3772,9597
2343,3763,9584
2343,3763,9584
2343,3763,9584
2343,3763,9584
2343,3763,9584
2343,3763,9584
2343,3763,9584
2343,3763,9584
2343,3763,9584
2343,3763,9584
3006,3681,9418
3006,3681,9418
3006,3681,9418
3006,3681,9418
3006,3681,9418
3006,3681,9418
3006,3681,9418
3006,3681,9418
3006,3681,9418
3668,3667,9085
3668,3667,9085
3668,3667,9085
3668,3667,9085
3668,3667,9085
3668,3667,9085
3668,3667,9085
3668,3667,9085
3668,3667,9085
4109,3730,8736
4109,3730,8736
4109,3730,8736
4109,3730,8736
4109,3730,8736
4109,3730,8736
4109,3730,8736
4109,3730,8736
4109,3730,8736
4349,3779,8433
4349,3779,8433
4349,3779,8433
4349,3779,8433
4349,3779,8433
4349,3779,8433
4349,3779,8433
4349,3779,8433
4349,3779,8433
4520,3810,8177
4520,3810,8177
4520,3810,8177
4520,3810,8177
4520,3810,8177
4520,3810,8177
4520,3810,8177
4520,3810,8177
4520,3810,8177
4659,3754,7996
4659,3754,7996
4659,3754,7996
4659,3754,7996
4659,3754,7996
4659,3754,7996
4659,3754,7996
4659,3754,7996
4659,3754,7996
4674,3701,8045
4674,3701,8045
4674,3701,8045
4674,3701,8045
4674,3701,8045
4674,3701,8045
4674,3701,8045
4674,3701,8045
4674,3701,8045
4455,3641,8340
4455,3641,8340
4455,3641,8340
4455,3641,8340
4455,3641,8340
4455,3641,8340
4455,3641,8340
4455,3641,8340
4455,3641,8340
4056,3608,8766
4056,3608,8766
4056,3608,8766
4056,3608,8766
4056,3608,8766
4056,3608,8766
4056,3608,8766
4056,3608,8766
4056,3608,8766
3552,3579,9134
3552,3579,9134
3552,3579,9134
3552,3579,9134
3552,3579,9134
3552,3579,9134
3552,3579,9134
3552,3579,9134
3552,3579,9134
3552,3579,9134
2960,3628,9407
2960,3628,9407
2960,3628,9407
2960,3628,9407
2960,3628,9407
2960,3628,9407
2960,3628,9407
2960,3628,9407
2160,3656,9555
2160,3656,9555
2160,3656,9555
2160,3656,9555
2160,3656,9555
2160,3656,9555
2160,3656,9555
2160,3656,9555
2160,3656,9555
2160,3656,9555
1472,3713,9659
1472,3713,9659
1472,3713,9659
1472,3713,9659
1472,3713,9659
1472,3713,9659
1472,3713,9659
1472,3713,9659
1472,3713,9659
762,3703,9529
762,3703,9529
762,3703,9529
762,3703,9529
762,3703,9529
762,3703,9529
762,3703,9529
762,3703,9529
762,3703,9529
237,3698,9368
237,3698,9368
237,3698,9368
237,3698,9368
237,3698,9368
237,3698,9368
237,3698,9368
237,3698,9368
237,3698,9368
-179,3698,9169
-179,3698,9169
-179,3698,9169
-179,3698,9169
-179,3698,9169
-179,3698,9169
-179,3698,9169
-179,3698,9169
-179,3698,9169
-507,3790,8891
-507,3790,8891
-507,3790,8891
-507,3790,8891
-507,3790,8891
-507,3790,8891
-507,3790,8891
-507,3790,8891
-507,3790,8891
-742,3859,8750
-742,3859,8750
-742,3859,8750
-742,3859,8750
-742,3859,8750
-742,3859,8750
-742,3859,8750
-601,3785,8866
-601,3785,8866
-601,3785,8866
-601,3785,8866
-601,3785,8866
-601,3785,8866
-601,3713,9145
-234,3713,9145
-234,3713,9145
-234,3713,9145
-234,3713,9145
-234,3713,9145
-234,3713,9145
-234,3713,9145
-234,3713,9145
-234,3713,9145
381,3653,9459
381,3653,9459
381,3653,9459
381,3653,9459
381,3653,9459
381,3653,9459
381,3653,9459
381,3653,9459
381,3653,9459
852,3561,9551
852,3561,9551
852,3561,9551
852,3561,9551
852,3561,9551
852,3561,9551
852,3561,9551
852,3561,9551
852,3561,9551
1309,3518,9603
1309,3518,9603
1309,3518,9603
1309,3518,9603
1309,3518,9603
1309,3518,9603
1309,3518,9603
1309,3518,9603
1309,3518,9603
1729,3402,9631
1729,3402,9631
1729,3402,9631
1729,3402,9631
1729,3402,9631
1729,3402,9631
1729,3402,9631
1729,3402,9631
2124,3408,9667
2124,3408,9667
2124,3408,9667
2124,3408,9667
2124,3408,9667
2124,3408,9667
2124,3408,9667
2124,3408,9667
2124,3408,9667
2124,3408,9667
2609,3445,9540
2609,3445,9540
2609,3445,9540
2609,3445,9540
2609,3445,9540
2609,3445,9540
2609,3445,9540
2609,3445,9540
2609,3445,9540
2609,3462,9399
3008,3462,9399
3008,3462,9399
3008,3462,9399
3008,3462,9399
3008,3462,9399
3008,3462,9399
3008,3462,9399
3008,3462,9399
3008,3462,9399
3289,3403,9254
3289,3403,9254
3289,3403,9254
3289,3403,9254
3289,3403,9254
3289,3403,9254
3289,3403,9254
3289,3403,9254
3289,3403,9254
3690,3380,9054
3690,3380,9054
3690,3380,9054
3690,3380,9054
3690,3380,9054
3690,3380,9054
3690,3380,9054
3690,3380,9054
3690,3380,9054
4110,3367,8727
4110,3367,8727
4110,3367,8727
4110,3367,8727
4110,3367,8727
4110,3367,8727
4110,3367,8727
4110,3367,8727
4110,3367,8727
4491,3366,8293
4491,3366,8293
4491,3366,8293
4491,3366,8293
4491,3366,8293
4491,3366,8293
4491,3366,8293
4491,3366,8293
4491,3366,8293
4719,3412,7982
4719,3412,7982
4719,3412,7982
4719,3412,7982
4719,3412,7982
4719,3412,7982
4719,3412,7982
4719,3412,7982
4719,3412,7982
4647,3399,8041
4647,3399,8041
4647,3399,8041
4647,3399,8041
4647,3399,8041
4647,3399,8041
4647,3399,8041
4647,3399,8041
4647,3399,8041
4647,3275,8351
4417,3275,8351
4417,3275,8351
4417,3275,8351
4417,3275,8351
4417,3275,8351
4417,3275,8351
4417,3275,8351
4417,3275,8351
4073,3174,8757
4073,3174,8757
4073,3174,8757
4073,3174,8757
4073,3174,8757
4073,3174,8757
4073,3174,8757
4073,3174,8757
4073,3174,8757
3648,3169,9134
3648,3169,9134
3648,3169,9134
3648,3169,9134
3648,3169,9134
3648,3169,9134
3648,3169,9134
3648,3169,9134
3648,3169,9134
3026,3170,9428
3026,3170,9428
3026,3170,9428
3026,3170,9428
3026,3170,9428
3026,3170,9428
3026,3170,9428
3026,3170,9428
3026,3170,9428
2425,3158,9572
2425,3158,9572
2425,3158,9572
2425,3158,9572
2425,3158,9572
2425,3158,9572
2425,3158,9572
2425,3158,9572
2425,3158,9572
2425,3158,9572
1770,3143,9687
1770,3143,9687
1770,3143,9687
1770,3143,9687
1770,3143,9687
1770,3143,9687
1770,3143,9687
1770,3143,9687
1770,3143,9687
1138,3129,9628
1138,3129,9628
1138,3129,9628
1138,3129,9628
1138,3129,9628
1138,3129,9628
1138,3129,9628
1138,3129,9628
1138,3129,9628
694,3148,9548
694,3148,9548
694,3148,9548
694,3148,9548
694,3148,9548
694,3148,9548
694,3148,9548
694,3148,9548
694,3148,9548
596,3129,9562
596,3129,9562
596,3129,9562
596,3129,9562
596,3129,9562
596,3129,9562
596,3129,9562
596,3129,9562
596,3129,9562
596,3129,9562
684,3115,9552
684,3115,9552
684,3115,9552
684,3115,9552
684,3115,9552
684,3115,9552
684,3115,9552
684,3115,9552
684,3115,9552
714,3123,9601
714,3123,9601
714,3123,9601
714,3123,9601
714,3123,9601
714,3123,9601
714,3123,9601
714,3123,9601
756,3088,9626
756,3088,9626
756,3088,9626
756,3088,9626
756,3088,9626
756,3088,9626
756,3088,9626
756,3088,9626
756,3088,9626
731,3107,9577
731,3107,9577
731,3107,9577
731,3107,9577
731,3107,9577
731,3107,9577
731,3107,9577
731,3107,9577
731,3107,9577
731,3107,9577
782,3144,9573
782,3144,9573
782,3144,9573
782,3144,9573
782,3144,9573
782,3144,9573
782,3144,9573
782,3144,9573
874,3138,9599
874,3138,9599
874,3138,9599
874,3138,9599
1125,3052,9690
1125,3052,9690
1125,3052,9690
1125,3052,9690
1125,3052,9690
1125,3052,9690
1125,3052,9690
1125,3052,9690
1125,3052,9690
1435,3037,9717
1435,3037,9717
1435,3037,9717
1435,3037,9717
1435,3037,9717
1435,3037,9717
1435,3037,9717
1435,3037,9717
1435,3037,9717
1781,3034,9701
1781,3034,9701
1781,3034,9701
1781,3034,9701
1781,3034,9701
1781,3034,9701
1781,3034,9701
1781,3034,9701
1781,3034,9701
1781,3034,9701
2156,3002,9649
2156,3002,9649
2156,3002,9649
2156,3002,9649
2156,3002,9649
2156,3002,9649
2156,3002,9649
2156,3002,9649
2156,3002,9649
2663,2934,9582
2663,2934,9582
2663,2934,9582
2663,2934,9582
2663,2934,9582
2663,2934,9582
2663,2934,9582
2663,2934,9582
2663,2934,9582
3214,2965,9342
3214,2965,9342
3214,2965,9342
3214,2965,9342
3214,2965,9342
3214,2965,9342
3214,2965,9342
3214,2965,9342
3214,2965,9342
3936,3029,8896
3936,3029,8896
3936,3029,8896
3936,3029,8896
3936,3029,8896
3936,3029,8896
3936,3029,8896
3936,3029,8896
3936,3029,8896
4323,3084,8576
4323,3084,8576
4323,3084,8576
4323,3084,8576
4323,3084,8576
4323,3084,8576
4323,3084,8576
4323,3084,8576
4323,3084,8576
4469,3134,8351
4469,3134,8351
4469,3134,8351
4469,3134,8351
4469,3134,8351
4469,3134,8351
4469,3134,8351
4469,3134,8351
4469,3134,8351
4672,3168,8091
4672,3168,8091
4672,3168,8091
4672,3168,8091
4672,3168,8091
4672,3168,8091
4672,3168,8091
4672,3168,8091
4672,3168,8091
4911,3321,7593
4911,3321,7593
4911,3321,7593
4911,3321,7593
4911,3321,7593
4911,3321,7593
4911,3321,7593
4911,3321,7593
4911,3321,7593
5022,3501,7342
5022,3501,7342
5022,3501,7342
5022,3501,7342
5022,3501,7342
5022,3501,7342
5022,3501,7342
5022,3501,7342
5022,3501,7342
4892,3578,7679
4892,3578,7679
4892,3578,7679
4892,3578,7679
4892,3578,7679
4892,3578,7679
4892,3578,7679
4892,3578,7679
4892,3578,7679
4892,3578,7679
4551,3699,8179
4551,3699,8179
4551,3699,8179
4551,3699,8179
4551,3699,8179
4551,3699,8179
4551,3699,8179
4551,3699,8179
4144,3883,8608
4144,3883,8608
4144,3883,8608
4144,3883,8608
4144,3883,8608
4144,3883,8608
4144,3883,8608
4144,3883,8608
4144,3883,8608
4144,3883,8608
3691,4034,8883
3691,4034,8883
3691,4034,8883
3691,4034,8883
3691,4034,8883
3691,4034,8883
3691,4034,8883
3691,4034,8883
3691,4034,8883
3078,4120,9185
3078,4120,9185
3078,4120,9185
3078,4120,9185
3078,4120,9185
3078,4120,9185
3078,4120,9185
3078,4120,9185
3078,4120,9185
2497,4141,9415
2497,4141,9415
2497,4141,9415
2497,4141,9415
2497,4141,9415
2497,4141,9415
2497,4141,9415
2497,4141,9415
2497,4141,9415
1865,4115,9519
1865,4115,9519
1865,4115,9519
1865,4115,9519
1865,4115,9519
1865,4115,9519
1865,4115,9519
1865,4115,9519
1865,4115,9519
1202,4089,9562
1202,4089,9562
1202,4089,9562
1202,4089,9562
1202,4089,9562
1202,4089,9562
1202,4089,9562
1202,4089,9562
1202,4089,9562
579,4083,9360
579,4083,9360
579,4083,9360
579,4083,9360
579,4083,9360
579,4083,9360
579,4083,9360
579,4083,9360
579,4083,9360
46,4089,9127
46,4089,9127
46,4089,9127
46,4089,9127
46,4089,9127
46,4089,9127
46,4089,9127
46,4089,9127
46,4089,9127
-432,4087,8888
-432,4087,8888
-432,4087,8888
-432,4087,8888
-432,4087,8888
-432,4087,8888
-432,4087,8888
-432,4087,8888
-432,4087,8888
-432,4087,8888
-790,4080,8572
-790,4080,8572
-790,4080,8572
-790,4080,8572
-790,4080,8572
-790,4080,8572
-790,4080,8572
-790,4080,8572
-790,4080,8572
-1006,4114,8330
-1006,4114,8330
-1006,4114,8330
-1006,4114,8330
-1006,4114,8330
-1006,4114,8330
-1006,4114,8330
-1006,4114,8330
-1006,4114,8330
-1035,4127,8287
-1035,4127,8287
-1035,4127,8287
-1035,4127,8287
-1035,4127,8287
-1035,4127,8287
-1035,4127,8287
-1035,4127,8287
-1035,4127,8287
-990,4177,8356
-990,4177,8356
-990,4177,8356
-990,4177,8356
-990,4177,8356
-990,4177,8356
-990,4177,8356
-990,4177,8356
-828,4320,8470
-828,4320,8470
-828,4320,8470
-828,4320,8470
-828,4320,8470
-828,4320,8470
-828,4320,8470
-581,4336,8671
-581,4336,8671
-581,4336,8671
-581,4336,8671
-581,4336,8671
-581,4336,8671
-581,4336,8671
-284,4286,8943
-284,4286,8943
-284,4286,8943
-284,4286,8943
-284,4286,8943
-284,4286,8943
-284,4286,8943
-284,4286,8943
-284,4286,8943
162,4132,9262
162,4132,9262
162,4132,9262
162,4132,9262
162,4132,9262
162,4132,9262
162,4132,9262
162,4132,9262
162,4132,9262
602,4102,9386
602,4102,9386
602,4102,9386
602,4102,9386
602,4102,9386
602,4102,9386
602,4102,9386
602,4102,9386
602,4102,9386
602,4102,9386
1058,4234,9377
1058,4234,9377
1058,4234,9377
1058,4234,9377
1058,4234,9377
1058,4234,9377
1058,4234,9377
1058,4234,9377
1058,4234,9377
1395,4354,9397
1395,4354,9397
1395,4354,9397
1395,4354,9397
1395,4354,9397
1395,4354,9397
1395,4354,9397
1395,4354,9397
1395,4354,9397
1381,4447,9339
1381,4447,9339
1381,4447,9339
1381,4447,9339
1381,4447,9339
1381,4447,9339
1381,4447,9339
1381,4447,9339
1381,4447,9339
1055,4399,9352
1055,4399,9352
1055,4399,9352
1055,4399,9352
1055,4399,9352
1055,4399,9352
1055,4399,9352
1055,4399,9352
1055,4399,9352
780,4217,9392
780,4217,9392
780,4217,9392
780,4217,9392
780,4217,9392
780,4217,9392
780,4217,9392
780,4217,9392
440,3908,9375
440,3908,9375
440,3908,9375
440,3908,9375
440,3908,9375
440,3908,9375
440,3908,9375
440,3908,9375
440,3908,9375
440,3908,9375
404,3646,9425
404,3646,9425
404,3646,9425
404,3646,9425
404,3646,9425
404,3646,9425
404,3646,9425
404,3646,9425
404,3646,9425
415,3649,9461
415,3649,9461
415,3649,9461
415,3649,9461
415,3649,9461
415,3649,9461
415,3649,9461
415,3649,9461
415,3649,9461
415,3649,9431
480,3720,9431
480,3720,9431
480,3720,9431
480,3720,9431
480,3720,9431
480,3720,9431
480,3720,9431
480,3720,9431
480,3720,9431
541,3731,9462
541,3731,9462
541,3731,9462
541,3731,9462
541,3731,9462
541,3731,9462
541,3731,9462
541,3731,9462
541,3731,9462
711,3778,9504
711,3778,9504
711,3778,9504
711,3778,9504
711,3778,9504
711,3778,9504
711,3778,9504
711,3778,9504
711,3778,9504
795,3891,9458
795,3891,9458
795,3891,9458
795,3891,9458
795,3891,9458
795,3891,9458
795,3891,9458
795,3891,9458
795,3891,9458
1150,3991,9564
1150,3991,9564
1150,3991,9564
1150,3991,9564
1150,3991,9564
1150,3991,9564
1150,3991,9564
1150,3991,9564
1150,3991,9564
1471,3864,9599
1471,3864,9599
1471,3864,9599
1471,3864,9599
1471,3864,9599
1471,3864,9599
1471,3864,9599
1471,3864,9599
1471,3864,9599
1587,3883,9619
1587,3883,9619
1587,3883,9619
1587,3883,9619
1587,3883,9619
1587,3883,9619
1587,3883,9619
1587,3883,9619
1587,3883,9619
1748,3966,9528
1748,3966,9528
1748,3966,9528
1748,3966,9528
1748,3966,9528
1748,3966,9528
1748,3966,9528
1748,3966,9528
1748,3966,9528
2075,4107,9491
2075,4107,9491
2075,4107,9491
2075,4107,9491
2075,4107,9491
2075,4107,9491
2075,4107,9491
2075,4107,9491
2075,4107,9491
2422,4215,9391
2422,4215,9391
2422,4215,9391
2422,4215,9391
2422,4215,9391
2422,4215,9391
2422,4215,9391
2422,4215,9391
2422,4215,9391
2611,4168,9329
2611,4168,9329
2611,4168,9329
2611,4168,9329
2611,4168,9329
2611,4168,9329
2611,4168,9329
2611,4168,9329
2611,4168,9329
2611,4168,9329
2659,3913,9395
2659,3913,9395
2659,3913,9395
2659,3913,9395
2659,3913,9395
2659,3913,9395
2659,3913,9395
2659,3913,9395
2659,3913,9395
2684,3688,9443
2684,3688,9443
2684,3688,9443
2684,3688,9443
2684,3688,9443
2684,3688,9443
2684,3688,9443
2684,3688,9443
2684,3688,9443
2791,3428,9479
2791,3428,9479
2791,3428,9479
2791,3428,9479
2791,3428,9479
2791,3428,9479
2791,3428,9479
2791,3428,9479
2791,3428,9479
2887,3214,9482
2887,3214,9482
2887,3214,9482
2887,3214,9482
2887,3214,9482
2887,3214,9482
2887,3214,9482
2887,3214,9482
2887,3214,9482
2900,3073,9526
2900,3073,9526
2900,3073,9526
2900,3073,9526
2900,3073,9526
2900,3073,9526
2900,3073,9526
2900,3073,9526
2900,3073,9526
2900,3073,9526
2978,2960,9541
2978,2960,9541
2978,2960,9541
2978,2960,9541
2978,2960,9541
2978,2960,9541
2978,2960,9541
2978,2960,9541
3053,2876,9469
3053,2876,9469
3053,2876,9469
3053,2876,9469
3204,2764,9391
3204,2764,9391
3204,2764,9391
3204,2764,9391
3204,2764,9391
3204,2764,9391
3204,2764,9391
3204,2764,9391
3204,2764,9391
3244,2570,9342
3244,2570,9342
3244,2570,9342
3244,2570,9342
3244,2570,9342
3244,2570,9342
3244,2570,9342
3244,2570,9342
3244,2570,9342
3157,2420,9387
3157,2420,9387
3157,2420,9387
3157,2420,9387
3157,2420,9387
3157,2420,9387
3157,2420,9387
3157,2420,9387
3157,2420,9387
3002,2267,9387
3002,2267,9387
3002,2267,9387
3002,2267,9387
3002,2267,9387
3002,2267,9387
3002,2267,9387
3002,2267,9387
3002,2267,9387
2969,2240,9410
2969,2240,9410
2969,2240,9410
2969,2240,9410
2969,2240,9410
2969,2240,9410
2969,2240,9410
2969,2240,9410
2969,2240,9410
2969,2240,9410
2909,2147,9445
2909,2147,9445
2909,2147,9445
2909,2147,9445
2909,2147,9445
2909,2147,9445
2909,2147,9445
2909,2147,9445
2909,2147,9445
2909,2147,9445
2841,2107,9419
2841,2107,9419
2841,2107,9419
2841,2107,9419
2841,2107,9419
2841,2107,9419
2841,2107,9419
2841,2107,9419
2841,2107,9419
2769,2025,9415
2769,2025,9415
2769,2025,9415
2769,2025,9415
2769,2025,9415
2769,2025,9415
2769,2025,9415
2769,2025,9415
2769,2025,9415
2940,1952,9329
2940,1952,9329
2940,1952,9329
2940,1952,9329
2940,1952,9329
2940,1952,9329
2940,1952,9329
2940,1952,9329
2944,1870,9331
2944,1870,9331
2944,1870,9331
2944,1870,9331
2944,1870,9331
2944,1870,9331
2944,1870,9331
2944,1870,9331
2944,1870,9331
2844,1719,9278
2844,1719,9278
2844,1719,9278
2844,1719,9278
2844,1719,9278
2844,1719,9278
2844,1719,9278
2844,1719,9278
2844,1719,9278
2844,1650,9291
2879,1650,9291
2879,1650,9291
2879,1650,9291
2879,1650,9291
2879,1650,9291
2879,1650,9291
2879,1650,9291
2879,1650,9291
2879,1650,9291
2874,1574,9212
2874,1574,9212
2874,1574,9212
2874,1574,9212
2874,1574,9212
2874,1574,9212
2874,1574,9212
2874,1574,9212
2874,1574,9212
2901,1481,9155
2901,1481,9155
2901,1481,9155
2901,1481,9155
2901,1481,9155
2901,1481,9155
2901,1481,9155
2901,1481,9155
2901,1481,9155
2812,1351,9144
2812,1351,9144
2812,1351,9144
2812,1351,9144
2812,1351,9144
2812,1351,9144
2812,1351,9144
2812,1351,9144
2812,1351,9144
2599,1258,9142
2599,1258,9142
2599,1258,9142
2599,1258,9142
2599,1258,9142
2599,1258,9142
2599,1258,9142
2599,1258,9142
2599,1258,9142
2404,1304,9207
2404,1304,9207
2404,1304,9207
2404,1304,9207
2404,1304,9207
2404,1304,9207
2404,1304,9207
2404,1304,9207
2404,1304,9207
2333,1451,9280
2333,1451,9280
2333,1451,9280
2333,1451,9280
2333,1451,9280
2333,1451,9280
2333,1451,9280
2333,1451,9280
2333,1451,9280
2333,1451,9280
2282,1550,9347
2282,1550,9347
2282,1550,9347
2282,1550,9347
2282,1550,9347
2282,1550,9347
2282,1550,9347
2282,1550,9347
2282,1550,9347
2116,1672,9446
2116,1672,9446
2116,1672,9446
2116,1672,9446
2116,1672,9446
2116,1672,9446
2116,1672,9446
2116,1672,9446
2116,1672,9446
2188,1701,9478
2188,1701,9478
2188,1701,9478
2188,1701,9478
2188,1701,9478
2188,1701,9478
2188,1701,9478
2188,1701,9478
2188,1701,9478
2191,1592,9487
2191,1592,9487
2191,1592,9487
2191,1592,9487
2191,1592,9487
2191,1592,9487
2191,1592,9487
2191,1592,9487
2191,1592,9487
2123,1555,9377
2123,1555,9377
2123,1555,9377
2123,1555,9377
2123,1555,9377
2123,1555,9377
2123,1555,9377
2123,1555,9377
2123,1555,9377
1961,1432,9404
1961,1432,9404
1961,1432,9404
1961,1432,9404
1961,1432,9404
1961,1432,9404
1961,1432,9404
1961,1432,9404
1961,1432,9404
1859,1359,9359
1859,1359,9359
1859,1359,9359
1859,1359,9359
1859,1359,9359
1859,1359,9359
1859,1359,9359
1859,1359,9359
1859,1359,9359
1843,1331,9369
1843,1331,9369
1843,1331,9369
1843,1331,9369
1843,1331,9369
1843,1331,9369
1843,1331,9369
1843,1331,9369
1843,1331,9369
1728,1286,9365
1728,1286,9365
1728,1286,9365
1728,1286,9365
1728,1286,9365
1728,1286,9365
1728,1286,9365
1728,1286,9365
1728,1286,9365
1728,1286,9365
1531,1280,9302
1531,1280,9302
1531,1280,9302
1531,1280,9302
1531,1280,9302
1528,1267,9370
1528,1267,9370
1528,1267,9370
1528,1267,9370
1528,1267,9370
1528,1267,9370
1528,1267,9370
1528,1267,9370
1563,1283,9305
1563,1283,9305
1563,1283,9305
1563,1283,9305
1563,1283,9305
1563,1283,9305
1563,1283,9305
1563,1283,9305
1526,1258,9351
1526,1258,9351
1526,1258,9351
1526,1258,9351
1526,1258,9351
1526,1258,9351
1526,1258,9351
1526,1258,9351
1526,1258,9351
1526,1258,9351
1499,1316,9355
1499,1316,9355
1499,1316,9355
1499,1316,9355
1499,1316,9355
1499,1316,9355
1499,1316,9355
1499,1316,9355
1499,1316,9355
1473,1368,9373
1473,1368,9373
1473,1368,9373
1473,1368,9373
1473,1368,9373
1473,1368,9373
1473,1368,9373
1473,1368,9373
1473,1368,9373
1559,1374,9391
1559,1374,9391
1559,1374,9391
1559,1374,9391
1559,1374,9391
1559,1374,9391
1559,1374,9391
1559,1374,9391
1559,1374,9391
1589,1490,9474
1589,1490,9474
1589,1490,9474
1589,1490,9474
1589,1490,9474
1589,1490,9474
1589,1490,9474
1589,1490,9474
1589,1490,9474
1558,1485,9470
1558,1485,9470
1558,1485,9470
1558,1485,9470
1558,1485,9470
1558,1485,9470
1558,1485,9470
1558,1485,9470
1558,1485,9470
1491,1459,9463
1491,1459,9463
1491,1459,9463
1491,1459,9463
1491,1459,9463
1491,1459,9463
1491,1459,9463
1491,1459,9463
1491,1459,9463
1461,1381,9449
1461,1381,9449
1461,1381,9449
1461,1381,9449
1461,1381,9449
1461,1381,9449
1461,1381,9449
1461,1381,9449
1461,1381,9449
1436,1326,9352
1436,1326,9352
1436,1326,9352
1436,1326,9352
1436,1326,9352
1436,1326,9352
1436,1326,9352
1436,1326,9352
1436,1326,9352
1436,1326,9352
1409,1300,9369
1409,1300,9369
1409,1300,9369
1409,1300,9369
1409,1300,9369
1409,1300,9369
1409,1300,9369
1409,1300,9369
1409,1300,9369
1436,1343,9396
1436,1343,9396
1436,1343,9396
281,2045,9366
281,2045,9366
281,2045,9366
281,2045,9366
281,2045,9366
303,2049,9390
303,2049,9390
303,2049,9390
303,2049,9390
303,2049,9390
303,2049,9390
303,2049,9390
303,2049,9390
303,2049,9390
303,2049,9390
269,2002,9346
269,2002,9346
269,2002,9346
269,2002,9346
269,2002,9346
269,2002,9346
269,2002,9346
269,2002,9346
269,2002,9346
259,1974,9306
259,1974,9306
259,1974,9306
259,1974,9306
259,1974,9306
259,1974,9306
259,1974,9306
259,1974,9306
256,1997,9411
256,1997,9411
256,1997,9411
256,1997,9411
256,1997,9411
256,1997,9411
256,1997,9411
256,1997,9411
256,1997,9411
211,2023,9354
211,2023,9354
211,2023,9354
211,2023,9354
211,2023,9354
211,2023,9354
211,2023,9354
211,2023,9354
211,2023,9354
211,2023,9354
217,1980,9297
217,1980,9297
217,1980,9297
217,1980,9297
217,1980,9297
217,1980,9297
217,1980,9297
217,1980,9297
217,1980,9297
202,1941,9261
202,1941,9261
202,1941,9261
202,1941,9261
202,1941,9261
202,1941,9261
202,1941,9261
202,1941,9261
202,1941,9261
219,1833,9290
219,1833,9290
219,1833,9290
219,1833,9290
219,1833,9290
219,1833,9290
219,1833,9290
219,1833,9290
219,1833,9290
242,1766,9281
242,1766,9281
242,1766,9281
242,1766,9281
242,1766,9281
242,1766,9281
242,1766,9281
242,1766,9281
242,1766,9281
373,1751,9315
373,1751,9315
373,1751,9315
373,1751,9315
373,1751,9315
373,1751,9315
373,1751,9315
373,1751,9315
373,1751,9315
373,1751,9315
478,1759,9303
478,1759,9303
478,1759,9303
478,1759,9303
478,1759,9303
478,1759,9303
478,1759,9303
478,1759,9303
478,1759,9303
521,1774,9354
521,1774,9354
521,1774,9354
521,1774,9354
521,1774,9354
521,1774,9354
521,1774,9354
521,1774,9354
521,1774,9354
471,1749,9302
471,1749,9302
471,1749,9302
471,1749,9302
471,1749,9302
471,1749,9302
471,1749,9302
471,1749,9302
471,1749,9302
339,1698,9222
339,1698,9222
339,1698,9222
339,1698,9222
339,1698,9222
339,1698,9222
339,1698,9222
339,1698,9222
321,1595,9210
321,1595,9210
321,1595,9210
321,1595,9210
321,1595,9210
321,1595,9210
321,1595,9210
321,1595,9210
321,1595,9210
529,1473,9248
529,1473,9248
529,1473,9248
529,1473,9248
529,1473,9248
529,1473,9248
529,1473,9248
529,1473,9248
529,1473,9248
687,1432,9244
687,1432,9244
687,1432,9244
687,1432,9244
687,1432,9244
687,1432,9244
687,1432,9244
687,1432,9244
687,1432,9244
687,1432,9244
721,1396,9228
721,1396,9228
721,1396,9228
721,1396,9228
721,1396,9228
721,1396,9228
721,1396,9228
721,1396,9228
721,1396,9228
732,1421,9280
732,1421,9280
732,1421,9280
732,1421,9280
732,1421,9280
732,1421,9280
732,1421,9280
732,1421,9280
732,1421,9280
732,1421,9280
747,1405,9222
747,1405,9222
747,1405,9222
747,1405,9222
747,1405,9222
747,1405,9222
747,1405,9222
747,1405,9222
747,1405,9222
660,1320,9172
660,1320,9172
660,1320,9172
660,1320,9172
660,1320,9172
660,1320,9172
660,1320,9172
660,1320,9172
660,1320,9172
753,1216,9140
753,1216,9140
753,1216,9140
753,1216,9140
753,1216,9140
753,1216,9140
753,1216,9140
753,1216,9140
753,1216,9140
903,1310,9208
903,1310,9208
903,1310,9208
903,1310,9208
903,1310,9208
903,1310,9208
903,1310,9208
903,1310,9208
903,1310,9208
1115,1354,9284
1115,1354,9284
1115,1354,9284
1115,1354,9284
1115,1354,9284
1115,1354,9284
1115,1354,9284
1115,1354,9284
1301,1316,9264
1301,1316,9264
1301,1316,9264
1301,1316,9264
1301,1316,9264
1301,1316,9264
1301,1316,9264
1301,1316,9264
1301,1316,9264
1533,1322,9278
1533,1322,9278
1533,1322,9278
1533,1322,9278
1533,1322,9278
1533,1322,9278
1533,1322,9278
1533,1322,9278
1533,1322,9278
1775,1342,9323
1775,1342,9323
1775,1342,9323
1775,1342,9323
1775,1342,9323
1775,1342,9323
1775,1342,9323
1775,1342,9323
1775,1342,9323
1775,1351,9333
1966,1351,9333
1966,1351,9333
1966,1351,9333
1966,1351,9333
1966,1351,9333
1966,1351,9333
1966,1351,9333
1966,1351,9333
1966,1351,9333
2109,1368,9282
2109,1368,9282
2109,1368,9282
2109,1368,9282
2109,1368,9282
2109,1368,9282
2109,1368,9282
2109,1368,9282
2312,1354,9268
2312,1354,9268
2312,1354,9268
2312,1354,9268
2480,1316,9214
2480,1316,9214
2480,1316,9214
2480,1316,9214
2480,1316,9214
2480,1316,9214
2480,1316,9214
2480,1316,9214
2480,1316,9214
2480,1316,9214
2617,1281,9184
2617,1281,9184
2617,1281,9184
2617,1281,9184
2617,1281,9184
2617,1281,9184
2617,1281,9184
2617,1281,9184
2617,1281,9184
2818,1301,9101
2818,1301,9101
2818,1301,9101
2818,1301,9101
2818,1301,9101
2818,1301,9101
2818,1301,9101
2818,1301,9101
2818,1301,9101
2818,1301,9101
2976,1298,9057
2976,1298,9057
2976,1298,9057
2976,1298,9057
2976,1298,9057
2976,1298,9057
2976,1298,9057
2976,1298,9057
3168,1320,9008
3168,1320,9008
3168,1320,9008
3168,1320,9008
3168,1320,9008
3168,1320,9008
3168,1320,9008
3168,1320,9008
3168,1320,9008
3382,1296,8865
3382,1296,8865
3382,1296,8865
3382,1296,8865
3382,1296,8865
3382,1296,8865
3382,1296,8865
3382,1296,8865
3382,1296,8865
3551,1324,8737
3551,1324,8737
3551,1324,8737
3551,1324,8737
3551,1324,8737
3551,1324,8737
3551,1324,8737
3551,1324,8737
3551,1324,8737
3694,1319,8651
3694,1319,8651
3694,1319,8651
3694,1319,8651
3694,1319,8651
3694,1319,8651
3694,1319,8651
3694,1319,8651
3694,1319,8651
3694,1310,8545
3832,1310,8545
3832,1310,8545
3832,1310,8545
3832,1310,8545
3832,1310,8545
3832,1310,8545
3832,1310,8545
3832,1310,8545
3832,1310,8545
4010,1358,8456
4010,1358,8456
4010,1358,8456
4010,1358,8456
4010,1358,8456
4010,1358,8456
4010,1358,8456
4010,1358,8456
4010,1358,8456
4091,1350,8321
4091,1350,8321
4091,1350,8321
4091,1350,8321
4091,1350,8321
4091,1350,8321
4091,1350,8321
4091,1350,8321
4091,1350,8321
4128,1385,8328
4128,1385,8328
4128,1385,8328
4128,1385,8328
4128,1385,8328
4128,1385,8328
4128,1385,8328
4128,1385,8328
4128,1385,8328
4213,1401,8240
4213,1401,8240
4213,1401,8240
4213,1401,8240
4213,1401,8240
4213,1401,8240
4213,1401,8240
4213,1401,8240
4213,1401,8240
4281,1433,8114
4281,1433,8114
4281,1433,8114
4281,1433,8114
4281,1433,8114
4281,1433,8114
4281,1433,8114
4281,1433,8114
4281,1433,8114
4305,1491,8053
4305,1491,8053
4305,1491,8053
4305,1491,8053
4305,1491,8053
4305,1491,8053
4305,1491,8053
4305,1491,8053
4305,1491,8053
4305,1491,8053
4409,1490,7949
4409,1490,7949
4409,1490,7949
4409,1490,7949
4409,1490,7949
4409,1490,7949
4409,1490,7949
4409,1490,7949
4409,1490,7949
4506,1491,7853
4506,1491,7853
4506,1491,7853
4506,1491,7853
4506,1491,7853
4506,1491,7853
4506,1491,7853
4506,1491,7853
4506,1491,7853
4574,1487,7769
4574,1487,7769
4574,1487,7769
4574,1487,7769
4574,1487,7769
4574,1487,7769
4574,1487,7769
4574,1487,7769
4574,1487,7769
4715,1531,7534
4715,1531,7534
4715,1531,7534
4715,1531,7534
4715,1531,7534
4715,1531,7534
4715,1531,7534
4715,1531,7534
4715,1531,7534
4752,1537,7437
4752,1537,7437
4752,1537,7437
4752,1537,7437
4752,1537,7437
4752,1537,7437
4752,1537,7437
4752,1537,7437
4752,1537,7437
4801,1566,7333
4801,1566,7333
4801,1566,7333
4801,1566,7333
4801,1566,7333
4801,1566,7333
4801,1566,7333
4801,1566,7333
4801,1566,7333
4871,1599,7244
4871,1599,7244
4871,1599,7244
4871,1599,7244
4871,1599,7244
4871,1599,7244
4871,1599,7244
4871,1599,7244
4871,1599,7244
4871,1599,7244
4850,1591,7198
4850,1591,7198
4850,1591,7198
4850,1591,7198
4850,1591,7198
4850,1591,7198
4850,1591,7198
4850,1591,7198
4850,1591,7198
4844,1587,7270
4844,1587,7270
4844,1587,7270
4844,1587,7270
4844,1587,7270
4844,1587,7270
4844,1587,7270
4821,1562,7238
4821,1562,7238
4821,1562,7238
4821,1562,7238
4821,1562,7238
4821,1562,7238
4821,1562,7238
4821,1562,7238
4821,1562,7238
4821,1562,7238
4782,1414,7183
4782,1414,7183
4782,1414,7183
4782,1414,7183
4782,1414,7183
4782,1414,7183
4782,1414,7183
4782,1414,7183
4782,1414,7183
4757,1334,7321
4757,1334,7321
4757,1334,7321
4757,1334,7321
4757,1334,7321
4757,1334,7321
4757,1334,7321
4757,1334,7321
4757,1334,7321
4757,1334,7321
4764,1435,7255
4764,1435,7255
4764,1435,7255
4764,1435,7255
4764,1435,7255
4764,1435,7255
4837,1483,7165
4837,1483,7165
4837,1483,7165
4853,1547,7022
4853,1547,7022
4853,1547,7022
4853,1547,7022
4853,1547,7022
4853,1547,7022
4853,1547,7022
4853,1547,7022
4853,1547,7022
4902,1548,6955
4902,1548,6955
4902,1548,6955
4902,1548,6955
4902,1548,6955
4902,1548,6955
4902,1548,6955
4902,1548,6955
4902,1548,6955
4931,1534,6857
4931,1534,6857
4931,1534,6857
4931,1534,6857
4931,1534,6857
4931,1534,6857
4931,1534,6857
4931,1534,6857
4931,1534,6857
4943,1591,6793
4943,1591,6793
4943,1591,6793
4943,1591,6793
4943,1591,6793
4943,1591,6793
4943,1591,6793
4943,1591,6793
4943,1591,6793
4943,1591,6793
4943,1596,6658
4943,1596,6658
4943,1596,6658
4943,1596,6658
4943,1596,6658
4943,1596,6658
4943,1596,6658
4943,1596,6658
4966,1595,6527
4966,1595,6527
4966,1595,6527
4966,1595,6527
4966,1595,6527
4966,1595,6527
4966,1595,6527
4966,1595,6527
4966,1595,6527
4966,1595,6527
4959,1594,6425
4959,1594,6425
4959,1594,6425
4959,1594,6425
4959,1594,6425
4959,1594,6425
4959,1594,6425
4959,1594,6425
4959,1594,6425
4971,1607,6292
4971,1607,6292
4971,1607,6292
4971,1607,6292
4971,1607,6292
4971,1607,6292
4971,1607,6292
4971,1607,6292
4971,1607,6292
4994,1669,6174
4994,1669,6174
4994,1669,6174
4994,1669,6174
4994,1669,6174
4994,1669,6174
4994,1669,6174
4994,1669,6174
4994,1669,6174
4980,1698,6092
4980,1698,6092
4980,1698,6092
4980,1698,6092
4980,1698,6092
4980,1698,6092
4980,1698,6092
4980,1698,6092
4980,1698,6092
5002,1781,5972
5002,1781,5972
5002,1781,5972
5002,1781,5972
5002,1781,5972
5002,1781,5972
5002,1781,5972
5002,1781,5972
5002,1781,5972
5020,1882,5906
5020,1882,5906
5020,1882,5906
5020,1882,5906
5020,1882,5906
5020,1882,5906
5020,1882,5906
5020,1882,5906
5020,1882,5906
5022,1937,5859
5022,1937,5859
5022,1937,5859
5022,1937,5859
5022,1937,5859
5022,1937,5859
5022,1937,5859
5022,1937,5859
5022,1937,5859
5022,1937,5859
5022,2027,5737
5022,2027,5737
5022,2027,5737
5022,2027,5737
5022,2027,5737
5022,2027,5737
5022,2027,5737
5022,2027,5737
5022,2027,5737
4999,2131,5709
4999,2131,5709
4999,2131,5709
4999,2131,5709
4999,2131,5709
4999,2131,5709
4999,2131,5709
4999,2131,5709
4999,2131,5709
5030,2244,5606
5030,2244,5606
5030,2244,5606
5030,2244,5606
5030,2244,5606
5030,2244,5606
5030,2244,5606
5030,2244,5606
5015,2356,5544
5015,2356,5544
5015,2356,5544
5015,2356,5544
5015,2356,5544
5015,2356,5544
5015,2356,5544
5015,2356,5544
5015,2356,5544
4997,2461,5506
4997,2461,5506
4997,2461,5506
4997,2461,5506
4997,2461,5506
4997,2461,5506
4997,2461,5506
4997,2461,5506
4997,2461,5506
4997,2461,5506
5025,2506,5494
5025,2506,5494
5025,2506,5494
5025,2506,5494
5025,2506,5494
5025,2506,5494
5025,2506,5494
5025,2506,5494
5025,2506,5494
5046,2615,5435
5046,2615,5435
5046,2615,5435
5046,2615,5435
5046,2615,5435
5046,2615,5435
5046,2615,5435
5046,2615,5435
5046,2615,5435
5063,2687,5391
5063,2687,5391
5063,2687,5391
5063,2687,5391
5063,2687,5391
5063,2687,5391
5063,2687,5391
5063,2687,5391
5063,2687,5391
5063,2687,5391
5069,2772,5445
5069,2772,5445
5069,2772,5445
5069,2772,5445
5069,2772,5445
5069,2772,5445
5069,2772,5445
5069,2772,5445
5069,2772,5445
5065,2890,5458
5065,2890,5458
5065,2890,5458
5065,2890,5458
5065,2890,5458
5065,2890,5458
5065,2890,5458
5065,2890,5458
5065,2890,5458
5090,2941,5494
5090,2941,5494
5090,2941,5494
5090,2941,5494
5090,2941,5494
5090,2941,5494
5090,2941,5494
5090,2941,5494
5090,2941,5494
5054,3080,5478
5054,3080,5478
5054,3080,5478
5054,3080,5478
5054,3080,5478
5054,3080,5478
5054,3080,5478
5054,3080,5478
5054,3080,5478
5053,3210,5415
5053,3210,5415
5053,3210,5415
5053,3210,5415
5053,3210,5415
5053,3210,5415
5053,3210,5415
5053,3210,5415
5053,3354,5378
5027,3354,5378
5027,3354,5378
5027,3354,5378
5027,3354,5378
5027,3354,5378
5027,3354,5378
5027,3354,5378
5027,3354,5378
5027,3354,5378
5028,3429,5454
5028,3429,5454
5028,3429,5454
5028,3429,5454
5028,3429,5454
5028,3429,5454
5028,3429,5454
5025,3550,5536
5025,3550,5536
5025,3550,5536
5025,3550,5536
5025,3550,5536
5025,3550,5536
5053,3688,5572
5053,3688,5572
5053,3688,5572
5053,3688,5572
5053,3688,5572
5053,3688,5572
5053,3688,5572
5053,3688,5572
5053,3688,5572
5053,3688,5572
5023,3732,5647
5023,3732,5647
5023,3732,5647
5023,3732,5647
5023,3732,5647
5023,3732,5647
5023,3732,5647
5023,3732,5647
5023,3732,5647
5015,3843,5773
5015,3843,5773
5015,3843,5773
5015,3843,5773
5015,3843,5773
5015,3843,5773
5015,3843,5773
5015,3843,5773
5015,3843,5773
5065,3908,5887
5065,3908,5887
5065,3908,5887
5065,3908,5887
5065,3908,5887
5065,3908,5887
5065,3908,5887
5065,3908,5887
5065,3908,5887
5046,3983,5967
5046,3983,5967
5046,3983,5967
5046,3983,5967
5046,3983,5967
5046,3983,5967
5046,3983,5967
5046,3983,5967
5046,3983,5967
5034,4072,6145
5034,4072,6145
5034,4072,6145
5034,4072,6145
5034,4072,6145
5034,4072,6145
5034,4072,6145
5034,4072,6145
5034,4072,6145
5034,4072,6145
5017,4067,6247
5017,4067,6247
5017,4067,6247
5017,4067,6247
5017,4067,6247
5017,4067,6247
5017,4067,6247
5039,4115,6375
5039,4115,6375
5039,4115,6375
5039,4115,6375
5039,4115,6375
5039,4115,6375
5039,4115,6375
5039,4115,6375
5039,4115,6375
5039,4115,6375
4999,4198,6459
4999,4198,6459
4999,4198,6459
4999,4198,6459
4999,4198,6459
4999,4198,6459
4999,4198,6459
4999,4198,6459
4999,4198,6459
4999,4198,6459
4959,4249,6614
4959,4249,6614
4959,4249,6614
4959,4249,6614
4959,4249,6614
4959,4249,6614
4959,4249,6614
4959,4249,6614
4959,4249,6614
4968,4249,6703
4968,4249,6703
4968,4249,6703
4968,4249,6703
4968,4249,6703
4968,4249,6703
4968,4249,6703
4968,4249,6703
4968,4249,6703
4923,4225,6953
4923,4225,6953
4923,4225,6953
4923,4225,6953
4923,4225,6953
4923,4225,6953
4923,4225,6953
4923,4225,6953
4923,4225,6953
4910,4194,7105
4910,4194,7105
4910,4194,7105
4910,4194,7105
4910,4194,7105
4910,4194,7105
4910,4194,7105
4910,4194,7105
4910,4194,7105
4862,4121,7263
4862,4121,7263
4862,4121,7263
4862,4121,7263
4862,4121,7263
4862,4121,7263
4862,4121,7263
4862,4121,7263
4862,4121,7263
4888,4073,7387
4888,4073,7387
4888,4073,7387
4888,4073,7387
4888,4073,7387
4888,4073,7387
4888,4073,7387
4888,4073,7387
4888,4073,7387
4888,4073,7387
4861,3925,7551
4861,3925,7551
4861,3925,7551
4861,3925,7551
4861,3925,7551
4861,3925,7551
4861,3925,7551
4861,3925,7551
4861,3925,7551
4853,3759,7625
4853,3759,7625
4853,3759,7625
4853,3759,7625
4853,3759,7625
4853,3759,7625
4853,3759,7625
4853,3759,7625
4850,3667,7718
4850,3667,7718
4850,3667,7718
4850,3667,7718
4850,3667,7718
4850,3667,7718
4850,3667,7718
4850,3667,7718
4850,3667,7718
4859,3548,7753
4859,3548,7753
4859,3548,7753
4859,3548,7753
4859,3548,7753
4859,3548,7753
4859,3548,7753
4859,3548,7753
4859,3548,7753
4891,3449,7785
4891,3449,7785
4891,3449,7785
4891,3449,7785
4891,3449,7785
4891,3449,7785
4891,3449,7785
4891,3449,7785
4891,3449,7785
4891,3449,7785
4868,3294,7875
4868,3294,7875
4868,3294,7875
4868,3294,7875
4868,3294,7875
4868,3294,7875
4868,3294,7875
4868,3294,7875
4868,3294,7875
4815,3142,7899
4815,3142,7899
4815,3142,7899
4815,3142,7899
4815,3142,7899
4815,3142,7899
4815,3142,7899
4815,3142,7899
4815,3142,7899
4815,3142,7899
4852,2991,7943
4852,2991,7943
4852,2991,7943
4852,2991,7943
4852,2991,7943
4852,2991,7943
4852,2991,7943
4852,2991,7943
4852,2991,7943
4836,2837,7973
4836,2837,7973
4836,2837,7973
4836,2837,7973
4836,2837,7973
4836,2837,7973
4836,2837,7973
4836,2837,7973
4836,2837,7973
4831,2717,7945
4831,2717,7945
4831,2717,7945
4831,2717,7945
4831,2717,7945
4831,2717,7945
4831,2717,7945
4831,2717,7945
4831,2717,7945
4848,2558,7924
4848,2558,7924
4848,2558,7924
4848,2558,7924
4848,2558,7924
4848,2558,7924
4848,2558,7924
4848,2558,7924
4848,2558,7924
4883,2428,7886
4883,2428,7886
4883,2428,7886
4883,2428,7886
4883,2428,7886
4883,2428,7886
4883,2428,7886
4883,2428,7886
4883,2428,7923
4805,2283,7923
4805,2283,7923
4805,2283,7923
4838,2111,7861
4838,2111,7861
4838,2111,7861
4838,2111,7861
4838,2111,7861
4838,2111,7861
4838,2111,7861
4838,2111,7861
4838,2111,7861
4838,2111,7861
4903,2039,7789
4903,2039,7789
4903,2039,7789
4903,2039,7789
4903,2039,7789
4903,2039,7789
4903,2039,7789
4903,2039,7789
4903,2039,7789
4891,1948,7664
4891,1948,7664
4891,1948,7664
4891,1948,7664
4891,1948,7664
4891,1948,7664
4891,1948,7664
4891,1948,7664
4891,1948,7664
4901,1874,7607
4901,1874,7607
4901,1874,7607
4901,1874,7607
4901,1874,7607
4901,1874,7607
4901,1874,7607
4901,1874,7607
4901,1874,7607
4901,1785,7444
4932,1785,7444
4932,1785,7444
4932,1785,7444
4932,1785,7444
4932,1785,7444
4932,1785,7444
4932,1785,7444
4932,1785,7444
4932,1785,7444
4951,1775,7273
4951,1775,7273
4951,1775,7273
4951,1775,7273
4951,1775,7273
4951,1775,7273
4951,1775,7273
4951,1775,7273
4951,1775,7273
4993,1633,7115
4993,1633,7115
4993,1633,7115
4993,1633,7115
4993,1633,7115
4993,1633,7115
4993,1633,7115
4993,1633,7115
4993,1633,7115
5018,1635,6858
5018,1635,6858
5018,1635,6858
5018,1635,6858
5018,1635,6858
5018,1635,6858
5018,1635,6858
5018,1635,6858
5018,1635,6858
5023,1599,6655
5023,1599,6655
5023,1599,6655
5023,1599,6655
5023,1599,6655
5023,1599,6655
5023,1599,6655
5023,1599,6655
5045,1642,6550
5045,1642,6550
5045,1642,6550
5045,1642,6550
5045,1642,6550
5045,1642,6550
5045,1642,6550
5045,1642,6550
5045,1642,6550
5030,1664,6420
5030,1664,6420
5030,1664,6420
5030,1664,6420
5030,1664,6420
5030,1664,6420
5030,1664,6420
5030,1664,6420
5030,1664,6420
5030,1664,6420
5000,1634,6301
5000,1634,6301
5000,1634,6301
5000,1634,6301
5000,1634,6301
5000,1634,6301
5000,1634,6301
5000,1634,6301
4979,1615,6147
4979,1615,6147
4979,1615,6147
4979,1615,6147
4979,1615,6147
4979,1615,6147
4979,1615,6147
4979,1615,6147
4979,1615,6147
4979,1615,6147
4970,1686,6022
4970,1686,6022
4970,1686,6022
4970,1686,6022
4970,1686,6022
4970,1686,6022
4970,1686,6022
4970,1686,6022
4970,1686,6022
4970,1686,6022
5006,1693,5967
5006,1693,5967
5006,1693,5967
5006,1693,5967
5006,1693,5967
5006,1693,5967
5006,1693,5967
5006,1693,5967
5006,1693,5967
4946,1752,5864
4946,1752,5864
4946,1752,5864
4946,1752,5864
4946,1752,5864
4946,1752,5864
4946,1752,5864
4946,1752,5864
4946,1752,5864
4995,1791,5731
4995,1791,5731
4995,1791,5731
4995,1791,5731
4995,1791,5731
4995,1791,5731
4995,1791,5731
4995,1791,5731
4995,1791,5731
4959,1915,5616
4959,1915,5616
4959,1915,5616
4959,1915,5616
4959,1915,5616
4959,1915,5616
4959,1915,5616
4959,1915,5616
4959,1915,5616
4943,1975,5500
4943,1975,5500
4943,1975,5500
4943,1975,5500
4943,1975,5500
4943,1975,5500
4943,1975,5500
4943,1975,5500
4943,1975,5500
4943,1975,5500
4967,2123,5424
4967,2123,5424
4967,2123,5424
4967,2123,5424
4967,2123,5424
4967,2123,5424
4967,2123,5424
4967,2123,5424
4941,2207,5310
4941,2207,5310
4941,2207,5310
4941,2207,5310
4941,2207,5310
4941,2207,5310
4941,2207,5310
4941,2207,5310
4941,2207,5310
4976,2279,5260
4976,2279,5260
4976,2279,5260
4976,2279,5260
4976,2279,5260
4976,2279,5260
4976,2279,5260
4976,2279,5260
4976,2279,5260
4960,2325,5247
4960,2325,5247
4960,2325,5247
4960,2325,5247
4960,2325,5247
4960,2325,5247
4960,2325,5247
4960,2325,5247
4960,2325,5247
4984,2391,5206
4984,2391,5206
4984,2391,5206
4984,2391,5206
4984,2391,5206
4984,2391,5206
4984,2391,5206
4984,2391,5206
4984,2391,5206
4984,2391,5206
5016,2491,5224
5016,2491,5224
5016,2491,5224
5016,2491,5224
5016,2491,5224
5016,2491,5224
5016,2491,5224
5016,2491,5224
5038,2553,5342
5038,2553,5342
5038,2553,5342
5038,2553,5342
5038,2553,5342
5038,2553,5342
5038,2553,5342
5038,2553,5342
5038,2553,5342
5038,2553,5342
5052,2666,5375
5052,2666,5375
5052,2666,5375
5052,2666,5375
5052,2666,5375
5052,2666,5375
5052,2666,5375
5052,2666,5375
5052,2666,5375
5052,2666,5375
5105,2761,5441
5105,2761,5441
5105,2761,5441
5105,2761,5441
5105,2761,5441
5105,2761,5441
5105,2761,5441
5105,2761,5441
5107,2867,5503
5107,2867,5503
5107,2867,5503
5107,2867,5503
5107,2867,5503
5113,2945,5602
5113,2945,5602
5113,2945,5602
5113,2945,5602
5113,2945,5602
5113,2945,5602
5113,2945,5602
5113,2945,5602
5160,3096,5644
5160,3096,5644
5160,3096,5644
5160,3096,5644
5160,3096,5644
5160,3096,5644
5160,3096,5644
5160,3096,5644
5160,3096,5644
5167,3150,5742
5167,3150,5742
5167,3150,5742
5167,3150,5742
5167,3150,5742
5167,3150,5742
5167,3150,5742
5167,3150,5742
5167,3150,5742
5190,3213,5795
5190,3213,5795
5190,3213,5795
5190,3213,5795
5190,3213,5795
5190,3213,5795
5190,3213,5795
5190,3213,5795
5190,3213,5795
5191,3265,5833
5191,3265,5833
5191,3265,5833
5191,3265,5833
5191,3265,5833
5191,3265,5833
5191,3265,5833
5191,3265,5833
5191,3265,5833
5191,3265,5833
5160,3380,5974
5160,3380,5974
5160,3380,5974
5160,3380,5974
5160,3380,5974
5160,3380,5974
5160,3380,5974
5160,3380,5974
5160,3447,6019
5196,3447,6019
5196,3447,6019
5196,3447,6019
5196,3447,6019
5196,3447,6019
5196,3447,6019
5196,3447,6019
5196,3447,6019
5196,3447,6019
5186,3540,6090
5186,3540,6090
5186,3540,6090
5186,3540,6090
5186,3540,6090
5186,3540,6090
5186,3540,6090
5186,3540,6090
5186,3540,6090
5186,3540,6090
5179,3592,6220
5179,3592,6220
5179,3592,6220
5179,3592,6220
5179,3592,6220
5179,3592,6220
5179,3592,6220
5179,3592,6220
5179,3592,6220
5164,3691,6265
5164,3691,6265
5164,3691,6265
5164,3691,6265
5164,3691,6265
5164,3691,6265
5164,3691,6265
5164,3691,6265
5164,3691,6265
5111,3805,6402
5111,3805,6402
5111,3805,6402
5111,3805,6402
5111,3805,6402
5111,3805,6402
5111,3805,6402
5111,3805,6402
5111,3805,6402
5075,3896,6469
5075,3896,6469
5075,3896,6469
5075,3896,6469
5075,3896,6469
5075,3896,6469
5075,3896,6469
5075,3896,6469
5075,3896,6469
5046,4026,6621
5046,4026,6621
5046,4026,6621
5046,4026,6621
5046,4026,6621
5046,4026,6621
5046,4026,6621
5046,4026,6621
5046,4026,6621
5039,4092,6707
5039,4092,6707
5039,4092,6707
5039,4092,6707
5039,4092,6707
5039,4092,6707
5039,4092,6707
5039,4092,6707
5039,4092,6707
4994,4119,6774
4994,4119,6774
4994,4119,6774
4994,4119,6774
4994,4119,6774
4994,4119,6774
4994,4119,6774
4994,4119,6774
4994,4119,6774
4944,4160,6929
4944,4160,6929
4944,4160,6929
4944,4160,6929
4944,4160,6929
4944,4160,6929
4944,4160,6929
4944,4160,6929
4944,4160,6929
4907,4197,7180
4907,4197,7180
4907,4197,7180
4907,4197,7180
4907,4197,7180
4907,4197,7180
4907,4197,7180
4907,4197,7180
4907,4197,7180
4907,4197,7208
4860,4173,7208
4860,4173,7208
4860,4173,7208
4860,4173,7208
4860,4173,7208
4860,4173,7208
4860,4173,7208
4860,4173,7208
4860,4173,7208
4802,4236,7343
4802,4236,7343
4802,4236,7343
4802,4236,7343
4802,4236,7343
4802,4236,7343
4802,4236,7343
4802,4236,7343
4802,4236,7343
4779,4278,7486
4779,4278,7486
4779,4278,7486
4779,4278,7486
4779,4278,7486
4779,4278,7486
4779,4278,7486
4779,4278,7486
4779,4278,7486
4708,4254,7645
4708,4254,7645
4708,4254,7645
4708,4254,7645
4708,4254,7645
4708,4254,7645
4708,4254,7645
4708,4254,7645
4708,4254,7645
4666,4207,7829
4666,4207,7829
4666,4207,7829
4666,4207,7829
4666,4207,7829
4666,4207,7829
4666,4207,7829
4666,4207,7829
4666,4207,7829
4533,4178,7915
4533,4178,7915
4533,4178,7915
4533,4178,7915
4533,4178,7915
4533,4178,7915
4533,4178,7915
4533,4178,7915
4533,4178,7915
4518,4101,8022
4518,4101,8022
4518,4101,8022
4518,4101,8022
4518,4101,8022
4518,4101,8022
4518,4101,8022
4518,4101,8022
4518,4101,8022
4486,3999,8136
4486,3999,8136
4486,3999,8136
4486,3999,8136
4486,3999,8136
4486,3999,8136
4486,3999,8136
4486,3999,8136
4486,3999,8136
4475,3888,8276
4475,3888,8276
4475,3888,8276
4475,3888,8276
4475,3888,8276
4475,3888,8276
4475,3888,8276
4475,3888,8276
4475,3888,8276
4475,3888,8276
4405,3870,8347
4405,3870,8347
4405,3870,8347
4405,3870,8347
4405,3870,8347
4405,3870,8347
4405,3870,8347
4405,3870,8347
4405,3870,8347
4336,3732,8435
4336,3732,8435
4336,3732,8435
4336,3732,8435
4336,3732,8435
4320,3627,8504
4320,3627,8504
4320,3627,8504
4320,3627,8504
4320,3627,8504
4320,3627,8504
4320,3627,8504
4320,3627,8504
4320,3627,8504
4239,3482,8556
4239,3482,8556
4239,3482,8556
4239,3482,8556
4239,3482,8556
4239,3482,8556
4239,3482,8556
4239,3482,8556
4239,3482,8556
4270,3354,8655
4270,3354,8655
4270,3354,8655
4270,3354,8655
4270,3354,8655
4270,3354,8655
4270,3354,8655
4270,3354,8655
4263,3166,8672
4263,3166,8672
4263,3166,8672
4263,3166,8672
4263,3166,8672
4263,3166,8672
4263,3166,8672
4263,3166,8672
4263,3166,8672
4286,2980,8650
4286,2980,8650
4286,2980,8650
4286,2980,8650
4286,2980,8650
4286,2980,8650
4286,2980,8650
4286,2980,8650
4286,2980,8650
4286,2980,8650
4282,2787,8650
4282,2787,8650
4282,2787,8650
4282,2787,8650
4282,2787,8650
4282,2787,8650
4282,2787,8650
4282,2787,8650
4282,2787,8650
4326,2613,8695
4326,2613,8695
4326,2613,8695
4326,2613,8695
4326,2613,8695
4326,2613,8695
4326,2613,8695
4326,2613,8695
4326,2613,8695
4316,2382,8686
4316,2382,8686
4316,2382,8686
4316,2382,8686
4316,2382,8686
4316,2382,8686
4316,2382,8686
4316,2382,8686
4316,2382,8686
4329,2228,8573
4329,2228,8573
4329,2228,8573
4329,2228,8573
4329,2228,8573
4329,2228,8573
4329,2228,8573
4329,2228,8573
4329,2228,8573
4325,2101,8515
4325,2101,8515
4325,2101,8515
4325,2101,8515
4325,2101,8515
4325,2101,8515
4325,2101,8515
4325,2101,8515
4325,2101,8515
4366,1945,8397
4366,1945,8397
4366,1945,8397
4366,1945,8397
4366,1945,8397
4366,1945,8397
4366,1945,8397
4366,1945,8397
4366,1945,8397
4369,1816,8325
4369,1816,8325
4369,1816,8325
4369,1816,8325
4369,1816,8325
4369,1816,8325
4369,1816,8325
4369,1816,8325
4369,1816,8325
4369,1816,8325
4390,1730,8248
4390,1730,8248
4390,1730,8248
4390,1730,8248
4390,1730,8248
4390,1730,8248
4390,1730,8248
4390,1730,8248
4460,1669,8061
4460,1669,8061
4460,1669,8061
4460,1669,8061
4460,1669,8061
4460,1669,8061
4460,1669,8061
4460,1669,8061
4460,1669,8061
4460,1669,8061
4575,1516,7903
4575,1516,7903
4575,1516,7903
4575,1516,7903
4575,1516,7903
4575,1516,7903
4575,1516,7903
4575,1516,7903
4575,1516,7903
4632,1489,7747
4632,1489,7747
4632,1489,7747
4632,1489,7747
4632,1489,7747
4632,1489,7747
4632,1489,7747
4632,1489,7747
4632,1489,7747
4700,1469,7639
4700,1469,7639
4700,1469,7639
4700,1469,7639
4700,1469,7639
4700,1469,7639
4700,1469,7639
4700,1469,7639
4700,1469,7639
4766,1499,7472
4766,1499,7472
4766,1499,7472
4766,1499,7472
4766,1499,7472
4766,1499,7472
4766,1499,7472
4766,1499,7472
4766,1499,7472
4798,1477,7324
4798,1477,7324
4798,1477,7324
4798,1477,7324
4798,1477,7324
4798,1477,7324
4798,1477,7324
4798,1477,7324
4798,1477,7324
4773,1467,7228
4773,1467,7228
4773,1467,7228
4773,1467,7228
4773,1467,7228
4773,1467,7228
4773,1467,7228
4773,1467,7228
4773,1467,7228
4773,1467,7228
4796,1489,7218
4796,1489,7218
4796,1489,7218
4796,1489,7218
4796,1489,7218
4796,1489,7218
4796,1489,7218
4796,1489,7218
4796,1489,7218
4845,1508,7165
4845,1508,7165
4845,1508,7165
4845,1508,7165
4845,1508,7165
4845,1508,7165
4845,1508,7165
4845,1508,7165
4845,1508,7165
4759,1570,7188
4759,1570,7188
4759,1570,7188
4759,1570,7188
4759,1570,7188
4759,1570,7188
4759,1570,7188
4759,1570,7188
4759,1570,7188
4803,1626,7301
4803,1626,7301
4803,1626,7301
4803,1626,7301
4803,1626,7301
4803,1626,7301
4803,1626,7301
4803,1626,7301
4752,1690,7343
4752,1690,7343
4752,1690,7343
4752,1690,7343
4752,1690,7343
4752,1690,7343
4752,1690,7343
4752,1690,7343
4752,1690,7343
4752,1690,7343
4806,1794,7385
4806,1794,7385
4806,1794,7385
4806,1794,7385
4806,1794,7385
4806,1794,7385
4806,1794,7385
4806,1794,7385
4806,1794,7385
4794,1858,7371
4794,1858,7371
4794,1858,7371
4794,1858,7371
4794,1858,7371
4794,1858,7371
4794,1858,7371
4794,1858,7371
4794,1858,7371
4887,1931,7266
4887,1931,7266
4887,1931,7266
4887,1931,7266
4887,1931,7266
4887,1931,7266
4887,1931,7266
4887,1931,7266
4887,1931,7266
4887,1931,7266
4927,1958,7192
4927,1958,7192
4927,1958,7192
4927,1958,7192
4926,1980,7224
4926,1980,7224
4926,1980,7224
4926,1980,7224
4926,1980,7224
4926,1980,7224
4926,1980,7224
4926,1980,7224
4926,1980,7224
4923,2012,7157
4923,2012,7157
4923,2012,7157
4923,2012,7157
4923,2012,7157
4923,2012,7157
4923,2012,7157
4923,2012,7157
4923,2012,7157
4963,2130,7156
4963,2130,7156
4963,2130,7156
4963,2130,7156
4963,2130,7156
4963,2130,7156
4963,2130,7156
4963,2130,7156
4963,2130,7156
4983,2161,7180
4983,2161,7180
4983,2161,7180
4983,2161,7180
4983,2161,7180
4983,2161,7180
4983,2161,7180
4983,2161,7180
4983,2161,7180
4983,2161,7180
5005,2205,7173
5005,2205,7173
5005,2205,7173
5005,2205,7173
5005,2205,7173
5005,2205,7173
5005,2205,7173
5005,2205,7173
5007,2353,7073
5007,2353,7073
5007,2353,7073
5007,2353,7073
5007,2353,7073
5007,2353,7073
5007,2353,7073
5007,2353,7073
5007,2353,7073
5069,2496,7112
5069,2496,7112
5069,2496,7112
5069,2496,7112
5069,2496,7112
5069,2496,7112
5069,2496,7112
5069,2496,7112
5069,2496,7112
5069,2496,7026
5093,2597,7026
5093,2597,7026
5093,2597,7026
5093,2597,7026
5093,2597,7026
5093,2597,7026
5093,2597,7026
5093,2597,7026
5093,2597,7026
5107,2750,7021
5107,2750,7021
5107,2750,7021
5107,2750,7021
5107,2750,7021
5107,2750,7021
5107,2750,7021
5107,2750,7021
5107,2750,7021
5148,2814,7003
5148,2814,7003
5148,2814,7003
5148,2814,7003
5148,2814,7003
5148,2814,7003
5148,2814,7003
5148,2814,7003
5148,2814,7003
5158,2952,6972
5158,2952,6972
5158,2952,6972
5158,2952,6972
5158,2952,6972
5158,2952,6972
5158,2952,6972
5158,2952,6972
5158,2952,6972
5110,3020,6985
5110,3020,6985
5110,3020,6985
5110,3020,6985
5110,3020,6985
5110,3020,6985
5110,3020,6985
5110,3020,6985
5110,3020,6985
5128,3155,7016
5128,3155,7016
5128,3155,7016
5128,3155,7016
5128,3155,7016
5128,3155,7016
5128,3155,7016
5128,3155,7016
5128,3155,7016
5114,3246,7100
5114,3246,7100
5114,3246,7100
5114,3246,7100
5114,3246,7100
5114,3246,7100
5114,3246,7100
5114,3246,7100
5114,3246,7100
5114,3246,7100
5095,3334,7162
5095,3334,7162
5095,3334,7162
5095,3334,7162
5095,3334,7162
5095,3334,7162
5095,3334,7162
5059,3449,7161
5059,3449,7161
5059,3449,7161
5059,3449,7161
5059,3449,7161
5059,3449,7161
5059,3449,7161
5059,3449,7161
5059,3449,7161
5059,3449,7161
5071,3548,7218
5071,3548,7218
5071,3548,7218
5071,3548,7218
5071,3548,7218
5071,3548,7218
5071,3548,7218
5071,3548,7218
5071,3548,7218
5071,3548,7218
4993,3624,7243
4993,3624,7243
4993,3624,7243
4993,3624,7243
4993,3624,7243
4993,3624,7243
4993,3624,7243
4993,3624,7243
4993,3624,7243
4955,3791,7329
4955,3791,7329
4955,3791,7329
4955,3791,7329
4955,3791,7329
4955,3791,7329
4955,3791,7329
4955,3791,7329
4955,3791,7329
4890,3867,7353
4890,3867,7353
4890,3867,7353
4890,3867,7353
4890,3867,7353
4890,3867,7353
4890,3867,7353
4890,3867,7353
4890,3867,7353
4824,3899,7521
4824,3899,7521
4824,3899,7521
4824,3899,7521
4824,3899,7521
4824,3899,7521
4824,3899,7521
4824,3899,7521
4824,3899,7521
4781,3917,7665
4781,3917,7665
4781,3917,7665
4781,3917,7665
4781,3917,7665
4781,3917,7665
4781,3917,7665
4781,3917,7665
4781,3917,7665
4781,3917,7665
4722,3947,7753
4722,3947,7753
4722,3947,7753
4722,3947,7753
4722,3947,7753
4722,3947,7753
4722,3947,7753
4722,3947,7753
4722,3947,7753
4632,4054,7884
4632,4054,7884
4632,4054,7884
4632,4054,7884
4632,4054,7884
4632,4054,7884
4632,4054,7884
4632,4054,7884
4632,4054,7884
4513,4061,8066
4513,4061,8066
4513,4061,8066
4513,4061,8066
4513,4061,8066
4513,4061,8066
4513,4061,8066
4513,4061,8066
4406,4091,8192
4406,4091,8192
4406,4091,8192
4406,4091,8192
4406,4091,8192
4406,4091,8192
4406,4091,8192
4406,4091,8192
4406,4091,8192
4292,4129,8448
4292,4129,8448
4292,4129,8448
4292,4129,8448
4292,4129,8448
4292,4129,8448
4292,4129,8448
4292,4129,8448
4292,4129,8448
4145,4120,8532
4145,4120,8532
4145,4120,8532
4145,4120,8532
4145,4120,8532
4145,4120,8532
4145,4120,8532
4145,4120,8532
4006,4067,8735
4006,4067,8735
4006,4067,8735
4006,4067,8735
4006,4067,8735
4006,4067,8735
3811,4053,8862
3811,4053,8862
3811,4053,8862
3811,4053,8862
3811,4053,8862
3811,4053,8862
3811,4053,8862
3811,4053,8862
3811,4053,8862
3811,4053,9082
3565,4023,9082
3565,4023,9082
3565,4023,9082
3565,4023,9082
3565,4023,9082
3565,4023,9082
3565,4023,9082
3565,4023,9082
3565,4023,9082
3374,4032,9158
3374,4032,9158
3374,4032,9158
3374,4032,9158
3374,4032,9158
3374,4032,9158
3374,4032,9158
3374,4032,9158
3374,4032,9158
3171,3938,9271
3171,3938,9271
3171,3938,9271
3171,3938,9271
3171,3938,9271
3171,3938,9271
3171,3938,9271
3171,3938,9271
3171,3938,9271
2995,3858,9406
2995,3858,9406
2995,3858,9406
2995,3858,9406
2995,3858,9406
2995,3858,9406
2995,3858,9406
2995,3858,9406
2995,3858,9406
2768,3800,9482
2768,3800,9482
2768,3800,9482
2768,3800,9482
2768,3800,9482
2768,3800,9482
2768,3800,9482
2768,3800,9482
2693,3737,9515
2693,3737,9515
2693,3737,9515
2693,3737,9515
2693,3737,9515
2693,3737,9515
2693,3737,9515
2693,3737,9515
2693,3737,9515
2662,3673,9555
2662,3673,9555
2662,3673,9555
2662,3673,9555
2662,3673,9555
2662,3673,9555
2662,3673,9555
2662,3673,9555
2662,3673,9555
2662,3673,9555
2582,3510,9564
2582,3510,9564
2582,3510,9564
2582,3510,9564
2582,3510,9564
2582,3510,9564
2582,3510,9564
2582,3510,9564
2582,3510,9564
2582,3510,9641
2502,3455,9641
2502,3455,9641
2502,3455,9641
2502,3455,9641
2502,3455,9641
2502,3455,9641
2502,3455,9641
2502,3455,9641
2502,3455,9641
2420,3308,9703
2420,3308,9703
2420,3308,9703
2420,3308,9703
2420,3308,9703
2420,3308,9703
2420,3308,9703
2420,3308,9703
2420,3308,9703
2358,3170,9722
2358,3170,9722
2358,3170,9722
2358,3170,9722
2358,3170,9722
2358,3170,9722
2358,3170,9722
2358,3170,9722
2358,3170,9722
2269,3054,9666
2269,3054,9666
2269,3054,9666
2269,3054,9666
2269,3054,9666
2269,3054,9666
2269,3054,9666
2269,3054,9666
2269,3054,9666
2280,2903,9711
2280,2903,9711
2280,2903,9711
2280,2903,9711
2280,2903,9711
2280,2903,9711
2280,2903,9711
2280,2903,9711
2280,2903,9711
2258,2779,9709
2258,2779,9709
2258,2779,9709
2258,2779,9709
2258,2779,9709
2258,2779,9709
2258,2779,9709
2258,2779,9709
2258,2779,9709
2197,2718,9665
2197,2718,9665
2197,2718,9665
2197,2718,9665
2197,2718,9665
2197,2718,9665
2197,2718,9665
2197,2718,9665
2146,2629,9669
2146,2629,9669
2146,2629,9669
2146,2629,9669
2146,2629,9669
2146,2629,9669
2146,2629,9669
2146,2629,9669
2146,2629,9669
2146,2629,9669
2168,2455,9662
2168,2455,9662
2168,2455,9662
2168,2455,9662
2168,2455,9662
2168,2455,9662
2168,2455,9662
2168,2455,9662
2168,2455,9662
2198,2306,9646
2198,2306,9646
2198,2306,9646
2198,2306,9646
2198,2306,9646
2198,2306,9646
2198,2306,9646
2198,2306,9646
2198,2306,9646
2223,2152,9654
2223,2152,9654
2223,2152,9654
2223,2152,9654
2223,2152,9654
2223,2152,9654
2223,2152,9654
2223,2152,9654
2223,2152,9654
2244,2006,9635
2244,2006,9635
2244,2006,9635
2244,2006,9635
2244,2006,9635
2244,2006,9635
2244,2006,9635
2244,2006,9635
2244,2006,9635
2244,2006,9635
2314,1868,9549
2314,1868,9549
2314,1868,9549
2314,1868,9549
2314,1868,9549
2314,1868,9549
2314,1868,9549
2314,1868,9549
2314,1868,9549
2367,1783,9489
2367,1783,9489
2367,1783,9489
2367,1783,9489
2367,1783,9489
2367,1783,9489
2367,1783,9489
2367,1783,9489
2367,1783,9489
2484,1719,9452
2484,1719,9452
2484,1719,9452
2484,1719,9452
2484,1719,9452
2484,1719,9452
2484,1719,9452
2484,1719,9452
2484,1719,9452
2556,1615,9403
2556,1615,9403
2556,1615,9403
2556,1615,9403
2556,1615,9403
2556,1615,9403
2556,1615,9403
2556,1615,9403
2556,1615,9403
2565,1483,9357
2565,1483,9357
2565,1483,9357
2565,1483,9357
2565,1483,9357
2565,1483,9357
2565,1483,9357
2565,1483,9357
2565,1483,9357
2631,1433,9270
2631,1433,9270
2631,1433,9270
2631,1433,9270
2631,1433,9270
2631,1433,9270
2631,1433,9270
2631,1433,9270
2631,1433,9270
2756,1444,9232
2756,1444,9232
2756,1444,9232
2756,1444,9232
2812,1408,9168
2812,1408,9168
2812,1408,9168
2812,1408,9168
2812,1408,9168
2812,1408,9168
2812,1408,9168
2812,1408,9168
2812,1408,9168
2812,1408,9168
2963,1398,9021
2963,1398,9021
2963,1398,9021
2963,1398,9021
2963,1398,9021
2963,1398,9021
2963,1398,9021
2963,1398,9021
2963,1398,9021
3026,1375,9019
3026,1375,9019
3026,1375,9019
3026,1375,9019
3026,1375,9019
3026,1375,9019
3026,1375,9019
3026,1375,9019
3026,1375,9019
3236,1399,8911
3236,1399,8911
3236,1399,8911
3236,1399,8911
3236,1399,8911
3236,1399,8911
3236,1399,8911
3236,1399,8911
3236,1399,8911
3359,1384,8809
3359,1384,8809
3359,1384,8809
3359,1384,8809
3359,1384,8809
3359,1384,8809
3359,1384,8809
3359,1384,8809
3359,1384,8809
3501,1380,8711
3501,1380,8711
3501,1380,8711
3501,1380,8711
3501,1380,8711
3501,1380,8711
3501,1380,8711
3501,1380,8711
3501,1380,8711
3501,1380,8711
3654,1466,8654
3654,1466,8654
3654,1466,8654
3654,1466,8654
3654,1466,8654
3654,1466,8654
3654,1466,8654
3654,1466,8654
3654,1466,8654
3710,1518,8620
3710,1518,8620
3710,1518,8620
3710,1518,8620
3710,1518,8620
3710,1518,8620
3710,1518,8620
3710,1518,8620
3710,1518,8620
3785,1549,8602
3785,1549,8602
3785,1549,8602
3785,1549,8602
3785,1549,8602
3785,1549,8602
3785,1549,8602
3785,1549,8602
3850,1624,8528
3850,1624,8528
3850,1624,8528
3850,1624,8528
3850,1624,8528
3850,1624,8528
3850,1624,8528
3850,1624,8528
3850,1624,8528
3882,1666,8437
3882,1666,8437
3882,1666,8437
3882,1666,8437
3882,1666,8437
3882,1666,8437
3882,1666,8437
3882,1666,8437
3882,1666,8437
3882,1666,8437
3936,1736,8476
3936,1736,8476
3936,1736,8476
3936,1736,8476
3936,1736,8476
3936,1736,8476
3936,1736,8476
3936,1736,8476
3922,1865,8493
3922,1865,8493
3922,1865,8493
3922,1865,8493
3922,1865,8493
3922,1865,8493
3922,1865,8493
3922,1865,8493
3922,1865,8493
3922,1865,8493
3937,1954,8503
3937,1954,8503
3937,1954,8503
3937,1954,8503
3937,1954,8503
3937,1954,8503
3937,1954,8503
3937,1954,8503
3937,1954,8503
3937,1954,8503
4011,2077,8506
4011,2077,8506
4011,2077,8506
4011,2077,8506
4011,2077,8506
4011,2077,8506
4011,2077,8506
4011,2077,8506
4011,2077,8506
4042,2191,8594
4042,2191,8594
4042,2191,8594
4042,2191,8594
4042,2191,8594
4042,2191,8594
4042,2191,8594
4042,2191,8594
4042,2191,8594
4070,2295,8595
4070,2295,8595
4070,2295,8595
4070,2295,8595
4070,2295,8595
4070,2295,8595
4070,2295,8595
4070,2295,8595
4070,2295,8595
4079,2427,8641
4079,2427,8641
4079,2427,8641
4079,2427,8641
4079,2427,8641
4079,2427,8641
4079,2427,8641
4079,2427,8641
4079,2427,8641
4100,2537,8643
4100,2537,8643
4100,2537,8643
4100,2537,8643
4100,2537,8643
4100,2537,8643
4100,2537,8643
4100,2537,8643
4100,2537,8643
4090,2566,8703
4090,2566,8703
4090,2566,8703
4090,2566,8703
4090,2566,8703
4090,2566,8703
4090,2566,8703
4090,2566,8703
4090,2566,8703
4063,2619,8738
4063,2619,8738
4063,2619,8738
4063,2619,8738
4063,2619,8738
4063,2619,8738
4063,2619,8738
4063,2619,8738
4063,2619,8738
4033,2712,8745
4033,2712,8745
4033,2712,8745
4033,2712,8745
4033,2712,8745
4033,2712,8745
4033,2712,8745
4033,2712,8745
4033,2712,8745
4036,2780,8803
4036,2780,8803
4036,2780,8803
4036,2780,8803
4036,2780,8803
4036,2780,8803
4036,2780,8803
4036,2780,8803
4036,2780,8803
3994,2833,8862
3994,2833,8862
3994,2833,8862
3994,2833,8862
3994,2833,8862
3994,2833,8862
3994,2833,8862
3994,2833,8862
3994,2833,8862
4006,2892,8904
4006,2892,8904
4006,2892,8904
4006,2892,8904
4006,2892,8904
4006,2892,8904
4006,2892,8904
4006,2892,8904
4006,2892,8904
4006,2892,8904
3955,3032,8911
3955,3032,8911
3955,3032,8911
3955,3032,8911
3955,3032,8911
3955,3032,8911
3955,3032,8911
3955,3032,8911
3955,3032,8911
3908,3139,8956
3908,3139,8956
3908,3139,8956
3908,3139,8956
3908,3139,8956
3908,3139,8956
3908,3139,8956
3908,3139,8956
3908,3139,8956
3908,3139,8956
3867,3289,8936
3867,3289,8936
3867,3289,8936
3867,3289,8936
3867,3289,8936
3867,3289,8936
3867,3289,8936
3867,3289,8936
3817,3356,8987
3817,3356,8987
3817,3356,8987
3753,3485,8949
3753,3485,8949
3753,3485,8949
3753,3485,8949
3753,3485,8949
3753,3485,8949
3753,3485,8949
3753,3485,8949
3753,3485,8949
3753,3485,8949
3739,3565,9026
3739,3565,9026
3739,3565,9026
3739,3565,9026
3739,3565,9026
3739,3565,9026
3739,3565,9026
3739,3565,9026
3739,3565,9026
3675,3640,9013
3675,3640,9013
3675,3640,9013
3675,3640,9013
3675,3640,9013
3675,3640,9013
3675,3640,9013
3675,3640,9013
3675,3640,9013
3565,3755,9106
3565,3755,9106
3565,3755,9106
3565,3755,9106
3565,3755,9106
3565,3755,9106
3565,3755,9106
3565,3755,9106
3565,3755,9106
3442,3836,9093
3442,3836,9093
3442,3836,9093
3442,3836,9093
3442,3836,9093
3442,3836,9093
3442,3836,9093
3442,3836,9093
3442,3836,9093
3286,3788,9220
3286,3788,9220
3286,3788,9220
3286,3788,9220
3286,3788,9220
3286,3788,9220
3286,3788,9220
3286,3788,9220
3286,3788,9220
3286,3788,9220
3179,3786,9318
3179,3786,9318
3179,3786,9318
3179,3786,9318
3179,3786,9318
3179,3786,9318
3179,3786,9318
3179,3786,9318
3179,3786,9318
3012,3860,9341
3012,3860,9341
3012,3860,9341
3012,3860,9341
3012,3860,9341
3012,3860,9341
3012,3860,9341
3012,3860,9341
3012,3860,9341
2856,3963,9388
2856,3963,9388
2856,3963,9388
2856,3963,9388
2856,3963,9388
2856,3963,9388
2856,3963,9388
2856,3963,9388
2856,3963,9388
2856,3963,9388
2708,3958,9423
2708,3958,9423
2708,3958,9423
2708,3958,9423
2708,3958,9423
2708,3958,9423
2708,3958,9423
2708,3958,9423
2557,4012,9423
2557,4012,9423
2557,4012,9423
2557,4012,9423
2557,4012,9423
2557,4012,9423
2557,4012,9423
2557,4012,9423
2557,4012,9423
2435,4046,9483
2435,4046,9483
2435,4046,9483
2435,4046,9483
2435,4046,9483
2435,4046,9483
2435,4046,9483
2435,4046,9483
2435,4046,9483
2253,4014,9498
2253,4014,9498
2253,4014,9498
2253,4014,9498
2253,4014,9498
2253,4014,9498
2253,4014,9498
2253,4014,9498
2253,4014,9498
2068,4009,9516
2068,4009,9516
2068,4009,9516
2068,4009,9516
2068,4009,9516
2068,4009,9516
2068,4009,9516
2068,4009,9516
2068,4009,9516
1860,4059,9536
1860,4059,9536
1860,4059,9536
1860,4059,9536
1860,4059,9536
1860,4059,9536
1860,4059,9536
1860,4059,9536
1860,4059,9536
1860,4059,9536
1519,4017,9573
1519,4017,9573
1519,4017,9573
1519,4017,9573
1519,4017,9573
1519,4017,9573
1519,4017,9573
1519,4017,9573
1519,4017,9573
1295,3978,9526
1295,3978,9526
1295,3978,9526
1295,3978,9526
1295,3978,9526
1295,3978,9526
1295,3978,9526
1295,3978,9526
1295,3978,9526
1050,3975,9510
1050,3975,9510
1050,3975,9510
1050,3975,9510
1050,3975,9510
1050,3975,9510
1050,3975,9510
1050,3975,9510
1050,3975,9510
815,3919,9468
815,3919,9468
815,3919,9468
815,3919,9468
815,3919,9468
815,3919,9468
815,3919,9468
815,3919,9468
815,3919,9468
815,3919,9468
585,3701,9455
585,3701,9455
585,3701,9455
585,3701,9455
585,3701,9455
585,3701,9455
585,3701,9455
585,3701,9455
453,3573,9458
453,3573,9458
453,3573,9458
453,3573,9458
453,3573,9458
453,3573,9458
453,3573,9458
453,3573,9458
453,3573,9458
309,3474,9429
309,3474,9429
309,3474,9429
309,3474,9429
309,3474,9429
309,3474,9429
309,3474,9429
309,3474,9429
309,3474,9429
273,3387,9442
273,3387,9442
273,3387,9442
273,3387,9442
273,3387,9442
273,3387,9442
273,3387,9442
273,3387,9442
273,3387,9442
273,3296,9358
142,3296,9358
142,3296,9358
142,3296,9358
142,3296,9358
142,3296,9358
142,3296,9358
142,3296,9358
142,3296,9358
142,3296,9358
164,3188,9360
164,3188,9360
164,3188,9360
164,3188,9360
164,3188,9360
164,3188,9360
164,3188,9360
164,3188,9360
164,3188,9360
122,3134,9327
122,3134,9327
122,3134,9327
122,3134,9327
122,3134,9327
122,3134,9327
122,3134,9327
122,3134,9327
122,3134,9327
82,3040,9346
82,3040,9346
82,3040,9346
82,3040,9346
82,3040,9346
82,3040,9346
82,3040,9346
82,3040,9346
82,3040,9346
-47,2904,9273
-47,2904,9273
-47,2904,9273
-47,2904,9273
-47,2904,9273
-47,2904,9273
-47,2904,9273
-47,2904,9273
-47,2904,9273
-337,2820,9122
-337,2820,9122
-337,2820,9122
-337,2820,9122
-732,2811,8813
-732,2811,8813
-732,2811,8813
-732,2811,8813
-732,2811,8813
-732,2811,8813
-732,2811,8813
-732,2811,8813
-732,2811,8813
-732,2811,8813
-1426,2818,8102
-1426,2818,8102
-1426,2818,8102
-1426,2818,8102
-1426,2818,8102
-1426,2818,8102
-1426,2818,8102
-1426,2818,8102
-1780,2812,7331
-1780,2812,7331
-1780,2812,7331
-1780,2812,7331
-1780,2812,7331
-1780,2812,7331
-1780,2812,7331
-1780,2812,7331
-1780,2812,7331
-1999,2778,6668
-1999,2778,6668
-1999,2778,6668
-1999,2778,6668
-1999,2778,6668
-1999,2778,6668
-1999,2778,6668
-1999,2778,6668
-1999,2778,6668
-2006,2747,6083
-2006,2747,6083
-2006,2747,6083
-2006,2747,6083
-2006,2747,6083
-2006,2747,6083
-2006,2747,6083
-2006,2747,6083
-2006,2747,6083
-2006,2747,6083
-1958,2692,5661
-1958,2692,5661
-1958,2692,5661
-1958,2692,5661
-1958,2692,5661
-1958,2692,5661
-1958,2692,5661
-1958,2692,5661
-1958,2692,5661
-1901,2653,5237
-1901,2653,5237
-1901,2653,5237
-1901,2653,5237
-1901,2653,5237
-1901,2653,5237
-1901,2653,5237
-1901,2653,5237
-1901,2653,5237
-1785,2643,5050
-1785,2643,5050
-1785,2643,5050
-1785,2643,5050
-1785,2643,5050
-1785,2643,5050
-1785,2643,5050
-1785,2643,5050
-1785,2643,5050
-1710,2567,4857
-1710,2567,4857
-1710,2567,4857
-1710,2567,4857
-1710,2567,4857
-1710,2567,4857
-1710,2567,4857
-1710,2567,4857
-1710,2567,4857
-1637,2503,4692
-1637,2503,4692
-1637,2503,4692
-1637,2503,4692
-1637,2503,4692
-1637,2503,4692
-1637,2503,4692
-1637,2503,4692
-1637,2503,4692
-1664,2434,4701
-1664,2434,4701
-1664,2434,4701
-1664,2434,4701
-1664,2434,4701
-1664,2434,4701
-1664,2434,4701
-1664,2434,4701
-1664,2434,4701
-1676,2420,4734
-1676,2420,4734
-1676,2420,4734
-1676,2420,4734
-1676,2420,4734
-1676,2420,4734
-1676,2420,4734
-1676,2420,4734
-1676,2420,4734
-1672,2425,4772
-1672,2425,4772
-1672,2425,4772
-1672,2425,4772
-1672,2425,4772
-1672,2425,4772
-1672,2425,4772
-1672,2425,4772
-1672,2425,4772
-1652,2449,4795
-1652,2449,4795
-1652,2449,4795
-1652,2449,4795
-1652,2449,4795
-1652,2449,4795
-1652,2449,4795
-1652,2449,4795
-1652,2449,4795
-1676,2595,4840
-1676,2595,4840
-1676,2595,4840
-1676,2595,4840
-1676,2595,4840
-1676,2595,4840
-1676,2595,4840
-1676,2595,4840
-1676,2595,4840
-1676,2595,4840
-1706,2736,4779
-1706,2736,4779
-1706,2736,4779
-1706,2736,4779
-1706,2736,4779
-1706,2736,4779
-1706,2736,4779
-1706,2736,4779
-1706,2736,4779
-1706,2907,4798
-1706,2907,4798
-1706,2907,4798
-1706,2907,4798
-1706,2907,4798
-1706,2907,4798
-1706,2907,4798
-1706,2907,4798
-1706,2907,4798
-1747,3110,4830
-1747,3110,4830
-1747,3110,4830
-1747,3110,4830
-1747,3110,4830
-1747,3110,4830
-1747,3110,4830
-1747,3110,4830
-1747,3110,4830
-1747,3331,4921
-1762,3331,4921
-1762,3331,4921
-1762,3331,4921
-1762,3331,4921
-1762,3331,4921
-1762,3331,4921
-1762,3331,4921
-1762,3331,4921
-1762,3331,4921
-1752,3461,4995
-1752,3461,4995
-1752,3461,4995
-1752,3461,4995
-1752,3461,4995
-1752,3461,4995
-1752,3461,4995
-1752,3461,4995
-1752,3461,4995
-1763,3649,5077
-1763,3649,5077
-1763,3649,5077
-1763,3649,5077
-1763,3649,5077
-1763,3649,5077
-1763,3649,5077
-1763,3649,5077
-1763,3649,5077
-1729,3812,5107
-1729,3812,5107
-1729,3812,5107
-1729,3812,5107
-1729,3812,5107
-1729,3812,5107
-1729,3812,5107
-1729,3812,5107
-1735,3914,5257
-1735,3914,5257
-1735,3914,5257
-1735,3914,5257
-1735,3914,5257
-1735,3914,5257
-1735,3914,5257
-1735,3914,5257
-1735,3914,5257
-1727,4035,5308
-1727,4035,5308
-1727,4035,5308
-1727,4035,5308
-1727,4035,5308
-1727,4035,5308
-1727,4035,5308
-1727,4035,5308
-1727,4035,5308
-1738,4108,5496
-1738,4108,5496
-1738,4108,5496
-1738,4108,5496
-1738,4108,5496
-1738,4108,5496
-1738,4108,5496
-1738,4108,5496
-1738,4108,5496
-1738,4108,5496
-1783,4159,5650
-1783,4159,5650
-1783,4159,5650
-1783,4159,5650
-1783,4159,5650
-1783,4159,5650
-1783,4159,5650
-1783,4159,5650
-1759,4211,5723
-1759,4211,5723
-1759,4211,5723
-1759,4211,5723
-1759,4211,5723
-1759,4243,5796
-1759,4243,5796
-1759,4243,5796
-1759,4243,5796
-1759,4243,5796
-1759,4243,5796
-1759,4243,5796
-1759,4243,5796
-1759,4243,5796
-1764,4248,5858
-1764,4248,5858
-1764,4248,5858
-1764,4248,5858
-1764,4248,5858
-1764,4248,5858
-1764,4248,5858
-1764,4248,5858
-1764,4248,5858
-1764,4248,5858
-1843,4206,6066
-1843,4206,6066
-1843,4206,6066
-1843,4206,6066
-1843,4206,6066
-1843,4206,6066
-1843,4206,6066
-1843,4206,6066
-1843,4206,6066
-1805,4255,6254
-1805,4255,6254
-1805,4255,6254
-1805,4255,6254
-1805,4255,6254
-1805,4255,6254
-1805,4255,6254
-1805,4255,6254
-1805,4255,6254
-1755,4285,6397
-1755,4285,6397
-1755,4285,6397
-1755,4285,6397
-1755,4285,6397
-1755,4285,6397
-1755,4285,6397
-1755,4285,6397
-1734,4296,6560
-1734,4296,6560
-1734,4296,6560
-1734,4296,6560
-1734,4296,6560
-1734,4296,6560
-1734,4296,6560
-1734,4296,6560
-1734,4296,6560
-1694,4222,6736
-1694,4222,6736
-1694,4222,6736
-1694,4222,6736
-1694,4222,6736
-1694,4222,6736
-1694,4222,6736
-1694,4222,6736
-1694,4222,6736
-1726,4154,6917
-1726,4154,6917
-1726,4154,6917
-1726,4154,6917
-1726,4154,6917
-1726,4154,6917
-1726,4154,6917
-1726,4154,6917
-1726,4154,6917
-1726,4154,6917
-1711,4061,7064
-1711,4061,7064
-1711,4061,7064
-1711,4061,7064
-1711,4061,7064
-1711,4061,7064
-1711,4061,7064
-1711,4061,7064
-1711,4061,7064
-1671,3898,7198
-1671,3898,7198
-1671,3898,7198
-1671,3898,7198
-1671,3898,7198
-1671,3898,7198
-1671,3898,7198
-1671,3898,7198
-1671,3898,7198
-1740,3738,7276
-1740,3738,7276
-1740,3738,7276
-1740,3738,7276
-1740,3738,7276
-1740,3738,7276
-1740,3738,7276
-1740,3738,7276
-1740,3738,7276
-1770,3642,7334
-1770,3642,7334
-1770,3642,7334
-1770,3642,7334
-1770,3642,7334
-1770,3642,7334
-1770,3642,7334
-1770,3642,7334
-1770,3642,7334
-1775,3541,7338
-1775,3541,7338
-1775,3541,7338
-1775,3541,7338
-1775,3541,7338
-1775,3541,7338
-1775,3541,7338
-1775,3541,7338
-1775,3541,7338
-1775,3541,7338
-1765,3433,7380
-1765,3433,7380
-1765,3433,7380
-1765,3433,7380
-1765,3433,7380
-1765,3433,7380
-1765,3433,7380
-1765,3433,7380
-1765,3433,7380
-1811,3245,7379
-1811,3245,7379
-1811,3245,7379
-1811,3245,7379
-1811,3245,7379
-1811,3245,7379
-1811,3245,7379
-1811,3245,7379
-1771,3134,7394
-1771,3134,7394
-1771,3134,7394
-1771,3134,7394
-1771,3134,7394
-1771,3134,7394
-1771,3134,7394
-1771,3134,7394
-1771,3134,7394
-1770,3019,7345
-1770,3019,7345
-1770,3019,7345
-1770,3019,7345
-1770,3019,7345
-1770,3019,7345
-1770,3019,7345
-1770,3019,7345
-1770,3019,7345
-1770,3019,7345
-1804,2896,7343
-1804,2896,7343
-1804,2896,7343
-1804,2896,7343
-1804,2896,7343
-1804,2896,7343
-1804,2896,7343
-1804,2896,7343
-1804,2896,7343
-1772,2777,7391
-1772,2777,7391
-1772,2777,7391
-1772,2777,7391
-1772,2777,7391
-1772,2777,7391
-1772,2777,7391
-1772,2777,7391
-1772,2777,7391
-1752,2617,7355
-1752,2617,7355
-1752,2617,7355
-1752,2617,7355
-1752,2617,7355
-1752,2617,7355
-1752,2617,7355
-1752,2617,7355
-1752,2617,7355
-1744,2406,7370
-1744,2406,7370
-1744,2406,7370
-1744,2406,7370
-1744,2406,7370
-1744,2406,7370
-1744,2406,7370
-1744,2406,7370
-1744,2406,7370
-1689,2223,7309
-1689,2223,7309
-1689,2223,7309
-1689,2223,7309
-1689,2223,7309
-1689,2223,7309
-1689,2223,7309
-1689,2223,7309
-1689,2223,7309
-1686,2064,7311
-1686,2064,7311
-1686,2064,7311
-1686,2064,7311
-1686,2064,7311
-1686,2064,7311
-1686,2064,7311
-1686,2064,7311
-1686,2064,7311
-1686,2064,7311
-1727,1965,7199
-1727,1965,7199
-1727,1965,7199
-1727,1965,7199
-1727,1965,7199
-1727,1965,7199
-1727,1965,7199
-1727,1965,7199
-1701,1863,7137
-1701,1863,7137
-1701,1863,7137
-1701,1863,7137
-1701,1863,7137
-1701,1863,7137
-1701,1863,7137
-1701,1863,7137
-1701,1863,7137
-1702,1735,7030
-1702,1735,7030
-1702,1735,7030
-1702,1735,7030
-1702,1735,7030
-1702,1735,7030
-1702,1735,7030
-1702,1735,7030
-1702,1735,7030
-1702,1735,7030
-1659,1651,6909
-1659,1651,6909
-1659,1651,6909
-1659,1651,6909
-1703,1608,6731
-1703,1608,6731
-1703,1608,6731
-1703,1608,6731
-1703,1608,6731
-1703,1608,6731
-1703,1608,6731
-1703,1608,6731
-1703,1608,6731
-1716,1557,6611
-1716,1557,6611
-1716,1557,6611
-1716,1557,6611
-1716,1557,6611
-1716,1557,6611
-1716,1557,6611
-1716,1557,6611
-1716,1557,6611
-1754,1554,6482
-1754,1554,6482
-1754,1554,6482
-1754,1554,6482
-1754,1554,6482
-1754,1554,6482
-1754,1554,6482
-1754,1554,6482
-1754,1554,6482
-1727,1545,6204
-1727,1545,6204
-1727,1545,6204
-1727,1545,6204
-1727,1545,6204
-1727,1545,6204
-1727,1545,6204
-1727,1545,6204
-1727,1545,6204
-1684,1537,6040
-1684,1537,6040
-1684,1537,6040
-1684,1537,6040
-1684,1537,6040
-1684,1537,6040
-1684,1537,6040
-1684,1537,6040
-1684,1537,6040
-1684,1537,6040
-1684,1523,5917
-1684,1523,5917
-1684,1523,5917
-1684,1523,5917
-1684,1523,5917
-1684,1523,5917
-1684,1523,5917
-1684,1523,5917
-1684,1523,5917
-1691,1514,5836
-1691,1514,5836
-1691,1514,5836
-1691,1514,5836
-1691,1514,5836
-1691,1514,5836
-1691,1514,5836
-1691,1514,5836
-1691,1514,5836
-1666,1540,5701
-1666,1540,5701
-1666,1540,5701
-1666,1540,5701
-1666,1540,5701
-1666,1540,5701
-1666,1540,5701
-1666,1540,5701
-1666,1540,5701
-1702,1658,5583
-1702,1658,5583
-1702,1658,5583
-1702,1658,5583
-1702,1658,5583
-1702,1658,5583
-1702,1658,5583
-1702,1658,5583
-1719,1776,5453
-1719,1776,5453
-1719,1776,5453
-1719,1776,5453
-1719,1776,5453
-1719,1776,5453
-1719,1776,5453
-1719,1776,5453
-1719,1776,5453
-1719,1776,5453
-1726,1876,5306
-1726,1876,5306
-1726,1876,5306
-1726,1876,5306
-1726,1876,5306
-1726,1876,5306
-1726,1876,5306
-1726,1876,5306
-1726,1876,5306
-1741,2025,5183
-1741,2025,5183
-1741,2025,5183
-1741,2025,5183
-1741,2025,5183
-1741,2025,5183
-1741,2025,5183
-1741,2025,5183
-1741,2025,5183
-1741,2025,5183
-1692,2117,5059
-1692,2117,5059
-1692,2117,5059
-1692,2117,5059
-1692,2117,5059
-1692,2117,5059
-1692,2117,5059
-1692,2117,5059
-1692,2117,5059
-1678,2137,5113
-1678,2137,5113
-1678,2137,5113
-1678,2137,5113
-1678,2137,5113
-1678,2137,5113
-1678,2137,5113
-1678,2137,5113
-1678,2137,5113
-1731,2048,5298
-1731,2048,5298
-1731,2048,5298
-1731,2048,5298
-1731,2048,5298
-1731,2048,5298
-1731,2048,5298
-1731,2048,5298
-1731,2048,5298
-1857,1973,5656
-1857,1973,5656
-1857,1973,5656
-1857,1973,5656
-1857,1973,5656
-1857,1973,5656
-1857,1973,5656
-1857,1973,5656
-1857,1973,5656
-1877,1881,6126
-1877,1881,6126
-1877,1881,6126
-1877,1881,6126
-1877,1881,6126
-1877,1881,6126
-1877,1881,6126
-1877,1881,6126
-1877,1881,6126
-1892,1844,6611
-1892,1844,6611
-1892,1844,6611
-1892,1844,6611
-1892,1844,6611
-1892,1844,6611
-1892,1844,6611
-1892,1844,6611
-1892,1844,6611
-1709,1785,7180
-1709,1785,7180
-1709,1785,7180
-1709,1785,7180
-1709,1785,7180
-1709,1785,7180
-1709,1785,7180
-1709,1785,7180
-1709,1785,7180
-1556,1708,7429
-1556,1708,7429
-1556,1708,7429
-1556,1708,7429
-1556,1708,7429
-1556,1708,7429
-1556,1708,7429
-1556,1708,7429
-1556,1708,7429
-1396,1671,7787
-1396,1671,7787
-1396,1671,7787
-1396,1671,7787
-1396,1671,7787
-1396,1671,7787
-1396,1671,7787
-1396,1671,7787
-1396,1671,7787
-1208,1663,8102
-1208,1663,8102
-1208,1663,8102
-1208,1663,8102
-1208,1663,8102
-1208,1663,8102
-1208,1663,8102
-1208,1663,8102
-1208,1663,8102
-790,1702,8602
-790,1702,8602
-790,1702,8602
-790,1702,8602
-790,1702,8602
-790,1702,8602
-790,1702,8602
-790,1702,8602
-790,1702,8602
-790,1702,8602
-553,1753,8809
-553,1753,8809
-553,1753,8809
-553,1753,8809
-553,1753,8809
-553,1753,8809
-553,1753,8809
-553,1753,8809
-553,1753,8809
-378,1799,8942
-378,1799,8942
-378,1799,8942
-378,1799,8942
-378,1799,8942
-378,1799,8942
-378,1799,8942
-378,1799,8942
-378,1799,8942
-203,1754,8999
-203,1754,8999
-203,1754,8999
-203,1754,8999
-203,1754,8999
-203,1754,8999
-203,1754,8999
-203,1754,8999
-203,1754,8999
-255,1688,8951
-255,1688,8951
-255,1688,8951
-255,1688,8951
-255,1688,8951
-255,1688,8951
-255,1688,8951
-509,1735,8786
-509,1735,8786
-509,1735,8786
-509,1735,8786
-509,1735,8786
-509,1735,8786
-670,1756,8779
-670,1756,8779
-670,1756,8779
-670,1756,8779
-670,1756,8779
-670,1756,8779
-670,1756,8779
-670,1756,8779
-777,1839,8642
-777,1839,8642
-777,1839,8642
-777,1839,8642
-777,1839,8642
-777,1839,8642
-777,1839,8642
-777,1839,8642
-777,1839,8642
-777,1839,8596
-873,1902,8596
-873,1902,8596
-873,1902,8596
-873,1902,8596
-873,1902,8596
-873,1902,8596
-873,1902,8596
-873,1902,8596
-873,1902,8596
-922,1904,8495
-922,1904,8495
-922,1904,8495
-922,1904,8495
-922,1904,8495
-922,1904,8495
-922,1904,8495
-922,1904,8495
-922,1904,8495
-1023,1892,8396
-1023,1892,8396
-1023,1892,8396
-1023,1892,8396
-1023,1892,8396
-1023,1892,8396
-1023,1892,8396
-1023,1892,8396
-1023,1892,8396
-1149,1976,8337
-1149,1976,8337
-1149,1976,8337
-1149,1976,8337
-1149,1976,8337
-1149,1976,8337
-1149,1976,8337
-1149,1976,8337
-1149,1976,8337
-796,2051,8685
-796,2051,8685
-796,2051,8685
-796,2051,8685
-796,2051,8685
-796,2051,8685
-796,2051,8685
-796,2051,8685
-796,2051,8685
-579,2065,8878
-579,2065,8878
-579,2065,8878
-579,2065,8878
-579,2065,8878
-579,2065,8878
-579,2065,8878
-579,2065,8878
-579,2065,8878
-579,2065,8878
-229,2034,9125
-229,2034,9125
-229,2034,9125
-229,2034,9125
-229,2034,9125
-229,2034,9125
-229,2034,9125
-229,2034,9125
-229,2034,9125
246,1993,9327
246,1993,9327
246,1993,9327
246,1993,9327
246,1993,9327
246,1993,9327
246,1993,9327
246,1993,9327
246,1993,9327
661,1973,9487
661,1973,9487
661,1973,9487
661,1973,9487
661,1973,9487
661,1973,9487
661,1973,9487
661,1973,9487
661,1973,9487
1083,2002,9542
1083,2002,9542
1083,2002,9542
1083,2002,9542
1083,2002,9542
1083,2002,9542
1083,2002,9542
1083,2002,9542
1083,2002,9542
1510,2068,9646
1510,2068,9646
1510,2068,9646
1510,2068,9646
1510,2068,9646
1510,2068,9646
1510,2068,9646
1510,2068,9646
1510,2068,9646
1780,2041,9650
1780,2041,9650
1780,2041,9650
1780,2041,9650
1780,2041,9650
1780,2041,9650
1780,2041,9650
1780,2041,9650
1780,2041,9650
2090,2021,9585
2090,2021,9585
2090,2021,9585
2090,2021,9585
2090,2021,9585
2090,2021,9585
2090,2021,9585
2090,2021,9585
2090,2021,9585
2480,2012,9562
2480,2012,9562
2480,2012,9562
2480,2012,9562
2480,2012,9562
2480,2012,9562
2480,2012,9562
2480,2012,9562
2480,2012,9562
2763,2027,9430
2763,2027,9430
2763,2027,9430
2763,2027,9430
2763,2027,9430
2763,2027,9430
2763,2027,9430
2763,2027,9430
2763,2027,9430
3072,2020,9353
3072,2020,9353
3072,2020,9353
3072,2020,9353
3072,2020,9353
3072,2020,9353
3072,2020,9353
3072,2020,9353
3072,2020,9353
3072,2020,9353
3388,2023,9214
3388,2023,9214
3388,2023,9214
3388,2023,9214
3388,2023,9214
3388,2023,9214
3388,2023,9214
3388,2023,9214
3388,2023,9214
3667,2132,9131
3667,2132,9131
3667,2132,9131
3667,2132,9131
3667,2132,9131
3667,2132,9131
3667,2132,9131
3667,2132,9131
3811,2158,9024
3811,2158,9024
3811,2158,9024
3811,2158,9024
3811,2158,9024
3811,2158,9024
3811,2158,9024
3811,2158,9024
3811,2158,9024
3811,2158,9024
4076,2201,8810
4076,2201,8810
4076,2201,8810
4076,2201,8810
4076,2201,8810
4076,2201,8810
4076,2201,8810
4076,2201,8810
4290,2216,8576
4290,2216,8576
4290,2216,8576
4290,2216,8576
4290,2216,8576
4290,2216,8576
4290,2216,8576
4290,2216,8576
4290,2216,8576
4290,2216,8576
4372,2288,8518
4372,2288,8518
4372,2288,8518
4372,2288,8518
4372,2288,8518
4372,2288,8518
4372,2288,8518
4372,2288,8518
4372,2288,8518
4364,2302,8554
4364,2302,8554
4364,2302,8554
4364,2302,8554
4364,2302,8554
4364,2302,8554
4364,2302,8554
4364,2302,8554
4364,2302,8554
4227,2292,8667
4227,2292,8667
4227,2292,8667
4227,2292,8667
4227,2292,8667
4227,2292,8667
4227,2292,8667
4227,2292,8667
4227,2292,8667
4052,2256,8904
4052,2256,8904
4052,2256,8904
4052,2256,8904
4052,2256,8904
4052,2256,8904
4052,2256,8904
4052,2256,8904
4052,2256,8904
3820,2267,9002
3820,2267,9002
3820,2267,9002
3820,2267,9002
3820,2267,9002
3642,2243,9169
3642,2243,9169
3642,2243,9169
3642,2243,9169
3642,2243,9169
3642,2243,9169
3642,2243,9169
3642,2243,9169
3398,2218,9297
3398,2218,9297
3398,2218,9297
3398,2218,9297
3398,2218,9297
3398,2218,9297
3398,2218,9297
3398,2218,9297
3398,2218,9297
3174,2192,9410
3174,2192,9410
3174,2192,9410
3174,2192,9410
3174,2192,9410
3174,2192,9410
3174,2192,9410
3174,2192,9410
3174,2192,9410
2928,2140,9449
2928,2140,9449
2928,2140,9449
2928,2140,9449
2928,2140,9449
2928,2140,9449
2928,2140,9449
2928,2140,9449
2598,2131,9582
2598,2131,9582
2598,2131,9582
2598,2131,9582
2598,2131,9582
2598,2131,9582
2598,2131,9582
2598,2131,9582
2598,2131,9582
2598,2131,9582
2264,2067,9606
2264,2067,9606
2264,2067,9606
2264,2067,9606
2264,2067,9606
2264,2067,9606
2264,2067,9606
2264,2067,9606
1949,2077,9654
1949,2077,9654
1949,2077,9654
1949,2077,9654
1949,2077,9654
1949,2077,9654
1949,2077,9654
1949,2077,9654
1949,2077,9654
1949,2077,9654
1638,2100,9634
1638,2100,9634
1638,2100,9634
1638,2100,9634
1638,2100,9634
1638,2100,9634
1638,2100,9634
1638,2100,9634
1638,2100,9634
1638,2100,9634
1371,2050,9616
1371,2050,9616
1371,2050,9616
1371,2050,9616
1371,2050,9616
1371,2050,9616
1371,2050,9616
1371,2050,9616
1371,2050,9616
1137,2051,9597
1137,2051,9597
1137,2051,9597
1137,2051,9597
1137,2051,9597
1137,2051,9597
1137,2051,9597
1137,2051,9597
1137,2051,9597
814,2040,9532
814,2040,9532
814,2040,9532
814,2040,9532
814,2040,9532
814,2040,9532
814,2040,9532
814,2040,9532
814,2040,9532
616,1987,9396
616,1987,9396
616,1987,9396
616,1987,9396
616,1987,9396
616,1987,9396
616,1987,9396
616,1987,9396
616,1987,9396
381,1858,9324
381,1858,9324
381,1858,9324
381,1858,9324
381,1858,9324
381,1858,9324
381,1858,9324
381,1858,9324
381,1858,9324
166,1816,9157
166,1816,9157
166,1816,9157
166,1816,9157
166,1816,9157
166,1816,9157
166,1816,9157
166,1816,9157
166,1816,9157
-38,1803,9062
-38,1803,9062
-38,1803,9062
-38,1803,9062
-38,1803,9062
-38,1803,9062
-38,1803,9062
-38,1803,9062
-38,1803,9062
-198,1751,8938
-198,1751,8938
-198,1751,8938
-198,1751,8938
-198,1751,8938
-198,1751,8938
-198,1751,8938
-198,1751,8938
-198,1751,8938
-377,1771,8852
-377,1771,8852
-377,1771,8852
-377,1771,8852
-377,1771,8852
-377,1771,8852
-377,1771,8852
-377,1771,8852
-377,1771,8852
-516,1704,8673
-516,1704,8673
-516,1704,8673
-516,1704,8673
-516,1704,8673
-516,1704,8673
-516,1704,8673
-516,1704,8673
-516,1704,8673
-719,1698,8581
-719,1698,8581
-719,1698,8581
-719,1698,8581
-719,1698,8581
-719,1698,8581
-719,1698,8581
-719,1698,8581
-719,1698,8581
-831,1703,8438
-831,1703,8438
-831,1703,8438
-831,1703,8438
-831,1703,8438
-831,1703,8438
-831,1703,8438
-831,1703,8438
-831,1703,8438
-831,1703,8438
-949,1648,8355
-949,1648,8355
-949,1648,8355
-949,1648,8355
-949,1648,8355
-949,1648,8355
-949,1648,8355
-949,1648,8355
-949,1648,8355
-949,1648,8355
-1119,1645,8012
-1119,1645,8012
-1119,1645,8012
-1119,1645,8012
-1119,1645,8012
-1119,1645,8012
-1119,1645,8012
-1119,1645,8012
-1119,1645,8012
-1231,1643,7845
-1231,1643,7845
-1231,1643,7845
-1231,1643,7845
-1231,1643,7845
-1231,1643,7845
-1231,1643,7845
-1231,1643,7845
-1231,1643,7845
-1198,1605,7932
-1198,1605,7932
-1198,1605,7932
-1198,1605,7932
-1198,1605,7932
-1198,1605,7932
-1198,1605,7932
-1198,1605,7932
-997,1595,8163
-997,1595,8163
-997,1595,8163
-997,1595,8163
-997,1595,8163
-997,1595,8163
-997,1595,8163
-997,1595,8163
-997,1595,8163
-666,1495,8461
-666,1495,8461
-666,1495,8461
-666,1495,8461
-666,1495,8461
-666,1495,8461
-666,1495,8461
-666,1495,8461
-666,1495,8461
-265,1447,8789
-265,1447,8789
-265,1447,8789
-265,1447,8789
-265,1447,8789
-265,1447,8789
-265,1447,8789
-265,1447,8789
-265,1447,8789
229,1431,8985
229,1431,8985
229,1431,8985
229,1431,8985
229,1431,8985
229,1431,8985
229,1431,8985
229,1431,8985
229,1431,8985
229,1431,8985
705,1365,9178
705,1365,9178
705,1365,9178
705,1365,9178
1115,1398,9315
1115,1398,9315
1115,1398,9315
1115,1398,9315
1115,1398,9315
1115,1398,9315
1115,1398,9315
1115,1398,9315
1115,1398,9315
1495,1399,9312
1495,1399,9312
1495,1399,9312
1495,1399,9312
1495,1399,9312
1495,1399,9312
1495,1399,9312
1495,1399,9312
1495,1399,9312
1495,1399,9312
1881,1407,9331
1881,1407,9331
1881,1407,9331
1881,1407,9331
1881,1407,9331
1881,1407,9331
1881,1407,9331
1881,1407,9331
1881,1407,9331
2300,1433,9305
2300,1433,9305
2300,1433,9305
2300,1433,9305
2300,1433,9305
2300,1433,9305
2300,1433,9305
2300,1433,9305
2300,1433,9305
2724,1464,9263
2724,1464,9263
2724,1464,9263
2724,1464,9263
2724,1464,9263
2724,1464,9263
2724,1464,9263
2724,1464,9263
2965,1444,9182
2965,1444,9182
2965,1444,9182
2965,1444,9182
2965,1444,9182
2965,1444,9182
2965,1444,9182
2965,1444,9182
2965,1444,9182
3294,1500,9060
3294,1500,9060
3294,1500,9060
3294,1500,9060
3294,1500,9060
3294,1500,9060
3294,1500,9060
3294,1500,9060
3294,1500,9060
3543,1584,8910
3543,1584,8910
3543,1584,8910
3543,1584,8910
3543,1584,8910
3543,1584,8910
3543,1584,8910
3543,1584,8910
3543,1584,8910
3824,1579,8713
3824,1579,8713
3824,1579,8713
3824,1579,8713
3824,1579,8713
3824,1579,8713
3824,1579,8713
3824,1579,8713
3824,1579,8713
4059,1621,8545
4059,1621,8545
4059,1621,8545
4059,1621,8545
4059,1621,8545
4059,1621,8545
4059,1621,8545
4059,1621,8545
4059,1621,8545
4059,1621,8545
4272,1773,8437
4272,1773,8437
4272,1773,8437
4272,1773,8437
4272,1773,8437
4272,1773,8437
4272,1773,8437
4272,1773,8437
4431,1777,8250
4431,1777,8250
4431,1777,8250
4431,1777,8250
4431,1777,8250
4431,1777,8250
4431,1777,8250
4431,1777,8250
4431,1777,8250
4431,1777,8250
4545,1802,8122
4545,1802,8122
4545,1802,8122
4545,1802,8122
4545,1802,8122
4545,1802,8122
4545,1802,8122
4545,1802,8122
4545,1802,8122
4545,1802,8122
4573,1758,8174
4573,1758,8174
4573,1758,8174
4573,1758,8174
4573,1758,8174
4573,1758,8174
4573,1758,8174
4573,1758,8174
4573,1758,8174
4386,1705,8264
4386,1705,8264
4386,1705,8264
4386,1705,8264
4386,1705,8264
4386,1705,8264
4386,1705,8264
4386,1705,8264
4131,1650,8539
4131,1650,8539
4131,1650,8539
4131,1650,8539
4131,1650,8539
4131,1650,8539
4131,1650,8539
4131,1650,8539
4131,1650,8539
3803,1652,8842
3803,1652,8842
3803,1652,8842
3803,1652,8842
3803,1652,8842
3803,1652,8842
3803,1652,8842
3803,1652,8842
3803,1652,8842
3428,1655,9016
3428,1655,9016
3428,1655,9016
3428,1655,9016
3428,1655,9016
3428,1655,9016
3428,1655,9016
3428,1655,9016
3428,1655,9016
3025,1598,9199
3025,1598,9199
3025,1598,9199
3025,1598,9199
3025,1598,9199
3025,1598,9199
3025,1598,9199
3025,1598,9199
3025,1598,9199
3025,1598,9199
2651,1603,9316
2651,1603,9316
2651,1603,9316
2651,1603,9316
2651,1603,9316
2651,1603,9316
2651,1603,9316
2651,1603,9316
2651,1603,9316
2269,1544,9383
2269,1544,9383
2269,1544,9383
2269,1544,9383
2269,1544,9383
2269,1544,9383
2269,1544,9383
2269,1544,9383
2269,1544,9383
1792,1498,9395
1792,1498,9395
1792,1498,9395
1792,1498,9395
1792,1498,9395
1792,1498,9395
1792,1498,9395
1792,1498,9395
1792,1498,9395
1469,1474,9420
1469,1474,9420
1469,1474,9420
1469,1474,9420
1469,1474,9420
1469,1474,9420
1469,1474,9420
1469,1474,9420
1469,1474,9420
1056,1489,9383
1056,1489,9383
1056,1489,9383
1056,1489,9383
1056,1489,9383
1056,1489,9383
1056,1489,9383
1056,1489,9383
1056,1489,9383
695,1526,9280
695,1526,9280
695,1526,9280
695,1526,9280
695,1526,9280
695,1526,9280
695,1526,9280
695,1526,9280
695,1526,9280
695,1526,9280
304,1571,9156
304,1571,9156
304,1571,9156
304,1571,9156
304,1571,9156
304,1571,9156
304,1571,9156
304,1571,9156
-65,1622,9001
-65,1622,9001
-65,1622,9001
-65,1622,9001
-65,1622,9001
-65,1622,9001
-65,1622,9001
-65,1622,9001
-65,1622,9001
-425,1671,8759
-425,1671,8759
-425,1671,8759
-425,1671,8759
-425,1671,8759
-425,1671,8759
-425,1671,8759
-425,1671,8759
-425,1671,8759
-771,1778,8593
-771,1778,8593
-771,1778,8593
-771,1778,8593
-771,1778,8593
-945,1841,8370
-945,1841,8370
-945,1841,8370
-945,1841,8370
-945,1841,8370
-945,1841,8370
-945,1841,8370
-945,1841,8370
-1206,1894,8100
-1206,1894,8100
-1206,1894,8100
-1206,1894,8100
-1206,1894,8100
-1206,1894,8100
-1206,1894,8100
-1206,1894,8100
-1206,1894,8100
-1206,1894,8100
-1472,1931,7784
-1472,1931,7784
-1472,1931,7784
-1472,1931,7784
-1472,1931,7784
-1472,1931,7784
-1472,1931,7784
-1472,1931,7784
-1472,1931,7784
-1472,1931,7784
-1618,1991,7564
-1618,1991,7564
-1618,1991,7564
-1618,1991,7564
-1618,1991,7564
-1618,1991,7564
-1618,1991,7564
-1618,1991,7564
-1618,1991,7564
-1551,2025,7706
-1551,2025,7706
-1551,2025,7706
-1551,2025,7706
-1551,2025,7706
-1551,2025,7706
-1551,2025,7706
-1551,2025,7706
-1551,2025,7706
-1304,2000,8048
-1304,2000,8048
-1304,2000,8048
-1304,2000,8048
-1304,2000,8048
-1304,2000,8048
-1304,2000,8048
-1304,2000,8048
-1304,2000,8048
-1094,2019,8427
-1094,2019,8427
-1094,2019,8427
-1094,2019,8427
-1094,2019,8427
-1094,2019,8427
-1094,2019,8427
-1094,2019,8427
-801,2121,8671
-801,2121,8671
-801,2121,8671
-801,2121,8671
-801,2121,8671
-801,2121,8671
-801,2121,8671
-801,2121,8671
-801,2121,8671
-801,2121,8671
-339,2149,9013
-339,2149,9013
-339,2149,9013
-339,2149,9013
-339,2149,9013
-339,2149,9013
-339,2149,9013
-339,2149,9013
-339,2149,9013
19,2132,9212
19,2132,9212
19,2132,9212
19,2132,9212
19,2132,9212
19,2132,9212
19,2132,9212
19,2132,9212
19,2132,9212
414,2089,9381
414,2089,9381
414,2089,9381
414,2089,9381
414,2089,9381
414,2089,9381
414,2089,9381
414,2089,9381
414,2089,9381
872,2070,9510
872,2070,9510
872,2070,9510
872,2070,9510
872,2070,9510
872,2070,9510
872,2070,9510
872,2070,9510
872,2070,9510
1335,2068,9626
1335,2068,9626
1335,2068,9626
1335,2068,9626
1335,2068,9626
1335,2068,9626
1335,2068,9626
1335,2068,9626
1335,2068,9626
1685,2158,9611
1685,2158,9611
1685,2158,9611
1685,2158,9611
1685,2158,9611
1685,2158,9611
1685,2158,9611
1685,2158,9611
1685,2158,9611
1685,2158,9611
2064,2205,9592
2064,2205,9592
2064,2205,9592
2064,2205,9592
2064,2205,9592
2064,2205,9592
2064,2205,9592
2064,2205,9592
2064,2205,9592
2483,2219,9554
2483,2219,9554
2483,2219,9554
2483,2219,9554
2483,2219,9554
2483,2219,9554
2483,2219,9554
2483,2219,9554
2483,2219,9554
2483,2219,9450
2921,2282,9450
2921,2282,9450
2921,2282,9450
2921,2282,9450
2921,2282,9450
2921,2282,9450
2921,2282,9450
2921,2282,9450
3162,2358,9428
3162,2358,9428
3162,2358,9428
3162,2358,9428
3162,2358,9428
3162,2358,9428
3162,2358,9428
3162,2358,9428
3162,2358,9428
3374,2375,9282
3374,2375,9282
3374,2375,9282
3374,2375,9282
3374,2375,9282
3374,2375,9282
3374,2375,9282
3374,2375,9282
3374,2375,9282
3565,2524,9245
3565,2524,9245
3565,2524,9245
3565,2524,9245
3565,2524,9245
3565,2524,9245
3565,2524,9245
3565,2524,9245
3565,2524,9245
3840,2603,9042
3840,2603,9042
3840,2603,9042
3840,2603,9042
3840,2603,9042
3840,2603,9042
3840,2603,9042
3840,2603,9042
3840,2603,9042
3840,2684,8816
4170,2684,8816
4170,2684,8816
4170,2684,8816
4170,2684,8816
4170,2684,8816
4170,2684,8816
4170,2684,8816
4170,2684,8816
4170,2684,8816
4181,2694,8816
4181,2694,8816
4181,2694,8816
4181,2694,8816
4181,2694,8816
4181,2694,8816
4181,2694,8816
4181,2694,8816
4181,2694,8816
3952,2608,9008
3952,2608,9008
3952,2608,9008
3952,2608,9008
3952,2608,9008
3952,2608,9008
3952,2608,9008
3952,2608,9008
3952,2608,9008
3541,2458,9292
3541,2458,9292
3541,2458,9292
3541,2458,9292
3541,2458,9292
3541,2458,9292
3541,2458,9292
3541,2458,9292
3541,2458,9292
2959,2340,9576
2959,2340,9576
2959,2340,9576
2959,2340,9576
2959,2340,9576
2959,2340,9576
2959,2340,9576
2959,2340,9576
2959,2340,9576
2421,2333,9670
2421,2333,9670
2421,2333,9670
2421,2333,9670
2421,2333,9670
2421,2333,9670
2421,2333,9670
2421,2333,9670
2421,2333,9670
1820,2364,9737
1820,2364,9737
1820,2364,9737
1820,2364,9737
1820,2364,9737
1820,2364,9737
1820,2364,9737
1299,2402,9710
1299,2402,9710
1299,2402,9710
1299,2402,9710
1299,2402,9710
1299,2402,9710
767,2375,9614
767,2375,9614
767,2375,9614
767,2375,9614
767,2375,9614
767,2375,9614
767,2375,9614
767,2375,9614
767,2375,9614
319,2373,9468
319,2373,9468
319,2373,9468
319,2373,9468
319,2373,9468
319,2373,9468
319,2373,9468
319,2373,9468
319,2373,9468
319,2373,9468
-157,2407,9216
-157,2407,9216
-157,2407,9216
-157,2407,9216
-157,2407,9216
-157,2407,9216
-157,2407,9216
-157,2407,9216
-157,2407,9216
-558,2495,8958
-558,2495,8958
-558,2495,8958
-558,2495,8958
-558,2495,8958
-558,2495,8958
-558,2495,8958
-558,2495,8958
-558,2495,8958
-886,2547,8652
-886,2547,8652
-886,2547,8652
-886,2547,8652
-886,2547,8652
-886,2547,8652
-886,2547,8652
-886,2547,8652
-886,2547,8652
-1164,2605,8449
-1164,2605,8449
-1164,2605,8449
-1164,2605,8449
-1164,2605,8449
-1164,2605,8449
-1164,2605,8449
-1164,2605,8449
-1164,2605,8449
-1388,2684,8189
-1388,2684,8189
-1388,2684,8189
-1388,2684,8189
-1388,2684,8189
-1388,2684,8189
-1388,2684,8189
-1388,2684,8189
-1388,2684,8189
-1501,2756,7987
-1501,2756,7987
-1501,2756,7987
-1501,2756,7987
-1501,2756,7987
-1501,2756,7987
-1501,2756,7987
-1501,2756,7987
-1501,2756,7987
-1682,2800,7718
-1682,2800,7718
-1682,2800,7718
-1682,2800,7718
-1682,2800,7718
-1682,2800,7718
-1682,2800,7718
-1682,2800,7718
-1682,2800,7718
-1726,2875,7575
-1726,2875,7575
-1726,2875,7575
-1726,2875,7575
-1726,2875,7575
-1726,2875,7575
-1726,2875,7575
-1726,2875,7575
-1726,2875,7575
-1726,2875,7575
-1706,2942,7624
-1706,2942,7624
-1706,2942,7624
-1706,2942,7624
-1706,2942,7624
-1706,2942,7624
-1706,2942,7624
-1706,2942,7624
-1706,2942,7624
-1585,2971,7746
-1585,2971,7746
-1585,2971,7746
-1585,2971,7746
-1585,2971,7746
-1585,2971,7746
-1585,2971,7746
-1585,2971,7746
-1585,2971,7746
-1566,2987,7854
-1566,2987,7854
-1566,2987,7854
-1566,2987,7854
-1566,2987,7854
-1566,2987,7854
-1566,2987,7854
-1566,2987,7854
-1566,2987,7854
-1503,2996,7945
-1503,2996,7945
-1503,2996,7945
-1503,2996,7945
-1503,2996,7945
-1503,2996,7945
-1503,2996,7945
-1503,2996,7945
-1503,2996,7945
-1387,3025,8179
-1387,3025,8179
-1387,3025,8179
-1387,3025,8179
-1387,3025,8179
-1387,3025,8179
-1387,3025,8179
-1387,3025,8179
-1387,3025,8179
-1160,3052,8469
-1160,3052,8469
-1160,3052,8469
-1160,3052,8469
-1160,3052,8469
-1160,3052,8469
-1160,3052,8469
-1160,3052,8469
-1160,3052,8469
-1160,3052,8469
-868,2982,8747
-868,2982,8747
-868,2982,8747
-868,2982,8747
-868,2982,8747
-868,2982,8747
-868,2982,8747
-868,2982,8747
-868,2982,8747
-415,3008,9133
-415,3008,9133
-415,3008,9133
-415,3008,9133
-415,3008,9133
-415,3008,9133
-415,3008,9133
-415,3008,9133
64,3047,9394
64,3047,9394
64,3047,9394
64,3047,9394
64,3047,9394
64,3047,9394
64,3047,9394
64,3047,9394
64,3047,9394
516,3119,9524
516,3119,9524
516,3119,9524
516,3119,9524
516,3119,9524
516,3119,9524
516,3119,9524
516,3119,9524
516,3119,9524
968,3068,9646
968,3068,9646
968,3068,9646
968,3068,9646
968,3068,9646
968,3068,9646
968,3068,9646
968,3068,9646
968,3068,9646
968,3068,9646
1358,3016,9666
1358,3016,9666
1358,3016,9666
1358,3016,9666
1358,3016,9666
1358,3016,9666
1358,3016,9666
1358,3016,9666
1358,3016,9666
1794,3072,9733
1794,3072,9733
1794,3072,9733
1794,3072,9733
1794,3072,9733
1794,3072,9733
1794,3072,9733
1794,3072,9733
1794,3072,9733
1794,3072,9733
2242,3150,9655
2242,3150,9655
2242,3150,9655
2242,3150,9655
2242,3150,9655
2242,3150,9655
2242,3150,9655
2242,3150,9655
2242,3150,9655
2603,3209,9586
2603,3209,9586
2603,3209,9586
2603,3209,9586
2603,3209,9586
2603,3209,9586
2603,3209,9586
2603,3209,9586
2603,3209,9586
3008,3242,9474
3008,3242,9474
3008,3242,9474
3008,3242,9474
3008,3242,9474
3008,3242,9474
3008,3242,9474
3008,3242,9474
3008,3242,9474
3401,3288,9291
3401,3288,9291
3401,3288,9291
3401,3288,9291
3401,3288,9291
3401,3288,9291
3401,3288,9291
3401,3288,9291
3401,3288,9291
3710,3304,9093
3710,3304,9093
3710,3304,9093
3710,3304,9093
3806,3305,9039
3806,3305,9039
3806,3305,9039
3806,3305,9039
3806,3305,9039
3806,3305,9039
3806,3305,9039
3806,3305,9039
3753,3262,9077
3753,3262,9077
3753,3262,9077
3753,3262,9077
3753,3262,9077
3753,3262,9077
3753,3262,9077
3753,3262,9077
3753,3262,9077
3458,3221,9266
3458,3221,9266
3458,3221,9266
3458,3221,9266
3458,3221,9266
3458,3221,9266
3458,3221,9266
3458,3221,9266
3458,3221,9266
3458,3221,9266
2918,3184,9531
2918,3184,9531
2918,3184,9531
2918,3184,9531
2918,3184,9531
2918,3184,9531
2918,3184,9531
2918,3184,9531
2918,3198,9655
2246,3198,9655
2246,3198,9655
2246,3198,9655
2246,3198,9655
2246,3198,9655
2246,3198,9655
2246,3198,9655
2246,3198,9655
2246,3198,9655
1626,3200,9745
1626,3200,9745
1626,3200,9745
1626,3200,9745
1626,3200,9745
1626,3200,9745
1626,3200,9745
1626,3200,9745
1626,3200,9745
1626,3200,9745
1025,3240,9660
1025,3240,9660
1025,3240,9660
1025,3240,9660
1025,3240,9660
1025,3240,9660
1025,3240,9660
1025,3240,9660
1025,3240,9660
454,3258,9460
454,3258,9460
454,3258,9460
454,3258,9460
454,3258,9460
454,3258,9460
454,3258,9460
454,3258,9460
454,3258,9460
-32,3248,9285
-32,3248,9285
-32,3248,9285
-32,3248,9285
-32,3248,9285
-32,3248,9285
-32,3248,9285
-32,3248,9285
-32,3248,9285
-390,3214,9065
-390,3214,9065
-390,3214,9065
-390,3214,9065
-390,3214,9065
-390,3214,9065
-390,3214,9065
-390,3214,9065
-390,3214,9065
-673,3225,8885
-673,3225,8885
-673,3225,8885
-673,3225,8885
-673,3225,8885
-673,3225,8885
-673,3225,8885
-673,3225,8885
-673,3225,8662
-965,3221,8662
-965,3221,8662
-965,3221,8662
-965,3221,8662
-965,3221,8662
-965,3221,8662
-965,3221,8662
-965,3221,8662
-965,3221,8662
-1157,3219,8455
-1157,3219,8455
-1157,3219,8455
-1157,3219,8455
-1157,3219,8455
-1157,3219,8455
-1157,3219,8455
-1157,3219,8455
-1157,3219,8455
-1295,3227,8243
-1295,3227,8243
-1295,3227,8243
-1295,3227,8243
-1295,3227,8243
-1295,3227,8243
-1295,3227,8243
-1295,3227,8243
-1295,3227,8243
-1387,3331,8127
-1387,3331,8127
-1387,3331,8127
-1387,3331,8127
-1387,3331,8127
-1387,3331,8127
-1387,3331,8127
-1387,3331,8127
-1387,3331,8127
-1370,3414,8085
-1370,3414,8085
-1370,3414,8085
-1370,3414,8085
-1370,3414,8085
-1370,3414,8085
-1370,3414,8085
-1370,3414,8085
-1370,3414,8085
-1344,3473,8134
-1344,3473,8134
-1344,3473,8134
-1344,3473,8134
-1344,3473,8134
-1344,3473,8134
-1344,3473,8134
-1344,3473,8134
-1344,3473,8134
-1344,3473,8134
-1272,3484,8231
-1272,3484,8231
-1272,3484,8231
-1272,3484,8231
-1272,3484,8231
-1272,3484,8231
-1272,3484,8231
-1272,3484,8231
-1272,3484,8231
-1272,3550,8230
-1272,3550,8230
-1272,3550,8230
-1272,3550,8230
-1272,3550,8230
-1272,3550,8230
-1272,3550,8230
-1272,3550,8230
-1272,3550,8230
-1284,3639,8147
-1284,3639,8147
-1284,3639,8147
-1284,3639,8147
-1284,3639,8147
-1284,3639,8147
-1284,3639,8147
-1284,3639,8147
-1284,3639,8147
-1281,3720,8196
-1281,3720,8196
-1281,3720,8196
-1281,3720,8196
-1281,3720,8196
-1281,3720,8196
-1281,3720,8196
-1281,3720,8196
-1281,3720,8196
-1129,3731,8372
-1129,3731,8372
-1129,3731,8372
-1129,3731,8372
-1129,3731,8372
-1129,3731,8372
-1129,3731,8372
-1129,3731,8372
-1129,3731,8372
-971,3674,8584
-971,3674,8584
-971,3674,8584
-971,3674,8584
-971,3674,8584
-971,3674,8584
-971,3674,8584
-971,3674,8584
-971,3674,8584
-680,3639,8820
-680,3639,8820
-680,3639,8820
-680,3639,8820
-680,3639,8820
-680,3639,8820
-680,3639,8820
-680,3639,8820
-680,3639,8820
-354,3629,9128
-354,3629,9128
-354,3629,9128
-354,3629,9128
-354,3629,9128
-354,3629,9128
-354,3629,9128
-354,3629,9128
-354,3629,9128
86,3611,9254
86,3611,9254
86,3611,9254
86,3611,9254
86,3611,9254
86,3611,9254
86,3611,9254
86,3611,9254
86,3611,9254
86,3611,9254
474,3608,9456
474,3608,9456
474,3608,9456
474,3608,9456
474,3608,9456
474,3608,9456
474,3608,9456
474,3608,9456
474,3608,9456
870,3616,9582
870,3616,9582
870,3616,9582
870,3616,9582
1297,3617,9639
1297,3617,9639
1297,3617,9639
1297,3617,9639
1297,3617,9639
1297,3617,9639
1297,3617,9639
1297,3617,9639
1297,3617,9639
1297,3617,9639
1650,3554,9697
1650,3554,9697
1650,3554,9697
1650,3554,9697
1650,3554,9697
1650,3554,9697
1650,3554,9697
1650,3554,9697
1650,3554,9697
2000,3529,9703
2000,3529,9703
2000,3529,9703
2000,3529,9703
2000,3529,9703
2000,3529,9703
2000,3529,9703
2000,3529,9703
2352,3590,9629
2352,3590,9629
2352,3590,9629
2352,3590,9629
2352,3590,9629
2352,3590,9629
2352,3590,9629
2352,3590,9629
2352,3590,9629
2683,3630,9471
2683,3630,9471
2683,3630,9471
2683,3630,9471
2683,3630,9471
2683,3630,9471
2683,3630,9471
2683,3630,9471
2683,3630,9471
3097,3756,9314
3097,3756,9314
3097,3756,9314
3097,3756,9314
3097,3756,9314
3097,3756,9314
3097,3756,9314
3097,3756,9314
3097,3756,9314
3545,3822,9077
3545,3822,9077
3545,3822,9077
3545,3822,9077
3545,3822,9077
3545,3822,9077
3545,3822,9077
3545,3822,9077
3545,3822,9077
3545,3822,9077
3937,3864,8789
3937,3864,8789
3937,3864,8789
3937,3864,8789
3937,3864,8789
3937,3864,8789
3937,3864,8789
3937,3864,8789
3937,3864,8789
4169,3860,8524
4169,3860,8524
4169,3860,8524
4169,3860,8524
4169,3860,8524
4169,3860,8524
4169,3860,8524
4169,3860,8524
4169,3860,8524
4384,3838,8313
4384,3838,8313
4384,3838,8313
4384,3838,8313
4384,3838,8313
4384,3838,8313
4384,3838,8313
4384,3838,8313
4384,3838,8313
4540,3832,8144
4540,3832,8144
4540,3832,8144
4540,3832,8144
4540,3832,8144
4540,3832,8144
4540,3832,8144
4540,3832,8144
4540,3832,8144
4505,3842,8218
4505,3842,8218
4505,3842,8218
4505,3842,8218
4505,3842,8218
4505,3842,8218
4505,3842,8218
4505,3842,8218
4505,3842,8218
4308,3828,8498
4308,3828,8498
4308,3828,8498
4308,3828,8498
4308,3828,8498
4308,3828,8498
4308,3828,8498
4308,3828,8498
4308,3828,8498
3896,3776,8942
3896,3776,8942
3896,3776,8942
3896,3776,8942
3896,3776,8942
3896,3776,8942
3896,3776,8942
3896,3776,8942
3896,3776,8942
3363,3709,9247
3363,3709,9247
3363,3709,9247
3363,3709,9247
3363,3709,9247
3363,3709,9247
3363,3709,9247
3363,3709,9247
3363,3709,9247
2791,3736,9489
2791,3736,9489
2791,3736,9489
2791,3736,9489
2791,3736,9489
2791,3736,9489
2791,3736,9489
2791,3736,9489
2791,3736,9489
2791,3736,9489
2281,3756,9609
2281,3756,9609
2281,3756,9609
2281,3756,9609
2281,3756,9609
2281,3756,9609
2281,3756,9609
2281,3756,9609
2281,3756,9609
1849,3790,9659
1849,3790,9659
1849,3790,9659
1849,3790,9659
1849,3790,9659
1849,3790,9659
1849,3790,9659
1849,3790,9659
1849,3790,9659
1509,3792,9652
1509,3792,9652
1509,3792,9652
1509,3792,9652
1509,3792,9652
1509,3792,9652
1509,3792,9652
1509,3792,9652
1509,3792,9652
1287,3781,9585
1287,3781,9585
1287,3781,9585
1287,3781,9585
1287,3781,9585
1287,3781,9585
1287,3781,9585
1287,3781,9585
1287,3781,9585
913,3780,9565
913,3780,9565
913,3780,9565
913,3780,9565
913,3780,9565
913,3780,9565
913,3780,9565
913,3780,9565
913,3780,9565
658,3788,9505
658,3788,9505
658,3788,9505
658,3788,9505
658,3788,9505
658,3788,9505
658,3788,9505
658,3788,9505
658,3788,9505
349,3835,9336
349,3835,9336
349,3835,9336
349,3835,9336
349,3835,9336
349,3835,9336
349,3835,9336
349,3835,9336
349,3835,9336
133,3839,9256
133,3839,9256
133,3839,9256
133,3839,9256
133,3839,9256
133,3839,9256
133,3839,9256
133,3839,9256
-113,3874,9129
-113,3874,9129
-113,3874,9129
-113,3874,9129
-113,3874,9129
-113,3874,9129
-113,3874,9129
-113,3874,9129
-113,3874,9129
-113,3874,9129
-320,3903,8999
-320,3903,8999
-320,3903,8999
-320,3903,8999
-320,3903,8999
-320,3903,8999
-320,3903,8999
-320,3903,8999
-320,3903,8999
-320,3903,8999
-549,3863,8863
-549,3863,8863
-549,3863,8863
-549,3863,8863
-549,3863,8863
-549,3863,8863
-549,3863,8863
-549,3863,8863
-549,3863,8863
-769,3872,8628
-769,3872,8628
-769,3872,8628
-769,3872,8628
-769,3872,8628
-769,3872,8628
-769,3872,8628
-769,3872,8628
-769,3872,8628
-826,3903,8545
-826,3903,8545
-826,3903,8545
-826,3903,8545
-709,3894,8722
-709,3894,8722
-709,3894,8722
-709,3894,8722
-709,3894,8722
-709,3894,8722
-709,3894,8722
-709,3894,8722
-709,3894,8722
-440,3881,8957
-440,3881,8957
-440,3881,8957
-440,3881,8957
-440,3881,8957
-440,3881,8957
-440,3881,8957
-440,3881,8957
-440,3881,8957
-90,3795,9175
-90,3795,9175
-90,3795,9175
-90,3795,9175
-90,3795,9175
-90,3795,9175
-90,3795,9175
-90,3795,9175
-90,3795,9175
294,3840,9300
294,3840,9300
294,3840,9300
294,3840,9300
294,3840,9300
294,3840,9300
294,3840,9300
294,3840,9300
294,3840,9300
660,3795,9456
660,3795,9456
660,3795,9456
660,3795,9456
660,3795,9456
660,3795,9456
660,3795,9456
660,3795,9456
660,3795,9456
977,3817,9513
977,3817,9513
977,3817,9513
977,3817,9513
977,3817,9513
977,3817,9513
977,3817,9513
977,3817,9513
977,3817,9513
1307,3834,9568
1307,3834,9568
1307,3834,9568
1307,3834,9568
1307,3834,9568
1307,3834,9568
1307,3834,9568
1307,3834,9568
1307,3834,9568
1577,3805,9580
1577,3805,9580
1577,3805,9580
1577,3805,9580
1577,3805,9580
1577,3805,9580
1577,3805,9580
1577,3805,9580
1577,3805,9580
1844,3829,9516
1844,3829,9516
1844,3829,9516
1844,3829,9516
1844,3829,9516
1844,3829,9516
1844,3829,9516
1844,3829,9516
1844,3829,9516
2089,3766,9595
2089,3766,9595
2089,3766,9595
2089,3766,9595
2089,3766,9595
2089,3766,9595
2089,3766,9595
2089,3766,9595
2089,3766,9595
2089,3766,9595
2378,3757,9582
2378,3757,9582
2378,3757,9582
2378,3757,9582
2378,3757,9582
2378,3757,9582
2378,3757,9582
2378,3757,9582
2378,3757,9582
2725,3769,9459
2725,3769,9459
2725,3769,9459
2725,3769,9459
2725,3769,9459
2725,3769,9459
2725,3769,9459
2725,3769,9459
2725,3769,9459
2725,3769,9459
3141,3725,9322
3141,3725,9322
3141,3725,9322
3141,3725,9322
3141,3725,9322
3141,3725,9322
3141,3725,9322
3141,3725,9322
3141,3725,9322
3536,3782,9093
3536,3782,9093
3536,3782,9093
3536,3782,9093
3536,3782,9093
3536,3782,9093
3536,3782,9093
3536,3782,9093
3536,3782,9093
3941,3911,8734
3941,3911,8734
3941,3911,8734
3941,3911,8734
3941,3911,8734
3941,3911,8734
3941,3911,8734
3941,3911,8734
4312,3944,8347
4312,3944,8347
4312,3944,8347
4312,3944,8347
4312,3944,8347
4312,3944,8347
4312,3944,8347
4312,3944,8347
4312,3944,8347
4661,4021,7776
4661,4021,7776
4661,4021,7776
4661,4021,7776
4661,4021,7776
4661,4021,7776
4661,4021,7776
4661,4021,7776
4661,4021,7776
4799,4080,7373
4799,4080,7373
4799,4080,7373
4799,4080,7373
4799,4080,7373
4799,4080,7373
4799,4080,7373
4799,4080,7373
4799,4080,7373
4919,4113,7124
4919,4113,7124
4919,4113,7124
4919,4113,7124
4919,4113,7124
4919,4113,7124
4919,4113,7124
4919,4113,7124
4919,4113,7124
4883,4112,7282
4883,4112,7282
4883,4112,7282
4883,4112,7282
4883,4112,7282
4883,4112,7282
4883,4112,7282
4883,4112,7282
4883,4112,7282
4747,4056,7611
4747,4056,7611
4747,4056,7611
4747,4056,7611
4747,4056,7611
4747,4056,7611
4747,4056,7611
4747,4056,7611
4747,4056,7611
4531,4023,8077
4531,4023,8077
4531,4023,8077
4531,4023,8077
4531,4023,8077
4531,4023,8077
4531,4023,8077
4531,4023,8077
4531,4023,8077
4531,4023,8077
4134,4004,8557
4134,4004,8557
4134,4004,8557
4134,4004,8557
4134,4004,8557
4134,4004,8557
4134,4004,8557
4134,4004,8557
4134,4004,8557
3717,4037,8899
3717,4037,8899
3717,4037,8899
3717,4037,8899
3717,4037,8899
3717,4037,8899
3717,4037,8899
3717,4037,8899
3717,4037,8899
3178,4077,9200
3178,4077,9200
3178,4077,9200
3178,4077,9200
3178,4077,9200
3178,4077,9200
3178,4077,9200
3178,4077,9200
3178,4077,9200
2681,4027,9434
2681,4027,9434
2681,4027,9434
2681,4027,9434
2681,4027,9434
2681,4027,9434
2681,4027,9434
2681,4027,9434
2681,4027,9434
2293,3933,9523
2293,3933,9523
2293,3933,9523
2293,3933,9523
2293,3933,9523
2293,3933,9523
2293,3933,9523
2293,3933,9523
2293,3933,9523
1875,3926,9585
1875,3926,9585
1875,3926,9585
1875,3926,9585
1875,3926,9585
1875,3926,9585
1875,3926,9585
1875,3926,9585
1875,3926,9585
1505,3932,9556
1505,3932,9556
1505,3932,9556
1505,3932,9556
1231,3948,9546
1231,3948,9546
1231,3948,9546
1231,3948,9546
1231,3948,9546
1231,3948,9546
1231,3948,9546
1231,3948,9546
1231,3948,9546
877,4021,9471
877,4021,9471
877,4021,9471
877,4021,9471
877,4021,9471
877,4021,9471
877,4021,9471
877,4021,9471
877,4021,9471
877,4021,9471
610,4028,9354
610,4028,9354
610,4028,9354
610,4028,9354
610,4028,9354
610,4028,9354
610,4028,9354
610,4028,9354
610,4028,9354
610,4028,9354
284,4130,9213
284,4130,9213
284,4130,9213
284,4130,9213
284,4130,9213
284,4130,9213
284,4130,9213
284,4130,9213
284,4130,9213
-49,4110,9045
-49,4110,9045
-49,4110,9045
-49,4110,9045
-49,4110,9045
-49,4110,9045
-49,4110,9045
-49,4110,9045
-49,4110,9045
-325,4147,8853
-325,4147,8853
-325,4147,8853
-325,4147,8853
-325,4147,8853
-325,4147,8853
-325,4147,8853
-325,4147,8853
-599,4180,8661
-599,4180,8661
-599,4180,8661
-599,4180,8661
-599,4180,8661
-599,4180,8661
-599,4180,8661
-599,4180,8661
-599,4180,8661
-715,4148,8438
-715,4148,8438
-715,4148,8438
-715,4148,8438
-715,4148,8438
-715,4148,8438
-715,4148,8438
-715,4148,8438
-715,4148,8438
-960,4160,8241
-960,4160,8241
-960,4160,8241
-960,4160,8241
-960,4160,8241
-960,4160,8241
-960,4160,8241
-960,4160,8241
-960,4160,8241
-1125,4112,8085
-1125,4112,8085
-1125,4112,8085
-1125,4112,8085
-1125,4112,8085
-1125,4112,8085
-1125,4112,8085
-1125,4112,8085
-1125,4112,8085
-1091,4117,8168
-1091,4117,8168
-1091,4117,8168
-1091,4117,8168
-1091,4117,8168
-1091,4117,8168
-1091,4117,8168
-1091,4117,8168
-1091,4117,8168
-1091,4117,8168
-878,4106,8444
-878,4106,8444
-878,4106,8444
-878,4106,8444
-878,4106,8444
-878,4106,8444
-878,4106,8444
-878,4106,8444
-878,4106,8444
-584,4067,8752
-584,4067,8752
-584,4067,8752
-584,4067,8752
-584,4067,8752
-584,4067,8752
-584,4067,8752
-584,4067,8752
-584,4067,8752
-217,4021,8999
-217,4021,8999
-217,4021,8999
-217,4021,8999
-217,4021,8999
-217,4021,8999
-217,4021,8999
-217,4021,8999
-217,4021,8999
251,3925,9252
251,3925,9252
251,3925,9252
251,3925,9252
251,3925,9252
251,3925,9252
251,3925,9252
251,3925,9252
251,3925,9252
251,3925,9252
675,3947,9462
675,3947,9462
675,3947,9462
675,3947,9462
675,3947,9462
675,3947,9462
675,3947,9462
675,3947,9462
1073,3912,9485
1073,3912,9485
1073,3912,9485
1073,3912,9485
1073,3912,9485
1073,3912,9485
1073,3912,9485
1073,3912,9485
1073,3912,9485
1463,3922,9548
1463,3922,9548
1463,3922,9548
1463,3922,9548
1463,3922,9548
1463,3922,9548
1463,3922,9548
1463,3922,9548
1463,3922,9548
1463,3922,9548
1838,3890,9572
1838,3890,9572
1838,3890,9572
1838,3890,9572
1838,3890,9572
1838,3890,9572
1838,3890,9572
1838,3890,9572
1838,3890,9572
2260,3903,9552
2260,3903,9552
2260,3903,9552
2260,3903,9552
2260,3903,9552
2260,3903,9552
2260,3903,9552
2260,3903,9552
2260,3903,9552
2641,3880,9464
2641,3880,9464
2641,3880,9464
2641,3880,9464
2641,3880,9464
2641,3880,9464
2641,3880,9464
2641,3880,9464
2641,3880,9464
2964,3866,9360
2964,3866,9360
2964,3866,9360
2964,3866,9360
2964,3866,9360
2964,3866,9360
2964,3866,9360
2964,3866,9360
2964,3866,9360
3194,3855,9244
3194,3855,9244
3194,3855,9244
3194,3855,9244
3194,3855,9244
3194,3855,9244
3194,3855,9244
3194,3855,9244
3194,3855,9244
3509,3820,9066
3509,3820,9066
3509,3820,9066
3509,3820,9066
3509,3820,9066
3509,3820,9066
3509,3820,9066
3509,3820,9066
3509,3820,9066
3857,3819,8846
3857,3819,8846
3857,3819,8846
3857,3819,8846
3857,3819,8846
3857,3819,8846
3857,3819,8846
3857,3819,8846
3857,3819,8846
4019,3846,8710
4019,3846,8710
4019,3846,8710
4019,3846,8710
4019,3846,8710
4019,3846,8710
4019,3846,8710
4019,3846,8710
4019,3846,8710
4272,3920,8437
4272,3920,8437
4272,3920,8437
4272,3920,8437
4272,3920,8437
4272,3920,8437
4272,3920,8437
4272,3920,8437
4272,3920,8437
4573,3964,7962
4573,3964,7962
4573,3964,7962
4573,3964,7962
4573,3964,7962
4573,3964,7962
4573,3964,7962
4573,3964,7962
4573,3964,7962
4573,3964,7962
4756,3997,7537
4756,3997,7537
4756,3997,7537
4756,3997,7537
4893,4016,7182
4893,4016,7182
4893,4016,7182
4893,4016,7182
4893,4016,7182
4893,4016,7182
4893,4016,7182
4893,4016,7182
4893,4016,7182
4934,4055,6938
4934,4055,6938
4934,4055,6938
4934,4055,6938
4934,4055,6938
4934,4055,6938
4934,4055,6938
4934,4055,6938
4934,4055,6938
4916,4068,6972
4916,4068,6972
4916,4068,6972
4916,4068,6972
4916,4068,6972
4916,4068,6972
4916,4068,6972
4916,4068,6972
4916,4068,6972
4870,4085,7266
4870,4085,7266
4870,4085,7266
4870,4085,7266
4870,4085,7266
4870,4085,7266
4870,4085,7266
4870,4085,7266
4870,4085,7266
4690,4049,7693
4690,4049,7693
4690,4049,7693
4690,4049,7693
4690,4049,7693
4690,4049,7693
4690,4049,7693
4690,4049,7693
4690,4049,7693
4424,4049,8157
4424,4049,8157
4424,4049,8157
4424,4049,8157
4424,4049,8157
4424,4049,8157
4424,4049,8157
4424,4049,8157
4424,4049,8157
4119,4000,8609
4119,4000,8609
4119,4000,8609
4119,4000,8609
4119,4000,8609
4119,4000,8609
4119,4000,8609
4119,4000,8609
4119,4000,8609
4119,4000,8940
3702,3972,8940
3702,3972,8940
3702,3972,8940
3702,3972,8940
3702,3972,8940
3702,3972,8940
3702,3972,8940
3702,3972,8940
3227,4007,9234
3227,4007,9234
3227,4007,9234
3227,4007,9234
3227,4007,9234
3227,4007,9234
3227,4007,9234
3227,4007,9234
3227,4007,9234
2700,3955,9399
2700,3955,9399
2700,3955,9399
2700,3955,9399
2700,3955,9399
2700,3955,9399
2700,3955,9399
2700,3955,9399
2700,3955,9399
2164,3930,9479
2164,3930,9479
2164,3930,9479
2164,3930,9479
2164,3930,9479
2164,3930,9479
2164,3930,9479
2164,3930,9479
2164,3930,9479
2164,3930,9479
1722,3884,9583
1722,3884,9583
1722,3884,9583
1722,3884,9583
1722,3884,9583
1722,3884,9583
1722,3884,9583
1722,3884,9583
1722,3884,9583
1281,3892,9582
1281,3892,9582
1281,3892,9582
1281,3892,9582
1281,3892,9582
1281,3892,9582
1281,3892,9582
1281,3892,9582
1281,3892,9582
993,3933,9434
993,3933,9434
993,3933,9434
993,3933,9434
993,3933,9434
993,3933,9434
993,3933,9434
993,3933,9434
993,3933,9434
993,3933,9434
694,3882,9421
694,3882,9421
694,3882,9421
694,3882,9421
694,3882,9421
694,3882,9421
694,3882,9421
694,3882,9421
694,3882,9421
417,3873,9327
417,3873,9327
417,3873,9327
417,3873,9327
417,3873,9327
417,3873,9327
417,3873,9327
417,3873,9327
417,3873,9327
109,3831,9166
109,3831,9166
109,3831,9166
109,3831,9166
109,3831,9166
109,3831,9166
109,3831,9166
109,3831,9166
109,3831,9166
-227,3807,9006
-227,3807,9006
-227,3807,9006
-227,3807,9006
-227,3807,9006
-227,3807,9006
-227,3807,9006
-227,3807,9006
-424,3804,8872
-424,3804,8872
-424,3804,8872
-424,3804,8872
-424,3804,8872
-424,3804,8872
-424,3804,8872
-424,3804,8872
-424,3804,8872
-485,3759,8791
-485,3759,8791
-485,3759,8791
-485,3759,8791
-485,3759,8791
-485,3759,8791
-485,3759,8791
-485,3759,8791
-485,3759,8791
-485,3759,8791
-360,3764,8911
-360,3764,8911
-360,3764,8911
-360,3764,8911
-360,3764,8911
-360,3764,8911
-360,3764,8911
-360,3764,8911
-100,3780,9079
-100,3780,9079
-100,3780,9079
-100,3780,9079
-100,3780,9079
-100,3780,9079
-100,3780,9079
-100,3780,9079
-100,3780,9079
-100,3780,9079
234,3743,9240
234,3743,9240
234,3743,9240
234,3743,9240
234,3743,9240
234,3743,9240
234,3743,9240
234,3743,9240
234,3743,9240
234,3743,9240
602,3749,9391
602,3749,9391
602,3749,9391
602,3749,9391
602,3749,9391
602,3749,9391
602,3749,9391
602,3749,9391
602,3749,9391
1041,3757,9473
1041,3757,9473
1041,3757,9473
1041,3757,9473
1041,3757,9473
1041,3757,9473
1041,3757,9473
1041,3757,9473
1041,3757,9473
1371,3712,9558
1371,3712,9558
1371,3712,9558
1371,3712,9558
1371,3712,9558
1371,3712,9558
1371,3712,9558
1371,3712,9558
1371,3712,9558
1767,3742,9538
1767,3742,9538
1767,3742,9538
1767,3742,9538
1767,3742,9538
1767,3742,9538
1767,3742,9538
1767,3742,9538
1767,3742,9538
2160,3754,9562
2160,3754,9562
2160,3754,9562
2160,3754,9562
2160,3754,9562
2160,3754,9562
2160,3754,9562
2160,3754,9562
2160,3754,9562
2496,3778,9488
2496,3778,9488
2496,3778,9488
2496,3778,9488
2815,3757,9382
2815,3757,9382
2815,3757,9382
2815,3757,9382
2815,3757,9382
2815,3757,9382
2815,3757,9382
2815,3757,9382
2815,3757,9382
3144,3770,9241
3144,3770,9241
3144,3770,9241
3144,3770,9241
3144,3770,9241
3144,3770,9241
3144,3770,9241
3144,3770,9241
3144,3770,9241
3449,3782,9054
3449,3782,9054
3449,3782,9054
3449,3782,9054
3449,3782,9054
3449,3782,9054
3449,3782,9054
3449,3782,9054
3449,3782,9054
3449,3782,9054
3808,3798,8880
3808,3798,8880
3808,3798,8880
3808,3798,8880
3808,3798,8880
3808,3798,8880
3808,3798,8880
3808,3798,8880
3808,3798,8880
4031,3772,8662
4031,3772,8662
4031,3772,8662
4031,3772,8662
4031,3772,8662
4031,3772,8662
4031,3772,8662
4031,3772,8662
4031,3772,8662
4276,3778,8449
4276,3778,8449
4276,3778,8449
4276,3778,8449
4276,3778,8449
4276,3778,8449
4276,3778,8449
4276,3778,8449
4276,3778,8449
4276,3815,8117
4457,3815,8117
4457,3815,8117
4457,3815,8117
4457,3815,8117
4457,3815,8117
4457,3815,8117
4457,3815,8117
4457,3815,8117
4457,3815,8117
4609,3855,7823
4609,3855,7823
4609,3855,7823
4609,3855,7823
4609,3855,7823
4609,3855,7823
4609,3855,7823
4609,3855,7823
4609,3855,7823
4825,3902,7347
4825,3902,7347
4825,3902,7347
4825,3902,7347
4825,3902,7347
4825,3902,7347
4825,3902,7347
4825,3902,7347
4953,3934,6971
4953,3934,6971
4953,3934,6971
4953,3934,6971
4953,3934,6971
4953,3934,6971
4953,3934,6971
4953,3934,6971
4953,3934,6971
4970,3992,6661
4970,3992,6661
4970,3992,6661
4970,3992,6661
4970,3992,6661
4970,3992,6661
4970,3992,6661
4970,3992,6661
4970,3992,6661
4997,3982,6331
4997,3982,6331
4997,3982,6331
4997,3982,6331
4997,3982,6331
4997,3982,6331
4997,3982,6331
4997,3982,6331
4997,3982,6331
4970,3972,6011
4970,3972,6011
4970,3972,6011
4970,3972,6011
4970,3972,6011
4970,3972,6011
4970,3972,6011
4970,3972,6011
4970,3972,6011
4970,3972,6074
5016,3997,6074
5016,3997,6074
5016,3997,6074
5016,3997,6074
5016,3997,6074
5016,3997,6074
5016,3997,6074
5016,3997,6074
5031,3952,6416
5031,3952,6416
5031,3952,6416
5031,3952,6416
5031,3952,6416
5031,3952,6416
5031,3952,6416
5031,3952,6416
5031,3952,6416
5031,3952,6416
4958,3895,7051
4958,3895,7051
4958,3895,7051
4958,3895,7051
4958,3895,7051
4958,3895,7051
4958,3895,7051
4958,3895,7051
4958,3895,7051
4958,3895,7051
4716,3851,7725
4716,3851,7725
4716,3851,7725
4716,3851,7725
4716,3851,7725
4716,3851,7725
4716,3851,7725
4716,3851,7725
4716,3851,8266
4351,3884,8266
4351,3884,8266
4351,3884,8266
4351,3884,8266
4351,3884,8266
4351,3884,8266
4351,3884,8266
4351,3884,8266
4351,3929,8752
3900,3929,8752
3900,3929,8752
3900,3929,8752
3900,3929,8752
3900,3929,8752
3900,3929,8752
3900,3929,8752
3900,3929,8752
3415,3854,9049
3415,3854,9049
3415,3854,9049
3415,3854,9049
3415,3854,9049
3415,3854,9049
3415,3854,9049
3415,3854,9049
3415,3854,9049
2821,3767,9365
2821,3767,9365
2821,3767,9365
2821,3767,9365
2821,3767,9365
2821,3767,9365
2821,3767,9365
2821,3767,9365
2821,3767,9365
2307,3719,9498
2307,3719,9498
2307,3719,9498
2307,3719,9498
2307,3719,9498
2307,3719,9498
2307,3719,9498
2307,3719,9498
2307,3719,9498
1801,3720,9559
1801,3720,9559
1801,3720,9559
1801,3720,9559
1801,3720,9559
1801,3720,9559
1801,3720,9559
1801,3720,9559
1801,3720,9559
1346,3736,9539
1346,3736,9539
1346,3736,9539
1346,3736,9539
1346,3736,9539
1346,3736,9539
1346,3736,9539
1346,3736,9539
1346,3736,9539
1029,3721,9441
1029,3721,9441
1029,3721,9441
1029,3721,9441
1029,3721,9441
1029,3721,9441
1029,3721,9441
1029,3721,9441
1029,3721,9441
1029,3721,9441
638,3673,9334
638,3673,9334
638,3673,9334
638,3673,9334
638,3673,9334
638,3673,9334
638,3673,9334
638,3673,9334
210,3717,9230
210,3717,9230
210,3717,9230
210,3717,9230
210,3717,9230
210,3717,9230
210,3717,9230
210,3717,9230
210,3717,9230
210,3717,9230
-132,3761,9000
-132,3761,9000
-132,3761,9000
-132,3761,9000
-132,3761,9000
-132,3761,9000
-132,3761,9000
-132,3761,9000
-132,3761,9000
-537,3717,8753
-537,3717,8753
-537,3717,8753
-537,3717,8753
-537,3717,8753
-789,3702,8585
-789,3702,8585
-789,3702,8585
-789,3702,8585
-789,3702,8585
-789,3702,8585
-789,3702,8585
-789,3702,8585
-981,3644,8448
-981,3644,8448
-981,3644,8448
-981,3644,8448
-981,3644,8448
-981,3644,8448
-981,3644,8448
-981,3644,8448
-981,3644,8448
-1062,3552,8405
-1062,3552,8405
-1062,3552,8405
-1062,3552,8405
-1062,3552,8405
-1062,3552,8405
-1062,3552,8405
-1062,3552,8405
-1062,3552,8405
-966,3476,8460
-966,3476,8460
-966,3476,8460
-966,3476,8460
-966,3476,8460
-966,3476,8460
-966,3476,8460
-966,3476,8460
-966,3476,8460
-779,3458,8686
-779,3458,8686
-779,3458,8686
-779,3458,8686
-779,3458,8686
-779,3458,8686
-779,3458,8686
-779,3458,8686
-779,3458,8686
-482,3426,8890
-482,3426,8890
-482,3426,8890
-482,3426,8890
-482,3426,8890
-482,3426,8890
-482,3426,8890
-482,3426,8890
-482,3426,8890
-153,3421,9131
-153,3421,9131
-153,3421,9131
-153,3421,9131
-153,3421,9131
-153,3421,9131
-153,3421,9131
-153,3421,9131
-153,3421,9131
-153,3421,9131
343,3427,9355
343,3427,9355
343,3427,9355
343,3427,9355
343,3427,9355
343,3427,9355
343,3427,9355
343,3427,9355
343,3427,9355
814,3407,9512
814,3407,9512
814,3407,9512
814,3407,9512
814,3407,9512
814,3407,9512
814,3407,9512
814,3407,9512
814,3407,9512
1293,3453,9622
1293,3453,9622
1293,3453,9622
1293,3453,9622
1293,3453,9622
1293,3453,9622
1293,3453,9622
1293,3453,9622
1293,3453,9622
1293,3453,9622
1782,3439,9624
1782,3439,9624
1782,3439,9624
1782,3439,9624
1782,3439,9624
1782,3439,9624
1782,3439,9624
1782,3439,9624
2203,3430,9555
2203,3430,9555
2203,3430,9555
2203,3430,9555
2203,3430,9555
2203,3430,9555
2203,3430,9555
2203,3430,9555
2203,3430,9555
2676,3484,9423
2676,3484,9423
2676,3484,9423
2676,3484,9423
2676,3484,9423
2676,3484,9423
2676,3484,9423
2676,3484,9423
2676,3484,9423
3192,3504,9262
3192,3504,9262
3192,3504,9262
3192,3504,9262
3192,3504,9262
3192,3504,9262
3192,3504,9262
3192,3504,9262
3192,3504,9262
3560,3518,9045
3560,3518,9045
3560,3518,9045
3560,3518,9045
3560,3518,9045
3560,3518,9045
3560,3518,9045
3560,3518,9045
3560,3518,9045
3560,3518,9045
3942,3533,8756
3942,3533,8756
3942,3533,8756
3942,3533,8756
3942,3533,8756
3942,3533,8756
3942,3533,8756
3942,3533,8756
3942,3533,8756
4277,3546,8454
4277,3546,8454
4277,3546,8454
4277,3546,8454
4277,3546,8454
4277,3546,8454
4277,3546,8454
4277,3546,8454
4277,3546,8454
4563,3635,8026
4563,3635,8026
4563,3635,8026
4563,3635,8026
4563,3635,8026
4563,3635,8026
4563,3635,8026
4563,3635,8026
4880,3662,7497
4880,3662,7497
4880,3662,7497
4880,3662,7497
4880,3662,7497
4880,3662,7497
4880,3662,7497
4880,3662,7497
4880,3662,7497
4880,3662,7497
5021,3645,6862
5021,3645,6862
5021,3645,6862
5021,3645,6862
5021,3645,6862
5021,3645,6862
5021,3645,6862
5021,3645,6862
5021,3645,6862
5021,3645,6862
5120,3590,6361
5120,3590,6361
5120,3590,6361
5120,3590,6361
5120,3590,6361
5120,3590,6361
5120,3590,6361
5120,3590,6361
5144,3550,6274
5144,3550,6274
5144,3550,6274
5144,3550,6274
5144,3550,6274
5144,3550,6274
5144,3550,6274
5144,3550,6274
5144,3550,6274
5107,3560,6379
5107,3560,6379
5107,3560,6379
5107,3560,6379
5107,3560,6379
5107,3560,6379
5107,3560,6379
5107,3560,6379
5107,3560,6379
5067,3471,6634
5067,3471,6634
5067,3471,6634
5067,3471,6634
5067,3471,6634
5067,3471,6634
5067,3471,6634
5067,3471,6634
5067,3471,6634
5067,3471,6634
5019,3473,7018
5019,3473,7018
5019,3473,7018
5019,3473,7018
5019,3473,7018
5019,3473,7018
5019,3473,7018
5019,3473,7018
5019,3473,7018
4903,3460,7490
4903,3460,7490
4903,3460,7490
4903,3460,7490
4903,3460,7490
4903,3460,7490
4903,3460,7490
4903,3460,7490
4903,3460,7490
4647,3475,7925
4647,3475,7925
4647,3475,7925
4647,3475,7925
4647,3475,7925
4647,3475,7925
4647,3475,7925
4647,3475,7925
4647,3475,7925
4354,3433,8366
4354,3433,8366
4354,3433,8366
4354,3433,8366
4354,3433,8366
4354,3433,8366
4354,3433,8366
3949,3418,8842
3949,3418,8842
3949,3418,8842
3949,3418,8842
3949,3418,8842
3949,3418,8842
3491,3392,9115
3491,3392,9115
3491,3392,9115
3491,3392,9115
3491,3392,9115
3491,3392,9115
3491,3392,9115
3491,3392,9115
3491,3392,9115
3040,3322,9318
3040,3322,9318
3040,3322,9318
3040,3322,9318
3040,3322,9318
3040,3322,9318
3040,3322,9318
3040,3322,9318
2629,3216,9471
2629,3216,9471
2629,3216,9471
2629,3216,9471
2629,3216,9471
2629,3216,9471
2629,3216,9471
2629,3216,9471
2629,3216,9471
2233,3273,9514
2233,3273,9514
2233,3273,9514
2233,3273,9514
2233,3273,9514
2233,3273,9514
2233,3273,9514
2233,3273,9514
2233,3273,9514
2233,3273,9514
1893,3252,9634
1893,3252,9634
1893,3252,9634
1893,3252,9634
1893,3252,9634
1893,3252,9634
1893,3252,9634
1893,3252,9634
1893,3252,9634
1569,3210,9584
1569,3210,9584
1569,3210,9584
1569,3210,9584
1569,3210,9584
1569,3210,9584
1569,3210,9584
1569,3210,9584
1569,3210,9584
1205,3234,9563
1205,3234,9563
1205,3234,9563
1205,3234,9563
1205,3234,9563
1205,3234,9563
1205,3234,9563
1205,3234,9563
1205,3234,9563
835,3184,9470
835,3184,9470
835,3184,9470
835,3184,9470
835,3184,9470
835,3184,9470
835,3184,9470
835,3184,9470
835,3184,9470
835,3184,9470
448,3207,9355
448,3207,9355
448,3207,9355
448,3207,9355
448,3207,9355
448,3207,9355
448,3207,9355
448,3207,9355
448,3207,9355
97,3227,9221
97,3227,9221
97,3227,9221
97,3227,9221
97,3227,9221
97,3227,9221
97,3227,9221
97,3227,9221
97,3227,9221
-310,3268,8953
-310,3268,8953
-310,3268,8953
-310,3268,8953
-310,3268,8953
-310,3268,8953
-310,3268,8953
-310,3268,8953
-310,3268,8953
-766,3266,8664
-766,3266,8664
-766,3266,8664
-766,3266,8664
-766,3266,8664
-766,3266,8664
-766,3266,8664
-766,3266,8664
-766,3266,8664
-1062,3366,8334
-1062,3366,8334
-1062,3366,8334
-1062,3366,8334
-1062,3366,8334
-1062,3366,8334
-1062,3366,8334
-1062,3366,8334
-1166,3357,8257
-1166,3357,8257
-1166,3357,8257
-1166,3357,8257
-1166,3357,8257
-1166,3357,8257
-1166,3357,8257
-1166,3357,8257
-1166,3357,8257
-1166,3357,8257
-998,3335,8472
-998,3335,8472
-998,3335,8472
-998,3335,8472
-998,3335,8472
-998,3335,8472
-998,3335,8472
-998,3335,8472
-998,3335,8472
-656,3296,8826
-656,3296,8826
-656,3296,8826
-656,3296,8826
-656,3296,8826
-656,3296,8826
-656,3296,8826
-656,3296,8826
-656,3296,8826
-194,3216,9076
-194,3216,9076
-194,3216,9076
-194,3216,9076
-194,3216,9076
-194,3216,9076
-194,3216,9076
-194,3216,9076
-194,3216,9076
-194,3216,9076
408,3111,9351
408,3111,9351
408,3111,9351
408,3111,9351
408,3111,9351
408,3111,9351
408,3111,9351
408,3111,9351
408,3111,9351
946,3004,9570
946,3004,9570
946,3004,9570
946,3004,9570
946,3004,9570
946,3004,9570
946,3004,9570
946,3004,9570
946,3004,9570
1494,2977,9607
1494,2977,9607
1494,2977,9607
1494,2977,9607
1494,2977,9607
1494,2977,9607
1494,2977,9607
1494,2977,9607
1494,2977,9607
1950,2966,9634
1950,2966,9634
1950,2966,9634
1950,2966,9634
1950,2966,9634
1950,2966,9634
1950,2966,9634
1950,2966,9634
1950,2966,9634
2364,2996,9595
2364,2996,9595
2364,2996,9595
2364,2996,9595
2364,2996,9595
2364,2996,9595
2364,2996,9595
2364,2996,9595
2364,2996,9595
2747,3015,9467
2747,3015,9467
2747,3015,9467
2747,3015,9467
2747,3015,9467
2747,3015,9467
2747,3015,9467
2747,3015,9467
2747,3015,9467
3019,2962,9370
3019,2962,9370
3019,2962,9370
3019,2962,9370
3019,2962,9370
3019,2962,9370
3019,2962,9370
3019,2962,9370
3019,2962,9370
3384,2965,9210
3384,2965,9210
3384,2965,9210
3384,2965,9210
3384,2965,9210
3384,2965,9210
3384,2965,9210
3384,2965,9210
3384,2965,9210
3728,2959,8983
3728,2959,8983
3728,2959,8983
3728,2959,8983
3728,2959,8983
3728,2959,8983
3728,2959,8983
3728,2959,8983
3728,2959,8983
4072,2942,8715
4072,2942,8715
4072,2942,8715
4072,2942,8715
4072,2942,8715
4072,2942,8715
4072,2942,8715
4072,2942,8715
4072,2942,8715
4369,2982,8374
4369,2982,8374
4369,2982,8374
4369,2982,8374
4369,2982,8374
4369,2982,8374
4369,2982,8374
4632,2939,7982
4632,2939,7982
4632,2939,7982
4632,2939,7982
4632,2939,7982
4632,2939,7982
4632,2939,7982
4841,2922,7594
4841,2922,7594
4841,2922,7594
4841,2922,7594
4841,2922,7594
4841,2922,7594
4841,2922,7594
4841,2922,7594
4841,2922,7594
5031,2877,7119
5031,2877,7119
5031,2877,7119
5031,2877,7119
5031,2877,7119
5031,2877,7119
5031,2877,7119
5031,2877,7119
5031,2877,7119
5108,2826,6617
5108,2826,6617
5108,2826,6617
5108,2826,6617
5108,2826,6617
5108,2826,6617
5108,2826,6617
5108,2826,6617
5108,2826,6617
5108,2826,6617
5137,2826,6032
5137,2826,6032
5137,2826,6032
5137,2826,6032
5137,2826,6032
5137,2826,6032
5137,2826,6032
5137,2826,6032
5121,2826,5671
5121,2826,5671
5121,2826,5671
5121,2826,5671
5121,2826,5671
5121,2826,5671
5121,2826,5671
5121,2826,5671
5121,2826,5671
5084,2858,5631
5084,2858,5631
5084,2858,5631
5084,2858,5631
5084,2858,5631
5084,2858,5631
5084,2858,5631
5084,2858,5631
5084,2858,5631
5138,2841,6048
5138,2841,6048
5138,2841,6048
5138,2841,6048
5138,2841,6048
5138,2841,6048
5138,2841,6048
5138,2841,6048
5138,2841,6048
5138,2841,6048
5125,2873,6677
5125,2873,6677
5125,2873,6677
5125,2873,6677
5125,2873,6677
5125,2873,6677
5125,2873,6677
5125,2873,6677
4950,2875,7373
4950,2875,7373
4950,2875,7373
4950,2875,7373
4950,2875,7373
4950,2875,7373
4950,2875,7373
4950,2875,7373
4950,2875,7373
4950,2875,7373
4621,2895,8052
4621,2895,8052
4621,2895,8052
4621,2895,8052
4621,2895,8052
4621,2895,8052
4621,2895,8052
4621,2895,8052
4621,2895,8052
4621,2895,8052
4185,2894,8643
4185,2894,8643
4185,2894,8643
4185,2894,8643
4185,2894,8643
4185,2894,8643
4185,2894,8643
4185,2894,8643
4185,2894,8643
3702,2846,9060
3702,2846,9060
3702,2846,9060
3702,2846,9060
3702,2846,9060
3702,2846,9060
3702,2846,9060
3702,2846,9060
3702,2846,9060
3037,2840,9373
3037,2840,9373
3037,2840,9373
3037,2840,9373
3037,2840,9373
3037,2840,9373
3037,2840,9373
3037,2840,9373
3037,2840,9373
2340,2773,9558
2340,2773,9558
2340,2773,9558
2340,2773,9558
2340,2773,9558
2340,2773,9558
2340,2773,9558
2340,2773,9558
1669,2708,9623
1669,2708,9623
1669,2708,9623
1669,2708,9623
1669,2708,9623
1669,2708,9623
1669,2708,9623
1669,2708,9623
1669,2708,9623
1669,2712,9576
990,2712,9576
990,2712,9576
990,2712,9576
990,2712,9576
990,2712,9576
990,2712,9576
990,2712,9576
990,2712,9576
990,2712,9576
334,2741,9363
334,2741,9363
334,2741,9363
334,2741,9363
334,2741,9363
334,2741,9363
334,2741,9363
334,2741,9363
334,2741,9363
-250,2815,9092
-250,2815,9092
-250,2815,9092
-250,2815,9092
-250,2815,9092
-250,2815,9092
-250,2815,9092
-250,2815,9092
-250,2815,9092
-638,2843,8843
-638,2843,8843
-638,2843,8843
-638,2843,8843
-638,2843,8843
-638,2843,8843
-638,2843,8843
-638,2843,8843
-638,2843,8843
-1037,2868,8446
-1037,2868,8446
-1037,2868,8446
-1037,2868,8446
-1037,2868,8446
-1037,2868,8446
-1037,2868,8446
-1037,2868,8446
-1037,2868,8446
-1353,2876,8068
-1353,2876,8068
-1353,2876,8068
-1353,2876,8068
-1353,2876,8068
-1353,2876,8068
-1353,2876,8068
-1353,2876,8068
-1353,2876,8068
-1484,2863,7872
-1484,2863,7872
-1484,2863,7872
-1484,2863,7872
-1484,2863,7872
-1484,2863,7872
-1484,2863,7872
-1484,2863,7872
-1484,2863,7872
-1484,2863,7872
-1598,2818,7683
-1598,2818,7683
-1598,2818,7683
-1598,2818,7683
-1598,2818,7683
-1598,2818,7683
-1598,2818,7683
-1598,2818,7683
-1598,2818,7683
-1667,2770,7529
-1667,2770,7529
-1667,2770,7529
-1667,2770,7529
-1667,2770,7529
-1667,2770,7529
-1667,2770,7529
-1667,2770,7529
-1667,2770,7529
-1696,2788,7512
-1696,2788,7512
-1696,2788,7512
-1696,2788,7512
-1696,2788,7512
-1696,2788,7512
-1696,2788,7512
-1696,2788,7512
-1696,2788,7512
-1659,2796,7537
-1659,2796,7537
-1659,2796,7537
-1659,2796,7537
-1659,2796,7537
-1659,2796,7537
-1659,2796,7537
-1659,2796,7537
-1659,2796,7537
-1563,2763,7830
-1563,2763,7830
-1563,2763,7830
-1563,2763,7830
-1563,2763,7830
-1563,2763,7830
-1563,2763,7830
-1563,2763,7830
-1563,2763,7830
-1279,2700,8206
-1279,2700,8206
-1279,2700,8206
-1279,2700,8206
-798,2614,8671
-798,2614,8671
-798,2614,8671
-798,2614,8671
-798,2614,8671
-798,2614,8671
-798,2614,8671
-798,2614,8671
-798,2614,8671
-252,2451,9077
-252,2451,9077
-252,2451,9077
-252,2451,9077
-252,2451,9077
-252,2451,9077
-252,2451,9077
-252,2451,9077
-252,2451,9077
-252,2451,9077
424,2333,9302
424,2333,9302
424,2333,9302
424,2333,9302
424,2333,9302
424,2333,9302
424,2333,9302
424,2333,9302
424,2333,9302
1137,2247,9496
1137,2247,9496
1137,2247,9496
1137,2247,9496
1137,2247,9496
1137,2247,9496
1137,2247,9496
1137,2247,9496
1780,2193,9512
1780,2193,9512
1780,2193,9512
1780,2193,9512
1780,2193,9512
1780,2193,9512
1780,2193,9512
1780,2193,9512
1780,2193,9512
1780,2193,9512
2298,2137,9409
2298,2137,9409
2298,2137,9409
2298,2137,9409
2298,2137,9409
2298,2137,9409
2298,2137,9409
2298,2137,9409
2298,2137,9318
2772,2110,9318
2772,2110,9318
2772,2110,9318
2772,2110,9318
2772,2110,9318
2772,2110,9318
2772,2110,9318
2772,2110,9318
2772,2110,9318
3264,2015,9096
3264,2015,9096
3264,2015,9096
3264,2015,9096
3264,2015,9096
3264,2015,9096
3264,2015,9096
3264,2015,9096
3264,2015,9096
3720,1990,8756
3720,1990,8756
3720,1990,8756
3720,1990,8756
3720,1990,8756
3720,1990,8756
3720,1990,8756
3720,1990,8756
3720,1990,8756
4102,1950,8426
4102,1950,8426
4102,1950,8426
4102,1950,8426
4102,1950,8426
4102,1950,8426
4102,1950,8426
4102,1950,8426
4102,1950,8426
4102,1950,7958
4370,1939,7958
4370,1939,7958
4370,1939,7958
4370,1939,7958
4370,1939,7958
4370,1939,7958
4370,1939,7958
4370,1939,7958
4370,1939,7958
4696,1957,7511
4696,1957,7511
4696,1957,7511
4696,1957,7511
4696,1957,7511
4696,1957,7511
4696,1957,7511
4696,1957,7511
4696,1957,7511
4880,1988,7064
4880,1988,7064
4880,1988,7064
4880,1988,7064
4880,1988,7064
4880,1988,7064
4880,1988,7064
4880,1988,7064
4880,1988,7064
4993,2043,6656
4993,2043,6656
4993,2043,6656
4993,2043,6656
4993,2043,6656
4993,2043,6656
4993,2043,6656
4993,2043,6656
4993,2043,6656
5045,2057,6119
5045,2057,6119
5045,2057,6119
5045,2057,6119
5045,2057,6119
5045,2057,6119
5045,2057,6119
5045,2057,6119
5045,2057,6119
5016,2121,5589
5016,2121,5589
5016,2121,5589
5016,2121,5589
5016,2121,5589
5016,2121,5589
5016,2121,5589
5016,2121,5589
5016,2121,5589
4979,2123,5357
4979,2123,5357
4979,2123,5357
4979,2123,5357
4979,2123,5357
4979,2123,5357
4979,2123,5357
4979,2123,5357
4930,2089,5403
4930,2089,5403
4930,2089,5403
4930,2089,5403
4930,2089,5403
4930,2089,5403
4930,2089,5403
4930,2089,5403
4930,2089,5403
4930,2089,5403
5035,2080,5753
5035,2080,5753
5035,2080,5753
5035,2080,5753
5035,2080,5753
5035,2080,5753
5035,2080,5753
5035,2080,5753
5035,2080,5753
5035,2080,5753
5045,2112,6314
5045,2112,6314
5045,2112,6314
5045,2112,6314
5045,2112,6314
5045,2112,6314
5045,2112,6314
5045,2112,6314
5045,2112,6314
4973,2152,6971
4973,2152,6971
4973,2152,6971
4973,2152,6971
4973,2152,6971
4973,2152,6971
4973,2152,6971
4973,2152,6971
4973,2152,6971
4655,2188,7758
4655,2188,7758
4655,2188,7758
4655,2188,7758
4655,2188,7758
4655,2188,7758
4655,2188,7758
4655,2188,7758
4655,2188,7758
4185,2227,8413
4185,2227,8413
4185,2227,8413
4185,2227,8413
4185,2227,8413
4185,2227,8413
4185,2227,8413
4185,2227,8413
4185,2227,8413
3637,2262,8874
3637,2262,8874
3637,2262,8874
3637,2262,8874
3637,2262,8874
3637,2262,8874
3637,2262,8874
3637,2262,8874
3637,2262,8874
2979,2251,9213
2979,2251,9213
2979,2251,9213
2979,2251,9213
2979,2251,9213
2979,2251,9213
2979,2251,9213
2979,2251,9213
2979,2251,9213
2979,2251,9213
2439,2205,9422
2439,2205,9422
2439,2205,9422
2439,2205,9422
2439,2205,9422
2439,2205,9422
2439,2205,9422
2439,2205,9422
2439,2205,9422
1755,2165,9464
1755,2165,9464
1755,2165,9464
1755,2165,9464
1755,2165,9464
1755,2165,9464
1755,2165,9464
1755,2165,9464
1077,2234,9459
1077,2234,9459
1077,2234,9459
1077,2234,9459
1077,2234,9459
1077,2234,9459
558,2283,9316
558,2283,9316
558,2283,9316
558,2283,9316
558,2283,9316
558,2283,9316
558,2283,9316
558,2283,9316
266,2324,9237
266,2324,9237
266,2324,9237
266,2324,9237
266,2324,9237
266,2324,9237
266,2324,9237
266,2324,9237
266,2324,9237
90,2212,9153
90,2212,9153
90,2212,9153
90,2212,9153
90,2212,9153
90,2212,9153
90,2212,9153
90,2212,9153
90,2212,9153
-344,2200,8985
-344,2200,8985
-344,2200,8985
-344,2200,8985
-344,2200,8985
-344,2200,8985
-344,2200,8985
-344,2200,8985
-344,2200,8985
-771,2218,8596
-771,2218,8596
-771,2218,8596
-771,2218,8596
-771,2218,8596
-771,2218,8596
-771,2218,8596
-771,2218,8596
-771,2218,8596
-1116,2172,8300
-1116,2172,8300
-1116,2172,8300
-1116,2172,8300
-1116,2172,8300
-1116,2172,8300
-1116,2172,8300
-1116,2172,8300
-1116,2172,8300
-1116,2172,7793
-1410,2187,7793
-1410,2187,7793
-1410,2187,7793
-1410,2187,7793
-1410,2187,7793
-1410,2187,7793
-1410,2187,7793
-1410,2187,7793
-1410,2187,7793
-1611,2180,7506
-1611,2180,7506
-1611,2180,7506
-1611,2180,7506
-1611,2180,7506
-1611,2180,7506
-1611,2180,7506
-1611,2180,7506
-1611,2180,7506
-1701,2163,7211
-1701,2163,7211
-1701,2163,7211
-1701,2163,7211
-1701,2163,7211
-1701,2163,7211
-1701,2163,7211
-1701,2163,7211
-1800,2166,6920
-1800,2166,6920
-1800,2166,6920
-1800,2166,6920
-1800,2166,6920
-1800,2166,6920
-1800,2166,6920
-1800,2166,6920
-1800,2166,6920
-1871,2207,6610
-1871,2207,6610
-1871,2207,6610
-1871,2207,6610
-1871,2207,6610
-1871,2207,6610
-1871,2207,6610
-1871,2207,6610
-1871,2207,6610
-1871,2207,6610
-1861,2191,6511
-1861,2191,6511
-1861,2191,6511
-1861,2191,6511
-1861,2191,6511
-1861,2191,6511
-1861,2191,6511
-1861,2191,6511
-1861,2191,6511
-1854,2083,6651
-1854,2083,6651
-1854,2083,6651
-1854,2083,6651
-1854,2083,6651
-1854,2083,6651
-1854,2083,6651
-1854,2083,6651
-1854,2083,6651
-1745,2033,7005
-1745,2033,7005
-1745,2033,7005
-1745,2033,7005
-1745,2033,7005
-1745,2033,7005
-1745,2033,7005
-1745,2033,7005
-1745,2033,7005
-1745,2033,7598
-1486,1897,7598
-1486,1897,7598
-1486,1897,7598
-1486,1897,7598
-1486,1897,7598
-1486,1897,7598
-1486,1897,7598
-1486,1897,7598
-1486,1897,7598
-1149,1833,8101
-1149,1833,8101
-1149,1833,8101
-1149,1833,8101
-1149,1833,8101
-1149,1833,8101
-1149,1833,8101
-1149,1833,8101
-1149,1833,8101
-599,1709,8563
-599,1709,8563
-599,1709,8563
-599,1709,8563
-599,1709,8563
-599,1709,8563
-599,1709,8563
-599,1709,8563
-599,1709,8563
333,1551,9055
333,1551,9055
333,1551,9055
333,1551,9055
333,1551,9055
333,1551,9055
333,1551,9055
333,1551,9055
333,1551,9055
1042,1374,9188
1042,1374,9188
1042,1374,9188
1042,1374,9188
1042,1374,9188
1042,1374,9188
1042,1374,9188
1042,1374,9188
1692,1317,9292
1692,1317,9292
1692,1317,9292
1692,1317,9292
1692,1317,9292
1692,1317,9292
1692,1317,9292
1692,1317,9292
1692,1317,9292
2289,1277,9097
2289,1277,9097
2289,1277,9097
2289,1277,9097
2289,1277,9097
2289,1277,9097
2289,1277,9097
2289,1277,9097
2289,1277,9097
2744,1190,8975
2744,1190,8975
2744,1190,8975
2744,1190,8975
2744,1190,8975
2744,1190,8975
2744,1190,8975
2744,1190,8975
2744,1190,8975
3059,1210,8807
3059,1210,8807
3059,1210,8807
3059,1210,8807
3059,1210,8807
3059,1210,8807
3059,1210,8807
3059,1210,8807
3059,1210,8807
3059,1210,8807
3451,1213,8589
3451,1213,8589
3451,1213,8589
3451,1213,8589
3451,1213,8589
3451,1213,8589
3451,1213,8589
3451,1213,8589
3451,1213,8589
3841,1246,8331
3841,1246,8331
3841,1246,8331
3841,1246,8331
3841,1246,8331
3841,1246,8331
3841,1246,8331
3841,1246,8331
3841,1246,8331
4324,1288,7780
4324,1288,7780
4324,1288,7780
4324,1288,7780
4324,1288,7780
4324,1288,7780
4324,1288,7780
4324,1288,7780
4324,1288,7780
4324,1288,7433
4633,1369,7433
4633,1369,7433
4633,1369,7433
4633,1369,7433
4633,1369,7433
4633,1369,7433
4633,1369,7433
4633,1369,7433
4633,1369,7433
4796,1450,7112
4796,1450,7112
4796,1450,7112
4796,1450,7112
4796,1450,7112
4796,1450,7112
4796,1450,7112
4796,1450,7112
4864,1497,6695
4864,1497,6695
4864,1497,6695
4864,1497,6695
4890,1410,6521
4890,1410,6521
4890,1410,6521
4890,1410,6521
4890,1410,6521
4890,1410,6521
4890,1410,6521
4890,1410,6521
4890,1410,6521
4838,1404,6812
4838,1404,6812
4838,1404,6812
4838,1404,6812
4838,1404,6812
4838,1404,6812
4838,1404,6812
4838,1404,6812
4838,1404,6812
4657,1342,7335
4657,1342,7335
4657,1342,7335
4657,1342,7335
4657,1342,7335
4657,1342,7335
4657,1342,7335
4657,1342,7335
4657,1342,7335
4256,1323,7932
4256,1323,7932
4256,1323,7932
4256,1323,7932
4256,1323,7932
4256,1323,7932
4256,1323,7932
4256,1323,7932
4256,1323,7932
4256,1323,7932
3717,1346,8537
3717,1346,8537
3717,1346,8537
3717,1346,8537
3717,1346,8537
3717,1346,8537
3717,1346,8537
3717,1346,8537
3144,1373,8961
3144,1373,8961
3144,1373,8961
3144,1373,8961
3144,1373,8961
3144,1373,8961
3144,1373,8961
3144,1373,8961
3144,1373,8961
3144,1373,8961
2400,1408,9178
2400,1408,9178
2400,1408,9178
2400,1408,9178
2400,1408,9178
2400,1408,9178
2400,1408,9178
2400,1408,9178
2400,1408,9178
1667,1411,9242
1667,1411,9242
1667,1411,9242
1667,1411,9242
1667,1411,9242
1667,1411,9242
1667,1411,9242
1667,1411,9242
1667,1411,9242
1116,1381,9254
1116,1381,9254
1116,1381,9254
1116,1381,9254
1116,1381,9254
1116,1381,9254
1116,1381,9254
1116,1381,9254
1116,1381,9254
730,1363,9124
730,1363,9124
730,1363,9124
730,1363,9124
730,1363,9124
730,1363,9124
730,1363,9124
730,1363,9124
730,1363,9124
441,1368,9050
441,1368,9050
441,1368,9050
441,1368,9050
441,1368,9050
441,1368,9050
441,1368,9050
441,1368,9050
441,1368,9050
199,1344,8960
199,1344,8960
199,1344,8960
199,1344,8960
199,1344,8960
199,1344,8960
199,1344,8960
199,1344,8960
199,1344,8960
-191,1353,8758
-191,1353,8758
-191,1353,8758
-191,1353,8758
-191,1353,8758
-191,1353,8758
-191,1353,8758
-191,1353,8758
-191,1353,8758
-653,1392,8493
-653,1392,8493
-653,1392,8493
-653,1392,8493
-653,1392,8493
-653,1392,8493
-653,1392,8493
-653,1392,8493
-653,1392,8493
-1022,1444,8040
-1022,1444,8040
-1022,1444,8040
-1022,1444,8040
-1022,1444,8040
-1022,1444,8040
-1022,1444,8040
-1022,1444,8040
-1022,1444,8040
-1360,1525,7593
-1360,1525,7593
-1360,1525,7593
-1360,1525,7593
-1360,1525,7593
-1360,1525,7593
-1360,1525,7593
-1360,1525,7593
-1360,1525,7593
-1360,1525,7593
-1578,1573,7179
-1578,1573,7179
-1578,1573,7179
-1578,1573,7179
-1578,1573,7179
-1578,1573,7179
-1578,1573,7179
-1578,1573,7179
-1578,1573,7179
-1704,1632,6794
-1704,1632,6794
-1704,1632,6794
-1704,1632,6794
-1704,1632,6794
-1704,1632,6794
-1704,1632,6794
-1704,1632,6794
-1704,1632,6794
-1764,1658,6455
-1764,1658,6455
-1764,1658,6455
-1764,1658,6455
-1764,1658,6455
-1764,1658,6455
-1764,1658,6455
-1764,1658,6455
-1764,1658,6455
-1800,1686,6359
-1800,1686,6359
-1800,1686,6359
-1800,1686,6359
-1800,1686,6359
-1800,1686,6359
-1800,1686,6359
-1800,1686,6359
-1800,1686,6359
-1795,1739,6286
-1795,1739,6286
-1795,1739,6286
-1795,1739,6286
-1795,1739,6286
-1795,1739,6286
-1795,1739,6286
-1795,1739,6286
-1795,1739,6286
-1778,1699,6624
-1778,1699,6624
-1778,1699,6624
-1778,1699,6624
-1778,1699,6624
-1778,1699,6624
-1778,1699,6624
-1778,1699,6624
-1778,1699,6624
-1604,1713,7288
-1604,1713,7288
-1604,1713,7288
-1604,1713,7288
-1604,1713,7288
-1604,1713,7288
-1604,1713,7288
-1604,1713,7288
-1604,1713,7288
-1604,1713,7288
-1254,1625,7972
-1254,1625,7972
-1254,1625,7972
-1254,1625,7972
-1254,1625,7972
-1254,1625,7972
-1254,1625,7972
-1254,1625,7972
-1254,1625,7972
-754,1483,8478
-754,1483,8478
-754,1483,8478
-754,1483,8478
-754,1483,8478
-754,1483,8478
-754,1483,8478
-754,1483,8478
-754,1483,8478
-186,1365,8825
-186,1365,8825
-186,1365,8825
-186,1365,8825
-186,1365,8825
-186,1365,8825
-186,1365,8825
-186,1365,8825
-186,1365,8825
413,1306,9075
413,1306,9075
413,1306,9075
413,1306,9075
413,1306,9075
413,1306,9075
413,1306,9075
413,1306,9075
413,1306,9075
1013,1332,9233
1013,1332,9233
1013,1332,9233
1013,1332,9233
1536,1287,9253
1536,1287,9253
1536,1287,9253
1536,1287,9253
1536,1287,9253
1536,1287,9253
1536,1287,9253
1536,1287,9253
1536,1287,9253
1976,1286,9240
1976,1286,9240
1976,1286,9240
1976,1286,9240
1976,1286,9240
1976,1286,9240
1976,1286,9240
1976,1286,9240
1976,1286,9240
2386,1291,9200
2386,1291,9200
2386,1291,9200
2386,1291,9200
2386,1291,9200
2386,1291,9200
2386,1291,9200
2386,1291,9200
2386,1291,9200
2826,1290,9077
2826,1290,9077
2826,1290,9077
2826,1290,9077
2826,1290,9077
2826,1290,9077
2826,1290,9077
2826,1290,9077
2826,1290,9077
3268,1336,8910
3268,1336,8910
3268,1336,8910
3268,1336,8910
3268,1336,8910
3268,1336,8910
3268,1336,8910
3268,1336,8910
3268,1336,8910
3268,1336,8910
3690,1354,8727
3690,1354,8727
3690,1354,8727
3690,1354,8727
3690,1354,8727
3690,1354,8727
3690,1354,8727
3690,1354,8727
3690,1354,8727
4039,1385,8392
4039,1385,8392
4039,1385,8392
4039,1385,8392
4039,1385,8392
4039,1385,8392
4039,1385,8392
4039,1385,8392
4039,1385,8392
4504,1472,7903
4504,1472,7903
4504,1472,7903
4504,1472,7903
4504,1472,7903
4504,1472,7903
4504,1472,7903
4504,1472,7903
4504,1472,7903
4789,1560,7329
4789,1560,7329
4789,1560,7329
4789,1560,7329
4789,1560,7329
4789,1560,7329
4789,1560,7329
4789,1560,7329
4789,1560,7329
4858,1572,7273
4858,1572,7273
4858,1572,7273
4858,1572,7273
4858,1572,7273
4858,1572,7273
4858,1572,7273
4858,1572,7273
4858,1572,7273
4738,1519,7582
4738,1519,7582
4738,1519,7582
4738,1519,7582
4738,1519,7582
4738,1519,7582
4738,1519,7582
4738,1519,7582
4738,1519,7582
4340,1474,8074
4340,1474,8074
4340,1474,8074
4340,1474,8074
4340,1474,8074
4340,1474,8074
4340,1474,8074
4340,1474,8074
4340,1474,8074
4340,1474,8074
3694,1485,8765
3694,1485,8765
3694,1485,8765
3694,1485,8765
3694,1485,8765
3694,1485,8765
3694,1485,8765
3694,1485,8765
2959,1545,9212
2959,1545,9212
2959,1545,9212
2959,1545,9212
2959,1545,9212
2959,1545,9212
2959,1545,9212
2959,1545,9212
2959,1545,9212
2090,1623,9442
2090,1623,9442
2090,1623,9442
2090,1623,9442
2090,1623,9442
2090,1623,9442
2090,1623,9442
2090,1623,9442
2090,1623,9442
1263,1648,9465
1263,1648,9465
1263,1648,9465
1263,1648,9465
1263,1648,9465
1263,1648,9465
1263,1648,9465
1263,1648,9465
1263,1648,9465
1263,1648,9465
519,1717,9302
519,1717,9302
519,1717,9302
519,1717,9302
519,1717,9302
519,1717,9302
519,1717,9302
519,1717,9302
519,1717,9302
-125,1725,8988
-125,1725,8988
-125,1725,8988
-125,1725,8988
-125,1725,8988
-125,1725,8988
-125,1725,8988
-125,1725,8988
-125,1725,8988
-125,1726,8626
-660,1726,8626
-660,1726,8626
-660,1726,8626
-660,1726,8626
-660,1726,8626
-660,1726,8626
-660,1726,8626
-660,1726,8626
-660,1726,8626
-1087,1708,8195
-1087,1708,8195
-1087,1708,8195
-1087,1708,8195
-1087,1708,8195
-1087,1708,8195
-1087,1708,8195
-1087,1708,8195
-1087,1708,8195
-1392,1747,7698
-1392,1747,7698
-1392,1747,7698
-1392,1747,7698
-1392,1747,7698
-1392,1747,7698
-1392,1747,7698
-1392,1747,7698
-1392,1747,7698
-1651,1770,7290
-1651,1770,7290
-1651,1770,7290
-1651,1770,7290
-1651,1770,7290
-1651,1770,7290
-1651,1770,7290
-1651,1770,7290
-1651,1770,7290
-1818,1813,6867
-1818,1813,6867
-1818,1813,6867
-1818,1813,6867
-1818,1813,6867
-1818,1813,6867
-1818,1813,6867
-1818,1813,6867
-1915,1854,6409
-1915,1854,6409
-1915,1854,6409
-1915,1854,6409
-1915,1854,6409
-1915,1854,6409
-1915,1854,6409
-1915,1854,6409
-1915,1854,6409
-1889,1923,6092
-1889,1923,6092
-1889,1923,6092
-1889,1923,6092
-1889,1923,6092
-1889,1923,6092
-1889,1923,6092
-1889,1923,6092
-1889,1923,6092
-1889,1923,6092
-1903,1935,5810
-1903,1935,5810
-1903,1935,5810
-1903,1935,5810
-1903,1935,5810
-1903,1935,5810
-1903,1935,5810
-1903,1935,5810
-1903,1935,5810
-1849,1984,5636
-1849,1984,5636
-1849,1984,5636
-1849,1984,5636
-1849,1984,5636
-1849,1984,5636
-1849,1984,5636
-1849,1984,5636
-1860,2000,5775
-1860,2000,5775
-1860,2000,5775
-1860,2000,5775
-1860,2000,5775
-1883,1970,6090
-1883,1970,6090
-1883,1970,6090
-1883,1970,6090
-1883,1970,6090
-1883,1970,6090
-1883,1970,6090
-1883,1970,6090
-1883,1970,6090
-1883,1970,6090
-1832,1935,6564
-1832,1935,6564
-1832,1935,6564
-1832,1935,6564
-1832,1935,6564
-1832,1935,6564
-1832,1935,6564
-1832,1935,6564
-1832,1935,6564
-1740,1890,7090
-1740,1890,7090
-1740,1890,7090
-1740,1890,7090
-1740,1890,7090
-1740,1890,7090
-1740,1890,7090
-1740,1890,7090
-1740,1890,7090
-1507,1821,7638
-1507,1821,7638
-1507,1821,7638
-1507,1821,7638
-1507,1821,7638
-1507,1821,7638
-1507,1821,7638
-1507,1821,7638
-1507,1821,7638
-1174,1752,8131
-1174,1752,8131
-1174,1752,8131
-1174,1752,8131
-1174,1752,8131
-1174,1752,8131
-1174,1752,8131
-1174,1752,8131
-781,1681,8564
-781,1681,8564
-781,1681,8564
-781,1681,8564
-781,1681,8564
-781,1681,8564
-781,1681,8564
-781,1681,8564
-781,1681,8564
-321,1648,8924
-321,1648,8924
-321,1648,8924
-321,1648,8924
-321,1648,8924
-321,1648,8924
-321,1648,8924
-321,1648,8924
-321,1648,8924
-321,1648,8924
201,1671,9214
201,1671,9214
201,1671,9214
201,1671,9214
201,1671,9214
201,1671,9214
201,1671,9214
201,1671,9214
201,1671,9214
672,1717,9435
672,1717,9435
672,1717,9435
672,1717,9435
672,1717,9435
672,1717,9435
672,1717,9435
672,1717,9435
672,1717,9435
1185,1689,9511
1185,1689,9511
1185,1689,9511
1185,1689,9511
1185,1689,9511
1185,1689,9511
1185,1689,9511
1185,1689,9511
1185,1689,9511
1667,1668,9525
1667,1668,9525
1667,1668,9525
1667,1668,9525
1667,1668,9525
1667,1668,9525
1667,1668,9525
1667,1668,9525
1667,1668,9525
2176,1699,9524
2176,1699,9524
2176,1699,9524
2176,1699,9524
2176,1699,9524
2176,1699,9524
2176,1699,9524
2176,1699,9524
2176,1699,9524
2658,1647,9423
2658,1647,9423
2658,1647,9423
2658,1647,9423
2658,1647,9423
2658,1647,9423
2658,1647,9423
2658,1647,9423
2658,1647,9423
2658,1647,9423
3193,1699,9243
3193,1699,9243
3193,1699,9243
3193,1699,9243
3193,1699,9243
3193,1699,9243
3193,1699,9243
3193,1699,9243
3193,1699,9243
3585,1795,9056
3585,1795,9056
3585,1795,9056
3585,1795,9056
3585,1795,9056
3585,1795,9056
3585,1795,9056
3585,1795,9056
3585,1795,9056
3936,1883,8809
3936,1883,8809
3936,1883,8809
3936,1883,8809
3936,1883,8809
3936,1883,8809
3936,1883,8809
3936,1883,8809
3936,1883,8809
4275,1876,8487
4275,1876,8487
4275,1876,8487
4275,1876,8487
4275,1876,8487
4275,1876,8487
4275,1876,8487
4275,1876,8487
4275,1876,8487
4401,1890,8375
4401,1890,8375
4401,1890,8375
4401,1890,8375
4401,1890,8375
4401,1890,8375
4401,1890,8375
4401,1890,8375
4401,1890,8375
4157,1931,8691
4157,1931,8691
4157,1931,8691
4157,1931,8691
4157,1931,8691
4157,1931,8691
4157,1931,8691
4157,1931,8691
4157,1931,8691
3602,1988,9140
3602,1988,9140
3602,1988,9140
3602,1988,9140
3602,1988,9140
3602,1988,9140
3602,1988,9140
3602,1988,9140
3602,1988,9140
2708,2051,9531
2708,2051,9531
2708,2051,9531
2708,2051,9531
2708,2051,9531
2708,2051,9531
2708,2051,9531
2708,2051,9531
2708,2051,9531
2708,2051,9636
1669,2107,9636
1669,2107,9636
1669,2107,9636
1669,2107,9636
1669,2107,9636
1669,2107,9636
1669,2107,9636
1669,2107,9636
1669,2107,9636
745,2112,9523
745,2112,9523
745,2112,9523
745,2112,9523
745,2112,9523
745,2112,9523
745,2112,9523
745,2112,9523
-51,2167,9214
-51,2167,9214
-51,2167,9214
-51,2167,9214
-51,2167,9214
-51,2167,9214
-51,2167,9214
-51,2167,9214
-51,2167,9214
-51,2167,9214
-768,2165,8793
-768,2165,8793
-768,2165,8793
-768,2165,8793
-768,2165,8793
-768,2165,8793
-768,2165,8793
-768,2165,8793
-768,2165,8793
-768,2165,8793
-1251,2133,8277
-1251,2133,8277
-1251,2133,8277
-1251,2133,8277
-1251,2133,8277
-1251,2133,8277
-1251,2133,8277
-1251,2133,8277
-1505,2196,7786
-1505,2196,7786
-1505,2196,7786
-1505,2196,7786
-1505,2196,7786
-1505,2196,7786
-1505,2196,7786
-1505,2196,7786
-1505,2196,7786
-1737,2239,7401
-1737,2239,7401
-1737,2239,7401
-1737,2239,7401
-1737,2239,7401
-1737,2239,7401
-1737,2239,7401
-1737,2239,7401
-1887,2293,6955
-1887,2293,6955
-1887,2293,6955
-1887,2293,6955
-1887,2293,6955
-1987,2331,6434
-1987,2331,6434
-1987,2331,6434
-1987,2331,6434
-1987,2331,6434
-1987,2331,6434
-1987,2331,6434
-1987,2331,6434
-1987,2331,6434
-1985,2408,6144
-1985,2408,6144
-1985,2408,6144
-1985,2408,6144
-1985,2408,6144
-1985,2408,6144
-1985,2408,6144
-1985,2408,6144
-1985,2408,6144
-1985,2408,6144
-2027,2492,5847
-2027,2492,5847
-2027,2492,5847
-2027,2492,5847
-2027,2492,5847
-2027,2492,5847
-2027,2492,5847
-2027,2492,5847
-2027,2492,5847
-1965,2550,5675
-1965,2550,5675
-1965,2550,5675
-1965,2550,5675
-1965,2550,5675
-1965,2550,5675
-1965,2550,5675
-1965,2550,5675
-1965,2550,5675
-1973,2614,5565
-1973,2614,5565
-1973,2614,5565
-1973,2614,5565
-1973,2614,5565
-1973,2614,5565
-1973,2614,5565
-1973,2614,5565
-1973,2614,5565
-1950,2584,5641
-1950,2584,5641
-1950,2584,5641
-1950,2584,5641
-1950,2584,5641
-1950,2584,5641
-1950,2584,5641
-1950,2584,5641
-1950,2584,5641
-2023,2517,5887
-2023,2517,5887
-2023,2517,5887
-2023,2517,5887
-2023,2517,5887
-2023,2517,5887
-2023,2517,5887
-2023,2517,5887
-2023,2517,5887
-1997,2440,6290
-1997,2440,6290
-1997,2440,6290
-1997,2440,6290
-1997,2440,6290
-1997,2440,6290
-1997,2440,6290
-1997,2440,6290
-1997,2440,6290
-1953,2411,6814
-1953,2411,6814
-1953,2411,6814
-1953,2411,6814
-1953,2411,6814
-1953,2411,6814
-1953,2411,6814
-1953,2411,6814
-1953,2411,6814
-1799,2316,7296
-1799,2316,7296
-1799,2316,7296
-1799,2316,7296
-1799,2316,7296
-1799,2316,7296
-1799,2316,7296
-1799,2316,7296
-1799,2316,7296
-1536,2250,7880
-1536,2250,7880
-1536,2250,7880
-1536,2250,7880
-1536,2250,7880
-1536,2250,7880
-1536,2250,7880
-1536,2250,7880
-1536,2250,7880
-1536,2250,7880
-1284,2176,8276
-1284,2176,8276
-1284,2176,8276
-1284,2176,8276
-1284,2176,8276
-1284,2176,8276
-1284,2176,8276
-1284,2176,8276
-1284,2176,8276
-911,2157,8637
-911,2157,8637
-911,2157,8637
-911,2157,8637
-911,2157,8637
-911,2157,8637
-911,2157,8637
-911,2157,8637
-911,2157,8637
-605,2099,8904
-605,2099,8904
-605,2099,8904
-605,2099,8904
-605,2099,8904
-605,2099,8904
-605,2099,8904
-605,2099,8904
-605,2099,8904
-522,2147,8986
-522,2147,8986
-522,2147,8986
-522,2147,8986
-522,2147,8986
-522,2147,8986
-522,2147,8986
-522,2147,8986
-522,2147,8986
-589,2297,8980
-589,2297,8980
-589,2297,8980
-589,2297,8980
-589,2297,8980
-589,2297,8980
-589,2297,8980
-589,2297,8980
-589,2297,8980
-472,2542,9070
-472,2542,9070
-472,2542,9070
-472,2542,9070
-472,2542,9070
-472,2542,9070
-472,2542,9070
-472,2542,9070
-444,2768,9089
-444,2768,9089
-444,2768,9089
-444,2768,9089
-444,2768,9089
-444,2768,9089
-444,2768,9089
-444,2768,9089
-444,2768,9089
-444,2768,9089
-388,2867,9160
-388,2867,9160
-388,2867,9160
-388,2867,9160
-388,2867,9160
-388,2867,9160
-388,2867,9160
-388,2867,9160
-388,2867,9160
-388,2867,9160
-335,2729,9171
-335,2729,9171
-335,2729,9171
-335,2729,9171
-335,2729,9171
-335,2729,9171
-335,2729,9171
-335,2729,9171
-335,2729,9171
-246,2493,9265
-246,2493,9265
-246,2493,9265
-246,2493,9265
-246,2493,9265
-246,2493,9265
-246,2493,9265
-246,2493,9265
-246,2493,9265
-295,2420,9202
-295,2420,9202
-295,2420,9202
-295,2420,9202
-295,2420,9202
-295,2420,9202
-295,2420,9202
-295,2420,9202
-295,2420,9202
-249,2275,9142
-249,2275,9142
-249,2275,9142
-249,2275,9142
-249,2275,9142
-249,2275,9142
-249,2275,9142
-249,2275,9142
-249,2275,9142
-297,2225,9162
-297,2225,9162
-297,2225,9162
-297,2225,9162
-297,2225,9162
-297,2225,9162
-297,2225,9162
-297,2225,9162
-297,2225,9162
-197,2225,9259
-197,2225,9259
-197,2225,9259
-197,2225,9259
-197,2225,9259
-197,2225,9259
-197,2225,9259
-197,2225,9259
-197,2225,9259
85,2154,9310
85,2154,9310
85,2154,9310
85,2154,9310
85,2154,9310
85,2154,9310
85,2154,9310
85,2154,9310
85,2154,9310
85,2154,9310
337,2121,9398
337,2121,9398
337,2121,9398
337,2121,9398
337,2121,9398
337,2121,9398
337,2121,9398
620,2145,9566
620,2145,9566
620,2145,9566
620,2145,9566
620,2145,9566
1404,2114,9640
1404,2114,9640
1404,2114,9640
1404,2114,9640
1404,2114,9640
1404,2114,9640
1404,2114,9640
1404,2114,9640
1404,2114,9640
2471,2042,9562
2471,2042,9562
2471,2042,9562
2471,2042,9562
2471,2042,9562
2471,2042,9562
2471,2042,9562
2471,2042,9562
2471,2042,9562
3410,2110,9238
3410,2110,9238
3410,2110,9238
3410,2110,9238
3410,2110,9238
3410,2110,9238
3410,2110,9238
3410,2110,9238
3410,2110,9238
3410,2110,9238
4230,2109,8599
4230,2109,8599
4230,2109,8599
4230,2109,8599
4230,2109,8599
4230,2109,8599
4230,2109,8599
4230,2109,8599
4230,2109,8599
4646,2123,8007
4646,2123,8007
4646,2123,8007
4646,2123,8007
4646,2123,8007
4646,2123,8007
4646,2123,8007
4646,2123,8007
4646,2123,8007
5054,2188,7260
5054,2188,7260
5054,2188,7260
5054,2188,7260
5054,2188,7260
5054,2188,7260
5054,2188,7260
5054,2188,7260
5054,2188,7260
5216,2262,6190
5216,2262,6190
5216,2262,6190
5216,2262,6190
5216,2262,6190
5216,2262,6190
5216,2262,6190
5216,2262,6190
5216,2262,6190
5216,2262,6190
5035,2360,5280
5035,2360,5280
5035,2360,5280
5035,2360,5280
5035,2360,5280
5035,2360,5280
5035,2360,5280
5035,2360,5280
5035,2360,5280
4996,2371,5030
4996,2371,5030
4996,2371,5030
4996,2371,5030
4996,2371,5030
4996,2371,5030
4996,2371,5030
4996,2371,5030
4996,2371,5030
4964,2484,4900
4964,2484,4900
4964,2484,4900
4964,2484,4900
4964,2484,4900
4964,2484,4900
4964,2484,4900
4964,2484,4900
4775,2535,4575
4775,2535,4575
4775,2535,4575
4775,2535,4575
4775,2535,4575
4775,2535,4575
4775,2535,4575
4775,2535,4575
4775,2535,4575
4420,2620,4005
4420,2620,4005
4420,2620,4005
4420,2620,4005
4420,2620,4005
4420,2620,4005
4420,2620,4005
4420,2620,4005
4420,2620,4005
4113,2691,3711
4113,2691,3711
4113,2691,3711
4113,2691,3711
4113,2691,3711
4113,2691,3711
4113,2691,3711
4113,2691,3711
4113,2691,3711
3863,2784,3506
3863,2784,3506
3863,2784,3506
3863,2784,3506
3863,2784,3506
3863,2784,3506
3863,2784,3506
3863,2784,3506
3863,2784,3506
3576,2803,3402
3576,2803,3402
3576,2803,3402
3576,2803,3402
3576,2803,3402
3576,2803,3402
3576,2803,3402
3576,2803,3402
3576,2803,3402
3576,2803,3402
3070,2736,3038
3070,2736,3038
3070,2736,3038
3070,2736,3038
3070,2736,3038
3070,2736,3038
3070,2736,3038
3070,2736,3038
3070,2736,3038
3070,2893,2802
1564,2893,2802
1564,2893,2802
1564,2893,2802
1564,2893,2802
1564,2893,2802
1564,2893,2802
1564,2893,2802
1564,2893,2802
1564,2893,2802
605,2863,2902
605,2863,2902
605,2863,2902
605,2863,2902
605,2863,2902
605,2863,2902
605,2863,2902
605,2863,2902
605,2863,2902
-412,2786,3376
-412,2786,3376
-412,2786,3376
-412,2786,3376
-412,2786,3376
-412,2786,3376
-412,2786,3376
-412,2786,3376
-412,2786,3376
-1150,2727,4033
-1150,2727,4033
-1150,2727,4033
-1150,2727,4033
-1150,2727,4033
-1150,2727,4033
-1150,2727,4033
-1150,2727,4033
-1771,2548,4908
-1771,2548,4908
-1771,2548,4908
-1771,2548,4908
-1771,2548,4908
-1771,2548,4908
-1771,2548,4908
-1771,2548,4908
-1771,2548,4908
-1958,2345,5938
-1958,2345,5938
-1958,2345,5938
-1958,2345,5938
-1958,2345,5938
-1958,2345,5938
-1958,2345,5938
-1958,2345,5938
-1958,2345,5938
-1958,2345,5938
-1909,2147,6864
-1909,2147,6864
-1909,2147,6864
-1909,2147,6864
-1909,2147,6864
-1909,2147,6864
-1909,2147,6864
-1909,2147,6864
-1909,2147,6864
-1713,2053,7402
-1713,2053,7402
-1713,2053,7402
-1713,2053,7402
-1713,2053,7402
-1713,2053,7402
-1713,2053,7402
-1713,2053,7402
-1713,2053,7402
-1461,1912,7854
-1461,1912,7854
-1461,1912,7854
-1461,1912,7854
-1461,1912,7854
-1461,1912,7854
-1461,1912,7854
-1461,1912,7854
-1461,1912,7854
-1129,1860,8303
-1129,1860,8303
-1129,1860,8303
-1129,1860,8303
-1129,1860,8303
-1129,1860,8303
-1129,1860,8303
-1129,1860,8303
-1129,1860,8303
-761,1798,8676
-761,1798,8676
-761,1798,8676
-761,1798,8676
-761,1798,8676
-761,1798,8676
-761,1798,8676
-761,1798,8676
-761,1798,8676
-273,1593,8890
-273,1593,8890
-273,1593,8890
-273,1593,8890
-273,1593,8890
28,1425,8972
28,1425,8972
28,1425,8972
28,1425,8972
28,1425,8972
28,1425,8972
28,1425,8972
28,1425,8972
28,1425,8972
335,1360,9117
335,1360,9117
335,1360,9117
335,1360,9117
335,1360,9117
335,1360,9117
335,1360,9117
335,1360,9117
828,1397,9295
828,1397,9295
828,1397,9295
828,1397,9295
828,1397,9295
828,1397,9295
828,1397,9295
828,1397,9295
828,1397,9295
828,1397,9295
1462,1515,9435
1462,1515,9435
1462,1515,9435
1462,1515,9435
1462,1515,9435
1462,1515,9435
1462,1515,9435
1462,1515,9435
1462,1515,9435
3055,1742,9268
3055,1742,9268
3055,1742,9268
3055,1742,9268
3055,1742,9268
3055,1742,9268
3055,1742,9268
3055,1742,9268
3055,1742,9268
4552,2125,8225
4552,2125,8225
4552,2125,8225
4552,2125,8225
4552,2125,8225
4552,2125,8225
4552,2125,8225
4552,2125,8225
4552,2125,8225
5051,2319,7375
5051,2319,7375
5051,2319,7375
5051,2319,7375
5051,2319,7375
5051,2319,7375
5051,2319,7375
5051,2319,7375
5051,2319,7375
5239,2393,6606
5239,2393,6606
5239,2393,6606
5239,2393,6606
5239,2393,6606
5239,2393,6606
5239,2393,6606
5239,2393,6606
5239,2393,6606
5224,2466,5710
5224,2466,5710
5224,2466,5710
5224,2466,5710
5224,2466,5710
5224,2466,5710
5224,2466,5710
5224,2466,5710
5224,2466,5710
5224,2466,5710
4940,2514,4861
4940,2514,4861
4940,2514,4861
4940,2514,4861
4940,2514,4861
4940,2514,4861
4940,2514,4861
4940,2514,4861
4940,2514,4861
4643,2559,4319
4643,2559,4319
4643,2559,4319
4643,2559,4319
4643,2559,4319
4643,2559,4319
4643,2559,4319
4643,2559,4319
4643,2559,4319
4421,2581,4031
4421,2581,4031
4421,2581,4031
4421,2581,4031
4421,2581,4031
4421,2581,4031
4421,2581,4031
4421,2581,4031
4421,2581,4031
4069,2811,3702
4069,2811,3702
4069,2811,3702
4069,2811,3702
4069,2811,3702
4069,2811,3702
4069,2811,3702
4069,2811,3702
4069,2811,3702
3925,2893,3514
3925,2893,3514
3925,2893,3514
3925,2893,3514
3925,2893,3514
3925,2893,3514
3925,2893,3514
3925,2893,3514
3925,2893,3514
3554,2963,3275
3554,2963,3275
3554,2963,3275
3554,2963,3275
3554,2963,3275
3554,2963,3275
3554,2963,3275
3554,2963,3275
3554,2963,3275
3554,2958,3200
3407,2958,3200
3407,2958,3200
3407,2958,3200
3407,2958,3200
3407,2958,3200
3407,2958,3200
3407,2958,3200
3407,2958,3200
3407,2958,3200
3120,3025,3064
3120,3025,3064
3120,3025,3064
3120,3025,3064
3120,3025,3064
3120,3025,3064
3120,3025,3064
3120,3025,3064
3120,3025,3064
2820,3258,2989
2820,3258,2989
2820,3258,2989
2820,3258,2989
2820,3258,2989
2820,3258,2989
2820,3258,2989
2820,3258,2989
2820,3258,2989
2139,3166,2812
2139,3166,2812
2139,3166,2812
2139,3166,2812
2139,3166,2812
2139,3166,2812
2139,3166,2812
2139,3166,2812
2139,3166,2812
724,2692,2922
724,2692,2922
724,2692,2922
724,2692,2922
724,2692,2922
724,2692,2922
724,2692,2922
724,2692,2922
724,2692,2922
-714,2237,3714
-714,2237,3714
-714,2237,3714
-714,2237,3714
-714,2237,3714
-714,2237,3714
-714,2237,3714
-714,2237,3714
-714,2237,3714
-1155,2130,4161
-1155,2130,4161
-1155,2130,4161
-1155,2130,4161
-1155,2130,4161
-1155,2130,4161
-1155,2130,4161
-1155,2130,4161
-1155,2130,4161
-1390,2167,4434
-1390,2167,4434
-1390,2167,4434
-1390,2167,4434
-1390,2167,4434
-1390,2167,4434
-1390,2167,4434
-1390,2167,4434
-1390,2167,4434
-1605,2286,4622
-1605,2286,4622
-1605,2286,4622
-1605,2286,4622
-1605,2286,4622
-1605,2286,4622
-1605,2286,4622
-1605,2286,4622
-1863,2301,5370
-1863,2301,5370
-1863,2301,5370
-1863,2301,5370
-1863,2301,5370
-1863,2301,5370
-1863,2301,5370
-1863,2301,5370
-1863,2301,5370
-1863,2301,5370
-1977,2426,6087
-1977,2426,6087
-1977,2426,6087
-1977,2426,6087
-1977,2426,6087
-1977,2426,6087
-1977,2426,6087
-1977,2426,6087
-1977,2426,6087
-1977,2426,6087
-2001,2632,6867
-2001,2632,6867
-2001,2632,6867
-2001,2632,6867
-2001,2632,6867
-2001,2632,6867
-2001,2632,6867
-2001,2632,6867
-2001,2632,6867
-1805,2806,7524
-1805,2806,7524
-1805,2806,7524
-1805,2806,7524
-1805,2806,7524
-1805,2806,7524
-1404,2980,8219
-1404,2980,8219
-1404,2980,8219
-1404,2980,8219
-1404,2980,8219
-1404,2980,8219
-1404,2980,8219
-1126,3057,8579
-1126,3057,8579
-1126,3057,8579
-1126,3057,8579
-1126,3057,8579
-1126,3057,8579
-1126,3057,8579
-1126,3057,8579
-1126,3057,8579
-700,3136,8992
-700,3136,8992
-700,3136,8992
-700,3136,8992
-700,3136,8992
-700,3136,8992
-700,3136,8992
-700,3136,8992
-700,3136,8992
-195,3143,9296
-195,3143,9296
-195,3143,9296
-195,3143,9296
-195,3143,9296
-195,3143,9296
-195,3143,9296
-195,3143,9296
-195,3143,9296
15,2982,9381
15,2982,9381
15,2982,9381
15,2982,9381
15,2982,9381
15,2982,9381
15,2982,9381
15,2982,9381
364,2811,9579
364,2811,9579
364,2811,9579
364,2811,9579
364,2811,9579
364,2811,9579
364,2811,9579
364,2811,9579
364,2811,9579
364,2811,9579
1004,2715,9711
1004,2715,9711
1004,2715,9711
1004,2715,9711
1004,2715,9711
1004,2715,9711
1004,2715,9711
1004,2715,9711
1884,2644,9744
1884,2644,9744
1884,2644,9744
1884,2644,9744
1884,2644,9744
1884,2644,9744
1884,2644,9744
1884,2644,9744
1884,2644,9744
1884,2644,9744
2954,2635,9544
2954,2635,9544
2954,2635,9544
2954,2635,9544
2954,2635,9544
2954,2635,9544
2954,2635,9544
2954,2635,9544
2954,2635,9544
2954,2635,9544
3836,2706,9097
3836,2706,9097
3836,2706,9097
3836,2706,9097
3836,2706,9097
3836,2706,9097
3836,2706,9097
3836,2706,9097
3836,2706,9097
4355,2741,8638
4355,2741,8638
4355,2741,8638
4355,2741,8638
4355,2741,8638
4355,2741,8638
4355,2741,8638
4355,2741,8638
4355,2741,8638
4614,2693,8391
4614,2693,8391
4614,2693,8391
4614,2693,8391
4614,2693,8391
4614,2693,8391
4614,2693,8391
4614,2693,8391
4614,2693,8391
4925,2720,7842
4925,2720,7842
4925,2720,7842
4925,2720,7842
4925,2720,7842
4925,2720,7842
4925,2720,7842
4925,2720,7842
4925,2720,7842
5217,2873,6973
5217,2873,6973
5217,2873,6973
5217,2873,6973
5217,2873,6973
5217,2873,6973
5217,2873,6973
5217,2873,6973
5217,2873,6973
5293,3067,6239
5293,3067,6239
5293,3067,6239
5293,3067,6239
5293,3067,6239
5293,3067,6239
5293,3067,6239
5293,3067,6239
5293,3067,6239
5176,3411,5332
5176,3411,5332
5176,3411,5332
5176,3411,5332
5176,3411,5332
5176,3411,5332
5176,3411,5332
5176,3411,5332
5176,3411,5332
4772,3845,4572
4772,3845,4572
4772,3845,4572
4772,3845,4572
4772,3845,4572
4772,3845,4572
4772,3845,4572
4772,3845,4572
4772,3845,4572
4360,4025,4113
4360,4025,4113
4360,4025,4113
4360,4025,4113
4360,4025,4113
4360,4025,4113
4360,4025,4113
4360,4025,4113
4360,4025,4113
4013,3957,3757
4013,3957,3757
4013,3957,3757
4013,3957,3757
4013,3957,3757
4013,3957,3757
4013,3957,3757
4013,3957,3757
4013,3957,3757
3839,3747,3597
3839,3747,3597
3839,3747,3597
3839,3747,3597
3839,3747,3597
3839,3747,3597
3839,3747,3597
3839,3747,3597
3839,3747,3597
3354,3654,3194
3354,3654,3194
3354,3654,3194
3354,3654,3194
3354,3654,3194
3354,3654,3194
3354,3654,3194
3354,3654,3194
3354,3654,3194
3354,3654,3194
2313,3551,2859
2313,3551,2859
2313,3551,2859
2313,3551,2859
2313,3551,2859
2313,3551,2859
2313,3551,2859
2313,3551,2859
2313,3551,2859
440,3410,2951
440,3410,2951
440,3410,2951
440,3410,2951
440,3410,2951
440,3410,2951
440,3410,2951
440,3410,2951
440,3410,2951
-751,3107,3576
-751,3107,3576
-751,3107,3576
-751,3107,3576
-751,3107,3576
-751,3107,3576
-751,3107,3576
-751,3107,3576
-751,3107,3576
-1237,3151,4024
-1237,3151,4024
-1237,3151,4024
-1237,3151,4024
-1237,3151,4024
-1237,3151,4024
-1237,3151,4024
-1237,3151,4024
-1237,3151,4024
-1409,3161,4216
-1409,3161,4216
-1409,3161,4216
-1409,3161,4216
-1409,3161,4216
-1409,3161,4216
-1409,3161,4216
-1409,3161,4216
-1409,3161,4216
-1518,3241,4397
-1518,3241,4397
-1518,3241,4397
-1518,3241,4397
-1518,3241,4397
-1518,3241,4397
-1518,3241,4397
-1518,3241,4397
-1518,3241,4397
-1743,3383,4792
-1743,3383,4792
-1743,3383,4792
-1743,3383,4792
-1743,3383,4792
-1743,3383,4792
-1743,3383,4792
-1743,3383,4792
-1743,3383,4792
-1850,3653,5269
-1850,3653,5269
-1850,3653,5269
-1850,3653,5269
-1850,3653,5269
-1874,3928,5667
-1874,3928,5667
-1874,3928,5667
-1874,3928,5667
-1874,3928,5667
-1874,3928,5667
-1874,3928,5667
-1874,3928,5667
-1910,4010,6073
-1910,4010,6073
-1910,4010,6073
-1910,4010,6073
-1910,4010,6073
-1910,4010,6073
-1910,4010,6073
-1910,4010,6073
-1910,4010,6073
-1910,4010,6073
-1850,4130,6716
-1850,4130,6716
-1850,4130,6716
-1850,4130,6716
-1850,4130,6716
-1850,4130,6716
-1850,4130,6716
-1850,4130,6716
-1850,4130,6716
-1701,4060,7232
-1701,4060,7232
-1701,4060,7232
-1701,4060,7232
-1701,4060,7232
-1701,4060,7232
-1701,4060,7232
-1701,4060,7232
-1701,4060,7232
-1355,3967,8060
-1355,3967,8060
-1355,3967,8060
-1355,3967,8060
-1355,3967,8060
-1355,3967,8060
-1355,3967,8060
-1355,3967,8060
-1355,3967,8060
-1355,3967,8060
-841,3884,8605
-841,3884,8605
-841,3884,8605
-841,3884,8605
-841,3884,8605
-841,3884,8605
-841,3884,8605
-841,3884,8605
-841,3884,8605
-600,3608,8906
-600,3608,8906
-600,3608,8906
-600,3608,8906
-600,3608,8906
-600,3608,8906
-600,3608,8906
-600,3608,8906
127,3437,9387
127,3437,9387
127,3437,9387
127,3437,9387
127,3437,9387
127,3437,9387
127,3437,9387
127,3437,9387
127,3437,9387
1074,3220,9716
1074,3220,9716
1074,3220,9716
1074,3220,9716
1074,3220,9716
1074,3220,9716
1074,3220,9716
1074,3220,9716
1074,3220,9716
1763,3119,9756
1763,3119,9756
1763,3119,9756
1763,3119,9756
1763,3119,9756
1763,3119,9756
1763,3119,9756
1763,3119,9756
1763,3119,9756
1763,3119,9756
2010,3238,9769
2010,3238,9769
2010,3238,9769
2010,3238,9769
2010,3238,9769
2010,3238,9769
2010,3238,9769
2010,3238,9769
2010,3238,9769
2549,3284,9670
2549,3284,9670
2549,3284,9670
2549,3284,9670
2549,3284,9670
2549,3284,9670
2549,3284,9670
2549,3284,9670
2549,3284,9670
3599,3212,9289
3599,3212,9289
3599,3212,9289
3599,3212,9289
3599,3212,9289
3599,3212,9289
3599,3212,9289
3599,3212,9289
4468,3121,8527
4468,3121,8527
4468,3121,8527
4468,3121,8527
4468,3121,8527
4468,3121,8527
4468,3121,8527
4468,3121,8527
4468,3121,8527
4468,3121,8527
4745,3101,8156
4745,3101,8156
4745,3101,8156
4745,3101,8156
4745,3101,8156
4745,3101,8156
4745,3101,8156
4745,3101,8156
4745,3101,8156
4745,3101,8156
5025,3297,7590
5025,3297,7590
5025,3297,7590
5025,3297,7590
5025,3297,7590
5025,3297,7590
5025,3297,7590
5025,3297,7590
5025,3297,7590
5259,3523,6695
5259,3523,6695
5259,3523,6695
5259,3523,6695
5259,3523,6695
5259,3523,6695
5259,3523,6695
5259,3523,6695
5150,3830,5657
5150,3830,5657
5150,3830,5657
5150,3830,5657
5150,3830,5657
5150,3830,5657
5150,3830,5657
5150,3830,5657
5150,3830,5657
4854,4096,4952
4854,4096,4952
4854,4096,4952
4854,4096,4952
4854,4096,4952
4854,4096,4952
4854,4096,4952
4854,4096,4952
4854,4096,4952
4854,4096,4952
4315,4308,4211
4315,4308,4211
4315,4308,4211
4315,4308,4211
4315,4308,4211
4315,4308,4211
4315,4308,4211
4315,4308,4211
4315,4308,4211
3610,4343,3641
3610,4343,3641
3610,4343,3641
3610,4343,3641
3610,4343,3641
3610,4343,3641
3610,4343,3641
3610,4343,3641
3610,4343,3641
3251,4140,3327
3251,4140,3327
3251,4140,3327
3251,4140,3327
3251,4140,3327
3251,4140,3327
3251,4140,3327
3251,4140,3327
3251,4140,3327
2509,4107,3018
2509,4107,3018
2509,4107,3018
2509,4107,3018
2509,4107,3018
2509,4107,3018
2509,4107,3018
2509,4107,3018
2509,4107,3018
1105,4247,3082
1105,4247,3082
1105,4247,3082
1105,4247,3082
1105,4247,3082
1105,4247,3082
1105,4247,3082
1105,4247,3082
1105,4247,3082
-219,4251,3556
-219,4251,3556
-219,4251,3556
-219,4251,3556
-219,4251,3556
-219,4251,3556
-219,4251,3556
-219,4251,3556
-219,4251,3556
-219,4251,3556
-1049,4164,4188
-1049,4164,4188
-1049,4164,4188
-1049,4164,4188
-1049,4164,4188
-1049,4164,4188
-1049,4164,4188
-1049,4164,4188
-1434,4128,4741
-1434,4128,4741
-1434,4128,4741
-1434,4128,4741
-1434,4128,4741
-1434,4128,4741
-1434,4128,4741
-1434,4128,4741
-1434,4128,4741
-1713,4121,5337
-1713,4121,5337
-1713,4121,5337
-1713,4121,5337
-1713,4121,5337
-1859,4087,6094
-1859,4087,6094
-1859,4087,6094
-1859,4087,6094
-1859,4087,6094
-1859,4087,6094
-1859,4087,6094
-1859,4087,6094
-1859,4087,6094
-1793,4086,6655
-1793,4086,6655
-1793,4086,6655
-1793,4086,6655
-1793,4086,6655
-1793,4086,6655
-1793,4086,6655
-1793,4086,6655
-1793,4086,6655
-1670,4152,7153
-1670,4152,7153
-1670,4152,7153
-1670,4152,7153
-1670,4152,7153
-1670,4152,7153
-1670,4152,7153
-1670,4152,7153
-1670,4152,7153
-1366,4254,7661
-1366,4254,7661
-1366,4254,7661
-1366,4254,7661
-1366,4254,7661
-1366,4254,7661
-1366,4254,7661
-1366,4254,7661
-1366,4254,7661
-1043,4260,8094
-1043,4260,8094
-1043,4260,8094
-1043,4260,8094
-1043,4260,8094
-1043,4260,8094
-1043,4260,8094
-1043,4260,8094
-1043,4260,8094
-707,4316,8487
-707,4316,8487
-707,4316,8487
-707,4316,8487
-707,4316,8487
-707,4316,8487
-707,4316,8487
-707,4316,8487
-707,4316,8487
-286,4337,8813
-286,4337,8813
-286,4337,8813
-286,4337,8813
-286,4337,8813
-286,4337,8813
-286,4337,8813
-286,4337,8813
-286,4337,8813
1,4238,9065
1,4238,9065
1,4238,9065
1,4238,9065
1,4238,9065
1,4238,9065
1,4238,9065
1,4238,9065
1,4238,9065
1,4238,9065
533,4166,9310
533,4166,9310
533,4166,9310
533,4166,9310
533,4166,9310
533,4166,9310
533,4166,9310
533,4166,9310
1548,3938,9586
1548,3938,9586
1548,3938,9586
1548,3938,9586
1548,3938,9586
1548,3938,9586
1548,3938,9586
1548,3938,9586
1548,3938,9586
2797,3623,9458
2797,3623,9458
2797,3623,9458
2797,3623,9458
2797,3623,9458
2797,3623,9458
2797,3623,9458
2797,3623,9458
2797,3623,9458
2797,3623,9458
3610,3469,9133
3610,3469,9133
3610,3469,9133
3610,3469,9133
3610,3469,9133
3610,3469,9133
3610,3469,9133
3610,3469,9133
3610,3469,9133
4048,3447,8812
4048,3447,8812
4048,3447,8812
4048,3447,8812
4048,3447,8812
4048,3447,8812
4048,3447,8812
4048,3447,8812
4048,3447,8812
4275,3406,8583
4275,3406,8583
4275,3406,8583
4275,3406,8583
4275,3406,8583
4275,3406,8583
4275,3406,8583
4275,3406,8583
4275,3406,8583
4617,3483,8131
4617,3483,8131
4617,3483,8131
4617,3483,8131
4617,3483,8131
4617,3483,8131
4617,3483,8131
4617,3483,8131
4617,3483,8131
5059,3648,7208
5059,3648,7208
5059,3648,7208
5059,3648,7208
5059,3648,7208
5059,3648,7208
5059,3648,7208
5059,3648,7208
5059,3648,7208
5059,3648,7208
5150,3810,6215
5150,3810,6215
5150,3810,6215
5150,3810,6215
5150,3810,6215
5150,3810,6215
5150,3810,6215
5150,3810,6215
5150,3810,6215
4810,3997,5094
4810,3997,5094
4810,3997,5094
4810,3997,5094
4810,3997,5094
4810,3997,5094
4810,3997,5094
4810,3997,5094
4810,3997,5094
4118,4270,4143
4118,4270,4143
4118,4270,4143
4118,4270,4143
4118,4270,4143
4118,4270,4143
4118,4270,4143
4118,4270,4143
4118,4270,4143
3117,4483,3590
3117,4483,3590
3117,4483,3590
3117,4483,3590
3117,4483,3590
3117,4483,3590
3117,4483,3590
3117,4483,3590
3117,4483,3439
2659,4527,3439
2659,4527,3439
2659,4527,3439
2659,4527,3439
2659,4527,3439
2659,4527,3439
2659,4527,3439
2659,4527,3439
2659,4527,3439
2242,4440,3281
2242,4440,3281
2242,4440,3281
2242,4440,3281
2242,4440,3281
2242,4440,3281
2242,4440,3281
2242,4440,3281
2242,4440,3281
1851,4582,3294
1851,4582,3294
1851,4582,3294
1851,4582,3294
1851,4582,3294
1851,4582,3294
1851,4582,3294
1851,4582,3294
1851,4582,3294
1046,4672,3407
1046,4672,3407
1046,4672,3407
1046,4672,3407
1046,4672,3407
1046,4672,3407
1046,4672,3407
1046,4672,3407
1046,4672,3407
147,4519,3616
147,4519,3616
147,4519,3616
147,4519,3616
147,4519,3616
147,4519,3616
147,4519,3616
147,4519,3616
147,4519,3616
147,4519,3616
-490,4294,3957
-490,4294,3957
-490,4294,3957
-490,4294,3957
-490,4294,3957
-490,4294,3957
-490,4294,3957
-490,4294,3957
-490,4294,3957
-965,4141,4214
-965,4141,4214
-965,4141,4214
-965,4141,4214
-965,4141,4214
-965,4141,4214
-965,4141,4214
-965,4141,4214
-965,4141,4214
-1321,4015,4683
-1321,4015,4683
-1321,4015,4683
-1321,4015,4683
-1321,4015,4683
-1321,4015,4683
-1321,4015,4683
-1321,4015,4683
-1321,4015,4683
-1666,3897,5406
-1666,3897,5406
-1666,3897,5406
-1666,3897,5406
-1780,3876,6565
-1780,3876,6565
-1780,3876,6565
-1780,3876,6565
-1780,3876,6565
-1780,3876,6565
-1780,3876,6565
-1780,3876,6565
-1584,3940,7338
-1584,3940,7338
-1584,3940,7338
-1584,3940,7338
-1584,3940,7338
-1584,3940,7338
-1584,3940,7338
-1584,3940,7338
-1584,3940,7338
-1584,3940,7338
-1295,3930,7926
-1295,3930,7926
-1295,3930,7926
-1295,3930,7926
-1295,3930,7926
-1295,3930,7926
-1295,3930,7926
-1295,3930,7926
-1295,3930,8453
-895,3937,8453
-895,3937,8453
-895,3937,8453
-895,3937,8453
-895,3937,8453
-895,3937,8453
-895,3937,8453
-895,3937,8453
-895,3937,8453
-370,3875,8845
-370,3875,8845
-370,3875,8845
-370,3875,8845
-370,3875,8845
-370,3875,8845
-370,3875,8845
-370,3875,8845
-370,3875,8845
-370,3875,8845
289,3903,9197
289,3903,9197
289,3903,9197
289,3903,9197
289,3903,9197
289,3903,9197
289,3903,9197
289,3903,9197
289,3903,9197
861,3823,9363
861,3823,9363
861,3823,9363
861,3823,9363
861,3823,9363
861,3823,9363
861,3823,9363
861,3823,9363
861,3823,9363
1409,3749,9432
1409,3749,9432
1409,3749,9432
1409,3749,9432
1409,3749,9432
1409,3749,9432
1409,3749,9432
1409,3749,9432
1409,3749,9432
1606,3658,9520
1606,3658,9520
1606,3658,9520
1606,3658,9520
1606,3658,9520
1606,3658,9520
1606,3658,9520
1606,3658,9520
1606,3658,9520
1901,3527,9510
1901,3527,9510
1901,3527,9510
1901,3527,9510
1901,3527,9510
1901,3527,9510
1901,3527,9510
1901,3527,9510
1901,3527,9510
1901,3527,9510
2276,3527,9495
2276,3527,9495
2276,3527,9495
2276,3527,9495
2276,3527,9495
2276,3527,9495
2276,3527,9495
2276,3527,9495
2756,3502,9323
2756,3502,9323
2756,3502,9323
2756,3502,9323
2756,3502,9323
2756,3502,9323
2756,3502,9323
2756,3502,9323
2756,3502,9323
3260,3332,9148
3260,3332,9148
3260,3332,9148
3260,3332,9148
3260,3332,9148
3260,3332,9148
3260,3332,9148
3260,3332,9148
3260,3332,9148
3736,3259,8893
3736,3259,8893
3736,3259,8893
3736,3259,8893
3736,3259,8893
3736,3259,8893
3736,3259,8893
3736,3259,8893
3736,3259,8893
4018,3130,8641
4018,3130,8641
4018,3130,8641
4018,3130,8641
4018,3130,8641
4018,3130,8641
4018,3130,8641
4018,3130,8641
4018,3130,8641
4220,3005,8416
4220,3005,8416
4220,3005,8416
4220,3005,8416
4220,3005,8416
4220,3005,8416
4220,3005,8416
4220,3005,8416
4220,3005,8416
4335,2909,8302
4335,2909,8302
4335,2909,8302
4335,2909,8302
4335,2909,8302
4335,2909,8302
4335,2909,8302
4335,2909,8302
4335,2909,8302
4335,2909,8302
4445,2789,8128
4445,2789,8128
4445,2789,8128
4445,2789,8128
4445,2789,8128
4445,2789,8128
4445,2789,8128
4445,2789,8128
4445,2789,8128
4519,2734,8031
4519,2734,8031
4519,2734,8031
4519,2734,8031
4519,2734,8031
4519,2734,8031
4519,2734,8031
4519,2734,8031
4519,2734,8031
4519,2734,8031
4666,2784,7791
4666,2784,7791
4666,2784,7791
4666,2784,7791
4666,2784,7791
4666,2784,7791
4666,2784,7791
4666,2784,7791
4666,2784,7791
4918,2883,7103
4918,2883,7103
4918,2883,7103
4918,2883,7103
4918,2883,7103
4918,2883,7103
4918,2883,7103
4918,2883,7103
5022,3101,5921
5022,3101,5921
5022,3101,5921
5022,3101,5921
5022,3101,5921
5022,3101,5921
5022,3101,5921
5022,3101,5921
5022,3101,5921
4767,3219,4982
4767,3219,4982
4767,3219,4982
4767,3219,4982
4767,3219,4982
4767,3219,4982
4767,3219,4982
4767,3219,4982
4767,3219,4982
4767,3219,4982
4578,3188,4686
4578,3188,4686
4578,3188,4686
4578,3188,4686
4578,3188,4686
4578,3188,4686
4578,3188,4686
4578,3188,4686
4578,3188,4686
4013,3282,3932
4013,3282,3932
4013,3282,3932
4013,3282,3932
4013,3282,3932
4013,3282,3932
4013,3282,3932
4013,3282,3932
4013,3282,3932
3017,3497,3340
3017,3497,3340
3017,3497,3340
3017,3497,3340
3017,3497,3340
3017,3497,3340
3017,3497,3340
3017,3497,3340
3017,3497,3340
2536,3550,3214
2536,3550,3214
2536,3550,3214
2536,3550,3214
2536,3550,3214
2536,3550,3214
2536,3550,3214
2536,3550,3214
2536,3550,3214
2287,3443,3124
2287,3443,3124
2287,3443,3124
2287,3443,3124
2287,3443,3124
2287,3443,3124
2028,3376,3060
2028,3376,3060
2028,3376,3060
2028,3376,3060
2028,3376,3060
2028,3376,3060
2028,3376,3060
2028,3376,3060
1362,3435,3092
1362,3435,3092
1362,3435,3092
1362,3435,3092
1362,3435,3092
1362,3435,3092
1362,3435,3092
1362,3435,3092
1362,3435,3092
627,3439,3269
627,3439,3269
627,3439,3269
627,3439,3269
627,3439,3269
627,3439,3269
627,3439,3269
627,3439,3269
30,3225,3456
30,3225,3456
30,3225,3456
30,3225,3456
30,3225,3456
30,3225,3456
30,3225,3456
30,3225,3456
30,3225,3456
-388,2982,3707
-388,2982,3707
-388,2982,3707
-388,2982,3707
-388,2982,3707
-388,2982,3707
-388,2982,3707
-388,2982,3707
-388,2982,3707
-388,2982,3707
-799,2908,3988
-799,2908,3988
-799,2908,3988
-799,2908,3988
-799,2908,3988
-799,2908,3988
-799,2908,3988
-799,2908,3988
-799,2908,3988
-1231,2749,4530
-1231,2749,4530
-1231,2749,4530
-1231,2749,4530
-1231,2749,4530
-1231,2749,4530
-1231,2749,4530
-1231,2749,4530
-1231,2749,4530
-1515,2678,5014
-1515,2678,5014
-1515,2678,5014
-1515,2678,5014
-1515,2678,5014
-1515,2678,5014
-1515,2678,5014
-1515,2678,5014
-1515,2678,5014
-1752,2536,5730
-1752,2536,5730
-1752,2536,5730
-1752,2536,5730
-1752,2536,5730
-1752,2536,5730
-1752,2536,5730
-1752,2536,5730
-1752,2536,5730
-1789,2395,6353
-1789,2395,6353
-1789,2395,6353
-1789,2395,6353
-1789,2395,6353
-1789,2395,6353
-1789,2395,6353
-1789,2395,6353
-1789,2395,6353
-1714,2249,7021
-1714,2249,7021
-1714,2249,7021
-1714,2249,7021
-1714,2249,7021
-1714,2249,7021
-1714,2249,7021
-1714,2249,7021
-1714,2249,7021
-1714,2249,7021
-1511,2028,7476
-1511,2028,7476
-1511,2028,7476
-1511,2028,7476
-1511,2028,7476
-1511,2028,7476
-1511,2028,7476
-1511,2028,7476
-1511,2028,7476
-1180,1876,7977
-1180,1876,7977
-1180,1876,7977
-1180,1876,7977
-1180,1876,7977
-1180,1876,7977
-1180,1876,7977
-1180,1876,7977
-1180,1876,7977
-646,1710,8538
-646,1710,8538
-646,1710,8538
-646,1710,8538
-646,1710,8538
-646,1710,8538
-646,1710,8538
-646,1710,8538
-646,1710,8538
-366,1597,8726
-366,1597,8726
-366,1597,8726
-366,1597,8726
-366,1597,8726
-366,1597,8726
-366,1597,8726
-366,1597,8726
-366,1597,8726
147,1454,8963
147,1454,8963
147,1454,8963
147,1454,8963
147,1454,8963
147,1454,8963
147,1454,8963
147,1454,8963
147,1454,8963
486,1337,9089
486,1337,9089
486,1337,9089
486,1337,9089
486,1337,9089
486,1337,9089
486,1337,9089
486,1337,9089
486,1337,9089
837,1251,9112
837,1251,9112
837,1251,9112
837,1251,9112
837,1251,9112
837,1251,9112
837,1251,9112
837,1251,9112
837,1251,9112
1001,1183,9134
1001,1183,9134
1001,1183,9134
1001,1183,9134
1001,1183,9134
1001,1183,9134
1001,1183,9134
1001,1183,9134
1001,1183,9134
1188,1015,9076
1188,1015,9076
1188,1015,9076
1188,1015,9076
1188,1015,9076
1188,1015,9076
1188,1015,9076
1188,1015,9076
1188,1015,9076
1188,913,9019
1200,913,9019
1200,913,9019
1200,913,9019
1200,913,9019
1200,913,9019
1200,913,9019
1200,913,9019
1200,913,9019
1200,913,9019
1169,875,8968
1169,875,8968
1169,875,8968
1169,875,8968
1169,875,8968
1169,875,8968
1169,875,8968
1169,875,8968
1236,920,9003
1236,920,9003
1236,920,9003
1236,920,9003
1236,920,9003
1236,920,9003
1236,920,9003
1236,920,9003
1236,920,9003
1236,920,9003
1321,903,9043
1321,903,9043
1321,903,9043
1321,903,9043
1321,903,9043
1321,903,9043
1321,903,9043
1321,903,9043
1321,903,9043
1265,865,9011
1265,865,9011
1265,865,9011
1265,865,9011
1265,865,9011
1265,865,9011
1265,865,9011
1265,865,9011
1265,865,9011
1195,860,8993
1195,860,8993
1195,860,8993
1195,860,8993
1195,860,8993
1195,860,8993
1195,860,8993
1195,860,8993
1195,860,8993
1139,867,8974
1139,867,8974
1139,867,8974
1139,867,8974
1139,867,8974
1139,867,8974
1139,867,8974
1139,867,8974
1139,867,8974
1166,940,9026
1166,940,9026
1166,940,9026
1166,940,9026
1166,940,9026
1166,940,9026
1166,940,9026
1166,940,9026
1166,940,9026
1207,959,9083
1207,959,9083
1207,959,9083
1207,959,9083
1207,959,9083
1207,959,9083
1207,959,9083
1221,930,9053
1221,930,9053
1221,930,9053
1221,930,9053
1221,930,9053
1221,930,9053
1190,964,9070
1190,964,9070
1190,964,9070
1190,964,9070
1190,964,9070
1190,964,9070
1190,964,9070
1190,964,9070
1190,964,9070
1199,959,9078
1199,959,9078
1199,959,9078
1199,959,9078
1199,959,9078
1199,959,9078
1199,959,9078
1199,959,9078
1199,959,9078
1199,941,9039
1212,941,9039
1212,941,9039
1212,941,9039
1212,941,9039
1212,941,9039
1212,941,9039
1212,941,9039
1212,941,9039
1212,941,9039
1190,944,9046
1190,944,9046
1190,944,9046
1190,944,9046
1190,944,9046
1190,944,9046
1190,944,9046
1190,944,9046
1135,957,9021
1135,957,9021
1135,957,9021
1135,957,9021
1135,957,9021
1135,957,9021
1135,957,9021
1135,957,9021
1135,957,9021
1086,927,9000
1086,927,9000
1086,927,9000
1086,927,9000
1086,927,9000
1086,927,9000
1086,927,9000
1086,927,9000
1086,927,9000
1086,927,9000
1023,932,9000
1023,932,9000
1023,932,9000
1023,932,9000
1023,932,9000
1023,932,9000
1023,932,9000
1023,932,9000
1023,932,9000
1022,929,9025
1022,929,9025
1022,929,9025
1022,929,9025
1022,929,9025
1022,929,9025
1022,929,9025
1022,929,9025
1022,929,9025
985,956,9058
985,956,9058
985,956,9058
985,956,9058
985,956,9058
985,956,9058
985,956,9058
985,956,9058
985,956,9058
926,971,9057
926,971,9057
926,971,9057
926,971,9057
926,971,9057
926,971,9057
926,971,9057
926,971,9057
926,971,9057
948,945,9052
948,945,9052
948,945,9052
948,945,9052
948,945,9052
948,945,9052
948,945,9052
948,945,9052
948,945,9052
952,935,9045
952,935,9045
952,935,9045
952,935,9045
952,935,9045
952,935,9045
952,935,9045
952,935,9045
952,935,9045
952,935,9045
980,958,9033
980,958,9033
980,958,9033
980,958,9033
980,958,9033
980,958,9033
980,958,9033
980,958,9033
980,958,9033
955,952,8971
955,952,8971
955,952,8971
955,952,8971
955,952,8971
955,952,8971
955,952,8971
955,952,8971
996,923,8964
996,923,8964
996,923,8964
996,923,8964
996,923,8964
996,923,8964
996,923,8964
996,923,8964
996,923,8964
960,918,8956
960,918,8956
960,918,8956
960,918,8956
960,918,8956
960,918,8956
960,918,8956
960,918,8956
960,918,8956
960,918,8956
894,890,8951
894,890,8951
894,890,8951
894,890,8951
894,890,8951
894,890,8951
894,890,8951
894,890,8951
848,920,8924
848,920,8924
848,920,8924
848,920,8924
848,920,8924
848,920,8924
848,920,8924
848,920,8924
848,920,8924
848,920,8924
847,926,8917
847,926,8917
847,926,8917
847,926,8917
847,926,8917
847,926,8917
847,926,8917
847,926,8917
847,926,8917
847,926,8917
819,846,8861
819,846,8861
819,846,8861
819,846,8861
819,846,8861
819,846,8861
819,846,8861
819,846,8861
819,846,8861
829,728,8810
829,728,8810
829,728,8810
829,728,8810
829,728,8810
829,728,8810
829,728,8810
829,728,8810
829,728,8810
757,713,8737
757,713,8737
757,713,8737
757,713,8737
757,713,8737
757,713,8737
757,713,8737
757,713,8737
757,713,8737
759,820,8879
759,820,8879
759,820,8879
759,820,8879
759,820,8879
759,820,8879
759,820,8879
759,820,8879
759,820,8879
875,753,8871
875,753,8871
875,753,8871
875,753,8871
875,753,8871
875,753,8871
875,753,8871
875,753,8871
875,753,8871
902,699,8842
902,699,8842
902,699,8842
902,699,8842
902,699,8842
902,699,8842
902,699,8842
902,699,8842
902,699,8842
746,714,8770
746,714,8770
746,714,8770
746,714,8770
746,714,8770
746,714,8770
746,714,8770
746,714,8770
746,714,8770
588,835,8850
588,835,8850
588,835,8850
588,835,8850
588,835,8850
588,835,8850
588,835,8850
588,835,8850
588,835,8850
558,1028,8950
558,1028,8950
558,1028,8950
558,1028,8950
558,1028,8950
558,1028,8950
558,1028,8950
558,1028,8950
558,1028,8950
656,1159,9087
656,1159,9087
656,1159,9087
656,1159,9087
656,1159,9087
656,1159,9087
656,1159,9087
656,1159,9087
656,1159,9087
608,1308,9116
608,1308,9116
608,1308,9116
608,1308,9116
608,1308,9116
608,1308,9116
608,1308,9116
608,1308,9116
608,1308,9116
610,1316,9137
610,1316,9137
610,1316,9137
610,1316,9137
610,1316,9137
610,1316,9137
539,1294,9079
539,1294,9079
539,1294,9079
539,1294,9079
539,1294,9079
539,1294,9079
539,1294,9079
539,1294,9079
541,1238,9104
541,1238,9104
541,1238,9104
541,1238,9104
541,1238,9104
541,1238,9104
541,1238,9104
541,1238,9104
541,1238,9104
683,1266,9139
683,1266,9139
683,1266,9139
683,1266,9139
683,1266,9139
683,1266,9139
683,1266,9139
683,1266,9139
809,1297,9181
809,1297,9181
809,1297,9181
809,1297,9181
809,1297,9181
809,1297,9181
809,1297,9181
809,1297,9181
809,1297,9181
1087,1287,9272
1087,1287,9272
1087,1287,9272
1087,1287,9272
1087,1287,9272
1087,1287,9272
1087,1287,9272
1087,1287,9272
1087,1287,9272
1087,1287,9272
1022,1231,9201
1022,1231,9201
1022,1231,9201
1022,1231,9201
1022,1231,9201
1022,1231,9201
1022,1231,9201
1022,1231,9201
1022,1231,9201
1021,1073,9101
1021,1073,9101
1021,1073,9101
1021,1073,9101
1021,1073,9101
1021,1073,9101
1021,1073,9101
1021,1073,9101
1021,1073,9101
1053,1040,9116
1053,1040,9116
1053,1040,9116
1053,1040,9116
1053,1040,9116
1053,1040,9116
1053,1040,9116
1053,1040,9116
1053,1040,9116
1230,1080,9177
1230,1080,9177
1230,1080,9177
1230,1080,9177
1230,1080,9177
1230,1080,9177
1230,1080,9177
1230,1080,9177
1230,1080,9177
1409,1137,9155
1409,1137,9155
1409,1137,9155
1409,1137,9155
1409,1137,9155
1409,1137,9155
1409,1137,9155
1409,1137,9155
1409,1137,9155
1482,1206,9233
1482,1206,9233
1482,1206,9233
1482,1206,9233
1482,1206,9233
1482,1206,9233
1482,1206,9233
1482,1206,9233
1482,1206,9233
1482,1206,9233
1637,1309,9255
1637,1309,9255
1637,1309,9255
1637,1309,9255
1637,1309,9255
1637,1309,9255
1637,1309,9255
1637,1309,9255
1637,1309,9255
1728,1378,9320
1728,1378,9320
1092,1319,9241
1092,1319,9241
1092,1319,9241
1033,1311,9271
1033,1311,9271
1033,1311,9271
1033,1311,9271
1033,1311,9271
1033,1311,9271
1033,1311,9271
1033,1311,9271
1033,1311,9271
1033,1299,9203
1039,1299,9203
1039,1299,9203
1039,1299,9203
1039,1299,9203
1039,1299,9203
1039,1299,9203
1039,1299,9203
1039,1299,9203
1039,1299,9203
1067,1255,9227
1067,1255,9227
1067,1255,9227
1067,1255,9227
1067,1255,9227
1067,1255,9227
1067,1255,9227
1067,1255,9227
1067,1255,9227
1171,1197,9238
1171,1197,9238
1171,1197,9238
1171,1197,9238
1171,1197,9238
1171,1197,9238
1171,1197,9238
1171,1197,9238
1171,1197,9238
1289,1201,9249
1289,1201,9249
1289,1201,9249
1289,1201,9249
1289,1201,9249
1289,1201,9249
1289,1201,9249
1289,1201,9249
1289,1201,9249
1350,1185,9276
1350,1185,9276
1350,1185,9276
1350,1185,9276
1350,1185,9276
1350,1185,9276
1350,1185,9276
1350,1185,9276
1350,1185,9276
1401,1161,9226
1401,1161,9226
1401,1161,9226
1401,1161,9226
1401,1161,9226
1401,1161,9226
1401,1161,9226
1401,1161,9226
1401,1161,9226
1514,1177,9195
1514,1177,9195
1514,1177,9195
1514,1177,9195
1514,1177,9195
1514,1177,9195
1514,1177,9195
1514,1177,9195
1514,1177,9195
1514,1177,9195
1615,1223,9285
1615,1223,9285
1615,1223,9285
1615,1223,9285
1615,1223,9285
1615,1223,9285
1615,1223,9285
1615,1223,9285
1653,1265,9245
1653,1265,9245
1653,1265,9245
1653,1265,9245
1653,1265,9245
1653,1265,9245
1653,1265,9245
1653,1265,9245
1653,1265,9245
1681,1383,9305
1681,1383,9305
1681,1383,9305
1681,1383,9305
1681,1383,9305
1681,1383,9305
1681,1383,9305
1681,1383,9305
1681,1383,9305
1789,1443,9314
1789,1443,9314
1789,1443,9314
1789,1443,9314
1789,1443,9314
1789,1443,9314
1789,1443,9314
1789,1443,9314
1789,1443,9314
1888,1423,9283
1888,1423,9283
1888,1423,9283
1888,1423,9283
1888,1423,9283
1888,1423,9283
1888,1423,9283
1888,1423,9283
1888,1423,9283
1888,1423,9283
1842,1436,9324
1842,1436,9324
1842,1436,9324
1842,1436,9324
1842,1436,9324
1842,1436,9324
1842,1436,9324
1842,1436,9324
1842,1436,9324
1875,1466,9308
1875,1466,9308
1875,1466,9308
1875,1466,9308
1875,1466,9308
1875,1466,9308
1875,1466,9308
1875,1466,9308
1875,1466,9308
1913,1448,9383
1913,1448,9383
1913,1448,9383
1913,1448,9383
1913,1448,9383
1913,1448,9383
1913,1448,9383
1913,1448,9383
1913,1448,9383
1800,1449,9367
1800,1449,9367
1800,1449,9367
1800,1449,9367
1800,1449,9367
1800,1449,9367
1800,1449,9367
1800,1449,9367
1800,1449,9367
1841,1520,9429
1841,1520,9429
1841,1520,9429
1841,1520,9429
1841,1520,9429
1841,1520,9429
1841,1520,9429
1841,1520,9429
1841,1520,9429
1841,1520,9429
1983,1415,9389
1983,1415,9389
1983,1415,9389
1983,1415,9389
1983,1415,9389
1983,1415,9389
1983,1415,9389
1983,1415,9389
2086,1319,9297
2086,1319,9297
2086,1319,9297
2086,1319,9297
2086,1319,9297
2086,1319,9297
2086,1319,9297
2086,1319,9297
2086,1319,9297
2017,1266,9239
2017,1266,9239
2017,1266,9239
2017,1266,9239
2017,1266,9239
2017,1266,9239
2017,1266,9239
2017,1266,9239
2017,1266,9239
1834,1322,9270
1834,1322,9270
1834,1322,9270
1834,1322,9270
1834,1322,9270
1834,1322,9270
1834,1322,9270
1834,1322,9270
1834,1322,9270
1716,1291,9291
1716,1291,9291
1716,1291,9291
1716,1291,9291
1716,1291,9291
1716,1291,9291
1716,1291,9291
1716,1291,9291
1716,1291,9291
1716,1291,9291
1778,1251,9234
1778,1251,9234
1778,1251,9234
1778,1251,9234
1778,1251,9234
1778,1251,9234
1778,1251,9234
1778,1251,9234
1882,1334,9299
1882,1334,9299
1882,1334,9299
1882,1334,9299
1882,1334,9299
1882,1334,9299
1882,1334,9299
1882,1334,9299
1882,1334,9299
1882,1334,9299
1933,1366,9293
1933,1366,9293
1933,1366,9293
1933,1366,9293
1933,1366,9293
1933,1366,9293
1933,1366,9293
1933,1366,9293
1933,1366,9293
1933,1366,9293
2017,1421,9333
2017,1421,9333
2017,1421,9333
2017,1421,9333
2017,1421,9333
2017,1421,9333
2017,1421,9333
2017,1421,9333
2017,1421,9333
2148,1496,9318
2148,1496,9318
2148,1496,9318
2148,1496,9318
2148,1496,9318
2148,1496,9318
2204,1510,9311
2204,1510,9311
2204,1510,9311
2204,1510,9311
2204,1510,9311
2204,1510,9311
2204,1510,9311
2303,1551,9338
2303,1551,9338
2303,1551,9338
2303,1551,9338
2303,1551,9338
2303,1551,9338
2303,1551,9338
2303,1551,9338
2292,1598,9317
2292,1598,9317
2292,1598,9317
2292,1598,9317
2292,1598,9317
2292,1598,9317
2292,1598,9317
2292,1598,9317
2292,1598,9317
2335,1594,9342
2335,1594,9342
2335,1594,9342
2335,1594,9342
2335,1594,9342
2335,1594,9342
2335,1594,9342
2335,1594,9342
2335,1594,9342
2362,1606,9341
2362,1606,9341
2362,1606,9341
2362,1606,9341
2362,1606,9341
2362,1606,9341
2362,1606,9341
2362,1606,9341
2362,1606,9341
2391,1596,9351
2391,1596,9351
2391,1596,9351
2391,1596,9351
2391,1596,9351
2391,1596,9351
2391,1596,9351
2391,1596,9351
2391,1596,9351
2435,1631,9330
2435,1631,9330
2435,1631,9330
2435,1631,9330
2435,1631,9330
2435,1631,9330
2435,1631,9330
2435,1631,9330
2435,1631,9330
2507,1691,9356
2507,1691,9356
2507,1691,9356
2507,1691,9356
2507,1691,9356
2507,1691,9356
2507,1691,9356
2507,1691,9356
2507,1691,9356
2507,1691,9356
2581,1843,9384
2581,1843,9384
2581,1843,9384
2581,1843,9384
2581,1843,9384
2581,1843,9384
2581,1843,9384
2581,1843,9384
2669,2024,9396
2669,2024,9396
2669,2024,9396
2669,2024,9396
2669,2024,9396
2669,2024,9396
2669,2024,9396
2669,2024,9396
2669,2024,9396
2669,2024,9396
2728,2183,9384
2728,2183,9384
2728,2183,9384
2728,2183,9384
2728,2183,9384
2728,2183,9384
2728,2183,9384
2728,2183,9384
2728,2183,9384
2728,2183,9384
2693,2274,9458
2693,2274,9458
2693,2274,9458
2693,2274,9458
2693,2274,9458
2693,2274,9458
2693,2274,9458
2693,2274,9458
2728,2412,9427
2728,2412,9427
2728,2412,9427
2728,2412,9427
2728,2412,9427
2728,2412,9427
2728,2412,9427
2728,2412,9427
2728,2412,9427
2802,2568,9409
2802,2568,9409
2802,2568,9409
2802,2568,9409
2802,2568,9409
2802,2568,9409
2802,2568,9409
2802,2568,9409
2802,2568,9409
2824,2716,9467
2824,2716,9467
2824,2716,9467
2824,2716,9467
2824,2716,9467
2824,2716,9467
2824,2716,9467
2824,2716,9467
2824,2716,9467
2792,2835,9503
2792,2835,9503
2792,2835,9503
2792,2835,9503
2792,2835,9503
2792,2835,9503
2792,2835,9503
2792,2835,9503
2792,2835,9503
2792,2835,9503
2743,2922,9489
2743,2922,9489
2743,2922,9489
2743,2922,9489
2743,2922,9489
2743,2922,9489
2743,2922,9489
2743,2922,9489
2743,2922,9489
2657,2984,9551
2657,2984,9551
2657,2984,9551
2657,2984,9551
2657,2984,9551
2657,2984,9551
2657,2984,9551
2657,2984,9551
2657,2984,9551
2606,3107,9526
2606,3107,9526
2606,3107,9526
2606,3107,9526
2606,3107,9526
2606,3107,9526
2606,3107,9526
2606,3107,9526
2606,3107,9526
2597,3231,9517
2597,3231,9517
2597,3231,9517
2597,3231,9517
2597,3231,9517
2597,3231,9517
2597,3231,9517
2597,3231,9517
2597,3231,9517
2477,3302,9573
2477,3302,9573
2477,3302,9573
2477,3302,9573
2477,3302,9573
2477,3302,9573
2477,3302,9573
2477,3302,9573
2477,3302,9573
2430,3377,9551
2430,3377,9551
2430,3377,9551
2430,3377,9551
2430,3377,9551
2430,3377,9551
2430,3377,9551
2430,3377,9551
2312,3481,9548
2312,3481,9548
2312,3481,9548
2312,3481,9548
2312,3481,9548
2312,3481,9548
2312,3481,9548
2312,3481,9548
2312,3481,9548
2312,3481,9548
2278,3552,9578
2278,3552,9578
2278,3552,9578
2278,3552,9578
2278,3552,9578
2278,3552,9578
2278,3552,9578
2278,3552,9578
2278,3552,9578
2278,3552,9578
2200,3650,9568
2200,3650,9568
2200,3650,9568
2200,3650,9568
2200,3650,9568
2200,3650,9568
2200,3650,9568
2200,3650,9568
2200,3650,9568
2065,3705,9541
2065,3705,9541
2065,3705,9541
2065,3705,9541
2065,3705,9541
2065,3705,9541
2065,3705,9541
2065,3705,9541
2065,3705,9541
1961,3798,9542
1961,3798,9542
1961,3798,9542
1961,3798,9542
1961,3798,9542
1961,3798,9542
1961,3798,9542
1961,3798,9542
1961,3798,9542
1880,3862,9533
1880,3862,9533
1880,3862,9533
1880,3862,9533
1880,3862,9533
1880,3862,9533
1880,3862,9533
1880,3862,9533
1880,3862,9533
1762,3898,9545
1762,3898,9545
1762,3898,9545
1762,3898,9545
1600,3953,9542
1600,3953,9542
1600,3953,9542
1600,3953,9542
1600,3953,9542
1600,3953,9542
1513,3972,9524
1513,3972,9524
1513,3972,9524
1513,3972,9524
1513,3972,9524
1513,3972,9524
1513,3972,9524
1513,3972,9524
1513,3972,9524
1407,4028,9517
1407,4028,9517
1407,4028,9517
1407,4028,9517
1407,4028,9517
1407,4028,9517
1407,4028,9517
1407,4028,9517
1407,4028,9517
1320,4024,9517
1320,4024,9517
1320,4024,9517
1320,4024,9517
1320,4024,9517
1320,4024,9517
1320,4024,9517
1320,4024,9517
1320,4024,9517
1159,4043,9478
1159,4043,9478
1159,4043,9478
1159,4043,9478
1159,4043,9478
1159,4043,9478
1159,4043,9478
1159,4043,9478
1159,4043,9478
1073,4035,9497
1073,4035,9497
1073,4035,9497
1073,4035,9497
1073,4035,9497
1073,4035,9497
1073,4035,9497
1073,4035,9497
1073,4035,9497
927,3992,9465
927,3992,9465
927,3992,9465
927,3992,9465
927,3992,9465
927,3992,9465
927,3992,9465
927,3992,9465
927,3992,9465
777,3975,9428
777,3975,9428
777,3975,9428
777,3975,9428
777,3975,9428
777,3975,9428
777,3975,9428
777,3975,9428
777,3975,9428
666,3923,9416
666,3923,9416
666,3923,9416
666,3923,9416
666,3923,9416
666,3923,9416
666,3923,9416
666,3923,9416
666,3923,9416
666,3923,9416
545,3906,9340
545,3906,9340
545,3906,9340
545,3906,9340
545,3906,9340
545,3906,9340
545,3906,9340
545,3906,9340
545,3906,9340
545,3819,9329
435,3819,9329
435,3819,9329
435,3819,9329
435,3819,9329
435,3819,9329
435,3819,9329
435,3819,9329
435,3819,9329
435,3819,9329
240,3729,9311
240,3729,9311
240,3729,9311
240,3729,9311
240,3729,9311
240,3729,9311
240,3729,9311
240,3729,9311
240,3729,9311
177,3691,9298
177,3691,9298
177,3691,9298
177,3691,9298
177,3691,9298
177,3691,9298
177,3691,9298
177,3691,9298
99,3618,9243
99,3618,9243
99,3618,9243
99,3618,9243
99,3618,9243
99,3618,9243
99,3618,9243
99,3618,9243
99,3618,9243
40,3510,9300
40,3510,9300
40,3510,9300
40,3510,9300
40,3510,9300
40,3510,9300
40,3510,9300
40,3510,9300
40,3510,9300
-90,3358,9226
-90,3358,9226
-90,3358,9226
-90,3358,9226
-90,3358,9226
-90,3358,9226
-90,3358,9226
-90,3358,9226
-90,3358,9226
-132,3198,9243
-132,3198,9243
-132,3198,9243
-132,3198,9243
-132,3198,9243
-132,3198,9243
-132,3198,9243
-132,3198,9243
-132,3198,9243
-132,3198,9243
-157,3088,9232
-157,3088,9232
-157,3088,9232
-157,3088,9232
-157,3088,9232
-157,3088,9232
-157,3088,9232
-157,3088,9232
-157,3088,9232
-202,2861,9229
-202,2861,9229
-202,2861,9229
-202,2861,9229
-202,2861,9229
-202,2861,9229
-202,2861,9229
-202,2861,9229
-202,2861,9229
-228,2691,9247
-228,2691,9247
-228,2691,9247
-228,2691,9247
-228,2691,9247
-228,2691,9247
-228,2691,9247
-228,2691,9247
-228,2691,9247
-192,2522,9237
-192,2522,9237
-192,2522,9237
-192,2522,9237
-192,2522,9237
-192,2522,9237
-192,2522,9237
-192,2522,9237
-192,2522,9237
-94,2367,9204
-94,2367,9204
-94,2367,9204
-94,2367,9204
-94,2367,9204
-94,2367,9204
-94,2367,9204
-94,2367,9204
-94,2367,9204
-94,2367,9204
-76,2238,9206
-76,2238,9206
-76,2238,9206
-76,2238,9206
-76,2238,9206
-76,2238,9206
-76,2238,9206
-76,2238,9206
-76,2238,9206
-80,2116,9182
-80,2116,9182
-80,2116,9182
-80,2116,9182
-80,2116,9182
-80,2116,9182
-80,2116,9182
-80,2116,9182
-80,2116,9182
-25,1962,9133
-25,1962,9133
-25,1962,9133
-25,1962,9133
-25,1962,9133
-25,1962,9133
-25,1962,9133
-25,1962,9133
-25,1962,9133
52,1785,9145
52,1785,9145
52,1785,9145
52,1785,9145
52,1785,9145
52,1785,9145
52,1785,9145
52,1785,9145
52,1785,9145
134,1691,9138
134,1691,9138
134,1691,9138
134,1691,9138
134,1691,9138
134,1691,9138
134,1691,9138
134,1691,9138
134,1691,9138
268,1646,9197
268,1646,9197
268,1646,9197
268,1646,9197
268,1646,9197
268,1646,9197
268,1646,9197
268,1646,9197
268,1646,9197
395,1531,9172
395,1531,9172
395,1531,9172
395,1531,9172
395,1531,9172
395,1531,9172
395,1531,9172
395,1531,9172
395,1531,9172
533,1479,9179
533,1479,9179
533,1479,9179
533,1479,9179
533,1479,9179
533,1479,9179
533,1479,9179
671,1445,9190
671,1445,9190
671,1445,9190
671,1445,9190
671,1445,9190
671,1445,9190
671,1445,9190
824,1371,9187
824,1371,9187
824,1371,9187
824,1371,9187
824,1371,9187
824,1371,9187
824,1371,9187
824,1371,9187
824,1371,9187
925,1265,9189
925,1265,9189
925,1265,9189
925,1265,9189
925,1265,9189
925,1265,9189
925,1265,9189
925,1265,9189
925,1265,9189
1126,1193,9165
1126,1193,9165
1126,1193,9165
1126,1193,9165
1126,1193,9165
1126,1193,9165
1126,1193,9165
1126,1193,9165
1126,1193,9165
1302,1182,9170
1302,1182,9170
1302,1182,9170
1302,1182,9170
1302,1182,9170
1302,1182,9170
1302,1182,9170
1302,1182,9170
1302,1182,9170
1440,1166,9168
1440,1166,9168
1440,1166,9168
1440,1166,9168
1440,1166,9168
1440,1166,9168
1440,1166,9168
1440,1166,9168
1440,1166,9168
1552,1190,9192
1552,1190,9192
1552,1190,9192
1552,1190,9192
1552,1190,9192
1552,1190,9192
1552,1190,9192
1552,1190,9192
1552,1190,9192
1747,1242,9218
1747,1242,9218
1747,1242,9218
1747,1242,9218
1747,1242,9218
1747,1242,9218
1747,1242,9218
1747,1242,9218
1747,1242,9218
1802,1293,9236
1802,1293,9236
1802,1293,9236
1802,1293,9236
1802,1293,9236
1802,1293,9236
1802,1293,9236
1802,1293,9236
1802,1293,9236
1887,1363,9234
1887,1363,9234
1887,1363,9234
1887,1363,9234
1887,1363,9234
1887,1363,9234
1887,1363,9234
1887,1363,9234
1887,1363,9234
1887,1363,9234
2051,1347,9292
2051,1347,9292
2051,1347,9292
2051,1347,9292
2051,1347,9292
2051,1347,9292
2051,1347,9292
2051,1347,9292
2051,1347,9292
2099,1340,9278
2099,1340,9278
2099,1340,9278
2099,1340,9278
2099,1340,9278
2099,1340,9278
2099,1340,9278
2099,1340,9278
2099,1340,9278
2099,1345,9268
2154,1345,9268
2154,1345,9268
2154,1345,9268
2154,1345,9268
2154,1345,9268
2154,1345,9268
2154,1345,9268
2154,1345,9268
2154,1345,9268
2246,1411,9249
2246,1411,9249
2246,1411,9249
2246,1411,9249
2246,1411,9249
2246,1411,9249
2246,1411,9249
2246,1411,9249
2335,1439,9240
2335,1439,9240
2335,1439,9240
2335,1439,9240
2335,1439,9240
2335,1439,9240
2335,1439,9240
2335,1439,9240
2335,1439,9240
2471,1386,9203
2471,1386,9203
2471,1386,9203
2471,1386,9203
2471,1386,9203
2471,1386,9203
2471,1386,9203
2471,1386,9203
2471,1386,9203
2548,1401,9148
2548,1401,9148
2548,1401,9148
2548,1401,9148
2548,1401,9148
2548,1401,9148
2548,1401,9148
2548,1401,9148
2548,1401,9148
2551,1390,9165
2551,1390,9165
2551,1390,9165
2551,1390,9165
2551,1390,9165
2551,1390,9165
2551,1390,9165
2551,1390,9165
2551,1390,9165
2570,1385,9129
2570,1385,9129
2570,1385,9129
2570,1385,9129
2570,1385,9129
2570,1385,9129
2570,1385,9129
2570,1385,9129
2570,1385,9129
2570,1385,9140
2534,1374,9140
2534,1374,9140
2534,1374,9140
2534,1374,9140
2534,1374,9140
2534,1374,9140
2534,1374,9140
2534,1374,9140
2534,1374,9140
2580,1356,9110
2580,1356,9110
2580,1356,9110
2580,1356,9110
2580,1356,9110
2580,1356,9110
2580,1356,9110
2580,1356,9110
2580,1356,9110
2555,1390,9166
2555,1390,9166
2555,1390,9166
2555,1390,9166
2555,1390,9166
2555,1390,9166
2555,1390,9166
2555,1390,9166
2555,1390,9166
2545,1374,9192
2545,1374,9192
2545,1374,9192
2545,1374,9192
2545,1374,9192
2545,1374,9192
2545,1374,9192
2545,1374,9192
2545,1374,9192
2545,1374,9192
2607,1404,9174
2607,1404,9174
2607,1404,9174
2607,1404,9174
2607,1404,9174
2607,1404,9174
2607,1404,9174
2607,1404,9174
2671,1473,9161
2671,1473,9161
2671,1473,9161
2671,1473,9161
2671,1473,9161
2671,1473,9161
2671,1473,9161
2671,1473,9161
2671,1473,9161
2757,1513,9169
2757,1513,9169
2757,1513,9169
2757,1513,9169
2757,1513,9169
2757,1513,9169
2757,1513,9169
2757,1513,9169
2757,1513,9169
2855,1596,9155
2855,1596,9155
2855,1596,9155
2855,1596,9155
2855,1596,9155
2855,1596,9155
2855,1596,9155
2855,1596,9155
2855,1596,9155
2855,1596,9099
2890,1646,9099
2890,1646,9099
2890,1646,9099
2890,1646,9099
2890,1646,9099
2890,1646,9099
2890,1646,9099
2890,1646,9099
2890,1646,9099
3019,1752,9093
3019,1752,9093
3019,1752,9093
3019,1752,9093
3019,1752,9093
3072,1854,9088
3072,1854,9088
3072,1854,9088
3072,1854,9088
3072,1854,9088
3072,1854,9088
3072,1854,9088
3220,1958,9072
3220,1958,9072
3220,1958,9072
3220,1958,9072
3220,1958,9072
3220,1958,9072
3220,1958,9072
3220,1958,9072
3220,1958,9072
3220,1958,9132
3217,2062,9132
3217,2062,9132
3217,2062,9132
3217,2062,9132
3217,2062,9132
3217,2062,9132
3217,2062,9132
3217,2062,9132
3217,2062,9132
3248,2162,9118
3248,2162,9118
3248,2162,9118
3248,2162,9118
3248,2162,9118
3248,2162,9118
3248,2162,9118
3248,2162,9118
3248,2162,9118
3279,2286,9110
3279,2286,9110
3279,2286,9110
3279,2286,9110
3279,2286,9110
3279,2286,9110
3279,2286,9110
3279,2286,9110
3296,2359,9185
3296,2359,9185
3296,2359,9185
3296,2359,9185
3296,2359,9185
3296,2359,9185
3296,2359,9185
3296,2359,9185
3296,2359,9185
3330,2408,9176
3330,2408,9176
3330,2408,9176
3330,2408,9176
3330,2408,9176
3330,2408,9176
3330,2408,9176
3330,2408,9176
3330,2408,9176
3330,2408,9176
3317,2521,9226
3317,2521,9226
3317,2521,9226
3317,2521,9226
3317,2521,9226
3317,2521,9226
3317,2521,9226
3317,2521,9226
3317,2521,9226
3292,2606,9253
3292,2606,9253
3292,2606,9253
3292,2606,9253
3292,2606,9253
3292,2606,9253
3292,2606,9253
3292,2606,9253
3292,2606,9253
3275,2670,9355
3275,2670,9355
3275,2670,9355
3275,2670,9355
3275,2670,9355
3275,2670,9355
3275,2670,9355
3275,2670,9355
3275,2670,9355
3226,2782,9294
3226,2782,9294
3226,2782,9294
3226,2782,9294
3226,2782,9294
3226,2782,9294
3226,2782,9294
3226,2782,9294
3226,2782,9294
3226,2882,9328
3276,2882,9328
3276,2882,9328
3276,2882,9328
3276,2882,9328
3276,2882,9328
3276,2882,9328
3276,2882,9328
3276,2882,9328
3276,2882,9328
3316,2984,9283
3316,2984,9283
3316,2984,9283
3316,2984,9283
3316,2984,9283
3316,2984,9283
3316,2984,9283
3316,2984,9283
3316,2984,9283
3310,3113,9282
3310,3113,9282
3310,3113,9282
3310,3113,9282
3310,3113,9282
3310,3113,9282
3310,3113,9282
3310,3113,9282
3310,3113,9282
3246,3251,9318
3246,3251,9318
3246,3251,9318
3246,3251,9318
3246,3251,9318
3246,3251,9318
3246,3251,9318
3246,3251,9318
3246,3251,9318
3230,3326,9312
3230,3326,9312
3230,3326,9312
3230,3326,9312
3230,3326,9312
3230,3326,9312
3230,3326,9312
3230,3326,9312
3154,3399,9338
3154,3399,9338
3154,3399,9338
3154,3399,9338
3154,3399,9338
3154,3399,9338
3154,3399,9338
3154,3399,9338
3154,3399,9338
3066,3472,9313
3066,3472,9313
3066,3472,9313
3066,3472,9313
3066,3472,9313
3066,3472,9313
3066,3472,9313
3066,3472,9313
3066,3472,9313
2969,3600,9371
2969,3600,9371
2969,3600,9371
2969,3600,9371
2969,3600,9371
2969,3600,9371
2969,3600,9371
2969,3600,9371
2969,3600,9371
2969,3600,9371
2868,3661,9329
2868,3661,9329
2868,3661,9329
2868,3661,9329
2868,3661,9329
2868,3661,9329
2868,3661,9329
2868,3661,9329
2868,3661,9329
2711,3746,9380
2711,3746,9380
2711,3746,9380
2711,3746,9380
2711,3746,9380
2711,3746,9380
2711,3746,9380
2711,3746,9380
2711,3746,9380
2711,3746,9380
2576,3787,9446
2576,3787,9446
2576,3787,9446
2576,3787,9446
2576,3787,9446
2576,3787,9446
2576,3787,9446
2576,3787,9446
2576,3787,9446
2460,3854,9460
2460,3854,9460
2460,3854,9460
2460,3854,9460
2460,3854,9460
2460,3854,9460
2460,3854,9460
2460,3854,9460
2460,3854,9460
2327,3887,9467
2327,3887,9467
2327,3887,9467
2327,3887,9467
2327,3887,9467
2327,3887,9467
2327,3887,9467
2327,3887,9467
2327,3887,9467
2219,3906,9495
2219,3906,9495
2219,3906,9495
2219,3906,9495
2219,3906,9495
2219,3906,9495
2219,3906,9495
2219,3906,9495
2219,3906,9495
2098,3928,9508
2098,3928,9508
2098,3928,9508
2098,3928,9508
2098,3928,9508
2098,3928,9508
2098,3928,9508
2098,3928,9508
1911,4011,9500
1911,4011,9500
1911,4011,9500
1911,4011,9500
1911,4011,9500
1911,4011,9500
1911,4011,9500
1911,4011,9500
1911,4011,9500
1911,4011,9512
1734,4027,9512
1734,4027,9512
1734,4027,9512
1734,4027,9512
1734,4027,9512
1734,4027,9512
1734,4027,9512
1734,4027,9512
1734,4027,9512
1619,4002,9558
1619,4002,9558
1619,4002,9558
1492,3967,9504
1492,3967,9504
1492,3967,9504
1492,3967,9504
1492,3967,9504
1492,3967,9504
1492,3967,9504
1492,3967,9504
1492,3967,9504
1492,3967,9504
1371,3932,9512
1371,3932,9512
1371,3932,9512
1371,3932,9512
1371,3932,9512
1371,3932,9512
1371,3932,9512
1371,3932,9512
1371,3932,9512
1371,3842,9535
1227,3842,9535
1227,3842,9535
1227,3842,9535
1227,3842,9535
1227,3842,9535
1227,3842,9535
1227,3842,9535
1227,3842,9535
1227,3842,9535
1127,3784,9520
1127,3784,9520
1127,3784,9520
1127,3784,9520
1127,3784,9520
1127,3784,9520
1127,3784,9520
1127,3784,9520
1127,3784,9520
985,3667,9543
985,3667,9543
985,3667,9543
985,3667,9543
985,3667,9543
985,3667,9543
985,3667,9543
985,3667,9543
985,3667,9543
840,3571,9565
840,3571,9565
840,3571,9565
840,3571,9565
840,3571,9565
840,3571,9565
840,3571,9565
840,3571,9565
840,3571,9565
735,3482,9545
735,3482,9545
735,3482,9545
735,3482,9545
735,3482,9545
735,3482,9545
735,3482,9545
735,3482,9545
645,3391,9564
645,3391,9564
645,3391,9564
645,3391,9564
645,3391,9564
645,3391,9564
645,3391,9564
645,3391,9564
645,3391,9564
588,3294,9521
588,3294,9521
588,3294,9521
588,3294,9521
588,3294,9521
588,3294,9521
588,3294,9521
588,3294,9521
588,3294,9521
458,3189,9503
458,3189,9503
458,3189,9503
458,3189,9503
458,3189,9503
458,3189,9503
458,3189,9503
458,3189,9503
458,3189,9503
458,3069,9534
474,3069,9534
474,3069,9534
474,3069,9534
474,3069,9534
474,3069,9534
474,3069,9534
474,3069,9534
474,3069,9534
474,3069,9534
431,2945,9519
431,2945,9519
431,2945,9519
431,2945,9519
431,2945,9519
431,2945,9519
431,2945,9519
431,2945,9519
431,2945,9519
353,2898,9442
353,2898,9442
353,2898,9442
353,2898,9442
353,2898,9442
353,2898,9442
353,2898,9442
353,2898,9442
353,2898,9442
334,2721,9447
334,2721,9447
334,2721,9447
334,2721,9447
334,2721,9447
334,2721,9447
334,2721,9447
334,2721,9447
334,2721,9447
334,2721,9447
311,2590,9418
311,2590,9418
311,2590,9418
311,2590,9418
311,2590,9418
311,2590,9418
311,2590,9418
311,2590,9418
311,2590,9418
303,2424,9382
303,2424,9382
303,2424,9382
303,2424,9382
303,2424,9382
303,2424,9382
303,2424,9382
303,2424,9382
303,2424,9382
329,2255,9373
329,2255,9373
329,2255,9373
329,2255,9373
329,2255,9373
329,2255,9373
329,2255,9373
329,2255,9373
347,2131,9417
347,2131,9417
347,2131,9417
347,2131,9417
347,2131,9417
347,2131,9417
347,2131,9417
347,2131,9417
347,2131,9417
419,1954,9377
419,1954,9377
419,1954,9377
419,1954,9377
419,1954,9377
419,1954,9377
419,1954,9377
419,1954,9377
419,1954,9377
419,1954,9377
500,1813,9380
500,1813,9380
500,1813,9380
500,1813,9380
500,1813,9380
500,1813,9380
500,1813,9380
500,1813,9380
500,1813,9380
577,1723,9397
577,1723,9397
577,1723,9397
577,1723,9397
577,1723,9397
577,1723,9397
577,1723,9397
577,1723,9397
577,1723,9397
649,1558,9314
649,1558,9314
649,1558,9314
649,1558,9314
649,1558,9314
649,1558,9314
649,1558,9314
649,1558,9314
649,1558,9314
799,1437,9291
799,1437,9291
799,1437,9291
799,1437,9291
799,1437,9291
799,1437,9291
799,1437,9291
799,1437,9291
799,1437,9291
937,1332,9263
937,1332,9263
937,1332,9263
937,1332,9263
937,1332,9263
937,1332,9263
937,1332,9263
937,1332,9263
937,1332,9263
937,1332,9263
1097,1265,9304
1097,1265,9304
1097,1265,9304
1097,1265,9304
1097,1265,9304
1097,1265,9304
1097,1265,9304
1097,1265,9304
1223,1210,9242
1223,1210,9242
1223,1210,9242
1223,1210,9242
1223,1210,9242
1223,1210,9242
1223,1210,9242
1223,1210,9242
1223,1210,9242
1223,1210,9242
1358,1215,9248
1358,1215,9248
1358,1215,9248
1358,1215,9248
1358,1215,9248
1358,1215,9248
1358,1215,9248
1358,1215,9248
1358,1215,9248
1439,1177,9212
1439,1177,9212
1439,1177,9212
1439,1177,9212
1439,1177,9212
1439,1177,9212
1439,1177,9212
1439,1177,9212
1439,1177,9212
1602,1131,9177
1602,1131,9177
1602,1131,9177
1602,1131,9177
1602,1131,9177
1602,1131,9177
1602,1131,9177
1602,1131,9177
1602,1131,9177
1719,1180,9163
1719,1180,9163
1719,1180,9163
1719,1180,9163
1859,1199,9221
1859,1199,9221
1859,1199,9221
1859,1199,9221
1859,1199,9221
1859,1199,9221
1859,1199,9221
1859,1199,9221
1859,1199,9221
1997,1236,9243
1997,1236,9243
1997,1236,9243
1997,1236,9243
1997,1236,9243
1997,1236,9243
1997,1236,9243
1997,1236,9243
1997,1236,9243
2058,1288,9213
2058,1288,9213
2058,1288,9213
2058,1288,9213
2058,1288,9213
2058,1288,9213
2058,1288,9213
2058,1288,9213
2058,1288,9213
2058,1288,9213
2147,1330,9280
2147,1330,9280
2147,1330,9280
2147,1330,9280
2147,1330,9280
2147,1330,9280
2147,1330,9280
2147,1330,9280
2147,1330,9280
2204,1336,9210
2204,1336,9210
2204,1336,9210
2204,1336,9210
2204,1336,9210
2204,1336,9210
2204,1336,9210
2204,1336,9210
2204,1336,9210
2204,1336,9210
2304,1351,9219
2304,1351,9219
2304,1351,9219
2304,1351,9219
2304,1351,9219
2304,1351,9219
2304,1351,9219
2304,1351,9219
2304,1351,9219
2306,1341,9213
2306,1341,9213
2306,1341,9213
2306,1341,9213
2306,1341,9213
2306,1341,9213
2306,1341,9213
2306,1341,9213
2319,1377,9197
2319,1377,9197
2319,1377,9197
2319,1377,9197
2319,1377,9197
2319,1377,9197
2319,1377,9197
2319,1377,9197
2319,1377,9197
2382,1361,9207
2382,1361,9207
2382,1361,9207
2382,1361,9207
2382,1361,9207
2382,1361,9207
2382,1361,9207
2382,1361,9207
2382,1361,9207
2345,1361,9211
2345,1361,9211
2345,1361,9211
2345,1361,9211
2345,1361,9211
2345,1361,9211
2345,1361,9211
2345,1361,9211
2345,1361,9211
2459,1383,9179
2459,1383,9179
2459,1383,9179
2459,1383,9179
2459,1383,9179
2459,1383,9179
2459,1383,9179
2459,1383,9179
2459,1383,9179
2552,1368,9131
2552,1368,9131
2552,1368,9131
2552,1368,9131
2552,1368,9131
2552,1368,9131
2552,1368,9131
2552,1368,9131
2552,1368,9131
2654,1374,9093
2654,1374,9093
2654,1374,9093
2654,1374,9093
2654,1374,9093
2654,1374,9093
2654,1374,9093
2654,1374,9093
2654,1374,9093
2654,1374,9093
2715,1415,9098
2715,1415,9098
2715,1415,9098
2715,1415,9098
2715,1415,9098
2715,1415,9098
2715,1415,9098
2715,1415,9098
2839,1494,9089
2839,1494,9089
2839,1494,9089
2839,1494,9089
2839,1494,9089
2839,1494,9089
2839,1494,9089
2839,1494,9089
2839,1494,9089
2839,1494,9089
2893,1471,9062
2893,1471,9062
2893,1471,9062
2893,1471,9062
2893,1471,9062
2893,1471,9062
2893,1471,9062
2893,1471,9062
2893,1471,9062
2893,1471,9062
2993,1451,9063
2993,1451,9063
2993,1451,9063
2993,1451,9063
2993,1451,9063
2993,1451,9063
2993,1451,9063
2993,1451,9063
2993,1451,9063
2987,1461,9049
2987,1461,9049
2987,1461,9049
2987,1461,9049
2987,1461,9049
2987,1461,9049
2987,1461,9049
2987,1461,9049
2995,1450,9009
2995,1450,9009
2995,1450,9009
2995,1450,9009
2995,1450,9009
2995,1450,9009
2995,1450,9009
2995,1450,9009
2995,1450,9009
3020,1482,9036
3020,1482,9036
3020,1482,9036
3020,1482,9036
3020,1482,9036
3020,1482,9036
3020,1482,9036
3020,1482,9036
3020,1482,9036
3014,1485,9001
3014,1485,9001
3014,1485,9001
3014,1485,9001
3014,1485,9001
3014,1485,9001
3014,1485,9001
3014,1485,9001
3014,1485,9001
3108,1549,8979
3108,1549,8979
3108,1549,8979
3108,1549,8979
3108,1549,8979
3108,1549,8979
3108,1549,8979
3108,1549,8979
3108,1549,8979
3136,1619,9001
3136,1619,9001
3136,1619,9001
3136,1619,9001
3136,1619,9001
3136,1619,9001
3136,1619,9001
3136,1619,9001
3136,1619,9001
3136,1619,9001
3190,1675,8942
3190,1675,8942
3190,1675,8942
3190,1675,8942
3190,1675,8942
3190,1675,8942
3190,1675,8942
3190,1675,8942
3190,1675,8942
3216,1756,8957
3216,1756,8957
3216,1756,8957
3216,1756,8957
3216,1756,8957
3216,1756,8957
3216,1756,8957
3216,1756,8957
3216,1756,8957
3235,1842,9002
3235,1842,9002
3235,1842,9002
3235,1842,9002
3235,1842,9002
3235,1842,9002
3235,1842,9002
3235,1842,9002
3235,1842,9002
3286,1897,8985
3286,1897,8985
3286,1897,8985
3286,1897,8985
3286,1897,8985
3286,1897,8985
3286,1897,8985
3286,1897,8985
3286,1897,8985
3329,1954,9038
3329,1954,9038
3329,1954,9038
3329,1954,9038
3329,1954,9038
3329,1954,9038
3329,1954,9038
3329,1954,9038
3369,2082,9041
3369,2082,9041
3369,2082,9041
3369,2082,9041
3369,2082,9041
3428,2152,9034
3428,2152,9034
3428,2152,9034
3428,2152,9034
3428,2152,9034
3428,2152,9034
3428,2152,9034
3428,2152,9034
3428,2152,9034
3491,2267,9063
3491,2267,9063
3491,2267,9063
3491,2267,9063
3491,2267,9063
3491,2267,9063
3491,2267,9063
3491,2267,9063
3491,2267,9063
3519,2378,9083
3519,2378,9083
3519,2378,9083
3519,2378,9083
3519,2378,9083
3519,2378,9083
3519,2378,9083
3519,2378,9083
3519,2378,9083
3571,2528,9071
3571,2528,9071
3571,2528,9071
3571,2528,9071
3571,2528,9071
3571,2528,9071
3571,2528,9071
3571,2528,9071
3571,2528,9071
3571,2528,9071
3604,2663,9024
3604,2663,9024
3604,2663,9024
3604,2663,9024
3604,2663,9024
3604,2663,9024
3604,2663,9024
3604,2663,9024
3604,2757,9056
3563,2757,9056
3563,2757,9056
3563,2757,9056
3563,2757,9056
3563,2757,9056
3563,2757,9056
3563,2757,9056
3563,2757,9056
3563,2757,9056
3555,2951,9109
3555,2951,9109
3555,2951,9109
3555,2951,9109
3555,2951,9109
3555,2951,9109
3555,2951,9109
3555,2951,9109
3555,2951,9109
3555,2951,9109
3572,3074,9135
3572,3074,9135
3572,3074,9135
3572,3074,9135
3572,3074,9135
3572,3074,9135
3572,3074,9135
3572,3074,9135
3572,3074,9135
3523,3233,9085
3523,3233,9085
3523,3233,9085
3523,3233,9085
3523,3233,9085
3523,3233,9085
3523,3233,9085
3523,3233,9085
3448,3322,9100
3448,3322,9100
3448,3322,9100
3448,3322,9100
3448,3322,9100
3448,3322,9100
3448,3322,9100
3448,3322,9100
3448,3322,9100
3364,3410,9150
3364,3410,9150
3364,3410,9150
3364,3410,9150
3364,3410,9150
3364,3410,9150
3364,3410,9150
3364,3410,9150
3364,3410,9150
3272,3512,9202
3272,3512,9202
3272,3512,9202
3272,3512,9202
3272,3512,9202
3272,3512,9202
3272,3512,9202
3272,3512,9202
3272,3512,9202
3209,3629,9227
3209,3629,9227
3209,3629,9227
3209,3629,9227
3209,3629,9227
3209,3629,9227
3209,3629,9227
3209,3629,9227
3209,3629,9227
3209,3629,9227
3142,3721,9224
3142,3721,9224
3142,3721,9224
3142,3721,9224
3142,3721,9224
3142,3721,9224
3142,3721,9224
3142,3721,9224
3142,3721,9224
3061,3823,9325
3061,3823,9325
3061,3823,9325
3061,3823,9325
3061,3823,9325
3061,3823,9325
3061,3823,9325
3061,3823,9325
3061,3823,9325
2928,3874,9299
2928,3874,9299
2928,3874,9299
2928,3874,9299
2928,3874,9299
2928,3874,9299
2928,3874,9299
2928,3874,9299
2928,3874,9299
2865,3956,9330
2865,3956,9330
2865,3956,9330
2865,3956,9330
2865,3956,9330
2865,3956,9330
2865,3956,9330
2865,3956,9330
2865,3956,9330
2794,3978,9338
2794,3978,9338
2794,3978,9338
2794,3978,9338
2794,3978,9338
2794,3978,9338
2794,3978,9338
2794,3978,9338
2794,3978,9338
2665,4001,9399
2665,4001,9399
2665,4001,9399
2665,4001,9399
2665,4001,9399
2665,4001,9399
2665,4001,9399
2665,4001,9399
2665,4001,9399
2576,3977,9413
2576,3977,9413
2576,3977,9413
2576,3977,9413
2576,3977,9413
2576,3977,9413
2576,3977,9413
2576,3977,9413
2576,3977,9413
2576,3977,9413
2458,4016,9415
2458,4016,9415
2458,4016,9415
2458,4016,9415
2458,4016,9415
2458,4016,9415
2458,4016,9415
2458,4016,9415
2458,4016,9415
2335,3978,9463
2335,3978,9463
2335,3978,9463
2335,3978,9463
2335,3978,9463
2335,3978,9463
2335,3978,9463
2335,3978,9463
2335,3978,9463
2175,4015,9444
2175,4015,9444
2175,4015,9444
2175,4015,9444
2175,4015,9444
2175,4015,9444
2175,4015,9444
2175,4015,9444
2175,4015,9444
2044,4003,9513
2044,4003,9513
2044,4003,9513
2044,4003,9513
2044,4003,9513
2044,4003,9513
2044,4003,9513
2044,4003,9513
2044,4003,9513
1916,3980,9518
1916,3980,9518
1916,3980,9518
1916,3980,9518
1916,3980,9518
1916,3980,9518
1916,3980,9518
1916,3980,9518
1916,3980,9518
1707,3957,9534
1707,3957,9534
1707,3957,9534
1707,3957,9534
1707,3957,9534
1707,3957,9534
1707,3957,9534
1707,3957,9534
1707,3957,9534
1561,3869,9587
1561,3869,9587
1561,3869,9587
1561,3869,9587
1561,3869,9587
1561,3869,9587
1561,3869,9587
1561,3869,9587
1561,3869,9587
1561,3869,9587
1467,3787,9605
1467,3787,9605
1467,3787,9605
1467,3787,9605
1354,3763,9614
1354,3763,9614
1354,3763,9614
1354,3763,9614
1354,3763,9614
1354,3763,9614
1354,3763,9614
1354,3763,9614
1223,3700,9613
1223,3700,9613
1223,3700,9613
1223,3700,9613
1223,3700,9613
1223,3700,9613
1223,3700,9613
1223,3700,9613
1223,3700,9613
1223,3700,9613
1133,3578,9609
1133,3578,9609
1133,3578,9609
1133,3578,9609
1133,3578,9609
1133,3578,9609
1133,3578,9609
1133,3578,9609
1133,3578,9609
1015,3455,9586
1015,3455,9586
1015,3455,9586
1015,3455,9586
1015,3455,9586
1015,3455,9586
1015,3455,9586
1015,3455,9586
1015,3455,9586
988,3313,9607
988,3313,9607
988,3313,9607
988,3313,9607
988,3313,9607
988,3313,9607
988,3313,9607
988,3313,9607
988,3313,9607
891,3171,9659
891,3171,9659
891,3171,9659
891,3171,9659
891,3171,9659
891,3171,9659
891,3171,9659
891,3171,9659
891,3171,9659
886,3043,9604
886,3043,9604
886,3043,9604
886,3043,9604
886,3043,9604
886,3043,9604
886,3043,9604
886,3043,9604
886,3043,9604
838,2841,9600
838,2841,9600
838,2841,9600
838,2841,9600
838,2841,9600
838,2841,9600
838,2841,9600
838,2841,9600
838,2841,9600
838,2841,9600
782,2633,9611
782,2633,9611
782,2633,9611
782,2633,9611
782,2633,9611
782,2633,9611
782,2633,9611
782,2633,9611
782,2633,9611
747,2455,9637
747,2455,9637
747,2455,9637
747,2455,9637
747,2455,9637
747,2455,9637
747,2455,9637
747,2455,9637
747,2455,9637
833,2309,9625
833,2309,9625
833,2309,9625
833,2309,9625
833,2309,9625
833,2309,9625
833,2309,9625
833,2309,9625
833,2309,9625
871,2164,9578
871,2164,9578
871,2164,9578
871,2164,9578
871,2164,9578
871,2164,9578
871,2164,9578
871,2164,9578
887,2005,9527
887,2005,9527
887,2005,9527
887,2005,9527
887,2005,9527
887,2005,9527
887,2005,9527
887,2005,9527
887,2005,9527
887,2005,9527
895,1866,9484
895,1866,9484
895,1866,9484
895,1866,9484
895,1866,9484
895,1866,9484
895,1866,9484
895,1866,9484
895,1866,9484
953,1750,9472
953,1750,9472
953,1750,9472
953,1750,9472
953,1750,9472
953,1750,9472
953,1750,9472
953,1750,9472
953,1750,9472
1022,1690,9457
1022,1690,9457
1022,1690,9457
1022,1690,9457
1022,1690,9457
1022,1690,9457
1022,1690,9457
1022,1690,9457
1022,1690,9457
1022,1690,9457
1092,1607,9432
1092,1607,9432
1092,1607,9432
1092,1607,9432
1092,1607,9432
1092,1607,9432
1092,1607,9432
1092,1607,9432
1092,1607,9432
1206,1461,9398
1206,1461,9398
1206,1461,9398
1206,1461,9398
1206,1461,9398
1206,1461,9398
1206,1461,9398
1206,1461,9398
1206,1461,9398
1332,1385,9323
1332,1385,9323
1332,1385,9323
1332,1385,9323
1332,1385,9323
1332,1385,9323
1332,1385,9323
1332,1385,9323
1332,1385,9323
1524,1286,9306
1524,1286,9306
1524,1286,9306
1524,1286,9306
1524,1286,9306
1524,1286,9306
1524,1286,9306
1524,1286,9306
1524,1286,9306
1726,1223,9244
1726,1223,9244
1726,1223,9244
1726,1223,9244
1726,1223,9244
1726,1223,9244
1726,1223,9244
1726,1223,9244
1726,1223,9244
1930,1220,9186
1930,1220,9186
1930,1220,9186
1930,1220,9186
1930,1220,9186
1930,1220,9186
1930,1220,9186
1930,1220,9186
2173,1250,9175
2173,1250,9175
2173,1250,9175
2173,1250,9175
2173,1250,9175
2173,1250,9175
2173,1250,9175
2173,1250,9175
2173,1250,9175
2173,1250,9175
2360,1256,9120
2360,1256,9120
2360,1256,9120
2360,1256,9120
2360,1256,9120
2360,1256,9120
2360,1256,9120
2360,1256,9120
2525,1259,9104
2525,1259,9104
2525,1259,9104
2525,1259,9104
2525,1259,9104
2525,1259,9104
2525,1259,9104
2525,1259,9104
2525,1259,9104
2525,1259,9104
2684,1337,9121
2684,1337,9121
2684,1337,9121
2684,1337,9121
2684,1337,9121
2684,1337,9121
2684,1337,9121
2684,1337,9121
2684,1337,9121
2684,1337,9121
2731,1389,9068
2731,1389,9068
2731,1389,9068
2731,1389,9068
2731,1389,9068
2731,1389,9068
2731,1389,9068
2731,1389,9068
2731,1389,9068
2812,1402,9056
2812,1402,9056
2812,1402,9056
2812,1402,9056
2812,1402,9056
2812,1402,9056
2812,1402,9056
2812,1402,9056
2812,1402,9056
2896,1437,9037
2896,1437,9037
2896,1437,9037
2896,1437,9037
2896,1437,9037
2896,1437,9037
2896,1437,9037
2896,1437,9037
2914,1472,9033
2914,1472,9033
2914,1472,9033
2914,1472,9033
2914,1472,9033
2984,1481,9022
2984,1481,9022
2984,1481,9022
2984,1481,9022
2984,1481,9022
2984,1481,9022
2984,1481,9022
2984,1481,9022
2984,1481,9022
3075,1483,8989
3075,1483,8989
3075,1483,8989
3075,1483,8989
3075,1483,8989
3075,1483,8989
3075,1483,8989
3075,1483,8989
3075,1509,8881
3180,1509,8881
3180,1509,8881
3180,1509,8881
3180,1509,8881
3180,1509,8881
3180,1509,8881
3180,1509,8881
3180,1509,8881
3180,1509,8881
3322,1576,8844
3322,1576,8844
3322,1576,8844
3322,1576,8844
3322,1576,8844
3322,1576,8844
3322,1576,8844
3322,1576,8844
3322,1576,8844
3407,1552,8808
3407,1552,8808
3407,1552,8808
3407,1552,8808
3407,1552,8808
3407,1552,8808
3407,1552,8808
3407,1552,8808
3407,1552,8808
3425,1491,8755
3425,1491,8755
3425,1491,8755
3425,1491,8755
3425,1491,8755
3425,1491,8755
3425,1491,8755
3425,1491,8755
3425,1491,8755
3494,1506,8743
3494,1506,8743
3494,1506,8743
3494,1506,8743
3494,1506,8743
3494,1506,8743
3494,1506,8743
3494,1506,8743
3494,1506,8743
3494,1506,8743
3531,1500,8757
3531,1500,8757
3531,1500,8757
3531,1500,8757
3531,1500,8757
3531,1500,8757
3531,1500,8757
3531,1500,8757
3531,1500,8757
3523,1542,8704
3523,1542,8704
3523,1542,8704
3523,1542,8704
3523,1542,8704
3523,1542,8704
3523,1542,8704
3523,1542,8704
3523,1542,8704
3498,1577,8798
3498,1577,8798
3498,1577,8798
3498,1577,8798
3498,1577,8798
3498,1577,8798
3498,1577,8798
3498,1577,8798
3498,1577,8798
3498,1577,8798
3441,1574,8819
3441,1574,8819
3441,1574,8819
3441,1574,8819
3441,1574,8819
3441,1574,8819
3441,1574,8819
3441,1574,8819
3441,1574,8819
3412,1565,8808
3412,1565,8808
3412,1565,8808
3412,1565,8808
3412,1565,8808
3412,1565,8808
3412,1565,8808
3412,1565,8808
3491,1655,8791
3491,1655,8791
3491,1655,8791
3491,1655,8791
3491,1655,8791
3491,1655,8791
3491,1655,8791
3491,1655,8791
3491,1655,8791
3537,1738,8750
3537,1738,8750
3537,1738,8750
3537,1738,8750
3537,1738,8750
3537,1738,8750
3537,1738,8750
3537,1738,8750
3537,1738,8750
3598,1851,8819
3598,1851,8819
3598,1851,8819
3598,1851,8819
3598,1851,8819
3598,1851,8819
3598,1851,8819
3598,1851,8819
3598,1851,8819
3671,1967,8793
3671,1967,8793
3671,1967,8793
3671,1967,8793
3671,1967,8793
3671,1967,8793
3671,1967,8793
3671,1967,8793
3671,1967,8793
3730,2073,8811
3730,2073,8811
3730,2073,8811
3730,2073,8811
3730,2073,8811
3730,2073,8811
3730,2073,8811
3730,2073,8811
3730,2073,8811
3730,2073,8811
3776,2224,8734
3776,2224,8734
3776,2224,8734
3776,2224,8734
3776,2224,8734
3776,2224,8734
3776,2224,8734
3776,2224,8734
3878,2366,8734
3878,2366,8734
3878,2366,8734
3878,2366,8734
3878,2366,8734
3878,2366,8734
3878,2366,8734
3878,2366,8734
3878,2366,8734
3878,2366,8734
3869,2479,8751
3869,2479,8751
3869,2479,8751
3869,2479,8751
3869,2479,8751
3869,2479,8751
3869,2479,8751
3869,2479,8751
3869,2479,8751
3869,2479,8751
3887,2614,8785
3887,2614,8785
3887,2614,8785
3887,2614,8785
3887,2614,8785
3887,2614,8785
3887,2614,8785
3887,2614,8785
3887,2614,8785
3880,2719,8825
3880,2719,8825
3880,2719,8825
3880,2719,8825
3880,2719,8825
3880,2719,8825
3880,2719,8825
3880,2719,8825
3874,2820,8848
3874,2820,8848
3874,2820,8848
3874,2820,8848
3874,2820,8848
3874,2820,8848
3874,2820,8848
3874,2820,8848
3874,2820,8848
3870,2918,8855
3870,2918,8855
3870,2918,8855
3870,2918,8855
3870,2918,8855
3870,2918,8855
3870,2918,8855
3870,2918,8855
3870,2918,8855
3813,3030,8914
3813,3030,8914
3813,3030,8914
3813,3030,8914
3813,3030,8914
3813,3030,8914
3813,3030,8914
3813,3030,8914
3813,3030,8914
3813,3157,8931
3768,3157,8931
3768,3157,8931
3768,3157,8931
3768,3157,8931
3768,3157,8931
3768,3157,8931
3768,3157,8931
3768,3157,8931
3768,3157,8931
3750,3219,8940
3750,3219,8940
3750,3219,8940
3750,3219,8940
3750,3219,8940
3750,3219,8940
3750,3219,8940
3750,3219,8940
3750,3219,8940
3700,3321,8980
3700,3321,8980
3700,3321,8980
3700,3321,8980
3700,3321,8980
3589,3467,9039
3589,3467,9039
3589,3467,9039
3589,3467,9039
3589,3467,9039
3589,3467,9039
3589,3467,9039
3589,3467,9039
3589,3467,9039
3533,3579,9098
3533,3579,9098
3533,3579,9098
3533,3579,9098
3533,3579,9098
3533,3579,9098
3533,3579,9098
3533,3579,9098
3533,3579,9098
3374,3632,9134
3374,3632,9134
3374,3632,9134
3374,3632,9134
3374,3632,9134
3374,3632,9134
3374,3632,9134
3374,3632,9134
3374,3632,9134
3306,3707,9158
3306,3707,9158
3306,3707,9158
3306,3707,9158
3306,3707,9158
3306,3707,9158
3306,3707,9158
3306,3707,9158
3306,3707,9158
3200,3901,9210
3200,3901,9210
3200,3901,9210
3200,3901,9210
3200,3901,9210
3200,3901,9210
3200,3901,9210
3200,3901,9210
3105,3934,9237
3105,3934,9237
3105,3934,9237
3105,3934,9237
3105,3934,9237
3105,3934,9237
3105,3934,9237
3105,3934,9237
3105,3934,9237
2980,3970,9313
2980,3970,9313
2980,3970,9313
2980,3970,9313
2980,3970,9313
2980,3970,9313
2980,3970,9313
2980,3970,9313
2980,3970,9313
2980,3970,9313
2799,4011,9310
2799,4011,9310
2799,4011,9310
2799,4011,9310
2799,4011,9310
2799,4011,9310
2799,4011,9310
2799,4011,9310
2799,4011,9310
2673,4071,9327
2673,4071,9327
2673,4071,9327
2673,4071,9327
2673,4071,9327
2673,4071,9327
2673,4071,9327
2673,4071,9327
2673,4071,9327
2566,4058,9387
2566,4058,9387
2566,4058,9387
2566,4058,9387
2566,4058,9387
2566,4058,9387
2566,4058,9387
2566,4058,9387
2566,4058,9387
2442,4095,9405
2442,4095,9405
2442,4095,9405
2442,4095,9405
2442,4095,9405
2442,4095,9405
2442,4095,9405
2442,4095,9405
2442,4095,9405
2343,4028,9435
2343,4028,9435
2343,4028,9435
2343,4028,9435
2343,4028,9435
2343,4028,9435
2343,4028,9435
2343,4028,9435
2343,4028,9435
2343,4028,9435
2227,4025,9456
2227,4025,9456
2227,4025,9456
2227,4025,9456
2227,4025,9456
2227,4025,9456
2227,4025,9456
2227,4025,9456
2227,4025,9456
2071,3935,9538
2071,3935,9538
2071,3935,9538
2071,3935,9538
2071,3935,9538
2071,3935,9538
2071,3935,9538
2071,3935,9538
2071,3935,9538
1959,3892,9549
1959,3892,9549
1959,3892,9549
1959,3892,9549
1959,3892,9549
1959,3892,9549
1959,3892,9549
1959,3892,9549
1786,3810,9616
1786,3810,9616
1786,3810,9616
1786,3810,9616
1786,3810,9616
1786,3810,9616
1786,3810,9616
1786,3810,9616
1786,3810,9616
1545,3672,9576
1545,3672,9576
1545,3672,9576
1545,3672,9576
1545,3672,9576
1545,3672,9576
1545,3672,9576
1545,3672,9576
1545,3672,9576
1467,3554,9615
1467,3554,9615
1467,3554,9615
1467,3554,9615
1467,3554,9615
1467,3554,9615
1467,3554,9615
1467,3554,9615
1467,3554,9615
1467,3554,9615
1386,3456,9670
1386,3456,9670
1386,3456,9670
1386,3456,9670
1386,3456,9670
1386,3456,9670
1386,3456,9670
1386,3456,9670
1386,3456,9670
1294,3282,9689
1294,3282,9689
1294,3282,9689
1294,3282,9689
1294,3282,9689
1294,3282,9689
1294,3282,9689
1294,3282,9689
1294,3282,9689
1156,3197,9684
1156,3197,9684
1156,3197,9684
1156,3197,9684
1156,3197,9684
1156,3197,9684
1156,3197,9684
1156,3197,9684
1156,3197,9684
1085,3137,9626
1085,3137,9626
1085,3137,9626
1085,3137,9626
1085,3137,9626
1085,3137,9626
1085,3137,9626
1085,3137,9626
1085,3137,9626
1040,2979,9723
1040,2979,9723
1040,2979,9723
1040,2979,9723
1040,2979,9723
1040,2979,9723
1040,2979,9723
1040,2979,9723
1040,2979,9723
942,2811,9668
942,2811,9668
942,2811,9668
942,2811,9668
942,2811,9668
942,2811,9668
942,2811,9668
942,2811,9668
942,2811,9668
942,2811,9668
965,2616,9658
965,2616,9658
965,2616,9658
965,2616,9658
965,2616,9658
965,2616,9658
965,2616,9658
965,2616,9658
973,2512,9628
973,2512,9628
973,2512,9628
973,2512,9628
973,2512,9628
973,2512,9628
973,2512,9628
973,2512,9628
973,2512,9628
973,2512,9628
982,2284,9627
982,2284,9627
982,2284,9627
982,2284,9627
982,2284,9627
982,2284,9627
982,2284,9627
982,2284,9627
982,2284,9627
1016,2138,9650
1016,2138,9650
1016,2138,9650
1016,2138,9650
1016,2138,9650
1016,2138,9650
1016,2138,9650
1016,2138,9650
1016,2138,9650
1176,1937,9569
1176,1937,9569
1176,1937,9569
1176,1937,9569
1194,1791,9493
1194,1791,9493
1194,1791,9493
1194,1791,9493
1194,1791,9493
1194,1791,9493
1194,1791,9493
1194,1791,9493
1194,1791,9493
1333,1674,9523
1333,1674,9523
1333,1674,9523
1333,1674,9523
1333,1674,9523
1333,1674,9523
1333,1674,9523
1333,1674,9523
1333,1674,9523
1468,1561,9451
1468,1561,9451
1468,1561,9451
1468,1561,9451
1468,1561,9451
1468,1561,9451
1468,1561,9451
1468,1561,9451
1468,1561,9451
1604,1472,9403
1604,1472,9403
1604,1472,9403
1604,1472,9403
1604,1472,9403
1604,1472,9403
1604,1472,9403
1604,1472,9403
1604,1472,9403
1740,1372,9373
1740,1372,9373
1740,1372,9373
1740,1372,9373
1740,1372,9373
1740,1372,9373
1740,1372,9373
1740,1372,9373
1740,1372,9373
1816,1344,9373
1816,1344,9373
1816,1344,9373
1816,1344,9373
1816,1344,9373
1816,1344,9373
1816,1344,9373
1816,1344,9373
1816,1353,9352
1934,1353,9352
1934,1353,9352
1934,1353,9352
1934,1353,9352
1934,1353,9352
1934,1353,9352
1934,1353,9352
1934,1353,9352
2073,1315,9217
2073,1315,9217
2073,1315,9217
2073,1315,9217
2073,1315,9217
2073,1315,9217
2073,1315,9217
2073,1315,9217
2073,1315,9217
2073,1315,9217
2169,1275,9233
2169,1275,9233
2169,1275,9233
2169,1275,9233
2169,1275,9233
2169,1275,9233
2169,1275,9233
2169,1275,9233
2169,1275,9233
2169,1275,9233
2287,1274,9238
2287,1274,9238
2287,1274,9238
2287,1274,9238
2287,1274,9238
2287,1274,9238
2287,1274,9238
2287,1274,9238
2287,1274,9238
2433,1240,9130
2433,1240,9130
2433,1240,9130
2433,1240,9130
2433,1240,9130
2433,1240,9130
2433,1240,9130
2433,1240,9130
2433,1240,9130
2579,1284,9063
2579,1284,9063
2579,1284,9063
2579,1284,9063
2579,1284,9063
2579,1284,9063
2579,1284,9063
2579,1284,9063
2579,1284,9063
2785,1265,9014
2785,1265,9014
2785,1265,9014
2785,1265,9014
2785,1265,9014
2785,1265,9014
2785,1265,9014
2785,1265,9014
2785,1265,9014
2890,1354,8958
2890,1354,8958
2890,1354,8958
2890,1354,8958
2890,1354,8958
2890,1354,8958
2890,1354,8958
2890,1354,8958
2890,1354,8958
3032,1455,9001
3032,1455,9001
3032,1455,9001
3032,1455,9001
3032,1455,9001
3032,1455,9001
3032,1455,9001
3032,1455,9001
3032,1455,9001
3064,1520,8979
3064,1520,8979
3064,1520,8979
3064,1520,8979
3064,1520,8979
3064,1520,8979
3064,1520,8979
3064,1520,8979
3064,1520,8979
3132,1559,8932
3132,1559,8932
3132,1559,8932
3132,1559,8932
3132,1559,8932
3132,1559,8932
3132,1559,8932
3132,1559,8932
3132,1559,8932
3112,1549,8951
3112,1549,8951
3112,1549,8951
3112,1549,8951
3112,1549,8951
3112,1549,8951
3112,1549,8951
3112,1549,8951
3112,1549,8951
3143,1564,8973
3143,1564,8973
3143,1564,8973
3143,1564,8973
3143,1564,8973
3143,1564,8973
3143,1564,8973
3143,1564,8973
3143,1564,8973
3233,1586,8958
3233,1586,8958
3233,1586,8958
3233,1586,8958
3233,1586,8958
3233,1586,8958
3233,1586,8958
3233,1586,8958
3233,1586,8958
3233,1541,8940
3233,1541,8940
3233,1541,8940
3233,1541,8940
3233,1541,8940
3233,1541,8940
3233,1541,8940
3233,1541,8940
3233,1541,8940
3233,1541,8940
3364,1549,8830
3364,1549,8830
3364,1549,8830
3364,1549,8830
3364,1549,8830
3364,1549,8830
3364,1549,8830
3364,1549,8830
3364,1549,8830
3364,1556,8773
3416,1556,8773
3416,1556,8773
3416,1556,8773
3416,1556,8773
3416,1556,8773
3416,1556,8773
3416,1556,8773
3416,1556,8773
3416,1556,8773
3512,1560,8744
3512,1560,8744
3512,1560,8744
3512,1560,8744
3512,1560,8744
3512,1560,8744
3512,1560,8744
3512,1560,8744
3512,1560,8744
3609,1586,8681
3609,1586,8681
3609,1586,8681
3609,1586,8681
3609,1586,8681
3609,1586,8681
3609,1586,8681
3609,1586,8681
3609,1586,8681
3695,1537,8628
3695,1537,8628
3695,1537,8628
3695,1537,8628
3695,1537,8628
3695,1537,8628
3695,1537,8628
3695,1537,8628
3727,1500,8610
3727,1500,8610
3727,1500,8610
3727,1500,8610
3727,1500,8610
3727,1500,8610
3727,1500,8610
3727,1500,8610
3727,1500,8610
3735,1496,8591
3735,1496,8591
3735,1496,8591
3735,1496,8591
3735,1496,8591
3735,1496,8591
3735,1496,8591
3735,1496,8591
3735,1496,8591
3732,1549,8605
3732,1549,8605
3732,1549,8605
3732,1549,8605
3732,1549,8615
3695,1539,8615
3695,1539,8615
3695,1539,8615
3695,1539,8615
3695,1539,8615
3695,1539,8615
3695,1539,8615
3695,1539,8615
3695,1539,8615
3751,1552,8572
3751,1552,8572
3751,1552,8572
3751,1552,8572
3751,1552,8572
3751,1552,8572
3751,1552,8572
3751,1552,8572
3772,1590,8594
3772,1590,8594
3772,1590,8594
3772,1590,8594
3772,1590,8594
3772,1590,8594
3772,1590,8594
3772,1590,8594
3772,1590,8594
3772,1590,8594
3811,1626,8574
3811,1626,8574
3811,1626,8574
3811,1626,8574
3811,1626,8574
3811,1626,8574
3811,1626,8574
3811,1626,8574
3811,1626,8574
3811,1626,8574
3862,1684,8538
3862,1684,8538
3862,1684,8538
3862,1684,8538
3862,1684,8538
3862,1684,8538
3862,1684,8538
3862,1684,8538
3862,1684,8538
3890,1729,8563
3890,1729,8563
3890,1729,8563
3890,1729,8563
3890,1729,8563
3890,1729,8563
3890,1729,8563
3890,1729,8563
3890,1729,8563
3911,1781,8594
3911,1781,8594
3911,1781,8594
3911,1781,8594
3911,1781,8594
3911,1781,8594
3911,1781,8594
3911,1781,8594
3911,1781,8594
3978,1888,8564
3978,1888,8564
3978,1888,8564
3978,1888,8564
3978,1888,8564
3978,1888,8564
3978,1888,8564
3978,1888,8564
3978,1888,8552
3942,1935,8552
3942,1935,8552
3942,1935,8552
3942,1935,8552
3942,1935,8552
3942,1935,8552
3942,1935,8552
3942,1935,8552
3942,1935,8552
3958,2051,8620
3958,2051,8620
3958,2051,8620
3958,2051,8620
3958,2051,8620
3958,2051,8620
3958,2051,8620
3958,2051,8620
3958,2051,8620
4026,2144,8572
4026,2144,8572
4026,2144,8572
4026,2144,8572
4026,2144,8572
4026,2144,8572
4026,2144,8572
4026,2144,8572
4026,2144,8572
4062,2233,8604
4062,2233,8604
4062,2233,8604
4062,2233,8604
4062,2233,8604
4062,2233,8604
4062,2233,8604
4062,2233,8604
4062,2233,8604
4095,2371,8566
4095,2371,8566
4095,2371,8566
4095,2371,8566
4095,2371,8566
4095,2371,8566
4095,2371,8566
4095,2371,8566
4095,2371,8566
4131,2490,8559
4131,2490,8559
4131,2490,8559
4131,2490,8559
4131,2490,8559
4131,2490,8559
4131,2490,8559
4131,2490,8559
4131,2490,8559
4131,2490,8559
4184,2556,8554
4184,2556,8554
4184,2556,8554
4184,2556,8554
4184,2556,8554
4184,2556,8554
4184,2556,8554
4184,2556,8554
4203,2722,8530
4203,2722,8530
4203,2722,8530
4203,2722,8530
4203,2722,8530
4203,2722,8530
4203,2722,8530
4203,2722,8530
4203,2722,8530
4203,2722,8530
4225,2848,8566
4225,2848,8566
4225,2848,8566
4225,2848,8566
4225,2848,8566
4225,2848,8566
4225,2848,8566
4225,2848,8566
4225,2848,8566
4203,2964,8543
4203,2964,8543
4203,2964,8543
4203,2964,8543
4203,2964,8543
4203,2964,8543
4203,2964,8543
4203,2964,8543
4203,2964,8543
4149,3057,8624
4149,3057,8624
4149,3057,8624
4149,3057,8624
4149,3057,8624
4149,3057,8624
4149,3057,8624
4149,3057,8624
4149,3057,8624
4157,3141,8650
4157,3141,8650
4157,3141,8650
4157,3141,8650
4157,3141,8650
4157,3141,8650
4157,3141,8650
4157,3141,8650
4157,3141,8650
4122,3252,8637
4122,3252,8637
4122,3252,8637
4122,3252,8637
4122,3252,8637
4122,3252,8637
4122,3252,8637
4122,3252,8637
4122,3252,8637
4084,3346,8666
4084,3346,8666
4084,3346,8666
4084,3346,8666
4084,3346,8666
4084,3346,8666
4084,3346,8666
4084,3346,8666
4084,3346,8666
4084,3475,8658
4084,3475,8658
4084,3475,8658
4084,3475,8658
4084,3475,8658
4084,3475,8658
4084,3475,8658
4084,3475,8658
4084,3475,8658
4084,3475,8658
4046,3513,8777
4046,3513,8777
4046,3513,8777
4046,3513,8777
4046,3513,8777
4046,3513,8777
4046,3513,8777
4046,3513,8777
4046,3513,8777
3949,3550,8805
3949,3550,8805
3949,3550,8805
3949,3550,8805
3949,3550,8805
3949,3550,8805
3949,3550,8805
3949,3550,8805
3949,3550,8805
3838,3637,8828
3838,3637,8828
3838,3637,8828
3838,3637,8828
3838,3637,8828
3838,3637,8828
3838,3637,8828
3838,3637,8828
3838,3637,8828
3744,3729,8891
3744,3729,8891
3744,3729,8891
3744,3729,8891
3744,3729,8891
3744,3729,8891
3744,3729,8891
3744,3729,8891
3744,3729,8891
3694,3771,8985
3694,3771,8985
3694,3771,8985
3694,3771,8985
3694,3771,8985
3694,3771,8985
3694,3771,8985
3593,3866,8994
3593,3866,8994
3593,3866,8994
3593,3866,8994
3593,3866,8994
3593,3866,8994
3511,3958,9064
3511,3958,9064
3511,3958,9064
3511,3958,9064
3511,3958,9064
3511,3958,9064
3511,3958,9064
3511,3958,9064
3511,3958,9064
3511,3958,9064
3377,4021,9077
3377,4021,9077
3377,4021,9077
3377,4021,9077
3377,4021,9077
3377,4021,9077
3377,4021,9077
3377,4021,9077
3377,4021,9077
3258,4039,9167
3258,4039,9167
3258,4039,9167
3258,4039,9167
3258,4039,9167
3258,4039,9167
3258,4039,9167
3258,4039,9167
3258,4039,9167
3158,4058,9187
3158,4058,9187
3158,4058,9187
3158,4058,9187
3158,4058,9187
3158,4058,9187
3158,4058,9187
3158,4058,9187
3158,4058,9187
3100,4084,9190
3100,4084,9190
3100,4084,9190
3100,4084,9190
3100,4084,9190
3100,4084,9190
3100,4084,9190
3100,4084,9190
3100,4084,9190
2957,4089,9221
2957,4089,9221
2957,4089,9221
2957,4089,9221
2957,4089,9221
2957,4089,9221
2957,4089,9221
2957,4089,9221
2957,4089,9221
2957,4089,9221
2855,4087,9290
2855,4087,9290
2855,4087,9290
2855,4087,9290
2855,4087,9290
2855,4087,9290
2855,4087,9290
2855,4087,9290
2681,4075,9341
2681,4075,9341
2681,4075,9341
2681,4075,9341
2681,4075,9341
2681,4075,9341
2681,4075,9341
2681,4075,9341
2681,4075,9341
2681,4075,9341
2528,4022,9401
2528,4022,9401
2528,4022,9401
2528,4022,9401
2528,4022,9401
2528,4022,9401
2528,4022,9401
2528,4022,9401
2419,4008,9473
2419,4008,9473
2419,4008,9473
2419,4008,9473
2419,4008,9473
2419,4008,9473
2419,4008,9473
2419,4008,9473
2419,4008,9473
2313,3980,9489
2313,3980,9489
2313,3980,9489
2313,3980,9489
2313,3980,9489
2313,3980,9489
2313,3980,9489
2313,3980,9489
2313,3980,9489
2313,3980,9489
2186,3868,9548
2186,3868,9548
2186,3868,9548
2186,3868,9548
2186,3868,9548
2186,3868,9548
2186,3868,9548
2186,3868,9548
2186,3868,9548
2085,3788,9565
2085,3788,9565
2085,3788,9565
2085,3788,9565
2085,3788,9565
2085,3788,9565
2085,3788,9565
2085,3788,9565
2085,3788,9565
1985,3714,9627
1985,3714,9627
1985,3714,9627
1985,3714,9627
1985,3714,9627
1985,3714,9627
1985,3714,9627
1985,3714,9627
1985,3714,9627
1936,3666,9677
1936,3666,9677
1936,3666,9677
1936,3666,9677
1936,3666,9677
1936,3666,9677
1936,3666,9677
1936,3666,9677
1936,3666,9677
1803,3558,9629
1803,3558,9629
1803,3558,9629
1803,3558,9629
1803,3558,9629
1803,3558,9629
1803,3558,9629
1803,3558,9629
1803,3558,9629
1803,3558,9684
1761,3420,9684
1761,3420,9684
1761,3420,9684
1761,3420,9684
1761,3420,9684
1761,3420,9684
1761,3420,9684
1761,3420,9684
1761,3420,9684
1673,3286,9665
1673,3286,9665
1673,3286,9665
1673,3286,9665
1673,3286,9665
1673,3286,9665
1673,3286,9665
1673,3286,9665
1673,3286,9665
1571,3148,9647
1571,3148,9647
1571,3148,9647
1571,3148,9647
1571,3148,9647
1571,3148,9647
1571,3148,9647
1571,3148,9647
1473,2998,9733
1473,2998,9733
1473,2998,9733
1473,2998,9733
1473,2998,9733
1473,2998,9733
1473,2998,9733
1473,2998,9733
1473,2998,9733
1473,2998,9733
1442,2873,9739
1442,2873,9739
1442,2873,9739
1442,2873,9739
1442,2873,9739
1442,2873,9739
1442,2873,9739
1442,2873,9739
1442,2873,9739
1453,2778,9681
1453,2778,9681
1453,2778,9681
1453,2778,9681
1453,2778,9681
1453,2778,9681
1453,2778,9681
1453,2778,9681
1453,2778,9681
1405,2589,9691
1405,2589,9691
1405,2589,9691
1405,2589,9691
1405,2589,9691
1405,2589,9691
1405,2589,9691
1405,2589,9691
1405,2589,9691
1444,2413,9680
1444,2413,9680
1444,2413,9680
1444,2413,9680
1444,2413,9680
1444,2413,9680
1444,2413,9680
1444,2413,9680
1444,2413,9680
1444,2413,9619
1482,2266,9619
1482,2266,9619
1482,2266,9619
1482,2266,9619
1482,2266,9619
1482,2266,9619
1482,2266,9619
1482,2266,9619
1482,2266,9619
1527,2103,9608
1527,2103,9608
1527,2103,9608
1527,2103,9608
1527,2103,9608
1527,2103,9608
1527,2103,9608
1527,2103,9608
1527,2103,9608
1606,1895,9555
1606,1895,9555
1606,1895,9555
1606,1895,9555
1606,1895,9555
1606,1895,9555
1606,1895,9555
1606,1895,9555
1606,1895,9555
1694,1764,9537
1694,1764,9537
1694,1764,9537
1761,1611,9465
1761,1611,9465
1761,1611,9465
1761,1611,9465
1761,1611,9465
1761,1611,9465
1761,1611,9465
1761,1611,9465
1761,1611,9465
1761,1611,9465
1840,1507,9411
1840,1507,9411
1840,1507,9411
1840,1507,9411
1840,1507,9411
1840,1507,9411
1840,1507,9411
1840,1507,9411
1840,1507,9411
1919,1432,9340
1919,1432,9340
1919,1432,9340
1919,1432,9340
1919,1432,9340
1919,1432,9340
1919,1432,9340
1919,1432,9340
1919,1432,9340
2029,1401,9343
2029,1401,9343
2029,1401,9343
2029,1401,9343
2029,1401,9343
2029,1401,9343
2029,1401,9343
2029,1401,9343
2029,1401,9343
2167,1337,9307
2167,1337,9307
2167,1337,9307
2167,1337,9307
2167,1337,9307
2167,1337,9307
2167,1337,9307
2167,1337,9307
2167,1337,9307
2258,1313,9224
2258,1313,9224
2258,1313,9224
2258,1313,9224
2258,1313,9224
2258,1313,9224
2258,1313,9224
2258,1313,9224
2258,1313,9224
2402,1260,9204
2402,1260,9204
2402,1260,9204
2402,1260,9204
2402,1260,9204
2402,1260,9204
2402,1260,9204
2402,1260,9204
2402,1260,9204
2505,1231,9075
2505,1231,9075
2505,1231,9075
2505,1231,9075
2505,1231,9075
2505,1231,9075
2505,1231,9075
2505,1231,9075
2505,1231,9075
2680,1199,9020
2680,1199,9020
2680,1199,9020
2680,1199,9020
2680,1199,9020
2680,1199,9020
2680,1199,9020
2680,1199,9020
2680,1199,9020
2680,1199,8985
2834,1244,8985
2834,1244,8985
2834,1244,8985
2834,1244,8985
2834,1244,8985
2834,1244,8985
2834,1244,8985
2834,1244,8985
2834,1244,8985
2945,1247,8950
2945,1247,8950
2945,1247,8950
2945,1247,8950
2945,1247,8950
2945,1247,8950
2945,1247,8950
2945,1247,8950
2945,1247,8950
3030,1291,8855
3030,1291,8855
3030,1291,8855
3030,1291,8855
3030,1291,8855
3030,1291,8855
3030,1291,8855
3030,1291,8855
3161,1291,8865
3161,1291,8865
3161,1291,8865
3161,1291,8865
3161,1291,8865
3161,1291,8865
3161,1291,8865
3161,1291,8865
3161,1291,8865
3287,1351,8830
3287,1351,8830
3287,1351,8830
3287,1351,8830
3287,1351,8830
3287,1351,8830
3287,1351,8830
3287,1351,8830
3287,1351,8830
3287,1351,8830
3300,1389,8774
3300,1389,8774
3300,1389,8774
3300,1389,8774
3300,1389,8774
3300,1389,8774
3300,1389,8774
3300,1389,8774
3300,1389,8774
3407,1451,8781
3407,1451,8781
3407,1451,8781
3407,1451,8781
3407,1451,8781
3407,1451,8781
3407,1451,8781
3407,1451,8781
3407,1451,8781
3442,1449,8754
3442,1449,8754
3442,1449,8754
3442,1449,8754
3442,1449,8754
3442,1449,8754
3442,1449,8754
3442,1449,8754
3442,1449,8754
3442,1478,8749
3476,1478,8749
3476,1478,8749
3476,1478,8749
3476,1478,8749
3476,1478,8749
3476,1478,8749
3476,1478,8749
3476,1478,8749
3476,1478,8749
3492,1422,8713
3492,1422,8713
3492,1422,8713
3492,1422,8713
3492,1422,8713
3492,1422,8713
3492,1422,8713
3492,1422,8713
3492,1422,8713
3525,1522,8703
3525,1522,8703
3525,1522,8703
3525,1522,8703
3525,1522,8703
3525,1522,8703
3525,1522,8703
3525,1522,8703
3525,1522,8703
3602,1546,8634
3602,1546,8634
3602,1546,8634
3602,1546,8634
3602,1546,8634
3602,1546,8634
3602,1546,8634
3602,1546,8634
3602,1546,8634
3628,1534,8634
3628,1534,8634
3628,1534,8634
3628,1534,8634
3628,1534,8634
3628,1534,8634
3628,1534,8634
3628,1534,8634
3684,1537,8595
3684,1537,8595
3684,1537,8595
3684,1537,8595
3684,1537,8595
3684,1537,8595
3684,1537,8595
3684,1537,8595
3684,1537,8595
3776,1568,8614
3776,1568,8614
3776,1568,8614
3776,1568,8614
3776,1568,8614
3776,1568,8614
3776,1568,8614
3776,1568,8614
3776,1568,8614
3776,1568,8614
3796,1571,8525
3796,1571,8525
3796,1571,8525
3796,1571,8525
3796,1571,8525
3796,1571,8525
3796,1571,8525
3796,1571,8525
3796,1503,8521
3859,1503,8521
3859,1503,8521
3859,1503,8521
3859,1503,8521
3859,1503,8521
3859,1503,8521
3859,1503,8521
3859,1503,8521
3859,1503,8521
3925,1489,8443
3925,1489,8443
3925,1489,8443
3925,1489,8443
3925,1489,8443
3925,1489,8443
3925,1489,8443
3925,1489,8443
3925,1489,8443
3925,1489,8443
3991,1484,8353
3991,1484,8353
3991,1484,8353
3991,1484,8353
3991,1484,8353
3991,1484,8353
3991,1484,8353
3991,1484,8353
3991,1484,8353
4012,1532,8378
4012,1532,8378
4012,1532,8378
4012,1532,8378
3971,1531,8382
3971,1531,8382
3971,1531,8382
3971,1531,8382
3971,1531,8382
3971,1531,8382
3971,1531,8382
3971,1531,8382
3971,1531,8382
3987,1575,8392
3987,1575,8392
3987,1575,8392
3987,1575,8392
3987,1575,8392
3987,1575,8392
3987,1575,8392
3987,1575,8392
3987,1575,8392
4020,1656,8349
4020,1656,8349
4020,1656,8349
4020,1656,8349
4020,1656,8349
4020,1656,8349
4020,1656,8349
4020,1656,8349
4020,1656,8349
4075,1667,8258
4075,1667,8258
4075,1667,8258
4075,1667,8258
4075,1667,8258
4075,1667,8258
4075,1667,8258
4075,1667,8258
4075,1667,8220
4115,1754,8220
4115,1754,8220
4115,1754,8220
4115,1754,8220
4115,1754,8220
4115,1754,8220
4115,1754,8220
4115,1754,8220
4115,1754,8220
4206,1841,8177
4206,1841,8177
4206,1841,8177
4206,1841,8177
4206,1841,8177
4206,1841,8177
4206,1841,8177
4206,1841,8177
4206,1841,8177
4206,1841,8177
4286,1947,8132
4286,1947,8132
4286,1947,8132
4286,1947,8132
4286,1947,8132
4286,1947,8132
4286,1947,8132
4286,1947,8132
4286,1947,8132
4332,2086,8139
4332,2086,8139
4332,2086,8139
4332,2086,8139
4332,2086,8139
4332,2086,8139
4332,2086,8139
4332,2086,8139
4332,2086,8139
4409,2164,8087
4409,2164,8087
4409,2164,8087
4409,2164,8087
4409,2164,8087
4409,2164,8087
4409,2164,8087
4409,2164,8087
4409,2164,8087
4466,2367,8033
4466,2367,8033
4466,2367,8033
4466,2367,8033
4466,2367,8033
4466,2367,8033
4466,2367,8033
4466,2367,8033
4466,2367,8033
4466,2367,8033
4516,2463,8101
4516,2463,8101
4516,2463,8101
4516,2463,8101
4516,2463,8101
4516,2463,8101
4516,2463,8101
4516,2463,8101
4516,2463,8101
4516,2615,8107
4516,2615,8107
4516,2615,8107
4516,2615,8107
4516,2615,8107
4516,2615,8107
4516,2615,8107
4516,2615,8107
4516,2615,8107
4538,2828,8127
4538,2828,8127
4538,2828,8127
4538,2828,8127
4538,2828,8127
4538,2828,8127
4538,2828,8127
4538,2828,8127
4499,2954,8190
4499,2954,8190
4499,2954,8190
4499,2954,8190
4499,2954,8190
4499,2954,8190
4499,2954,8190
4499,2954,8190
4499,2954,8190
4463,3142,8209
4463,3142,8209
4463,3142,8209
4463,3142,8209
4463,3142,8209
4463,3142,8209
4463,3142,8209
4463,3142,8209
4463,3142,8209
4468,3279,8258
4468,3279,8258
4468,3279,8258
4468,3279,8258
4468,3279,8258
4468,3279,8258
4468,3279,8258
4468,3279,8258
4468,3279,8258
4468,3279,8352
4368,3402,8352
4368,3402,8352
4368,3402,8352
4368,3402,8352
4368,3402,8352
4368,3402,8352
4368,3402,8352
4368,3402,8352
4333,3461,8379
4333,3461,8379
4333,3461,8379
4333,3461,8379
4333,3461,8379
4333,3461,8379
4333,3461,8379
4333,3461,8379
4333,3461,8379
4333,3461,8379
4259,3632,8488
4259,3632,8488
4259,3632,8488
4259,3632,8488
4259,3632,8488
4259,3632,8488
4259,3632,8488
4259,3632,8488
4259,3632,8488
4259,3632,8488
4209,3702,8496
4209,3702,8496
4209,3702,8496
4209,3702,8496
4209,3702,8496
4209,3702,8496
4209,3702,8496
4209,3702,8496
4209,3702,8496
4129,3760,8604
4129,3760,8604
4129,3760,8604
4129,3760,8604
4129,3760,8604
4129,3760,8604
4129,3760,8604
4129,3760,8604
4129,3760,8604
4087,3828,8631
4087,3828,8631
4087,3828,8631
4087,3828,8631
4087,3828,8631
4087,3828,8631
4087,3828,8631
4087,3828,8631
4087,3828,8631
3956,3841,8719
3956,3841,8719
3956,3841,8719
3956,3841,8719
3956,3841,8719
3956,3841,8719
3956,3841,8719
3956,3841,8719
3799,3921,8784
3799,3921,8784
3799,3921,8784
3799,3921,8784
3799,3921,8784
3799,3921,8784
3799,3921,8784
3799,3921,8784
3799,3921,8784
3666,3999,8897
3666,3999,8897
3666,3999,8897
3666,3999,8897
3666,3999,8897
3666,3999,8897
3666,3999,8897
3666,3999,8897
3666,3999,8897
3666,3999,8897
3560,3986,9006
3560,3986,9006
3560,3986,9006
3560,3986,9006
3560,3986,9006
3560,3986,9006
3560,3986,9006
3560,3986,9006
3560,3986,9006
3432,4055,9152
3432,4055,9152
3432,4055,9152
3432,4055,9152
3432,4055,9152
3432,4055,9152
3432,4055,9152
3432,4055,9152
3432,4055,9152
3248,4028,9126
3248,4028,9126
3248,4028,9126
3248,4028,9126
3248,4028,9126
3248,4028,9126
3161,4043,9187
3161,4043,9187
3161,4043,9187
3161,4043,9187
3161,4043,9187
3161,4043,9187
3161,4043,9187
3161,4043,9187
3016,4019,9282
3016,4019,9282
3016,4019,9282
3016,4019,9282
3016,4019,9282
3016,4019,9282
3016,4019,9282
3016,4019,9282
3016,4019,9282
2968,3997,9379
2968,3997,9379
2968,3997,9379
2968,3997,9379
2968,3997,9379
2968,3997,9379
2968,3997,9379
2968,3997,9379
2968,3997,9379
2877,3975,9345
2877,3975,9345
2877,3975,9345
2877,3975,9345
2877,3975,9345
2877,3975,9345
2877,3975,9345
2877,3975,9345
2877,3975,9345
2817,3989,9352
2817,3989,9352
2817,3989,9352
2817,3989,9352
2817,3989,9352
2817,3989,9352
2817,3989,9352
2817,3989,9352
2817,3989,9352
2745,3946,9379
2745,3946,9379
2745,3946,9379
2745,3946,9379
2745,3946,9379
2745,3946,9379
2745,3946,9379
2745,3946,9379
2777,3920,9396
2777,3920,9396
2777,3920,9396
2777,3920,9396
2777,3920,9396
2777,3920,9396
2777,3920,9396
2777,3920,9396
2777,3920,9396
2777,3920,9396
2685,3854,9444
2685,3854,9444
2685,3854,9444
2685,3854,9444
2685,3854,9444
2685,3854,9444
2685,3854,9444
2685,3854,9444
2685,3854,9444
2647,3726,9497
2647,3726,9497
2647,3726,9497
2647,3726,9497
2647,3726,9497
2647,3726,9497
2647,3726,9497
2647,3726,9497
2647,3726,9497
2480,3683,9575
2480,3683,9575
2480,3683,9575
2480,3683,9575
2480,3683,9575
2480,3683,9575
2480,3683,9575
2480,3683,9575
2480,3683,9575
2384,3570,9596
2384,3570,9596
2384,3570,9596
2384,3570,9596
2384,3570,9596
2384,3570,9596
2384,3570,9596
2384,3570,9596
2384,3570,9596
2384,3570,9596
2219,3403,9637
2219,3403,9637
2219,3403,9637
2219,3403,9637
2219,3403,9637
2219,3403,9637
2219,3403,9637
2219,3403,9637
2219,3403,9637
2075,3252,9712
2075,3252,9712
2075,3252,9712
2075,3252,9712
2075,3252,9712
2075,3252,9712
2075,3252,9712
2075,3252,9712
2075,3252,9712
2006,3116,9683
2006,3116,9683
2006,3116,9683
2006,3116,9683
2006,3116,9683
2006,3116,9683
2006,3116,9683
2006,3116,9683
2006,3116,9683
1934,2890,9707
1934,2890,9707
1934,2890,9707
1934,2890,9707
1934,2890,9707
1934,2890,9707
1934,2890,9707
1934,2890,9707
1934,2890,9707
1983,2776,9692
1983,2776,9692
1983,2776,9692
1983,2776,9692
1983,2776,9692
1983,2776,9692
1983,2776,9692
1983,2776,9692
1983,2776,9692
1947,2661,9699
1947,2661,9699
1947,2661,9699
1947,2661,9699
1947,2661,9699
1947,2661,9699
1947,2661,9699
1947,2661,9699
1947,2661,9699
1928,2533,9696
1928,2533,9696
1928,2533,9696
1928,2533,9696
1928,2533,9696
1928,2533,9696
1928,2533,9696
1928,2533,9696
1928,2533,9696
1910,2378,9658
1910,2378,9658
1910,2378,9658
1910,2378,9658
1910,2378,9658
1910,2378,9658
1910,2378,9658
1910,2378,9658
1910,2378,9658
1941,2226,9671
1941,2226,9671
1941,2226,9671
1941,2226,9671
1941,2226,9671
1941,2226,9671
1941,2226,9671
1941,2226,9671
1941,2226,9671
1941,2226,9671
2005,2048,9595
2005,2048,9595
2005,2048,9595
2005,2048,9595
2005,2048,9595
2005,2048,9595
2005,2048,9595
2005,2048,9595
2090,1893,9512
2090,1893,9512
2090,1893,9512
2090,1893,9512
2090,1893,9512
2090,1893,9512
2090,1893,9512
2090,1893,9512
2090,1893,9512
2090,1893,9512
2226,1689,9470
2226,1689,9470
2226,1689,9470
2226,1689,9470
2226,1689,9470
2226,1689,9470
2226,1689,9470
2226,1689,9470
2226,1689,9470
2226,1689,9470
2301,1479,9409
2301,1479,9409
2301,1479,9409
2301,1479,9409
2301,1479,9409
2301,1479,9409
2301,1479,9409
2301,1479,9409
2301,1479,9409
2387,1387,9340
2387,1387,9340
2387,1387,9340
2387,1387,9340
2387,1387,9340
2387,1387,9340
2387,1387,9340
2387,1387,9340
2387,1387,9340
2541,1345,9228
2541,1345,9228
2541,1345,9228
2541,1345,9228
2541,1345,9228
2541,1345,9228
2541,1345,9228
2541,1345,9228
2672,1290,9158
2672,1290,9158
2672,1290,9158
2672,1290,9158
2672,1290,9158
2672,1290,9158
2672,1290,9158
2672,1290,9158
2672,1290,9158
2823,1231,9121
2823,1231,9121
2823,1231,9121
2823,1231,9121
2823,1231,9121
2823,1231,9121
2823,1231,9121
2823,1231,9121
2823,1231,9121
2971,1200,8995
2971,1200,8995
2971,1200,8995
2971,1200,8995
2971,1200,8995
3124,1199,8899
3124,1199,8899
3124,1199,8899
3124,1199,8899
3124,1199,8899
3124,1199,8899
3124,1199,8899
3124,1199,8899
3228,1269,8831
3228,1269,8831
3228,1269,8831
3228,1269,8831
3228,1269,8831
3228,1269,8831
3228,1269,8831
3228,1269,8831
3228,1269,8831
3228,1269,8831
3352,1265,8739
3352,1265,8739
3352,1265,8739
3352,1265,8739
3352,1265,8739
3352,1265,8739
3352,1265,8739
3352,1265,8739
3352,1265,8739
3352,1265,8739
3480,1254,8673
3480,1254,8673
3480,1254,8673
3480,1254,8673
3480,1254,8673
3480,1254,8673
3480,1254,8673
3480,1254,8673
3480,1254,8673
3563,1323,8597
3563,1323,8597
3563,1323,8597
3563,1323,8597
3563,1323,8597
3563,1323,8597
3563,1323,8597
3563,1323,8597
3563,1323,8597
3665,1301,8584
3665,1301,8584
3665,1301,8584
3665,1301,8584
3665,1301,8584
3665,1301,8584
3665,1301,8584
3665,1301,8584
3665,1301,8584
3791,1325,8402
3791,1325,8402
3791,1325,8402
3791,1325,8402
3791,1325,8402
3791,1325,8402
3791,1325,8402
3791,1325,8402
3791,1325,8350
3919,1334,8350
3919,1334,8350
3919,1334,8350
3919,1334,8350
3919,1334,8350
3919,1334,8350
3919,1334,8350
3919,1334,8350
3919,1334,8350
4031,1376,8220
4031,1376,8220
4031,1376,8220
4031,1376,8220
4031,1376,8220
4031,1376,8220
4031,1376,8220
4031,1376,8220
4031,1376,8220
4081,1442,8196
4081,1442,8196
4081,1442,8196
4081,1442,8196
4081,1442,8196
4081,1442,8196
4081,1442,8196
4081,1442,8196
4081,1442,8196
4145,1421,8105
4145,1421,8105
4145,1421,8105
4145,1421,8105
4145,1421,8105
4145,1421,8105
4145,1421,8105
4145,1421,8105
4145,1421,8105
4186,1425,8018
4186,1425,8018
4186,1425,8018
4186,1425,8018
4186,1425,8018
4186,1425,8018
4186,1425,8018
4186,1425,8018
4186,1425,8018
4234,1408,7968
4234,1408,7968
4234,1408,7968
4234,1408,7968
4234,1408,7968
4234,1408,7968
4234,1408,7968
4234,1408,7968
4234,1408,7968
4230,1417,8028
4230,1417,8028
4230,1417,8028
4230,1417,8028
4230,1417,8028
4230,1417,8028
4230,1417,8028
4230,1417,8028
4230,1417,8028
4176,1463,8042
4176,1463,8042
4176,1463,8042
4176,1463,8042
4176,1463,8042
4176,1463,8042
4176,1463,8042
4176,1463,8042
4176,1463,8042
4176,1463,8042
4211,1487,8018
4211,1487,8018
4211,1487,8018
4211,1487,8018
4211,1487,8018
4211,1487,8018
4211,1487,8018
4211,1487,8018
4211,1487,8018
4215,1550,8014
4215,1550,8014
4215,1550,8014
4215,1550,8014
4215,1550,8014
4215,1550,8014
4215,1550,8014
4215,1550,8014
4215,1550,8014
4310,1641,7943
4310,1641,7943
4310,1641,7943
4310,1641,7943
4310,1641,7943
4310,1641,7943
4310,1641,7943
4310,1641,7943
4310,1641,7943
4341,1751,7993
4341,1751,7993
4341,1751,7993
4341,1751,7993
4341,1751,7993
4341,1751,7993
4341,1751,7993
4341,1751,7993
4341,1751,7993
4398,1822,7944
4398,1822,7944
4398,1822,7944
4398,1822,7944
4398,1822,7944
4398,1822,7944
4398,1822,7944
4398,1822,7944
4398,1822,7944
4465,1906,7926
4465,1906,7926
4465,1906,7926
4465,1906,7926
4465,1906,7926
4465,1906,7926
4465,1906,7926
4465,1906,7926
4465,1906,7926
4487,2071,7879
4487,2071,7879
4487,2071,7879
4487,2071,7879
4487,2071,7879
4487,2071,7879
4487,2071,7879
4487,2071,7879
4487,2071,7879
4533,2181,7889
4533,2181,7889
4533,2181,7889
4533,2181,7889
4533,2181,7889
4533,2181,7889
4533,2181,7889
4533,2181,7889
4533,2181,7889
4621,2281,7834
4621,2281,7834
4621,2281,7834
4621,2281,7834
4621,2281,7834
4621,2281,7834
4621,2281,7834
4621,2281,7834
4621,2281,7834
4621,2281,7834
4652,2411,7844
4652,2411,7844
4652,2411,7844
4652,2411,7844
4652,2411,7844
4652,2411,7844
4652,2411,7844
4652,2411,7844
4652,2411,7844
4695,2552,7852
4695,2552,7852
4695,2552,7852
4695,2552,7852
4695,2552,7852
4695,2552,7852
4695,2552,7852
4695,2552,7852
4651,2706,7795
4651,2706,7795
4651,2706,7795
4651,2706,7795
4651,2706,7795
4651,2706,7795
4651,2706,7795
4651,2706,7795
4651,2706,7795
4651,2706,7795
4684,2819,7878
4684,2819,7878
4684,2819,7878
4684,2819,7878
4684,2819,7878
4684,2819,7878
4684,2819,7878
4684,2819,7878
4683,2983,7974
4683,2983,7974
4683,2983,7974
4683,2983,7974
4683,2983,7974
4641,3138,7924
4641,3138,7924
4641,3138,7924
4641,3138,7924
4641,3138,7924
4641,3138,7924
4641,3138,7924
4641,3138,7924
4641,3138,7924
4606,3269,8002
4606,3269,8002
4606,3269,8002
4606,3269,8002
4606,3269,8002
4606,3269,8002
4606,3269,8002
4606,3269,8002
4606,3269,8002
4547,3396,8036
4547,3396,8036
4547,3396,8036
4547,3396,8036
4547,3396,8036
4547,3396,8036
4547,3396,8036
4547,3396,8036
4547,3396,8036
4509,3501,8066
4509,3501,8066
4509,3501,8066
4509,3501,8066
4509,3501,8066
4509,3501,8066
4509,3501,8066
4509,3501,8066
4509,3501,8066
4509,3501,8066
4438,3629,8151
4438,3629,8151
4438,3629,8151
4438,3629,8151
4438,3629,8151
4438,3629,8151
4438,3629,8151
4438,3629,8151
4385,3725,8217
4385,3725,8217
4385,3725,8217
4385,3725,8217
4385,3725,8217
4385,3725,8217
4385,3725,8217
4385,3725,8217
4385,3725,8217
4385,3725,8217
4305,3755,8334
4305,3755,8334
4305,3755,8334
4305,3755,8334
4305,3755,8334
4305,3755,8334
4305,3755,8334
4305,3755,8334
4305,3755,8334
4305,3755,8454
4214,3805,8454
4214,3805,8454
4214,3805,8454
4214,3805,8454
4214,3805,8454
4214,3805,8454
4214,3805,8454
4214,3805,8454
4214,3805,8454
4131,3878,8525
4131,3878,8525
4131,3878,8525
4131,3878,8525
4131,3878,8525
4131,3878,8525
4131,3878,8525
4131,3878,8525
4026,3919,8590
4026,3919,8590
4026,3919,8590
4026,3919,8590
4026,3919,8590
4026,3919,8590
4026,3919,8590
4026,3919,8590
4026,3919,8590
3958,3964,8606
3958,3964,8606
3958,3964,8606
3958,3964,8606
3958,3964,8606
3958,3964,8606
3958,3964,8606
3958,3964,8606
3958,3964,8606
3823,3924,8798
3823,3924,8798
3823,3924,8798
3823,3924,8798
3823,3924,8798
3823,3924,8798
3823,3924,8798
3823,3924,8798
3823,3924,8798
3724,3997,8882
3724,3997,8882
3724,3997,8882
3724,3997,8882
3724,3997,8882
3724,3997,8882
3724,3997,8882
3724,3997,8882
3724,3997,8882
3587,4037,8978
3587,4037,8978
3587,4037,8978
3587,4037,8978
3587,4037,8978
3587,4037,8978
3587,4037,8978
3587,4037,8978
3587,4037,8978
3474,3997,9066
3474,3997,9066
3474,3997,9066
3474,3997,9066
3474,3997,9066
3474,3997,9066
3474,3997,9066
3474,3997,9066
3474,3997,9066
3474,3997,9066
3366,4004,9192
3366,4004,9192
3366,4004,9192
3366,4004,9192
3366,4004,9192
3366,4004,9192
3366,4004,9192
3366,4004,9192
3366,4004,9192
3246,3910,9241
3246,3910,9241
3246,3910,9241
3246,3910,9241
3246,3910,9241
3246,3910,9241
3246,3910,9241
3246,3910,9241
3246,3807,9275
3155,3807,9275
3155,3807,9275
3155,3807,9275
3155,3807,9275
3155,3807,9275
3155,3807,9275
3155,3807,9275
3155,3807,9275
3155,3807,9275
3024,3806,9373
3024,3806,9373
3024,3806,9373
3024,3806,9373
3024,3806,9373
3024,3806,9373
3024,3806,9373
3024,3806,9373
3024,3806,9373
2889,3684,9484
2889,3684,9484
2889,3684,9484
2889,3684,9484
2889,3684,9484
2889,3684,9484
2889,3684,9484
2889,3684,9484
2889,3684,9484
2731,3546,9468
2731,3546,9468
2731,3546,9468
2731,3546,9468
2731,3546,9468
2731,3546,9468
2731,3546,9468
2731,3546,9468
2731,3546,9468
2595,3360,9565
2595,3360,9565
2595,3360,9565
2595,3360,9565
2595,3360,9565
2595,3360,9565
2595,3360,9565
2595,3360,9565
2595,3360,9565
2523,3193,9599
2523,3193,9599
2523,3193,9599
2523,3193,9599
2523,3193,9599
2523,3193,9599
2523,3193,9599
2523,3193,9599
2523,3193,9599
2523,3193,9599
2455,3033,9652
2455,3033,9652
2455,3033,9652
2455,3033,9652
2455,3033,9652
2455,3033,9652
2455,3033,9652
2455,3033,9652
2455,3033,9652
2394,2784,9651
2394,2784,9651
2394,2784,9651
2394,2784,9651
2394,2784,9651
2394,2784,9651
2394,2784,9651
2394,2784,9651
2394,2784,9651
2415,2568,9675
2415,2568,9675
2415,2568,9675
2415,2568,9675
2415,2568,9675
2415,2568,9675
2415,2568,9675
2415,2568,9675
2415,2568,9675
2434,2439,9640
2434,2439,9640
2434,2439,9640
2434,2439,9640
2434,2439,9640
2434,2439,9640
2434,2439,9640
2434,2439,9640
2434,2439,9640
2473,2228,9615
2473,2228,9615
2473,2228,9615
2473,2228,9615
2473,2228,9615
2525,2107,9566
2525,2107,9566
2525,2107,9566
2525,2107,9566
2525,2107,9566
2525,2107,9566
2525,2107,9566
2525,2107,9566
2569,1939,9537
2569,1939,9537
2569,1939,9537
2569,1939,9537
2569,1939,9537
2569,1939,9537
2569,1939,9537
2569,1939,9537
2569,1939,9537
2578,1852,9474
2578,1852,9474
2578,1852,9474
2578,1852,9474
2578,1852,9474
2578,1852,9474
2578,1852,9474
2578,1852,9474
2578,1852,9474
2578,1852,9474
2573,1700,9469
2573,1700,9469
2573,1700,9469
2573,1700,9469
2573,1700,9469
2573,1700,9469
2573,1700,9469
2573,1700,9469
2573,1700,9469
2620,1639,9429
2620,1639,9429
2620,1639,9429
2620,1639,9429
2620,1639,9429
2620,1639,9429
2620,1639,9429
2620,1639,9429
2620,1639,9429
2748,1529,9303
2748,1529,9303
2748,1529,9303
2748,1529,9303
2748,1529,9303
2748,1529,9303
2748,1529,9303
2748,1529,9303
2748,1529,9303
2819,1396,9161
2819,1396,9161
2819,1396,9161
2819,1396,9161
2819,1396,9161
2819,1396,9161
2819,1396,9161
2819,1396,9161
2819,1396,9161
2944,1308,9077
2944,1308,9077
2944,1308,9077
2944,1308,9077
2944,1308,9077
2944,1308,9077
2944,1308,9077
2944,1308,9077
2944,1308,9077
3105,1240,8889
3105,1240,8889
3105,1240,8889
3105,1240,8889
3105,1240,8889
3105,1240,8889
3105,1240,8889
3105,1240,8889
3105,1240,8889
3199,1133,8849
3199,1133,8849
3199,1133,8849
3199,1133,8849
3199,1133,8849
3199,1133,8849
3199,1133,8849
3199,1133,8849
3199,1133,8849
3199,1133,8849
3405,1156,8702
3405,1156,8702
3405,1156,8702
3405,1156,8702
3405,1156,8702
3405,1156,8702
3405,1156,8702
3405,1156,8702
3577,1208,8525
3577,1208,8525
3577,1208,8525
3577,1208,8525
3577,1208,8525
3577,1208,8525
3577,1208,8525
3577,1208,8525
3577,1208,8525
3756,1277,8518
3756,1277,8518
3756,1277,8518
3756,1277,8518
3756,1277,8518
3756,1277,8518
3756,1277,8518
3756,1277,8518
3756,1277,8518
3756,1277,8518
3837,1306,8452
3837,1306,8452
3837,1306,8452
3837,1306,8452
3837,1306,8452
3837,1306,8452
3837,1306,8452
3837,1306,8452
3837,1306,8452
3954,1378,8328
3954,1378,8328
3954,1378,8328
3954,1378,8328
3954,1378,8328
3954,1378,8328
3954,1378,8328
3954,1378,8328
3954,1378,8328
4024,1391,8285
4024,1391,8285
4024,1391,8285
4024,1391,8285
4024,1391,8285
4024,1391,8285
4024,1391,8285
4024,1391,8285
4024,1391,8285
4024,1458,8133
4116,1458,8133
4116,1458,8133
4116,1458,8133
4116,1458,8133
4116,1458,8133
4116,1458,8133
4116,1458,8133
4116,1458,8133
4116,1458,8133
4254,1431,7957
4254,1431,7957
4254,1431,7957
4254,1431,7957
4254,1431,7957
4254,1431,7957
4254,1431,7957
4254,1431,7957
4254,1431,7957
4311,1462,7917
4311,1462,7917
4311,1462,7917
4311,1462,7917
4311,1462,7917
4311,1462,7917
4311,1462,7917
4311,1462,7917
4311,1462,7917
4329,1437,7877
4329,1437,7877
4329,1437,7877
4329,1437,7877
4329,1437,7877
4329,1437,7877
4329,1437,7877
4329,1437,7877
4329,1437,7877
4383,1468,7766
4383,1468,7766
4383,1468,7766
4383,1468,7766
4383,1468,7766
4383,1468,7766
4383,1468,7766
4383,1468,7766
4408,1471,7667
4408,1471,7667
4408,1471,7667
4408,1471,7667
4408,1471,7667
4408,1471,7667
4408,1471,7667
4408,1471,7667
4408,1471,7667
4448,1459,7633
4448,1459,7633
4448,1459,7633
4448,1459,7633
4448,1459,7633
4448,1459,7633
4448,1459,7633
4448,1459,7633
4448,1459,7633
4448,1459,7633
4450,1479,7630
4450,1479,7630
4450,1479,7630
4450,1479,7630
4450,1479,7630
4450,1479,7630
4450,1479,7630
4450,1479,7630
4453,1479,7658
4453,1479,7658
4453,1479,7658
4453,1479,7658
4453,1479,7658
4453,1479,7658
4453,1479,7658
4453,1479,7658
4453,1479,7658
4453,1479,7658
4496,1555,7648
4496,1555,7648
4496,1555,7648
4496,1555,7648
4496,1555,7648
4496,1555,7648
4496,1555,7648
4496,1555,7648
4496,1555,7648
4496,1555,7648
4476,1661,7641
4476,1661,7641
4476,1661,7641
4476,1661,7641
4476,1661,7641
4476,1661,7641
4476,1661,7641
4476,1661,7641
4476,1661,7641
4560,1737,7530
4560,1737,7530
4560,1737,7530
4560,1737,7530
4560,1737,7530
4560,1737,7530
4560,1737,7530
4560,1737,7530
4560,1737,7530
4627,1822,7497
4627,1822,7497
4627,1822,7497
4627,1822,7497
4664,1903,7444
4664,1903,7444
4664,1903,7444
4664,1903,7444
4664,1903,7444
4664,1903,7444
4664,1903,7444
4664,1903,7444
4664,1903,7444
4695,2016,7400
4695,2016,7400
4695,2016,7400
4695,2016,7400
4695,2016,7400
4695,2016,7400
4695,2016,7400
4695,2016,7400
4695,2016,7400
4772,2103,7410
4772,2103,7410
4772,2103,7410
4772,2103,7410
4772,2103,7410
4772,2103,7410
4772,2103,7410
4772,2103,7410
4827,2236,7388
4827,2236,7388
4827,2236,7388
4827,2236,7388
4827,2236,7388
4827,2236,7388
4827,2236,7388
4827,2236,7388
4827,2236,7388
4827,2236,7388
4886,2336,7387
4886,2336,7387
4886,2336,7387
4886,2336,7387
4886,2336,7387
4886,2336,7387
4886,2336,7387
4886,2336,7387
4886,2336,7387
4886,2336,7387
4883,2495,7321
4883,2495,7321
4883,2495,7321
4883,2495,7321
4883,2495,7321
4883,2495,7321
4883,2495,7321
4883,2495,7321
4883,2495,7321
4904,2664,7332
4904,2664,7332
4904,2664,7332
4904,2664,7332
4904,2664,7332
4904,2664,7332
4904,2664,7332
4904,2664,7332
4904,2664,7332
4935,2839,7336
4935,2839,7336
4935,2839,7336
4935,2839,7336
4935,2839,7336
4935,2839,7336
4935,2839,7336
4935,2839,7336
4935,2839,7336
4953,2990,7386
4953,2990,7386
4953,2990,7386
4953,2990,7386
4953,2990,7386
4953,2990,7386
4953,2990,7386
4953,2990,7386
4953,2990,7386
4892,3118,7413
4892,3118,7413
4892,3118,7413
4892,3118,7413
4892,3118,7413
4892,3118,7413
4892,3118,7413
4892,3118,7413
4892,3118,7413
4895,3225,7427
4895,3225,7427
4895,3225,7427
4895,3225,7427
4895,3225,7427
4895,3225,7427
4895,3225,7427
4895,3225,7427
4895,3225,7427
4882,3359,7473
4882,3359,7473
4882,3359,7473
4882,3359,7473
4882,3359,7473
4882,3359,7473
4882,3359,7473
4882,3359,7473
4882,3359,7473
4882,3359,7473
4840,3474,7532
4840,3474,7532
4840,3474,7532
4840,3474,7532
4840,3474,7532
4840,3474,7532
4840,3474,7532
4840,3474,7532
4755,3587,7608
4755,3587,7608
4755,3587,7608
4755,3587,7608
4755,3587,7608
4755,3587,7608
4755,3587,7608
4755,3587,7608
4755,3587,7608
4744,3636,7718
4744,3636,7718
4744,3636,7718
4744,3636,7718
4744,3636,7718
4744,3636,7718
4744,3636,7718
4744,3636,7718
4744,3636,7718
4666,3723,7811
4666,3723,7811
4666,3723,7811
4666,3723,7811
4666,3723,7811
4666,3723,7811
4666,3723,7811
4666,3723,7811
4666,3723,7811
4591,3749,7903
4591,3749,7903
4591,3749,7903
4591,3749,7903
4591,3749,7903
4591,3749,7903
4591,3749,7903
4591,3749,7903
4591,3749,7903
4591,3749,7903
4548,3821,7957
4548,3821,7957
4548,3821,7957
4548,3821,7957
4548,3821,7957
4548,3821,7957
4548,3821,7957
4548,3821,7957
4548,3821,7957
4492,3936,8089
4492,3936,8089
4492,3936,8089
4492,3936,8089
4492,3936,8089
4492,3936,8089
4492,3936,8089
4492,3936,8089
4492,3936,8089
4492,3994,8167
4383,3994,8167
4383,3994,8167
4383,3994,8167
4383,3994,8167
4383,3994,8167
4383,3994,8167
4383,3994,8167
4383,3994,8167
4383,3994,8167
4251,4068,8335
4251,4068,8335
4251,4068,8335
4251,4068,8335
4251,4068,8335
4251,4068,8335
4251,4068,8335
4251,4068,8335
4251,4068,8335
4180,4035,8394
4180,4035,8394
4180,4035,8394
4180,4035,8394
4180,4035,8394
4180,4035,8394
4180,4035,8394
4180,4035,8394
4180,4035,8394
4085,4033,8532
4085,4033,8532
4085,4033,8532
4085,4033,8532
4085,4033,8532
4085,4033,8532
4085,4033,8532
4085,4033,8532
4013,4001,8612
4013,4001,8612
4013,4001,8612
4013,4001,8612
4013,4001,8612
4013,4001,8612
4013,4001,8612
4013,4001,8612
4013,4001,8612
3920,3989,8763
3920,3989,8763
3920,3989,8763
3920,3989,8763
3920,3989,8763
3920,3989,8763
3920,3989,8763
3920,3989,8763
3920,3989,8763
3777,3961,8834
3777,3961,8834
3777,3961,8834
3777,3961,8834
3777,3961,8834
3777,3961,8834
3777,3961,8834
3777,3961,8834
3777,3961,8834
3665,3875,8962
3665,3875,8962
3665,3875,8962
3665,3875,8962
3665,3875,8962
3665,3875,8962
3665,3875,8962
3665,3875,8962
3665,3875,8962
3665,3875,9024
3505,3840,9024
3505,3840,9024
3505,3840,9024
3505,3840,9024
3505,3840,9024
3505,3840,9024
3505,3840,9024
3422,3746,9098
3422,3746,9098
3422,3746,9098
3422,3746,9098
3422,3746,9098
3422,3746,9098
3292,3637,9207
3292,3637,9207
3292,3637,9207
3292,3637,9207
3292,3637,9207
3292,3637,9207
3292,3637,9207
3292,3637,9207
3292,3637,9207
3213,3512,9258
3213,3512,9258
3213,3512,9258
3213,3512,9258
3213,3512,9258
3213,3512,9258
3213,3512,9258
3213,3512,9258
3213,3512,9258
3211,3387,9360
3211,3387,9360
3211,3387,9360
3211,3387,9360
3211,3387,9360
3211,3387,9360
3211,3387,9360
3211,3387,9360
3211,3387,9360
3078,3224,9425
3078,3224,9425
3078,3224,9425
3078,3224,9425
3078,3224,9425
3078,3224,9425
3078,3224,9425
3078,3224,9425
3078,3224,9425
3041,3038,9495
3041,3038,9495
3041,3038,9495
3041,3038,9495
3041,3038,9495
3041,3038,9495
3041,3038,9495
3041,3038,9495
3041,3038,9495
2965,2775,9563
2965,2775,9563
2965,2775,9563
2965,2775,9563
2965,2775,9563
2965,2775,9563
2965,2775,9563
2965,2775,9563
2965,2775,9563
2917,2589,9504
2917,2589,9504
2917,2589,9504
2917,2589,9504
2917,2589,9504
2917,2589,9504
2917,2589,9504
2917,2589,9504
2917,2589,9504
2917,2589,9504
2966,2412,9504
2966,2412,9504
2966,2412,9504
2966,2412,9504
2966,2412,9504
2966,2412,9504
2966,2412,9504
2966,2412,9504
2966,2412,9504
2947,2241,9426
2947,2241,9426
2947,2241,9426
2947,2241,9426
2947,2241,9426
2947,2241,9426
2947,2241,9426
2947,2241,9426
2947,2241,9426
2999,2150,9400
2999,2150,9400
2999,2150,9400
2999,2150,9400
2999,2150,9400
2999,2150,9400
2999,2150,9400
2999,2150,9400
2999,2150,9400
2990,2024,9361
2990,2024,9361
2990,2024,9361
2990,2024,9361
2990,2024,9361
2990,2024,9361
2990,2024,9361
2990,2024,9361
2990,2024,9361
2970,1857,9329
2970,1857,9329
2970,1857,9329
2970,1857,9329
2970,1857,9329
2970,1857,9329
2970,1857,9329
2970,1857,9329
2970,1857,9329
2970,1857,9329
3031,1729,9221
3031,1729,9221
3031,1729,9221
3031,1729,9221
3031,1729,9221
3031,1729,9221
3031,1729,9221
3031,1729,9221
3031,1729,9221
3090,1602,9165
3090,1602,9165
3090,1602,9165
3090,1602,9165
3090,1602,9165
3090,1602,9165
3090,1602,9165
3090,1602,9165
3208,1462,9050
3208,1462,9050
3208,1462,9050
3208,1462,9050
3208,1462,9050
3208,1462,9050
3208,1462,9050
3208,1462,9050
3208,1462,9050
3353,1344,8885
3353,1344,8885
3353,1344,8885
3353,1344,8885
3353,1344,8885
3353,1344,8885
3353,1344,8885
3353,1344,8885
3353,1344,8885
3512,1284,8737
3512,1284,8737
3512,1284,8737
3512,1284,8737
3512,1284,8737
3512,1284,8737
3512,1284,8737
3512,1284,8737
3512,1284,8737
3512,1284,8737
3654,1178,8523
3654,1178,8523
3654,1178,8523
3654,1178,8523
3654,1178,8523
3654,1178,8523
3654,1178,8523
3654,1178,8523
3818,1217,8336
3818,1217,8336
3818,1217,8336
3818,1217,8336
3818,1217,8336
3818,1217,8336
3818,1217,8336
3818,1217,8336
3818,1217,8336
3818,1217,8336
3982,1226,8213
3982,1226,8213
3982,1226,8213
3982,1226,8213
3982,1226,8213
3982,1226,8213
3982,1226,8213
3982,1226,8213
3982,1226,8213
3982,1226,8213
4074,1279,8091
4074,1279,8091
4074,1279,8091
4074,1279,8091
4074,1279,8091
4074,1279,8091
4074,1279,8091
4074,1279,8091
4074,1279,8091
4186,1309,8071
4186,1309,8071
4186,1309,8071
4186,1309,8071
4186,1309,8071
4186,1309,8071
4186,1309,8071
4186,1309,8071
4186,1309,8071
4220,1364,7913
4220,1364,7913
4220,1364,7913
4220,1364,7913
4220,1364,7913
4220,1364,7913
4220,1364,7913
4220,1364,7913
4220,1364,7913
4305,1410,7857
4305,1410,7857
4305,1410,7857
4305,1410,7857
4305,1410,7857
4305,1410,7857
4305,1410,7857
4305,1410,7857
4331,1496,7815
4331,1496,7815
4331,1496,7815
4331,1496,7815
4331,1496,7815
4331,1496,7815
4331,1496,7815
4331,1496,7815
4331,1496,7815
4331,1496,7815
4405,1498,7700
4405,1498,7700
4405,1498,7700
4405,1498,7700
4405,1498,7700
4405,1498,7700
4405,1498,7700
4405,1498,7700
4405,1498,7700
4510,1537,7549
4510,1537,7549
4510,1537,7549
4510,1537,7549
4510,1537,7549
4510,1537,7549
4510,1537,7549
4510,1537,7549
4510,1537,7549
4587,1494,7436
4587,1494,7436
4587,1494,7436
4587,1494,7436
4665,1564,7277
4665,1564,7277
4665,1564,7277
4665,1564,7277
4665,1564,7277
4665,1564,7277
4665,1564,7277
4665,1564,7277
4665,1564,7277
4665,1564,7277
4644,1521,7164
4644,1521,7164
4644,1521,7164
4644,1521,7164
4644,1521,7164
4644,1521,7164
4644,1521,7164
4644,1521,7164
4644,1521,7164
4652,1517,7172
4652,1517,7172
4652,1517,7172
4652,1517,7172
4652,1517,7172
4652,1517,7172
4652,1517,7172
4652,1517,7172
4652,1517,7172
4697,1549,7159
4697,1549,7159
4697,1549,7159
4697,1549,7159
4697,1549,7159
4697,1549,7159
4697,1549,7159
4697,1549,7159
4697,1549,7159
4651,1547,7080
4651,1547,7080
4651,1547,7080
4651,1547,7080
4651,1547,7080
4651,1547,7080
4651,1547,7080
4651,1547,7080
4651,1547,7080
4680,1585,7123
4680,1585,7123
4680,1585,7123
4680,1585,7123
4680,1585,7123
4680,1585,7123
4680,1585,7123
4680,1585,7123
4680,1585,7123
4694,1640,7129
4694,1640,7129
4694,1640,7129
4694,1640,7129
4694,1640,7129
4694,1640,7129
4694,1640,7129
4694,1640,7129
4694,1640,7129
4770,1743,7066
4770,1743,7066
4770,1743,7066
4770,1743,7066
4770,1743,7066
4770,1743,7066
4770,1743,7066
4770,1743,7066
4770,1743,7066
4861,1833,6997
4861,1833,6997
4861,1833,6997
4861,1833,6997
4861,1833,6997
4861,1833,6997
4861,1833,6997
4861,1833,6997
4861,1833,6997
4835,1894,6948
4835,1894,6948
4835,1894,6948
4835,1894,6948
4835,1894,6948
4835,1894,6948
4835,1894,6948
4835,1894,6948
4835,1894,6948
4901,2039,6882
4901,2039,6882
4901,2039,6882
4901,2039,6882
4901,2039,6882
4901,2039,6882
4901,2039,6882
4901,2039,6882
4901,2039,6882
4928,2112,6897
4928,2112,6897
4928,2112,6897
4928,2112,6897
4928,2112,6897
4928,2112,6897
4928,2112,6897
4928,2112,6897
4928,2112,6897
4934,2240,6866
4934,2240,6866
4934,2240,6866
4934,2240,6866
4934,2240,6866
4934,2240,6866
4934,2240,6866
4934,2240,6866
4934,2240,6866
4934,2240,6866
4949,2376,6922
4949,2376,6922
4949,2376,6922
4949,2376,6922
4949,2376,6922
4949,2376,6922
4949,2376,6922
4949,2376,6922
4949,2376,6922
5015,2541,6915
5015,2541,6915
5015,2541,6915
5015,2541,6915
5015,2541,6915
5015,2541,6915
5015,2541,6915
5015,2541,6915
5015,2541,6915
5036,2688,6848
5036,2688,6848
5036,2688,6848
5036,2688,6848
5036,2688,6848
5036,2688,6848
5036,2688,6848
5036,2688,6848
5036,2688,6848
5036,2688,6848
5039,2879,6842
5039,2879,6842
5039,2879,6842
5039,2879,6842
5039,2879,6842
5039,2879,6842
5039,2879,6842
5039,2879,6842
5036,3061,6868
5036,3061,6868
5036,3061,6868
5036,3061,6868
5036,3061,6868
5036,3061,6868
5036,3061,6868
5036,3061,6868
5036,3061,6868
5022,3254,6927
5022,3254,6927
5022,3254,6927
5022,3254,6927
5022,3254,6927
5022,3254,6927
5022,3254,6927
5022,3254,6927
5022,3254,6927
5042,3390,6970
5042,3390,6970
5042,3390,6970
5042,3390,6970
5042,3390,6970
5042,3390,6970
5042,3390,6970
5042,3390,6970
5042,3390,6970
4993,3558,7075
4993,3558,7075
4993,3558,7075
4993,3558,7075
4993,3558,7075
4993,3558,7075
4993,3558,7075
4993,3558,7075
4993,3558,7075
4986,3612,7106
4986,3612,7106
4986,3612,7106
4986,3612,7106
4986,3612,7106
4986,3612,7106
4986,3612,7106
4986,3612,7106
4986,3612,7106
4956,3706,7265
4956,3706,7265
4956,3706,7265
4956,3706,7265
4956,3706,7265
4956,3706,7265
4956,3706,7265
4956,3706,7265
4956,3706,7265
4897,3775,7356
4897,3775,7356
4897,3775,7356
4897,3775,7356
4897,3775,7356
4897,3775,7356
4897,3775,7356
4897,3775,7356
4897,3775,7356
4822,3863,7441
4822,3863,7441
4822,3863,7441
4822,3863,7441
4822,3863,7441
4822,3863,7441
4822,3863,7441
4822,3863,7441
4822,3863,7441
4822,3863,7441
4776,3899,7499
4776,3899,7499
4776,3899,7499
4776,3899,7499
4776,3899,7499
4776,3899,7499
4776,3899,7499
4776,3899,7499
4776,3899,7499
4716,3909,7659
4716,3909,7659
4716,3909,7659
4716,3909,7659
4716,3909,7659
4716,3909,7659
4716,3909,7659
4716,3909,7659
4716,3909,7659
4683,3981,7686
4683,3981,7686
4683,3981,7686
4683,3981,7686
4683,3981,7686
4683,3981,7686
4683,3981,7686
4683,3981,7686
4683,3981,7686
4594,3990,7836
4594,3990,7836
4594,3990,7836
4594,3990,7836
4505,4055,7955
4505,4055,7955
4505,4055,7955
4505,4055,7955
4505,4055,7955
4505,4055,7955
4505,4055,7955
4505,4055,7955
4505,4055,7955
4393,4058,8088
4393,4058,8088
4393,4058,8088
4393,4058,8088
4393,4058,8088
4393,4058,8088
4393,4058,8088
4393,4058,8088
4393,4058,8088
4291,4102,8210
4291,4102,8210
4291,4102,8210
4291,4102,8210
4291,4102,8210
4291,4102,8210
4291,4102,8210
4291,4102,8210
4291,4102,8210
4208,4102,8331
4208,4102,8331
4208,4102,8331
4208,4102,8331
4208,4102,8331
4208,4102,8331
4208,4102,8331
4208,4102,8331
4208,4102,8331
4208,4102,8331
4127,4101,8486
4127,4101,8486
4127,4101,8486
4127,4101,8486
4127,4101,8486
4127,4101,8486
4127,4101,8486
4127,4101,8486
4127,4101,8486
4053,4030,8569
4053,4030,8569
4053,4030,8569
4053,4030,8569
4053,4030,8569
4053,4030,8569
4053,4030,8569
4053,4030,8569
4053,4030,8569
4040,3986,8605
4040,3986,8605
4040,3986,8605
4040,3986,8605
4040,3986,8605
4040,3986,8605
4040,3986,8605
4040,3986,8605
4040,3986,8605
3989,3891,8694
3989,3891,8694
3989,3891,8694
3989,3891,8694
3989,3891,8694
3989,3891,8694
3989,3891,8694
3989,3891,8694
3989,3891,8694
3925,3857,8706
3925,3857,8706
3925,3857,8706
3925,3857,8706
3925,3857,8706
3925,3857,8706
3925,3857,8706
3925,3857,8706
3925,3857,8706
3836,3786,8837
3836,3786,8837
3836,3786,8837
3836,3786,8837
3836,3786,8837
3836,3786,8837
3836,3786,8837
3836,3786,8837
3836,3786,8837
3775,3707,8895
3775,3707,8895
3775,3707,8895
3775,3707,8895
3775,3707,8895
3775,3707,8895
3775,3707,8895
3775,3707,8895
3775,3707,8895
3753,3633,8985
3753,3633,8985
3753,3633,8985
3753,3633,8985
3753,3633,8985
3753,3633,8985
3753,3633,8985
3753,3633,8985
3753,3633,8985
3682,3527,9066
3682,3527,9066
3682,3527,9066
3682,3527,9066
3682,3527,9066
3682,3527,9066
3682,3527,9066
3682,3527,9066
3682,3527,9066
3615,3421,9119
3615,3421,9119
3615,3421,9119
3615,3421,9119
3615,3421,9119
3615,3421,9119
3615,3421,9119
3615,3421,9119
3615,3421,9119
3615,3421,9119
3583,3262,9115
3583,3262,9115
3583,3262,9115
3583,3262,9115
3583,3262,9115
3583,3262,9115
3583,3262,9115
3583,3262,9115
3538,3052,9228
3538,3052,9228
3538,3052,9228
3538,3052,9228
3538,3052,9228
3538,3052,9228
3538,3052,9228
3538,3052,9228
3538,3052,9228
3538,3052,9228
3549,2890,9208
3549,2890,9208
3549,2890,9208
3549,2890,9208
3549,2890,9208
3549,2890,9208
3549,2890,9208
3549,2890,9208
3549,2890,9208
3549,2890,9204
3556,2757,9204
3556,2757,9204
3556,2757,9204
3556,2757,9204
3556,2757,9204
3556,2757,9204
3556,2757,9204
3556,2757,9204
3510,2588,9268
3510,2588,9268
3510,2588,9268
3510,2588,9268
3510,2588,9268
3510,2588,9268
3510,2588,9268
3510,2588,9268
3510,2588,9268
3498,2438,9222
3498,2438,9222
3498,2438,9222
3498,2438,9222
3498,2438,9222
3498,2438,9222
3498,2438,9222
3498,2438,9222
3498,2438,9222
3475,2290,9275
3475,2290,9275
3475,2290,9275
3475,2290,9275
3475,2290,9275
3475,2290,9275
3475,2290,9275
3475,2290,9275
3475,2290,9275
3472,2147,9188
3472,2147,9188
3472,2147,9188
3472,2147,9188
3472,2147,9188
3472,2147,9188
3472,2147,9188
3472,2147,9188
3472,2147,9188
3472,1964,9072
3472,1964,9072
3472,1964,9072
3472,1964,9072
3472,1964,9072
3472,1964,9072
3472,1964,9072
3472,1964,9072
3472,1964,9072
3472,1964,9072
3500,1783,9053
3500,1783,9053
3500,1783,9053
3500,1783,9053
3500,1783,9053
3500,1783,9053
3500,1783,9053
3500,1783,9053
3500,1783,9053
3580,1664,8944
3580,1664,8944
3580,1664,8944
3580,1664,8944
3580,1664,8944
3580,1664,8944
3580,1664,8944
3580,1664,8944
3580,1664,8944
3565,1510,8852
3565,1510,8852
3565,1510,8852
3565,1510,8852
3565,1510,8852
3565,1510,8852
3565,1510,8852
3565,1510,8852
3565,1510,8852
3711,1427,8702
3711,1427,8702
3711,1427,8702
3711,1427,8702
3711,1427,8702
3711,1427,8702
3711,1427,8702
3711,1427,8702
3711,1427,8702
3771,1277,8540
3771,1277,8540
3771,1277,8540
3771,1277,8540
3771,1277,8540
3771,1277,8540
3771,1277,8540
3840,1239,8439
3840,1239,8439
3840,1239,8439
3840,1239,8439
3840,1239,8439
3840,1239,8439
3940,1235,8222
3940,1235,8222
3940,1235,8222
3940,1235,8222
3940,1235,8222
3940,1235,8222
3940,1235,8222
3940,1235,8222
3940,1235,8222
4078,1237,8072
4078,1237,8072
4078,1237,8072
4078,1237,8072
4078,1237,8072
4078,1237,8072
4078,1237,8072
4078,1237,8072
4078,1237,8072
4134,1253,7958
4134,1253,7958
4134,1253,7958
4134,1253,7958
4134,1253,7958
4134,1253,7958
4134,1253,7958
4134,1253,7958
4134,1253,7958
4134,1253,7958
4230,1304,7861
4230,1304,7861
4230,1304,7861
4230,1304,7861
4230,1304,7861
4230,1304,7861
4230,1304,7861
4230,1304,7861
4230,1304,7861
4310,1350,7783
4310,1350,7783
4310,1350,7783
4310,1350,7783
4310,1350,7783
4310,1350,7783
4310,1350,7783
4310,1350,7783
4310,1350,7783
4356,1397,7686
4356,1397,7686
4356,1397,7686
4356,1397,7686
4356,1397,7686
4356,1397,7686
4356,1397,7686
4356,1397,7686
4356,1397,7686
4386,1417,7658
4386,1417,7658
4386,1417,7658
4386,1417,7658
4386,1417,7658
4386,1417,7658
4386,1417,7658
4386,1417,7658
4386,1417,7658
4460,1468,7546
4460,1468,7546
4460,1468,7546
4460,1468,7546
4460,1468,7546
4460,1468,7546
4460,1468,7546
4460,1468,7546
4460,1468,7546
4499,1476,7498
4499,1476,7498
4499,1476,7498
4499,1476,7498
4499,1476,7498
4499,1476,7498
4499,1476,7498
4499,1476,7498
4499,1476,7498
4499,1476,7498
4553,1540,7320
4553,1540,7320
4553,1540,7320
4553,1540,7320
4553,1540,7320
4553,1540,7320
4553,1540,7320
4553,1540,7320
4634,1664,7232
4634,1664,7232
4634,1664,7232
4634,1664,7232
4634,1664,7232
4634,1664,7232
4634,1664,7232
4634,1664,7232
4634,1664,7232
4733,1781,7153
4733,1781,7153
4733,1781,7153
4733,1781,7153
4733,1781,7153
4733,1781,7153
4733,1781,7153
4733,1781,7153
4733,1781,7153
4754,1837,7095
4754,1837,7095
4754,1837,7095
4754,1837,7095
4754,1837,7095
4754,1837,7095
4754,1837,7095
4754,1837,7095
4754,1837,7095
4754,1837,7095
4786,2030,7061
4786,2030,7061
4786,2030,7061
4786,2030,7061
4786,2030,7061
4786,2030,7061
4786,2030,7061
4786,2030,7061
4786,2030,7061
4867,2205,6963
4867,2205,6963
4867,2205,6963
4867,2205,6963
4867,2205,6963
4867,2205,6963
4867,2205,6963
4867,2205,6963
4867,2205,6963
4906,2291,6998
4906,2291,6998
4906,2291,6998
4906,2291,6998
4906,2291,6998
4906,2291,6998
4906,2291,6998
4906,2291,6998
4906,2291,6998
4964,2411,7009
4964,2411,7009
4964,2411,7009
4964,2411,7009
4964,2411,7009
4964,2411,7009
4964,2411,7009
4964,2411,7009
4964,2411,7009
5010,2518,7041
5010,2518,7041
5010,2518,7041
5010,2518,7041
5010,2518,7041
5010,2518,7041
5010,2518,7041
5010,2518,7041
5010,2518,7041
4995,2575,7057
4995,2575,7057
4995,2575,7057
4995,2575,7057
4995,2575,7057
4995,2575,7057
4995,2575,7057
4995,2575,7057
4995,2575,7057
4966,2607,7203
4966,2607,7203
4966,2607,7203
4966,2607,7203
4966,2607,7203
4966,2607,7203
4966,2607,7203
4966,2607,7203
4944,2610,7293
4944,2610,7293
4944,2610,7293
4944,2610,7293
4944,2610,7293
4944,2610,7293
4944,2610,7293
4944,2610,7293
4944,2610,7293
4944,2610,7293
4937,2635,7426
4937,2635,7426
4937,2635,7426
4937,2635,7426
4937,2635,7426
4937,2635,7426
4937,2635,7426
4937,2635,7426
4937,2635,7426
4910,2670,7524
4910,2670,7524
4910,2670,7524
4910,2670,7524
4910,2670,7524
4910,2670,7524
4910,2670,7524
4910,2670,7524
4910,2670,7524
4910,2670,7524
4838,2765,7747
4838,2765,7747
4838,2765,7747
4838,2765,7747
4838,2765,7747
4838,2765,7747
4838,2765,7747
4838,2765,7747
4838,2765,7747
4554,2902,8155
4554,2902,8155
4554,2902,8155
4554,2902,8155
4554,2902,8155
4554,2902,8155
4554,2902,8155
4554,2902,8155
4554,2902,8155
4091,3062,8686
4091,3062,8686
4091,3062,8686
4091,3062,8686
4091,3062,8686
4091,3062,8686
4091,3062,8686
4091,3062,8686
4091,3062,8686
3527,3163,9077
3527,3163,9077
3527,3163,9077
3527,3163,9077
3527,3163,9077
3527,3163,9077
3527,3163,9077
3527,3163,9077
3527,3163,9077
3226,3081,9246
3226,3081,9246
3226,3081,9246
3226,3081,9246
3093,2758,9325
3093,2758,9325
3093,2758,9325
3093,2758,9325
3093,2758,9325
3093,2758,9325
3093,2758,9325
3093,2758,9325
3093,2758,9325
3093,2758,9325
2989,2548,9372
2989,2548,9372
2989,2548,9372
2989,2548,9372
2989,2548,9372
2989,2548,9372
2989,2548,9372
2989,2548,9372
2989,2548,9372
2836,2396,9368
2836,2396,9368
2836,2396,9368
2836,2396,9368
2836,2396,9368
2836,2396,9368
2836,2396,9368
2836,2396,9368
2836,2396,9368
2927,2233,9325
2927,2233,9325
2927,2233,9325
2927,2233,9325
2927,2233,9325
2927,2233,9325
2927,2233,9325
2927,2233,9325
2927,2233,9325
3012,2093,9264
3012,2093,9264
3012,2093,9264
3012,2093,9264
3012,2093,9264
3012,2093,9264
3012,2093,9264
3012,2093,9264
3012,2093,9264
2860,1986,9261
2860,1986,9261
2860,1986,9261
2860,1986,9261
2860,1986,9261
2860,1986,9261
2860,1986,9261
2860,1986,9261
2860,1986,9261
2643,1896,9339
2643,1896,9339
2643,1896,9339
2643,1896,9339
2643,1896,9339
2643,1896,9339
2643,1896,9339
2643,1896,9339
2643,1896,9339
2738,1870,9291
2738,1870,9291
2738,1870,9291
2738,1870,9291
2738,1870,9291
2738,1870,9291
2738,1870,9291
2738,1870,9291
2738,1870,9291
2659,1925,9341
2659,1925,9341
2659,1925,9341
2659,1925,9341
2659,1925,9341
2659,1925,9341
2659,1925,9341
2659,1925,9341
2659,1925,9341
2659,1925,9341
2536,1902,9377
2536,1902,9377
2536,1902,9377
2536,1902,9377
2536,1902,9377
2536,1902,9377
2536,1902,9377
2536,1902,9377
2536,1902,9377
2590,1943,9376
2590,1943,9376
2590,1943,9376
2590,1943,9376
2590,1943,9376
2590,1943,9376
2590,1943,9376
2590,1943,9376
2590,1943,9376
2616,1991,9310
2616,1991,9310
2616,1991,9310
2616,1991,9310
2616,1991,9310
2616,1991,9310
2616,1991,9310
2616,1991,9310
2616,1991,9310
2637,2082,9414
2637,2082,9414
2637,2082,9414
2637,2082,9414
2637,2082,9414
2637,2082,9414
2637,2082,9414
2637,2082,9414
2683,2137,9385
2683,2137,9385
2683,2137,9385
2683,2137,9385
2683,2137,9385
2683,2137,9385
2683,2137,9385
2683,2137,9385
2683,2137,9385
2683,2137,9385
2584,2171,9423
2584,2171,9423
2584,2171,9423
2584,2171,9423
2584,2171,9423
2584,2171,9423
2584,2171,9423
2584,2171,9423
2584,2171,9423
2584,2134,9402
2599,2134,9402
2599,2134,9402
2599,2134,9402
2599,2134,9402
2599,2134,9402
2599,2134,9402
2599,2134,9402
2599,2134,9402
2599,2134,9402
2634,1938,9393
2634,1938,9393
2634,1938,9393
2634,1938,9393
2634,1938,9393
2634,1938,9393
2634,1938,9393
2634,1938,9393
2634,1938,9393
2694,1863,9323
2694,1863,9323
2694,1863,9323
2694,1863,9323
2694,1863,9323
2694,1863,9323
2694,1863,9323
2694,1863,9323
2694,1863,9323
2670,1702,9289
2670,1702,9289
2670,1702,9289
2670,1702,9289
2670,1702,9289
2670,1702,9289
2670,1702,9289
2670,1702,9289
2670,1702,9289
2653,1642,9256
2653,1642,9256
2653,1642,9256
2653,1642,9256
2653,1642,9256
2653,1642,9256
2653,1642,9256
2653,1642,9256
2653,1642,9256
2658,1511,9193
2658,1511,9193
2658,1511,9193
2658,1511,9193
2658,1511,9193
2658,1511,9193
2658,1511,9193
2658,1511,9193
2658,1511,9193
2665,1412,9171
2665,1412,9171
2665,1412,9171
2665,1412,9171
2665,1412,9171
2665,1412,9171
2665,1412,9171
2665,1412,9171
2665,1412,9171
2636,1369,9060
2636,1369,9060
2636,1369,9060
2636,1369,9060
2636,1369,9060
2636,1369,9060
2636,1369,9060
2636,1369,9060
2636,1290,9024
2685,1290,9024
2685,1290,9024
2685,1290,9024
2685,1290,9024
2685,1290,9024
2685,1290,9024
2685,1290,9024
2685,1290,9024
2685,1290,9024
2663,1166,8958
2663,1166,8958
2663,1166,8958
2663,1166,8958
2663,1166,8958
2663,1166,8958
2663,1166,8958
2663,1166,8958
2663,1166,8958
2622,1053,8882
2622,1053,8882
2622,1053,8882
2622,1053,8882
2622,1053,8882
2622,1053,8882
2622,1053,8882
2622,1053,8882
2622,1053,8882
2598,874,8789
2598,874,8789
2598,874,8789
2598,874,8789
2598,874,8789
2598,874,8789
2598,874,8789
2598,874,8789
2598,874,8789
2598,874,8789
2538,731,8694
2538,731,8694
2538,731,8694
2538,731,8694
2538,731,8694
2538,731,8694
2538,731,8694
2538,731,8694
2538,731,8694
2415,623,8657
2415,623,8657
2415,623,8657
2415,623,8657
2303,506,8581
2303,506,8581
2303,506,8581
2303,506,8581
2303,506,8581
2303,506,8581
2303,506,8581
2303,506,8581
2303,506,8581
2217,412,8537
2217,412,8537
2217,412,8537
2217,412,8537
2217,412,8537
2217,412,8537
2217,412,8537
2217,412,8537
2217,412,8537
2013,275,8455
2013,275,8455
2013,275,8455
2013,275,8455
2013,275,8455
2013,275,8455
2013,275,8455
2013,275,8455
2013,275,8455
1833,242,8398
1833,242,8398
1833,242,8398
1833,242,8398
1833,242,8398
1833,242,8398
1833,242,8398
1833,242,8398
1833,242,8398
1670,184,8367
1670,184,8367
1670,184,8367
1670,184,8367
1670,184,8367
1670,184,8367
1670,184,8367
1670,184,8367
1670,184,8367
1548,162,8296
1548,162,8296
1548,162,8296
1548,162,8296
1548,162,8296
1548,162,8296
1548,162,8296
1548,162,8296
1548,162,8296
1548,144,8282
1370,144,8282
1370,144,8282
1370,144,8282
1370,144,8282
1370,144,8282
1370,144,8282
1370,144,8282
1370,144,8282
1370,144,8282
1249,142,8297
1249,142,8297
1249,142,8297
1249,142,8297
1249,142,8297
1249,142,8297
1249,142,8297
1249,142,8297
1249,142,8297
1107,105,8224
1107,105,8224
1107,105,8224
1107,105,8224
1107,105,8224
1107,105,8224
1107,105,8224
1107,105,8224
1107,105,8224
968,131,8294
968,131,8294
968,131,8294
968,131,8294
968,131,8294
968,131,8294
968,131,8294
968,131,8294
968,131,8294
853,212,8259
853,212,8259
853,212,8259
853,212,8259
853,212,8259
853,212,8259
853,212,8259
853,212,8259
853,212,8259
693,300,8352
693,300,8352
693,300,8352
693,300,8352
693,300,8352
693,300,8352
693,300,8352
693,300,8352
693,300,8352
495,396,8420
495,396,8420
495,396,8420
495,396,8420
495,396,8420
495,396,8420
495,396,8420
495,396,8420
495,396,8420
444,539,8547
444,539,8547
444,539,8547
444,539,8547
444,539,8547
444,539,8547
444,539,8547
444,539,8547
444,539,8547
300,646,8583
300,646,8583
300,646,8583
300,646,8583
300,646,8583
300,646,8583
300,646,8583
300,646,8583
300,646,8583
180,749,8686
180,749,8686
180,749,8686
180,749,8686
180,749,8686
180,749,8686
180,749,8686
180,749,8686
180,749,8686
122,951,8730
122,951,8730
122,951,8730
122,951,8730
122,951,8730
122,951,8730
122,951,8730
122,951,8730
122,951,8730
122,951,8730
29,1022,8787
29,1022,8787
29,1022,8787
29,1022,8787
29,1022,8787
29,1022,8787
29,1022,8787
29,1022,8787
29,1022,8787
-45,1107,8774
-45,1107,8774
-45,1107,8774
-45,1107,8774
-45,1107,8774
-45,1107,8774
-45,1107,8774
-45,1107,8774
-45,1107,8774
-99,1267,8859
-99,1267,8859
-99,1267,8859
-99,1267,8859
-99,1267,8859
-99,1267,8859
-99,1267,8859
-99,1267,8859
-99,1267,8859
-114,1357,8929
-114,1357,8929
-114,1357,8929
-114,1357,8929
-114,1357,8929
-114,1357,8929
-114,1357,8929
-114,1357,8929
-114,1357,8929
-114,1357,8988
-129,1453,8988
-129,1453,8988
-129,1453,8988
-129,1453,8988
-129,1453,8988
-129,1453,8988
-129,1453,8988
-129,1453,8988
-129,1453,8988
-78,1593,9099
-78,1593,9099
-78,1593,9099
-78,1593,9099
-78,1593,9099
-78,1593,9099
-78,1593,9099
-78,1593,9099
-78,1593,9099
79,1781,9191
79,1781,9191
79,1781,9191
79,1781,9191
79,1781,9191
79,1781,9191
79,1781,9191
79,1781,9191
177,1940,9293
177,1940,9293
177,1940,9293
177,1940,9293
177,1940,9293
177,1940,9293
177,1940,9293
177,1940,9293
177,1940,9293
312,2106,9333
312,2106,9333
312,2106,9333
312,2106,9333
312,2106,9333
312,2106,9333
312,2106,9333
312,2106,9333
312,2106,9333
437,2271,9520
437,2271,9520
437,2271,9520
437,2271,9520
437,2271,9520
437,2271,9520
437,2271,9520
437,2271,9520
437,2271,9520
437,2271,9520
622,2380,9564
622,2380,9564
622,2380,9564
622,2380,9564
622,2380,9564
622,2380,9564
622,2380,9564
622,2380,9564
744,2481,9573
744,2481,9573
744,2481,9573
744,2481,9573
744,2481,9573
744,2481,9573
744,2481,9573
744,2481,9573
744,2481,9573
744,2481,9573
878,2532,9639
878,2532,9639
878,2532,9639
878,2532,9639
878,2532,9639
878,2532,9639
878,2532,9639
878,2532,9639
878,2532,9639
878,2532,9639
1060,2567,9689
1060,2567,9689
1060,2567,9689
1161,2605,9673
1161,2605,9673
1161,2605,9673
1161,2605,9673
1161,2605,9673
1161,2605,9673
1161,2605,9673
1161,2605,9673
1161,2605,9673
1283,2651,9682
1283,2651,9682
1283,2651,9682
1283,2651,9682
1283,2651,9682
1283,2651,9682
1283,2651,9682
1283,2651,9682
1283,2651,9682
1283,2651,9682
1542,2684,9700
1542,2684,9700
1542,2684,9700
1542,2684,9700
1542,2684,9700
1542,2684,9700
1542,2684,9700
1542,2684,9700
1729,2579,9662
1729,2579,9662
1729,2579,9662
1729,2579,9662
1729,2579,9662
1729,2579,9662
1729,2579,9662
1729,2579,9662
1729,2579,9662
1918,2489,9652
1918,2489,9652
1918,2489,9652
1918,2489,9652
1918,2489,9652
1918,2489,9652
1918,2489,9652
1918,2489,9652
1918,2489,9652
2227,2428,9602
2227,2428,9602
2227,2428,9602
2227,2428,9602
2227,2428,9602
2227,2428,9602
2227,2428,9602
2227,2428,9602
2227,2428,9602
2387,2301,9527
2387,2301,9527
2387,2301,9527
2387,2301,9527
2387,2301,9527
2387,2301,9527
2387,2301,9527
2387,2301,9527
2387,2301,9527
2387,2301,9527
2543,2105,9484
2543,2105,9484
2543,2105,9484
2543,2105,9484
2543,2105,9484
2543,2105,9484
2543,2105,9484
2543,2105,9484
2543,2105,9484
2660,1979,9374
2660,1979,9374
2660,1979,9374
2660,1979,9374
2660,1979,9374
2660,1979,9374
2660,1979,9374
2660,1979,9374
2660,1979,9374
2824,1863,9288
2824,1863,9288
2824,1863,9288
2824,1863,9288
2824,1863,9288
2824,1863,9288
2824,1863,9288
2824,1863,9288
2824,1775,9227
2851,1775,9227
2851,1775,9227
2851,1775,9227
2851,1775,9227
2851,1775,9227
2851,1775,9227
2851,1775,9227
2851,1775,9227
2851,1775,9227
2797,1584,9159
2797,1584,9159
2797,1584,9159
2797,1584,9159
2797,1584,9159
2797,1584,9159
2797,1584,9159
2797,1584,9159
2797,1584,9159
2797,1584,9159
2783,1413,9093
2783,1413,9093
2783,1413,9093
2783,1413,9093
2783,1413,9093
2783,1413,9093
2783,1413,9093
2783,1413,9093
2783,1413,9093
2767,1316,9037
2767,1316,9037
2767,1316,9037
2767,1316,9037
2767,1316,9037
2767,1316,9037
2767,1316,9037
2767,1316,9037
2794,1099,8876
2794,1099,8876
2794,1099,8876
2794,1099,8876
2794,1099,8876
2794,1099,8876
2794,1099,8876
2794,1099,8876
2794,1099,8876
2896,851,8687
2896,851,8687
2896,851,8687
2896,851,8687
2896,851,8687
2896,851,8687
2896,851,8687
2896,851,8687
2896,851,8687
2861,657,8477
2861,657,8477
2861,657,8477
2861,657,8477
2861,657,8477
2861,657,8477
2861,657,8477
2861,657,8477
2861,657,8477
2861,657,8262
2834,405,8262
2834,405,8262
2834,405,8262
2834,405,8262
2834,405,8262
2834,405,8262
2834,405,8262
2834,405,8262
2834,405,8262
2673,245,8080
2673,245,8080
2673,245,8080
2673,245,8080
2673,245,8080
2673,245,8080
2673,245,8080
2673,245,8080
2673,245,8080
2554,140,7972
2554,140,7972
2554,140,7972
2554,140,7972
2554,140,7972
2554,140,7972
2554,140,7972
2554,140,7972
2554,140,7972
2367,52,7900
2367,52,7900
2367,52,7900
2367,52,7900
2367,52,7900
2367,52,7900
2367,52,7900
2367,52,7900
2367,52,7900
2198,-46,7829
2198,-46,7829
2198,-46,7829
2198,-46,7829
2198,-46,7829
2198,-46,7829
2198,-46,7829
2198,-46,7829
2198,-46,7829
2030,-97,7696
2030,-97,7696
2030,-97,7696
2030,-97,7696
2030,-97,7696
2030,-97,7696
2030,-97,7696
2030,-97,7696
2030,-97,7696
1883,-222,7655
1883,-222,7655
1883,-222,7655
1883,-222,7655
1883,-222,7655
1883,-222,7655
1883,-222,7655
1883,-222,7655
1883,-222,7655
1710,-232,7619
1710,-232,7619
1710,-232,7619
1710,-232,7619
1710,-232,7619
1710,-232,7619
1710,-232,7619
1710,-232,7619
1710,-232,7619
1531,-278,7576
1531,-278,7576
1531,-278,7576
1531,-278,7576
1531,-278,7576
1531,-278,7576
1531,-278,7576
1531,-278,7576
1531,-278,7576
1531,-278,7576
1361,-283,7567
1361,-283,7567
1361,-283,7567
1361,-283,7567
1361,-283,7567
1361,-283,7567
1361,-283,7567
1361,-283,7567
1361,-283,7567
1273,-292,7539
1273,-292,7539
1273,-292,7539
1273,-292,7539
1273,-292,7539
1273,-292,7539
1273,-292,7539
1273,-292,7539
1273,-292,7539
1115,-292,7474
1115,-292,7474
1115,-292,7474
1115,-292,7474
973,-311,7444
973,-311,7444
973,-311,7444
973,-311,7444
973,-311,7444
973,-311,7444
973,-311,7444
973,-311,7444
804,-299,7415
804,-299,7415
804,-299,7415
804,-299,7415
804,-299,7415
804,-299,7415
804,-299,7415
804,-299,7415
804,-299,7415
804,-299,7415
654,-188,7536
654,-188,7536
654,-188,7536
654,-188,7536
654,-188,7536
654,-188,7536
654,-188,7536
654,-188,7536
654,-188,7536
462,-62,7633
462,-62,7633
462,-62,7633
462,-62,7633
462,-62,7633
462,-62,7633
462,-62,7633
462,-62,7633
462,-62,7633
347,31,7799
347,31,7799
347,31,7799
347,31,7799
347,31,7799
347,31,7799
347,31,7799
347,31,7799
211,166,7888
211,166,7888
211,166,7888
211,166,7888
211,166,7888
211,166,7888
211,166,7888
211,166,7888
211,166,7888
172,270,7924
172,270,7924
172,270,7924
172,270,7924
172,270,7924
172,270,7924
172,270,7924
172,270,7924
172,270,7924
55,341,8114
55,341,8114
55,341,8114
55,341,8114
55,341,8114
55,341,8114
55,341,8114
55,341,8114
55,341,8114
55,341,8114
-28,484,8188
-28,484,8188
-28,484,8188
-28,484,8188
-28,484,8188
-28,484,8188
-28,484,8188
-28,484,8188
-28,484,8188
-48,620,8379
-48,620,8379
-48,620,8379
-48,620,8379
-48,620,8379
-48,620,8379
-48,620,8379
-48,620,8379
-48,620,8379
-48,620,8379
-54,680,8485
-54,680,8485
-54,680,8485
-54,680,8485
-54,680,8485
-54,680,8485
-54,680,8485
-54,680,8485
-54,680,8485
-61,747,8545
-61,747,8545
-61,747,8545
-61,747,8545
-61,747,8545
-61,747,8545
-61,747,8545
-61,747,8545
81,824,8636
81,824,8636
81,824,8636
81,824,8636
81,824,8636
81,824,8636
81,824,8636
81,824,8636
81,824,8636
81,824,8636
136,918,8739
136,918,8739
136,918,8739
136,918,8739
136,918,8739
136,918,8739
136,918,8739
136,918,8739
136,918,8739
272,1064,8952
272,1064,8952
272,1064,8952
272,1064,8952
272,1064,8952
272,1064,8952
272,1064,8952
272,1064,8952
387,1201,9071
387,1201,9071
387,1201,9071
387,1201,9071
387,1201,9071
387,1201,9071
387,1201,9071
387,1201,9071
387,1201,9071
550,1297,9231
550,1297,9231
550,1297,9231
550,1297,9231
550,1297,9231
550,1297,9231
550,1297,9231
550,1297,9231
550,1297,9231
550,1375,9283
752,1375,9283
752,1375,9283
752,1375,9283
752,1375,9283
752,1375,9283
752,1375,9283
752,1375,9283
752,1375,9283
752,1375,9283
859,1388,9318
859,1388,9318
859,1388,9318
859,1388,9318
859,1388,9318
859,1388,9318
859,1388,9318
859,1388,9318
859,1388,9318
925,1382,9372
925,1382,9372
925,1382,9372
925,1382,9372
925,1382,9372
925,1382,9372
925,1382,9372
925,1382,9372
925,1382,9372
1069,1409,9424
1069,1409,9424
1069,1409,9424
1069,1409,9424
1069,1409,9424
1069,1409,9424
1069,1409,9424
1069,1409,9424
1069,1409,9424
1069,1409,9424
1221,1426,9471
1221,1426,9471
1221,1426,9471
1221,1426,9471
1221,1426,9471
1221,1426,9471
1221,1426,9471
1221,1426,9471
1221,1426,9471
1351,1436,9403
1351,1436,9403
1351,1436,9403
1351,1436,9403
1351,1436,9403
1351,1436,9403
1351,1436,9403
1351,1436,9403
1351,1436,9403
1483,1372,9441
1483,1372,9441
1483,1372,9441
1483,1372,9441
1483,1372,9441
1483,1372,9441
1483,1372,9441
1483,1372,9441
1483,1372,9441
1670,1325,9416
1670,1325,9416
1670,1325,9416
1670,1325,9416
1670,1325,9416
1670,1325,9416
1670,1325,9416
1670,1325,9416
1849,1249,9363
1849,1249,9363
1849,1249,9363
1849,1249,9363
1849,1249,9363
1849,1249,9363
1849,1249,9363
1849,1249,9363
1849,1249,9363
1849,1249,9363
2083,1228,9273
2083,1228,9273
2083,1228,9273
2083,1228,9273
2083,1228,9273
2083,1228,9273
2083,1228,9273
2083,1228,9273
2083,1228,9273
2335,1147,9153
2335,1147,9153
2335,1147,9153
2335,1147,9153
2335,1147,9153
2335,1147,9153
2335,1147,9153
2335,1147,9153
2335,1147,9153
2509,1142,9157
2509,1142,9157
2509,1142,9157
2509,1142,9157
2509,1142,9157
2509,1142,9157
2509,1142,9157
2509,1142,9157
2509,1142,9157
2726,1051,9001
2726,1051,9001
2726,1051,9001
2726,1051,9001
2726,1051,9001
2726,1051,9001
2726,1051,9001
2726,1051,9001
2726,1051,9001
2810,956,8884
2810,956,8884
2810,956,8884
2810,956,8884
2852,832,8795
2852,832,8795
2852,832,8795
2852,832,8795
2852,832,8795
2852,832,8795
2852,832,8795
2852,832,8795
2852,832,8795
2852,832,8795
2819,644,8556
2819,644,8556
2819,644,8556
2819,644,8556
2819,644,8556
2819,644,8556
2819,644,8556
2819,644,8556
2819,644,8556
2943,435,8287
2943,435,8287
2943,435,8287
2943,435,8287
2943,435,8287
2943,435,8287
2943,435,8287
2943,435,8287
2943,435,8287
2969,268,7982
2969,268,7982
2969,268,7982
2969,268,7982
2969,268,7982
2969,268,7982
2969,268,7982
2969,268,7982
2969,268,7982
2969,268,7982
2932,98,7713
2932,98,7713
2932,98,7713
2932,98,7713
2932,98,7713
2932,98,7713
2932,98,7713
2932,98,7713
2893,-50,7502
2893,-50,7502
2893,-50,7502
2893,-50,7502
2893,-50,7502
2893,-50,7502
2893,-50,7502
2893,-50,7502
2893,-50,7502
2905,-152,7240
2905,-152,7240
2905,-152,7240
2905,-152,7240
2905,-152,7240
2905,-152,7240
2905,-152,7240
2905,-152,7240
2905,-152,7240
2843,-225,7040
2843,-225,7040
2843,-225,7040
2843,-225,7040
2843,-225,7040
2843,-225,7040
2843,-225,7040
2843,-225,7040
2843,-225,7040
2750,-305,6859
2750,-305,6859
2750,-305,6859
2750,-305,6859
2750,-305,6859
2750,-305,6859
2750,-305,6859
2750,-305,6859
2750,-305,6859
2750,-305,6859
2703,-325,6738
2703,-325,6738
2703,-325,6738
2703,-325,6738
2703,-325,6738
2703,-325,6738
2703,-325,6738
2703,-325,6738
2703,-325,6738
2523,-360,6699
2523,-360,6699
2523,-360,6699
2523,-360,6699
2523,-360,6699
2523,-360,6699
2523,-360,6699
2523,-360,6699
2523,-360,6699
2390,-436,6524
2390,-436,6524
2390,-436,6524
2390,-436,6524
2390,-436,6524
2390,-436,6524
2390,-436,6524
2390,-436,6524
2390,-436,6524
2241,-465,6441
2241,-465,6441
2241,-465,6441
2241,-465,6441
2241,-465,6441
2241,-465,6441
2241,-465,6441
2241,-465,6441
2241,-465,6441
2090,-491,6336
2090,-491,6336
2090,-491,6336
2090,-491,6336
2090,-491,6336
2090,-491,6336
2090,-491,6336
2090,-491,6336
2090,-491,6336
2090,-491,6336
1868,-487,6392
1868,-487,6392
1868,-487,6392
1868,-487,6392
1868,-487,6392
1868,-487,6392
1868,-487,6392
1868,-487,6392
1768,-521,6322
1768,-521,6322
1768,-521,6322
1768,-521,6322
1768,-521,6322
1768,-521,6322
1768,-521,6322
1768,-521,6322
1768,-521,6322
1653,-538,6228
1653,-538,6228
1653,-538,6228
1653,-538,6228
1653,-538,6228
1653,-538,6228
1653,-538,6228
1653,-538,6228
1653,-538,6228
1653,-538,6228
1527,-560,6255
1527,-560,6255
1527,-560,6255
1527,-560,6255
1527,-560,6255
1527,-560,6255
1527,-560,6255
1527,-560,6255
1527,-560,6255
1380,-538,6309
1380,-538,6309
1380,-538,6309
1380,-538,6309
1380,-538,6309
1380,-538,6309
1380,-538,6309
1380,-538,6309
1380,-538,6309
1261,-536,6251
1261,-536,6251
1261,-536,6251
1261,-536,6251
1261,-536,6251
1261,-536,6251
1261,-536,6251
1261,-536,6251
1261,-536,6251
1134,-504,6367
1134,-504,6367
1134,-504,6367
1134,-504,6367
1134,-504,6367
1134,-504,6367
1134,-504,6367
1134,-504,6367
1134,-504,6367
975,-492,6428
975,-492,6428
975,-492,6428
975,-492,6428
975,-492,6428
975,-492,6428
975,-492,6428
975,-492,6428
975,-492,6428
815,-447,6535
815,-447,6535
815,-447,6535
815,-447,6535
815,-447,6535
815,-447,6535
815,-447,6535
815,-447,6535
815,-447,6535
680,-431,6663
680,-431,6663
680,-431,6663
680,-431,6663
680,-431,6663
680,-431,6663
680,-431,6663
680,-431,6663
680,-431,6663
680,-431,6663
573,-351,6787
573,-351,6787
573,-351,6787
573,-351,6787
573,-351,6787
573,-351,6787
573,-351,6787
573,-351,6787
447,-317,6925
447,-317,6925
447,-317,6925
447,-317,6925
447,-317,6925
447,-317,6925
447,-317,6925
447,-317,6925
447,-317,6925
359,-244,6951
359,-244,6951
359,-244,6951
359,-244,6951
359,-244,6951
359,-244,6951
359,-244,6951
359,-244,6951
359,-244,6951
359,-244,6951
225,-198,7056
225,-198,7056
225,-198,7056
225,-198,7056
225,-198,7056
225,-198,7056
225,-198,7056
225,-198,7056
225,-198,7056
150,-120,7119
150,-120,7119
150,-120,7119
150,-120,7119
150,-120,7119
150,-120,7119
150,-120,7119
150,-120,7119
94,-43,7225
94,-43,7225
94,-43,7225
94,-43,7225
94,-43,7225
108,-27,7300
108,-27,7300
108,-27,7300
108,-27,7300
108,-27,7300
108,-27,7300
108,-27,7300
108,-27,7300
108,-27,7300
84,49,7496
84,49,7496
84,49,7496
84,49,7496
84,49,7496
84,49,7496
84,49,7496
84,49,7496
84,49,7496
113,99,7749
113,99,7749
113,99,7749
113,99,7749
113,99,7749
113,99,7749
113,99,7749
113,99,7749
113,99,7749
113,199,7909
193,199,7909
193,199,7909
193,199,7909
193,199,7909
193,199,7909
193,199,7909
193,199,7909
193,199,7909
193,199,7909
245,333,8231
245,333,8231
245,333,8231
245,333,8231
245,333,8231
245,333,8231
245,333,8231
245,333,8231
336,412,8417
336,412,8417
336,412,8417
336,412,8417
336,412,8417
336,412,8417
336,412,8417
336,412,8417
336,412,8417
411,451,8523
411,451,8523
411,451,8523
411,451,8523
411,451,8523
411,451,8523
411,451,8523
411,451,8523
411,451,8523
411,451,8523
461,484,8511
461,484,8511
461,484,8511
461,484,8511
461,484,8511
461,484,8511
461,484,8511
461,484,8511
461,484,8511
543,513,8600
543,513,8600
543,513,8600
543,513,8600
543,513,8600
543,513,8600
543,513,8600
543,513,8600
543,513,8600
691,512,8665
691,512,8665
691,512,8665
691,512,8665
691,512,8665
691,512,8665
691,512,8665
691,512,8665
691,512,8665
691,512,8720
782,552,8720
782,552,8720
782,552,8720
782,552,8720
782,552,8720
782,552,8720
782,552,8720
782,552,8720
782,552,8720
951,560,8772
951,560,8772
951,560,8772
951,560,8772
951,560,8772
951,560,8772
951,560,8772
951,560,8772
951,560,8772
1173,558,8820
1173,558,8820
1173,558,8820
1173,558,8820
1173,558,8820
1173,558,8820
1173,558,8820
1173,558,8820
1173,558,8820
1319,564,8798
1319,564,8798
1319,564,8798
1319,564,8798
1319,564,8798
1319,564,8798
1319,564,8798
1319,564,8798
1319,564,8798
1552,560,8877
1552,560,8877
1552,560,8877
1552,560,8877
1552,560,8877
1552,560,8877
1552,560,8877
1552,560,8877
1552,560,8877
1737,540,8863
1737,540,8863
1737,540,8863
1737,540,8863
1737,540,8863
1737,540,8863
1737,540,8863
1737,540,8863
1737,540,8863
1977,516,8777
1977,516,8777
1977,516,8777
1977,516,8777
1977,516,8777
1977,516,8777
1977,516,8777
1977,516,8777
1977,516,8777
2207,481,8745
2207,481,8745
2207,481,8745
2207,481,8745
2207,481,8745
2207,481,8745
2207,481,8745
2207,481,8745
2207,481,8745
2373,383,8609
2373,383,8609
2373,383,8609
2373,383,8609
2373,383,8609
2373,383,8609
2373,383,8609
2373,383,8609
2373,383,8609
2510,337,8485
2510,337,8485
2510,337,8485
2510,337,8485
2510,337,8485
2510,337,8485
2510,337,8485
2510,337,8485
2510,337,8485
2510,337,8485
2620,259,8397
2620,259,8397
2620,259,8397
2620,259,8397
2620,259,8397
2620,259,8397
2620,259,8397
2620,259,8397
2620,259,8397
2637,244,8304
2637,244,8304
2637,244,8304
2637,244,8304
2637,244,8304
2637,244,8304
2637,244,8304
2637,244,8304
2637,244,8304
2598,189,8170
2598,189,8170
2598,189,8170
2598,189,8170
2598,189,8170
2598,189,8170
2598,189,8170
2598,189,8170
2598,189,8170
2619,140,8057
2619,140,8057
2619,140,8057
2619,140,8057
2619,140,8057
2619,140,8057
2619,140,8057
2619,140,8057
2619,140,8057
2648,73,7968
2648,73,7968
2648,73,7968
2648,73,7968
2648,73,7968
2648,73,7968
2648,73,7968
2648,73,7968
2648,73,7968
2679,69,7940
2679,69,7940
2679,69,7940
2679,69,7940
2679,69,7940
2679,69,7940
2679,69,7940
2679,69,7940
2679,69,7940
2650,58,7853
2650,58,7853
2650,58,7853
2650,58,7853
2650,58,7853
2650,58,7853
2650,58,7853
2650,58,7853
2650,58,7853
2651,88,7895
2651,88,7895
2651,88,7895
2651,88,7895
2651,88,7895
2651,88,7895
2651,88,7895
2651,88,7895
2651,88,7895
2610,16,7884
2610,16,7884
2610,16,7884
2610,16,7884
2610,16,7884
2610,16,7884
2610,16,7884
2610,16,7884
2610,16,7884
2476,-17,7904
2476,-17,7904
2476,-17,7904
2476,-17,7904
2476,-17,7904
2476,-17,7904
2476,-17,7904
2476,-17,7904
2476,-17,7904
2351,-11,7905
2351,-11,7905
2351,-11,7905
2351,-11,7905
2351,-11,7905
2351,-11,7905
2351,-11,7905
2351,-11,7905
2259,11,7952
2259,11,7952
2259,11,7952
2259,11,7952
2259,11,7952
2259,11,7952
2220,190,8262
2220,190,8262
2220,190,8262
2220,190,8262
2220,190,8262
2220,190,8262
2220,190,8262
2220,190,8262
2220,190,8262
2263,292,8424
2263,292,8424
2263,292,8424
2263,292,8424
2263,292,8424
2263,292,8424
2263,292,8424
2263,292,8424
2263,292,8424
2263,292,8424
2229,361,8455
2229,361,8455
2229,361,8455
2229,361,8455
2229,361,8455
2229,361,8455
2229,361,8455
2229,361,8455
2229,361,8455
2248,284,8356
2248,284,8356
2248,284,8356
2248,284,8356
2248,284,8356
2248,284,8356
2248,284,8356
2248,284,8356
2320,108,8018
2320,108,8018
2320,108,8018
2320,108,8018
2320,108,8018
2320,108,8018
2320,108,8018
2320,108,8018
2320,108,8018
2317,-92,7730
2317,-92,7730
2317,-92,7730
2317,-92,7730
2317,-92,7730
2317,-92,7730
2317,-92,7730
2317,-92,7730
2317,-92,7730
2317,-92,7386
2280,-262,7386
2280,-262,7386
2280,-262,7386
2280,-262,7386
2280,-262,7386
2280,-262,7386
2280,-262,7386
2280,-262,7386
2207,-346,7095
2207,-346,7095
2207,-346,7095
2207,-346,7095
2207,-346,7095
2207,-346,7095
2207,-346,7095
2207,-346,7095
2207,-346,7095
2207,-346,7095
2162,-427,6798
2162,-427,6798
2162,-427,6798
2162,-427,6798
2162,-427,6798
2162,-427,6798
2162,-427,6798
2162,-427,6798
2162,-427,6798
2123,-506,6460
2123,-506,6460
2123,-506,6460
2123,-506,6460
2123,-506,6460
2123,-506,6460
2123,-506,6460
2123,-506,6460
2123,-506,6460
2109,-503,6034
2109,-503,6034
2109,-503,6034
2109,-503,6034
2109,-503,6034
2109,-503,6034
2109,-503,6034
2109,-503,6034
2109,-503,6034
2039,-488,5728
2039,-488,5728
2039,-488,5728
2039,-488,5728
2039,-488,5728
2039,-488,5728
2039,-488,5728
2039,-488,5728
2039,-488,5728
2039,-488,5728
2040,-444,5540
2040,-444,5540
2040,-444,5540
2040,-444,5540
2040,-444,5540
2040,-444,5540
2040,-444,5540
2040,-444,5540
2040,-444,5540
1977,-380,5367
1977,-380,5367
1977,-380,5367
1977,-380,5367
1977,-380,5367
1977,-380,5367
1977,-380,5367
1977,-380,5367
1966,-356,5196
1966,-356,5196
1966,-356,5196
1966,-356,5196
1966,-356,5196
1966,-356,5196
1966,-356,5196
1966,-356,5196
1966,-356,5196
1913,-303,5168
1913,-303,5168
1913,-303,5168
1913,-303,5168
1913,-303,5168
1913,-303,5168
1913,-303,5168
1913,-303,5168
1913,-303,5168
1855,-327,5049
1855,-327,5049
1855,-327,5049
1855,-327,5049
1855,-327,5049
1855,-327,5049
1855,-327,5049
1855,-327,5049
1855,-327,5049
1793,-310,5083
1793,-310,5083
1793,-310,5083
1793,-310,5083
1793,-310,5083
1793,-310,5083
1793,-310,5083
1793,-310,5083
1793,-310,5083
1793,-310,5031
1737,-320,5031
1737,-320,5031
1737,-320,5031
1737,-320,5031
1737,-320,5031
1737,-320,5031
1737,-320,5031
1737,-320,5031
1737,-370,5097
1556,-370,5097
1556,-370,5097
1556,-370,5097
1556,-370,5097
1556,-370,5097
1556,-370,5097
1556,-370,5097
1556,-370,5097
1275,-382,5124
1275,-382,5124
1275,-382,5124
1275,-382,5124
1275,-382,5124
1275,-382,5124
1275,-382,5124
1275,-382,5124
1275,-382,5124
1275,-382,5124
1103,-356,5194
1103,-356,5194
1103,-356,5194
1103,-356,5194
1103,-356,5194
1103,-356,5194
1103,-356,5194
1103,-356,5194
1103,-356,5194
1103,-356,5194
842,-331,5274
842,-331,5274
842,-331,5274
842,-331,5274
842,-331,5274
842,-331,5274
842,-331,5274
842,-331,5274
842,-331,5274
692,-324,5331
692,-324,5331
692,-324,5331
692,-324,5331
692,-324,5331
692,-324,5331
692,-324,5331
692,-324,5331
539,-285,5375
539,-285,5375
539,-285,5375
539,-285,5375
539,-285,5375
539,-285,5375
539,-285,5375
539,-285,5375
539,-285,5375
312,-266,5479
312,-266,5479
312,-266,5479
312,-266,5479
312,-266,5479
312,-266,5479
312,-266,5479
312,-266,5479
312,-266,5479
312,-266,5596
175,-222,5596
175,-222,5596
175,-222,5596
175,-222,5596
175,-222,5596
175,-222,5596
175,-222,5596
175,-222,5596
175,-222,5596
77,-198,5810
77,-198,5810
77,-198,5810
77,-198,5810
77,-198,5810
77,-198,5810
77,-198,5810
77,-198,5810
77,-198,5810
37,-195,5867
37,-195,5867
37,-195,5867
-24,-175,5989
-24,-175,5989
-24,-175,5989
-24,-175,5989
-24,-175,5989
-24,-175,5989
-24,-175,5989
-24,-175,5989
-24,-175,5989
-24,-175,5989
-68,-199,6156
-68,-199,6156
-68,-199,6156
-68,-199,6156
-68,-199,6156
-68,-199,6156
-68,-199,6156
-68,-199,6156
-68,-199,6156
-68,-199,6156
-103,-157,6366
-103,-157,6366
-103,-157,6366
-103,-157,6366
-103,-157,6366
-103,-157,6366
-103,-157,6366
-103,-157,6366
-103,-157,6366
-132,-153,6590
-132,-153,6590
-132,-153,6590
-132,-153,6590
-132,-153,6590
-132,-153,6590
-132,-153,6590
-132,-153,6590
-132,-153,6590
-129,-110,6856
-129,-110,6856
-129,-110,6856
-129,-110,6856
-129,-110,6856
-129,-110,6856
-129,-110,6856
-129,-110,6856
-129,-110,7054
-61,-99,7054
-61,-99,7054
-61,-99,7054
-61,-99,7054
-61,-99,7054
-61,-99,7054
-61,-99,7054
-61,-99,7054
-61,-99,7054
63,-128,7261
63,-128,7261
63,-128,7261
63,-128,7261
63,-128,7261
63,-128,7261
63,-128,7261
63,-128,7261
63,-128,7261
112,-85,7366
112,-85,7366
112,-85,7366
112,-85,7366
112,-85,7366
112,-85,7366
112,-85,7366
112,-85,7366
112,-85,7366
166,-71,7424
166,-71,7424
166,-71,7424
166,-71,7424
166,-71,7424
166,-71,7424
166,-71,7424
166,-71,7424
166,-71,7424
258,-78,7536
258,-78,7536
258,-78,7536
258,-78,7536
258,-78,7536
258,-78,7536
258,-78,7536
258,-78,7536
258,-78,7536
346,-96,7618
346,-96,7618
346,-96,7618
346,-96,7618
346,-96,7618
346,-96,7618
346,-96,7618
346,-96,7618
346,-96,7618
384,-82,7639
384,-82,7639
384,-82,7639
384,-82,7639
384,-82,7639
384,-82,7639
384,-82,7639
384,-82,7639
384,-82,7639
461,-82,7720
461,-82,7720
461,-82,7720
461,-82,7720
461,-82,7720
461,-82,7720
461,-82,7720
461,-82,7720
461,-82,7720
608,-115,7814
608,-115,7814
608,-115,7814
608,-115,7814
608,-115,7814
608,-115,7814
608,-115,7814
608,-115,7814
608,-115,7814
608,-115,7814
740,-92,7877
740,-92,7877
740,-92,7877
740,-92,7877
740,-92,7877
740,-92,7877
740,-92,7877
740,-92,7877
942,-82,7935
942,-82,7935
942,-82,7935
942,-82,7935
942,-82,7935
942,-82,7935
942,-82,7935
942,-82,7935
942,-82,7935
942,-82,7935
1148,-132,7973
1148,-132,7973
1148,-132,7973
1148,-132,7973
1148,-132,7973
1148,-132,7973
1148,-132,7973
1148,-132,7973
1148,-132,7973
1361,-133,8028
1361,-133,8028
1361,-133,8028
1361,-133,8028
1361,-133,8028
1361,-133,8028
1361,-133,8028
1361,-133,8028
1361,-133,8028
1528,-207,7968
1528,-207,7968
1528,-207,7968
1528,-207,7968
1528,-207,7968
1528,-207,7968
1528,-207,7968
1528,-207,7968
1528,-207,7968
1700,-147,7921
1700,-147,7921
1700,-147,7921
1700,-147,7921
1700,-147,7921
1700,-147,7921
1700,-147,7921
1700,-147,7921
1700,-147,7921
1700,-147,7921
1794,-186,7907
1794,-186,7907
1794,-186,7907
1794,-186,7907
1794,-186,7907
1794,-186,7907
1794,-186,7907
1794,-186,7907
1866,-224,7840
1866,-224,7840
1866,-224,7840
1866,-224,7840
1866,-224,7840
1866,-224,7840
1866,-224,7840
1866,-224,7840
1866,-224,7840
1899,-245,7787
1899,-245,7787
1899,-245,7787
1899,-245,7787
1899,-245,7787
1899,-245,7787
1899,-245,7787
1899,-245,7787
1899,-245,7787
1899,-245,7787
1978,-281,7666
1978,-281,7666
1978,-281,7666
1978,-281,7666
1978,-281,7666
1978,-281,7666
1978,-281,7666
1978,-281,7666
1978,-281,7666
2092,-311,7602
2092,-311,7602
2092,-311,7602
2092,-311,7602
2092,-311,7602
2092,-311,7602
2092,-311,7602
2092,-311,7602
2092,-311,7602
2178,-294,7532
2178,-294,7532
2178,-294,7532
2178,-294,7532
2178,-294,7532
2178,-294,7532
2178,-294,7532
2178,-294,7532
2367,-329,7457
2367,-329,7457
2367,-329,7457
2367,-329,7457
2367,-329,7457
2367,-329,7457
2367,-329,7457
2367,-329,7457
2367,-329,7457
2367,-329,7457
2484,-298,7398
2484,-298,7398
2484,-298,7398
2484,-298,7398
2484,-298,7398
2484,-298,7398
2484,-298,7398
2484,-298,7398
2484,-298,7398
2595,-322,7245
2595,-322,7245
2595,-322,7245
2595,-322,7245
2595,-322,7245
2595,-322,7245
2595,-322,7245
2595,-322,7245
2595,-322,7245
2637,-325,7133
2637,-325,7133
2637,-325,7133
2637,-325,7133
2637,-325,7133
2674,-328,7010
2674,-328,7010
2674,-328,7010
2674,-328,7010
2674,-328,7010
2674,-328,7010
2674,-328,7010
2674,-328,7010
2674,-328,7010
2676,-370,6840
2676,-370,6840
2676,-370,6840
2676,-370,6840
2676,-370,6840
2676,-370,6840
2676,-370,6840
2676,-370,6840
2676,-370,6840
2659,-403,6719
2659,-403,6719
2659,-403,6719
2659,-403,6719
2659,-403,6719
2659,-403,6719
2659,-403,6719
2659,-403,6719
2659,-403,6719
2665,-408,6524
2665,-408,6524
2665,-408,6524
2665,-408,6524
2665,-408,6524
2665,-408,6524
2665,-408,6524
2665,-408,6524
2665,-408,6524
2635,-450,6440
2635,-450,6440
2635,-450,6440
2635,-450,6440
2635,-450,6440
2635,-450,6440
2635,-450,6440
2635,-450,6440
2635,-450,6440
2602,-427,6344
2602,-427,6344
2602,-427,6344
2602,-427,6344
2602,-427,6344
2602,-427,6344
2602,-427,6344
2602,-427,6344
2602,-427,6344
2579,-440,6202
2579,-440,6202
2579,-440,6202
2579,-440,6202
2579,-440,6202
2579,-440,6202
2579,-440,6202
2579,-440,6202
2579,-440,6202
2541,-454,6088
2541,-454,6088
2541,-454,6088
2541,-454,6088
2541,-454,6088
2541,-454,6088
2541,-454,6088
2541,-454,6088
2494,-451,5974
2494,-451,5974
2494,-451,5974
2494,-451,5974
2494,-451,5974
2494,-451,5974
2494,-451,5974
2494,-451,5974
2494,-451,5974
2494,-451,5974
2466,-417,5857
2466,-417,5857
2466,-417,5857
2466,-417,5857
2466,-417,5857
2466,-417,5857
2466,-417,5857
2466,-417,5857
2466,-417,5857
2466,-417,5857
2411,-447,5740
2411,-447,5740
2411,-447,5740
2411,-447,5740
2411,-447,5740
2411,-447,5740
2411,-447,5740
2411,-447,5740
2411,-447,5740
2250,-449,5730
2250,-449,5730
2250,-449,5730
2250,-449,5730
2250,-449,5730
2250,-449,5730
2250,-449,5730
2250,-449,5730
2250,-449,5730
2183,-482,5910
2183,-482,5910
2183,-482,5910
2183,-482,5910
2183,-482,5910
2183,-482,5910
2183,-482,5910
2183,-482,5910
2183,-482,5910
2100,-507,6352
2100,-507,6352
2100,-507,6352
2100,-507,6352
2100,-507,6352
2100,-507,6352
2100,-507,6352
2100,-507,6352
2100,-507,6352
1973,-472,6902
1973,-472,6902
1973,-472,6902
1973,-472,6902
1973,-472,6902
1973,-472,6902
1973,-472,6902
1973,-472,6902
1973,-472,6902
1895,-355,7452
1895,-355,7452
1895,-355,7452
1895,-355,7452
1895,-355,7452
1895,-355,7452
1895,-355,7452
1895,-355,7452
1895,-355,7452
1845,-157,7886
1845,-157,7886
1845,-157,7886
1845,-157,7886
1845,-157,7886
1845,-157,7886
1845,-157,7886
1845,-157,7886
1845,-157,7886
1844,167,8397
1844,167,8397
1844,167,8397
1844,167,8397
1844,167,8397
1844,167,8397
1844,167,8397
1844,167,8397
1844,167,8397
1847,569,8759
1847,569,8759
1847,569,8759
1847,569,8759
1847,569,8759
1847,569,8759
1847,569,8759
1847,569,8759
1847,569,8759
1947,1155,9152
1947,1155,9152
1947,1155,9152
1947,1155,9152
1947,1155,9152
1947,1155,9152
1947,1155,9152
1947,1155,9152
1947,1155,9152
1942,1747,9394
1942,1747,9394
1942,1747,9394
1942,1747,9394
1942,1747,9394
1942,1747,9394
1942,1747,9394
1942,1747,9394
1942,1747,9394
1942,1747,9394
1881,2312,9581
1881,2312,9581
1881,2312,9581
1881,2312,9581
1881,2312,9581
1881,2312,9581
1881,2312,9581
1881,2312,9581
1881,2312,9581
1926,2872,9591
1926,2872,9591
1926,2872,9591
1926,2872,9591
1926,2872,9591
1926,2872,9591
1926,2872,9591
1926,2872,9591
1926,2872,9591
2128,3494,9511
2128,3494,9511
2128,3494,9511
2128,3494,9511
2128,3494,9511
2128,3494,9511
2128,3494,9511
2128,3494,9511
2128,3494,9511
2128,3494,9511
2202,3988,9339
2202,3988,9339
2202,3988,9339
2202,3988,9339
2202,3988,9339
2202,3988,9339
2202,3988,9339
2202,3988,9339
2202,3988,9339
2265,4419,9057
2265,4419,9057
2265,4419,9057
2265,4419,9057
2265,4419,9057
2265,4419,9057
2265,4419,9057
2265,4419,9057
2287,4809,8839
2287,4809,8839
2287,4809,8839
2287,4809,8839
2287,4809,8839
2287,4809,8839
2287,4809,8839
2287,4809,8839
2287,4809,8839
2239,5109,8645
2239,5109,8645
2239,5109,8645
2239,5109,8645
2239,5109,8645
2239,5109,8645
2239,5109,8645
2239,5109,8645
2239,5109,8645
2291,5161,8575
2291,5161,8575
2291,5161,8575
2291,5161,8575
2291,5161,8575
2411,4865,8822
2411,4865,8822
2411,4865,8822
2411,4865,8822
2411,4865,8822
2411,4865,8822
2411,4865,8822
2411,4865,8822
2422,4364,9133
2422,4364,9133
2422,4364,9133
2422,4364,9133
2422,4364,9133
2422,4364,9133
2422,4364,9133
2422,4364,9133
2422,4364,9133
2422,4364,9133
2239,3747,9431
2239,3747,9431
2239,3747,9431
2239,3747,9431
2239,3747,9431
2239,3747,9431
2239,3747,9431
2239,3747,9431
2239,3747,9431
2239,3747,9431
2033,2996,9504
2033,2996,9504
2033,2996,9504
2033,2996,9504
2033,2996,9504
2033,2996,9504
2033,2996,9504
2033,2996,9504
2033,2996,9504
1965,2375,9499
1965,2375,9499
1965,2375,9499
1965,2375,9499
1965,2375,9499
1965,2375,9499
1965,2375,9499
1965,2375,9499
1965,2375,9499
2057,1815,9410
2057,1815,9410
2057,1815,9410
2057,1815,9410
2057,1815,9410
2057,1815,9410
2057,1815,9410
2057,1815,9410
2057,1815,9410
2037,1382,9217
2037,1382,9217
2037,1382,9217
2037,1382,9217
2037,1382,9217
2037,1382,9217
2037,1382,9217
2037,1382,9217
2037,1382,9217
2177,983,9002
2177,983,9002
2177,983,9002
2177,983,9002
2177,983,9002
2177,983,9002
2177,983,9002
2177,983,9002
2177,983,9002
2284,660,8761
2284,660,8761
2284,660,8761
2284,660,8761
2284,660,8761
2284,660,8761
2284,660,8761
2284,660,8761
2284,660,8761
2365,338,8433
2365,338,8433
2365,338,8433
2365,338,8433
2365,338,8433
2365,338,8433
2365,338,8433
2365,338,8433
2365,338,8433
2354,19,8039
2354,19,8039
2354,19,8039
2354,19,8039
2354,19,8039
2354,19,8039
2354,19,8039
2354,19,8039
2354,19,8039
2381,-183,7621
2381,-183,7621
2381,-183,7621
2381,-183,7621
2381,-183,7621
2381,-183,7621
2381,-183,7621
2381,-183,7621
2381,-183,7621
2410,-347,7226
2410,-347,7226
2410,-347,7226
2410,-347,7226
2410,-347,7226
2410,-347,7226
2410,-347,7226
2410,-347,7226
2410,-347,7226
2440,-387,6983
2440,-387,6983
2440,-387,6983
2440,-387,6983
2440,-387,6983
2440,-387,6983
2440,-387,6983
2440,-387,6983
2440,-387,6983
2431,-380,6946
2431,-380,6946
2431,-380,6946
2431,-380,6946
2431,-380,6946
2431,-380,6946
2431,-380,6946
2431,-380,6946
2431,-380,6946
2431,-380,6946
2440,-306,7196
2440,-306,7196
2440,-306,7196
2440,-306,7196
2440,-306,7196
2440,-306,7196
2440,-306,7196
2440,-306,7196
2440,-306,7196
2498,-176,7632
2498,-176,7632
2498,-176,7632
2498,-176,7632
2498,-176,7632
2498,-176,7632
2498,-176,7632
2498,-176,7632
2498,-176,8159
2521,178,8159
2521,178,8159
2521,178,8159
2521,178,8159
2521,178,8159
2521,178,8159
2521,178,8159
2521,178,8159
2521,178,8159
2639,674,8694
2639,674,8694
2639,674,8694
2639,674,8694
2639,674,8694
2639,674,8694
2639,674,8694
2639,674,8694
2639,674,8694
2716,1316,9046
2716,1316,9046
2716,1316,9046
2716,1316,9046
2716,1316,9046
2716,1316,9046
2716,1316,9046
2716,1316,9046
2716,1316,9046
2672,1875,9289
2672,1875,9289
2672,1875,9289
2672,1875,9289
2672,1875,9289
2672,1875,9289
2672,1875,9289
2672,1875,9289
2672,1875,9289
2783,2391,9389
2783,2391,9389
2783,2391,9389
2783,2391,9389
2783,2391,9389
2783,2391,9389
2783,2391,9389
2783,2391,9389
2783,2391,9389
2790,2820,9404
2790,2820,9404
2790,2820,9404
2790,2820,9404
2790,2820,9404
2790,2820,9404
2790,2820,9404
2790,2820,9404
2790,2820,9404
2799,3178,9369
2799,3178,9369
2799,3178,9369
2799,3178,9369
2799,3178,9369
2799,3178,9369
2799,3178,9369
2799,3178,9369
2799,3178,9369
2825,3530,9281
2825,3530,9281
2825,3530,9281
2825,3530,9281
2825,3530,9281
2825,3530,9281
2825,3530,9281
2825,3530,9281
2825,3530,9281
2825,3530,9281
2951,3913,9133
2951,3913,9133
2951,3913,9133
2951,3913,9133
2951,3913,9133
2951,3913,9133
2951,3913,9133
2951,3913,9133
3105,4300,8854
3105,4300,8854
3105,4300,8854
3105,4300,8854
3105,4300,8854
3105,4300,8854
3105,4300,8854
3105,4300,8854
3105,4300,8854
3105,4300,8854
3297,4789,8484
3297,4789,8484
3297,4789,8484
3297,4789,8484
3297,4789,8484
3297,4789,8484
3297,4789,8484
3297,4789,8484
3297,4789,8484
3373,5180,8013
3373,5180,8013
3373,5180,8013
3373,5180,8013
3363,5358,7781
3363,5358,7781
3363,5358,7781
3363,5358,7781
3363,5358,7781
3363,5358,7781
3363,5358,7781
3363,5358,7781
3363,5358,7781
3390,5310,7804
3390,5310,7804
3390,5310,7804
3390,5310,7804
3390,5310,7804
3390,5310,7804
3390,5310,7804
3390,5310,7804
3390,5310,7804
3358,5049,8134
3358,5049,8134
3358,5049,8134
3358,5049,8134
3358,5049,8134
3358,5049,8134
3358,5049,8134
3358,5049,8134
3358,5049,8134
3358,5049,8134
3220,4553,8664
3220,4553,8664
3220,4553,8664
3220,4553,8664
3220,4553,8664
3220,4553,8664
3220,4553,8664
3220,4553,8664
3220,4553,8664
3017,4034,9068
3017,4034,9068
3017,4034,9068
3017,4034,9068
3017,4034,9068
3017,4034,9068
3017,4034,9068
3017,4034,9068
3017,4034,9068
2886,3564,9235
2886,3564,9235
2886,3564,9235
2886,3564,9235
2886,3564,9235
2886,3564,9235
2886,3564,9235
2886,3564,9235
2886,3564,9235
2900,3168,9339
2900,3168,9339
2900,3168,9339
2900,3168,9339
2900,3168,9339
2900,3168,9339
2900,3168,9339
2900,3168,9339
2900,3168,9339
2899,2723,9349
2899,2723,9349
2899,2723,9349
2899,2723,9349
2899,2723,9349
2899,2723,9349
2899,2723,9349
2899,2723,9349
2899,2723,9349
2933,2268,9285
2933,2268,9285
2933,2268,9285
2933,2268,9285
2933,2268,9285
2933,2268,9285
2933,2268,9285
2933,2268,9285
2933,2268,9285
2919,1826,9203
2919,1826,9203
2919,1826,9203
2919,1826,9203
2919,1826,9203
2919,1826,9203
2919,1826,9203
2919,1826,9203
2840,1370,9063
2840,1370,9063
2840,1370,9063
2840,1370,9063
2840,1370,9063
2840,1370,9063
2840,1370,9063
2840,1370,9063
2840,1370,9063
2840,1370,9063
2750,982,8847
2750,982,8847
2750,982,8847
2750,982,8847
2750,982,8847
2750,982,8847
2750,982,8847
2750,982,8847
2750,982,8847
2750,982,8847
2672,646,8604
2672,646,8604
2672,646,8604
2672,646,8604
2672,646,8604
2672,646,8604
2672,646,8604
2672,646,8604
2672,646,8604
2627,371,8397
2627,371,8397
2627,371,8397
2627,371,8397
2627,371,8397
2627,371,8397
2627,371,8397
2627,371,8397
2627,371,8397
2601,212,8220
2601,212,8220
2601,212,8220
2601,212,8220
2601,212,8220
2601,212,8220
2601,212,8220
2601,212,8220
2601,212,8220
2555,147,8094
2555,147,8094
2555,147,8094
2555,147,8094
2555,147,8094
2555,147,8094
2555,147,8094
2555,147,8094
2555,147,8094
2510,81,8106
2510,81,8106
2510,81,8106
2510,81,8106
2510,81,8106
2510,81,8106
2510,81,8106
2510,81,8106
2510,81,8106
2435,213,8333
2435,213,8333
2435,213,8333
2435,213,8333
2435,213,8333
2435,213,8333
2435,213,8333
2435,213,8333
2435,213,8333
2350,573,8756
2350,573,8756
2350,573,8756
2350,573,8756
2350,573,8756
2350,573,8756
2350,573,8756
2350,573,8756
2350,573,8756
2356,1142,9169
2356,1142,9169
2356,1142,9169
2356,1142,9169
2356,1142,9169
2356,1142,9169
2356,1142,9169
2356,1142,9169
2356,1142,9169
2491,1843,9434
2491,1843,9434
2491,1843,9434
2491,1843,9434
2491,1843,9434
2491,1843,9434
2491,1843,9434
2491,1843,9434
2491,1843,9434
2685,2533,9519
2685,2533,9519
2685,2533,9519
2685,2533,9519
2685,2533,9519
2685,2533,9519
2685,2533,9519
2685,2533,9519
2685,2533,9519
2629,3200,9536
2629,3200,9536
2629,3200,9536
2629,3200,9536
2629,3200,9536
2629,3200,9536
2629,3200,9536
2629,3200,9536
2629,3200,9536
2629,3200,9536
2680,3748,9386
2680,3748,9386
2680,3748,9386
2680,3748,9386
2680,3748,9386
2680,3748,9386
2680,3748,9386
2680,3748,9386
2680,3748,9386
2701,4318,9148
2701,4318,9148
2701,4318,9148
2701,4318,9148
2701,4318,9148
2701,4318,9148
2701,4318,9148
2701,4318,9148
2701,4318,9148
2719,4794,8829
2719,4794,8829
2719,4794,8829
2719,4794,8829
2719,4794,8829
2719,4794,8829
2719,4794,8829
2719,4794,8829
2719,4794,8829
2719,4794,8829
2659,5233,8425
2659,5233,8425
2659,5233,8425
2659,5233,8425
2659,5233,8425
2659,5233,8425
2659,5233,8425
2659,5233,8425
2659,5233,8425
2651,5583,7978
2651,5583,7978
2651,5583,7978
2651,5583,7978
2651,5583,7978
2651,5583,7978
2651,5583,7978
2651,5583,7978
2651,5583,7978
2685,5872,7446
2685,5872,7446
2685,5872,7446
2685,5872,7446
2597,6077,7047
2597,6077,7047
2597,6077,7047
2597,6077,7047
2597,6077,7047
2597,6077,7047
2597,6077,7047
2597,6077,7047
2597,6077,7047
2493,6163,6717
2493,6163,6717
2493,6163,6717
2493,6163,6717
2493,6163,6717
2493,6163,6717
2493,6163,6717
2493,6163,6717
2493,6163,6717
2396,6213,6564
2396,6213,6564
2396,6213,6564
2396,6213,6564
2396,6213,6564
2396,6213,6564
2396,6213,6564
2396,6213,6564
2396,6213,6564
2383,6195,6658
2383,6195,6658
2383,6195,6658
2383,6195,6658
2383,6195,6658
2383,6195,6658
2383,6195,6658
2383,6195,6658
2383,6195,6658
2375,6139,7127
2375,6139,7127
2375,6139,7127
2375,6139,7127
2375,6139,7127
2375,6139,7127
2375,6139,7127
2375,6139,7127
2375,6139,7127
2302,5922,7667
2302,5922,7667
2302,5922,7667
2302,5922,7667
2302,5922,7667
2302,5922,7667
2302,5922,7667
2302,5922,7667
2302,5922,7667
2183,5614,8224
2183,5614,8224
2183,5614,8224
2183,5614,8224
2183,5614,8224
2183,5614,8224
2183,5614,8224
2183,5614,8224
2183,5614,8224
2073,5194,8729
2073,5194,8729
2073,5194,8729
2073,5194,8729
2073,5194,8729
2073,5194,8729
2073,5194,8729
2073,5194,8729
2073,5194,8729
1860,4746,9138
1860,4746,9138
1860,4746,9138
1860,4746,9138
1860,4746,9138
1860,4746,9138
1860,4746,9138
1860,4746,9138
1860,4746,9138
1860,4746,9138
1750,4193,9414
1750,4193,9414
1750,4193,9414
1750,4193,9414
1750,4193,9414
1750,4193,9414
1750,4193,9414
1750,4193,9414
1750,4193,9414
1532,3621,9623
1532,3621,9623
1532,3621,9623
1532,3621,9623
1532,3621,9623
1532,3621,9623
1532,3621,9623
1532,3621,9623
1479,3056,9711
1479,3056,9711
1479,3056,9711
1479,3056,9711
1479,3056,9711
1479,3056,9711
1479,3056,9711
1479,3056,9711
1479,3056,9711
1401,2523,9701
1401,2523,9701
1401,2523,9701
1401,2523,9701
1401,2523,9701
1401,2523,9701
1401,2523,9701
1401,2523,9701
1401,2523,9701
1401,2523,9701
1415,1979,9559
1415,1979,9559
1415,1979,9559
1415,1979,9559
1415,1979,9559
1415,1979,9559
1415,1979,9559
1415,1979,9559
1415,1979,9559
1357,1490,9436
1357,1490,9436
1357,1490,9436
1357,1490,9436
1357,1490,9436
1357,1490,9436
1357,1490,9436
1357,1490,9436
1357,1490,9436
1338,1147,9270
1338,1147,9270
1338,1147,9270
1338,1147,9270
1338,1147,9270
1338,1147,9270
1338,1147,9270
1338,1147,9270
1338,1147,9270
1280,921,9063
1280,921,9063
1280,921,9063
1280,921,9063
1280,921,9063
1280,921,9063
1280,921,9063
1280,921,9063
1280,921,9063
1280,921,8927
1202,726,8927
1202,726,8927
1202,726,8927
1202,726,8927
1202,726,8927
1202,726,8927
1202,726,8927
1202,726,8927
1202,726,8927
1185,537,8805
1185,537,8805
1185,537,8805
1185,537,8805
1185,537,8805
1185,537,8805
1185,537,8805
1185,537,8805
1185,537,8805
1149,487,8790
1149,487,8790
1149,487,8790
1149,487,8790
1149,487,8790
1149,487,8790
1149,487,8790
1149,487,8790
1149,487,8790
1085,592,8829
1085,592,8829
1085,592,8829
1085,592,8829
1085,592,8829
1085,592,8829
1085,592,8829
1085,592,8829
1033,867,8996
1033,867,8996
1033,867,8996
1033,867,8996
1033,867,8996
1033,867,8996
1033,867,8996
1033,867,8996
1033,867,8996
986,1305,9312
986,1305,9312
986,1305,9312
986,1305,9312
986,1305,9312
986,1305,9312
986,1305,9312
986,1305,9312
986,1305,9312
986,1305,9312
996,1910,9576
996,1910,9576
996,1910,9576
996,1910,9576
996,1910,9576
996,1910,9576
996,1910,9576
996,1910,9576
1006,2646,9647
1006,2646,9647
1006,2646,9647
1006,2646,9647
1006,2646,9647
1006,2646,9647
1006,2646,9647
1006,2646,9647
1006,2646,9647
1079,3521,9595
1079,3521,9595
1079,3521,9595
1079,3521,9595
1079,3521,9595
1079,3521,9595
1079,3521,9595
1079,3521,9595
1079,3521,9595
1079,3521,9595
1148,4365,9328
1148,4365,9328
1148,4365,9328
1148,4365,9328
1148,4365,9328
1148,4365,9328
1148,4365,9328
1148,4365,9328
1148,4365,9328
1208,5011,8901
1208,5011,8901
1208,5011,8901
1208,5011,8901
1208,5011,8901
1208,5011,8901
1208,5011,8901
1208,5011,8901
1208,5011,8901
1184,5476,8472
1184,5476,8472
1184,5476,8472
1184,5476,8472
1184,5476,8472
1184,5476,8472
1108,5815,7899
1108,5815,7899
1108,5815,7899
1108,5815,7899
1108,5815,7899
1108,5815,7899
1108,5815,7899
1044,6005,7466
1044,6005,7466
1044,6005,7466
1044,6005,7466
1044,6005,7466
1044,6005,7466
1044,6005,7466
1044,6005,7466
1044,6005,7466
918,6189,7072
918,6189,7072
918,6189,7072
918,6189,7072
918,6189,7072
918,6189,7072
918,6189,7072
918,6189,7072
918,6189,7072
834,6190,6908
834,6190,6908
834,6190,6908
834,6190,6908
834,6190,6908
834,6190,6908
834,6190,6908
834,6190,6908
834,6190,6908
810,6175,7005
810,6175,7005
810,6175,7005
810,6175,7005
810,6175,7005
810,6175,7005
810,6175,7005
810,6175,7005
810,6175,7005
844,6028,7363
844,6028,7363
844,6028,7363
844,6028,7363
844,6028,7363
844,6028,7363
844,6028,7363
844,6028,7363
844,6028,7363
817,5739,7988
817,5739,7988
817,5739,7988
817,5739,7988
817,5739,7988
817,5739,7988
817,5739,7988
817,5739,7988
817,5739,7988
817,5308,8485
664,5308,8485
664,5308,8485
664,5308,8485
664,5308,8485
664,5308,8485
664,5308,8485
664,5308,8485
664,5308,8485
553,4729,8945
553,4729,8945
553,4729,8945
553,4729,8945
553,4729,8945
553,4729,8945
553,4729,8945
553,4729,8945
553,4729,8945
553,4729,8945
370,4165,9174
370,4165,9174
370,4165,9174
370,4165,9174
370,4165,9174
370,4165,9174
370,4165,9174
370,4165,9174
370,4165,9174
370,4165,9174
256,3636,9308
256,3636,9308
256,3636,9308
256,3636,9308
256,3636,9308
256,3636,9308
256,3636,9308
256,3636,9308
256,3636,9308
27,3060,9350
27,3060,9350
27,3060,9350
27,3060,9350
27,3060,9350
27,3060,9350
27,3060,9350
27,3060,9350
-99,2407,9220
-99,2407,9220
-99,2407,9220
-99,2407,9220
-99,2407,9220
-99,2407,9220
-99,2407,9220
-99,2407,9220
-99,2407,9220
-152,1829,9085
-152,1829,9085
-152,1829,9085
-152,1829,9085
-152,1829,9085
-152,1829,9085
-152,1829,9085
-152,1829,9085
-152,1829,9085
-196,1353,8825
-196,1353,8825
-196,1353,8825
-196,1353,8825
-196,1353,8825
-196,1353,8825
-196,1353,8825
-196,1353,8825
-196,1353,8825
-196,1353,8825
-205,918,8600
-205,918,8600
-205,918,8600
-205,918,8600
-205,918,8600
-205,918,8600
-205,918,8600
-205,918,8600
-205,918,8600
-161,630,8279
-161,630,8279
-161,630,8279
-161,630,8279
-161,630,8279
-161,630,8279
-161,630,8279
-161,630,8279
-161,630,8279
-182,379,7951
-182,379,7951
-182,379,7951
-182,379,7951
-182,379,7951
-182,379,7951
-182,379,7951
-182,379,7951
-182,379,7951
-274,222,7577
-274,222,7577
-274,222,7577
-274,222,7577
-274,222,7577
-274,222,7577
-274,222,7577
-274,222,7577
-274,222,7577
-290,90,7350
-290,90,7350
-290,90,7350
-290,90,7350
-290,90,7350
-290,90,7350
-290,90,7350
-290,90,7350
-290,90,7350
-257,156,7402
-257,156,7402
-257,156,7402
-257,156,7402
-257,156,7402
-257,156,7402
-257,156,7402
-257,156,7402
-257,156,7402
-344,344,7749
-344,344,7749
-344,344,7749
-344,344,7749
-344,344,7749
-344,344,7749
-344,344,7749
-344,344,7749
-344,344,7749
-320,661,8192
-320,661,8192
-320,661,8192
-320,661,8192
-320,661,8192
-320,661,8192
-320,661,8192
-320,661,8192
-320,661,8192
-320,661,8192
-366,1092,8545
-366,1092,8545
-366,1092,8545
-366,1092,8545
-366,1092,8545
-366,1092,8545
-366,1092,8545
-366,1092,8545
-366,1092,8545
-275,1628,8973
-275,1628,8973
-275,1628,8973
-275,1628,8973
-275,1628,8973
-275,1628,8973
-275,1628,8973
-275,1628,8973
-275,1628,8973
-218,2241,9197
-218,2241,9197
-218,2241,9197
-218,2241,9197
-218,2241,9197
-218,2241,9197
-218,2241,9197
-218,2241,9197
-218,2241,9197
-97,2853,9287
-97,2853,9287
-97,2853,9287
-97,2853,9287
-97,2853,9287
-97,2853,9287
-97,2853,9287
-97,2853,9287
-97,2853,9287
40,3431,9261
40,3431,9261
40,3431,9261
40,3431,9261
40,3431,9261
40,3431,9261
40,3431,9261
40,3431,9261
40,3431,9261
44,3884,9171
44,3884,9171
44,3884,9171
44,3884,9171
44,3884,9171
44,3884,9171
44,3884,9171
44,3884,9171
44,3884,9171
211,4272,9053
211,4272,9053
211,4272,9053
211,4272,9053
211,4272,9053
211,4272,9053
211,4272,9053
211,4272,9053
211,4272,9053
314,4733,8900
314,4733,8900
314,4733,8900
314,4733,8900
314,4733,8900
387,5078,8628
387,5078,8628
387,5078,8628
387,5078,8628
387,5078,8628
387,5078,8628
387,5078,8628
387,5078,8628
387,5078,8628
385,5363,8318
385,5363,8318
385,5363,8318
385,5363,8318
385,5363,8318
385,5363,8318
385,5363,8318
385,5363,8318
374,5549,8019
374,5549,8019
374,5549,8019
374,5549,8019
374,5549,8019
374,5549,8019
374,5549,8019
374,5549,8019
374,5549,8019
374,5549,8019
300,5655,7755
300,5655,7755
300,5655,7755
300,5655,7755
300,5655,7755
300,5655,7755
300,5655,7755
300,5655,7755
300,5655,7755
297,5687,7705
297,5687,7705
297,5687,7705
297,5687,7705
297,5687,7705
297,5687,7705
297,5687,7705
297,5687,7705
297,5687,7705
298,5557,8025
298,5557,8025
298,5557,8025
298,5557,8025
298,5557,8025
298,5557,8025
298,5557,8025
298,5557,8025
298,5557,8025
298,5192,8460
353,5192,8460
353,5192,8460
353,5192,8460
353,5192,8460
353,5192,8460
353,5192,8460
353,5192,8460
353,5192,8460
353,5192,8460
354,4628,8931
354,4628,8931
354,4628,8931
354,4628,8931
354,4628,8931
354,4628,8931
354,4628,8931
354,4628,8931
354,4628,8931
340,4052,9176
340,4052,9176
340,4052,9176
340,4052,9176
340,4052,9176
340,4052,9176
340,4052,9176
340,4052,9176
340,4052,9176
343,3535,9425
343,3535,9425
343,3535,9425
343,3535,9425
343,3535,9425
343,3535,9425
343,3535,9425
343,3535,9425
343,3535,9425
276,3017,9446
276,3017,9446
276,3017,9446
276,3017,9446
276,3017,9446
276,3017,9446
276,3017,9446
276,3017,9446
276,3017,9446
199,2434,9387
199,2434,9387
199,2434,9387
199,2434,9387
199,2434,9387
199,2434,9387
199,2434,9387
199,2434,9387
169,1827,9222
169,1827,9222
169,1827,9222
169,1827,9222
169,1827,9222
169,1827,9222
169,1827,9222
169,1827,9222
169,1827,9222
169,1827,9222
246,1268,8972
246,1268,8972
246,1268,8972
246,1268,8972
246,1268,8972
246,1268,8972
246,1268,8972
246,1268,8972
238,765,8647
238,765,8647
238,765,8647
238,765,8647
238,765,8647
238,765,8647
238,765,8647
238,765,8647
238,765,8647
238,765,8647
155,354,8119
155,354,8119
155,354,8119
155,354,8119
155,354,8119
155,354,8119
155,354,8119
155,354,8119
155,354,8119
96,44,7556
96,44,7556
96,44,7556
96,44,7556
96,44,7556
96,44,7556
96,44,7556
96,44,7556
96,44,7556
96,44,7556
73,-106,7115
73,-106,7115
73,-106,7115
73,-106,7115
73,-106,7115
73,-106,7115
73,-106,7115
73,-106,7115
73,-106,7115
106,-180,6770
106,-180,6770
106,-180,6770
106,-180,6770
106,-180,6770
106,-180,6770
106,-180,6770
106,-180,6770
106,-180,6770
89,-214,6515
89,-214,6515
89,-214,6515
89,-214,6515
89,-214,6515
89,-214,6515
89,-214,6515
89,-214,6515
89,-214,6515
94,-242,6328
94,-242,6328
94,-242,6328
94,-242,6328
94,-242,6328
94,-242,6328
94,-242,6328
94,-242,6328
94,-242,6328
100,-263,6449
100,-263,6449
100,-263,6449
100,-263,6449
100,-263,6449
100,-263,6449
100,-263,6449
100,-263,6449
100,-263,6449
75,-207,6832
75,-207,6832
75,-207,6832
75,-207,6832
75,-207,6832
75,-207,6832
75,-207,6832
75,-207,6832
75,-207,6832
24,-68,7291
24,-68,7291
24,-68,7291
24,-68,7291
24,-68,7291
24,-68,7291
24,-68,7291
24,-68,7291
24,-68,7291
4,275,7920
4,275,7920
4,275,7920
4,275,7920
4,275,7920
4,275,7920
4,275,7920
4,275,7920
4,275,7920
-42,599,8353
-42,599,8353
-42,599,8353
-42,599,8353
-42,599,8353
-42,599,8353
-42,599,8353
-42,599,8353
-42,599,8353
-19,980,8687
-19,980,8687
-19,980,8687
-19,980,8687
-19,980,8687
-19,980,8687
-19,980,8687
-19,980,8687
-19,980,8687
-19,980,8687
-95,1434,8905
-95,1434,8905
-95,1434,8905
-95,1434,8905
-95,1434,8905
-95,1434,8905
-95,1434,8905
-95,1434,8905
-95,1434,8905
18,1933,9160
18,1933,9160
18,1933,9160
18,1933,9160
18,1933,9160
18,1933,9160
18,1933,9160
18,1933,9160
18,1933,9160
106,2417,9330
106,2417,9330
106,2417,9330
106,2417,9330
106,2417,9330
106,2417,9330
106,2417,9330
106,2417,9330
106,2417,9330
147,2911,9368
147,2911,9368
147,2911,9368
147,2911,9368
147,2911,9368
147,2911,9368
311,3452,9304
311,3452,9304
311,3452,9304
311,3452,9304
311,3452,9304
311,3452,9304
503,3993,9240
503,3993,9240
503,3993,9240
503,3993,9240
503,3993,9240
503,3993,9240
503,3993,9240
503,3993,9240
503,3993,9240
503,3993,9240
644,4422,9067
644,4422,9067
644,4422,9067
644,4422,9067
644,4422,9067
644,4422,9067
644,4422,9067
644,4422,9067
644,4422,9067
842,4797,8898
842,4797,8898
842,4797,8898
842,4797,8898
842,4797,8898
842,4797,8898
842,4797,8898
842,4797,8898
842,4797,8898
887,5096,8727
887,5096,8727
887,5096,8727
887,5096,8727
887,5096,8727
887,5096,8727
887,5096,8727
887,5096,8727
887,5096,8727
899,5243,8504
899,5243,8504
899,5243,8504
899,5243,8504
899,5243,8504
899,5243,8504
899,5243,8504
899,5243,8504
899,5243,8504
945,5374,8453
945,5374,8453
945,5374,8453
945,5374,8453
945,5374,8453
945,5374,8453
945,5374,8453
945,5374,8453
945,5374,8453
979,5192,8638
979,5192,8638
979,5192,8638
979,5192,8638
979,5192,8638
979,5192,8638
979,5192,8638
979,5192,8638
979,5192,8638
979,5192,8638
835,4812,8913
835,4812,8913
835,4812,8913
835,4812,8913
835,4812,8913
835,4812,8913
835,4812,8913
835,4812,8913
835,4812,8913
790,4239,9192
790,4239,9192
790,4239,9192
790,4239,9192
790,4239,9192
790,4239,9192
790,4239,9192
790,4239,9192
790,4239,9192
675,3602,9434
675,3602,9434
675,3602,9434
675,3602,9434
675,3602,9434
675,3602,9434
675,3602,9434
675,3602,9434
675,3602,9434
570,2963,9444
570,2963,9444
570,2963,9444
570,2963,9444
570,2963,9444
570,2963,9444
570,2963,9444
570,2963,9444
570,2963,9444
610,2370,9418
610,2370,9418
610,2370,9418
610,2370,9418
610,2370,9418
610,2370,9418
610,2370,9418
610,2370,9418
610,2370,9418
709,1806,9376
709,1806,9376
709,1806,9376
709,1806,9376
709,1806,9376
709,1806,9376
709,1806,9376
709,1806,9376
709,1806,9376
809,1226,9079
809,1226,9079
809,1226,9079
809,1226,9079
809,1226,9079
809,1226,9079
809,1226,9079
809,1226,9079
809,1226,9079
940,665,8735
940,665,8735
940,665,8735
940,665,8735
940,665,8735
940,665,8735
940,665,8735
940,665,8735
940,665,8735
1041,187,8204
1041,187,8204
1041,187,8204
1041,187,8204
1041,187,8204
1041,187,8204
1041,187,8204
1041,187,8204
1041,187,8204
1266,-184,7716
1266,-184,7716
1266,-184,7716
1266,-184,7716
1266,-184,7716
1266,-184,7716
1266,-184,7716
1266,-184,7716
1266,-184,7716
1432,-429,7209
1432,-429,7209
1432,-429,7209
1432,-429,7209
1432,-429,7209
1432,-429,7209
1432,-429,7209
1432,-429,7209
1432,-429,7209
1526,-504,6703
1526,-504,6703
1526,-504,6703
1526,-504,6703
1526,-504,6703
1526,-504,6703
1526,-504,6703
1526,-504,6703
1526,-504,6703
1526,-504,6703
1575,-554,6290
1575,-554,6290
1575,-554,6290
1575,-554,6290
1575,-554,6290
1575,-554,6290
1575,-554,6290
1575,-554,6290
1575,-554,6290
1619,-570,6067
1619,-570,6067
1619,-570,6067
1619,-570,6067
1619,-570,6067
1619,-570,6067
1619,-570,6067
1619,-570,6067
1619,-570,6067
1672,-554,6109
1672,-554,6109
1672,-554,6109
1672,-554,6109
1672,-554,6109
1672,-554,6109
1672,-554,6109
1672,-554,6109
1672,-554,6109
1713,-513,6410
1713,-513,6410
1713,-513,6410
1713,-513,6410
1713,-513,6410
1713,-513,6410
1713,-513,6410
1713,-513,6410
1713,-513,6410
1808,-437,6911
1808,-437,6911
1808,-437,6911
1808,-437,6911
1808,-437,6911
1808,-437,6911
1808,-437,6911
1808,-437,6911
1808,-437,6911
1799,-250,7570
1799,-250,7570
1799,-250,7570
1799,-250,7570
1799,-250,7570
1799,-250,7570
1799,-250,7570
1799,-250,7570
1799,-250,7570
1843,101,8137
1843,101,8137
1843,101,8137
1843,101,8137
1843,101,8137
1843,101,8137
1843,101,8137
1843,101,8137
1843,101,8137
1881,568,8685
1881,568,8685
1881,568,8685
1881,568,8685
1881,568,8685
1881,568,8685
1881,568,8685
1881,568,8685
1881,568,8685
1998,1054,9068
1998,1054,9068
1998,1054,9068
1998,1054,9068
1998,1054,9068
1998,1054,9068
1998,1054,9068
1998,1054,9068
1998,1054,9068
1998,1054,9068
2186,1608,9300
2186,1608,9300
2186,1608,9300
2186,1608,9300
2186,1608,9300
2247,2071,9460
2247,2071,9460
2247,2071,9460
2247,2071,9460
2247,2071,9460
2247,2071,9460
2247,2071,9460
2247,2071,9460
2247,2071,9460
2317,2529,9472
2317,2529,9472
2317,2529,9472
2317,2529,9472
2317,2529,9472
2317,2529,9472
2317,2529,9472
2317,2529,9472
2398,3007,9498
2398,3007,9498
2398,3007,9498
2398,3007,9498
2398,3007,9498
2398,3007,9498
2398,3007,9498
2398,3007,9498
2398,3007,9498
2361,3513,9371
2361,3513,9371
2361,3513,9371
2361,3513,9371
2361,3513,9371
2361,3513,9371
2361,3513,9371
2361,3513,9371
2361,3513,9371
2554,4135,9195
2554,4135,9195
2554,4135,9195
2554,4135,9195
2554,4135,9195
2554,4135,9195
2554,4135,9195
2554,4135,9195
2554,4135,9195
2632,4524,8933
2632,4524,8933
2632,4524,8933
2632,4524,8933
2632,4524,8933
2632,4524,8933
2632,4524,8933
2632,4524,8933
2632,4524,8933
2533,4774,8797
2533,4774,8797
2533,4774,8797
2533,4774,8797
2533,4774,8797
2533,4774,8797
2533,4774,8797
2533,4774,8797
2533,4774,8797
2525,4860,8777
2525,4860,8777
2525,4860,8777
2525,4860,8777
2525,4860,8777
2525,4860,8777
2525,4860,8777
2525,4860,8777
2525,4860,8777
2577,4645,8920
2577,4645,8920
2577,4645,8920
2577,4645,8920
2577,4645,8920
2577,4645,8920
2577,4645,8920
2577,4645,8920
2577,4645,8920
2488,4272,9109
2488,4272,9109
2488,4272,9109
2488,4272,9109
2488,4272,9109
2488,4272,9109
2488,4272,9109
2488,4272,9109
2488,4272,9109
2410,3891,9293
2410,3891,9293
2410,3891,9293
2410,3891,9293
2410,3891,9293
2410,3891,9293
2410,3891,9293
2410,3891,9293
2410,3891,9293
2410,3891,9293
2413,3593,9386
2413,3593,9386
2413,3593,9386
2413,3593,9386
2413,3593,9386
2413,3593,9386
2413,3593,9386
2413,3593,9386
2413,3593,9386
2432,3322,9403
2432,3322,9403
2432,3322,9403
2432,3322,9403
2432,3322,9403
2432,3322,9403
2432,3322,9403
2432,3322,9403
2432,3322,9403
2368,2965,9410
2368,2965,9410
2368,2965,9410
2368,2965,9410
2368,2965,9410
2368,2965,9410
2368,2965,9410
2368,2965,9410
2368,2965,9410
2309,2539,9454
2309,2539,9454
2309,2539,9454
2309,2539,9454
2309,2539,9454
2309,2539,9454
2309,2539,9454
2309,2539,9454
2309,2539,9454
2296,2110,9425
2296,2110,9425
2296,2110,9425
2296,2110,9425
2296,2110,9425
2296,2110,9425
2296,2110,9425
2296,2110,9425
2296,2110,9425
2368,1691,9284
2368,1691,9284
2368,1691,9284
2368,1691,9284
2368,1691,9284
2368,1691,9284
2368,1691,9284
2368,1691,9284
2368,1691,9284
2355,1282,9126
2355,1282,9126
2355,1282,9126
2355,1282,9126
2355,1282,9126
2355,1282,9126
2355,1282,9126
2355,1282,9126
2355,1282,9126
2517,873,8837
2517,873,8837
2517,873,8837
2517,873,8837
2517,873,8837
2517,873,8837
2517,873,8837
2517,873,8837
2517,873,8837
2517,873,8837
2717,519,8434
2717,519,8434
2717,519,8434
2717,519,8434
2717,519,8434
2717,519,8434
2717,519,8434
2717,519,8434
2717,519,8434
2764,230,8052
2764,230,8052
2764,230,8052
2764,230,8052
2764,230,8052
2764,230,8052
2764,230,8052
2764,230,8052
2764,230,8052
2881,100,7731
2881,100,7731
2881,100,7731
2881,100,7731
2881,100,7731
2881,100,7731
2881,100,7731
2881,100,7731
2879,-51,7505
2879,-51,7505
2879,-51,7505
2879,-51,7505
2879,-51,7505
2879,-51,7505
2879,-51,7505
2879,-51,7505
2879,-51,7505
2861,-94,7467
2861,-94,7467
2861,-94,7467
2861,-94,7467
2861,-94,7467
2861,-94,7467
2861,-94,7467
2861,-94,7467
2861,-94,7467
2861,-94,7467
2857,-3,7623
2857,-3,7623
2857,-3,7623
2857,-3,7623
2857,-3,7623
2857,-3,7623
2857,-3,7623
2857,-3,7623
2857,-3,7623
2785,131,7946
2785,131,7946
2785,131,7946
2785,131,7946
2785,131,7946
2785,131,7946
2785,131,7946
2785,131,7946
2785,131,7946
2725,359,8300
2725,359,8300
2725,359,8300
2725,359,8300
2725,359,8300
2725,359,8300
2725,359,8300
2725,359,8300
2725,359,8300
2734,707,8633
2734,707,8633
2734,707,8633
2734,707,8633
2734,707,8633
2734,707,8633
2734,707,8633
2734,707,8633
2734,707,8633
2734,1103,9001
2712,1103,9001
2712,1103,9001
2712,1103,9001
2712,1103,9001
2712,1103,9001
2712,1103,9001
2712,1103,9001
2712,1103,9001
2712,1103,9001
2733,1659,9216
2733,1659,9216
2733,1659,9216
2733,1659,9216
2795,2324,9418
2795,2324,9418
2795,2324,9418
2795,2324,9418
2795,2324,9418
2795,2324,9418
2795,2324,9418
2795,2324,9418
2795,2324,9418
2867,2966,9422
2867,2966,9422
2867,2966,9422
2867,2966,9422
2867,2966,9422
2867,2966,9422
2867,2966,9422
2867,2966,9422
3011,3705,9247
3011,3705,9247
3011,3705,9247
3011,3705,9247
3011,3705,9247
3011,3705,9247
3011,3705,9247
3011,3705,9247
3011,3705,9247
3139,4376,8891
3139,4376,8891
3139,4376,8891
3139,4376,8891
3139,4376,8891
3139,4376,8891
3139,4376,8891
3139,4376,8891
3139,4376,8891
3121,4850,8616
3121,4850,8616
3121,4850,8616
3121,4850,8616
3121,4850,8616
3121,4850,8616
3121,4850,8616
3121,4850,8616
3121,4850,8616
3121,4850,8616
3053,5075,8375
3053,5075,8375
3053,5075,8375
3053,5075,8375
3053,5075,8375
3053,5075,8375
3053,5075,8375
3053,5075,8375
3053,5075,8375
2900,5306,8206
2900,5306,8206
2900,5306,8206
2900,5306,8206
2900,5306,8206
2900,5306,8206
2900,5306,8206
2900,5306,8206
2900,5306,8206
2853,5484,8070
2853,5484,8070
2853,5484,8070
2853,5484,8070
2853,5484,8070
2853,5484,8070
2853,5484,8070
2853,5484,8070
2853,5484,8070
2841,5446,8165
2841,5446,8165
2841,5446,8165
2841,5446,8165
2841,5446,8165
2841,5446,8165
2841,5446,8165
2841,5446,8165
2841,5446,8165
2841,5446,8165
2852,5224,8411
2852,5224,8411
2852,5224,8411
2852,5224,8411
2852,5224,8411
2852,5224,8411
2852,5224,8411
2852,5224,8411
2852,5224,8411
2881,4820,8727
2881,4820,8727
2881,4820,8727
2881,4820,8727
2881,4820,8727
2881,4820,8727
2881,4820,8727
2881,4820,8727
2881,4820,8727
2885,4379,9024
2885,4379,9024
2885,4379,9024
2885,4379,9024
2885,4379,9024
2885,4379,9024
2885,4379,9024
2885,4379,9024
3047,3945,9186
3047,3945,9186
3047,3945,9186
3047,3945,9186
3047,3945,9186
3047,3945,9186
3047,3945,9186
3047,3945,9186
3047,3945,9186
3153,3498,9298
3153,3498,9298
3153,3498,9298
3153,3498,9298
3153,3498,9298
3153,3498,9298
3153,3498,9298
3153,3498,9298
3153,3498,9298
3153,3498,9351
3118,3138,9351
3118,3138,9351
3118,3138,9351
3118,3138,9351
3118,3138,9351
3118,3138,9351
3118,3138,9351
3118,3138,9351
3118,3138,9351
3230,2824,9315
3230,2824,9315
3230,2824,9315
3230,2824,9315
3230,2824,9315
2066,1373,9316
2066,1373,9316
2066,1373,9316
2077,1418,9321
2077,1418,9321
2077,1418,9321
2077,1418,9321
2077,1418,9321
2077,1418,9321
2077,1418,9321
2077,1418,9321
2077,1418,9321
2117,1442,9325
2117,1442,9325
2117,1442,9325
2117,1442,9325
2117,1442,9325
2117,1442,9325
2117,1442,9325
2117,1442,9325
2117,1442,9325
2075,1387,9274
2075,1387,9274
2075,1387,9274
2075,1387,9274
2075,1387,9274
2075,1387,9274
2075,1387,9274
2075,1387,9274
2075,1387,9263
2122,1340,9263
2122,1340,9263
2122,1340,9263
2122,1340,9263
2122,1340,9263
2122,1340,9263
2122,1340,9263
2122,1340,9263
2122,1340,9263
2108,1305,9263
2108,1305,9263
2108,1305,9263
2108,1305,9263
2108,1305,9263
2108,1305,9263
2108,1305,9263
2108,1305,9263
2108,1305,9263
2108,1305,9263
2118,1339,9240
2118,1339,9240
2118,1339,9240
2118,1339,9240
2118,1339,9240
2118,1339,9240
2118,1339,9240
2118,1339,9240
2118,1339,9240
2106,1376,9256
2106,1376,9256
2106,1376,9256
2106,1376,9256
2106,1376,9256
2106,1376,9256
2106,1376,9256
2106,1376,9256
2106,1376,9256
2152,1416,9313
2152,1416,9313
2152,1416,9313
2152,1416,9313
2152,1416,9313
2152,1416,9313
2152,1416,9313
2152,1416,9313
2152,1416,9313
2128,1432,9277
2128,1432,9277
2128,1432,9277
2128,1432,9277
2128,1432,9277
2128,1432,9277
2128,1432,9277
2128,1432,9277
2128,1432,9277
2107,1427,9314
2107,1427,9314
2107,1427,9314
2107,1427,9314
2107,1427,9314
2107,1427,9314
2107,1427,9314
2107,1427,9314
2107,1427,9314
2107,1464,9315
2131,1464,9315
2131,1464,9315
2131,1464,9315
2131,1464,9315
2131,1464,9315
2131,1464,9315
2131,1464,9315
2131,1464,9315
2131,1464,9315
2175,1452,9320
2175,1452,9320
2175,1452,9320
2175,1452,9320
2175,1452,9320
2175,1452,9320
2175,1452,9320
2175,1452,9320
2197,1486,9335
2197,1486,9335
2197,1486,9335
2197,1486,9335
2197,1486,9335
2197,1486,9335
2197,1486,9335
2197,1486,9335
2197,1486,9335
2205,1507,9322
2205,1507,9322
2205,1507,9322
2205,1507,9322
2205,1507,9322
2205,1507,9322
2205,1507,9322
2205,1507,9322
2205,1507,9322
2225,1514,9293
2225,1514,9293
2225,1514,9293
2225,1514,9293
2225,1514,9293
2225,1514,9293
2225,1514,9293
2225,1514,9293
2225,1514,9293
2225,1514,9293
2293,1523,9342
2293,1523,9342
2293,1523,9342
2293,1523,9342
2293,1523,9342
2293,1523,9342
2293,1523,9342
2293,1523,9342
2300,1531,9267
2300,1531,9267
2300,1531,9267
2300,1531,9267
2300,1531,9267
2300,1531,9267
2300,1531,9267
2300,1531,9267
2300,1531,9267
2300,1531,9267
2337,1525,9319
2337,1525,9319
2337,1525,9319
2337,1525,9319
2337,1525,9319
2337,1525,9319
2337,1525,9319
2337,1525,9319
2337,1525,9319
2337,1525,9319
2349,1562,9258
2349,1562,9258
2349,1562,9258
2349,1562,9258
2349,1562,9258
2349,1562,9258
2349,1562,9258
2349,1562,9258
2349,1562,9258
2355,1615,9291
2355,1615,9291
2355,1615,9291
2355,1615,9291
2355,1615,9291
2355,1615,9291
2355,1615,9291
2355,1615,9291
2355,1615,9291
2403,1646,9332
2403,1646,9332
2403,1646,9332
2403,1646,9332
2403,1646,9332
2403,1646,9332
2403,1646,9332
2403,1646,9332
2403,1646,9332
2475,1698,9319
2475,1698,9319
2475,1698,9319
2475,1698,9319
2475,1698,9319
2475,1698,9319
2475,1698,9319
2475,1698,9319
2475,1698,9319
2528,1754,9357
2528,1754,9357
2528,1754,9357
2528,1754,9357
2528,1754,9357
2528,1754,9357
2528,1754,9357
2528,1754,9357
2541,1845,9331
2541,1845,9331
2541,1845,9331
2541,1845,9331
2541,1845,9331
2541,1845,9331
2541,1845,9331
2541,1845,9331
2541,1845,9331
2634,1905,9385
2634,1905,9385
2634,1905,9385
2634,1905,9385
2634,1905,9385
2634,1905,9385
2634,1905,9385
2634,1905,9385
2634,1905,9385
2634,1905,9385
2716,1964,9374
2716,1964,9374
2716,1964,9374
2716,1964,9374
2716,1964,9374
2716,1964,9374
2716,1964,9374
2716,1964,9374
2716,1964,9374
2734,2055,9360
2734,2055,9360
2734,2055,9360
2734,2055,9360
2734,2055,9360
2734,2055,9360
2734,2055,9360
2734,2055,9360
2734,2055,9360
2792,2117,9374
2792,2117,9374
2792,2117,9374
2792,2117,9374
2792,2117,9374
2792,2117,9374
2792,2117,9374
2804,2216,9379
2804,2216,9379
2804,2216,9379
2804,2216,9379
2788,2329,9381
2788,2329,9381
2788,2329,9381
2788,2329,9381
2788,2329,9381
2788,2329,9381
2788,2329,9381
2788,2329,9381
2788,2329,9381
2792,2431,9431
2792,2431,9431
2792,2431,9431
2792,2431,9431
2792,2431,9431
2792,2431,9431
2792,2431,9431
2792,2431,9431
2792,2431,9431
2787,2482,9383
2787,2482,9383
2787,2482,9383
2787,2482,9383
2787,2482,9383
2787,2482,9383
2787,2482,9383
2787,2482,9383
2787,2482,9383
2795,2561,9434
2795,2561,9434
2795,2561,9434
2795,2561,9434
2795,2561,9434
2795,2561,9434
2795,2561,9434
2795,2561,9434
2824,2667,9397
2824,2667,9397
2824,2667,9397
2824,2667,9397
2824,2667,9397
2824,2667,9397
2824,2667,9397
2824,2667,9397
2824,2667,9397
2824,2667,9397
2864,2767,9408
2864,2767,9408
2864,2767,9408
2864,2767,9408
2864,2767,9408
2864,2767,9408
2864,2767,9408
2864,2767,9408
2864,2767,9408
2864,2767,9446
2856,2816,9446
2856,2816,9446
2856,2816,9446
2856,2816,9446
2856,2816,9446
2856,2816,9446
2856,2816,9446
2856,2816,9446
2856,2816,9446
2813,2843,9482
2813,2843,9482
2813,2843,9482
2813,2843,9482
2813,2843,9482
2813,2843,9482
2813,2843,9482
2813,2843,9482
2813,2843,9482
2771,2931,9522
2771,2931,9522
2771,2931,9522
2771,2931,9522
2771,2931,9522
2771,2931,9522
2771,2931,9522
2771,2931,9522
2771,2931,9522
2732,2929,9460
2732,2929,9460
2732,2929,9460
2732,2929,9460
2732,2929,9460
2732,2929,9460
2732,2929,9460
2732,2929,9460
2732,2929,9460
2635,3081,9528
2635,3081,9528
2635,3081,9528
2635,3081,9528
2635,3081,9528
2635,3081,9528
2635,3081,9528
2635,3081,9528
2635,3081,9528
2629,3123,9572
2629,3123,9572
2629,3123,9572
2629,3123,9572
2629,3123,9572
2629,3123,9572
2629,3123,9572
2629,3123,9572
2629,3123,9572
2572,3144,9525
2572,3144,9525
2572,3144,9525
2572,3144,9525
2572,3144,9525
2572,3144,9525
2572,3144,9525
2572,3144,9525
2572,3144,9525
2572,3144,9573
2590,3213,9573
2590,3213,9573
2590,3213,9573
2590,3213,9573
2590,3213,9573
2590,3213,9573
2590,3213,9573
2590,3213,9573
2497,3265,9633
2497,3265,9633
2497,3265,9633
2497,3265,9633
2497,3265,9633
2497,3265,9633
2497,3265,9633
2497,3265,9633
2497,3265,9633
2508,3321,9566
2508,3321,9566
2508,3321,9566
2508,3321,9566
2508,3321,9566
2508,3321,9566
2508,3321,9566
2508,3321,9566
2508,3321,9566
2489,3408,9597
2489,3408,9597
2489,3408,9597
2489,3408,9597
2489,3408,9597
2489,3408,9597
2489,3408,9597
2489,3408,9597
2489,3408,9597
2413,3461,9566
2413,3461,9566
2413,3461,9566
2413,3461,9566
2413,3461,9566
2413,3461,9566
2413,3461,9566
2413,3461,9566
2413,3461,9566
2413,3461,9566
2396,3540,9547
2396,3540,9547
2396,3540,9547
2396,3540,9547
2396,3540,9547
2396,3540,9547
2396,3540,9547
2396,3540,9547
2396,3540,9547
2323,3598,9555
2323,3598,9555
2323,3598,9555
2323,3598,9555
2323,3598,9555
2323,3598,9555
2323,3598,9555
2323,3598,9555
2323,3598,9555
2225,3597,9583
2225,3597,9583
2225,3597,9583
2225,3597,9583
2225,3597,9583
2225,3597,9583
2225,3597,9583
2225,3597,9583
2225,3597,9583
2073,3672,9588
2073,3672,9588
2073,3672,9588
2073,3672,9588
2073,3672,9588
2073,3672,9588
2073,3672,9588
2073,3672,9588
2073,3672,9588
1971,3738,9607
1971,3738,9607
1971,3738,9607
1971,3738,9607
1971,3738,9607
1971,3738,9607
1971,3738,9607
1971,3738,9607
1971,3738,9607
1971,3738,9607
1887,3828,9569
1887,3828,9569
1887,3828,9569
1887,3828,9569
1887,3828,9569
1887,3828,9569
1887,3828,9569
1887,3828,9569
1792,3890,9582
1792,3890,9582
1792,3890,9582
1792,3890,9582
1792,3890,9582
1792,3890,9582
1792,3890,9582
1792,3890,9582
1792,3890,9582
1718,3937,9550
1718,3937,9550
1718,3937,9550
1718,3937,9550
1718,3937,9550
1718,3937,9550
1718,3937,9550
1718,3937,9550
1718,3937,9550
1645,3989,9527
1645,3989,9527
1645,3989,9527
1645,3989,9527
1645,3989,9527
1645,3989,9527
1645,3989,9527
1645,3989,9527
1645,3989,9527
1539,3993,9525
1539,3993,9525
1539,3993,9525
1539,3993,9525
1539,3993,9525
1539,3993,9525
1539,3993,9525
1458,3996,9493
1458,3996,9493
1458,3996,9493
1387,3958,9538
1387,3958,9538
1387,3958,9538
1387,3958,9538
1387,3958,9538
1387,3958,9538
1387,3958,9538
1387,3958,9538
1387,3958,9538
1376,3968,9576
1376,3968,9576
1376,3968,9576
1376,3968,9576
1376,3968,9576
1376,3968,9576
1376,3968,9576
1376,3968,9576
1376,3968,9576
1376,3968,9576
1295,3955,9503
1295,3955,9503
1295,3955,9503
1295,3955,9503
1295,3955,9503
1295,3955,9503
1295,3955,9503
1295,3955,9503
1188,3940,9512
1188,3940,9512
1188,3940,9512
1188,3940,9512
1188,3940,9512
1188,3940,9512
1188,3940,9512
1188,3940,9512
1188,3940,9512
1188,3940,9512
1105,3946,9468
1105,3946,9468
1105,3946,9468
1105,3946,9468
1105,3946,9468
1105,3946,9468
1105,3946,9468
1105,3946,9468
1105,3946,9468
1037,3938,9499
1037,3938,9499
1037,3938,9499
1037,3938,9499
1037,3938,9499
1037,3938,9499
1037,3938,9499
1037,3938,9499
1037,3938,9499
933,3903,9492
933,3903,9492
933,3903,9492
933,3903,9492
933,3903,9492
933,3903,9492
933,3903,9492
933,3903,9492
933,3903,9492
874,3916,9469
874,3916,9469
874,3916,9469
874,3916,9469
874,3916,9469
874,3916,9469
874,3916,9469
874,3916,9469
874,3916,9469
754,3867,9472
754,3867,9472
754,3867,9472
754,3867,9472
754,3867,9472
754,3867,9472
754,3867,9472
754,3867,9472
754,3867,9472
679,3836,9494
679,3836,9494
679,3836,9494
679,3836,9494
679,3836,9494
679,3836,9494
679,3836,9494
679,3836,9494
679,3836,9494
587,3818,9445
587,3818,9445
587,3818,9445
587,3818,9445
587,3818,9445
587,3818,9445
587,3818,9445
587,3818,9445
587,3818,9445
530,3727,9398
530,3727,9398
530,3727,9398
530,3727,9398
530,3727,9398
530,3727,9398
530,3727,9398
530,3727,9398
530,3727,9398
530,3727,9398
377,3685,9422
377,3685,9422
377,3685,9422
377,3685,9422
377,3685,9422
377,3685,9422
377,3685,9422
377,3685,9422
377,3685,9422
305,3625,9376
305,3625,9376
305,3625,9376
305,3625,9376
305,3625,9376
305,3625,9376
305,3625,9376
305,3625,9376
305,3625,9376
259,3505,9401
259,3505,9401
259,3505,9401
259,3505,9401
259,3505,9401
259,3505,9401
259,3505,9401
259,3505,9401
259,3505,9401
133,3408,9430
133,3408,9430
133,3408,9430
133,3408,9430
133,3408,9430
133,3408,9430
133,3408,9430
133,3408,9430
36,3369,9406
36,3369,9406
36,3369,9406
36,3369,9406
36,3369,9406
36,3369,9406
36,3369,9406
36,3369,9406
36,3369,9406
36,3369,9406
10,3288,9384
10,3288,9384
10,3288,9384
10,3288,9384
10,3288,9384
10,3288,9384
10,3288,9384
10,3288,9384
10,3288,9384
10,3288,9384
-58,3232,9385
-58,3232,9385
-58,3232,9385
-58,3232,9385
-58,3232,9385
-58,3232,9385
-58,3232,9385
-58,3232,9385
-58,3232,9385
-97,3111,9377
-97,3111,9377
-97,3111,9377
-97,3111,9377
-97,3111,9377
-97,3111,9377
-97,3111,9377
-97,3111,9377
-97,3111,9377
-127,3048,9413
-127,3048,9413
-127,3048,9413
-127,3048,9413
-127,3048,9413
-127,3048,9413
-127,3048,9413
-127,3048,9413
-127,3048,9413
-135,3018,9365
-135,3018,9365
-135,3018,9365
-135,3018,9365
-135,3018,9365
-135,3018,9365
-135,3018,9365
-135,3018,9365
-135,3018,9365
-141,2906,9328
-141,2906,9328
-141,2906,9328
-141,2906,9328
-141,2906,9328
-141,2906,9328
-141,2906,9328
-141,2906,9328
-141,2906,9328
-216,2825,9345
-216,2825,9345
-216,2825,9345
-216,2825,9345
-216,2825,9345
-216,2825,9345
-216,2825,9345
-216,2825,9345
-216,2825,9345
-216,2763,9313
-216,2763,9313
-216,2763,9313
-216,2763,9313
-216,2763,9313
-216,2763,9313
-216,2763,9313
-216,2763,9313
-216,2763,9313
-221,2669,9237
-221,2669,9237
-221,2669,9237
-221,2669,9237
-221,2669,9237
-221,2669,9237
-221,2669,9237
-221,2669,9237
-221,2669,9237
-223,2618,9259
-223,2618,9259
-223,2618,9259
-223,2618,9259
-223,2618,9259
-223,2618,9259
-223,2618,9259
-223,2618,9259
-223,2618,9259
-244,2524,9207
-244,2524,9207
-244,2524,9207
-244,2524,9207
-244,2524,9207
-244,2524,9207
-244,2524,9207
-244,2524,9207
-244,2524,9207
-247,2418,9228
-247,2418,9228
-247,2418,9228
-247,2418,9228
-247,2418,9228
-247,2418,9228
-247,2418,9228
-219,2372,9179
-219,2372,9179
-219,2372,9179
-219,2372,9179
-219,2372,9179
-219,2372,9179
-219,2372,9179
-209,2303,9176
-209,2303,9176
-209,2303,9176
-209,2303,9176
-209,2303,9176
-209,2303,9176
-209,2303,9176
-209,2303,9176
-209,2303,9176
-209,2212,9235
-209,2212,9235
-209,2212,9235
-209,2212,9235
-209,2212,9235
-209,2212,9235
-209,2212,9235
-209,2212,9235
-209,2212,9235
-172,2147,9142
-172,2147,9142
-172,2147,9142
-172,2147,9142
-172,2147,9142
-172,2147,9142
-172,2147,9142
-172,2147,9142
-172,2147,9142
-160,2073,9151
-160,2073,9151
-160,2073,9151
-160,2073,9151
-160,2073,9151
-160,2073,9151
-160,2073,9151
-160,2073,9151
-160,2073,9151
-138,1983,9139
-138,1983,9139
-138,1983,9139
-138,1983,9139
-138,1983,9139
-138,1983,9139
-138,1983,9139
-138,1983,9139
-138,1983,9139
-3,1829,9133
-3,1829,9133
-3,1829,9133
-3,1829,9133
-3,1829,9133
-3,1829,9133
-3,1829,9133
-3,1829,9133
-3,1829,9133
75,1776,9168
75,1776,9168
75,1776,9168
75,1776,9168
75,1776,9168
75,1776,9168
75,1776,9168
75,1776,9168
75,1776,9168
185,1698,9224
185,1698,9224
185,1698,9224
185,1698,9224
185,1698,9224
185,1698,9224
185,1698,9224
185,1698,9224
185,1698,9224
304,1620,9129
304,1620,9129
304,1620,9129
304,1620,9129
304,1620,9129
304,1620,9129
304,1620,9129
304,1620,9129
304,1620,9129
304,1620,9129
409,1485,9177
409,1485,9177
409,1485,9177
409,1485,9177
409,1485,9177
409,1485,9177
409,1485,9177
409,1485,9177
409,1485,9177
508,1385,9167
508,1385,9167
508,1385,9167
508,1385,9167
508,1385,9167
508,1385,9167
508,1385,9167
508,1385,9167
508,1385,9167
634,1344,9162
634,1344,9162
634,1344,9162
634,1344,9162
634,1344,9162
634,1344,9162
634,1344,9162
634,1344,9162
634,1344,9162
779,1302,9213
779,1302,9213
779,1302,9213
779,1302,9213
779,1302,9213
779,1302,9213
779,1302,9213
779,1302,9213
779,1302,9213
880,1299,9193
880,1299,9193
880,1299,9193
880,1299,9193
880,1299,9193
880,1299,9193
880,1299,9193
880,1299,9193
880,1299,9193
880,1299,9193
971,1254,9272
971,1254,9272
971,1254,9272
971,1254,9272
971,1254,9272
971,1254,9272
971,1254,9272
971,1254,9272
971,1254,9272
1058,1248,9254
1058,1248,9254
1058,1248,9254
1058,1248,9254
1058,1248,9254
1058,1248,9254
1058,1248,9254
1058,1248,9254
1095,1261,9238
1095,1261,9238
1095,1261,9238
1095,1261,9238
1095,1261,9238
1095,1261,9238
1095,1261,9238
1095,1261,9238
1095,1261,9238
1161,1251,9277
1161,1251,9277
1161,1251,9277
1161,1251,9277
1161,1251,9277
1161,1251,9277
1161,1251,9277
1161,1251,9277
1161,1251,9277
1253,1248,9244
1253,1248,9244
1253,1248,9244
1253,1248,9244
1253,1248,9244
1253,1248,9244
1253,1248,9244
1253,1248,9244
1253,1248,9244
1328,1247,9250
1328,1247,9250
1328,1247,9250
1328,1247,9250
1328,1247,9250
1328,1247,9250
1328,1247,9250
1328,1247,9250
1328,1247,9250
1373,1274,9265
1373,1274,9265
1373,1274,9265
1373,1274,9265
1373,1274,9265
1373,1274,9265
1373,1274,9265
1373,1274,9265
1373,1274,9265
1373,1274,9265
1451,1275,9240
1451,1275,9240
1451,1275,9240
1451,1275,9240
1451,1275,9240
1451,1275,9240
1451,1275,9240
1451,1275,9240
1451,1275,9240
1507,1288,9251
1507,1288,9251
1507,1288,9251
1507,1288,9251
1507,1288,9251
1507,1288,9251
1507,1288,9251
1507,1288,9251
1507,1288,9251
1527,1337,9308
1527,1337,9308
1527,1337,9308
1527,1337,9308
1527,1337,9308
1527,1337,9308
1527,1337,9308
1527,1337,9308
1527,1337,9308
1619,1301,9266
1619,1301,9266
1619,1301,9266
1619,1301,9266
1619,1301,9266
1619,1301,9266
1619,1301,9266
1619,1301,9266
1619,1301,9266
1619,1301,9266
1654,1328,9283
1654,1328,9283
1654,1328,9283
1654,1328,9283
1654,1328,9283
1654,1328,9283
1654,1328,9283
1654,1328,9283
1699,1384,9307
1699,1384,9307
1699,1384,9307
1699,1384,9307
1699,1384,9307
1699,1384,9307
1699,1384,9307
1699,1384,9307
1699,1384,9307
1714,1381,9345
1714,1381,9345
1714,1381,9345
1714,1381,9345
1714,1381,9345
1714,1381,9345
1714,1381,9345
1714,1381,9345
1714,1381,9345
1765,1363,9411
1765,1363,9411
1765,1363,9411
1765,1363,9411
1820,1423,9319
1820,1423,9319
1820,1423,9319
1820,1423,9319
1820,1423,9319
1820,1423,9319
1820,1423,9319
1820,1423,9319
1820,1423,9319
1828,1419,9353
1828,1419,9353
1828,1419,9353
1828,1419,9353
1828,1419,9353
1828,1419,9353
1828,1419,9353
1828,1419,9353
1828,1419,9353
1840,1413,9297
1840,1413,9297
1840,1413,9297
1840,1413,9297
1840,1413,9297
1840,1413,9297
1840,1413,9297
1840,1413,9297
1840,1413,9297
1840,1413,9297
1751,1420,9335
1751,1420,9335
1751,1420,9335
1751,1420,9335
1751,1420,9335
1751,1420,9335
1751,1420,9335
1751,1420,9335
1751,1420,9335
1659,1459,9349
1659,1459,9349
1659,1459,9349
1659,1459,9349
1659,1459,9349
1659,1459,9349
1659,1459,9349
1659,1459,9349
1659,1459,9349
1626,1515,9327
1626,1515,9327
1626,1515,9327
1626,1515,9327
1626,1515,9327
1626,1515,9327
1626,1515,9327
1626,1515,9327
1626,1515,9327
1626,1515,9327
1622,1539,9322
1622,1539,9322
1622,1539,9322
1622,1539,9322
1622,1539,9322
1622,1539,9322
1622,1539,9322
1622,1539,9322
1669,1615,9341
1669,1615,9341
1669,1615,9341
1669,1615,9341
1669,1615,9341
1669,1615,9341
1669,1615,9341
1669,1615,9341
1669,1615,9341
1790,1655,9402
1790,1655,9402
1790,1655,9402
1790,1655,9402
1790,1655,9402
1790,1655,9402
1790,1655,9402
1790,1655,9402
1790,1655,9402
1891,1709,9403
1891,1709,9403
1891,1709,9403
1891,1709,9403
1891,1709,9403
1891,1709,9403
1891,1709,9403
1891,1709,9403
1891,1709,9403
1984,1786,9407
1984,1786,9407
1984,1786,9407
1984,1786,9407
1984,1786,9407
1984,1786,9407
1984,1786,9407
1984,1786,9407
1984,1786,9407
2021,1880,9449
2021,1880,9449
2021,1880,9449
2021,1880,9449
2021,1880,9449
2021,1880,9449
2021,1880,9449
2021,1880,9449
2021,1880,9449
2021,1976,9484
2068,1976,9484
2068,1976,9484
2068,1976,9484
2068,1976,9484
2068,1976,9484
2068,1976,9484
2068,1976,9484
2068,1976,9484
2068,1976,9484
2162,2080,9426
2162,2080,9426
2162,2080,9426
2162,2080,9426
2162,2080,9426
2162,2080,9426
2162,2080,9426
2162,2080,9426
2198,2130,9482
2198,2130,9482
2198,2130,9482
2198,2130,9482
2198,2130,9482
2198,2130,9482
2198,2130,9482
2198,2130,9482
2198,2130,9482
2198,2130,9482
2254,2231,9487
2254,2231,9487
2254,2231,9487
2254,2231,9487
2254,2231,9487
2254,2231,9487
2254,2231,9487
2254,2231,9487
2254,2231,9487
2254,2231,9487
2222,2282,9501
2222,2282,9501
2222,2282,9501
2222,2282,9501
2222,2282,9501
2222,2282,9501
2222,2282,9501
2222,2282,9501
2222,2282,9501
2188,2355,9493
2188,2355,9493
2188,2355,9493
2188,2355,9493
2188,2355,9493
2188,2355,9493
2188,2355,9493
2188,2355,9493
2224,2426,9511
2224,2426,9511
2224,2426,9511
2224,2426,9511
2224,2426,9511
2224,2426,9511
2224,2426,9511
2224,2426,9511
2224,2426,9511
2206,2483,9517
2206,2483,9517
2206,2483,9517
2206,2483,9517
2206,2483,9517
2206,2483,9517
2206,2483,9517
2206,2483,9517
2206,2483,9517
2262,2564,9514
2262,2564,9514
2262,2564,9514
2262,2564,9514
2262,2564,9514
2262,2564,9514
2262,2564,9514
2262,2564,9514
2262,2564,9514
2204,2675,9559
2204,2675,9559
2204,2675,9559
2204,2675,9559
2204,2675,9559
2204,2675,9559
2204,2675,9559
2204,2675,9559
2204,2675,9559
2203,2739,9582
2203,2739,9582
2203,2739,9582
2203,2739,9582
2203,2739,9582
2203,2739,9582
2203,2739,9582
2203,2739,9582
2203,2739,9582
2172,2822,9617
2172,2822,9617
2172,2822,9617
2172,2822,9617
2172,2822,9617
2172,2822,9617
2172,2822,9617
2172,2822,9617
2172,2822,9617
2183,2894,9601
2183,2894,9601
2183,2894,9601
2183,2894,9601
2183,2894,9601
2183,2894,9601
2183,2894,9601
2183,2894,9601
2183,2894,9601
2183,2894,9601
2156,2968,9597
2156,2968,9597
2156,2968,9597
2156,2968,9597
2156,2968,9597
2156,2968,9597
2156,2968,9597
2156,2968,9597
2175,3102,9679
2175,3102,9679
2175,3102,9679
2175,3102,9679
2175,3102,9679
2175,3102,9679
2175,3102,9679
2175,3102,9679
2175,3102,9679
2175,3102,9679
2153,3177,9632
2153,3177,9632
2153,3177,9632
2153,3177,9632
2153,3177,9632
2153,3177,9632
2153,3177,9632
2153,3177,9632
2112,3246,9635
2112,3246,9635
2112,3246,9635
2112,3246,9635
2112,3246,9635
2041,3332,9631
2041,3332,9631
2041,3332,9631
2041,3332,9631
2041,3332,9631
2041,3332,9631
2041,3332,9631
2041,3332,9631
2041,3332,9631
1987,3383,9628
1987,3383,9628
1987,3383,9628
1987,3383,9628
1987,3383,9628
1987,3383,9628
1987,3383,9628
1987,3383,9628
1987,3383,9628
1911,3499,9651
1911,3499,9651
1911,3499,9651
1911,3499,9651
1911,3499,9651
1911,3499,9651
1911,3499,9651
1911,3499,9651
1911,3499,9651
1785,3565,9571
1785,3565,9571
1785,3565,9571
1785,3565,9571
1785,3565,9571
1785,3565,9571
1785,3565,9571
1785,3565,9571
1785,3565,9571
1785,3565,9571
1753,3700,9607
1753,3700,9607
1753,3700,9607
1753,3700,9607
1753,3700,9607
1753,3700,9607
1753,3700,9607
1753,3700,9607
1616,3779,9607
1616,3779,9607
1616,3779,9607
1616,3779,9607
1616,3779,9607
1616,3779,9607
1616,3779,9607
1616,3779,9607
1616,3779,9607
1616,3779,9607
1571,3858,9563
1571,3858,9563
1571,3858,9563
1571,3858,9563
1571,3858,9563
1571,3858,9563
1571,3858,9563
1571,3858,9563
1571,3858,9563
1571,3858,9563
1471,3905,9563
1471,3905,9563
1471,3905,9563
1471,3905,9563
1471,3905,9563
1471,3905,9563
1471,3905,9563
1471,3905,9563
1471,3905,9563
1381,3959,9544
1381,3959,9544
1381,3959,9544
1381,3959,9544
1381,3959,9544
1381,3959,9544
1381,3959,9544
1381,3959,9544
1301,3975,9523
1301,3975,9523
1301,3975,9523
1301,3975,9523
1301,3975,9523
1301,3975,9523
1301,3975,9523
1301,3975,9523
1301,3975,9523
1238,3998,9501
1238,3998,9501
1238,3998,9501
1238,3998,9501
1238,3998,9501
1238,3998,9501
1238,3998,9501
1238,3998,9501
1238,3998,9501
1181,4016,9496
1181,4016,9496
1181,4016,9496
1181,4016,9496
1181,4016,9496
1181,4016,9496
1181,4016,9496
1181,4016,9496
1181,4016,9496
1181,4016,9496
1096,4054,9482
1096,4054,9482
1096,4054,9482
1096,4054,9482
1096,4054,9482
1096,4054,9482
1096,4054,9482
1096,4054,9482
1096,4054,9482
955,4099,9430
955,4099,9430
955,4099,9430
955,4099,9430
955,4099,9430
955,4099,9430
955,4099,9430
955,4099,9430
955,4099,9430
837,4102,9433
837,4102,9433
837,4102,9433
837,4102,9433
837,4102,9433
837,4102,9433
837,4102,9433
837,4102,9433
837,4102,9433
695,4100,9346
695,4100,9346
695,4100,9346
695,4100,9346
695,4100,9346
695,4100,9346
695,4100,9346
695,4100,9346
695,4100,9346
618,4085,9380
618,4085,9380
618,4085,9380
618,4085,9380
618,4085,9380
618,4085,9380
618,4085,9380
618,4085,9380
618,4085,9380
565,4066,9398
565,4066,9398
565,4066,9398
565,4066,9398
565,4066,9398
565,4066,9398
565,4066,9398
565,4066,9398
565,4066,9398
507,4037,9317
507,4037,9317
507,4037,9317
507,4037,9317
507,4037,9317
507,4037,9317
507,4037,9317
507,4037,9317
507,4037,9317
345,3952,9348
345,3952,9348
345,3952,9348
345,3952,9348
345,3952,9348
345,3952,9348
345,3952,9348
345,3952,9348
345,3952,9348
261,3913,9371
261,3913,9371
261,3913,9371
261,3913,9371
261,3913,9371
261,3913,9371
261,3913,9371
261,3913,9371
261,3913,9371
261,3913,9335
147,3823,9335
147,3823,9335
147,3823,9335
147,3823,9335
147,3823,9335
147,3823,9335
147,3823,9335
147,3823,9335
147,3823,9335
53,3708,9302
53,3708,9302
53,3708,9302
53,3708,9302
53,3708,9302
53,3708,9302
53,3708,9302
53,3708,9302
53,3708,9302
-73,3683,9258
-73,3683,9258
-73,3683,9258
-73,3683,9258
-73,3683,9258
-73,3683,9258
-73,3683,9258
-73,3683,9258
-73,3683,9258
-129,3638,9186
-129,3638,9186
-129,3638,9186
-129,3638,9186
-129,3638,9186
-129,3638,9186
-129,3638,9186
-129,3638,9186
-129,3638,9186
-252,3568,9204
-252,3568,9204
-252,3568,9204
-252,3568,9204
-252,3568,9204
-252,3568,9204
-252,3568,9204
-252,3568,9204
-252,3568,9204
-315,3497,9110
-315,3497,9110
-315,3497,9110
-315,3497,9110
-315,3497,9110
-315,3497,9110
-315,3497,9110
-315,3497,9110
-315,3497,9110
-370,3445,9110
-370,3445,9110
-370,3445,9110
-370,3445,9110
-370,3445,9110
-370,3445,9110
-370,3445,9110
-370,3445,9110
-370,3445,9110
-433,3359,9091
-433,3359,9091
-433,3359,9091
-433,3359,9091
-487,3265,9069
-487,3265,9069
-487,3265,9069
-487,3265,9069
-487,3265,9069
-487,3265,9069
-487,3265,9069
-487,3265,9069
-516,3227,9004
-516,3227,9004
-516,3227,9004
-516,3227,9004
-516,3227,9004
-516,3227,9004
-516,3227,9004
-516,3227,9004
-516,3227,9004
-516,3227,9004
-599,3168,9004
-599,3168,9004
-599,3168,9004
-599,3168,9004
-599,3168,9004
-599,3168,9004
-599,3168,9004
-599,3168,9004
-599,3168,9004
-599,3168,9004
-661,3033,8973
-661,3033,8973
-661,3033,8973
-661,3033,8973
-661,3033,8973
-661,3033,8973
-661,3033,8973
-661,3033,8973
-661,3033,8973
-666,2954,8954
-666,2954,8954
-666,2954,8954
-666,2954,8954
-666,2954,8954
-666,2954,8954
-666,2954,8954
-666,2954,8954
-666,2954,8954
-726,2869,8947
-726,2869,8947
-726,2869,8947
-726,2869,8947
-726,2869,8947
-726,2869,8947
-726,2869,8947
-726,2869,8947
-726,2869,8947
-755,2740,8889
-755,2740,8889
-755,2740,8889
-755,2740,8889
-755,2740,8889
-755,2740,8889
-755,2740,8889
-755,2740,8889
-755,2740,8889
-754,2699,8829
-754,2699,8829
-754,2699,8829
-754,2699,8829
-754,2699,8829
-754,2699,8829
-754,2699,8829
-754,2699,8829
-754,2699,8829
-738,2544,8811
-738,2544,8811
-738,2544,8811
-738,2544,8811
-738,2544,8811
-738,2544,8811
-738,2544,8811
-738,2544,8811
-738,2544,8811
-731,2426,8840
-731,2426,8840
-731,2426,8840
-731,2426,8840
-731,2426,8840
-731,2426,8840
-731,2426,8840
-731,2426,8840
-731,2426,8840
-703,2283,8786
-703,2283,8786
-703,2283,8786
-703,2283,8786
-703,2283,8786
-703,2283,8786
-703,2283,8786
-703,2283,8786
-703,2283,8786
-585,2180,8844
-585,2180,8844
-585,2180,8844
-585,2180,8844
-585,2180,8844
-585,2180,8844
-585,2180,8844
-585,2180,8844
-585,2180,8844
-548,2044,8842
-548,2044,8842
-548,2044,8842
-548,2044,8842
-548,2044,8842
-548,2044,8842
-548,2044,8842
-548,2044,8842
-548,2044,8842
-445,1938,8831
-445,1938,8831
-445,1938,8831
-445,1938,8831
-445,1938,8831
-445,1938,8831
-445,1938,8831
-445,1938,8831
-365,1822,8892
-365,1822,8892
-365,1822,8892
-365,1822,8892
-365,1822,8892
-365,1822,8892
-365,1822,8892
-365,1822,8892
-365,1822,8892
-365,1822,8892
-263,1747,8938
-263,1747,8938
-263,1747,8938
-263,1747,8938
-263,1747,8938
-263,1747,8938
-263,1747,8938
-263,1747,8938
-263,1747,8938
-263,1747,8938
-168,1626,8935
-168,1626,8935
-168,1626,8935
-168,1626,8935
-168,1626,8935
-168,1626,8935
-168,1626,8935
-168,1626,8935
-168,1626,8935
-81,1532,8957
-81,1532,8957
-81,1532,8957
-81,1532,8957
-81,1532,8957
-81,1532,8957
-81,1532,8957
-81,1532,8957
-81,1532,8957
120,1403,9057
120,1403,9057
120,1403,9057
120,1403,9057
120,1403,9057
120,1403,9057
120,1403,9057
120,1403,9057
120,1403,9057
208,1417,9034
208,1417,9034
208,1417,9034
208,1417,9034
208,1417,9034
208,1417,9034
208,1417,9034
208,1417,9034
208,1417,9034
303,1391,9062
303,1391,9062
303,1391,9062
303,1391,9062
303,1391,9062
303,1391,9062
303,1391,9062
303,1391,9062
355,1361,9087
355,1361,9087
355,1361,9087
355,1361,9087
355,1361,9087
355,1361,9087
355,1361,9087
355,1361,9087
355,1361,9087
413,1303,9034
413,1303,9034
413,1303,9034
413,1303,9034
413,1303,9034
413,1303,9034
413,1303,9034
413,1303,9034
413,1303,9034
413,1303,9034
502,1289,9021
502,1289,9021
502,1289,9021
502,1289,9021
502,1289,9021
502,1289,9021
502,1289,9021
502,1289,9021
502,1289,9021
559,1268,9072
559,1268,9072
559,1268,9072
559,1268,9072
559,1268,9072
559,1268,9072
559,1268,9072
559,1268,9072
559,1268,9072
607,1277,9119
607,1277,9119
607,1277,9119
607,1277,9119
607,1277,9119
607,1277,9119
607,1277,9119
607,1277,9119
607,1277,9119
755,1281,9127
755,1281,9127
755,1281,9127
755,1281,9127
755,1281,9127
755,1281,9127
755,1281,9127
755,1281,9127
755,1281,9127
821,1289,9146
821,1289,9146
821,1289,9146
821,1289,9146
821,1289,9146
821,1289,9146
821,1289,9146
821,1289,9146
821,1289,9146
821,1289,9146
879,1315,9190
879,1315,9190
879,1315,9190
879,1315,9190
879,1315,9190
879,1315,9190
879,1315,9190
909,1349,9238
909,1349,9238
909,1349,9238
909,1349,9238
909,1349,9238
909,1349,9238
946,1393,9220
946,1393,9220
946,1393,9220
946,1393,9220
946,1393,9220
946,1393,9220
946,1393,9220
946,1393,9220
946,1393,9220
1007,1404,9277
1007,1404,9277
1007,1404,9277
1007,1404,9277
1007,1404,9277
1007,1404,9277
1007,1404,9277
1007,1404,9277
1007,1404,9277
990,1385,9197
990,1385,9197
990,1385,9197
990,1385,9197
990,1385,9197
990,1385,9197
990,1385,9197
990,1385,9197
990,1385,9197
1121,1415,9257
1121,1415,9257
1121,1415,9257
1121,1415,9257
1121,1415,9257
1121,1415,9257
1121,1415,9257
1121,1415,9257
1121,1415,9257
1191,1412,9261
1191,1412,9261
1191,1412,9261
1191,1412,9261
1191,1412,9261
1191,1412,9261
1191,1412,9261
1191,1412,9261
1191,1412,9261
1278,1417,9220
1278,1417,9220
1278,1417,9220
1278,1417,9220
1278,1417,9220
1278,1417,9220
1278,1417,9220
1278,1417,9220
1278,1417,9220
1373,1438,9305
1373,1438,9305
1373,1438,9305
1373,1438,9305
1373,1438,9305
1373,1438,9305
1373,1438,9305
1373,1438,9305
1373,1438,9305
1430,1459,9264
1430,1459,9264
1430,1459,9264
1430,1459,9264
1430,1459,9264
1430,1459,9264
1430,1459,9264
1430,1459,9264
1430,1459,9264
1430,1459,9264
1448,1462,9291
1448,1462,9291
1448,1462,9291
1448,1462,9291
1448,1462,9291
1448,1462,9291
1448,1462,9291
1448,1462,9291
1448,1462,9291
1496,1497,9287
1496,1497,9287
1496,1497,9287
1496,1497,9287
1496,1497,9287
1496,1497,9287
1496,1497,9287
1496,1497,9287
1496,1497,9287
1496,1497,9287
1575,1609,9323
1575,1609,9323
1575,1609,9323
1575,1609,9323
1575,1609,9323
1575,1609,9323
1575,1609,9323
1575,1609,9323
1651,1659,9356
1651,1659,9356
1651,1659,9356
1651,1659,9356
1651,1659,9356
1651,1659,9356
1651,1659,9356
1651,1659,9356
1651,1659,9356
1691,1734,9412
1691,1734,9412
1691,1734,9412
1691,1734,9412
1691,1734,9412
1691,1734,9412
1691,1734,9412
1691,1734,9412
1691,1734,9412
1638,1787,9416
1638,1787,9416
1638,1787,9416
1638,1787,9416
1638,1787,9416
1638,1787,9416
1638,1787,9416
1638,1787,9416
1638,1787,9416
1664,1829,9436
1664,1829,9436
1664,1829,9436
1664,1829,9436
1664,1829,9436
1664,1829,9436
1664,1829,9436
1664,1829,9436
1664,1829,9436
1677,1906,9403
1677,1906,9403
1677,1906,9403
1677,1906,9403
1677,1906,9403
1677,1906,9403
1677,1906,9403
1677,1906,9403
1677,1906,9403
1677,1906,9435
1682,1950,9435
1682,1950,9435
1682,1950,9435
1682,1950,9435
1682,1950,9435
1682,1950,9435
1682,1950,9435
1682,1950,9435
1682,1950,9435
1589,1972,9431
1589,1972,9431
1589,1972,9431
1589,1972,9431
1589,1972,9431
1589,1972,9431
1589,1972,9431
1589,1972,9431
1589,1972,9431
1569,2066,9394
1569,2066,9394
1569,2066,9394
1569,2066,9394
1569,2066,9394
1569,2066,9394
1569,2066,9394
1569,2066,9394
1569,2066,9394
1578,2137,9462
1578,2137,9462
1578,2137,9462
1578,2137,9462
1578,2137,9462
1578,2137,9462
1578,2137,9462
1578,2137,9462
1578,2137,9462
1551,2160,9472
1551,2160,9472
1551,2160,9472
1551,2160,9472
1551,2160,9472
1551,2160,9472
1551,2160,9472
1551,2160,9472
1551,2160,9472
1589,2240,9522
1589,2240,9522
1589,2240,9522
1589,2240,9522
1589,2240,9522
1589,2240,9522
1589,2240,9522
1589,2240,9522
1589,2240,9522
1569,2304,9482
1569,2304,9482
1569,2304,9482
1569,2304,9482
1569,2304,9482
1569,2304,9482
1569,2304,9482
1569,2304,9482
1569,2304,9482
1569,2304,9482
1575,2371,9590
1575,2371,9590
1575,2371,9590
1575,2371,9590
1575,2371,9590
1575,2371,9590
1575,2371,9590
1575,2371,9590
1575,2371,9590
1612,2394,9552
1612,2394,9552
1612,2394,9552
1612,2394,9552
1612,2394,9552
1612,2394,9552
1612,2394,9552
1612,2394,9552
1612,2394,9552
1653,2447,9564
1653,2447,9564
1653,2447,9564
1653,2447,9564
1653,2447,9564
1653,2447,9564
1653,2447,9564
1653,2447,9564
1653,2447,9564
1677,2569,9612
1677,2569,9612
1677,2569,9612
1677,2569,9612
1677,2569,9612
1677,2569,9612
1677,2569,9612
1677,2569,9612
1677,2569,9612
1672,2627,9638
1672,2627,9638
1672,2627,9638
1672,2627,9638
1672,2627,9638
1692,2696,9607
1692,2696,9607
1692,2696,9607
1692,2696,9607
1692,2696,9607
1692,2696,9607
1692,2696,9607
1692,2696,9607
1692,2696,9607
1680,2801,9640
1680,2801,9640
1680,2801,9640
1680,2801,9640
1680,2801,9640
1680,2801,9640
1680,2801,9640
1680,2801,9640
1680,2801,9640
1662,2914,9627
1662,2914,9627
1662,2914,9627
1662,2914,9627
1662,2914,9627
1662,2914,9627
1662,2914,9627
1662,2914,9627
1662,2914,9627
1645,2983,9604
1645,2983,9604
1645,2983,9604
1645,2983,9604
1645,2983,9604
1645,2983,9604
1645,2983,9604
1645,2983,9604
1645,2983,9604
1641,3008,9628
1641,3008,9628
1641,3008,9628
1641,3008,9628
1641,3008,9628
1641,3008,9628
1641,3008,9628
1641,3008,9628
1641,3008,9628
1614,3115,9637
1614,3115,9637
1614,3115,9637
1614,3115,9637
1614,3115,9637
1614,3115,9637
1614,3115,9637
1614,3115,9637
1614,3115,9637
1619,3210,9630
1619,3210,9630
1619,3210,9630
1619,3210,9630
1619,3210,9630
1619,3210,9630
1619,3210,9630
1619,3210,9630
1619,3210,9630
1583,3278,9617
1583,3278,9617
1583,3278,9617
1583,3278,9617
1583,3278,9617
1583,3278,9617
1583,3278,9617
1583,3278,9617
1583,3278,9617
1466,3393,9646
1466,3393,9646
1466,3393,9646
1466,3393,9646
1466,3393,9646
1466,3393,9646
1466,3393,9646
1466,3393,9646
1466,3393,9646
1516,3457,9632
1516,3457,9632
1516,3457,9632
1516,3457,9632
1516,3457,9632
1516,3457,9632
1516,3457,9632
1516,3457,9632
1516,3457,9632
1375,3499,9611
1375,3499,9611
1375,3499,9611
1375,3499,9611
1375,3499,9611
1375,3499,9611
1375,3499,9611
1375,3499,9611
1375,3499,9611
1368,3583,9568
1368,3583,9568
1368,3583,9568
1368,3583,9568
1368,3583,9568
1368,3583,9568
1368,3583,9568
1368,3583,9568
1368,3583,9568
1368,3583,9568
1303,3640,9570
1303,3640,9570
1303,3640,9570
1303,3640,9570
1303,3640,9570
1303,3640,9570
1303,3640,9570
1303,3640,9570
1303,3640,9570
1303,3640,9570
1223,3690,9560
1223,3690,9560
1223,3690,9560
1223,3690,9560
1223,3690,9560
1223,3690,9560
1223,3690,9560
1223,3690,9560
1181,3771,9569
1181,3771,9569
1181,3771,9569
1181,3771,9569
1181,3771,9569
1181,3771,9569
1181,3771,9569
1181,3771,9569
1181,3771,9569
1113,3828,9552
1113,3828,9552
1113,3828,9552
1113,3828,9552
1113,3828,9552
1113,3828,9552
1113,3828,9552
1113,3828,9552
1113,3828,9552
1074,3883,9509
1074,3883,9509
1074,3883,9509
1074,3883,9509
1074,3883,9509
1074,3883,9509
1074,3883,9509
1074,3883,9509
1074,3883,9509
1025,3922,9438
1025,3922,9438
1025,3922,9438
1025,3922,9438
1025,3922,9438
1025,3922,9438
1025,3922,9438
1025,3922,9438
1025,3922,9438
926,3937,9459
926,3937,9459
926,3937,9459
926,3937,9459
926,3937,9459
926,3937,9459
926,3937,9459
926,3937,9459
926,3937,9459
926,3937,9459
833,3977,9420
833,3977,9420
833,3977,9420
833,3977,9420
833,3977,9420
833,3977,9420
833,3977,9420
833,3977,9420
833,3977,9420
779,4010,9447
779,4010,9447
779,4010,9447
779,4010,9447
779,4010,9447
779,4010,9447
779,4010,9447
779,4010,9447
779,4010,9447
739,4040,9421
739,4040,9421
739,4040,9421
739,4040,9421
739,4040,9421
739,4040,9421
739,4040,9421
739,4040,9421
739,4040,9421
688,4033,9409
688,4033,9409
688,4033,9409
688,4033,9409
688,4033,9409
688,4033,9409
688,4033,9409
688,4033,9409
688,4033,9409
593,4053,9394
593,4053,9394
593,4053,9394
593,4053,9394
593,4053,9394
593,4053,9394
593,4053,9394
593,4053,9394
465,4071,9324
465,4071,9324
465,4071,9324
465,4071,9324
465,4071,9324
465,4071,9324
465,4071,9324
465,4071,9324
465,4071,9324
465,4071,9324
354,4017,9317
354,4017,9317
354,4017,9317
354,4017,9317
354,4017,9317
354,4017,9317
354,4017,9317
354,4017,9317
354,4017,9317
354,4017,9317
252,3976,9273
252,3976,9273
252,3976,9273
252,3976,9273
252,3976,9273
252,3976,9273
252,3976,9273
252,3976,9273
252,3976,9273
108,3987,9284
108,3987,9284
108,3987,9284
108,3987,9284
108,3987,9284
108,3987,9284
108,3987,9284
108,3987,9284
108,3987,9284
10,3935,9193
10,3935,9193
10,3935,9193
10,3935,9193
10,3935,9193
10,3935,9193
10,3935,9193
10,3935,9193
-99,3883,9196
-99,3883,9196
-99,3883,9196
-99,3883,9196
-99,3883,9196
-233,3826,9191
-233,3826,9191
-233,3826,9191
-233,3826,9191
-233,3826,9191
-233,3826,9191
-233,3826,9191
-233,3826,9191
-233,3826,9191
-283,3740,9113
-283,3740,9113
-283,3740,9113
-283,3740,9113
-283,3740,9113
-283,3740,9113
-283,3740,9113
-283,3740,9113
-283,3740,9113
-449,3696,9072
-449,3696,9072
-449,3696,9072
-449,3696,9072
-449,3696,9072
-449,3696,9072
-449,3696,9072
-449,3696,9072
-449,3696,9072
-471,3651,9043
-471,3651,9043
-471,3651,9043
-471,3651,9043
-471,3651,9043
-471,3651,9043
-471,3651,9043
-471,3651,9043
-530,3577,9040
-530,3577,9040
-530,3577,9040
-530,3577,9040
-530,3577,9040
-530,3577,9040
-530,3577,9040
-530,3577,9040
-530,3577,9040
-530,3577,9040
-573,3542,8938
-573,3542,8938
-573,3542,8938
-573,3542,8938
-573,3542,8938
-573,3542,8938
-573,3542,8938
-573,3542,8938
-573,3542,8938
-573,3542,8938
-654,3484,8869
-654,3484,8869
-654,3484,8869
-654,3484,8869
-654,3484,8869
-654,3484,8869
-654,3484,8869
-654,3484,8869
-654,3484,8869
-768,3399,8833
-768,3399,8833
-768,3399,8833
-768,3399,8833
-768,3399,8833
-768,3399,8833
-768,3399,8833
-768,3399,8833
-768,3399,8833
-817,3332,8851
-817,3332,8851
-817,3332,8851
-817,3332,8851
-817,3332,8851
-817,3332,8851
-817,3332,8851
-817,3332,8851
-817,3332,8851
-856,3289,8830
-856,3289,8830
-856,3289,8830
-856,3289,8830
-856,3289,8830
-856,3289,8830
-856,3289,8830
-856,3289,8830
-856,3289,8830
-878,3181,8741
-878,3181,8741
-878,3181,8741
-878,3181,8741
-878,3181,8741
-878,3181,8741
-878,3181,8741
-878,3181,8741
-878,3181,8741
-922,3079,8718
-922,3079,8718
-922,3079,8718
-922,3079,8718
-922,3079,8718
-922,3079,8718
-922,3079,8718
-922,3079,8718
-922,3079,8718
-947,2999,8688
-947,2999,8688
-947,2999,8688
-947,2999,8688
-947,2999,8688
-947,2999,8688
-947,2999,8688
-947,2999,8688
-947,2999,8688
-1001,2836,8606
-1001,2836,8606
-1001,2836,8606
-1001,2836,8606
-1001,2836,8606
-1001,2836,8606
-1001,2836,8606
-1001,2836,8606
-1001,2836,8606
-1006,2705,8639
-1006,2705,8639
-1006,2705,8639
-1006,2705,8639
-1006,2705,8639
-1006,2705,8639
-1006,2705,8639
-1006,2705,8639
-1006,2705,8639
-1009,2584,8699
-1009,2584,8699
-1009,2584,8699
-1009,2584,8699
-1009,2584,8699
-1009,2584,8699
-1009,2584,8699
-1009,2584,8699
-1009,2584,8699
-958,2477,8679
-958,2477,8679
-958,2477,8679
-958,2477,8679
-958,2477,8679
-958,2477,8679
-958,2477,8679
-958,2477,8679
-958,2477,8679
-963,2340,8654
-963,2340,8654
-963,2340,8654
-963,2340,8654
-963,2340,8654
-963,2340,8654
-963,2340,8654
-963,2340,8654
-963,2340,8654
-963,2340,8654
-916,2195,8653
-916,2195,8653
-916,2195,8653
-916,2195,8653
-916,2195,8653
-916,2195,8653
-916,2195,8653
-916,2195,8653
-916,2195,8653
-852,2021,8637
-852,2021,8637
-852,2021,8637
-852,2021,8637
-852,2021,8637
-852,2021,8637
-852,2021,8637
-852,2021,8637
-852,2021,8637
-801,1942,8688
-801,1942,8688
-801,1942,8688
-801,1942,8688
-801,1942,8688
-801,1942,8688
-801,1942,8688
-801,1942,8688
-801,1942,8688
-755,1838,8630
-755,1838,8630
-755,1838,8630
-755,1838,8630
-755,1838,8630
-755,1838,8630
-755,1838,8630
-755,1838,8630
-755,1838,8630
-755,1838,8630
-650,1720,8680
-650,1720,8680
-650,1720,8680
-650,1720,8680
-650,1720,8680
-650,1720,8680
-650,1720,8680
-650,1720,8680
-650,1720,8680
-522,1633,8722
-522,1633,8722
-522,1633,8722
-522,1633,8722
-522,1633,8722
-522,1633,8722
-522,1633,8722
-522,1633,8722
-522,1633,8722
-412,1510,8738
-412,1510,8738
-412,1510,8738
-412,1510,8738
-412,1510,8738
-412,1510,8738
-412,1510,8738
-412,1510,8738
-301,1424,8730
-301,1424,8730
-301,1424,8730
-301,1424,8730
-301,1424,8730
-301,1424,8730
-301,1424,8730
-301,1424,8730
-301,1424,8730
-231,1411,8787
-231,1411,8787
-231,1411,8787
-231,1411,8787
-231,1411,8787
-231,1411,8787
-231,1411,8787
-231,1411,8787
-231,1411,8787
-147,1330,8833
-147,1330,8833
-147,1330,8833
-147,1330,8833
-147,1330,8833
-44,1347,8849
-44,1347,8849
-44,1347,8849
-44,1347,8849
-44,1347,8849
-44,1347,8849
-44,1347,8849
-44,1347,8849
-44,1347,8849
35,1371,8929
35,1371,8929
35,1371,8929
35,1371,8929
35,1371,8929
35,1371,8929
35,1371,8929
35,1371,8929
35,1371,8929
141,1353,8942
141,1353,8942
141,1353,8942
141,1353,8942
141,1353,8942
141,1353,8942
141,1353,8942
141,1353,8942
141,1353,8942
190,1355,9042
190,1355,9042
190,1355,9042
190,1355,9042
190,1355,9042
190,1355,9042
190,1355,9042
190,1355,9042
190,1355,9042
300,1323,9083
300,1323,9083
300,1323,9083
300,1323,9083
300,1323,9083
300,1323,9083
300,1323,9083
300,1323,9083
300,1323,9083
300,1324,9059
366,1324,9059
366,1324,9059
366,1324,9059
366,1324,9059
366,1324,9059
366,1324,9059
366,1324,9059
366,1324,9059
366,1324,9059
487,1348,9071
487,1348,9071
487,1348,9071
487,1348,9071
487,1348,9071
487,1348,9071
487,1348,9071
487,1348,9071
573,1329,9107
573,1329,9107
573,1329,9107
573,1329,9107
573,1329,9107
573,1329,9107
573,1329,9107
573,1329,9107
573,1329,9107
700,1341,9122
700,1341,9122
700,1341,9122
700,1341,9122
700,1341,9122
700,1341,9122
700,1341,9122
700,1341,9122
700,1341,9122
770,1344,9111
770,1344,9111
770,1344,9111
770,1344,9111
770,1344,9111
770,1344,9111
770,1344,9111
770,1344,9111
770,1344,9111
874,1382,9139
874,1382,9139
874,1382,9139
874,1382,9139
874,1382,9139
874,1382,9139
874,1382,9139
874,1382,9139
874,1382,9139
986,1405,9175
986,1405,9175
986,1405,9175
986,1405,9175
986,1405,9175
986,1405,9175
986,1405,9175
986,1405,9175
986,1405,9175
986,1405,9175
998,1389,9159
998,1389,9159
998,1389,9159
998,1389,9159
998,1389,9159
998,1389,9159
998,1389,9159
998,1389,9159
998,1389,9159
1050,1376,9263
1050,1376,9263
1050,1376,9263
1050,1376,9263
1050,1376,9263
1050,1376,9263
1050,1376,9263
1050,1376,9263
1050,1376,9263
1150,1427,9279
1150,1427,9279
1150,1427,9279
1150,1427,9279
1150,1427,9279
1150,1427,9279
1150,1427,9279
1150,1427,9279
1150,1427,9279
1150,1427,9279
1248,1452,9309
1248,1452,9309
1248,1452,9309
1248,1452,9309
1248,1452,9309
1248,1452,9309
1248,1452,9309
1248,1452,9309
1248,1452,9309
1414,1468,9335
1414,1468,9335
1414,1468,9335
1414,1468,9335
1414,1468,9335
1414,1468,9335
1414,1468,9335
1414,1468,9335
1650,1431,9366
1650,1431,9366
1650,1431,9366
1650,1431,9366
1650,1431,9366
1650,1431,9366
1650,1431,9366
1650,1431,9366
1650,1431,9366
1807,1478,9339
1807,1478,9339
1807,1478,9339
1807,1478,9339
1807,1478,9339
1807,1478,9339
1807,1478,9339
1807,1478,9339
1807,1478,9339
1995,1483,9319
1995,1483,9319
1995,1483,9319
1995,1483,9319
1995,1483,9319
1995,1483,9319
1995,1483,9319
1995,1483,9319
1995,1483,9319
2138,1490,9299
2138,1490,9299
2138,1490,9299
2138,1490,9299
2138,1490,9299
2138,1490,9299
2138,1490,9299
2138,1490,9299
2138,1490,9299
2260,1522,9248
2260,1522,9248
2260,1522,9248
2260,1522,9248
2260,1522,9248
2260,1522,9248
2260,1522,9248
2260,1522,9248
2260,1522,9248
2260,1522,9248
2295,1544,9250
2295,1544,9250
2295,1544,9250
2295,1544,9250
2295,1544,9250
2295,1544,9250
2295,1544,9250
2295,1544,9250
2295,1544,9261
2390,1541,9261
2390,1541,9261
2390,1541,9261
2390,1541,9261
2390,1541,9261
2390,1541,9261
2390,1541,9261
2390,1541,9261
2390,1541,9261
2435,1514,9239
2435,1514,9239
2435,1514,9239
2435,1514,9239
2435,1514,9239
2435,1514,9239
2435,1514,9239
2435,1514,9239
2435,1514,9239
2435,1514,9239
2477,1518,9220
2477,1518,9220
2477,1518,9220
2477,1518,9220
2477,1518,9220
2477,1518,9220
2477,1518,9220
2477,1518,9220
2477,1518,9220
2467,1554,9252
2467,1554,9252
2467,1554,9252
2467,1554,9252
2467,1554,9252
2467,1554,9252
2467,1554,9252
2467,1554,9252
2479,1508,9291
2479,1508,9291
2479,1508,9291
2479,1508,9291
2479,1508,9291
2479,1508,9291
2479,1508,9291
2479,1508,9291
2479,1508,9291
2439,1521,9289
2439,1521,9289
2439,1521,9289
2439,1521,9289
2439,1521,9289
2439,1521,9289
2439,1521,9289
2439,1521,9289
2439,1521,9289
2468,1536,9265
2468,1536,9265
2468,1536,9265
2468,1536,9265
2468,1536,9265
2511,1584,9252
2511,1584,9252
2511,1584,9252
2511,1584,9252
2511,1584,9252
2511,1584,9252
2511,1584,9252
2511,1584,9252
2511,1584,9252
2544,1613,9228
2544,1613,9228
2544,1613,9228
2544,1613,9228
2544,1613,9228
2544,1613,9228
2544,1613,9228
2544,1613,9228
2544,1613,9228
2643,1661,9281
2643,1661,9281
2643,1661,9281
2643,1661,9281
2643,1661,9281
2643,1661,9281
2643,1661,9281
2643,1661,9281
2643,1661,9281
2642,1720,9240
2642,1720,9240
2642,1720,9240
2642,1720,9240
2642,1720,9240
2642,1720,9240
2642,1720,9240
2642,1720,9240
2642,1720,9240
2699,1769,9281
2699,1769,9281
2699,1769,9281
2699,1769,9281
2699,1769,9281
2699,1769,9281
2699,1769,9281
2699,1769,9281
2699,1769,9281
2776,1802,9264
2776,1802,9264
2776,1802,9264
2776,1802,9264
2776,1802,9264
2776,1802,9264
2776,1802,9264
2776,1802,9264
2776,1802,9264
2776,1802,9264
2835,1879,9242
2835,1879,9242
2835,1879,9242
2835,1879,9242
2835,1879,9242
2835,1879,9242
2835,1879,9242
2835,1879,9242
2878,1948,9250
2878,1948,9250
2878,1948,9250
2878,1948,9250
2878,1948,9250
2878,1948,9250
2878,1948,9250
2878,1948,9250
2878,1948,9250
2878,1948,9250
2960,2023,9272
2960,2023,9272
2960,2023,9272
2960,2023,9272
2960,2023,9272
2960,2023,9272
2960,2023,9272
2960,2023,9272
2960,2023,9272
2991,2091,9206
2991,2091,9206
2991,2091,9206
2991,2091,9206
2991,2091,9206
2991,2091,9206
2991,2091,9206
2991,2091,9206
2991,2091,9206
3114,2229,9247
3114,2229,9247
3114,2229,9247
3114,2229,9247
3114,2229,9247
3114,2229,9247
3114,2229,9247
3114,2229,9247
3114,2229,9247
3122,2330,9211
3122,2330,9211
3122,2330,9211
3122,2330,9211
3122,2330,9211
3122,2330,9211
3122,2330,9211
3122,2330,9211
3122,2330,9211
3182,2469,9183
3182,2469,9183
3182,2469,9183
3182,2469,9183
3182,2469,9183
3182,2469,9183
3182,2469,9183
3182,2469,9183
3182,2469,9183
3242,2514,9210
3242,2514,9210
3242,2514,9210
3242,2514,9210
3242,2514,9210
3242,2514,9210
3242,2514,9210
3242,2514,9210
3242,2514,9210
3224,2646,9267
3224,2646,9267
3224,2646,9267
3224,2646,9267
3224,2646,9267
3224,2646,9267
3224,2646,9267
3224,2646,9267
3224,2646,9267
3192,2694,9287
3192,2694,9287
3192,2694,9287
3192,2694,9287
3192,2694,9287
3192,2694,9287
3192,2694,9287
3192,2694,9287
3192,2694,9287
3192,2694,9287
3183,2762,9218
3183,2762,9218
3183,2762,9218
3183,2762,9218
3183,2762,9218
3183,2762,9218
3183,2762,9218
3183,2762,9218
3145,2830,9233
3145,2830,9233
3145,2830,9233
3145,2830,9233
3145,2830,9233
3145,2830,9233
3145,2830,9233
3145,2830,9233
3145,2830,9233
3141,2900,9313
3141,2900,9313
3141,2900,9313
3141,2900,9313
3141,2900,9313
3141,2900,9313
3141,2900,9313
3141,2900,9313
3141,2900,9313
3141,2900,9313
3143,2953,9337
3143,2953,9337
3143,2953,9337
3143,2953,9337
3143,2953,9337
3143,2953,9337
3143,2953,9337
3143,2953,9337
3143,2953,9337
3123,3083,9319
3123,3083,9319
3123,3083,9319
3123,3083,9319
3123,3083,9319
3123,3083,9319
3123,3083,9319
3123,3083,9319
3123,3083,9319
3065,3124,9384
3065,3124,9384
3065,3124,9384
3065,3124,9384
3065,3124,9384
3065,3124,9384
3065,3124,9384
3065,3124,9384
3065,3124,9384
3077,3160,9409
3077,3160,9409
3077,3160,9409
3077,3160,9409
3077,3160,9409
3077,3160,9409
3077,3160,9409
3077,3160,9409
3077,3160,9409
2994,3267,9381
2994,3267,9381
2994,3267,9381
2994,3267,9381
2994,3267,9381
2994,3267,9381
2994,3267,9381
2994,3267,9381
2994,3267,9381
2994,3267,9381
2934,3348,9414
2934,3348,9414
2934,3348,9414
2934,3348,9414
2934,3348,9414
2934,3348,9414
2934,3348,9414
2934,3348,9414
2934,3348,9414
2887,3365,9408
2887,3365,9408
2887,3365,9408
2887,3365,9408
2887,3365,9408
2887,3365,9408
2887,3365,9408
2887,3365,9408
2887,3365,9408
2870,3447,9395
2870,3447,9395
2870,3447,9395
2870,3447,9395
2870,3447,9395
2870,3447,9395
2870,3447,9395
2870,3447,9395
2870,3447,9395
2802,3541,9442
2802,3541,9442
2802,3541,9442
2802,3541,9442
2802,3541,9442
2768,3580,9418
2768,3580,9418
2768,3580,9418
2768,3580,9418
2768,3580,9418
2768,3580,9418
2768,3580,9418
2768,3580,9418
2672,3638,9457
2672,3638,9457
2672,3638,9457
2672,3638,9457
2672,3638,9457
2672,3638,9457
2672,3638,9457
2672,3638,9457
2672,3638,9457
2638,3631,9477
2638,3631,9477
2638,3631,9477
2638,3631,9477
2638,3631,9477
2638,3631,9477
2638,3631,9477
2638,3631,9477
2638,3631,9477
2495,3716,9506
2495,3716,9506
2495,3716,9506
2495,3716,9506
2495,3716,9506
2495,3716,9506
2495,3716,9506
2495,3716,9506
2495,3716,9506
2495,3716,9502
2420,3721,9502
2420,3721,9502
2420,3721,9502
2420,3721,9502
2420,3721,9502
2420,3721,9502
2420,3721,9502
2420,3721,9502
2420,3721,9502
2323,3812,9543
2323,3812,9543
2323,3812,9543
2323,3812,9543
2323,3812,9543
2323,3812,9543
2323,3812,9543
2323,3812,9543
2323,3812,9543
2240,3818,9548
2240,3818,9548
2240,3818,9548
2240,3818,9548
2240,3818,9548
2240,3818,9548
2240,3818,9548
2240,3818,9548
2240,3818,9548
2108,3871,9511
2108,3871,9511
2108,3871,9511
2108,3871,9511
2108,3871,9511
2108,3871,9511
2108,3871,9511
2108,3871,9511
2108,3871,9511
1981,3903,9560
1981,3903,9560
1981,3903,9560
1981,3903,9560
1981,3903,9560
1981,3903,9560
1981,3903,9560
1981,3903,9560
1981,3903,9560
1848,3909,9562
1848,3909,9562
1848,3909,9562
1848,3909,9562
1848,3909,9562
1848,3909,9562
1848,3909,9562
1848,3909,9562
1771,3900,9581
1771,3900,9581
1771,3900,9581
1771,3900,9581
1771,3900,9581
1771,3900,9581
1771,3900,9581
1771,3900,9581
1771,3900,9581
1771,3900,9581
1732,3906,9578
1732,3906,9578
1732,3906,9578
1732,3906,9578
1732,3906,9578
1732,3906,9578
1732,3906,9578
1732,3906,9578
1732,3906,9578
1732,3906,9578
1611,3917,9621
1611,3917,9621
1611,3917,9621
1611,3917,9621
1611,3917,9621
1611,3917,9621
1611,3917,9621
1611,3917,9621
1611,3917,9621
1510,3930,9594
1510,3930,9594
1510,3930,9594
1510,3930,9594
1510,3930,9594
1510,3930,9594
1510,3930,9594
1510,3930,9594
1510,3930,9594
1466,3932,9560
1466,3932,9560
1466,3932,9560
1466,3932,9560
1466,3932,9560
1466,3932,9560
1466,3932,9560
1466,3932,9560
1466,3932,9560
1319,3913,9605
1319,3913,9605
1319,3913,9605
1319,3913,9605
1319,3913,9605
1319,3913,9605
1319,3913,9605
1319,3913,9605
1319,3913,9605
1182,3849,9559
1182,3849,9559
1182,3849,9559
1182,3849,9559
1182,3849,9559
1182,3849,9559
1182,3849,9559
1182,3849,9559
1182,3849,9559
1057,3836,9580
1057,3836,9580
1057,3836,9580
1057,3836,9580
1057,3836,9580
1057,3836,9580
1057,3836,9580
1057,3836,9580
1057,3836,9580
974,3737,9573
974,3737,9573
974,3737,9573
974,3737,9573
974,3737,9573
974,3737,9573
974,3737,9573
974,3737,9573
974,3737,9573
974,3737,9573
861,3693,9573
861,3693,9573
861,3693,9573
861,3693,9573
861,3693,9573
861,3693,9573
861,3693,9573
861,3693,9573
798,3615,9590
798,3615,9590
798,3615,9590
798,3615,9590
798,3615,9590
798,3615,9590
798,3615,9590
798,3615,9590
798,3615,9590
700,3555,9603
700,3555,9603
700,3555,9603
700,3555,9603
700,3555,9603
700,3555,9603
700,3555,9603
700,3555,9603
700,3555,9603
629,3464,9600
629,3464,9600
629,3464,9600
629,3464,9600
629,3464,9600
629,3464,9600
629,3464,9600
629,3464,9600
629,3464,9600
629,3464,9600
575,3343,9598
575,3343,9598
575,3343,9598
575,3343,9598
575,3343,9598
575,3343,9598
575,3343,9598
575,3343,9598
575,3343,9598
463,3231,9568
463,3231,9568
463,3231,9568
463,3231,9568
463,3231,9568
463,3231,9568
463,3231,9568
463,3231,9568
463,3231,9568
382,3081,9549
382,3081,9549
382,3081,9549
382,3081,9549
382,3081,9549
382,3081,9549
382,3081,9549
382,3081,9549
382,3081,9549
342,3001,9529
342,3001,9529
342,3001,9529
342,3001,9529
342,3001,9529
342,3001,9529
342,3001,9529
342,3001,9529
342,3001,9529
342,3001,9529
292,2869,9567
292,2869,9567
292,2869,9567
292,2869,9567
292,2869,9567
292,2869,9567
292,2869,9567
292,2869,9567
292,2869,9567
256,2778,9456
256,2778,9456
256,2778,9456
256,2778,9456
256,2778,9456
256,2778,9456
256,2778,9456
256,2778,9456
222,2672,9412
222,2672,9412
222,2672,9412
222,2672,9412
224,2566,9404
224,2566,9404
224,2566,9404
224,2566,9404
224,2566,9404
224,2566,9404
224,2566,9404
224,2566,9404
224,2566,9404
197,2497,9455
197,2497,9455
197,2497,9455
197,2497,9455
197,2497,9455
197,2497,9455
197,2497,9455
197,2497,9455
197,2497,9455
197,2497,9455
227,2380,9365
227,2380,9365
227,2380,9365
227,2380,9365
227,2380,9365
227,2380,9365
227,2380,9365
227,2380,9365
227,2380,9365
219,2311,9399
219,2311,9399
219,2311,9399
219,2311,9399
219,2311,9399
219,2311,9399
219,2311,9399
219,2311,9399
232,2195,9389
232,2195,9389
232,2195,9389
232,2195,9389
232,2195,9389
232,2195,9389
232,2195,9389
232,2195,9389
232,2195,9389
232,2195,9389
239,2113,9372
239,2113,9372
239,2113,9372
239,2113,9372
239,2113,9372
239,2113,9372
239,2113,9372
239,2113,9372
239,2113,9372
239,2113,9372
340,1985,9369
340,1985,9369
340,1985,9369
340,1985,9369
340,1985,9369
340,1985,9369
340,1985,9369
340,1985,9369
340,1985,9369
350,1859,9316
350,1859,9316
350,1859,9316
350,1859,9316
350,1859,9316
350,1859,9316
350,1859,9316
350,1859,9316
350,1859,9316
449,1767,9325
449,1767,9325
449,1767,9325
449,1767,9325
449,1767,9325
449,1767,9325
449,1767,9325
449,1767,9325
449,1767,9325
528,1695,9299
528,1695,9299
528,1695,9299
528,1695,9299
528,1695,9299
528,1695,9299
528,1695,9299
528,1695,9299
580,1629,9288
580,1629,9288
580,1629,9288
580,1629,9288
580,1629,9288
580,1629,9288
580,1629,9288
580,1629,9288
580,1629,9288
580,1629,9288
711,1442,9248
711,1442,9248
711,1442,9248
711,1442,9248
711,1442,9248
711,1442,9248
711,1442,9248
711,1442,9248
711,1442,9248
822,1361,9205
822,1361,9205
822,1361,9205
822,1361,9205
822,1361,9205
822,1361,9205
822,1361,9205
822,1361,9205
822,1361,9205
970,1298,9227
970,1298,9227
970,1298,9227
970,1298,9227
970,1298,9227
970,1298,9227
970,1298,9227
970,1298,9227
970,1298,9227
1124,1225,9225
1124,1225,9225
1124,1225,9225
1124,1225,9225
1124,1225,9225
1124,1225,9225
1124,1225,9225
1124,1225,9225
1124,1225,9225
1293,1177,9246
1293,1177,9246
1293,1177,9246
1293,1177,9246
1293,1177,9246
1293,1177,9246
1293,1177,9246
1293,1177,9246
1293,1177,9246
1454,1145,9269
1454,1145,9269
1454,1145,9269
1454,1145,9269
1454,1145,9269
1454,1145,9269
1454,1145,9269
1454,1145,9269
1454,1145,9269
1591,1158,9263
1591,1158,9263
1591,1158,9263
1591,1158,9263
1591,1158,9263
1591,1158,9263
1591,1158,9263
1591,1158,9263
1591,1158,9263
1591,1158,9263
1634,1163,9184
1634,1163,9184
1634,1163,9184
1634,1163,9184
1634,1163,9184
1634,1163,9184
1634,1163,9184
1634,1163,9184
1634,1163,9184
1634,1163,9184
1772,1202,9226
1772,1202,9226
1772,1202,9226
1772,1202,9226
1772,1202,9226
1772,1202,9226
1772,1202,9226
1772,1202,9226
1772,1202,9226
1829,1199,9242
1829,1199,9242
1829,1199,9242
1829,1199,9242
1829,1199,9242
1829,1199,9242
1829,1199,9242
1829,1199,9242
1908,1211,9247
1908,1211,9247
1908,1211,9247
1908,1211,9247
1908,1211,9247
1908,1211,9247
1908,1211,9247
1908,1211,9247
1908,1211,9247
2016,1213,9217
2016,1213,9217
2016,1213,9217
2016,1213,9217
2016,1213,9217
2016,1213,9217
2016,1213,9217
2016,1213,9217
2016,1213,9217
2090,1248,9268
2090,1248,9268
2090,1248,9268
2090,1248,9268
2090,1248,9268
2090,1248,9268
2090,1248,9268
2090,1248,9268
2090,1248,9268
2156,1247,9182
2156,1247,9182
2156,1247,9182
2156,1247,9182
2156,1247,9182
2156,1247,9182
2156,1247,9182
2156,1247,9182
2156,1247,9182
2294,1287,9221
2294,1287,9221
2294,1287,9221
2294,1287,9221
2294,1287,9221
2294,1287,9221
2294,1287,9221
2294,1287,9221
2294,1287,9221
2294,1287,9168
2438,1330,9168
2438,1330,9168
2438,1330,9168
2438,1330,9168
2438,1330,9168
2438,1330,9168
2438,1330,9168
2438,1330,9168
2438,1330,9168
2608,1359,9167
2608,1359,9167
2608,1359,9167
2608,1359,9167
2608,1359,9167
2608,1359,9167
2608,1359,9167
2608,1359,9167
2608,1359,9167
2758,1418,9173
2758,1418,9173
2758,1418,9173
2758,1418,9173
2842,1456,9147
2842,1456,9147
2842,1456,9147
2842,1456,9147
2842,1456,9147
2842,1456,9147
2842,1456,9147
2842,1456,9147
2842,1456,9147
2842,1456,9147
2937,1497,9066
2937,1497,9066
2937,1497,9066
2937,1497,9066
2937,1497,9066
2937,1497,9066
2937,1497,9066
2937,1497,9066
3015,1552,9058
3015,1552,9058
3015,1552,9058
3015,1552,9058
3015,1552,9058
3015,1552,9058
3015,1552,9058
3015,1552,9058
3015,1552,9058
3059,1649,9074
3059,1649,9074
3059,1649,9074
3059,1649,9074
3059,1649,9074
3059,1649,9074
3059,1649,9074
3059,1649,9074
3059,1649,9074
3212,1733,9044
3212,1733,9044
3212,1733,9044
3212,1733,9044
3212,1733,9044
3212,1733,9044
3212,1733,9044
3212,1733,9044
3212,1733,9044
3327,1797,8995
3327,1797,8995
3327,1797,8995
3327,1797,8995
3327,1797,8995
3327,1797,8995
3327,1797,8995
3327,1797,8995
3327,1797,8995
3395,1863,8963
3395,1863,8963
3395,1863,8963
3395,1863,8963
3395,1863,8963
3395,1863,8963
3395,1863,8963
3395,1863,8963
3395,1863,8963
3395,1980,8944
3458,1980,8944
3458,1980,8944
3458,1980,8944
3458,1980,8944
3458,1980,8944
3458,1980,8944
3458,1980,8944
3458,1980,8944
3458,1980,8944
3516,2073,8973
3516,2073,8973
3516,2073,8973
3516,2073,8973
3516,2073,8973
3516,2073,8973
3516,2073,8973
3516,2073,8973
3516,2073,8973
3505,2169,8970
3505,2169,8970
3505,2169,8970
3505,2169,8970
3505,2169,8970
3505,2169,8970
3505,2169,8970
3505,2169,8970
3505,2169,8970
3514,2256,8991
3514,2256,8991
3514,2256,8991
3514,2256,8991
3514,2256,8991
3514,2256,8991
3514,2256,8991
3514,2256,8991
3514,2256,8991
3529,2345,9068
3529,2345,9068
3529,2345,9068
3529,2345,9068
3529,2345,9068
3529,2345,9068
3529,2345,9068
3529,2345,9068
3529,2345,9068
3524,2423,8986
3524,2423,8986
3524,2423,8986
3524,2423,8986
3524,2423,8986
3524,2423,8986
3524,2423,8986
3524,2423,8986
3560,2529,9025
3560,2529,9025
3560,2529,9025
3560,2529,9025
3560,2529,9025
3560,2529,9025
3560,2529,9025
3560,2529,9025
3560,2529,9025
3560,2529,9025
3583,2624,9072
3583,2624,9072
3583,2624,9072
3583,2624,9072
3583,2624,9072
3583,2624,9072
3583,2624,9072
3583,2624,9072
3583,2624,9072
3583,2624,9072
3554,2670,9069
3554,2670,9069
3554,2670,9069
3554,2670,9069
3554,2670,9069
3554,2670,9069
3554,2670,9069
3554,2670,9069
3554,2670,9069
3536,2728,9116
3536,2728,9116
3536,2728,9116
3536,2728,9116
3536,2728,9116
3536,2728,9116
3536,2728,9116
3536,2728,9116
3536,2728,9116
3546,2818,9160
3546,2818,9160
3546,2818,9160
3546,2818,9160
3546,2818,9160
3546,2818,9160
3546,2818,9160
3546,2818,9160
3546,2818,9160
3547,2939,9166
3547,2939,9166
3547,2939,9166
3547,2939,9166
3547,2939,9166
3547,2939,9166
3547,2939,9166
3547,2939,9166
3547,2939,9166
3513,3001,9174
3513,3001,9174
3513,3001,9174
3513,3001,9174
3513,3001,9174
3513,3001,9174
3513,3001,9174
3513,3001,9174
3513,3001,9174
3469,3029,9193
3469,3029,9193
3469,3029,9193
3469,3029,9193
3469,3029,9193
3469,3029,9193
3469,3029,9193
3469,3029,9193
3469,3029,9193
3459,3138,9188
3459,3138,9188
3459,3138,9188
3459,3138,9188
3459,3138,9188
3459,3138,9188
3459,3138,9188
3459,3138,9188
3441,3230,9198
3441,3230,9198
3441,3230,9198
3441,3230,9198
3441,3230,9198
3441,3230,9198
3441,3230,9198
3441,3230,9198
3441,3230,9198
3441,3311,9190
3387,3311,9190
3387,3311,9190
3387,3311,9190
3387,3311,9190
3387,3311,9190
3387,3311,9190
3387,3311,9190
3387,3311,9190
3387,3311,9190
3344,3354,9220
3344,3354,9220
3344,3354,9220
3344,3354,9220
3344,3354,9220
3344,3354,9220
3344,3354,9220
3344,3354,9220
3236,3422,9277
3236,3422,9277
3236,3422,9277
3236,3422,9277
3236,3422,9277
3236,3422,9277
3236,3422,9277
3236,3422,9277
3236,3422,9277
3236,3422,9277
3171,3518,9249
3171,3518,9249
3171,3518,9249
3171,3518,9249
3171,3518,9249
3171,3518,9249
3171,3518,9249
3171,3518,9249
3171,3518,9249
3166,3608,9262
3166,3608,9262
3166,3608,9262
3166,3608,9262
3166,3608,9262
3166,3608,9262
3166,3608,9262
3166,3608,9262
3166,3608,9262
3106,3628,9301
3106,3628,9301
3106,3628,9301
3106,3628,9301
3106,3628,9343
3013,3735,9343
3013,3735,9343
3013,3735,9343
3013,3735,9343
3013,3735,9343
3013,3735,9343
3013,3735,9343
3013,3735,9343
3013,3735,9343
2898,3789,9373
2898,3789,9373
2898,3789,9373
2898,3789,9373
2898,3789,9373
2898,3789,9373
2898,3789,9373
2898,3789,9373
2898,3789,9373
2753,3789,9417
2753,3789,9417
2753,3789,9417
2753,3789,9417
2753,3789,9417
2753,3789,9417
2753,3789,9417
2753,3789,9417
2690,3835,9411
2690,3835,9411
2690,3835,9411
2690,3835,9411
2690,3835,9411
2690,3835,9411
2690,3835,9411
2690,3835,9411
2690,3835,9411
2690,3835,9411
2595,3865,9430
2595,3865,9430
2595,3865,9430
2595,3865,9430
2595,3865,9430
2595,3865,9430
2595,3865,9430
2595,3865,9430
2595,3865,9430
2550,3889,9463
2550,3889,9463
2550,3889,9463
2550,3889,9463
2550,3889,9463
2550,3889,9463
2550,3889,9463
2550,3889,9463
2550,3889,9463
2391,3846,9480
2391,3846,9480
2391,3846,9480
2391,3846,9480
2391,3846,9480
2391,3846,9480
2391,3846,9480
2391,3846,9480
2391,3846,9480
2307,3887,9499
2307,3887,9499
2307,3887,9499
2307,3887,9499
2307,3887,9499
2307,3887,9499
2307,3887,9499
2307,3887,9499
2307,3887,9499
2307,3887,9499
2184,3910,9520
2184,3910,9520
2184,3910,9520
2184,3910,9520
2184,3910,9520
2184,3910,9520
2184,3910,9520
2184,3910,9520
2184,3910,9520
2097,3904,9549
2097,3904,9549
2097,3904,9549
2097,3904,9549
2097,3904,9549
2097,3904,9549
2097,3904,9549
2097,3904,9549
2097,3904,9549
1970,3850,9563
1970,3850,9563
1970,3850,9563
1970,3850,9563
1970,3850,9563
1970,3850,9563
1970,3850,9563
1970,3850,9563
1970,3850,9563
1840,3867,9592
1840,3867,9592
1840,3867,9592
1840,3867,9592
1840,3867,9592
1840,3867,9592
1840,3867,9592
1840,3867,9592
1840,3867,9592
1728,3811,9613
1728,3811,9613
1728,3811,9613
1728,3811,9613
1728,3811,9613
1728,3811,9613
1728,3811,9613
1728,3811,9613
1728,3811,9613
1650,3815,9673
1650,3815,9673
1650,3815,9673
1650,3815,9673
1650,3815,9673
1650,3815,9673
1650,3815,9673
1650,3815,9673
1650,3815,9673
1517,3701,9641
1517,3701,9641
1517,3701,9641
1517,3701,9641
1517,3701,9641
1517,3701,9641
1517,3701,9641
1517,3701,9641
1517,3701,9641
1440,3691,9647
1440,3691,9647
1440,3691,9647
1440,3691,9647
1440,3691,9647
1440,3691,9647
1440,3691,9647
1440,3691,9647
1440,3691,9647
1314,3629,9685
1314,3629,9685
1314,3629,9685
1314,3629,9685
1314,3629,9685
1314,3629,9685
1314,3629,9685
1314,3629,9685
1314,3629,9685
1314,3629,9685
1240,3517,9699
1240,3517,9699
1240,3517,9699
1240,3517,9699
1240,3517,9699
1240,3517,9699
1240,3517,9699
1240,3517,9699
1240,3517,9699
1155,3442,9740
1155,3442,9740
1155,3442,9740
1155,3442,9740
1155,3442,9740
1155,3442,9740
1155,3442,9740
1155,3442,9740
1155,3442,9740
1124,3383,9720
1124,3383,9720
1124,3383,9720
1124,3383,9720
1124,3383,9720
1124,3383,9720
1124,3383,9720
1124,3383,9720
1124,3383,9720
1010,3321,9682
1010,3321,9682
1010,3321,9682
1010,3321,9682
1010,3321,9682
1010,3321,9682
1010,3321,9682
1010,3321,9682
1010,3321,9682
948,3214,9682
948,3214,9682
948,3214,9682
948,3214,9682
948,3214,9682
948,3214,9682
948,3214,9682
948,3214,9682
948,3214,9682
864,3148,9676
864,3148,9676
864,3148,9676
864,3148,9676
864,3148,9676
864,3148,9676
864,3148,9676
864,3148,9676
864,3148,9676
864,3148,9676
816,3032,9702
816,3032,9702
816,3032,9702
816,3032,9702
816,3032,9702
816,3032,9702
816,3032,9702
816,3032,9702
772,2990,9621
772,2990,9621
772,2990,9621
772,2990,9621
772,2990,9621
772,2990,9621
772,2990,9621
772,2990,9621
772,2990,9621
743,2906,9646
743,2906,9646
743,2906,9646
743,2906,9646
743,2906,9646
743,2906,9646
743,2906,9646
743,2906,9646
743,2906,9646
700,2781,9688
700,2781,9688
700,2781,9688
700,2781,9688
700,2781,9688
700,2781,9688
700,2781,9688
700,2781,9688
700,2781,9688
675,2715,9605
675,2715,9605
675,2715,9605
675,2715,9605
675,2715,9605
675,2715,9605
675,2715,9605
675,2715,9605
675,2715,9605
699,2592,9596
699,2592,9596
699,2592,9596
699,2592,9596
699,2592,9596
674,2498,9558
674,2498,9558
674,2498,9558
674,2498,9558
674,2498,9558
674,2498,9558
674,2498,9558
674,2498,9558
674,2498,9558
722,2364,9542
722,2364,9542
722,2364,9542
722,2364,9542
722,2364,9542
722,2364,9542
722,2364,9542
722,2364,9542
722,2364,9542
728,2247,9566
728,2247,9566
728,2247,9566
728,2247,9566
728,2247,9566
728,2247,9566
728,2247,9566
728,2247,9566
728,2247,9566
728,2247,9566
771,2122,9531
771,2122,9531
771,2122,9531
771,2122,9531
771,2122,9531
771,2122,9531
771,2122,9531
771,2122,9531
771,2122,9531
782,1931,9523
782,1931,9523
782,1931,9523
782,1931,9523
782,1931,9523
782,1931,9523
782,1931,9523
782,1931,9523
821,1804,9457
821,1804,9457
821,1804,9457
821,1804,9457
821,1804,9457
821,1804,9457
821,1804,9457
821,1804,9457
821,1804,9457
884,1742,9460
884,1742,9460
884,1742,9460
884,1742,9460
884,1742,9460
884,1742,9460
884,1742,9460
884,1742,9460
884,1742,9460
946,1625,9472
946,1625,9472
946,1625,9472
946,1625,9472
946,1625,9472
946,1625,9472
946,1625,9472
946,1625,9472
946,1625,9472
1020,1550,9404
1020,1550,9404
1020,1550,9404
1020,1550,9404
1020,1550,9404
1020,1550,9404
1020,1550,9404
1020,1550,9404
1020,1550,9404
1106,1430,9405
1106,1430,9405
1106,1430,9405
1106,1430,9405
1106,1430,9405
1106,1430,9405
1106,1430,9405
1106,1430,9405
1106,1430,9405
1201,1378,9354
1201,1378,9354
1201,1378,9354
1201,1378,9354
1201,1378,9354
1201,1378,9354
1201,1378,9354
1201,1378,9354
1201,1378,9354
1297,1325,9366
1297,1325,9366
1297,1325,9366
1297,1325,9366
1297,1325,9366
1297,1325,9366
1297,1325,9366
1297,1325,9366
1297,1325,9366
1297,1325,9366
1380,1291,9382
1380,1291,9382
1380,1291,9382
1380,1291,9382
1380,1291,9382
1380,1291,9382
1380,1291,9382
1380,1291,9382
1380,1291,9382
1424,1296,9272
1424,1296,9272
1424,1296,9272
1424,1296,9272
1424,1296,9272
1424,1296,9272
1424,1296,9272
1424,1296,9272
1424,1296,9272
1424,1296,9272
1505,1258,9317
1505,1258,9317
1505,1258,9317
1505,1258,9317
1505,1258,9317
1505,1258,9317
1505,1258,9317
1505,1258,9317
1599,1230,9267
1599,1230,9267
1599,1230,9267
1599,1230,9267
1599,1230,9267
1599,1230,9267
1599,1230,9267
1599,1230,9267
1599,1230,9267
1688,1203,9290
1688,1203,9290
1688,1203,9290
1688,1203,9290
1688,1203,9290
1688,1203,9290
1688,1203,9290
1688,1203,9290
1688,1203,9290
1849,1227,9298
1849,1227,9298
1849,1227,9298
1849,1227,9298
1849,1227,9298
1849,1227,9298
1849,1227,9298
1849,1227,9298
1849,1227,9298
1928,1199,9300
1928,1199,9300
1928,1199,9300
1928,1199,9300
1928,1199,9300
1928,1199,9300
1928,1199,9300
1928,1199,9300
1928,1199,9300
2097,1216,9271
2097,1216,9271
2097,1216,9271
2097,1216,9271
2097,1216,9271
2097,1216,9271
2097,1216,9271
2097,1216,9271
2097,1216,9271
2193,1205,9225
2193,1205,9225
2193,1205,9225
2193,1205,9225
2193,1205,9225
2193,1205,9225
2193,1205,9225
2193,1205,9225
2193,1205,9225
2271,1202,9227
2271,1202,9227
2271,1202,9227
2271,1202,9227
2271,1202,9227
2271,1202,9227
2271,1202,9227
2271,1202,9227
2271,1202,9227
2366,1238,9182
2366,1238,9182
2366,1238,9182
2366,1238,9182
2366,1238,9182
2366,1238,9182
2366,1238,9182
2366,1238,9182
2366,1238,9182
2485,1267,9151
2485,1267,9151
2485,1267,9151
2485,1267,9151
2485,1267,9151
2485,1267,9151
2485,1267,9151
2485,1267,9151
2485,1267,9151
2485,1267,9151
2603,1251,9095
2603,1251,9095
2603,1251,9095
2603,1251,9095
2603,1251,9095
2603,1251,9095
2603,1251,9095
2603,1251,9095
2603,1251,9095
2738,1316,9051
2738,1316,9051
2738,1316,9051
2738,1316,9051
2738,1316,9051
2738,1316,9051
2738,1316,9051
2738,1316,9051
2738,1316,9051
2916,1398,9023
2916,1398,9023
2916,1398,9023
2916,1398,9023
2916,1398,9023
2916,1398,9023
2916,1398,9023
2916,1398,9023
2916,1398,9023
3045,1450,8975
3045,1450,8975
3045,1450,8975
3045,1450,8975
3045,1450,8975
3045,1450,8975
3045,1450,8975
3045,1450,8975
3045,1450,8975
3205,1508,8926
3205,1508,8926
3205,1508,8926
3205,1508,8926
3205,1508,8926
3307,1622,8913
3307,1622,8913
3307,1622,8913
3307,1622,8913
3307,1622,8913
3307,1622,8913
3307,1622,8913
3307,1622,8913
3480,1719,8831
3480,1719,8831
3480,1719,8831
3480,1719,8831
3480,1719,8831
3480,1719,8831
3480,1719,8831
3480,1719,8831
3480,1719,8831
3523,1771,8853
3523,1771,8853
3523,1771,8853
3523,1771,8853
3523,1771,8853
3523,1771,8853
3523,1771,8853
3523,1771,8853
3523,1771,8853
3651,1839,8816
3651,1839,8816
3651,1839,8816
3651,1839,8816
3651,1839,8816
3651,1839,8816
3651,1839,8816
3651,1839,8816
3651,1839,8816
3651,1839,8816
3704,1920,8785
3704,1920,8785
3704,1920,8785
3704,1920,8785
3704,1920,8785
3704,1920,8785
3704,1920,8785
3704,1920,8785
3704,1920,8785
3717,2000,8816
3717,2000,8816
3717,2000,8816
3717,2000,8816
3717,2000,8816
3717,2000,8816
3717,2000,8816
3717,2000,8816
3745,2027,8799
3745,2027,8799
3745,2027,8799
3745,2027,8799
3745,2027,8799
3745,2027,8799
3745,2027,8799
3745,2027,8799
3745,2027,8799
3783,2099,8812
3783,2099,8812
3783,2099,8812
3783,2099,8812
3783,2099,8812
3783,2099,8812
3783,2099,8812
3783,2099,8812
3783,2099,8812
3787,2174,8810
3787,2174,8810
3787,2174,8810
3787,2174,8810
3787,2174,8810
3787,2174,8810
3787,2174,8810
3787,2174,8810
3787,2174,8810
3787,2174,8810
3796,2228,8850
3796,2228,8850
3796,2228,8850
3796,2228,8850
3796,2228,8850
3796,2228,8850
3796,2228,8850
3796,2228,8850
3796,2228,8850
3820,2286,8826
3820,2286,8826
3820,2286,8826
3820,2286,8826
3820,2286,8826
3820,2286,8826
3820,2286,8826
3820,2286,8826
3820,2286,8826
3820,2286,8831
3822,2330,8831
3822,2330,8831
3822,2330,8831
3822,2330,8831
3822,2330,8831
3822,2330,8831
3822,2330,8831
3822,2330,8831
3822,2330,8831
3857,2375,8888
3857,2375,8888
3857,2375,8888
3857,2375,8888
3857,2375,8888
3857,2375,8888
3857,2375,8888
3857,2375,8888
3857,2375,8888
3884,2460,8841
3884,2460,8841
3884,2460,8841
3884,2460,8841
3884,2460,8841
3884,2460,8841
3884,2460,8841
3884,2460,8841
3884,2460,8841
3913,2536,8849
3913,2536,8849
3913,2536,8849
3913,2536,8849
3913,2536,8849
3913,2536,8849
3913,2536,8849
3913,2536,8849
3913,2536,8849
3937,2569,8850
3937,2569,8850
3937,2569,8850
3937,2569,8850
3937,2569,8850
3937,2569,8850
3937,2569,8850
3937,2569,8850
3937,2569,8850
3907,2630,8894
3907,2630,8894
3907,2630,8894
3907,2630,8894
3907,2630,8894
3907,2630,8894
3907,2630,8894
3907,2630,8894
3907,2630,8915
3935,2768,8915
3935,2768,8915
3935,2768,8915
3935,2768,8915
3935,2768,8915
3935,2768,8915
3935,2768,8915
3935,2768,8915
3935,2768,8915
3944,2847,8877
3944,2847,8877
3944,2847,8877
3944,2847,8877
3944,2847,8877
3944,2847,8877
3944,2847,8877
3944,2847,8877
3944,2847,8877
3936,2890,8914
3936,2890,8914
3936,2890,8914
3936,2890,8914
3936,2890,8914
3936,2890,8914
3936,2890,8914
3936,2890,8914
3936,2890,8888
3913,2958,8888
3913,2958,8888
3913,2958,8888
3913,2958,8888
3913,2958,8888
3913,2958,8888
3913,2958,8888
3913,2958,8888
3913,2958,8888
3866,3040,8929
3866,3040,8929
3866,3040,8929
3866,3040,8929
3866,3040,8929
3866,3040,8929
3866,3040,8929
3866,3040,8929
3866,3040,8929
3866,3040,8929
3839,3133,8930
3839,3133,8930
3839,3133,8930
3839,3133,8930
3839,3133,8930
3839,3133,8930
3839,3133,8930
3839,3133,8930
3839,3133,8930
3838,3267,8956
3838,3267,8956
3838,3267,8956
3838,3267,8956
3838,3267,8956
3838,3267,8956
3838,3267,8956
3838,3267,8956
3838,3267,8956
3798,3386,9008
3798,3386,9008
3798,3386,9008
3798,3386,9008
3798,3386,9008
3798,3386,9008
3798,3386,9008
3798,3386,9008
3798,3386,9008
3722,3494,9022
3722,3494,9022
3722,3494,9022
3722,3494,9022
3722,3494,9022
3722,3494,9022
3722,3494,9022
3722,3494,9022
3722,3494,9022
3700,3625,9023
3700,3625,9023
3700,3625,9023
3700,3625,9023
3700,3625,9023
3700,3625,9023
3700,3625,9023
3700,3625,9023
3700,3625,9023
3656,3661,9084
3656,3661,9084
3656,3661,9084
3656,3661,9084
3656,3661,9084
3656,3661,9084
3656,3661,9084
3656,3661,9084
3656,3661,9084
3551,3692,9125
3551,3692,9125
3551,3692,9125
3551,3692,9125
3363,3732,9217
3363,3732,9217
3363,3732,9217
3363,3732,9217
3363,3732,9217
3363,3732,9217
3363,3732,9217
3363,3732,9217
3363,3732,9217
3240,3759,9267
3240,3759,9267
3240,3759,9267
3240,3759,9267
3240,3759,9267
3240,3759,9267
3240,3759,9267
3240,3759,9267
3240,3759,9267
3130,3718,9358
3130,3718,9358
3130,3718,9358
3130,3718,9358
3130,3718,9358
3130,3718,9358
3130,3718,9358
3130,3718,9358
3130,3718,9358
3130,3718,9358
3205,3836,9287
3205,3836,9287
3205,3836,9287
3205,3836,9287
3205,3836,9287
3205,3836,9287
3205,3836,9287
3205,3836,9287
3205,3836,9287
3245,3783,9263
3245,3783,9263
3245,3783,9263
3245,3783,9263
3245,3783,9263
3245,3783,9263
3245,3783,9263
3245,3783,9263
3245,3783,9263
3145,3829,9269
3145,3829,9269
3145,3829,9269
3145,3829,9269
3145,3829,9269
3145,3829,9269
3145,3829,9269
3145,3829,9269
3145,3829,9269
3120,3817,9355
3120,3817,9355
3120,3817,9355
3120,3817,9355
3120,3817,9355
3120,3817,9355
3120,3817,9355
3120,3817,9355
3120,3817,9355
3120,3813,9331
2994,3813,9331
2994,3813,9331
2994,3813,9331
2994,3813,9331
2994,3813,9331
2994,3813,9331
2994,3813,9331
2994,3813,9331
3001,3862,9294
3001,3862,9294
3001,3862,9294
3001,3862,9294
3001,3862,9294
3001,3862,9294
3001,3862,9294
3001,3862,9294
3001,3862,9294
2995,3798,9380
2995,3798,9380
2995,3798,9380
2995,3798,9380
2995,3798,9380
2995,3798,9380
2995,3798,9380
2995,3798,9380
2995,3798,9380
2965,3762,9374
2965,3762,9374
2965,3762,9374
2965,3762,9374
2965,3762,9374
2965,3762,9374
2965,3762,9374
2965,3762,9374
2965,3762,9374
2933,3801,9374
2933,3801,9374
2933,3801,9374
2933,3801,9374
2933,3801,9374
2933,3801,9374
2933,3801,9374
2933,3801,9374
2933,3801,9374
2844,3907,9357
2844,3907,9357
2844,3907,9357
2844,3907,9357
2844,3907,9357
2844,3907,9357
2844,3907,9357
2844,3907,9357
2844,3907,9357
2750,3980,9377
2750,3980,9377
2750,3980,9377
2750,3980,9377
2750,3980,9377
2750,3980,9377
2750,3980,9377
2750,3980,9377
2750,3980,9377
2714,3999,9388
2714,3999,9388
2714,3999,9388
2714,3999,9388
2714,3999,9388
2714,3999,9388
2714,3999,9388
2714,3999,9388
2714,3999,9388
2714,3999,9388
2589,3960,9425
2589,3960,9425
2589,3960,9425
2589,3960,9425
2589,3960,9425
2589,3960,9425
2589,3960,9425
2589,3960,9425
2589,3960,9425
2589,3987,9429
2516,3987,9429
2516,3987,9429
2516,3987,9429
2516,3987,9429
2516,3987,9429
2516,3987,9429
2516,3987,9429
2516,3987,9429
2516,3987,9429
2439,3970,9448
2439,3970,9448
2439,3970,9448
2439,3970,9448
2439,3970,9448
2439,3970,9448
2439,3970,9448
2439,3970,9448
2364,3957,9472
2364,3957,9472
2364,3957,9472
2364,3957,9472
2364,3957,9472
2364,3957,9472
2364,3957,9472
2364,3957,9472
2364,3957,9472
2261,3965,9491
2261,3965,9491
2261,3965,9491
2261,3965,9491
2261,3965,9491
2261,3965,9491
2261,3965,9491
2261,3965,9491
2261,3965,9491
2148,3945,9534
2148,3945,9534
2148,3945,9534
2148,3945,9534
2148,3945,9534
2148,3945,9534
2148,3945,9534
2148,3945,9534
2148,3945,9534
2143,3900,9553
2143,3900,9553
2143,3900,9553
2143,3900,9553
2143,3900,9553
2143,3900,9553
2143,3900,9553
2143,3900,9553
2143,3900,9553
2039,3848,9562
2039,3848,9562
2039,3848,9562
2039,3848,9562
2039,3848,9562
2039,3848,9562
2039,3848,9562
2039,3848,9562
2039,3848,9562
1908,3786,9579
1908,3786,9579
1908,3786,9579
1908,3786,9579
1908,3786,9579
1908,3786,9579
1908,3786,9579
1908,3786,9579
1908,3786,9579
1908,3786,9579
1824,3680,9656
1824,3680,9656
1824,3680,9656
1824,3680,9656
1824,3680,9656
1824,3680,9656
1824,3680,9656
1824,3680,9656
1824,3680,9656
1738,3601,9651
1738,3601,9651
1738,3601,9651
1738,3601,9651
1738,3601,9651
1738,3601,9651
1738,3601,9651
1738,3601,9651
1738,3601,9651
1728,3652,9653
1728,3652,9653
1728,3652,9653
1728,3652,9653
1728,3652,9653
1728,3652,9653
1728,3652,9653
1728,3652,9653
1728,3652,9653
1667,3602,9644
1667,3602,9644
1667,3602,9644
1667,3602,9644
1667,3602,9644
1667,3602,9644
1667,3602,9644
1667,3602,9644
1607,3606,9653
1607,3606,9653
1607,3606,9653
1607,3606,9653
1607,3606,9653
1490,3430,9682
1490,3430,9682
1490,3430,9682
1490,3430,9682
1490,3430,9682
1490,3430,9682
1490,3430,9682
1490,3430,9682
1490,3430,9682
1489,3300,9750
1489,3300,9750
1489,3300,9750
1489,3300,9750
1489,3300,9750
1489,3300,9750
1489,3300,9750
1489,3300,9750
1489,3300,9750
1471,3250,9721
1471,3250,9721
1471,3250,9721
1471,3250,9721
1471,3250,9721
1471,3250,9721
1471,3250,9721
1471,3250,9721
1471,3250,9721
1387,3171,9675
1387,3171,9675
1387,3171,9675
1387,3171,9675
1387,3171,9675
1387,3171,9675
1387,3171,9675
1387,3171,9675
1387,3171,9675
1367,3093,9743
1367,3093,9743
1367,3093,9743
1367,3093,9743
1367,3093,9743
1367,3093,9743
1367,3093,9743
1367,3093,9743
1367,3093,9743
1340,2972,9722
1340,2972,9722
1340,2972,9722
1340,2972,9722
1340,2972,9722
1340,2972,9722
1340,2972,9722
1340,2972,9722
1340,2972,9722
1289,2890,9756
1289,2890,9756
1289,2890,9756
1289,2890,9756
1289,2890,9756
1289,2890,9756
1289,2890,9756
1289,2890,9756
1289,2890,9756
1289,2890,9756
1254,2797,9749
1254,2797,9749
1254,2797,9749
1254,2797,9749
1254,2797,9749
1254,2797,9749
1254,2797,9749
1254,2797,9749
1254,2797,9749
1254,2797,9749
1269,2783,9703
1269,2783,9703
1269,2783,9703
1269,2783,9703
1269,2783,9703
1269,2783,9703
1269,2783,9703
1269,2783,9703
1269,2783,9703
1256,2706,9752
1256,2706,9752
1256,2706,9752
1256,2706,9752
1256,2706,9752
1256,2706,9752
1256,2706,9752
1256,2706,9752
1301,2636,9701
1301,2636,9701
1301,2636,9701
1301,2636,9701
1301,2636,9701
1301,2636,9701
1301,2636,9701
1301,2636,9701
1301,2636,9701
1306,2542,9676
1306,2542,9676
1306,2542,9676
1306,2542,9676
1306,2542,9676
1306,2542,9676
1306,2542,9676
1306,2542,9676
1306,2542,9676
1263,2469,9727
1263,2469,9727
1263,2469,9727
1263,2469,9727
1263,2469,9727
1263,2469,9727
1263,2469,9727
1263,2469,9727
1263,2469,9727
1254,2375,9704
1254,2375,9704
1254,2375,9704
1254,2375,9704
1254,2375,9704
1254,2375,9704
1254,2375,9704
1254,2375,9704
1254,2375,9704
1272,2278,9666
1272,2278,9666
1272,2278,9666
1272,2278,9666
1272,2278,9666
1272,2278,9666
1272,2278,9666
1272,2278,9666
1272,2278,9666
1268,2210,9662
1268,2210,9662
1268,2210,9662
1268,2210,9662
1268,2210,9662
1268,2210,9662
1268,2210,9662
1268,2210,9662
1268,2210,9662
1295,2125,9648
1295,2125,9648
1295,2125,9648
1295,2125,9648
1295,2125,9648
1295,2125,9648
1295,2125,9648
1295,2125,9648
1295,2125,9648
1295,2125,9648
1323,2032,9586
1323,2032,9586
1323,2032,9586
1323,2032,9586
1323,2032,9586
1323,2032,9586
1323,2032,9586
1323,2032,9586
1435,1913,9576
1435,1913,9576
1435,1913,9576
1435,1913,9576
1435,1913,9576
1435,1913,9576
1435,1913,9576
1435,1913,9576
1435,1913,9576
1435,1913,9576
1529,1804,9548
1529,1804,9548
1529,1804,9548
1529,1804,9548
1529,1804,9548
1529,1804,9548
1529,1804,9548
1529,1804,9548
1529,1804,9548
1615,1729,9495
1615,1729,9495
1615,1729,9495
1615,1729,9495
1615,1729,9495
1615,1729,9495
1615,1729,9495
1615,1729,9495
1615,1729,9495
1684,1660,9510
1684,1660,9510
1684,1660,9510
1684,1660,9510
1684,1660,9510
1684,1660,9510
1684,1660,9510
1684,1660,9510
1684,1660,9510
1727,1601,9497
1727,1601,9497
1727,1601,9497
1727,1601,9497
1727,1601,9497
1727,1601,9497
1727,1601,9497
1727,1601,9497
1727,1601,9497
1740,1572,9414
1740,1572,9414
1740,1572,9414
1740,1572,9414
1740,1572,9414
1740,1572,9414
1740,1572,9414
1740,1572,9414
1740,1572,9414
1714,1493,9447
1714,1493,9447
1714,1493,9447
1714,1493,9447
1714,1493,9447
1714,1493,9447
1714,1493,9447
1714,1493,9447
1714,1493,9447
1666,1481,9403
1666,1481,9403
1666,1481,9403
1666,1481,9403
1666,1481,9403
1666,1481,9403
1666,1481,9403
1666,1481,9403
1666,1481,9403
1666,1481,9403
1646,1403,9405
1646,1403,9405
1646,1403,9405
1646,1403,9405
1646,1403,9405
1646,1403,9405
1646,1403,9405
1646,1403,9405
1646,1403,9405
1674,1403,9367
1674,1403,9367
1674,1403,9367
1674,1403,9367
1674,1403,9367
1593,1385,9329
1593,1385,9329
1593,1385,9329
1593,1385,9329
1593,1385,9329
1593,1385,9329
1593,1385,9329
1593,1385,9329
1593,1385,9329
1582,1299,9288
1582,1299,9288
1582,1299,9288
1582,1299,9288
1582,1299,9288
1582,1299,9288
1582,1299,9288
1582,1299,9288
1581,1288,9277
1581,1288,9277
1581,1288,9277
1581,1288,9277
1581,1288,9277
1581,1288,9277
1581,1288,9277
1581,1288,9277
1581,1288,9277
1529,1300,9278
1529,1300,9278
1529,1300,9278
1529,1300,9278
1529,1300,9278
1529,1300,9278
1529,1300,9278
1529,1300,9278
1529,1300,9278
1432,1265,9218
1432,1265,9218
1432,1265,9218
1432,1265,9218
1432,1265,9218
1432,1265,9218
1432,1265,9218
1432,1265,9218
1432,1265,9218
1408,1250,9196
1408,1250,9196
1408,1250,9196
1408,1250,9196
1408,1250,9196
1408,1250,9196
1408,1250,9196
1408,1250,9196
1408,1250,9196
1324,1255,9265
1324,1255,9265
1324,1255,9265
1324,1255,9265
1324,1255,9265
1324,1255,9265
1324,1255,9265
1324,1255,9265
1324,1255,9265
1216,1256,9213
1216,1256,9213
1216,1256,9213
1216,1256,9213
1216,1256,9213
1216,1256,9213
1216,1256,9213
1216,1256,9213
1216,1256,9213
1099,1230,9163
1099,1230,9163
1099,1230,9163
1099,1230,9163
1099,1230,9163
1099,1230,9163
1099,1230,9163
1099,1230,9163
1099,1230,9163
1099,1230,9163
1029,1210,9149
1029,1210,9149
1029,1210,9149
1029,1210,9149
1029,1210,9149
1029,1210,9149
1029,1210,9149
1029,1210,9149
1035,1191,9097
1035,1191,9097
1035,1191,9097
1035,1191,9097
1035,1191,9097
1035,1191,9097
1035,1191,9097
1035,1191,9097
1035,1191,9097
1035,1191,9097
1181,1196,9125
1181,1196,9125
1181,1196,9125
1181,1196,9125
1181,1196,9125
1181,1196,9125
1181,1196,9125
1181,1196,9125
1181,1196,9125
1181,1196,9125
1345,1244,9172
1345,1244,9172
1345,1244,9172
1345,1244,9172
1345,1244,9172
1345,1244,9172
1345,1244,9172
1345,1244,9172
1428,1293,9195
1428,1293,9195
1428,1293,9195
1428,1293,9195
1428,1293,9195
1428,1293,9195
1428,1293,9195
1428,1293,9195
1428,1293,9195
1496,1318,9215
1496,1318,9215
1496,1318,9215
1496,1318,9215
1496,1318,9215
1496,1318,9215
1496,1318,9215
1496,1318,9215
1496,1318,9215
1510,1341,9222
1510,1341,9222
1510,1341,9222
1510,1341,9222
1510,1341,9222
1510,1341,9222
1510,1341,9222
1510,1341,9222
1510,1341,9222
1513,1378,9244
1513,1378,9244
1513,1378,9244
1513,1378,9244
1513,1378,9244
1513,1378,9244
1513,1378,9244
1513,1378,9244
1513,1378,9244
1521,1427,9259
1521,1427,9259
1521,1427,9259
1521,1427,9259
1521,1427,9259
1521,1427,9259
1521,1427,9259
1521,1427,9259
1521,1427,9259
1521,1427,9259
1494,1478,9267
1494,1478,9267
1494,1478,9267
1494,1478,9267
1494,1478,9267
1494,1478,9267
1494,1478,9267
1494,1478,9267
1494,1478,9267
1536,1541,9309
1536,1541,9309
1536,1541,9309
1536,1541,9309
1536,1541,9309
1536,1541,9309
1536,1541,9309
1536,1541,9309
1536,1541,9309
1605,1615,9337
1605,1615,9337
1605,1615,9337
1605,1615,9337
1605,1615,9337
1605,1615,9337
1605,1615,9337
1605,1615,9337
1605,1615,9337
1613,1623,9349
1613,1623,9349
1613,1623,9349
1613,1623,9349
1613,1623,9349
1613,1623,9349
1613,1623,9349
1613,1623,9349
1613,1623,9349
1701,1610,9368
1701,1610,9368
1701,1610,9368
1701,1610,9368
1701,1610,9368
1701,1610,9368
1701,1610,9368
1701,1610,9368
1907,1633,9261
1907,1633,9261
1907,1633,9261
1907,1633,9261
1907,1633,9261
1907,1633,9261
1907,1633,9261
1907,1633,9261
1907,1633,9261
1907,1633,9261
2133,1633,9229
2133,1633,9229
2133,1633,9229
2133,1633,9229
2133,1633,9229
2133,1633,9229
2133,1633,9229
2133,1633,9229
2133,1633,9229
2415,1602,9193
2415,1602,9193
2415,1602,9193
2415,1602,9193
2415,1602,9193
2415,1602,9193
2415,1602,9193
2415,1602,9193
2415,1602,9193
2623,1529,9086
2623,1529,9086
2623,1529,9086
2623,1529,9086
2623,1529,9086
2623,1529,9086
2623,1529,9086
2623,1529,9086
2623,1529,9086
2623,1529,9086
2750,1503,9014
2750,1503,9014
2750,1503,9014
2750,1503,9014
2750,1503,9014
2750,1503,9014
2750,1503,9014
2750,1503,9014
2750,1503,9014
2853,1503,8968
2853,1503,8968
2853,1503,8968
2853,1503,8968
2891,1564,8966
2891,1564,8966
2891,1564,8966
2891,1564,8966
2891,1564,8966
2891,1564,8966
2891,1564,8966
2891,1564,8966
2891,1564,8966
2887,1593,9020
2887,1593,9020
2887,1593,9020
2887,1593,9020
2887,1593,9020
2887,1593,9020
2887,1593,9020
2887,1593,9020
2887,1593,9020
2836,1615,9065
2836,1615,9065
2836,1615,9065
2836,1615,9065
2836,1615,9065
2836,1615,9065
2836,1615,9065
2836,1615,9065
2836,1615,9065
2836,1615,9065
2807,1626,9103
2807,1626,9103
2807,1626,9103
2807,1626,9103
2807,1626,9103
2807,1626,9103
2807,1626,9103
2807,1626,9103
2731,1695,9135
2731,1695,9135
2731,1695,9135
2731,1695,9135
2731,1695,9135
2731,1695,9135
2731,1695,9135
2731,1695,9135
2731,1695,9135
2676,1748,9170
2676,1748,9170
2676,1748,9170
2676,1748,9170
2676,1748,9170
2676,1748,9170
2676,1748,9170
2676,1748,9170
2676,1748,9170
2727,1873,9237
2727,1873,9237
2727,1873,9237
2727,1873,9237
2727,1873,9237
2727,1873,9237
2727,1873,9237
2727,1873,9237
2727,1873,9237
2727,1873,9237
2745,1978,9322
2745,1978,9322
2745,1978,9322
2745,1978,9322
2745,1978,9322
2745,1978,9322
2745,1978,9322
2745,1978,9322
2745,1978,9322
2719,2072,9356
2719,2072,9356
2719,2072,9356
2719,2072,9356
2719,2072,9356
2719,2072,9356
2719,2072,9356
2719,2072,9356
2719,2072,9356
2689,2126,9359
2689,2126,9359
2689,2126,9359
2689,2126,9359
2689,2126,9359
2689,2126,9359
2689,2126,9359
2689,2126,9359
2689,2126,9359
2672,2159,9362
2672,2159,9362
2672,2159,9362
2672,2159,9362
2672,2159,9362
2672,2159,9362
2672,2159,9362
2672,2159,9362
2672,2159,9362
2686,2276,9425
2686,2276,9425
2686,2276,9425
2686,2276,9425
2686,2276,9425
2686,2276,9425
2686,2276,9425
2686,2276,9425
2686,2276,9425
2686,2373,9391
2714,2373,9391
2714,2373,9391
2714,2373,9391
2714,2373,9391
2714,2373,9391
2714,2373,9391
2714,2373,9391
2714,2373,9391
2714,2373,9391
2702,2443,9417
2702,2443,9417
2702,2443,9417
2702,2443,9417
2702,2443,9417
2702,2443,9417
2702,2443,9417
2702,2443,9417
2638,2438,9510
2638,2438,9510
2638,2438,9510
2638,2438,9510
2638,2438,9510
2638,2438,9510
2638,2438,9510
2638,2438,9510
2638,2438,9510
2638,2438,9510
2636,2525,9463
2636,2525,9463
2636,2525,9463
2636,2525,9463
2636,2525,9463
2636,2525,9463
2636,2525,9463
2636,2525,9463
2636,2525,9463
2643,2588,9533
2643,2588,9533
2643,2588,9533
2643,2588,9533
2643,2588,9533
2643,2588,9533
2643,2588,9533
2643,2588,9533
2643,2588,9533
2583,2688,9514
2583,2688,9514
2583,2688,9514
2583,2688,9514
2583,2688,9514
2583,2688,9514
2583,2688,9514
2583,2688,9514
2583,2688,9514
2496,2722,9527
2496,2722,9527
2496,2722,9527
2496,2722,9527
2496,2722,9527
2496,2722,9527
2496,2722,9527
2496,2722,9527
2496,2722,9527
2485,2797,9575
2485,2797,9575
2485,2797,9575
2485,2797,9575
2485,2797,9575
2485,2797,9575
2485,2797,9575
2485,2797,9575
2485,2797,9575
2423,2880,9560
2423,2880,9560
2423,2880,9560
2423,2880,9560
2423,2880,9560
2423,2880,9560
2423,2880,9560
2423,2880,9560
2423,2880,9560
2409,2944,9608
2409,2944,9608
2409,2944,9608
2409,2944,9608
2409,2944,9608
2409,2944,9608
2409,2944,9608
2409,2944,9608
2409,2944,9608
2340,3015,9634
2340,3015,9634
2340,3015,9634
2340,3015,9634
2340,3015,9634
2340,3015,9634
2340,3015,9634
2340,3015,9634
2340,3015,9634
2340,3015,9634
2264,3027,9582
2264,3027,9582
2264,3027,9582
2264,3027,9582
2264,3027,9582
2264,3027,9582
2264,3027,9582
2264,3027,9582
2175,3055,9664
2175,3055,9664
2175,3055,9664
2175,3055,9664
2175,3055,9664
2175,3055,9664
2175,3055,9664
2175,3055,9664
2175,3055,9664
2083,3082,9653
2083,3082,9653
2083,3082,9653
2083,3082,9653
2083,3082,9653
2083,3082,9653
2083,3082,9653
2083,3082,9653
2083,3082,9653
2036,3113,9661
2036,3113,9661
2036,3113,9661
2036,3113,9661
2036,3113,9661
2036,3113,9661
2036,3113,9661
2036,3113,9661
2036,3113,9661
1903,3099,9735
1903,3099,9735
1903,3099,9735
1903,3099,9735
1903,3099,9735
1903,3099,9735
1903,3099,9735
1903,3099,9735
1903,3099,9735
1775,3123,9680
1775,3123,9680
1775,3123,9680
1775,3123,9680
1775,3123,9680
1696,3124,9691
1696,3124,9691
1696,3124,9691
1696,3124,9691
1696,3124,9691
1696,3124,9691
1696,3124,9691
1696,3124,9691
1696,3124,9691
1543,3142,9695
1543,3142,9695
1543,3142,9695
1543,3142,9695
1543,3142,9695
1543,3142,9695
1543,3142,9695
1543,3142,9695
1543,3142,9695
1466,3131,9757
1466,3131,9757
1466,3131,9757
1466,3131,9757
1466,3131,9757
1466,3131,9757
1466,3131,9757
1466,3131,9757
1466,3131,9757
1287,3091,9757
1287,3091,9757
1287,3091,9757
1287,3091,9757
1287,3091,9757
1287,3091,9757
1287,3091,9757
1287,3091,9757
1287,3091,9757
1287,3091,9757
1178,3073,9683
1178,3073,9683
1178,3073,9683
1178,3073,9683
1178,3073,9683
1178,3073,9683
1178,3073,9683
1178,3073,9683
1077,3031,9703
1077,3031,9703
1077,3031,9703
1077,3031,9703
1077,3031,9703
1077,3031,9703
1077,3031,9703
1077,3031,9703
1077,3031,9703
965,2930,9694
965,2930,9694
965,2930,9694
965,2930,9694
965,2930,9694
965,2930,9694
965,2930,9694
965,2930,9694
965,2930,9694
965,2930,9694
901,2940,9692
901,2940,9692
901,2940,9692
901,2940,9692
901,2940,9692
901,2940,9692
901,2940,9692
901,2940,9692
901,2940,9692
755,2897,9701
755,2897,9701
755,2897,9701
755,2897,9701
755,2897,9701
755,2897,9701
755,2897,9701
755,2897,9701
755,2897,9701
682,2881,9669
682,2881,9669
682,2881,9669
682,2881,9669
682,2881,9669
682,2881,9669
682,2881,9669
682,2881,9669
682,2881,9669
580,2782,9624
580,2782,9624
580,2782,9624
580,2782,9624
580,2782,9624
580,2782,9624
580,2782,9624
580,2782,9624
580,2782,9624
489,2709,9558
489,2709,9558
489,2709,9558
489,2709,9558
489,2709,9558
489,2709,9558
489,2709,9558
489,2709,9558
489,2709,9558
432,2633,9594
432,2633,9594
432,2633,9594
432,2633,9594
432,2633,9594
432,2633,9594
432,2633,9594
432,2633,9594
432,2633,9594
432,2633,9594
362,2570,9520
362,2570,9520
362,2570,9520
362,2570,9520
362,2570,9520
362,2570,9520
362,2570,9520
362,2570,9520
362,2570,9520
285,2534,9475
285,2534,9475
285,2534,9475
285,2534,9475
285,2534,9475
285,2534,9475
285,2534,9475
285,2534,9475
285,2534,9475
211,2463,9413
211,2463,9413
211,2463,9413
211,2463,9413
211,2463,9413
211,2463,9413
211,2463,9413
211,2463,9413
164,2384,9410
164,2384,9410
164,2384,9410
164,2384,9410
164,2384,9410
164,2384,9410
164,2384,9410
164,2384,9410
164,2384,9410
99,2279,9377
99,2279,9377
99,2279,9377
99,2279,9377
99,2279,9377
99,2279,9377
99,2279,9377
99,2279,9377
99,2279,9377
40,2206,9311
40,2206,9311
40,2206,9311
40,2206,9311
40,2206,9311
40,2206,9311
40,2206,9311
40,2206,9311
40,2206,9311
40,2206,9311
-13,2133,9247
-13,2133,9247
-13,2133,9247
-13,2133,9247
-13,2133,9247
-13,2133,9247
-13,2133,9247
-13,2133,9247
-13,2133,9247
-86,1965,9247
-86,1965,9247
-86,1965,9247
-86,1965,9247
-86,1965,9247
-86,1965,9247
-86,1965,9247
-86,1965,9247
-86,1965,9247
-128,1869,9167
-128,1869,9167
-128,1869,9167
-128,1869,9167
-128,1869,9167
-128,1869,9167
-128,1869,9167
-128,1869,9167
-128,1869,9167
-128,1869,9167
-108,1739,9123
-108,1739,9123
-108,1739,9123
-108,1739,9123
-108,1739,9123
-108,1739,9123
-108,1739,9123
-108,1739,9123
-108,1739,9123
-69,1628,9060
-69,1628,9060
-69,1628,9060
-69,1628,9060
-69,1628,9060
-69,1628,9060
-69,1628,9060
-69,1628,9060
-69,1628,9060
-74,1527,9032
-74,1527,9032
-74,1527,9032
-74,1527,9032
-74,1527,9032
-74,1527,9032
-74,1527,9032
-74,1527,9032
-74,1527,9032
14,1371,8924
14,1371,8924
14,1371,8924
14,1371,8924
14,1371,8924
14,1371,8924
14,1371,8924
14,1371,8924
53,1250,8925
53,1250,8925
53,1250,8925
53,1250,8925
53,1250,8925
53,1250,8925
53,1250,8925
53,1250,8925
53,1250,8925
83,1169,8868
83,1169,8868
83,1169,8868
83,1169,8868
83,1169,8868
83,1169,8868
83,1169,8868
83,1169,8868
83,1169,8868
168,1090,8841
168,1090,8841
168,1090,8841
168,1090,8841
168,1090,8841
168,1090,8841
168,1090,8841
168,1090,8841
168,1090,8841
215,1009,8840
215,1009,8840
215,1009,8840
215,1009,8840
265,946,8804
265,946,8804
265,946,8804
265,946,8804
265,946,8804
265,946,8804
265,946,8804
265,946,8804
265,946,8804
265,946,8804
381,868,8802
381,868,8802
381,868,8802
381,868,8802
381,868,8802
381,868,8802
381,868,8802
381,868,8802
381,868,8802
377,805,8715
377,805,8715
377,805,8715
377,805,8715
377,805,8715
377,805,8715
377,805,8715
377,805,8715
377,805,8715
505,713,8708
505,713,8708
505,713,8708
505,713,8708
505,713,8708
505,713,8708
505,713,8708
505,713,8708
505,713,8708
551,676,8658
551,676,8658
551,676,8658
551,676,8658
551,676,8658
551,676,8658
551,676,8658
551,676,8658
551,676,8658
587,633,8645
587,633,8645
587,633,8645
587,633,8645
587,633,8645
587,633,8645
587,633,8645
587,633,8645
587,633,8645
656,579,8617
656,579,8617
656,579,8617
656,579,8617
656,579,8617
656,579,8617
656,579,8617
656,579,8617
656,579,8617
757,554,8686
757,554,8686
757,554,8686
757,554,8686
757,554,8686
757,554,8686
757,554,8686
757,554,8686
757,554,8686
863,515,8646
863,515,8646
863,515,8646
863,515,8646
863,515,8646
863,515,8646
863,515,8646
863,515,8646
863,515,8646
976,500,8640
976,500,8640
976,500,8640
976,500,8640
976,500,8640
976,500,8640
976,500,8640
976,500,8640
976,500,8640
1147,445,8610
1147,445,8610
1147,445,8610
1147,445,8610
1147,445,8610
1147,445,8610
1147,445,8610
1147,445,8610
1147,445,8610
1289,469,8654
1289,469,8654
1289,469,8654
1289,469,8654
1289,469,8654
1289,469,8654
1289,469,8654
1289,469,8654
1289,469,8654
1414,483,8599
1414,483,8599
1414,483,8599
1414,483,8599
1414,483,8599
1414,483,8599
1414,483,8599
1414,483,8599
1414,483,8599
1414,483,8599
1613,501,8644
1613,501,8644
1613,501,8644
1613,501,8644
1613,501,8644
1613,501,8644
1613,501,8644
1613,501,8644
1613,501,8644
1718,609,8718
1718,609,8718
1718,609,8718
1718,609,8718
1718,609,8718
1718,609,8718
1718,609,8718
1718,609,8718
1718,609,8718
1718,609,8718
1856,780,8854
1856,780,8854
1856,780,8854
1856,780,8854
1856,780,8854
1856,780,8854
1856,780,8854
1856,780,8854
1995,934,9008
1995,934,9008
1995,934,9008
1995,934,9008
1995,934,9008
1995,934,9008
1995,934,9008
1995,934,9008
1995,934,9008
2003,1208,9186
2003,1208,9186
2003,1208,9186
2003,1208,9186
2003,1208,9186
2003,1208,9186
2003,1208,9186
2003,1208,9186
2003,1208,9186
2152,1480,9260
2152,1480,9260
2152,1480,9260
2152,1480,9260
2152,1480,9260
2152,1480,9260
2152,1480,9260
2152,1480,9260
2152,1480,9260
2234,1656,9337
2234,1656,9337
2234,1656,9337
2234,1656,9337
2234,1656,9337
2234,1656,9337
2234,1656,9337
2234,1656,9337
2234,1656,9337
2297,1783,9399
2297,1783,9399
2297,1783,9399
2297,1783,9399
2297,1783,9399
2297,1783,9399
2297,1783,9399
2297,1783,9399
2297,1783,9399
2387,1855,9371
2387,1855,9371
2387,1855,9371
2387,1855,9371
2387,1855,9371
2387,1855,9371
2387,1855,9371
2387,1855,9371
2387,1855,9371
2466,1908,9405
2466,1908,9405
2466,1908,9405
2466,1908,9405
2466,1908,9405
2466,1908,9405
2466,1908,9405
2466,1908,9405
2466,1908,9405
2466,1908,9405
2516,1945,9367
2516,1945,9367
2516,1945,9367
2516,1945,9367
2516,1945,9367
2516,1945,9367
2516,1945,9367
2516,1945,9367
2559,2016,9379
2559,2016,9379
2559,2016,9379
2559,2016,9379
2559,2016,9379
2559,2016,9379
2559,2016,9379
2559,2016,9379
2559,2016,9379
2559,2016,9379
2575,2125,9319
2575,2125,9319
2575,2125,9319
2575,2125,9319
2575,2125,9319
2575,2125,9319
2575,2125,9319
2575,2125,9319
2575,2125,9319
2575,2125,9319
2595,2202,9362
2595,2202,9362
2595,2202,9362
2595,2202,9362
2595,2202,9362
2595,2202,9362
2595,2202,9362
2595,2202,9362
2625,2347,9385
2625,2347,9385
2625,2347,9385
2625,2347,9385
2625,2347,9385
2625,2347,9385
2625,2347,9385
2625,2347,9385
2625,2347,9385
2610,2496,9417
2610,2496,9417
2610,2496,9417
2610,2496,9417
2610,2496,9417
2610,2496,9417
2610,2496,9417
2610,2496,9417
2610,2496,9417
2641,2578,9394
2641,2578,9394
2641,2578,9394
2641,2578,9394
2641,2578,9394
2641,2578,9394
2629,2697,9372
2629,2697,9372
2629,2697,9372
2629,2697,9372
2629,2697,9372
2629,2697,9372
2629,2697,9372
2703,2771,9378
2703,2771,9378
2703,2771,9378
2703,2771,9378
2703,2771,9378
2703,2771,9378
2703,2771,9378
2703,2771,9378
2703,2771,9378
2780,2787,9370
2780,2787,9370
2780,2787,9370
2780,2787,9370
2780,2787,9370
2780,2787,9370
2780,2787,9370
2780,2787,9370
2780,2787,9370
2806,2887,9332
2806,2887,9332
2806,2887,9332
2806,2887,9332
2806,2887,9332
2806,2887,9332
2806,2887,9332
2806,2887,9332
2806,2887,9332
2806,2887,9332
2829,2919,9302
2829,2919,9302
2829,2919,9302
2829,2919,9302
2829,2919,9302
2829,2919,9302
2829,2919,9302
2829,2919,9302
2829,2919,9302
2877,2986,9301
2877,2986,9301
2877,2986,9301
2877,2986,9301
2877,2986,9301
2877,2986,9301
2877,2986,9301
2877,2986,9301
2877,2986,9301
2925,3142,9329
2925,3142,9329
2925,3142,9329
2925,3142,9329
2925,3142,9329
2925,3142,9329
2925,3142,9329
2925,3142,9329
2934,3178,9294
2934,3178,9294
2934,3178,9294
2934,3178,9294
2934,3178,9294
2934,3178,9294
2934,3178,9294
2934,3178,9294
2934,3178,9294
2982,3276,9226
2982,3276,9226
2982,3276,9226
2982,3276,9226
2982,3276,9226
2982,3276,9226
2982,3276,9226
2982,3276,9226
2982,3276,9226
2982,3276,9226
3024,3362,9283
3024,3362,9283
3024,3362,9283
3024,3362,9283
3024,3362,9283
3024,3362,9283
3024,3362,9283
3024,3362,9283
3024,3362,9283
3029,3429,9246
3029,3429,9246
3029,3429,9246
3029,3429,9246
3029,3429,9246
3029,3429,9246
3029,3429,9246
3029,3429,9246
3029,3429,9246
3003,3484,9277
3003,3484,9277
3003,3484,9277
3003,3484,9277
3003,3484,9277
3003,3484,9277
3003,3484,9277
3003,3484,9277
3003,3484,9277
3025,3577,9294
3025,3577,9294
3025,3577,9294
3025,3577,9294
3025,3577,9294
3025,3577,9294
3025,3577,9294
3025,3577,9294
3025,3577,9294
3025,3577,9294
2985,3610,9246
2985,3610,9246
2985,3610,9246
2985,3610,9246
2985,3610,9246
2985,3610,9246
2985,3610,9246
2985,3610,9246
2985,3610,9246
2987,3656,9210
2987,3656,9210
2987,3656,9210
2987,3656,9210
2987,3656,9210
2987,3656,9210
2987,3656,9210
2987,3656,9210
2987,3656,9210
3017,3704,9238
3017,3704,9238
3017,3704,9238
3017,3704,9238
3017,3704,9238
3017,3704,9238
3017,3704,9238
3017,3704,9238
3017,3704,9238
3032,3761,9257
3032,3761,9257
3032,3761,9257
3032,3761,9257
3032,3761,9257
3032,3761,9257
3032,3761,9257
3032,3761,9257
2955,3839,9279
2955,3839,9279
2955,3839,9279
2955,3839,9279
2955,3839,9279
2955,3839,9279
2955,3839,9279
2955,3839,9279
2955,3839,9279
2965,3933,9196
2965,3933,9196
2965,3933,9196
2965,3933,9196
2965,3933,9196
2965,3933,9196
2965,3933,9196
2965,3933,9196
2965,3933,9196
2965,3933,9196
2946,4021,9196
2946,4021,9196
2946,4021,9196
2946,4021,9196
2946,4021,9196
2946,4021,9196
2946,4021,9196
2946,4021,9196
2863,4119,9207
2863,4119,9207
2863,4119,9207
2863,4119,9207
2863,4119,9207
2863,4119,9207
2863,4119,9207
2863,4119,9207
2863,4119,9207
2863,4119,9207
2802,4159,9168
2802,4159,9168
2802,4159,9168
2802,4159,9168
2802,4159,9168
2802,4159,9168
2802,4159,9168
2802,4159,9168
2802,4159,9168
2802,4159,9168
2727,4304,9159
2727,4304,9159
2727,4304,9159
2727,4304,9159
2727,4304,9159
2727,4304,9159
2727,4304,9159
2727,4304,9159
2727,4304,9159
2646,4462,9141
2646,4462,9141
2646,4462,9141
2646,4462,9141
2646,4462,9141
2646,4462,9141
2646,4462,9141
2646,4462,9141
2646,4462,9141
2531,4553,9134
2531,4553,9134
2531,4553,9134
2531,4553,9134
2531,4553,9134
2531,4553,9134
2531,4553,9134
2531,4553,9134
2531,4553,9134
2461,4609,9124
2461,4609,9124
2461,4609,9124
2461,4609,9124
2461,4609,9124
2461,4609,9124
2461,4609,9124
2461,4609,9124
2461,4609,9124
2346,4702,9162
2346,4702,9162
2346,4702,9162
2346,4702,9162
2346,4702,9162
2346,4702,9162
2346,4702,9162
2346,4702,9162
2346,4702,9162
2293,4747,9115
2293,4747,9115
2293,4747,9115
2293,4747,9115
2293,4747,9115
2293,4747,9115
2293,4747,9115
2293,4747,9115
2293,4747,9115
2195,4811,9003
2195,4811,9003
2195,4811,9003
2124,4901,9013
2124,4901,9013
2124,4901,9013
2124,4901,9013
2124,4901,9013
2124,4901,9013
2124,4901,9013
2124,4901,9013
2124,4901,9013
2124,4901,9013
2006,4961,9067
2006,4961,9067
2006,4961,9067
2006,4961,9067
2006,4961,9067
2006,4961,9067
2006,4961,9067
2006,4961,9067
2006,4961,9067
1926,4980,9009
1926,4980,9009
1926,4980,9009
1926,4980,9009
1926,4980,9009
1926,4980,9009
1926,4980,9009
1926,4980,9009
1926,4980,9009
1926,4980,9009
1827,4995,8996
1827,4995,8996
1827,4995,8996
1827,4995,8996
1827,4995,8996
1827,4995,8996
1827,4995,8996
1827,4995,8996
1827,4995,8996
1741,5021,9041
1741,5021,9041
1741,5021,9041
1741,5021,9041
1741,5021,9041
1741,5021,9041
1741,5021,9041
1741,5021,9041
1741,5021,9041
1559,5010,9034
1559,5010,9034
1559,5010,9034
1559,5010,9034
1559,5010,9034
1559,5010,9034
1559,5010,9034
1559,5010,9034
1559,5010,9034
1440,5039,9013
1440,5039,9013
1440,5039,9013
1440,5039,9013
1440,5039,9013
1440,5039,9013
1440,5039,9013
1440,5039,9013
1440,5039,9013
1400,4984,9021
1400,4984,9021
1400,4984,9021
1400,4984,9021
1400,4984,9021
1400,4984,9021
1400,4984,9021
1400,4984,9021
1400,4984,9021
1305,4972,9022
1305,4972,9022
1305,4972,9022
1305,4972,9022
1305,4972,9022
1305,4972,9022
1305,4972,9022
1305,4972,9022
1305,4972,9022
1209,4942,9026
1209,4942,9026
1209,4942,9026
1209,4942,9026
1209,4942,9026
1209,4942,9026
1209,4942,9026
1209,4942,9026
1209,4942,9026
1129,4925,9049
1129,4925,9049
1129,4925,9049
1129,4925,9049
1129,4925,9049
1129,4925,9049
1129,4925,9049
1129,4925,9049
1129,4925,9049
1041,4870,9100
1041,4870,9100
1041,4870,9100
1041,4870,9100
1041,4870,9100
1041,4870,9100
1041,4870,9100
1041,4870,9100
1041,4870,9100
936,4797,9098
936,4797,9098
936,4797,9098
936,4797,9098
936,4797,9098
936,4797,9098
936,4797,9098
936,4797,9098
936,4797,9098
818,4784,9084
818,4784,9084
818,4784,9084
818,4784,9084
818,4784,9084
818,4784,9084
818,4784,9084
818,4784,9084
818,4784,9084
818,4784,9084
703,4677,9118
703,4677,9118
703,4677,9118
703,4677,9118
703,4677,9118
703,4677,9118
703,4677,9118
703,4677,9118
703,4677,9118
650,4589,9162
650,4589,9162
650,4589,9162
650,4589,9162
650,4589,9162
650,4589,9162
650,4589,9162
650,4589,9162
650,4589,9162
546,4526,9160
546,4526,9160
546,4526,9160
546,4526,9160
546,4526,9160
546,4526,9160
546,4526,9160
546,4526,9160
546,4526,9160
465,4405,9220
465,4405,9220
465,4405,9220
465,4405,9220
465,4405,9220
465,4405,9220
465,4405,9220
465,4405,9220
465,4405,9220
465,4405,9220
426,4341,9245
426,4341,9245
426,4341,9245
426,4341,9245
426,4341,9245
426,4341,9245
426,4341,9245
426,4341,9245
353,4201,9183
353,4201,9183
353,4201,9183
353,4201,9183
353,4201,9183
353,4201,9183
353,4201,9183
353,4201,9183
353,4201,9183
236,4113,9238
236,4113,9238
236,4113,9238
236,4113,9238
236,4113,9238
236,4113,9238
236,4113,9238
236,4113,9238
236,4113,9238
213,4009,9246
213,4009,9246
213,4009,9246
213,4009,9246
213,4009,9246
213,4009,9246
213,4009,9246
213,4009,9246
213,4009,9246
194,3997,9290
194,3997,9290
194,3997,9290
194,3997,9290
194,3997,9290
194,3997,9290
194,3997,9290
194,3997,9290
194,3997,9290
194,3916,9294
79,3916,9294
79,3916,9294
79,3916,9294
79,3916,9294
79,3916,9294
79,3916,9294
79,3916,9294
79,3916,9294
79,3916,9294
56,3808,9235
56,3808,9235
56,3808,9235
56,3808,9235
56,3808,9235
56,3808,9235
56,3808,9235
56,3808,9235
56,3808,9314
34,3707,9314
34,3707,9314
34,3707,9314
34,3707,9314
34,3707,9314
34,3707,9314
34,3707,9314
34,3707,9314
34,3707,9314
-54,3611,9246
-54,3611,9246
-54,3611,9246
-54,3611,9246
-54,3611,9246
-54,3611,9246
-54,3611,9246
-54,3611,9246
-54,3611,9246
-54,3611,9246
-47,3572,9288
-47,3572,9288
-47,3572,9288
-47,3572,9288
-47,3572,9288
-47,3572,9288
-47,3572,9288
-47,3572,9288
-47,3572,9288
-62,3444,9310
-62,3444,9310
-62,3444,9310
-62,3444,9310
-62,3444,9310
-62,3444,9310
-62,3444,9310
-62,3444,9310
-49,3295,9349
-49,3295,9349
-49,3295,9349
-49,3295,9349
17,3204,9386
17,3204,9386
17,3204,9386
17,3204,9386
17,3204,9386
17,3204,9386
17,3204,9386
17,3204,9386
17,3204,9386
33,3067,9377
33,3067,9377
33,3067,9377
33,3067,9377
33,3067,9377
33,3067,9377
33,3067,9377
33,3067,9377
33,3067,9377
118,2863,9420
118,2863,9420
118,2863,9420
118,2863,9420
118,2863,9420
118,2863,9420
118,2863,9420
118,2863,9420
118,2863,9420
196,2776,9489
196,2776,9489
196,2776,9489
196,2776,9489
196,2776,9489
196,2776,9489
196,2776,9489
196,2776,9489
196,2776,9489
196,2776,9489
259,2645,9466
259,2645,9466
259,2645,9466
259,2645,9466
259,2645,9466
259,2645,9466
259,2645,9466
259,2645,9466
259,2645,9466
327,2532,9497
327,2532,9497
327,2532,9497
327,2532,9497
327,2532,9497
327,2532,9497
327,2532,9497
327,2532,9497
327,2532,9497
486,2432,9543
486,2432,9543
486,2432,9543
486,2432,9543
486,2432,9543
486,2432,9543
486,2432,9543
486,2432,9543
486,2432,9543
647,2330,9563
647,2330,9563
647,2330,9563
647,2330,9563
647,2330,9563
647,2330,9563
647,2330,9563
647,2330,9563
647,2330,9563
730,2298,9569
730,2298,9569
730,2298,9569
730,2298,9569
730,2298,9569
730,2298,9569
730,2298,9569
730,2298,9569
816,2255,9573
816,2255,9573
816,2255,9573
816,2255,9573
816,2255,9573
816,2255,9573
816,2255,9573
816,2255,9573
816,2255,9573
816,2255,9573
897,2251,9605
897,2251,9605
897,2251,9605
897,2251,9605
897,2251,9605
897,2251,9605
897,2251,9605
897,2251,9605
897,2251,9605
1000,2197,9610
1000,2197,9610
1000,2197,9610
1000,2197,9610
1000,2197,9610
1000,2197,9610
1000,2197,9610
1000,2197,9610
1000,2197,9610
1039,2144,9555
1039,2144,9555
1039,2144,9555
1039,2144,9555
1039,2144,9555
1039,2144,9555
1039,2144,9555
1039,2144,9555
1039,2144,9555
1171,2097,9575
1171,2097,9575
1171,2097,9575
1171,2097,9575
1171,2097,9575
1171,2097,9575
1171,2097,9575
1171,2097,9575
1171,2097,9575
1171,2097,9575
1254,2089,9517
1254,2089,9517
1254,2089,9517
1254,2089,9517
1254,2089,9517
1254,2089,9517
1254,2089,9517
1254,2089,9517
1254,2089,9517
1366,2087,9558
1366,2087,9558
1366,2087,9558
1366,2087,9558
1366,2087,9558
1366,2087,9558
1366,2087,9558
1366,2087,9558
1366,2087,9558
1489,2026,9524
1489,2026,9524
1489,2026,9524
1489,2026,9524
1489,2026,9524
1489,2026,9524
1489,2026,9524
1489,2026,9524
1489,2026,9524
1646,1877,9454
1646,1877,9454
1646,1877,9454
1646,1877,9454
1646,1877,9454
1646,1877,9454
1646,1877,9454
1646,1877,9454
1646,1877,9454
1739,1765,9474
1739,1765,9474
1739,1765,9474
1739,1765,9474
1739,1765,9474
1739,1765,9474
1739,1765,9474
1739,1765,9474
1816,1693,9439
1816,1693,9439
1816,1693,9439
1816,1693,9439
1816,1693,9439
1816,1693,9439
1816,1693,9439
1816,1693,9439
1816,1693,9439
1816,1693,9439
1933,1634,9436
1933,1634,9436
1933,1634,9436
1933,1634,9436
1933,1634,9436
1933,1634,9436
1933,1634,9436
1933,1634,9436
1926,1534,9398
1926,1534,9398
1926,1534,9398
1926,1534,9398
1926,1534,9398
1926,1534,9398
1926,1534,9398
1926,1534,9398
1926,1534,9398
1926,1534,9398
1869,1468,9351
1869,1468,9351
1869,1468,9351
1869,1468,9351
1869,1468,9351
1869,1468,9351
1869,1468,9351
1869,1468,9351
1869,1468,9351
1869,1468,9351
1931,1431,9283
1931,1431,9283
1931,1431,9283
1931,1431,9283
1931,1431,9283
1931,1431,9283
1931,1431,9283
1931,1431,9283
1931,1431,9283
2126,1439,9296
2126,1439,9296
2126,1439,9296
2126,1439,9296
2126,1439,9296
2126,1439,9296
2126,1439,9296
2126,1439,9296
2126,1439,9296
2143,1413,9234
2143,1413,9234
2143,1413,9234
2143,1413,9234
2143,1413,9234
2143,1413,9234
2143,1413,9234
2143,1413,9234
2143,1413,9234
2294,1414,9183
2294,1414,9183
2294,1414,9183
2294,1414,9183
2294,1414,9183
2294,1414,9183
2294,1414,9183
2294,1414,9183
2294,1414,9183
2423,1497,9209
2423,1497,9209
2423,1497,9209
2423,1497,9209
2423,1497,9209
2423,1497,9209
2423,1497,9209
2423,1497,9209
2423,1497,9209
2480,1572,9202
2480,1572,9202
2480,1572,9202
2480,1572,9202
2480,1572,9202
2480,1572,9202
2480,1572,9202
2528,1613,9241
2528,1613,9241
2528,1613,9241
2528,1613,9241
2528,1613,9241
2528,1613,9241
2524,1712,9221
2524,1712,9221
2524,1712,9221
2524,1712,9221
2524,1712,9221
2524,1712,9221
2524,1712,9221
2524,1712,9221
2524,1712,9221
2535,1792,9248
2535,1792,9248
2535,1792,9248
2535,1792,9248
2535,1792,9248
2535,1792,9248
2535,1792,9248
2535,1792,9248
2535,1792,9248
2541,1873,9289
2541,1873,9289
2541,1873,9289
2541,1873,9289
2541,1873,9289
2541,1873,9289
2541,1873,9289
2541,1873,9289
2541,1873,9289
2578,1967,9238
2578,1967,9238
2578,1967,9238
2578,1967,9238
2578,1967,9238
2578,1967,9238
2578,1967,9238
2578,1967,9238
2578,1967,9238
2608,2066,9274
2608,2066,9274
2608,2066,9274
2608,2066,9274
2608,2066,9274
2608,2066,9274
2608,2066,9274
2608,2066,9274
2608,2066,9274
2608,2066,9274
2635,2080,9252
2635,2080,9252
2635,2080,9252
2635,2080,9252
2635,2080,9252
2635,2080,9252
2635,2080,9252
2635,2080,9252
2635,2080,9252
2681,2175,9298
2681,2175,9298
2681,2175,9298
2681,2175,9298
2681,2175,9298
2681,2175,9298
2681,2175,9298
2681,2175,9298
2681,2175,9298
2694,2217,9313
2694,2217,9313
2694,2217,9313
2694,2217,9313
2694,2217,9313
2694,2217,9313
2694,2217,9313
2694,2217,9313
2694,2217,9313
2694,2217,9313
2693,2341,9290
2693,2341,9290
2693,2341,9290
2693,2341,9290
2693,2341,9290
2693,2341,9290
2693,2341,9290
2693,2341,9290
2693,2341,9281
2733,2383,9281
2733,2383,9281
2733,2383,9281
2733,2383,9281
2733,2383,9281
2733,2383,9281
2733,2383,9281
2733,2383,9281
2778,2500,9298
2778,2500,9298
2778,2500,9298
2778,2500,9298
2778,2500,9298
2778,2500,9298
2778,2500,9298
2778,2500,9298
2778,2500,9298
2796,2600,9274
2796,2600,9274
2796,2600,9274
2796,2600,9274
2796,2600,9274
2796,2600,9274
2796,2600,9274
2796,2600,9274
2796,2600,9274
2800,2684,9274
2800,2684,9274
2800,2684,9274
2800,2684,9274
2800,2684,9274
2800,2684,9274
2800,2684,9274
2800,2684,9274
2800,2684,9274
2835,2717,9309
2835,2717,9309
2835,2717,9309
2835,2717,9309
2835,2717,9309
2835,2717,9309
2835,2717,9309
2835,2717,9309
2835,2717,9309
2845,2813,9324
2845,2813,9324
2845,2813,9324
2845,2813,9324
2845,2813,9324
2845,2813,9324
2845,2813,9324
2845,2813,9324
2845,2813,9324
2887,2917,9310
2887,2917,9310
2887,2917,9310
2887,2917,9310
2887,2917,9310
2887,2917,9310
2887,2917,9310
2887,2917,9310
2887,2917,9310
2887,2917,9310
2918,3036,9323
2918,3036,9323
2918,3036,9323
2918,3036,9323
2918,3036,9323
2918,3036,9323
2918,3036,9323
2918,3036,9323
2861,3100,9369
2861,3100,9369
2861,3100,9369
2861,3100,9369
2861,3100,9369
2861,3100,9369
2861,3100,9369
2861,3100,9369
2861,3100,9369
2861,3100,9369
2817,3183,9351
2817,3183,9351
2817,3183,9351
2817,3183,9351
2817,3183,9351
2817,3183,9351
2817,3183,9351
2817,3183,9351
2817,3183,9351
2817,3183,9351
2854,3294,9393
2854,3294,9393
2854,3294,9393
2854,3294,9393
2854,3294,9393
2854,3294,9393
2854,3294,9393
2854,3294,9393
2857,3297,9391
2857,3297,9391
2857,3297,9391
2857,3297,9391
2857,3297,9391
2857,3297,9391
2857,3297,9391
2857,3297,9391
2857,3297,9391
2861,3308,9353
2861,3308,9353
2861,3308,9353
2861,3308,9353
2861,3308,9353
2861,3308,9353
2861,3308,9353
2861,3308,9353
2861,3308,9353
2879,3372,9342
2879,3372,9342
2879,3372,9342
2879,3372,9342
2879,3372,9342
2879,3372,9342
2879,3372,9342
2879,3372,9342
2879,3372,9342
2853,3403,9414
2853,3403,9414
2853,3403,9414
2853,3403,9414
2853,3403,9414
2853,3403,9414
2853,3403,9414
2853,3403,9414
2853,3403,9414
2813,3425,9379
2813,3425,9379
2813,3425,9379
2813,3425,9379
2813,3425,9379
2813,3425,9379
2813,3425,9379
2813,3425,9379
2813,3425,9379
2813,3489,9402
2798,3489,9402
2798,3489,9402
2798,3489,9402
2798,3489,9402
2798,3489,9402
2798,3489,9402
2798,3489,9402
2798,3489,9402
2798,3489,9402
2802,3528,9393
2802,3528,9393
2802,3528,9393
2802,3528,9393
2802,3528,9393
2802,3528,9393
2802,3528,9393
2802,3528,9393
2802,3528,9393
2767,3622,9427
2767,3622,9427
2767,3622,9427
2767,3622,9427
2698,3679,9441
2698,3679,9441
2698,3679,9441
2698,3679,9441
2698,3679,9441
2698,3679,9441
2698,3679,9441
2698,3679,9441
2698,3679,9441
2698,3679,9441
2692,3776,9422
2692,3776,9422
2692,3776,9422
2692,3776,9422
2692,3776,9422
2692,3776,9422
2692,3776,9422
2692,3776,9422
2598,3816,9426
2598,3816,9426
2598,3816,9426
2598,3816,9426
2598,3816,9426
2598,3816,9426
2598,3816,9426
2598,3816,9426
2598,3816,9426
2541,3838,9482
2541,3838,9482
2541,3838,9482
2541,3838,9482
2541,3838,9482
2541,3838,9482
2541,3838,9482
2541,3838,9482
2541,3838,9482
2455,3895,9427
2455,3895,9427
2455,3895,9427
2455,3895,9427
2455,3895,9427
2455,3895,9427
2455,3895,9427
2455,3895,9427
2455,3895,9427
2410,3938,9479
2410,3938,9479
2410,3938,9479
2410,3938,9479
2410,3938,9479
2410,3938,9479
2410,3938,9479
2410,3938,9479
2410,3938,9479
2410,3938,9479
2408,3988,9489
2408,3988,9489
2408,3988,9489
2408,3988,9489
2408,3988,9489
2408,3988,9489
2408,3988,9489
2408,3988,9489
2408,3988,9489
2316,3992,9498
2316,3992,9498
2316,3992,9498
2316,3992,9498
2316,3992,9498
2316,3992,9498
2316,3992,9498
2316,3992,9498
2316,3992,9498
2226,4023,9483
2226,4023,9483
2226,4023,9483
2226,4023,9483
2226,4023,9483
2226,4023,9483
2226,4023,9483
2226,4023,9483
2226,4023,9483
2170,3981,9496
2170,3981,9496
2170,3981,9496
2170,3981,9496
2170,3981,9496
2170,3981,9496
2170,3981,9496
2170,3981,9496
2170,3981,9496
2025,3949,9570
2025,3949,9570
2025,3949,9570
2025,3949,9570
2025,3949,9570
2025,3949,9570
2025,3949,9570
2025,3949,9570
2025,3949,9570
1901,3920,9574
1901,3920,9574
1901,3920,9574
1901,3920,9574
1901,3920,9574
1901,3920,9574
1901,3920,9574
1901,3920,9574
1901,3920,9574
1825,3939,9613
1825,3939,9613
1825,3939,9613
1825,3939,9613
1825,3939,9613
1825,3939,9613
1825,3939,9613
1825,3939,9613
1825,3939,9613
1718,3954,9542
1718,3954,9542
1718,3954,9542
1718,3954,9542
1718,3954,9542
1718,3954,9542
1718,3954,9542
1718,3954,9542
1718,3954,9542
1651,3911,9567
1651,3911,9567
1651,3911,9567
1651,3911,9567
1651,3911,9567
1651,3911,9567
1651,3911,9567
1651,3911,9567
1651,3911,9567
1571,3876,9574
1571,3876,9574
1571,3876,9574
1571,3876,9574
1571,3876,9574
1571,3876,9574
1571,3876,9574
1571,3876,9574
1571,3876,9574
1571,3876,9560
1438,3839,9560
1438,3839,9560
1438,3839,9560
1438,3839,9560
1438,3839,9560
1438,3839,9560
1438,3839,9560
1438,3839,9560
1438,3839,9560
1398,3788,9631
1398,3788,9631
1398,3788,9631
1398,3788,9631
1398,3788,9631
1398,3788,9631
1398,3788,9631
1398,3788,9631
1398,3788,9631
1346,3699,9584
1346,3699,9584
1346,3699,9584
1346,3699,9584
1346,3699,9584
1346,3699,9584
1346,3699,9584
1346,3699,9584
1346,3699,9584
1299,3594,9623
1299,3594,9623
1299,3594,9623
1299,3594,9623
1299,3594,9623
1299,3594,9623
1299,3594,9623
1299,3594,9623
1299,3594,9623
1223,3544,9636
1223,3544,9636
1223,3544,9636
1223,3544,9636
1223,3544,9636
1223,3544,9636
1223,3544,9636
1223,3544,9636
1223,3544,9636
1192,3488,9645
1192,3488,9645
1192,3488,9645
1192,3488,9645
1192,3488,9645
1192,3488,9645
1192,3488,9645
1192,3488,9645
1192,3488,9645
1121,3417,9680
1121,3417,9680
1121,3417,9680
1121,3417,9680
1121,3417,9680
1121,3417,9680
1121,3417,9680
1121,3417,9680
1121,3302,9648
1057,3302,9648
1057,3302,9648
1057,3302,9648
1057,3302,9648
1057,3302,9648
1057,3302,9648
1057,3302,9648
1057,3302,9648
1057,3302,9648
943,3257,9664
943,3257,9664
943,3257,9664
943,3257,9664
943,3257,9664
943,3257,9664
943,3257,9664
943,3257,9664
943,3257,9664
913,3152,9687
913,3152,9687
913,3152,9687
913,3152,9687
913,3152,9687
913,3152,9687
913,3152,9687
913,3152,9687
913,3152,9687
832,3067,9620
832,3067,9620
832,3067,9620
832,3067,9620
832,3067,9620
832,3067,9620
832,3067,9620
832,3067,9620
832,3067,9620
832,3067,9620
774,3023,9670
774,3023,9670
774,3023,9670
774,3023,9670
774,3023,9670
774,3023,9670
774,3023,9670
774,3023,9670
774,3023,9670
740,2938,9634
740,2938,9634
740,2938,9634
740,2938,9634
736,2832,9620
736,2832,9620
736,2832,9620
736,2832,9620
736,2832,9620
736,2832,9620
736,2832,9620
736,2832,9620
736,2832,9620
668,2732,9591
668,2732,9591
668,2732,9591
668,2732,9591
668,2732,9591
668,2732,9591
668,2732,9591
668,2732,9591
668,2732,9591
691,2667,9553
691,2667,9553
691,2667,9553
691,2667,9553
691,2667,9553
691,2667,9553
691,2667,9553
691,2667,9553
691,2667,9553
655,2564,9623
655,2564,9623
655,2564,9623
655,2564,9623
655,2564,9623
655,2564,9623
655,2564,9623
655,2564,9623
723,2432,9564
723,2432,9564
723,2432,9564
723,2432,9564
723,2432,9564
723,2432,9564
723,2432,9564
723,2432,9564
723,2432,9564
712,2332,9553
712,2332,9553
712,2332,9553
712,2332,9553
712,2332,9553
712,2332,9553
712,2332,9553
712,2332,9553
712,2332,9553
712,2332,9553
712,2261,9576
712,2261,9576
712,2261,9576
712,2261,9576
712,2261,9576
712,2261,9576
712,2261,9576
712,2261,9576
712,2261,9576
755,2190,9529
755,2190,9529
755,2190,9529
755,2190,9529
755,2190,9529
755,2190,9529
755,2190,9529
755,2190,9529
755,2190,9529
783,2101,9552
783,2101,9552
783,2101,9552
783,2101,9552
783,2101,9552
783,2101,9552
783,2101,9552
783,2101,9552
783,2101,9552
852,1923,9512
852,1923,9512
852,1923,9512
852,1923,9512
852,1923,9512
852,1923,9512
852,1923,9512
852,1923,9512
852,1923,9512
956,1784,9477
956,1784,9477
956,1784,9477
956,1784,9477
956,1784,9477
956,1784,9477
956,1784,9477
956,1784,9477
956,1784,9477
956,1784,9477
1020,1695,9461
1020,1695,9461
1020,1695,9461
1020,1695,9461
1020,1695,9461
1020,1695,9461
1020,1695,9461
1020,1695,9461
1020,1695,9461
1142,1624,9436
1142,1624,9436
1142,1624,9436
1142,1624,9436
1142,1624,9436
1142,1624,9436
1142,1624,9436
1142,1624,9436
1142,1624,9436
1142,1550,9409
1255,1550,9409
1255,1550,9409
1255,1550,9409
1255,1550,9409
1255,1550,9409
1255,1550,9409
1255,1550,9409
1255,1550,9409
1390,1470,9404
1390,1470,9404
1390,1470,9404
1390,1470,9404
1390,1470,9404
1390,1470,9404
1390,1470,9404
1390,1470,9404
1390,1470,9404
1485,1435,9331
1485,1435,9331
1485,1435,9331
1485,1435,9331
1485,1435,9331
1485,1435,9331
1485,1435,9331
1485,1435,9331
1485,1435,9331
1595,1358,9352
1595,1358,9352
1595,1358,9352
1595,1358,9352
1595,1358,9352
1595,1358,9352
1595,1358,9352
1595,1358,9352
1595,1358,9352
1675,1263,9322
1675,1263,9322
1675,1263,9322
1675,1263,9322
1675,1263,9322
1675,1263,9322
1675,1263,9322
1675,1263,9322
1675,1263,9322
1690,1281,9311
1690,1281,9311
1690,1281,9311
1690,1281,9311
1690,1281,9311
1690,1281,9311
1690,1281,9311
1690,1281,9311
1690,1281,9311
1758,1281,9290
1758,1281,9290
1758,1281,9290
1758,1281,9290
1758,1281,9290
1758,1281,9290
1758,1281,9290
1758,1281,9290
1758,1281,9290
1758,1281,9290
1935,1259,9286
1935,1259,9286
1935,1259,9286
1935,1259,9286
1935,1259,9286
1935,1259,9286
1935,1259,9286
1935,1259,9286
1935,1259,9286
2069,1241,9248
2069,1241,9248
2069,1241,9248
2069,1241,9248
2069,1241,9248
2069,1241,9248
2069,1241,9248
2069,1241,9248
2069,1241,9248
2155,1233,9235
2155,1233,9235
2155,1233,9235
2155,1233,9235
2155,1233,9235
2155,1233,9235
2155,1233,9235
2155,1233,9235
2155,1233,9235
2261,1229,9146
2261,1229,9146
2261,1229,9146
2261,1229,9146
2261,1229,9146
2261,1229,9146
2261,1229,9146
2261,1229,9146
2261,1229,9146
2405,1210,9105
2405,1210,9105
2405,1210,9105
2405,1210,9105
2405,1210,9105
2405,1210,9105
2405,1210,9105
2405,1210,9105
2405,1210,9105
2574,1205,9101
2574,1205,9101
2574,1205,9101
2574,1205,9101
2574,1205,9101
2574,1205,9101
2574,1205,9101
2574,1205,9101
2574,1205,9101
2733,1202,8991
2733,1202,8991
2733,1202,8991
2733,1202,8991
2733,1202,8991
2733,1202,8991
2733,1202,8991
2733,1202,8991
2733,1202,8991
2874,1279,8990
2874,1279,8990
2874,1279,8990
2874,1279,8990
2874,1279,8990
2874,1279,8990
2874,1279,8990
2874,1279,8990
2874,1279,8990
2874,1279,8990
3045,1312,8930
3045,1312,8930
3045,1312,8930
3045,1312,8930
3045,1312,8930
3045,1312,8930
3045,1312,8930
3153,1349,8900
3153,1349,8900
3153,1349,8900
3153,1349,8900
3153,1349,8900
3153,1349,8900
3235,1410,8858
3235,1410,8858
3235,1410,8858
3235,1410,8858
3235,1410,8858
3235,1410,8858
3235,1410,8858
3235,1410,8858
3235,1410,8858
3359,1447,8795
3359,1447,8795
3359,1447,8795
3359,1447,8795
3359,1447,8795
3359,1447,8795
3359,1447,8795
3359,1447,8795
3359,1447,8795
3478,1502,8754
3478,1502,8754
3478,1502,8754
3478,1502,8754
3478,1502,8754
3478,1502,8754
3478,1502,8754
3478,1502,8754
3478,1502,8754
3588,1585,8745
3588,1585,8745
3588,1585,8745
3588,1585,8745
3588,1585,8745
3588,1585,8745
3588,1585,8745
3588,1585,8745
3588,1585,8745
3624,1656,8677
3624,1656,8677
3624,1656,8677
3624,1656,8677
3624,1656,8677
3624,1656,8677
3624,1656,8677
3624,1656,8677
3624,1656,8677
3696,1723,8676
3696,1723,8676
3696,1723,8676
3696,1723,8676
3696,1723,8676
3696,1723,8676
3696,1723,8676
3696,1723,8676
3696,1723,8676
3713,1762,8613
3713,1762,8613
3713,1762,8613
3713,1762,8613
3713,1762,8613
3713,1762,8613
3713,1762,8613
3713,1762,8613
3713,1762,8613
3713,1874,8582
3721,1874,8582
3721,1874,8582
3721,1874,8582
3721,1874,8582
3721,1874,8582
3721,1874,8582
3721,1874,8582
3721,1874,8582
3721,1874,8582
3778,1913,8579
3778,1913,8579
3778,1913,8579
3778,1913,8579
3778,1913,8579
3778,1913,8579
3778,1913,8579
3778,1913,8579
3778,1913,8579
3847,1992,8539
3847,1992,8539
3847,1992,8539
3847,1992,8539
3847,1992,8539
3847,1992,8539
3847,1992,8539
3847,1992,8539
3847,1992,8539
3859,2083,8573
3859,2083,8573
3859,2083,8573
3859,2083,8573
3859,2083,8573
3859,2083,8573
3859,2083,8573
3859,2083,8573
3859,2083,8573
3821,2135,8582
3821,2135,8582
3821,2135,8582
3821,2135,8582
3821,2135,8582
3821,2135,8582
3821,2135,8582
3821,2135,8582
3821,2135,8582
3824,2202,8614
3824,2202,8614
3824,2202,8614
3824,2202,8614
3824,2202,8614
3824,2202,8614
3824,2202,8614
3824,2202,8614
3824,2202,8614
3824,2202,8587
3870,2239,8587
3870,2239,8587
3870,2239,8587
3870,2239,8587
3870,2239,8587
3870,2239,8587
3870,2239,8587
3870,2239,8587
3870,2239,8587
3934,2329,8596
3934,2329,8596
3934,2329,8596
3934,2329,8596
3934,2329,8596
3934,2329,8596
3934,2329,8596
3934,2329,8596
3916,2431,8604
3916,2431,8604
3916,2431,8604
3916,2431,8604
3916,2431,8604
3916,2431,8604
3916,2431,8604
3916,2431,8604
3916,2431,8604
3958,2505,8598
3958,2505,8598
3958,2505,8598
3958,2505,8598
3958,2505,8598
3958,2505,8598
3958,2505,8598
3958,2505,8598
3958,2505,8598
3974,2622,8602
3974,2622,8602
3974,2622,8602
3974,2622,8602
3974,2622,8602
3974,2622,8602
3974,2622,8602
3974,2622,8602
3974,2622,8602
3974,2622,8602
3997,2758,8603
3997,2758,8603
3997,2758,8603
3997,2758,8603
3997,2758,8603
3997,2758,8603
3997,2758,8603
3997,2758,8603
3997,2758,8603
4021,2832,8543
4021,2832,8543
4021,2832,8543
4021,2832,8543
4021,2832,8543
4021,2832,8543
4021,2832,8543
4021,2832,8543
4021,2832,8543
3958,2945,8612
3958,2945,8612
3958,2945,8612
3958,2945,8612
3958,2945,8612
3958,2945,8612
3958,2945,8612
3958,2945,8612
3958,2945,8612
3967,3033,8668
3967,3033,8668
3967,3033,8668
3967,3033,8668
3967,3033,8668
3967,3033,8668
3967,3033,8668
3967,3033,8668
3967,3033,8668
3967,3033,8668
3956,3129,8759
3956,3129,8759
3956,3129,8759
3956,3129,8759
3956,3129,8759
3956,3129,8759
3956,3129,8759
3956,3129,8759
3956,3129,8759
3923,3247,8745
3923,3247,8745
3923,3247,8745
3923,3247,8745
3923,3247,8745
3923,3247,8745
3923,3247,8745
3923,3247,8745
3923,3247,8745
3904,3278,8788
3904,3278,8788
3904,3278,8788
3904,3278,8788
3904,3278,8788
3904,3278,8788
3904,3278,8788
3904,3278,8788
3915,3327,8792
3915,3327,8792
3915,3327,8792
3915,3327,8792
3915,3327,8792
3915,3327,8792
3915,3327,8792
3915,3327,8792
3915,3327,8792
3819,3408,8850
3819,3408,8850
3819,3408,8850
3819,3408,8850
3819,3408,8850
3819,3408,8850
3819,3408,8850
3819,3408,8850
3819,3408,8850
3778,3434,8945
3778,3434,8945
3778,3434,8945
3778,3434,8945
3778,3434,8945
3739,3526,8919
3739,3526,8919
3739,3526,8919
3739,3526,8919
3739,3526,8919
3739,3526,8919
3739,3526,8919
3739,3526,8919
3739,3526,8919
3690,3566,8971
3690,3566,8971
3690,3566,8971
3690,3566,8971
3690,3566,8971
3690,3566,8971
3690,3566,8971
3690,3566,8971
3690,3566,8971
3690,3566,8971
3608,3656,9012
3608,3656,9012
3608,3656,9012
3608,3656,9012
3608,3656,9012
3608,3656,9012
3608,3656,9012
3608,3656,9012
3608,3656,9012
3587,3669,9076
3587,3669,9076
3587,3669,9076
3587,3669,9076
3587,3669,9076
3587,3669,9076
3587,3669,9076
3587,3669,9076
3587,3669,9076
3554,3707,9033
3554,3707,9033
3554,3707,9033
3554,3707,9033
3554,3707,9033
3554,3707,9033
3554,3707,9033
3554,3707,9033
3554,3707,9033
3406,3828,9061
3406,3828,9061
3406,3828,9061
3406,3828,9061
3406,3828,9061
3406,3828,9061
3406,3828,9061
3406,3828,9061
3406,3828,9061
3312,3889,9071
3312,3889,9071
3312,3889,9071
3312,3889,9071
3312,3889,9071
3312,3889,9071
3312,3889,9071
3312,3889,9071
3212,3886,9182
3212,3886,9182
3212,3886,9182
3212,3886,9182
3212,3886,9182
3212,3886,9182
3212,3886,9182
3212,3886,9182
3212,3886,9182
3153,3809,9233
3153,3809,9233
3153,3809,9233
3153,3809,9233
3153,3809,9233
3153,3809,9233
3153,3809,9233
3153,3809,9233
3153,3809,9233
3153,3809,9233
3037,3831,9334
3037,3831,9334
3037,3831,9334
3037,3831,9334
3037,3831,9334
3037,3831,9334
3037,3831,9334
3037,3831,9334
3037,3831,9334
3019,3839,9393
3019,3839,9393
3019,3839,9393
3019,3839,9393
3019,3839,9393
3019,3839,9393
3019,3839,9393
3019,3839,9393
3019,3839,9393
2880,3895,9407
2880,3895,9407
2880,3895,9407
2880,3895,9407
2880,3895,9407
2880,3895,9407
2880,3895,9407
2880,3895,9407
2880,3895,9407
2802,3889,9371
2802,3889,9371
2802,3889,9371
2802,3889,9371
2802,3889,9371
2802,3889,9371
2802,3889,9371
2802,3889,9371
2802,3889,9371
2802,3889,9371
2728,3897,9390
2728,3897,9390
2728,3897,9390
2728,3897,9390
2728,3897,9390
2728,3897,9390
2728,3897,9390
2728,3897,9390
2728,3897,9390
2604,3905,9368
2604,3905,9368
2604,3905,9368
2604,3905,9368
2604,3905,9368
2604,3905,9368
2604,3905,9368
2604,3905,9368
2604,3905,9368
2499,3929,9423
2499,3929,9423
2499,3929,9423
2499,3929,9423
2499,3929,9423
2499,3929,9423
2499,3929,9423
2499,3929,9423
2499,3929,9423
2499,3958,9453
2383,3958,9453
2383,3958,9453
2383,3958,9453
2383,3958,9453
2383,3958,9453
2383,3958,9453
2383,3958,9453
2271,3923,9543
2271,3923,9543
2271,3923,9543
2271,3923,9543
2271,3923,9543
2271,3923,9543
2271,3923,9543
2271,3923,9543
2271,3923,9543
2271,3923,9543
2161,3870,9515
2161,3870,9515
2161,3870,9515
2161,3870,9515
2161,3870,9515
2161,3870,9515
2161,3870,9515
2161,3870,9515
2161,3870,9515
2113,3819,9571
2113,3819,9571
2113,3819,9571
2113,3819,9571
2113,3819,9571
2113,3819,9571
2113,3819,9571
2113,3819,9571
2113,3819,9571
2005,3740,9567
2005,3740,9567
2005,3740,9567
2005,3740,9567
2005,3740,9567
2005,3740,9567
2005,3740,9567
2005,3740,9567
2005,3740,9567
2005,3673,9595
2005,3673,9595
2005,3673,9595
2005,3673,9595
2005,3673,9595
2005,3673,9595
2005,3673,9595
2005,3673,9595
2005,3673,9595
2005,3631,9607
1907,3631,9607
1907,3631,9607
1907,3631,9607
1907,3631,9607
1907,3631,9607
1907,3631,9607
1907,3631,9607
1907,3631,9607
1907,3631,9607
1894,3525,9629
1894,3525,9629
1894,3525,9629
1894,3525,9629
1894,3525,9629
1894,3525,9629
1894,3525,9629
1894,3525,9629
1894,3525,9629
1836,3493,9646
1836,3493,9646
1836,3493,9646
1836,3493,9646
1836,3493,9646
1836,3493,9646
1836,3493,9646
1836,3493,9646
1836,3493,9646
1767,3383,9688
1767,3383,9688
1767,3383,9688
1767,3383,9688
1767,3383,9688
1767,3383,9688
1767,3383,9688
1767,3383,9688
1767,3383,9688
1767,3383,9688
1733,3274,9712
1733,3274,9712
1733,3274,9712
1733,3274,9712
1733,3274,9712
1733,3274,9712
1733,3274,9712
1733,3274,9712
1733,3274,9712
1629,3187,9681
1629,3187,9681
1629,3187,9681
1629,3187,9681
1629,3187,9681
1629,3187,9681
1629,3187,9681
1629,3187,9681
1590,3087,9673
1590,3087,9673
1590,3087,9673
1590,3087,9673
1543,2962,9741
1543,2962,9741
1543,2962,9741
1543,2962,9741
1543,2962,9741
1543,2962,9741
1543,2962,9741
1543,2962,9741
1543,2962,9741
1477,2807,9725
1477,2807,9725
1477,2807,9725
1477,2807,9725
1477,2807,9725
1477,2807,9725
1477,2807,9725
1477,2807,9725
1477,2807,9725
1477,2807,9725
1464,2762,9721
1464,2762,9721
1464,2762,9721
1464,2762,9721
1464,2762,9721
1464,2762,9721
1464,2762,9721
1464,2762,9721
1488,2645,9688
1488,2645,9688
1488,2645,9688
1488,2645,9688
1488,2645,9688
1488,2645,9688
1488,2645,9688
1488,2645,9688
1488,2645,9688
1488,2645,9688
1472,2480,9691
1472,2480,9691
1472,2480,9691
1472,2480,9691
1472,2480,9691
1472,2480,9691
1472,2480,9691
1472,2480,9691
1472,2480,9691
1509,2389,9683
1509,2389,9683
1509,2389,9683
1509,2389,9683
1509,2389,9683
1509,2389,9683
1509,2389,9683
1509,2389,9683
1509,2389,9683
1509,2389,9683
1442,2280,9683
1442,2280,9683
1442,2280,9683
1442,2280,9683
1442,2280,9683
1442,2280,9683
1442,2280,9683
1442,2280,9683
1442,2280,9683
1433,2184,9635
1433,2184,9635
1433,2184,9635
1433,2184,9635
1433,2184,9635
1433,2184,9635
1433,2184,9635
1433,2184,9635
1433,2184,9635
1446,2093,9614
1446,2093,9614
1446,2093,9614
1446,2093,9614
1446,2093,9614
1446,2093,9614
1446,2093,9614
1446,2093,9614
1429,2026,9619
1429,2026,9619
1429,2026,9619
1429,2026,9619
1429,2026,9619
1429,2026,9619
1429,2026,9619
1429,2026,9619
1429,2026,9619
1450,1946,9562
1450,1946,9562
1450,1946,9562
1450,1946,9562
1450,1946,9562
1450,1946,9562
1450,1946,9562
1450,1946,9562
1450,1946,9562
1484,1765,9555
1484,1765,9555
1484,1765,9555
1484,1765,9555
1484,1765,9555
1484,1765,9555
1484,1765,9555
1484,1765,9555
1484,1765,9555
1484,1765,9555
1672,1634,9493
1672,1634,9493
1672,1634,9493
1672,1634,9493
1672,1634,9493
1672,1634,9493
1672,1634,9493
1672,1634,9493
1672,1634,9493
1744,1514,9429
1744,1514,9429
1744,1514,9429
1744,1514,9429
1744,1514,9429
1744,1514,9429
1744,1514,9429
1744,1514,9429
1744,1514,9429
1899,1442,9319
1899,1442,9319
1899,1442,9319
1899,1442,9319
1899,1442,9319
1899,1442,9319
1899,1442,9319
1899,1442,9319
1899,1442,9319
2176,1347,9293
2176,1347,9293
2176,1347,9293
2176,1347,9293
2176,1347,9293
2176,1347,9293
2176,1347,9293
2176,1347,9293
2176,1347,9293
2176,1347,9293
2433,1226,9157
2433,1226,9157
2433,1226,9157
2433,1226,9157
2433,1226,9157
2433,1226,9157
2433,1226,9157
2433,1226,9157
2433,1226,9157
2634,1136,9053
2634,1136,9053
2634,1136,9053
2634,1136,9053
2634,1136,9053
2634,1136,9053
2634,1136,9053
2634,1136,9053
2634,1136,9053
2852,1156,9002
2852,1156,9002
2852,1156,9002
2852,1156,9002
2852,1156,9002
2852,1156,9002
2852,1156,9002
2852,1156,9002
2977,1089,8911
2977,1089,8911
2977,1089,8911
2977,1089,8911
2977,1089,8911
2977,1089,8911
2977,1089,8911
2977,1089,8911
2977,1089,8911
3068,1079,8881
3068,1079,8881
3068,1079,8881
3068,1079,8881
3068,1079,8881
3068,1079,8881
3068,1079,8881
3068,1079,8881
3068,1079,8881
3160,1092,8827
3160,1092,8827
3160,1092,8827
3160,1092,8827
3160,1092,8827
3160,1092,8827
3160,1092,8827
3160,1092,8827
3160,1092,8827
3160,1092,8827
3199,1124,8758
3199,1124,8758
3199,1124,8758
3199,1124,8758
3199,1124,8758
3199,1124,8758
3199,1124,8758
3199,1124,8758
3199,1124,8758
3245,1062,8722
3245,1062,8722
3245,1062,8722
3245,1062,8722
3245,1062,8722
3245,1062,8722
3245,1062,8722
3245,1062,8722
3245,1062,8722
3245,1075,8700
3245,1075,8700
3245,1075,8700
3245,1075,8700
3245,1075,8700
3245,1075,8700
3245,1075,8700
3245,1075,8700
3245,1075,8700
3359,1109,8664
3359,1109,8664
3359,1109,8664
3359,1109,8664
3359,1109,8664
3359,1109,8664
3359,1109,8664
3359,1109,8664
3359,1109,8664
3410,1114,8606
3410,1114,8606
3410,1114,8606
3410,1114,8606
3410,1114,8606
3410,1114,8606
3410,1114,8606
3410,1114,8606
3410,1114,8606
3486,1159,8602
3486,1159,8602
3486,1159,8602
3486,1159,8602
3486,1159,8602
3486,1159,8602
3486,1159,8602
3520,1197,8600
3520,1197,8600
3520,1197,8600
3520,1197,8600
3520,1197,8600
3520,1197,8600
3606,1220,8506
3606,1220,8506
3606,1220,8506
3606,1220,8506
3606,1220,8506
3606,1220,8506
3606,1220,8506
3606,1220,8506
3606,1220,8506
3736,1355,8463
3736,1355,8463
3736,1355,8463
3736,1355,8463
3736,1355,8463
3736,1355,8463
3736,1355,8463
3736,1355,8463
3736,1355,8463
3828,1380,8341
3828,1380,8341
3828,1380,8341
3828,1380,8341
3828,1380,8341
3828,1380,8341
3828,1380,8341
3828,1380,8341
3828,1380,8341
3828,1521,8299
3904,1521,8299
3904,1521,8299
3904,1521,8299
3904,1521,8299
3904,1521,8299
3904,1521,8299
3904,1521,8299
3904,1521,8299
3904,1521,8299
4029,1617,8206
4029,1617,8206
4029,1617,8206
4029,1617,8206
4029,1617,8206
4029,1617,8206
4029,1617,8206
4029,1617,8206
4029,1617,8206
4124,1694,8119
4124,1694,8119
4124,1694,8119
4124,1694,8119
4124,1694,8119
4124,1694,8119
4124,1694,8119
4124,1694,8119
4124,1694,8119
4189,1802,8107
4189,1802,8107
4189,1802,8107
4189,1802,8107
4189,1802,8107
4189,1802,8107
4189,1802,8107
4189,1802,8107
4189,1802,8107
4202,1941,8038
4202,1941,8038
4202,1941,8038
4202,1941,8038
4202,1941,8038
4202,1941,8038
4202,1941,8038
4202,1941,8038
4202,1941,8038
4251,2077,7953
4251,2077,7953
4251,2077,7953
4251,2077,7953
4251,2077,7953
4251,2077,7953
4251,2077,7953
4251,2077,7953
4251,2077,7953
4251,2077,7953
4289,2230,7983
4289,2230,7983
4289,2230,7983
4289,2230,7983
4289,2230,7983
4289,2230,7983
4289,2230,7983
4289,2230,7983
4318,2314,7978
4318,2314,7978
4318,2314,7978
4318,2314,7978
4318,2314,7978
4318,2314,7978
4318,2314,7978
4318,2314,7978
4318,2314,7978
4302,2417,8004
4302,2417,8004
4302,2417,8004
4302,2417,8004
4302,2417,8004
4302,2417,8004
4302,2417,8004
4302,2417,8004
4302,2417,8004
4302,2417,8004
4302,2445,8065
4302,2445,8065
4302,2445,8065
4302,2445,8065
4302,2445,8065
4302,2445,8065
4302,2445,8065
4302,2445,8065
4302,2445,8065
4310,2511,8086
4310,2511,8086
4310,2511,8086
4310,2511,8086
4310,2511,8086
4310,2511,8086
4310,2511,8086
4310,2511,8086
4310,2511,8086
4302,2591,8155
4302,2591,8155
4302,2591,8155
4302,2591,8155
4302,2591,8155
4302,2591,8155
4302,2591,8155
4302,2591,8155
4302,2591,8155
4376,2639,8151
4376,2639,8151
4376,2639,8151
4376,2639,8151
4376,2639,8151
4376,2639,8151
4376,2639,8151
4376,2639,8151
4376,2639,8151
4370,2672,8197
4370,2672,8197
4370,2672,8197
4370,2672,8197
4370,2672,8197
4370,2672,8197
4370,2672,8197
4370,2672,8197
4370,2672,8197
4373,2718,8259
4373,2718,8259
4373,2718,8259
4373,2718,8259
4373,2718,8259
4373,2718,8259
4373,2718,8259
4373,2718,8259
4373,2718,8259
4373,2718,8259
4359,2853,8311
4359,2853,8311
4359,2853,8311
4359,2853,8311
4359,2853,8311
4359,2853,8311
4359,2853,8311
4359,2853,8311
4359,2853,8311
4369,2906,8328
4369,2906,8328
4369,2906,8328
4369,2906,8328
4369,2906,8328
4369,2906,8328
4369,2906,8328
4369,2906,8328
4361,3046,8353
4361,3046,8353
4361,3046,8353
4361,3046,8353
4361,3046,8353
4361,3046,8353
4361,3046,8353
4361,3046,8353
4361,3046,8353
4364,3156,8366
4364,3156,8366
4364,3156,8366
4364,3156,8366
4364,3156,8366
4364,3156,8366
4364,3156,8366
4364,3156,8366
4364,3156,8366
4364,3156,8366
4322,3232,8439
4322,3232,8439
4322,3232,8439
4322,3232,8439
4322,3232,8439
4322,3232,8439
4322,3232,8439
4322,3232,8439
4322,3232,8439
4277,3343,8506
4277,3343,8506
4277,3343,8506
4277,3343,8506
4277,3343,8506
4277,3343,8506
4277,3343,8506
4277,3343,8506
4277,3343,8506
4197,3393,8524
4197,3393,8524
4197,3393,8524
4197,3393,8524
4197,3393,8524
4197,3393,8524
4197,3393,8524
4197,3393,8524
4197,3393,8524
4197,3393,8600
4170,3457,8600
4170,3457,8600
4170,3457,8600
4170,3457,8600
4170,3457,8600
4170,3457,8600
4170,3457,8600
4170,3457,8600
4170,3457,8600
4120,3486,8638
4120,3486,8638
4120,3486,8638
4120,3486,8638
4120,3486,8638
4120,3486,8638
4120,3486,8638
4120,3486,8638
4120,3486,8638
4024,3567,8719
4024,3567,8719
4024,3567,8719
4024,3567,8755
3962,3617,8755
3962,3617,8755
3962,3617,8755
3962,3617,8755
3962,3617,8755
3962,3617,8755
3962,3617,8755
3962,3617,8755
3962,3617,8755
3888,3696,8817
3888,3696,8817
3888,3696,8817
3888,3696,8817
3888,3696,8817
3888,3696,8817
3888,3696,8817
3888,3696,8817
3888,3696,8817
3888,3696,8817
3792,3775,8831
3792,3775,8831
3792,3775,8831
3792,3775,8831
3792,3775,8831
3792,3775,8831
3792,3775,8831
3792,3775,8831
3695,3830,8902
3695,3830,8902
3695,3830,8902
3695,3830,8902
3695,3830,8902
3695,3830,8902
3695,3830,8902
3695,3830,8902
3695,3830,8902
3609,3840,8964
3609,3840,8964
3609,3840,8964
3609,3840,8964
3609,3840,8964
3609,3840,8964
3609,3840,8964
3609,3840,8964
3609,3840,8964
3506,3829,9049
3506,3829,9049
3506,3829,9049
3506,3829,9049
3506,3829,9049
3506,3829,9049
3506,3829,9049
3506,3829,9049
3506,3829,9049
3385,3899,9114
3385,3899,9114
3385,3899,9114
3385,3899,9114
3385,3899,9114
3385,3899,9114
3385,3899,9114
3385,3899,9114
3385,3899,9114
3385,3899,9114
3315,3914,9157
3315,3914,9157
3315,3914,9157
3315,3914,9157
3315,3914,9157
3315,3914,9157
3315,3914,9157
3315,3914,9157
3315,3914,9157
3236,3914,9198
3236,3914,9198
3236,3914,9198
3236,3914,9198
3236,3914,9198
3236,3914,9198
3236,3914,9198
3236,3914,9198
3236,3914,9198
3180,3883,9236
3180,3883,9236
3180,3883,9236
3180,3883,9236
3180,3883,9236
3180,3883,9236
3180,3883,9236
3180,3883,9236
3180,3883,9236
3042,3815,9291
3042,3815,9291
3042,3815,9291
3042,3815,9291
3042,3815,9291
3042,3815,9291
3042,3815,9291
3042,3815,9291
3042,3815,9291
2992,3802,9386
2992,3802,9386
2992,3802,9386
2992,3802,9386
2992,3802,9386
2992,3802,9386
2992,3802,9386
2992,3802,9386
2992,3802,9386
2872,3734,9428
2872,3734,9428
2872,3734,9428
2872,3734,9428
2872,3734,9428
2872,3734,9428
2872,3734,9428
2872,3734,9428
2739,3676,9469
2739,3676,9469
2739,3676,9469
2739,3676,9469
2739,3676,9469
2739,3676,9469
2739,3676,9469
2739,3676,9469
2739,3676,9469
2739,3676,9469
2647,3655,9472
2647,3655,9472
2647,3655,9472
2647,3655,9472
2647,3655,9472
2647,3655,9472
2647,3655,9472
2647,3655,9472
2647,3655,9472
2439,3626,9578
2439,3626,9578
2439,3626,9578
2439,3626,9578
2439,3626,9578
2439,3626,9578
2439,3626,9578
2439,3626,9578
2439,3626,9578
2104,3600,9634
2104,3600,9634
2104,3600,9634
2104,3600,9634
2104,3600,9634
2104,3600,9634
2104,3600,9634
2104,3600,9634
2104,3600,9634
2104,3600,9634
1639,3567,9651
1639,3567,9651
1639,3567,9651
1639,3567,9651
1639,3567,9651
1639,3567,9651
1639,3567,9651
1639,3567,9651
1639,3567,9651
1042,3544,9606
1042,3544,9606
1042,3544,9606
1042,3544,9606
1042,3544,9606
1042,3544,9606
1042,3544,9606
1042,3544,9606
1042,3544,9606
638,3541,9593
638,3541,9593
638,3541,9593
638,3541,9593
638,3541,9593
638,3541,9593
638,3541,9593
638,3541,9593
638,3541,9593
316,3512,9414
316,3512,9414
316,3512,9414
316,3512,9414
316,3512,9414
316,3512,9414
316,3512,9414
316,3512,9414
316,3512,9414
26,3369,9369
26,3369,9369
26,3369,9369
26,3369,9369
26,3369,9369
26,3369,9369
26,3369,9369
26,3369,9369
26,3369,9369
-156,3220,9264
-156,3220,9264
-156,3220,9264
-156,3220,9264
-156,3220,9264
-156,3220,9264
-156,3220,9264
-156,3220,9264
-156,3220,9264
-315,3084,9163
-315,3084,9163
-315,3084,9163
-315,3084,9163
-315,3084,9163
-315,3084,9163
-315,3084,9163
-315,3084,9163
-315,3084,9163
-466,2961,9128
-466,2961,9128
-466,2961,9128
-466,2961,9128
-466,2961,9128
-466,2961,9128
-466,2961,9128
-466,2961,9128
-466,2961,9128
-578,2931,9012
-578,2931,9012
-578,2931,9012
-578,2931,9012
-578,2931,9012
-578,2931,9012
-578,2931,9012
-578,2931,9012
-578,2931,9012
-578,2931,9012
-682,2879,8921
-682,2879,8921
-682,2879,8921
-682,2879,8921
-682,2879,8921
-682,2879,8921
-682,2879,8921
-682,2879,8921
-682,2879,8921
-708,2851,8845
-708,2851,8845
-708,2851,8845
-708,2851,8845
-708,2851,8845
-708,2851,8845
-708,2851,8845
-708,2851,8845
-708,2851,8845
-745,2767,8823
-745,2767,8823
-745,2767,8823
-745,2767,8823
-754,2679,8794
-754,2679,8794
-754,2679,8794
-754,2679,8794
-754,2679,8794
-754,2679,8794
-754,2679,8794
-754,2679,8794
-754,2679,8794
-716,2581,8804
-716,2581,8804
-716,2581,8804
-716,2581,8804
-716,2581,8804
-716,2581,8804
-716,2581,8804
-716,2581,8804
-716,2581,8804
-645,2385,8800
-645,2385,8800
-645,2385,8800
-645,2385,8800
-645,2385,8800
-645,2385,8800
-645,2385,8800
-645,2385,8800
-645,2385,8800
-645,2385,8800
-631,2224,8812
-631,2224,8812
-631,2224,8812
-631,2224,8812
-631,2224,8812
-631,2224,8812
-631,2224,8812
-631,2224,8812
-568,2115,8819
-568,2115,8819
-568,2115,8819
-568,2115,8819
-568,2115,8819
-568,2115,8819
-568,2115,8819
-568,2115,8819
-568,2115,8819
-475,1946,8860
-475,1946,8860
-475,1946,8860
-475,1946,8860
-475,1946,8860
-475,1946,8860
-475,1946,8860
-475,1946,8860
-475,1946,8860
-398,1793,8858
-398,1793,8858
-398,1793,8858
-398,1793,8858
-398,1793,8858
-398,1793,8858
-398,1793,8858
-398,1793,8858
-398,1793,8858
-398,1720,8861
-281,1720,8861
-281,1720,8861
-281,1720,8861
-281,1720,8861
-281,1720,8861
-281,1720,8861
-281,1720,8861
-281,1720,8861
-281,1720,8861
-165,1630,8917
-165,1630,8917
-165,1630,8917
-165,1630,8917
-165,1630,8917
-165,1630,8917
-165,1630,8917
-165,1630,8917
-165,1630,8917
-61,1529,8937
-61,1529,8937
-61,1529,8937
-61,1529,8937
-61,1529,8937
-61,1529,8937
-61,1529,8937
-61,1529,8937
-61,1529,8937
12,1445,8949
12,1445,8949
12,1445,8949
12,1445,8949
12,1445,8949
12,1445,8949
12,1445,8949
12,1445,8949
12,1445,8949
166,1363,8950
166,1363,8950
166,1363,8950
166,1363,8950
166,1363,8950
166,1363,8950
166,1363,8950
166,1363,8950
166,1363,8950
296,1273,8982
296,1273,8982
296,1273,8982
296,1273,8982
296,1273,8982
296,1273,8982
296,1273,8982
296,1273,8982
296,1273,8982
419,1229,8913
419,1229,8913
419,1229,8913
419,1229,8913
419,1229,8913
419,1229,8913
419,1229,8913
419,1229,8913
419,1229,8913
528,1148,8971
528,1148,8971
528,1148,8971
528,1148,8971
528,1148,8971
528,1148,8971
528,1148,8971
528,1148,8971
528,1148,8971
578,1146,8954
578,1146,8954
578,1146,8954
578,1146,8954
578,1146,8954
578,1146,8954
578,1146,8954
578,1146,8954
578,1146,8954
701,1141,8923
701,1141,8923
701,1141,8923
701,1141,8923
701,1141,8923
701,1141,8923
701,1141,8923
701,1141,8923
701,1141,8923
897,1126,9018
897,1126,9018
897,1126,9018
897,1126,9018
897,1126,9018
897,1126,9018
897,1126,9018
897,1126,9018
897,1126,9018
957,1124,9058
957,1124,9058
957,1124,9058
957,1124,9058
957,1124,9058
957,1124,9058
957,1124,9058
957,1124,9058
957,1124,9058
957,1124,9058
1004,1137,9057
1004,1137,9057
1004,1137,9057
1004,1137,9057
1004,1137,9057
1004,1137,9057
1004,1137,9057
1004,1137,9057
1004,1137,9057
1108,1161,9032
1108,1161,9032
1108,1161,9032
1108,1161,9032
1108,1161,9032
1108,1161,9032
1108,1161,9032
1108,1161,9032
1108,1161,9032
1239,1228,9085
1239,1228,9085
1239,1228,9085
1239,1228,9085
1239,1228,9085
1239,1228,9085
1239,1228,9085
1239,1228,9085
1239,1228,9085
1458,1256,9188
1458,1256,9188
1458,1256,9188
1458,1256,9188
1458,1256,9188
1458,1256,9188
1458,1256,9188
1458,1256,9188
1458,1256,9188
1591,1353,9189
1591,1353,9189
1591,1353,9189
1591,1353,9189
1591,1353,9189
1591,1353,9189
1591,1353,9189
1591,1353,9189
1591,1353,9189
1809,1484,9237
1809,1484,9237
1809,1484,9237
1809,1484,9237
1809,1484,9237
1809,1484,9237
1809,1484,9237
1809,1484,9237
1809,1484,9216
1983,1544,9216
1983,1544,9216
1983,1544,9216
1983,1544,9216
1983,1544,9216
1983,1544,9216
1983,1544,9216
1983,1544,9216
2186,1562,9171
2186,1562,9171
2186,1562,9171
2186,1562,9171
2186,1562,9171
2186,1562,9171
2186,1562,9171
2186,1562,9171
2186,1562,9171
2186,1562,9171
2264,1724,9204
2264,1724,9204
2264,1724,9204
2264,1724,9204
2264,1724,9204
2264,1724,9204
2264,1724,9204
2264,1724,9204
2264,1724,9204
2264,1724,9204
2328,1941,9223
2328,1941,9223
2328,1941,9223
2328,1941,9223
2328,1941,9223
2314,2085,9228
2314,2085,9228
2314,2085,9228
2314,2085,9228
2314,2085,9228
2314,2085,9228
2314,2085,9228
2314,2085,9228
2332,2172,9223
2332,2172,9223
2332,2172,9223
2332,2172,9223
2332,2172,9223
2332,2172,9223
2332,2172,9223
2332,2172,9223
2332,2172,9223
2294,2306,9279
2294,2306,9279
2294,2306,9279
2294,2306,9279
2294,2306,9279
2294,2306,9279
2294,2306,9279
2294,2306,9279
2294,2306,9279
2281,2320,9330
2281,2320,9330
2281,2320,9330
2281,2320,9330
2281,2320,9330
2281,2320,9330
2281,2320,9330
2281,2320,9330
2281,2320,9330
2250,2394,9375
2250,2394,9375
2250,2394,9375
2250,2394,9375
2250,2394,9375
2250,2394,9375
2250,2394,9375
2250,2394,9375
2250,2394,9375
2217,2513,9375
2217,2513,9375
2217,2513,9375
2217,2513,9375
2217,2513,9375
2217,2513,9375
2217,2513,9375
2217,2513,9375
2214,2596,9438
2214,2596,9438
2214,2596,9438
2214,2596,9438
2214,2596,9438
2214,2596,9438
2214,2596,9438
2214,2596,9438
2214,2596,9438
2244,2645,9455
2244,2645,9455
2244,2645,9455
2244,2645,9455
2244,2645,9455
2244,2645,9455
2244,2645,9455
2244,2645,9455
2244,2645,9455
2244,2645,9455
2216,2718,9516
2216,2718,9516
2216,2718,9516
2216,2718,9516
2216,2718,9516
2216,2718,9516
2216,2718,9516
2216,2718,9516
2252,2838,9492
2252,2838,9492
2252,2838,9492
2252,2838,9492
2252,2838,9492
2252,2838,9492
2252,2838,9492
2252,2838,9492
2252,2838,9492
2252,2838,9492
2181,2966,9538
2181,2966,9538
2181,2966,9538
2181,2966,9538
2181,2966,9538
2181,2966,9538
2181,2966,9538
2181,2966,9538
2181,2966,9538
2181,2966,9538
2162,3046,9536
2162,3046,9536
2162,3046,9536
2162,3046,9536
2162,3046,9536
2162,3046,9536
2162,3046,9536
2162,3046,9536
2162,3046,9536
2126,3187,9572
2126,3187,9572
2126,3187,9572
2126,3187,9572
2126,3187,9572
2126,3187,9572
2126,3187,9572
2126,3187,9572
2126,3187,9572
2099,3292,9548
2099,3292,9548
2099,3292,9548
2099,3292,9548
2099,3292,9548
2099,3292,9548
2099,3292,9548
2099,3292,9548
2099,3292,9548
2036,3381,9577
2036,3381,9577
2036,3381,9577
2036,3381,9577
2036,3381,9577
2036,3381,9577
2036,3381,9577
2036,3381,9577
2036,3381,9577
1962,3377,9607
1962,3377,9607
1962,3377,9607
1962,3377,9607
1962,3377,9607
1962,3377,9607
1962,3377,9607
1962,3377,9607
1962,3377,9607
1893,3453,9609
1893,3453,9609
1893,3453,9609
1893,3453,9609
1893,3453,9609
1893,3453,9609
1893,3453,9609
1893,3453,9609
1893,3453,9609
1832,3532,9606
1832,3532,9606
1832,3532,9606
1832,3532,9606
1832,3532,9606
1832,3532,9606
1832,3532,9606
1832,3532,9606
1832,3532,9606
1748,3578,9594
1748,3578,9594
1748,3578,9594
1748,3578,9594
1748,3578,9594
1748,3578,9594
1748,3578,9594
1748,3578,9594
1748,3578,9594
1618,3621,9597
1618,3621,9597
1618,3621,9597
1618,3621,9597
1618,3621,9597
1618,3621,9597
1618,3621,9597
1618,3621,9597
1618,3621,9597
1515,3697,9578
1515,3697,9578
1515,3697,9578
1515,3697,9578
1515,3697,9578
1515,3697,9578
1515,3697,9578
1515,3697,9578
1515,3697,9578
1423,3732,9535
1423,3732,9535
1423,3732,9535
1423,3732,9535
1423,3732,9535
1423,3732,9535
1423,3732,9535
1423,3732,9535
1423,3732,9535
1374,3743,9544
1374,3743,9544
1374,3743,9544
1374,3743,9544
1374,3743,9544
1374,3743,9544
1374,3743,9544
1374,3743,9544
1374,3743,9544
1374,3743,9544
1301,3829,9516
1301,3829,9516
1301,3829,9516
1301,3829,9516
1301,3829,9516
1301,3829,9516
1301,3829,9516
1301,3829,9516
1301,3829,9516
1301,3829,9516
1218,3867,9492
1218,3867,9492
1218,3867,9492
1218,3867,9492
1218,3867,9492
1218,3867,9492
1218,3867,9492
1218,3867,9492
1218,3867,9499
1196,3873,9499
1196,3873,9499
1196,3873,9499
1196,3873,9499
1196,3873,9499
1196,3873,9499
1196,3873,9499
1196,3873,9499
1096,3899,9464
1096,3899,9464
1096,3899,9464
1096,3899,9464
1096,3899,9464
1096,3899,9464
1096,3899,9464
1096,3899,9464
1096,3899,9464
958,3939,9499
958,3939,9499
958,3939,9499
958,3939,9499
958,3939,9499
958,3939,9499
958,3939,9499
958,3939,9499
958,3939,9499
844,3958,9442
844,3958,9442
844,3958,9442
844,3958,9442
771,3912,9449
771,3912,9449
771,3912,9449
771,3912,9449
771,3912,9449
771,3912,9449
771,3912,9449
771,3912,9449
771,3912,9449
771,3912,9449
653,3898,9431
653,3898,9431
653,3898,9431
653,3898,9431
653,3898,9431
653,3898,9431
653,3898,9431
653,3898,9431
653,3898,9431
540,3863,9403
540,3863,9403
540,3863,9403
540,3863,9403
540,3863,9403
540,3863,9403
540,3863,9403
540,3863,9403
540,3863,9403
455,3828,9391
455,3828,9391
455,3828,9391
455,3828,9391
455,3828,9391
455,3828,9391
455,3828,9391
455,3828,9391
455,3828,9391
408,3817,9365
408,3817,9365
408,3817,9365
408,3817,9365
408,3817,9365
408,3817,9365
408,3817,9365
408,3817,9365
408,3817,9365
408,3817,9365
295,3815,9432
295,3815,9432
295,3815,9432
295,3815,9432
295,3815,9432
295,3815,9432
295,3815,9432
295,3815,9432
295,3815,9432
203,3739,9362
203,3739,9362
203,3739,9362
203,3739,9362
203,3739,9362
203,3739,9362
203,3739,9362
203,3739,9362
164,3693,9342
164,3693,9342
164,3693,9342
164,3693,9342
164,3693,9342
164,3693,9342
164,3693,9342
164,3693,9342
164,3693,9342
89,3669,9352
89,3669,9352
89,3669,9352
89,3669,9352
89,3669,9352
89,3669,9352
89,3669,9352
89,3669,9352
89,3669,9352
-13,3574,9315
-13,3574,9315
-13,3574,9315
-13,3574,9315
-13,3574,9315
-13,3574,9315
-13,3574,9315
-13,3574,9315
-13,3574,9315
-156,3465,9277
-156,3465,9277
-156,3465,9277
-156,3465,9277
-156,3465,9277
-156,3465,9277
-156,3465,9277
-156,3465,9277
-156,3465,9277
-156,3465,9277
-195,3371,9232
-195,3371,9232
-195,3371,9232
-195,3371,9232
-195,3371,9232
-195,3371,9232
-195,3371,9232
-195,3371,9232
-229,3255,9222
-229,3255,9222
-229,3255,9222
-229,3255,9222
-229,3255,9222
-229,3255,9222
-229,3255,9222
-229,3255,9222
-229,3255,9222
-229,3255,9222
-351,3237,9190
-351,3237,9190
-351,3237,9190
-351,3237,9190
-351,3237,9190
-351,3237,9190
-351,3237,9190
-351,3237,9190
-351,3237,9190
-351,3237,9190
-437,3099,9101
-437,3099,9101
-437,3099,9101
-437,3099,9101
-437,3099,9101
-437,3099,9101
-437,3099,9101
-437,3099,9101
-437,3099,9101
-490,3026,9077
-490,3026,9077
-490,3026,9077
-490,3026,9077
-490,3026,9077
-490,3026,9077
-490,3026,9077
-490,3026,9077
-490,3026,9077
-554,2928,9048
-554,2928,9048
-554,2928,9048
-554,2928,9048
-554,2928,9048
-554,2928,9048
-554,2928,9048
-554,2928,9048
-554,2928,9048
-595,2822,9034
-595,2822,9034
-595,2822,9034
-595,2822,9034
-595,2822,9034
-595,2822,9034
-595,2822,9034
-595,2822,9034
-624,2741,9017
-624,2741,9017
-624,2741,9017
-624,2741,9017
-624,2741,9017
-624,2741,9017
-624,2741,9017
-624,2741,9017
-624,2741,9017
-624,2628,8977
-648,2628,8977
-648,2628,8977
-648,2628,8977
-648,2628,8977
-648,2628,8977
-648,2628,8977
-648,2628,8977
-648,2628,8977
-648,2628,8977
-644,2477,8953
-644,2477,8953
-644,2477,8953
-644,2477,8953
-644,2477,8953
-644,2477,8953
-644,2477,8953
-644,2477,8953
-644,2477,8953
-609,2324,8900
-609,2324,8900
-609,2324,8900
-609,2324,8900
-609,2324,8900
-609,2324,8900
-609,2324,8900
-609,2324,8900
-609,2324,8900
-583,2214,8954
-583,2214,8954
-583,2214,8954
-583,2214,8954
-583,2214,8954
-583,2214,8954
-583,2214,8954
-583,2214,8954
-583,2214,8954
-447,2066,8898
-447,2066,8898
-447,2066,8898
-447,2066,8898
-447,2066,8898
-447,2066,8898
-447,2066,8898
-447,2066,8898
-447,2066,8898
-381,1873,8926
-381,1873,8926
-381,1873,8926
-381,1873,8926
-381,1873,8926
-381,1873,8926
-381,1873,8926
-381,1873,8926
-381,1873,8926
-278,1756,8928
-278,1756,8928
-278,1756,8928
-278,1756,8928
-278,1756,8928
-278,1756,8928
-278,1756,8928
-278,1756,8928
-278,1756,8928
-278,1756,8928
-124,1597,8970
-124,1597,8970
-124,1597,8970
-124,1597,8970
-124,1597,8970
-124,1597,8970
-124,1597,8970
-124,1597,8970
-124,1597,8970
74,1465,8999
74,1465,8999
74,1465,8999
74,1465,8999
74,1465,8999
74,1465,8999
74,1465,8999
74,1465,8999
74,1465,8999
139,1395,8991
139,1395,8991
139,1395,8991
139,1395,8991
139,1395,8991
139,1395,8991
139,1395,8991
139,1395,8991
267,1359,9075
267,1359,9075
267,1359,9075
267,1359,9075
267,1359,9075
346,1259,9019
346,1259,9019
346,1259,9019
346,1259,9019
346,1259,9019
346,1259,9019
346,1259,9019
346,1259,9019
346,1259,9019
463,1195,8987
463,1195,8987
463,1195,8987
463,1195,8987
463,1195,8987
463,1195,8987
463,1195,8987
463,1195,8987
463,1195,8987
563,1171,8989
563,1171,8989
563,1171,8989
563,1171,8989
563,1171,8989
563,1171,8989
563,1171,8989
563,1171,8989
563,1171,8989
636,1137,9028
636,1137,9028
636,1137,9028
636,1137,9028
636,1137,9028
636,1137,9028
636,1137,9028
636,1137,9028
636,1137,9028
828,1173,9030
828,1173,9030
828,1173,9030
828,1173,9030
828,1173,9030
828,1173,9030
828,1173,9030
828,1173,9030
828,1173,9030
958,1120,9014
958,1120,9014
958,1120,9014
958,1120,9014
958,1120,9014
958,1120,9014
958,1120,9014
958,1120,9014
958,1120,9014
958,1120,9014
1075,1154,9040
1075,1154,9040
1075,1154,9040
1075,1154,9040
1075,1154,9040
1075,1154,9040
1075,1154,9040
1075,1154,9040
1075,1154,9040
1163,1166,9078
1163,1166,9078
1163,1166,9078
1163,1166,9078
1163,1166,9078
1163,1166,9078
1163,1166,9078
1163,1166,9078
1163,1166,9078
1380,1193,9082
1380,1193,9082
1380,1193,9082
1380,1193,9082
1380,1193,9082
1380,1193,9082
1380,1193,9082
1380,1193,9082
1380,1193,9082
1518,1206,9130
1518,1206,9130
1518,1206,9130
1518,1206,9130
1518,1206,9130
1518,1206,9130
1518,1206,9130
1518,1206,9130
1518,1206,9130
1643,1311,9182
1643,1311,9182
1643,1311,9182
1643,1311,9182
1643,1311,9182
1643,1311,9182
1643,1311,9182
1643,1311,9182
1643,1311,9182
1821,1424,9264
1821,1424,9264
1821,1424,9264
1821,1424,9264
1821,1424,9264
1821,1424,9264
1821,1424,9264
1821,1424,9264
1821,1424,9264
2005,1522,9245
2005,1522,9245
2005,1522,9245
2005,1522,9245
2005,1522,9245
2005,1522,9245
2005,1522,9245
2005,1522,9245
2005,1522,9245
2103,1594,9191
2103,1594,9191
2103,1594,9191
2103,1594,9191
2103,1594,9191
2103,1594,9191
2103,1594,9191
2103,1594,9191
2103,1594,9191
2103,1759,9232
2240,1759,9232
2240,1759,9232
2240,1759,9232
2240,1759,9232
2240,1759,9232
2240,1759,9232
2240,1759,9232
2240,1759,9232
2240,1759,9232
2349,1966,9232
2349,1966,9232
2349,1966,9232
2349,1966,9232
2349,1966,9232
2349,1966,9232
2349,1966,9232
2349,1966,9232
2349,1966,9232
2363,2120,9229
2363,2120,9229
2363,2120,9229
2363,2120,9229
2363,2120,9229
2363,2120,9229
2363,2120,9229
2363,2120,9229
2363,2120,9229
2335,2194,9319
2335,2194,9319
2335,2194,9319
2335,2194,9319
2335,2194,9319
2335,2194,9319
2335,2194,9319
2335,2194,9319
2312,2290,9290
2312,2290,9290
2312,2290,9290
2312,2290,9290
2312,2290,9290
2312,2290,9290
2312,2290,9290
2312,2290,9290
2312,2290,9290
2312,2290,9290
2293,2384,9304
2293,2384,9304
2293,2384,9304
2293,2384,9304
2293,2384,9304
2293,2384,9304
2293,2384,9304
2293,2384,9304
2293,2384,9304
2305,2353,9308
2305,2353,9308
2305,2353,9308
2305,2353,9308
2305,2353,9308
2305,2353,9308
2305,2353,9308
2305,2353,9308
2305,2353,9308
2349,2416,9367
2349,2416,9367
2349,2416,9367
2349,2416,9367
2349,2416,9367
2349,2416,9367
2349,2416,9367
2349,2416,9367
2349,2416,9367
2349,2416,9367
2334,2515,9379
2334,2515,9379
2334,2515,9379
2334,2515,9379
2334,2515,9379
2334,2515,9379
2334,2515,9379
2334,2515,9379
2334,2515,9379
2441,2529,9392
2441,2529,9392
2441,2529,9392
2441,2529,9392
2441,2529,9392
2441,2529,9392
2441,2529,9392
2441,2529,9392
2441,2529,9392
2459,2560,9382
2459,2560,9382
2459,2560,9382
2459,2560,9382
2459,2560,9382
2459,2560,9382
2459,2560,9382
2459,2560,9382
2459,2560,9382
2607,2684,9394
2607,2684,9394
2607,2684,9394
2607,2684,9394
2607,2684,9394
2607,2684,9394
2607,2684,9394
2607,2684,9394
2607,2684,9394
2694,2734,9416
2694,2734,9416
2694,2734,9416
2694,2734,9416
2694,2734,9416
2694,2734,9416
2694,2734,9416
2694,2734,9416
2694,2734,9416
2791,2816,9386
2791,2816,9386
2791,2816,9386
2791,2816,9386
2791,2816,9386
2791,2816,9386
2791,2816,9386
2791,2816,9386
2906,2870,9344
2906,2870,9344
2906,2870,9344
2906,2870,9344
3050,3028,9322
3050,3028,9322
3050,3028,9322
3050,3028,9322
3050,3028,9322
3050,3028,9322
3050,3028,9322
3050,3028,9322
3050,3028,9322
3261,3208,9241
3261,3208,9241
3261,3208,9241
3261,3208,9241
3261,3208,9241
3261,3208,9241
3261,3208,9241
3261,3208,9241
3261,3208,9241
3261,3208,9241
3282,3274,9199
3282,3274,9199
3282,3274,9199
3282,3274,9199
3282,3274,9199
3282,3274,9199
3282,3274,9199
3282,3274,9199
3282,3274,9199
3312,3254,9178
3312,3254,9178
3312,3254,9178
3312,3254,9178
3312,3254,9178
3312,3254,9178
3312,3254,9178
3312,3254,9178
3312,3254,9178
3312,3254,9120
3340,3279,9120
3340,3279,9120
3340,3279,9120
3340,3279,9120
3340,3279,9120
3340,3279,9120
3340,3279,9120
3340,3279,9120
3340,3279,9120
3208,3222,9225
3208,3222,9225
3208,3222,9225
3208,3222,9225
3208,3222,9225
3208,3222,9225
3208,3222,9225
3208,3222,9225
3208,3222,9225
3014,3176,9332
3014,3176,9332
3014,3176,9332
3014,3176,9332
3014,3176,9332
3014,3176,9332
3014,3176,9332
3014,3176,9332
3014,3176,9332
2941,3187,9356
2941,3187,9356
2941,3187,9356
2941,3187,9356
2941,3187,9356
2941,3187,9356
2941,3187,9356
2941,3187,9356
2941,3187,9356
2800,3178,9421
2800,3178,9421
2800,3178,9421
2800,3178,9421
2800,3178,9421
2800,3178,9421
2800,3178,9421
2800,3178,9421
2800,3178,9421
2661,3135,9449
2661,3135,9449
2661,3135,9449
2661,3135,9449
2661,3135,9449
2661,3135,9449
2661,3135,9449
2661,3135,9449
2751,3150,9459
2751,3150,9459
2751,3150,9459
2751,3150,9459
2751,3150,9459
2751,3150,9459
2751,3150,9459
2751,3150,9459
2751,3150,9459
2751,3150,9459
2762,3181,9468
2762,3181,9468
2762,3181,9468
2762,3181,9468
2762,3181,9468
2762,3181,9468
2762,3181,9468
2762,3181,9468
2762,3181,9468
2897,3236,9439
2897,3236,9439
2897,3236,9439
2897,3236,9439
2897,3236,9439
2897,3236,9439
2897,3236,9439
2897,3236,9439
2897,3236,9439
2899,3300,9381
2899,3300,9381
2899,3300,9381
2899,3300,9381
2899,3300,9381
2899,3300,9381
2899,3300,9381
2899,3300,9381
2899,3300,9381
2906,3364,9407
2906,3364,9407
2906,3364,9407
2906,3364,9407
2906,3364,9407
2906,3364,9407
2906,3364,9407
2906,3364,9407
2906,3364,9407
2906,3364,9407
2983,3352,9365
2983,3352,9365
2983,3352,9365
2983,3352,9365
2983,3352,9365
2983,3352,9365
2983,3352,9365
2983,3352,9365
2983,3352,9365
2994,3292,9362
2994,3292,9362
2994,3292,9362
2994,3292,9362
2994,3292,9362
2994,3292,9362
2994,3292,9362
2994,3292,9362
2994,3292,9362
2932,3279,9348
2932,3279,9348
2932,3279,9348
2932,3279,9348
2932,3279,9348
2932,3279,9348
2932,3279,9348
2932,3279,9348
2932,3279,9348
2961,3277,9339
2961,3277,9339
2961,3277,9339
2961,3277,9339
2961,3277,9339
2961,3277,9339
2961,3277,9339
2961,3277,9339
2961,3277,9339
2966,3257,9335
2966,3257,9335
2966,3257,9335
2966,3257,9335
2966,3257,9335
2966,3257,9335
2966,3257,9335
2966,3257,9335
2991,3282,9369
2991,3282,9369
2991,3282,9369
2991,3282,9369
2991,3282,9369
2991,3282,9369
2991,3282,9369
2991,3282,9369
2991,3282,9369
2991,3282,9369
2975,3257,9382
2975,3257,9382
2975,3257,9382
2975,3257,9382
2975,3257,9382
2975,3257,9382
2975,3257,9382
2975,3257,9382
2975,3257,9382
2966,3227,9397
2966,3227,9397
2966,3227,9397
2966,3227,9397
2966,3227,9397
2966,3227,9397
2966,3227,9397
2966,3227,9397
2966,3227,9397
3002,3231,9357
3002,3231,9357
3002,3231,9357
3002,3231,9357
3002,3231,9357
3002,3231,9357
3002,3231,9357
3002,3231,9357
3002,3231,9357
2956,3238,9372
2956,3238,9372
2956,3238,9372
2956,3238,9372
2956,3238,9372
2956,3238,9372
2956,3238,9372
2956,3238,9372
2956,3238,9372
3012,3186,9334
3012,3186,9334
3012,3186,9334
3012,3186,9334
3012,3186,9334
3012,3186,9334
3012,3186,9334
3012,3186,9334
3012,3186,9334
2958,3155,9404
2958,3155,9404
2958,3155,9404
2958,3155,9404
2958,3155,9404
2958,3155,9404
2958,3155,9404
2958,3155,9404
2958,3155,9404
2958,3155,9404
2899,3136,9439
2899,3136,9439
2899,3136,9439
2899,3136,9439
2899,3136,9439
2899,3136,9439
2909,3146,9433
2909,3146,9433
2909,3146,9433
2909,3146,9433
2909,3146,9433
2909,3146,9433
2909,3146,9433
2901,3206,9408
2901,3206,9408
2901,3206,9408
2901,3206,9408
2901,3206,9408
2901,3206,9408
2901,3206,9408
2901,3206,9408
2873,3168,9417
2873,3168,9417
2873,3168,9417
2873,3168,9417
2873,3168,9417
2873,3168,9417
2873,3168,9417
2873,3168,9417
2873,3168,9417
2877,3167,9435
2877,3167,9435
2877,3167,9435
2877,3167,9435
2877,3167,9435
2877,3167,9435
2877,3167,9435
2877,3167,9435
2877,3167,9435
2870,3151,9409
2870,3151,9409
2870,3151,9409
2870,3151,9409
2870,3151,9409
2870,3151,9409
2870,3151,9409
2870,3151,9409
2870,3151,9409
2850,3148,9451
2850,3148,9451
2850,3148,9451
2850,3148,9451
2850,3148,9451
2850,3148,9451
2850,3148,9451
2850,3148,9451
2850,3148,9451
2820,3116,9434
2820,3116,9434
2820,3116,9434
2820,3116,9434
2820,3116,9434
2820,3116,9434
2820,3116,9434
2820,3116,9434
2820,3116,9434
2820,3116,9434
2815,3096,9432
2815,3096,9432
2815,3096,9432
2815,3096,9432
2815,3096,9432
2815,3096,9432
2815,3096,9432
2815,3096,9432
2815,3096,9433
2840,3106,9433
2840,3106,9433
2840,3106,9433
2840,3106,9433
2840,3106,9433
2840,3106,9433
2840,3106,9433
2840,3106,9433
2840,3106,9433
2776,3061,9441
2776,3061,9441
2776,3061,9441
2776,3061,9441
2776,3061,9441
2776,3061,9441
2776,3061,9441
2776,3061,9441
2776,3061,9441
2776,3061,9441
2683,2958,9532
2683,2958,9532
2683,2958,9532
2683,2958,9532
2683,2958,9532
2683,2958,9532
2683,2958,9532
2683,2958,9532
2683,2958,9532
2600,2810,9517
2600,2810,9517
2600,2810,9517
2600,2810,9517
2600,2810,9517
2600,2810,9517
2600,2810,9517
2600,2810,9517
2620,2641,9468
2620,2641,9468
2620,2641,9468
2620,2641,9468
2620,2641,9468
2620,2641,9468
2620,2641,9468
2620,2641,9468
2620,2641,9468
2807,2506,9443
2807,2506,9443
2807,2506,9443
2807,2506,9443
2807,2506,9443
2807,2506,9443
2807,2506,9443
2807,2506,9443
2807,2506,9443
3005,2364,9301
3005,2364,9301
3005,2364,9301
3005,2364,9301
3005,2364,9301
3005,2364,9301
3005,2364,9301
3005,2364,9301
3005,2364,9301
2913,2110,9281
2913,2110,9281
2913,2110,9281
2913,2110,9281
2913,2110,9281
2913,2110,9281
2913,2110,9281
2913,2110,9281
2913,2110,9281
2913,2110,9281
2834,1951,9234
2834,1951,9234
2834,1951,9234
2834,1951,9234
2834,1951,9234
2834,1951,9234
2834,1951,9234
2834,1951,9234
2834,1951,9234
2905,2061,9239
2905,2061,9239
2905,2061,9239
2905,2061,9239
2905,2061,9239
2905,2061,9239
2905,2061,9239
2905,2061,9239
2905,2061,9239
3084,2285,9275
3084,2285,9275
3084,2285,9275
3084,2285,9275
3084,2285,9275
3084,2285,9275
3084,2285,9275
3084,2285,9275
3084,2285,9275
3081,2522,9329
3081,2522,9329
3081,2522,9329
3081,2522,9329
3081,2522,9329
3081,2522,9329
3081,2522,9329
3081,2522,9329
3081,2522,9329
2919,2470,9406
2919,2470,9406
2919,2470,9406
2919,2470,9406
2919,2470,9406
2919,2470,9406
2919,2470,9406
2919,2470,9406
2919,2470,9406
2721,2117,9356
2721,2117,9356
2721,2117,9356
2721,2117,9356
2721,2117,9356
2721,2117,9356
2721,2117,9356
2721,2117,9356
2721,2117,9356
2743,1481,9134
2743,1481,9134
2743,1481,9134
2743,1481,9134
2743,1481,9134
2743,1481,9134
2743,1481,9134
2743,1481,9134
2743,1481,9134
2888,913,8754
2888,913,8754
2888,913,8754
2888,913,8754
2888,913,8754
2888,913,8754
2888,913,8754
2888,913,8754
2888,913,8754
2926,618,8479
2926,618,8479
2926,618,8479
2926,618,8479
2926,618,8479
2926,618,8479
2926,618,8479
2926,618,8479
2926,618,8479
2843,650,8519
2843,650,8519
2843,650,8519
2843,650,8519
2843,650,8519
2843,650,8519
2843,650,8519
2843,650,8519
2843,650,8519
2843,650,8519
2684,983,8942
2684,983,8942
2684,983,8942
2684,983,8942
2684,983,8942
2684,983,8942
2684,983,8942
2684,983,8942
2684,983,8942
2749,1752,9238
2749,1752,9238
2749,1752,9238
2749,1752,9238
2749,1752,9238
2749,1752,9238
2749,1752,9238
2749,1752,9238
2749,1752,9238
3008,2629,9339
3008,2629,9339
3008,2629,9339
3008,2629,9339
3008,2629,9339
3008,2629,9339
3305,3430,9196
3305,3430,9196
3305,3430,9196
3305,3430,9196
3305,3430,9196
3305,3430,9196
3305,3430,9196
3486,4095,8818
3486,4095,8818
3486,4095,8818
3486,4095,8818
3486,4095,8818
3486,4095,8818
3486,4095,8818
3486,4095,8818
3486,4095,8818
3394,4697,8576
3394,4697,8576
3394,4697,8576
3394,4697,8576
3394,4697,8576
3394,4697,8576
3394,4697,8576
3394,4697,8576
3334,5147,8239
3334,5147,8239
3334,5147,8239
3334,5147,8239
3334,5147,8239
3334,5147,8239
3334,5147,8239
3334,5147,8239
3334,5147,8239
3334,5147,8239
3492,5252,7986
3492,5252,7986
3492,5252,7986
3492,5252,7986
3492,5252,7986
3492,5252,7986
3492,5252,7986
3492,5252,7986
3758,5050,7928
3758,5050,7928
3758,5050,7928
3758,5050,7928
3758,5050,7928
3758,5050,7928
3758,5050,7928
3758,5050,7928
3758,5050,7928
3758,5050,7928
3994,4513,8214
3994,4513,8214
3994,4513,8214
3994,4513,8214
3994,4513,8214
3994,4513,8214
3994,4513,8214
3994,4513,8214
3994,4513,8214
3994,4513,8214
4026,3723,8588
4026,3723,8588
4026,3723,8588
4026,3723,8588
4026,3723,8588
4026,3723,8588
4026,3723,8588
4026,3723,8588
4026,3723,8588
3939,2925,8869
3939,2925,8869
3939,2925,8869
3939,2925,8869
3939,2925,8869
3939,2925,8869
3939,2925,8869
3939,2925,8869
3939,2925,8869
3494,2205,8995
3494,2205,8995
3494,2205,8995
3494,2205,8995
3494,2205,8995
3494,2205,8995
3494,2205,8995
3494,2205,8995
3494,2205,8995
3001,1629,9112
3001,1629,9112
3001,1629,9112
3001,1629,9112
3001,1629,9112
3001,1629,9112
3001,1629,9112
3001,1629,9112
3001,1629,9112
2599,1212,9002
2599,1212,9002
2599,1212,9002
2599,1212,9002
2599,1212,9002
2599,1212,9002
2599,1212,9002
2599,1212,9002
2599,1212,9002
2270,931,8869
2270,931,8869
2270,931,8869
2270,931,8869
2270,931,8869
2270,931,8869
2270,931,8869
2270,931,8869
2270,931,8869
2034,747,8765
2034,747,8765
2034,747,8765
2034,747,8765
2034,747,8765
2034,747,8765
2034,747,8765
2034,747,8765
1929,552,8674
1929,552,8674
1929,552,8674
1929,552,8674
1929,552,8674
1929,552,8674
1929,552,8674
1929,552,8674
1929,552,8674
1929,552,8674
2061,463,8563
2061,463,8563
2061,463,8563
2061,463,8563
2061,463,8563
2061,463,8563
2061,463,8563
2061,463,8563
2061,463,8563
2259,445,8495
2259,445,8495
2259,445,8495
2259,445,8495
2259,445,8495
2259,445,8495
2259,445,8495
2259,445,8495
2259,445,8495
2414,555,8646
2414,555,8646
2414,555,8646
2414,555,8646
2414,555,8646
2414,555,8646
2414,555,8646
2414,555,8646
2414,555,8646
2638,864,8834
2638,864,8834
2638,864,8834
2638,864,8834
2638,864,8834
2638,864,8834
2638,864,8834
2638,864,8834
2638,864,8834
2638,864,8834
2808,1351,9049
2808,1351,9049
2808,1351,9049
2808,1351,9049
2808,1351,9049
2808,1351,9049
2808,1351,9049
2808,1351,9049
2808,1351,9049
2951,1979,9307
2951,1979,9307
2951,1979,9307
2951,1979,9307
2951,1979,9307
2951,1979,9307
2951,1979,9307
2951,1979,9307
2951,1979,9307
3043,2697,9336
3043,2697,9336
3043,2697,9336
3043,2697,9336
3043,2697,9336
3043,2697,9336
3043,2697,9336
3043,2697,9336
3043,2697,9336
3122,3444,9279
3122,3444,9279
3122,3444,9279
3122,3444,9279
3122,3444,9279
3122,3444,9279
3122,3444,9279
3122,3444,9279
3122,3444,9279
3256,4011,8964
3256,4011,8964
3256,4011,8964
